TLA NAME,CRASH ROAD,CRASH DIST,CRASH DIRN,INTSN,SIDE ROAD,CRASH ID,CRASH DATE,CRASH DOW,CRASH TIME,MVMT,VEHICLES,CAUSES,OBJECTS STRUCK,ROAD CURVE,ROAD WET,LIGHT,WTHRa,JUNC TYPE,TRAF CTRL,ROAD MARK,SPD LIM,CRASH FATAL CNT,CRASH SEV CNT,CRASH MIN CNT,PERS AGE1,PERS AGE2,EASTING,NORTHING,latitude,longitude
Wellington City,ABEL SMITH ST,15,W, ,CUBA ST,2012472,2/09/00,Sat,855,LB,SE1V,158A 303B 377B 926 ,,R,W,O ,L ,D,N,C,50,0,0,1,,26,1748521,5426845,-41.29618651,174.7739004
Wellington City,ADELAIDE ROAD,, ,I,ALFRED ST,2052267,26/04/00,Wed,1650,EE,CS1VCC,197A 374B 181C 181D ,Q,R,D,O ,F ,T,N,P,50,0,0,0,,,1748989,5426219,-41.30173639,174.7796407
Wellington City,ADELAIDE ROAD,50,N, ,BROOMHEDGE ST,2053076,1/06/00,Thu,2020,CB,CS1,133A 430A ,FJP,R,W,DO,H , ,N,C,50,0,0,0,,,1748928,5425983,-41.30387246,174.7789702
Wellington City,ADELAIDE ROAD,15,S, ,COLOMBO ST,2012067,1/07/00,Sat,1730,NA,VN1E,712B 713B ,,R,D,TO,F , ,N,C,50,0,0,1,35,,1748695,5425059,-41.31223459,174.7764141
Wellington City,ADELAIDE ROAD,20,S, ,DOUGLAS ST,2054510,8/10/00,Sun,1300,LB,CN1V,303B 924 ,,R,W,O ,L ,D,N,C,50,0,0,0,,,1748969,5426144,-41.30241534,174.7794203
Wellington City,ADELAIDE ROAD,, ,I,DOUGLAS ST,2011435,16/03/00,Thu,830,LB,SN1C,158A 303B 377B ,,R,D,O ,F ,T,G,P,50,0,0,1,,27,1748973,5426163,-41.30224354,174.7794634
Wellington City,ADELAIDE ROAD,240,N, ,DOVER ST,2011673,27/02/00,Sun,300,CC,CS1,137A 195A 423A 915 ,P,R,D,DO,F , ,N,C,50,0,0,1,,,1748529,5423527,-41.32605839,174.7748061
Wellington City,ADELAIDE ROAD,100,S, ,DUPPA ST,2052457,15/04/00,Sat,1600,FB,CS1CC,331A 308C 371C 929 ,,M,D,B ,F ,D,N,L,50,0,0,0,,,1748555,5423731,-41.32421691,174.7750668
Wellington City,ADELAIDE ROAD,, ,I,HALL ST,2054391,21/09/00,Thu,2215,HA,CS1C,324A ,,R,D,DO,F ,X,T,C,50,0,0,0,,,1748741,5425246,-41.31054247,174.7769177
Wellington City,ADELAIDE ROAD,, ,I,HALL ST,2011838,25/05/00,Thu,1800,HA,CN1CC,322A 358A ,,R,D,TO,F ,X,T,C,50,0,0,1,,,1748741,5425246,-41.31054247,174.7769177
Wellington City,ADELAIDE ROAD,, ,I,HALL ST,2054067,15/08/00,Tue,1400,HA,CW2VC,322A ,,R,D,O ,F ,X,T,C,50,0,0,0,,,1748741,5425246,-41.31054247,174.7769177
Wellington City,ADELAIDE ROAD,5,S, ,HOSPITAL ROAD,2050450,28/01/00,Fri,1615,FD,CS1C,331A 358A ,,R,D,B ,F ,T,N,P,50,0,0,0,,,1748861,5425719,-41.30626172,174.7782348
Wellington City,ADELAIDE ROAD,, ,I,HOSPITAL ROAD,2011945,7/04/00,Fri,1600,KA,CS1C,302A 387B ,,R,D,O ,F ,T,G,L,50,0,0,2,,,1748863,5425724,-41.30621634,174.7782575
Wellington City,ADELAIDE ROAD,, ,I,HOSPITAL ROAD,2052011,13/05/00,Sat,845,KA,CS1C,302B 375B ,,R,D,O ,F ,T,G,C,50,0,0,0,,,1748863,5425724,-41.30621634,174.7782575
Wellington City,ADELAIDE ROAD,, ,I,HOSPITAL ROAD,2053190,19/07/00,Wed,1930,KA,VS1C,302B ,,R,W,DO,F ,T,G,P,50,0,0,0,,,1748863,5425724,-41.30621634,174.7782575
Wellington City,ADELAIDE ROAD,, ,I,HOSPITAL ROAD,2055811,19/12/00,Tue,1505,JA,CS1C,302B 387B ,,R,D,B ,F ,T,G,N,50,0,0,0,,,1748863,5425724,-41.30621634,174.7782575
Wellington City,ADELAIDE ROAD,200,N, ,JOHN ST,2054082,18/08/00,Fri,1440,MC,VS1C,372B ,,R,D,OF,F , ,N,C,50,0,0,0,,,1748882,5425801,-41.30551957,174.7784655
Wellington City,ADELAIDE ROAD,, ,I,JOHN ST,2053016,8/07/00,Sat,906,LB,CN1C,303A ,,R,D,B ,F ,X,T,C,50,0,0,0,,,1748832,5425608,-41.30726645,174.7779157
Wellington City,ADELAIDE ROAD,, ,I,JOHN ST,2012593,18/10/00,Wed,1550,FC,CN1CE,181A 191B 718C ,,R,D,B ,F ,X,T,C,50,0,0,1,,,1748832,5425608,-41.30726645,174.7779157
Wellington City,ADELAIDE ROAD,, ,I,JOHN ST,2012747,2/11/00,Thu,1630,NB,CS1E,711B 718B ,,E,D,O ,F ,X,T,C,50,0,0,1,31,,1748832,5425608,-41.30726645,174.7779157
Wellington City,ADELAIDE ROAD,, ,I,LUXFORD ST,2012470,29/08/00,Tue,1630,NF,CN1E,307A ,,R,D,O ,F ,T,T,C,50,0,0,1,22,,1748585,5424215,-41.31985374,174.7753068
Wellington City,ADELAIDE ROAD,, ,I,LUXFORD ST,2012742,2/11/00,Thu,1825,FE,CS1CC,102A 331A 427A ,,R,D,O ,F ,T,T,C,50,0,0,2,,,1748585,5424215,-41.31985374,174.7753068
Wellington City,ADELAIDE ROAD,, ,I,LUXFORD ST,2052260,13/05/00,Sat,1232,EC,TN1,385A 820 ,P,R,D,O ,F ,T,T,C,50,0,0,0,,,1748585,5424215,-41.31985374,174.7753068
Wellington City,ADELAIDE ROAD,, ,I,LUXFORD ST,2055580,23/11/00,Thu,1100,AB,CS1C,152A ,,R,D,B ,F ,T,T,C,50,0,0,0,,,1748585,5424215,-41.31985374,174.7753068
Wellington City,ADELAIDE ROAD,20,N, ,OXFORD ST,2054074,18/08/00,Fri,1030,MC,CS1C,372A ,,R,D,O ,F , ,N,C,50,0,0,0,,,1748951,5426072,-41.30306691,174.779223
Wellington City,ADELAIDE ROAD,, ,I,OXFORD ST,2054857,16/10/00,Mon,1215,JA,VS1C,302A ,,R,D,B ,F ,T,G,P,50,0,0,0,,,1748946,5426053,-41.3032389,174.779168
Wellington City,ADELAIDE ROAD,, ,I,OXFORD ST,2053113,3/07/00,Mon,1430,KB,CN1C,302B ,,R,W,O ,L ,T,G,P,50,0,0,0,,,1748946,5426053,-41.3032389,174.779168
Wellington City,ADELAIDE ROAD,, ,I,PALM GROVE,2051220,3/02/00,Thu,125,CB,CS1,410A ,P,R,D,DO,F ,T,N,L,50,0,0,0,,,1748586,5424250,-41.31953843,174.7753102
Wellington City,ADELAIDE ROAD,, ,I,RIDDIFORD ST,2011135,29/01/00,Sat,2100,FE,CN1C,103A 331A 358A ,,R,W,TO,L ,X,T,C,50,0,0,3,,,1748832,5425608,-41.30726645,174.7779157
Wellington City,ADELAIDE ROAD,60,S, ,RUGBY ST,2055307,8/11/00,Wed,1645,EA,BN1M,129A 446B ,M,R,D,B ,F , ,N,C,50,0,0,0,,,1748990,5426226,-41.30167318,174.7796509
Wellington City,ADELAIDE ROAD,80,S, ,RUGBY ST,2054756,22/09/00,Fri,305,JA,CS1C,377A 839 922 ,,R,D,B ,F ,D, ,C,50,0,0,0,,,1748985,5426207,-41.30184517,174.7795959
Wellington City,ADELAIDE ROAD,80,S, ,RUGBY ST,2052970,30/05/00,Tue,1120,MC,CN1V,372A ,,R,W,O ,L , ,N,C,50,0,0,0,,,1748985,5426207,-41.30184517,174.7795959
Wellington City,ADELAIDE ROAD,40,N, ,STOKE ST,2012061,4/07/00,Tue,830,JA,CS1C,308A 839 929 ,C,R,W,O ,L ,D,N,C,50,0,0,1,,,1748660,5424922,-41.31347451,174.7760297
Wellington City,ADELAIDE ROAD,, ,I,STOKE ST,2052068,29/04/00,Sat,50,JA,CS1C,103B 301B ,,R,D,DO,F ,T,S,C,50,0,0,0,,,1748646,5424867,-41.31397228,174.7758759
Wellington City,ADELAIDE ROAD,, ,I,WARIPORI ST,2054392,22/09/00,Fri,1950,JA,VN1C,303B ,,R,D,DO,F ,T,N,C,50,0,0,0,,,1748591,5424338,-41.31874521,174.7753484
Wellington City,ALEXANDRA ROAD,400,S, ,ALEXANDRA LOOKOUT ROAD,2051176,26/03/00,Sun,130,DB,CN1,111A 403A ,C,M,W,DN,F , ,N,C,50,0,0,0,,,1749913,5426315,-41.30070094,174.7906489
Wellington City,ALEXANDRA ROAD,700,S, ,ALEXANDRA LOOKOUT ROAD,2054754,20/09/00,Wed,2159,DA,CS1,111A 403A 692A ,C,M,D,DN,F , ,N,C,50,0,0,0,,,1749778,5426068,-41.30294984,174.7890979
Wellington City,ALEXANDRA ROAD,100,N, ,CONSTABLE ST,2054714,30/07/00,Sun,2050,DA,CN1,111A 517A ,,M,D,DO,F , ,N,C,50,0,0,0,,,1749746,5425047,-41.3121482,174.7889672
Wellington City,ALEXANDRA ROAD,800,N, ,CRAWFORD ROAD,2055302,17/11/00,Fri,2245,DA,CS1,111A ,E,M,D,DO,FS, ,N,C,50,0,0,0,,,1749730,5425685,-41.30640703,174.7886191
Wellington City,ALLEN ST,20,N, ,COURTENAY PLACE,2055366,5/12/00,Tue,1130,EA,CS1T,423A ,M,R,D,B ,F , ,N,N,50,0,0,0,,,1749217,5427125,-41.29353718,174.7821407
Wellington City,ALLEN ST,50,S, ,WAKEFIELD ST,2055744,31/12/00,Sun,350,MO,VW1C,371A ,M,R,D,DO,F , ,N,N,50,0,0,0,,,1749251,5427202,-41.29283763,174.7825278
Wellington City,ALLINGTON ROAD,, ,I,THURLEIGH GROVE,2055422,9/12/00,Sat,1230,DA,CW1,103A 111A ,P,E,W,DO,L ,T,N,C,50,0,0,0,,,1744114,5427676,-41.2895034,174.7210906
Wellington City,ANTHONY ST,40,E, ,BELL ST,2012714,24/11/00,Fri,2000,PA,CW1H,308B 722B ,,M,D,TF,F , ,N,N,50,0,1,0,8,,1754103,5442783,-41.15164637,174.8365178
Wellington City,AOTEA ON NBD,50,W, ,SH 1N,2055399,27/10/00,Fri,1155,FD,CE1CC,331A ,,E,D,O ,F , ,N,N,100,0,0,0,,,1749745,5430517,-41.26289984,174.7876101
Wellington City,AOTEA QUAY,, ,I,AOTEA OFF SBD,2050860,4/03/00,Sat,1130,MC,VS1C,202B 303B ,,R,D,B ,F ,Y,N,C,70,0,0,0,,,1749561,5430076,-41.26690443,174.7855228
Wellington City,AOTEA QUAY,, ,I,AOTEA OFF SBD,2053131,24/07/00,Mon,1400,MC,CS1V,202B 372B ,,R,D,B ,F ,Y,N,L,70,0,0,0,,,1749561,5430076,-41.26690443,174.7855228
Wellington City,AOTEA QUAY,, ,I,AOTEA OFF SBD,2054954,31/10/00,Tue,2005,MC,CS1C,202B 372B ,,R,W,DO,L ,Y,N,L,70,0,0,0,,,1749561,5430076,-41.26690443,174.7855228
Wellington City,AOTEA QUAY,, ,I,AOTEA OFF SBD,2012065,15/06/00,Thu,2250,MC,CS1C,202B 372B 414B ,,R,D,DO,F ,Y,M,C,70,0,1,2,,,1749561,5430076,-41.26690443,174.7855228
Wellington City,AOTEA QUAY,50,N, ,AOTEA ON NBD,2054272,3/08/00,Thu,1730,AC,CS1C,372A ,,M,D,TO,F , ,N,R,70,0,0,0,,,1749535,5430170,-41.26606292,174.7851895
Wellington City,AOTEA QUAY,350,S, ,AOTEA ON NBD,2056202,11/12/00,Mon,1705,AG,CE1CV,177A 372A 181B 191C ,,R,D,O ,F , ,N,R,70,0,0,0,,,1749618,5429780,-41.2695589,174.7862756
Wellington City,AOTEA QUAY,, ,I,AOTEA ON NBD,2054744,2/09/00,Sat,2045,DA,MN1,133A 690A 807 ,,E,W,DO,L ,Y,G,R,70,0,0,0,,,1749546,5430121,-41.26650206,174.7853328
Wellington City,AOTEA QUAY,, ,I,FERRY TERMINAL ACCESS ROA,2052237,29/04/00,Sat,1720,FB,VS2C,331A ,,R,D,O ,F ,Y,G,C,70,0,0,0,,,1749545,5430179,-41.26598004,174.7853066
Wellington City,AOTEA QUAY,, ,A,WATERLOO QUAY,2051394,9/03/00,Thu,1320,DA,CS1,410A ,S,M,D,B ,F , ,N,C,50,0,0,0,,,1749678,5429335,-41.2735543,174.7871009
Wellington City,ARAWA ROAD,, ,I,HOHIRIA ROAD,2050795,23/02/00,Wed,750,JA,CW1C,302B ,,E,D,B ,F ,T,G,P,50,0,0,0,,,1750790,5426528,-41.29861983,174.8010666
Wellington City,ARLINGTON ST,30,W, ,HOPPER ST,2053112,29/06/00,Thu,1505,MO,TW1C,371A ,M,R,D,OF,F , ,N,N,50,0,0,0,,,1748464,5426479,-41.29949226,174.7733092
Wellington City,ARO ST,20,E, ,DEVON ST,2053191,25/07/00,Tue,1040,MC,CW1C,372A ,,E,D,B ,F , ,N,C,50,0,0,0,,,1747929,5426951,-41.29534087,174.7668071
Wellington City,ARO ST,50,E, ,DEVON ST,2011025,6/02/00,Sun,500,EC,CE1X,103A 129A ,I,R,D,DO,F , ,N,R,50,0,0,2,,,1747959,5426948,-41.29536238,174.767166
Wellington City,ARO ST,10,W, ,EPUNI ST,2052193,1/04/00,Sat,1745,MA,CE1CC,373B ,M,R,D,DO,F ,T,N,C,50,0,0,0,,,1747867,5426957,-41.29529821,174.7660655
Wellington City,ATUA ST,15,N, ,BANNISTER AVENUE,2011826,26/04/00,Wed,830,NA,CE1E,378A 713B 834 ,,R,D,O ,F , ,N,C,50,0,0,1,10,,1750750,5434388,-41.22786079,174.7986456
Wellington City,AWA ROAD,250,E, ,NEVAY ROAD,2054281,1/09/00,Fri,1255,BB,TS1C,123A 380B ,,S,D,B ,F , ,N,C,50,0,0,0,,,1753096,5425061,-41.31139331,174.8289657
Wellington City,AWARUA ST,, ,I,ROTHSAY ROAD,2052238,4/06/00,Sun,1620,JA,CW1V,110A 303B 831 ,T,M,W,O ,L ,T,N,C,50,0,0,0,,,1748451,5432631,-41.24410516,174.7716554
Wellington City,BALLANCE ST,30,E, ,LAMBTON QUAY,2052013,4/05/00,Thu,930,MO,CE1X,427A 445A ,,R,D,B ,F , ,N,C,50,0,0,0,,,1748770,5428618,-41.28017754,174.7764398
Wellington City,BANNISTER AVENUE,, ,I,HAUMIA ST,2012416,14/09/00,Thu,1900,HA,CN1C,302A ,,R,D,DO,F ,X,G,C,50,0,0,2,,,1750760,5434378,-41.22794896,174.7987673
Wellington City,BARNARD ST,300,E, ,ANNE ST,2052270,24/04/00,Mon,200,EA,CW1C,331A ,M,M,D,DN,F , ,N,N,50,0,0,0,,,1749613,5430810,-41.26028628,174.7859632
Wellington City,BARNARD ST,40,E, ,LOWER WATT ST,2052965,26/06/00,Mon,1440,DA,CE1,131A ,C,M,W,O ,M , ,N,C,50,0,0,0,,,1749140,5430232,-41.26557772,174.7804609
Wellington City,BAY ROAD,20,N, ,COUTTS ST,2052963,27/06/00,Tue,1850,MA,VN1C,373B ,,R,D,DO,F , ,N,P,50,0,0,0,,,1750183,5424194,-41.31974679,174.7943961
Wellington City,BAY ROAD,100,N, ,COUTTS ST,2013067,16/07/00,Sun,1400,NA,VN1E,383A 711B ,,R,D,O ,F , ,N,C,50,0,0,1,79,,1750205,5424271,-41.31904944,174.7946398
Wellington City,BAY ROAD,30,S, ,RONGOTAI ROAD,2050752,22/02/00,Tue,1630,MO,CN1C,385A 402A ,HM,R,D,B ,F , ,N,C,50,0,0,0,,,1750233,5424369,-41.3181619,174.79495
Wellington City,BAY ROAD,150,S, ,RONGOTAI ROAD,2053765,20/07/00,Thu,1315,MF,CS1C,371A ,,R,D,B ,F , ,N,C,50,0,0,0,,,1750199,5424254,-41.31920361,174.7945724
Wellington City,BELL ROAD,50,S, ,BIDWILL ST,2052235,2/04/00,Sun,45,DB,CN1,103A ,ET,M,D,DN,F , ,N,N,50,0,0,0,,,1748149,5426076,-41.30317855,174.7696465
Wellington City,BIDWILL ST,100,W, ,BROOKLYN ROAD,2012355,20/07/00,Thu,2145,BE,CW1CC,120A 132A ,M,M,W,DO,L , ,N,L,50,0,0,1,,,1748207,5426093,-41.30301484,174.7703349
Wellington City,BOULCOTT ST,10,S, ,CHURCH ST,2011825,26/04/00,Wed,1625,NA,CE1E,378A 711B 833 ,,M,D,B ,F ,Y,N,C,50,0,0,1,,,1748536,5427736,-41.28816167,174.7738621
Wellington City,BOULCOTT ST,30,S, ,CHURCH ST,2052310,24/05/00,Wed,1710,FD,VN1CC,331A ,,R,D,DO,F , ,N,C,50,0,0,0,,,1748547,5427719,-41.28831271,174.7739975
Wellington City,BOULCOTT ST,, ,I,GILMER TERRACE,2054061,11/08/00,Fri,1605,LB,CE1V,303A 902 ,,E,D,B ,F ,T,G,C,50,0,0,0,,,1748567,5427961,-41.28613019,174.7741772
Wellington City,BOULCOTT ST,, ,I,GILMER TERRACE,2054350,5/09/00,Tue,1330,GD,CE1V,331A 358A ,,R,W,O ,L ,T,G,C,50,0,0,0,,,1748567,5427961,-41.28613019,174.7741772
Wellington City,BOWEN ST,10,W, ,LAMBTON QUAY,2012592,18/10/00,Wed,728,NA,CE1E,713B ,,R,D,O ,F ,T,T,C,50,0,0,1,48,,1748818,5428698,-41.27944842,174.7769932
Wellington City,BOWEN ST,, ,I,LAMBTON QUAY,2055697,6/12/00,Wed,1030,HA,CE1CC,324B ,,R,D,B ,F ,X,T,C,50,0,0,0,,,1748819,5428688,-41.27953827,174.7770076
Wellington City,BOWEN ST,, ,I,LAMBTON QUAY,2011799,26/05/00,Fri,1610,NA,BE1E,711B 718B ,,R,D,B ,F ,X,T,R,50,0,0,1,14,,1748819,5428688,-41.27953827,174.7770076
Wellington City,BOWEN ST,50,E, ,THE TERRACE,2054613,12/08/00,Sat,2330,DB,CE1,103A 111A ,,M,D,DO,F , ,N,C,50,0,0,0,,,1748750,5428766,-41.27884871,174.776165
Wellington City,BOWEN ST,, ,I,TINAKORI ROAD,2011814,28/03/00,Tue,1915,NF,CN2EC,307A 372A ,,R,D,DO,F ,Y,T,C,50,0,0,1,32,,1748168,5428780,-41.27882965,174.7692153
Wellington City,BOX HILL,100,S, ,STATION ROAD,2052317,23/05/00,Tue,1650,GD,CN1C,331A 929 ,,R,D,TF,F ,D,N,C,50,0,0,0,,,1750147,5432727,-41.24292767,174.7918629
Wellington City,BRACKEN ROAD,60,S, ,BEAZLEY AVENUE,2054336,17/08/00,Thu,1520,MA,CS1C,373B 831 ,,M,D,O ,F , ,N,C,50,0,0,0,,,1752628,5435452,-41.21792913,174.820776
Wellington City,BRACKEN ROAD,, ,I,CARLUKE ST,2054848,30/09/00,Sat,917,JA,CW1V,303A ,,E,D,O ,L ,T,N,C,50,0,0,0,,,1752593,5435453,-41.21792673,174.8203584
Wellington City,BRAITHWAITE ST,, ,I,LANCASTER ST,2055862,25/12/00,Mon,1230,JA,CE1V,302B ,,R,D,B ,F ,T,G,P,50,0,0,0,,,1746348,5428202,-41.2843656,174.747632
Wellington City,BRANDON ST,5,W, ,CUSTOMHOUSE QUAY,2052871,6/07/00,Thu,1135,MO,CW1C,385A ,M,R,D,B ,F ,T,N,C,50,0,0,0,,,1748871,5428216,-41.28377831,174.7777435
Wellington City,BREAKER BAY ROAD,190,E, ,MOA POINT ROAD,2051835,29/03/00,Wed,1845,BB,CS1C,120A 404A ,,M,D,TO,F , ,N,L,50,0,0,0,,,1752505,5421670,-41.34203498,174.8227597
Wellington City,BRIDGE ST,40,S, ,CAIRNS ST,2012746,3/11/00,Fri,1235,NA,CN1E,713B 727B ,,R,D,O ,F , ,N,C,50,0,1,0,9,,1751114,5424158,-41.31989699,174.8055234
Wellington City,BRITOMART ST,180,W, ,ADELAIDE ROAD,2011973,22/06/00,Thu,1500,NB,VE1E,713B 714B ,,R,D,B ,F , ,N,C,50,0,0,1,12,,1748399,5424133,-41.32062627,174.7731055
Wellington City,BRITOMART ST,15,W, ,STANLEY ST,2050463,14/02/00,Mon,355,EA,CE1C,410A ,M,R,D,DO,F , ,N,C,50,0,0,0,,,1748348,5424136,-41.32060864,174.7724957
Wellington City,BROADWAY,30,W, ,CAVENDISH SQUARE,2050753,27/02/00,Sun,1335,CB,CE1,197A 331A ,P,R,D,O ,F , ,N,C,50,0,0,0,,,1752762,5423629,-41.32434916,174.8253373
Wellington City,BROADWAY,, ,I,CAVENDISH SQUARE,2052192,24/03/00,Fri,1650,MC,VE1T,372B ,,R,D,O ,F ,T,N,P,50,0,0,0,,,1752792,5423625,-41.32437949,174.8256966
Wellington City,BROADWAY,, ,I,MONORGAN ROAD,2055312,3/11/00,Fri,1530,GF,BW1CCC,158B 387B ,,R,D,O ,F ,X,S,N,50,0,0,0,,,1752142,5423554,-41.32514163,174.8179513
Wellington City,BROADWAY,, ,I,TIO TIO ROAD,2011064,11/02/00,Fri,1820,LB,SE1C,303B 375B ,,R,D,B ,F ,T,N,C,50,0,0,2,,38,1752570,5423673,-41.32398937,174.8230332
Wellington City,BRODERICK ROAD,, ,I,GOTHIC ST,2050497,13/01/00,Thu,1100,KA,CE1C,303B 375B ,,R,D,B ,F ,T,N,P,50,0,0,0,,,1751331,5434743,-41.22455611,174.8054865
Wellington City,BRODERICK ROAD,, ,I,HEATH ST,2012924,10/10/00,Tue,815,JA,CW1C,113A ,,E,D,B ,F ,X,G,R,50,0,0,1,,,1751013,5434794,-41.22415635,174.8016817
Wellington City,BROOKER GROVE,10,E, ,ALDER PLACE,2056092,31/10/00,Tue,1535,MO,CS1C,386A ,M,R,D,O ,F ,T,N,N,50,0,0,0,,,1753358,5434683,-41.22471466,174.8296733
Wellington City,BROOKLYN ROAD,50,W, ,BIDWILL ST,2012362,8/07/00,Sat,1020,DA,CW1,504A ,C,M,D,B ,F , ,N,L,50,0,0,1,,,1748075,5426052,-41.30340821,174.7687688
Wellington City,BROOKLYN ROAD,100,W, ,BIDWILL ST,2052986,3/07/00,Mon,1415,DA,CW1,197A ,P,M,W,O ,H , ,N,C,50,0,0,0,,,1748033,5426073,-41.30322685,174.7682623
Wellington City,BROOKLYN ROAD,100,N, ,NAIRN ST S,2011866,5/04/00,Wed,928,GB,SN1C,110A 158A 372B 930 ,,E,D,O ,F ,D,N,C,50,0,0,1,,19,1748096,5426374,-41.30050524,174.7689412
Wellington City,BROOKLYN ROAD,30,E, ,WASHINGTON AVENUE,2012044,18/07/00,Tue,805,FA,CE1C,331A 363A ,,M,W,B ,F , ,N,L,50,0,0,2,,,1747901,5426151,-41.30254878,174.7666673
Wellington City,BROOKLYN ROAD,150,E, ,WASHINGTON AVENUE,2012360,7/08/00,Mon,1950,DA,CE1,111A 132A 403A ,FKP,M,D,DO,F , ,N,L,50,0,0,3,,,1748008,5426132,-41.30270023,174.7679494
Wellington City,BROOKLYN ROAD,200,E, ,WASHINGTON AVENUE,2052263,14/04/00,Fri,2216,DA,CS1,103A 123A ,CI,M,D,DO,F , ,N,R,50,0,0,0,,,1748020,5426084,-41.30313019,174.7681044
Wellington City,BROOKLYN ROAD,50,S, ,WILLIS ST,2011702,19/04/00,Wed,1630,JA,CS1C,308B 377B 926 ,,M,D,O ,F ,D,N,P,50,0,0,1,,,1748156,5426725,-41.29733401,174.7695721
Wellington City,BROUGHAM ST,, ,I,ELLICE ST,2053084,29/06/00,Thu,815,HA,TS1C,321A ,,R,D,O ,F ,X,S,C,50,0,0,0,,,1749299,5426365,-41.3003646,174.7833061
Wellington City,BROUGHAM ST,, ,I,ELLICE ST,2054076,19/08/00,Sat,1530,HA,CS1C,301A ,,R,W,O ,L ,X,S,C,50,0,0,0,,,1749299,5426365,-41.3003646,174.7833061
Wellington City,BROUGHAM ST,, ,I,PIRIE ST,2052326,1/06/00,Thu,0,JC,CW2C,301A 404B ,,E,D,DO,F ,X,S,P,50,0,0,0,,,1749420,5426634,-41.29792029,174.7846846
Wellington City,BUNNY ST,, ,I,FEATHERSTON ST,2050550,22/01/00,Sat,520,CA,CE1,103A 108A 110A 206A ,IS,R,D,DO,F ,X,T,R,50,0,0,0,,,1748998,5428685,-41.27953227,174.7791447
Wellington City,BUNNY ST,20,W, ,WATERLOO QUAY,2050905,9/03/00,Thu,705,JA,CE1C,308B 375B 930 ,,R,D,B ,F ,D,N,C,50,0,0,0,,,1749086,5428616,-41.28013727,174.7802119
Wellington City,BURMA ROAD,200,S, ,HAUMIA ST,2053111,30/06/00,Fri,900,FC,CN1CC,181A ,,R,W,B ,F , ,N,X,50,0,0,0,,,1750746,5434059,-41.23082366,174.7986791
Wellington City,BURMA ROAD,200,S, ,HAUMIA ST,2054124,5/08/00,Sat,1430,BA,CS1V,358A ,,R,D,O ,F , ,N,P,50,0,0,0,,,1750746,5434059,-41.23082366,174.7986791
Wellington City,BURMA ROAD,300,S, ,HAUMIA ST,2052987,12/06/00,Mon,550,DA,CN1,131A 414A ,,E,D,DO,F , ,N,X,50,0,0,0,,,1750712,5433968,-41.23164931,174.7982961
Wellington City,BURMA ROAD,500,S, ,HAUMIA ST,2050741,6/02/00,Sun,1550,EA,CS1C,410A ,M,R,D,O ,F , ,N,P,50,0,0,0,,,1750701,5433768,-41.23345205,174.7982142
Wellington City,BURMA ROAD,, ,I,HAUMIA ST,2052040,30/03/00,Thu,1250,FB,TN1CV,113A 614A 687A ,,R,D,O ,F ,R,G,R,50,0,0,0,,,1750877,5434200,-41.22952976,174.8002066
Wellington City,BURMA ROAD,20,S, ,KIM ST,2052969,19/06/00,Mon,1520,MC,BS1T,372B ,,E,D,B ,F ,T,G,C,50,0,0,0,,,1750358,5432956,-41.24082667,174.7943234
Wellington City,BURMA ROAD,40,S, ,MALDIVE ST,2050866,13/02/00,Sun,618,DA,CN1,102A 410A ,C,M,D,TO,F , ,N,P,50,0,0,0,,,1750595,5433179,-41.23877481,174.7970953
Wellington City,BURMA ROAD,, ,I,RANGOON ST,2051435,24/04/00,Mon,1740,JA,CS1C,303B ,,R,W,O ,HS,T,N,C,50,0,0,0,,,1750525,5433136,-41.23917499,174.796271
Wellington City,BURMA ROAD,, ,I,RANGOON ST,2012927,3/12/00,Sun,1330,JA,CS1CC,309B 377B ,,R,D,B ,F ,T,N,L,50,0,1,1,,,1750525,5433136,-41.23917499,174.796271
Wellington City,CABLE ST,20,E, ,CHAFFERS ST,2054588,11/10/00,Wed,1733,FD,CE1XC,331A ,,R,D,O ,F , ,N,C,50,0,0,0,,,1749371,5427299,-41.2919421,174.7839365
Wellington City,CABLE ST,15,E, ,JERVOIS QUAY,2011168,1/01/00,Sat,255,NA,CS1E,105B 711B 712B ,,E,W,DO,L , ,N,C,50,0,1,0,30,,1748951,5427551,-41.28975085,174.7788611
Wellington City,CABLE ST,20,W, ,TORY ST,2050237,8/01/00,Sat,1537,FD,XE1C,331A 331B ,,R,W,O ,L ,T,T,C,50,0,0,0,,,1749223,5427365,-41.29137525,174.7821535
Wellington City,CALCUTTA ST,5,E, ,ARDROSS AVENUE,2054337,2/09/00,Sat,1940,CC,CE1,133A 801 ,P,R,W,DO,H ,T,N,N,50,0,0,0,,,1749726,5431897,-41.25047861,174.7870446
Wellington City,CAMBRIDGE TERRACE,, ,I,ALPHA ST,2012684,6/08/00,Sun,200,NB,CN1E,105B 711B ,,R,D,DO,F ,T,N,C,50,0,0,1,44,,1749299,5426961,-41.29499857,174.7831599
Wellington City,CAMBRIDGE TERRACE,, ,I,BARKER ST,2052972,5/07/00,Wed,1643,GB,VN1C,172B ,,R,D,TO,F ,T,G,N,50,0,0,0,,,1749129,5426582,-41.2984423,174.7812233
Wellington City,CAMBRIDGE TERRACE,200,S, ,COURTENAY PLACE,2050738,16/01/00,Sun,415,FD,CS1X,331A ,,R,D,DO,F , ,N,R,50,0,0,0,,,1749269,5426895,-41.29559835,174.7828179
Wellington City,CAMBRIDGE TERRACE,, ,I,COURTENAY PLACE,2054090,13/08/00,Sun,1800,HA,CE2C,322A ,,R,D,DO,F ,X,T,N,50,0,0,0,,,1749351,5427078,-41.29393556,174.7837519