TLA NAME,CRASH ROAD,CRASH DIST,CRASH DIRN,INTSN,SIDE ROAD,CRASH ID,CRASH DATE,CRASH DOW,CRASH TIME,MVMT,VEHICLES,CAUSES,OBJECTS STRUCK,ROAD CURVE,ROAD WET,LIGHT,WTHRa,JUNC TYPE,TRAF CTRL,ROAD MARK,SPD LIM,CRASH FATAL CNT,CRASH SEV CNT,CRASH MIN CNT,PERS AGE1,PERS AGE2,EASTING,NORTHING,latitude,longitude
Wellington City,EVANS BAY PARADE,20,S, ,WELLINGTON ROAD,2012383,7/07/00,Fri,1000,MG,SN1V,371B ,,R,D,B ,F ,X,T,C,50,0,0,1,,27,1750299,5424980,-41.31264858,174.7955872
Wellington City,FAIRLIE TERRACE,100,E, ,KELBURN PARADE,2052105,11/04/00,Tue,1615,MO,VE1C,371A 446A 930 ,M,R,D,O ,F ,D,N,N,50,0,0,0,,,1747917,5427293,-41.29226387,174.7665808
Wellington City,FARNHAM ST,50,S, ,HAVELOCK ST,2050551,8/01/00,Sat,34,DB,CN1C,111A ,M,S,D,DO,F , ,N,C,50,0,0,0,,,1747791,5424392,-41.31840603,174.7657813
Wellington City,FEATHERSTON ST,50,S, ,BRANDON ST,2012940,19/12/00,Tue,745,MA,SS1C,372B ,,R,D,B ,F , ,N,C,50,0,0,1,,24,1748779,5428204,-41.28390331,174.7766484
Wellington City,FEATHERSTON ST,, ,I,GREY ST,2055247,29/11/00,Wed,1220,MG,CS1C,371A 427B ,,R,W,O ,L ,X,G,N,50,0,0,0,,,1748741,5428121,-41.2846576,174.7762151
Wellington City,FEATHERSTON ST,20,N, ,HUNTER ST,2052315,15/05/00,Mon,710,EA,CS1T,102A 129A ,M,R,W,O ,L , ,N,C,50,0,0,0,,,1748717,5428067,-41.28514821,174.7759418
Wellington City,FEATHERSTON ST,, ,I,JOHNSTON ST,2052967,27/06/00,Tue,2340,HA,CS1C,322A ,,R,D,DO,F ,X,T,C,50,0,0,0,,,1748828,5428312,-41.28292191,174.7772068
Wellington City,FEATHERSTON ST,10,S, ,PANAMA ST,2050489,21/01/00,Fri,1514,MA,CS1C,331A ,,R,D,B ,F ,X,T,C,50,0,0,0,,,1748766,5428176,-41.2841578,174.7765
Wellington City,FEATHERSTON ST,, ,I,PANAMA ST,2054126,1/08/00,Tue,1315,GB,CS1C,373A ,,R,D,B ,F ,X,T,C,50,0,0,0,,,1748770,5428185,-41.28407604,174.7765456
Wellington City,FEATHERSTON ST,, ,I,PANAMA ST,2053115,19/05/00,Fri,1147,HA,CS1C,103A 113A 303A 845 ,,R,D,O ,FS,X,T,N,50,0,0,0,,,1748770,5428185,-41.28407604,174.7765456
Wellington City,FEATHERSTON ST,, ,I,WHITMORE ST,2011253,22/02/00,Tue,2000,HA,CW2C,322A ,,R,D,TO,F ,X,T,R,50,0,0,3,,,1748923,5428522,-41.28101367,174.7782894
Wellington City,FEATHERSTON ST,, ,I,WHITMORE ST,2052279,18/04/00,Tue,1550,GE,BS1C,173A 300A ,,R,D,O ,F ,X,T,C,50,0,0,0,,,1748923,5428522,-41.28101367,174.7782894
Wellington City,FERRY ST,, ,I,TIO TIO ROAD,2050474,7/02/00,Mon,1550,HA,CS1C,309A 400A 843 853 ,,R,D,B ,F ,X,G,P,50,0,0,0,,,1753071,5423850,-41.32230087,174.828972
Wellington City,FINDLAY ST,, ,A,GEE ST,2052348,24/05/00,Wed,1235,BC,CN1C,111A 121A ,,M,D,B ,F ,T,N,C,50,0,0,0,,,1753782,5442591,-41.15343593,174.8327423
Wellington City,FITZPATRICK ST,, ,I,SLOANE TERRACE,2055612,12/11/00,Sun,1415,DB,CS1,111A ,P,M,D,B ,F ,T,N,C,50,0,0,0,,,1752188,5434914,-41.2228558,174.8156636
Wellington City,FREYBERG ST,50,S, ,WHA ST,2052960,31/05/00,Wed,1045,GE,TN1V,387A 372B 929 ,,R,D,B ,F ,D,N,C,50,0,0,0,,,1750093,5423477,-41.32621892,174.7934983
Wellington City,FREYBERG ST,100,S, ,WHA ST,2012685,30/09/00,Sat,1300,NA,XN1ET,712B 713B 444C ,,R,W,O ,L , ,N,C,50,0,0,1,14,,1750091,5423427,-41.32666946,174.7934868
Wellington City,FREYBERG ST,200,S, ,WHA ST,2052231,3/04/00,Mon,1320,GB,CS1V,158A 929 ,,R,D,B ,F ,D,N,P,50,0,0,0,,,1750087,5423328,-41.32756153,174.7934635
Wellington City,FREYBERG ST,, ,I,WHA ST,2053125,24/07/00,Mon,845,BB,CN1C,124A 363A ,,R,D,B ,F ,X,G,C,50,0,0,0,,,1750094,5423527,-41.32576857,174.7934979
Wellington City,FRIEND ST,20,E, ,PARKVALE ROAD,2051208,18/03/00,Sat,1125,MG,CE1C,371B 817 820 ,,R,D,B ,F ,T,G,C,50,0,0,0,,,1745449,5428404,-41.28270932,174.736853
Wellington City,FROBISHER ST,, ,I,ROBERTSON ST,2053075,1/06/00,Thu,1700,HA,CE1CC,303A ,,R,W,O ,L ,X,N,C,50,0,0,0,,,1747525,5421567,-41.34388947,174.7632906
Wellington City,GARDEN ROAD,400,W, ,GLENMORE ST,2050851,16/02/00,Wed,1900,BC,CN1X,121A ,,M,D,O ,F , ,N,N,50,0,0,0,,,1747520,5428418,-41.28220756,174.761569
Wellington City,GHUZNEE ST,10,E, ,CUBA ST,2051171,10/03/00,Fri,1450,FD,CE1CC,331A ,,R,D,B ,F ,T,T,C,50,0,0,0,,,1748690,5427162,-41.2933013,174.7758405
Wellington City,GHUZNEE ST,10,W, ,CUBA ST,2053127,4/07/00,Tue,950,AA,VE1T,120A 120B ,,R,D,O ,F ,T,T,C,50,0,0,0,,,1748672,5427170,-41.29323259,174.7756237
Wellington City,GHUZNEE ST,50,W, ,CUBA ST,2056172,18/12/00,Mon,124,CC,CE1,414A ,S,R,D,DO,F , ,N,C,50,0,0,0,,,1748635,5427186,-41.29309535,174.7751781
Wellington City,GHUZNEE ST,50,W, ,CUBA ST,2012740,2/11/00,Thu,1630,NA,CE1E,711B ,,R,D,B ,F , ,N,C,50,0,1,0,57,,1748635,5427186,-41.29309535,174.7751781
Wellington City,GHUZNEE ST,50,W, ,CUBA ST,2051417,15/03/00,Wed,1130,EE,TE1C,129A 520B ,Q,R,D,B ,F , ,N,C,50,0,0,0,,,1748635,5427186,-41.29309535,174.7751781
Wellington City,GHUZNEE ST,, ,I,CUBA ST,2054302,11/09/00,Mon,1100,KB,VE1C,322B 359B ,,R,D,B ,F ,T,T,C,50,0,0,0,,,1748681,5427166,-41.29326695,174.7757321
Wellington City,GHUZNEE ST,, ,I,EGMONT ST,2054075,16/08/00,Wed,1200,EE,CE1V,374B ,Q,R,D,BF,F ,T,N,C,50,0,0,0,,,1748799,5427110,-41.2937494,174.7771544
Wellington City,GHUZNEE ST,25,W, ,LEEDS ST,2054394,20/09/00,Wed,1100,FA,TE1C,331A 902 ,,R,D,B ,F , ,N,C,50,0,0,0,,,1748732,5427143,-41.29346463,174.7763465
Wellington City,GHUZNEE ST,, ,I,MARION ST,2054073,16/08/00,Wed,1235,GC,CE1V,158A 171B ,,R,D,O ,F ,T,G,X,50,0,0,0,,,1748769,5427126,-41.29361087,174.7767924
Wellington City,GHUZNEE ST,, ,I,MARION ST,2054830,24/10/00,Tue,1430,GC,TE1C,171A ,,R,D,B ,F ,T,G,X,50,0,0,0,,,1748769,5427126,-41.29361087,174.7767924
Wellington City,GHUZNEE ST,, ,I,MARION ST,2055315,30/10/00,Mon,1400,JC,CN2V,302A ,,R,D,B ,F ,T,G,C,50,0,0,0,,,1748769,5427126,-41.29361087,174.7767924
Wellington City,GHUZNEE ST,, ,I,TARANAKI ST,2011165,15/01/00,Sat,950,DB,ME1,402A ,I,R,D,B ,F ,T,T,R,50,0,0,1,,,1748866,5427080,-41.29400714,174.7779616
Wellington City,GHUZNEE ST,, ,I,TARANAKI ST,2052454,25/03/00,Sat,2220,JA,XN1C,322A 351A ,,R,D,DO,F ,T,T,R,50,0,0,0,,,1748866,5427080,-41.29400714,174.7779616
Wellington City,GHUZNEE ST,20,E, ,VICTORIA ST,2050449,2/02/00,Wed,1400,EA,TE1TC,385A 403A ,M,R,D,O ,F , ,N,C,50,0,0,0,,,1748551,5427224,-41.29276868,174.774166
Wellington City,GHUZNEE ST,20,W, ,VICTORIA ST,2050274,22/01/00,Sat,125,AA,TE1X,350A 372A ,,R,D,DO,F , ,N,C,50,0,0,0,,,1748514,5427241,-41.29262243,174.7737202
Wellington City,GHUZNEE ST,30,W, ,VICTORIA ST,2052077,13/05/00,Sat,1230,AA,CE1C,177A 387A ,,R,D,O ,F , ,N,C,50,0,0,0,,,1748505,5427245,-41.29258807,174.7736118
Wellington City,GHUZNEE ST,, ,I,VICTORIA ST,2055746,8/12/00,Fri,1610,FA,CE1X,331A ,,R,D,B ,F ,X,T,R,50,0,0,0,,,1748533,5427232,-41.29269997,174.7739492
Wellington City,GHUZNEE ST,, ,I,VICTORIA ST,2012865,18/11/00,Sat,2230,HA,XS2C,322B 351B ,,R,D,DO,F ,X,T,P,50,0,0,1,,,1748533,5427232,-41.29269997,174.7739492
Wellington City,GHUZNEE ST,, ,I,VICTORIA ST,2054737,12/05/00,Fri,2300,KB,XS2C,103B 303B ,,R,W,DO,L ,X,T,C,50,0,0,0,,,1748533,5427232,-41.29269997,174.7739492
Wellington City,GHUZNEE ST,, ,I,VICTORIA ST,2012195,1/08/00,Tue,715,HA,CS2VC,322A 351A ,,R,D,O ,F ,X,T,R,50,0,0,1,,,1748533,5427232,-41.29269997,174.7739492
Wellington City,GHUZNEE ST,, ,I,VICTORIA ST,2054520,26/09/00,Tue,630,HA,CS2C,322A ,S,R,W,O ,H ,X,T,C,50,0,0,0,,,1748533,5427232,-41.29269997,174.7739492
Wellington City,GHUZNEE ST,, ,I,WILLIS ST,2012088,20/06/00,Tue,1554,NB,CE1E,324A 711B ,,R,D,O ,F ,M,T,C,50,0,0,1,64,,1748446,5427272,-41.29235583,174.7729009
Wellington City,GILMER TERRACE,30,N, ,BOULCOTT ST,2053010,12/06/00,Mon,1720,QD,TN1,428A ,P,E,D,B ,F , ,N,C,50,0,0,0,,,1748578,5427989,-41.28587607,174.7743017
Wellington City,GIPPS ST,30,E, ,SHIRLEY ST,2012449,9/09/00,Sat,1150,NA,CW1E,382A ,,R,D,O ,F , ,N,N,50,0,1,0,89,,1746241,5427849,-41.28756326,174.7464396
Wellington City,GLASGOW ST,, ,I,KELBURN PARADE,2054342,7/09/00,Thu,900,JC,XE1C,303A ,,S,D,O ,F ,Y,G,C,50,0,0,0,,,1747997,5427602,-41.28946713,174.7674607
Wellington City,GLASGOW ST,, ,I,RAWHITI TERRACE,2052971,3/06/00,Sat,930,DA,CE1,103A ,F,E,D,B ,F ,T,G,L,50,0,0,0,,,1747963,5427805,-41.28764565,174.7670055
Wellington City,GLASGOW ST,200,S, ,UPLAND ROAD,2012366,22/08/00,Tue,1015,MA,MS1C,373A ,,E,D,O ,L , ,N,C,50,0,0,2,,,1747980,5427733,-41.28829079,174.7672259
Wellington City,GLENMORE ST,50,N, ,CRIEFF ST,2013086,17/12/00,Sun,225,CC,CS1C,103A ,M,R,D,DO,F , ,N,C,50,0,0,1,,,1747402,5428134,-41.28478612,174.7602293
Wellington City,GLENMORE ST,30,E, ,KARORI TUNNEL,2052054,25/03/00,Sat,2230,DB,CE1CC,111A 402A ,M,M,D,DO,F , ,N,C,50,0,0,0,,,1747081,5427843,-41.28746469,174.756468
Wellington City,GLENMORE ST,300,S, ,KILMISTER AVENUE,2011145,24/01/00,Mon,1300,FD,CS1C,181A ,,R,D,B ,F , ,N,C,50,0,1,0,,,1747772,5428463,-41.28175633,174.7645659
Wellington City,GRAFTON ROAD,200,S, ,MAIDA VALE ROAD,2052361,9/04/00,Sun,730,BO,CN1C,111A 378A 111B 378B ,,M,D,O ,F , , ,C,50,0,0,0,,,1750867,5427531,-41.28957512,174.8017373
Wellington City,GRANT ROAD,, ,I,PARK ST,2053019,29/06/00,Thu,1750,KC,BS1C,301B ,,E,D,DO,F ,T,S,C,50,0,0,0,,,1748787,5429651,-41.27087383,174.7763905
Wellington City,GRANT ROAD,70,S, ,POPLAR GROVE,2054345,25/08/00,Fri,1840,EA,CS1C,358A ,M,R,D,DO,F , ,N,C,50,0,0,0,,,1748408,5429241,-41.27463498,174.7719675
Wellington City,GROSVENOR TERRACE,50,E, ,GRANT ROAD,2055598,30/11/00,Thu,837,FE,VW1CC,351A ,,M,D,B ,F , ,N,C,50,0,0,0,,,1749068,5430055,-41.26718462,174.779645
Wellington City,GROSVENOR TERRACE,100,N, ,GRANT ROAD,2053073,30/05/00,Tue,1550,LB,VS1C,303A 831 929 ,P,M,W,O ,L ,D,N,C,50,0,0,0,,,1749105,5430088,-41.26688068,174.7800785
Wellington City,GROSVENOR TERRACE,20,S, ,LOWER WATT ST,2053982,1/08/00,Tue,1030,QD,VS1C,428A ,M,R,D,O ,F , ,N,C,50,0,0,0,,,1749097,5430196,-41.26590978,174.7799566
Wellington City,GURKHA CRESCENT,50,N, ,MADRAS ST,2053970,26/07/00,Wed,1500,QD,TS1,428A 929 ,F,E,D,O ,F ,D,N,N,50,0,0,0,,,1750936,5432673,-41.24326696,174.8012878
Wellington City,HALIFAX ST,50,E, ,QUEBEC ST,2050791,19/02/00,Sat,500,DB,CS1C,101A 131A ,FM,M,D,DO,F , ,N,C,50,0,0,0,,,1747639,5423767,-41.32406103,174.7641179
Wellington City,HALL ST,10,W, ,ADELAIDE ROAD,2054855,10/10/00,Tue,1330,QD,CE1VC,428A ,M,R,D,B ,F ,X,T,C,50,0,0,0,,,1748731,5425248,-41.31052631,174.7767978
Wellington City,HALSWATER DRIVE,, ,I,ABILENE CRESCENT,2054828,10/10/00,Tue,1205,KB,VE1C,303B ,,R,D,B ,F ,T,G,P,50,0,0,0,,,1751436,5436670,-41.20718689,174.8062611
Wellington City,HALSWATER DRIVE,, ,I,WESTCHESTER DRIVE,2050492,24/01/00,Mon,1710,JA,VS2C,302B 813 817 853 ,,R,D,O ,F ,T,G,N,50,0,0,0,,,1751176,5436740,-41.20660524,174.8031441
Wellington City,HAMILTON ROAD,, ,I,GOA ST,2052037,7/05/00,Sun,1540,JA,CN1C,301B 375B ,,E,W,O ,H ,T,S,C,50,0,0,0,,,1750123,5425382,-41.30906201,174.7933863
Wellington City,HAMILTON ROAD,30,N, ,WELLINGTON ROAD,2011488,17/02/00,Thu,825,GC,SS1C,303B 372B 929 ,,E,W,O ,L ,D,N,L,50,0,0,1,,37,1750130,5425077,-41.31180673,174.7935452
Wellington City,HANIA ST,100,S, ,PIRIE ST,2011563,15/03/00,Wed,2040,NB,CS1E,105B 711B 714B ,M,R,D,DO,F , ,N,N,50,0,0,1,29,,1749248,5426601,-41.29824923,174.7826393
Wellington City,HANSON ST,20,S, ,DRUMMOND ST,2054806,5/10/00,Thu,1725,BA,CS1V,382A 818 ,,R,D,B ,F ,T,N,N,50,0,0,0,,,1748794,5425847,-41.30512165,174.7774035
Wellington City,HANSON ST,, ,I,DRUMMOND ST,2052358,4/04/00,Tue,1345,DB,CW2V,111A 128A ,,R,W,O ,L ,T,N,N,50,0,0,0,,,1748798,5425867,-41.30494084,174.7774464
Wellington City,HAPPY VALLEY ROAD,200,N, ,LANDFILL ROAD,2054522,12/10/00,Thu,1945,JA,TN1C,308A 929 ,,R,D,TO,L ,D,N,C,70,0,0,0,,,1747047,5423095,-41.33021956,174.7572099
Wellington City,HAPPY VALLEY ROAD,50,N, ,OWHIRO BAY PARADE,2053069,20/06/00,Tue,1712,QD,CS1C,428A ,M,E,D,TO,F , ,N,C,50,0,0,0,,,1747204,5421550,-41.34410124,174.7594597
Wellington City,HATAITAI ROAD,120,N, ,HUIA ROAD,2052628,25/05/00,Thu,2020,BC,CN1C,121A ,,M,D,DO,F , ,N,P,50,0,0,0,,,1750557,5426347,-41.30029294,174.7983297
Wellington City,HATAITAI ROAD,40,S, ,KONINI ROAD,2052095,15/04/00,Sat,620,DB,CN1C,112A 331A ,M,E,W,DO,F , ,N,C,50,0,0,0,,,1750329,5426089,-41.3026583,174.7956713
Wellington City,HATAITAI ROAD,, ,I,KONINI ROAD,2053103,1/06/00,Thu,1755,JA,CN1C,303B 839 ,,R,W,DO,F ,T,N,C,50,0,0,0,,,1750364,5426110,-41.30246271,174.796084
Wellington City,HATAITAI ROAD,100,S, ,RAKAU ROAD,2055578,21/11/00,Tue,855,MA,CS1C,373B ,,E,D,B ,F , ,N,C,50,0,0,0,,,1750636,5426510,-41.29881065,174.7992325
Wellington City,HATAITAI ROAD,100,S, ,RAKAU ROAD,2056128,30/10/00,Mon,145,DB,CS1CC,103A 111A ,EFM,M,W,DO,L , ,N,C,50,0,0,0,,,1750636,5426510,-41.29881065,174.7992325
Wellington City,HATAITAI ROAD,150,S, ,RAKAU ROAD,2055412,21/10/00,Sat,2215,DB,CS1C,101A 111A ,M,E,D,DO,F , ,N,C,50,0,0,0,,,1750616,5426466,-41.29921053,174.7990046
Wellington City,HATAITAI ROAD,180,S, ,RAKAU ROAD,2054517,4/10/00,Wed,2305,DA,CN1C,103A ,M,M,D,DO,F , ,N,C,50,0,0,0,,,1750608,5426437,-41.29947312,174.7989163
Wellington City,HAWKESTONE OFF SBD,, ,I,HAWKESTONE ST,2055343,15/09/00,Fri,1930,DB,CS1,111A 350A ,I,E,D,DO,F ,T,G,R,50,0,0,0,,,1748697,5429207,-41.27488794,174.7754248
Wellington City,HAWKESTONE ST,, ,I,HAWKESTONE OFF SBD,2055549,1/12/00,Fri,2145,JA,CE1C,302B ,,R,D,DO,F ,T,G,R,50,0,0,0,,,1748697,5429207,-41.27488794,174.7754248
Wellington City,HINEMOA ST,20,E, ,WATERLOO QUAY,2052230,4/03/00,Sat,1820,MF,CW1V,103A 371A ,,E,D,O ,F , ,N,N,50,0,0,0,,,1749421,5428978,-41.27681611,174.7841214
Wellington City,HINEMOA ST,60,E, ,WATERLOO QUAY,2012743,24/08/00,Thu,830,DB,CW1,104A 410A ,IP,M,D,B ,F , ,N,R,50,0,0,1,,,1749452,5428953,-41.27703546,174.7844975
Wellington City,HINEMOA ST,20,S, ,WATERLOO QUAY,2050806,3/03/00,Fri,1220,AC,TN1C,372A ,,R,D,B ,F ,T,T,R,50,0,0,0,,,1749428,5428972,-41.27686884,174.7842064
Wellington City,HOBART ST,50,S, ,MIRAMAR AVENUE,2055576,24/11/00,Fri,1630,MC,MS1C,373B ,,R,D,B ,F , ,N,C,50,0,0,0,,,1752025,5424472,-41.31689876,174.8163244
Wellington City,HOBSON ST,, ,I,FITZHERBERT TERRACE,2052052,27/03/00,Mon,1650,EO,CE2C,331A 446B ,Q,R,D,O ,F ,T,N,C,50,0,0,0,,,1749101,5429584,-41.27141916,174.780154
Wellington City,HOLLOWAY ROAD,100,N, ,ARO ST,2054276,7/09/00,Thu,1745,BB,VN1C,129A 110B 800 ,,M,W,O ,L , ,N,N,50,0,0,0,,,1747365,5427140,-41.29374238,174.7600282
Wellington City,HOPPER ST,50,S, ,ARLINGTON ST,2050867,2/03/00,Thu,740,GE,CS1C,160A 929 ,,R,D,B ,F ,D,N,C,50,0,0,0,,,1748471,5426421,-41.30001317,174.7734069
Wellington City,HOPPER ST,30,N, ,HANKEY ST,2054121,4/08/00,Fri,1715,EA,CS1CC,330A ,M,R,D,TO,F , ,N,C,50,0,0,0,,,1748432,5426329,-41.30084866,174.7729637
Wellington City,HOROKIWI ROAD,2600,N, ,SH 2,2055621,7/12/00,Thu,2045,DB,CN1,103A 111A ,C,S,D,TN,F , ,N,C,100,0,0,0,,,1755006,5435974,-41.2127775,174.848998
Wellington City,HOROKIWI ROAD WEST,100,W, ,COLCHESTER CRESCENT,2012613,18/08/00,Fri,2000,BF,CW1CC,412A ,M,E,W,DO,L , ,N,C,50,0,0,1,,,1753309,5434962,-41.22221203,174.829019
Wellington City,HOUGHTON BAY ROAD,150,W, ,HORNSEY ROAD,2012304,12/06/00,Mon,815,BC,CW1C,121A ,,M,D,B ,F , ,N,C,50,0,0,1,,,1749425,5422914,-41.33141188,174.7856584
Wellington City,HOUGHTON BAY ROAD,, ,I,HORNSEY ROAD,2012357,6/08/00,Sun,1435,BC,CN1C,132A 420A ,,M,D,B ,F ,T,G,L,50,0,0,3,,,1749542,5422847,-41.33199341,174.7870724
Wellington City,HOUGHTON BAY ROAD,600,S, ,VIEW ROAD,2011170,30/01/00,Sun,111,BF,CS1C,111A 402A ,,M,W,B ,F , ,N,X,50,0,0,2,,,1749539,5422225,-41.33759403,174.7871897
Wellington City,HUDSON ST,20,S, ,VOLGA ST,2054273,6/09/00,Wed,1150,BC,TN1C,386A 818 ,,M,D,B ,F , ,N,N,50,0,0,0,,,1748861,5422655,-41.3338481,174.7789851
Wellington City,HUTCHISON ROAD,100,N, ,FINNIMORE TERRACE,2052261,11/05/00,Thu,1220,DA,CS1,111A ,EFT,M,D,O ,F , ,N,C,50,0,0,0,,,1748361,5425210,-41.31093657,174.7723889
Wellington City,HUTCHISON ROAD,500,S, ,WALLACE ST,2052632,18/06/00,Sun,1745,DA,CS1,103A 111A ,,M,D,DO,F , ,N,C,50,0,0,0,,,1748355,5425341,-41.30975823,174.7722853
Wellington City,HUTCHISON ROAD,, ,I,WALLACE ST,2054751,20/09/00,Wed,1920,JA,CE1C,309B ,,R,D,DO,F ,T,N,C,50,0,0,0,,,1748597,5425589,-41.30748084,174.7751144
Wellington City,HUTCHISON ROAD,, ,I,WALLACE ST SLIP,2050476,25/01/00,Tue,1415,JA,XE1C,303B ,,R,D,O ,M ,T,N,C,50,0,0,0,,,1748597,5425589,-41.30748084,174.7751144
Wellington City,HUTT ON NBD,300,E, ,HUTT ROAD,2011110,8/01/00,Sat,1310,EA,CN1T,331A 359A ,Q,E,W,O ,F , ,N,C,100,0,0,1,,,1752172,5432375,-41.24571828,174.8161056
Wellington City,HUTT ROAD,, ,I,AOTEA QUAY,2053978,21/07/00,Fri,1005,MC,CE1C,202B 372B ,,E,W,O ,L ,Y,N,P,50,0,0,0,,,1749590,5430486,-41.26320766,174.7857683
Wellington City,HUTT ROAD,, ,I,AOTEA QUAY,2053082,1/07/00,Sat,1350,JA,CN1C,202B ,,R,D,B ,F ,Y,N,P,70,0,0,0,,,1749590,5430486,-41.26320766,174.7857683
Wellington City,HUTT ROAD,, ,I,AOTEA QUAY,2011106,4/01/00,Tue,1300,JA,CN2X,193B 359B ,,R,D,B ,F ,Y,N,L,50,0,0,1,,,1749590,5430486,-41.26320766,174.7857683
Wellington City,HUTT ROAD,200,S, ,CENTENNIAL NBD,2052365,7/04/00,Fri,330,EC,CN1,135A 804 ,L,R,W,DN,L , ,N,R,100,0,0,0,,,1751784,5432070,-41.24853724,174.811553
Wellington City,HUTT ROAD,, ,I,CENTENNIAL NBD,2054321,1/09/00,Fri,1940,DB,CN1,111A 126A ,FI,M,D,DO,F ,X,T,R,100,0,0,0,,,1751936,5432198,-41.24735626,174.8133344
Wellington City,HUTT ROAD,100,S, ,JARDEN MILE,2012482,13/09/00,Wed,1500,CA,VN1CC,112A 132A ,,R,W,O ,L , ,N,P,100,0,0,1,,,1751858,5432137,-41.24792012,174.8124191
Wellington City,HUTT ROAD,400,S, ,JARDEN MILE,2051194,7/03/00,Tue,707,MC,CN1C,402B ,,R,D,O ,F , ,N,R,100,0,0,0,,,1751627,5431946,-41.24968311,174.8097109
Wellington City,HUTT ROAD,400,S, ,JARDEN MILE,2011375,27/01/00,Thu,2325,CB,VN1,358A ,C,R,D,DO,F , ,N,R,100,0,0,1,,,1751627,5431946,-41.24968311,174.8097109
Wellington City,HUTT ROAD,500,S, ,JARDEN MILE,2053098,5/07/00,Wed,2040,MC,CN1C,331A ,,R,D,DO,F , ,N,R,100,0,0,0,,,1751544,5431890,-41.25020286,174.8087347
Wellington City,HUTT ROAD,2000,E, ,KAIWHARAWHARA ROAD,2055893,30/12/00,Sat,15,FD,CE1CC,331A 181B ,,R,D,DO,F , ,N,C,100,0,0,0,,,1751575,5431911,-41.25000798,174.8090993
Wellington City,HUTT ROAD,200,N, ,KAIWHARAWHARA ROAD,2055884,13/10/00,Fri,1435,MC,VN1C,372B ,,R,D,B ,F , ,N,C,70,0,0,0,,,1750066,5430961,-41.25884277,174.7913311
Wellington City,HUTT ROAD,500,N, ,ONSLOW ROAD,2053116,19/06/00,Mon,825,FD,CN1CC,363A 902 ,,E,D,B ,F , ,N,R,100,0,0,0,,,1751275,5431679,-41.25215296,174.8055779
Wellington City,HUTT ROAD,50,W, ,ONSLOW ROAD,2053117,26/06/00,Mon,1845,LB,CS1C,303B 922 ,,R,W,OO,L , ,N,C,70,0,0,0,,,1750798,5431409,-41.254673,174.799954
Wellington City,HUTT ROAD,, ,I,ONSLOW ROAD,2055596,1/12/00,Fri,1600,KO,VN1C,372B 503B ,,R,D,B ,F ,Y,G,R,70,0,0,0,,,1750843,5431430,-41.25447553,174.8004857
Wellington City,HUTT ROAD,, ,I,ONSLOW ROAD,2053196,16/07/00,Sun,1605,JA,CN1C,197A 301B 831 ,,R,W,O ,F ,T,S,R,70,0,0,0,,,1750843,5431430,-41.25447553,174.8004857
Wellington City,HUTT ROAD,10,N, ,SAR ST,2052962,9/06/00,Fri,1221,MC,CN1C,372B ,,R,D,O ,F ,T,G,P,50,0,0,0,,,1749278,5430108,-41.26666866,174.782138
Wellington City,HUTT ROAD,, ,I,SAR ST,2011438,5/03/00,Sun,1600,EA,CS1C,410A ,M,R,D,B ,F ,T,G,P,50,0,0,1,,,1749272,5430100,-41.2667418,174.7820683
Wellington City,HUTT ROAD,, ,I,SCHOOL ROAD,2054851,4/10/00,Wed,1350,MG,VE2T,387A 371B ,,R,D,O ,F ,T,N,R,70,0,0,0,,,1749894,5430775,-41.26054933,174.7893246
Wellington City,HUTT ROAD,, ,I,THORNDON QUAY,2051172,23/03/00,Thu,2020,KC,CW2C,305A 387B ,,E,D,DO,F ,Y,G,R,50,0,0,0,,,1749211,5430007,-41.26759039,174.7813632
Wellington City,INGLEWOOD PLACE,5,S, ,DIXON ST,2051174,28/03/00,Tue,1525,NB,SN1E,503B 711B ,,R,D,B ,F ,T,N,N,50,0,0,0,70,18,1748917,5427256,-41.29241313,174.7785274
Wellington City,IRA ST,, ,I,BROADWAY,2050808,14/02/00,Mon,1355,DB,CE2,358A 663A ,J,R,D,OF,F ,X,G,C,50,0,0,0,,,1752329,5423618,-41.32453011,174.8201687
Wellington City,IRONSIDE ROAD,, ,I,EARP ST,2011454,21/02/00,Mon,825,GD,SE1C,111A 353A ,,M,D,B ,F ,T,N,C,50,0,0,1,,17,1751231,5435261,-41.21991104,174.8041657
Wellington City,JAMAICA DRIVE,10,N, ,DRAGON ST,2055690,30/11/00,Thu,1500,MC,CN1C,181A 372B ,,R,D,B ,F ,T,N,R,50,0,0,0,,,1754158,5439301,-41.18298552,174.8380491
Wellington City,JAMAICA DRIVE,150,S, ,TAKAPU ROAD,2055145,23/11/00,Thu,800,LB,CN1V,303A 927 ,,R,D,O ,F ,D,N,C,50,0,0,0,,,1754072,5439451,-41.18165138,174.8369865
Wellington City,JERVOIS QUAY,, ,I,CABLE ST,2012686,27/09/00,Wed,2030,HA,SS1C,204A 322A ,,E,D,DO,F ,Y,T,C,50,0,0,1,,38,1748938,5427559,-41.28968122,174.7787039
Wellington City,JERVOIS QUAY,25,N, ,HARRIS ST,2051300,3/03/00,Fri,1110,FD,TS1CV,331A ,,R,D,B ,F ,T,T,R,50,0,0,0,,,1748913,5427742,-41.2880382,174.7783608
Wellington City,JERVOIS QUAY,30,N, ,HARRIS ST,2055888,23/12/00,Sat,13,FD,CN1C,331A ,,R,D,DO,F ,T,T,R,50,0,0,0,,,1748912,5427747,-41.28799337,174.7783476
Wellington City,JERVOIS QUAY,50,N, ,HARRIS ST,2056105,5/12/00,Tue,2317,CB,CS1,501A ,,R,D,DO,F , ,N,C,50,0,0,0,,,1748910,5427767,-41.28781367,174.7783188