TLA NAME,CRASH ROAD,CRASH DIST,CRASH DIRN,INTSN,SIDE ROAD,CRASH ID,CRASH DATE,CRASH DOW,CRASH TIME,MVMT,VEHICLES,CAUSES,OBJECTS STRUCK,ROAD CURVE,ROAD WET,LIGHT,WTHRa,JUNC TYPE,TRAF CTRL,ROAD MARK,SPD LIM,CRASH FATAL CNT,CRASH SEV CNT,CRASH MIN CNT,PERS AGE1,PERS AGE2,EASTING,NORTHING,latitude,longitude
Wellington City,JERVOIS QUAY,, ,I,HARRIS ST,2055698,5/12/00,Tue,1512,FE,XN1C,331A ,,R,D,B ,F ,T,T,C,50,0,0,0,,,1748916,5427717,-41.28826273,174.7784027
Wellington City,JERVOIS QUAY,, ,I,HARRIS ST,2052245,5/06/00,Mon,1540,FE,CS1C,331A ,,R,D,B ,F ,T,T,R,50,0,0,0,,,1748916,5427717,-41.28826273,174.7784027
Wellington City,JERVOIS QUAY,, ,I,QUEENS WHARF,2055129,19/11/00,Sun,625,FE,CS1C,,,R,W,O ,L ,X,T,R,50,0,0,0,,,1748866,5428084,-41.28496769,174.7777161
Wellington City,JERVOIS QUAY,, ,I,TARANAKI ST,2011829,20/04/00,Thu,1000,NB,XN1E,507B 711B 834 ,,E,D,O ,F ,M,T,C,50,0,0,1,84,,1749013,5427391,-41.29117995,174.7796403
Wellington City,JERVOIS QUAY,10,N, ,WILLESTON ST,2055894,31/12/00,Sun,2300,NA,CN1E,711B ,,R,D,DO,F ,T,T,R,50,0,0,0,16,,1748898,5427861,-41.28696956,174.7781526
Wellington City,JERVOIS QUAY,, ,I,WILLESTON ST,2052203,13/05/00,Sat,1325,FE,VS1C,181A 387A ,,R,D,O ,F ,T,T,R,50,0,0,0,,,1748899,5427851,-41.28705941,174.778167
Wellington City,JERVOIS QUAY,, ,I,WILLESTON ST,2011711,24/04/00,Mon,1740,FE,CN1C,331A 350A ,,R,W,O ,F ,T,T,R,50,0,0,1,,,1748899,5427851,-41.28705941,174.778167
Wellington City,JOHN ST,20,W, ,ADELAIDE ROAD,2054757,21/09/00,Thu,900,FD,CW1C,351A ,,R,D,B ,F , ,N,C,50,0,0,0,,,1748812,5425613,-41.30722512,174.7776757
Wellington City,JOHN ST,, ,I,HANSON ST,2051192,11/03/00,Sat,310,GF,CW1X,175A 372A 671A ,,R,D,DO,F ,X,G,C,50,0,0,0,,,1748734,5425630,-41.30708645,174.7767402
Wellington City,JOHN ST,25,E, ,WALLACE ST,2011278,9/02/00,Wed,2100,FC,CE1CC,181A ,,E,D,DO,F , ,N,X,50,0,0,2,,,1748720,5425626,-41.30712504,174.776574
Wellington City,JOHNSONVILLE OFF SBD,, ,I,JOHNSONVILLE ROAD,2052665,3/06/00,Sat,1710,HA,CW1C,302A 177B 924 ,,R,W,TO,L ,R,G,R,50,0,0,0,,,1751518,5435072,-41.221559,174.8076348
Wellington City,JOHNSONVILLE ON SBD,100,S, ,JOHNSONVILLE ROAD,2052084,10/05/00,Wed,1525,FF,VS1CC,191A 910 ,,E,D,O ,F , ,N,R,80,0,0,0,,,1751548,5434404,-41.22756765,174.8081583
Wellington City,JOHNSONVILLE ROAD,, ,I,BILL CUTTING PLACE,2055314,26/08/00,Sat,1900,MC,VN1V,373B ,,R,W,DO,L ,T,N,R,50,0,0,0,,,1751488,5434978,-41.22241093,174.8073004
Wellington City,JOHNSONVILLE ROAD,100,N, ,BRODERICK ROAD,2012417,2/09/00,Sat,1130,ND,CN1E,370A 926 ,,R,D,O ,F ,D,N,P,50,0,0,1,67,,1751487,5434818,-41.22385166,174.8073282
Wellington City,JOHNSONVILLE ROAD,, ,I,BRODERICK ROAD,2055555,30/11/00,Thu,1950,HA,CS1C,379A 324B ,,R,D,B ,F ,X,T,R,50,0,0,0,,,1751483,5434719,-41.22474375,174.807305
Wellington City,JOHNSONVILLE ROAD,, ,I,FRASER AVENUE,2053014,8/06/00,Thu,2145,JA,CN1C,302A ,,R,D,DO,F ,X,G,C,50,0,0,0,,,1751476,5434504,-41.22668079,174.8072749
Wellington City,JOHNSONVILLE ROAD,, ,I,FRASER AVENUE,2053013,6/07/00,Thu,710,JA,CN1C,302A ,,E,D,TF,F ,T,G,C,50,0,0,0,,,1751476,5434504,-41.22668079,174.8072749
Wellington City,JOHNSONVILLE ROAD,, ,I,FRASER AVENUE,2053201,29/06/00,Thu,1225,JA,TN1C,302B ,,R,D,O ,L ,T,G,P,50,0,0,0,,,1751476,5434504,-41.22668079,174.8072749
Wellington City,JOHNSONVILLE ROAD,, ,I,FRASER AVENUE,2052277,17/04/00,Mon,1700,JA,VN1C,302B 402B ,,R,D,O ,F ,T,G,P,50,0,0,0,,,1751476,5434504,-41.22668079,174.8072749
Wellington City,JOHNSONVILLE ROAD,, ,I,FRASER AVENUE,2012085,23/06/00,Fri,640,JA,VN1C,302A ,,R,D,DO,F ,Y,G,C,50,0,0,1,,,1751476,5434504,-41.22668079,174.8072749
Wellington City,JOHNSONVILLE ROAD,, ,I,HAWEA ST,2052977,29/06/00,Thu,1620,FD,CN1T,331A ,,R,D,O ,L ,T,N,X,50,0,0,0,,,1751486,5434856,-41.22350972,174.8073068
Wellington City,JOHNSONVILLE ROAD,, ,I,MOOREFIELD ROAD,2052458,30/03/00,Thu,20,DA,CN1,113A 631A ,K,M,D,DO,F ,R,G,C,50,0,0,0,,,1751490,5435056,-41.22170829,174.8073049
Wellington City,JOHNSONVILLE ROAD,, ,I,MOOREFIELD ROAD,2050700,12/02/00,Sat,1010,LB,CS2C,302A ,,R,D,O ,F ,R,G,R,50,0,0,0,,,1751503,5435082,-41.22147177,174.8074535
Wellington City,JOHNSONVILLE ROAD,20,N, ,NORMAN LANE,2050796,27/01/00,Thu,255,MD,BS1T,308B 371B 927 ,,R,D,B ,F ,D,N,P,50,0,0,0,,,1751486,5434952,-41.2226454,174.807283
Wellington City,KAIWHARAWHARA ROAD,350,N, ,HUTT ROAD,2054306,31/08/00,Thu,1909,JA,CN1VO,308B 927 ,X,R,W,DO,L ,D,N,C,50,0,0,0,,,1749683,5431062,-41.25800445,174.7867366
Wellington City,KAIWHARAWHARA ROAD,400,N, ,OLD PORIRUA ROAD,2055310,7/11/00,Tue,2356,AD,CW1,103A 111A 155A ,T,E,D,DO,F , ,N,L,50,0,0,0,,,1749284,5431070,-41.25800622,174.781974
Wellington City,KAIWHARAWHARA ROAD,250,W, ,OLD PORIRUA ROAD,2050755,25/02/00,Fri,905,GD,MW1V,331A 928 ,,E,D,O ,F ,D,N,L,50,0,0,0,,,1749421,5431115,-41.25757575,174.7835976
Wellington City,KAIWHARAWHARA ROAD,390,W, ,OLD PORIRUA ROAD,2012062,16/07/00,Sun,1700,DB,CE1,135A 801 ,E,S,W,TF,F , ,N,L,50,0,0,1,,,1749291,5431076,-41.25795091,174.7820561
Wellington City,KAIWHARAWHARA ROAD,500,W, ,OLD PORIRUA ROAD,2054746,8/09/00,Fri,2315,DA,CW1,135A 402A 801 ,,M,W,DO,L , ,N,L,50,0,0,0,,,1749204,5431075,-41.25797598,174.7810183
Wellington City,KAIWHARAWHARA ROAD,600,W, ,OLD PORIRUA ROAD,2052242,6/05/00,Sat,1130,DA,CW1,,ET,M,W,O ,H , ,N,L,50,0,0,0,,,1749120,5431121,-41.25757732,174.7800048
Wellington City,KARORI ROAD,10,E, ,BEAUCHAMP ST,2012365,12/08/00,Sat,1400,FD,CE1CCC,331A ,,R,D,O ,F ,T,G,C,50,0,0,1,,,1745462,5428167,-41.28484084,174.7370648
Wellington City,KARORI ROAD,10,W, ,BEAUCHAMP ST,2054081,26/08/00,Sat,1920,EA,CE1C,102A 129A ,M,R,W,DO,L ,T,G,C,50,0,0,0,,,1745443,5428161,-41.28489828,174.7368394
Wellington City,KARORI ROAD,, ,I,CAMPBELL ST,2011280,3/03/00,Fri,1710,AA,SE1C,372A ,,R,D,B ,F ,T,G,C,50,0,0,1,,12,1745619,5428224,-41.28429933,174.7389252
Wellington City,KARORI ROAD,, ,I,CHAYTOR ST,2052233,1/04/00,Sat,1915,JA,ME1C,302B ,,M,D,DO,F ,T,G,C,50,0,0,0,,,1746644,5428577,-41.28093556,174.7510749
Wellington City,KARORI ROAD,20,E, ,FANCOURT ST,2051221,14/03/00,Tue,830,FC,MW1CV,331A 331B ,,R,W,O ,H , ,N,X,50,0,0,0,,,1745986,5428355,-41.28305358,174.7432744
Wellington City,KARORI ROAD,30,W, ,HATTON ST,2012591,18/10/00,Wed,830,NA,VE1E,306A ,,R,D,O ,F , ,N,X,50,0,0,1,16,,1746084,5428389,-41.28272974,174.744436
Wellington City,KARORI ROAD,50,W, ,LANCASTER ST,2052248,3/06/00,Sat,1750,MA,CW1C,373B 839 ,,R,W,DO,H , ,N,C,50,0,0,0,,,1746218,5428435,-41.28229132,174.7460244
Wellington City,KARORI ROAD,, ,I,LANCASTER ST,2050757,24/02/00,Thu,2050,LB,CW1C,303B ,,R,D,DO,F ,T,G,P,50,0,0,0,,,1746265,5428452,-41.28212974,174.7465813
Wellington City,KARORI ROAD,10,W, ,MONAGHAN AVENUE,2055895,29/12/00,Fri,800,EA,CW1C,414A ,M,R,W,O ,L ,T,N,C,50,0,0,0,,,1745298,5428107,-41.28541059,174.7351215
Wellington City,KARORI ROAD,40,W, ,NOTTINGHAM ST,2011294,19/02/00,Sat,1540,EA,CW1C,331A 352A ,M,M,D,O ,F , ,N,R,50,0,0,1,,,1746476,5428495,-41.28170434,174.7490894
Wellington City,KARORI ROAD,40,E, ,RICHMOND AVENUE,2055611,16/11/00,Thu,855,EA,TW1C,501A ,M,R,D,B ,F , ,N,C,50,0,0,0,,,1744892,5427978,-41.28664502,174.730306
Wellington City,KARORI ROAD,, ,I,RICHMOND AVENUE,2054064,23/07/00,Sun,2215,GA,CW1C,181A ,,R,D,DO,F ,T,N,C,50,0,0,0,,,1744853,5427971,-41.28671505,174.7298421
Wellington City,KARORI ROAD,40,N, ,SOUTH KARORI ROAD,2055306,7/12/00,Thu,1530,MC,VN1C,383A ,,R,W,O ,L , ,N,C,50,0,0,0,,,1744338,5427790,-41.28843695,174.7237375
Wellington City,KATE SHEPPARD PLACE,50,W, ,MULGRAVE ST,2052355,31/03/00,Fri,1630,KA,XE1C,308B 377B 839 930 ,,R,D,B ,F ,D,N,C,50,0,0,0,,,1749012,5428878,-41.27779202,174.7792646
Wellington City,KEKERENGA ST,150,N, ,AHURIRI ST,2055883,8/12/00,Fri,900,DA,CE1,131A 402A ,P,M,W,O ,L , ,N,N,50,0,0,0,,,1751872,5422387,-41.33569925,174.8150183
Wellington City,KELBURN PARADE,50,N, ,FAIRLIE TERRACE,2052042,30/03/00,Thu,1350,BD,CN1C,378A 378B 818 837 ,,M,D,O ,F , ,N,N,50,0,0,0,,,1747925,5427419,-41.29112797,174.7666457
Wellington City,KELBURN PARADE,50,N, ,GLASGOW ST,2052051,3/04/00,Mon,1015,FC,CN1CC,331A ,,R,D,B ,F , ,N,X,50,0,0,0,,,1748018,5427647,-41.28905812,174.7677004
Wellington City,KELBURN PARADE,100,S, ,GLASGOW ST,2054119,17/08/00,Thu,1500,MD,CE1C,371B 930 ,,R,D,O ,FS,D,N,C,50,0,0,0,,,1747971,5427505,-41.29034524,174.7671739
Wellington City,KELBURN PARADE,, ,I,GLASGOW ST,2052061,5/05/00,Fri,2050,LB,CN1X,302A ,,S,D,DO,F ,Y,G,C,50,0,0,0,,,1747997,5427602,-41.28946713,174.7674607
Wellington City,KELBURN PARADE,, ,I,GLASGOW ST,2055854,27/11/00,Mon,1802,DB,CE2CC,131A 402A ,MM,S,D,O ,F ,Y,G,C,50,0,0,0,,,1747997,5427602,-41.28946713,174.7674607
Wellington City,KELBURN PARADE,, ,I,GLASGOW ST,2050498,14/01/00,Fri,1429,JC,CS2C,303A ,,M,D,B ,F ,Y,G,C,50,0,0,0,,,1747997,5427602,-41.28946713,174.7674607
Wellington City,KELBURN PARADE,40,S, ,SALAMANCA ROAD,2011436,21/03/00,Tue,1920,NA,CN1E,306A 376A ,,R,W,DO,H , ,N,X,50,0,0,1,18,,1748120,5427873,-41.28700463,174.768863
Wellington City,KELBURN PARADE,50,S, ,SALAMANCA ROAD,2012665,4/10/00,Wed,1310,NB,CN1E,713B 901 ,,R,W,O ,H , ,N,X,50,0,0,1,18,,1748116,5427864,-41.28708639,174.7688174
Wellington City,KELBURN PARADE,, ,I,SALAMANCA ROAD,2054622,27/09/00,Wed,1050,KA,CE1X,302B ,,S,D,B ,F ,T,G,C,50,0,0,0,,,1748147,5427897,-41.28678359,174.7691795
Wellington City,KENMORE ST,50,N, ,BAYLANDS DRIVE,2051200,12/03/00,Sun,700,MD,CS1C,103A 110A 371B 929 ,,S,D,O ,F ,D,N,C,50,0,0,0,,,1753250,5434472,-41.22663482,174.8284384
Wellington City,KENSINGTON ST,10,S, ,ABEL SMITH ST,2055382,26/10/00,Thu,1320,MO,VE1C,371A 445B ,,R,D,B ,F ,T,N,N,50,0,0,0,,,1748404,5426887,-41.29582989,174.7724933
Wellington City,KENT TERRACE,, ,I,ELIZABETH ST,2050230,10/01/00,Mon,1320,LB,XS1C,322B 334B ,,R,D,B ,F ,T,T,C,50,0,0,0,,,1749292,5426881,-41.29572014,174.7830959
Wellington City,KENT TERRACE,, ,I,MAJORIBANKS ST,2052044,30/03/00,Thu,1015,LB,CS1V,323B 334B ,,R,D,B ,F ,X,T,R,50,0,0,0,,,1749376,5427069,-41.29401196,174.7840526
Wellington City,KENT TERRACE,20,N, ,PIRIE ST,2054120,17/08/00,Thu,1219,FD,CS1CC,331A ,,R,D,B ,F ,X,T,C,50,0,0,0,,,1749229,5426741,-41.29699227,174.7823781
Wellington City,KENT TERRACE,50,S, ,WAKEFIELD ST,2052982,24/06/00,Sat,1500,EE,CS1C,374B ,Q,R,D,B ,F , ,N,C,50,0,0,0,,,1749395,5427110,-41.2936393,174.7842693
Wellington City,KENYA ST,200,N, ,NGAIO GORGE ROAD,2054296,15/09/00,Fri,2250,EA,CN1C,101A 129A ,M,R,D,DO,F , ,N,C,50,0,0,0,,,1748432,5431505,-41.25424663,174.7717027
Wellington City,KHANDALLAH ROAD,100,N, ,COLWAY ST,2050549,19/01/00,Wed,815,MO,VS1V,308A 514A 443B ,,E,D,O ,F , ,N,C,50,0,0,0,,,1748808,5432317,-41.24686664,174.7759905
Wellington City,KILBIRNIE CRESCENT,50,N, ,CHILDERS TERRACE,2055759,22/11/00,Wed,1530,CB,CN1,410A ,P,R,D,B ,F , ,N,X,50,0,0,0,,,1750134,5424631,-41.31582146,174.793703
Wellington City,KILBIRNIE CRESCENT,20,N, ,DUNCAN TERRACE,2011946,3/06/00,Sat,1525,NB,CN1E,101A 839 ,,R,W,O ,H , ,N,R,50,0,0,1,13,,1750067,5424755,-41.31471752,174.7928723
Wellington City,KILBIRNIE CRESCENT,30,S, ,VALLANCE ST,2055805,18/11/00,Sat,1800,MC,CS1CC,372B 373B ,M,M,D,B ,F , ,N,P,50,0,0,0,,,1750062,5424785,-41.31444835,174.7928052
Wellington City,KILBIRNIE CRESCENT,300,S, ,WELLINGTON ROAD,2052064,28/04/00,Fri,2055,NA,CN1E,105B 711B ,,R,D,DO,F , ,N,P,50,0,0,0,45,,1750067,5424758,-41.31469051,174.7928716
Wellington City,LAMBTON QUAY,10,S, ,BALLANCE ST,2011443,9/03/00,Thu,1650,PF,BS1XC,386A 445B 525B ,M,E,D,B ,F ,T,N,R,50,0,0,1,,,1748746,5428636,-41.2800199,174.776149
Wellington City,LAMBTON QUAY,15,S, ,BRANDON ST,2011865,4/04/00,Tue,1345,NG,VS1E,371A 671A 712B 715B ,,R,W,O ,H ,T,N,R,50,0,0,1,81,,1748684,5428286,-41.28318253,174.7754944
Wellington City,LAMBTON QUAY,, ,A,CABLE CAR LANE,2011638,27/04/00,Thu,820,NA,BS1E,711B ,,R,D,O ,F , ,T,L,50,0,0,1,34,,1748676,5428169,-41.28423741,174.7754275
Wellington City,LAMBTON QUAY,20,N, ,FEATHERSTON ST,2011831,18/03/00,Sat,1150,NA,BS1E,507B 711B ,,R,D,B ,F , ,N,L,50,0,1,0,78,,1748696,5428054,-41.28526912,174.7756943
Wellington City,LAMBTON QUAY,, ,I,JOHNSTON ST,2055414,13/11/00,Mon,19,EA,CN1CCV,103A 110A ,IMT,R,D,DO,F ,T,N,R,50,0,0,0,,,1748714,5428365,-41.28246573,174.7758332
Wellington City,LAMBTON QUAY,100,N, ,STOUT ST,2055339,27/10/00,Fri,725,AC,CN1V,159A 191A ,,R,D,O ,F , ,N,R,50,0,0,0,,,1748722,5428588,-41.28045648,174.7758743
Wellington City,LAMBTON QUAY,, ,I,STOUT ST,2051218,21/02/00,Mon,1600,LB,VS1CC,303B 402B ,S,R,D,O ,F ,T,T,R,50,0,0,0,,,1748729,5428488,-41.28135554,174.7759822
Wellington City,LAMBTON QUAY,15,N, ,WARING TAYLOR ST,2054978,2/11/00,Thu,1558,EE,BS1X,374A ,M,R,D,O ,FS, ,N,R,50,0,0,0,,,1748733,5428449,-41.28170594,174.7760395
Wellington City,LAMBTON QUAY,30,N, ,WARING TAYLOR ST,2013096,22/12/00,Fri,1116,CB,BS1CCE,194A ,M,R,D,B ,F , ,N,R,50,0,0,1,52,,1748732,5428464,-41.28157107,174.7760239
Wellington City,LAMBTON QUAY,, ,I,WARING TAYLOR ST,2050443,2/02/00,Wed,2030,JA,SS1C,602A 303B 375B ,,R,W,O ,L ,T,G,R,50,0,0,0,,23,1748734,5428434,-41.28184081,174.7760551
Wellington City,LAMBTON QUAY,, ,I,WARING TAYLOR ST,2053514,8/08/00,Tue,915,JA,VS1V,303B 377B ,,R,D,B ,F ,M,N,R,50,0,0,0,,,1748734,5428434,-41.28184081,174.7760551
Wellington City,LANDFILL ROAD,80,W, ,HAPPY VALLEY ROAD,2050490,4/01/00,Tue,1000,DB,TE1,110A 132A 357A ,,E,D,B ,F , ,N,R,50,0,0,0,,,1746981,5422944,-41.33159112,174.7564581
Wellington City,LARSEN CRESCENT,100,E, ,KIWI CRESCENT,2012682,7/10/00,Sat,45,DB,CW1,133A ,FT,E,D,DO,F , ,N,C,50,0,0,1,,,1752290,5440208,-41.17517265,174.8155618
Wellington City,LARSEN CRESCENT,30,W, ,MASCOT ST,2054940,6/10/00,Fri,1256,BF,CE1C,111A ,,M,D,DO,F , ,N,C,50,0,0,0,,,1752739,5440180,-41.17534026,174.8209191
Wellington City,LAVAUD ST,50,W, ,RUSSELL TERRACE,2052014,20/05/00,Sat,1350,MA,CW1V,312B 373B ,,R,D,O ,F , ,N,N,50,0,0,0,,,1748937,5423765,-41.32384033,174.7796209
Wellington City,LENNEL ROAD,50,W, ,BARNARD ST,2052307,5/06/00,Mon,130,CB,CE1,112A 132A ,P,R,W,DO,F , , ,C,50,0,0,0,,,1749193,5430332,-41.26466759,174.7810689
Wellington City,LENNEL ROAD,, ,I,SEFTON ST,2012745,24/10/00,Tue,809,NA,SE1E,306A ,,E,D,B ,F ,X,G,X,50,0,0,2,11,27,1748988,5430394,-41.2641472,174.7786075
Wellington City,LIARDET ST,100,S, ,SHORT ST,2053129,2/06/00,Fri,130,DA,CS1,102A 135A 801 ,H,E,W,DN,L , ,N,C,50,0,0,0,,,1748169,5424922,-41.31356485,174.7701664
Wellington City,LIARDET ST,100,S, ,SHORT ST,2053130,21/07/00,Fri,850,KB,CN1CC,308B 929 ,M,R,W,O ,L ,D,N,C,50,0,0,0,,,1748169,5424922,-41.31356485,174.7701664
Wellington City,LINCOLN AVENUE,, ,I,ROY ST,2053459,5/08/00,Sat,100,DB,CW1,131A 402A ,T,R,D,DO,F ,T,N,C,50,0,0,0,,,1752871,5440876,-41.169049,174.8223183
Wellington City,LINK ROAD,200,S, ,KENMORE ST,2054333,8/09/00,Fri,1540,KA,CN1X,308B 832 929 ,,R,W,O ,L ,D,N,C,50,0,0,0,,,1753028,5434421,-41.227136,174.8258038
Wellington City,LOOKOUT ROAD,250,W, ,THANE ROAD,2011704,8/05/00,Mon,1320,DA,CE1,110A 402A ,T,E,D,B ,FS, ,N,C,50,0,0,1,,,1750489,5426896,-41.29536279,174.7973821
Wellington City,LUCKNOW TERRACE,200,W, ,COCKAYNE ROAD,2056133,9/11/00,Thu,1937,MA,CW1CC,112A 191A 403A 929 ,M,R,D,B ,F ,D,N,N,50,0,0,0,,,1749550,5432142,-41.24830533,174.7848849
Wellington City,LYALL PARADE,, ,I,ONEPU ROAD,2055334,18/11/00,Sat,1200,JA,CE1C,302A 507A ,,E,D,B ,F ,T,G,C,50,0,0,0,,,1750241,5423160,-41.3290454,174.7953444
Wellington City,LYALL PARADE,, ,I,QUEENS DRIVE,2013034,8/12/00,Fri,1537,DA,CS1O,501A ,MC,M,D,B ,F ,T,G,C,50,0,1,0,,,1749941,5422908,-41.33137009,174.7918233
Wellington City,LYNDA AVENUE,250,N, ,BEAZLEY AVENUE,2053987,27/06/00,Tue,1730,QD,CS1C,428A ,MH,R,D,TO,F , ,N,N,50,0,0,0,,,1752139,5435910,-41.21389766,174.8148313
Wellington City,MACDONALD CRESCENT,80,E, ,THE TERRACE,2055381,18/10/00,Wed,715,BD,CE1C,132A 817 ,,M,D,O ,L , ,N,N,50,0,0,0,,,1748377,5427438,-41.29087395,174.7720367
Wellington City,MAHORA ST,, ,I,RONGOTAI ROAD,2051211,1/03/00,Wed,1820,AB,CN1TC,103A 431A 431C ,,R,D,B ,F ,T,G,C,50,0,0,0,,,1750447,5424349,-41.31830207,174.7975106
Wellington City,MAIDA VALE ROAD,50,N, ,EVANS BAY PARADE,2012794,18/11/00,Sat,1220,BD,MN1C,123A 123B 818 ,,M,D,B ,F , ,N,N,50,0,0,1,,,1750914,5427157,-41.29293357,174.802391
Wellington City,MAIN ROAD,, ,I,CAMBRIDGE ST,2055421,15/12/00,Fri,818,HA,CW2V,302A ,,E,W,O ,L ,R,G,R,50,0,0,0,,,1753084,5440600,-41.17149375,174.8249251
Wellington City,MAIN ROAD,, ,I,CAMBRIDGE ST,2011691,8/05/00,Mon,1930,KB,VS1C,302A ,,R,D,TO,F ,R,G,R,50,0,0,2,,,1753077,5440606,-41.17144105,174.8248402
Wellington City,MAIN ROAD,20,N, ,ESSEX ST,2053460,7/08/00,Mon,1520,BF,CN1C,371B ,,R,D,O ,F , ,N,P,50,0,0,0,,,1753097,5440823,-41.16948354,174.8250243
Wellington City,MAIN ROAD,, ,I,ESSEX ST,2055324,4/12/00,Mon,1625,GB,CN1C,373A ,,R,D,B ,F ,T,N,C,50,0,0,0,,,1753096,5440803,-41.16966379,174.8250174
Wellington City,MAIN ROAD,20,S, ,LINCOLN AVENUE,2055687,5/12/00,Tue,1715,MC,MS1C,372B ,,R,D,B ,F , ,N,R,50,0,0,0,,,1753101,5440916,-41.16864547,174.8250487
Wellington City,MAIN ROAD,30,S, ,LINCOLN AVENUE,2052669,16/06/00,Fri,750,MC,CS1C,372B ,,R,D,TF,F , ,N,R,50,0,0,0,,,1753101,5440906,-41.1687355,174.8250512
Wellington City,MAIN ROAD,70,S, ,LINCOLN AVENUE,2011567,18/02/00,Fri,1517,MF,CN1CC,333A ,HM,R,D,B ,F , ,N,C,50,0,0,1,,,1753099,5440866,-41.16909601,174.8250374
Wellington City,MAIN ROAD,, ,I,MCLELLAN ST,2054948,25/10/00,Wed,640,DA,CN1,410A ,P,E,D,O ,F ,T,G,C,50,0,0,0,,,1753333,5441667,-41.16184008,174.827625
Wellington City,MAIN ROAD,, ,I,MCLELLAN ST,2011847,9/04/00,Sun,500,DB,CS1,103A 410A ,F,E,D,DO,F ,T,G,C,50,0,0,1,,,1753333,5441667,-41.16184008,174.827625
Wellington City,MAIN ROAD,120,N, ,REDWOOD AVENUE,2050215,8/01/00,Sat,1550,CB,CN1,414A 621A ,P,R,D,O ,F , ,N,C,50,0,0,0,,,1752989,5439483,-41.18156847,174.8240722
Wellington City,MAIN ROAD,, ,I,REDWOOD AVENUE,2053769,24/08/00,Thu,410,DA,CN1,103A 410A ,T,E,D,DO,F ,T,G,C,50,0,0,0,,,1752975,5439365,-41.18263351,174.8239349
Wellington City,MAIN ROAD,15,S, ,SUNRISE BOULEVARD,2054964,20/10/00,Fri,1635,FC,CS1C,331A ,,R,D,B ,F , ,N,X,50,0,0,0,,,1753133,5439166,-41.18439534,174.8258676
Wellington City,MAIN ROAD,, ,I,SUNRISE BOULEVARD,2051601,6/05/00,Sat,1510,JA,CN1C,145A 302B 387B ,,R,D,O ,F ,T,G,C,50,0,0,0,,,1753123,5439177,-41.18429819,174.8257457
Wellington City,MAIN ROAD,, ,I,THE DRIVE,2050514,23/02/00,Wed,839,HA,CE2M,302A 377A ,,E,D,B ,F ,R,G,R,50,0,0,0,,,1753078,5440154,-41.17551039,174.8249651
Wellington City,MAIN ROAD,, ,I,VICTORY CRESCENT,2051921,24/04/00,Mon,1130,FC,CE2X,331A ,,R,D,O ,F ,T,G,C,50,0,0,0,,,1753164,5441126,-41.16674285,174.8257468
Wellington City,MAIN ROAD,, ,I,VICTORY CRESCENT,2055686,17/08/00,Thu,1800,JC,CE2C,302A ,,R,D,DO,F ,T,G,C,50,0,0,0,,,1753164,5441126,-41.16674285,174.8257468
Wellington City,MAIN ROAD,, ,I,WILLOWBANK ROAD,2053543,1/08/00,Tue,804,JA,CW1C,301B 645B ,,R,D,B ,F ,X,S,C,50,0,0,0,,,1753316,5439020,-41.18567522,174.8280851
Wellington City,MAIRANGI ROAD,500,S, ,NORWICH ST,2055316,28/10/00,Sat,2138,QD,CE1,611A ,F,R,D,DO,F , ,N,C,50,0,0,0,,,1747841,5430036,-41.26758115,174.7650078
Wellington City,MAJORIBANKS ST,, ,I,EARLS TERRACE,2054852,21/10/00,Sat,1230,EA,CW1CC,102A 132A 430A ,MM,R,D,B ,F ,T,G,C,50,0,0,0,,,1749693,5426925,-41.29524972,174.7878723
Wellington City,MAJORIBANKS ST,10,W, ,HAWKER ST,2052047,3/03/00,Fri,130,MO,CW1,103A 386A ,C,R,D,DO,F ,T,N,C,50,0,0,0,,,1749638,5426950,-41.29503483,174.7872095
Wellington City,MAJORIBANKS ST,40,W, ,HAWKER ST,2056015,2/09/00,Sat,1640,JA,CE1V,308A 929 ,,R,W,O ,H ,D,N,C,50,0,0,0,,,1749611,5426962,-41.2949318,174.7868843
Wellington City,MAKARA ROAD,2000,N, ,ALLINGTON ROAD,2054821,14/10/00,Sat,750,BE,VN1C,104A 410A ,,R,D,O ,F , ,N,C,100,0,0,0,,,1743306,5428563,-41.2816609,174.7112364
Wellington City,MAKARA ROAD,3000,N, ,ALLINGTON ROAD,2011700,2/04/00,Sun,1500,BB,CE1S,123A 197B ,CT,M,D,B ,FS, ,N,C,100,0,0,1,,38,1742956,5429007,-41.27772525,174.7069546
Wellington City,MAKARA ROAD,900,E, ,ESTUARY ST,2054822,26/05/00,Fri,700,DA,CW1,103A 111A ,C,M,D,DN,F , ,N,C,100,0,0,0,,,1743834,5434518,-41.22794947,174.7161343
Wellington City,MAKARA ROAD,1500,W, ,MAKARA SUM,2054344,30/08/00,Wed,1030,DA,CN1,110A 400A 430A ,E,M,D,B ,F , ,N,C,100,0,0,0,,,1743276,5428941,-41.27826279,174.7107894
Wellington City,MAKARA ROAD,550,S, ,TAKARAU GORGE ROAD,2056140,23/12/00,Sat,1725,BF,CN1V,131A ,C,E,D,B ,F , ,N,C,50,0,0,0,,,1743822,5432719,-41.24414947,174.716415
Wellington City,MARK AVENUE,, ,I,TRINIDAD CRESCENT,2054854,12/10/00,Thu,2228,KA,CN1C,309B ,,R,D,DO,FS,X,N,C,50,0,0,0,,,1752860,5436730,-41.20637908,174.8232227
Wellington City,MASSEY ROAD,300,E, ,FORTIFICATION ROAD,2056021,17/12/00,Sun,1230,BC,CE1C,111A 121A ,,M,D,B ,F , ,N,C,50,0,0,0,,,1753612,5426686,-41.29666513,174.8347168