TLA NAME,CRASH ROAD,CRASH DIST,CRASH DIRN,INTSN,SIDE ROAD,CRASH ID,CRASH DATE,CRASH DOW,CRASH TIME,MVMT,VEHICLES,CAUSES,OBJECTS STRUCK,ROAD CURVE,ROAD WET,LIGHT,WTHRa,JUNC TYPE,TRAF CTRL,ROAD MARK,SPD LIM,CRASH FATAL CNT,CRASH SEV CNT,CRASH MIN CNT,PERS AGE1,PERS AGE2,EASTING,NORTHING,latitude,longitude
Wellington City,MASSEY ROAD,50,N, ,KARAKA BAY ROAD,2055550,3/12/00,Sun,1645,DB,CN1,111A ,C,M,D,O ,F , ,N,C,50,0,0,0,,,1753418,5426602,-41.29745829,174.832422
Wellington City,MAUPUIA ROAD,150,N, ,MIRAMAR AVENUE,2013100,8/12/00,Fri,810,DA,CN1,111A 403A ,EFT,E,W,O ,M , ,N,C,50,0,1,0,,,1751778,5424850,-41.31354206,174.8132804
Wellington City,MAY ON NBD,10,S, ,SH 1N,2050444,28/01/00,Fri,1230,FB,CN1C,331A 353A ,,R,D,B ,F ,Y,N,R,100,0,0,0,,,1749012,5429635,-41.27097641,174.7790795
Wellington City,MEIN ST,15,E, ,DANIELL ST,2055625,19/10/00,Thu,1910,EA,CE1CC,129A 353A ,M,R,D,O ,F , ,N,C,50,0,0,0,,,1749145,5425241,-41.31051289,174.781743
Wellington City,MEIN ST,, ,I,DANIELL ST,2050447,27/01/00,Thu,1650,JA,CW1C,309B 377B 839 ,,R,D,B ,F ,T,N,C,50,0,0,0,,,1749130,5425238,-41.31054268,174.7815646
Wellington City,MEIN ST,, ,I,MINERVA ST,2012089,12/05/00,Fri,2045,HA,XE1C,300B 335B ,,R,W,DO,H ,T,N,C,50,0,0,2,,,1749056,5425223,-41.31069141,174.7806847
Wellington City,MEIN ST,, ,I,OWEN ST,2055695,7/12/00,Thu,1855,JA,VE1C,302B ,,R,D,B ,F ,X,G,L,50,0,0,0,,,1749300,5425272,-41.31020512,174.7835862
Wellington City,MELBOURNE ROAD,50,S, ,MERSEY ST,2011761,12/05/00,Fri,1820,MD,SN1C,197A 602A 172B 370B 929 ,,R,W,DO,H ,D,N,N,50,0,0,1,,48,1748624,5422133,-41.3385916,174.7762818
Wellington City,MIDDLETON ROAD,, ,I,BURDENDALE GROVE,2012805,1/12/00,Fri,1710,DA,SN1,135A 810 ,,E,D,O ,F ,T,N,P,50,0,0,1,,17,1751722,5435639,-41.21641585,174.8099267
Wellington City,MIDDLETON ROAD,, ,I,GLENSIDE ROAD,2055337,13/11/00,Mon,1320,BC,CS1C,121A ,,M,D,B ,F ,T,G,C,50,0,0,0,,,1751898,5436823,-41.20572282,174.811731
Wellington City,MIDDLETON ROAD,300,S, ,RICHMOND HILL,2012739,21/10/00,Sat,1155,BF,CN1V,111A 131A 156A 501A 831 ,E,M,D,B ,F , ,N,C,100,0,0,4,,,1753006,5437978,-41.19511533,174.8246511
Wellington City,MIDDLETON ROAD,200,N, ,ROWELLS ROAD,2054060,3/07/00,Mon,1435,BB,VN1C,322A 334A 817 ,,E,D,O ,F , ,T,N,100,0,0,0,,,1752545,5437269,-41.20158568,174.819333
Wellington City,MIDDLETON ROAD,20,S, ,WILLOWBANK ROAD,2054058,3/08/00,Thu,1730,BB,CN1C,120A 111B 123B ,,M,D,O ,F , ,N,C,100,0,0,0,,,1753416,5438590,-41.18952773,174.8293847
Wellington City,MILLS ROAD,, ,I,FORTUNATUS ST,2054953,13/08/00,Sun,1210,GD,CS1C,331A ,,R,D,B ,F ,X,N,C,50,0,0,0,,,1747813,5425053,-41.31245072,174.7658834
Wellington City,MILLS ROAD,10,S, ,GOWRIE ST,2011169,28/01/00,Fri,1550,NA,VS1E,500B 713B ,,R,D,O ,FF,T,N,C,50,0,0,1,19,,1747830,5425191,-41.31120512,174.7660529
Wellington City,MIRAMAR AVENUE,, ,I,COBHAM DRIVE,2052631,21/05/00,Sun,543,DB,CW1,111A 400A ,I,M,D,DO,F ,T,N,R,50,0,0,0,,,1751637,5424734,-41.31461296,174.8116256
Wellington City,MIRAMAR AVENUE,, ,I,HOBART ST,2052083,6/05/00,Sat,1120,KB,CN2C,302A ,,R,W,O ,L ,X,G,P,50,0,0,0,,,1752041,5424518,-41.31648159,174.816504
Wellington City,MIRAMAR AVENUE,, ,I,HOBART ST,2054826,20/10/00,Fri,2055,HA,ME1X,302B ,,R,D,DO,F ,X,G,P,50,0,0,0,,,1752036,5424529,-41.3163835,174.8164415
Wellington City,MIRAMAR AVENUE,, ,I,MAUPUIA ROAD,2011713,10/04/00,Mon,1950,JA,CE1C,113B 309B ,,R,W,DO,L ,T,N,R,50,0,0,1,,,1751725,5424711,-41.31480348,174.8126822
Wellington City,MIRAMAR AVENUE,, ,I,PARK ROAD,2052272,20/04/00,Thu,820,JA,CE1V,302B 377B ,,R,W,O ,FS,T,G,C,50,0,0,0,,,1752017,5424540,-41.31628805,174.8162119
Wellington City,MIRAMAR AVENUE,, ,I,PARK ROAD,2054280,2/09/00,Sat,1710,HA,CE1C,302A 801 ,,R,W,O ,H ,X,G,P,50,0,0,0,,,1752017,5424540,-41.31628805,174.8162119
Wellington City,MIRAMAR AVENUE,20,E, ,SHELLY BAY ROAD,2053187,10/07/00,Mon,1800,EC,CW1,359A ,I,R,D,DO,F , ,N,R,50,0,0,0,,,1751656,5424729,-41.3146544,174.8118538
Wellington City,MIRAMAR AVENUE,20,W, ,SHELLY BAY ROAD,2050437,28/01/00,Fri,1655,MC,VE1V,181A 193B 372B ,,R,D,B ,F , ,N,R,50,0,0,0,,,1751656,5424729,-41.3146544,174.8118538
Wellington City,MIRAMAR AVENUE,, ,I,STONE ST,2052983,3/07/00,Mon,1207,DB,CW1C,331A ,,R,W,O ,LS,T,N,P,50,0,0,0,,,1751949,5424579,-41.31594974,174.8153901
Wellington City,MIRAMAR AVENUE,20,E, ,TAUHINU ROAD,2051198,14/03/00,Tue,1700,JA,CE1C,151A 308B 387B 922 ,,R,D,O ,F ,D,N,P,50,0,0,0,,,1751799,5424668,-41.3151767,174.8135766
Wellington City,MIRAMAR NORTH ROAD,200,N, ,PARK ROAD,2050632,28/01/00,Fri,850,DA,CN1,410A ,P,E,D,B ,F , ,N,N,50,0,0,0,,,1752353,5425383,-41.30863495,174.8200131
Wellington City,MITCHELL ST,, ,I,KAREPA ST,2013095,19/12/00,Tue,1530,EC,TE2CC,820 826 ,XP,R,D,B ,F ,T,N,C,50,0,1,0,,,1747182,5425621,-41.30745211,174.758211
Wellington City,MOA POINT ROAD,100,S, ,COCHRANE ST,2012594,10/09/00,Sun,130,DA,CE1,103A ,FG,M,D,DN,F , ,N,C,50,0,0,1,,,1751030,5423187,-41.32865488,174.8047615
Wellington City,MOA POINT ROAD,150,W, ,STEWART DUFF DRIVE,2013020,2/12/00,Sat,1820,DB,VS1,101A 136A 631A ,C,M,D,B ,FS, ,N,C,50,0,0,1,,,1751246,5422368,-41.33598803,174.8075453
Wellington City,MOLESWORTH ST,, ,I,HAWKESTONE ST,2052964,15/06/00,Thu,1420,MO,TE2X,386A 440A 817 ,Q,R,D,DF,F ,T,G,C,50,0,0,0,,,1748901,5429192,-41.27498541,174.7778631
Wellington City,MOLESWORTH ST,20,N, ,HILL ST,2011698,20/03/00,Mon,1020,NA,VN1E,711B 712B ,,R,W,O ,F , ,N,C,50,0,0,1,16,,1748890,5428992,-41.27678813,174.7777807
Wellington City,MOLESWORTH ST,, ,I,KATE SHEPPARD PLACE,2012476,8/09/00,Fri,930,NF,CW2E,370A 711B ,,E,D,O ,F ,T,G,C,50,0,0,1,14,,1748879,5428885,-41.27775353,174.7776755
Wellington City,MOLESWORTH ST,, ,I,LITTLE PIPITEA ST,2055402,21/10/00,Sat,1205,GC,CN1C,171A ,,R,D,B ,F ,X,N,C,50,0,0,0,,,1748901,5429192,-41.27498541,174.7778631
Wellington City,MOLESWORTH ST,, ,I,PIPITEA ST,2011849,27/03/00,Mon,1420,NB,CW2E,383A 719B ,,R,D,B ,F ,T,G,C,50,0,0,1,21,,1748897,5429139,-41.27546333,174.7778283
Wellington City,MONORGAN ROAD,, ,I,BROADWAY,2051994,15/05/00,Mon,1610,FB,CN1C,331A 387A ,,R,D,TF,FS,X,S,C,50,0,0,0,,,1752142,5423554,-41.32514163,174.8179513
Wellington City,MONORGAN ROAD,, ,I,RAUKAWA ST,2053021,2/07/00,Sun,1610,LB,CN1C,303B ,,R,W,O ,L ,Y,G,C,50,0,0,0,,,1752153,5423196,-41.32836269,174.8181723
Wellington City,MONORGAN ROAD,, ,I,RAUKAWA ST,2056101,22/12/00,Fri,20,GD,CS1C,101A 158A ,,R,D,DO,F ,T,N,C,50,0,0,0,,,1752153,5423196,-41.32836269,174.8181723
Wellington City,MONORGAN ROAD,, ,I,RAUKAWA ST,2051178,14/03/00,Tue,1830,BC,CE2T,122A 402A ,,R,D,O ,F ,T,N,C,50,0,0,0,,,1752153,5423196,-41.32836269,174.8181723
Wellington City,MONOWAI ROAD,100,S, ,CLIFFORD ROAD,2050473,11/01/00,Tue,2133,CB,CN1,101A 524A 525A ,C,R,D,TF,F , , ,N,50,0,0,0,,,1751405,5435609,-41.21674532,174.8061543
Wellington City,MONTGOMERY AVENUE,200,N, ,VICTORY AVENUE,2012064,14/07/00,Fri,2330,EA,CN1VC,103A ,MM,M,D,DO,F , ,N,C,50,0,0,1,,,1744913,5428472,-41.28219344,174.7304391
Wellington City,MOOREFIELD ROAD,, ,I,BRODERICK ROAD,2012381,14/07/00,Fri,1400,HA,CE2C,322B 334B ,SC,R,D,B ,F ,X,T,C,50,0,0,2,,,1751177,5434767,-41.22436882,174.8036441
Wellington City,MOOREFIELD ROAD,30,E, ,FRANKMOORE AVENUE,2052353,11/03/00,Sat,1645,JA,CW1C,308A 926 ,,R,D,O ,F ,D,N,C,50,0,0,0,,,1751400,5435018,-41.22206727,174.8062411
Wellington City,MOOREFIELD ROAD,30,S, ,FRANKMOORE AVENUE,2012166,10/08/00,Thu,2000,NB,CN1E,726B ,,R,D,DO,F , ,N,P,50,0,0,1,4,,1751355,5434979,-41.22242682,174.8057142
Wellington City,MOOREFIELD ROAD,100,S, ,FRANKMOORE AVENUE,2052462,5/04/00,Wed,1300,KB,CN1C,308A 382B 925 ,,R,D,O ,F ,D,N,C,50,0,0,0,,,1751303,5434933,-41.2228507,174.8051055
Wellington City,MOOREFIELD ROAD,15,S, ,IRONSIDE ROAD,2052362,23/03/00,Thu,1930,AD,CN1C,101A 500A ,IK,E,D,TO,F ,R,G,R,50,0,0,0,,,1751515,5435160,-41.22076726,174.8075772
Wellington City,MOOREFIELD ROAD,, ,I,JOHNSONVILLE ROAD,2053102,13/07/00,Thu,1505,HA,CS1C,302A 353A ,,R,D,B ,F ,R,G,R,50,0,0,0,,,1751503,5435082,-41.22147177,174.8074535
Wellington City,MORTIMER TERRACE,, ,I,DURHAM ST,2054823,5/07/00,Wed,930,BA,CS1C,124A 125B 818 ,,R,W,B ,F ,Y,N,N,50,0,0,0,,,1747574,5426728,-41.29741363,174.7626231
Wellington City,MOUNT ALBERT ROAD,200,N, ,VOLGA ST,2052240,7/05/00,Sun,2230,BC,CN1C,103A 121A ,,M,W,DO,L , ,N,C,50,0,0,0,,,1748946,5423323,-41.32781815,174.7798367
Wellington City,MOUNT ALBERT ROAD,250,N, ,VOLGA ST,2052069,23/04/00,Sun,1610,BC,CS1C,121A 400A ,,S,W,O ,L , ,N,C,50,0,0,0,,,1748969,5423361,-41.32747178,174.7801021
Wellington City,MOUNT ALBERT ROAD,, ,I,VOLGA ST,2050494,17/01/00,Mon,1925,GD,CS1C,331A ,,M,D,TN,F ,T,N,C,50,0,0,0,,,1748972,5423254,-41.32843458,174.7801641
Wellington City,MOXHAM AVENUE,, ,I,KUPE ST,2050754,25/02/00,Fri,145,DA,CW2,103A 131A 517A ,H,E,D,DO,F ,Y,G,C,50,0,0,0,,,1750015,5425301,-41.30981137,174.7921167
Wellington City,MOXHAM AVENUE,5,S, ,TAPIRI ST,2054066,30/08/00,Wed,30,EA,VS1C,103A ,M,R,D,DO,L ,T,N,C,50,0,0,0,,,1750132,5425715,-41.30606223,174.7934116
Wellington City,MOXHAM AVENUE,50,N, ,TAURIMA ST,2050552,15/01/00,Sat,1100,QD,CS1C,428A ,M,R,D,B ,F , ,N,C,50,0,0,0,,,1750197,5425921,-41.30419544,174.7941368
Wellington City,MULGRAVE ST,50,S, ,AITKEN ST,2056197,11/12/00,Mon,1553,EA,TS1V,129A ,M,E,W,O ,L , ,N,C,50,0,0,0,,,1749061,5428913,-41.27746786,174.7798408
Wellington City,MULGRAVE ST,50,S, ,MURPHY ST,2055688,27/10/00,Fri,1950,MA,CS1V,331A ,,R,D,TF,F , ,N,C,50,0,0,0,,,1749071,5429081,-41.27595344,174.7799191
Wellington City,MULGRAVE ST,, ,I,PIPITEA ST,2013042,3/12/00,Sun,2145,GB,CS1C,101A 171B ,C,R,D,DO,F ,X,T,C,50,0,0,1,,,1749061,5429129,-41.27552312,174.779788
Wellington City,MULGRAVE ST,, ,I,PIPITEA ST,2053024,11/07/00,Tue,1825,HA,CW2X,322B ,,R,D,DO,F ,X,T,C,50,0,0,0,,,1749061,5429129,-41.27552312,174.779788
Wellington City,MURPHY ST,, ,I,MOLESWORTH ST,2052097,13/04/00,Thu,1110,KB,CS1V,303B 404B ,,S,D,B ,F ,Y,N,N,50,0,0,0,,,1748918,5429475,-41.2724343,174.7779968
Wellington City,NEVAY ROAD,100,N, ,FORTIFICATION ROAD,2053049,19/06/00,Mon,2300,FB,CN1C,131A ,M,M,D,DO,F , ,N,C,50,0,0,0,,,1753136,5426302,-41.3002128,174.829131
Wellington City,NEVAY ROAD,, ,I,NAPIER ST,2011293,7/02/00,Mon,1500,DA,VS1,111A 402A 632A ,T,M,D,B ,F ,X,N,C,50,0,0,2,,,1753145,5425641,-41.30616218,174.8294048
Wellington City,NEWLANDS ROAD,100,N, ,BLACK ROCK ROAD,2011803,26/05/00,Fri,2230,EA,CS1V,104A 358A ,MF,E,D,DO,F , ,N,C,50,0,0,1,,,1752457,5434388,-41.22754092,174.8190026
Wellington City,NEWLANDS ROAD,5,W, ,HURRING PLACE,2012735,27/10/00,Fri,1715,EA,CW1B,103A ,Q,R,D,B ,F ,T,N,P,50,0,0,1,,,1751940,5433974,-41.23136557,174.8129401
Wellington City,NEWLANDS ROAD,50,E, ,NEWLANDS OFF SBD,2013014,9/12/00,Sat,2000,PA,CE1E,105B 510B 701B ,,R,D,TF,F , ,N,R,50,0,0,1,26,,1751903,5433973,-41.23138152,174.8124991
Wellington City,NEWLANDS ROAD,, ,I,NEWLANDS ON SBD,2051004,27/01/00,Thu,1445,MC,CW1C,372B ,,R,D,B ,F ,M,G,P,50,0,0,0,,,1751853,5433974,-41.2313819,174.8119025
Wellington City,NEWLANDS ROAD,10,S, ,SALFORD ST,2052229,20/04/00,Thu,2317,CC,CS1C,,M,R,W,DO,L ,T,N,C,50,0,0,0,,,1752391,5434206,-41.22919196,174.8182609
Wellington City,NGATOTO ST,20,E, ,SWANSEA ST,2055099,19/10/00,Thu,1531,CO,CE1,430A 510A ,F,R,D,B ,F , ,N,N,50,0,0,0,,,1749438,5432076,-41.24892027,174.783565
Wellington City,NGAURANGA ON NBD,50,E, ,HUTT ROAD,2011801,18/05/00,Thu,750,EC,SW1,135A 810 ,X,E,D,B ,F , ,N,N,100,0,0,1,,48,1751967,5432159,-41.24770156,174.8137139
Wellington City,NGAURANGA ON NBD,80,E, ,HUTT ROAD,2053027,11/04/00,Tue,20,DA,CW1,135A 806 ,B,M,W,DO,L , ,N,R,100,0,0,0,,,1751988,5432137,-41.24789569,174.8139699
Wellington City,NGAURANGA ON NBD,80,S, ,HUTT ROAD,2053025,12/06/00,Mon,1950,DA,VS1,111A ,G,M,W,DO,L , ,N,N,100,0,0,0,,,1751988,5432137,-41.24789569,174.8139699
Wellington City,NGAURANGA ON NBD,, ,I,HUTT ROAD,2011164,12/01/00,Wed,415,DA,MW1,111A ,,E,D,DO,F ,M,T,R,100,0,0,1,,,1751936,5432198,-41.24735626,174.8133344
Wellington City,NICHOLSON ROAD,, ,I,DEKKA ST,2050763,24/02/00,Thu,810,HA,CW1C,302B 902 ,,E,D,B ,F ,X,G,R,50,0,0,0,,,1749962,5432190,-41.24779685,174.7897881
Wellington City,NORTHLAND ROAD,40,E, ,FARM ROAD,2050535,22/01/00,Sat,5,MO,CW1,103A 385A ,H,E,D,DO,FS, ,N,C,50,0,0,0,,,1747174,5428305,-41.2832881,174.7574665
Wellington City,NORTHLAND ROAD,, ,I,GARDEN ROAD,2055299,22/11/00,Wed,1758,GB,CW1C,158A ,,R,D,B ,FF,Y,G,R,50,0,0,0,,,1747185,5428305,-41.2832861,174.7575978
Wellington City,NORTHLAND ROAD,, ,I,GARDEN ROAD,2051999,12/05/00,Fri,715,GB,CW1C,387A 175B ,,E,D,O ,F ,Y,N,C,50,0,0,0,,,1747185,5428305,-41.2832861,174.7575978
Wellington City,NORTHLAND ROAD,30,E, ,WOBURN ROAD,2052080,17/04/00,Mon,1430,EA,CN1CC,501A ,MM,M,D,B ,F , ,N,C,50,0,0,0,,,1747277,5428487,-41.28163068,174.7586519
Wellington City,NORTHLAND ROAD,100,E, ,WOBURN ROAD,2054315,8/09/00,Fri,1700,DA,CW1V,614A 800 ,M,M,W,O ,L , ,N,C,50,0,0,0,,,1747328,5428516,-41.28136027,174.7592536
Wellington City,NORTHLAND ROAD,200,E, ,WOBURN ROAD,2054256,17/09/00,Sun,1505,MA,CE1C,110A 373B ,,S,D,B ,F , ,N,R,50,0,0,0,,,1747329,5428612,-41.28049575,174.7592423
Wellington City,NORTHLAND ROAD,40,S, ,WOBURN ROAD,2050458,6/02/00,Sun,216,EA,CN1C,352A ,M,R,D,DO,F , ,N,N,50,0,0,0,,,1747244,5428442,-41.28204185,174.7582689
Wellington City,OHARIU VALLEY ROAD,4000,W, ,OHARIU ROAD,2054127,27/07/00,Thu,2330,DA,CW1,111A ,F,M,D,O ,F , ,N,C,100,0,0,0,,,1748794,5436895,-41.20565096,174.7747084
Wellington City,OHIRO ROAD,150,S, ,BORLASE ST,2052371,1/04/00,Sat,400,MG,CS1C,103B ,,R,D,DO,F , , ,N,50,0,0,0,,,1747456,5425005,-41.31294822,174.761632
Wellington City,OHIRO ROAD,380,S, ,BORLASE ST,2050553,17/01/00,Mon,2155,EA,CS1C,103A 331A ,M,R,D,DO,F , , ,C,50,0,0,0,,,1747402,5424782,-41.31496587,174.7610412
Wellington City,OHIRO ROAD,500,S, ,BORLASE ST,2055752,16/12/00,Sat,1130,DA,CN1,412A ,V,E,W,O ,L , ,N,C,50,0,0,0,,,1747395,5424663,-41.31603856,174.7609864
Wellington City,OHIRO ROAD,, ,I,BROOKLYN ROAD,2053081,1/07/00,Sat,1600,LB,CS1C,302A ,,E,D,O ,F ,T,G,P,50,0,0,0,,,1747693,5426137,-41.30271293,174.7641873
Wellington City,OHIRO ROAD,15,S, ,MCKINLEY CRESCENT,2051381,22/03/00,Wed,1935,GD,CN1C,331A ,,R,D,DO,F ,T,N,C,50,0,0,0,,,1747590,5425705,-41.30662128,174.7630623
Wellington City,OHIRO ROAD,, ,I,MCKINLEY CRESCENT,2012049,17/07/00,Mon,1705,LB,SS1C,375B ,,R,D,TF,F ,T,N,C,50,0,0,1,,31,1747596,5425718,-41.30650314,174.7631308
Wellington City,OHIRO ROAD,, ,I,TODMAN ST,2012596,15/10/00,Sun,2030,LB,CN1P,303A 801 ,,R,W,DO,H ,X,T,C,50,0,1,0,,,1747614,5425844,-41.30536541,174.7633151
Wellington City,OLD KARORI ROAD,100,E, ,CHAYTOR ST,2054057,25/08/00,Fri,740,MC,CE1C,372B ,,M,D,O ,F , ,N,C,50,0,0,0,,,1746682,5428664,-41.28014534,174.7515075
Wellington City,OLD PORIRUA ROAD,50,W, ,KAIWHARAWHARA ROAD,2053083,26/06/00,Mon,1550,ND,CE1C,131A 818 ,,M,W,O ,L , ,N,N,50,0,0,0,,,1749641,5431109,-41.25758907,174.7862239
Wellington City,OLD PORIRUA ROAD,150,W, ,KAIWHARAWHARA ROAD,2053777,20/07/00,Thu,855,BB,CE1C,111A ,,E,W,O ,F , ,N,N,50,0,0,0,,,1749541,5431102,-41.2576706,174.7850325
Wellington City,ONEPU ROAD,50,N, ,APU CRESCENT,2055344,31/10/00,Tue,1710,MA,CN1C,373B ,,R,W,O ,L , ,N,C,50,0,0,0,,,1750249,5423501,-41.32597378,174.7953556
Wellington City,ONEPU ROAD,40,S, ,COUTTS ST,2054829,21/10/00,Sat,1540,GE,CS1C,160A 929 ,,R,D,B ,F ,D,N,C,50,0,0,0,,,1750277,5424109,-41.32049456,174.7955397
Wellington City,ONEPU ROAD,, ,I,COUTTS ST,2052251,25/05/00,Thu,920,LB,MS1C,303B ,,R,D,B ,F ,X,T,C,50,0,0,0,,,1750286,5424148,-41.32014175,174.7956376
Wellington City,ONEPU ROAD,, ,I,CRUICKSHANK ST,2051193,11/03/00,Sat,1845,GF,CS1C,160A 387A ,,R,D,TF,F ,T,N,C,50,0,0,0,,,1750265,5424051,-41.32101899,174.7954107
Wellington City,ONEPU ROAD,, ,I,RONGOTAI ROAD,2052364,31/03/00,Fri,1315,GF,TN1C,359A 381A ,,R,D,B ,F ,X,T,R,50,0,0,0,,,1750349,5424370,-41.31813128,174.796335
Wellington City,ONSLOW ROAD,30,S, ,BENARES ST,2052975,12/06/00,Mon,1030,BD,CS1C,322A 817 ,,M,W,O ,F , ,T,C,50,0,0,0,,,1751159,5432115,-41.24824919,174.804086
Wellington City,ONSLOW ROAD,100,S, ,HOMEBUSH ROAD,2054393,13/08/00,Sun,1527,DB,CN1,380A 402A ,C,M,D,B ,F , ,N,C,50,0,0,0,,,1751205,5431723,-41.2517699,174.8047319
Wellington City,ONSLOW ROAD,110,S, ,HOMEBUSH ROAD,2054197,25/01/00,Tue,1800,DA,CS1,111A 131A ,F,S,W,O ,H , ,N,C,50,0,0,0,,,1751201,5431714,-41.25185168,174.8046864
Wellington City,ONSLOW ROAD,160,S, ,HOMEBUSH ROAD,2050737,7/03/00,Tue,1019,DA,CS1,132A ,FW,S,W,O ,L , ,N,C,50,0,0,0,,,1751167,5431725,-41.251759,174.8042781
Wellington City,ORANGI KAUPAPA ROAD,100,N, ,BEDFORD ST,2051175,24/03/00,Fri,2200,EA,CS1C,101A 817 ,GM,M,D,DO,F , ,N,N,50,0,0,0,,,1747647,5429196,-41.27517961,174.7628963
Wellington City,ORANGI KAUPAPA ROAD,100,N, ,GARDEN ROAD,2052324,28/05/00,Sun,950,BD,CN1C,201A ,,M,D,O ,F , ,N,N,50,0,0,0,,,1747589,5428446,-41.28194286,174.7623858
Wellington City,ORANGI KAUPAPA ROAD,40,N, ,GLAMORGAN ST,2012681,13/10/00,Fri,1410,PD,CS1E,383A 722B ,,R,D,B ,F , ,N,N,50,0,0,1,16,,1747507,5429347,-41.27384565,174.7611889
Wellington City,ORIEL AVENUE,40,S, ,BALLIOL DRIVE,2012198,1/08/00,Tue,150,DA,CN1,103A ,ST,M,W,DO,F , ,N,N,40,0,0,2,,,1752370,5439983,-41.17718339,174.8165711
Wellington City,ORIENTAL PARADE,50,S, ,CABLE ST,2012903,1/12/00,Fri,950,PC,CW1E,311A 353A 930 ,,R,D,B ,F ,D,N,N,50,0,0,1,20,,1749452,5427190,-41.29290848,174.7849302
Wellington City,ORIENTAL PARADE,, ,I,CABLE ST,2054971,30/10/00,Mon,1627,FB,CS1M,206A 353A 357B 440B ,,R,D,B ,F ,T,N,R,50,0,0,0,,,1749487,5427226,-41.29257788,174.7853391
Wellington City,ORIENTAL PARADE,300,W, ,CARLTON GORE ROAD,2053189,16/07/00,Sun,1515,MC,CW1C,373B ,,R,D,B ,F , ,N,P,50,0,0,0,,,1750483,5427523,-41.28971882,174.7971555
Wellington City,ORIENTAL PARADE,30,E, ,GRASS ST,2052239,2/05/00,Tue,1540,MC,ME1V,372B ,,E,D,B ,F , ,N,C,50,0,0,0,,,1750435,5427424,-41.29061909,174.796607
Wellington City,ORIENTAL PARADE,50,E, ,GRASS ST,2055318,9/11/00,Thu,830,MC,MW1C,151A 372A ,,E,D,O ,F , ,N,P,50,0,0,0,,,1750445,5427441,-41.29046417,174.7967221
Wellington City,ORIENTAL PARADE,60,N, ,GRASS ST,2050739,2/02/00,Wed,1042,MC,CW1C,372B ,,R,D,O ,F , ,N,C,50,0,0,0,,,1750450,5427450,-41.29038221,174.7967796
Wellington City,ORIENTAL PARADE,30,W, ,HAY ST,2055331,8/11/00,Wed,1310,FB,CE1C,331A 929 ,,E,D,O ,F ,D,N,C,50,0,0,0,,,1750240,5427355,-41.29127664,174.7942962
Wellington City,ORIENTAL PARADE,200,E, ,HERD ST,2052331,25/05/00,Thu,1130,MA,CW1C,373B ,F,R,D,B ,F , ,N,C,50,0,0,0,,,1749780,5427333,-41.2915602,174.7888105
Wellington City,ORIENTAL PARADE,200,W, ,ORIENTAL TERRACE,2050537,5/01/00,Wed,1315,GE,ME1C,151A 372B 929 ,,R,D,B ,F , ,N,P,50,0,0,0,,,1750011,5427418,-41.29075202,174.7915471
Wellington City,ORIENTAL PARADE,, ,I,WAKEFIELD ST,2012012,28/06/00,Wed,1855,ND,CS1E,370A 710B 831 ,,E,W,DO,L ,T,N,C,50,0,0,1,70,,1749418,5427155,-41.29322989,174.7845329
Wellington City,OTTAWA ROAD,20,S, ,AWARUA ST,2053070,8/06/00,Thu,1340,MB,CN1C,382A 387A ,,R,D,B ,F , ,N,C,50,0,0,0,,,1748688,5432213,-41.24782508,174.7745844
Wellington City,OTTAWA ROAD,20,N, ,CROFTON ROAD,2052629,7/06/00,Wed,1720,EA,CN1C,330A ,M,R,D,O ,L , ,N,C,50,0,0,0,,,1748578,5431942,-41.25028526,174.7733381
Wellington City,OTTAWA ROAD,50,N, ,CROFTON ROAD,2053986,27/07/00,Thu,2214,FA,VN1C,181A ,,E,D,DO,F , ,N,C,50,0,0,0,,,1748596,5431966,-41.25006587,174.773547
Wellington City,OTTAWA ROAD,150,N, ,CROFTON ROAD,2054349,22/08/00,Tue,914,FC,CN1C,197A 331A ,P,E,D,O ,F , ,N,X,50,0,0,0,,,1748650,5432050,-41.24929965,174.7741708
Wellington City,OWEN ST,, ,I,HARPER ST,2011830,19/04/00,Wed,450,LB,SN1C,602A 303B 375B ,,R,D,DO,F ,T,N,N,50,0,1,0,,26,1749400,5424797,-41.3144632,174.784897
Wellington City,OWHIRO BAY PARADE,, ,I,HAPPY VALLEY ROAD,2055696,7/12/00,Thu,1140,LB,CE1C,303A ,,M,W,B ,F ,Y,N,C,50,0,0,0,,,1747183,5421504,-41.34451924,174.7592199
Wellington City,OWHIRO BAY PARADE,60,W, ,SEVERN ST,2012536,8/10/00,Sun,140,DA,CW1,111A ,,M,D,DN,F , ,N,C,50,0,0,3,,,1747284,5421155,-41.34764298,174.7605113
Wellington City,PANAMA ST,20,E, ,LAMBTON QUAY,2054755,3/10/00,Tue,920,MO,TS1C,386A 930 ,M,R,W,O ,H ,D,N,C,50,0,0,0,,,1748697,5428219,-41.28378337,174.7756659
Wellington City,PARK ROAD,100,N, ,MIRAMAR NORTH ROAD,2054518,6/10/00,Fri,1530,MD,CS1V,308B 377B 839 930 ,,R,D,B ,F ,D,N,C,50,0,0,0,,,1752467,5425303,-41.30933367,174.8213943
Wellington City,PARK ST,, ,I,TINAKORI ROAD,2011824,29/04/00,Sat,1340,FE,CE1C,420A 427A ,P,R,D,B ,F ,X,T,C,50,0,0,1,,,1748883,5429555,-41.27172047,174.7775596
Wellington City,PARKVALE ROAD,10,S, ,SAMUEL PARNELL ROAD,2012867,20/11/00,Mon,1545,NA,CN1H,712B ,,R,D,O ,F ,T,G,C,50,0,0,1,9,,1745439,5428373,-41.28299023,174.7367411