TLA NAME,CRASH ROAD,CRASH DIST,CRASH DIRN,INTSN,SIDE ROAD,CRASH ID,CRASH DATE,CRASH DOW,CRASH TIME,MVMT,VEHICLES,CAUSES,OBJECTS STRUCK,ROAD CURVE,ROAD WET,LIGHT,WTHRa,JUNC TYPE,TRAF CTRL,ROAD MARK,SPD LIM,CRASH FATAL CNT,CRASH SEV CNT,CRASH MIN CNT,PERS AGE1,PERS AGE2,EASTING,NORTHING,latitude,longitude
Wellington City,PEMBROKE ROAD,80,N, ,ALBEMARLE ROAD,2055400,12/10/00,Thu,1428,JA,CN1C,308B 922 ,,E,W,O ,LS,D,N,N,50,0,0,0,,,1747508,5428882,-41.27803211,174.7613134
Wellington City,PEMBROKE ROAD,, ,I,ALBEMARLE ROAD,2012942,11/12/00,Mon,1801,LB,SN1C,303B ,,E,W,O ,H ,T,G,C,50,0,0,1,,39,1747528,5428805,-41.27872173,174.7615708
Wellington City,PEMBROKE ROAD,, ,A,MAIRANGI ROAD,2052234,4/04/00,Tue,1900,MB,CS1C,110A 132A ,,M,D,DO,F , ,N,C,50,0,0,0,,,1747730,5429915,-41.26869089,174.7637126
Wellington City,PICKERING ST,90,N, ,KAIWHARAWHARA ROAD,2052438,1/05/00,Mon,1500,MO,VN1V,120A 308A 839 929 ,,R,D,B ,F ,D,N,N,50,0,0,0,,,1749957,5430916,-41.25926816,174.7900416
Wellington City,PIMLICO PLACE,40,S, ,COLCHESTER CRESCENT,2054303,7/09/00,Thu,1745,QD,CW1VT,428A ,M,E,W,DO,L , ,N,N,50,0,0,0,,,1753396,5435158,-41.2204309,174.8300072
Wellington City,PIPITEA ST,, ,I,MURPHY ST,2012063,27/06/00,Tue,1735,LB,MW1C,303A ,,R,D,DO,F ,X,T,C,50,0,1,0,,,1749061,5429129,-41.27552312,174.779788
Wellington City,PIRIE ST,, ,I,AUSTIN ST,2052087,11/04/00,Tue,1530,HA,CS2C,301A 377A ,,R,D,O ,F ,X,S,C,50,0,0,0,,,1749617,5426546,-41.29867609,174.7870582
Wellington City,PIRIE ST,50,E, ,BROUGHAM ST,2011710,28/04/00,Fri,1525,NA,CW1E,712B 713B 839 ,,R,D,B ,F , ,N,C,50,0,0,2,14,,1749466,5426613,-41.29810085,174.785239
Wellington City,PIRIE ST,15,E, ,KENT TERRACE,2011828,21/04/00,Fri,1535,NA,VE1E,712B 713B 727B ,,R,D,B ,F , ,N,C,50,0,0,1,3,,1749234,5426717,-41.29720743,174.7824437
Wellington City,PROSPECT TERRACE,160,S, ,WOODLAND ROAD,2054959,21/10/00,Sat,1927,DB,CN1,132A 402A 614A ,FT,S,D,TF,F , ,N,N,50,0,0,0,,,1750830,5434839,-41.22378533,174.7994883
Wellington City,PUNJAB ST,100,E, ,COCKAYNE ROAD,2054056,21/07/00,Fri,915,BD,BE1C,121A 123B 831 ,,M,D,O ,F , ,N,C,50,0,0,0,,,1749618,5431697,-41.25229929,174.7858053
Wellington City,QUEENS DRIVE,, ,I,COUTTS ST,2012499,21/09/00,Thu,1515,ND,VN1E,306A ,,E,D,B ,F ,T,G,P,50,0,0,1,8,,1750145,5424182,-41.31986191,174.7939453
Wellington City,QUEENS DRIVE,5,N, ,RUA ST,2052974,19/06/00,Mon,805,MA,CN1C,373A ,,R,D,O ,F ,X,N,C,50,0,0,0,,,1749940,5423064,-41.32996576,174.7917729
Wellington City,RAJKOT TERRACE,60,S, ,NALANDA CRESCENT,2054820,15/10/00,Sun,1215,QD,VS1C,527A ,FHM,E,W,O ,L , ,N,C,50,0,0,0,,,1750469,5433652,-41.23453964,174.7954758
Wellington City,RANDWICK ROAD,50,S, ,CURTIS ST,2055349,4/11/00,Sat,855,GE,XS1V,144B 929 ,,R,D,B ,F ,D,N,N,50,0,0,0,,,1747027,5428701,-41.27974947,174.7556163
Wellington City,RAROA CRESCENT,, ,I,NORTHLAND TUNNEL ROAD,2055556,27/11/00,Mon,1120,GB,CN1V,158A 175A ,,E,D,O ,F ,X,G,C,50,0,0,0,,,1746949,5428030,-41.28580506,174.7548472
Wellington City,RAROA ROAD,500,S, ,FAIRVIEW CRESCENT,2051201,21/02/00,Mon,2000,BC,CS1M,108A 121A 357A ,,M,D,TO,F , ,N,C,50,0,0,0,,,1747361,5427423,-41.29119511,174.759912
Wellington City,RAROA ROAD,60,E, ,NORNA CRESCENT,2011760,21/04/00,Fri,100,DB,CW1,103A 111A ,CK,M,D,DN,F , ,N,C,50,0,0,1,,,1747239,5427632,-41.28933563,174.7584051
Wellington City,RAROA ROAD,200,E, ,NORNA CRESCENT,2054960,26/10/00,Thu,2150,EA,CE1C,842,M,E,D,DO,F , ,N,C,50,0,0,0,,,1747115,5427660,-41.28910614,174.7569181
Wellington City,RAROA ROAD,, ,I,NORNA CRESCENT,2052453,7/04/00,Fri,2035,GA,MN1C,137A 157A ,F,M,D,DO,F ,Y,N,C,50,0,0,0,,,1747222,5427575,-41.28985193,174.7582159
Wellington City,RAROA ROAD,20,S, ,PLUNKET ST,2012175,19/07/00,Wed,950,EA,CS1C,330A ,MH,M,D,BF,F ,Y,N,C,50,0,0,2,,,1747240,5427622,-41.28942549,174.7584194
Wellington City,RAROA ROAD,, ,I,PLUNKET ST,2053977,4/08/00,Fri,2045,LB,XE1C,303B ,,M,D,TO,F ,T,G,C,50,0,0,0,,,1747234,5427640,-41.28926452,174.7583434
Wellington City,RAUKAWA ST,120,S, ,TAIAROA ST,2054284,2/09/00,Sat,1520,JA,CE1V,110A 370A 820 929 ,,R,W,O ,H ,D,N,C,50,0,0,0,,,1751993,5422718,-41.33269639,174.8163809
Wellington City,RHODES ST,50,E, ,RIDDIFORD ST,2052252,21/05/00,Sun,1400,MC,CE1C,372B ,,R,D,O ,F , ,N,N,50,0,0,0,,,1749099,5424563,-41.31662569,174.78136
Wellington City,RHODES ST,100,W, ,RIDDIFORD ST,2054089,13/08/00,Sun,1745,EA,CW1C,129A ,M,R,D,DO,F , ,N,C,50,0,0,0,,,1749149,5424574,-41.31651741,174.7819544
Wellington City,RIDDIFORD ST,150,S, ,ADELAIDE ROAD,2054079,19/08/00,Sat,2130,MC,VS1X,372B ,,R,W,DO,L , ,N,C,50,0,0,0,,,1748863,5425461,-41.30858423,174.7783218
Wellington City,RIDDIFORD ST,, ,I,CONSTABLE ST,2050484,29/01/00,Sat,2137,DA,CW2,124A 402A ,S,R,W,DO,H ,T,T,R,50,0,0,0,,,1748980,5424883,-41.3137666,174.7798605
Wellington City,RIDDIFORD ST,, ,I,HALL ST,2053126,21/07/00,Fri,1125,HA,VN1C,322A ,,R,W,O ,L ,X,T,N,50,0,0,0,,,1748917,5425201,-41.31091515,174.7790303
Wellington City,RIDDIFORD ST,20,S, ,JOHN ST,2052351,7/04/00,Fri,1420,EE,VS1C,525B 903 ,M,R,D,O ,FS, ,N,R,50,0,0,0,,,1748836,5425588,-41.30744578,174.7779684
Wellington City,RIDDIFORD ST,10,N, ,MEIN ST,2053193,12/07/00,Wed,1324,KB,BN1C,372A ,,R,D,B ,F ,X,T,C,50,0,0,0,,,1748915,5425211,-41.31082549,174.779004
Wellington City,RIDDIFORD ST,, ,I,MEIN ST,2054824,14/10/00,Sat,730,JA,CS1C,322A ,,R,D,O ,F ,X,T,C,50,0,0,0,,,1748917,5425201,-41.31091515,174.7790303
Wellington City,RIDDIFORD ST,, ,I,MEIN ST,2012863,27/11/00,Mon,600,HA,CW2C,101B 322B ,H,R,D,B ,F ,X,T,C,50,0,0,3,,,1748917,5425201,-41.31091515,174.7790303
Wellington City,RIDDIFORD ST,, ,I,NORMANBY ST,2054509,7/10/00,Sat,1145,EA,BW2C,386A 446B ,Q,R,W,O ,L ,T,G,N,50,0,0,0,,,1749005,5424757,-41.31489641,174.7801899
Wellington City,RIDDIFORD ST,10,N, ,REGINA TERRACE,2012736,26/06/00,Mon,800,NA,CS1E,322A ,,R,W,O ,H ,T,T,X,50,0,1,0,26,,1748889,5425332,-41.30974088,174.7786639
Wellington City,RIDDIFORD ST,30,N, ,REGINA TERRACE,2052079,9/05/00,Tue,1605,MA,CS1C,312B 373B 839 ,,R,D,O ,F , ,N,C,50,0,0,0,,,1748885,5425352,-41.30956155,174.7786112
Wellington City,RIDDIFORD ST,40,N, ,REGINA TERRACE,2052451,17/03/00,Fri,1036,AA,BS1C,312A ,,R,D,B ,F , ,T,R,50,0,0,0,,,1748883,5425362,-41.30947188,174.7785849
Wellington City,RIDDIFORD ST,120,N, ,REGINA TERRACE,2052309,24/05/00,Wed,1830,FD,CS1XC,331A 352A ,,R,D,DO,F , ,N,P,50,0,0,0,,,1748867,5425440,-41.30877257,174.7783747
Wellington City,RIDDIFORD ST,, ,I,REGINA TERRACE,2050481,3/02/00,Thu,1755,FD,VS1CV,101A 331A ,,R,D,B ,F ,T,N,C,50,0,0,0,,,1748891,5425323,-41.30982154,174.77869
Wellington City,RIDDIFORD ST,, ,I,RINTOUL ST,2054118,12/08/00,Sat,1451,JA,VN1C,132A 330A ,,E,D,B ,F ,X,T,C,50,0,0,0,,,1748929,5425122,-41.31162421,174.7791929
Wellington City,RINTOUL ST,50,N, ,LAVAUD ST,2054825,30/09/00,Sat,1515,MA,CS1T,371A 830 ,,R,W,O ,L , ,N,C,50,0,0,0,,,1748777,5423823,-41.32334767,174.7776957
Wellington City,RINTOUL ST,, ,I,MILLWARD ST,2012866,18/11/00,Sat,920,JA,CN1C,308A 927 ,,R,W,O ,L ,D,N,C,50,0,0,1,,,1748866,5424867,-41.3139317,174.778503
Wellington City,RINTOUL ST,, ,I,MILLWARD ST,2055341,26/10/00,Thu,1050,JA,CS1C,309B 377B ,,R,D,B ,F ,T,N,C,50,0,0,0,,,1748866,5424867,-41.3139317,174.778503
Wellington City,RINTOUL ST,, ,I,MILTON ST,2012058,24/05/00,Wed,650,LB,XW2S,301B ,,R,D,TF,F ,X,S,C,50,0,0,1,,34,1748800,5424200,-41.31994915,174.7778781
Wellington City,RINTOUL ST,60,S, ,STOKE ST,2053805,21/07/00,Fri,950,JA,CN1CC,112A 197A ,M,R,W,O ,L , ,N,C,50,0,0,0,,,1748838,5424757,-41.31492724,174.7781956
Wellington City,RINTOUL ST,, ,I,WARIPORI ST,2052275,19/04/00,Wed,732,EA,BW2CC,129A 386A 440B ,MM,R,D,O ,F ,X,G,C,50,0,0,0,,,1748808,5424326,-41.31881324,174.7779428
Wellington City,RINTOUL ST,, ,I,WARIPORI ST,2051322,13/03/00,Mon,850,HA,CS1C,302B 817 ,,R,W,O ,L ,X,G,C,50,0,0,0,,,1748808,5424326,-41.31881324,174.7779428
Wellington City,RONGOTAI ROAD,50,E, ,BAY ROAD,2053195,7/07/00,Fri,1438,AC,TE1B,372A ,,R,D,B ,F , ,N,C,50,0,0,0,,,1750289,5424386,-41.31799841,174.7956146
Wellington City,RONGOTAI ROAD,, ,I,BAY ROAD,2052060,1/05/00,Mon,2140,LB,CE1C,303B 402B ,,R,D,DO,F ,X,T,C,50,0,0,0,,,1750241,5424398,-41.31789931,174.7950384
Wellington City,RONGOTAI ROAD,, ,I,BAY ROAD,2052959,15/06/00,Thu,1605,GB,BW1C,373A ,,R,D,B ,F ,X,T,C,50,0,0,0,,,1750241,5424398,-41.31789931,174.7950384
Wellington City,RONGOTAI ROAD,, ,I,BAY ROAD,2055304,14/11/00,Tue,700,GD,CW1X,181A ,,R,D,B ,F ,X,T,C,50,0,0,0,,,1750241,5424398,-41.31789931,174.7950384
Wellington City,RONGOTAI ROAD,20,W, ,CAIRNS ST,2054348,26/08/00,Sat,1446,MA,CW1C,373B ,,R,W,O ,F , ,N,C,50,0,0,0,,,1751009,5424276,-41.31885427,174.8042402
Wellington City,RONGOTAI ROAD,, ,I,CHILDERS TERRACE,2011944,20/05/00,Sat,900,KB,CN2S,321A 363A ,,R,D,B ,F ,X,S,C,50,0,1,0,,50,1750110,5424432,-41.31761759,174.7934656
Wellington City,RONGOTAI ROAD,, ,I,ONEPU ROAD,2055385,26/11/00,Sun,1732,GF,BW1C,175A 372A 158B ,,R,D,B ,F ,M,T,R,50,0,0,0,,,1750349,5424370,-41.31813128,174.796335
Wellington City,RONGOTAI ROAD,20,W, ,ROSS ST,2050491,22/01/00,Sat,900,EA,CW1C,331A 353A 440B ,M,R,D,O ,F , ,N,R,50,0,0,0,,,1750525,5424327,-41.31848559,174.7984475
Wellington City,RONGOTAI ROAD,, ,I,ROSS ST,2052443,10/04/00,Mon,1228,KB,CE1C,303A 645A 382B ,,R,W,O ,L ,T,N,R,50,0,0,0,,,1750544,5424321,-41.31853606,174.7986759
Wellington City,RONGOTAI ROAD,, ,I,ROSS ST,2011166,26/01/00,Wed,815,LB,MW1C,303A 375B ,,R,W,O ,F ,T,G,R,50,0,0,1,,,1750544,5424321,-41.31853606,174.7986759
Wellington City,RONGOTAI ROAD,, ,I,TACY ST,2050439,19/01/00,Wed,1230,KC,CS2C,303B 377B ,,R,D,B ,F ,M,N,C,50,0,0,0,,,1750409,5424359,-41.31821913,174.7970543
Wellington City,RONGOTAI ROAD,40,E, ,YULE ST,2052981,24/06/00,Sat,1110,MC,CE1C,331A ,,R,D,B ,F , ,N,R,50,0,0,0,,,1750666,5424287,-41.31881939,174.8001413
Wellington City,ROSS ST,50,N, ,COUTTS ST,2055750,15/12/00,Fri,2220,MB,CN1C,382A ,,R,D,DO,F , ,N,P,50,0,0,0,,,1750492,5424142,-41.32015736,174.7980992
Wellington City,ROXBURGH ST,20,E, ,MCFARLANE ST,2011950,5/06/00,Mon,1430,BA,CE1CC,201A 400A 197B 331B 843 ,M,R,D,B ,F , ,N,N,50,0,0,1,,,1749688,5427170,-41.29304482,174.7877523
Wellington City,RUA ST,, ,I,FREYBERG ST,2013021,29/12/00,Fri,1455,JO,CE1C,309A ,,E,D,B ,F ,Y,N,C,50,0,0,2,,,1750081,5423053,-41.33003855,174.7934597
Wellington City,RUSKIN ROAD,20,S, ,FITZPATRICK ST,2052005,15/04/00,Sat,420,DB,CN1C,103A 410A ,M,M,D,DO,F , ,N,C,50,0,0,0,,,1752202,5434630,-41.22541012,174.8159013
Wellington City,RUSSELL TERRACE,10,N, ,HERALD ST,2011251,28/02/00,Mon,825,NA,CN1E,713B ,,R,D,O ,F ,T,N,C,50,0,0,2,12,,1749009,5424108,-41.32073887,174.7803967
Wellington City,SALAMANCA ROAD,50,E, ,KELBURN PARADE,2052980,29/05/00,Mon,1305,MA,ME1C,373B ,,M,D,O ,F , ,N,C,50,0,0,0,,,1748162,5427853,-41.28717699,174.7693692
Wellington City,SALAMANCA ROAD,50,N, ,KELBURN PARADE,2055531,15/11/00,Wed,1100,MA,XS1C,129A 400B ,,E,W,O ,L , ,N,C,50,0,0,0,,,1748139,5427947,-41.28633488,174.7690718
Wellington City,SALAMANCA ROAD,100,S, ,KELBURN PARADE,2054753,18/09/00,Mon,1415,EA,MW1C,353A ,M,M,D,B ,F , ,N,N,50,0,0,0,,,1748166,5427803,-41.28762643,174.7694291
Wellington City,SALAMANCA ROAD,, ,I,MOUNT ST,2051216,15/03/00,Wed,1400,MO,TW1C,371A 671A 440B 817 ,,E,D,B ,F ,Y,N,C,50,0,0,0,,,1748315,5427668,-41.28881454,174.7712406
Wellington City,SALEK ST,, ,I,COUTTS ST,2050793,11/01/00,Tue,1430,GF,TN1C,158B ,,R,D,B ,F ,T,G,C,50,0,0,0,,,1750736,5424021,-41.32120118,174.8010432
Wellington City,SALFORD ST,, ,I,COTSWOLD CRESCENT,2052063,14/04/00,Fri,1812,JA,CN1C,309B 375B ,,M,D,DO,F ,T,G,C,50,0,0,0,,,1752195,5434371,-41.2277433,174.8158823
Wellington City,SEATOUN HEIGHTS ROAD,100,N, ,BEERE HAVEN ROAD,2053976,28/07/00,Fri,1400,EA,TS1CC,129A 330A ,M,R,D,B ,F , ,N,N,50,0,0,0,,,1752835,5424139,-41.31974372,174.8260809
Wellington City,SLIP ROAD,, ,I,THORNDON QUAY,2054739,19/09/00,Tue,2210,DB,CE1,410A ,G,R,D,DO,F ,M,T,C,100,0,0,0,,,1749107,5428873,-41.27781951,174.7803996
Wellington City,SOMERSET AVENUE,20,W, ,COROMANDEL ST,2054594,18/09/00,Mon,1100,QD,TW1VCC,611A ,,R,D,B ,F , ,N,C,50,0,0,0,,,1749483,5425159,-41.31118861,174.7857992
Wellington City,SOUTH KARORI ROAD,480,S, ,HAZELWOOD AVENUE S,2012009,15/07/00,Sat,153,DA,CS1,103A 135A 802 ,FZ,E,I,DN,FF, ,N,N,50,0,0,2,,,1744059,5426263,-41.30223545,174.7207684
Wellington City,ST AIDANS WAY,20,S, ,BISHOPS GLEN,2055120,15/11/00,Wed,1125,BC,CS1C,111A 137A ,,M,D,O ,F , ,N,N,50,0,0,0,,,1753165,5441988,-41.15898173,174.8255433
Wellington City,ST HILL ST,20,S, ,BOND ST,2052663,6/05/00,Sat,2215,MO,CN1C,110A 330A ,M,R,D,DO,F , , ,N,50,0,0,0,,,1748685,5427595,-41.28940373,174.7756751
Wellington City,ST JOHNS TERRACE,20,N, ,GONVILLE ST,2051375,15/04/00,Sat,1015,BD,CS1C,120A 120B ,,M,D,O ,F , ,N,N,50,0,0,0,,,1752546,5439753,-41.17922106,174.8187257
Wellington City,STEWART DUFF DRIVE,300,N, ,MOA POINT ROAD,2011714,10/03/00,Fri,500,DB,CS1,102A 111A 505A ,H,E,D,DN,F , ,N,N,50,0,0,1,,,1751580,5422550,-41.3342867,174.8114896
Wellington City,STEWART DUFF DRIVE,500,N, ,MOA POINT ROAD,2012532,14/08/00,Mon,445,BC,CN1X,111A 131A ,,M,D,B ,F , ,N,C,50,0,1,0,,,1751684,5422699,-41.33292566,174.8126947
Wellington City,STOKE ST,, ,I,RINTOUL ST,2012418,2/09/00,Sat,1115,DC,CE1,501A ,C,R,D,O ,F ,T,G,C,50,0,0,1,,,1748853,5424815,-41.31440228,174.7783605
Wellington City,STOUT ST,30,S, ,BALLANCE ST,2054307,8/09/00,Fri,1530,ME,CN1C,144A 381B ,,R,D,O ,M , ,N,N,50,0,0,0,,,1748794,5428529,-41.28097443,174.776748
Wellington City,SUNSHINE AVENUE,20,S, ,VICTORY AVENUE,2053218,6/06/00,Tue,900,BB,BN1C,123A 645B ,,M,D,B ,F , ,N,L,50,0,0,0,,,1744680,5428449,-41.2824423,174.7276635
Wellington City,TAIAROA ST,, ,I,RAUKAWA ST,2050440,4/02/00,Fri,2235,CB,CS2C,103A ,M,E,D,DO,F ,T,N,C,50,0,0,0,,,1751996,5422837,-41.33162445,174.816387
Wellington City,TAKAPU ROAD,, ,I,JAMAICA DRIVE,2011955,22/01/00,Sat,1130,JA,MS1T,303A ,,R,W,O ,F ,T,G,R,100,0,1,0,,,1753962,5439552,-41.18076296,174.8356502
Wellington City,TAKAPU ROAD,, ,I,JAMAICA DRIVE,2053756,2/02/00,Wed,850,JA,CS1V,302A 927 ,,E,W,O ,H ,T,G,C,100,0,0,0,,,1753962,5439552,-41.18076296,174.8356502
Wellington City,TAKAPU ROAD,, ,I,TAWA OFF NBD E,2011846,19/05/00,Fri,840,JA,BW1C,321B 353B ,,R,D,O ,F ,T,S,C,100,0,0,1,,,1753626,5439030,-41.18552647,174.8317771
Wellington City,TAKAPU ROAD,, ,I,TAWA OFF SBD,2051323,6/04/00,Thu,1800,LB,CE2C,302B ,,R,W,DO,H ,X,G,R,100,0,0,0,,,1753698,5439145,-41.18447743,174.8326063
Wellington City,TAKAPU ROAD,, ,I,TAWA OFF SBD,2056095,15/12/00,Fri,1200,HA,CS1C,301A 353A 375A ,,R,W,O ,F ,X,S,R,100,0,0,0,,,1753698,5439145,-41.18447743,174.8326063
Wellington City,TAKAPU ROAD,, ,I,WOODBURN DRIVE,2051087,10/03/00,Fri,1220,JA,CE1V,124B 309B ,,M,D,B ,F ,T,N,C,100,0,0,0,,,1754254,5439772,-41.1787267,174.8390745
Wellington City,TAKARAU GORGE ROAD,200,E, ,OHARIU VALLEY ROAD,2052446,6/04/00,Thu,1900,DA,ON1,111A 132A 691A ,FT,S,W,DN,HS, , ,N,100,0,0,0,,,1748551,5436469,-41.20953111,174.7719149
Wellington City,TAKARAU GORGE ROAD,1100,W, ,OHARIU VALLEY ROAD,2052322,25/04/00,Tue,1815,DB,CW1,135A 806 ,FP,M,W,TN,L , , ,C,100,0,0,0,,,1747988,5435969,-41.21413604,174.7653235
Wellington City,TANERA CRESCENT,50,N, ,HELEN ST,2053360,12/03/00,Sun,2200,MO,CS1V,101A 371A ,M,R,D,DO,F , ,N,N,50,0,0,0,,,1747655,5426150,-41.30260284,174.7637304
Wellington City,TANNADYCE ST,50,W, ,BEACON HILL ROAD,2052246,31/05/00,Wed,1215,MO,CS1C,103A 371A ,HM,E,D,BF,F , ,N,N,50,0,0,0,,,1752944,5423350,-41.32682653,174.8275811
Wellington City,TANNADYCE ST,200,E, ,STRATHMORE AVENUE,2056102,22/12/00,Fri,15,EA,CW1C,101A 111A ,M,M,D,DO,F , ,N,N,50,0,0,0,,,1752675,5423020,-41.32984856,174.8244512
Wellington City,TARANAKI ST,, ,I,ABEL SMITH ST,2052350,5/04/00,Wed,800,LB,MN1C,157A 158A 303B ,,R,D,O ,F ,T,N,C,50,0,0,0,,,1748721,5426755,-41.29695999,174.77631
Wellington City,TARANAKI ST,, ,I,ABEL SMITH ST,2056213,4/12/00,Mon,2125,JA,CN1C,321A ,,R,D,DO,F ,T,S,P,50,0,0,0,,,1748721,5426755,-41.29695999,174.77631
Wellington City,TARANAKI ST,, ,I,ABEL SMITH ST,2050446,26/01/00,Wed,1605,JA,CN1C,202B 301B 377B ,,R,D,B ,F ,T,S,P,50,0,0,0,,,1748721,5426755,-41.29695999,174.77631
Wellington City,TARANAKI ST,20,N, ,BUCKLE ST,2053114,25/06/00,Sun,1757,FE,CS1VVC,331A ,,R,D,DO,F ,X,T,R,50,0,0,0,,,1748687,5426665,-41.29777657,174.7759261
Wellington City,TARANAKI ST,50,N, ,BUCKLE STREET,2052327,31/05/00,Wed,1652,FC,CS1C,331A ,,R,D,TF,F , ,N,X,50,0,0,0,,,1748694,5426694,-41.29751418,174.7760026
Wellington City,TARANAKI ST,, ,I,CABLE ST,2054966,21/06/00,Wed,1020,HA,CE1C,322A ,,R,D,B ,F ,X,T,C,50,0,0,0,,,1749051,5427473,-41.29043466,174.7800739
Wellington City,TARANAKI ST,15,S, ,COURTENAY PLACE,2051415,20/03/00,Mon,1512,EA,VS1C,385A ,M,R,D,O ,F ,X,T,C,50,0,0,0,,,1748942,5427234,-41.2926066,174.7788312
Wellington City,TARANAKI ST,50,S, ,COURTENAY PLACE,2013080,4/04/00,Tue,20,NA,CN1E,711B 712B ,,R,W,OF,L , ,N,L,50,0,0,1,43,,1748928,5427202,-41.29289729,174.7786719
Wellington City,TARANAKI ST,, ,I,COURTENAY PLACE,2012888,9/06/00,Fri,2256,NC,CS1E,105B 718B ,,R,D,DO,F ,X,T,R,50,0,0,1,21,,1748949,5427248,-41.29247926,174.7789113
Wellington City,TARANAKI ST,, ,I,COURTENAY PLACE,2012920,5/12/00,Tue,903,GB,SW2T,158A ,,R,D,B ,F ,X,T,R,50,0,1,0,,27,1748949,5427248,-41.29247926,174.7789113
Wellington City,TARANAKI ST,, ,I,COURTENAY PLACE,2053068,22/06/00,Thu,1705,KA,CS1V,303B ,,R,D,TO,F ,T,N,C,50,0,0,0,,,1748949,5427248,-41.29247926,174.7789113
Wellington City,TARANAKI ST,50,S, ,GHUZNEE ST,2052253,21/05/00,Sun,1445,LB,CS1X,303B 377B 930 ,,R,D,B ,F ,D,N,L,50,0,0,0,,,1748845,5427034,-41.29442518,174.7777222
Wellington City,TARANAKI ST,, ,I,GHUZNEE ST,2052100,11/04/00,Tue,1155,FE,CN1CC,331A 501A ,,R,D,B ,F ,T,T,R,50,0,0,0,,,1748866,5427080,-41.29400714,174.7779616
Wellington City,TARANAKI ST,, ,I,GHUZNEE ST,2052082,22/04/00,Sat,811,KB,CS1C,103A 322A ,,R,D,B ,F ,T,T,R,50,0,0,0,,,1748866,5427080,-41.29400714,174.7779616
Wellington City,TARANAKI ST,, ,I,HAINING ST,2053991,24/08/00,Thu,930,KB,VN1C,375A ,,R,D,B ,F ,T,N,P,50,0,0,0,,,1748749,5426818,-41.29638762,174.7766289
Wellington City,TARANAKI ST,, ,I,JESSIE ST,2055342,26/10/00,Thu,1830,LB,CS1C,303B 377B ,,R,W,B ,F ,T,G,R,50,0,0,0,,,1748816,5426970,-41.29500674,174.7773916
Wellington City,TARANAKI ST,, ,I,JESSIE ST,2053192,13/07/00,Thu,1715,LB,CS1C,303B 377B ,,R,D,TF,F ,T,N,C,50,0,0,0,,,1748816,5426970,-41.29500674,174.7773916
Wellington City,TARANAKI ST,, ,I,JESSIE ST,2052363,6/04/00,Thu,1230,LB,CS1C,303B 377B 830 ,,R,W,O ,L ,T,N,C,50,0,0,0,,,1748816,5426970,-41.29500674,174.7773916
Wellington City,TARANAKI ST,, ,I,JESSIE ST,2054808,29/09/00,Fri,1450,LB,CS1CV,303B 377B ,M,R,W,O ,L ,T,N,C,50,0,0,0,,,1748816,5426970,-41.29500674,174.7773916
Wellington City,TARANAKI ST,, ,I,JESSIE ST,2055756,23/12/00,Sat,1120,LB,CS1C,303A 377B ,,R,D,B ,F ,T,N,P,50,0,0,0,,,1748816,5426970,-41.29500674,174.7773916
Wellington City,TARANAKI ST,, ,I,JESSIE ST,2011800,30/04/00,Sun,1240,LB,CS1C,303B 377B ,,R,D,B ,F ,T,N,L,50,0,1,2,,,1748816,5426970,-41.29500674,174.7773916
Wellington City,TARANAKI ST,, ,I,MARTIN SQUARE N,2055346,2/11/00,Thu,1733,LB,CS1X,303B 377B ,,R,D,B ,F ,T,N,C,50,0,0,0,,,1748729,5426774,-41.29678745,174.7764009
Wellington City,TARANAKI ST,, ,I,MARTIN SQUARE N,2055300,1/11/00,Wed,1057,DB,MS1C,135A ,,R,W,O ,L ,T,N,N,50,0,0,0,,,1748729,5426774,-41.29678745,174.7764009
Wellington City,TARANAKI ST,10,N, ,MARTIN SQUARE S,2011703,14/05/00,Sun,1600,NB,CS1E,105B 711B ,,R,D,O ,F ,T,N,P,50,0,0,1,64,,1748706,5426722,-41.29725987,174.776139
Wellington City,TARANAKI ST,, ,I,MARTIN SQUARE S,2055699,28/11/00,Tue,1450,LB,CS1C,303B 377B ,,R,W,O ,L ,T,N,P,50,0,0,0,,,1748702,5426713,-41.29734164,174.7760934
Wellington City,TARANAKI ST,, ,I,MARTIN SQUARE S,2012612,27/09/00,Wed,1215,LB,CS1X,303A 377A ,,R,D,B ,F ,T,N,P,50,0,0,1,,,1748702,5426713,-41.29734164,174.7760934
Wellington City,TARANAKI ST,20,S, ,WEBB ST,2052703,7/06/00,Wed,1320,FD,VS1CC,132A 181A ,,R,W,O ,L , ,N,P,50,0,0,0,,,1748646,5426574,-41.29860343,174.7754588
Wellington City,TARANAKI ST,, ,I,WEBB ST,2053980,15/07/00,Sat,930,FE,CS1C,112A ,,R,D,B ,F ,T,T,C,50,0,0,0,,,1748654,5426592,-41.2984399,174.77555
Wellington City,TARANAKI ST,, ,I,WEBB ST,2052075,2/05/00,Tue,1955,LB,CN1C,303B 323B ,,R,D,DO,F ,T,T,R,50,0,0,0,,,1748654,5426592,-41.2984399,174.77555
Wellington City,TARANAKI ST,10,N, ,YORK ST,2054827,27/10/00,Fri,1935,QD,VN1C,,M,R,D,TO,F ,T,N,C,50,0,0,0,,,1748913,5427170,-41.29318817,174.7785007
Wellington City,TARANAKI ST,, ,I,YORK ST,2052460,7/03/00,Tue,1205,MA,CS1C,141A 370A 373B ,,R,W,O ,L ,T,N,C,50,0,0,0,,,1748909,5427161,-41.29326993,174.7784551
Wellington City,TARANAKI ST,, ,I,YORK ST,2054519,25/09/00,Mon,1000,MG,CN1V,371B ,,R,W,O ,L ,X,T,C,50,0,0,0,,,1748909,5427161,-41.29326993,174.7784551