TLA NAME,CRASH ROAD,CRASH DIST,CRASH DIRN,INTSN,SIDE ROAD,CRASH ID,CRASH DATE,CRASH DOW,CRASH TIME,MVMT,VEHICLES,CAUSES,OBJECTS STRUCK,ROAD CURVE,ROAD WET,LIGHT,WTHRa,JUNC TYPE,TRAF CTRL,ROAD MARK,SPD LIM,CRASH FATAL CNT,CRASH SEV CNT,CRASH MIN CNT,PERS AGE1,PERS AGE2,EASTING,NORTHING,latitude,longitude
Wellington City,TARANAKI ST,, ,I,YORK ST,2052359,3/04/00,Mon,1340,JA,MS1V,309B ,,E,D,B ,F ,T,T,C,50,0,0,0,,,1748909,5427161,-41.29326993,174.7784551
Wellington City,TARANAKI ST,, ,I,YORK ST,2050457,18/02/00,Fri,900,LB,CS1C,303B 377B ,,R,D,O ,F ,T,N,L,50,0,0,0,,,1748909,5427161,-41.29326993,174.7784551
Wellington City,TARAWERA ROAD,30,N, ,DOMINION PARK ST,2054975,25/06/00,Sun,330,MO,CN1C,101A 512A ,MH,R,D,DO,F , ,N,N,50,0,0,0,,,1751315,5434022,-41.23105056,174.8054743
Wellington City,TASMAN ST,10,S, ,DRUMMOND ST,2050742,6/03/00,Mon,2318,EA,CS1C,351A 523A ,M,R,D,DO,F ,T,N,C,50,0,0,0,,,1748714,5425878,-41.30485729,174.7764408
Wellington City,TASMAN ST,, ,I,RUGBY ST,2011712,13/04/00,Thu,1940,LB,MS1C,303B 377B ,,R,D,DO,F ,T,G,C,50,0,1,0,,,1748834,5426361,-41.30048651,174.7777554
Wellington City,TASMAN ST,5,N, ,TAINUI TERRACE,2053672,13/08/00,Sun,15,EA,CN1CC,103A 357A ,MM,R,D,DO,F ,T,N,N,50,0,0,0,,,1748790,5426179,-41.30213325,174.7772746
Wellington City,TAUHINU ROAD,100,N, ,MIRAMAR AVENUE,2052985,27/06/00,Tue,1655,ED,CN1O,386A ,M,R,D,O ,F , ,N,C,50,0,0,0,,,1751836,5424762,-41.31432343,174.813995
Wellington City,TAURIMA ST,, ,I,MOXHAM AVENUE,2054514,29/03/00,Wed,2120,FB,CE1C,103A ,,R,D,DO,F ,T,G,C,50,0,0,0,,,1750176,5425875,-41.30461351,174.7938974
Wellington City,TAVISTOCK ROAD,40,E, ,BUCKINGHAM ST,2050488,19/01/00,Wed,1615,CB,CE1V,501A ,CM,R,D,B ,F , ,N,N,50,0,0,0,,,1749902,5423565,-41.32546216,174.7911954
Wellington City,TAWA OFF NBD,30,N, ,SH 1N,2051268,4/04/00,Tue,2009,DB,CN1,135A 801 ,P,M,W,DO,HS, ,N,N,100,0,0,0,,,1753609,5438762,-41.18794258,174.8316418
Wellington City,TAWA OFF NBD,40,N, ,SH 1N,2055193,25/11/00,Sat,930,DB,CN1,135A 801 ,S,M,W,O ,F , ,N,N,100,0,0,0,,,1753611,5438772,-41.18785217,174.8316631
Wellington City,TAWA OFF NBD,50,N, ,SH 1N,2052349,4/06/00,Sun,2027,DB,CN1,135A 801 ,E,M,W,DO,L , ,N,R,100,0,0,0,,,1753613,5438782,-41.18776176,174.8316844
Wellington City,TAWA OFF NBD,60,N, ,SH 1N,2050979,20/03/00,Mon,820,DB,CN1,135A 801 ,C,M,W,O ,H , ,N,R,100,0,0,0,,,1753615,5438792,-41.18767135,174.8317057
Wellington City,TAWA OFF NBD W,20,E, ,TAKAPU ROAD,2055119,15/11/00,Wed,1350,FB,CW1C,331A ,,M,W,O ,L , ,N,N,100,0,0,0,,,1753562,5439029,-41.1855476,174.8310146
Wellington City,TAWA ST,, ,I,DUNCAN ST,2051621,1/05/00,Mon,1725,DA,CS2,330A ,,E,D,TF,F ,X,G,C,50,0,0,0,,,1753311,5440188,-41.17516024,174.827733
Wellington City,TAYLOR TERRACE,50,N, ,MORGAN PLACE,2050383,19/01/00,Wed,2136,BD,CS1C,103B 110B 331B 818 ,,M,D,DO,F , ,N,N,50,0,0,0,,,1753326,5440084,-41.17609375,174.8279378
Wellington City,TAYLOR TERRACE,, ,I,TAWA ST,2050513,27/02/00,Sun,1530,HA,CN1C,309A 353A ,,R,D,B ,F ,X,G,C,50,0,0,0,,,1753311,5440188,-41.17516024,174.827733
Wellington City,TAYLOR TERRACE,, ,I,TAWA TERRACE,2055319,28/11/00,Tue,1857,HA,CN1C,302A ,,E,D,O ,F ,X,G,C,50,0,0,0,,,1753311,5440188,-41.17516024,174.827733
Wellington City,THANE ROAD,, ,I,ROBIESON ST,2052266,27/04/00,Thu,800,JA,CN1X,309B 837 ,,M,D,B ,F ,T,N,C,50,0,0,0,,,1750623,5426981,-41.29457251,174.7989607
Wellington City,THE ESPLANADE,15,E, ,BRIGHTON ST,2052004,3/05/00,Wed,830,MD,CS1C,110A 370A 444B 929 ,,M,D,O ,F ,D,N,P,50,0,0,0,,,1748416,5421647,-41.34300558,174.7739158
Wellington City,THE ESPLANADE,30,S, ,BRIGHTON ST,2055745,5/11/00,Sun,1840,GA,CN1C,331A 930 ,,R,D,O ,F ,D,N,C,50,0,0,0,,,1748424,5421634,-41.34312115,174.7740145
Wellington City,THE ESPLANADE,, ,I,HOUGHTON BAY ROAD,2054125,31/07/00,Mon,1325,JA,TE1V,303B ,,E,D,B ,F ,T,N,P,50,0,0,0,,,1749371,5421802,-41.34143359,174.7852868
Wellington City,THE ESPLANADE,, ,I,QUEENS DRIVE,2012580,29/09/00,Fri,840,FC,CW1TV,181B 331B 181C ,,R,D,OF,F ,T,N,R,50,0,0,1,,,1749639,5421412,-41.34489516,174.7885846
Wellington City,THE PARADE,30,N, ,DEE ST,2011708,14/04/00,Fri,1553,NA,CN1E,712B 713B ,,R,D,B ,F , ,N,C,50,0,0,1,8,,1748455,5423214,-41.32889009,174.7739988
Wellington City,THE PARADE,30,N, ,MEDWAY ST,2055822,30/06/00,Fri,1830,MO,CS1V,371A 446A ,,R,D,DO,F , ,N,C,50,0,0,0,,,1748389,5422583,-41.33458338,174.7733646
Wellington City,THE PARADE,40,S, ,MEDWAY ST,2054508,10/10/00,Tue,1705,MC,VS1C,372A ,,R,D,B ,F , ,N,C,50,0,0,0,,,1748382,5422513,-41.33521491,174.773298
Wellington City,THE PARADE,15,S, ,MERSEY ST,2054591,6/10/00,Fri,1245,EE,CN1V,351B 374B ,Q,R,D,B ,F , ,N,N,50,0,0,0,,,1748313,5422278,-41.3373434,174.7725312
Wellington City,THE PARADE,, ,I,MERSEY ST,2055850,2/12/00,Sat,1015,KA,CN1C,301B 377B 839 ,,R,D,O ,F ,X,S,P,50,0,0,0,,,1748318,5422292,-41.33721644,174.7725875
Wellington City,THE PARADE,150,N, ,TAMAR ST,2053017,1/07/00,Sat,1820,EA,VS1T,195A ,M,R,D,DO,F , ,N,P,50,0,0,0,,,1748443,5423098,-41.32993669,174.7738838
Wellington City,THE TERRACE,20,S, ,AURORA TERRACE,2012066,23/05/00,Tue,705,NB,CN1E,713B ,,R,D,O ,F , ,N,C,50,0,0,1,16,,1748652,5428486,-41.28138773,174.7750637
Wellington City,THE TERRACE,5,N, ,DIXON ST,2052681,1/06/00,Thu,1335,MD,CN1CC,112A 308B 377B 839 929 ,,R,W,O ,F ,D,N,C,50,0,0,0,,,1748330,5427530,-41.29005426,174.7714533
Wellington City,THE TERRACE,15,N, ,DIXON ST,2053362,6/06/00,Tue,2040,JA,CN1CCC,112A 929 ,MM,R,D,DO,F ,D,N,P,50,0,0,0,,,1748334,5427539,-41.2899725,174.7714988
Wellington City,THE TERRACE,250,S, ,EVERTON TERRACE,2050382,1/01/00,Sat,1535,MD,CS1C,331A 387A 929 ,,R,W,O ,L ,D,N,C,50,0,0,0,,,1748430,5427800,-41.28760495,174.7725812
Wellington City,THE TERRACE,, ,I,MACDONALD CRESCENT,2052313,19/05/00,Fri,2123,BB,TN1C,124A ,,R,D,DO,F ,T,S,C,50,0,0,0,,,1748304,5427470,-41.29059925,174.7711575
Wellington City,THE TERRACE,, ,I,MACDONALD CRESCENT,2052092,10/04/00,Mon,1200,JA,CS1C,301A 375B 901 ,,R,W,O ,H ,T,S,C,50,0,0,0,,,1748304,5427470,-41.29059925,174.7711575
Wellington City,THE TERRACE,50,N, ,SALAMANCA ROAD,2051170,21/03/00,Tue,1905,JA,CN1C,308B 839 929 ,,R,W,DO,L ,D,N,C,50,0,0,0,,,1748397,5427718,-41.2883493,174.7722072
Wellington City,THE TERRACE,100,N, ,SALAMANCA ROAD,2053197,22/07/00,Sat,1825,EA,BS1CV,129A ,M,R,D,DO,F , ,N,C,50,0,0,0,,,1748414,5427765,-41.28792301,174.7723987
Wellington City,THE TERRACE,50,S, ,SHELL LANE,2052319,24/05/00,Wed,1825,FD,CN1C,331A ,,R,D,TO,F , ,N,C,50,0,0,0,,,1748620,5428305,-41.28302324,174.7747259
Wellington City,THE TERRACE,, ,I,TERRACE OFF SBD,2052006,11/05/00,Thu,1110,MB,VS1C,103B 303B ,,S,D,O ,F ,T,T,R,50,0,0,0,,,1748575,5428159,-41.28434603,174.7742244
Wellington City,THE TERRACE,, ,I,TERRACE OFF SBD,2055332,7/11/00,Tue,940,MC,XN1T,387A 372B 691B ,,R,W,O ,L ,T,T,R,50,0,0,0,,,1748575,5428159,-41.28434603,174.7742244
Wellington City,THE TERRACE,, ,I,TERRACE OFF SBD,2011815,29/03/00,Wed,725,GO,CE2M,181A 331A ,,R,D,O ,F ,T,T,R,50,0,0,1,,,1748575,5428159,-41.28434603,174.7742244
Wellington City,THORNDON QUAY,300,N, ,DAVIS ST,2011701,4/04/00,Tue,1500,NB,VN1E,383A 713B ,,R,W,O ,LS, ,N,L,50,0,0,1,35,,1749266,5429517,-41.27199192,174.7821395
Wellington City,THORNDON QUAY,350,N, ,DAVIS ST,2052328,31/05/00,Wed,1400,MA,CS1C,331A ,,R,D,O ,F , ,N,L,50,0,0,0,,,1749249,5429564,-41.2715719,174.7819251
Wellington City,THORNDON QUAY,50,S, ,MOORE ST,2054332,24/08/00,Thu,1745,FC,CN1C,331A 352A ,,R,D,TF,F , ,N,X,50,0,0,0,,,1749182,5429027,-41.27641913,174.781257
Wellington City,THORNDON QUAY,, ,I,MOORE ST,2052062,6/04/00,Thu,940,JA,CN1C,309B 387B ,,E,W,O ,L ,T,N,L,50,0,0,0,,,1749219,5429060,-41.27611518,174.7816905
Wellington City,THORNDON QUAY,20,N, ,MULGRAVE ST,2052591,3/06/00,Sat,1400,MB,CS1X,382B ,,R,D,O ,F ,Y,T,R,50,0,0,0,,,1749094,5428851,-41.27801998,174.7802498
Wellington City,THORNDON QUAY,150,N, ,MULGRAVE ST,2051173,19/03/00,Sun,1645,MA,CN1C,373B ,,E,D,O ,F , ,N,P,50,0,0,0,,,1749147,5428969,-41.27694779,174.7808535
Wellington City,THORNDON QUAY,150,N, ,MULGRAVE ST,2011163,16/01/00,Sun,1350,NO,VN1E,353A 370A 714B 926 ,,R,D,B ,F ,D,N,L,50,0,1,0,71,,1749147,5428969,-41.27694779,174.7808535
Wellington City,THORNDON QUAY,200,N, ,MULGRAVE ST,2050276,11/01/00,Tue,1325,GA,BS1C,331A 925 ,,E,D,O ,F ,D,N,X,50,0,0,0,,,1749168,5429014,-41.27653876,174.7810931
Wellington City,THORNDON QUAY,, ,I,MULGRAVE ST,2012474,8/09/00,Fri,1650,JA,CN1V,322B 358B ,,R,W,O ,L ,Y,T,C,50,0,0,1,,,1749083,5428834,-41.27817507,174.7801227
Wellington City,THORNDON QUAY,, ,I,MULGRAVE ST,2052093,10/04/00,Mon,1645,JA,CN1V,322A 334A ,,R,W,O ,L ,Y,T,R,50,0,0,0,,,1749083,5428834,-41.27817507,174.7801227
Wellington City,THORNDON QUAY,, ,I,SLIP ROAD,2050848,16/02/00,Wed,920,LB,CN2B,303B 375B ,,R,W,O ,L ,Y,G,C,50,0,0,0,,,1749107,5428873,-41.27781951,174.7803996
Wellington City,THORNDON QUAY,180,S, ,TINAKORI ROAD,2011917,3/06/00,Sat,1835,MC,BN1C,372A ,,R,W,DO,L , ,N,C,50,0,0,1,,,1749171,5429832,-41.26917338,174.7809287
Wellington City,THORNDON QUAY,, ,I,TINAKORI ROAD,2054069,10/08/00,Thu,1530,JA,VN1C,309B ,,E,W,O ,F ,Y,N,R,50,0,0,0,,,1749211,5430007,-41.26759039,174.7813632
Wellington City,THORNDON QUAY,, ,I,TINAKORI ROAD,2052630,9/06/00,Fri,820,JA,CN1C,302B ,,R,D,B ,F ,Y,G,R,50,0,0,0,,,1749211,5430007,-41.26759039,174.7813632
Wellington City,TINAKORI OFF NBD,50,S, ,SH 1N,2052452,5/04/00,Wed,1515,FF,VN1C,191A 331A 820 ,,E,D,O ,F , ,N,N,100,0,0,0,,,1748505,5428732,-41.27919992,174.7732492
Wellington City,TINAKORI ROAD,20,E, ,BOWEN ST,2054123,27/07/00,Thu,2147,MB,CN1C,382B ,,R,D,DO,L ,X,T,C,50,0,0,0,,,1748181,5428795,-41.27869222,174.7693668
Wellington City,TINAKORI ROAD,50,N, ,BOWEN ST,2012052,14/07/00,Fri,1255,EE,TN1C,374B ,Q,R,D,B ,F , ,N,C,50,0,0,1,,,1748201,5428817,-41.27849047,174.7696002
Wellington City,TINAKORI ROAD,150,S, ,BOWEN ST,2052356,10/03/00,Fri,855,FD,CS1C,181A 331A ,,R,D,O ,F , ,N,C,50,0,0,0,,,1748066,5428670,-41.27983875,174.7680247
Wellington City,TINAKORI ROAD,20,S, ,COTTLEVILLE TERRACE,2052441,3/04/00,Mon,920,GC,XN1C,303B 372B 930 ,,E,D,B ,F ,D,N,C,50,0,0,0,,,1749141,5429840,-41.26910689,174.7805687
Wellington City,TINAKORI ROAD,, ,I,GEORGE ST,2053015,29/06/00,Thu,1830,JA,CN1C,302B 377B ,,R,D,DO,L ,T,G,C,70,0,0,0,,,1748737,5429400,-41.27314291,174.7758551
Wellington City,TINAKORI ROAD,, ,I,GLENBERVIE TERRACE,2050849,16/02/00,Wed,735,KB,CN1C,303B ,,R,W,O ,L ,T,N,C,50,0,0,0,,,1748324,5428951,-41.27726142,174.7710356
Wellington City,TINAKORI ROAD,, ,I,HAWKESTONE ST,2055892,15/12/00,Fri,1535,LB,CS1C,303B ,,R,D,O ,F ,T,G,R,50,0,0,0,,,1748578,5429226,-41.27473877,174.774
Wellington City,TINAKORI ROAD,, ,I,HAWKESTONE ST,2050903,7/03/00,Tue,1135,KB,TE1C,302B ,,R,W,O ,L ,T,G,R,50,0,0,0,,,1748578,5429226,-41.27473877,174.774
Wellington City,TINAKORI ROAD,200,S, ,HILL ST,2011692,4/05/00,Thu,845,FD,CS1C,352A ,,R,D,B ,F , ,N,C,50,0,0,1,,,1748233,5428853,-41.27816047,174.7699733
Wellington City,TINAKORI ROAD,, ,I,HOBSON ST,2050701,5/03/00,Sun,1250,LB,CS1C,303B ,,R,D,B ,F ,T,N,C,50,0,0,0,,,1749029,5429712,-41.27028,174.7792635
Wellington City,TINAKORI ROAD,80,N, ,PARK ST,2054849,29/10/00,Sun,535,EA,XS1C,385A 412A ,M,R,D,OO,F , ,N,C,50,0,0,0,,,1748938,5429614,-41.27117913,174.7782015
Wellington City,TINAKORI ROAD,, ,I,PARK ST,2054105,15/03/00,Wed,2120,LB,CE1V,303B ,,R,D,DO,F ,X,T,R,50,0,0,0,,,1748883,5429555,-41.27172047,174.7775596
Wellington City,TINAKORI ROAD,, ,I,PARK ST,2055415,12/11/00,Sun,2210,BC,CE2C,103A 122A ,,R,D,DO,F ,X,T,C,50,0,0,0,,,1748883,5429555,-41.27172047,174.7775596
Wellington City,TINAKORI ROAD,, ,I,THORNDON QUAY,2012385,17/08/00,Thu,900,BC,VN2V,122A 137B 150B 691B ,P,E,W,O ,F ,Y,N,R,50,0,0,1,,,1749211,5430007,-41.26759039,174.7813632
Wellington City,TINAKORI ROAD,, ,I,TINAKORI OFF NBD,2054750,14/09/00,Thu,1305,DA,CN2C,358A ,,R,D,B ,F ,X,T,C,50,0,0,0,,,1748452,5429090,-41.27598642,174.7725294
Wellington City,TIRANGI ROAD,20,S, ,KINGSFORD SMITH ST,2055305,9/11/00,Thu,1205,GB,CS1V,158A 928 ,,R,D,B ,F ,D,N,C,50,0,0,0,,,1750868,5423573,-41.32520996,174.8027308
Wellington City,TODMAN ST,10,W, ,CLEVELAND ST,2052067,22/04/00,Sat,2055,MF,CE1V,312B 371B ,,R,D,DO,F ,X,T,C,50,0,0,0,,,1747606,5425839,-41.30541189,174.7632208
Wellington City,TODMAN ST,250,W, ,OHIRO ROAD,2054997,15/04/00,Sat,510,DA,CW1CCC,104A ,MMM,M,D,DO,F , ,N,C,50,0,0,0,,,1747410,5425701,-41.3066902,174.760914
Wellington City,TODMAN ST,300,W, ,OHIRO ROAD,2054278,9/09/00,Sat,1015,BD,CW1C,121A 123B ,,M,W,O ,F , ,N,C,50,0,0,0,,,1747365,5425684,-41.30685148,174.7603808
Wellington City,TORY ST,20,S, ,COURTENAY PLACE,2056093,12/12/00,Tue,2250,GE,MS1C,160A 387A 927 ,,R,D,DO,F ,D,N,C,50,0,0,0,,,1749128,5427121,-41.29358964,174.7810793
Wellington City,TORY ST,, ,I,EBOR ST,2050483,4/02/00,Fri,1400,HA,VE2CV,302A 350A 375A 440C ,,R,D,B ,F ,X,G,N,50,0,0,0,,,1749048,5426943,-41.29520703,174.7801678
Wellington City,TORY ST,5,S, ,FREDERICK ST,2011437,3/03/00,Fri,800,AF,CN1SC,150A 386A 443A 443C ,,R,D,O ,F ,T,N,L,50,0,0,1,,28,1748966,5426759,-41.29687879,174.7792339
Wellington City,TORY ST,30,N, ,SH 1N,2011798,24/05/00,Wed,850,NB,CN1EE,713B 713C ,,R,D,O ,F , ,N,C,50,0,0,2,7,,1749008,5426853,-41.29602472,174.7797123
Wellington City,TORY ST,50,S, ,TENNYSON ST,2053198,18/07/00,Tue,1920,EA,CS1CC,103A 132A ,M,R,D,DO,F , ,N,C,50,0,0,0,,,1749055,5426958,-41.29507068,174.7802477
Wellington City,TREMEWAN ST,100,N, ,ROBERTS ST,2053866,13/08/00,Sun,1555,MG,CN1C,363A 651B ,,S,D,B ,F , ,N,N,50,0,0,0,,,1754336,5442756,-41.15184516,174.8393
Wellington City,TRUSCOTT AVENUE,40,N, ,FAIRBURN GROVE,2012578,22/09/00,Fri,1930,DB,CN1,103A 133A ,,M,D,DO,F , ,N,C,50,0,0,1,,,1750528,5434623,-41.22578631,174.7959402
Wellington City,TURKINGTON ST,, ,I,DAVIDSON CRESCENT,2055685,16/09/00,Sat,1530,DB,CN2,111A 402A ,P,R,D,B ,F ,T,N,N,50,0,0,0,,,1753175,5441397,-41.16430085,174.8258101
Wellington City,UPLAND ROAD,20,E, ,BOUNDARY ROAD,2053085,20/06/00,Tue,1315,MO,CW1C,385B ,M,R,D,B ,F , ,N,C,50,0,0,0,,,1747445,5427866,-41.28719121,174.7608074
Wellington City,UPLAND ROAD,, ,I,GLEN ROAD,2051995,12/05/00,Fri,1555,FD,CN1C,331A ,,R,W,O ,H ,Y,G,C,50,0,0,0,,,1747836,5427752,-41.28814611,174.7655024
Wellington City,UPLAND ROAD,, ,I,GLEN ROAD,2052306,27/05/00,Sat,1530,MC,CS1C,372B ,,R,D,O ,F ,Y,N,C,50,0,0,0,,,1747836,5427752,-41.28814611,174.7655024
Wellington City,UPLAND ROAD,20,N, ,GROVE ROAD,2054850,7/10/00,Sat,126,EA,CS1C,101A ,MK,R,D,DO,F , ,N,C,50,0,0,0,,,1747802,5427696,-41.28865653,174.7651101
Wellington City,UPLAND ROAD,20,W, ,ST MICHAELS CRESCENT,2011805,12/05/00,Fri,1227,NA,CE1E,711B 712B ,,M,W,O ,L , ,N,C,50,0,1,0,60,,1747628,5427638,-41.28921057,174.7630471
Wellington City,UPLAND ROAD,, ,I,ST MICHAELS CRESCENT,2051184,15/03/00,Wed,1200,MC,TW1C,303B 381B ,,R,D,B ,F ,Y,G,C,50,0,0,0,,,1747648,5427640,-41.2891889,174.7632854
Wellington City,VICTORIA ST,20,S, ,ABEL SMITH ST,2054116,7/08/00,Mon,1805,FD,VS1CCC,181A 181B ,,R,D,DO,F , ,N,C,50,0,0,0,,,1748356,5426899,-41.29573067,174.7719174
Wellington City,VICTORIA ST,50,S, ,ABEL SMITH ST,2011706,12/04/00,Wed,1700,QG,TS1S,682A 683A ,,R,D,O ,F , ,N,C,50,0,0,1,,41,1748343,5426872,-41.29597615,174.7717688
Wellington City,VICTORIA ST,, ,I,ABEL SMITH ST,2050480,2/02/00,Wed,2145,HA,VS1C,102A 322A ,,R,W,DO,L ,X,T,R,50,0,0,0,,,1748365,5426917,-41.29556695,174.7720204
Wellington City,VICTORIA ST,, ,I,LYNDHURST ROAD,2053666,24/07/00,Mon,1610,MO,CE2C,302A ,,R,D,O ,F ,R,G,R,50,0,0,0,,,1753066,5440595,-41.17154216,174.8247119
Wellington City,VICTORIA ST,20,N, ,MERCER ST,2012468,31/08/00,Thu,1420,NB,SS1E,158A 711B ,,R,D,O ,F , ,N,C,50,0,0,2,50,25,1748730,5427713,-41.28833304,174.7761834
Wellington City,VICTORIA ST,20,N, ,MERCER ST,2012475,8/09/00,Fri,1600,EE,MS1VC,177A 525B ,Q,R,W,O ,L , ,N,C,50,0,0,2,,,1748730,5427713,-41.28833304,174.7761834
Wellington City,VICTORIA ST,30,N, ,MERCER ST,2056115,4/12/00,Mon,1920,FA,CS1C,331A ,,R,D,DO,F , ,N,C,50,0,0,0,,,1748734,5427722,-41.28825127,174.776229
Wellington City,VICTORIA ST,20,N, ,VIVIAN ST,2052039,1/04/00,Sat,1530,FE,CS1CC,331A ,,R,D,B ,FS, ,T,C,50,0,0,0,,,1748453,5427090,-41.29399318,174.7730288
Wellington City,VICTORIA ST,, ,I,WEBB ST,2052073,3/05/00,Wed,1950,AC,CS1C,176A 177A ,,R,D,DO,F ,T,N,R,50,0,0,0,,,1748276,5426763,-41.29696984,174.7709955
Wellington City,VICTORIA ST,, ,I,WEBB ST,2052049,3/03/00,Fri,1410,BC,CS1V,122A 386A ,,E,D,B ,F ,T,G,R,50,0,0,0,,,1748306,5426749,-41.29709038,174.771357
Wellington City,VICTORY AVENUE,, ,I,TOBRUK ST,2054128,1/08/00,Tue,1530,DB,XW1,111A ,P,M,D,O ,F ,T,N,C,50,0,0,0,,,1744778,5428568,-41.2813533,174.7288049
Wellington City,WAIKOWHAI ST,150,S, ,COLLINGWOOD ST,2052988,23/06/00,Fri,2305,DA,CN1,359A ,C,M,D,DO,F , ,N,C,50,0,0,0,,,1748468,5431798,-41.25160198,174.7720609
Wellington City,WAIKOWHAI ST,200,S, ,CROFTON ROAD,2056100,23/12/00,Sat,1455,BC,CN1C,121A ,,M,D,O ,F , ,N,C,50,0,0,0,,,1748438,5431760,-41.25194962,174.7717122
Wellington City,WAIPAPA ROAD,50,S, ,KAINUI ROAD,2052010,8/05/00,Mon,1000,MC,VN1C,303B 372B ,,E,D,B ,F , ,N,C,50,0,0,0,,,1750555,5426102,-41.30249912,174.7983664
Wellington City,WAIPAPA ROAD,, ,I,KAINUI ROAD,2053361,3/07/00,Mon,1630,DC,CW2C,501A ,MF,R,W,DO,H ,T,G,C,50,0,0,0,,,1750926,5426330,-41.30037706,174.8027393
Wellington City,WAIPAPA ROAD,200,N, ,WAITOA ROAD,2054275,9/09/00,Sat,1630,KA,CE1C,308A 929 ,,M,D,O ,F ,D,N,C,50,0,0,0,,,1750476,5426011,-41.30333316,174.7974457
Wellington City,WAITOA ROAD,, ,I,HATAITAI ROAD,2052008,12/05/00,Fri,1945,MC,CW1C,303B 372B ,,R,W,DO,L ,X,G,X,50,0,0,0,,,1750204,5425936,-41.30405909,174.7942167
Wellington City,WAITOA ROAD,, ,I,HINAU ROAD,2052442,16/04/00,Sun,1305,KB,CE1C,303B 375B ,,E,D,B ,FS,T,N,C,50,0,0,0,,,1750052,5426120,-41.30243076,174.7923565
Wellington City,WAKEFIELD ST,, ,I,ALLEN ST,2054343,25/08/00,Fri,1315,AG,VW1X,353A ,,R,D,B ,F ,T,N,C,50,0,0,0,,,1749272,5427248,-41.29241959,174.7827672
Wellington City,WAKEFIELD ST,, ,I,ALLEN ST,2054758,27/09/00,Wed,907,KA,CW1V,309A ,,R,D,B ,F ,T,G,C,50,0,0,0,,,1749272,5427248,-41.29241959,174.7827672
Wellington City,WAKEFIELD ST,, ,I,CUBA ST,2011952,2/06/00,Fri,2200,LB,MW1C,303B 375B 841 843 ,,R,W,DO,L ,T,T,C,50,0,0,1,,,1748841,5427528,-41.28997822,174.7775536
Wellington City,WAKEFIELD ST,, ,I,CUBA ST,2050792,27/02/00,Sun,148,LB,XW1C,303B ,,R,D,DO,F ,T,T,P,50,0,0,0,,,1748841,5427528,-41.28997822,174.7775536
Wellington City,WAKEFIELD ST,, ,I,TARANAKI ST,2052269,22/04/00,Sat,2250,HA,CW1C,322A 334A ,,R,D,DO,F ,M,T,C,50,0,0,0,,,1749013,5427391,-41.29117995,174.7796403
Wellington City,WAKEFIELD ST,20,E, ,TORY ST,2051321,14/03/00,Tue,1155,KA,VW1C,387B 927 ,,R,D,O ,F ,D,N,C,50,0,0,0,,,1749222,5427271,-41.29222176,174.7821647
Wellington City,WAKEFIELD ST,50,W, ,TORY ST,2052312,22/05/00,Mon,730,GB,XW1T,158A 172B 927 ,,R,D,B ,F ,D,N,C,50,0,0,0,,,1749158,5427299,-41.29198149,174.7813938
Wellington City,WALLACE ST,10,N, ,HARGREAVES ST,2053128,27/06/00,Tue,210,EC,CS1,103A ,I,E,D,DO,F ,T,N,R,50,0,0,0,,,1748579,5426056,-41.30327955,174.7747854
Wellington City,WALLACE ST,15,N, ,HARGREAVES ST,2054589,11/10/00,Wed,1615,FC,CS1XC,331A ,,R,D,B ,F , ,N,X,50,0,0,0,,,1748579,5426061,-41.30323453,174.7747842
Wellington City,WALLACE ST,, ,I,HARGREAVES ST,2053022,17/06/00,Sat,1410,JA,CN1C,302B ,,R,D,B ,F ,T,G,C,50,0,0,0,,,1748581,5426046,-41.30336922,174.7748117
Wellington City,WALLACE ST,20,N, ,HUTCHISON ROAD,2055577,28/11/00,Tue,1410,DA,CW1,,C,M,W,O ,H ,Y,G,C,50,0,0,0,,,1748686,5425614,-41.30723935,174.776171
Wellington City,WALLACE ST,70,W, ,HUTCHISON ROAD,2052250,3/06/00,Sat,1835,BB,CW1C,645A ,,M,W,DO,H , ,N,C,50,0,0,0,,,1748605,5425604,-41.30734431,174.7752063
Wellington City,WALLACE ST,, ,I,HUTCHISON ROAD,2052099,12/04/00,Wed,1255,DA,CE1,111A 402A ,K,E,D,B ,F ,Y,N,C,50,0,0,0,,,1748668,5425605,-41.3073237,174.7759582
Wellington City,WALLACE ST,10,N, ,ROLLESTON ST,2054856,29/10/00,Sun,1540,FC,CS1XC,181A ,,R,D,B ,F ,T,N,X,50,0,0,0,,,1748554,5426147,-41.30246484,174.7744647
Wellington City,WARIPORI ST,, ,I,RUSSELL TERRACE,2052664,5/06/00,Mon,1250,BB,CS2C,123A ,,R,D,B ,F ,T,S,C,50,0,0,0,,,1749023,5424313,-41.31889059,174.7805136
Wellington City,WASHINGTON AVENUE,50,E, ,BROOKLYN ROAD,2052360,1/04/00,Sat,315,BC,CN1X,111A 121A ,,S,D,DO,F , ,N,C,50,0,0,0,,,1747910,5426114,-41.30288026,174.7667837
Wellington City,WASHINGTON AVENUE,60,S, ,CLEVELAND ST,2054804,27/09/00,Wed,600,MC,CS1CC,372B 930 ,M,R,D,O ,F ,D,N,C,50,0,0,0,,,1747901,5425799,-41.305718,174.7667528
Wellington City,WASHINGTON AVENUE,50,S, ,CONNAUGHT TERRACE,2010094,3/11/00,Fri,2330,DB,MN1CC,111A 132A ,M,M,D,DO,F , ,N,C,50,1,0,0,,,1747820,5425341,-41.30985644,174.765897