TLA NAME,CRASH ROAD,CRASH DIST,CRASH DIRN,INTSN,SIDE ROAD,CRASH ID,CRASH DATE,CRASH DOW,CRASH TIME,MVMT,VEHICLES,CAUSES,OBJECTS STRUCK,ROAD CURVE,ROAD WET,LIGHT,WTHRa,JUNC TYPE,TRAF CTRL,ROAD MARK,SPD LIM,CRASH FATAL CNT,CRASH SEV CNT,CRASH MIN CNT,PERS AGE1,PERS AGE2,EASTING,NORTHING,latitude,longitude
Wellington City,WASHINGTON AVENUE,150,S, ,DORKING ROAD,2052667,10/06/00,Sat,325,DA,CS1C,103A ,CM,M,D,DO,F , ,N,C,50,0,0,0,,,1747890,5425567,-41.30780882,174.7666779
Wellington City,WATERLOO QUAY,50,S, ,AOTEA QUAY,2056125,16/11/00,Thu,1240,AA,CS1C,372A 817 ,R,E,D,B ,F , ,N,C,50,0,0,0,,,1749647,5429296,-41.27391118,174.7867406
Wellington City,WATERLOO QUAY,300,N, ,BUNNY ST,2011133,1/01/00,Sat,1334,CA,CS1VC,414A ,,R,D,B ,F , ,N,P,50,0,2,0,,,1749288,5428840,-41.27808318,174.7825679
Wellington City,WATERLOO QUAY,500,N, ,BUNNY ST,2011067,20/02/00,Sun,950,CA,SS1,135A 810 812 ,,R,D,O ,F , ,N,P,50,0,1,0,,34,1749411,5428997,-41.2766469,174.7839974
Wellington City,WATERLOO QUAY,, ,I,BUNNY ST,2055748,14/12/00,Thu,755,FD,CS1C,181A ,,R,D,O ,F ,T,T,C,50,0,0,0,,,1749102,5428604,-41.28024236,174.7804058
Wellington City,WATERLOO QUAY,15,N, ,HINEMOA ST,2051202,18/03/00,Sat,1515,FE,CS1CC,331A 351A ,,R,D,B ,F ,X,T,C,50,0,0,0,,,1749415,5429002,-41.27660114,174.7840439
Wellington City,WATERLOO QUAY,50,N, ,HINEMOA ST,2056123,9/12/00,Sat,945,AA,VN1C,372A ,,R,D,O ,F , ,N,N,50,0,0,0,,,1749436,5429030,-41.27634516,174.7842877
Wellington City,WATERLOO QUAY,10,S, ,HINEMOA ST,2012053,16/04/00,Sun,1245,PA,CS1E,300A ,,R,D,B ,F ,T,N,N,50,0,0,1,28,,1749399,5428983,-41.27677517,174.7838576
Wellington City,WATERLOO QUAY,30,S, ,HINEMOA ST,2050465,15/02/00,Tue,1112,CA,MN1,135A 801 806 ,N,R,W,O ,L , ,N,N,30,0,0,0,,,1749387,5428967,-41.27692144,174.7837183
Wellington City,WATERLOO QUAY,, ,I,HINEMOA ST,2052098,12/04/00,Wed,1915,FE,CS1C,331A 506A ,,R,D,DO,F ,X,T,C,50,0,0,0,,,1749405,5428991,-41.27670203,174.7839273
Wellington City,WATERLOO QUAY,50,N, ,WHITMORE ST,2052366,29/03/00,Wed,1200,MO,CN1C,371A 386A 440B ,M,R,D,O ,F , ,N,P,50,0,0,0,,,1749011,5428478,-41.28139359,174.7793505
Wellington City,WATERLOO QUAY,10,S, ,WHITMORE ST,2050906,13/03/00,Mon,1430,FA,VN1C,331A 386A ,,R,D,O ,F ,T,T,R,50,0,0,0,,,1748987,5428446,-41.28168613,174.7790719
Wellington City,WEBB ST,15,W, ,CUBA ST,2012469,15/08/00,Tue,756,PC,CW1E,311A 700B 833 929 ,,R,D,B ,F ,D,N,N,50,0,1,0,51,,1748449,5426684,-41.29764931,174.7730801
Wellington City,WEBB ST,15,W, ,HOPPER ST,2050464,13/02/00,Sun,230,MO,CE1C,512A 517A ,M,R,D,DO,F , ,N,C,50,0,0,0,,,1748552,5426638,-41.29804452,174.774321
Wellington City,WEBB ST,, ,I,HOPPER ST,2011949,9/06/00,Fri,1235,LB,SW1C,303B 377B ,,R,D,O ,F ,T,N,C,50,0,0,1,,49,1748565,5426632,-41.29809615,174.7744776
Wellington City,WEBB ST,, ,I,THOMPSON ST,2055849,24/12/00,Sun,1900,LB,CW1C,303B 832 ,,R,D,TF,F ,T,S,C,50,0,0,0,,,1748356,5426726,-41.29728827,174.7719596
Wellington City,WEBB ST,50,E, ,VICTORIA ST,2053983,15/07/00,Sat,730,FD,CW1VC,331A 832 ,,R,D,B ,F , ,N,C,50,0,0,0,,,1748351,5426728,-41.29727118,174.7718994
Wellington City,WEXFORD ROAD,25,E, ,KAURI ST,2052693,9/06/00,Fri,850,EA,CE1CCC,331A 363A ,M,E,D,B ,F , ,N,N,50,0,0,0,,,1751731,5424149,-41.31986216,174.8128941
Wellington City,WHITMORE ST,, ,I,FEATHERSTON ST,2055813,5/12/00,Tue,1240,GD,TE1C,331A 355A ,,R,D,B ,F ,X,T,R,50,0,0,0,,,1748923,5428522,-41.28101367,174.7782894
Wellington City,WHITMORE ST,, ,I,FEATHERSTON ST,2052076,27/04/00,Thu,1810,LB,CW1C,303B ,,R,D,TO,F ,X,T,C,50,0,0,0,,,1748923,5428522,-41.28101367,174.7782894
Wellington City,WHITMORE ST,40,N, ,STOUT ST,2012505,11/10/00,Wed,2033,EE,SE1C,374B ,Q,R,D,DO,F , ,N,P,50,0,0,1,,24,1748860,5428619,-41.28015195,174.7775138
Wellington City,WHITMORE ST,50,W, ,STOUT ST,2054208,5/09/00,Tue,1521,MD,CE1V,371A 370B 930 ,,R,D,O ,F ,D,N,C,50,0,0,0,,,1748855,5428628,-41.28007184,174.7774519
Wellington City,WILLIS ST,, ,I,ABEL SMITH ST,2050677,5/02/00,Sat,2200,HA,XS1V,201B 336B 400B ,,R,D,DO,F ,X,N,R,50,0,0,0,,,1748300,5426947,-41.2953088,174.7712372
Wellington City,WILLIS ST,, ,I,BOND ST,2053973,5/08/00,Sat,1815,KB,CN1X,302B ,,R,D,DO,F ,T,G,C,50,0,0,0,,,1748634,5427685,-41.28860281,174.7750443
Wellington City,WILLIS ST,, ,I,DIXON ST,2054512,3/10/00,Tue,1115,HA,CN1C,321B 851 ,,R,D,B ,F ,X,S,C,50,0,0,0,,,1748520,5427439,-41.29083864,174.7737435
Wellington City,WILLIS ST,, ,I,DIXON ST,2054340,7/09/00,Thu,1043,FB,XW2C,181A 330A 331A ,,R,D,O ,F ,X,S,C,50,0,0,0,,,1748520,5427439,-41.29083864,174.7737435
Wellington City,WILLIS ST,, ,I,DIXON ST,2050865,4/03/00,Sat,1100,HA,CN1C,301B ,,R,D,B ,F ,X,S,N,50,0,0,0,,,1748520,5427439,-41.29083864,174.7737435
Wellington City,WILLIS ST,, ,I,DIXON ST,2050758,11/03/00,Sat,1510,HA,VN1C,321B ,,R,D,B ,F ,T,S,C,50,0,0,0,,,1748520,5427439,-41.29083864,174.7737435
Wellington City,WILLIS ST,, ,I,ELLERS AVENUE,2055851,15/12/00,Fri,2100,GE,VN1C,160A 404A ,,R,W,DO,M ,T,N,C,50,0,0,0,,,1748572,5427554,-41.28979368,174.7743362
Wellington City,WILLIS ST,40,S, ,GHUZNEE ST,2052695,9/06/00,Fri,1723,FD,CN1C,331A ,,R,D,DO,F , ,N,C,50,0,0,0,,,1748429,5427235,-41.29269209,174.772707
Wellington City,WILLIS ST,, ,I,GHUZNEE ST,2052259,10/05/00,Wed,1112,HA,SE2C,322A ,,R,W,O ,L ,M,T,C,50,0,0,0,,21,1748446,5427272,-41.29235583,174.7729009
Wellington City,WILLIS ST,10,S, ,LAMBTON QUAY,2055333,3/11/00,Fri,1235,MA,CN1B,373B ,,R,D,B ,F ,X,T,C,50,0,0,0,,,1748736,5427914,-41.28652224,174.7762059
Wellington City,WILLIS ST,20,S, ,LAMBTON QUAY,2011839,15/05/00,Mon,1338,NA,BS1E,711B ,,R,D,B ,F , ,N,C,50,0,1,1,57,,1748732,5427905,-41.286604,174.7761604
Wellington City,WILLIS ST,, ,I,LAMBTON QUAY,2054858,9/10/00,Mon,1340,GF,TE1B,172A ,,R,D,B ,F ,X,T,C,50,0,0,0,,,1748740,5427923,-41.28644047,174.7762515
Wellington City,WILLIS ST,, ,I,MANNERS ST,2052066,13/04/00,Thu,2235,LB,CW2V,103B 303B ,,R,D,DO,F ,X,T,C,50,0,0,0,,,1748603,5427623,-41.28916673,174.7746894
Wellington City,WILLIS ST,40,N, ,MERCER ST,2011756,17/05/00,Wed,1220,NA,SN1E,370A 712B 839 ,,R,D,O ,F , ,N,L,50,0,1,1,44,20,1748669,5427764,-41.2878851,174.7754428
Wellington City,WILLIS ST,50,N, ,MERCER ST,2011307,3/03/00,Fri,1230,NA,CN1E,514B 712B 713B ,,R,D,B ,F , ,N,C,50,0,0,1,,,1748673,5427773,-41.28780333,174.7754884
Wellington City,WILLIS ST,20,S, ,MERCER ST,2050633,26/01/00,Wed,1640,FE,CN1C,103A 331A ,,R,D,O ,F ,T,T,R,50,0,0,0,,,1748645,5427709,-41.2883847,174.7751698
Wellington City,WILLIS ST,30,N, ,VIVIAN ST,2054331,12/07/00,Wed,1850,KB,CN1C,200B 308B 926 ,,R,D,DO,F ,D,N,C,50,0,0,0,,,1748383,5427134,-41.2936099,174.7721824
Wellington City,WILLIS ST,10,S, ,VIVIAN ST,2052088,10/04/00,Mon,1110,AA,VN1X,381A 386A ,,R,W,O ,L ,X,T,C,50,0,0,0,,,1748367,5427098,-41.29393696,174.7720002
Wellington City,WILLIS ST,50,S, ,VIVIAN ST,2052081,26/04/00,Wed,2124,EA,CN1CC,112A 331A ,M,R,D,DO,F , ,N,C,50,0,0,0,,,1748351,5427061,-41.29427303,174.7718182
Wellington City,WILLIS ST,, ,I,WEBB ST,2053071,8/07/00,Sat,1955,FE,VN1C,324A 331A ,,R,D,DO,F ,T,T,C,50,0,0,0,,,1748229,5426784,-41.2967894,174.7704292
Wellington City,WILLIS ST,, ,I,WILLESTON ST,2012597,18/10/00,Wed,830,NA,BS1E,718B ,,R,D,O ,F ,X,T,C,50,0,0,1,29,,1748740,5427923,-41.28644047,174.7762515
Wellington City,WILLOWBANK ROAD,400,S, ,MAIN ROAD,2055245,26/11/00,Sun,38,BF,CS1C,111A 134A ,,M,D,DN,F , ,N,C,100,0,0,0,,,1753389,5438643,-41.18905566,174.8290496
Wellington City,WILSON ST,50,E, ,RIDDIFORD ST,2054363,25/08/00,Fri,30,CB,VN1CCC,101A 371A ,M,R,D,DO,F , ,N,N,50,0,0,0,,,1749010,5424979,-41.31289673,174.7801952
Wellington City,WILTON ROAD,130,E, ,GLOUCESTER ST,2050951,5/03/00,Sun,2300,DA,VN1CCC,131A ,,M,D,DN,M , ,N,C,50,0,0,0,,,1747280,5430021,-41.26781867,174.7583169
Wellington City,WILTON ROAD,, ,I,GLOUCESTER ST,2052254,3/05/00,Wed,830,LB,CW1V,303B ,,R,D,O ,F ,T,G,C,50,0,0,0,,,1747166,5429976,-41.26824461,174.7569674
Wellington City,WILTON ROAD,200,N, ,NORWICH ST,2053018,10/07/00,Mon,300,DB,CN1,111A ,,M,D,DO,F , ,N,C,50,0,0,0,,,1747795,5430509,-41.26333089,174.7643442
Wellington City,WILTON ROAD,, ,I,PURAKAU AVENUE,2053011,10/06/00,Sat,1645,JA,CS1T,303A ,,M,W,TO,F ,Y,N,C,50,0,0,0,,,1747903,5430613,-41.26237476,174.7656077
Wellington City,WILTON ROAD,100,W, ,WARWICK ST,2052268,23/04/00,Sun,530,CC,CW1,102A 410A ,P,R,D,DO,F , ,N,C,50,0,0,0,,,1747302,5430037,-41.2676706,174.7585756
Wellington City,WOBURN ROAD,30,E, ,WEST ROAD N,2052059,30/03/00,Thu,1800,QD,VS1CC,612A ,FM,E,D,TO,F , ,N,C,50,0,0,0,,,1747299,5428694,-41.27976293,174.7588644
Wellington City,WOODMAN DRIVE,300,S, ,COLONIAL GROVE,2055176,20/11/00,Mon,1445,EA,VN1T,501A ,FM,E,D,O ,F , ,N,C,50,0,0,0,,,1754101,5441020,-41.16751965,174.8369373
Wellington City,YULE ST,, ,I,COUTTS ST,2050277,13/01/00,Thu,1035,HA,CW2C,302B 375B ,,R,D,B ,F ,X,G,C,50,0,0,0,,,1750565,5424069,-41.32080097,174.7989891
Wellington City,YULE ST,, ,I,ENDEAVOUR ST,2050475,30/01/00,Sun,1250,HA,CN2C,302B 356B ,,R,D,B ,F ,X,G,C,50,0,0,0,,,1750463,5423758,-41.32362003,174.7978479
Wellington City,Z 320 MANSFIELD ST,50,N, ,ROY ST,2052612,27/05/00,Sat,1050,MO,CE1C,386A ,M,R,D,B ,F , ,N,N,50,0,0,0,,,1749087,5424330,-41.3187257,174.7812738
Wellington City,Z AT 32 HAMILTON RD,100,S, ,TAPIRI ST,2053077,13/06/00,Tue,1645,MO,CW1,421A ,F,R,D,TF,F , ,N,N,50,0,0,0,,,1750245,5425619,-41.30690551,174.7947845
Wellington City,Z CPK 46 CONSTABLE,, ,A,CONSTABLE/DANIELL,2055417,12/11/00,Sun,2000,MO,CE1C,371A ,M,R,D,TF,F , ,N,N,50,0,0,0,,,1749213,5424919,-41.31339941,174.782634
Wellington City,Z CPK CENTRAL POLICE STN,, ,A,HARRIS ST,2052450,7/04/00,Fri,    ,MO,CN1M,331A 386A ,HM,R,D,O ,F , ,N,N,50,0,0,0,,,1748800,5427781,-41.2877079,174.7770024
Wellington City,Z CPK CONDRENS,20,N, ,HINEMOA ST,2050499,17/01/00,Mon,805,MO,CN1V,387A 371B ,,R,D,O ,F , ,N,N,50,0,0,0,,,1749461,5429043,-41.27622349,174.7845829
Wellington City,Z CPK DEKA,, ,A,DIXON/VICTORIA,2054760,19/09/00,Tue,1745,EE,TN1C,374B ,Q,R,D,TF,F , ,N,N,50,0,0,0,,,1748643,5427375,-41.29139223,174.7752274
Wellington City,Z CPK DRIVE,100,S, ,HOSPITAL ROAD,2012943,9/12/00,Sat,1820,MF,CW1C,351A 440A 371B ,,R,D,B ,F , ,N,N,50,0,0,1,,,1748887,5425672,-41.30668009,174.7785568
Wellington City,Z CPK DWAY,15,N, ,WATERLOO/HINEMOA,2056106,27/08/00,Sun,1635,AC,BS1C,381A 927 ,,M,D,O ,F , ,N,P,50,0,0,0,,,1749445,5429052,-41.27614542,174.7843897
Wellington City,Z CPK FARMERS,, ,A,VICTORIA/DIXON,2054304,10/09/00,Sun,1430,EA,CN1CCC,133A 423A ,MMM,R,D,OO,F , ,N,N,50,0,0,0,,,1748621,5427347,-41.29164837,174.7749716
Wellington City,Z CPK FERRY TERMINAL,, ,A,AOTEA QUAY,2050764,20/02/00,Sun,1850,MC,VW1C,371A ,M,R,D,B ,F , ,N,N,50,0,0,0,,,1749729,5430413,-41.26383916,174.7874448
Wellington City,Z CPK HOSPITAL,60,N, ,OWEN/MEIN,2054743,29/09/00,Fri,1650,MO,CE1C,371A 446B ,M,R,W,O ,L , ,N,C,50,0,0,0,,,1749286,5425332,-41.30966751,174.7834043
Wellington City,Z CPK LEVEL 3,, ,A,WARING TAYLOR/FEATHERSTON,2054283,8/09/00,Fri,1930,MG,CW1C,371B ,,R,D,TO,F , ,N,N,50,0,0,0,,,1748817,5428370,-41.28240174,174.7770614
Wellington City,Z CPK LITTLEJOHNS,20,N, ,VICTORIA /GHUZNEE,2055558,29/11/00,Wed,1100,MO,CS1C,403A 423A ,M,R,D,O ,F , ,N,N,50,0,0,0,,,1748527,5427256,-41.29248499,174.7738717
Wellington City,Z CPK MOORE WILSON,, ,A,COLLEGE/TORY,2055326,19/10/00,Thu,1020,MF,CN1V,371B ,,R,D,O ,F , ,N,N,50,0,0,0,,,1749030,5426874,-41.29583159,174.7799698
Wellington City,Z CPK MOORE WILSONS,, ,A,LORNE/TORY,2051997,5/05/00,Fri,1400,MO,VS1C,371A 371B ,,R,D,O ,F , ,N,N,50,0,0,0,,,1749056,5426896,-41.29562871,174.7802748
Wellington City,Z CPK QUEENS WHARF,20,E, ,CUSTOMHOUSE QUAY,2054287,6/09/00,Wed,1335,MG,VW1C,371A 684A ,,R,D,O ,F , ,N,N,50,0,0,0,,,1748948,5428266,-41.28331394,174.7786504
Wellington City,Z CPK WOOLWORTHS,150,S, ,ONEPU/RONGOTAI,2052318,25/05/00,Thu,1135,MO,CN1CCC,423A ,M,R,D,B ,F , ,N,N,50,0,0,0,,,1750298,5424269,-41.31905012,174.795751
Wellington City,Z DWAY 10 BLACK ROCK ROAD,50,E, ,NEWLANDS ROAD,2013045,18/11/00,Sat,430,PA,CE1E,102A 357A 371A 929 ,,E,D,DN,F , ,N,N,50,0,0,1,22,,1752454,5434266,-41.22863989,174.8189973
Wellington City,Z DWAY 320 THE TERRACE,40,W, ,THE TERRACE,2055749,15/12/00,Fri,2239,BD,CE1C,120A 120B 818 ,,S,D,DN,L , ,N,N,50,0,0,0,,,1748241,5427412,-41.29113302,174.7704196
Wellington City,Z DWAY 37 HUDSON,200,S, ,HUDSON/VOLGA,2011279,13/02/00,Sun,1800,QD,VS1,527A ,H,E,D,B ,F , ,N,N,50,0,0,1,,,1748828,5422485,-41.33538477,174.7786325
Wellington City,Z DWAY 9/11 EBOR,, ,A,JESSIE ST,2055891,8/12/00,Fri,1010,MG,CN1C,371B ,,R,W,O ,L , ,N,N,50,0,0,0,,,1748930,5426942,-41.29523781,174.7787594
Wellington City,Z DWAY MAJESTIC BLD,50,W, ,BOULCOTT/WILLIS,2052089,10/04/00,Mon,2040,MO,CE1C,371B 926 ,,R,W,DO,L , ,N,C,50,0,0,0,,,1748564,5427698,-41.28849865,174.7742056
Wellington City,Z FCT 24 MOOREFIELD,40,N, ,MOOREFIELD/FRANKMOORE,2052456,13/03/00,Mon,1330,MO,CN1CC,331A ,M,R,D,O ,F , ,N,N,50,0,0,0,,,1751414,5435053,-41.22174953,174.8063994
Wellington City,Z FCT FERRY TERMINAL,, ,A,INTERISLAND TERMINAL,2050224,2/01/00,Sun,45,MO,VS1C,371A 440B ,M,R,W,DO,L , , ,N,30,0,0,0,,,1749643,5430326,-41.26463839,174.7864399
Wellington City,Z FCT TURNERS CAR AUCTION,, ,A,KAIWHARAWHARA ROAD,2012367,17/08/00,Thu,1600,MO,CN1,403A 420A ,H,R,D,O ,F , ,N,N,50,0,0,1,,,1749718,5431050,-41.25810601,174.7871571
Wellington City,Z FERRY TERMINAL,, ,A,AOTEA QUAY,2013013,4/12/00,Mon,1415,HA,TN1V,302A 839 ,,E,D,B ,F ,X,G,N,50,0,1,0,,,1749539,5430213,-41.26567504,174.7852267
Wellington City,Z FERRY TERMINAL,, ,A,AOTEA QUAY,2055581,25/11/00,Sat,816,MO,CS1B,385A 446A ,Q,R,W,O ,L , ,N,N,50,0,0,0,,,1749619,5430297,-41.26490394,174.7861607
Wellington City,Z HOSPITAL CPK DWAY,40,E, ,RIDDIFORD ST,2050678,14/02/00,Mon,1500,MO,CE1C,387A 312B 387B ,,R,D,B ,F , ,N,N,50,0,0,0,,,1748902,5425422,-41.30892817,174.7787971
Wellington City,Z NZ POST HO,, ,A,WATERLOO/WHITMORE,2050448,21/01/00,Fri,830,MO,SS1X,105A 204A ,Q,E,D,B ,F , ,N,N,50,0,0,0,,40,1748980,5428456,-41.28159738,174.7789859
Wellington City,Z OWHIRO BAY PARADE,1000,W, ,QUARRY GATE,2011250,3/02/00,Thu,2000,DB,CE1,111A ,E,M,D,DN,FS, ,N,N,50,0,0,1,,,1745539,5421066,-41.34876142,174.7396836
Wellington City,Z RAIL YARD,200,N, ,AOTEA/WATERLOO,2052413,10/03/00,Fri,1515,QC,TW1,,N,R,D,B ,F , ,N,N,50,0,0,0,,,1749617,5429531,-41.27180094,174.7863248
Wellington City,1N/1050/6.276,1500,S, ,MUNGAVIN OFF NBD,2054961,13/05/00,Sat,1435,DB,CN1,131A 330A 402A ,E,E,W,O ,F , ,N,R,100,0,0,0,,,1754351,5442454,-41.15456132,174.8395547
Wellington City,1N/1050/6.355,1500,S, ,MUNGAVIN ON SBD,2052421,27/05/00,Sat,900,FA,CS1T,353A ,C,R,D,B ,F , ,N,R,100,0,0,0,,,1754339,5442372,-41.15530187,174.8394324
Wellington City,1N/1050/6.675,1900,S, ,MUNGAVIN OFF NBD,2052305,24/04/00,Mon,1725,DB,CN1CCC,135A 135B 135D 803 ,C,E,I,TN,S , ,N,R,100,0,0,0,,,1754183,5442092,-41.15785248,174.8376445
Wellington City,1N/1050/6.775,2000,S, ,MUNGAVIN OFF NBD,2012272,3/09/00,Sun,620,DB,CN1,410A ,E,E,W,DF,F , ,N,R,100,0,0,1,,,1754142,5442000,-41.15868858,174.8371792
Wellington City,1N/1050/6.775,2000,S, ,MUNGAVIN OFF NBD,2011521,27/02/00,Sun,545,CB,VN1,101A 110A ,C,R,D,DN,F , ,N,C,100,0,0,1,,,1754142,5442000,-41.15868858,174.8371792
Wellington City,1N/1050/7.615,2000,N, ,TAWA ON NBD,2054424,2/09/00,Sat,1327,AA,CN1CC,197A 372A 191C 901 ,,R,W,O ,H , ,N,R,100,0,0,0,,,1753811,5441229,-41.16569302,174.8334296
Wellington City,1N/1050/8.415,1200,N, ,TAWA ON NBD,2054958,29/09/00,Fri,1622,AC,CN1C,177A 181A 331B 901 ,G,R,W,O ,HS, ,N,R,100,0,0,0,,,1753587,5440465,-41.17261406,174.8309524
Wellington City,1N/1050/9.03,600,N, ,TAWA OFF SBD,2052449,4/04/00,Tue,1750,FD,CS1CC,132A 370A 801 901 ,G,R,W,O ,H , ,N,R,100,0,0,0,,,1753463,5439860,-41.17808458,174.8296264
Wellington City,1N/1050/9.215,400,N, ,TAWA ON NBD,2055929,15/12/00,Fri,1625,FD,CN1CC,331A ,,E,W,O ,L , ,N,R,100,0,0,0,,,1753391,5439691,-41.17961977,174.8288108
Wellington City,1N/1050/9.23,400,N, ,TAWA OFF SBD,2011840,30/05/00,Tue,1315,AD,CS1TC,131A 181C ,G,M,W,O ,L , ,N,R,100,0,0,1,,,1753399,5439671,-41.17979833,174.8289111
Wellington City,1N/1050/9.35,280,N, ,TAWA OFF SBD,2054397,9/09/00,Sat,430,DB,TS1,132A ,G,M,D,DN,F , ,N,R,100,0,0,0,,,1753391,5439552,-41.18087124,174.8288456
Wellington City,1N/1050/9.415,200,N, ,TAWA ON NBD,2056047,15/12/00,Fri,1600,DA,CN1CC,132A 801 ,,M,W,O ,L , ,N,R,100,0,0,0,,,1753393,5439494,-41.18139306,174.828884
Wellington City,1N/1050/9.68,50,S, ,TAWA OFF SBD,2012529,10/09/00,Sun,257,DA,CS1,103A 134A ,GP,M,W,DO,L , ,N,R,100,0,1,0,,,1753561,5439275,-41.18333297,174.830941
Wellington City,1N/1050/9.68,50,S, ,TAWA OFF SBD,2051677,7/05/00,Sun,1530,DA,CS1,135A 823 ,L,M,W,TF,HS, ,N,R,100,0,0,0,,,1753561,5439275,-41.18333297,174.830941
Wellington City,1N/1050/9.68,50,S, ,TAWA OFF SBD,2054413,2/10/00,Mon,725,DA,VS1,135A 801 823 ,CL,M,W,O ,HS, ,N,R,100,0,0,0,,,1753561,5439275,-41.18333297,174.830941
Wellington City,1N/1060/0.165,100,N, ,TAWA ON SBD,2051303,4/04/00,Tue,1715,DA,CS1CCV,135A 135B 135C 135D 806 ,G,M,W,O ,H , ,N,R,100,0,0,0,,,1753658,5438881,-41.1868619,174.8321959
Wellington City,1N/1060/0.165,100,N, ,TAWA ON SBD,2051269,20/03/00,Mon,720,DA,CS1,132A ,C,M,W,O ,L , ,N,R,100,0,0,0,,,1753658,5438881,-41.1868619,174.8321959
Wellington City,1N/1060/0.215,50,N, ,TAWA ON SBD,2055909,11/12/00,Mon,1355,DA,CS1,135A 801 ,G,M,W,O ,L , ,N,R,100,0,0,0,,,1753647,5438832,-41.18730514,174.8320771
Wellington City,1N/1060/0.239,80,N, ,TAWA OFF NBD,2012068,17/06/00,Sat,415,DB,CN1,103A 111A ,G,M,D,DO,F , ,N,R,100,0,0,3,,,1753628,5438809,-41.18751582,174.8318564
Wellington City,1N/1060/0.265,, ,I,TAWA ON SBD,2054423,13/09/00,Wed,635,AA,CS1C,372A ,G,E,W,TF,F ,Y,N,R,100,0,0,0,,,1753635,5438784,-41.18773958,174.8319461
Wellington City,1N/1060/0.365,100,S, ,TAWA ON SBD,2053079,13/06/00,Tue,950,FD,VS1CC,331A ,,R,W,O ,L , ,N,R,100,0,0,0,,,1753606,5438688,-41.1886094,174.8316246
Wellington City,1N/1060/0.465,200,S, ,TAWA ON SBD,2054378,21/09/00,Thu,1950,DA,VS1,631A 688A ,G,E,D,DO,F , ,N,R,100,0,0,0,,,1753577,5438592,-41.18947922,174.831303
Wellington City,1N/1060/0.465,200,S, ,TAWA ON SBD,2050902,14/03/00,Tue,715,FD,CS1CCX,331A 181C ,,R,W,TF,H , ,N,R,100,0,0,0,,,1753577,5438592,-41.18947922,174.831303
Wellington City,1N/1060/1.019,700,S, ,TAWA OFF NBD,2052104,4/04/00,Tue,1100,DA,CN1,135A 801 ,G,M,W,O ,L , ,N,R,100,0,0,0,,,1753392,5438078,-41.19414198,174.829227
Wellington City,1N/1060/1.026,1000,N, ,CHURTON PARK ON NBD,2054109,19/08/00,Sat,1550,DA,CN1,131A 807 ,T,E,W,O ,LS, ,N,R,100,0,0,0,,,1753386,5438073,-41.19418814,174.8291567
Wellington City,1N/1060/1.265,1000,S, ,TAWA ON SBD,2052041,20/03/00,Mon,935,DA,CS1,111A ,ET,E,W,O ,L , ,N,R,100,0,0,0,,,1753211,5437935,-41.19546372,174.8271054
Wellington City,1N/1060/1.319,1000,S, ,TAWA OFF NBD,2011525,14/03/00,Tue,643,DB,CN1TV,132A 135A 132B 801 ,CEE,M,W,DO,L , ,N,R,100,0,1,1,,,1753148,5437904,-41.19575474,174.8263622
Wellington City,1N/1060/1.835,200,N, ,CHURTON PARK OFF SBD,2052096,4/04/00,Tue,1628,DB,VS1,135A 806 901 ,C,E,W,TO,HS, ,N,R,100,0,0,0,,,1752949,5437446,-41.19991588,174.8241047
Wellington City,1N/1060/2.829,20,N, ,CHURTON PARK ON SBD,2053067,13/06/00,Tue,930,FD,CS1CV,331A ,,E,W,O ,H , ,N,R,100,0,0,0,,,1752388,5436653,-41.20716132,174.8176149
Wellington City,1N/1060/2.899,50,S, ,CHURTON PARK ON SBD,2053064,12/04/00,Wed,1005,QG,VS1C,668A ,D,E,D,O ,F , ,N,R,100,0,0,0,,,1752358,5436590,-41.20773418,174.817273
Wellington City,1N/1060/2.899,50,S, ,CHURTON PARK ON SBD,2054062,17/07/00,Mon,1000,AA,CS1C,137A 143A ,G,E,D,B ,F , ,N,R,100,0,0,0,,,1752358,5436590,-41.20773418,174.817273
Wellington City,1N/1060/2.949,100,S, ,CHURTON PARK ON SBD,2052012,2/04/00,Sun,700,CB,CS1,102A 410A ,P,R,W,O ,L , ,N,R,100,0,0,0,,,1752337,5436545,-41.20814328,174.8170338
Wellington City,1N/1060/3.035,1000,S, ,CHURTON PARK OFF SBD,2052058,21/03/00,Tue,2040,DB,CS1,132A 135A 801 ,C,E,W,DN,L , ,N,R,100,0,0,0,,,1752301,5436467,-41.20885232,174.8166241
Wellington City,1N/1060/3.049,200,S, ,CHURTON PARK ON SBD,2012054,19/07/00,Wed,726,FD,VS1C,353A ,,R,W,O ,L , ,N,R,100,0,0,1,,,1752295,5436454,-41.20897049,174.8165558
Wellington City,1N/1060/3.069,200,S, ,CHURTON PARK OFF NBD,2050495,13/01/00,Thu,1310,FD,CN1C,331A 363A 817 902 ,,R,D,B ,F , ,N,R,100,0,0,0,,,1752272,5436436,-41.20913687,174.816286
Wellington City,1N/1060/3.149,300,S, ,CHURTON PARK ON SBD,2013048,29/12/00,Fri,515,DB,CS1,104A 111A 801 ,CG,E,W,DO,L , ,N,R,100,0,0,1,,,1752253,5436363,-41.20979769,174.8160777
Wellington City,1N/1060/3.23,1000,N, ,JOHNSONVILLE ON NBD,2012086,29/05/00,Mon,2045,CB,CN1CV,524A 181B 191C ,P,R,W,DO,L , ,N,R,100,0,0,1,,,1752207,5436289,-41.2104726,174.8155477