TLA NAME,CRASH ROAD,CRASH DIST,CRASH DIRN,INTSN,SIDE ROAD,CRASH ID,CRASH DATE,CRASH DOW,CRASH TIME,MVMT,VEHICLES,CAUSES,OBJECTS STRUCK,ROAD CURVE,ROAD WET,LIGHT,WTHRa,JUNC TYPE,TRAF CTRL,ROAD MARK,SPD LIM,CRASH FATAL CNT,CRASH SEV CNT,CRASH MIN CNT,PERS AGE1,PERS AGE2,EASTING,NORTHING,latitude,longitude
Wellington City,1N/1060/3.269,400,S, ,CHURTON PARK OFF NBD,2051419,14/03/00,Tue,1000,FD,VN1C,331A ,,R,W,O ,L , ,N,R,100,0,0,0,,,1752191,5436253,-41.21079972,174.8153659
Wellington City,1N/1060/3.53,700,N, ,JOHNSONVILLE OFF SBD,2010101,25/11/00,Sat,1911,AD,CS1CCC,158A 431A 106C 126C 137C 431D ,GGG,R,D,TF,F , ,N,R,100,1,0,1,,,1752097,5436016,-41.21295119,174.8143042
Wellington City,1N/1060/3.53,700,N, ,JOHNSONVILLE ON NBD,2052000,7/05/00,Sun,1310,CC,CN1,410A ,G,R,W,O ,H , ,N,R,100,0,0,0,,,1752080,5436017,-41.21294538,174.8141012
Wellington City,1N/1060/3.73,500,N, ,JOHNSONVILLE ON NBD,2054327,4/07/00,Tue,1740,FD,CN1VC,331A 331B ,,R,D,TO,F , ,N,R,100,0,0,0,,,1751994,5435837,-41.21458215,174.8131206
Wellington City,1N/1060/3.73,500,N, ,JOHNSONVILLE ON NBD,2054513,8/10/00,Sun,1259,AC,CN1V,158A 372A ,,R,W,O ,LS, ,N,R,100,0,0,0,,,1751994,5435837,-41.21458215,174.8131206
Wellington City,1N/1060/3.78,450,N, ,JOHNSONVILLE OFF SBD,2052976,13/06/00,Tue,920,QD,VS1T,611A ,,R,W,O ,L , ,N,R,100,0,0,0,,,1751989,5435791,-41.21499724,174.8130724
Wellington City,1N/1060/3.849,1000,S, ,CHURTON PARK ON SBD,2054799,4/09/00,Mon,755,FD,CS1CC,181A 181B ,,R,D,O ,F , ,N,R,100,0,0,0,,,1751959,5435728,-41.21557009,174.8127304
Wellington City,1N/1060/3.849,1000,S, ,CHURTON PARK ON SBD,2054742,4/09/00,Mon,755,FD,VS1C,181A ,,R,D,O ,F , ,N,R,100,0,0,0,,,1751959,5435728,-41.21557009,174.8127304
Wellington City,1N/1060/3.93,300,N, ,JOHNSONVILLE OFF SBD,2052065,18/04/00,Tue,1210,FD,TS1CVC,181A 181B 181C 191D 817 ,,R,W,O ,F , ,N,R,100,0,0,0,,,1751924,5435656,-41.2162249,174.812331
Wellington City,1N/1060/4.03,200,N, ,JOHNSONVILLE ON NBD,2055403,5/11/00,Sun,1435,AF,CN1T,688A ,C,R,D,B ,F , ,N,R,100,0,0,0,,,1751864,5435566,-41.21704647,174.8116379
Wellington City,1N/1060/4.08,150,N, ,JOHNSONVILLE ON NBD,2054346,26/05/00,Fri,1415,QG,VN1CC,682A ,DD,R,D,B ,F , ,N,R,100,0,0,0,,,1751842,5435521,-41.21745575,174.8113868
Wellington City,1N/1060/4.16,70,N, ,JOHNSONVILLE ON NBD,2054801,6/09/00,Wed,1530,AA,CN1CV,372A 181C ,,R,D,O ,FS, ,N,R,100,0,0,0,,,1751807,5435449,-41.21811056,174.8109874
Wellington City,1N/1060/4.23,, ,I,JOHNSONVILLE OFF SBD,2052055,30/03/00,Thu,930,FD,CS1C,181A 191A ,,R,W,O ,F ,Y,N,R,100,0,0,0,,,1751794,5435385,-41.21868921,174.8108482
Wellington City,1N/1060/4.28,50,S, ,JOHNSONVILLE OFF SBD,2055551,29/10/00,Sun,1549,FD,CS1C,181A ,,R,D,B ,F , ,N,R,100,0,0,0,,,1751771,5435341,-41.21908967,174.8105849
Wellington City,1N/1060/4.28,50,S, ,JOHNSONVILLE ON NBD,2052264,6/04/00,Thu,1830,FD,CN1C,181A 331A ,G,R,W,DO,HS, ,N,R,100,0,0,0,,,1751756,5435341,-41.21909249,174.8104061
Wellington City,1N/1060/4.28,50,S, ,JOHNSONVILLE ON NBD,2050534,25/01/00,Tue,1658,DA,VN1,110A 132A 801 ,C,E,W,O ,H , ,N,R,100,0,0,0,,,1751756,5435341,-41.21909249,174.8104061
Wellington City,1N/1060/4.48,250,S, ,JOHNSONVILLE OFF SBD,2054735,9/10/00,Mon,844,EC,CS1,911,W,E,W,O ,L , ,N,R,100,0,0,0,,,1751683,5435161,-41.22072678,174.8095803
Wellington City,1N/1060/5.442,50,S, ,JOHNSONVILLE OFF NBD,2054740,23/09/00,Sat,1430,QG,CN1,631A ,,R,D,B ,F , ,N,R,80,0,0,0,,,1751619,5434235,-41.22907591,174.809047
Wellington City,1N/1060/5.492,100,S, ,JOHNSONVILLE OFF NBD,2051382,13/03/00,Mon,1156,DB,CN1,135A 801 ,C,M,W,O ,L , ,N,R,80,0,0,0,,,1751643,5434191,-41.22946756,174.8093441
Wellington City,1N/1060/5.738,150,N, ,NEWLANDS ON NBD,2054734,5/10/00,Thu,700,DB,VN1,103A ,G,E,D,O ,F , ,N,R,80,0,0,0,,,1751669,5433961,-41.23153347,174.8097113
Wellington City,1N/1060/5.788,100,N, ,NEWLANDS ON NBD,2055890,4/12/00,Mon,1534,AA,CN1C,372A ,,E,D,B ,F , ,N,R,80,0,0,0,,,1751642,5433920,-41.23190767,174.8093995
Wellington City,1N/1060/5.838,50,N, ,NEWLANDS ON NBD,2011167,3/01/00,Mon,935,AD,CN1M,131A ,G,M,W,O ,LS, ,N,R,80,0,1,0,,,1751610,5433881,-41.2322648,174.8090275
Wellington City,1N/1060/5.888,, ,A,NEWLANDS ON NBD,2055557,29/11/00,Wed,1826,FD,CN1X,181A ,,R,W,O ,HS, ,N,R,80,0,0,0,,,1751578,5433843,-41.23261292,174.8086553
Wellington City,1N/1060/5.888,, ,I,NEWLANDS ON NBD,2012050,12/07/00,Wed,1200,FA,MN1T,331A ,,R,D,B ,F ,Y,N,R,80,0,1,0,,,1751578,5433843,-41.23261292,174.8086553
Wellington City,1N/1060/5.908,20,S, ,NEWLANDS ON NBD,2055922,8/12/00,Fri,1720,FD,VN1CC,331A 352A ,,R,D,B ,F , ,N,R,80,0,0,0,,,1751566,5433827,-41.23275923,174.8085162
Wellington City,1N/1060/6,, ,I,NEWLANDS ON SBD,2050496,13/01/00,Thu,1350,CC,TS2,132A 653A ,G,R,D,B ,F ,Y,N,R,80,0,0,0,,,1751527,5433757,-41.23339677,174.8080684
Wellington City,1N/1060/6.193,50,N, ,NEWLANDS OFF NBD,2055559,30/11/00,Thu,815,AA,TN1C,372A ,,R,D,B ,F , ,N,R,80,0,0,0,,,1751383,5433609,-41.23475623,174.8063877
Wellington City,1N/1060/6.243,, ,I,NEWLANDS OFF NBD,2056142,23/12/00,Sat,1425,FA,CN1C,331A 353A ,,E,D,O ,F ,Y,N,R,80,0,0,0,,,1751351,5433570,-41.23511335,174.8060157
Wellington City,1N/1060/6.301,300,S, ,NEWLANDS ON SBD,2012084,3/07/00,Mon,800,CA,MS1,132A 331A ,,R,W,O ,L , ,N,R,80,0,0,1,,,1751338,5433524,-41.23552994,174.805872
Wellington City,1N/1060/6.4,400,S, ,NEWLANDS ON SBD,2011802,29/04/00,Sat,120,DB,TS1,126A 411A ,G,E,D,DO,F , ,N,R,80,0,0,2,,,1751303,5433431,-41.2363738,174.8054776
Wellington City,1N/1060/6.401,400,S, ,NEWLANDS ON SBD,2052369,30/03/00,Thu,855,DB,TS1,614A 615A ,C,E,W,O ,L , ,N,R,80,0,0,0,,,1751303,5433431,-41.2363738,174.8054776
Wellington City,1N/1060/6.597,20,N, ,ABATTOIRS ROAD,2055887,16/12/00,Sat,615,DA,CN1,111A 801 ,C,M,W,TO,L , ,N,R,80,0,0,0,,,1751305,5433234,-41.2381471,174.8055503
Wellington City,1N/1060/6.601,600,S, ,NEWLANDS ON SBD,2052448,17/04/00,Mon,1630,FD,CS1VCC,181A 191A 181B 181C ,,R,D,TF,FS, ,N,R,80,0,0,0,,,1751322,5433236,-41.23812591,174.8057526
Wellington City,1N/1060/6.617,, ,I,ABATTOIRS ROAD,2052243,2/06/00,Fri,1550,EC,VN1,330A 912 ,W,E,W,O ,L ,T,N,R,80,0,0,0,,,1751312,5433216,-41.23830785,174.8056382
Wellington City,1N/1060/6.617,, ,I,ABATTOIRS ROAD,2050436,6/02/00,Sun,800,DA,CN1,103A 170A ,IST,E,D,O ,F ,T,N,R,80,0,0,0,,,1751312,5433216,-41.23830785,174.8056382
Wellington City,1N/1060/6.701,700,S, ,NEWLANDS ON SBD,2054593,7/10/00,Sat,1340,FD,CS1C,181A ,,E,W,O ,L , ,N,R,80,0,0,0,,,1751379,5433155,-41.23884452,174.8064525
Wellington City,1N/1060/6.717,500,N, ,TYERS ROAD,2051012,27/01/00,Thu,1455,AA,CN1C,181A 386A ,,E,D,B ,F , ,N,R,80,0,0,0,,,1751373,5433137,-41.2390077,174.8063854
Wellington City,1N/1060/6.767,150,S, ,ABATTOIRS ROAD,2054586,7/10/00,Sat,1329,FD,CN1CC,181A 331A 181B 422C ,,E,W,O ,L , ,N,R,80,0,0,0,,,1751411,5433105,-41.23928869,174.8068466
Wellington City,1N/1060/6.917,300,N, ,TYERS ROAD,2054982,18/10/00,Wed,625,DA,CN1,137A 801 ,C,E,W,O ,H , ,N,R,80,0,0,0,,,1751528,5433011,-41.2401131,174.8082655
Wellington City,1N/1060/6.967,250,N, ,TYERS ROAD,2051395,8/03/00,Wed,1500,AO,CN1C,372A 372B ,,E,D,O ,F , ,N,R,80,0,0,0,,,1751560,5432973,-41.24044923,174.8086566
Wellington City,1N/1060/6.974,300,N, ,CENTENNIAL SBD,2055301,29/10/00,Sun,1333,DB,CE1,131A ,G,M,D,B ,F , ,N,R,80,0,0,0,,,1751580,5432971,-41.24046349,174.8088957
Wellington City,1N/1060/7.017,200,N, ,TYERS ROAD,2051383,21/03/00,Tue,1807,FC,CN1C,181A ,,E,W,O ,H , ,N,R,80,0,0,0,,,1751590,5432933,-41.24080374,174.8090244
Wellington City,1N/1060/7.074,200,W, ,CENTENNIAL SBD,2055885,24/12/00,Sun,1640,FD,CE1C,331A ,,E,D,O ,F , ,N,R,80,0,0,0,,,1751642,5432892,-41.24116313,174.8096548
Wellington City,1N/1060/7.075,200,N, ,CENTENNIAL SBD,2011374,2/03/00,Thu,600,AC,CS1T,132A 177A 402A ,G,R,D,TO,F , ,N,R,80,0,0,1,,,1751642,5432892,-41.24116313,174.8096548
Wellington City,1N/1060/7.116,100,W, ,TYERS ROAD,2056178,22/12/00,Fri,2140,DA,CW1,103A ,P,E,D,DO,F , ,N,R,80,0,0,0,,,1751651,5432855,-41.24149456,174.8097714
Wellington City,1N/1060/7.117,100,N, ,TYERS ROAD,2051015,19/01/00,Wed,1555,AC,VN1C,177A 137B ,,E,D,B ,F , ,N,R,80,0,0,0,,,1751652,5432855,-41.24149438,174.8097833
Wellington City,1N/1060/7.124,150,W, ,CENTENNIAL SBD,2054080,16/08/00,Wed,1655,FD,CE1C,181A 427A ,,E,D,O ,F , ,N,R,80,0,0,0,,,1751675,5432855,-41.24149006,174.8100576
Wellington City,1N/1060/7.155,120,W, ,CENTENNIAL SBD,2052007,11/05/00,Thu,745,FD,CS1C,191B ,,R,D,O ,F , ,N,R,80,0,0,0,,,1751697,5432834,-41.24167501,174.8103253
Wellington City,1N/1060/7.216,, ,I,TYERS ROAD,2053101,13/07/00,Thu,1630,FD,CW1CCC,331A 363A 363B 363C 191D 363D 902 ,G,R,D,B ,F ,T,G,R,80,0,0,0,,,1751729,5432793,-41.24203814,174.8107172
Wellington City,1N/1060/7.216,, ,I,TYERS ROAD,2053020,28/06/00,Wed,1940,AC,CW1T,372A ,,E,W,DO,L ,T,G,R,80,0,0,0,,,1751729,5432793,-41.24203814,174.8107172
Wellington City,1N/1060/7.216,, ,I,TYERS ROAD,2054068,22/08/00,Tue,1140,MG,CW2V,330A 371B ,,M,D,B ,F ,T,N,R,80,0,0,0,,,1751729,5432793,-41.24203814,174.8107172
Wellington City,1N/1060/7.246,30,E, ,TYERS ROAD,2052984,3/07/00,Mon,1730,FD,CW1T,181A 331A ,,E,W,DO,L , ,N,R,80,0,0,0,,,1751756,5432780,-41.24215012,174.8110425
Wellington City,1N/1060/7.247,30,S, ,TYERS ROAD,2053066,15/06/00,Thu,1745,FD,VN1C,331A ,,E,D,TO,F , ,N,R,80,0,0,0,,,1751757,5432780,-41.24214993,174.8110544
Wellington City,1N/1060/7.254,20,N, ,CENTENNIAL SBD,2054585,7/10/00,Sat,1255,FD,CE1C,331A ,,R,W,O ,L ,Y,N,R,80,0,0,0,,,1751783,5432784,-41.24210904,174.8113635
Wellington City,1N/1060/7.257,40,S, ,TYERS ROAD,2011526,7/03/00,Tue,1730,FD,CN1CCC,331A ,,M,D,B ,F , ,N,R,80,0,0,1,,,1751766,5432776,-41.24218425,174.8111627
Wellington City,1N/1060/7.325,50,S, ,CENTENNIAL SBD,2011758,23/04/00,Sun,10,FF,CS1CE,104A 111A ,,E,D,DO,F , ,N,R,80,0,0,2,38,,1751847,5432754,-41.24236712,174.8121344
Wellington City,1N/1060/7.361,, ,I,CENTENNIAL NBD,2050487,25/01/00,Tue,1625,KA,CN1T,137A 197A 372B 801 ,G,M,W,O ,L ,Y,N,R,80,0,0,0,,,1751861,5432732,-41.24256257,174.8123069
Wellington City,1N/1060/7.361,, ,I,CENTENNIAL NBD,2052249,30/05/00,Tue,1100,AD,CW2,135A 807 ,G,E,W,O ,L ,Y,N,R,80,0,0,0,,,1751860,5432733,-41.24255375,174.8122947
Wellington City,1N/1060/7.408,100,S, ,NIMT OBR,2052071,22/04/00,Sat,0,DA,CS1,103A 111A ,G,E,D,DO,F , ,N,R,80,0,0,0,,,1751919,5432712,-41.24273174,174.8130037
Wellington City,1N/1060/8.098,200,E, ,SH 2,2052653,30/05/00,Tue,715,FA,CS1C,331A ,,E,W,O ,F , ,N,R,100,0,0,0,,,1751960,5432101,-41.24822507,174.8136449
Wellington City,1N/1060/8.106,150,N, ,SH 2,2054715,27/05/00,Sat,50,DB,CN1,131A ,G,M,W,DO,F , ,N,R,100,0,0,0,,,1751890,5432111,-41.24814819,174.8128073
Wellington City,1N/1060/8.148,150,E, ,SH 2,2053220,28/05/00,Sun,1900,AC,CS1C,372A ,,R,D,B ,F , ,N,R,100,0,0,0,,,1751920,5432071,-41.24850269,174.8131752
Wellington City,1N/1068/0.2,200,S, ,SH 2,2054803,1/09/00,Fri,810,FD,CS1CC,423A ,,R,D,B ,F , ,N,R,100,0,0,0,,,1751625,5431884,-41.25024169,174.8097025
Wellington City,1N/1068/0.3,300,S, ,SH 2,2052973,30/06/00,Fri,840,FD,CN1C,181A 191B ,,E,W,B ,F , ,N,R,100,0,0,0,,,1751531,5431840,-41.25065547,174.808592
Wellington City,1N/1068/0.35,350,S, ,SH 2,2012059,29/06/00,Thu,1722,AF,VN1TC,159A 197B 615B ,,R,W,DO,L , ,N,R,100,0,0,1,,,1751490,5431811,-41.25092425,174.8081101
Wellington City,1N/1068/0.5,500,S, ,SH 2,2053981,27/07/00,Thu,1500,FD,CN1V,331A ,,E,W,O ,L , ,N,R,100,0,0,0,,,1751378,5431713,-41.25182756,174.8067983
Wellington City,1N/1068/0.509,2000,N, ,AOTEA ON NBD,2053072,19/06/00,Mon,815,FD,CN1C,331A 363A ,G,R,D,B ,F , ,N,R,100,0,0,0,,,1751372,5431705,-41.25190071,174.8067287
Wellington City,1N/1068/0.834,2000,E, ,AOTEA OFF SBD,2055425,12/11/00,Sun,130,FA,CS1T,351A ,,E,D,DO,F , ,N,R,100,0,0,0,,,1751148,5431471,-41.25404941,174.8041144
Wellington City,1N/1068/0.9,900,S, ,SH 2,2053985,27/07/00,Thu,1442,FA,CS1C,331A ,,E,W,O ,LS, ,N,R,100,0,0,0,,,1751092,5431436,-41.254375,174.8034549
Wellington City,1N/1068/1.109,1400,N, ,AOTEA ON NBD,2056107,24/12/00,Sun,1845,FA,CN1C,112A ,GG,E,D,B ,F , ,N,R,100,0,0,0,,,1750893,5431359,-41.25510544,174.8010998
Wellington City,1N/1068/1.309,1200,N, ,AOTEA ON NBD,2012382,6/08/00,Sun,45,DB,CN1,524A ,G,E,D,DO,F , ,N,R,100,0,0,2,,,1750706,5431290,-41.25576156,174.7988858
Wellington City,1N/1068/1.334,1500,E, ,AOTEA OFF SBD,2012741,12/10/00,Thu,1240,EB,CS1C,331A 651B ,G,R,W,O ,H , ,N,R,100,0,0,2,,,1750694,5431267,-41.25597087,174.7987483
Wellington City,1N/1068/1.335,1500,N, ,AOTEA OFF SBD,2055413,24/05/00,Wed,2010,AA,CS1C,372A 331B ,,R,D,DO,F , ,N,R,100,0,0,0,,,1750694,5431267,-41.25597087,174.7987483
Wellington City,1N/1068/1.709,800,N, ,AOTEA ON NBD,2051005,10/03/00,Fri,755,CA,CN1,631A ,G,R,D,B ,F , ,N,R,100,0,0,0,,,1750359,5431092,-41.25760886,174.7947947
Wellington City,1N/1068/1.809,700,N, ,AOTEA ON NBD,2012864,17/11/00,Fri,1007,DB,VN1,687A ,G,M,D,B ,F , ,N,R,100,0,0,1,,,1750281,5431029,-41.25819059,174.7938796
Wellington City,1N/1068/1.835,1000,N, ,AOTEA OFF SBD,2054963,5/10/00,Thu,1115,DB,CS1,137A 801 ,G,E,W,O ,L , ,N,R,100,0,0,0,,,1750275,5430999,-41.2584618,174.7938154
Wellington City,1N/1068/1.885,950,N, ,AOTEA OFF SBD,2054521,26/08/00,Sat,2056,DB,CS1,352A ,G,E,W,DO,L , ,N,R,100,0,0,0,,,1750239,5430965,-41.25877461,174.7933942
Wellington City,1N/1068/2,2000,W, ,SH 2,2054387,15/09/00,Fri,730,FA,CS1C,181A 331A ,,E,W,B ,F , ,N,R,100,0,0,0,,,1750164,5430877,-41.25958085,174.792521
Wellington City,1N/1068/2.009,500,N, ,AOTEA ON NBD,2054741,1/10/00,Sun,1215,FF,CN1C,331A ,,E,W,O ,L , ,N,R,100,0,0,0,,,1750146,5430882,-41.25953918,174.792305
Wellington City,1N/1068/2.009,500,N, ,AOTEA ON NBD,2011377,28/01/00,Fri,750,CB,CN1,136A 687A ,G,R,D,B ,F , ,N,R,100,0,0,1,,,1750147,5430882,-41.25953899,174.792317
Wellington City,1N/1068/2.009,500,N, ,AOTEA ON NBD,2051378,19/02/00,Sat,745,FD,CN1C,181A ,,E,D,O ,F , ,N,R,100,0,0,0,,,1750147,5430882,-41.25953899,174.792317
Wellington City,1N/1068/2.009,500,N, ,AOTEA ON NBD,2050389,12/01/00,Wed,1620,AA,CN1C,177A 300A 137B 197B ,G,E,D,B ,F , ,N,R,100,0,0,0,,,1750147,5430882,-41.25953899,174.792317
Wellington City,1N/1068/2.009,500,N, ,AOTEA ON NBD,2054285,25/08/00,Fri,1455,DB,CN1C,130A ,G,E,D,B ,F , ,N,R,100,0,0,0,,,1750147,5430882,-41.25953899,174.792317
Wellington City,1N/1068/2.009,500,N, ,AOTEA ON NBD,2052255,19/02/00,Sat,745,DB,CN1,101A 131A ,G,E,D,O ,F , ,N,R,100,0,0,0,,,1750147,5430882,-41.25953899,174.792317
Wellington City,1N/1068/2.109,400,N, ,AOTEA ON NBD,2052078,10/05/00,Wed,1740,FD,CN1T,181A 502A ,,R,D,TO,F , ,N,R,100,0,0,0,,,1750087,5430802,-41.26027041,174.7916208
Wellington City,1N/1068/2.109,400,N, ,AOTEA ON NBD,2011841,30/05/00,Tue,1552,AF,CN1C,197A ,,E,W,O ,L , ,N,R,100,0,0,1,,,1750087,5430802,-41.26027041,174.7916208
Wellington City,1N/1068/2.209,300,N, ,AOTEA ON NBD,2052323,16/05/00,Tue,1627,FD,CN1C,331A 191B ,G,E,W,TF,F , ,N,R,100,0,0,0,,,1750027,5430721,-41.26101083,174.7909248
Wellington City,1N/1068/2.209,300,N, ,AOTEA ON NBD,2054095,9/06/00,Fri,1640,DB,CN1CC,110A 132A ,G,E,D,O ,F , ,N,R,100,0,0,0,,,1750027,5430721,-41.26101083,174.7909248
Wellington City,1N/1068/2.309,200,N, ,AOTEA ON NBD,2052050,4/04/00,Tue,752,AO,CN1CC,132A 181A 181B 197B ,,E,W,O ,L , ,N,R,100,0,0,0,,,1749952,5430655,-41.26161898,174.7900461
Wellington City,1N/1068/2.309,200,N, ,AOTEA ON NBD,2053845,18/08/00,Fri,1128,FA,CN1C,112A 801 ,,R,W,O ,H , ,N,R,100,0,0,0,,,1749953,5430655,-41.26161879,174.7900581
Wellington City,1N/1068/2.309,200,N, ,AOTEA ON NBD,2012384,1/08/00,Tue,940,DB,CN1C,304A 402A ,G,E,D,O ,F , ,N,R,100,0,0,1,,,1749952,5430655,-41.26161898,174.7900461
Wellington City,1N/1068/2.309,200,N, ,AOTEA ON NBD,2011520,19/03/00,Sun,2135,FD,CN1C,197A 331A ,G,R,W,DO,L , ,N,R,100,0,0,3,,,1749953,5430655,-41.26161879,174.7900581
Wellington City,1N/1068/2.309,200,N, ,AOTEA ON NBD,2051377,14/03/00,Tue,700,FF,CN1C,181A ,,R,W,DO,HS, ,N,R,100,0,0,0,,,1749953,5430655,-41.26161879,174.7900581
Wellington City,1N/1068/2.334,500,E, ,AOTEA OFF SBD,2055423,7/11/00,Tue,1500,AC,CS1C,197A 358A ,,R,W,O ,L , ,N,R,100,0,0,0,,,1749940,5430632,-41.26182828,174.7899086
Wellington City,1N/1068/2.335,500,E, ,AOTEA OFF SBD,2052280,17/02/00,Thu,2145,DA,CS1C,111A 402A 431A 111B 402B 431B ,GG,E,W,DO,F , ,N,R,100,0,0,0,,,1749940,5430633,-41.26181928,174.7899084
Wellington City,1N/1068/2.335,500,N, ,AOTEA OFF SBD,2052016,12/05/00,Fri,2230,CC,CS1C,112A 132A 191A ,G,R,W,DO,L , ,N,R,100,0,0,0,,,1749940,5430633,-41.26181928,174.7899084
Wellington City,1N/1068/2.335,500,N, ,AOTEA OFF SBD,2011868,5/04/00,Wed,615,DB,CS1C,131A 331A 400B ,G,E,D,DO,F , ,N,C,100,0,0,4,,,1749940,5430633,-41.26181928,174.7899084
Wellington City,1N/1068/2.409,100,N, ,AOTEA ON NBD,2052370,28/02/00,Mon,2115,AC,CN1V,372B ,,R,D,TO,F , ,N,C,100,0,0,0,,,1749867,5430604,-41.26209392,174.7890445
Wellington City,1N/1068/2.434,400,N, ,AOTEA OFF SBD,2053074,10/06/00,Sat,1930,DA,CS1,132A 357A ,G,E,W,DO,F , ,N,R,100,0,0,0,,,1749854,5430580,-41.26231242,174.7888953
Wellington City,1N/1068/2.459,50,N, ,AOTEA ON NBD,2054063,11/08/00,Fri,1120,FD,CN1C,331A ,,R,D,B ,F , ,N,R,100,0,0,0,,,1749825,5430577,-41.2623448,174.78855
Wellington City,1N/1068/2.489,20,N, ,AOTEA ON NBD,2054274,14/09/00,Thu,720,FA,CN1C,331A ,,R,W,O ,H , ,N,R,100,0,0,0,,,1749799,5430562,-41.26248468,174.7882434
Wellington City,1N/1068/2.609,100,S, ,AOTEA ON NBD,2054738,14/09/00,Thu,720,FD,CN1C,331A ,,R,W,O ,L , ,N,R,100,0,0,0,,,1749717,5430475,-41.26328317,174.7872863
Wellington City,1N/1068/2.634,200,N, ,AOTEA OFF SBD,2055921,11/12/00,Mon,1518,DA,CS1,410A 504A ,G,M,D,O ,F , ,N,R,100,0,0,0,,,1749712,5430443,-41.26357221,174.7872345
Wellington City,1N/1068/2.635,200,N, ,AOTEA OFF SBD,2052085,29/04/00,Sat,1429,FD,CS1CC,331A 352A ,,E,D,B ,F , ,N,R,100,0,0,0,,,1749711,5430443,-41.26357239,174.7872226
Wellington City,1N/1068/2.635,200,N, ,AOTEA OFF SBD,2055579,19/11/00,Sun,600,DA,CS1,101A 111A 517A ,G,E,W,O ,L , ,N,R,100,0,0,0,,,1749711,5430443,-41.26357239,174.7872226
Wellington City,1N/1068/2.709,200,S, ,AOTEA ON NBD,2054320,14/09/00,Thu,750,FD,CN1C,331A 801 ,,R,W,O ,H , ,N,R,100,0,0,0,,,1749657,5430394,-41.26402357,174.7865903
Wellington City,1N/1068/2.709,200,S, ,AOTEA ON NBD,2053200,30/05/00,Tue,905,FF,CN1CT,331A 682A 198B ,,R,W,O ,L , ,N,R,100,0,0,0,,,1749657,5430394,-41.26402357,174.7865903
Wellington City,1N/1068/2.709,200,S, ,AOTEA ON NBD,2053095,30/05/00,Tue,905,FD,CN1CC,331A ,,R,W,O ,HS, ,N,R,100,0,0,0,,,1749657,5430394,-41.26402357,174.7865903
Wellington City,1N/1068/2.709,200,S, ,AOTEA ON NBD,2053096,30/05/00,Tue,910,FD,CN1C,331A ,,R,W,O ,HS, ,N,C,100,0,0,0,,,1749657,5430394,-41.26402357,174.7865903
Wellington City,1N/1068/2.735,100,N, ,AOTEA OFF SBD,2054341,2/09/00,Sat,20,DA,CS1,110A 680A ,G,E,D,DO,F , ,N,R,100,0,0,0,,,1749652,5430363,-41.2643036,174.7865382
Wellington City,1N/1068/2.804,30,N, ,AOTEA OFF SBD,2051016,19/03/00,Sun,2100,FF,VS1CC,331A 801 820 ,,E,W,DO,L , ,N,C,100,0,0,0,,,1749610,5430307,-41.26481557,174.7860508
Wellington City,1N/1068/2.809,300,S, ,AOTEA ON NBD,2052102,19/04/00,Wed,1930,FD,TN1C,102A 331A ,,R,W,DO,L , ,N,R,100,0,0,0,,,1749597,5430314,-41.26475495,174.785894
Wellington City,1N/1068/2.815,20,N, ,AOTEA OFF SBD,2011914,21/05/00,Sun,1913,AA,CS1C,372A ,G,R,W,DO,F , ,N,C,100,0,0,1,,,1749604,5430299,-41.26488871,174.7859812
Wellington City,1N/1068/2.834,, ,I,AOTEA OFF SBD,2054129,27/07/00,Thu,1620,QG,VS1CCC,680A 331C 331D ,D,R,W,O ,LS,Y,N,R,100,0,0,0,,,1749592,5430282,-41.26504399,174.7858422
Wellington City,1N/1068/3.335,500,S, ,AOTEA OFF SBD,2055340,30/09/00,Sat,1059,CA,CS1,197A ,K,R,W,O ,L , ,N,R,100,0,0,0,,,1749278,5429894,-41.2685954,174.7821904
Wellington City,1N/1068/3.5,200,N, ,MAY ON NBD,2050482,30/01/00,Sun,1015,DB,CN1,135A 822 ,GL,E,W,O ,H , ,N,C,100,0,0,0,,,1749170,5429772,-41.26971377,174.7809314
Wellington City,1N/1068/3.55,150,N, ,MAY ON NBD,2011376,6/03/00,Mon,635,CB,CN1,112A 132A 197A ,G,R,W,TF,F , ,N,R,100,0,0,1,,,1749137,5429734,-41.270062,174.7805469
Wellington City,1N/1068/3.623,, ,I,MURPHY OFF SBD,2053768,29/07/00,Sat,230,CA,CS1,136A 631A ,,R,W,DO,L ,Y,N,R,100,0,0,0,,,1749090,5429677,-41.27058387,174.78
Wellington City,1N/1068/3.673,50,S, ,MURPHY OFF SBD,2010053,8/06/00,Thu,1015,DA,CS1,129A 130A 358A ,CJP,E,W,O ,L , ,N,R,100,1,0,0,,,1749051,5429646,-41.27087017,174.7795422
Wellington City,1N/1068/3.7,, ,I,MAY ON NBD,2055889,18/12/00,Mon,845,KA,CN1C,303A ,,E,D,O ,F ,Y,N,R,100,0,0,0,,,1749021,5429641,-41.27092073,174.7791854
Wellington City,1N/1068/3.74,40,S, ,MAY ON NBD,2054122,2/08/00,Wed,1055,CB,VN1,688A ,G,R,D,B ,F , ,N,R,100,0,0,0,,,1748989,5429616,-41.27115172,174.7788096