TLA NAME,CRASH ROAD,CRASH DIST,CRASH DIRN,INTSN,SIDE ROAD,CRASH ID,CRASH DATE,CRASH DOW,CRASH TIME,MVMT,VEHICLES,CAUSES,OBJECTS STRUCK,ROAD CURVE,ROAD WET,LIGHT,WTHRa,JUNC TYPE,TRAF CTRL,ROAD MARK,SPD LIM,CRASH FATAL CNT,CRASH SEV CNT,CRASH MIN CNT,PERS AGE1,PERS AGE2,EASTING,NORTHING,latitude,longitude
Wellington City,1N/1068/3.942,, ,I,HAWKESTONE OFF SBD,2051008,25/02/00,Fri,1501,DB,CS1,410A 507A ,G,E,D,B ,F ,Y,N,N,100,0,0,0,,,1748856,5429462,-41.27256277,174.7772601
Wellington City,1N/1068/4.194,50,W, ,TINAKORI ON NBD,2054286,5/09/00,Tue,1434,DA,CN1,136A 660A ,CI,E,D,O ,F , ,N,R,100,0,0,0,,,1748675,5429289,-41.27415371,174.7751422
Wellington City,1N/1068/4.224,80,S, ,TINAKORI ON NBD,2051161,20/03/00,Mon,920,DA,CN1,131A 402A ,P,E,W,O ,L , ,N,R,100,0,0,0,,,1748655,5429267,-41.27435546,174.7749089
Wellington City,1N/1068/4.517,200,N, ,TERRACE OFF SBD,2054802,29/09/00,Fri,1850,EB,CS1C,331A ,Q,E,W,DO,H , ,N,R,100,0,0,0,,,1748527,5429001,-41.27677394,174.7734462
Wellington City,1N/1068/4.541,, ,I,HAWKESTONE ON SBD,2051011,16/02/00,Wed,850,KA,CS1C,372B ,C,E,W,O ,H ,Y,N,C,100,0,0,0,,,1748523,5428978,-41.27698175,174.773404
Wellington City,1N/1068/4.667,50,N, ,TERRACE OFF SBD,2054800,29/09/00,Fri,1848,DA,CS1,131A ,G,E,W,DO,HS, ,N,R,100,0,0,0,,,1748523,5428852,-41.27811619,174.7734347
Wellington City,1N/1068/4.717,, ,I,TERRACE OFF SBD,2052262,4/04/00,Tue,940,AA,CS1C,135A 191B 801 ,G,E,W,O ,L ,Y,N,R,100,0,0,0,,,1748524,5428802,-41.27856618,174.7734589
Wellington City,1N/1068/4.717,, ,I,TERRACE OFF SBD,2012738,18/11/00,Sat,1230,FF,CS1CC,331A 191B 446C ,,E,W,B ,F ,Y,N,P,100,0,0,1,,,1748524,5428802,-41.27856618,174.7734589
Wellington City,1N/1068/4.801,50,N, ,TINAKORI OFF NBD,2012359,29/07/00,Sat,1626,AC,CN1C,130A 353A 692A ,CP,R,D,B ,F , ,N,R,100,0,0,3,,,1748511,5428732,-41.27919882,174.7733208
Wellington City,1N/1068/4.901,50,S, ,TINAKORI OFF NBD,2056176,7/12/00,Thu,1851,AC,VN1V,177A ,,R,D,B ,F , ,N,R,100,0,0,0,,,1748516,5428632,-41.28009824,174.7734048
Wellington City,1N/1068/4.951,100,S, ,TINAKORI OFF NBD,2051009,18/02/00,Fri,1040,AC,TN1C,372A 671A ,,E,D,B ,F , ,N,C,100,0,0,0,,,1748521,5428583,-41.2805385,174.7734765
Wellington City,1N/1068/4.951,100,S, ,TINAKORI OFF NBD,2051010,25/02/00,Fri,1400,FF,CN1CC,198A 181B 331C 820 ,DG,R,D,B ,F , ,N,R,100,0,0,0,,,1748521,5428583,-41.2805385,174.7734765
Wellington City,1N/1068/5.073,100,N, ,CLIFTON ON NBD,2012010,4/06/00,Sun,1241,EC,CN1,135A 823 ,GL,E,W,O ,H , ,N,R,100,0,0,1,,,1748535,5428461,-41.28163434,174.7736733
Wellington City,1N/1068/5.144,30,N, ,CLIFTON ON NBD,2053219,28/06/00,Wed,2244,AC,CN1C,372A ,,E,D,DO,F , ,N,R,100,0,0,0,,,1748540,5428391,-41.28226367,174.77375
Wellington City,1N/1068/5.205,500,N, ,NORTH PORTAL SBD,2051418,20/03/00,Mon,2235,AD,CS1,103A 111A ,G,E,W,DO,L , ,N,R,100,0,0,0,,,1748547,5428315,-41.28294664,174.7738521
Wellington City,1N/1068/5.316,400,E, ,NORTH PORTAL NBD,2054083,19/08/00,Sat,1204,FD,CN1CC,331A ,,R,W,O ,L , ,N,R,100,0,0,0,,,1748512,5428223,-41.2837814,174.7734568
Wellington City,1N/1068/5.316,400,E, ,NORTH PORTAL NBD,2054086,19/08/00,Sat,1435,FA,CW1C,331A ,,R,W,O ,L , ,N,R,100,0,0,0,,,1748512,5428223,-41.2837814,174.7734568
Wellington City,1N/1068/5.48,1000,N, ,VIVIAN/WILLIS,2052321,24/05/00,Wed,1525,AC,TN1C,372A ,G,R,D,B ,F , ,N,C,100,0,0,0,,,1748448,5428072,-41.28515269,174.7727297
Wellington City,1N/1068/5.505,200,N, ,NORTH PORTAL SBD,2052979,30/06/00,Fri,1408,FD,CS1C,331A ,,R,D,B ,F , ,N,R,100,0,0,0,,,1748442,5428036,-41.28547792,174.7726669
Wellington City,1N/1068/5.516,200,N, ,NORTH PORTAL NBD,2013022,16/12/00,Sat,1300,FD,VW1CC,331A ,G,R,W,O ,M , ,N,R,100,0,0,1,,,1748435,5428038,-41.2854612,174.7725828
Wellington City,1N/1068/5.516,200,N, ,NORTH PORTAL NBD,2055920,24/11/00,Fri,1435,FD,CW1CCC,331A 610A ,GG,R,D,B ,F , ,N,R,100,0,0,0,,,1748435,5428038,-41.2854612,174.7725828
Wellington City,1N/1068/5.555,150,N, ,NORTH PORTAL SBD,2052367,10/04/00,Mon,920,FD,VS1CC,132A 181A 132B 181B 801 ,,R,W,O ,H , ,N,R,100,0,0,0,,,1748422,5427990,-41.28589576,174.7724394
Wellington City,1N/1068/5.605,100,N, ,NORTH PORTAL SBD,2051379,19/03/00,Sun,1740,FD,XS1C,331A ,,R,D,TO,F , ,N,R,100,0,0,0,,,1748403,5427944,-41.28631341,174.7722238
Wellington City,1N/1068/5.605,100,N, ,NORTH PORTAL SBD,2054334,26/08/00,Sat,1234,FD,CS1VCC,331A 181B 181C ,,E,W,O ,L , ,N,R,100,0,0,0,,,1748403,5427944,-41.28631341,174.7722238
Wellington City,1N/1068/5.605,100,N, ,NORTH PORTAL SBD,2052074,6/05/00,Sat,1330,FD,CS1CC,135A 331A 801 ,,R,W,O ,H , , ,R,100,0,0,0,,,1748403,5427944,-41.28631341,174.7722238
Wellington City,1N/1068/5.655,50,N, ,NORTH PORTAL SBD,2055303,18/11/00,Sat,1310,FD,CS1C,331A ,,R,D,B ,F , ,N,R,100,0,0,0,,,1748383,5427898,-41.28673125,174.7719962
Wellington City,1N/1068/5.655,50,N, ,NORTH PORTAL SBD,2052445,9/04/00,Sun,1630,FD,CS1C,331A ,,R,W,O ,H , ,N,R,100,0,0,0,,,1748383,5427898,-41.28673125,174.7719962
Wellington City,1N/1068/5.675,30,N, ,NORTH PORTAL SBD,2052368,18/03/00,Sat,1349,FD,CS1CC,112A 331A ,,R,D,B ,F , ,N,N,100,0,0,0,,,1748374,5427880,-41.28689496,174.7718932
Wellington City,1N/1068/5.706,10,N, ,NORTH PORTAL NBD,2056211,14/09/00,Thu,400,CC,VN1,103A ,G,R,W,DO,L , ,N,R,100,0,0,0,,,1748365,5427862,-41.28705868,174.7717902
Wellington City,1N/1068/6.019,150,N, ,SOUTH PORTAL,2056130,16/12/00,Sat,1138,FD,VS1VC,191A 331A ,,R,D,DO,F , ,N,L,50,0,0,0,,,1748346,5427540,-41.28996129,174.7716418
Wellington City,1N/1068/6.051,350,S, ,NORTH PORTAL NBD,2054797,8/10/00,Sun,1215,FD,CW1CC,331A ,,E,W,OF,L , ,N,R,100,0,0,0,,,1748346,5427508,-41.2902494,174.7716496
Wellington City,1N/1068/6.069,100,N, ,SOUTH PORTAL,2012452,26/08/00,Sat,1325,FD,CS1CV,181A 331A ,,E,W,O ,H , ,N,L,100,0,0,3,,,1748347,5427490,-41.29041128,174.7716659
Wellington City,1N/1068/6.1,400,S, ,NORTH PORTAL SBD,2054113,18/08/00,Fri,1155,FD,CS1CC,181A 331A 404A ,,R,W,O ,L , ,N,L,100,0,0,0,,,1748349,5427459,-41.29069002,174.7716974
Wellington City,1N/1068/6.1,400,S, ,NORTH PORTAL SBD,2055338,25/11/00,Sat,1605,DB,CS1,331A 404A ,K,E,D,OO,F , ,N,C,100,0,0,0,,,1748349,5427459,-41.29069002,174.7716974
Wellington City,1N/1068/6.119,50,N, ,SOUTH PORTAL,2052783,26/06/00,Mon,1400,FD,XS1V,181A ,,R,W,O ,L , ,N,L,100,0,0,0,,,1748350,5427440,-41.2908609,174.7717139
Wellington City,1N/1068/6.119,50,N, ,SOUTH PORTAL,2052314,27/05/00,Sat,1200,FD,CN1C,423A ,,E,D,OO,F , ,N,L,100,0,0,0,,,1748350,5427440,-41.2908609,174.7717139
Wellington City,1N/1068/6.169,, ,A,SOUTH PORTAL,2052232,4/04/00,Tue,840,DA,CN1,131A ,G,M,W,O ,L , ,N,R,100,0,0,0,,,1748353,5427390,-41.29131052,174.7717619
Wellington City,1N/1075/0.076,100,S, ,SOUTH PORTAL,2052247,13/05/00,Sat,15,DB,CS1,135A 330A 801 ,ES,M,W,DO,L , ,N,C,100,0,0,0,,,1748357,5427290,-41.29221013,174.771834
Wellington City,1N/1075/0.104,50,N, ,GHUZNEE/WILLIS,2053080,9/06/00,Fri,835,FD,VE1VT,410A ,,M,D,B ,F , ,N,R,50,0,0,0,,,1748415,5427309,-41.29202841,174.7725218
Wellington City,1N/1075/0.127,150,N, ,VIVIAN/WILLIS,2054965,16/10/00,Mon,1420,FA,CN1C,331A ,,E,D,B ,F , ,N,R,100,0,0,0,,,1748349,5427240,-41.29266178,174.7717507
Wellington City,1N/1075/0.127,150,N, ,VIVIAN/WILLIS,2054271,10/09/00,Sun,1457,DB,CN1,133A 403A 800 ,C,E,W,O ,F , ,N,R,100,0,0,0,,,1748349,5427240,-41.29266178,174.7717507
Wellington City,1N/1075/0.127,150,W, ,VIVIAN/WILLIS,2052332,4/04/00,Tue,1010,DA,CW1,131A 691A ,G,M,W,O ,L , ,N,C,100,0,0,0,,,1748349,5427240,-41.29266178,174.7717507
Wellington City,1N/1075/0.154,, ,I,WILLIS ST,2055853,23/12/00,Sat,1655,HA,CE1C,440A 691A 837 ,,E,D,O ,F ,M,T,R,50,0,0,0,,,1748446,5427272,-41.29235583,174.7729009
Wellington City,1N/1075/0.177,100,N, ,VIVIAN/WILLIS,2054078,12/08/00,Sat,430,DA,CN1,137A ,G,E,D,DO,F , ,N,R,100,0,0,0,,,1748334,5427193,-41.2930877,174.7715831
Wellington City,1N/1075/0.177,100,N, ,VIVIAN/WILLIS,2051014,14/02/00,Mon,1100,DA,CN1,135A 801 ,G,M,W,O ,L , ,N,C,100,0,0,0,,,1748334,5427193,-41.2930877,174.7715831
Wellington City,1N/1075/0.177,100,W, ,VIVIAN/WILLIS,2050273,2/01/00,Sun,2040,DA,CN1,111A 135A 801 ,G,M,W,O ,L , ,N,R,100,0,0,0,,,1748334,5427193,-41.2930877,174.7715831
Wellington City,1N/1075/0.18,250,N, ,WILLIS ST,2054421,7/09/00,Thu,2040,DB,CN1,133A 800 ,G,M,W,DO,L , ,N,C,100,0,0,0,,,1748315,5427191,-41.2931092,174.7713568
Wellington City,1N/1075/0.197,80,W, ,WILLIS ST,2052978,23/06/00,Fri,2220,FF,CN1C,331A ,,M,D,DO,F , ,N,C,100,0,0,0,,,1748331,5427173,-41.29326832,174.7715522
Wellington City,1N/1075/0.277,, ,I,WILLIS ST,2053194,19/07/00,Wed,1146,GB,CN2V,172A ,,R,D,O ,F ,M,T,N,50,0,0,0,,,1748371,5427107,-41.29385519,174.7720458
Wellington City,1N/1075/0.277,, ,I,WILLIS ST,2052461,9/04/00,Sun,930,HA,CN1C,322B ,,R,D,O ,F ,X,T,C,50,0,0,0,,,1748371,5427107,-41.29385519,174.7720458
Wellington City,1N/1075/0.277,, ,I,WILLIS ST,2050390,5/01/00,Wed,845,GE,VW1C,171B 372B ,,R,D,B ,F ,M,T,C,50,0,0,0,,,1748371,5427107,-41.29385519,174.7720458
Wellington City,1N/1075/0.277,, ,I,WILLIS ST,2050462,9/02/00,Wed,1530,GE,CW1C,160A 387A ,,E,D,B ,F ,M,T,C,50,0,0,0,,,1748371,5427107,-41.29385519,174.7720458
Wellington City,1N/1075/0.277,, ,I,WILLIS ST,2050478,7/01/00,Fri,2350,HA,CN2C,102B 322B ,,R,D,DO,F ,M,T,C,50,0,0,0,,,1748371,5427107,-41.29385519,174.7720458
Wellington City,1N/1075/0.277,, ,I,WILLIS ST,2050528,3/01/00,Mon,2210,DA,CW1,112A 353A ,K,R,W,DO,L ,M,T,C,50,0,0,0,,,1748371,5427107,-41.29385519,174.7720458
Wellington City,1N/1075/0.277,, ,I,WILLIS ST,2051222,26/03/00,Sun,2344,HA,CN2C,322A 356A ,S,R,D,DO,F ,M,T,C,50,0,0,0,,,1748371,5427107,-41.29385519,174.7720458
Wellington City,1N/1075/0.277,, ,I,WILLIS ST,2051183,18/03/00,Sat,1230,FE,CW1C,331A ,,R,D,B ,F ,M,T,N,50,0,0,0,,,1748371,5427107,-41.29385519,174.7720458
Wellington City,1N/1075/0.3,, ,I,VIVIAN/WILLIS,2011762,21/04/00,Fri,25,NA,CW1EE,105B 713B 718B 105C 713C 718C ,,E,W,DO,L ,M,T,C,50,0,1,2,19,,1748371,5427107,-41.29385519,174.7720458
Wellington City,1N/1075/0.357,, ,I,VICTORIA ST,2013088,16/12/00,Sat,310,HA,VW1C,379A 334B 414B ,,R,D,DO,F ,X,T,C,50,0,0,1,,,1748444,5427073,-41.29414789,174.7729255
Wellington City,1N/1075/0.357,, ,I,VIVIAN/VICTORIA,2053100,1/07/00,Sat,855,HA,VW1C,322B 350B ,,R,W,O ,F ,X,T,C,50,0,0,0,,,1748444,5427073,-41.29414789,174.7729255
Wellington City,1N/1075/0.357,, ,I,VICTORIA ST,2011813,10/04/00,Mon,1240,FE,TW1C,113A 181A 801 ,,R,W,O ,H ,X,T,C,50,0,0,1,,,1748444,5427073,-41.29414789,174.7729255
Wellington City,1N/1075/0.357,, ,I,VICTORIA ST,2013087,20/11/00,Mon,1330,HA,CW1V,113B 322B ,,R,D,B ,F ,X,T,C,50,0,0,2,,,1748444,5427073,-41.29414789,174.7729255
Wellington City,1N/1075/0.357,, ,I,VICTORIA ST N,2054395,22/09/00,Fri,1600,FE,VW1C,181A 331A ,,R,D,B ,F ,X,T,C,50,0,0,0,,,1748444,5427073,-41.29414789,174.7729255
Wellington City,1N/1075/0.36,20,W, ,VICTORIA ST,2050477,3/02/00,Thu,1155,EA,CW1C,385A 336B ,M,R,D,B ,F , ,N,C,50,0,0,0,,,1748426,5427081,-41.29407917,174.7727087
Wellington City,1N/1075/0.372,15,E, ,VICTORIA ST N,2054094,3/07/00,Mon,2230,FA,CW1V,181A 103B 191B ,,R,D,DO,F ,X,N,L,50,0,0,0,,,1748457,5427066,-41.29420852,174.7730824
Wellington City,1N/1075/0.38,, ,I,VICTORIA ST,2052968,20/06/00,Tue,1050,FE,CS2C,,,R,D,B ,F ,X,T,C,50,0,0,0,,,1748444,5427073,-41.29414789,174.7729255
Wellington City,1N/1075/0.38,, ,I,VICTORIA ST,2050275,17/01/00,Mon,1535,HA,CW2V,377A 322B 377B 691B ,,R,D,B ,F ,X,T,R,50,0,0,0,,,1748444,5427073,-41.29414789,174.7729255
Wellington City,1N/1075/0.506,30,W, ,CUBA ST,2012087,22/06/00,Thu,1100,GA,CW1C,331A 930 ,,R,D,B ,F ,D,T,C,50,0,0,1,,,1748580,5427012,-41.29467208,174.774564
Wellington City,1N/1075/0.536,, ,I,CUBA ST,2052440,4/04/00,Tue,2330,AA,CW1C,177A ,,R,W,DO,L ,X,T,C,50,0,0,0,,,1748607,5427000,-41.29477515,174.7748892
Wellington City,1N/1075/0.559,, ,I,CUBA ST,2011296,4/02/00,Fri,325,NB,CW1E,105B 713B ,,R,D,DO,F ,X,T,C,50,0,1,0,28,,1748607,5427000,-41.29477515,174.7748892
Wellington City,1N/1075/0.559,, ,I,CUBA ST,2050466,16/02/00,Wed,2335,GE,CW1C,171B 401B ,F,R,D,DO,F ,X,T,C,50,0,0,0,,,1748607,5427000,-41.29477515,174.7748892
Wellington City,1N/1075/0.559,, ,I,CUBA ST,2055313,22/09/00,Fri,335,HA,CN2V,322A 412A ,,R,D,DO,F ,X,T,C,50,0,0,0,,,1748607,5427000,-41.29477515,174.7748892
Wellington City,1N/1075/0.584,25,E, ,CUBA ST,2012424,26/08/00,Sat,850,NB,CW1E,711B ,,R,W,O ,H , ,N,C,50,0,0,1,24,,1748630,5426990,-41.29486095,174.7751662
Wellington City,1N/1075/0.606,5,W, ,DUNLOP TERRACE,2012260,1/07/00,Sat,315,NA,CW1E,105B 711B ,,R,D,DO,F ,T,N,C,50,0,0,1,28,,1748650,5426981,-41.29493829,174.7754072
Wellington City,1N/1075/0.631,, ,I,MARION ST,2052086,18/05/00,Thu,1210,GC,CW1C,303B 404B ,,R,D,B ,F ,T,S,C,50,0,0,0,,,1748694,5426962,-41.29510125,174.7759371
Wellington City,1N/1075/0.639,15,W, ,MARION ST,2053023,12/06/00,Mon,1414,MA,XW1C,373A ,,R,D,O ,F , ,N,C,50,0,0,0,,,1748680,5426968,-41.29504981,174.7757685
Wellington City,1N/1075/0.654,, ,I,MARION ST,2050850,17/01/00,Mon,1550,GC,CW1C,171B 372B ,,R,D,B ,F ,T,G,C,50,0,0,0,,,1748694,5426962,-41.29510125,174.7759371
Wellington City,1N/1075/0.654,, ,I,MARION ST,2055548,23/11/00,Thu,1140,GC,CW1V,171A ,,R,D,B ,F ,T,G,C,50,0,0,0,,,1748694,5426962,-41.29510125,174.7759371
Wellington City,1N/1075/0.739,, ,I,TARANAKI ST,2053971,3/08/00,Thu,510,DB,TN1,103A 129A ,P,R,D,DO,F ,X,T,C,50,0,0,0,,,1748792,5426917,-41.29548835,174.777118
Wellington City,1N/1075/0.739,, ,I,TARANAKI ST,2013044,30/12/00,Sat,150,HA,XN2C,201A 404A ,,R,D,DO,F ,X,T,R,50,0,0,2,,,1748792,5426917,-41.29548835,174.777118
Wellington City,TARANAKI ST,, ,I,VIVIAN ST,2055751,16/12/00,Sat,25,LB,CS1C,322A ,,R,D,DO,F ,X,T,C,50,0,0,0,,,1748792,5426917,-41.29548835,174.777118
Wellington City,TARANAKI ST,, ,I,VIVIAN ST,2054117,15/08/00,Tue,1145,FE,CS1C,191A 331A 334A 440A ,,R,D,B ,F ,X,T,C,50,0,0,0,,,1748792,5426917,-41.29548835,174.777118
Wellington City,TARANAKI ST,, ,I,VIVIAN ST,2055852,25/12/00,Mon,1445,DB,CN1C,358A ,M,R,D,O ,F ,X,T,C,50,0,0,0,,,1748792,5426917,-41.29548835,174.777118
Wellington City,TARANAKI ST,, ,I,VIVIAN ST,2051210,21/03/00,Tue,925,GB,CS1V,173A 200A ,H,R,W,DO,H ,X,T,C,50,0,0,0,,,1748792,5426917,-41.29548835,174.777118
Wellington City,CUBA ST,, ,I,ARTHUR ST,2055309,7/11/00,Tue,1710,JA,CS1CC,309B ,M,R,D,O ,F ,T,N,N,50,0,0,0,,,1748488,5426734,-41.29719197,174.7735335
Wellington City,1N/1075/0.839,100,E, ,TARANAKI ST,2012450,29/08/00,Tue,1208,JO,SE1C,201A 204A 308B 353B 927 ,,R,D,O ,F ,D,N,N,50,0,0,1,,25,1748883,5426876,-41.29584071,174.7782144
Wellington City,1N/1075/0.856,100,W, ,TARANAKI ST,2053974,22/07/00,Sat,1535,MA,CW1CC,373B ,M,R,D,O ,F , ,N,N,50,0,0,0,,,1748588,5426689,-41.29757872,174.7747383
Wellington City,1N/1075/0.862,100,W, ,TORY ST,2054277,4/09/00,Mon,1430,EE,CW1C,374B ,Q,R,D,B ,F , ,N,C,50,0,0,0,,,1748905,5426866,-41.29592668,174.7784795
Wellington City,1N/1075/0.912,50,W, ,TORY ST,2050445,28/01/00,Fri,940,MA,CE1V,387A 387B ,,R,D,B ,F , ,N,C,50,0,0,0,,,1748950,5426846,-41.29609845,174.7790216
Wellington City,TARANAKI ST,, ,I,BUCKLE ST,2055401,28/10/00,Sat,315,FE,CS1V,101A 331A ,,R,D,DO,F ,X,T,R,50,0,0,0,,,1748678,5426647,-41.29794029,174.775823
Wellington City,1N/1075/0.962,, ,I,TORY ST,2055743,26/12/00,Tue,1730,GA,CN2C,331A ,,R,D,B ,F ,X,T,C,50,0,0,0,,,1748996,5426825,-41.29627903,174.7795759
Wellington City,1N/1075/0.962,, ,I,TORY ST,2052447,4/04/00,Tue,1745,FD,CE1CC,331A 351A ,,R,W,O ,H ,X,T,C,50,0,0,0,,,1748996,5426825,-41.29627903,174.7795759
Wellington City,1N/1075/1.019,, ,I,TORY ST,2012595,21/10/00,Sat,1440,HA,CN1C,322B ,,R,D,B ,F ,X,T,C,50,0,0,2,,,1748996,5426825,-41.29627903,174.7795759
Wellington City,1N/1075/1.019,, ,I,TORY ST,2054752,15/09/00,Fri,1520,FE,CW1C,331A ,,R,D,B ,F ,X,T,C,50,0,0,0,,,1748996,5426825,-41.29627903,174.7795759
Wellington City,1N/1075/1.156,100,E, ,TARANAKI ST,2056203,17/11/00,Fri,705,FF,CW1C,331A 191B ,,R,D,B ,F , ,N,C,50,0,0,0,,,1748769,5426604,-41.29831066,174.77692
Wellington City,1N/1075/1.183,, ,I,CAMBRIDGE TERRACE,2054347,27/08/00,Sun,744,HA,CE1C,322B ,,R,D,O ,F ,X,T,R,50,0,0,0,,,1749197,5426734,-41.29706121,174.7819978
Wellington City,1N/1075/1.227,50,W, ,TORY ST,2054071,23/08/00,Wed,1635,FD,CW1TC,331A ,,R,D,B ,F , ,N,C,50,0,0,0,,,1748834,5426574,-41.29856878,174.7777033
Wellington City,1N/1075/1.24,, ,I,CAMBRIDGE TERRACE,2056149,29/12/00,Fri,745,HA,CE1C,322A 330B ,,R,W,O ,L ,X,T,R,50,0,0,0,,,1749197,5426734,-41.29706121,174.7819978
Wellington City,1N/1075/1.262,15,W, ,TORY ST,2012511,12/09/00,Tue,1640,FD,VW1TC,181A 331A ,,R,D,O ,F , ,N,C,50,0,0,1,,,1748866,5426559,-41.29869793,174.778089
Wellington City,1N/1075/1.266,, ,I,PIRIE ST,2055317,12/11/00,Sun,1900,LB,XS1CX,324B 843 ,M,R,D,B ,F ,X,T,R,50,0,0,0,,,1749220,5426723,-41.29715599,174.7822751
Wellington City,1N/1075/1.266,, ,I,PIRIE ST,2053259,29/07/00,Sat,2340,CA,CS1C,132A ,M,R,D,DO,F ,X,T,R,50,0,0,0,,,1749220,5426723,-41.29715599,174.7822751
Wellington City,1N/1075/1.266,, ,I,PIRIE ST,2055886,29/12/00,Fri,1105,GD,TW1C,331A ,,R,D,O ,F ,X,T,C,50,0,0,0,,,1749220,5426723,-41.29715599,174.7822751
Wellington City,1N/1075/1.277,, ,I,TORY ST,2052455,9/04/00,Sun,1840,GE,CW1C,171B 402B ,,R,W,DO,H ,X,T,C,50,0,0,0,,,1748879,5426552,-41.29875856,174.7782459
Wellington City,1N/1075/1.297,20,E, ,TORY ST,2055610,22/11/00,Wed,800,AG,CW1CC,353A ,,R,D,O ,F ,X,T,C,50,0,0,0,,,1748897,5426544,-41.29882726,174.7784628
Wellington City,1N/1075/1.366,100,S, ,VIVIAN ST,2055345,27/10/00,Fri,2015,EE,BS1C,197A ,Q,R,D,DO,F , ,N,C,50,0,0,0,,,1749179,5426631,-41.29799189,174.7818082
Wellington City,1N/1075/1.401,, ,I,BUCKLE ST,2050798,26/02/00,Sat,2000,DB,CN1,131A ,C,M,D,DO,F ,T,N,R,50,0,0,0,,,1748975,5426488,-41.29931706,174.7794077
Wellington City,1N/1075/1.401,, ,I,BUCKLE ST,2054364,19/08/00,Sat,605,BD,CW2C,201A 338A ,,M,W,DO,H ,T,N,R,50,0,0,0,,,1748975,5426488,-41.29931706,174.7794077
Wellington City,1N/1075/1.418,150,N, ,BUCKLE ST,2052043,24/03/00,Fri,1640,FD,CS1CC,132A 331A ,,R,D,B ,F , ,N,C,50,0,0,0,,,1749158,5426584,-41.29841893,174.781569
Wellington City,1N/1075/1.421,20,S, ,BUCKLE ST,2012451,12/08/00,Sat,1135,FD,CN1CCC,331A 604A 181B 181C ,,E,D,B ,F , ,N,C,50,0,0,1,,,1748967,5426470,-41.2994806,174.7793166
Wellington City,1N/1075/1.553,15,N, ,ELLICE ST,2050804,3/03/00,Fri,1335,FC,CS1C,181A 331A ,,R,D,B ,F , ,N,X,50,0,0,0,,,1749109,5426460,-41.29954441,174.7810144
Wellington City,ADELAIDE ROAD,, ,I,1N/1075/1.569,2054279,5/09/00,Tue,1100,FB,VN1C,387A ,,E,D,B ,F ,T,G,R,50,0,0,0,,,1749006,5426284,-41.30114803,174.7798278
Wellington City,ADELAIDE ROAD,, ,I,1N/1075/1.569,2011848,12/05/00,Fri,2315,FB,CN1C,101A 331A 632A ,,R,W,DO,L ,T,G,R,50,0,0,1,,,1749006,5426284,-41.30114803,174.7798278
Wellington City,1N/1075/1.57,40,W, ,HANIA ST,2055923,20/12/00,Wed,1240,FC,CE1CE,181A 191B ,,E,D,B ,F , ,N,C,50,0,0,0,,,1749117,5426445,-41.29967798,174.7811136
Wellington City,1N/1075/1.578,10,E, ,KENT TERRACE,2056199,14/12/00,Thu,1455,EA,TE1CCV,123A ,MMM,M,D,B ,F ,T,G,C,50,0,0,0,,,1749124,5426442,-41.2997037,174.7811979
Wellington City,1N/1075/1.578,10,N, ,RUGBY ST,2054587,10/10/00,Tue,1710,FD,CN1CC,181A ,,M,D,B ,F ,T,G,R,50,0,0,0,,,1748926,5426325,-41.30079366,174.7788626
Wellington City,1N/1075/1.588,, ,I,SUSSEX ST,2050456,30/01/00,Sun,345,AC,CW1XC,372A 197B 901 ,M,M,W,DO,H ,T,G,R,50,0,0,0,,,1748932,5426317,-41.30086458,174.7789362
Wellington City,1N/1075/1.588,, ,I,SUSSEX ST,2053065,13/06/00,Tue,1600,AC,CW1VC,372A ,,M,D,TF,F ,T,G,R,50,0,0,0,,,1748932,5426317,-41.30086458,174.7789362
Wellington City,1N/1075/1.61,, ,I,DUFFERIN ST,2052325,28/04/00,Fri,850,KC,TW1C,302B ,,M,D,O ,F ,T,G,R,50,0,0,0,,,1749153,5426429,-41.29981538,174.7815473
Wellington City,1N/1075/1.63,20,S, ,ELLICE ST,2054077,19/08/00,Sat,1600,AA,CS1C,372A ,,R,W,O ,L , ,N,R,50,0,0,0,,,1749166,5426414,-41.29994803,174.7817062
Wellington City,1N/1075/1.649,20,W, ,ADELAIDE ROAD,2054330,30/08/00,Wed,900,FD,CW1C,331A 353A ,,R,D,O ,F , ,N,C,50,0,0,0,,,1748987,5426292,-41.30107951,174.779599
Wellington City,1N/1075/1.669,, ,I,ADELAIDE ROAD,2012060,8/07/00,Sat,1645,NB,CW1E,161A 306A ,,R,D,TF,F ,T,G,X,50,0,0,1,11,,1749006,5426284,-41.30114803,174.7798278
Wellington City,1N/1075/1.669,, ,I,ADELAIDE ROAD,2054059,16/08/00,Wed,1012,AC,CN2S,129A 386A ,,E,D,O ,F ,T,G,R,50,0,0,0,,36,1749006,5426284,-41.30114803,174.7798278
Wellington City,1N/1075/1.669,, ,I,ADELAIDE ROAD,2050536,11/01/00,Tue,1735,GB,CW1C,113A 171B 372B ,,R,D,B ,F ,T,G,R,50,0,0,0,,,1749006,5426284,-41.30114803,174.7798278
Wellington City,1N/1075/1.669,, ,I,ADELAIDE ROAD,2051996,9/05/00,Tue,930,FC,CW1V,177A 331A ,,R,D,O ,F ,T,G,X,50,0,0,0,,,1749006,5426284,-41.30114803,174.7798278