TLA NAME,CRASH ROAD,CRASH DIST,CRASH DIRN,INTSN,SIDE ROAD,CRASH ID,CRASH DATE,CRASH DOW,CRASH TIME,MVMT,VEHICLES,CAUSES,OBJECTS STRUCK,ROAD CURVE,ROAD WET,LIGHT,WTHRa,JUNC TYPE,TRAF CTRL,ROAD MARK,SPD LIM,CRASH FATAL CNT,CRASH SEV CNT,CRASH MIN CNT,PERS AGE1,PERS AGE2,EASTING,NORTHING,latitude,longitude
Wellington City,1N/1075/1.669,, ,I,ADELAIDE ROAD,2052001,16/05/00,Tue,1500,FC,CW1C,181A 191B ,,R,W,O ,H ,T,G,X,50,0,0,0,,,1749006,5426284,-41.30114803,174.7798278
Wellington City,1N/1075/1.669,, ,I,ADELAIDE ROAD,2012737,13/11/00,Mon,1840,NE,CW1E,306A 353A ,,E,D,B ,F ,T,G,X,50,0,0,1,23,,1749006,5426284,-41.30114803,174.7798278
Wellington City,1N/1075/1.669,, ,I,ADELAIDE ROAD,2055325,25/11/00,Sat,1150,FB,TN2C,331A ,,R,D,B ,F ,T,G,R,50,0,0,0,,,1749006,5426284,-41.30114803,174.7798278
Wellington City,1N/1075/1.708,, ,I,PATERSON ST,2056209,8/02/00,Tue,1415,QG,VS1X,429A ,I,R,D,B ,F ,T,G,R,50,0,0,0,,,1749158,5426341,-41.30060676,174.7816286
Wellington City,1N/1075/1.708,, ,I,DUFFERIN ST,2052191,28/03/00,Tue,1000,GF,TW1C,158B 387B ,,R,D,B ,F ,T,G,R,50,0,0,0,,,1749157,5426341,-41.30060694,174.7816166
Wellington City,1N/1075/1.736,10,W, ,DUFFERIN ST,2052666,13/05/00,Sat,350,EA,CW1V,331A ,M,M,W,DO,L ,T,N,C,50,0,0,0,,,1749068,5426257,-41.30137967,174.7805746
Wellington City,1N/1075/1.776,, ,I,RUGBY ST,2055121,8/09/00,Fri,2000,AA,TS1C,141A 143B 850 927 ,,M,D,O ,F ,T,N,C,50,0,0,0,,,1749106,5426254,-41.30139966,174.781029
Wellington City,1N/1075/1.776,, ,I,RUGBY ST,2051199,18/03/00,Sat,125,DA,CS1C,135A 804 817 ,FP,M,D,DO,F ,T,N,R,50,0,0,0,,,1749106,5426254,-41.30139966,174.781029
Wellington City,1N/1075/1.776,, ,I,RUGBY ST,2054409,10/09/00,Sun,135,DB,CS1C,133A 430A ,FM,M,D,DO,F ,T,N,C,50,0,0,0,,,1749106,5426254,-41.30139966,174.781029
Wellington City,1N/1076/0.09,100,E, ,DUFFERIN ST E,2052244,5/06/00,Mon,740,AF,CE1V,131A 158A ,,E,D,O ,F , , ,L,50,0,0,0,,,1749241,5426287,-41.30107759,174.7826327
Wellington City,1N/1076/0.19,200,E, ,DUFFERIN ST E,2011816,4/04/00,Tue,1533,NA,LW1E,711B ,,R,D,B ,F , ,N,L,50,0,0,1,14,,1749326,5426238,-41.30150304,174.7836596
Wellington City,1N/1076/0.317,20,E, ,WEST PORTAL,2054853,22/10/00,Sun,1442,FD,CE1X,331A ,,R,D,B ,F , ,N,C,50,0,0,0,,,1749440,5426182,-41.30198612,174.7850344
Wellington City,1N/1076/0.987,, ,I,TAURIMA ST,2052694,9/06/00,Fri,930,JA,CE1CC,302B 375B ,,E,D,B ,F ,Y,G,C,50,0,0,0,,,1750043,5425890,-41.3045032,174.7923058
Wellington City,1N/1076/1.057,70,W, ,TAURIMA ST,2051180,17/03/00,Fri,1020,FD,CW1X,331A ,,R,D,B ,F , ,N,L,50,0,0,0,,,1750077,5425830,-41.30503708,174.7927265
Wellington City,1N/1076/1.479,, ,I,GOA ST,2052466,27/05/00,Sat,930,HA,CS1V,302B ,,R,D,B ,F ,X,G,P,70,0,0,0,,,1749971,5425424,-41.30871214,174.791561
Wellington City,1N/1076/1.479,, ,I,GOA ST,2054072,26/08/00,Sat,1130,FD,CS1C,181A ,,R,D,OF,F ,X,N,C,50,0,0,0,,,1749971,5425424,-41.30871214,174.791561
Wellington City,1N/1076/1.579,100,S, ,GOA ST,2052281,28/04/00,Fri,1845,FD,CS1CC,102A 181A 331A 181B ,,R,D,DO,F , ,N,C,70,0,0,0,,,1749941,5425329,-41.30957304,174.7912262
Wellington City,1N/1076/1.735,100,N, ,WELLINGTON ROAD,2054087,22/07/00,Sat,5,FD,CS1CX,197A 331A ,,R,W,DO,L , ,N,C,70,0,0,0,,,1749894,5425180,-41.31092327,174.7907017
Wellington City,1N/1076/1.755,80,N, ,WELLINGTON ROAD,2054096,21/07/00,Fri,1430,FD,CS1CXC,331A 331D ,,R,D,B ,F , ,N,L,70,0,0,0,,,1749888,5425161,-41.31109545,174.7906347
Wellington City,1N/1076/1.795,40,N, ,WELLINGTON ROAD,2053012,20/06/00,Tue,855,FD,CS1C,,,R,D,B ,F , ,N,L,70,0,0,0,,,1749874,5425123,-41.31144018,174.7904769
Wellington City,1N/1076/1.835,, ,I,WELLINGTON ROAD,2052958,17/06/00,Sat,1840,JC,CS1T,303A ,,M,D,DO,F ,T,G,R,50,0,0,0,,,1749873,5425084,-41.31179149,174.7904746
Wellington City,1N/1076/1.845,10,E, ,RUAHINE ST,2051209,23/03/00,Thu,1800,FD,CW1C,331A ,,R,D,TF,F ,Y,G,R,50,0,0,0,,,1749878,5425076,-41.31186259,174.7905363
Wellington City,1N/1076/1.875,40,E, ,RUAHINE ST,2051212,11/03/00,Sat,1100,FD,CW1CCC,331A ,,R,D,B ,F , ,N,L,50,0,0,0,,,1749905,5425070,-41.3119116,174.7908602
Wellington City,1N/1076/1.942,100,E, ,RUAHINE ST,2053767,21/07/00,Fri,935,FD,CW1C,181A ,,R,W,O ,L , ,N,L,50,0,0,0,,,1749957,5425067,-41.31192894,174.7914818
Wellington City,1N/1076/2.11,, ,I,KILBIRNIE CRESCENT,2012473,29/08/00,Tue,1525,NB,BS2E,718B ,,R,D,O ,F ,X,T,C,50,0,0,1,9,,1750123,5425048,-41.31206913,174.7934687
Wellington City,1N/1076/2.11,, ,I,KILBIRNIE CRESCENT,2052439,6/04/00,Thu,1930,LB,CW1C,303B 382B ,,R,D,DO,F ,X,T,R,50,0,0,0,,,1750123,5425048,-41.31206913,174.7934687
Wellington City,1N/1076/2.11,, ,I,KILBIRNIE CRESCENT,2054070,20/07/00,Thu,1255,HA,CS2C,322A 359A ,,R,D,B ,F ,X,T,R,50,0,0,0,,,1750123,5425048,-41.31206913,174.7934687
Wellington City,1N/1076/2.295,, ,I,EVANS BAY PARADE,2056200,17/11/00,Fri,1415,GA,MN2C,353A 190B ,,E,D,B ,F ,X,T,R,50,0,0,0,,,1750300,5425000,-41.31246832,174.7955942
Wellington City,1N/1076/2.493,200,E, ,EVANS BAY PARADE,2055560,30/11/00,Thu,720,AA,CE1V,372A ,TF,R,D,B ,F , ,N,R,70,0,0,0,,,1750477,5424929,-41.31307456,174.7977253
Wellington City,1N/1076/3.086,60,W, ,TROY ST,2052316,10/05/00,Wed,1745,FD,CE1C,331A ,,R,D,DO,F , ,N,R,70,0,0,0,,,1750902,5424516,-41.31671352,174.8029028
Wellington City,1N/1076/3.086,60,W, ,TROY ST,2052273,20/04/00,Thu,1700,AC,CE1C,112A 132A 402A ,,R,D,O ,F , ,N,R,70,0,0,0,,,1750902,5424516,-41.31671352,174.8029028
Wellington City,1N/1076/3.093,20,W, ,TROY ST,2012804,28/11/00,Tue,2320,DB,CW1XX,126A 133A ,F,M,W,DO,L ,R,G,R,70,0,0,1,,,1750894,5424474,-41.31709315,174.8028177
Wellington City,1N/1076/3.146,, ,I,TROY ST,2013011,19/11/00,Sun,15,AD,CE1,197A 929 ,X,R,D,DO,F ,D,N,C,70,0,0,2,,,1750949,5424480,-41.31702884,174.803473
Wellington City,1N/1076/3.156,10,E, ,TROY ST,2010113,30/11/00,Thu,520,PE,CE1EB,331A 363A 721B 650C ,Q,E,D,B ,F ,R,G,R,70,1,0,1,59,,1750957,5424474,-41.31708136,174.80357
Wellington City,1N/1076/3.182,, ,I,TROY ST,2050441,2/02/00,Wed,2110,DA,CN2,136A 631A ,P,M,W,DO,HS,R,G,R,50,0,0,0,,,1750900,5424430,-41.31748817,174.8029003
Wellington City,1N/1076/3.239,, ,I,TROY ST,2056019,12/12/00,Tue,930,FB,CW1C,331A 387A ,,E,D,B ,F ,R,G,N,70,0,0,0,,,1750971,5424433,-41.31744787,174.8037474
Wellington City,1N/1076/3.644,, ,I,CALABAR ROAD,2012514,11/09/00,Mon,1940,FD,XE1CV,181A 181B ,,R,D,DO,F ,R,G,R,70,0,0,1,,,1751377,5424520,-41.31658849,174.8085742
Wellington City,1N/1076/3.674,20,W, ,CALABAR ROAD,2054749,30/09/00,Sat,1754,DB,CW1,400A 632A 801 ,P,E,W,O ,L , ,N,R,70,0,0,0,,,1751385,5424474,-41.31700114,174.8086811
Wellington City,1N/1076/3.694,, ,I,CALABAR ROAD,2055758,6/12/00,Wed,1145,DA,CE1,131A ,IP,M,D,B ,F ,R,G,R,70,0,0,0,,,1751419,5424533,-41.31646356,174.8090725
Wellington City,1N/1076/3.694,, ,I,CALABAR ROAD,2052057,1/04/00,Sat,1915,DA,CE1,111A ,C,M,D,DO,FS,R,G,R,70,0,0,0,,,1751419,5424533,-41.31646356,174.8090725
Wellington City,1N/1076/3.741,, ,I,COBHAM DRIVE,2052354,3/04/00,Mon,1335,GE,CS1B,304B ,,E,D,B ,F ,R,G,R,70,0,0,0,,,1751451,5424460,-41.31711479,174.8094728
Wellington City,1N/1076/3.747,, ,I,COBHAM DRIVE,2054065,1/08/00,Tue,930,GE,CS1C,171B 304B 372B ,,M,D,O ,F ,R,G,R,70,0,0,0,,,1751451,5424460,-41.31711479,174.8094728
Wellington City,1N/1076/3.747,, ,I,COBHAM DRIVE,2053979,31/07/00,Mon,1435,GE,CS1C,171B 372B ,,M,D,B ,F ,R,G,R,70,0,0,0,,,1751451,5424460,-41.31711479,174.8094728
Wellington City,1N/1076/3.747,, ,I,COBHAM DRIVE,2055424,24/11/00,Fri,1515,GE,CS1C,171B 372B ,,M,D,B ,F ,R,G,R,70,0,0,0,,,1751451,5424460,-41.31711479,174.8094728
Wellington City,1N/1076/3.747,, ,I,COBHAM DRIVE,2052444,13/04/00,Thu,1630,GE,CS1C,177A 171B ,,M,D,B ,S ,R,G,R,70,0,0,0,,,1751451,5424460,-41.31711479,174.8094728
Wellington City,1N/1076/3.747,, ,I,COBHAM DRIVE,2050461,2/02/00,Wed,1745,AC,VS1C,176A 372A ,,M,W,O ,L ,R,G,R,70,0,0,0,,,1751426,5424454,-41.3171735,174.8091757
Wellington City,1N/1076/3.747,, ,I,COBHAM DRIVE,2052276,18/04/00,Tue,1050,GE,CS1C,302B ,,E,D,O ,F ,R,G,R,70,0,0,0,,,1751451,5424460,-41.31711479,174.8094728
Wellington City,1N/1076/3.747,, ,I,COBHAM DRIVE,2055348,27/10/00,Fri,1430,GE,CS1C,171B ,,M,D,B ,F ,R,G,R,70,0,0,0,,,1751451,5424460,-41.31711479,174.8094728
Wellington City,1N/1076/3.78,, ,I,COBHAM DRIVE,2055554,30/11/00,Thu,1230,GE,CS1C,171B ,,M,D,B ,F ,R,G,R,70,0,0,0,,,1751451,5424460,-41.31711479,174.8094728
Wellington City,1N/1076/3.78,, ,I,COBHAM DRIVE,2012534,9/10/00,Mon,1915,GC,CS1SX,174B 372B ,,E,D,TN,F ,R,G,R,70,0,1,0,,26,1751451,5424460,-41.31711479,174.8094728
Wellington City,1N/1076/3.992,, ,I,WEXFORD ROAD,2055701,8/12/00,Fri,1815,GD,MN1V,331A 403A ,,R,D,O ,F ,T,S,L,70,0,0,0,,,1751439,5424250,-41.31900772,174.8093818
Wellington City,1N/1076/4.181,, ,I,CALEDONIA ST,2050442,25/01/00,Tue,1820,JA,CS1C,302B 387B ,,R,W,O ,L ,T,G,C,70,0,0,0,,,1751424,5424061,-41.32071215,174.8092497
Wellington City,1N/1076/4.281,100,S, ,CALEDONIA ST,2050807,25/01/00,Tue,1045,EA,CS1C,331A 446B ,Q,R,D,B ,F , ,N,C,70,0,0,0,,,1751416,5423962,-41.32160498,174.8091789
Wellington City,2/962/12.988,300,W, ,HOROKIWI ROAD,2013066,14/12/00,Thu,2217,AD,CW1,110A 135A 402A 801 ,G,R,W,DN,L , ,N,R,100,0,0,1,,,1754932,5434348,-41.22743087,174.848528
Wellington City,2/962/13.288,600,S, ,HOROKIWI ROAD,2050293,2/02/00,Wed,915,FD,CS1CC,181A ,,R,W,O ,L , ,N,R,100,0,0,0,,,1754646,5434258,-41.22829587,174.8451401
Wellington City,2/962/13.596,900,S, ,HOROKIWI ROAD,2012666,30/09/00,Sat,1515,AD,CE1C,133A ,G,E,W,O ,H , ,N,R,100,0,0,2,,,1754393,5434109,-41.22968567,174.8421607
Wellington City,2/962/13.696,1000,W, ,HOROKIWI ROAD,2054863,29/10/00,Sun,1810,DA,CE1,410A ,P,E,D,OF,F , ,N,R,100,0,0,0,,,1754335,5434028,-41.230426,174.8414894
Wellington City,2/962/13.796,1100,W, ,HOROKIWI ROAD,2013029,25/12/00,Mon,2045,BC,CN1X,201A 507A 197B ,G,M,D,ON,F , ,N,R,100,0,0,1,,,1754264,5433959,-41.23106077,174.8406601
Wellington City,2/962/13.871,, ,A,SERVICE STN NTH,2052236,6/05/00,Sat,45,DA,CE1,111A 132A ,GP,E,W,DO,L , ,N,R,100,0,0,0,,,1754201,5433919,-41.23143291,174.8399189
Wellington City,2/962/13.921,50,W, ,SERVICE STN NTH,2054977,19/10/00,Thu,1854,DA,CE1,330A 386A ,G,E,D,TF,F , ,N,R,100,0,0,0,,,1754155,5433899,-41.23162174,174.8393753
Wellington City,2/962/13.921,50,W, ,SERVICE STN NTH,2012358,16/08/00,Wed,1545,DA,VE1,111A 358A ,G,E,D,O ,F , ,N,R,100,0,0,2,,,1754155,5433899,-41.23162174,174.8393753
Wellington City,2/962/13.921,50,W, ,SERVICE STN NTH,2054798,5/10/00,Thu,45,DA,CE1,132A 351A ,G,E,W,DF,F , ,N,R,100,0,0,0,,,1754155,5433899,-41.23162174,174.8393753
Wellington City,2/962/14.096,1400,S, ,HOROKIWI ROAD,2055530,29/10/00,Sun,740,DA,VE1,111A 517A ,G,M,D,DO,F , ,N,R,100,0,0,0,,,1753997,5433825,-41.23231807,174.8375097
Wellington City,2/962/14.13,100,N, ,SERVICE STN STH,2052017,4/04/00,Tue,1415,FF,CN1CC,181A 181B 191C 820 ,,E,W,O ,LS, , ,R,100,0,0,0,,,1753971,5433802,-41.2325301,174.8372054
Wellington City,2/962/14.141,1600,N, ,HUTT ON NBD,2052256,11/05/00,Thu,1725,AG,TE1C,191A ,,R,D,TO,F , ,N,R,100,0,0,0,,,1753963,5433795,-41.23259464,174.8371117
Wellington City,2/962/14.17,60,E, ,SERVICE STN STH,2013099,4/10/00,Wed,2330,DA,CE1,111A ,P,M,W,DO,L , ,N,R,100,0,1,0,,,1753942,5433774,-41.23278771,174.8368666
Wellington City,2/962/14.23,, ,A,SERVICE STN STH,2053078,30/05/00,Tue,1020,FD,CE1CC,331A 922 ,,E,W,O ,HS,D,N,R,100,0,0,0,,,1753902,5433730,-41.23319146,174.8364006
Wellington City,2/962/14.258,2000,N, ,RAILYARD ENTRY,2052425,25/05/00,Thu,830,FD,CW1CCC,331A 331B ,,R,D,B ,F , , ,R,100,0,0,0,,,1753885,5433693,-41.23352781,174.8362072
Wellington City,2/962/14.53,300,S, ,SERVICE STN STH,2052278,17/04/00,Mon,1530,AA,CN1C,177A 132B ,G,E,D,B ,F , ,N,R,100,0,0,0,,,1753693,5433515,-41.2351669,174.8339621
Wellington City,2/962/14.688,2000,W, ,HOROKIWI ROAD,2012284,12/08/00,Sat,2235,CA,VW1,104A 130A ,,R,D,DO,F , ,N,R,100,0,0,4,,,1753569,5433404,-41.23618981,174.8325111
Wellington City,2/962/14.741,1000,E, ,HUTT ON NBD,2055398,5/11/00,Sun,2220,FD,CE1C,181A ,,R,W,DO,L , ,N,R,100,0,0,0,,,1753526,5433387,-41.23635103,174.8320025
Wellington City,2/962/15.041,700,N, ,HUTT ON NBD,2052330,24/05/00,Wed,1840,CA,VE1,688A ,,R,D,DO,F , ,N,R,100,0,0,0,,,1753285,5433209,-41.23799932,174.8291728
Wellington City,2/962/15.058,1200,E, ,RAILYARD ENTRY,2011757,15/05/00,Mon,1745,FD,CS1CCC,132A 135A 135B 331C 801 ,,R,W,DO,L , , ,R,100,0,0,1,,,1753271,5433184,-41.23822706,174.8290121
Wellington City,2/962/15.141,600,N, ,HUTT ON NBD,2052274,19/04/00,Wed,1820,FD,CN1V,110A 331A 191B ,,R,D,DO,F , , ,R,100,0,0,0,,,1753204,5433150,-41.23854586,174.8282215
Wellington City,2/962/15.258,1000,E, ,RAILYARD ENTRY,2052241,18/05/00,Thu,1700,FD,CW1C,331A ,,R,D,DO,F , ,N,R,100,0,0,0,,,1753116,5433058,-41.23939083,174.827195
Wellington City,2/962/15.341,400,N, ,HUTT ON NBD,2052103,10/04/00,Mon,1950,AA,CN1C,112A 135A 801 ,,E,W,DO,H , ,N,R,100,0,0,0,,,1753055,5433017,-41.23977151,174.8264777
Wellington City,2/962/15.359,1000,E, ,NGAURANGA ON NBD,2053097,18/05/00,Thu,1700,CA,CW1,615A 680A ,G,R,D,DO,F , ,N,R,100,0,0,0,,,1753039,5432992,-41.23999962,174.8262931
Wellington City,2/962/15.359,1000,E, ,NGAURANGA ON NBD,2012380,4/08/00,Fri,1400,CB,CW1,501A ,G,R,D,O ,F , ,N,R,100,0,0,1,,,1753039,5432992,-41.23999962,174.8262931
Wellington City,2/962/15.359,1000,E, ,NGAURANGA ON NBD,2053188,12/07/00,Wed,725,FD,CW1CC,331A ,,R,D,TF,F , ,N,R,100,0,0,0,,,1753039,5432992,-41.23999962,174.8262931
Wellington City,2/962/15.408,850,E, ,RAILYARD ENTRY,2010028,16/03/00,Thu,1040,FA,CS1S,129A 412A 621A ,,R,D,B ,F , ,N,R,100,1,0,0,,35,1753000,5432963,-41.2402681,174.8258352
Wellington City,HUTT ON NBD,, ,I,2/962/15.741,2011707,13/04/00,Thu,815,FB,CE1C,113A 331A ,,R,D,B ,F ,Y,N,R,100,0,0,1,,,1752730,5432784,-41.24193072,174.8226595
Wellington City,2/962/15.741,, ,I,HUTT ON NBD,2052271,21/04/00,Fri,1525,AC,VN1CCC,137B 197B 400B 181C ,G,R,D,O ,F ,Y,N,R,100,0,0,0,,,1752730,5432784,-41.24193072,174.8226595
Wellington City,2/962/15.741,, ,I,HUTT ON NBD,2012787,24/09/00,Sun,140,KA,CE1C,101A 372A 103B ,,R,D,DO,F ,Y,N,R,100,0,1,0,,,1752730,5432784,-41.24193072,174.8226595
Wellington City,2/962/15.959,400,N, ,NGAURANGA ON NBD,2053975,22/07/00,Sat,1430,AA,VS1C,372A ,,R,D,O ,F , ,N,R,100,0,0,0,,,1752554,5432639,-41.24326943,174.8205964
Wellington City,2/962/16.819,150,E, ,SH 1N,2051998,7/05/00,Sun,1715,FD,VN1CC,112A 132A 135A 801 ,,R,W,TF,HS, ,N,R,100,0,0,0,,,1751898,5432100,-41.24824572,174.8129055
Wellington City,2/962/16.909,50,E, ,SH 1N,2050486,10/02/00,Thu,710,AD,CW1V,197A 353A 440B ,G,R,D,O ,F , ,N,R,100,0,0,0,,,1751828,5432029,-41.24889811,174.8120881
Wellington City,SH 1N,, ,I,2/962/16.959,2051013,25/02/00,Fri,1727,QG,CW2C,682A 137B ,G,R,D,B ,F ,Y,N,R,100,0,0,0,,,1751791,5431995,-41.24921117,174.8116552
Wellington City,ABEL SMITH ST,25,W, ,CUBA ST,2150393,6/02/01,Tue,2100,EE,CE1V,374A ,Q,R,D,DO,F , ,N,C,50,0,0,0,,,1748512,5426849,-41.29615215,174.7737919
Wellington City,ABEL SMITH ST,, ,I,CUBA ST,2111855,1/05/01,Tue,648,JA,SN2C,301B 375B 860 ,,R,D,TF,F ,X,S,C,50,0,1,0,,38,1748534,5426838,-41.29624714,174.7740573
Wellington City,ABEL SMITH ST,50,S, ,VICTORIA ST,2156200,9/12/01,Sun,1330,QD,CN1C,428A ,M,R,D,O ,F , ,N,C,50,0,0,0,,,1748410,5426896,-41.29574775,174.7725628
Wellington City,ACCESS ROAD,250,S, ,STEWART DUFF DRIVE,2153079,10/06/01,Sun,1600,EA,XN1X,386A ,Q,R,D,B ,F , ,N,C,50,0,0,0,,,1751650,5423097,-41.32934878,174.8121893
Wellington City,ACCESS ROAD,, ,A,WELLINGTON AIR TERMINAL,2153859,23/07/01,Mon,1300,EE,VN1X,374B ,Q,R,D,O ,F , ,N,R,30,0,0,0,,,1751652,5423153,-41.32884423,174.8121992
Wellington City,ADELAIDE ROAD,, ,I,ALFRED ST,2152320,19/04/01,Thu,1810,MG,CW2C,371A ,,R,D,DO,F ,T,G,C,50,0,0,0,,,1748989,5426219,-41.30173639,174.7796407
Wellington City,ADELAIDE ROAD,, ,I,ALFRED ST,2154344,12/08/01,Sun,2145,EA,CS1CC,103A ,MP,R,D,DO,F ,T,N,P,50,0,0,0,,,1748989,5426219,-41.30173639,174.7796407
Wellington City,ADELAIDE ROAD,90,S, ,BRITOMART ST,2112157,29/06/01,Fri,1850,NB,CN1E,306A ,,R,W,DO,L , ,N,X,50,0,1,0,58,,1748572,5424032,-41.32150376,174.7751963
Wellington City,ADELAIDE ROAD,15,N, ,CHILKA ST,2112507,19/09/01,Wed,2025,NB,XN1E,306A 383A ,,R,D,TO,F , ,N,X,50,0,0,1,15,,1748569,5423970,-41.32206252,174.7751756
Wellington City,ADELAIDE ROAD,50,N, ,CHILKA ST,2154970,8/11/01,Thu,1400,EE,CN1C,374A ,M,R,D,B ,F , ,N,C,50,0,0,0,,,1748571,5424005,-41.32174703,174.7751909
Wellington City,ADELAIDE ROAD,, ,I,CHILKA ST,2150886,27/01/01,Sat,1910,EA,CS1CCC,358A ,MMM,R,D,B ,F ,T,N,C,50,0,0,0,,,1748568,5423955,-41.32219775,174.7751673
Wellington City,ADELAIDE ROAD,100,S, ,COLOMBO ST,2150638,17/02/01,Sat,100,EA,CN1C,198A ,M,R,W,O ,L , ,N,C,50,0,0,0,,,1748674,5424977,-41.31297674,174.7761834
Wellington City,ADELAIDE ROAD,, ,I,DOUGLAS ST,2152562,10/06/01,Sun,1445,JA,CN1C,302B 377B ,,R,W,O ,LS,T,G,C,50,0,0,0,,,1748973,5426163,-41.30224354,174.7794634
Wellington City,ADELAIDE ROAD,, ,I,DOUGLAS ST,2153174,28/06/01,Thu,832,JA,CN1P,173A 375A 377A ,,R,W,O ,H ,T,N,P,50,0,0,0,,,1748973,5426163,-41.30224354,174.7794634
Wellington City,ADELAIDE ROAD,150,N, ,DOVER ST,2112909,19/10/01,Fri,812,MC,SS1C,387A 372B ,,R,D,O ,L , ,N,R,50,0,1,0,,35,1748513,5423439,-41.32685364,174.7746365
Wellington City,ADELAIDE ROAD,20,S, ,DRUMMOND ST,2152568,1/05/01,Tue,930,EE,VN1C,129A 374B ,Q,R,D,O ,F , ,N,C,50,0,0,0,,,1748888,5425825,-41.30530238,174.7785313
Wellington City,ADELAIDE ROAD,, ,I,DRUMMOND ST,2152086,9/05/01,Wed,1330,FE,TN1C,331A ,,R,W,O ,L ,X,T,C,50,0,0,0,,,1748893,5425844,-41.30513039,174.7785863
Wellington City,ADELAIDE ROAD,30,S, ,DUPPA ST,2153021,29/06/01,Fri,1055,EA,CS1C,129A ,M,R,D,O ,F , ,N,C,50,0,0,0,,,1748560,5423801,-41.32358575,174.7751094
Wellington City,ADELAIDE ROAD,50,S, ,HALL ST,2156212,8/12/01,Sat,120,EA,CN1CCC,103A 358A ,MMM,R,D,DO,F , ,N,C,50,0,0,0,,,1748729,5425197,-41.31098585,174.7767864
Wellington City,ADELAIDE ROAD,, ,I,HALL ST,2112962,8/12/01,Sat,1555,NF,CS1E,307A 376A ,,R,W,O ,H ,X,T,C,50,0,1,0,14,,1748741,5425246,-41.31054247,174.7769177
Wellington City,ADELAIDE ROAD,, ,I,HALL ST,2110082,4/09/01,Tue,1625,NC,VW2E,306A 307A 376A ,X,R,D,O ,F ,X,T,C,50,1,0,0,6,,1748741,5425246,-41.31054247,174.7769177
Wellington City,ADELAIDE ROAD,, ,I,HALL ST,2152146,7/05/01,Mon,1745,LB,CW2C,303B ,,R,D,DO,F ,X,T,C,50,0,0,0,,,1748741,5425246,-41.31054247,174.7769177
Wellington City,ADELAIDE ROAD,10,N, ,HOSPITAL ROAD,2150297,18/01/01,Thu,1930,MC,CS1C,372A ,,R,D,TN,F ,T,G,C,50,0,0,0,,,1748865,5425734,-41.30612593,174.7782789
Wellington City,ADELAIDE ROAD,, ,I,HOSPITAL ROAD,2152325,19/05/01,Sat,1310,LB,XS1V,303B 377B ,,R,D,O ,F ,T,G,C,50,0,0,0,,,1748863,5425724,-41.30621634,174.7782575
Wellington City,ADELAIDE ROAD,, ,I,HOSPITAL ROAD,2153782,7/08/01,Tue,1730,LB,CS1C,377A ,,R,D,TO,F ,T,G,C,50,0,0,0,,,1748863,5425724,-41.30621634,174.7782575
Wellington City,ADELAIDE ROAD,, ,I,HOSPITAL ROAD,2112510,10/10/01,Wed,1245,JA,CS1C,302B ,,R,W,O ,L ,T,G,C,50,0,1,0,,,1748863,5425724,-41.30621634,174.7782575
Wellington City,ADELAIDE ROAD,, ,I,HOSPITAL ROAD,2156207,4/12/01,Tue,1635,JA,CS1C,377A 930 ,,R,W,O ,L ,T,G,C,50,0,0,0,,,1748863,5425724,-41.30621634,174.7782575
Wellington City,ADELAIDE ROAD,20,N, ,JOHN ST,2112935,20/09/01,Thu,1851,FE,CS1VC,103A 181A ,,R,D,DO,F ,X,T,P,50,0,0,2,,,1748837,5425627,-41.30709447,174.7779708
Wellington City,ADELAIDE ROAD,50,N, ,JOHN ST,2151502,24/02/01,Sat,1209,FD,CN1C,331A ,,R,D,B ,F , ,N,C,50,0,0,0,,,1748844,5425656,-41.30683208,174.7780473
Wellington City,ADELAIDE ROAD,50,S, ,JOHN ST,2152354,23/05/01,Wed,900,EA,TS1CCC,663A ,M,R,D,O ,F , ,N,C,50,0,0,0,,,1748820,5425559,-41.30770983,174.7777844
Wellington City,ADELAIDE ROAD,, ,I,JOHN ST,2113197,18/12/01,Tue,1245,NF,CS2E,306A ,,R,D,B ,F ,M,T,R,50,0,0,1,26,,1748832,5425608,-41.30726645,174.7779157
Wellington City,ADELAIDE ROAD,20,N, ,KING ST,2111492,9/02/01,Fri,1745,GA,MN1C,181A 141B 927 ,,R,D,B ,F ,D,N,C,50,0,0,1,,,1748942,5426039,-41.30336568,174.7791236
Wellington City,ADELAIDE ROAD,20,S, ,KING ST,2111751,30/04/01,Mon,800,MA,SN1BC,373B ,M,R,D,DO,F , ,N,P,50,0,0,1,,30,1748932,5426000,-41.30371866,174.7790138
Wellington City,ADELAIDE ROAD,, ,I,KING ST,2111018,18/01/01,Thu,730,LB,SN1C,303B 353B ,,R,D,O ,F ,T,G,P,50,0,0,2,,40,1748937,5426020,-41.30353767,174.7790686
Wellington City,ADELAIDE ROAD,15,N, ,LUXFORD ST,2112911,29/10/01,Mon,2010,LB,SS1C,303B 375B 922 ,,R,D,DO,F ,D,N,L,50,0,1,0,,45,1748585,5424230,-41.31971869,174.7753031
Wellington City,ADELAIDE ROAD,, ,I,LUXFORD ST,2111593,6/03/01,Tue,2057,LB,SS1C,303B 351B 375B ,,R,D,DO,F ,T,T,C,50,0,0,1,,19,1748585,5424215,-41.31985374,174.7753068