TLA NAME,CRASH ROAD,CRASH DIST,CRASH DIRN,INTSN,SIDE ROAD,CRASH ID,CRASH DATE,CRASH DOW,CRASH TIME,MVMT,VEHICLES,CAUSES,OBJECTS STRUCK,ROAD CURVE,ROAD WET,LIGHT,WTHRa,JUNC TYPE,TRAF CTRL,ROAD MARK,SPD LIM,CRASH FATAL CNT,CRASH SEV CNT,CRASH MIN CNT,PERS AGE1,PERS AGE2,EASTING,NORTHING,latitude,longitude
Wellington City,ADELAIDE ROAD,, ,I,LUXFORD ST,2112533,4/08/01,Sat,2303,DA,CN1CC,103A 111A ,MM,R,D,DO,F ,T,T,C,50,0,0,2,,,1748585,5424215,-41.31985374,174.7753068
Wellington City,ADELAIDE ROAD,, ,I,MUDGES TERRACE,2156268,18/12/01,Tue,1900,KA,CN1CVC,303B 377B ,M,R,W,O ,L ,T,N,C,50,0,0,0,,,1748632,5424812,-41.31447004,174.7757222
Wellington City,ADELAIDE ROAD,, ,I,NIKAU ST,2111247,12/02/01,Mon,753,FA,SN1CC,158A 386A ,M,R,D,O ,F ,T,N,C,50,0,0,1,,43,1748777,5425389,-41.30924834,174.7773126
Wellington City,ADELAIDE ROAD,30,S, ,STOKE ST,2156019,25/11/01,Sun,509,GA,CS1C,331A 387A 929 ,,R,D,O ,L ,D,N,C,50,0,0,0,,,1748639,5424838,-41.31423466,174.7757994
Wellington City,ADELAIDE ROAD,, ,I,STOKE ST,2156456,20/09/01,Thu,915,DB,CS1C,103A 131A ,M,R,D,B ,F ,T,S,N,50,0,0,0,,,1748646,5424867,-41.31397228,174.7758759
Wellington City,ADELAIDE ROAD,, ,I,STOKE ST,2155062,4/10/01,Thu,1515,BC,CE2C,108A 125A ,,R,D,B ,F ,T,G,C,50,0,0,0,,,1748650,5424883,-41.31382748,174.7759198
Wellington City,ADELAIDE ROAD,20,N, ,WARIPORI ST,2155497,9/11/01,Fri,1730,FD,CS1V,359A ,,R,D,B ,F , ,N,C,50,0,0,0,,,1748592,5424358,-41.31856496,174.7753555
Wellington City,ADELAIDE ROAD,50,N, ,WARIPORI ST,2153647,30/06/01,Sat,1040,FD,CN1CC,181A 350A ,,R,D,O ,F , ,N,C,50,0,0,0,,,1748594,5424388,-41.31829449,174.775372
Wellington City,AKAROA DRIVE,, ,I,RANGITANE ST,2153860,9/08/01,Thu,445,DA,ME1,130A 424A ,,M,D,DO,F ,T,N,C,50,0,0,0,,,1752125,5425467,-41.30792171,174.8172697
Wellington City,AKAROA DRIVE,, ,I,WAIWERA CRESCENT,2154407,16/08/01,Thu,910,BC,CW2CC,122A 378A 839 ,M,R,W,O ,LS,T,N,N,50,0,0,0,,,1752102,5425386,-41.30865531,174.8170153
Wellington City,ALEXANDRA ROAD,50,N, ,CONSTABLE ST,2152667,2/06/01,Sat,202,BC,CN1C,103A 111A ,,M,W,DO,L , ,N,L,50,0,0,0,,,1749721,5425015,-41.31244095,174.7886765
Wellington City,ALEXANDRA ROAD,200,N, ,UPOKO ROAD,2156319,14/12/01,Fri,800,EA,CS1C,386A ,M,M,D,O ,F , ,N,C,50,0,0,0,,,1750405,5426732,-41.296855,174.7964198
Wellington City,ANDERSON TERRACE,100,W, ,BIDWILL ST,2156451,2/09/01,Sun,145,EO,CW1,101A 428A 929 ,H,E,D,DF,F ,D,N,N,50,0,0,0,,,1748311,5426253,-41.30155517,174.7715376
Wellington City,AOTEA OFF SBD,60,S, ,SH 1N,2151301,27/03/01,Tue,2025,DB,CS1,111A ,G,E,W,DO,L , ,N,N,70,0,0,0,,,1749566,5430229,-41.26552598,174.7855449
Wellington City,AOTEA ON NBD,250,N, ,AOTEA QUAY,2113053,26/12/01,Wed,1650,MG,CN1C,201A 371B ,,E,D,B ,F , ,N,N,100,0,0,2,,,1749562,5430328,-41.26463538,174.7854729
Wellington City,AOTEA ON NBD,, ,A,FERRY TERMINAL ACCESS ROA,2151593,4/04/01,Wed,814,DA,CS1,111A ,G,M,D,B ,F , ,N,N,70,0,0,0,,,1749501,5430248,-41.26536695,174.7847647
Wellington City,AOTEA QUAY,20,S, ,AOTEA OFF SBD,2151969,15/04/01,Sun,1015,MC,CS1C,202B 372B ,,R,D,B ,F ,Y,N,L,70,0,0,0,,,1749565,5430057,-41.26707476,174.7855752
Wellington City,AOTEA QUAY,400,S, ,AOTEA OFF SBD,2155102,20/10/01,Sat,500,CB,XS1,197A ,G,R,W,DO,L , ,N,L,70,0,0,0,,,1749637,5429684,-41.27041971,174.7865259
Wellington City,AOTEA QUAY,, ,I,AOTEA OFF SBD,2155111,31/10/01,Wed,1615,MC,VS1X,202B 372B ,,R,W,O ,LS,Y,N,L,70,0,0,0,,,1749561,5430076,-41.26690443,174.7855228
Wellington City,AOTEA QUAY,, ,I,AOTEA ON NBD,2150897,7/02/01,Wed,2220,KA,CN1C,302B ,,R,D,DO,F ,Y,G,L,70,0,0,0,,,1749546,5430121,-41.26650206,174.7853328
Wellington City,AOTEA QUAY,, ,I,AOTEA ON NBD,2152109,3/05/01,Thu,820,AA,TN1C,173A ,,E,W,O ,L ,Y,N,C,70,0,0,0,,,1749546,5430121,-41.26650206,174.7853328
Wellington City,AOTEA QUAY,400,N, ,WATERLOO QUAY,2152570,7/06/01,Thu,945,DB,TN1,613A 615A 927 ,IS,R,D,B ,F ,D,T,R,70,0,0,0,,,1749629,5429727,-41.27003404,174.7864199
Wellington City,ARO ST,, ,I,ADAMS TERRACE,2111794,4/05/01,Fri,830,LB,CS1X,375A ,,E,W,O ,L ,T,N,C,50,0,0,1,,,1747600,5427050,-41.29450975,174.7628555
Wellington City,ARO ST,30,W, ,DURHAM ST,2154392,14/09/01,Fri,55,CC,CW1,103A 410A ,P,R,D,DO,F , ,N,C,50,0,0,0,,,1747640,5427022,-41.29475453,174.7633398
Wellington City,ARO ST,200,W, ,OHIRO ROAD,2112346,17/07/01,Tue,2115,MA,CW1C,373B 402B ,,M,D,DO,F , ,N,C,50,0,0,2,,,1747976,5426947,-41.29536826,174.7673692
Wellington City,ARO ST,20,W, ,WILLIS ST,2155072,15/09/01,Sat,825,EA,TW1X,386A 443B 929 ,Q,R,D,O ,F ,D,N,C,50,0,0,0,,,1748232,5426848,-41.29621263,174.7704495
Wellington City,AUSTIN ST,80,S, ,MAJORIBANKS ST,2156185,17/11/01,Sat,1617,MO,CN1C,371A 929 ,,R,D,O ,F ,D,N,N,50,0,0,0,,,1749739,5426816,-41.29622255,174.7884482
Wellington City,AWARUA ST,, ,I,FOX ST,2156267,31/10/01,Wed,1800,AE,VN1X,125A ,,R,W,O ,L ,T,S,C,50,0,0,0,,,1748547,5432536,-41.24494286,174.7728237
Wellington City,AWARUA ST,25,E, ,NGARIMU GROVE,2153645,29/07/01,Sun,2040,CC,CW1C,410A ,M,R,D,DF,L , ,N,P,50,0,0,0,,,1748091,5432803,-41.24262256,174.7673193
Wellington City,BANNISTER AVENUE,300,S, ,BRODERICK ROAD,2154904,18/09/01,Tue,1040,MC,CS1C,372B ,,R,D,B ,F , ,N,N,50,0,0,0,,,1750825,5434486,-41.22696447,174.7995158
Wellington City,BANNISTER AVENUE,50,S, ,KIPLING ST,2111095,27/01/01,Sat,2355,NA,CS1E,105B 713B ,,R,D,DO,F , ,N,C,50,0,0,1,30,,1750860,5434588,-41.2260396,174.799908
Wellington City,BARNARD ST,150,S, ,LENNEL ROAD,2151884,21/04/01,Sat,945,DB,CS1,191A 806 ,F,S,W,O ,L , ,N,C,50,0,0,0,,,1749115,5430223,-41.26566337,174.7801648
Wellington City,BASSETT ROAD,20,N, ,OHARIU ROAD,2154893,2/10/01,Tue,1305,BC,CS1VCV,121A 137A 929 ,M,E,D,B ,F ,D,N,C,50,0,0,0,,,1751511,5435436,-41.21828307,174.8074611
Wellington City,BASSETT ROAD,20,S, ,OHARIU ROAD,2111620,21/04/01,Sat,2230,DA,CE1,133A 801 ,C,M,W,DO,H , ,N,C,50,0,0,1,,,1751509,5435397,-41.21863458,174.8074469
Wellington City,BASSETT ROAD,20,S, ,OHARIU ROAD,2152835,23/06/01,Sat,1833,GC,CN1C,174A 372B 929 ,,R,W,DO,L ,D,N,C,50,0,0,0,,,1751509,5435397,-41.21863458,174.8074469
Wellington City,BATCHELOR ST,, ,I,BELLRINGER CRESCENT,2152091,2/05/01,Wed,2120,LB,CS1C,303B ,,E,D,DO,F ,Y,G,C,50,0,0,0,,,1752472,5434803,-41.2238017,174.8190779
Wellington City,BAY LAIR GROVE,20,W, ,VOLGA ST,2153029,30/06/01,Sat,1500,MO,CS1,403A 423A 929 ,FT,R,D,O ,F ,D,N,N,50,0,0,0,,,1748895,5422864,-41.33196012,174.77934
Wellington City,BAY ROAD,20,S, ,RONGOTAI ROAD,2150640,22/02/01,Thu,2215,MG,CN1C,371B ,,R,D,DO,F ,T,N,C,50,0,0,0,,,1750235,5424379,-41.31807149,174.7949714
Wellington City,BAYLANDS DRIVE,, ,I,SOMES CRESCENT N,2111791,22/05/01,Tue,900,LB,XS1C,375B 603B 902 ,,E,D,B ,F ,T,G,C,50,0,0,1,,,1753448,5434669,-41.22482364,174.8307501
Wellington City,BEACON HILL ROAD,40,N, ,TANNADYCE ST,2153023,8/07/01,Sun,1535,BB,CS14,123A ,,M,D,O ,F , ,N,C,50,0,0,0,,,1752969,5423421,-41.32618257,174.8278619
Wellington City,BEACON HILL ROAD,100,S, ,TIO TIO ROAD,2154340,17/08/01,Fri,830,BC,CN1C,110A 132A 839 ,,E,W,O ,L , ,N,C,50,0,0,0,,,1752990,5423680,-41.32384677,174.8280475
Wellington City,BEAUCHAMP ST,50,S, ,LINDEN AVENUE,2153314,29/07/01,Sun,1526,GC,CS1C,174B 372B 929 ,,E,W,O ,L ,D,N,C,50,0,0,0,,,1753664,5442130,-41.15760886,174.8314523
Wellington City,BIDWILL ST,70,E, ,BELL ROAD,2152380,10/05/01,Thu,2245,DB,CS1,132A 363A ,K,M,W,OO,L , ,N,L,50,0,0,0,,,1748246,5426083,-41.30309771,174.770803
Wellington City,BIDWILL ST,200,E, ,WALLACE ST,2152150,5/05/01,Sat,1815,DB,CW1,111A 332A ,F,S,D,DO,F , ,N,C,50,0,0,0,,,1748331,5426164,-41.30235281,174.7717981
Wellington City,BIRCH ST,90,W, ,WOODLAND ROAD,2152390,10/05/01,Thu,1920,QF,CS1,611A ,FH,M,D,DO,F , ,N,N,50,0,0,0,,,1750737,5435169,-41.22083152,174.7982979
Wellington City,BLACK ROCK ROAD,, ,I,GLANMIRE ROAD,2155719,7/12/01,Fri,2250,DC,CW2,101A 113A 430A ,,R,D,DO,F ,T,G,C,50,0,0,0,,,1752518,5434206,-41.22916802,174.8197755
Wellington City,BOND ST,40,W, ,WILLIS ST,2153756,9/08/01,Thu,1250,MD,CE1V,371A 926 ,,R,D,O ,F ,D,N,N,50,0,0,0,,,1748659,5427654,-41.28887732,174.7753503
Wellington City,BOULCOTT ST,20,N, ,CHURCH ST,2153646,26/03/01,Mon,1050,FB,CS1C,331A 927 ,,R,D,B ,F ,D,N,C,50,0,0,0,,,1748539,5427763,-41.28791803,174.7738913
Wellington City,BOULCOTT ST,, ,I,CHURCH ST,2111879,3/06/01,Sun,350,DA,CN1,104A 111A ,GH,M,W,DO,L ,T,N,C,50,0,0,1,,,1748531,5427745,-41.28808156,174.7738002
Wellington City,BOULCOTT ST,, ,I,OREILY AVENUE,2150149,8/01/01,Mon,549,JA,CN1C,303A 377A ,,R,D,B ,F ,T,N,C,50,0,0,0,,,1748582,5427659,-41.28884647,174.7744299
Wellington City,BOULCOTT ST,50,W, ,WILLIS ST,2112128,26/03/01,Mon,1225,NA,CE1E,712B ,,R,D,O ,F , ,N,N,50,0,0,1,28,,1748577,5427666,-41.28878437,174.7743685
Wellington City,BOWEN ST,30,W, ,LAMBTON QUAY,2156209,7/12/01,Fri,1750,AA,XS1C,372A ,,E,D,B ,F , ,N,L,50,0,0,0,,,1748815,5428718,-41.2792689,174.7769525
Wellington City,BOWEN ST,, ,I,THE TERRACE,2112483,29/09/01,Sat,1643,NC,VW1EE,307A ,,R,D,B ,F ,T,T,C,50,0,0,2,46,,1748701,5428774,-41.27878571,174.7755782
Wellington City,BOWEN ST,50,E, ,TINAKORI ROAD,2112334,25/07/01,Wed,830,AF,VE1M,129A 129B ,,E,D,B ,F , ,N,L,50,0,0,1,,,1748215,5428763,-41.27897409,174.7697804
Wellington City,BOWEN ST,, ,I,TINAKORI ROAD,2152701,27/04/01,Fri,2300,DA,CN2,103A 133A ,KP,E,D,DO,F ,T,T,L,50,0,0,0,,,1748168,5428780,-41.27882965,174.7692153
Wellington City,BRACKEN ROAD,, ,I,KAHIKATEA GROVE,2155922,30/12/01,Sun,1345,JA,CN1C,309B 382B ,,E,D,B ,F ,T,N,C,50,0,0,0,,,1752808,5435288,-41.21937171,174.8229633
Wellington City,BRACKEN ROAD,20,N, ,NEWLANDS ROAD,2156188,1/12/01,Sat,1145,FB,VN1C,181A 925 ,,R,D,B ,F ,D,N,C,50,0,0,0,,,1752862,5434861,-41.22320593,174.823714
Wellington City,BRACKEN ROAD,, ,I,RING LANE,2151510,1/03/01,Thu,1510,MC,CN1C,372A ,,E,D,B ,F ,T,N,C,50,0,0,0,,,1752772,5435364,-41.21869425,174.822515
Wellington City,BRAITHWAITE ST,50,W, ,LANCASTER ST,2151668,9/03/01,Fri,1830,CB,CE1C,101A ,M,R,D,O ,F , ,N,C,50,0,0,0,,,1746300,5428187,-41.28450936,174.7470627
Wellington City,BREAKER BAY ROAD,40,E, ,MOA POINT ROAD,2112187,5/07/01,Thu,735,DA,CS1,135A 802 ,X,M,I,DN,FF, ,N,C,50,0,0,1,,,1752381,5421595,-41.34273367,174.8212971
Wellington City,BRITOMART ST,60,S, ,FARNHAM ST,2112959,2/12/01,Sun,1658,BF,SS1C,111A 614A ,,S,W,O ,L , ,N,C,50,0,0,1,,18,1748176,5424267,-41.31946082,174.7704096
Wellington City,BRITOMART ST,100,S, ,FARNHAM ST,2154919,26/10/01,Fri,945,BF,CW1CC,131A 501A ,M,S,D,O ,F , ,N,C,50,0,0,0,,,1748190,5424230,-41.31979137,174.7705858
Wellington City,BRITOMART ST,20,W, ,STANLEY ST,2153551,24/07/01,Tue,1640,EE,CW1C,129A 374A ,Q,R,D,O ,F , ,N,C,50,0,0,0,,,1748343,5424137,-41.32060056,174.7724357
Wellington City,BROADWAY,50,W, ,IRA ST,2112861,22/12/01,Sat,1500,EA,CE1CC,129A 501A ,M,E,D,B ,F , ,N,P,50,0,0,1,,,1752283,5423593,-41.32476388,174.8196256
Wellington City,BROADWAY,, ,I,MONORGAN ROAD,2152928,29/06/01,Fri,1630,LB,CW1C,303A ,,R,W,O ,L ,X,G,C,50,0,0,0,,,1752142,5423554,-41.32514163,174.8179513
Wellington City,BROADWAY,, ,I,MONORGAN ROAD,2152319,20/05/01,Sun,815,GD,CE1C,103A ,,R,D,B ,F ,X,G,C,50,0,0,0,,,1752142,5423554,-41.32514163,174.8179513
Wellington City,BROADWAY,100,E, ,TIO TIO ROAD,2152322,10/05/01,Thu,1905,MC,CE1C,,,E,D,DO,F , ,N,C,50,0,0,0,,,1752667,5423661,-41.32407905,174.8241947
Wellington City,BRODERICK ROAD,10,W, ,BOULD ST,2154335,31/08/01,Fri,1832,FD,CW1CC,103A 331A ,,R,D,TO,F ,T,N,C,50,0,0,0,,,1751270,5434752,-41.22448649,174.8047568
Wellington City,BRODERICK ROAD,30,E, ,JOHNSONVILLE ROAD,2154692,5/10/01,Fri,1645,HA,CN1C,302B 926 ,,E,W,B ,F ,D,G,N,50,0,0,0,,,1751453,5434724,-41.22470435,174.806946
Wellington City,BRODERICK ROAD,, ,I,JOHNSONVILLE ROAD,2151609,24/03/01,Sat,1245,AC,CW1C,381A ,,R,D,B ,F ,X,T,C,50,0,0,0,,,1751483,5434719,-41.22474375,174.807305
Wellington City,BRODERICK ROAD,, ,I,JOHNSONVILLE ROAD,2152604,31/05/01,Thu,2118,LB,CW1C,303B ,,R,D,DO,F ,X,T,R,50,0,0,0,,,1751483,5434719,-41.22474375,174.807305
Wellington City,BROOKLYN ROAD,50,S, ,BIDWILL ST,2112511,4/10/01,Thu,150,DA,CS1,103A ,P,M,D,DO,F , ,N,C,50,0,0,3,,,1748075,5426052,-41.30340821,174.7687688
Wellington City,BROOKLYN ROAD,, ,I,BIDWILL ST,2151736,27/03/01,Tue,1615,FB,CW2C,423A ,,R,W,O ,LS,Y,G,L,50,0,0,0,,,1748117,5426076,-41.30318442,174.7692645
Wellington City,BROOKLYN ROAD,, ,I,BIDWILL ST,2150605,17/02/01,Sat,1309,LB,CS1C,303B 387B ,,R,D,O ,F ,T,G,L,50,0,0,0,,,1748117,5426076,-41.30318442,174.7692645
Wellington City,BROOKLYN ROAD,100,S, ,NAIRN ST S,2151867,17/04/01,Tue,1601,FA,CN1C,181A ,,R,D,O ,F , ,N,L,50,0,0,0,,,1748153,5426187,-41.30217843,174.7696673
Wellington City,BROOKLYN ROAD,300,N, ,WASHINGTON AVENUE,2154486,19/08/01,Sun,1735,AD,VN1C,103A 434A 517A ,I,R,W,O ,LS, ,N,R,50,0,0,0,,,1748104,5426066,-41.30327684,174.7691117
Wellington City,BROOKLYN ROAD,, ,I,WASHINGTON AVENUE,2112172,29/07/01,Sun,1401,JA,CW1C,111A 302B ,,E,W,O ,L ,T,G,C,50,0,1,0,,,1747874,5426138,-41.30267077,174.7663481
Wellington City,BROUGHAM ST,20,S, ,ELIZABETH ST,2153906,24/08/01,Fri,750,NA,CE1E,713B ,,R,W,O ,L , ,N,C,50,0,0,0,,,1749483,5426769,-41.29669317,174.7854036
Wellington City,BUCKLE ST,10,W, ,CAMBRIDGE TERRACE,2112154,27/07/01,Fri,1315,NA,CN1E,713B 714B ,,M,D,B ,F ,Y,N,C,50,0,0,1,13,,1749041,5426479,-41.2993859,174.7801979
Wellington City,BURMA ROAD,200,N, ,FRASER AVENUE,2112965,26/12/01,Wed,910,EA,SN1C,331A 350A 652A ,M,R,D,B ,F , ,N,P,50,0,0,1,,24,1750691,5433561,-41.23531762,174.7981461
Wellington City,BURMA ROAD,50,S, ,FRASER AVENUE,2152152,4/05/01,Fri,1115,DA,CS1,358A ,FP,E,W,O ,F , ,N,L,50,0,0,0,,,1750676,5433313,-41.23755326,174.7980284
Wellington City,BURMA ROAD,, ,I,FRASER AVENUE,2111660,20/03/01,Tue,740,FB,VS2C,181A 331A ,,E,D,B ,F ,Y,G,R,50,0,0,1,,,1750686,5433361,-41.23711923,174.7981358
Wellington City,BURMA ROAD,, ,I,JOHN SIMS DRIVE,2156173,15/12/01,Sat,1840,LB,CN1C,145A 387A ,,R,D,B ,F ,T,G,C,50,0,0,0,,,1750688,5433490,-41.23595742,174.7981278
Wellington City,BURMA ROAD,50,S, ,KIM ST,2111754,18/03/01,Sun,800,LB,SS1C,303B 929 ,,E,D,B ,F ,D,N,C,50,0,1,0,,46,1750332,5432943,-41.24094855,174.7940164
Wellington City,BURMA ROAD,, ,I,STATION ROAD,2153861,3/08/01,Fri,1730,JA,CS1C,301B 375B ,,E,D,DO,F ,T,S,C,50,0,0,0,,,1750199,5432833,-41.24196364,174.7924571
Wellington City,CABLE ST,30,E, ,CHAFFERS ST,2153552,22/07/01,Sun,1705,FA,CE1C,331A 926 ,,R,W,DO,H ,D,N,C,50,0,0,0,,,1749380,5427295,-41.29197645,174.7840449
Wellington City,CABLE ST,, ,I,CHAFFERS ST,2151932,11/03/01,Sun,2100,HA,VE1C,322B ,,R,D,DO,F ,X,T,C,50,0,0,0,,,1749353,5427308,-41.2918644,174.7837194
Wellington City,CABLE ST,100,E, ,TARANAKI ST,2154946,9/11/01,Fri,1530,FD,CW1CC,353A ,,R,D,B ,F , ,N,C,50,0,0,0,,,1749130,5427411,-41.29097828,174.7810321
Wellington City,CABLE ST,, ,I,TORY ST,2150627,11/02/01,Sun,1015,GC,VE1C,171A ,,R,D,B ,F ,T,N,C,50,0,0,0,,,1749241,5427357,-41.29144395,174.7823704
Wellington City,CALEDONIA ST,30,E, ,CALABAR ROAD,2151287,21/03/01,Wed,2000,MC,VE1C,372B ,,E,D,DO,F , ,N,R,50,0,0,0,,,1751453,5424052,-41.32078774,174.8095983
Wellington City,CALEDONIA ST,, ,I,KAURI ST,2151535,21/03/01,Wed,1015,KB,CN2C,302A ,F,R,D,B ,F ,X,G,C,50,0,0,0,,,1751663,5423987,-41.32133348,174.8121225
Wellington City,CALEDONIA ST,, ,I,KAURI ST,2151212,27/02/01,Tue,830,HA,CN1C,302A ,,R,D,B ,F ,X,G,C,50,0,0,0,,,1751663,5423987,-41.32133348,174.8121225
Wellington City,CAMBRIDGE TERRACE,30,S, ,ALPHA ST,2153853,15/08/01,Wed,900,FD,CN1CCC,112A 181A ,,R,W,O ,H , ,N,N,50,0,0,0,,,1749286,5426934,-41.29524407,174.7830113
Wellington City,CAMBRIDGE TERRACE,, ,I,COURTENAY PLACE,2153659,4/08/01,Sat,1630,LB,CN1C,303B 323B ,,R,D,TF,F ,X,T,N,50,0,0,0,,,1749351,5427078,-41.29393556,174.7837519
Wellington City,CAMBRIDGE TERRACE,, ,I,COURTENAY PLACE,2152544,9/06/01,Sat,1820,GA,CN1C,181A ,,R,W,DO,L ,X,T,L,50,0,0,0,,,1749351,5427078,-41.29393556,174.7837519
Wellington City,CAMBRIDGE TERRACE,, ,I,COURTENAY PLACE,2156161,13/12/01,Thu,2010,LB,CN1B,322A 324A ,,R,D,TF,F ,X,T,C,50,0,0,0,,,1749351,5427078,-41.29393556,174.7837519
Wellington City,CAMBRIDGE TERRACE,, ,I,ELIZABETH ST,2150969,19/01/01,Fri,2000,KB,CN1X,322A ,,R,D,TF,F ,T,T,R,50,0,0,0,,,1749269,5426894,-41.29560735,174.7828182
Wellington City,CAMBRIDGE TERRACE,, ,I,TENNYSON ST,2156203,30/11/01,Fri,920,FD,CN1C,331A ,,R,D,B ,F ,T,N,R,50,0,0,0,,,1749276,5426909,-41.29547101,174.782898
Wellington City,CAMBRIDGE TERRACE,30,N, ,VIVIAN ST,2155919,16/11/01,Fri,2345,AA,CN1CC,372A ,MS,R,D,DO,F , ,N,R,50,0,0,0,,,1749209,5426761,-41.2968159,174.7821345
Wellington City,CASHMERE AVENUE,70,W, ,MANDALAY TERRACE,2153015,17/06/01,Sun,1415,DA,VW1,332A ,F,E,W,O ,L , ,N,C,50,0,0,0,,,1750818,5432089,-41.24854696,174.8000245
Wellington City,CECIL ROAD,20,E, ,EUSTON ROAD,2153758,11/08/01,Sat,2300,EA,CN1C,101A ,M,M,D,DO,F , ,N,N,50,0,0,0,,,1748149,5430083,-41.26710157,174.7686718
Wellington City,CECIL ROAD,30,S, ,WADESTOWN ROAD,2154328,12/08/01,Sun,40,BC,CS1C,111A ,,E,W,B ,F , ,N,N,50,0,0,0,,,1748649,5430642,-41.26197677,174.774502
Wellington City,CECIL ROAD,40,S, ,WADESTOWN ROAD,2154217,20/09/01,Thu,1815,BB,CS1C,123A ,,S,D,TO,F , ,N,C,50,0,0,0,,,1748639,5430639,-41.26200562,174.7743834
Wellington City,CENTENNIAL NBD,, ,I,JARDEN MILE,2153900,25/08/01,Sat,1911,DA,CN1,133A ,CI,M,D,DO,F ,M,T,R,100,0,0,0,,,1751936,5432198,-41.24735626,174.8133344
Wellington City,CHAMBERLAIN ROAD,100,N, ,DARWIN ST,2112275,14/07/01,Sat,105,DA,CN1C,103A 111A ,FM,M,D,DO,F , ,N,C,50,0,0,1,,,1745259,5428386,-41.28290558,174.7345895
Wellington City,CHARLOTTE AVENUE,50,N, ,TODMAN ST,2154877,20/10/01,Sat,1732,BA,CS1C,129A 386A 818 ,,R,D,O ,F , ,N,N,50,0,0,0,,,1747502,5425824,-41.30556596,174.7619827
Wellington City,CHAYTOR ST,130,S, ,KARORI ROAD,2155510,13/11/01,Tue,2210,BC,CN1C,121A ,,M,W,DO,L , ,N,C,50,0,0,0,,,1746749,5428506,-41.28155574,174.7523452
Wellington City,CHAYTOR ST,, ,I,NORTHLAND TUNNEL ROAD,2152605,5/06/01,Tue,1335,HA,VN1V,301B 377B ,,E,D,O ,F ,X,S,C,50,0,0,0,,,1746934,5427912,-41.28687021,174.7546967
Wellington City,CHESTER ROAD,60,W, ,FRANKLYN ROAD,2156321,18/12/01,Tue,1630,BB,VN1C,123A ,,S,W,O ,L , ,N,N,50,0,0,0,,,1752702,5441198,-41.16618175,174.8202244
Wellington City,CHESTERTON ST,15,W, ,CHAPMAN ST,2154160,12/09/01,Wed,1530,BC,CW1V,129A 197A ,,M,D,B ,F , ,N,C,50,0,0,0,,,1751916,5434437,-41.22720152,174.8125387
Wellington City,CHILDERS TERRACE,20,S, ,RONGOTAI ROAD,2155050,10/09/01,Mon,1800,BC,CS1C,120A 927 ,,E,D,DO,F ,D,N,C,50,0,0,0,,,1750110,5424412,-41.31779766,174.7934705
Wellington City,CHURCHILL DRIVE,, ,I,BLACKBRIDGE ROAD,2152374,20/05/01,Sun,1205,JA,CS1C,302B 834 ,,E,D,B ,F ,T,G,R,50,0,0,0,,,1747702,5430570,-41.26279868,174.7632197
Wellington City,CHURCHILL DRIVE,, ,I,BLACKBRIDGE ROAD,2151536,12/03/01,Mon,855,JA,CS1C,110A 302B ,,E,D,B ,F ,T,G,R,50,0,0,0,,,1747702,5430570,-41.26279868,174.7632197
Wellington City,CLERMONT TERRACE,, ,A,EVERTON TERRACE,2112917,22/10/01,Mon,1430,PF,XN1C,420A ,MP,R,D,B ,F ,T,N,N,50,0,0,1,,,1748280,5428213,-41.28391407,174.7706901
Wellington City,CLEVELAND ST,50,S, ,OHIRO ROAD,2152383,6/05/01,Sun,1705,MA,CS1V,386A ,,R,W,O ,L , ,N,C,50,0,0,0,,,1747662,5425859,-41.30522157,174.7638846
Wellington City,CLIFTON TERRACE,, ,I,EVERTON TERRACE,2152342,28/05/01,Mon,800,LB,VS1C,303B ,,R,D,B ,F ,X,T,N,50,0,0,0,,,1748429,5428077,-41.28511117,174.7725017
Wellington City,CLYDE ST,160,S, ,DEE ST,2156462,12/12/01,Wed,1323,QD,TS1CC,610A ,FM,R,D,B ,F , ,N,N,50,0,0,0,,,1748555,5423016,-41.33065434,174.7752416
Wellington City,CLYDE ST,100,S, ,HUMBER ST,2112426,13/09/01,Thu,1640,NB,CN1E,713B ,,R,D,B ,F , ,N,C,50,0,0,1,3,,1748351,5422000,-41.33983935,174.773053
Wellington City,COBAR CLOSE,40,S, ,KAIKOURA ST,2156444,5/12/01,Wed,2204,EA,CE1C,103A 129A ,M,R,D,DO,F , ,N,C,50,0,0,0,,,1752155,5425725,-41.30559322,174.8175634
Wellington City,COBHAM DRIVE,100,N, ,CALABAR ROAD,2155240,22/10/01,Mon,1645,FB,CS1CC,181A 353A ,,R,D,B ,F , ,N,R,70,0,0,0,,,1751507,5424609,-41.31576279,174.8101044
Wellington City,COBHAM DRIVE,100,S, ,MIRAMAR AVENUE,2150291,9/01/01,Tue,1950,MC,CN1C,303B ,,R,D,B ,F , ,N,P,50,0,0,0,,,1751562,5424700,-41.31493316,174.8107385
Wellington City,COCKAYNE ROAD,30,W, ,BANKOT CRESCENT,2111661,30/03/01,Fri,2105,PF,VN1VE,358A ,Q,E,D,DO,F , ,N,C,50,0,0,1,18,,1749397,5431730,-41.25204306,174.7831606
Wellington City,COCKAYNE ROAD,, ,I,CLUTHA AVENUE,2150143,13/01/01,Sat,1420,JA,CS1C,301B ,,R,D,B ,F ,T,S,P,50,0,0,0,,,1749723,5432137,-41.24831833,174.78695
Wellington City,COCKAYNE ROAD,, ,I,KHANDALLAH ROAD,2151889,19/04/01,Thu,25,DA,CN1,101A 111A ,H,M,D,DO,F ,Y,S,L,50,0,0,0,,,1749732,5432189,-41.24784848,174.7870446
Wellington City,COLCHESTER CRESCENT,280,S, ,PIMLICO PLACE,2151213,27/02/01,Tue,1835,BB,CN1C,123A ,,M,D,B ,F , ,N,N,50,0,0,0,,,1753251,5435127,-41.22073747,174.828286