TLA NAME,CRASH ROAD,CRASH DIST,CRASH DIRN,INTSN,SIDE ROAD,CRASH ID,CRASH DATE,CRASH DOW,CRASH TIME,MVMT,VEHICLES,CAUSES,OBJECTS STRUCK,ROAD CURVE,ROAD WET,LIGHT,WTHRa,JUNC TYPE,TRAF CTRL,ROAD MARK,SPD LIM,CRASH FATAL CNT,CRASH SEV CNT,CRASH MIN CNT,PERS AGE1,PERS AGE2,EASTING,NORTHING,latitude,longitude
Wellington City,COLLEGE ST,15,E, ,TORY ST,2150401,18/01/01,Thu,1500,EE,CE1C,129A 374A ,Q,R,D,B ,F , ,N,N,50,0,0,0,,,1749028,5426863,-41.29593099,174.7799487
Wellington City,COLLIER AVENUE,200,W, ,RICHMOND AVENUE,2153553,25/07/01,Wed,830,EC,VE1,370A 902 ,X,S,D,B ,F , ,N,N,50,0,0,0,,,1744676,5427831,-41.2880073,174.7277625
Wellington City,COLLINS AVENUE,, ,I,COATES ST,2112505,20/08/01,Mon,1150,NA,CE1E,306A 383A ,,E,D,O ,F ,T,S,X,50,0,0,1,85,,1753939,5442082,-41.15798887,174.8347403
Wellington City,COLLINS AVENUE,, ,I,FINDLAY ST,2151136,24/03/01,Sat,1159,GD,CW1C,331A ,,R,D,B ,F ,X,G,C,50,0,0,0,,,1753687,5442175,-41.15719935,174.831715
Wellington City,COLLINS AVENUE,300,E, ,HINAU ST,2151219,2/04/01,Mon,1505,FA,CS1C,331A ,,E,W,O ,L , ,N,C,50,0,0,0,,,1754082,5442011,-41.15860095,174.8364617
Wellington City,COLOMBO ST,20,N, ,RINTOUL ST,2152087,31/03/01,Sat,1726,MO,CE1C,103A 371A ,,R,D,TF,F , ,N,C,50,0,0,0,,,1748886,5425034,-41.31242444,174.778701
Wellington City,CONSTABLE ST,10,W, ,COROMANDEL ST,2111706,1/04/01,Sun,1730,NA,CW1E,306A ,,R,D,B ,F ,X,G,X,50,0,0,1,7,,1749527,5424996,-41.312648,174.7863646
Wellington City,CONSTABLE ST,30,W, ,COROMANDEL ST,2111707,18/01/01,Thu,2244,EA,CE1CCC,103A ,M,R,D,DO,F , ,N,C,50,0,0,1,,,1749507,5424996,-41.31265171,174.7861258
Wellington City,CONSTABLE ST,50,W, ,COROMANDEL ST,2112908,26/10/01,Fri,1530,AA,TE1S,381A ,,R,D,O ,F , ,N,C,50,0,0,1,,39,1749488,5424992,-41.31269124,174.7858999
Wellington City,CONSTABLE ST,, ,I,COROMANDEL ST,2154311,31/08/01,Fri,1540,LB,CE1CV,303B 375B ,,R,D,B ,F ,X,S,C,50,0,0,0,,,1749537,5424997,-41.31263714,174.7864838
Wellington City,CONSTABLE ST,50,E, ,DANIELL ST,2155057,10/10/01,Wed,1748,FD,CW1C,181A ,,R,W,O ,L , ,N,C,50,0,0,0,,,1749242,5424939,-41.31321398,174.7829754
Wellington City,CONSTABLE ST,20,W, ,DANIELL ST,2154878,20/10/01,Sat,1900,JA,CW1C,308A 377B 923 ,,R,W,TF,L ,D,N,C,50,0,0,0,,,1749173,5424924,-41.31336179,174.7821551
Wellington City,CONSTABLE ST,, ,I,DANIELL ST,2152557,31/05/01,Thu,2055,LB,CE1C,303B ,,R,D,DO,F ,X,T,C,50,0,0,0,,,1749193,5424928,-41.31332208,174.7823929
Wellington City,CONSTABLE ST,10,W, ,OWEN ST,2112045,18/06/01,Mon,1800,NA,CE1E,358A 645A ,,R,W,DO,L ,X,S,X,50,0,0,1,53,,1749365,5424965,-41.31295712,174.7844378
Wellington City,CONSTABLE ST,10,W, ,OWEN ST,2112155,25/07/01,Wed,830,NA,CW1E,717B ,,R,D,B ,F ,X,S,X,50,0,0,1,7,,1749355,5424963,-41.31297698,174.7843188
Wellington City,CONSTABLE ST,, ,I,OWEN ST,2155744,18/11/01,Sun,1230,HA,CE1CC,301B 375B ,,R,D,B ,FS,X,S,C,50,0,0,0,,,1749365,5424965,-41.31295712,174.7844378
Wellington City,CORTINA AVENUE,100,N, ,BRODERICK ROAD,2112158,11/05/01,Fri,740,BC,CN1C,121A 378A 839 ,,S,W,O ,F , ,N,C,50,0,0,1,,,1750731,5434904,-41.22321855,174.7982917
Wellington City,COURTENAY PLACE,10,W, ,ALLEN ST,2111787,9/05/01,Wed,1210,NA,BW1E,713B 714B 720B 839 ,,R,W,O ,L ,T,N,X,50,0,0,1,39,,1749200,5427111,-41.29366637,174.7819412
Wellington City,COURTENAY PLACE,15,W, ,ALLEN ST,2152564,1/06/01,Fri,2230,KA,CW1X,303B 930 ,,R,D,DO,F ,D,N,R,50,0,0,0,,,1749195,5427113,-41.29364929,174.7818811
Wellington City,COURTENAY PLACE,, ,I,ALLEN ST,2111683,4/04/01,Wed,1840,NA,CE1E,161A 306A 377A ,,R,D,DO,F ,T,N,X,50,0,0,1,23,,1749209,5427107,-41.29370072,174.7820497
Wellington City,COURTENAY PLACE,10,E, ,BLAIR ST,2152081,2/05/01,Wed,2144,AC,CE1C,372A ,,R,D,DO,F ,T,N,N,50,0,0,0,,,1749291,5427090,-41.29383861,174.7830327
Wellington City,COURTENAY PLACE,, ,I,BLAIR ST,2150604,8/02/01,Thu,2230,GB,CE1X,124A ,,R,D,DO,F ,T,N,R,50,0,0,0,,,1749281,5427092,-41.29382246,174.7829129
Wellington City,COURTENAY PLACE,20,W, ,CAMBRIDGE TERRACE,2154456,8/09/01,Sat,2315,MD,CW1V,371B 926 ,,R,D,DO,F ,T,N,R,50,0,0,0,,,1749318,5427053,-41.29416675,174.7833641
Wellington City,COURTENAY PLACE,, ,I,CAMBRIDGE TERRACE,2150120,19/01/01,Fri,2345,FE,CE1C,331A ,,R,D,DO,F ,X,T,R,50,0,0,0,,,1749351,5427078,-41.29393556,174.7837519
Wellington City,COURTENAY PLACE,, ,I,CAMBRIDGE TERRACE,2152095,21/04/01,Sat,550,FE,ME1V,102A 331A ,,R,W,DO,L ,X,T,C,50,0,0,0,,,1749351,5427078,-41.29393556,174.7837519
Wellington City,COURTENAY PLACE,, ,I,COURTENAY SLIP,2111696,30/03/01,Fri,1125,JA,CW1S,201B 204B 312B ,,R,D,B ,F ,Y,N,R,50,0,0,1,,26,1749037,5427182,-41.29305724,174.779978
Wellington City,COURTENAY PLACE,80,E, ,TARANAKI ST,2112109,21/07/01,Sat,2338,NB,CW1E,102A 306A 713B 801 ,,R,W,DO,H , ,N,X,50,0,0,1,18,,1749013,5427200,-41.29289961,174.7796871
Wellington City,COURTENAY PLACE,30,E, ,TORY ST,2153754,11/08/01,Sat,2243,FD,CW1C,181A 331A 191B ,,R,W,DO,L , ,N,C,50,0,0,0,,,1749163,5427127,-41.29352915,174.7814956
Wellington City,COURTENAY PLACE,, ,I,TORY ST,2151729,31/03/01,Sat,1315,EO,BE1,386A ,H,R,D,B ,F ,X,T,R,50,0,0,0,,,1749136,5427139,-41.2934261,174.7811704
Wellington City,COUTTS ST,, ,I,MAHORA ST,2154951,26/10/01,Fri,1815,JA,CE1C,302B ,,R,W,O ,L ,T,G,C,50,0,0,0,,,1750381,5424122,-41.32035813,174.7967785
Wellington City,COUTTS ST,, ,I,MAHORA ST,2153904,10/08/01,Fri,1640,LB,CE1C,303A ,,R,D,O ,F ,T,N,C,50,0,0,0,,,1750381,5424122,-41.32035813,174.7967785
Wellington City,COUTTS ST,20,E, ,ONEPU ROAD,2151203,6/03/01,Tue,940,BC,CW1C,372A ,,R,D,B ,F , ,N,C,50,0,0,0,,,1750305,5424143,-41.32018323,174.7958657
Wellington City,COUTTS ST,, ,I,ROSS ST,2152208,27/05/01,Sun,1105,HA,CW1C,302A ,,R,D,B ,F ,X,G,C,50,0,0,0,,,1750478,5424094,-41.32059213,174.7979439
Wellington City,CRAWFORD ROAD,200,E, ,DUNCAN TERRACE,2156361,20/10/01,Sat,1444,EA,CN1C,129A ,M,E,W,O ,L , ,N,C,50,0,0,0,,,1750093,5424527,-41.31676544,174.7932391
Wellington City,CRAWFORD ROAD,60,S, ,DUNCAN TERRACE,2153629,10/07/01,Tue,825,EA,CN1C,129A 645A ,M,M,D,B ,F , ,N,C,50,0,0,0,,,1750000,5424631,-41.3158464,174.7921028
Wellington City,CRAWFORD ROAD,100,S, ,DUNCAN TERRACE,2156193,21/11/01,Wed,2345,DA,CS1C,136A 613A 801 ,M,M,W,DO,L , ,N,P,50,0,0,0,,,1750027,5424602,-41.31610247,174.7924324
Wellington City,CRAWFORD ROAD,15,W, ,DUNCAN TERRACE,2155491,13/11/01,Tue,840,FC,VN1C,191A 331A ,,M,W,O ,L , ,N,X,50,0,0,0,,,1749926,5424633,-41.31584215,174.7912187
Wellington City,CRAWFORD ROAD,300,W, ,DUNCAN TERRACE,2153847,18/08/01,Sat,755,DA,CS1C,135A 806 ,,M,D,O ,F , ,N,C,50,0,0,0,,,1749841,5424840,-41.31399425,174.7901526
Wellington City,CRAWFORD ROAD,200,S, ,WELLINGTON ROAD,2151610,27/03/01,Tue,845,BF,CS1V,111A ,,M,W,O ,LS, ,N,P,50,0,0,0,,,1749902,5424796,-41.31437907,174.7908919
Wellington City,CRAWFORD ROAD,, ,I,WELLINGTON ROAD,2155993,13/12/01,Thu,1820,LB,CS1C,145A 173A ,C,E,W,O ,L ,T,G,R,50,0,0,0,,,1749774,5424942,-41.31308836,174.7893274
Wellington City,CROYDON ST,200,S, ,VERSAILLES ST,2155058,9/10/01,Tue,805,BC,CN1CC,137A 806 ,M,M,W,O ,L , ,N,C,50,0,0,0,,,1746221,5427215,-41.29327516,174.7463532
Wellington City,CUBA ST,100,S, ,GHUZNEE ST,2112273,21/08/01,Tue,1800,NG,CS1E,371A ,,R,D,DO,F , ,N,C,50,0,0,1,23,,1748640,5427075,-41.29409381,174.7752649
Wellington City,CUBA ST,20,S, ,WAKEFIELD ST,2151731,28/03/01,Wed,1732,EE,CS1X,374B ,Q,R,D,OO,F , ,N,N,50,0,0,0,,,1748833,5427510,-41.29014175,174.7774625
Wellington City,CUBA ST,20,N, ,WEBB ST,2153872,15/08/01,Wed,1450,MA,CN1C,373B ,,R,W,O ,L , ,N,N,50,0,0,0,,,1748471,5426696,-41.29753723,174.7733398
Wellington City,CURTIS ST,10,N, ,WHITEHEAD ROAD,2151204,6/03/01,Tue,1640,EA,VN1C,370A 440B ,Q,M,D,B ,F ,T,G,C,50,0,0,0,,,1746913,5428687,-41.27989627,174.7542591
Wellington City,CUSTOMHOUSE QUAY,30,S, ,BRANDON ST,2111973,14/04/01,Sat,20,CB,CS1,103A 109A ,PS,R,D,DO,F , ,N,R,50,0,0,1,,,1748864,5428187,-41.2840407,174.7776671
Wellington City,CUSTOMHOUSE QUAY,, ,I,HUNTER ST,2156196,27/11/01,Tue,2010,HA,CE1C,322A ,,R,D,B ,F ,X,T,C,50,0,0,0,,,1748781,5428015,-41.2856046,174.7767184
Wellington City,CUSTOMHOUSE QUAY,, ,I,HUNTER ST,2150413,27/01/01,Sat,1820,HA,XE1X,322A ,,R,D,O ,F ,X,T,C,50,0,0,0,,,1748781,5428015,-41.2856046,174.7767184
Wellington City,CUSTOMHOUSE QUAY,, ,I,HUNTER ST,2152549,9/05/01,Wed,800,AA,XN1C,372A ,,R,W,O ,L ,X,T,C,50,0,0,0,,,1748781,5428015,-41.2856046,174.7767184
Wellington City,CUSTOMHOUSE QUAY,, ,I,JERVOIS QUAY,2113180,4/03/01,Sun,2040,CC,CS1,104A 108A 385A ,I,R,D,DO,F ,Y,N,P,50,0,1,1,,,1748869,5428191,-41.28400377,174.7777258
Wellington City,CUSTOMHOUSE QUAY,, ,I,JOHNSTON ST,2151211,2/03/01,Fri,710,FE,CN1T,353A 801 901 ,,R,W,DN,H ,T,T,C,50,0,0,0,,,1748906,5428279,-41.28320464,174.7781459
Wellington City,CUSTOMHOUSE QUAY,, ,I,JOHNSTON ST,2153894,29/08/01,Wed,1250,FE,CN1C,181A ,,R,D,O ,F ,T,T,R,50,0,0,0,,,1748906,5428279,-41.28320464,174.7781459
Wellington City,CUSTOMHOUSE QUAY,, ,I,LAMBTON QUAY,2112406,21/09/01,Fri,1715,NA,BS1E,523A 720B ,,R,D,TF,F ,X,T,C,50,0,0,2,26,,1748740,5427923,-41.28644047,174.7762515
Wellington City,CUSTOMHOUSE QUAY,20,S, ,WARING TAYLOR ST,2151623,18/04/01,Wed,1245,FD,XN1CC,181A 191A 181B 191B 191C ,,R,D,O ,F ,M,T,R,50,0,0,0,,,1748926,5428324,-41.2827958,174.7783736
Wellington City,DANIELL ST,20,N, ,DONALD MCLEAN ST,2156384,12/12/01,Wed,1945,EA,CS1C,101A ,M,R,D,TF,F ,T,N,C,50,0,0,0,,,1749231,5424743,-41.31498067,174.7828921
Wellington City,DANIELL ST,50,S, ,RHODES ST,2154723,6/10/01,Sat,230,EA,VN1CCC,101A 110A ,M,R,D,DO,F , ,N,C,50,0,0,0,,,1749272,5424549,-41.31671974,174.7834293
Wellington City,DANIELL ST,, ,I,RHODES ST,2111585,12/04/01,Thu,1844,MB,SS1C,602A 382B ,,R,D,DO,F ,T,N,C,50,0,0,1,,13,1749261,5424598,-41.31628061,174.783286
Wellington City,DANIELL ST,, ,I,WILSON ST,2154942,13/11/01,Tue,1448,JA,CN1C,302B 377B 839 ,,R,W,O ,L ,X,G,C,50,0,0,0,,,1749178,5425002,-41.3126586,174.7821957
Wellington City,DARLINGTON ROAD,15,S, ,CAMPERDOWN ROAD,2151726,30/03/01,Fri,1645,MC,CN1C,372B ,,R,D,B ,F , ,N,C,50,0,0,0,,,1752845,5425555,-41.30699335,174.8258445
Wellington City,DARLINGTON ROAD,, ,I,CAMPERDOWN ROAD,2155488,15/11/01,Thu,1042,HA,CS1V,,,R,D,O ,F ,X,G,C,50,0,0,0,,,1752850,5425570,-41.30685735,174.8259004
Wellington City,DARLINGTON ROAD,, ,I,CAMPERDOWN ROAD,2156310,23/11/01,Fri,2025,HA,CE2C,302A 352A ,,R,W,DO,L ,X,G,C,50,0,0,0,,,1752850,5425570,-41.30685735,174.8259004
Wellington City,DEVON ST,280,N, ,ARO ST,2155278,3/10/01,Wed,1320,BD,CE1C,121A 129A 123B 129B 818 ,,S,D,B ,F , ,N,N,50,0,0,0,,,1747911,5427185,-41.29323735,174.7665354
Wellington City,DEVONSHIRE ROAD,30,E, ,HOBART ST,2151207,4/03/01,Sun,1500,GB,CE1CC,929,M,R,D,B ,F ,D,N,C,50,0,0,0,,,1751790,5423959,-41.32156167,174.8136462
Wellington City,DEVONSHIRE ROAD,, ,I,HOBART ST,2154090,17/09/01,Mon,928,HA,CN1C,301A ,H,R,D,O ,F ,X,S,C,50,0,0,0,,,1751760,5423957,-41.32158532,174.8132884
Wellington City,DIXON ST,80,E, ,CUBA ST,2111938,14/04/01,Sat,1400,NA,CW1E,371A 712B ,,R,D,O ,F , ,N,C,50,0,0,1,43,,1748830,5427300,-41.29203303,174.7774781
Wellington City,DIXON ST,, ,A,CUBA ST,2155903,1/11/01,Thu,1820,AA,BW1C,372A ,,R,D,B ,F , ,T,C,50,0,0,0,,,1748757,5427333,-41.29174937,174.7765985
Wellington City,DIXON ST,, ,I,EGMONT ST,2112921,31/10/01,Wed,1020,NO,VE1E,110A 371A ,,R,W,OF,L ,T,N,C,50,0,0,1,30,,1748874,5427281,-41.29219598,174.7780079
Wellington City,DIXON ST,100,W, ,TARANAKI ST,2112361,27/08/01,Mon,530,NG,CE1E,377A 719B ,,R,D,B ,F , ,N,C,50,0,0,1,22,,1748857,5427288,-41.29213609,174.7778033
Wellington City,DIXON ST,15,E, ,VICTORIA ST,2154378,28/07/01,Sat,2255,FE,CW1CC,181A 331A ,,R,D,DO,F , ,N,C,50,0,0,0,,,1748656,5427379,-41.29135382,174.7753816
Wellington City,DIXON ST,70,E, ,VICTORIA ST,2112961,6/12/01,Thu,226,NB,CW1E,105B 711B ,,R,W,DO,F , ,N,N,50,0,1,0,29,,1748706,5427356,-41.29155169,174.7759841
Wellington City,DIXON ST,20,E, ,WILLIS ST,2152813,17/06/01,Sun,1130,EE,CW1C,374B ,Q,R,W,O ,L ,T,S,C,50,0,0,0,,,1748538,5427431,-41.29090736,174.7739603
Wellington City,DIXON ST,, ,I,WILLIS ST,2150064,1/01/01,Mon,430,EA,CW1CCC,103A 129A ,M,R,D,DO,F ,X,S,C,50,0,0,0,,,1748520,5427439,-41.29083864,174.7737435
Wellington City,DIXON ST,, ,I,WILLIS ST,2153025,21/06/01,Thu,1415,HA,CW1C,301A ,C,R,D,B ,F ,X,S,C,50,0,0,0,,,1748520,5427439,-41.29083864,174.7737435
Wellington City,DOCTOR TAYLOR TERRACE,, ,I,WANAKA ST,2154213,4/09/01,Tue,1230,BD,CS1C,122A 112B 818 ,,R,D,O ,F ,T,N,C,50,0,0,0,,,1751167,5434922,-41.22297516,174.8034865
Wellington City,DUNCAN ST,30,S, ,MCLELLAN ST,2112225,23/08/01,Thu,1535,NB,CN1E,711B ,,R,D,O ,L , ,N,C,50,0,1,0,13,,1753636,5441539,-41.16293516,174.8312669
Wellington City,DUNCAN ST,300,S, ,MCLELLAN ST,2151657,11/05/01,Fri,850,ME,CS1C,331A ,,R,W,O ,F , ,N,C,50,0,0,0,,,1753527,5441293,-41.16517063,174.8300299
Wellington City,DUNCAN ST,, ,I,MCLELLAN ST,2153446,28/07/01,Sat,1103,HA,VN1V,302A 302B ,I,R,D,O ,F ,X,G,R,50,0,0,0,,,1753645,5441567,-41.16268136,174.8313671
Wellington City,DUNDAS ST,, ,I,INGLIS ST,2151529,11/03/01,Sun,1507,HA,CE1B,302B ,,R,D,B ,F ,X,G,R,50,0,0,0,,,1753373,5423765,-41.32300874,174.8326002
Wellington City,DUTHIE ST,15,S, ,PLYMOUTH ST,2111665,8/04/01,Sun,1745,EA,CN1C,129A 331A ,Q,R,D,O ,F , ,N,N,50,0,0,1,,,1746338,5427853,-41.28750967,174.7475965
Wellington City,EDGEWARE ROAD,50,S, ,EUSTON ROAD,2152305,17/05/01,Thu,2200,DA,VS1C,132A ,M,E,D,DO,F , ,N,N,50,0,0,0,,,1747912,5429964,-41.26821641,174.7658725
Wellington City,ELIZABETH ST,, ,I,MONCRIEFF ST,2111756,29/03/01,Thu,1645,GC,CW1S,204B 312B ,,R,D,B ,F ,T,N,X,50,0,0,1,,8,1749424,5426819,-41.29625392,174.784687
Wellington City,ELLICE ST,20,W, ,AUSTIN ST,2153753,13/08/01,Mon,1540,AA,CW1B,372A ,,R,D,B ,F , ,N,C,50,0,0,0,,,1749477,5426286,-41.30104292,174.7854506
Wellington City,ENDEAVOUR ST,, ,I,ROSS ST,2111545,19/03/01,Mon,702,JA,CE1C,309B ,,R,D,B ,F ,T,N,C,50,0,0,1,,,1750378,5423786,-41.3233838,174.7968258
Wellington City,EVANS BAY PARADE,, ,I,BELVEDERE ROAD,2154163,22/08/01,Wed,1810,GB,TN1V,158A 387A 122B ,,M,D,DO,F ,Y,S,C,50,0,0,0,,,1750556,5425521,-41.30772986,174.7985221
Wellington City,EVANS BAY PARADE,, ,I,BELVEDERE ROAD,2156181,21/12/01,Fri,1750,GB,XN1C,122A 387A ,,R,D,B ,F ,Y,S,C,50,0,0,0,,,1750556,5425521,-41.30772986,174.7985221
Wellington City,EVANS BAY PARADE,270,N, ,COBHAM DRIVE,2150406,28/01/01,Sun,455,DA,CS1,103A 111A ,K,E,D,DO,F , ,N,C,50,0,0,0,,,1750484,5425199,-41.31064236,174.7977421
Wellington City,EVANS BAY PARADE,, ,I,KEMP ST,2151214,9/03/01,Fri,2310,JA,VS1C,309A ,,R,D,DO,F ,T,N,C,50,0,0,0,,,1750280,5424668,-41.31546115,174.7954374
Wellington City,EVANS BAY PARADE,, ,I,KEMP ST,2153554,24/07/01,Tue,1810,EA,CS1C,410A ,M,R,D,DO,F ,T,N,C,50,0,0,0,,,1750280,5424668,-41.31546115,174.7954374
Wellington City,EVANS BAY PARADE,300,S, ,MAIDA VALE ROAD,2156116,19/12/01,Wed,1245,FD,CN1C,191A 825 ,,M,W,O ,LS, ,N,C,50,0,0,0,,,1751070,5426906,-41.29516422,174.8043155
Wellington City,EVANS BAY PARADE,20,E, ,ORIENTAL PARADE,2155508,16/11/01,Fri,1826,DB,CN1,501A ,F,S,D,TF,F , ,N,C,50,0,0,0,,,1751036,5427922,-41.28602322,174.8036576
Wellington City,EVANS BAY PARADE,50,E, ,ORIENTAL PARADE,2151869,6/05/01,Sun,856,DA,CS1,111A 801 ,F,S,W,B ,F , ,N,C,50,0,0,0,,,1751057,5427904,-41.28618135,174.8039127
Wellington City,EVANS BAY PARADE,, ,A,PT JERNINGHAM,2150892,23/02/01,Fri,1120,DB,CN1,111A 132A 631A ,F,S,D,O ,F , ,N,C,50,0,0,0,,,1751016,5427925,-41.28599995,174.8034182
Wellington City,EVANS BAY PARADE,250,N, ,RATA ROAD,2155896,4/11/01,Sun,1045,GD,CS1C,331A 926 ,,R,W,O ,LS,D,N,C,50,0,0,0,,,1750891,5425889,-41.30435406,174.8024308
Wellington City,EVANS BAY PARADE,400,S, ,RATA ROAD,2150662,12/02/01,Mon,830,FA,CW1CC,331A ,,M,D,O ,F , ,N,C,50,0,0,0,,,1750520,5425478,-41.30812372,174.7981029
Wellington City,EVESHAM PLACE,150,S, ,CHELTENHAM TERRACE,2154454,14/09/01,Fri,725,BB,CE1C,123A 363A 902 ,,E,D,B ,F , ,N,N,50,0,0,0,,,1751896,5434120,-41.23005934,174.812379
Wellington City,FALLOWFIELD AVENUE,15,E, ,ROXBURGH ST,2152819,18/06/01,Mon,1630,EE,CE1C,,Q,R,W,O ,L , ,N,N,50,0,0,0,,,1749490,5427066,-41.29401786,174.7854142
Wellington City,FARM ROAD,50,W, ,NORTHLAND ROAD,2156154,7/12/01,Fri,1915,MO,CW1C,386A ,M,E,D,O ,F , ,N,P,50,0,0,0,,,1747118,5428336,-41.2830192,174.7567906
Wellington City,FARNHAM ST,50,S, ,HAVELOCK ST,2150636,30/01/01,Tue,1040,QD,CS1,428A ,P,E,D,B ,F , ,N,C,50,0,0,0,,,1747791,5424392,-41.31840603,174.7657813
Wellington City,FARNHAM ST,20,E, ,THE RIDGEWAY,2153014,4/07/01,Wed,905,BF,CE1C,135A 802 ,,M,I,B ,FF, ,N,C,50,0,0,0,,,1747669,5424435,-41.31804123,174.7643139
Wellington City,FEATHERSTON ST,, ,I,BALLANCE ST,2153892,6/09/01,Thu,1043,LB,CS2C,302A 817 ,,E,D,O ,F ,X,G,X,50,0,0,0,,,1748888,5428443,-41.2817314,174.777891
Wellington City,FEATHERSTON ST,20,N, ,HUNTER ST,2152567,14/06/01,Thu,1445,AA,CS1C,381A ,,E,D,O ,F ,T,T,N,50,0,0,0,,,1748717,5428067,-41.28514821,174.7759418
Wellington City,FEATHERSTON ST,, ,I,PANAMA ST,2112958,18/12/01,Tue,621,HA,CS1C,112A 322A 411A ,JS,R,D,TF,F ,X,T,C,50,0,0,3,,,1748770,5428185,-41.28407604,174.7765456
Wellington City,FEATHERSTON ST,, ,I,PANAMA ST,2150404,18/01/01,Thu,1020,HA,VS1C,322A ,,R,D,B ,F ,X,T,C,50,0,0,0,,,1748770,5428185,-41.28407604,174.7765456
Wellington City,FEATHERSTON ST,30,N, ,WHITMORE ST,2156204,8/12/01,Sat,1000,ME,CS1C,170B 671B ,,R,D,O ,F , ,N,C,50,0,0,0,,,1748937,5428549,-41.28076799,174.7784499
Wellington City,FEATHERSTON ST,, ,I,WHITMORE ST,2111600,21/01/01,Sun,735,HA,CW2V,322A ,,R,D,O ,F ,X,T,R,50,0,0,2,,,1748923,5428522,-41.28101367,174.7782894
Wellington City,FEATHERSTON ST,, ,I,WHITMORE ST,2151532,25/03/01,Sun,2119,HA,CW2C,324A ,,R,D,DO,F ,X,T,C,50,0,0,0,,,1748923,5428522,-41.28101367,174.7782894
Wellington City,FINNIMORE TERRACE,20,S, ,HUTCHISON ROAD,2155052,13/10/01,Sat,1610,BC,CN1C,352A ,,M,D,B ,F , ,N,C,50,0,0,0,,,1748313,5425103,-41.31190877,174.7718418
Wellington City,FITZPATRICK ST,100,N, ,RUSKIN ROAD,2111765,2/06/01,Sat,1050,DB,CN1C,501A ,FMT,E,D,B ,F , ,N,N,50,0,0,1,,,1752234,5434735,-41.22445875,174.8162567
Wellington City,FOX ST,50,N, ,AWARUA ST,2153013,5/07/01,Thu,950,DB,CS1C,135A 135B 802 ,C,S,I,B ,FF, ,N,C,50,0,0,0,,,1748549,5432586,-41.24449232,174.7728354
Wellington City,FRASER AVENUE,300,N, ,BURMA ROAD,2111099,4/02/01,Sun,6,DA,CS1,103A 111A ,FP,M,D,DO,F , ,N,C,50,0,0,1,,,1750856,5433585,-41.23507078,174.8001081
Wellington City,FRASER AVENUE,30,N, ,HAUMIA ST,2112344,6/07/01,Fri,2345,DA,CN1,103A ,P,M,D,DO,F , ,N,C,50,0,1,1,,,1751193,5434051,-41.23081227,174.8040121
Wellington City,FRASER AVENUE,10,N, ,POLLEN ST,2150972,21/02/01,Wed,1850,GB,CE1C,181A 929 ,,R,D,B ,F ,D,N,C,50,0,0,0,,,1751370,5434271,-41.22879842,174.8060685
Wellington City,GARDEN ROAD,100,N, ,GLENMORE ST,2111664,30/03/01,Fri,1700,BB,CE1C,104A 123A ,,S,D,O ,F , ,N,N,50,0,1,0,,,1747715,5428492,-41.28150565,174.7638785
Wellington City,GARRETT ST,30,E, ,CUBA ST,2111339,10/03/01,Sat,1320,PE,CS1ECE,103A 371A 423A 927 ,Q,R,W,O ,L ,D,N,C,50,0,0,2,4,,1748627,5427119,-41.29370005,174.7750989
Wellington City,GHUZNEE ST,5,E, ,CUBA ST,2112684,14/10/01,Sun,107,NA,CE1E,105B 713B ,,R,D,DO,F ,T,T,C,50,0,0,1,47,,1748686,5427164,-41.29328403,174.7757923
Wellington City,GHUZNEE ST,15,E, ,CUBA ST,2152298,8/05/01,Tue,1610,FD,CE1V,181A ,,R,D,O ,F , ,N,C,50,0,0,0,,,1748695,5427160,-41.29331839,174.7759007
Wellington City,GHUZNEE ST,20,E, ,CUBA ST,2155079,7/11/01,Wed,730,FD,CE1V,181A 331A 412A ,,R,D,B ,F , ,N,C,50,0,0,0,,,1748699,5427158,-41.29333566,174.7759489
Wellington City,GHUZNEE ST,30,W, ,CUBA ST,2156153,23/12/01,Sun,1840,NB,CE1E,712B 713B ,,R,D,O ,M , ,N,C,50,0,0,0,7,,1748654,5427178,-41.29316388,174.7754068
Wellington City,GHUZNEE ST,30,W, ,CUBA ST,2152344,4/06/01,Mon,1405,AA,CE1CC,197A 331A ,M,R,D,B ,F , ,N,C,50,0,0,0,,,1748654,5427178,-41.29316388,174.7754068
Wellington City,GHUZNEE ST,80,W, ,CUBA ST,2151660,24/03/01,Sat,1045,AC,CE1C,177A ,,R,D,O ,F , ,N,C,50,0,0,0,,,1748608,5427198,-41.29299228,174.7748528
Wellington City,GHUZNEE ST,, ,I,CUBA ST,2155509,23/11/01,Fri,1536,DA,CN2,137A 331A ,P,R,W,O ,L ,T,T,C,50,0,0,0,,,1748681,5427166,-41.29326695,174.7757321
Wellington City,GHUZNEE ST,, ,I,CUBA ST,2112919,31/10/01,Wed,2200,NB,XE1E,713B ,,R,W,DO,L ,T,T,C,50,0,0,1,20,,1748681,5427166,-41.29326695,174.7757321
Wellington City,GHUZNEE ST,, ,I,EGMONT ST,2154882,15/09/01,Sat,1430,KA,CE1C,108B 309B ,,R,D,B ,F ,T,N,C,50,0,0,0,,,1748799,5427110,-41.2937494,174.7771544
Wellington City,GHUZNEE ST,, ,I,LEEDS ST,2112046,5/06/01,Tue,1025,NA,SE1EC,711B 181C ,,R,D,B ,F ,T,N,C,50,0,0,2,35,28,1748755,5427133,-41.29355043,174.7766235
Wellington City,GHUZNEE ST,, ,I,LEEDS ST,2156249,2/12/01,Sun,1130,GA,CE1C,333A ,,R,D,B ,F ,T,N,C,50,0,0,0,,,1748755,5427133,-41.29355043,174.7766235