TLA NAME,CRASH ROAD,CRASH DIST,CRASH DIRN,INTSN,SIDE ROAD,CRASH ID,CRASH DATE,CRASH DOW,CRASH TIME,MVMT,VEHICLES,CAUSES,OBJECTS STRUCK,ROAD CURVE,ROAD WET,LIGHT,WTHRa,JUNC TYPE,TRAF CTRL,ROAD MARK,SPD LIM,CRASH FATAL CNT,CRASH SEV CNT,CRASH MIN CNT,PERS AGE1,PERS AGE2,EASTING,NORTHING,latitude,longitude
Wellington City,GHUZNEE ST,5,E, ,MARION ST,2155073,15/10/01,Mon,1045,MA,XE1C,176A 373A ,,R,D,O ,F ,T,G,C,50,0,0,0,,,1748773,5427124,-41.29362814,174.7768406
Wellington City,GHUZNEE ST,, ,I,MARION ST,2152812,3/07/01,Tue,2300,GE,CE1C,157A 387A ,,R,D,TO,F ,T,G,N,50,0,0,0,,,1748769,5427126,-41.29361087,174.7767924
Wellington City,GHUZNEE ST,, ,I,MARION ST,2151208,20/01/01,Sat,1340,GE,VE1C,,,R,D,B ,F ,T,G,C,50,0,0,0,,,1748769,5427126,-41.29361087,174.7767924
Wellington City,GHUZNEE ST,15,W, ,TARANAKI ST,2151528,15/03/01,Thu,1220,AC,CE1C,372A ,,R,D,B ,F ,T,T,C,50,0,0,0,,,1748852,5427086,-41.29395571,174.777793
Wellington City,GHUZNEE ST,, ,I,TARANAKI ST,2150288,12/01/01,Fri,1904,GF,VN1X,176A 355A 404A ,,R,D,B ,F ,T,T,C,50,0,0,0,,,1748866,5427080,-41.29400714,174.7779616
Wellington City,GHUZNEE ST,, ,I,TARANAKI ST,2156206,6/12/01,Thu,1445,AA,VE1C,372A ,,R,D,O ,F ,T,T,R,50,0,0,0,,,1748866,5427080,-41.29400714,174.7779616
Wellington City,GHUZNEE ST,, ,I,TARANAKI ST,2156408,8/12/01,Sat,600,GF,CE1C,372A ,,R,D,TF,F ,T,T,C,50,0,0,0,,,1748866,5427080,-41.29400714,174.7779616
Wellington City,GHUZNEE ST,, ,I,TARANAKI ST,2154722,3/10/01,Wed,20,JA,CN2V,322A 350A ,,R,D,DO,F ,T,T,C,50,0,0,0,,,1748866,5427080,-41.29400714,174.7779616
Wellington City,GHUZNEE ST,, ,I,TARANAKI ST,2153641,23/07/01,Mon,1659,LB,CS1C,303A ,,R,D,TF,F ,T,N,P,50,0,0,0,,,1748866,5427080,-41.29400714,174.7779616
Wellington City,GHUZNEE ST,20,E, ,VICTORIA ST,2152207,25/05/01,Fri,1235,FD,CE1X,331A ,,R,W,O ,H , ,N,C,50,0,0,0,,,1748551,5427224,-41.29276868,174.774166
Wellington City,GHUZNEE ST,50,E, ,VICTORIA ST,2154734,8/10/01,Mon,1451,MA,VE1C,373B ,,R,D,O ,F , ,N,C,50,0,0,0,,,1748578,5427212,-41.29287175,174.7744913
Wellington City,GHUZNEE ST,30,W, ,VICTORIA ST,2152842,22/06/01,Fri,1820,FE,CE1VC,331A 353A ,,R,D,DO,L ,X,T,C,50,0,0,0,,,1748505,5427245,-41.29258807,174.7736118
Wellington City,GHUZNEE ST,, ,I,VICTORIA ST,2111922,11/05/01,Fri,1040,EC,CE1,501A ,S,R,D,O ,F ,X,T,R,50,0,0,1,,,1748533,5427232,-41.29269997,174.7739492
Wellington City,GHUZNEE ST,, ,I,VICTORIA ST,2112924,26/09/01,Wed,1410,NA,CN1E,306A 353A ,,E,D,B ,F ,X,G,X,50,0,0,1,24,,1748533,5427232,-41.29269997,174.7739492
Wellington City,GLASGOW ST,, ,I,KELBURN PARADE,2152111,21/04/01,Sat,231,DA,CS2,103A 133A ,P,M,W,DO,L ,Y,N,C,50,0,0,0,,,1747997,5427602,-41.28946713,174.7674607
Wellington City,GLENMORE ST,20,W, ,GARDEN ROAD,2155995,15/12/01,Sat,1220,DB,CN1CC,103A 111A 121A ,MP,E,D,DO,F , ,N,C,50,0,0,0,,,1747669,5428390,-41.28243243,174.7633542
Wellington City,GLENMORE ST,, ,I,KELBURN VIADUCT,2154216,20/09/01,Thu,1600,FB,CN1C,387A ,,M,D,TF,F ,R,G,P,50,0,0,0,,,1747173,5427875,-41.28715981,174.7575585
Wellington City,GLENMORE ST,100,S, ,ORANGI KAUPAPA ROAD,2153324,5/07/01,Thu,600,CA,VN1CC,135A 802 ,M,R,I,DO,FF, ,N,C,50,0,0,0,,,1747503,5428222,-41.28397536,174.7614135
Wellington City,GLOVER ST,150,N, ,CENTENNIAL SBD,2154341,8/08/01,Wed,1725,MO,CN1CC,112A 129B 357B ,M,R,D,O ,F , ,N,N,50,0,0,0,,,1751948,5432893,-41.24109668,174.8133045
Wellington City,GLOVER ST,500,N, ,CENTENNIAL SBD,2111546,19/03/01,Mon,1655,KA,MS1C,308B 927 ,,R,D,B ,F ,D,N,N,50,0,0,1,,,1752026,5433223,-41.23811092,174.8141527
Wellington City,GRENADA DRIVE,760,E, ,CHURTON PARK OFF SBD,2155429,10/10/01,Wed,900,DA,VS1T,353A 387A 141B 927 ,Q,R,W,O ,L ,D,N,L,50,0,0,0,,,1753284,5437407,-41.20020367,174.8281078
Wellington City,GROSVENOR TERRACE,25,W, ,ORCHARD ST,2155028,10/10/01,Wed,1920,BF,CS1CC,111A 135A 801 ,M,M,W,TO,L , ,N,C,50,0,0,0,,,1749041,5430040,-41.26732465,174.7793265
Wellington City,HAINING ST,100,E, ,TARANAKI ST,2154144,13/09/01,Thu,1530,MO,TW1C,386A 444A 929 ,M,R,D,B ,F ,D,N,N,50,0,0,0,,,1748840,5426777,-41.29673998,174.7777253
Wellington City,HALL ST,50,W, ,RIDDIFORD ST,2151216,7/03/01,Wed,945,KB,CE1C,191A 377B 925 ,,R,D,B ,F ,D,N,C,50,0,0,0,,,1748868,5425213,-41.31081616,174.7784422
Wellington City,HALSWATER DRIVE,, ,I,BURBANK CRESCENT,2152373,21/05/01,Mon,825,KB,CW1C,303B 378B 835 ,,E,D,B ,F ,T,N,C,50,0,0,0,,,1751716,5436698,-41.20688237,174.8095923
Wellington City,HALSWATER DRIVE,, ,I,CHURTON DRIVE,2152387,25/04/01,Wed,1735,DB,CW1,412A ,F,E,D,TO,F ,T,N,P,50,0,0,0,,,1751578,5436665,-41.20720533,174.8079552
Wellington City,HALSWATER DRIVE,100,N, ,DORMAR PLACE,2112891,18/10/01,Thu,920,BC,CW1C,410A ,,M,D,O ,F , ,N,C,50,0,0,4,,,1751752,5436684,-41.20700167,174.8100249
Wellington City,HAMILTON ROAD,20,S, ,GOA ST,2152840,15/06/01,Fri,2150,EA,CN1CCC,103A ,M,E,D,DO,F , ,N,C,50,0,0,0,,,1750113,5425364,-41.30922593,174.7932713
Wellington City,HANSON ST,30,S, ,KING ST,2153236,20/07/01,Fri,1520,BC,VS1C,330A 386A 818 ,,R,W,O ,L ,T,N,N,50,0,0,0,,,1748791,5425838,-41.30520323,174.7773699
Wellington City,HANSON ST,50,N, ,STOKE ST,2155281,4/10/01,Thu,1510,BA,CS1C,108A 125A ,,R,D,B ,F , ,N,N,50,0,0,0,,,1748568,5424955,-41.31319435,174.774923
Wellington City,HAPPY VALLEY ROAD,300,S, ,MURCHISON ST,2155486,10/11/01,Sat,2305,EA,CN1C,103A 410A ,M,R,D,DO,F , ,N,C,50,0,0,0,,,1747133,5422435,-41.33614615,174.758397
Wellington City,HAPUA ST,100,N, ,WAITOA ROAD,2154349,10/08/01,Fri,835,BC,CS1CV,110A 120A ,M,E,W,O ,F , ,N,C,50,0,0,0,,,1750048,5426235,-41.30139612,174.7922804
Wellington City,HARRIETT ST,10,N, ,PITARUA ST,2113110,29/11/01,Thu,1100,MD,CE1C,371B 839 929 ,,R,D,B ,F ,D,N,N,50,0,0,1,,,1748383,5429153,-41.27543188,174.7716905
Wellington City,HATAITAI ROAD,20,S, ,KONINI ROAD,2153577,24/07/01,Tue,2315,MD,CN1,133A 507A ,,M,D,DO,F ,D,N,C,50,0,0,0,,,1750346,5426099,-41.3025651,174.7958718
Wellington City,HATAITAI ROAD,350,S, ,RAKAU ROAD,2150641,1/02/01,Thu,200,DB,CN1C,103A 111A ,M,M,D,DO,F , ,N,C,50,0,0,0,,,1750543,5426300,-41.3007187,174.7981742
Wellington City,HAWKESTONE ST,, ,I,HAWKESTONE OFF SBD,2112428,10/09/01,Mon,842,JA,VE1C,302A 375B ,,R,D,OF,F ,T,G,R,50,0,0,1,,,1748697,5429207,-41.27488794,174.7754248
Wellington City,HAWKESTONE ST,50,W, ,PORTLAND CRESCENT,2150146,9/01/01,Tue,1650,MA,VE1C,373B ,,R,D,B ,F , ,N,R,50,0,0,0,,,1748745,5429202,-41.27492412,174.7759989
Wellington City,HOBART ST,, ,I,CALEDONIA ST,2112129,12/06/01,Tue,1900,HA,CE2C,301B ,P,R,D,DO,F ,X,S,R,50,0,0,1,,,1751760,5423957,-41.32158532,174.8132884
Wellington City,HOBART ST,, ,I,DEVONSHIRE ROAD,2151210,27/02/01,Tue,838,HA,CS1C,301A 363A 902 ,F,R,D,B ,F ,X,S,C,50,0,0,0,,,1751760,5423957,-41.32158532,174.8132884
Wellington City,HOME ST,20,N, ,PIRIE ST,2152555,6/06/01,Wed,1520,MO,CE1C,371A 371B 927 ,,R,D,O ,F ,D,N,N,50,0,0,0,,,1749297,5426711,-41.29724979,174.7831973
Wellington City,HOROKIWI ROAD WEST,, ,I,BAYLANDS DRIVE,2112272,19/08/01,Sun,1452,JA,CW1C,302B 517B ,,R,D,O ,F ,T,G,C,50,0,0,1,,,1753376,5435007,-41.22179418,174.8298067
Wellington City,HOROKIWI ROAD WEST,, ,I,KENMORE ST,2112026,5/07/01,Thu,710,CC,XW1,112A 135A 802 ,FP,R,I,TO,F ,T,N,C,50,0,0,1,,,1752948,5434871,-41.22309964,174.8247371
Wellington City,HOROKIWI ROAD WEST,, ,I,KENMORE ST,2154969,7/11/01,Wed,1445,KA,CS1C,302B ,,R,D,B ,F ,T,G,C,50,0,0,0,,,1752948,5434871,-41.22309964,174.8247371
Wellington City,HOROKIWI ROAD WEST,40,E, ,KINAPORI TERRACE,2152295,27/04/01,Fri,1845,QD,BW1C,428A ,JMP,R,D,TF,F , ,N,C,50,0,0,0,,,1753242,5434933,-41.22248581,174.8282273
Wellington City,HOROKIWI ROAD WEST,, ,I,KINAPORI TERRACE,2154816,26/09/01,Wed,1920,MC,VE1C,372B ,,R,D,O ,F ,T,G,C,50,0,0,0,,,1753204,5434920,-41.22261005,174.8277775
Wellington City,HOUGHTON BAY ROAD,, ,I,VIEW ROAD,2111667,3/04/01,Tue,1730,MC,MS1C,387A 372B ,,E,D,B ,F ,T,S,C,50,0,0,3,,,1749645,5422742,-41.33291964,174.7883286
Wellington City,HUNTER ST,, ,I,CUSTOMHOUSE QUAY,2153224,14/07/01,Sat,920,HA,CE1C,322A ,M,R,D,O ,F ,X,T,X,50,0,0,0,,,1748781,5428015,-41.2856046,174.7767184
Wellington City,HUNTER ST,, ,I,CUSTOMHOUSE QUAY,2156457,25/12/01,Tue,2106,HA,CE1C,322A ,,R,D,DO,F ,X,T,C,50,0,0,0,,,1748781,5428015,-41.2856046,174.7767184
Wellington City,HUTCHISON ROAD,170,N, ,FINNIMORE TERRACE,2152631,14/06/01,Thu,2325,BC,CN1C,111A ,,E,W,DO,F , ,N,C,50,0,0,0,,,1748388,5425271,-41.3103824,174.7726964
Wellington City,HUTCHISON ROAD,20,S, ,FINNIMORE TERRACE,2150412,25/01/01,Thu,1755,DA,CN1,116A 135A 817 ,F,M,D,TF,F , ,N,N,50,0,0,0,,,1748330,5425138,-41.31159052,174.7720363
Wellington City,HUTCHISON ROAD,, ,I,WALLACE ST,2153627,7/07/01,Sat,1450,JA,CE1C,303B ,,R,D,O ,F ,T,N,R,50,0,0,0,,,1748597,5425589,-41.30748084,174.7751144
Wellington City,HUTT ON NBD,450,N, ,SLIP ROAD,2155024,11/09/01,Tue,1020,GC,CN1C,191A 303B 372B 930 ,,E,D,B ,F ,D,N,C,100,0,0,0,,,1752332,5432518,-41.24440068,174.8179785
Wellington City,HUTT ROAD,50,N, ,KAIWHARAWHARA ROAD,2156210,30/11/01,Fri,1303,FB,VS1C,331A 927 ,,R,D,B ,F ,D,N,P,70,0,0,0,,,1749963,5430853,-41.25983426,174.7901287
Wellington City,HUTT ROAD,20,S, ,KAIWHARAWHARA ROAD,2154320,14/09/01,Fri,1505,LB,CN1C,303A 377A ,,R,D,B ,F ,T,T,C,70,0,0,0,,,1749917,5430800,-41.26031998,174.7895929
Wellington City,HUTT ROAD,100,W, ,KAIWHARAWHARA ROAD,2152546,9/05/01,Wed,1540,AA,VE1S,204A 208A 372A 386B ,,R,W,O ,L , ,N,P,70,0,0,0,,39,1749863,5430741,-41.26086119,174.7889631
Wellington City,HUTT ROAD,40,S, ,ONSLOW ROAD,2152726,4/07/01,Wed,700,DA,VS1,131A ,P,E,I,DO,F , ,N,C,70,0,0,0,,,1750807,5431413,-41.2546353,174.8000604
Wellington City,HUTT ROAD,, ,I,ONSLOW ROAD,2113104,21/11/01,Wed,1518,FA,TE1C,112A ,,R,W,O ,H ,Y,T,R,70,0,0,2,,,1750843,5431430,-41.25447553,174.8004857
Wellington City,HUTT ROAD,, ,I,ONSLOW ROAD,2155824,22/11/01,Thu,1135,FE,CE1VV,112A 135A 823 ,,R,W,O ,H ,Y,T,C,70,0,0,0,,,1750843,5431430,-41.25447553,174.8004857
Wellington City,HUTT ROAD,, ,I,ONSLOW ROAD,2112417,8/09/01,Sat,1401,FE,TN1CC,103A ,,E,W,O ,L ,Y,T,R,70,0,0,4,,,1750843,5431430,-41.25447553,174.8004857
Wellington City,HUTT ROAD,, ,I,ONSLOW ROAD,2155430,24/11/01,Sat,1530,FE,CE1C,334A ,,R,D,O ,F ,T,T,C,50,0,0,0,,,1750843,5431430,-41.25447553,174.8004857
Wellington City,HUTT ROAD,200,E, ,RANGIORA AVENUE,2152552,11/06/01,Mon,1640,LB,CS1C,303A 375B 922 ,,R,W,O ,L ,D,N,C,70,0,0,0,,,1750694,5431365,-41.25508854,174.7987241
Wellington City,HUTT ROAD,250,S, ,RANGIORA AVENUE,2111878,31/05/01,Thu,2350,CC,CE1,112A 501A ,FH,R,D,DO,F , ,N,C,70,0,1,0,,,1750301,5431160,-41.25700742,174.7940859
Wellington City,HUTT ROAD,, ,I,RANGIORA AVENUE,2155475,7/11/01,Wed,4,DA,CN1,111A 132A 431A ,CIS,E,D,DO,F ,T,G,R,70,0,0,0,,,1750504,5431303,-41.25568216,174.7964726
Wellington City,HUTT ROAD,50,N, ,SAR ST,2112105,15/05/01,Tue,1720,MA,SN1C,373B ,,R,W,TO,L , ,N,C,50,0,0,1,,27,1749304,5430138,-41.26639376,174.7824409
Wellington City,HUTT ROAD,50,S, ,SAR ST,2152606,6/06/01,Wed,1515,MC,CN1V,372A ,,E,D,O ,F , ,N,L,50,0,0,0,,,1749241,5430060,-41.26710766,174.7817082
Wellington City,INGLEWOOD PLACE,30,S, ,DIXON ST,2150621,9/02/01,Fri,1435,EC,CN1C,386A ,Q,R,D,B ,F , ,N,N,50,0,0,0,,,1748907,5427233,-41.29262206,174.7784136
Wellington City,IRA ST,30,S, ,DEVONSHIRE ROAD,2154881,23/10/01,Tue,1930,GD,CS1C,331A 333A 929 ,,R,D,B ,F ,D,N,C,50,0,0,0,,,1752332,5423936,-41.32166654,174.8201248
Wellington City,IRA ST,, ,I,DEVONSHIRE ROAD,2150411,30/01/01,Tue,1600,HA,CN1C,302B ,,R,D,B ,F ,X,G,C,50,0,0,0,,,1752336,5423966,-41.32139569,174.8201651
Wellington City,IRONSIDE ROAD,40,S, ,BRANSCOMBE ST,2155542,22/09/01,Sat,830,MD,CS1C,308A 387A 387B ,,R,D,TN,F , ,N,C,50,0,0,0,,,1750850,5435492,-41.21790236,174.7995656
Wellington City,IRONSIDE ROAD,150,W, ,EARP ST,2154720,28/09/01,Fri,1540,DA,CW1C,111A 123A 137A ,FH,M,W,OF,L , ,N,C,50,0,0,0,,,1751119,5435345,-41.21917567,174.8028094
Wellington City,IRONSIDE ROAD,250,S, ,ERRIS ST,2155543,22/09/01,Sat,835,AC,CS1C,387A 434A ,,M,D,TN,F , ,N,L,50,0,0,0,,,1750990,5435412,-41.21859652,174.8012547
Wellington City,IRONSIDE ROAD,20,E, ,TRAFALGAR ST,2113109,30/11/01,Fri,1638,NA,CE1E,712B ,,R,D,B ,F , ,N,C,50,0,0,1,8,,1751447,5435226,-41.22018576,174.80675
Wellington City,JEFFERSON ST,100,S, ,CLEVELAND ST,2152924,29/06/01,Fri,50,DC,CN1,103A 832 ,X,R,W,DO,F , ,N,N,50,0,0,0,,,1747801,5425981,-41.3040977,174.7655146
Wellington City,JERVOIS QUAY,, ,I,BRANDON ST,2152385,12/05/01,Sat,912,QG,VS1C,665A ,,R,D,B ,F ,X,T,C,50,0,0,0,,,1748869,5428191,-41.28400377,174.7777258
Wellington City,JERVOIS QUAY,, ,I,CABLE ST,2153642,13/07/01,Fri,2330,DB,CS1C,103A 111A ,JM,E,D,DO,F ,Y,N,R,50,0,0,0,,,1748938,5427559,-41.28968122,174.7787039
Wellington City,JERVOIS QUAY,, ,I,GREY ST,2150891,22/02/01,Thu,540,FE,CN1V,103A 330A ,,E,D,TO,F ,T,T,L,50,0,0,0,,,1748866,5428084,-41.28496769,174.7777161
Wellington City,JERVOIS QUAY,5,N, ,HARRIS ST,2151215,8/03/01,Thu,925,FE,BN1C,331A ,,R,D,B ,F ,T,T,R,50,0,0,0,,,1748916,5427722,-41.28821772,174.7784015
Wellington City,JERVOIS QUAY,15,S, ,HARRIS ST,2153027,6/07/01,Fri,1301,FA,CN1V,353A ,,R,D,O ,F , ,N,R,50,0,0,0,,,1748918,5427702,-41.28839742,174.7784302
Wellington City,JERVOIS QUAY,, ,I,HARRIS ST,2154218,26/08/01,Sun,1202,JA,CN1C,322A 334A ,,R,D,B ,F ,T,T,C,50,0,0,0,,,1748916,5427717,-41.28826273,174.7784027
Wellington City,JERVOIS QUAY,, ,I,HARRIS ST,2154215,14/09/01,Fri,830,FE,VS1CCC,181A 330A ,,R,D,B ,F ,T,T,R,50,0,0,0,,,1748916,5427717,-41.28826273,174.7784027
Wellington City,JERVOIS QUAY,, ,I,HUNTER ST,2111274,9/02/01,Fri,1700,NA,SN1E,322A ,,R,D,B ,F ,T,T,C,50,0,0,1,44,31,1748881,5427984,-41.28586527,174.7779196
Wellington City,JERVOIS QUAY,, ,I,QUEENS WHARF,2112929,7/09/01,Fri,2200,NB,CS1E,306A 718B ,,R,D,DO,F ,X,T,P,50,0,0,1,27,,1748866,5428084,-41.28496769,174.7777161
Wellington City,JERVOIS QUAY,20,W, ,WAKEFIELD ST,2111234,16/02/01,Fri,1310,AF,BN1S,159A ,K,R,D,B ,F , ,N,R,50,0,0,1,,49,1749004,5427409,-41.29101955,174.7795285
Wellington City,JERVOIS QUAY,10,N, ,WILLESTON ST,2111920,30/04/01,Mon,1205,NA,CN1E,112A 358A 711B 718B ,,R,D,B ,F ,T,T,R,50,0,1,1,23,,1748898,5427861,-41.28696956,174.7781526
Wellington City,JERVOIS QUAY,20,N, ,WILLESTON ST,2112149,9/03/01,Fri,1740,PC,CE1E,376A 711B 719B 922 ,,R,D,O ,F ,D,N,C,50,0,0,1,34,,1748896,5427871,-41.28687989,174.7781263
Wellington City,JERVOIS QUAY,30,N, ,WILLESTON ST,2154611,15/09/01,Sat,1700,AA,VN1C,143A 381A ,,R,W,O ,L , ,N,C,50,0,0,0,,,1748895,5427881,-41.28679004,174.7781119
Wellington City,JERVOIS QUAY,30,S, ,WILLESTON ST,2152236,28/05/01,Mon,1710,AC,XN1C,372A ,,R,W,O ,H , ,N,R,50,0,0,0,,,1748903,5427821,-41.28732877,174.7782221
Wellington City,JERVOIS QUAY,, ,I,WILLESTON ST,2151907,29/04/01,Sun,1300,FD,VN1CCC,181A ,,R,D,B ,F ,X,T,C,50,0,0,0,,,1748899,5427851,-41.28705941,174.778167
Wellington City,JESSIE ST,5,E, ,TARANAKI ST,2111749,1/05/01,Tue,1620,NG,CE1E,371A 711B ,,R,D,O ,F ,T,N,N,50,0,0,1,20,,1748820,5426968,-41.29502401,174.7774398
Wellington City,JESSIE ST,100,W, ,TORY ST,2154944,13/11/01,Tue,1420,MO,TW1,371A 927 ,,R,W,O ,L ,D,N,N,50,0,0,0,,,1748928,5426920,-41.29543626,174.7787409
Wellington City,JOHN ST,, ,I,ADELAIDE ROAD,2154971,9/11/01,Fri,2130,FE,CE1C,191B ,,R,D,DO,F ,X,T,X,50,0,0,0,,,1748832,5425608,-41.30726645,174.7779157
Wellington City,JOHNSONVILLE ON NBD,30,S, ,SH 1N,2153775,9/06/01,Sat,1950,CC,CN1,358A 645A ,P,R,W,DO,LS, ,N,N,100,0,0,0,,,1751762,5435360,-41.2189203,174.8104729
Wellington City,JOHNSONVILLE ROAD,30,S, ,BILL CUTTING PLACE,2112220,27/07/01,Fri,1530,NF,CN1E,376A 902 ,,R,D,BF,F ,D,N,C,50,0,0,1,51,,1751486,5434948,-41.22268141,174.807284
Wellington City,JOHNSONVILLE ROAD,5,S, ,BRODERICK ROAD,2152665,30/06/01,Sat,1450,FE,CN1C,181A 334A ,,R,D,O ,F ,X,T,C,70,0,0,0,,,1751482,5434714,-41.22478895,174.8072943
Wellington City,JOHNSONVILLE ROAD,100,S, ,BRODERICK ROAD,2151897,25/04/01,Wed,1310,FD,CS1VC,181A 387A 181B 922 ,,R,D,B ,F ,D,N,P,50,0,0,0,,,1751467,5434620,-41.22563808,174.8071388
Wellington City,JOHNSONVILLE ROAD,, ,I,BRODERICK ROAD,2151733,9/03/01,Fri,1735,DA,CE2,133A ,P,R,D,TF,F ,X,T,R,50,0,0,0,,,1751483,5434719,-41.22474375,174.807305
Wellington City,JOHNSONVILLE ROAD,, ,I,BRODERICK ROAD,2154171,6/09/01,Thu,2310,DA,CW2,103A 386A ,IS,E,D,DO,F ,X,T,R,50,0,0,0,,,1751483,5434719,-41.22474375,174.807305
Wellington City,JOHNSONVILLE ROAD,, ,I,BRODERICK ROAD,2156366,2/12/01,Sun,2130,HA,CS1C,322A ,,R,D,DO,F ,X,T,C,50,0,0,0,,,1751483,5434719,-41.22474375,174.807305
Wellington City,JOHNSONVILLE ROAD,, ,I,CORLETT ST,2156264,21/12/01,Fri,1430,LB,CN1C,158A 303A 377A ,,E,D,B ,F ,T,G,C,50,0,0,0,,,1751476,5434504,-41.22668079,174.8072749
Wellington City,JOHNSONVILLE ROAD,15,S, ,DISRAELI ST,2153808,5/07/01,Thu,2035,GA,CS1C,331A 402A 922 ,,R,D,DO,F ,D,N,C,50,0,0,0,,,1751472,5434649,-41.22537605,174.8071912
Wellington City,JOHNSONVILLE ROAD,, ,I,MOOREFIELD ROAD,2156258,9/12/01,Sun,1630,HA,CS1C,302A ,,R,W,O ,H ,R,G,R,50,0,0,0,,,1751500,5435050,-41.22176044,174.8074257
Wellington City,JOHNSONVILLE ROAD,, ,I,MOOREFIELD ROAD,2156098,15/12/01,Sat,1600,LB,CN1C,302A ,,E,D,B ,F ,R,G,R,50,0,0,0,,,1751500,5435050,-41.22176044,174.8074257
Wellington City,JOHNSONVILLE ROAD,, ,I,MOOREFIELD ROAD,2152669,1/06/01,Fri,2310,HA,CN1C,302A ,,R,D,DO,F ,R,G,R,50,0,0,0,,,1751500,5435050,-41.22176044,174.8074257
Wellington City,JOHNSTON ST,, ,I,LAMBTON QUAY,2111300,27/02/01,Tue,1550,NF,CN2E,713B ,,R,D,B ,F ,T,N,N,50,0,1,0,46,,1748714,5428365,-41.28246573,174.7758332
Wellington City,KAIWHARAWHARA ROAD,100,W, ,HUTT ROAD,2150121,11/01/01,Thu,1730,LB,CW1C,303B 927 ,,R,W,O ,L ,D,N,C,50,0,0,0,,,1749861,5430887,-41.25954706,174.7889033
Wellington City,KAIWHARAWHARA ROAD,300,W, ,HUTT ROAD,2154322,19/09/01,Wed,1040,LB,CW1C,303B 375B 927 ,,R,D,B ,F ,D,N,P,50,0,0,0,,,1749719,5431027,-41.2583129,174.7871747
Wellington City,KAIWHARAWHARA ROAD,600,W, ,HUTT ROAD,2152554,1/06/01,Fri,215,DA,ME1,135A 802 ,,M,I,DO,L , ,N,C,50,0,0,0,,,1749443,5431112,-41.25759869,174.7838608
Wellington City,KAIWHARAWHARA ROAD,150,W, ,OLD PORIRUA ROAD,2155814,4/10/01,Thu,1650,EA,VW1C,363A ,M,M,D,B ,F , ,N,C,50,0,0,0,,,1749518,5431093,-41.25775589,174.7847603
Wellington City,KAIWHARAWHARA ROAD,700,W, ,OLD PORIRUA ROAD,2150624,6/02/01,Tue,2000,BF,CW1C,111A ,,M,W,DO,L , ,N,C,50,0,0,0,,,1749074,5431191,-41.25695557,174.7794389
Wellington City,KAIWHARAWHARA ROAD,700,W, ,OLD PORIRUA ROAD,2156205,25/11/01,Sun,1300,DB,VE1,132A ,C,M,D,B ,F , ,N,C,50,0,0,0,,,1749074,5431191,-41.25695557,174.7794389
Wellington City,KAIWHARAWHARA ROAD,, ,I,OLD PORIRUA ROAD,2153218,5/07/01,Thu,655,DA,CE1C,111A 135A 802 ,K,E,I,DO,FF,Y,N,L,50,0,0,0,,,1749664,5431075,-41.25789092,174.7865067
Wellington City,KANPUR ROAD,140,W, ,RAJKOT TERRACE,2154631,30/09/01,Sun,300,EA,CN1C,103A 410A ,M,R,D,DO,F , ,N,C,50,0,0,0,,,1750444,5433363,-41.23714628,174.7952489
Wellington City,KARAKA BAY ROAD,50,N, ,ONEHUNGA ST,2156464,4/06/01,Mon,730,DB,CN1C,111A 131A ,M,S,D,O ,F , ,N,C,50,0,0,0,,,1753293,5425875,-41.30402734,174.8311129
Wellington City,KARAKA BAY ROAD,400,S, ,TAI PAKU PAKU ROAD,2156328,16/12/01,Sun,1735,DA,CN1,110A 132A 137A ,FJ,E,D,B ,F , ,N,C,50,0,0,0,,,1753203,5425197,-41.31014857,174.8302091
Wellington City,KARAKA BAY ROAD,, ,A,TAI PAKU PAKU ROAD,2151793,15/03/01,Thu,35,DB,CN1C,103A 111A ,FM,M,W,DO,F , ,N,C,50,0,0,0,,,1753417,5425502,-41.30736194,174.8326874
Wellington City,KARORI ROAD,30,E, ,BEAUCHAMP ST,2154099,14/09/01,Fri,2355,EA,CE1C,103A ,M,R,D,DO,F , ,N,C,50,0,0,0,,,1745481,5428174,-41.28477439,174.7372899
Wellington City,KARORI ROAD,40,W, ,CAMPBELL ST,2111070,9/01/01,Tue,2300,LB,SW1C,303B 922 ,,R,D,DO,F ,D,N,C,50,0,0,1,,49,1745581,5428210,-41.28443223,174.738475
Wellington City,KARORI ROAD,15,E, ,DONALD ST,2151530,13/03/01,Tue,1310,QD,CW1V,428A 929 ,,R,D,O ,F ,D,N,L,50,0,0,0,,,1745874,5428314,-41.28344297,174.7419474
Wellington City,KARORI ROAD,30,E, ,DONALD ST,2112498,20/09/01,Thu,810,FD,CE1C,181A 331A 902 ,,R,D,B ,F , ,N,C,50,0,0,2,,,1745888,5428319,-41.28339543,174.7421133
Wellington City,KARORI ROAD,200,W, ,DONALD ST,2111094,20/01/01,Sat,1515,BA,CW1T,125A 412A ,,R,D,O ,F , ,N,C,50,0,0,2,,,1745671,5428242,-41.28412789,174.7395416
Wellington City,KARORI ROAD,, ,I,FANCOURT ST,2111882,9/06/01,Sat,1950,FA,CE1S,129A 605B ,,R,W,DO,L ,Y,N,C,50,0,1,0,,14,1745967,5428348,-41.28312004,174.7430493
Wellington City,KARORI ROAD,40,E, ,HATTON ST,2153631,18/07/01,Wed,1435,FE,CW1C,181A 191B ,,R,D,B ,F , ,T,X,50,0,0,0,,,1746150,5428412,-41.28251071,174.7452183
Wellington City,KARORI ROAD,10,W, ,HATTON ST,2112685,21/08/01,Tue,1044,NG,TE1E,371A 719B ,,R,D,B ,F ,T,N,C,50,0,1,0,87,,1746103,5428396,-41.28266327,174.7446611