TLA NAME,CRASH ROAD,CRASH DIST,CRASH DIRN,INTSN,SIDE ROAD,CRASH ID,CRASH DATE,CRASH DOW,CRASH TIME,MVMT,VEHICLES,CAUSES,OBJECTS STRUCK,ROAD CURVE,ROAD WET,LIGHT,WTHRa,JUNC TYPE,TRAF CTRL,ROAD MARK,SPD LIM,CRASH FATAL CNT,CRASH SEV CNT,CRASH MIN CNT,PERS AGE1,PERS AGE2,EASTING,NORTHING,latitude,longitude
Wellington City,KARORI ROAD,20,W, ,LANCASTER ST,2111518,23/03/01,Fri,1205,EE,SE1V,374B 446B ,Q,R,D,B ,F , ,N,C,50,0,1,0,,27,1746246,5428445,-41.28219621,174.7463562
Wellington City,KARORI ROAD,, ,I,LANCASTER ST,2156448,21/12/01,Fri,1440,JA,CW1V,302A ,,R,D,B ,F ,T,G,C,50,0,0,0,,,1746265,5428452,-41.28212974,174.7465813
Wellington City,KARORI ROAD,, ,I,LANCASTER ST,2112863,28/11/01,Wed,1620,LB,CW1C,303A 375A ,,R,D,B ,F ,T,G,C,50,0,0,1,,,1746265,5428452,-41.28212974,174.7465813
Wellington City,KARORI ROAD,20,E, ,MORLEY ST,2152671,26/05/01,Sat,1000,BE,CE1C,197A 331A 801 ,,R,W,BF,F ,T,G,C,50,0,0,0,,,1745067,5428023,-41.28620843,174.7323842
Wellington City,KARORI ROAD,25,W, ,MORLEY ST,2112302,1/05/01,Tue,1120,QG,CE1CV,501A ,M,R,D,O ,F , ,N,P,50,0,0,1,,,1745024,5428009,-41.28634221,174.7318743
Wellington City,KARORI ROAD,, ,I,MORLEY ST,2152293,1/05/01,Tue,1135,JA,CE1CC,303B 352B 507B ,FM,R,D,O ,F ,T,N,C,50,0,0,0,,,1745048,5428017,-41.28626587,174.7321588
Wellington City,KARORI ROAD,180,W, ,NATALIE WAY,2150833,31/01/01,Wed,820,EA,CE1C,501A ,M,E,D,TF,F , ,N,C,50,0,0,0,,,1744489,5427958,-41.28689732,174.7255002
Wellington City,KARORI ROAD,10,W, ,NEWCOMBE CRESCENT,2111648,18/04/01,Wed,800,NA,CE1E,306A ,,R,D,B ,F ,T,N,X,50,0,0,1,11,,1745822,5428295,-41.28362344,174.7413313
Wellington City,KARORI ROAD,10,W, ,PARKVALE ROAD,2154205,15/09/01,Sat,1720,FC,VE1C,331A ,,R,D,O ,F ,T,G,X,50,0,0,0,,,1745497,5428180,-41.28471748,174.7374795
Wellington City,KARORI ROAD,40,W, ,PARKVALE ROAD,2156255,11/12/01,Tue,1230,FC,TE1CC,358A 420A ,,R,D,O ,F , ,N,X,50,0,0,0,,,1745469,5428170,-41.28481257,174.7371476
Wellington City,KARORI ROAD,60,W, ,RICHMOND AVENUE,2155821,4/12/01,Tue,840,EA,CW1V,354A ,M,R,W,O ,L , ,N,P,50,0,0,0,,,1744793,5427964,-41.28678884,174.7291276
Wellington City,KARORI ROAD,, ,I,RICHMOND AVENUE,2151878,29/04/01,Sun,1515,DA,CN2C,133A ,M,R,D,O ,F ,T,N,C,50,0,0,0,,,1744853,5427971,-41.28671505,174.7298421
Wellington City,KARORI ROAD,25,N, ,SOUTH KARORI ROAD,2152201,25/05/01,Fri,1835,MC,CN1C,372A 927 ,,R,D,TO,F , ,N,C,50,0,0,0,,,1744328,5427778,-41.28854679,174.723621
Wellington City,KARORI ROAD,200,W, ,TRINGHAM ST,2152371,10/05/01,Thu,330,DB,CW1,111A ,PS,E,W,DO,L , ,N,C,50,0,0,0,,,1744518,5427959,-41.28688313,174.7258461
Wellington City,KARORI TUNNEL,50,W, ,GLENMORE ST,2156356,13/11/01,Tue,1250,QG,TW1C,660A ,,R,D,O ,L , ,N,C,50,0,0,0,,,1747005,5427851,-41.2874065,174.7555589
Wellington City,KAURI ST,, ,I,KEDAH ST,2152372,21/05/01,Mon,2140,HA,CN1C,302B ,,R,D,DO,F ,X,G,C,50,0,0,0,,,1751597,5423782,-41.32319155,174.8113854
Wellington City,KELBURN PARADE,100,N, ,GLASGOW ST,2111711,15/03/01,Thu,1305,MA,CN1E,306A 352A ,,R,D,B ,F , ,N,X,50,0,0,1,26,,1748039,5427693,-41.28864011,174.7679399
Wellington City,KELBURN PARADE,, ,I,GLASGOW ST,2155253,19/10/01,Fri,837,JA,XN1C,302A ,,M,W,O ,L ,Y,G,P,50,0,0,0,,,1747997,5427602,-41.28946713,174.7674607
Wellington City,KELBURN PARADE,50,S, ,SALAMANCA ROAD,2152317,21/05/01,Mon,1605,MC,XS1C,372B ,,R,D,B ,F , ,N,P,50,0,0,0,,,1748116,5427864,-41.28708639,174.7688174
Wellington City,KELBURN PARADE,50,S, ,SALAMANCA ROAD,2111881,7/06/01,Thu,1927,LB,SN1CC,303B 377B 930 ,M,R,D,TO,F ,D,N,L,50,0,0,1,,39,1748116,5427864,-41.28708639,174.7688174
Wellington City,KELBURN PARADE,50,S, ,SALAMANCA ROAD,2152151,3/05/01,Thu,1840,MC,MS1V,372B ,,R,W,DO,L , ,N,C,50,0,0,0,,,1748116,5427864,-41.28708639,174.7688174
Wellington City,KELBURN PARADE,150,S, ,SALAMANCA ROAD,2111302,26/02/01,Mon,1500,NB,VN1E,306A 330A ,,R,D,B ,F , ,N,X,50,0,0,1,19,,1748075,5427773,-41.28791323,174.7683502
Wellington City,KELBURN PARADE,750,S, ,SALAMANCA ROAD,2154149,18/07/01,Wed,1110,MA,VS1C,373B 377B ,,R,D,B ,F , ,N,C,50,0,0,0,,,1747820,5427367,-41.29161538,174.7654049
Wellington City,KELBURN PARADE,, ,I,SALAMANCA ROAD,2111752,3/05/01,Thu,1840,JC,SN1C,302B 375B ,,S,W,DO,L ,Y,G,C,50,0,0,1,,30,1748147,5427897,-41.28678359,174.7691795
Wellington City,KELBURN PARADE,, ,I,SALAMANCA ROAD,2111549,12/04/01,Thu,1135,LB,CE1X,302A ,,M,D,O ,F ,Y,G,P,50,0,0,1,,,1748147,5427897,-41.28678359,174.7691795
Wellington City,KELVIN GROVE,30,S, ,ABEL SMITH ST,2153757,27/07/01,Fri,2310,DA,CE1C,101A 131A 923 ,M,R,D,DO,F ,D,N,N,50,0,0,0,,,1748591,5426781,-41.29674985,174.7747517
Wellington City,KEMP ST,50,W, ,TROY ST,2155495,10/11/01,Sat,1615,MO,VE1C,371A 929 ,M,R,D,B ,F ,D,N,C,50,0,0,0,,,1750825,5424359,-41.31814143,174.8020222
Wellington City,KENMORE ST,, ,I,BANCROFT TERRACE,2151553,23/03/01,Fri,1525,KB,VN1C,303B 902 ,,R,D,B ,F ,T,N,N,50,0,0,0,,,1753054,5434680,-41.22479923,174.8260489
Wellington City,KENMORE ST,200,S, ,SOMES CRESCENT,2150414,12/01/01,Fri,1300,QG,TN1C,660A ,M,R,D,B ,F , ,N,C,50,0,0,0,,,1753180,5434290,-41.22828667,174.8276493
Wellington City,KENT TERRACE,50,N, ,EDGE HILL,2152639,22/06/01,Fri,2245,FC,CS1X,331A ,,R,D,DO,F , ,N,R,50,0,0,0,,,1749329,5426965,-41.29495701,174.783517
Wellington City,KENT TERRACE,15,S, ,HOME ST,2151409,9/03/01,Fri,2245,FE,CS1CC,331A 402A 181B ,,R,D,DO,F , ,N,C,50,0,0,0,,,1749265,5426822,-41.29625634,174.7827881
Wellington City,KENT TERRACE,20,S, ,HOME ST,2156157,8/12/01,Sat,19,FD,CS1C,181A ,,R,D,DO,F ,T,N,C,50,0,0,0,,,1749263,5426817,-41.29630172,174.7827654
Wellington City,KENT TERRACE,, ,I,HOME ST,2156158,21/12/01,Fri,2300,FD,CS1C,181A 331A ,,R,D,DO,F ,T,N,R,50,0,0,0,,,1749271,5426836,-41.29612918,174.7828563
Wellington City,KENT TERRACE,20,N, ,MAJORIBANKS ST,2153917,10/09/01,Mon,2030,MA,CS1X,373B ,,R,D,DO,F ,X,T,C,50,0,0,0,,,1749384,5427087,-41.29384842,174.7841437
Wellington City,KENT TERRACE,30,N, ,PIRIE ST,2154159,14/09/01,Fri,1430,FD,CS1CC,181A 331A ,,R,D,B ,F , ,N,C,50,0,0,0,,,1749233,5426750,-41.2969105,174.7824237
Wellington City,KENYA ST,25,S, ,CROFTON ROAD,2151617,18/04/01,Wed,940,GD,CS1C,331A 929 ,,E,D,B ,F ,D,N,C,50,0,0,0,,,1748576,5431746,-41.25205032,174.773362
Wellington City,KHANDALLAH ROAD,50,E, ,LUCKNOW TERRACE,2112132,26/07/01,Thu,840,FC,CW1CCV,358A ,,R,D,O ,F , ,N,C,50,0,0,1,,,1749495,5432294,-41.24694698,174.7841916
Wellington City,KHANDALLAH ROAD,10,E, ,SIMLA CRESCENT,2153893,5/09/01,Wed,750,FC,CE1X,427A ,,R,W,O ,L ,X,S,X,50,0,0,0,,,1749460,5432313,-41.24678238,174.7837694
Wellington City,KILBIRNIE CRESCENT,30,N, ,DUNCAN TERRACE,2154162,21/08/01,Tue,1130,MA,CS1C,373B ,,R,D,B ,F , ,N,C,50,0,0,0,,,1750066,5424764,-41.31463668,174.7928582
Wellington City,KILBIRNIE CRESCENT,10,S, ,DUNCAN TERRACE,2155629,25/11/01,Sun,1035,DB,CS1,103A 927 ,P,R,D,B ,F ,D,N,C,50,0,0,0,,,1750075,5424726,-41.31497713,174.792975
Wellington City,KINGHORNE ST,, ,I,GLAMIS AVENUE,2152382,19/05/01,Sat,1450,DA,CW2C,131A 402A ,M,R,D,B ,F ,T,N,N,50,0,0,0,,,1752431,5423294,-41.32742786,174.8214681
Wellington City,KINGSFORD SMITH ST,, ,I,MCGREGOR ST,2152375,20/05/01,Sun,1005,MD,CN1C,308A 377A 930 ,,R,D,B ,F ,D,N,N,50,0,0,0,,,1750680,5423382,-41.32696474,174.8005328
Wellington City,KIPLING ST,, ,I,ELLIOTT ST,2150399,8/01/01,Mon,1350,JA,ME1C,309B ,,R,D,B ,F ,T,N,N,50,0,0,0,,,1750450,5434330,-41.22843883,174.7950822
Wellington City,LAMBTON QUAY,10,S, ,BOWEN ST,2112686,23/10/01,Tue,1840,CA,SN1X,621A ,M,R,D,TF,F ,X,T,R,50,0,0,1,,27,1748811,5428682,-41.27959376,174.7769135
Wellington City,LAMBTON QUAY,100,S, ,BOWEN ST,2153300,16/07/01,Mon,1150,AC,CN1V,372A ,,R,W,O ,L , ,N,R,50,0,0,0,,,1748739,5428629,-41.28008421,174.7760671
Wellington City,LAMBTON QUAY,, ,I,BOWEN ST,2111950,29/05/01,Tue,830,NA,CE1E,718B ,,E,W,O ,L ,X,T,X,50,0,0,1,18,,1748819,5428688,-41.27953827,174.7770076
Wellington City,LAMBTON QUAY,, ,I,BOWEN ST,2111544,21/02/01,Wed,1655,FA,SN1C,136A 631A 331B ,,R,D,B ,F ,X,T,R,50,0,0,1,,29,1748819,5428688,-41.27953827,174.7770076
Wellington City,LAMBTON QUAY,, ,A,GREY ST,2111574,16/03/01,Fri,1715,KA,BS1S,312B ,,R,D,B ,F , ,T,N,50,0,1,0,,22,1748675,5428151,-41.28439965,174.77542
Wellington City,LAMBTON QUAY,20,S, ,JOHNSTON ST,2150884,7/02/01,Wed,1443,MA,BS1V,331A ,,R,D,B ,F , ,N,N,50,0,0,0,,,1748706,5428347,-41.28262927,174.7757421
Wellington City,LAMBTON QUAY,, ,I,JOHNSTON ST,2155514,16/11/01,Fri,2150,MC,XS1C,143A 372A ,,R,D,DO,F ,T,N,R,50,0,0,0,,,1748714,5428365,-41.28246573,174.7758332
Wellington City,LAMBTON QUAY,, ,I,JOHNSTON ST,2153575,1/08/01,Wed,1752,MO,BS1X,386A ,,R,D,TO,F ,T,N,R,50,0,0,0,,,1748714,5428365,-41.28246573,174.7758332
Wellington City,LAMBTON QUAY,10,S, ,PANAMA ST,2112964,16/12/01,Sun,1535,NA,BS1E,105B 711B ,,R,D,B ,F ,T,N,R,50,0,1,0,40,,1748678,5428217,-41.28380487,174.7754397
Wellington City,LAMBTON QUAY,5,N, ,WARING TAYLOR ST,2155059,18/08/01,Sat,1238,CC,CN1,205A 433A ,IT,E,D,O ,F ,T,N,R,50,0,0,0,,,1748734,5428439,-41.28179579,174.7760539
Wellington City,LAMBTON QUAY,5,S, ,WARING TAYLOR ST,2153576,1/08/01,Wed,1300,MA,XS1C,385A ,,E,D,B ,F ,T,N,R,50,0,0,0,,,1748734,5428429,-41.28188583,174.7760563
Wellington City,LAMBTON QUAY,, ,I,WARING TAYLOR ST,2150626,10/02/01,Sat,1450,MC,CS1C,372B ,,R,D,B ,F ,T,N,R,50,0,0,0,,,1748734,5428434,-41.28184081,174.7760551
Wellington City,LAMBTON QUAY,15,N, ,WHITMORE ST,2153031,2/07/01,Mon,942,AF,VN1T,197A 372A ,IT,R,D,O ,F , ,N,R,50,0,0,0,,,1748831,5428696,-41.27946403,174.7771488
Wellington City,LAMBTON QUAY,, ,I,WHITMORE ST,2150402,19/01/01,Fri,1610,HA,CE2C,379A 355B 446B ,,R,D,B ,F ,X,T,R,50,0,0,0,,,1748819,5428688,-41.27953827,174.7770076
Wellington City,LENNEL ROAD,60,E, ,PITT ST,2151755,7/04/01,Sat,1230,DA,CN1,137A 817 ,F,E,D,O ,F , ,N,C,50,0,0,0,,,1748802,5430645,-41.2619216,174.7763268
Wellington City,LENNEL ROAD,10,W, ,SEFTON ST,2154889,13/11/01,Tue,845,FC,CE1C,331A ,,R,W,O ,L ,X,S,X,50,0,0,0,,,1748981,5430401,-41.26408547,174.7785223
Wellington City,LIARDET ST,300,N, ,BRITOMART ST,2113099,10/11/01,Sat,1740,DB,CS1,111A ,EF,E,W,O ,L , ,N,N,50,0,0,2,,,1748159,5424595,-41.31651081,174.7701267
Wellington City,LIARDET ST,30,S, ,TRAVERS ST,2156460,16/11/01,Fri,440,DA,CS1,103A 111A ,P,E,D,DO,F , ,N,C,50,0,0,0,,,1748172,5424693,-41.31562609,174.770258
Wellington City,LINCOLN AVENUE,50,W, ,MAIN ROAD,2150449,20/01/01,Sat,2150,CA,CE1C,112A 358A ,M,R,D,DO,F , ,N,N,50,0,0,0,,,1753052,5440937,-41.16846565,174.8244596
Wellington City,LINDEN AVENUE,, ,I,BEAUCHAMP ST,2150289,30/01/01,Tue,1030,KB,CE1C,302B ,,R,D,B ,F ,X,G,C,60,0,0,0,,,1753687,5442175,-41.15719935,174.831715
Wellington City,LINDEN AVENUE,20,E, ,MAIN ROAD,2150151,6/01/01,Sat,1625,QD,CN1,611A 929 ,J,R,D,B ,F ,D,N,N,50,0,0,0,,,1753505,5442220,-41.15682866,174.8295356
Wellington City,LINK ROAD,200,N, ,GLANMIRE ROAD,2153863,15/08/01,Wed,1900,EA,CN1C,120A 801 903 ,M,R,W,DO,LS, ,N,N,50,0,0,0,,,1752971,5434364,-41.22765997,174.8251383
Wellington City,LINK ROAD,400,E, ,KENMORE ST,2152926,25/06/01,Mon,940,EA,CW1C,363A 902 ,M,R,D,B ,F , ,N,N,50,0,0,0,,,1752867,5434311,-41.2281568,174.8239113
Wellington City,LITTLE PIPITEA ST,50,E, ,MOLESWORTH ST,2156174,17/08/01,Fri,1515,KA,CE1X,927,,R,D,TO,F ,D,N,N,50,0,0,0,,,1748950,5429189,-41.27500339,174.7784486
Wellington City,LUXFORD ST,60,E, ,ADELAIDE ROAD,2152156,16/05/01,Wed,2330,DA,CE1C,133A 423A 929 ,MP,R,D,DO,FS,D,N,C,50,0,0,0,,,1748645,5424212,-41.31986969,174.7760241
Wellington City,LYALL PARADE,20,E, ,FREYBERG ST,2151972,24/03/01,Sat,1740,MC,CE1C,372B ,,R,D,B ,F , ,N,N,50,0,0,0,,,1750098,5423063,-41.32994536,174.7936603
Wellington City,LYALL PARADE,100,W, ,ONEPU ROAD,2153225,5/07/01,Thu,700,EA,BE1C,129A ,M,R,W,DO,F , ,N,P,50,0,0,0,,,1750154,5423097,-41.32962882,174.7943208
Wellington City,LYALL PARADE,, ,I,ONEPU ROAD,2113095,10/11/01,Sat,1340,DA,CS1C,111A 132A ,M,E,D,B ,F ,T,G,R,50,0,0,1,,,1750244,5423148,-41.32915288,174.7953832
Wellington City,LYALL PARADE,, ,I,TIRANGI ROAD,2154455,5/09/01,Wed,1245,JA,CE1V,303B 375B ,,R,D,O ,F ,T,N,P,50,0,0,0,,,1750776,5423285,-41.32782011,174.8017034
Wellington City,MACDONALD CRESCENT,60,E, ,THE TERRACE,2154914,27/09/01,Thu,1340,EE,CW1C,129A 374B ,Q,R,D,B ,F , ,N,C,50,0,0,0,,,1748359,5427446,-41.29080523,174.7718199
Wellington City,MAHORA ST,30,N, ,COUTTS ST,2111535,26/01/01,Fri,1610,NA,CE1E,712B 713B 727B ,,R,D,O ,F , ,N,C,50,0,0,1,6,,1750389,5424151,-41.32009554,174.7968669
Wellington City,MAIDA VALE ROAD,100,N, ,EVANS BAY PARADE,2156165,11/12/01,Tue,100,DB,CN1CC,111A 132A ,M,M,D,DN,L , ,N,N,50,0,0,0,,,1750890,5427195,-41.29259593,174.8020951
Wellington City,MAIDA VALE ROAD,100,S, ,GRAFTON ROAD,2151786,12/04/01,Thu,1146,DA,CN1,386A ,C,M,D,O ,F , ,N,N,50,0,0,0,,,1750935,5427611,-41.28884214,174.8025291
Wellington City,MAIN ROAD,30,N, ,ESSEX ST,2151309,11/04/01,Wed,1724,MF,BN1CC,386A ,,R,D,TF,F , ,N,P,50,0,0,0,,,1753097,5440833,-41.1693935,174.8250218
Wellington City,MAIN ROAD,, ,I,LINCOLN AVENUE,2155067,23/11/01,Fri,1450,JA,CN1C,302A 375A ,,R,W,O ,L ,T,G,C,50,0,0,0,,,1753102,5440936,-41.16846521,174.8250556
Wellington City,MAIN ROAD,50,N, ,LYNDHURST ROAD,2150472,21/02/01,Wed,1638,ME,SN1C,158A 355B 372B ,,R,D,B ,F , ,N,C,50,0,0,0,,36,1753082,5440656,-41.17098994,174.8248873
Wellington City,MAIN ROAD,100,N, ,LYNDHURST ROAD,2154488,4/10/01,Thu,1340,FC,VS1CCV,501A ,MM,R,D,B ,F , ,N,X,50,0,0,0,,,1753087,5440706,-41.17053882,174.8249344
Wellington City,MAIN ROAD,200,N, ,LYNDHURST ROAD,2155558,5/12/01,Wed,1725,MF,TS1C,373B ,,R,D,O ,F , ,N,C,50,0,0,0,,,1753096,5440806,-41.16963678,174.8250166
Wellington City,MAIN ROAD,60,S, ,LYNDHURST ROAD,2151497,5/04/01,Thu,1543,MF,CS1C,371B ,,R,D,O ,F , ,N,C,50,0,0,0,,,1753067,5440529,-41.1721362,174.8247403
Wellington City,MAIN ROAD,, ,I,MCLELLAN ST,2151627,1/05/01,Tue,840,FD,TN1CC,181A ,,R,D,B ,F ,T,G,C,50,0,0,0,,,1753333,5441667,-41.16184008,174.827625
Wellington City,MAIN ROAD,150,S, ,REDWOOD AVENUE N,2153493,13/08/01,Mon,2200,EA,CN1C,358A ,M,R,W,DO,L , ,N,C,50,0,0,0,,,1753091,5439816,-41.17855108,174.8252045
Wellington City,MAIN ROAD,, ,I,REDWOOD AVENUE N,2153805,31/08/01,Fri,750,JA,CN1C,302B 375B ,,R,D,B ,F ,T,G,C,50,0,0,0,,,1753115,5439964,-41.17721405,174.8254535
Wellington City,MAIN ROAD,, ,I,REDWOOD AVENUE N,2152956,7/07/01,Sat,1230,LB,CN1C,303B ,,E,D,B ,F ,T,G,C,50,0,0,0,,,1753115,5439964,-41.17721405,174.8254535
Wellington City,MAIN ROAD,, ,I,SURREY ST,2155212,16/11/01,Fri,1010,MC,CN1C,387A 372B ,,R,D,B ,F ,T,G,C,50,0,0,0,,,1753127,5441035,-41.16756915,174.8253287
Wellington City,MAIN ROAD,20,S, ,THE DRIVE,2151735,29/04/01,Sun,300,DB,CN1,131A ,S,E,D,DO,F , ,N,R,50,0,0,0,,,1753099,5440128,-41.17574051,174.8252218
Wellington City,MAIN ROAD,20,S, ,VICTORY CRESCENT,2111951,12/06/01,Tue,1532,NA,CS1E,713B ,,R,D,B ,F , ,N,C,50,0,0,1,9,,1753155,5441108,-41.16690661,174.8256441
Wellington City,MAIN ROAD,, ,I,VICTORY CRESCENT,2111865,6/07/01,Fri,1334,NB,CS1E,711B ,,R,D,B ,F ,T,G,C,50,0,0,1,71,,1753164,5441126,-41.16674285,174.8257468
Wellington City,MAIN ROAD,, ,I,VICTORY CRESCENT,2152837,28/06/01,Thu,1725,LB,CN1C,145A 387B ,,R,D,DO,L ,T,G,C,50,0,0,0,,,1753164,5441126,-41.16674285,174.8257468
Wellington City,MAIN ROAD,100,W, ,WILLOWBANK ROAD,2155419,1/12/01,Sat,1217,FD,VS1C,331A ,,R,D,O ,F , ,N,C,50,0,0,0,,,1753230,5439065,-41.18528634,174.8270489
Wellington City,MAIN ROAD,, ,I,WILLOWBANK ROAD,2150473,16/02/01,Fri,810,LB,TW1C,303B ,,R,W,O ,F ,X,S,C,50,0,0,0,,,1753316,5439020,-41.18567522,174.8280851
Wellington City,MAIRANGI ROAD,, ,I,WARWICK ST,2156299,13/07/01,Fri,2245,GE,4W1X,103A 160A ,,E,D,DO,F ,T,N,C,50,0,0,0,,,1747927,5430061,-41.26734032,174.766028
Wellington City,MAJORIBANKS ST,50,W, ,LIPMAN ST,2150405,19/01/01,Fri,1700,MA,CE1C,129A 373B ,,R,D,B ,F , ,N,C,50,0,0,0,,,1749424,5427047,-41.29420115,174.784631
Wellington City,MAKARA ROAD,2000,N, ,SOUTH MAKARA ROAD,2152116,20/05/01,Sun,100,DB,CN1,111A 132A ,EF,M,D,DN,F , ,N,C,100,0,0,0,,,1743645,5431367,-41.25635408,174.7146219
Wellington City,MANCHESTER ST,, ,I,DANIELL ST,2150896,21/02/01,Wed,2240,DB,CW1,195A ,F,M,D,DO,F ,T,N,X,50,0,0,0,,,1749333,5424257,-41.31933743,174.7842295
Wellington City,MANNERS ST,40,W, ,TARANAKI ST,2111633,23/04/01,Mon,1815,EE,SE1X,374B ,Q,R,D,DO,F , ,N,C,50,0,0,1,,19,1748921,5427276,-41.29223233,174.7785702
Wellington City,MARAMANUI WAY,, ,I,GLENVILLE ROAD,2112506,13/08/01,Mon,1330,DC,VS1,506A ,E,E,D,B ,F ,T,N,N,50,0,1,0,,,1753197,5425989,-41.30301921,174.829938
Wellington City,MAREWA ROAD,60,N, ,UPOKO ROAD,2152153,5/05/01,Sat,1950,EA,CS1C,129A 402A ,M,M,W,DO,L , ,N,N,50,0,0,0,,,1750298,5426378,-41.30006211,174.7952298
Wellington City,MARION ST,60,S, ,GHUZNEE ST,2112131,10/07/01,Tue,1130,NB,CN1E,371A ,,R,D,O ,F , ,N,N,50,0,1,0,77,,1748744,5427072,-41.29410166,174.7765071
Wellington City,MARION ST,30,S, ,SH 1N,2153024,12/07/01,Thu,1430,MB,CS1C,300B ,,R,D,O ,F , ,N,N,50,0,0,0,,,1748707,5426990,-41.29484676,174.7760855
Wellington City,MARION ST,10,N, ,VIVIAN ST,2152204,23/05/01,Wed,1620,JA,CS1C,308B 926 ,,R,D,O ,F ,D,N,C,50,0,0,0,,,1748698,5426971,-41.29501949,174.7759827
Wellington City,MARK AVENUE,, ,I,BEAZLEY AVENUE,2156176,9/12/01,Sun,1400,JA,CN1C,309A 375A ,,M,W,O ,LS,T,N,C,50,0,0,0,,,1752401,5435862,-41.21428053,174.8179671
Wellington City,MARK AVENUE,, ,I,BEAZLEY AVENUE,2112503,4/09/01,Tue,2015,MO,CS1,133A 423A 929 ,FH,M,D,DO,F ,D,N,C,50,0,0,1,,,1752401,5435862,-41.21428053,174.8179671
Wellington City,MARK AVENUE,100,N, ,CARA CRESCENT,2152847,22/06/01,Fri,1520,DA,CS1V,111A 132A 801 ,M,M,W,B ,FS, ,N,C,50,0,0,0,,,1752391,5436054,-41.21255377,174.8178
Wellington City,MASSEY ROAD,450,N, ,FORT BALLANCE ROAD,2111265,28/01/01,Sun,1330,DB,CN1,111A ,E,M,D,B ,F , ,N,C,50,0,1,1,,,1753510,5427517,-41.28920291,174.8332896
Wellington City,MASSEY ROAD,370,N, ,FORTIFICATION ROAD,2153929,10/08/01,Fri,2230,DB,CE1,135A 357A 404A 801 ,E,S,W,DN,H , ,N,C,50,0,0,0,,,1753674,5426684,-41.29667133,174.8354575
Wellington City,MASSEY ROAD,500,N, ,FORTIFICATION ROAD,2111713,9/05/01,Wed,2138,DB,CE1,332A 353A ,E,M,W,DN,H , ,N,C,50,0,0,2,,,1753738,5426793,-41.2956778,174.836194
Wellington City,MAUPUIA ROAD,25,N, ,ARANUI ST,2151607,11/03/01,Sun,1715,AC,CW1C,121A ,,S,D,TF,F , ,N,C,50,0,0,0,,,1751828,5425012,-41.31207413,174.813837
Wellington City,MAUPUIA ROAD,200,N, ,MIRAMAR AVENUE,2112038,5/07/01,Thu,840,DB,CS1C,135A 197A 802 ,,E,I,O ,FF, ,N,C,50,0,0,1,,,1751805,5424890,-41.31317685,174.8135929
Wellington City,MAY ON NBD,30,S, ,SH 1N,2154536,28/09/01,Fri,1730,FA,CN1X,331A 353A 191B ,,E,D,B ,L , ,N,R,100,0,0,0,,,1748995,5429624,-41.27107858,174.7788793
Wellington City,MCFARLANE ST,, ,I,ROXBURGH ST,2156259,25/12/01,Tue,1325,MG,CS1C,371A ,,R,D,B ,F ,T,N,N,50,0,0,0,,,1749676,5427186,-41.29290299,174.7876052
Wellington City,MEIN ST,, ,I,DANIELL ST,2151608,14/04/01,Sat,1035,EA,VE1C,108A ,M,R,D,B ,F ,T,N,C,50,0,0,0,,,1749130,5425238,-41.31054268,174.7815646
Wellington City,MEIN ST,, ,I,MINERVA ST,2113096,3/11/01,Sat,2355,HA,VE1C,300B ,,R,W,DO,L ,X,N,C,50,0,0,1,,,1749056,5425223,-41.31069141,174.7806847
Wellington City,MEIN ST,, ,I,MINERVA ST,2153841,14/08/01,Tue,2025,JA,CW1C,309B 839 ,,R,W,DO,LS,T,N,L,50,0,0,0,,,1749056,5425223,-41.31069141,174.7806847
Wellington City,MEIN ST,50,W, ,OWEN ST,2156167,7/12/01,Fri,905,CA,CW1CC,350A ,M,R,D,O ,F , ,N,L,50,0,0,0,,,1749251,5425262,-41.31030422,174.7830036
Wellington City,MEXTED TERRACE,, ,I,TREMEWAN ST,2155205,21/11/01,Wed,2210,HA,CE1C,302A 375A ,,R,W,DO,M ,X,G,C,50,0,0,0,,,1754213,5442260,-41.15633422,174.8379596
Wellington City,MIDDLETON ROAD,100,N, ,GLENSIDE ROAD,2155082,3/11/01,Sat,1114,DB,CS1TC,110A 135A 150A 823 901 ,MP,E,W,O ,HS, ,N,C,50,0,0,0,,,1751975,5436886,-41.20514116,174.8126333
Wellington City,MIDDLETON ROAD,80,N, ,HALSWATER DRIVE,2112384,8/08/01,Wed,1020,BE,CS1C,130A 524A ,,R,W,O ,F , ,N,L,50,0,0,1,,,1751896,5436670,-41.20710072,174.8117452
Wellington City,MIDDLETON ROAD,300,N, ,HELSTON ROAD,2111342,16/03/01,Fri,1245,EA,SN1C,105A 128A ,M,E,D,B ,F , ,N,C,50,0,1,0,,24,1751685,5435437,-41.21824147,174.8095356
Wellington City,MIDDLETON ROAD,500,N, ,ROWELLS ROAD,2154820,5/10/01,Fri,1100,DB,CN1,111A ,C,M,D,O ,F , ,N,C,100,0,0,0,,,1752645,5437541,-41.19911792,174.8204572
Wellington City,MIDDLETON ROAD,, ,I,WESTCHESTER DRIVE,2112127,28/05/01,Mon,1105,LB,VW1C,303B ,,R,D,B ,F ,T,G,R,50,0,0,1,,,1752251,5437033,-41.20376581,174.815887
Wellington City,MIDDLETON ROAD,500,S, ,WILLOWBANK ROAD,2111738,28/02/01,Wed,810,DB,CS1,111A 136A 632A ,C,M,D,B ,F , ,N,C,100,0,0,2,,,1753183,5438184,-41.19322718,174.8267093