TLA NAME,CRASH ROAD,CRASH DIST,CRASH DIRN,INTSN,SIDE ROAD,CRASH ID,CRASH DATE,CRASH DOW,CRASH TIME,MVMT,VEHICLES,CAUSES,OBJECTS STRUCK,ROAD CURVE,ROAD WET,LIGHT,WTHRa,JUNC TYPE,TRAF CTRL,ROAD MARK,SPD LIM,CRASH FATAL CNT,CRASH SEV CNT,CRASH MIN CNT,PERS AGE1,PERS AGE2,EASTING,NORTHING,latitude,longitude
Wellington City,MIRAMAR AVENUE,200,W, ,PARK ROAD,2154158,10/09/01,Mon,1350,JA,CE1C,308A 377B 927 ,,R,D,O ,F ,D,N,P,50,0,0,0,,,1751845,5424641,-41.31541112,174.8141327
Wellington City,MIRAMAR AVENUE,, ,I,PARK ROAD,2150634,6/02/01,Tue,1450,KB,CW1T,302A 375A ,T,R,D,B ,F ,T,G,R,50,0,0,0,,,1752017,5424540,-41.31628805,174.8162119
Wellington City,MIRAMAR AVENUE,, ,I,PARK ROAD,2152206,24/05/01,Thu,1350,KB,VW1C,302B ,,R,D,O ,FS,T,G,R,50,0,0,0,,,1752017,5424540,-41.31628805,174.8162119
Wellington City,MIRAMAR AVENUE,30,W, ,SHELLY BAY ROAD,2154165,29/08/01,Wed,105,CA,CW1C,645A 191B ,I,R,D,DO,FF,T,N,R,50,0,0,0,,,1751666,5424727,-41.31467053,174.8119737
Wellington City,MIRAMAR AVENUE,10,E, ,STONE ST,2153729,13/08/01,Mon,1525,NB,CW1E,713B 726B ,,R,D,B ,F ,T,N,C,50,0,0,0,6,,1751958,5424574,-41.31599306,174.8154988
Wellington City,MIRAMAR AVENUE,50,W, ,STONE ST,2111986,31/05/01,Thu,1612,NA,CW1E,306A ,,R,D,B ,F , ,N,X,50,0,0,1,43,,1751906,5424604,-41.31573276,174.8148704
Wellington City,MIRAMAR AVENUE,100,W, ,STONE ST,2154334,7/07/01,Sat,1900,EA,CW1CC,129A ,M,R,D,DO,F , ,N,C,50,0,0,0,,,1751863,5424630,-41.31550677,174.8143504
Wellington City,MIRAMAR AVENUE,, ,I,STONE ST,2151865,24/04/01,Tue,1330,JA,CW1C,309B ,,R,D,B ,F ,T,N,C,50,0,0,0,,,1751949,5424579,-41.31594974,174.8153901
Wellington City,MITCHELL ST,, ,I,TODMAN ST,2112206,12/06/01,Tue,740,BC,BN2S,111A 122A ,CK,S,D,O ,F ,Y,N,N,50,0,0,1,,27,1747309,5425847,-41.30539414,174.7596727
Wellington City,MOA POINT ROAD,, ,I,TIRANGI ROAD,2150639,19/01/01,Fri,1300,JA,CE1C,302B ,,E,D,B ,F ,Y,G,R,50,0,0,0,,,1750762,5423274,-41.32792176,174.801539
Wellington City,MOELLER ST,10,S, ,HAWKER ST,2151864,18/02/01,Sun,200,DA,CS1C,103A ,MP,S,D,DO,F ,T,N,N,50,0,0,0,,,1749953,5427269,-41.2921043,174.7908914
Wellington City,MOLESWORTH ST,, ,I,HILL ST,2151206,5/03/01,Mon,1709,HA,CN1C,302B ,,R,D,B ,F ,X,G,R,50,0,0,0,,,1748889,5428972,-41.27696838,174.7777736
Wellington City,MOLESWORTH ST,, ,I,HILL ST,2156197,13/12/01,Thu,1100,KA,XN1C,372A 375B ,,R,D,O ,F ,X,S,C,50,0,0,0,,,1748889,5428972,-41.27696838,174.7777736
Wellington City,MOLESWORTH ST,, ,I,HILL ST,2156177,10/12/01,Mon,1000,LB,CE2C,303A ,,R,W,O ,L ,X,G,C,50,0,0,0,,,1748889,5428972,-41.27696838,174.7777736
Wellington City,MOLESWORTH ST,, ,I,MAY ST,2156182,28/12/01,Fri,800,DA,BN1,122A 385A ,P,R,D,O ,F ,T,N,C,50,0,0,0,,,1748908,5429342,-41.2736336,174.77791
Wellington City,MOLESWORTH ST,5,S, ,PIPITEA ST,2156117,19/12/01,Wed,1056,MA,XN1C,381B ,,R,W,B ,L ,T,G,C,50,0,0,0,,,1748897,5429134,-41.27550835,174.7778295
Wellington City,MOLESWORTH ST,50,S, ,PIPITEA ST,2150409,5/02/01,Mon,835,FA,CN1C,331A ,,R,D,B ,F , ,N,C,50,0,0,0,,,1748895,5429089,-41.27591387,174.7778166
Wellington City,MONORGAN ROAD,50,N, ,RAUKAWA ST,2154886,18/10/01,Thu,1630,EA,CN1C,129A 358A ,Q,R,D,B ,F , ,N,C,50,0,0,0,,,1752152,5423246,-41.32791272,174.8181479
Wellington City,MONORGAN ROAD,60,S, ,WALDEN ST,2154968,2/11/01,Fri,1645,BC,CN1C,121A ,,E,D,B ,F , , ,C,50,0,0,0,,,1752242,5422921,-41.33082176,174.8193042
Wellington City,MONORGAN ROAD,60,S, ,WALDEN ST,2154100,15/09/01,Sat,1350,EA,CN1C,131A ,M,M,D,O ,F , ,N,C,50,0,0,0,,,1752242,5422921,-41.33082176,174.8193042
Wellington City,MONRO ST,, ,I,DUNDAS ST,2156186,2/12/01,Sun,1920,HA,CE1C,309A ,,R,D,O ,F ,X,N,C,50,0,0,0,,,1753488,5423732,-41.32328397,174.8339819
Wellington City,MOOREFIELD ROAD,, ,I,BRODERICK ROAD,2150889,18/02/01,Sun,1620,LB,CS1C,303B ,,R,D,O ,F ,X,T,P,50,0,0,0,,,1751177,5434767,-41.22436882,174.8036441
Wellington City,MOOREFIELD ROAD,, ,I,BRODERICK ROAD,2154730,6/10/01,Sat,1545,LB,CN1CC,303B 375B ,,R,D,B ,F ,X,T,C,50,0,0,0,,,1751177,5434767,-41.22436882,174.8036441
Wellington City,MOOREFIELD ROAD,, ,I,BRODERICK ROAD,2155489,17/11/01,Sat,1200,LB,CS1C,303B ,,R,D,B ,FF,X,T,C,50,0,0,0,,,1751177,5434767,-41.22436882,174.8036441
Wellington City,MOOREFIELD ROAD,, ,I,BRODERICK ROAD,2111180,8/02/01,Thu,1239,LB,CS1C,303B ,,R,D,B ,F ,X,T,P,50,0,0,1,,,1751177,5434767,-41.22436882,174.8036441
Wellington City,MOOREFIELD ROAD,15,N, ,FRANKMOORE AVENUE,2111987,25/05/01,Fri,1515,NA,CN1E,376A 717B ,,R,D,B ,F , ,N,X,50,0,0,1,19,,1751387,5435010,-41.22214173,174.8060881
Wellington City,MOOREFIELD ROAD,10,S, ,FRANKMOORE AVENUE,2111489,28/01/01,Sun,1158,NA,CN1E,712B ,,R,D,B ,F ,T,N,C,50,0,0,1,6,,1751368,5434994,-41.22228934,174.8058655
Wellington City,MOOREFIELD ROAD,30,N, ,HAUMIA ST,2112051,21/06/01,Thu,1506,NB,VS1E,306A ,,E,D,O ,F ,R,G,X,50,0,1,0,12,,1750908,5434242,-41.22914583,174.8005659
Wellington City,MOOREFIELD ROAD,25,S, ,IRONSIDE ROAD,2111015,17/01/01,Wed,1625,FD,VN1CC,358A ,,R,D,B ,F , ,N,R,50,0,0,1,,,1751512,5435150,-41.22085786,174.807544
Wellington City,MOOREFIELD ROAD,30,W, ,JOHNSONVILLE ROAD,2151737,3/04/01,Tue,920,GA,VE1C,181A 331A 926 ,,R,D,B ,F ,D,N,P,50,0,0,0,,,1751458,5435057,-41.22170528,174.8069231
Wellington City,MOOREFIELD ROAD,, ,I,JOHNSONVILLE ROAD,2154338,15/07/01,Sun,400,HA,CS1C,302A ,,E,W,DO,F ,R,G,P,50,0,0,0,,,1751503,5435082,-41.22147177,174.8074535
Wellington City,MOOREFIELD ROAD,, ,I,JOHNSONVILLE ROAD,2151506,2/02/01,Fri,1400,HA,CS1C,302A ,,E,D,B ,F ,R,G,R,50,0,0,0,,,1751503,5435082,-41.22147177,174.8074535
Wellington City,MOOREFIELD ROAD,, ,I,JOHNSONVILLE ROAD,2152112,7/05/01,Mon,820,HA,CS1C,302A 377A ,,R,D,O ,F ,R,G,R,50,0,0,0,,,1751503,5435082,-41.22147177,174.8074535
Wellington City,MOOREFIELD ROAD,, ,I,JOHNSONVILLE ROAD,2112429,8/09/01,Sat,1850,FB,CN1C,331A 353A ,,E,D,DO,F ,R,G,R,50,0,0,1,,,1751480,5435067,-41.22161113,174.807183
Wellington City,MOORHOUSE ST,5,N, ,FITZROY ST,2156373,27/12/01,Thu,2330,QD,CN1V,510A ,M,R,D,O ,F ,X,N,N,50,0,0,0,,,1748866,5430599,-41.26232397,174.7771017
Wellington City,MOUNT ALBERT ROAD,200,S, ,LAVAUD ST,2152381,18/05/01,Fri,1616,BB,CN1C,111A 351A ,,S,D,TF,F , ,N,C,50,0,0,0,,,1748930,5423587,-41.32544422,174.7795809
Wellington City,MOUNT ALBERT ROAD,200,S, ,LAVAUD ST,2155041,16/10/01,Tue,1805,DB,CN1,131A 132A ,F,M,W,O ,L , ,N,C,50,0,0,0,,,1748930,5423587,-41.32544422,174.7795809
Wellington City,MOUNT ALBERT ROAD,200,S, ,LAVAUD ST,2155051,11/10/01,Thu,1630,BC,CN1C,111A 121A ,,M,D,B ,F , ,N,C,50,0,0,0,,,1748930,5423587,-41.32544422,174.7795809
Wellington City,MOXHAM AVENUE,40,S, ,TAURIMA ST,2111465,2/03/01,Fri,705,MD,SS1C,308B 371B 839 929 ,,R,W,O ,L ,D,N,C,50,0,0,1,,22,1750165,5425837,-41.30495768,174.7937755
Wellington City,MOXHAM AVENUE,15,S, ,WAITOA ROAD,2152820,18/06/01,Mon,420,QD,CS1,428A ,F,R,W,DO,L , ,N,C,50,0,0,0,,,1750198,5425922,-41.30418625,174.7941485
Wellington City,MULGRAVE ST,20,S, ,AITKEN ST,2152603,30/05/01,Wed,1111,GC,TS1C,171A 930 ,,R,W,O ,F ,D,N,C,50,0,0,0,,,1749063,5428943,-41.27719739,174.7798574
Wellington City,MULGRAVE ST,, ,I,AITKEN ST,2153896,29/08/01,Wed,1115,QD,CN2,428A ,F,R,W,O ,F ,T,G,C,50,0,0,0,,,1749064,5428963,-41.27701713,174.7798644
Wellington City,MULGRAVE ST,, ,I,LAMBTON QUAY,2152923,2/07/01,Mon,710,BD,CS1B,353A 817 ,,E,D,O ,F ,X,T,R,50,0,0,0,,,1749069,5428859,-41.27795257,174.7799495
Wellington City,MURCHISON ST,, ,I,DOMANSKI CRESCENT,2111580,1/03/01,Thu,905,BC,VE1C,412A ,,M,D,B ,F ,T,N,C,50,0,0,3,,,1747278,5422515,-41.33539939,174.7601097
Wellington City,MURPHY OFF SBD,40,W, ,SH 1N,2151756,13/04/01,Fri,625,DB,CS1,111A 505A ,G,M,W,TO,F , ,N,N,50,0,0,0,,,1749063,5429647,-41.27085896,174.7796851
Wellington City,MURPHY ST,30,N, ,LITTLE PIPITEA ST,2151170,9/03/01,Fri,1440,GD,CS1C,925,,R,D,B ,F ,D,N,N,50,0,0,0,,,1749026,5429212,-41.27478229,174.77935
Wellington City,MURPHY ST,, ,I,PIPITEA ST,2154333,12/08/01,Sun,2300,DA,CS1CCC,103A 131A ,M,R,D,DO,F ,X,T,C,50,0,0,0,,,1749061,5429129,-41.27552312,174.779788
Wellington City,MUSEUM ST,70,N, ,BOWEN ST,2111341,12/03/01,Mon,830,MO,SS1C,112A 331A 926 ,,R,D,O ,F ,D,N,C,50,0,0,1,,16,1748712,5428842,-41.27817145,174.7756929
Wellington City,NAIRN ST,, ,I,THOMPSON ST,2156175,7/12/01,Fri,1730,JA,CN1V,382A 385A 832 ,,E,W,O ,L ,M,G,C,50,0,0,0,,,1748221,5426382,-41.30041027,174.7704316
Wellington City,NEWLANDS OFF NBD,200,N, ,SH 1N,2112633,13/11/01,Tue,2230,DA,CN1,111A ,BP,M,W,DO,L , ,N,N,100,0,1,0,,,1751460,5433737,-41.23358938,174.8072743
Wellington City,NEWLANDS OFF NBD,340,N, ,SH 1N,2150888,10/02/01,Sat,1132,DA,CN1,352A ,G,M,D,B ,F , ,N,R,50,0,0,0,,,1751480,5433874,-41.23235218,174.8074788
Wellington City,NEWLANDS OFF NBD,500,N, ,SH 1N,2112827,8/12/01,Sat,1700,DA,CN1,111A 801 ,I,M,W,O ,L , ,N,R,50,0,0,1,,,1751629,5433924,-41.23187409,174.8092434
Wellington City,NEWLANDS ON NBD,30,W, ,NEWLANDS OFF NBD,2152102,3/05/01,Thu,2045,DB,CW1,111A ,G,S,W,DO,L , ,N,R,50,0,0,0,,,1751508,5433886,-41.23223889,174.8078098
Wellington City,NEWLANDS ROAD,30,N, ,BLACK ROCK ROAD,2111360,9/02/01,Fri,2040,CA,SS1,112A 128A ,,R,D,TF,F , ,N,C,50,0,1,0,,57,1752432,5434323,-41.22813084,174.8187207
Wellington City,NEWLANDS ROAD,40,S, ,BRACKEN ROAD,2150534,30/01/01,Tue,1840,FA,CS1C,331A ,,R,D,B ,F , ,N,C,50,0,0,0,,,1752825,5434814,-41.22363607,174.8232846
Wellington City,NEWLANDS ROAD,100,W, ,HURRING PLACE,2154815,4/07/01,Wed,637,CB,CS1C,135A 802 ,Q,E,I,DO,FF, ,N,C,50,0,0,0,,,1751845,5433972,-41.23140141,174.8118076
Wellington City,NEWLANDS ROAD,, ,I,HURRING PLACE,2152553,14/06/01,Thu,1240,JA,CW1C,302B ,,E,D,O ,F ,T,G,C,50,0,0,0,,,1751945,5433974,-41.23136463,174.8129997
Wellington City,NEWLANDS ROAD,50,E, ,NEWLANDS ON SBD,2153016,4/07/01,Wed,615,CB,CS1,135A 802 ,C,R,I,TO,FF, ,N,C,50,0,0,0,,,1751903,5433973,-41.23138152,174.8124991
Wellington City,NEWLANDS ROAD,40,S, ,STELLA GROVE,2156365,5/10/01,Fri,1910,EA,CN1C,103A ,M,R,D,DO,F , ,N,P,50,0,0,0,,,1752484,5434503,-41.22650044,174.8192959
Wellington City,NEWLANDS ROAD,30,N, ,WAKELY ROAD,2152089,22/03/01,Thu,1635,EA,VN1C,129A 353A ,M,R,D,B ,F , ,N,C,50,0,0,0,,,1752376,5434155,-41.22965395,174.8180947
Wellington City,NEWTOWN AVENUE,25,E, ,RIDDIFORD ST,2152558,6/06/01,Wed,1640,KB,CW1C,377B 926 ,,R,D,O ,F ,D,N,N,50,0,0,0,,,1749017,5424829,-41.31424595,174.7803155
Wellington City,NEWTOWN AVENUE,40,E, ,RIDDIFORD ST,2151740,9/04/01,Mon,1750,KB,CW1C,308A 377B 839 926 ,,R,D,O ,F , ,N,C,50,0,0,0,,,1749031,5424832,-41.31421635,174.780482
Wellington City,NGAURANGA ON NBD,80,S, ,SH 2,2156372,31/07/01,Tue,1536,DA,CW1,111A ,C,S,W,O ,F , ,N,R,100,0,0,0,,,1752192,5432326,-41.24615568,174.8163564
Wellington City,NGAURANGA ON NBD,170,S, ,SH 2,2156284,3/11/01,Sat,700,DA,CS1,103A 111A ,G,M,W,O ,H , ,N,C,100,0,0,0,,,1752134,5432258,-41.24677882,174.8156814
Wellington City,NORNA CRESCENT,20,W, ,RAROA ROAD,2156095,19/12/01,Wed,753,BB,CN1X,111A ,,E,W,O ,L , ,N,N,50,0,0,0,,,1747213,5427558,-41.29000664,174.7581126
Wellington City,NORTHLAND ROAD,30,E, ,GARDEN ROAD,2155053,6/10/01,Sat,1945,MO,CW1C,512A ,MF,E,D,DO,F , ,N,C,50,0,0,0,,,1747214,5428305,-41.28328081,174.7579439
Wellington City,NORTHLAND ROAD,, ,I,KAIHUIA ST,2155926,29/12/01,Sat,2020,BB,CN1B,123A 129B ,,M,D,B ,F ,X,N,C,50,0,0,0,,,1747351,5428738,-41.27935729,174.7594744
Wellington City,NORTHLAND ROAD,, ,I,NORTHLAND TUNNEL ROAD,2152238,8/06/01,Fri,2240,JA,CS1X,302A ,,R,D,DO,F ,T,G,C,50,0,0,0,,,1747066,5428226,-41.28401906,174.7561965
Wellington City,NORWAY ST,20,N, ,THULE ST,2155280,4/10/01,Thu,1541,CC,CN1C,108A 125A 204A ,M,R,D,O ,F , ,N,N,50,0,0,0,,,1747414,5427334,-41.29198675,174.7605662
Wellington City,OHARIU ROAD,, ,I,BASSETT ROAD,2152377,11/04/01,Wed,850,JA,CN1V,145A 302A ,,E,D,B ,F ,T,G,C,50,0,0,0,,,1751506,5435417,-41.21845507,174.8074062
Wellington City,OHARIU ROAD,, ,I,MORGAN ST,2151890,28/04/01,Sat,1145,BC,BW1C,122A ,,E,D,B ,F ,T,G,P,50,0,0,0,,,1751403,5435415,-41.21849235,174.8061785
Wellington City,OHARIU VALLEY ROAD,20,S, ,BOOM ROCK ROAD,2110062,13/06/01,Wed,1820,NB,CN1E,720B 911 ,,R,D,DN,F , ,N,N,100,1,0,0,36,,1749914,5438629,-41.18983223,174.7876357
Wellington City,OHARIU VALLEY ROAD,1700,E, ,RIFLE RANGE ROAD,2152101,10/03/01,Sat,1415,BB,CE1C,123A ,,M,D,O ,F , ,N,C,100,0,0,0,,,1749805,5436193,-41.211785,174.7869333
Wellington City,OHARIU VALLEY ROAD,2000,N, ,RIFLE RANGE ROAD,2112359,26/08/01,Sun,1550,BB,CN1C,123A 818 831 ,,S,D,BF,F , ,N,C,100,0,0,6,,,1749564,5438160,-41.19411959,174.7835788
Wellington City,OHIRO ROAD,50,S, ,ARO ST,2151724,2/04/01,Mon,    ,BC,VN1C,131A 801 ,,S,W,O ,L , ,N,N,50,0,0,0,,,1748129,5426843,-41.29627656,174.769221
Wellington City,OHIRO ROAD,100,N, ,HAPPY VALLEY ROAD,2111096,19/01/01,Fri,1620,DA,VN1,195A ,V,E,D,B ,F , ,N,C,50,0,0,1,,,1747245,5423909,-41.32285459,174.7593778
Wellington City,OHIRO ROAD,, ,I,MCKINLEY CRESCENT,2152572,5/06/01,Tue,1003,KB,CN1C,303B 375B ,,R,D,B ,F ,T,N,N,50,0,0,0,,,1747596,5425718,-41.30650314,174.7631308
Wellington City,OHIRO ROAD,20,N, ,REUBEN AVENUE,2156311,24/11/01,Sat,1510,FA,CS1C,151A 181A 191A 691A ,,E,D,O ,F ,T,N,C,50,0,0,0,,,1747561,5425623,-41.30736487,174.7627359
Wellington City,OHIRO ROAD,, ,I,TODMAN ST,2111488,8/03/01,Thu,1926,LB,CN1V,375B ,,R,D,TN,F ,X,T,X,50,0,0,1,,,1747614,5425844,-41.30536541,174.7633151
Wellington City,OLD KARORI ROAD,50,E, ,KARORI ROAD,2153237,18/06/01,Mon,301,EC,TE1,683A ,X,E,W,DO,L , ,N,C,50,0,0,0,,,1746671,5428618,-41.28056151,174.7513873
Wellington City,OLD PORIRUA ROAD,160,N, ,KAIWHARAWHARA ROAD,2113153,11/12/01,Tue,1015,BF,VE1C,132A 386A ,,M,W,O ,F , ,N,N,50,0,1,0,,,1749531,5431103,-41.25766345,174.784913
Wellington City,OMAR ST,50,W, ,MADRAS ST,2153864,4/08/01,Sat,255,CC,VN1C,103A 359A ,M,R,D,DO,F , ,N,C,50,0,0,0,,,1750421,5432892,-41.24139118,174.7950906
Wellington City,ONEPU ROAD,, ,I,COUTTS ST,2150416,26/01/01,Fri,2200,LB,CN1C,303A ,,R,D,DO,F ,X,T,C,50,0,0,0,,,1750286,5424148,-41.32014175,174.7956376
Wellington City,ONEPU ROAD,, ,I,COUTTS ST,2111948,28/05/01,Mon,1205,HA,CW2CC,322B ,Q,R,D,O ,F ,X,T,C,50,0,0,2,,,1750286,5424148,-41.32014175,174.7956376
Wellington City,ONEPU ROAD,, ,I,RESOLUTION ST,2152294,21/05/01,Mon,1740,JA,MS1C,302B ,,R,D,DO,F ,T,G,P,50,0,0,0,,,1750256,5423698,-41.32419883,174.7953905
Wellington City,ONSLOW ROAD,500,W, ,HUTT ROAD,2155493,14/11/01,Wed,1010,BF,CN1B,133A ,,S,D,BF,F , ,N,C,50,0,0,0,,,1751067,5431716,-41.25185873,174.8030873
Wellington City,ORANGI KAUPAPA ROAD,100,S, ,BEDFORD ST,2111712,9/05/01,Wed,2000,DA,CS1,111A 423A ,BP,M,W,DO,M , ,N,N,50,0,0,1,,,1747663,5429008,-41.27686934,174.7631328
Wellington City,ORIENTAL PARADE,, ,I,CARLTON GORE ROAD,2111240,19/01/01,Fri,1708,LB,SS1V,197A 303B 377B ,,E,D,B ,F ,Y,N,C,50,0,0,1,,46,1750709,5427702,-41.28806506,174.7998089
Wellington City,ORIENTAL PARADE,50,W, ,GRASS ST,2151801,7/04/01,Sat,1920,FC,CW1C,181A 331A ,,R,D,TO,F , ,N,X,50,0,0,0,,,1750371,5427386,-41.29097315,174.7958524
Wellington City,ORIENTAL PARADE,50,E, ,HAY ST,2156156,19/12/01,Wed,1340,MA,CE1C,373A ,,R,D,O ,F , ,N,P,50,0,0,0,,,1750318,5427372,-41.29110906,174.7952232
Wellington City,ORIENTAL PARADE,200,E, ,HERD ST,2153862,19/08/01,Sun,1515,MA,VE1S,158B ,,R,D,O ,FS, ,N,C,50,0,0,0,,29,1749780,5427333,-41.2915602,174.7888105
Wellington City,ORIENTAL PARADE,300,E, ,HERD ST,2151519,26/03/01,Mon,1705,FC,CE1V,331A ,,R,D,B ,F , ,N,X,50,0,0,0,,,1749869,5427377,-41.29114753,174.7898621
Wellington City,ORIENTAL PARADE,300,E, ,HERD ST,2152539,9/06/01,Sat,1104,ME,CE1C,372A 371B ,,E,D,O ,FS, ,N,C,50,0,0,0,,,1749869,5427377,-41.29114753,174.7898621
Wellington City,ORIENTAL PARADE,, ,I,HERD ST,2154379,19/09/01,Wed,1925,JA,MN1C,302B 382B ,,M,D,DO,F ,T,G,C,50,0,0,0,,,1749580,5427319,-41.29172333,174.7864265
Wellington City,ORIENTAL PARADE,40,W, ,ORIENTAL TERRACE,2112504,19/09/01,Wed,1235,MA,SN1C,381B ,,E,D,B ,F , ,N,X,50,0,0,1,,35,1750134,5427355,-41.29129636,174.7930309
Wellington City,ORIENTAL PARADE,200,W, ,ORIENTAL TERRACE,2156190,23/11/01,Fri,1735,CA,CW1,108A 505A ,IS,R,W,O ,H , ,N,R,50,0,0,0,,,1750011,5427418,-41.29075202,174.7915471
Wellington City,ORIENTAL PARADE,, ,I,ORIENTAL TERRACE,2150153,20/01/01,Sat,1830,KA,VW1C,303B ,,R,D,TF,F ,T,N,C,50,0,0,0,,,1750174,5427350,-41.29133394,174.7935096
Wellington City,ORIENTAL PARADE,, ,A,PT JERNINGHAM,2153879,29/07/01,Sun,600,DA,CN1,111A 132A ,F,M,D,TO,F , ,N,C,50,0,0,0,,,1751016,5427925,-41.28599995,174.8034182
Wellington City,ORIENTAL PARADE,, ,I,RUSSELL TERRACE,2151537,28/02/01,Wed,1205,MB,CN2C,302A ,,E,D,B ,F ,R,G,R,50,0,0,0,,,1749038,5424543,-41.31681704,174.7806364
Wellington City,OTTAWA ROAD,5,N, ,AWARUA ST,2112130,22/02/01,Thu,1855,FC,VS1C,353A ,,E,D,B ,F ,T,N,X,50,0,0,1,,,1748716,5432247,-41.24751381,174.7749101
Wellington City,OTTAWA ROAD,80,S, ,AWARUA ST,2152565,11/04/01,Wed,1400,MO,CN1C,,M,R,D,B ,F , ,N,C,50,0,0,0,,,1748687,5432153,-41.24836548,174.7745871
Wellington City,OTTAWA ROAD,, ,I,AWARUA ST,2152666,7/06/01,Thu,1120,JA,CN1C,302B ,,M,D,OF,F ,T,G,C,50,0,0,0,,,1748698,5432243,-41.24755314,174.7746963
Wellington City,OTTAWA ROAD,5,S, ,COLWAY ST,2111687,27/04/01,Fri,1124,FD,CS1CC,331A ,,R,D,O ,F ,T,S,X,50,0,0,1,,,1748726,5432253,-41.24745795,174.7750279
Wellington City,OWEN ST,, ,I,WILSON ST,2112960,3/12/01,Mon,1820,HA,CS1CC,302B ,M,R,W,O ,L ,X,G,N,50,0,0,1,,,1749349,5425037,-41.31231184,174.784229
Wellington City,PALLISER ROAD,700,E, ,BAYVIEW TERRACE,2154721,11/08/01,Sat,1330,BC,CE1T,111A 156A 831 ,,M,W,O ,L , ,N,C,50,0,0,0,,,1750495,5427070,-41.29379509,174.7974107
Wellington City,PALLISER ROAD,100,W, ,ROSENEATH TERRACE,2150400,25/01/01,Thu,1350,BC,CE1C,111A 121A ,,S,D,O ,F , ,N,C,50,0,0,0,,,1750500,5427089,-41.2936231,174.7974657
Wellington City,PANAMA ST,25,E, ,FEATHERSTON ST,2153219,15/07/01,Sun,1400,MO,CW1C,385A ,M,R,D,O ,L , ,N,N,50,0,0,0,,,1748793,5428175,-41.28416183,174.7768226
Wellington City,PARK ROAD,20,S, ,CAMPERDOWN ROAD,2151531,24/03/01,Sat,1445,MO,CE1C,371A 371B 929 ,,R,D,B ,F ,D,N,C,50,0,0,0,,,1752610,5425628,-41.3063806,174.8230203
Wellington City,PARK ROAD,50,N, ,MIRAMAR NORTH ROAD,2156115,25/11/01,Sun,1650,EA,CS1O,358A ,M,R,D,B ,F , ,N,C,50,0,0,0,,,1752450,5425256,-41.30976004,174.8212031
Wellington City,PARK ROAD,, ,I,REX ST,2152363,21/05/01,Mon,1430,GD,CN1T,181A ,,R,D,B ,F ,X,G,P,50,0,0,0,,,1752278,5424965,-41.31241245,174.8192222
Wellington City,PARKVALE ROAD,, ,I,CORNFORD ST,2112910,19/10/01,Fri,1430,MC,VN1C,112A 372A 632A ,,R,D,B ,F ,Y,N,C,50,0,0,1,,,1745395,5428492,-41.28192672,174.7361875
Wellington City,PARKVALE ROAD,40,N, ,KARORI ROAD,2154453,6/09/01,Thu,835,JA,CS1C,303B 375B 926 ,,R,D,O ,F ,D,N,C,50,0,0,0,,,1745493,5428221,-41.28434906,174.7374219
Wellington City,PARKVALE ROAD,200,N, ,KARORI ROAD,2153630,13/07/01,Fri,256,CC,VN1C,103A 410A ,FM,R,D,DO,F , ,N,C,50,0,0,0,,,1745440,5428372,-41.28299905,174.7367532
Wellington City,PHILLIP ST,50,N, ,BRODERICK ROAD,2152096,4/05/01,Fri,1130,GB,VS1C,158A 142B 929 ,,R,W,O ,L ,D,N,C,50,0,0,0,,,1750993,5434838,-41.22376393,174.8014323
Wellington City,PINE TERRACE,40,W, ,DONALD ST,2155077,2/11/01,Fri,802,QD,CS1,420A 929 ,FP,R,D,B ,F ,D,N,N,50,0,0,0,,,1746110,5427720,-41.28874845,174.7449068
Wellington City,PIPITEA ST,10,W, ,MURPHY ST,2153020,5/07/01,Thu,1100,MO,CE1V,371A 839 927 ,,R,D,B ,F ,D,N,N,50,0,0,0,,,1749051,5429129,-41.27552496,174.7796686
Wellington City,PIRIE ST,, ,I,AUSTIN ST,2151551,16/03/01,Fri,735,HA,CE1C,301A ,,R,D,DO,F ,X,S,C,50,0,0,0,,,1749617,5426546,-41.29867609,174.7870582
Wellington City,PIRIE ST,, ,I,AUSTIN ST,2153022,1/07/01,Sun,220,CC,XE1,,C,R,D,DO,F ,X,S,C,50,0,0,0,,,1749617,5426546,-41.29867609,174.7870582
Wellington City,PIRIE ST,, ,I,AUSTIN ST,2152155,5/05/01,Sat,1735,HA,CW1C,301A 377B 839 ,,R,W,TF,L ,X,S,C,50,0,0,0,,,1749617,5426546,-41.29867609,174.7870582
Wellington City,PORRITT AVENUE,, ,I,TUTCHEN AVENUE,2155579,27/10/01,Sat,1445,BA,CN1C,112A 125A 820 ,,R,D,B ,F ,T,N,N,50,0,0,0,,,1749512,5426519,-41.29893864,174.7858112
Wellington City,PRISCILLA CRESCENT,20,S, ,FARNHAM ST,2112126,15/07/01,Sun,1750,MC,CS1C,121A 372A ,,M,D,DO,F ,Y,S,C,50,0,0,1,,,1748029,5424179,-41.32028011,174.7686755
Wellington City,QUEENS DRIVE,100,S, ,FREYBERG ST,2153220,10/07/01,Tue,1345,EE,CS1T,374A 671A 817 ,M,E,D,B ,F , ,N,C,50,0,0,0,,,1750019,5423781,-41.32349569,174.7925395
Wellington City,QUEENS DRIVE,, ,I,HUNGERFORD ROAD,2152299,6/05/01,Sun,825,DB,CN1,103A ,P,E,D,B ,F ,T,G,R,50,0,0,0,,,1749966,5422223,-41.33753269,174.792291
Wellington City,QUEENS DRIVE,20,S, ,LERWICK TERRACE,2156254,31/10/01,Wed,1555,GB,CN1C,158A 929 ,,R,W,O ,L ,D,N,C,50,0,0,0,,,1750004,5423739,-41.32387662,174.7923707