TLA NAME,CRASH ROAD,CRASH DIST,CRASH DIRN,INTSN,SIDE ROAD,CRASH ID,CRASH DATE,CRASH DOW,CRASH TIME,MVMT,VEHICLES,CAUSES,OBJECTS STRUCK,ROAD CURVE,ROAD WET,LIGHT,WTHRa,JUNC TYPE,TRAF CTRL,ROAD MARK,SPD LIM,CRASH FATAL CNT,CRASH SEV CNT,CRASH MIN CNT,PERS AGE1,PERS AGE2,EASTING,NORTHING,latitude,longitude
Wellington City,QUEENS DRIVE,, ,I,SUTHERLAND ROAD,2151934,2/04/01,Mon,2325,DB,CS1V,103A 135A 823 ,M,E,W,OO,L ,Y,N,C,50,0,0,0,,,1749842,5422709,-41.33318015,174.7906899
Wellington City,QUEENS DRIVE,, ,I,TAVISTOCK ROAD,2155507,2/11/01,Fri,1920,LB,CN1C,303B 375B ,,E,D,B ,F ,X,G,C,50,0,0,0,,,1749998,5423537,-41.3256964,174.7923489
Wellington City,QUEENS DRIVE,30,E, ,THE ESPLANADE,2152953,19/02/01,Mon,2245,BC,CE1C,121A ,,M,D,DN,F , ,N,C,50,0,0,0,,,1749666,5421399,-41.34500719,174.7889104
Wellington City,QUEENS DRIVE,50,S, ,TORU ST,2150286,15/01/01,Mon,1710,LB,CN1C,303A 382A 929 ,,R,D,B ,F ,D,N,C,50,0,0,0,,,1749946,5423226,-41.3285061,174.7918046
Wellington City,QUIGLEY ST,, ,I,ARCHBOLD ST,2151605,5/02/01,Mon,2102,DA,CS1,111A ,F,E,D,OO,F ,T,N,C,50,0,0,0,,,1752282,5434861,-41.22331529,174.8167977
Wellington City,RAJKOT TERRACE,, ,I,ORISSA CRESCENT,2153638,23/07/01,Mon,1650,BC,CE1C,111A 132A ,,M,W,O ,F ,T,N,C,50,0,0,0,,,1750563,5433343,-41.2373042,174.7966732
Wellington City,RAROA CRESCENT,20,S, ,CHAYTOR ST,2155487,28/10/01,Sun,334,MO,CN1,103A 371A ,EF,R,W,DO,L , ,N,C,50,0,0,0,,,1746905,5428145,-41.28477766,174.7542943
Wellington City,RAROA CRESCENT,, ,I,CHAYTOR ST,2152543,4/06/01,Mon,2130,FB,VN1C,181A ,,E,D,DO,F ,Y,G,C,50,0,0,0,,,1746887,5428152,-41.28471791,174.7540777
Wellington City,RAROA ROAD,10,E, ,CLUNY AVENUE,2151509,1/02/01,Thu,830,BC,CE1V,129A 834 839 ,,S,D,B ,F ,T,N,C,50,0,0,0,,,1747137,5427640,-41.2892822,174.7571855
Wellington City,RAROA ROAD,40,W, ,FAIRVIEW CRESCENT,2150804,8/01/01,Mon,320,DB,CE1C,131A ,M,M,D,DO,F , ,N,C,50,0,0,0,,,1747150,5427640,-41.28927983,174.7573407
Wellington City,RAROA ROAD,100,W, ,FAIRVIEW CRESCENT,2153018,27/06/01,Wed,2355,DA,CW1C,111A ,M,M,W,DO,M , ,N,C,50,0,0,0,,,1747099,5427667,-41.28904603,174.7567254
Wellington City,RAROA ROAD,50,S, ,MOANA ROAD,2111970,9/04/01,Mon,1000,BC,CN1V,111A ,,M,D,O ,F , ,N,C,50,0,0,1,,,1747042,5427798,-41.28787695,174.7560134
Wellington City,RAROA ROAD,200,N, ,MOUNT PLEASANT ROAD,2152571,31/05/01,Thu,1210,BC,CN1C,405A 524A ,,M,D,B ,F , ,N,C,50,0,0,0,,,1747322,5427231,-41.2929309,174.7594929
Wellington City,RAROA ROAD,, ,I,NORNA CRESCENT,2150122,13/01/01,Sat,1108,MG,CN2T,158A 371B ,,E,D,O ,F ,Y,G,C,50,0,0,0,,,1747222,5427575,-41.28985193,174.7582159
Wellington City,RAROA ROAD,40,S, ,PLUNKET ST,2155054,7/10/01,Sun,2015,EA,CS1C,197A ,M,M,W,DO,L , ,N,C,50,0,0,0,,,1747233,5427603,-41.28959783,174.7583404
Wellington City,RAROA ROAD,100,S, ,PLUNKET ST,2151520,20/03/01,Tue,805,BC,CN1C,363A 902 ,,E,D,B ,F , ,N,C,50,0,0,0,,,1747218,5427545,-41.29012277,174.7581754
Wellington City,RAROA ROAD,200,S, ,PLUNKET ST,2152814,25/06/01,Mon,837,EA,VW1C,197A ,CM,E,D,B ,F , ,N,C,50,0,0,0,,,1747294,5427519,-41.290343,174.7590889
Wellington City,RAROA ROAD,, ,A,THULE ST,2154386,31/08/01,Fri,1410,BF,CS1CV,108A 194A ,,M,D,O ,F , ,N,C,50,0,0,0,,,1747286,5427295,-41.29236125,174.7590476
Wellington City,RAUKAWA ST,200,S, ,MONORGAN ROAD,2155513,9/11/01,Fri,45,DB,CN1,423A ,T,M,D,DO,F , ,N,N,50,0,0,0,,,1752117,5423026,-41.32990002,174.8177849
Wellington City,REDWOOD AVENUE,, ,I,PEMBROKE ST,2151323,16/04/01,Mon,1900,JA,CN1C,303B 382B ,,R,D,DO,F ,T,N,N,50,0,0,0,,,1752821,5439740,-41.1792863,174.822006
Wellington City,RIDDIFORD ST,50,S, ,ADELAIDE ROAD,2150631,15/02/01,Thu,1420,AC,VN1C,372A ,,R,D,B ,F , ,N,C,50,0,0,0,,,1748842,5425559,-41.30770577,174.7780471
Wellington City,RIDDIFORD ST,100,S, ,ADELAIDE ROAD,2150152,23/01/01,Tue,1230,FD,TS1C,331A ,,R,D,B ,F , ,N,C,50,0,0,0,,,1748852,5425510,-41.3081451,174.7781785
Wellington City,RIDDIFORD ST,50,N, ,CONSTABLE ST,2156418,12/09/01,Wed,2050,QD,VN1C,428A ,M,R,D,DO,F , ,N,C,50,0,0,0,,,1748969,5424932,-41.31332746,174.7797171
Wellington City,RIDDIFORD ST,50,N, ,CONSTABLE ST,2156261,23/12/01,Sun,1410,MA,CN1C,373B ,,R,D,O ,F , ,N,L,50,0,0,0,,,1748969,5424932,-41.31332746,174.7797171
Wellington City,RIDDIFORD ST,10,S, ,CONSTABLE ST,2155918,19/12/01,Wed,1647,FE,CN1C,352A ,,R,D,O ,F ,T,T,L,50,0,0,0,,,1748982,5424873,-41.31385626,174.7798868
Wellington City,RIDDIFORD ST,, ,I,CONSTABLE ST,2111586,20/04/01,Fri,820,NA,TS1E,359B ,,R,D,O ,F ,T,T,R,50,0,0,1,33,,1748980,5424883,-41.3137666,174.7798605
Wellington City,RIDDIFORD ST,10,N, ,DONALD MCLEAN ST,2153898,12/08/01,Sun,35,JA,CS1C,308B 922 ,,R,W,DO,L ,D,N,C,50,0,0,0,,,1749019,5424689,-41.31550605,174.7803737
Wellington City,RIDDIFORD ST,10,S, ,DONALD MCLEAN ST,2156430,15/09/01,Sat,155,MC,XS1C,101A 372B ,,R,W,DO,F ,T,G,R,50,0,0,0,,,1749023,5424670,-41.31567638,174.7804261
Wellington City,RIDDIFORD ST,, ,I,DONALD MCLEAN ST,2155055,12/10/01,Fri,1600,LB,CS1C,303B ,,R,D,B ,F ,T,G,C,50,0,0,0,,,1749021,5424680,-41.31558671,174.7803998
Wellington City,RIDDIFORD ST,20,N, ,EMMETT ST,2111071,17/01/01,Wed,824,NA,VS1E,712B ,,R,D,B ,F ,X,T,C,50,0,0,1,27,,1748930,5425118,-41.31166003,174.7792058
Wellington City,RIDDIFORD ST,30,N, ,EMMETT ST,2151843,7/04/01,Sat,730,MA,CS1C,143B 373B ,,R,D,B ,F , ,N,C,50,0,0,0,,,1748928,5425128,-41.31157037,174.7791795
Wellington City,RIDDIFORD ST,, ,I,EMMETT ST,2111877,28/05/01,Mon,1525,NE,CW2E,307A ,,R,D,B ,F ,X,T,C,50,0,0,1,62,,1748934,5425098,-41.31183936,174.7792585
Wellington City,RIDDIFORD ST,, ,I,GORDON ST,2154879,10/11/01,Sat,1520,MA,CS1C,373B ,,R,D,O ,L ,T,N,C,50,0,0,0,,,1749029,5424646,-41.31589135,174.7805037
Wellington City,RIDDIFORD ST,, ,I,GREEN ST,2155923,14/12/01,Fri,1405,GA,CS1C,331A ,,R,D,B ,F ,T,N,R,50,0,0,0,,,1748945,5425040,-41.31235953,174.7794041
Wellington City,RIDDIFORD ST,, ,I,HALL ST,2150553,19/01/01,Fri,130,HA,CN1C,103A 322A 103B ,T,R,D,DO,F ,X,T,C,50,0,0,0,,,1748917,5425201,-41.31091515,174.7790303
Wellington City,RIDDIFORD ST,, ,I,HALL ST,2112228,4/08/01,Sat,1325,JC,VS1C,323A 375A ,,R,D,O ,F ,X,T,C,50,0,0,1,,,1748917,5425201,-41.31091515,174.7790303
Wellington City,RIDDIFORD ST,30,S, ,JOHN ST,2156407,24/12/01,Mon,902,EE,CN1C,374A ,Q,R,D,O ,F , ,N,C,50,0,0,0,,,1748838,5425578,-41.30753545,174.7779947
Wellington City,RIDDIFORD ST,80,S, ,JOHN ST,2154132,18/05/01,Fri,1715,FD,CS1C,181A 427A ,,R,D,B ,F , ,N,P,50,0,0,0,,,1748848,5425529,-41.30797477,174.7781261
Wellington City,RIDDIFORD ST,150,S, ,JOHN ST,2151592,12/04/01,Thu,1055,FD,XS1C,359A ,,R,D,O ,F , ,N,L,50,0,0,0,,,1748863,5425461,-41.30858423,174.7783218
Wellington City,RIDDIFORD ST,300,N, ,MEIN ST,2156178,12/11/01,Mon,1100,AC,BS1C,381A ,JP,R,D,O ,F , ,N,P,50,0,0,0,,,1748855,5425495,-41.30827959,174.778218
Wellington City,RIDDIFORD ST,20,S, ,MEIN ST,2154632,23/09/01,Sun,1751,EA,BS1C,129A 386A ,M,R,D,DO,F ,R,N,P,50,0,0,0,,,1748920,5425181,-41.31109467,174.779071
Wellington City,RIDDIFORD ST,10,S, ,NEWTOWN AVENUE,2112267,10/08/01,Fri,1533,NA,CN1EE,712B ,,R,D,O ,F ,T,N,C,50,0,1,1,6,,1748994,5424814,-41.31438525,174.7800445
Wellington City,RIDDIFORD ST,, ,I,NORMANBY ST,2150147,4/01/01,Thu,1620,GF,VS2C,175A 387B ,,R,D,B ,F ,T,G,C,50,0,0,0,,,1749005,5424757,-41.31489641,174.7801899
Wellington City,RIDDIFORD ST,10,S, ,REGINA TERRACE,2154715,5/10/01,Fri,1435,FD,CS1C,331A ,,R,D,B ,F ,T,N,P,50,0,0,0,,,1748893,5425313,-41.3099112,174.7787163
Wellington City,RIDDIFORD ST,, ,I,RHODES ST,2151632,17/03/01,Sat,2045,HA,CW2C,302A 113B ,,R,D,B ,F ,R,G,R,50,0,0,0,,,1749050,5424553,-41.31672478,174.7807772
Wellington City,RIDDIFORD ST,, ,I,RINTOUL ST,2153858,13/07/01,Fri,900,FE,CS1V,357A ,,R,D,O ,F ,X,T,P,50,0,0,0,,,1748929,5425122,-41.31162421,174.7791929
Wellington City,RIDDIFORD ST,, ,I,RINTOUL ST,2150145,5/01/01,Fri,1725,AA,CN1C,372A ,,R,D,B ,F ,X,T,L,50,0,0,0,,,1748929,5425122,-41.31162421,174.7791929
Wellington City,RIDDIFORD ST,, ,I,RINTOUL ST,2152563,1/06/01,Fri,1140,AA,CN1C,143A 372A ,,R,D,B ,F ,X,T,C,50,0,0,0,,,1748929,5425122,-41.31162421,174.7791929
Wellington City,RIDDIFORD ST,, ,I,RUSSELL TERRACE,2155722,28/12/01,Fri,1300,HA,BS1C,302A ,,E,D,B ,F ,R,G,R,50,0,0,0,,,1749043,5424557,-41.31669006,174.7806927
Wellington City,RINTOUL ST,, ,I,STOKE ST,2150637,25/01/01,Thu,1845,KA,CS1CC,309A ,,R,D,B ,F ,T,N,C,50,0,0,0,,,1748853,5424815,-41.31440228,174.7783605
Wellington City,ROBERTSON ST,80,E, ,HAPPY VALLEY ROAD,2155924,22/12/01,Sat,1310,GE,CW1C,372A 387A 929 ,,R,D,O ,F ,D,N,N,50,0,0,0,,,1747309,5421589,-41.34373092,174.7607047
Wellington City,ROLLESTON ST,50,S, ,WALLACE ST,2153870,15/08/01,Wed,1130,DA,CN1,111A 801 ,H,E,W,O ,LS, ,N,N,50,0,0,0,,,1748510,5426122,-41.30269803,174.7739455
Wellington City,RONGOTAI ROAD,15,E, ,BAY ROAD,2151732,28/03/01,Wed,1200,HA,CE1C,308B 377B 927 ,,R,D,B ,F ,D,N,C,50,0,0,0,,,1750255,5424394,-41.31793272,174.7952065
Wellington City,RONGOTAI ROAD,, ,I,BAY ROAD,2111252,14/02/01,Wed,840,NA,CE1E,324A 711B ,,R,D,B ,F ,X,T,C,50,0,0,1,22,,1750241,5424398,-41.31789931,174.7950384
Wellington City,RONGOTAI ROAD,, ,I,BAY ROAD,2154630,20/09/01,Thu,1445,MA,VW1B,373B ,,R,D,B ,F ,X,T,C,50,0,0,0,,,1750241,5424398,-41.31789931,174.7950384
Wellington City,RONGOTAI ROAD,10,E, ,CHILDERS TERRACE E,2153907,28/08/01,Tue,800,FC,CW1C,181A ,,R,D,B ,F ,X,G,X,50,0,0,0,,,1750135,5424426,-41.31766696,174.7937656
Wellington City,RONGOTAI ROAD,, ,I,EVANS BAY PARADE,2156099,17/12/01,Mon,1510,GA,CS2C,,,E,D,B ,F ,X,N,N,50,0,0,0,,,1750409,5424359,-41.31821913,174.7970543
Wellington City,RONGOTAI ROAD,, ,I,EVANS BAY PARADE,2152954,2/06/01,Sat,1640,GA,CE1C,386A ,,R,D,TF,F ,X,T,C,50,0,0,0,,,1750409,5424359,-41.31821913,174.7970543
Wellington City,RONGOTAI ROAD,, ,I,MAHORA ST,2153902,23/08/01,Thu,    ,JA,CW1C,302A ,,R,W,TO,H ,T,G,C,50,0,0,0,,,1750447,5424349,-41.31830207,174.7975106
Wellington City,RONGOTAI ROAD,, ,I,MAHORA ST,2154633,1/10/01,Mon,800,HA,CW1C,151A 370B ,,R,D,O ,F ,X,G,R,50,0,0,0,,,1750447,5424349,-41.31830207,174.7975106
Wellington City,RONGOTAI ROAD,, ,I,MAHORA ST,2113103,21/11/01,Wed,1130,HA,CN2C,302A 387A ,,R,W,O ,L ,X,G,R,50,0,0,1,,,1750447,5424349,-41.31830207,174.7975106
Wellington City,RONGOTAI ROAD,, ,I,ROSS ST,2151743,19/04/01,Thu,2151,JA,CW1C,303A 387B ,,R,W,DO,F ,T,N,R,50,0,0,0,,,1750544,5424321,-41.31853606,174.7986759
Wellington City,RONGOTAI ROAD,, ,I,TACY ST,2153764,15/08/01,Wed,150,CB,CE1,130A 903 ,,R,W,DO,LS,T,G,X,50,0,0,0,,,1750409,5424359,-41.31821913,174.7970543
Wellington City,ROSS ST,50,S, ,COUTTS ST,2150407,15/01/01,Mon,1330,MB,CN1C,835,,R,D,B ,F , ,N,R,50,0,0,0,,,1750463,5424046,-41.32102708,174.7977766
Wellington City,ROWELLS ROAD,900,E, ,MIDDLETON ROAD,2151405,14/04/01,Sat,1618,CB,CN1,110A 371A ,E,R,D,B ,F , ,N,N,100,0,0,0,,,1752897,5437551,-41.19898034,174.8234586
Wellington City,ROWELLS ROAD,300,N, ,MIDDLETON ROAD,2153913,6/09/01,Thu,405,EA,CN1C,111A 132A ,M,M,W,DN,L , ,N,N,100,0,0,0,,,1752681,5437240,-41.20182114,174.8209614
Wellington City,ROXBURGH ST,100,N, ,MAJORIBANKS ST,2155511,17/11/01,Sat,810,QD,CS1C,428A 926 ,M,R,D,TF,F ,D,N,C,50,0,0,0,,,1749512,5427112,-41.29359963,174.7856656
Wellington City,RUA ST,, ,I,FREYBERG ST,2112862,16/12/01,Sun,1515,LB,BE2C,303A 386A 853 ,,R,D,B ,F ,X,N,P,50,0,0,2,,,1750081,5423053,-41.33003855,174.7934597
Wellington City,RUSSELL TERRACE,, ,I,EDINBURGH TERRACE,2112285,24/08/01,Fri,2110,CC,CS1,135A 402A 823 ,C,R,W,DO,H ,T,N,C,50,0,0,5,,,1749003,5424007,-41.32164931,174.7803498
Wellington City,RUSSELL TERRACE,, ,I,HERALD ST,2111347,16/03/01,Fri,1840,KB,CS1C,301B ,,R,D,TF,F ,T,S,N,50,0,0,1,,,1749009,5424098,-41.3208289,174.7803991
Wellington City,RUSSELL TERRACE,50,S, ,RIDDIFORD ST,2111276,13/02/01,Tue,1715,JA,CN1C,308A 927 ,,R,D,B ,F ,D,N,C,50,0,0,1,,,1749034,5424493,-41.31726794,174.7806009
Wellington City,RUTH GROVE,20,S, ,EMILY WAY,2113097,8/11/01,Thu,1730,DB,PS1C,129A 132A ,W,M,D,B ,F , ,N,C,50,0,0,1,,,1744441,5427218,-41.29356864,174.7251028
Wellington City,SALAMANCA ROAD,, ,I,KELBURN PARADE,2151741,11/04/01,Wed,1420,JC,CS1V,302A ,,S,D,O ,F ,Y,G,C,50,0,0,0,,,1748148,5427897,-41.28678341,174.7691914
Wellington City,SEATOUN HEIGHTS ROAD,20,N, ,BEERE HAVEN ROAD,2152384,12/05/01,Sat,140,CB,CN1,103A 112A ,EGK,M,D,DO,F , ,N,C,50,0,0,0,,,1752822,5424060,-41.32045743,174.8259455
Wellington City,SEATOUN HEIGHTS ROAD,150,S, ,NEWPORT TERRACE,2150293,1/01/01,Mon,49,BB,CN1C,101A 111A 818 ,,M,W,DO,L , ,N,C,50,0,0,0,,,1752800,5424432,-41.31711243,174.8255893
Wellington City,SH 1N,, ,I,STEWART DUFF DRIVE,2154885,25/07/01,Wed,1830,DA,CS1,501A ,IS,E,D,DO,F ,R,G,R,50,0,0,0,,,1751447,5423518,-41.32559659,174.8096597
Wellington City,SH 1N CALABAR,, ,I,COBHAM DRIVE,2152541,17/05/01,Thu,740,FB,CS2C,387A ,,M,D,B ,F ,R,G,R,70,0,0,0,,,1751447,5424535,-41.3164403,174.8094063
Wellington City,SHELLY BAY ROAD,400,N, ,MIRAMAR AVENUE,2153871,17/08/01,Fri,2140,DB,CS1,111A ,E,M,W,DN,F , ,N,C,50,0,0,0,,,1751720,5425121,-41.3111131,174.8125202
Wellington City,SIDLAW ST,250,N, ,AHURIRI ST,2154725,25/09/01,Tue,850,EA,CN1C,357A 386A ,M,E,D,B ,F , ,N,N,50,0,0,0,,,1752364,5422787,-41.33200513,174.820795
Wellington City,SIDLAW ST,, ,I,BOWES CRESCENT,2154945,3/11/01,Sat,1840,DB,VN2CC,197A ,M,E,D,TF,F ,T,N,N,50,0,0,0,,,1752438,5422526,-41.33434097,174.8217444
Wellington City,SIDLAW ST,, ,I,SIDLAW ST,2152202,24/05/01,Thu,1455,JA,CS1VC,113A 309B ,M,R,D,O ,FS,T,N,P,50,0,0,0,,,1752363,5422784,-41.33203233,174.8207839
Wellington City,SOUTH KARORI ROAD,100,S, ,HAZELWOOD AVENUE,2150408,5/02/01,Mon,1440,MO,CN1C,371A 834 929 ,M,E,D,B ,F ,D,N,N,50,0,0,0,,,1744219,5427196,-41.29380642,174.7224577
Wellington City,SOUTH KARORI ROAD,, ,I,HAZELWOOD AVENUE N,2112501,29/09/01,Sat,300,DB,CS1,103A 111A ,J,E,D,DO,F ,T,N,C,50,0,0,1,,,1744202,5427294,-41.2929271,174.7222315
Wellington City,STANDEN ST,20,N, ,KARORI ROAD,2153578,1/07/01,Sun,1001,MO,CS1C,303A 801 ,,R,W,O ,F , ,N,N,50,0,0,0,,,1746599,5428572,-41.28098875,174.750539
Wellington City,STATION ROAD,, ,A,CASHMERE AVENUE,2150894,6/02/01,Tue,2154,DA,VE1,197A ,F,M,W,DO,L , ,N,C,50,0,0,0,,,1750294,5432782,-41.24240517,174.7936028
Wellington City,STEWART DRIVE,, ,I,BRACKEN ROAD,2112425,10/09/01,Mon,1920,JA,SN1C,602A 302B 375B ,,R,W,DO,L ,T,G,C,50,0,0,1,,,1752837,5434948,-41.22242736,174.8233942
Wellington City,STEWART DRIVE,300,E, ,HELSTON ROAD,2153019,7/07/01,Sat,2230,EA,CE1C,352A ,M,R,D,DO,F , ,N,C,50,0,0,0,,,1752106,5435002,-41.22207892,174.8146638
Wellington City,STEWART DRIVE,, ,I,HELSTON ROAD,2151533,24/03/01,Sat,2345,FB,CW1C,331A ,,E,D,DO,F ,Y,G,R,50,0,0,0,,,1751812,5435049,-41.22171097,174.8111464
Wellington City,STEWART DUFF DRIVE,, ,I,ACCESS ROAD,2154007,25/07/01,Wed,1830,FB,CN2C,331A ,,E,D,DO,F ,R,G,R,50,0,0,0,,,1751616,5423342,-41.32714939,174.811722
Wellington City,STEWART DUFF DRIVE,, ,I,ACCESS ROAD,2154314,11/09/01,Tue,    ,AD,CS1,112A ,K,R,D,B ,F ,T,N,R,50,0,0,0,,,1751706,5422851,-41.33155303,174.8129196
Wellington City,STEWART DUFF DRIVE,80,S, ,BROADWAY,2153028,24/06/01,Sun,1530,AC,CN1T,372A 671A 900 ,,R,W,O ,HS, ,N,C,50,0,0,0,,,1751530,5423449,-41.32620221,174.8106682
Wellington City,STEWART DUFF DRIVE,300,N, ,MOA POINT ROAD,2112333,21/07/01,Sat,1700,BC,CS1V,201B 852 901 903 ,,E,W,TO,HS, ,N,C,50,0,0,2,,,1751580,5422550,-41.3342867,174.8114896
Wellington City,STOKE ST,, ,I,KENWYN TERRACE,2150635,20/02/01,Tue,1950,KA,CE1C,303B ,,R,D,TF,M ,T,N,C,50,0,0,0,,,1748785,5424833,-41.31425276,174.7775441
Wellington City,STOUT ST,, ,I,WHITMORE ST,2112947,18/09/01,Tue,1240,HA,CN1C,322A 653A ,,R,D,B ,F ,X,T,C,50,0,1,3,,,1748881,5428585,-41.2804542,174.7777727
Wellington City,SUTHERLAND ROAD,, ,I,MILLER PLACE,2150417,30/01/01,Tue,1924,HA,CS1C,309B 378B ,,R,D,B ,F ,X,N,C,50,0,0,0,,,1749807,5422962,-41.33090882,174.7902094
Wellington City,TAFT ST,10,E, ,LINCOLN ST,2154214,10/09/01,Mon,2345,MG,CE1C,371B ,,R,D,DO,F ,T,N,N,50,0,0,0,,,1747608,5425472,-41.3087158,174.7633337
Wellington City,TAKAPU ROAD,10,N, ,JAMAICA DRIVE,2112963,29/12/01,Sat,905,PO,CS1E,720B ,,E,D,O ,F ,T,G,C,100,0,1,0,28,,1753967,5439561,-41.18068098,174.8357075
Wellington City,TAKAPU ROAD,300,N, ,JAMAICA DRIVE,2111941,9/06/01,Sat,2305,BB,CN1V,123A 404A ,,M,W,DO,L , ,N,C,100,0,0,1,,,1754178,5439755,-41.17889422,174.8381731
Wellington City,TAKAPU ROAD,50,S, ,JAMAICA DRIVE,2111172,22/02/01,Thu,740,GE,CW1V,110A 160A 928 ,,E,D,B ,F ,D,N,C,100,0,0,1,,,1753929,5439515,-41.18110235,174.8352662
Wellington City,TAKAPU ROAD,, ,I,TAWA OFF NBD E,2150142,12/01/01,Fri,750,JA,CW1V,301B 363B ,,E,D,B ,F ,T,S,R,100,0,0,0,,,1753626,5439030,-41.18552647,174.8317771
Wellington City,TAKAPU ROAD,, ,I,TAWA OFF SBD,2154940,13/11/01,Tue,1315,LB,VE2C,302B 375B 801 ,,R,W,O ,L ,X,G,R,100,0,0,0,,,1753698,5439145,-41.18447743,174.8326063
Wellington City,TAKAPU ROAD,, ,I,TAWA OFF SBD,2154864,27/10/01,Sat,1240,LB,CE2C,302B ,,E,D,B ,F ,X,G,R,100,0,0,0,,,1753698,5439145,-41.18447743,174.8326063
Wellington City,TAKAPU ROAD,, ,I,TAWA OFF SBD,2151443,3/04/01,Tue,844,HA,VS2C,301A 382A ,,E,W,O ,F ,X,S,R,100,0,0,0,,,1753698,5439145,-41.18447743,174.8326063
Wellington City,TAKARAU GORGE ROAD,2000,W, ,OHARIU VALLEY ROAD,2152345,29/05/01,Tue,1530,BF,CS1T,132A 121B 927 ,,M,W,O ,L ,D,N,N,100,0,0,0,,,1747684,5435301,-41.22020599,174.7618602
Wellington City,TAKARAU GORGE ROAD,2000,W, ,OHARIU VALLEY ROAD,2154719,11/10/01,Thu,1700,DA,CN1,111A 135A 801 ,F,M,W,ON,LS, ,N,N,100,0,0,0,,,1747684,5435301,-41.22020599,174.7618602
Wellington City,TARANAKI ST,30,S, ,ABEL SMITH ST,2152843,22/06/01,Fri,920,FE,CS1CV,181A ,,R,D,B ,F , ,N,P,50,0,0,0,,,1748709,5426727,-41.2972143,174.7761736
Wellington City,TARANAKI ST,, ,I,ABEL SMITH ST,2111271,18/02/01,Sun,1820,NF,CS1K,713B 722B ,,R,D,B ,F ,T,S,C,50,0,0,1,23,,1748721,5426755,-41.29695999,174.77631
Wellington City,TARANAKI ST,, ,I,CABLE ST,2153909,5/09/01,Wed,2000,GE,CN1X,173A ,,R,D,DO,F ,X,T,C,50,0,0,0,,,1749051,5427473,-41.29043466,174.7800739
Wellington City,TARANAKI ST,10,S, ,COURTENAY PLACE,2156163,8/11/01,Thu,2029,AA,CN1C,372A ,,R,D,DO,F ,X,T,R,50,0,0,0,,,1748945,5427239,-41.29256103,174.7788658
Wellington City,TARANAKI ST,, ,I,COURTENAY PLACE,2153628,2/07/01,Mon,1450,LB,VS1C,323B ,,R,D,B ,F ,X,T,P,50,0,0,0,,,1748949,5427248,-41.29247926,174.7789113
Wellington City,TARANAKI ST,, ,I,COURTENAY PLACE,2112016,16/06/01,Sat,2300,NA,CS1E,718B ,,R,W,DO,L ,X,T,R,50,0,1,0,22,,1748949,5427248,-41.29247926,174.7789113
Wellington City,TARANAKI ST,, ,I,COURTENAY PLACE,2111969,10/04/01,Tue,1330,LB,SS1V,303B ,,R,D,B ,F ,X,T,R,50,0,0,1,,33,1748949,5427248,-41.29247926,174.7789113
Wellington City,TARANAKI ST,20,N, ,GHUZNEE ST,2151271,4/03/01,Sun,5,FB,CN1CC,191A ,,R,D,DO,F ,T,T,C,50,0,0,0,,,1748874,5427098,-41.29384361,174.7780527
Wellington City,TARANAKI ST,40,S, ,GHUZNEE ST,2156257,28/06/01,Thu,930,JA,XS1C,377A 927 ,,R,W,O ,L ,D,N,C,50,0,0,0,,,1748849,5427043,-41.29434341,174.7777677
Wellington City,TARANAKI ST,, ,I,GHUZNEE ST,2152088,27/01/01,Sat,420,FE,VN1C,101A 331A ,,R,D,DO,F ,T,T,R,50,0,0,0,,,1748866,5427080,-41.29400714,174.7779616
Wellington City,TARANAKI ST,, ,I,GHUZNEE ST,2155490,18/11/01,Sun,1608,FD,CS1C,331A ,,R,D,B ,F ,T,T,R,50,0,0,0,,,1748866,5427080,-41.29400714,174.7779616
Wellington City,TARANAKI ST,, ,I,HAINING ST,2156198,18/12/01,Tue,850,JA,CS1C,303B 839 ,,R,D,O ,FS,T,N,C,50,0,0,0,,,1748749,5426818,-41.29638762,174.7766289
Wellington City,TARANAKI ST,, ,I,HAINING ST,2156189,25/11/01,Sun,930,JA,BS1C,309A 378B 830 ,,R,D,B ,F ,T,N,C,50,0,0,0,,,1748749,5426818,-41.29638762,174.7766289
Wellington City,TARANAKI ST,100,N, ,HANKEY ST,2111270,23/01/01,Tue,1940,EA,SS1V,331A ,M,R,D,O ,F , ,N,C,50,0,0,1,,36,1748547,5426354,-41.30060242,174.7743306
Wellington City,TARANAKI ST,50,N, ,JESSIE ST,2152681,9/06/01,Sat,1940,GD,CS1C,331A 927 ,,R,W,DO,L ,D,N,L,50,0,0,0,,,1748837,5427016,-41.29458871,174.777631
Wellington City,TARANAKI ST,, ,I,JESSIE ST,2112335,17/07/01,Tue,1910,GC,MN1CC,102B 372B ,,R,W,DO,L ,T,N,R,50,0,0,2,,,1748816,5426970,-41.29500674,174.7773916
Wellington City,TARANAKI ST,, ,I,JESSIE ST,2154724,25/09/01,Tue,1005,LB,CS1C,303B ,,R,D,B ,F ,T,N,R,50,0,0,0,,,1748816,5426970,-41.29500674,174.7773916
Wellington City,TARANAKI ST,, ,I,JESSIE ST,2153574,1/08/01,Wed,745,LB,CS1V,303A ,,R,D,OF,F ,T,N,L,50,0,0,0,,,1748816,5426970,-41.29500674,174.7773916
Wellington City,TARANAKI ST,, ,I,JESSIE ST,2153834,8/07/01,Sun,1200,MC,CN1C,372B ,,R,D,O ,F ,T,N,L,50,0,0,0,,,1748816,5426970,-41.29500674,174.7773916
Wellington City,TARANAKI ST,, ,I,JESSIE ST,2152323,27/05/01,Sun,1655,LB,CS1C,303A 377B ,,R,D,TO,F ,T,N,C,50,0,0,0,,,1748816,5426970,-41.29500674,174.7773916
Wellington City,TARANAKI ST,, ,I,JESSIE ST,2155252,18/10/01,Thu,1525,LB,CS1C,303B 377B ,,R,D,B ,F ,T,N,C,50,0,0,0,,,1748816,5426970,-41.29500674,174.7773916