TLA NAME,CRASH ROAD,CRASH DIST,CRASH DIRN,INTSN,SIDE ROAD,CRASH ID,CRASH DATE,CRASH DOW,CRASH TIME,MVMT,VEHICLES,CAUSES,OBJECTS STRUCK,ROAD CURVE,ROAD WET,LIGHT,WTHRa,JUNC TYPE,TRAF CTRL,ROAD MARK,SPD LIM,CRASH FATAL CNT,CRASH SEV CNT,CRASH MIN CNT,PERS AGE1,PERS AGE2,EASTING,NORTHING,latitude,longitude
Wellington City,TARANAKI ST,30,S, ,VIVIAN ST,2151596,14/04/01,Sat,2300,AA,CN1C,381A ,,R,D,DO,F , ,N,C,50,0,0,0,,,1748780,5426890,-41.29573365,174.7769814
Wellington City,TARANAKI ST,20,S, ,WAKEFIELD ST,2111764,28/05/01,Mon,1515,NB,CN1EE,711B 711C ,,R,W,O ,L ,X,T,R,50,0,0,2,17,,1749004,5427373,-41.29134368,174.7795373
Wellington City,TARANAKI ST,, ,I,WAKEFIELD ST,2154905,29/10/01,Mon,1540,AA,CE1T,372A ,,R,D,B ,F ,M,T,C,50,0,0,0,,,1749013,5427391,-41.29117995,174.7796403
Wellington City,TARANAKI ST,20,S, ,WEBB ST,2151633,27/01/01,Sat,700,EA,CS1VC,358A ,MR,R,D,O ,F , ,N,N,50,0,0,0,,,1748646,5426574,-41.29860343,174.7754588
Wellington City,TARANAKI ST,50,S, ,WEBB ST,2156152,19/12/01,Wed,1100,AO,CS1TT,381A ,M,R,W,O ,F , ,N,C,50,0,0,0,,,1748633,5426547,-41.29884892,174.7753102
Wellington City,TARANAKI ST,70,S, ,WEBB ST,2156195,1/12/01,Sat,929,MF,CN1V,373A ,,R,D,B ,F , ,N,N,50,0,0,0,,,1748625,5426528,-41.29902146,174.7752194
Wellington City,TARANAKI ST,100,S, ,WEBB ST,2112009,29/06/01,Fri,810,NA,CN1E,306A 353A ,,R,D,B ,F , ,N,X,50,0,0,1,8,,1748613,5426501,-41.29926676,174.7750827
Wellington City,TARANAKI ST,100,S, ,WEBB ST,2154733,23/09/01,Sun,1408,EA,CS1C,197A ,M,R,D,B ,F , ,N,N,50,0,0,0,,,1748613,5426501,-41.29926676,174.7750827
Wellington City,TARANAKI ST,150,S, ,WEBB ST,2112164,16/07/01,Mon,1555,NB,CN1E,306A 351A ,,R,W,O ,F , ,N,X,50,0,1,0,82,,1748593,5426455,-41.2996846,174.7748551
Wellington City,TARANAKI ST,, ,I,WEBB ST,2151868,27/04/01,Fri,2335,FE,CS1C,181A 191B ,,R,D,DO,F ,T,T,R,50,0,0,0,,,1748654,5426592,-41.2984399,174.77555
Wellington City,TARANAKI ST,, ,I,YORK ST,2112173,29/07/01,Sun,1310,JA,CS1M,303A ,,R,D,O ,F ,T,G,L,50,0,1,0,,,1748909,5427161,-41.29326993,174.7784551
Wellington City,TASMAN ST,50,N, ,COOMBE ST,2150971,25/01/01,Thu,1420,CC,CS1,501A ,FJS,R,D,O ,F , ,N,C,50,0,0,0,,,1748768,5426084,-41.30299263,174.7770351
Wellington City,TASMAN ST,, ,I,JOHN ST,2153868,17/08/01,Fri,1720,FB,CS1C,353A ,,R,D,B ,F ,T,S,C,50,0,0,0,,,1748696,5425620,-41.30718349,174.7762889
Wellington City,TASMAN ST,20,S, ,RANFURLY TERRACE,2111592,2/03/01,Fri,1210,MA,CN1V,170A 444B 517B ,,R,W,O ,L , ,N,C,50,0,0,1,,,1748802,5426227,-41.30169887,174.7774061
Wellington City,TASMAN ST,50,N, ,RUGBY ST,2152566,5/06/01,Tue,1157,MD,VS1C,371B 377B 839 927 ,,R,D,B ,F ,D,N,N,50,0,0,0,,,1748846,5426409,-41.30005213,174.7778869
Wellington City,TASMAN ST,10,S, ,RUGBY ST,2150148,13/01/01,Sat,1008,MG,CS1C,387A 371B ,,R,D,O ,F ,T,S,C,50,0,0,0,,,1748832,5426351,-41.30057691,174.777734
Wellington City,TAUHINU ROAD,150,N, ,ROTHERHAM TERRACE,2154713,6/10/01,Sat,310,DC,CN1,101A 111A ,F,E,D,DO,F , ,N,N,50,0,0,0,,,1752255,5425242,-41.30992291,174.8188782
Wellington City,TAVISTOCK ROAD,80,W, ,BUCKINGHAM ST,2153444,5/07/01,Thu,650,DA,CW1C,135A ,M,M,I,DO,FF, ,N,C,50,0,0,0,,,1749783,5423546,-41.32565534,174.7897788
Wellington City,TAWA OFF NBD,100,N, ,SH 1N,2151938,9/05/01,Wed,1535,DB,TN1,132A 615A ,,M,W,O ,L , ,N,P,100,0,0,0,,,1753624,5438831,-41.18731851,174.8318032
Wellington City,TAWA ST,50,E, ,MAIN ROAD,2111235,5/03/01,Mon,1920,LO,CW1S,204B 312B ,,R,D,B ,F , ,N,C,50,0,0,1,,14,1753145,5440151,-41.17552475,174.8257642
Wellington City,TELFORD TERRACE,50,E, ,HAY ST,2156453,20/12/01,Thu,2250,MO,CW1VCC,103A 371A ,,R,D,DO,F , ,N,N,50,0,0,0,,,1750352,5427172,-41.2929034,174.7956784
Wellington City,THANE ROAD,, ,I,ROSENEATH TERRACE,2154161,2/09/01,Sun,35,JA,CE1C,302A 302B 375B ,,R,D,DO,F ,Y,G,C,50,0,0,0,,,1750648,5427145,-41.2930913,174.7992186
Wellington City,THE ESPLANADE,, ,I,HOUGHTON BAY ROAD,2111340,11/03/01,Sun,915,ME,SW1V,303B 902 ,,M,D,B ,F ,T,N,L,50,0,1,0,,24,1749371,5421802,-41.34143359,174.7852868
Wellington City,THE PARADE,100,N, ,MEDWAY ST,2152836,22/06/01,Fri,1920,AC,VS1C,104A 153A ,,E,D,DO,F , ,N,X,50,0,0,0,,,1748397,5422652,-41.33396067,174.7734433
Wellington City,THE PARADE,180,S, ,MEDWAY ST,2156202,18/12/01,Tue,1656,MC,CS1C,386A ,,R,W,O ,H , ,N,P,50,0,0,0,,,1748348,5422379,-41.33642762,174.7729246
Wellington City,THE PARADE,20,N, ,MERSEY ST,2150415,5/02/01,Mon,435,EA,CS1C,129A 412A ,MP,R,D,DO,F , ,N,C,50,0,0,0,,,1748325,5422312,-41.33703508,174.7726662
Wellington City,THE PARADE,10,S, ,MERSEY ST,2111949,30/05/01,Wed,1520,NB,VN1E,711B ,,R,D,B ,F ,X,S,P,50,0,0,1,9,,1748315,5422283,-41.33729802,174.7725538
Wellington City,THE PARADE,, ,I,REEF ST,2156313,10/08/01,Fri,315,DB,CS1,103A 111A 817 ,P,R,D,DO,F ,T,N,C,50,0,0,0,,,1748106,5421660,-41.34294557,174.7702091
Wellington City,THE PARADE,50,S, ,TRENT ST,2111856,3/06/01,Sun,1705,QB,CN1E,523B 530B ,,R,D,O ,F , ,N,C,50,0,0,1,10,,1748131,5421727,-41.34233775,174.7704914
Wellington City,THE RIDGEWAY,, ,I,WENTWORTH ST,2155056,11/10/01,Thu,2355,EC,CE2,355A 385A ,FI,R,D,DO,F ,X,G,R,50,0,0,0,,,1747652,5424445,-41.31795431,174.7641085
Wellington City,THE TERRACE,70,S, ,AURORA TERRACE,2153572,30/07/01,Mon,1200,FF,VS1C,331A ,,R,D,B ,F , ,N,C,50,0,0,0,,,1748643,5428437,-41.28183055,174.7749682
Wellington City,THE TERRACE,15,N, ,BOULCOTT SLIP,2156187,30/11/01,Fri,730,MO,TN1C,386A ,Q,R,D,O ,F , ,N,C,50,0,0,0,,,1748548,5428080,-41.28506227,174.7739214
Wellington City,THE TERRACE,, ,I,EVERTON TERRACE,2153633,2/07/01,Mon,1420,LB,TN1C,303B ,,R,D,B ,F ,T,T,R,50,0,0,0,,,1748530,5428029,-41.28552476,174.773719
Wellington City,THE TERRACE,, ,I,EVERTON TERRACE,2112682,1/10/01,Mon,1315,LB,CN1C,303B 423B ,,R,D,O ,F ,T,T,R,50,0,1,3,,,1748530,5428029,-41.28552476,174.773719
Wellington City,THE TERRACE,, ,I,EVERTON TERRACE,2152376,11/05/01,Fri,1750,KB,CN1C,303A 845 ,,R,D,TO,F ,T,T,R,50,0,0,0,,,1748530,5428029,-41.28552476,174.773719
Wellington City,THE TERRACE,, ,I,GHUZNEE ST,2150292,1/01/01,Mon,19,KB,CN1C,301A 801 852 ,,R,W,DO,L ,T,S,C,50,0,0,0,,,1748255,5427358,-41.29161664,174.7705998
Wellington City,THE TERRACE,, ,I,MACDONALD CRESCENT,2153755,10/08/01,Fri,950,JA,XS1C,302A 302B 303B ,,R,D,B ,F ,T,G,C,50,0,0,0,,,1748304,5427470,-41.29059925,174.7711575
Wellington City,THE TERRACE,, ,I,MACDONALD CRESCENT,2151742,10/04/01,Tue,900,KA,CS1C,301B ,,R,D,B ,F ,T,S,N,50,0,0,0,,,1748304,5427470,-41.29059925,174.7711575
Wellington City,THE TERRACE,150,N, ,SALAMANCA ROAD,2156303,9/12/01,Sun,1835,JA,CN1C,377A 645A 839 929 ,,R,W,O ,H ,D,N,C,50,0,0,0,,,1748435,5427811,-41.28750499,174.7726382
Wellington City,THE TERRACE,, ,I,SALAMANCA ROAD,2154814,4/10/01,Thu,700,LB,CN1C,303B ,,R,D,O ,F ,T,T,R,50,0,0,0,,,1748381,5427671,-41.2887754,174.7720277
Wellington City,THE TERRACE,, ,I,SALAMANCA ROAD,2111795,20/05/01,Sun,1245,NE,CN1EE,306A ,,R,D,B ,F ,T,T,R,50,0,0,2,34,,1748381,5427671,-41.2887754,174.7720277
Wellington City,THE TERRACE,, ,I,SALAMANCA ROAD,2156155,6/12/01,Thu,2307,LB,CN1C,,,R,W,DO,L ,T,T,R,50,0,0,0,,,1748381,5427671,-41.2887754,174.7720277
Wellington City,THE TERRACE,10,S, ,TERRACE OFF SBD,2111552,5/04/01,Thu,1745,NA,CN1E,713B ,,R,D,O ,F ,T,T,R,50,0,0,1,19,,1748572,5428149,-41.28443662,174.774191
Wellington City,THE TERRACE,, ,I,TERRACE OFF SBD,2155767,15/11/01,Thu,2035,MC,BN1C,143A 333A 381B ,,R,D,O ,F ,T,T,R,50,0,0,0,,,1748575,5428159,-41.28434603,174.7742244
Wellington City,THOMPSON ST,50,N, ,HANKEY ST,2156281,6/11/01,Tue,1540,QD,CN1,428A ,H,R,D,B ,F , , ,N,50,0,0,0,,,1748246,5426433,-41.2999465,174.7707177
Wellington City,THOMPSON ST,100,N, ,NAIRN ST,2156450,15/11/01,Thu,520,CB,CN1C,101B 433B 631B ,M,R,D,TO,F , ,N,N,50,0,0,0,,,1748259,5426471,-41.29960198,174.7708636
Wellington City,THOMPSON ST,20,S, ,WEBB ST,2151618,17/04/01,Tue,1600,JA,CN1C,377B 927 ,,R,D,B ,F ,D,N,N,50,0,0,0,,,1748348,5426708,-41.2974518,174.7718684
Wellington City,THOMPSON ST,100,S, ,WEBB ST,2156201,9/12/01,Sun,1745,MO,CN1C,386A ,,R,W,O ,L , ,N,C,50,0,0,0,,,1748317,5426634,-41.29812376,174.7715164
Wellington City,THORNDON QUAY,, ,I,DAVIS ST,2112864,24/12/01,Mon,700,JA,VN1C,111A 375A 831 ,,M,D,B ,F ,T,N,C,50,0,0,1,,,1749388,5429243,-41.27443631,174.7836626
Wellington City,THORNDON QUAY,, ,I,DAVIS ST,2153222,11/07/01,Wed,735,FB,CE2C,387A 831 ,,M,D,DO,F ,T,G,C,50,0,0,0,,,1749388,5429243,-41.27443631,174.7836626
Wellington City,THORNDON QUAY,400,S, ,HUTT ROAD,2111792,30/04/01,Mon,1810,LB,SN1C,158A 602A 377B 838 926 ,,R,D,DO,F ,D,N,C,50,0,0,1,,26,1749229,5429621,-41.2710624,174.7816725
Wellington City,THORNDON QUAY,100,N, ,LAMBTON QUAY,2155228,8/11/01,Thu,1800,EE,TS1C,374B ,Q,R,D,B ,F , ,N,C,50,0,0,0,,,1749145,5428966,-41.27697517,174.7808304
Wellington City,THORNDON QUAY,, ,I,LAMBTON QUAY,2152548,20/06/01,Wed,1125,BD,CS2B,121A 137A 817 820 ,,E,D,O ,F ,Y,G,R,50,0,0,0,,,1749086,5428871,-41.27784139,174.7801495
Wellington City,THORNDON QUAY,20,N, ,MULGRAVE ST,2152540,13/06/01,Wed,930,CB,CN1,135A 197A 804 817 ,H,R,D,B ,F ,Y,N,C,50,0,0,0,,,1749094,5428851,-41.27801998,174.7802498
Wellington City,THORNDON QUAY,, ,I,TINAKORI ROAD,2111789,3/05/01,Thu,902,GD,CS1C,110A 173A 331A ,,E,W,O ,L ,Y,G,R,50,0,0,1,,,1749211,5430007,-41.26759039,174.7813632
Wellington City,THORNDON QUAY,, ,I,TINAKORI ROAD,2111557,8/03/01,Thu,2015,NA,BN1E,505B 713B ,,M,D,TO,F ,Y,N,R,50,0,1,0,38,,1749211,5430007,-41.26759039,174.7813632
Wellington City,THORNDON QUAY,, ,I,TINAKORI ROAD,2151730,2/04/01,Mon,1545,MB,CN2T,331A 352B 382B ,,R,W,O ,L ,M,G,R,50,0,0,0,,,1749211,5430007,-41.26759039,174.7813632
Wellington City,THORNDON QUAY,, ,I,TINAKORI ROAD,2152308,15/05/01,Tue,840,JA,CN1C,302B 375B ,,E,D,B ,F ,T,G,R,50,0,0,0,,,1749211,5430007,-41.26759039,174.7813632
Wellington City,TINAKORI ROAD,50,N, ,BOWEN ST,2155399,1/11/01,Thu,350,EA,VS1C,386A ,M,R,W,DO,L , ,N,C,50,0,0,0,,,1748201,5428817,-41.27849047,174.7696002
Wellington City,TINAKORI ROAD,50,N, ,BOWEN ST,2150535,19/01/01,Fri,1550,FD,CS1CC,181A 331A ,,R,D,B ,F , ,N,C,50,0,0,0,,,1748201,5428817,-41.27849047,174.7696002
Wellington City,TINAKORI ROAD,50,S, ,BOWEN ST,2111550,15/04/01,Sun,1415,FD,MS1C,181A 331A ,,R,D,B ,F , ,N,C,50,0,0,1,,,1748134,5428742,-41.27917802,174.7688188
Wellington City,TINAKORI ROAD,, ,I,HARRIETT ST,2154148,31/08/01,Fri,855,LB,CN1C,303B 375B ,,R,D,B ,F ,X,T,C,50,0,0,0,,,1748452,5429090,-41.27598642,174.7725294
Wellington City,TINAKORI ROAD,20,N, ,HAWKESTONE ST,2112219,7/06/01,Thu,1230,NB,VN1E,306A 353A ,,R,D,O ,F ,T,G,X,50,0,1,0,72,,1748591,5429241,-41.27460133,174.7741515
Wellington City,TINAKORI ROAD,, ,I,HAWKESTONE ST,2112915,13/10/01,Sat,1130,NA,CS1E,161A ,,R,D,B ,F ,T,G,X,50,0,0,1,66,,1748578,5429226,-41.27473877,174.774
Wellington City,TINAKORI ROAD,30,W, ,HILL ST,2152386,14/05/01,Mon,840,EE,CN1C,374B ,Q,R,D,B ,F , ,N,X,50,0,0,0,,,1748348,5428978,-41.27701392,174.7713154
Wellington City,TINAKORI ROAD,20,N, ,MALCOLM LANE,2156194,18/12/01,Tue,1023,EE,CN1C,374B ,Q,R,D,O ,F , ,N,C,50,0,0,0,,,1748636,5429290,-41.27415188,174.7746765
Wellington City,TINAKORI ROAD,, ,I,ST MARY ST,2153555,26/07/01,Thu,1035,LB,CN1C,303A 375A ,,R,D,BF,F ,T,N,C,50,0,0,0,,,1748141,5428750,-41.27910471,174.7689004
Wellington City,TINAKORI ROAD,, ,I,THORNDON QUAY,2152569,12/06/01,Tue,1500,FB,CN1C,331A ,,E,D,DO,F ,T,G,R,50,0,0,0,,,1749211,5430007,-41.26759039,174.7813632
Wellington City,TIO TIO ROAD,100,N, ,BROADWAY,2156316,23/12/01,Sun,130,DB,CS1,101A 111A 410A ,T,M,D,DO,F , ,N,N,50,0,0,0,,,1752608,5423764,-41.3231629,174.8234642
Wellington City,TIO TIO ROAD,200,W, ,FERRY ST,2110021,21/02/01,Wed,1800,BF,MN1V,106A 131A ,,M,D,B ,F , ,N,C,50,1,0,0,,,1752975,5423936,-41.32154481,174.8278039
Wellington City,TIRANGI ROAD,50,N, ,COUTTS ST,2111695,30/03/01,Fri,2050,DA,CS1CC,111A ,M,M,D,DO,F , ,N,C,50,0,0,1,,,1750995,5423811,-41.32304341,174.8041885
Wellington City,TIRANGI ROAD,250,N, ,COUTTS ST,2151273,1/03/01,Thu,800,MO,BS1,420A ,FP,R,D,B ,F , ,N,C,50,0,0,0,,,1751008,5424011,-41.32124032,174.8042941
Wellington City,TOBAGO CRESCENT,100,W, ,NASSAU AVENUE,2155962,27/12/01,Thu,2340,DA,CN1C,104A 131A ,HM,M,W,DO,L , ,N,C,50,0,0,0,,,1753982,5438692,-41.18850201,174.8361049
Wellington City,TOBAGO CRESCENT,, ,A,NASSAU AVENUE,2150144,13/01/01,Sat,15,DA,CE1,101A 512A 517A ,JPS,M,D,DO,F , ,N,C,50,0,0,0,,,1754067,5438681,-41.18858488,174.8371207
Wellington City,TODMAN ST,100,S, ,MITCHELL ST,2154164,22/08/01,Wed,1525,BC,CS1C,111A 132A ,,M,W,O ,F , ,N,C,50,0,0,0,,,1747303,5425761,-41.30616954,174.7596219
Wellington City,TORY ST,50,N, ,BUCKLE ST,2151518,21/03/01,Wed,1230,MO,TS1C,386A ,M,R,D,B ,F , ,N,C,50,0,0,0,,,1748895,5426600,-41.29832344,174.7784252
Wellington City,TORY ST,100,N, ,BUCKLE ST,2153640,30/07/01,Mon,200,EA,CS1C,645A ,M,R,W,DO,F , ,N,N,50,0,0,0,,,1748915,5426646,-41.29790559,174.7786527
Wellington City,TORY ST,, ,I,COLLEGE ST,2153632,20/07/01,Fri,1730,KA,SS1C,309B 863 ,,R,W,DO,L ,T,N,C,50,0,0,0,,39,1749015,5426869,-41.29587937,174.779792
Wellington City,TORY ST,, ,I,EBOR ST,2151201,4/03/01,Sun,1825,GE,CN1C,160A ,,R,D,B ,F ,X,G,C,50,0,0,0,,,1749048,5426943,-41.29520703,174.7801678
Wellington City,TORY ST,, ,I,JESSIE ST,2154729,27/09/01,Thu,1548,KB,VS1C,302B 303B ,,R,D,B ,F ,T,G,C,50,0,0,0,,,1749020,5426880,-41.29577941,174.779849
Wellington City,TORY ST,, ,I,JESSIE ST,2155494,12/11/01,Mon,1100,KB,VS1C,302B 377B ,,R,D,B ,F ,T,G,C,50,0,0,0,,,1749020,5426880,-41.29577941,174.779849
Wellington City,TORY ST,, ,I,LORNE ST,2152602,9/06/01,Sat,1930,HA,CW2C,302A 377A 112B ,,R,D,O ,F ,X,G,C,50,0,0,0,,,1749048,5426943,-41.29520703,174.7801678
Wellington City,TORY ST,, ,I,SAGES LANE,2113193,13/12/01,Thu,1640,NA,CN1E,712B ,,R,W,O ,L ,X,N,C,50,0,0,1,18,,1748935,5426690,-41.29750575,174.7788807
Wellington City,TORY ST,15,N, ,SH 1N,2151811,7/04/01,Sat,1700,FE,CS1C,331A ,,R,D,O ,F ,X,T,C,50,0,0,0,,,1749002,5426839,-41.29615187,174.7796441
Wellington City,TORY ST,20,N, ,TENNYSON ST,2154861,11/10/01,Thu,810,BA,VN1V,125A 129A 125B 129B ,,R,W,O ,L , ,N,C,50,0,0,0,,,1749084,5427021,-41.29449811,174.7805785
Wellington City,TREBANN ST,50,E, ,PADNELL CRESCENT,2156159,23/12/01,Sun,1510,MO,CE1C,512A ,,E,D,O ,F , ,N,N,50,0,0,0,,,1752650,5435181,-41.22036488,174.8211061
Wellington City,TREMEWAN ST,100,N, ,NORTH ST,2153867,10/08/01,Fri,1553,LB,CS1C,375B 832 929 ,,M,D,O ,F ,D,N,C,50,0,0,0,,,1754267,5442540,-41.15380301,174.8385324
Wellington City,TROY ST,, ,I,KEMP ST,2153635,20/07/01,Fri,1640,KA,XN1C,303B 375B 901 ,,R,W,TF,H ,T,N,C,50,0,0,0,,,1750874,5424346,-41.31824931,174.8026106
Wellington City,TUKANAE ST,90,W, ,AHURIRI ST,2155753,16/09/01,Sun,1705,BC,CS1CC,129A 351A ,M,E,D,O ,F , ,N,N,50,0,0,0,,,1752235,5422609,-41.33363207,174.8192988
Wellington City,UPLAND ROAD,50,S, ,BOUNDARY ROAD,2154880,10/11/01,Sat,1620,FA,VW1C,331A 181B ,,R,D,O ,L , ,N,C,50,0,0,0,,,1747458,5427839,-41.28743193,174.7609692
Wellington City,UPLAND ROAD,, ,I,BOUNDARY ROAD,2152637,22/06/01,Fri,1800,CC,CW1C,412A ,,R,D,DO,F ,T,N,C,50,0,0,0,,,1747436,5427884,-41.28703079,174.7606957
Wellington City,UPLAND ROAD,30,S, ,GROVE ROAD,2151812,28/04/01,Sat,245,EA,CN1C,101A ,M,E,D,OO,F , ,N,C,50,0,0,0,,,1747764,5427668,-41.28891558,174.7646633
Wellington City,UPLAND ROAD,50,E, ,PLUNKET ST,2112049,13/06/01,Wed,318,DB,CE1,101A 111A ,HPV,E,D,DO,F , ,N,X,50,0,0,2,,,1747552,5427657,-41.2890534,174.7621353
Wellington City,UPLAND ROAD,10,N, ,PLUNKET ST,2111655,29/04/01,Sun,1930,MD,MS1C,132A 308B 375B 929 ,,R,D,TO,F ,D,N,C,50,0,1,0,,,1747516,5427705,-41.28862781,174.761694
Wellington City,UPLAND ROAD,20,W, ,PLUNKET ST,2153026,23/06/01,Sat,230,EA,CW1CCC,129A 402A ,CM,E,D,DO,F , ,N,C,50,0,0,0,,,1747512,5427714,-41.28854751,174.761644
Wellington City,UPLAND ROAD,80,E, ,ST MICHAELS CRESCENT,2154943,28/09/01,Fri,1100,FA,CE1S,386A ,,M,D,B ,F , ,N,C,50,0,0,0,,30,1747726,5427652,-41.28906659,174.7642136
Wellington City,VICTORIA ST,, ,I,BOND ST,2154204,19/09/01,Wed,1710,GC,MS1C,372A ,,R,D,B ,F ,T,G,C,50,0,0,0,,,1748711,5427594,-41.28940795,174.7759857
Wellington City,VICTORIA ST,, ,I,BOND ST,2151738,3/04/01,Tue,750,NA,CS1E,711B ,,R,D,O ,F ,X,G,C,50,0,0,0,29,,1748711,5427594,-41.28940795,174.7759857
Wellington City,VICTORIA ST,100,S, ,DIXON ST,2152388,21/04/01,Sat,1100,MC,CS1V,372B ,,R,D,B ,F , ,N,L,50,0,0,0,,,1748582,5427306,-41.29202469,174.7745161
Wellington City,VICTORIA ST,, ,I,DIXON ST,2153869,15/07/01,Sun,2300,LA,CN1C,103A 125A 645A ,,R,D,DO,F ,X,T,C,50,0,0,0,,,1748643,5427385,-41.29130219,174.775225
Wellington City,VICTORIA ST,40,S, ,FELTEX LANE N,2153658,3/08/01,Fri,830,MO,VW1C,371A 377A 926 ,M,R,D,B ,F ,D,N,C,50,0,0,0,,,1748596,5427325,-41.29185105,174.7746786
Wellington City,VICTORIA ST,10,N, ,GHUZNEE ST,2151810,21/04/01,Sat,458,FD,CS1X,101A 331A ,,E,D,DO,F ,X,T,X,50,0,0,0,,,1748538,5427241,-41.29261802,174.7740067
Wellington City,VICTORIA ST,15,S, ,GHUZNEE ST,2151725,29/03/01,Thu,1920,EA,CS1C,129A ,M,E,D,DO,F , ,N,C,50,0,0,0,,,1748525,5427219,-41.29281848,174.7738569
Wellington City,VICTORIA ST,25,S, ,HARRIS ST,2153030,28/06/01,Thu,1620,FD,SS1C,151A 331A ,,R,D,O ,F , ,N,N,50,0,0,0,,21,1748752,5427763,-41.28787881,174.7764338
Wellington City,VICTORIA ST,30,N, ,VIVIAN ST,2111490,4/02/01,Sun,1045,EE,SN1C,374B ,Q,R,D,B ,F , ,N,C,50,0,0,2,,24,1748458,5427099,-41.29391123,174.7730863
Wellington City,VICTORIA ST,50,N, ,VIVIAN ST,2112491,19/09/01,Wed,1735,JA,SN1C,201A 930 ,,R,D,B ,F ,D,N,C,50,0,0,1,,26,1748468,5427116,-41.29375633,174.7732015
Wellington City,VICTORIA ST,, ,I,WAKEFIELD ST,2154316,18/09/01,Tue,1125,AC,VS2C,123A ,,E,D,B ,F ,Y,N,C,50,0,0,0,,,1748725,5427666,-41.28875712,174.7761352
Wellington City,VICTORIA ST,, ,I,WILLESTON ST,2153752,12/08/01,Sun,930,CB,CS1,359A ,S,R,W,O ,H ,X,T,C,50,0,0,0,,,1748808,5427890,-41.28672505,174.7770712
Wellington City,VICTORY AVENUE,50,S, ,TOBRUK ST,2155485,11/11/01,Sun,1920,BC,CN1C,358A 818 839 ,,M,D,B ,F , ,N,C,50,0,0,0,,,1744743,5428533,-41.2816747,174.7283955
Wellington City,VIEW ROAD,20,E, ,HOUGHTON BAY ROAD,2150895,4/02/01,Sun,440,DB,CN1,111A ,K,M,D,DO,F , ,N,C,50,0,0,0,,,1749654,5422724,-41.33308003,174.7884405
Wellington City,WAIKOWHAI ST,200,S, ,CROFTON ROAD,2112261,12/05/01,Sat,800,DA,CS1,103A 133A 135A 517A 801 ,CKS,M,W,O ,F , ,N,C,50,0,1,2,,,1748438,5431760,-41.25194962,174.7717122
Wellington City,WAIPAPA ROAD,20,N, ,HUIA ROAD,2111522,2/03/01,Fri,1700,NA,CN1E,713B ,,R,D,O ,F , ,N,C,50,0,0,1,12,,1750590,5426162,-41.30195239,174.7987694
Wellington City,WAITOA ROAD,, ,I,HATAITAI ROAD,2151200,3/03/01,Sat,2300,EA,CE1C,420A ,M,R,D,DO,F ,X,G,C,50,0,0,0,,,1750204,5425936,-41.30405909,174.7942167
Wellington City,WAITOA ROAD,, ,I,KONINI ROAD,2150629,18/02/01,Sun,1445,LB,CE1C,377A 378A 837 839 ,,E,D,B ,F ,T,N,C,50,0,0,0,,,1750052,5426121,-41.30242175,174.7923563
Wellington City,WAITOA ROAD,, ,I,MOXHAM AVENUE,2155580,6/10/01,Sat,210,LB,CW1C,103A 303B ,,R,D,DO,L ,X,G,C,50,0,0,0,,,1750204,5425936,-41.30405909,174.7942167
Wellington City,WAITOA ROAD,, ,I,WAIPAPA ROAD,2112918,28/10/01,Sun,1630,MC,ME1C,372A ,,R,W,O ,L ,T,N,C,50,0,1,1,,,1750335,5425877,-41.30456589,174.7957954
Wellington City,WAKEFIELD ST,10,E, ,BLAIR ST,2151549,23/03/01,Fri,1445,FE,VW1C,112A 331A ,,R,D,B ,F ,T,T,C,50,0,0,0,,,1749344,5427211,-41.2927394,174.7836357
Wellington City,WAKEFIELD ST,15,E, ,CHAFFERS ST,2113100,14/11/01,Wed,2045,NA,CW1E,711B ,,R,D,DO,H , ,T,C,50,0,0,1,76,,1749333,5427219,-41.29266941,174.7835025
Wellington City,WAKEFIELD ST,, ,I,CHAFFERS ST,2150287,20/01/01,Sat,1725,GD,VS2X,181A ,,R,D,TF,F ,T,S,C,50,0,0,0,,,1749319,5427226,-41.29260897,174.7833336
Wellington City,WAKEFIELD ST,15,W, ,CUBA ST,2111748,30/04/01,Mon,1650,NB,CE1E,711B 718B ,,R,D,TF,F ,T,T,C,50,0,0,1,,,1748831,5427539,-41.28988102,174.7774316
Wellington City,WAKEFIELD ST,, ,I,CUBA ST,2155078,14/10/01,Sun,344,DA,CE1C,111A 135A 801 ,M,R,W,DO,L ,T,T,N,50,0,0,0,,,1748841,5427528,-41.28997822,174.7775536
Wellington City,WAKEFIELD ST,, ,I,CUBA ST,2153371,11/07/01,Wed,1033,NB,CE1E,322A 334A ,,R,D,BF,F ,T,T,C,50,0,0,0,,,1748841,5427528,-41.28997822,174.7775536
Wellington City,WAKEFIELD ST,, ,I,CUBA ST,2155492,16/11/01,Fri,2245,LB,CW1C,303A 375B ,,R,D,DO,F ,T,T,C,50,0,0,0,,,1748841,5427528,-41.28997822,174.7775536
Wellington City,WAKEFIELD ST,, ,I,TARANAKI ST,2152343,26/05/01,Sat,1635,GD,CS2C,181A 193B ,,R,D,O ,F ,M,T,R,50,0,0,0,,,1749013,5427391,-41.29117995,174.7796403
Wellington City,WAKEFIELD ST,, ,I,TARANAKI ST,2152607,3/06/01,Sun,1230,GC,CW1C,171B ,,R,D,B ,F ,M,T,C,50,0,0,0,,,1749013,5427391,-41.29117995,174.7796403