TLA NAME,CRASH ROAD,CRASH DIST,CRASH DIRN,INTSN,SIDE ROAD,CRASH ID,CRASH DATE,CRASH DOW,CRASH TIME,MVMT,VEHICLES,CAUSES,OBJECTS STRUCK,ROAD CURVE,ROAD WET,LIGHT,WTHRa,JUNC TYPE,TRAF CTRL,ROAD MARK,SPD LIM,CRASH FATAL CNT,CRASH SEV CNT,CRASH MIN CNT,PERS AGE1,PERS AGE2,EASTING,NORTHING,latitude,longitude
Wellington City,WAKEFIELD ST,, ,I,TARANAKI ST,2150970,17/02/01,Sat,857,GC,VW1C,171B 404B ,,R,D,O ,F ,M,T,C,50,0,0,0,,,1749013,5427391,-41.29117995,174.7796403
Wellington City,WAKEFIELD ST,, ,I,TARANAKI ST,2150474,14/02/01,Wed,1800,GA,CW1C,181A 331A ,I,R,D,B ,F ,M,T,R,50,0,0,0,,,1749013,5427391,-41.29117995,174.7796403
Wellington City,WAKEFIELD ST,40,E, ,TORY ST,2154718,9/10/01,Tue,1900,AA,CW1C,355A 372A ,,R,W,TF,L , ,N,N,50,0,0,0,,,1749240,5427262,-41.29229946,174.7823817
Wellington City,WAKEFIELD ST,, ,I,TORY ST,2154884,24/10/01,Wed,620,HA,CW1C,322A ,,R,W,DO,L ,X,T,C,50,0,0,0,,,1749204,5427279,-41.29215306,174.7819478
Wellington City,WALLACE ST,, ,I,BIDWILL ST,2112920,20/10/01,Sat,2230,LB,CN1X,303B 387B ,,R,W,DO,L ,X,T,C,50,0,0,1,,,1748521,5426228,-41.30174164,174.7740509
Wellington City,WALLACE ST,, ,I,BIDWILL ST,2151268,6/03/01,Tue,1220,FB,CN1C,181A ,,R,D,B ,F ,X,T,P,50,0,0,0,,,1748521,5426228,-41.30174164,174.7740509
Wellington City,WALLACE ST,15,N, ,FINLAY TERRACE,2152927,28/06/01,Thu,800,FA,CN1C,386A 691A ,,R,W,O ,H , ,N,C,50,0,0,0,,,1748587,5426004,-41.30374625,174.7748936
Wellington City,WALLACE ST,, ,I,HANKEY ST,2112150,23/07/01,Mon,1650,DB,BN1CCC,132A 501A ,HIJ,R,D,O ,F ,Y,N,R,50,0,0,3,,,1748506,5426264,-41.30142027,174.7738631
Wellington City,WALLACE ST,15,N, ,HARGREAVES ST,2151555,28/02/01,Wed,1400,FC,CS1CV,331A ,,R,D,B ,F , ,N,X,50,0,0,0,,,1748579,5426061,-41.30323453,174.7747842
Wellington City,WALLACE ST,20,N, ,HARGREAVES ST,2154331,25/08/01,Sat,1345,FC,CS1CC,191A ,,R,D,B ,F ,T,G,X,50,0,0,0,,,1748578,5426066,-41.3031897,174.774771
Wellington City,WALLACE ST,, ,I,HARGREAVES ST,2153903,23/08/01,Thu,1520,FC,MS1C,181A ,,R,D,O ,F ,T,G,X,50,0,0,0,,,1748581,5426046,-41.30336922,174.7748117
Wellington City,WALLACE ST,20,N, ,HOWARD ST,2151734,28/03/01,Wed,920,BA,CS1C,197A ,,R,D,B ,F , ,N,L,50,0,0,0,,,1748599,5425888,-41.30478844,174.7750652
Wellington City,WALLACE ST,20,N, ,HUTCHISON ROAD,2155746,18/11/01,Sun,1840,BF,CS1C,103A 111A 510A ,,E,D,TF,F ,Y,N,L,50,0,0,0,,,1748686,5425614,-41.30723935,174.776171
Wellington City,WALLACE ST,, ,I,ROLLESTON ST,2156164,8/12/01,Sat,1526,FD,CS1C,181A ,,R,W,O ,H ,T,N,C,50,0,0,0,,,1748557,5426138,-41.30254532,174.7745027
Wellington City,WALLACE ST,300,N, ,WALLACE ST SLIP,2153032,13/06/01,Wed,1710,EA,TN1CC,682A ,M,R,D,TF,F , ,N,C,50,0,0,0,,,1748599,5425909,-41.30459937,174.7750601
Wellington City,WARING TAYLOR ST,, ,I,MAGINNITY ST,2154736,16/10/01,Tue,1540,MF,CW1V,353B 371B ,,R,W,O ,L ,T,N,N,50,0,0,0,,,1748796,5428407,-41.28207248,174.7768017
Wellington City,WARIPORI ST,20,W, ,RUSSELL TERRACE,2154114,18/08/01,Sat,1910,EA,VW1CC,197A ,M,R,D,TO,F , ,N,C,50,0,0,0,,,1749003,5424314,-41.31888528,174.7802745
Wellington City,WASHINGTON AVENUE,50,S, ,BROOKLYN ROAD,2151739,8/04/01,Sun,525,MO,CN1C,103A 371A ,FM,R,D,DO,F , ,N,C,50,0,0,0,,,1747910,5426114,-41.30288026,174.7667837
Wellington City,WASHINGTON AVENUE,, ,I,CLEVELAND ST,2152601,8/06/01,Fri,1600,JA,CN1C,301A 405B ,M,E,D,O ,F ,T,S,C,50,0,0,0,,,1747900,5425859,-41.30517798,174.7667263
Wellington City,WASHINGTON AVENUE,30,S, ,DORKING ROAD,2152925,17/06/01,Sun,400,DA,CS1,101A ,F,S,D,DO,F , ,N,C,50,0,0,0,,,1747901,5425684,-41.3067534,174.7667808
Wellington City,WATERLOO QUAY,160,N, ,BUNNY ST,2113108,22/11/01,Thu,1630,DB,CN1,501A 927 ,FH,E,W,O ,H ,D,N,N,50,0,0,1,,,1749201,5428729,-41.27909864,174.7815568
Wellington City,WATERLOO QUAY,400,N, ,BUNNY ST,2151503,16/02/01,Fri,1245,FD,VN1C,358A ,,R,D,B ,F , ,N,C,50,0,0,0,,,1749350,5428918,-41.27736945,174.7832888
Wellington City,WATERLOO QUAY,, ,I,BUNNY ST,2111576,15/03/01,Thu,1450,LB,OS1C,206B 303B 404B 926 ,,R,D,B ,F ,D,T,C,50,0,0,2,,,1749102,5428604,-41.28024236,174.7804058
Wellington City,WATERLOO QUAY,, ,I,BUNNY ST,2153276,12/04/01,Thu,1425,NE,XN1E,307A ,,R,D,O ,F ,T,T,R,50,0,0,0,54,,1749102,5428604,-41.28024236,174.7804058
Wellington City,WATERLOO QUAY,100,N, ,HINEMOA ST,2150073,1/01/01,Mon,400,AD,CN1,130A 158A ,,R,D,DO,F , ,N,P,50,0,0,0,,,1749471,5429073,-41.27595154,174.7846948
Wellington City,WATERLOO QUAY,, ,I,HINEMOA ST,2151209,23/02/01,Fri,50,JA,CN1X,322A 351A ,,R,D,DO,F ,T,T,R,50,0,0,0,,,1749409,5428994,-41.27667428,174.7839743
Wellington City,WATERLOO QUAY,20,S, ,WHITMORE ST,2153043,30/06/01,Sat,2145,FE,VN1CC,103A 331A ,,R,D,DO,F ,T,T,C,50,0,0,0,,,1748993,5428454,-41.28161299,174.7791415
Wellington City,WATERLOO QUAY,, ,I,WHITMORE ST,2155929,31/12/01,Mon,956,DA,CS2,123A 358A ,S,R,D,O ,F ,T,T,R,50,0,0,0,,,1748982,5428438,-41.28175908,174.7790141
Wellington City,WATERLOO QUAY,, ,I,WHITMORE ST,2150973,21/02/01,Wed,740,FE,CS1CC,110A 331A 363A ,,R,D,B ,F ,T,T,R,50,0,0,0,,,1748982,5428438,-41.28175908,174.7790141
Wellington City,WATERLOO QUAY,, ,I,WHITMORE ST,2152392,22/05/01,Tue,945,AC,VS1T,381A ,,R,D,B ,F ,T,T,C,50,0,0,0,,,1748982,5428438,-41.28175908,174.7790141
Wellington City,WATERLOO QUAY,, ,I,WHITMORE ST,2151092,21/03/01,Wed,715,FE,BS1C,181A 363A ,,R,D,B ,F ,T,T,C,50,0,0,0,,,1748982,5428438,-41.28175908,174.7790141
Wellington City,WEBB ST,, ,I,CUBA ST,2156191,21/11/01,Wed,1600,JA,CE1C,309A ,,R,W,O ,L ,T,N,C,50,0,0,0,,,1748463,5426678,-41.29770076,174.7732487
Wellington City,WEBB ST,, ,I,HOPPER ST,2155049,4/10/01,Thu,2330,BC,CW1C,122A 423A ,,R,D,DO,F ,T,G,C,50,0,0,0,,,1748565,5426632,-41.29809615,174.7744776
Wellington City,WEBB ST,, ,I,THOMPSON ST,2156262,10/08/01,Fri,1930,BA,CW1C,125A 353A ,,R,D,DO,F ,T,N,C,50,0,0,0,,,1748356,5426726,-41.29728827,174.7719596
Wellington City,WEBB ST,20,E, ,TORRENS TERRACE,2151624,18/04/01,Wed,1220,CB,CW1CX,501A ,M,R,D,B ,F , ,N,C,50,0,0,0,,,1748518,5426653,-41.29791573,174.7739114
Wellington City,WEBB ST,30,E, ,WILLIS ST,2152341,26/05/01,Sat,1500,FD,CW1CXC,331A ,,R,D,B ,F ,T,G,C,50,0,0,0,,,1748256,5426772,-41.29689249,174.7707545
Wellington City,WESTCHESTER DRIVE,50,N, ,AMESBURY DRIVE,2112683,3/09/01,Mon,1520,NA,VS1E,713B 729B ,,R,D,B ,F , ,N,C,50,0,1,0,12,,1751425,5437168,-41.20270524,174.8060066
Wellington City,WESTCHESTER DRIVE EAST,100,S, ,MIDDLETON ROAD,2112484,3/08/01,Fri,830,BF,CE1B,131A 363A ,,E,W,B ,F , ,N,L,50,0,0,1,,,1752284,5436941,-41.20458791,174.8163033
Wellington City,WESTHAVEN DRIVE,, ,I,WESTWOOD ROAD,2150394,1/02/01,Thu,1835,DA,CW1,363A 902 ,I,E,D,B ,F ,T,G,R,50,0,0,0,,,1752351,5440942,-41.16855267,174.8161061
Wellington City,WHA ST,, ,I,FREYBERG ST,2152306,17/05/01,Thu,1045,HA,CW1C,301A 375A 405A ,,R,D,B ,F ,X,S,C,50,0,0,0,,,1750095,5423527,-41.32576838,174.7935099
Wellington City,WHITMORE ST,, ,I,FEATHERSTON ST,2156278,15/12/01,Sat,1950,HA,VS1C,322B 334B ,,R,D,O ,F ,X,T,R,50,0,0,0,,,1748923,5428522,-41.28101367,174.7782894
Wellington City,WHITMORE ST,, ,I,FEATHERSTON ST,2111569,14/03/01,Wed,715,HA,CS1C,322A ,,R,D,O ,L ,X,T,R,50,0,0,1,,,1748923,5428522,-41.28101367,174.7782894
Wellington City,WHITMORE ST,, ,I,STOUT ST,2156179,9/12/01,Sun,2020,LB,CN1C,303A ,,R,W,OO,L ,X,T,R,50,0,0,0,,,1748881,5428585,-41.2804542,174.7777727
Wellington City,WIGAN ST,40,W, ,TARANAKI ST,2151602,6/03/01,Tue,1600,MG,CE1C,371B 927 ,,R,D,O ,F ,D,N,C,50,0,0,0,,,1748708,5426826,-41.29632314,174.7761375
Wellington City,WILLIS ST,50,N, ,ABEL SMITH ST,2152559,8/04/01,Sun,1150,MA,CS1C,331B ,,R,D,B ,F , ,N,N,50,0,0,0,,,1748320,5426992,-41.29489997,174.771465
Wellington City,WILLIS ST,, ,I,ARO ST,2151554,22/03/01,Thu,1300,FB,VE2C,331A ,,E,D,B ,F ,T,G,R,50,0,0,0,,,1748250,5426840,-41.29628135,174.7706663
Wellington City,WILLIS ST,, ,I,BOND ST,2156208,12/12/01,Wed,1345,FD,CN1C,400A 423A ,,R,D,B ,F ,T,N,C,50,0,0,0,,,1748634,5427684,-41.28861182,174.7750446
Wellington City,WILLIS ST,, ,I,BOND ST,2113051,17/12/01,Mon,1740,EE,SN1V,158A 374B ,Q,R,D,O ,F ,T,N,C,50,0,0,1,,27,1748634,5427684,-41.28861182,174.7750446
Wellington City,WILLIS ST,30,S, ,BOULCOTT ST,2113111,21/11/01,Wed,1156,NB,CS1E,377A 712B ,,R,D,O ,F , ,N,C,50,0,0,1,27,,1748591,5427596,-41.28941204,174.7745527
Wellington City,WILLIS ST,10,N, ,DIXON ST,2111799,26/06/01,Tue,1345,NG,XN1E,371A ,,R,D,B ,F ,X, ,C,50,0,0,1,65,,1748524,5427448,-41.29075688,174.7737891
Wellington City,WILLIS ST,10,N, ,DIXON ST,2111248,8/02/01,Thu,830,EE,SN1C,158A 374B ,Q,R,D,O ,F ,X,S,C,50,0,0,1,,32,1748524,5427448,-41.29075688,174.7737891
Wellington City,WILLIS ST,10,N, ,DIXON ST,2152200,23/05/01,Wed,1725,MC,CN1V,387A 371B ,,R,D,TO,F ,X,S,C,50,0,0,0,,,1748524,5427448,-41.29075688,174.7737891
Wellington City,WILLIS ST,100,N, ,DIXON ST,2111705,1/03/01,Thu,1230,EA,XN1T,129A ,M,R,D,B ,F , ,N,C,50,0,1,1,,,1748561,5427530,-41.29001179,174.7742107
Wellington City,WILLIS ST,, ,A,DIXON ST,2111491,20/02/01,Tue,635,HA,CW1C,301A 843 851 ,,R,D,O ,F ,X,S,C,50,0,0,1,,,1748520,5427439,-41.29083864,174.7737435
Wellington City,WILLIS ST,, ,I,DIXON ST,2156429,19/10/01,Fri,158,HA,TN1X,301A 351B ,,R,D,DO,F ,X,S,C,50,0,0,0,,,1748520,5427439,-41.29083864,174.7737435
Wellington City,WILLIS ST,25,S, ,GHUZNEE ST,2111515,23/03/01,Fri,1830,NA,CS1E,712B ,,R,D,TO,F , ,N,C,50,0,0,1,14,,1748435,5427249,-41.29256494,174.7727752
Wellington City,WILLIS ST,80,S, ,LAMBTON QUAY,2152023,21/05/01,Mon,1738,EA,BN1C,386A ,Q,R,D,DO,F , ,N,L,50,0,0,0,,,1748707,5427850,-41.2871038,174.7758754
Wellington City,WILLIS ST,120,S, ,LAMBTON QUAY,2111753,4/04/01,Wed,1310,NB,BS1E,715B 719B ,,R,D,B ,F , ,N,C,50,0,0,1,19,,1748691,5427813,-41.28743987,174.7756935
Wellington City,WILLIS ST,, ,I,MANNERS ST,2155928,17/12/01,Mon,1755,EE,CS1C,129A 374A ,M,R,D,O ,F ,X,T,C,50,0,0,0,,,1748603,5427623,-41.28916673,174.7746894
Wellington City,WILLIS ST,20,N, ,MERCER ST,2154479,21/04/01,Sat,1100,AC,VN1C,155A 159A ,,R,D,B ,F , ,N,L,50,0,0,0,,,1748661,5427745,-41.28805763,174.775352
Wellington City,WILLIS ST,30,N, ,MERCER ST,2150628,6/02/01,Tue,1315,EA,BN1C,386A ,M,R,D,B ,F , ,N,C,50,0,0,0,,,1748665,5427754,-41.28797587,174.7753975
Wellington City,WILLIS ST,100,N, ,MERCER ST,2111755,3/05/01,Thu,1315,NA,BS1E,711B 725B ,,R,W,O ,L , ,N,C,50,0,1,0,57,,1748696,5427823,-41.28734892,174.7757507
Wellington City,WILLIS ST,10,S, ,MERCER ST,2156183,25/11/01,Sun,1530,FE,XN1X,181A 331A ,,R,D,B ,F ,T,T,C,50,0,0,0,,,1748649,5427718,-41.28830294,174.7752153
Wellington City,WILLIS ST,20,N, ,VIVIAN ST,2152670,10/06/01,Sun,1135,FD,VN1CC,331A 901 ,,R,W,O ,H , ,N,C,50,0,0,0,,,1748379,5427125,-41.29369166,174.7721369
Wellington City,WILTON ROAD,15,S, ,GLOUCESTER ST,2113098,15/11/01,Thu,1520,NA,CS1E,717B ,,R,D,B ,F , ,N,X,50,0,0,1,11,,1747151,5429976,-41.26824734,174.7567884
Wellington City,WILTON ROAD,, ,I,SHROPSHIRE AVENUE,2151417,3/03/01,Sat,1240,LB,CN1CC,382A 181C ,,E,D,O ,F ,T,G,C,50,0,0,0,,,1747030,5429886,-41.26907969,174.7553662
Wellington City,WILTON ROAD,, ,I,WARWICK ST,2111303,22/02/01,Thu,2300,LB,CW1C,103B 303B ,S,E,D,DO,F ,T,S,L,50,0,0,1,,,1747395,5430005,-41.26794176,174.7596931
Wellington City,WITHAM ST,, ,I,FOYLE ST,2152205,23/05/01,Wed,1105,BD,CE2C,303A ,,R,D,O ,F ,T,N,N,50,0,0,0,,,1748904,5422167,-41.3382338,174.7796183
Wellington City,WOODMAN DRIVE,, ,I,RAROA TERRACE,2152242,2/06/01,Sat,1115,JA,CN1C,137A 197A 839 ,P,E,D,O ,F ,T,N,N,50,0,0,0,,,1754408,5441313,-41.16482327,174.8405212
Wellington City,YULE ST,100,S, ,COUTTS ST,2112307,30/05/01,Wed,925,MB,MN1C,372A ,,R,W,O ,F , ,N,C,50,0,0,1,,,1750533,5423974,-41.32166226,174.7986304
Wellington City,YULE ST,30,S, ,RONGOTAI ROAD,2153223,10/07/01,Tue,2020,GE,CS1C,929,,R,D,DO,M ,D,N,C,50,0,0,0,,,1750619,5424268,-41.31899923,174.7995847
Wellington City,Z CPK COUNTDOWN,, ,A,MOOREFIELD/GOTHIC,2156090,23/11/01,Fri,1823,MF,CW1C,375A ,,R,W,O ,H , ,N,N,50,0,0,0,,,1751423,5435003,-41.22219801,174.8065191
Wellington City,Z CPK EVENT CENTRE,, ,A,JERVOIS QUAY,2113196,12/12/01,Wed,2230,MO,VS1C,386A 926 ,Q,R,D,DO,F , ,N,N,50,0,0,1,,,1748924,5427997,-41.28574029,174.7784297
Wellington City,Z CPK JOHNSONVILLE MALL,, ,A,MOOREFIELD/GOTHIC,2152668,7/06/01,Thu,1130,MF,CS1C,373B ,,R,D,OF,F , ,N,N,50,0,0,0,,,1751355,5434928,-41.22288599,174.8057268
Wellington City,Z CPK JOHNSONVILLE MALL,, ,A,MOOREFIELD/GOTHIC,2151508,24/02/01,Sat,1235,MD,CN1C,371A 929 ,,R,D,B ,F , ,N,N,50,0,0,0,,,1751348,5434919,-41.22296833,174.8056456
Wellington City,Z CPK JOHNSONVILLE MALL,, ,A,MOORFIELD/GOTHIC,2156091,30/11/01,Fri,1138,MF,CN1C,,,R,D,B ,F , ,N,N,50,0,0,0,,,1751278,5434854,-41.22356664,174.8048269
Wellington City,Z CPK NEW WORLD,, ,A,MOLESWORTH ST,2155303,3/10/01,Wed,2049,MG,CW1C,371B ,,R,D,DO,F , ,N,R,50,0,0,0,,,1748915,5429225,-41.27468572,174.7780221
Wellington City,Z CPK NEW WORLD,, ,A,RIDDIFORD/NORMANBY,2150475,2/02/01,Fri,2030,CA,CW1C,653A ,,R,D,TO,F , ,N,N,50,0,0,0,,,1749027,5424780,-41.31468527,174.7804469
Wellington City,Z CPK NZ POST,, ,A,WHITMORE/WATERLOO,2154714,5/10/01,Fri,154,MO,VE1C,371A ,M,R,D,DO,F , ,N,N,50,0,0,0,,,1748982,5428449,-41.28166004,174.7790114
Wellington City,Z CPK VELODROME,, ,A,HATAITAI PARK,2111301,18/02/01,Sun,210,DO,CE1,103A 433A ,ET,R,D,DN,F , ,N,N,50,0,0,2,,,1749908,5425796,-41.30537461,174.7907171
Wellington City,Z CPK WGTN HOSP,, ,A,RIDDIFORD ST,2112293,19/06/01,Tue,1053,MO,CN1ECC,423A ,FMT,E,D,O ,F , ,N,R,15,0,0,3,86,,1748928,5425414,-41.3089954,174.7791095
Wellington City,Z CPK WGTN HOSP,, ,A,RIDDIFORD ST,2153277,18/06/01,Mon,1145,CC,CE1C,423A ,EM,R,W,O ,L , ,N,N,50,0,0,0,,,1748994,5425446,-41.3086951,174.7798897
Wellington City,Z DWAY,, ,A,COROMANDEL ST,2154039,14/09/01,Fri,2105,MO,CS1,371A ,ET,R,D,DO,F , ,N,N,50,0,0,0,,,1749597,5424795,-41.3144447,174.78725
Wellington City,Z DWAY 64 IRONSIDE ROAD,250,S, ,ERRIS ST,2155544,22/09/01,Sat,840,MG,CN1C,371B ,,R,D,TN,F , ,N,N,50,0,0,0,,,1750999,5435410,-41.21861285,174.8013625
Wellington City,Z DWAY 64 TRUSCOTT,30,W, ,JOHN SIMS DRIVE,2150625,27/01/01,Sat,1755,MO,CS1C,371A ,,R,D,O ,F , ,N,N,50,0,0,0,,,1750239,5434384,-41.22799186,174.7925526
Wellington City,Z DWAY BERRYMEAD,50,E, ,BERRYMEAD/MAKARA,2112008,22/06/01,Fri,1740,DO,CS1,135A 800 929 ,ET,M,W,DN,FF, ,M,N,50,0,0,1,,,1744168,5427781,-41.28854836,174.7217103
Wellington City,Z DWAY WEBB ST,30,W, ,CUBA ST,2152844,21/06/01,Thu,318,EC,CS1CC,103A 110A 927 ,M,R,D,DN,F , ,N,N,50,0,0,0,,,1748432,5426685,-41.29764344,174.7728769
Wellington City,Z FCT BP,, ,A,MAIN/TAWA,2152428,20/04/01,Fri,1120,MO,CN1C,309A 370B ,,R,D,O ,F , ,N,N,50,0,0,0,,,1753091,5440151,-41.17553495,174.8251208
Wellington City,Z FCT BP,, ,A,PARK/TINAKORI,2112553,21/09/01,Fri,1456,PF,CW1CE,427A 504A ,,R,D,B ,F , ,N,N,50,0,0,1,89,,1748876,5429556,-41.27171276,174.7774758
Wellington City,Z FCT CALTEX,, ,A,RIDDIFORD/GORDON,2156454,7/09/01,Fri,510,EA,CS1C,110A 410A 428A ,M,R,D,DO,F , ,N,C,50,0,0,0,,,1749018,5424653,-41.31583036,174.7803706
Wellington City,Z FCT MOBIL,, ,A,TORY/BUCKLE,2151300,22/03/01,Thu,1455,MO,CW1C,300A ,,R,D,B ,F , ,N,N,50,0,0,0,,,1748878,5426569,-41.29860568,174.7782298
Wellington City,Z FCT VTNZ,, ,A,BUCKLE/TORY,2112916,10/10/01,Wed,1105,FD,CW1CXX,423A ,MM,R,W,O ,L , ,N,N,50,0,0,1,,,1748835,5426600,-41.29833451,174.7777089
Wellington City,Z FERRY HOLDING LANES,200,N, ,AOTEA QUAY,2150150,4/01/01,Thu,1409,EE,CS1C,386A ,Q,R,D,B ,F , ,N,C,30,0,0,0,,,1749751,5430428,-41.26370003,174.7877036
Wellington City,Z FERRY TERMINAL LANES,400,N, ,AOTEA QUAY,2112095,4/07/01,Wed,1645,NB,CN1E,712B ,,R,D,O ,F , ,N,N,50,0,1,0,45,,1749784,5430449,-41.26350484,174.7880922
Wellington City,Z ON FERRY,, ,A,INTERNATIONAL TERMINAL,2150908,24/02/01,Sat,30,EA,VN1C,386A ,M,R,D,TO,F , ,N,N,50,0,0,0,,,1749621,5430289,-41.26497559,174.7861865
Wellington City,Z PTE PROPERTY,, ,A,TEREWHITI STATION,2112691,12/09/01,Wed,1550,DA,VE1,138A 422A ,,M,D,ON,F , ,N,N,50,0,1,0,,,1738782,5423053,-41.33206304,174.6584937
Wellington City,Z QUEENS WHARF,, ,A,QUEENS WHARF EVENT CENTRE,2155830,7/12/01,Fri,2200,PB,XN2E,700B ,,R,D,DO,F , , ,N,50,0,0,0,,,1749010,5428006,-41.2856434,174.779454
Wellington City,1N/1050/5.875,1100,S, ,MUNGAVIN OFF NBD,2154223,14/09/01,Fri,2010,AC,CN1C,159A 132B ,G,M,D,DO,F , ,N,R,100,0,0,0,,,1754444,5442841,-41.15105932,174.840565
Wellington City,1N/1050/7.508,700,S, ,COLLINS OBR,2155953,19/12/01,Wed,2240,AD,CN1C,135A 801 ,EC,E,W,DN,F , ,N,R,100,0,0,0,,,1753854,5441327,-41.16480253,174.8339173
Wellington City,1N/1050/7.83,1800,N, ,TAWA OFF SBD,2155829,22/11/01,Thu,2037,CB,CS1,135A 358A 801 ,,R,W,DO,HS, ,N,R,100,0,0,0,,,1753740,5441025,-41.16754317,174.8326349
Wellington City,1N/1050/8.43,1200,N, ,TAWA OFF SBD,2154862,3/11/01,Sat,1155,FD,CS1C,181A 331A 901 ,,R,W,O ,H , ,N,R,100,0,0,0,,,1753597,5440444,-41.17280123,174.8310768
Wellington City,1N/1050/8.615,1000,N, ,TAWA ON NBD,2111830,21/05/01,Mon,1140,CB,VN1,622A ,C,R,D,O ,FS, ,N,R,100,0,0,1,,,1753549,5440268,-41.17439492,174.830549
Wellington City,1N/1050/8.615,1000,N, ,TAWA ON NBD,2154244,26/09/01,Wed,935,FA,VN1C,331A 159B 191B ,G,R,D,B ,FS, ,N,R,100,0,0,0,,,1753549,5440268,-41.17439492,174.830549
Wellington City,1N/1050/8.615,1000,N, ,TAWA ON NBD,2153885,1/09/01,Sat,1555,CC,CN1,132A 402A 524A ,G,R,D,O ,F , ,N,R,100,0,0,0,,,1753549,5440268,-41.17439492,174.830549
Wellington City,1N/1050/8.63,1000,N, ,TAWA OFF SBD,2154866,3/11/01,Sat,1155,FD,CS1C,181A 331A ,,E,W,O ,L , ,N,R,100,0,0,0,,,1753559,5440248,-41.17457309,174.8306731
Wellington City,1N/1050/8.83,800,N, ,TAWA OFF SBD,2151221,28/03/01,Wed,629,CC,CS1,110A 402A 801 ,G,R,W,O ,L , ,N,R,100,0,0,0,,,1753520,5440052,-41.17634514,174.8302575
Wellington City,1N/1050/9.33,300,N, ,TAWA OFF SBD,2113007,2/12/01,Sun,750,DB,CS1CC,135A 181A 197A 801 ,,M,W,O ,H , ,N,R,100,0,1,0,,,1753388,5439572,-41.18069174,174.8288049
Wellington City,1N/1050/9.415,200,N, ,TAWA ON NBD,2111736,9/06/01,Sat,828,FF,VN1T,132A 331A 801 ,,M,W,O ,LS, ,N,R,100,0,1,0,,,1753393,5439494,-41.18139306,174.828884
Wellington City,1N/1050/9.415,200,N, ,TAWA ON NBD,2152340,9/06/01,Sat,827,AD,CN1,131A 412A ,,M,W,O ,LS, ,N,R,100,0,0,0,,,1753393,5439494,-41.18139306,174.828884
Wellington City,1N/1050/9.43,200,W, ,TAWA OFF SBD,2150786,9/03/01,Fri,703,AC,CS1T,131A 137A ,,M,W,O ,L , ,N,R,100,0,0,0,,,1753414,5439476,-41.18155114,174.8291388
Wellington City,1N/1050/9.48,150,N, ,TAWA OFF SBD,2153496,14/08/01,Tue,750,FD,CS1CCC,331D ,,R,W,O ,H , ,N,R,100,0,0,0,,,1753438,5439432,-41.18194274,174.8294358
Wellington City,1N/1050/9.645,15,S, ,TAWA OFF SBD,2151658,9/05/01,Wed,720,DA,VS1,135A 809 ,,M,W,O ,L , ,N,R,100,0,0,0,,,1753539,5439303,-41.18308505,174.8306718
Wellington City,1N/1050/9.675,60,S, ,TAWA ON NBD,2151877,27/04/01,Fri,2341,DB,CN1C,132A 198A ,,M,D,DO,F , ,N,R,100,0,0,0,,,1753538,5439281,-41.18328331,174.8306654
Wellington City,1N/1050/9.69,60,S, ,TAWA OFF SBD,2155779,6/12/01,Thu,2210,DA,CS1,111A 132A ,G,M,W,DO,L , ,N,R,100,0,0,0,,,1753567,5439267,-41.18340386,174.8310145
Wellington City,1N/1050/9.69,60,S, ,TAWA OFF SBD,2155780,6/12/01,Thu,2210,EB,CS1V,117A 446B ,M,M,W,DO,L , ,N,R,100,0,0,0,,,1753567,5439267,-41.18340386,174.8310145
Wellington City,1N/1050/9.73,100,S, ,TAWA OFF SBD,2152240,17/06/01,Sun,1543,DA,CS1C,135A 823 901 ,C,E,W,O ,H , ,N,R,100,0,0,0,,,1753591,5439235,-41.18368742,174.8313085
Wellington City,1N/1050/9.73,100,S, ,TAWA OFF SBD,2111464,12/04/01,Thu,2030,DA,CS1,111A 135A 801 ,G,M,W,DO,H , ,N,R,100,0,0,1,,,1753591,5439235,-41.18368742,174.8313085
Wellington City,1N/1050/9.73,100,S, ,TAWA OFF SBD,2154906,3/11/01,Sat,1115,DA,CS1,135A 823 ,L,M,W,O ,H , ,N,R,100,0,0,0,,,1753591,5439235,-41.18368742,174.8313085
Wellington City,1N/1060/0.115,150,N, ,TAWA ON SBD,2113049,27/12/01,Thu,1241,BF,CS1C,126A 137A 801 ,CGL,M,W,O ,H , ,N,R,100,0,0,1,,,1753670,5438930,-41.18641846,174.8323266
Wellington City,1N/1060/0.115,150,N, ,TAWA ON SBD,2155833,27/12/01,Thu,1220,DA,CS1,135A 801 823 ,CV,M,W,O ,H , ,N,R,100,0,0,0,,,1753670,5438930,-41.18641846,174.8323266
Wellington City,1N/1060/0.165,100,N, ,TAWA ON SBD,2111485,13/04/01,Fri,1047,DA,CS1,135A 404A 801 ,G,M,W,O ,LS, ,N,R,100,0,0,2,,,1753658,5438881,-41.1868619,174.8321959
Wellington City,1N/1060/0.219,100,N, ,TAWA OFF NBD,2155203,22/11/01,Thu,2045,DB,CN1,111A 131A 823 901 ,G,M,W,DO,HS, ,N,R,100,0,0,0,,,1753633,5438828,-41.18734381,174.8319112
Wellington City,1N/1060/0.265,, ,I,TAWA ON SBD,2153875,26/08/01,Sun,1500,DA,CS1,197A ,C,E,D,B ,F ,Y,N,R,100,0,0,0,,,1753635,5438784,-41.18773958,174.8319461
Wellington City,1N/1060/0.265,, ,I,TAWA ON SBD,2156089,22/11/01,Thu,1320,FD,CS1C,111A ,,E,W,O ,H ,Y,N,R,100,0,0,0,,,1753635,5438784,-41.18773958,174.8319461