TLA NAME,CRASH ROAD,CRASH DIST,CRASH DIRN,INTSN,SIDE ROAD,CRASH ID,CRASH DATE,CRASH DOW,CRASH TIME,MVMT,VEHICLES,CAUSES,OBJECTS STRUCK,ROAD CURVE,ROAD WET,LIGHT,WTHRa,JUNC TYPE,TRAF CTRL,ROAD MARK,SPD LIM,CRASH FATAL CNT,CRASH SEV CNT,CRASH MIN CNT,PERS AGE1,PERS AGE2,EASTING,NORTHING,latitude,longitude
Wellington City,1N/1060/0.365,100,S, ,TAWA ON SBD,2152838,11/07/01,Wed,745,FD,CS1CC,331A ,,R,W,O ,HS, ,N,R,100,0,0,0,,,1753606,5438688,-41.1886094,174.8316246
Wellington City,1N/1060/0.569,250,S, ,TAWA OFF NBD,2151630,1/04/01,Sun,844,DA,CN1,350A ,C,M,D,B ,F , ,N,R,100,0,0,0,,,1753534,5438493,-41.1903787,174.8308154
Wellington City,1N/1060/0.619,300,S, ,TAWA OFF NBD,2151131,16/03/01,Fri,1835,CC,CN1,197A ,CJ,R,D,TN,F , ,N,R,100,0,0,0,,,1753522,5438444,-41.19082213,174.8306847
Wellington City,1N/1060/1.235,800,N, ,CHURTON PARK OFF SBD,2150389,10/02/01,Sat,500,DB,CS1,410A ,C,E,D,DN,F , ,N,R,100,0,0,0,,,1753236,5437952,-41.19530593,174.8273991
Wellington City,1N/1060/1.319,1000,S, ,TAWA OFF NBD,2151492,17/01/01,Wed,1055,AC,VN1C,372A 817 ,,E,D,B ,F , ,N,R,100,0,0,0,,,1753148,5437904,-41.19575474,174.8263622
Wellington City,1N/1060/2.719,150,N, ,CHURTON PARK OFF NBD,2155971,28/11/01,Wed,1238,QG,CN1C,682A 137B ,G,M,D,B ,F , ,N,R,100,0,0,0,,,1752425,5436750,-41.20628102,174.8180318
Wellington City,1N/1060/2.839,30,N, ,CHURTON PARK OFF NBD,2155320,20/11/01,Tue,305,DA,CN1,103A 402A ,G,E,D,DO,F , ,N,R,100,0,0,0,,,1752366,5436646,-41.20722848,174.8173544
Wellington City,1N/1060/3.049,200,S, ,CHURTON PARK ON SBD,2154416,16/08/01,Thu,1000,FD,CS1VC,132A 331A ,,E,W,O ,L , ,N,R,100,0,0,0,,,1752295,5436454,-41.20897049,174.8165558
Wellington City,1N/1060/3.059,190,S, ,CHURTON PARK OFF NBD,2112281,3/08/01,Fri,1840,AD,CN1,104A 177A ,ET,R,D,DN,F , ,N,R,100,0,0,1,,,1752276,5436445,-41.20905509,174.8163315
Wellington City,1N/1060/3.149,300,S, ,CHURTON PARK ON SBD,2152625,15/06/01,Fri,750,FD,CS1C,331A ,,R,D,O ,F , ,N,R,100,0,0,0,,,1752253,5436363,-41.20979769,174.8160777
Wellington City,1N/1060/3.23,1000,N, ,JOHNSONVILLE ON NBD,2151298,11/03/01,Sun,1220,CB,CN1,615A 680A ,,R,D,B ,F , ,N,R,100,0,0,0,,,1752207,5436289,-41.2104726,174.8155477
Wellington City,1N/1060/3.349,500,S, ,CHURTON PARK ON SBD,2155892,7/11/01,Wed,1218,QG,CS1CCC,682A 191B 181C 331D ,D,E,D,B ,F , ,N,R,100,0,0,0,,,1752174,5436180,-41.21146017,174.8151814
Wellington City,1N/1060/3.43,800,N, ,JOHNSONVILLE OFF SBD,2153315,29/06/01,Fri,740,FA,CS1C,331A ,,R,D,B ,F , ,N,R,100,0,0,0,,,1752140,5436107,-41.2121238,174.8147942
Wellington City,1N/1060/3.73,500,N, ,JOHNSONVILLE ON NBD,2156283,23/11/01,Fri,1327,QG,VN1,688A ,,R,W,O ,HS, ,N,R,100,0,0,0,,,1751994,5435837,-41.21458215,174.8131206
Wellington City,1N/1060/3.73,500,N, ,JOHNSONVILLE ON NBD,2153433,16/07/01,Mon,1710,FF,CN1C,181A 191B ,,R,W,DO,L , ,N,R,100,0,0,0,,,1751994,5435837,-41.21458215,174.8131206
Wellington City,1N/1060/4.03,200,N, ,JOHNSONVILLE ON NBD,2150392,8/01/01,Mon,1550,DA,CN1,631A ,,E,D,B ,F , ,N,R,100,0,0,0,,,1751864,5435566,-41.21704647,174.8116379
Wellington City,1N/1060/4.23,, ,I,JOHNSONVILLE ON NBD,2113106,28/11/01,Wed,1157,ED,CN1T,143B 312B 817 ,M,R,D,O ,F ,Y,N,R,100,0,0,1,,,1751777,5435386,-41.2186834,174.8106453
Wellington City,1N/1060/4.23,, ,I,JOHNSONVILLE ON NBD,2150071,11/01/01,Thu,1559,KA,VN1CTC,197A 381B 181C 197C ,,R,W,O ,L ,Y,N,R,100,0,0,0,,,1751777,5435386,-41.2186834,174.8106453
Wellington City,1N/1060/4.25,20,S, ,JOHNSONVILLE OFF SBD,2155400,21/11/01,Wed,1910,FA,CS1C,117A 331A 446B ,,R,D,O ,H , ,N,R,100,0,0,0,,,1751785,5435367,-41.21885296,174.8107454
Wellington City,1N/1060/4.27,40,S, ,JOHNSONVILLE OFF SBD,2150410,31/01/01,Wed,1637,AA,CS1C,137B ,G,R,D,B ,F , ,N,R,100,0,0,0,,,1751776,5435350,-41.21900771,174.8106423
Wellington City,1N/1060/4.43,200,S, ,JOHNSONVILLE OFF SBD,2156092,21/11/01,Wed,1850,FD,CS1C,181A ,,E,W,O ,L , ,N,R,80,0,0,0,,,1751704,5435207,-41.22030869,174.8098193
Wellington City,1N/1060/4.53,300,S, ,JOHNSONVILLE ON NBD,2155239,11/10/01,Thu,1542,AA,VN1C,131A 372A ,,R,D,B ,F , ,N,R,100,0,0,0,,,1751652,5435113,-41.22116476,174.8092225
Wellington City,1N/1060/4.792,600,N, ,JOHNSONVILLE OFF NBD,2155581,10/10/01,Wed,2110,FF,CN1CC,132A 135A 801 901 ,Q,E,W,DO,HS, ,N,R,100,0,0,0,,,1751622,5434854,-41.22350226,174.8089291
Wellington City,1N/1060/5.092,300,N, ,JOHNSONVILLE OFF NBD,2156392,10/10/01,Wed,2130,FA,TN1C,111A 181A 901 ,,M,W,DO,H , ,N,R,100,0,0,0,,,1751559,5434563,-41.22613405,174.80825
Wellington City,1N/1060/5.442,50,S, ,JOHNSONVILLE OFF NBD,2155818,2/12/01,Sun,1935,DB,CN1,111A ,G,M,W,O ,L , ,N,R,80,0,0,0,,,1751619,5434235,-41.22907591,174.809047
Wellington City,1N/1060/5.472,80,E, ,JOHNSONVILLE OFF NBD,2155946,21/11/01,Wed,2155,DA,CN1,111A 133A 632A ,G,E,W,DO,HS, ,N,R,80,0,0,0,,,1751633,5434209,-41.22930738,174.8092204
Wellington City,1N/1060/5.472,80,E, ,JOHNSONVILLE OFF NBD,2151504,5/03/01,Mon,1720,FD,VN1C,181A ,,R,D,O ,F , ,N,R,80,0,0,0,,,1751633,5434209,-41.22930738,174.8092204
Wellington City,1N/1060/5.472,80,S, ,JOHNSONVILLE OFF NBD,2152084,9/05/01,Wed,120,DB,CN1,131A ,G,M,W,DO,M , ,N,R,80,0,0,0,,,1751633,5434209,-41.22930738,174.8092204
Wellington City,1N/1060/5.492,100,S, ,JOHNSONVILLE OFF NBD,2111093,18/01/01,Thu,1135,DB,CN1,631A ,P,M,D,B ,F , ,N,R,100,0,0,1,,,1751643,5434191,-41.22946756,174.8093441
Wellington City,1N/1060/5.492,100,S, ,JOHNSONVILLE OFF NBD,2155383,21/11/01,Wed,1635,DA,CN1,131A 400A ,G,M,W,O ,L , ,N,R,80,0,0,0,,,1751643,5434191,-41.22946756,174.8093441
Wellington City,1N/1060/5.572,180,S, ,JOHNSONVILLE OFF NBD,2155385,10/11/01,Sat,1830,DB,CN1C,111A 131A 181B ,G,M,W,O ,L , ,N,R,80,0,0,0,,,1751679,5434120,-41.23010006,174.8097911
Wellington City,1N/1060/5.592,200,E, ,JOHNSONVILLE OFF NBD,2155721,3/12/01,Mon,1310,DB,VN1,111A 135A 801 ,G,E,W,O ,H , ,N,R,80,0,0,0,,,1751686,5434101,-41.23026981,174.8098793
Wellington City,1N/1060/5.592,200,S, ,JOHNSONVILLE OFF NBD,2153920,24/08/01,Fri,1640,AA,VN1C,132A 331A 358A ,,R,D,O ,F , ,N,R,80,0,0,0,,,1751686,5434101,-41.23026981,174.8098793
Wellington City,1N/1060/5.592,200,S, ,JOHNSONVILLE OFF NBD,2156088,23/11/01,Fri,2350,DB,VN1,102A 111A ,C,E,W,DO,L , ,N,R,80,0,0,0,,,1751686,5434101,-41.23026981,174.8098793
Wellington City,1N/1060/5.738,150,N, ,NEWLANDS ON NBD,2152695,28/06/01,Thu,845,AC,TN1C,372A ,,M,W,O ,L , ,N,R,80,0,0,0,,,1751669,5433961,-41.23153347,174.8097113
Wellington City,1N/1060/5.757,, ,A,JOHNSONVILLE ON SBD,2111582,12/04/01,Thu,2028,DA,VS1C,111A 400A 801 903 ,PT,M,W,DO,H ,Y,N,R,80,0,0,1,,,1751683,5433943,-41.2316929,174.8098827
Wellington City,1N/1060/5.888,, ,I,NEWLANDS ON NBD,2112066,7/07/01,Sat,900,FA,CN1T,181A 363A 902 ,,E,D,B ,F ,Y,N,R,80,0,0,1,,,1751578,5433843,-41.23261292,174.8086553
Wellington City,1N/1060/5.921,80,E, ,NEWLANDS ON SBD,2153508,29/07/01,Sun,1843,CA,CS1CC,135A 132B 801 ,,R,W,DO,H , ,N,R,80,0,0,0,,,1751578,5433818,-41.23283801,174.8086615
Wellington City,1N/1060/6,, ,I,NEWLANDS ON SBD,2151303,27/03/01,Tue,2255,DB,CS1,402A ,C,R,W,DO,F ,Y,N,R,80,0,0,0,,,1751527,5433757,-41.23339677,174.8080684
Wellington City,1N/1060/6.001,, ,I,NEWLANDS ON SBD,2112103,22/07/01,Sun,1845,KA,CS1C,135A 801 ,,E,W,DO,H ,Y,N,R,80,0,0,2,,,1751527,5433757,-41.23339677,174.8080684
Wellington City,1N/1060/6.201,200,S, ,NEWLANDS ON SBD,2111876,31/05/01,Thu,2045,AC,TS1C,158A ,G,R,W,DO,F , ,N,R,80,0,0,1,,,1751397,5433605,-41.23478963,174.8065556
Wellington City,1N/1060/6.257,500,S, ,JOHNSONVILLE ON SBD,2155025,28/10/01,Sun,1940,FD,CS1C,117A 331A 801 831 ,,M,W,TF,L , ,N,R,80,0,0,0,,,1751361,5433561,-41.23519251,174.8061372
Wellington City,1N/1060/6.343,100,S, ,NEWLANDS OFF NBD,2152093,3/05/01,Thu,1925,AD,CN1,197A ,G,E,W,O ,L , ,N,R,80,0,0,0,,,1751305,5433482,-41.23591426,174.8054888
Wellington City,1N/1060/6.351,350,S, ,NEWLANDS ON SBD,2112762,28/10/01,Sun,1930,DB,CS1,111A 350A 402A 801 ,G,E,W,O ,L , ,N,R,80,0,0,1,,,1751318,5433479,-41.23593884,174.8056446
Wellington City,1N/1060/6.601,600,S, ,NEWLANDS ON SBD,2156282,22/11/01,Thu,620,FA,CS1V,110A 386A 806 ,G,R,W,O ,H , ,N,R,80,0,0,0,,,1751322,5433236,-41.23812591,174.8057526
Wellington City,1N/1060/6.607,10,N, ,ABATTOIRS ROAD,2155819,4/12/01,Tue,2143,DA,CN1,136A 631A ,C,E,W,DO,L ,T,G,R,80,0,0,0,,,1751309,5433225,-41.23822738,174.8056002
Wellington City,1N/1060/6.617,, ,I,ABATTOIRS ROAD,2153992,11/08/01,Sat,212,DA,CN1,131A ,IP,M,W,DO,L ,T,G,R,80,0,0,0,,,1751312,5433216,-41.23830785,174.8056382
Wellington City,1N/1060/6.717,100,S, ,ABATTOIRS ROAD,2155017,16/10/01,Tue,1640,FD,VN1VC,331A 353A 801 ,,E,W,O ,L , ,N,R,80,0,0,0,,,1751373,5433137,-41.2390077,174.8063854
Wellington City,1N/1060/6.817,400,N, ,TYERS ROAD,2155329,26/10/01,Fri,1500,FD,MN1C,137A 331A ,G,E,D,O ,F , ,N,R,80,0,0,0,,,1751452,5433077,-41.23953311,174.8073426
Wellington City,1N/1060/6.917,300,N, ,TYERS ROAD,2152369,26/05/01,Sat,50,CB,CN1,112A ,C,R,W,DO,L , ,N,R,80,0,0,0,,,1751528,5433011,-41.2401131,174.8082655
Wellington City,1N/1060/6.975,300,N, ,CENTENNIAL SBD,2154339,14/08/01,Tue,653,FD,TS1C,181A ,,E,W,O ,L , ,N,R,80,0,0,0,,,1751580,5432971,-41.24046349,174.8088957
Wellington City,1N/1060/7.017,200,N, ,TYERS ROAD,2154115,22/09/01,Sat,1346,FD,CN1CC,181A 331A 181B 331B ,,R,D,B ,F , ,N,R,80,0,0,0,,,1751590,5432933,-41.24080374,174.8090244
Wellington City,1N/1060/7.067,150,N, ,TYERS ROAD,2155556,13/11/01,Tue,2220,DA,CN1,111A 131A 402A 801 ,C,M,W,DO,L , ,N,R,80,0,0,0,,,1751620,5432893,-41.24115825,174.8093921
Wellington City,1N/1060/7.075,200,W, ,CENTENNIAL SBD,2153855,10/08/01,Fri,759,FD,CS1XC,181A ,,R,D,O ,F , ,N,R,60,0,0,0,,,1751642,5432892,-41.24116313,174.8096548
Wellington City,1N/1060/7.075,200,W, ,CENTENNIAL SBD,2153221,11/07/01,Wed,810,FD,CS1C,181A 191B ,,M,W,O ,F , ,N,R,80,0,0,0,,,1751642,5432892,-41.24116313,174.8096548
Wellington City,1N/1060/7.117,100,N, ,TYERS ROAD,2154480,25/05/01,Fri,1330,AA,CN1CCC,372A 197B ,,R,D,O ,F , ,N,R,80,0,0,0,,,1751652,5432855,-41.24149438,174.8097833
Wellington City,1N/1060/7.117,100,N, ,TYERS ROAD,2155827,3/12/01,Mon,2245,DB,CN1,137A 191A ,,M,W,DO,L , ,N,R,80,0,0,0,,,1751652,5432855,-41.24149438,174.8097833
Wellington City,1N/1060/7.125,150,N, ,CENTENNIAL SBD,2150403,26/01/01,Fri,816,FD,CS1C,181A 191B ,,M,D,O ,F , ,N,R,80,0,0,0,,,1751676,5432855,-41.24148988,174.8100696
Wellington City,1N/1060/7.167,50,W, ,TYERS ROAD,2111487,31/01/01,Wed,1740,FA,CN1S,353A ,,E,D,O ,F , ,N,R,80,0,1,0,,37,1751687,5432819,-41.24181193,174.8102097
Wellington City,1N/1060/7.175,100,N, ,CENTENNIAL SBD,2113107,28/11/01,Wed,825,DB,TS1CCC,136A ,G,E,D,O ,F , ,N,R,80,0,0,3,,,1751714,5432823,-41.24177085,174.8105308
Wellington City,1N/1060/7.177,40,N, ,TYERS ROAD,2152841,26/05/01,Sat,1130,FA,VN1C,181A ,,E,D,O ,F , ,N,R,80,0,0,0,,,1751695,5432814,-41.24185545,174.8103064
Wellington City,1N/1060/7.195,80,W, ,CENTENNIAL SBD,2153289,5/07/01,Thu,528,CA,CS1XCC,135A 135D 802 ,,R,I,DO,FF, ,N,R,100,0,0,0,,,1751731,5432813,-41.2418577,174.810736
Wellington City,1N/1060/7.202,15,N, ,TYERS ROAD,2155823,4/12/01,Tue,1451,AA,CN1CV,181A 372A ,G,E,W,O ,L , ,N,R,80,0,0,0,,,1751717,5432801,-41.24196837,174.810572
Wellington City,1N/1060/7.217,, ,I,TYERS ROAD,2155328,20/10/01,Sat,1127,EB,CN1C,331A 650B 801 ,Q,E,W,O ,L ,T,G,R,80,0,0,0,,,1751729,5432793,-41.24203814,174.8107172
Wellington City,1N/1060/7.267,50,E, ,TYERS ROAD,2152547,13/06/01,Wed,800,AA,CN1C,197A 197B ,G,E,D,O ,F , ,N,R,80,0,0,0,,,1751775,5432772,-41.24221858,174.8112711
Wellington City,1N/1060/7.275,, ,I,CENTENNIAL SBD,2152393,15/05/01,Tue,1735,FD,CS1CCC,181A 191B 331C 181D ,,R,W,DO,HS,Y,N,R,80,0,0,0,,,1751802,5432775,-41.2421865,174.8115924
Wellington City,1N/1060/7.305,30,S, ,CENTENNIAL SBD,2111466,27/03/01,Tue,1120,FD,CS1T,135A 181A 801 ,,R,W,O ,HS, ,N,R,80,0,0,1,,,1751829,5432762,-41.24229847,174.8119177
Wellington City,1N/1060/7.316,100,E, ,TYERS ROAD,2150633,16/02/01,Fri,925,FA,CW1C,181A 191B ,,E,W,O ,L , ,N,R,80,0,0,0,,,1751820,5432751,-41.2423992,174.8118131
Wellington City,1N/1060/7.357,140,S, ,TYERS ROAD,2155338,14/11/01,Wed,1841,DB,CN1,135A 801 ,G,M,W,OF,H , ,N,R,80,0,0,0,,,1751857,5432734,-41.24254531,174.8122586
Wellington City,1N/1060/7.361,, ,I,CENTENNIAL NBD,2112256,26/05/01,Sat,58,DB,CW1C,102A 132A 801 ,QC,E,W,DO,L ,Y,N,R,100,0,1,1,,,1751860,5432733,-41.24255375,174.8122947
Wellington City,1N/1060/7.375,100,S, ,CENTENNIAL SBD,2156385,8/12/01,Sat,1615,DA,CS1,131A ,G,M,W,O ,HS, ,N,R,100,0,0,0,,,1751891,5432730,-41.24257494,174.8126652
Wellington City,1N/1060/7.475,200,E, ,CENTENNIAL SBD,2112914,9/10/01,Tue,2130,DA,CS1,137A 197A 402A ,G,E,W,DO,L , ,N,R,100,0,0,1,,,1751967,5432666,-41.24313687,174.8135877
Wellington City,1N/1060/7.525,250,S, ,CENTENNIAL SBD,2113205,27/12/01,Thu,2204,DA,CS1,111A 411A 801 ,BG,E,W,DO,H , ,N,R,80,0,3,0,,,1751995,5432625,-41.24350075,174.8139319
Wellington City,1N/1060/7.574,300,E, ,CENTENNIAL SBD,2110022,25/02/01,Sun,720,DA,CE1,102A 108A 111A 410A ,EG,E,D,O ,F , ,N,R,100,1,0,0,,,1752016,5432580,-41.24390195,174.8141936
Wellington City,1N/1060/7.617,400,S, ,TYERS ROAD,2152117,16/05/01,Wed,525,DB,CN1,103A 111A ,FP,M,D,DO,F , ,N,R,100,0,0,0,,,1752018,5432541,-41.2442527,174.8142272
Wellington City,1N/1060/8.016,240,N, ,SH 2,2156085,2/12/01,Sun,2235,DB,CN1,111A 430A ,G,M,W,DO,L , ,N,R,100,0,0,0,,,1751957,5432170,-41.2476044,174.8135919
Wellington City,1N/1060/8.098,200,N, ,SH 2,2151505,26/02/01,Mon,840,FD,CS1C,423A ,,R,D,B ,F , ,N,R,100,0,0,0,,,1751960,5432101,-41.24822507,174.8136449
Wellington City,1N/1060/8.098,200,N, ,SH 2,2152351,26/05/01,Sat,1115,QG,CS1C,446A 667A 197B ,,E,D,B ,F , ,N,R,100,0,0,0,,,1751960,5432101,-41.24822507,174.8136449
Wellington City,1N/1060/8.176,80,N, ,SH 2,2153777,30/07/01,Mon,900,FD,TN1C,181A ,,M,D,O ,FS, ,N,R,100,0,0,0,,,1751835,5432067,-41.24855467,174.8121622
Wellington City,1N/1060/8.256,, ,I,SH 2,2152321,16/05/01,Wed,2215,CB,VN1,103A 197A ,G,R,D,DO,F ,Y,N,R,100,0,0,0,,,1751775,5432014,-41.24904311,174.8114596
Wellington City,1N/1068/0.08,80,S, ,SH 2,2112599,12/09/01,Wed,855,CC,VN1C,410A ,G,R,D,B ,F , ,N,R,100,0,0,1,,,1751711,5431967,-41.24947828,174.8107078
Wellington City,1N/1068/0.15,150,W, ,SH 2,2151628,27/03/01,Tue,540,FD,CN1CCC,181A 801 ,,R,W,O ,L , ,N,R,100,0,0,0,,,1751654,5431926,-41.24985811,174.810038
Wellington City,1N/1068/0.18,180,W, ,SH 2,2151619,27/03/01,Tue,2325,DB,CN1,111A ,G,M,D,DO,F , ,N,C,100,0,0,0,,,1751630,5431909,-41.25001567,174.8097559
Wellington City,1N/1068/0.3,300,S, ,SH 2,2152636,14/06/01,Thu,1150,AD,CS1C,197A ,,R,D,O ,F , ,N,C,100,0,0,0,,,1751541,5431829,-41.25075263,174.8087141
Wellington City,1N/1068/0.5,500,S, ,SH 2,2151389,27/03/01,Tue,1107,DB,CS1,111A 135A 801 ,G,M,W,OF,H , ,N,C,100,0,0,0,,,1751388,5431701,-41.25193373,174.8069206
Wellington City,1N/1068/0.5,500,S, ,SH 2,2154600,10/04/01,Tue,1903,FD,CN1CC,181A ,,R,D,DO,F , ,N,R,100,0,0,0,,,1751378,5431713,-41.25182756,174.8067983
Wellington City,1N/1068/0.509,2000,N, ,AOTEA ON NBD,2154691,3/10/01,Wed,1605,CB,CN1,130A ,G,R,D,O ,F , ,N,R,100,0,0,0,,,1751372,5431705,-41.25190071,174.8067287
Wellington City,1N/1068/0.8,800,W, ,SH 2,2152561,17/05/01,Thu,910,FD,CS1C,181A ,,E,D,B ,F , ,N,R,100,0,0,0,,,1751177,5431490,-41.25387293,174.8044556
Wellington City,1N/1068/1,1000,S, ,SH 2,2153325,17/07/01,Tue,1310,AC,TS1C,141A 181A ,,E,W,O ,L , ,N,R,100,0,0,0,,,1751005,5431386,-41.25484143,174.8024293
Wellington City,1N/1068/1.009,1500,N, ,AOTEA ON NBD,2152673,19/06/01,Tue,1745,FD,CN1CC,331A ,,E,D,DO,F , ,N,R,100,0,0,0,,,1750986,5431395,-41.25476395,174.8022004
Wellington City,1N/1068/1.2,1200,S, ,SH 2,2155826,4/12/01,Tue,1615,DB,CN1,135A 191A 801 ,G,E,W,O ,L , ,N,R,100,0,0,0,,,1750807,5431331,-41.25537358,174.8000807
Wellington City,1N/1068/1.4,1400,S, ,SH 2,2155906,10/12/01,Mon,1745,FD,CN1CV,353A ,,R,D,O ,F , ,N,R,100,0,0,0,,,1750625,5431248,-41.2561548,174.7979298
Wellington City,1N/1068/1.509,1000,N, ,AOTEA ON NBD,2155828,10/12/01,Mon,1740,AA,CN1CV,191A 331A ,,R,D,B ,F , ,N,R,100,0,0,0,,,1750530,5431196,-41.25664068,174.7968092
Wellington City,1N/1068/1.909,600,N, ,AOTEA ON NBD,2111250,10/02/01,Sat,245,CB,CN1,103A ,G,R,W,DO,L , ,N,R,100,0,1,1,,,1750211,5430958,-41.25884284,174.7930619
Wellington City,1N/1068/2.035,800,E, ,AOTEA OFF SBD,2153905,22/08/01,Wed,2050,AD,CS1,110A 402A 801 ,G,E,W,DO,F , ,N,R,100,0,0,0,,,1750143,5430849,-41.25983685,174.7922774
Wellington City,1N/1068/2.035,800,N, ,AOTEA OFF SBD,2150663,8/02/01,Thu,740,FD,CS1C,331A 359A ,,R,D,O ,F , ,N,R,100,0,0,0,,,1750143,5430849,-41.25983685,174.7922774
Wellington City,1N/1068/2.109,400,N, ,AOTEA ON NBD,2153848,4/07/01,Wed,748,DA,CN1CCC,137A 191A 802 902 ,,E,I,B ,F , ,N,C,100,0,0,0,,,1750087,5430801,-41.26027942,174.791621
Wellington City,1N/1068/2.109,400,N, ,AOTEA ON NBD,2152085,9/05/01,Wed,1816,AA,CN1V,372A ,,R,W,DO,H , ,N,R,100,0,0,0,,,1750087,5430801,-41.26027942,174.791621
Wellington City,1N/1068/2.209,300,N, ,AOTEA ON NBD,2152195,16/05/01,Wed,1740,FD,CN1C,331A ,,R,D,DO,F , ,N,C,100,0,0,0,,,1750027,5430721,-41.26101083,174.7909248
Wellington City,1N/1068/2.209,300,N, ,AOTEA ON NBD,2153061,8/06/01,Fri,1500,FD,CN1C,132A ,,R,D,O ,F , ,N,R,100,0,0,0,,,1750027,5430721,-41.26101083,174.7909248
Wellington City,1N/1068/2.235,600,N, ,AOTEA OFF SBD,2113050,20/12/01,Thu,1430,EB,CS1TCC,132A 651A ,GG,E,W,O ,L , ,N,R,100,0,0,1,,,1750021,5430691,-41.26128205,174.7908606
Wellington City,1N/1068/2.259,250,N, ,AOTEA ON NBD,2152110,30/04/01,Mon,1711,FD,CN1C,181A 632A ,,E,D,TF,F , ,N,R,100,0,0,0,,,1749992,5430685,-41.26134145,174.790516
Wellington City,1N/1068/2.259,250,N, ,AOTEA ON NBD,2112054,5/07/01,Thu,744,DB,CN1CCC,111A 132A 191B 191C 191D 802 ,GGX,E,I,O ,FF, ,N,R,100,0,0,1,,,1749992,5430686,-41.26133245,174.7905158
Wellington City,1N/1068/2.309,200,E, ,AOTEA ON NBD,2152560,9/06/01,Sat,1415,FD,CN1C,331A ,,R,D,O ,FS, ,N,R,100,0,0,0,,,1749953,5430655,-41.26161879,174.7900581
Wellington City,1N/1068/2.309,200,E, ,AOTEA ON NBD,2155545,19/09/01,Wed,810,AD,CN1C,132A 137A ,G,E,D,B ,F , ,N,R,100,0,0,0,,,1749953,5430655,-41.26161879,174.7900581
Wellington City,1N/1068/2.409,100,N, ,AOTEA ON NBD,2153776,2/08/01,Thu,1500,QG,VN1C,682A 903 ,D,R,D,O ,FS, ,M,C,100,0,0,0,,,1749867,5430603,-41.26210293,174.7890447
Wellington City,1N/1068/2.409,100,N, ,AOTEA ON NBD,2113052,1/12/01,Sat,25,DB,CN1,351A ,G,E,D,DO,F , ,N,R,100,0,0,1,,,1749867,5430604,-41.26209392,174.7890445
Wellington City,1N/1068/2.409,100,N, ,AOTEA ON NBD,2153460,16/08/01,Thu,950,AA,BN1VC,143B 132C ,I,R,D,B ,F , ,N,R,100,0,0,0,,,1749867,5430603,-41.26210293,174.7890447
Wellington City,1N/1068/2.429,80,N, ,AOTEA ON NBD,2111788,9/05/01,Wed,1815,FD,VN1C,331A ,,E,W,DO,F , ,N,R,100,0,0,1,,,1749850,5430593,-41.26219611,174.7888443
Wellington City,1N/1068/2.435,400,E, ,AOTEA OFF SBD,2153874,5/07/01,Thu,640,CA,CS1M,132A 802 ,,E,I,TN,FF, ,N,R,100,0,0,0,,,1749855,5430580,-41.26231223,174.7889072
Wellington City,1N/1068/2.509,, ,I,AOTEA ON NBD,2112430,24/09/01,Mon,1545,DA,MN1,136A 651A ,,E,D,O ,F ,Y,N,R,100,0,0,1,,,1749782,5430550,-41.26259587,174.7880435
Wellington City,1N/1068/2.535,300,N, ,AOTEA OFF SBD,2112452,8/09/01,Sat,1140,CB,CS1,130A 504A ,G,R,D,B ,F , ,N,R,100,0,0,1,,,1749774,5430521,-41.26285845,174.7879552
Wellington City,1N/1068/2.609,100,S, ,AOTEA ON NBD,2155151,2/11/01,Fri,1835,FA,CN1C,132A 181A 198A ,,R,D,O ,F , ,N,R,100,0,0,0,,,1749717,5430475,-41.26328317,174.7872863
Wellington City,1N/1068/2.635,200,N, ,AOTEA OFF SBD,2152391,22/05/01,Tue,930,BE,VS1C,132A 181A ,,R,D,B ,F , ,N,R,100,0,0,0,,,1749711,5430443,-41.26357239,174.7872226
Wellington City,1N/1068/2.635,200,N, ,AOTEA OFF SBD,2151968,22/05/01,Tue,930,AA,VS1V,197A 372A ,,R,D,O ,F , ,N,R,100,0,0,0,,,1749711,5430443,-41.26357239,174.7872226
Wellington City,1N/1068/2.709,200,S, ,AOTEA ON NBD,2156314,2/11/01,Fri,1838,FD,VN1C,331A ,,R,D,B ,F , ,N,R,100,0,0,0,,,1749657,5430394,-41.26402357,174.7865903
Wellington City,1N/1068/2.709,200,S, ,AOTEA ON NBD,2111921,10/05/01,Thu,1739,FD,CN1C,331A ,,R,D,O ,F , ,N,R,100,0,0,2,,,1749657,5430394,-41.26402357,174.7865903
Wellington City,1N/1068/2.759,250,S, ,AOTEA ON NBD,2151411,1/03/01,Thu,715,EC,CN1CC,191A 191B ,D,R,D,O ,F , ,N,R,100,0,0,0,,,1749627,5430354,-41.26438926,174.7862421
Wellington City,1N/1068/2.774,60,E, ,AOTEA OFF SBD,2152083,8/05/01,Tue,1425,EB,CS1C,331A 651B ,Q,E,D,B ,F , ,N,R,100,0,0,0,,,1749628,5430331,-41.26459615,174.7862597
Wellington City,1N/1068/2.885,50,S, ,AOTEA OFF SBD,2154870,19/10/01,Fri,2230,AA,CS1V,143A 182A ,,R,W,DO,L , ,N,R,100,0,0,0,,,1749559,5430245,-41.26538322,174.7854575