TLA NAME,CRASH ROAD,CRASH DIST,CRASH DIRN,INTSN,SIDE ROAD,CRASH ID,CRASH DATE,CRASH DOW,CRASH TIME,MVMT,VEHICLES,CAUSES,OBJECTS STRUCK,ROAD CURVE,ROAD WET,LIGHT,WTHRa,JUNC TYPE,TRAF CTRL,ROAD MARK,SPD LIM,CRASH FATAL CNT,CRASH SEV CNT,CRASH MIN CNT,PERS AGE1,PERS AGE2,EASTING,NORTHING,latitude,longitude
Wellington City,1N/1068/2.934,100,S, ,AOTEA OFF SBD,2152692,14/05/01,Mon,915,FD,CS1CC,181A ,,E,D,O ,F , ,N,R,100,0,0,0,,,1749527,5430207,-41.26573128,174.785085
Wellington City,1N/1068/3.064,230,S, ,AOTEA OFF SBD,2111467,9/03/01,Fri,2340,AC,CS1C,110A 372A ,G,E,D,DO,F , ,N,R,100,0,0,2,,,1749442,5430109,-41.26662934,174.7840947
Wellington City,1N/1068/3.123,500,N, ,MURPHY OFF SBD,2155273,18/10/01,Thu,1705,EB,CS1C,331A 353A 440B ,Q,R,D,B ,F , ,N,R,100,0,0,0,,,1749403,5430064,-41.26704171,174.7836404
Wellington City,1N/1068/3.544,600,N, ,TINAKORI ON NBD,2153778,30/07/01,Mon,2035,AF,CN1C,132A 501A ,G,R,W,DO,F , ,N,R,100,0,0,0,,,1749142,5429739,-41.27001606,174.7806054
Wellington City,1N/1068/3.644,500,E, ,TINAKORI ON NBD,2152307,15/05/01,Tue,1730,FD,CN1C,181A 801 ,,R,W,DO,H , ,N,R,100,0,0,0,,,1749065,5429675,-41.27060649,174.7797022
Wellington City,1N/1068/3.744,400,E, ,TINAKORI ON NBD,2151930,4/05/01,Fri,1200,FA,CN1C,112A ,,R,D,B ,F , ,N,R,100,0,0,0,,,1748986,5429614,-41.27117028,174.7787743
Wellington City,1N/1068/3.834,1000,S, ,AOTEA OFF SBD,2152113,23/04/01,Mon,1136,FD,CS1CC,331A ,,E,D,B ,F , ,N,R,100,0,0,0,,,1748930,5429540,-41.27184686,174.7781241
Wellington City,1N/1068/4.344,200,S, ,TINAKORI ON NBD,2151598,2/04/01,Mon,1800,FD,CN1C,181A 801 ,,R,W,O ,H , ,N,R,100,0,0,0,,,1748578,5429175,-41.27519795,174.7740124
Wellington City,1N/1068/4.491,50,N, ,HAWKESTONE ON SBD,2156317,18/12/01,Tue,1815,FD,VS1C,181B ,,E,W,O ,L , ,N,R,100,0,0,0,,,1748533,5429027,-41.27653874,174.7735114
Wellington City,1N/1068/4.541,, ,I,HAWKESTONE ON SBD,2113105,14/11/01,Wed,2335,DB,CS1,131A 401A 806 ,P,E,W,DO,L ,Y,N,R,100,0,0,1,,,1748523,5428978,-41.27698175,174.773404
Wellington City,1N/1068/4.567,150,E, ,TERRACE OFF SBD,2153780,8/08/01,Wed,910,FD,CS1C,110A ,,E,W,O ,F , ,N,R,100,0,0,0,,,1748521,5428952,-41.27721621,174.7733865
Wellington City,1N/1068/4.591,50,S, ,HAWKESTONE ON SBD,2150885,16/03/01,Fri,1022,AC,VS1C,372A ,,E,D,B ,F , ,N,R,100,0,0,0,,,1748520,5428928,-41.27743248,174.7733804
Wellington City,1N/1068/4.641,100,S, ,HAWKESTONE ON SBD,2156463,13/12/01,Thu,1812,FD,CS1C,181A 801 831 ,,E,W,O ,L , ,N,C,100,0,0,0,,,1748522,5428878,-41.27788229,174.7734165
Wellington City,1N/1068/4.661,120,S, ,HAWKESTONE ON SBD,2155332,13/11/01,Tue,250,FD,CS1C,112A 331A 801 830 ,,R,W,O ,H , ,N,R,100,0,0,0,,,1748523,5428858,-41.27806217,174.7734333
Wellington City,1N/1068/4.751,100,N, ,TINAKORI OFF NBD,2152094,3/05/01,Thu,1730,FD,CN1VC,181A 331A ,,R,W,DO,L , ,N,R,100,0,0,0,,,1748509,5428782,-41.27874901,174.7732847
Wellington City,1N/1068/4.751,100,N, ,TINAKORI OFF NBD,2153336,20/07/01,Fri,100,DA,CN1,135A 801 ,GL,E,W,DO,H , ,N,R,100,0,0,0,,,1748509,5428782,-41.27874901,174.7732847
Wellington City,1N/1068/4.801,50,N, ,TINAKORI OFF NBD,2155027,7/10/01,Sun,1646,CB,VN1,135A 801 901 ,G,R,W,O ,H , ,N,R,100,0,0,0,,,1748511,5428732,-41.27919882,174.7733208
Wellington City,1N/1068/4.881,30,S, ,TINAKORI OFF NBD,2152899,29/06/01,Fri,1630,AA,CN1C,159A ,G,E,W,O ,L , ,N,C,100,0,0,0,,,1748514,5428652,-41.27991854,174.7733761
Wellington City,1N/1068/4.917,200,S, ,TERRACE OFF SBD,2155333,13/11/01,Tue,1400,AA,CS1T,309A 801 ,,E,W,O ,H , ,N,R,100,0,0,0,,,1748529,5428602,-41.28036596,174.7735673
Wellington City,1N/1068/4.917,200,S, ,TERRACE OFF SBD,2155261,13/10/01,Sat,1300,FD,CS1C,181A 331A ,,R,D,B ,F , ,N,R,100,0,0,0,,,1748529,5428602,-41.28036596,174.7735673
Wellington City,1N/1068/5.173,, ,I,CLIFTON ON NBD,2153876,22/08/01,Wed,1200,DB,CN1,135A 801 ,,E,W,O ,H ,Y,N,R,100,0,0,0,,,1748541,5428361,-41.28253359,174.7737693
Wellington City,1N/1068/5.366,350,S, ,NORTH PORTAL NBD,2150518,14/01/01,Sun,1745,AA,VN1C,143A 372A ,,R,D,B ,F , ,N,L,100,0,0,0,,,1748493,5428176,-41.28420806,174.7732415
Wellington City,1N/1068/5.505,200,N, ,NORTH PORTAL SBD,2156094,20/12/01,Thu,1250,FD,CS1C,181A ,,R,W,O ,L , , ,R,100,0,0,0,,,1748442,5428036,-41.28547792,174.7726669
Wellington City,1N/1068/5.505,200,N, ,NORTH PORTAL SBD,2156110,13/11/01,Tue,1340,FD,CS1CCC,112A 135A 181A 806 ,,R,W,O ,L , , ,R,100,0,0,0,,,1748442,5428036,-41.28547792,174.7726669
Wellington City,1N/1068/5.505,200,N, ,NORTH PORTAL SBD,2155820,13/12/01,Thu,1634,FD,CS1C,181A 191B ,,E,W,O ,H , , ,R,100,0,0,0,,,1748442,5428036,-41.28547792,174.7726669
Wellington City,1N/1068/5.505,200,N, ,NORTH PORTAL SBD,2155384,15/11/01,Thu,1630,FD,CS1X,112A 191A ,,R,D,O ,F , ,N,R,100,0,0,0,,,1748442,5428036,-41.28547792,174.7726669
Wellington City,1N/1068/5.505,200,N, ,NORTH PORTAL SBD,2154332,18/08/01,Sat,1330,FD,CS1CC,181A ,,R,D,B ,F , ,N,R,100,0,0,0,,,1748442,5428036,-41.28547792,174.7726669
Wellington City,1N/1068/5.605,100,E, ,NORTH PORTAL SBD,2111923,17/05/01,Thu,700,FD,VS1T,181A 613A ,,R,D,O ,F , ,N,R,100,0,0,1,,,1748403,5427944,-41.28631341,174.7722238
Wellington City,1N/1068/5.605,100,N, ,NORTH PORTAL SBD,2155040,19/10/01,Fri,1235,FD,CS1C,181A 331A ,G,R,D,B ,F , ,N,R,100,0,0,0,,,1748403,5427944,-41.28631341,174.7722238
Wellington City,1N/1068/5.605,100,N, ,NORTH PORTAL SBD,2155339,13/11/01,Tue,710,FD,CS1C,181A 404A 801 ,,R,W,O ,L , ,N,R,100,0,0,0,,,1748403,5427944,-41.28631341,174.7722238
Wellington City,1N/1068/5.605,100,N, ,NORTH PORTAL SBD,2155380,21/11/01,Wed,1450,FD,CS1CC,181A ,,R,W,O ,L , ,N,R,100,0,0,0,,,1748403,5427944,-41.28631341,174.7722238
Wellington City,1N/1068/5.655,50,N, ,NORTH PORTAL SBD,2155825,8/12/01,Sat,1500,FD,CS1CC,181A 191B ,,R,W,O ,H , ,N,R,100,0,0,0,,,1748383,5427898,-41.28673125,174.7719962
Wellington City,1N/1068/5.655,50,N, ,NORTH PORTAL SBD,2153294,13/07/01,Fri,1240,FD,CS1CC,181A ,,E,D,O ,F , ,N,R,100,0,0,0,,,1748383,5427898,-41.28673125,174.7719962
Wellington City,1N/1068/5.655,50,N, ,NORTH PORTAL SBD,2150664,16/02/01,Fri,1730,FD,VS1CC,181A ,,R,D,B ,F , ,N,N,100,0,0,0,,,1748383,5427898,-41.28673125,174.7719962
Wellington City,1N/1068/5.655,50,N, ,NORTH PORTAL SBD,2152626,15/05/01,Tue,2150,AA,VE1C,158A 372A ,,R,D,DO,F , ,N,R,100,0,0,0,,,1748383,5427898,-41.28673125,174.7719962
Wellington City,1N/1068/5.666,50,N, ,NORTH PORTAL NBD,2153779,3/08/01,Fri,1715,FD,MN1C,181A ,,R,D,O ,F , ,N,R,100,0,0,0,,,1748376,5427900,-41.28671453,174.7719122
Wellington City,1N/1068/5.685,20,N, ,NORTH PORTAL SBD,2156096,13/12/01,Thu,1635,FD,CS1CC,352A ,,E,W,O ,L , ,N,L,100,0,0,0,,,1748370,5427871,-41.28697673,174.7718476
Wellington City,1N/1068/5.711,, ,A,NORTH PORTAL SBD,2155557,16/10/01,Tue,1730,FD,VS1CVC,331A 386A ,,R,D,O ,F , ,N,R,100,0,0,0,,,1748364,5427857,-41.28710388,174.7717794
Wellington City,1N/1068/5.85,150,S, ,NORTH PORTAL SBD,2153505,22/07/01,Sun,1250,DA,VS1CC,132A 181B 181C ,G,E,W,O ,L , ,N,R,100,0,0,0,,,1748348,5427708,-41.28844834,174.7716248
Wellington City,1N/1068/5.85,150,S, ,NORTH PORTAL SBD,2156093,11/12/01,Tue,1530,FD,CS1CCC,181A ,,R,W,O ,L , ,N,L,100,0,0,0,,,1748348,5427708,-41.28844834,174.7716248
Wellington City,1N/1068/5.87,300,N, ,SOUTH PORTAL,2152080,4/05/01,Fri,1520,FD,XS1C,331A ,,E,D,O ,L , ,N,C,100,0,0,0,,,1748348,5427689,-41.2886194,174.7716294
Wellington City,1N/1068/5.87,300,N, ,SOUTH PORTAL,2152082,5/05/01,Sat,1120,FD,CS1C,331A ,,E,W,O ,H , ,N,L,100,0,0,0,,,1748348,5427689,-41.2886194,174.7716294
Wellington City,1N/1068/5.97,200,N, ,SOUTH PORTAL,2154240,21/06/01,Thu,1320,DA,CN1C,136A 650A ,,E,D,OO,F , ,N,C,100,0,0,0,,,1748346,5427589,-41.28952012,174.7716299
Wellington City,1N/1068/6.07,100,N, ,SOUTH PORTAL,2111092,22/01/01,Mon,1715,FD,VS1CC,181A 331A ,,E,D,B ,F , ,N,C,100,0,0,1,,,1748347,5427489,-41.29042028,174.7716662
Wellington City,1N/1068/6.169,300,N, ,WILLIS ST,2153337,27/07/01,Fri,1630,FD,CS1X,181A 191B ,,E,D,O ,F , ,N,C,100,0,0,0,,,1748354,5427389,-41.29131934,174.7717741
Wellington City,1N/1075/0.126,150,W, ,SOUTH PORTAL,2155799,5/12/01,Wed,1205,FD,CS1C,132A ,,E,W,O ,L , ,N,C,100,0,0,0,,,1748349,5427241,-41.29265277,174.7717505
Wellington City,1N/1075/0.154,, ,I,WILLIS ST,2154425,30/08/01,Thu,10,HA,CE1C,691A 322B 835 ,,R,D,DO,F ,M,T,R,50,0,0,0,,,1748446,5427272,-41.29235583,174.7729009
Wellington City,1N/1075/0.277,, ,I,WILLIS ST,2110045,10/05/01,Thu,1230,NC,TN2E,711B 718B 719B ,,R,D,O ,F ,X,T,C,50,1,0,0,64,,1748371,5427107,-41.29385519,174.7720458
Wellington City,1N/1075/0.277,, ,I,WILLIS ST,2152090,30/04/01,Mon,736,HA,CS2C,322B 353B ,,R,D,B ,F ,X,T,P,50,0,0,0,,,1748371,5427107,-41.29385519,174.7720458
Wellington City,1N/1075/0.277,, ,I,WILLIS ST,2153187,11/07/01,Wed,2210,HA,CN2CC,322A 355A ,,R,D,DO,F ,X,T,C,50,0,0,0,,,1748371,5427107,-41.29385519,174.7720458
Wellington City,1N/1075/0.304,150,N, ,WILLIS ST,2151299,23/01/01,Tue,2200,DA,CN1,195A 910 ,G,E,W,DO,L , ,N,R,100,0,0,0,,,1748290,5427094,-41.29398712,174.771082
Wellington City,1N/1075/0.357,, ,I,VICTORIA ST N,2151882,25/04/01,Wed,2355,HA,CW1C,322B ,,R,D,DO,F ,X,T,C,50,0,0,0,,,1748444,5427073,-41.29414789,174.7729255
Wellington City,1N/1075/0.357,, ,I,VICTORIA ST N,2155745,28/10/01,Sun,2300,MO,CW1C,420A ,,R,W,DO,L ,X,T,C,50,0,0,0,,,1748444,5427073,-41.29414789,174.7729255
Wellington City,1N/1075/0.433,, ,I,WALTER ST,2153637,14/06/01,Thu,1620,KA,CW1C,387B ,,R,W,O ,L ,T,N,C,50,0,0,0,,,1748491,5427050,-41.29434632,174.7734922
Wellington City,1N/1075/0.454,, ,I,BUTE ST,2152318,22/05/01,Tue,920,GC,CW1C,171A 372A ,,R,D,B ,F ,T,G,C,50,0,0,0,,,1748532,5427033,-41.29449184,174.7739858
Wellington City,1N/1075/0.559,, ,I,CUBA ST,2155925,27/12/01,Thu,130,GC,VW1C,171A 372A ,,R,D,DO,F ,X,T,C,50,0,0,0,,,1748607,5427000,-41.29477515,174.7748892
Wellington City,1N/1075/0.559,, ,I,CUBA ST,2151116,13/03/01,Tue,2030,FE,VW1C,181A ,,R,D,DO,F ,X,T,C,50,0,0,0,,,1748607,5427000,-41.29477515,174.7748892
Wellington City,1N/1075/0.621,10,E, ,DUNLOP TERRACE,2151622,13/01/01,Sat,315,FD,CW1V,103A 331A ,,R,D,DO,F ,T,G,C,50,0,0,0,,,1748664,5426975,-41.29498974,174.7755758
Wellington City,1N/1075/0.686,, ,I,KNIGGES AVENUE,2150290,17/01/01,Wed,645,AA,CN1C,355A 404A ,,R,D,B ,FF,T,N,N,50,0,0,0,,,1748723,5426949,-41.29521296,174.7762865
Wellington City,TARANAKI ST,, ,I,VIVIAN ST,2153626,22/06/01,Fri,1630,MC,CS1C,202B ,,R,W,O ,F ,X,T,N,50,0,0,0,,,1748792,5426917,-41.29548835,174.777118
Wellington City,CUBA ST,, ,I,ARTHUR ST,2152364,22/05/01,Tue,922,JA,CS1CV,112A 309B 377B 839 ,,R,D,B ,F ,T,N,N,50,0,0,0,,,1748488,5426734,-41.29719197,174.7735335
Wellington City,1N/1075/0.956,, ,I,TARANAKI ST,2152542,10/06/01,Sun,2320,JA,VS2C,322A 334A ,,R,W,DO,L ,X,T,C,50,0,0,0,,,1748678,5426647,-41.29794029,174.775823
Wellington City,TARANAKI ST,, ,I,BUCKLE ST,2153302,22/07/01,Sun,2250,KB,XN1C,322A 359A ,,R,W,DO,LS,X,T,R,50,0,0,0,,,1748678,5426647,-41.29794029,174.775823
Wellington City,1N/1075/0.962,, ,I,TORY ST,2151866,21/04/01,Sat,920,GC,CE1C,174B ,,R,W,O ,L ,X,T,C,50,0,0,0,,,1748996,5426825,-41.29627903,174.7795759
Wellington City,1N/1075/1.019,, ,I,TORY ST,2156180,26/12/01,Wed,1650,LB,CS2C,303A 382B ,,R,D,O ,F ,X,T,C,50,0,0,0,,,1748996,5426825,-41.29627903,174.7795759
Wellington City,1N/1075/1.069,50,E, ,TORY ST,2153017,27/04/01,Fri,1948,EA,CS1C,101A 129A ,M,R,D,DO,F , ,N,C,50,0,0,0,,,1749042,5426805,-41.29645061,174.78013
Wellington City,1N/1075/1.16,80,W, ,CAMBRIDGE TERRACE,2156162,17/12/01,Mon,1100,FD,CE1VC,191A ,,R,W,O ,L , ,N,C,50,0,0,0,,,1749124,5426768,-41.29676858,174.781118
Wellington City,1N/1075/1.177,, ,I,TORY ST,2156184,28/11/01,Wed,2110,LB,CN2C,303A ,,R,D,DO,F ,X,T,R,50,0,0,0,,,1748879,5426552,-41.29875856,174.7782459
Wellington City,1N/1075/1.266,, ,I,PIRIE ST,2156192,24/11/01,Sat,2345,HA,CS1C,324A ,,R,D,DO,F ,X,T,C,50,0,0,0,,,1749220,5426723,-41.29715599,174.7822751
Wellington City,1N/1075/1.266,, ,I,PIRIE ST,2112512,27/10/01,Sat,445,CC,CE1E,104A ,P,R,W,DO,L ,X,T,C,50,0,0,2,13,,1749220,5426723,-41.29715599,174.7822751
Wellington City,1N/1075/1.266,, ,I,PIRIE ST,2156199,14/12/01,Fri,2335,LB,CS1C,323A ,,R,D,DO,F ,X,T,R,50,0,0,0,,,1749220,5426723,-41.29715599,174.7822751
Wellington City,1N/1075/1.266,, ,I,KENT TERRACE,2154728,30/09/01,Sun,340,KB,XS2C,103B 124B ,,R,D,DO,F ,X,T,R,50,0,0,0,,,1749220,5426723,-41.29715599,174.7822751
Wellington City,1N/1075/1.302,25,E, ,TORY ST,2151727,2/04/01,Mon,1800,FD,XW1CC,110A 331A 801 ,,R,W,O ,L , ,N,C,50,0,0,0,,,1748902,5426542,-41.29884435,174.778523
Wellington City,1N/1075/1.386,120,S, ,PIRIE ST,2113101,12/11/01,Mon,1215,NF,CS1E,353A 383A ,,R,D,B ,F , ,N,C,50,0,0,1,36,,1749171,5426613,-41.29815543,174.7817171
Wellington City,1N/1075/1.401,, ,I,BUCKLE ST,2111275,23/02/01,Fri,2305,DA,CN1,111A 351A ,P,M,D,DO,F ,T,N,R,50,0,0,1,,,1748975,5426488,-41.29931706,174.7794077
Wellington City,1N/1075/1.401,, ,I,BUCKLE ST,2112365,7/08/01,Tue,1553,GB,CN1S,102A 387A 381B ,,R,D,O ,F ,T,N,R,50,0,0,1,,24,1748975,5426488,-41.29931706,174.7794077
Wellington City,1N/1075/1.416,15,S, ,BUCKLE ST,2153556,22/07/01,Sun,1700,AC,CN1V,372A ,,E,W,TF,HS,T,N,R,50,0,0,0,,,1748969,5426474,-41.29944421,174.7793395
Wellington City,1N/1075/1.421,20,S, ,BUCKLE ST,2151728,2/04/01,Mon,1600,FD,CN1CC,353A ,,E,D,B ,F , ,N,C,50,0,0,0,,,1748967,5426470,-41.2994806,174.7793166
Wellington City,1N/1075/1.488,80,N, ,ELLICE ST,2155535,15/10/01,Mon,1700,FC,CS1VX,351A ,,R,D,B ,F , ,N,C,50,0,0,0,,,1749129,5426520,-41.29900051,174.7812385
Wellington City,1N/1075/1.559,40,W, ,BELFAST ST,2111793,14/05/01,Mon,1615,DA,CW1C,197A 353A ,M,M,D,B ,F , ,N,R,50,0,0,2,,,1748918,5426342,-41.30064208,174.7787629
Wellington City,1N/1075/1.568,, ,I,ELLICE ST,2153131,24/06/01,Sun,1125,DB,CS1C,111A 131A ,,M,D,O ,F ,T,G,C,50,0,0,0,,,1749115,5426446,-41.29966935,174.7810894
Wellington City,1N/1075/1.568,, ,I,ELLICE ST,2112387,8/08/01,Wed,1505,KA,CE2S,302A 375A ,,M,D,O ,F ,T,G,R,50,0,0,1,,31,1749115,5426446,-41.29966935,174.7810894
Wellington City,ADELAIDE ROAD,, ,I,1N/1075/1.569,2150890,17/02/01,Sat,1945,FB,CN1C,331A ,,E,D,O ,F ,T,G,R,50,0,0,0,,,1749006,5426284,-41.30114803,174.7798278
Wellington City,1N/1075/1.588,, ,I,SUSSEX ST,2156416,21/11/01,Wed,100,DA,CW1C,111A ,M,M,W,DO,L ,T,G,R,50,0,0,0,,,1748932,5426317,-41.30086458,174.7789362
Wellington City,1N/1075/1.588,, ,I,SUSSEX ST,2154952,13/11/01,Tue,25,AD,CW1,137A ,P,M,D,DO,F ,T,G,R,50,0,0,0,,,1748932,5426317,-41.30086458,174.7789362
Wellington City,1N/1075/1.588,, ,I,SUSSEX ST,2156285,10/10/01,Wed,2340,DA,CW1,137A 387A ,F,M,W,DO,L ,T,G,R,50,0,0,0,,,1748932,5426317,-41.30086458,174.7789362
Wellington City,1N/1075/1.588,, ,I,SUSSEX ST,2156151,22/12/01,Sat,2243,DA,CW1CCC,111A ,,M,D,DO,F ,T,G,R,50,0,0,0,,,1748932,5426317,-41.30086458,174.7789362
Wellington City,1N/1075/1.588,, ,I,SUSSEX ST,2152389,9/03/01,Fri,2228,DA,CW1,111A ,P,M,D,DO,F ,T,G,R,50,0,0,0,,,1748932,5426317,-41.30086458,174.7789362
Wellington City,1N/1075/1.589,10,W, ,BELFAST ST,2153634,5/07/01,Thu,1330,AA,VW1C,372A 671A ,,M,D,O ,F ,T,N,C,50,0,0,0,,,1748933,5426317,-41.3008644,174.7789481
Wellington City,1N/1075/1.61,, ,I,HANIA ST,2156166,20/12/01,Thu,1655,KA,CE1CC,308A 377A 926 ,,R,D,B ,F ,D,N,C,50,0,0,0,,,1749153,5426429,-41.29981538,174.7815473
Wellington City,1N/1075/1.669,, ,I,ADELAIDE ROAD,2151202,7/03/01,Wed,1430,GB,VW1C,158A 173A ,,M,D,O ,F ,T,G,R,50,0,0,0,,,1749006,5426284,-41.30114803,174.7798278
Wellington City,1N/1075/1.669,, ,I,ADELAIDE ROAD,2112912,10/10/01,Wed,1735,NB,CW1E,158A 306A ,,E,W,O ,LS,T,G,X,50,0,0,1,21,,1749006,5426284,-41.30114803,174.7798278
Wellington City,1N/1075/1.669,, ,I,ADELAIDE ROAD,2152148,9/01/01,Tue,1015,FC,CW1C,331A ,,R,D,B ,F ,T,G,X,50,0,0,0,,,1749006,5426284,-41.30114803,174.7798278
Wellington City,1N/1075/1.669,, ,I,ADELAIDE ROAD,2154712,18/09/01,Tue,810,KA,CW1C,176B 372B ,,E,D,B ,F ,T,G,R,50,0,0,0,,,1749006,5426284,-41.30114803,174.7798278
Wellington City,1N/1075/1.669,, ,I,ADELAIDE ROAD,2153226,21/06/01,Thu,1640,FC,CW1C,181A ,,R,D,O ,F ,T,G,X,50,0,0,0,,,1749006,5426284,-41.30114803,174.7798278
Wellington City,1N/1075/1.678,30,S, ,PATERSON ST,2151117,16/03/01,Fri,1610,FA,CS1C,181A 191B ,,R,D,B ,F , ,N,R,50,0,0,0,,,1749170,5426368,-41.30036145,174.7817652
Wellington City,1N/1075/1.708,, ,I,PATERSON ST,2152199,12/04/01,Thu,2220,FE,CS1C,181A ,,R,D,DO,F ,T,T,R,50,0,0,0,,,1749158,5426341,-41.30060676,174.7816286
Wellington City,1N/1075/1.746,, ,I,DUFFERIN ST,2150893,23/02/01,Fri,1705,AC,XW1B,159A ,,M,D,B ,F ,T,N,N,50,0,0,0,,,1749077,5426253,-41.30141402,174.780683
Wellington City,1N/1075/1.879,, ,I,DUFFERIN ST,2112355,25/08/01,Sat,1000,LO,TE1S,204B 312B ,,R,D,B ,F ,T,T,R,50,0,1,0,,24,1749158,5426341,-41.30060676,174.7816286
Wellington City,1N/1076/0.01,20,E, ,DUFFERIN ST E,2154813,6/10/01,Sat,2335,AD,CE1X,121A 133A 804 ,I,M,W,DO,L ,Y,T,R,50,0,0,0,,,1749175,5426332,-41.30068464,174.7818337
Wellington City,1N/1076/0.021,30,E, ,DUFFERIN/PATERSON,2154103,16/09/01,Sun,1540,AA,CE1C,387A 387B ,,R,D,B ,F , ,N,L,50,0,0,0,,,1749185,5426328,-41.30071881,174.7819541
Wellington City,1N/1076/0.468,500,W, ,TAURIMA ST,2112024,3/07/01,Tue,1407,FD,XW1CC,181A 191A 191B ,,R,D,B ,F , ,N,C,50,0,0,2,,,1749593,5426109,-41.30261502,174.7868791
Wellington City,1N/1076/1.479,, ,I,GOA ST,2154883,26/10/01,Fri,2230,CA,CN1,103A 129A ,K,R,W,DO,L ,T,G,P,70,0,0,0,,,1749971,5425424,-41.30871214,174.791561
Wellington City,1N/1076/1.483,, ,I,GOA ST,2151659,6/05/01,Sun,1210,GA,CE2C,331A 930 ,,R,D,B ,F ,D,G,C,70,0,0,0,,,1749971,5425425,-41.30870314,174.7915607
Wellington City,1N/1076/1.735,100,N, ,WELLINGTON ROAD,2151906,28/04/01,Sat,1510,FD,CS1CCC,181A ,,R,D,B ,F , ,N,L,70,0,0,0,,,1749894,5425180,-41.31092327,174.7907017
Wellington City,1N/1076/1.835,, ,I,WELLINGTON ROAD,2155904,19/11/01,Mon,1615,JC,CW1X,382B ,,M,D,O ,F ,Y,G,R,50,0,0,0,,,1749873,5425084,-41.31179149,174.7904746
Wellington City,1N/1076/1.835,, ,I,RUAHINE ST,2150630,15/02/01,Thu,1630,JA,CW1C,331A 302B 402B ,,M,D,B ,F ,Y,G,R,50,0,0,0,,,1749873,5425084,-41.31179149,174.7904746
Wellington City,1N/1076/1.835,, ,I,RUAHINE ST,2112502,22/08/01,Wed,2000,JA,CW1C,302B 375B ,,M,D,DO,F ,Y,G,R,50,0,0,3,,,1749873,5425084,-41.31179149,174.7904746
Wellington City,1N/1076/2.06,30,W, ,KILBIRNIE CRESCENT,2151205,5/03/01,Mon,935,FD,CW1C,181A ,,E,D,B ,F , ,N,L,50,0,0,0,,,1750094,5425052,-41.31203851,174.7931215
Wellington City,1N/1076/2.07,20,W, ,KILBIRNIE CRESCENT,2153703,1/08/01,Wed,1220,FD,CW1C,181A ,,R,D,O ,F , ,N,L,50,0,0,0,,,1750104,5425051,-41.31204565,174.7932411
Wellington City,1N/1076/2.09,, ,I,HAMILTON ROAD,2113102,4/11/01,Sun,1710,NA,VE1E,713B 718B ,,R,D,B ,F ,X,T,R,50,0,0,1,21,,1750123,5425048,-41.31206913,174.7934687
Wellington City,1N/1076/2.09,, ,I,KILBIRNIE CRESCENT,2153636,21/07/01,Sat,1755,LB,CW1VV,303B ,,R,W,DO,H ,X,T,R,50,0,0,0,,,1750123,5425048,-41.31206913,174.7934687
Wellington City,1N/1076/2.09,, ,I,KILBIRNIE CRESCENT,2155921,23/12/01,Sun,1150,LB,CE1V,303B 375B ,,R,D,B ,F ,X,T,R,50,0,0,0,,,1750123,5425048,-41.31206913,174.7934687
Wellington City,1N/1076/2.09,, ,I,KILBIRNIE CRESCENT,2155927,22/12/01,Sat,1405,FE,CE1C,181A ,,R,D,B ,F ,X,T,R,50,0,0,0,,,1750123,5425048,-41.31206913,174.7934687
Wellington City,1N/1076/2.09,, ,I,KILBIRNIE CRESCENT,2153886,7/08/01,Tue,1830,AO,XE1C,129A 129B ,,R,D,TO,F ,X,T,R,50,0,0,0,,,1750123,5425048,-41.31206913,174.7934687
Wellington City,1N/1076/2.11,, ,I,KILBIRNIE CRESCENT,2156309,4/12/01,Tue,745,HA,BN2C,322A ,,R,W,O ,L ,X,T,R,50,0,0,0,,,1750123,5425048,-41.31206913,174.7934687
Wellington City,1N/1076/2.226,50,W, ,EVANS BAY PARADE,2112104,5/08/01,Sun,1230,EE,SW1C,158A 374B ,Q,R,D,O ,F , ,N,R,50,0,0,1,,30,1750251,5425007,-41.31241443,174.7950073
Wellington City,1N/1076/2.293,, ,I,EVANS BAY PARADE,2156459,25/07/01,Wed,1755,GA,XS2C,331A ,,R,D,TO,F ,X,G,R,50,0,0,0,,,1750302,5425012,-41.31235991,174.7956151
Wellington City,1N/1076/2.293,, ,I,EVANS BAY PARADE,2151187,3/03/01,Sat,840,LB,CS2C,303B ,,R,D,O ,F ,X,T,R,50,0,0,0,,,1750302,5425012,-41.31235991,174.7956151
Wellington City,1N/1076/2.295,, ,I,EVANS BAY PARADE,2151534,27/03/01,Tue,1510,LB,CN2C,303A ,,R,W,O ,L ,X,T,R,50,0,0,0,,,1750300,5425000,-41.31246832,174.7955942
Wellington City,1N/1076/2.295,, ,I,EVANS BAY PARADE,2153254,17/07/01,Tue,1325,FE,XW1C,132A 801 ,,R,W,O ,L ,X,T,R,50,0,0,0,,,1750300,5425000,-41.31246832,174.7955942
Wellington City,1N/1076/2.295,, ,I,EVANS BAY PARADE,2151590,20/04/01,Fri,1410,FE,CN2C,181A ,,R,D,O ,F ,X,T,R,50,0,0,0,,,1750300,5425000,-41.31246832,174.7955942
Wellington City,1N/1076/2.295,, ,I,EVANS BAY PARADE,2153643,10/07/01,Tue,2040,LB,CN2X,303B ,,R,D,DO,F ,X,T,R,50,0,0,0,,,1750300,5425000,-41.31246832,174.7955942