TLA NAME,CRASH ROAD,CRASH DIST,CRASH DIRN,INTSN,SIDE ROAD,CRASH ID,CRASH DATE,CRASH DOW,CRASH TIME,MVMT,VEHICLES,CAUSES,OBJECTS STRUCK,ROAD CURVE,ROAD WET,LIGHT,WTHRa,JUNC TYPE,TRAF CTRL,ROAD MARK,SPD LIM,CRASH FATAL CNT,CRASH SEV CNT,CRASH MIN CNT,PERS AGE1,PERS AGE2,EASTING,NORTHING,latitude,longitude
Wellington City,1N/1076/3.108,, ,I,TROY ST,2153899,25/08/01,Sat,1900,KB,CE1C,302A ,,E,D,DO,F ,R,G,R,70,0,0,0,,,1750931,5424492,-41.31692417,174.8032551
Wellington City,1N/1076/3.108,, ,I,TROY ST,2156360,14/10/01,Sun,450,DA,VE1,102A 410A ,IST,M,D,DO,F ,R,G,R,70,0,0,0,,,1750931,5424492,-41.31692417,174.8032551
Wellington City,1N/1076/3.171,, ,I,TROY ST,2150531,5/02/01,Mon,1640,KA,CW1C,302A ,,M,W,B ,F ,R,G,R,70,0,0,0,,,1750914,5424410,-41.31766562,174.8030724
Wellington City,1N/1076/3.238,, ,I,TROY ST,2152556,22/05/01,Tue,1600,DB,CW1,137A ,P,M,D,B ,F ,R,G,R,70,0,0,0,,,1750947,5424410,-41.31765944,174.8034665
Wellington City,1N/1076/3.238,, ,I,TROY ST,2154950,5/11/01,Mon,1520,FB,VW1C,353A ,,E,D,B ,F ,R,G,R,70,0,0,0,,,1750975,5424435,-41.31742912,174.8037947
Wellington City,1N/1076/3.238,, ,I,TROY ST,2153901,24/08/01,Fri,2000,DA,CW1,135A 801 ,FT,E,W,DO,H ,R,G,R,70,0,0,0,,,1750947,5424410,-41.31765944,174.8034665
Wellington City,1N/1076/3.636,, ,I,CALABAR ROAD,2155747,1/11/01,Thu,1756,DB,CE1,501A ,CIT,E,D,B ,F ,R,G,R,70,0,0,0,,,1751419,5424533,-41.31646356,174.8090725
Wellington City,1N/1076/3.636,, ,I,CALABAR ROAD,2113094,5/11/01,Mon,1540,DB,ME1,111A ,,E,D,B ,F ,R,G,R,70,0,0,1,,,1751419,5424533,-41.31646356,174.8090725
Wellington City,1N/1076/3.694,, ,I,COBHAM DRIVE,2151604,6/03/01,Tue,1800,KB,CS2C,302A ,,M,D,B ,F ,R,G,R,70,0,0,0,,,1751444,5424531,-41.31647687,174.8093715
Wellington City,1N/1076/3.694,, ,I,COBHAM DRIVE,2151588,19/04/01,Thu,1845,KB,CS2C,302A ,,M,D,DO,F ,R,G,R,70,0,0,0,,,1751444,5424531,-41.31647687,174.8093715
Wellington City,1N/1076/3.722,, ,I,COBHAM DRIVE,2151614,27/03/01,Tue,1520,GE,XS1C,171A ,,M,W,O ,HS,R,G,R,70,0,0,0,,,1751451,5424460,-41.31711479,174.8094728
Wellington City,1N/1076/3.722,, ,I,COBHAM DRIVE,2111282,16/01/01,Tue,2200,GE,CS1C,691A 101B 372B ,,M,D,DO,F ,R,G,R,70,0,0,1,,,1751451,5424460,-41.31711479,174.8094728
Wellington City,1N/1076/3.722,, ,I,COBHAM DRIVE,2153034,6/07/01,Fri,1430,GE,VS1B,171B 843 ,,M,D,B ,F ,R,G,R,70,0,0,0,,,1751451,5424460,-41.31711479,174.8094728
Wellington City,1N/1076/3.722,, ,I,COBHAM DRIVE,2153033,18/06/01,Mon,945,GE,CS1C,171B 372B ,,M,W,O ,F ,R,G,R,70,0,0,0,,,1751451,5424460,-41.31711479,174.8094728
Wellington City,1N/1076/3.722,, ,I,COBHAM DRIVE,2155446,7/11/01,Wed,1405,GE,CS1C,171B 372B ,,E,D,B ,F ,R,G,R,70,0,0,0,,,1751451,5424460,-41.31711479,174.8094728
Wellington City,1N/1076/3.722,, ,I,COBHAM DRIVE,2153639,26/07/01,Thu,1630,GE,CS1C,304B 372B ,,M,D,B ,F ,R,G,R,70,0,0,0,,,1751451,5424460,-41.31711479,174.8094728
Wellington City,1N/1076/3.727,, ,I,COBHAM DRIVE,2154727,3/10/01,Wed,1800,AA,XS1C,372A 173B 372B ,,E,D,O ,F ,R,G,R,70,0,0,0,,,1751426,5424454,-41.3171735,174.8091757
Wellington City,1N/1076/3.727,, ,I,SH 1N COBHAM,2112913,22/10/01,Mon,1230,AC,MN1C,352A 372A ,,M,D,B ,F ,R,G,R,70,0,1,1,,,1751426,5424454,-41.3171735,174.8091757
Wellington City,1N/1076/3.98,200,S, ,COBHAM DRIVE,2153573,31/07/01,Tue,1427,FD,CN1C,181A ,,R,D,O ,F , ,N,L,70,0,0,0,,,1751440,5424261,-41.3189085,174.809391
Wellington City,1N/1076/4.122,, ,I,CALEDONIA ST,2151589,12/04/01,Thu,1845,JA,XS1C,302A 375B ,,R,D,DO,F ,T,G,R,70,0,0,0,,,1751424,5424061,-41.32071215,174.8092497
Wellington City,1N/1076/4.181,, ,I,CALEDONIA ST,2155996,17/12/01,Mon,455,CB,CN1,129A 358A ,K,R,W,TO,L ,T,G,C,70,0,0,0,,,1751424,5424061,-41.32071215,174.8092497
Wellington City,2/962/12.988,300,W, ,HOROKIWI ROAD,2152311,18/05/01,Fri,830,FD,CW1C,181A 801 ,,R,W,O ,L , ,N,R,100,0,0,0,,,1754932,5434348,-41.22743087,174.848528
Wellington City,2/962/12.996,300,W, ,HOROKIWI ROAD,2151781,2/05/01,Wed,1810,FD,CE1X,181A ,,R,D,DO,F , ,N,R,100,0,0,0,,,1754926,5434359,-41.22733298,174.8484536
Wellington City,2/962/13.046,350,W, ,HOROKIWI ROAD,2112471,6/09/01,Thu,720,AF,VE1,130A 353A ,GP,R,D,O ,F , ,N,R,100,0,0,1,,,1754878,5434344,-41.22747722,174.847885
Wellington City,2/962/13.096,400,W, ,HOROKIWI ROAD,2151620,27/03/01,Tue,1130,CA,CE1V,132A 137A 801 ,,R,W,O ,H , ,N,R,100,0,0,0,,,1754830,5434329,-41.22762145,174.8473164
Wellington City,2/962/13.096,400,W, ,HOROKIWI ROAD,2152545,7/06/01,Thu,1305,AD,CE1B,112A 197A 372A ,G,R,D,O ,F , ,N,R,100,0,0,0,,,1754830,5434329,-41.22762145,174.8473164
Wellington City,2/962/13.371,500,E, ,SERVICE STN NTH,2111786,20/03/01,Tue,417,DA,CE1,410A ,P,E,D,DO,F , ,N,R,100,0,0,1,,,1754569,5434246,-41.22841863,174.8442249
Wellington City,2/962/13.396,700,W, ,HOROKIWI ROAD,2110098,22/11/01,Thu,1247,AD,CE1C,111A 106B ,S,E,W,O ,H , ,N,R,100,1,0,1,,,1754546,5434235,-41.22852206,174.8439534
Wellington City,2/962/13.621,250,E, ,SERVICE STN NTH,2152370,25/05/01,Fri,630,AD,CE1V,111A 131A ,,M,W,DO,L , ,N,R,100,0,0,0,,,1754379,5434090,-41.22985941,174.8419985
Wellington City,2/962/13.688,1000,W, ,HOROKIWI ROAD,2155042,18/10/01,Thu,850,FD,CW1T,181A ,,R,D,B ,F , ,N,R,100,0,0,0,,,1754342,5434018,-41.2305147,174.8415754
Wellington City,2/962/13.688,1000,W, ,HOROKIWI ROAD,2111344,16/03/01,Fri,840,FD,CW1CC,181A ,,R,D,B ,F , ,N,R,100,0,0,2,,,1754342,5434018,-41.2305147,174.8415754
Wellington City,2/962/13.696,1000,W, ,HOROKIWI ROAD,2112306,15/05/01,Tue,1940,DB,TE1CCC,132A 137A ,,M,W,DO,F , ,N,R,100,0,0,4,,,1754335,5434028,-41.230426,174.8414894
Wellington City,2/962/13.721,150,E, ,SERVICE STN NTH,2153468,21/07/01,Sat,1120,AA,CE1CVC,143A 372A 132B 197B 402B ,G,E,W,O ,LS, ,N,R,100,0,0,0,,,1754319,5434010,-41.23059111,174.8413032
Wellington City,2/962/13.741,2000,E, ,HUTT ON NBD,2113156,24/12/01,Mon,625,DB,CE1,111A 132A 412A ,CF,E,D,B ,F , ,N,R,100,0,1,0,,,1754306,5433994,-41.23073764,174.8411522
Wellington City,2/962/13.796,1100,W, ,HOROKIWI ROAD,2154481,15/05/01,Tue,1936,AF,CE1C,111A 431A ,CG,M,W,DO,F , ,N,R,100,0,0,0,,,1754264,5433959,-41.23106077,174.8406601
Wellington City,2/962/13.871,, ,A,SERVICE STN NTH,2156024,20/12/01,Thu,45,DB,CE1,103A ,G,M,D,DO,F , ,N,R,100,0,0,0,,,1754201,5433919,-41.23143291,174.8399189
Wellington City,2/962/14.096,1400,W, ,HOROKIWI ROAD,2151410,2/03/01,Fri,800,FO,CE1C,191A 801 ,,E,W,O ,L , ,N,R,100,0,0,0,,,1753997,5433825,-41.23231807,174.8375097
Wellington City,2/962/14.13,100,E, ,SERVICE STN STH,2150396,15/01/01,Mon,1606,EC,CE1,827,D,E,D,B ,F , ,N,R,100,0,0,0,,,1753971,5433802,-41.2325301,174.8372054
Wellington City,2/962/14.13,100,E, ,SERVICE STN STH,2152092,2/05/01,Wed,840,AD,CE1C,131A 410A ,GG,E,D,O ,F , ,N,R,100,0,0,0,,,1753971,5433802,-41.2325301,174.8372054
Wellington City,2/962/14.15,80,E, ,SERVICE STN STH,2152100,13/04/01,Fri,2215,AD,CE1C,131A ,GG,E,D,DO,FS, ,N,R,100,0,0,0,,,1753956,5433789,-41.23264999,174.8370298
Wellington City,2/962/14.188,1500,W, ,HOROKIWI ROAD,2154601,8/09/01,Sat,1930,FD,CW1CC,331A ,,R,D,DO,F , ,N,R,100,0,0,0,,,1753931,5433746,-41.23304189,174.8367425
Wellington City,2/962/14.23,, ,A,SERVICE STN STH,2113112,30/11/01,Fri,45,FA,CE1C,104A 110A 386A ,GG,E,D,DO,F , ,N,R,100,0,0,2,,,1753902,5433730,-41.23319146,174.8364006
Wellington City,2/962/14.359,2000,E, ,NGAURANGA ON NBD,2111870,12/06/01,Tue,1840,FD,CW1CV,331A 101B ,,R,D,DO,F , ,N,R,100,0,0,1,,,1753817,5433618,-41.23421599,174.8354151
Wellington City,2/962/14.359,2000,E, ,NGAURANGA ON NBD,2155822,13/12/01,Thu,1750,FD,CW1CC,181A ,,R,D,O ,F , ,N,R,100,0,0,0,,,1753817,5433618,-41.23421599,174.8354151
Wellington City,2/962/14.63,400,W, ,SERVICE STN STH,2111759,7/05/01,Mon,2220,FA,CE1C,110A 410A ,,E,W,DO,F , ,N,R,100,0,0,2,,,1753615,5433452,-41.23574892,174.8330477
Wellington City,2/962/14.688,2000,W, ,HOROKIWI ROAD,2153434,29/06/01,Fri,745,FD,VW1VC,181A ,,E,D,B ,F , ,N,R,100,0,0,0,,,1753569,5433404,-41.23618981,174.8325111
Wellington City,2/962/14.741,1000,E, ,HUTT ON NBD,2153349,20/07/01,Fri,1145,FD,CE1V,181A 331A ,,R,W,O ,L , ,N,R,100,0,0,0,,,1753526,5433387,-41.23635103,174.8320025
Wellington City,2/962/15.041,700,E, ,HUTT ON NBD,2154451,7/09/01,Fri,750,FD,CE1V,181A 191B 353B ,,R,D,O ,F , ,N,R,100,0,0,0,,,1753285,5433209,-41.23799932,174.8291728
Wellington City,2/962/15.341,400,E, ,HUTT ON NBD,2152194,15/05/01,Tue,1650,FD,VE1C,331A ,,R,W,O ,H , ,N,R,100,0,0,0,,,1753055,5433017,-41.23977151,174.8264777
Wellington City,2/962/15.341,400,E, ,HUTT ON NBD,2153877,23/08/01,Thu,1710,FD,CE1C,181A 801 ,,R,W,TO,H , ,N,R,100,0,0,0,,,1753055,5433017,-41.23977151,174.8264777
Wellington City,2/962/15.491,250,E, ,HUTT ON NBD,2154483,6/09/01,Thu,854,FD,CE1C,117A 181A ,,R,D,O ,F , ,N,R,100,0,0,0,,,1752935,5432927,-41.24060451,174.8250689
Wellington City,2/962/15.641,100,E, ,HUTT ON NBD,2155972,24/11/01,Sat,1110,CA,CE1,137A 372A ,G,R,D,B ,F , ,N,R,100,0,0,0,,,1752812,5432841,-41.24140205,174.8236233
Wellington City,2/962/15.741,, ,I,HUTT ON NBD,2151302,25/01/01,Thu,730,FD,CE2C,331A 353A ,,E,D,B ,F ,Y,N,R,100,0,0,0,,,1752730,5432784,-41.24193072,174.8226595
Wellington City,2/962/15.841,100,W, ,HUTT ON NBD,2112211,6/06/01,Wed,1645,FD,CE1C,191A ,,R,D,TF,F , ,N,R,100,0,0,1,,,1752649,5432726,-41.24246821,174.8217078
Wellington City,2/962/15.941,200,W, ,HUTT ON NBD,2151562,27/03/01,Tue,1710,FD,CE1CCC,410A ,,R,W,O ,L , ,N,R,100,0,0,0,,,1752569,5432665,-41.24303251,174.8207688
Wellington City,2/962/16.258,, ,A,RAILYARD ENTRY,2153299,21/04/01,Sat,2101,AA,CW1CCC,372A 197C ,,R,W,DO,H , ,N,R,100,0,0,0,,,1752317,5432458,-41.24494371,174.8178145
Wellington City,2/962/16.559,400,E, ,SH 1N,2151931,1/03/01,Thu,830,FD,CW1C,331A ,,R,D,O ,F , ,N,R,100,0,0,0,,,1752100,5432249,-41.24686625,174.8152781
Wellington City,2/962/16.769,200,E, ,SH 1N,2152237,23/05/01,Wed,1815,FD,CE1C,331A ,,R,D,DO,F , ,N,R,100,0,0,0,,,1751937,5432131,-41.24795929,174.813363
Wellington City,2/962/16.819,150,E, ,SH 1N,2111468,18/01/01,Thu,1800,FD,CE1C,181A ,,R,D,B ,F , ,N,R,100,0,0,1,,,1751898,5432100,-41.24824572,174.8129055
Wellington City,2/962/16.919,50,E, ,SH 1N,2152700,8/06/01,Fri,1735,FD,CE1CC,181A ,,R,W,TO,L , ,N,R,100,0,0,0,,,1751819,5432039,-41.24880977,174.8119783
Wellington City,2/962/16.919,50,E, ,SH 1N,2112660,21/07/01,Sat,1210,FD,VE1C,112A 331A ,,R,W,O ,LS, ,N,R,100,0,1,0,,,1751819,5432039,-41.24880977,174.8119783
Wellington City,ABEL SMITH ST,15,W, ,WILLIS ST,2253924,5/09/02,Thu,1302,EA,VE1C,386A ,M,R,D,B ,F , ,N,N,50,0,0,0,,,1748286,5426953,-41.29525735,174.7710686
Wellington City,ADELAIDE ROAD,, ,I,BRITOMART ST,2255882,5/11/02,Tue,1430,DA,CS1CT,111A 133A ,,R,W,O ,F ,X,T,C,50,0,0,0,,,1748579,5424122,-41.32069216,174.7752579
Wellington City,ADELAIDE ROAD,10,S, ,BROWN ST,2250835,3/02/02,Sun,1545,GB,CS1V,172B 372B 922 ,,R,D,B ,F ,D,N,C,50,0,0,0,,,1748957,5426097,-41.30284072,174.7792885
Wellington City,ADELAIDE ROAD,, ,I,BROWN ST,2211673,18/04/02,Thu,900,MO,MN1T,353A 302B 371B 839 ,,R,D,O ,F ,T,G,C,50,0,1,0,,,1748960,5426107,-41.30275013,174.7793219
Wellington City,ADELAIDE ROAD,20,N, ,CHILKA ST,2211971,25/05/02,Sat,1640,NA,CS1E,710B 839 ,,R,D,B ,F ,T,N,C,50,0,0,1,10,,1748569,5423975,-41.3220175,174.7751744
Wellington City,ADELAIDE ROAD,170,S, ,DAWSON ST,2250710,30/01/02,Wed,1930,GD,VS1C,331A 929 ,,R,D,TF,F ,D,N,L,50,0,0,0,,,1748552,5423680,-41.32467664,174.7750434
Wellington City,ADELAIDE ROAD,150,N, ,DOVER ST,2213530,8/12/02,Sun,1625,CC,CS1,410A ,P,R,W,O ,L , ,N,C,50,0,0,1,,,1748513,5423439,-41.32685364,174.7746365
Wellington City,ADELAIDE ROAD,50,N, ,DRUMMOND ST,2250880,8/02/02,Fri,1420,MC,CN1C,372A ,,R,D,B ,F , ,N,C,50,0,0,0,,,1748905,5425893,-41.30468701,174.7787176
Wellington City,ADELAIDE ROAD,50,N, ,GIRTON TERRACE,2211146,11/02/02,Mon,1510,LB,MN1C,303A 377A 924 ,,R,W,O ,L ,D,N,P,50,0,0,1,,,1748986,5426211,-41.30180897,174.7796069
Wellington City,ADELAIDE ROAD,, ,I,HALL ST,2252383,19/04/02,Fri,2005,DB,CS1C,111A 122A ,M,R,D,DF,F ,X,T,C,50,0,0,0,,,1748741,5425246,-41.31054247,174.7769177
Wellington City,ADELAIDE ROAD,, ,I,HALL ST,2254997,25/09/02,Wed,445,GF,VS1C,172A ,,R,D,TN,F ,X,T,C,50,0,0,0,,,1748741,5425246,-41.31054247,174.7769177
Wellington City,ADELAIDE ROAD,, ,I,HALL ST,2254193,3/09/02,Tue,1900,HA,CW2C,322A ,,R,D,DO,F ,X,T,C,50,0,0,0,,,1748741,5425246,-41.31054247,174.7769177
Wellington City,ADELAIDE ROAD,, ,I,HERALD ST,2255886,16/11/02,Sat,2230,DB,CW2C,111A 402A ,M,R,W,DO,H ,X,T,C,50,0,0,0,,,1748579,5424122,-41.32069216,174.7752579
Wellington City,ADELAIDE ROAD,, ,I,HOSPITAL ROAD,2252673,10/06/02,Mon,1806,JA,VS1C,302A 377B ,,R,W,DO,L ,T,G,P,50,0,0,0,,,1748863,5425724,-41.30621634,174.7782575
Wellington City,ADELAIDE ROAD,, ,I,HOSPITAL ROAD,2212905,8/09/02,Sun,1500,JA,VS1V,302A ,,R,D,B ,F ,T,G,P,50,0,0,1,,,1748863,5425724,-41.30621634,174.7782575
Wellington City,ADELAIDE ROAD,, ,I,HOSPITAL ROAD,2255286,20/10/02,Sun,1759,GO,CN1C,372A 927 ,,R,D,O ,F ,T,G,P,50,0,0,0,,,1748863,5425724,-41.30621634,174.7782575
Wellington City,ADELAIDE ROAD,, ,I,HOSPITAL ROAD,2253528,15/07/02,Mon,1150,JA,VS1C,302A 377B ,,R,W,O ,L ,T,G,C,50,0,0,0,,,1748863,5425724,-41.30621634,174.7782575
Wellington City,ADELAIDE ROAD,25,N, ,JOHN ST,2251309,15/02/02,Fri,1950,AA,CN1C,129A ,M,R,W,TO,L , ,N,P,50,0,0,0,,,1748838,5425632,-41.30704926,174.7779815
Wellington City,ADELAIDE ROAD,50,N, ,JOHN ST,2250881,5/02/02,Tue,1440,EE,CN1C,374B ,Q,R,W,O ,L , ,N,C,50,0,0,0,,,1748844,5425656,-41.30683208,174.7780473
Wellington City,ADELAIDE ROAD,200,N, ,JOHN ST,2253842,1/09/02,Sun,1505,GB,MS1C,172A 372B 927 ,,R,D,B ,F ,D,N,C,50,0,0,0,,,1748882,5425801,-41.30551957,174.7784655
Wellington City,ADELAIDE ROAD,25,N, ,KING ST,2253531,23/07/02,Tue,912,MA,CS1C,373B ,,R,W,O ,L , ,N,C,50,0,0,0,,,1748943,5426044,-41.30332048,174.7791344
Wellington City,ADELAIDE ROAD,, ,I,LUXFORD ST,2212117,26/05/02,Sun,15,LB,SS1C,101B 303B ,S,R,W,DO,L ,T,T,C,50,0,0,1,,34,1748585,5424215,-41.31985374,174.7753068
Wellington City,ADELAIDE ROAD,, ,I,LUXFORD ST,2212966,20/09/02,Fri,2015,LB,SS1C,602A 303B 325B ,,R,D,DO,F ,T,T,P,50,0,0,1,,14,1748585,5424215,-41.31985374,174.7753068
Wellington City,ADELAIDE ROAD,20,N, ,NIKAU ST,2254988,5/09/02,Thu,2005,MC,CN1V,372B ,,R,W,DO,F , ,N,C,50,0,0,0,,,1748782,5425408,-41.30907636,174.7773676
Wellington City,ADELAIDE ROAD,, ,I,RIDDIFORD ST,2255177,26/10/02,Sat,10,JA,CS1C,103A 322A 602A ,,E,D,DO,F ,X,T,C,50,0,0,0,,,1748832,5425608,-41.30726645,174.7779157
Wellington City,ADELAIDE ROAD,50,S, ,RUGBY ST,2211780,15/03/02,Fri,2320,NA,CS1E,712B 861 ,,R,D,DF,F , ,N,C,50,0,0,1,43,,1748993,5426236,-41.3015826,174.7796843
Wellington City,ADELAIDE ROAD,100,S, ,RUGBY ST,2250412,18/02/02,Mon,1530,KA,CN1C,308A 924 ,,R,D,O ,F ,D,N,L,50,0,0,0,,,1748980,5426188,-41.30201716,174.7795409
Wellington City,ADELAIDE ROAD,, ,I,STOKE ST,2213042,14/09/02,Sat,2100,NA,CS1E,105B 506B ,,R,D,DO,F ,T,S,C,50,0,0,1,15,,1748646,5424867,-41.31397228,174.7758759
Wellington City,AHURIRI ST,80,S, ,TUKANAE ST,2213382,2/11/02,Sat,1545,BC,CN1C,121A 205A ,,E,D,O ,F , ,N,C,50,0,0,1,,,1752250,5422459,-41.33497971,174.8195156
Wellington City,ALEXANDRA ROAD,300,N, ,CONSTABLE ST,2256194,8/12/02,Sun,415,DA,CS1,111A ,E,M,W,DN,L , ,N,C,50,0,0,0,,,1749693,5425234,-41.31047441,174.7882883
Wellington City,ALLEN ST,15,N, ,COURTENAY PLACE,2254965,15/08/02,Thu,220,MO,CN1C,371A ,M,R,D,DO,F , ,N,N,50,0,0,0,,,1749215,5427121,-41.29357356,174.7821179
Wellington City,AMESBURY DRIVE,50,N, ,DERRY HILL,2213380,27/11/02,Wed,925,NB,CS1E,377A 713B ,,R,W,O ,L , ,N,N,50,0,0,1,16,,1751318,5437278,-41.20173486,174.8047039
Wellington City,AMRITSAR ST,500,S, ,JUBILEE ROAD,2254308,24/08/02,Sat,133,CB,CN1CC,103A 129A ,M,R,D,DO,F , ,N,N,50,0,0,0,,,1750682,5431688,-41.25218268,174.7985012
Wellington City,AOTEA QUAY,50,S, ,AOTEA OFF SBD,2253125,7/06/02,Fri,330,AC,CN1C,512A ,,R,D,DN,F , ,N,L,70,0,0,0,,,1749570,5430027,-41.26734394,174.7856422
Wellington City,AOTEA QUAY,200,S, ,AOTEA OFF SBD,2252797,27/06/02,Thu,956,AC,TS1C,372A 671A ,,R,D,O ,L , ,N,L,70,0,0,0,,,1749599,5429880,-41.26866207,174.7860244
Wellington City,AOTEA QUAY,450,S, ,AOTEA OFF SBD,2255161,14/10/02,Mon,1728,CB,CN1,501A 928 ,S,R,D,B ,F ,D,T,C,70,0,0,0,,,1749646,5429635,-41.27085921,174.7866454
Wellington City,AOTEA QUAY,, ,I,AOTEA OFF SBD,2255228,13/10/02,Sun,1440,MC,CS1V,202B 372B ,,R,D,O ,F ,Y,N,L,70,0,0,0,,,1749561,5430076,-41.26690443,174.7855228
Wellington City,AOTEA QUAY,, ,I,AOTEA OFF SBD,2255840,21/12/02,Sat,1340,MC,VS1C,202A 372A ,,R,D,B ,F ,Y,N,C,70,0,0,0,,,1749561,5430076,-41.26690443,174.7855228
Wellington City,AOTEA QUAY,15,S, ,AOTEA ON NBD,2256496,10/12/02,Tue,1520,KB,CS1V,308B 927 ,,R,D,B ,F ,D,N,C,70,0,0,0,,,1749553,5430108,-41.26661781,174.7854195
Wellington City,AOTEA QUAY,200,S, ,AOTEA ON NBD,2256481,22/11/02,Fri,2210,FE,CN1CC,331A 353A 928 ,,R,D,DO,F ,D,T,R,70,0,0,0,,,1749590,5429927,-41.26824058,174.7859054
Wellington City,AOTEA QUAY,350,S, ,AOTEA ON NBD,2253391,13/06/02,Thu,1740,FA,CN1C,331A ,,R,D,DO,F , ,N,L,70,0,0,0,,,1749618,5429780,-41.2695589,174.7862756
Wellington City,AOTEA QUAY,, ,I,AOTEA ON NBD,2255747,12/11/02,Tue,100,DB,CN1,135A 172A 807 ,P,R,W,DO,H ,Y,N,R,70,0,0,0,,,1749546,5430121,-41.26650206,174.7853328
Wellington City,AOTEA QUAY,150,N, ,WATERLOO QUAY,2253633,16/08/02,Fri,2135,FD,CN1X,181A 191A ,,R,D,DO,F , ,N,L,70,0,0,0,,,1749676,5429481,-41.27224018,174.7870412
Wellington City,ARO ST,, ,I,OHIRO ROAD,2211016,24/01/02,Thu,2115,GD,CE1C,103A ,,R,D,DO,F ,T,G,C,50,0,0,1,,,1748163,5426879,-41.29594619,174.7696182
Wellington City,ARO ST,, ,I,WILLIS ST,2252771,7/06/02,Fri,920,FC,CE1C,181A 331A ,,E,D,O ,F ,T,G,X,50,0,0,0,,,1748250,5426840,-41.29628135,174.7706663
Wellington City,ATUA ST,80,E, ,KIPLING ST,2256064,25/11/02,Mon,1940,QD,CW1C,428A ,M,R,D,B ,F , ,N,N,50,0,0,0,,,1750677,5434461,-41.22721714,174.797757
Wellington City,AUSTIN ST,15,S, ,MAJORIBANKS ST,2253787,30/07/02,Tue,2330,EA,CN1C,129A ,M,R,D,DO,F , ,N,C,50,0,0,0,,,1749766,5426875,-41.29568635,174.7887561
Wellington City,BARNARD ST,50,S, ,ANNE ST,2253394,16/06/02,Sun,230,DB,CN1,103A ,P,M,W,DO,L , ,N,L,50,0,0,0,,,1749423,5430903,-41.25948411,174.7836734
Wellington City,BASSETT ROAD,40,S, ,OHARIU ROAD,2255280,12/10/02,Sat,1925,FA,CS1M,181A 331A ,,E,D,O ,F , ,N,C,50,0,0,0,,,1751510,5435377,-41.21881446,174.8074638
Wellington City,BAY ROAD,50,S, ,RONGOTAI ROAD,2254979,7/08/02,Wed,1536,MA,CN1V,,,R,D,B ,F , ,N,N,50,0,0,0,,,1750227,5424350,-41.31833408,174.794883
Wellington City,BAY ROAD,100,S, ,RONGOTAI ROAD,2256091,6/12/02,Fri,1130,MF,CW1V,371A 830 ,,R,D,O ,F , ,N,C,50,0,0,0,,,1750213,5424302,-41.31876885,174.7947277
Wellington City,BAY ROAD,100,S, ,RONGOTAI ROAD,2256614,17/12/02,Tue,1700,MB,CS1C,382B ,,R,W,O ,L , ,N,C,50,0,0,0,,,1750213,5424302,-41.31876885,174.7947277
Wellington City,BAYLANDS DRIVE,130,S, ,BAYSWATER PLACE,2252381,17/04/02,Wed,2335,EA,CS1T,103A 503A ,M,E,D,DO,F , ,N,N,50,0,0,0,,,1753448,5434803,-41.2236172,174.8307164
Wellington City,BEAZLEY AVENUE,50,W, ,CARA CRESCENT,2253747,22/07/02,Mon,2320,DA,CN1,102A 135A 801 ,F,M,W,DO,M , ,N,C,50,0,0,0,,,1752210,5435864,-41.21429846,174.8156893
Wellington City,BEDFORD ST,320,S, ,HUNTINGDON ST,2255206,19/10/02,Sat,1000,EC,CN1,350A 645A ,X,E,D,B ,F , ,N,N,50,0,0,0,,,1747435,5429172,-41.27543442,174.760372
Wellington City,BELLRINGER CRESCENT,80,E, ,QUIGLEY ST,2252208,19/03/02,Tue,2116,DA,CE1C,132A ,M,M,D,DO,F , ,N,N,50,0,0,0,,,1752382,5434864,-41.22326945,174.8179894
Wellington City,BOLTON ST,50,W, ,THE TERRACE,2250633,27/01/02,Sun,1345,GC,XW1C,181A 197A 929 ,,R,D,B ,F ,D,N,N,50,0,0,0,,,1748638,5428702,-41.27944556,174.7748439
Wellington City,BOLTON ST,, ,I,WESLEY ROAD,2256622,27/09/02,Fri,1643,HA,CN1V,302A 375A ,,R,D,B ,F ,X,G,C,50,0,0,0,,,1748324,5428511,-41.28122295,174.7711427
Wellington City,BOMBAY ST,50,S, ,COLWAY ST,2211519,26/02/02,Tue,1355,CB,CW1CC,501A ,JMP,R,D,B ,F , ,N,C,50,0,1,0,,,1749095,5431913,-41.25045118,174.779513
Wellington City,BOULCOTT SLIP,30,S, ,THE TERRACE,2255496,15/11/02,Fri,1730,EE,CS1C,374A 446A ,M,R,D,B ,F , ,N,N,50,0,0,0,,,1748541,5428036,-41.28545971,174.7738486
Wellington City,BOULCOTT ST,30,S, ,EVERTON TERRACE,2256527,20/10/02,Sun,600,DA,CW1,101A 111A ,C,S,D,DO,F , ,N,R,50,0,0,0,,,1748423,5428048,-41.28537337,174.7724372
Wellington City,BOULCOTT ST,, ,I,EVERTON TERRACE,2254823,29/09/02,Sun,2330,CC,CN1,353A ,I,R,W,DO,L ,X,T,R,50,0,0,0,,,1748429,5428077,-41.28511117,174.7725017
Wellington City,BOULCOTT ST,, ,I,GILMER TERRACE,2255350,4/10/02,Fri,800,LB,CE1C,302A ,,R,D,B ,F ,T,G,C,50,0,0,0,,,1748567,5427961,-41.28613019,174.7741772