TLA NAME,CRASH ROAD,CRASH DIST,CRASH DIRN,INTSN,SIDE ROAD,CRASH ID,CRASH DATE,CRASH DOW,CRASH TIME,MVMT,VEHICLES,CAUSES,OBJECTS STRUCK,ROAD CURVE,ROAD WET,LIGHT,WTHRa,JUNC TYPE,TRAF CTRL,ROAD MARK,SPD LIM,CRASH FATAL CNT,CRASH SEV CNT,CRASH MIN CNT,PERS AGE1,PERS AGE2,EASTING,NORTHING,latitude,longitude
Wellington City,BOULCOTT ST,50,N, ,WILLIS ST,2213140,4/10/02,Fri,1515,MO,VS1E,102A 204A 371A 927 ,F,R,D,B ,F ,D,N,N,50,0,1,0,36,,1748577,5427666,-41.28878437,174.7743685
Wellington City,BOULCOTT ST,25,W, ,WILLIS ST,2252457,7/05/02,Tue,845,EA,TW1C,129A 386A 129B 386B ,M,R,D,O ,F , ,N,N,50,0,0,0,,,1748590,5427645,-41.28897105,174.7745289
Wellington City,BOWEN ST,70,E, ,BALLANTRAE PLACE,2254072,20/08/02,Tue,1320,DB,CE1CC,111A 132A ,M,M,D,B ,F , ,N,L,50,0,0,0,,,1748538,5428870,-41.27795137,174.7736094
Wellington City,BOWEN ST,, ,I,THE TERRACE,2211712,22/03/02,Fri,945,NB,SE1E,718B ,,E,D,B ,F ,T,T,C,50,0,1,1,,36,1748701,5428774,-41.27878571,174.7755782
Wellington City,BOWEN ST,200,E, ,TINAKORI ROAD,2211691,7/04/02,Sun,1310,EA,CW1CC,330A 507A ,M,R,W,O ,L , ,N,C,50,0,0,1,,,1748353,5428741,-41.27914683,174.7714328
Wellington City,BRAITHWAITE ST,, ,I,MESSINES ROAD,2255749,21/11/02,Thu,1513,LB,CW1C,303A 378B 832 ,,R,D,B ,F ,T,N,C,50,0,0,0,,,1746422,5428225,-41.28414511,174.7485098
Wellington City,BREAKER BAY ROAD,150,E, ,MOA POINT ROAD,2253670,31/07/02,Wed,1500,BC,CE1V,121A 402A ,,M,D,B ,F , ,N,C,50,0,0,0,,,1752483,5421637,-41.34233625,174.8225051
Wellington City,BREAKER BAY ROAD,1360,S, ,PASS OF BRANDA,2254107,4/07/02,Thu,1840,DB,CN1,111A 132A ,SZ,M,D,DO,F , ,N,C,50,0,0,0,,,1752667,5422215,-41.3370976,174.824558
Wellington City,BROADWAY,30,E, ,CRAWFORD GREEN,2255284,22/10/02,Tue,1535,CA,CW1,137A 507A 902 ,I,R,D,B ,F , ,N,R,50,0,0,0,,,1752045,5423553,-41.32516893,174.8167931
Wellington City,BROADWAY,50,W, ,HOBART ST,2256309,14/11/02,Thu,900,MA,CW1C,373B 839 ,,R,D,BF,F , ,N,C,50,0,0,0,,,1751582,5423541,-41.32536414,174.8112663
Wellington City,BROADWAY,, ,I,HOBART ST,2256203,24/12/02,Tue,1820,JA,CE1C,302B ,,R,D,OF,FS,T,G,R,50,0,0,0,,,1751632,5423541,-41.32535474,174.8118635
Wellington City,BROADWAY,15,E, ,IRA ST,2212012,21/03/02,Thu,918,EA,CE1CC,108A ,QM,R,W,O ,H , ,N,C,50,0,0,1,,,1752363,5423619,-41.32451469,174.8205745
Wellington City,BROADWAY,, ,I,MONORGAN ROAD,2211106,18/02/02,Mon,750,HA,XE1C,301A 377A ,,R,D,B ,F ,X,S,X,50,0,0,1,,,1752142,5423554,-41.32514163,174.8179513
Wellington City,BROADWAY,, ,I,STRATHMORE AVENUE,2255229,8/10/02,Tue,1830,HA,CW1C,302B ,,R,D,TF,F ,R,G,C,50,0,0,0,,,1752348,5423615,-41.32455353,174.8203964
Wellington City,BRODERICK ROAD,, ,I,BOULD ST,2253109,1/06/02,Sat,1430,LB,CW1C,303A ,,R,D,B ,F ,T,N,C,50,0,0,0,,,1751280,5434750,-41.22450262,174.8048765
Wellington City,BRODERICK ROAD,, ,I,DOCTOR TAYLOR TERRACE,2213451,18/12/02,Wed,845,LB,SE1C,158A 303B 377B ,,R,W,O ,F ,T,N,C,50,0,0,1,,34,1751135,5434773,-41.22432264,174.8031417
Wellington City,BRODERICK ROAD,, ,I,MOOREFIELD ROAD,2254194,7/08/02,Wed,1730,HA,CN2C,324A 691A ,,R,D,TF,F ,X,T,C,50,0,0,0,,,1751177,5434767,-41.22436882,174.8036441
Wellington City,BROOKLYN ROAD,70,S, ,NAIRN ST S,2252862,12/06/02,Wed,1015,MC,TS1C,372A ,,E,D,B ,F , ,N,R,50,0,0,0,,,1748148,5426216,-41.30191824,174.7696005
Wellington City,BROOKLYN ROAD,15,E, ,WASHINGTON AVENUE,2212022,17/04/02,Wed,1030,DB,KE1C,130A ,M,E,D,B ,F ,T,N,P,50,0,0,1,18,,1747887,5426144,-41.30261437,174.7665018
Wellington City,BROUGHAM ST,, ,I,ELLICE ST,2254150,24/08/02,Sat,1235,HA,CS2C,321A 335A ,,R,D,DO,F ,X,S,C,50,0,0,0,,,1749299,5426365,-41.3003646,174.7833061
Wellington City,BRUSSELS ST,, ,I,PARA ST,2256465,14/09/02,Sat,1600,DB,CN2V,137A ,M,R,D,B ,F ,X,G,C,50,0,0,0,,,1752415,5424736,-41.31444831,174.8209155
Wellington City,BUCKLEY ROAD,300,S, ,SOUTHGATE ROAD,2256303,24/11/02,Sun,330,DB,VS1,103A 131A ,H,E,D,DO,F , ,N,C,50,0,0,0,,,1749258,5422605,-41.33422485,174.7837396
Wellington City,BULLER ST,25,S, ,GHUZNEE ST,2256092,25/12/02,Wed,1805,EA,CN1C,401A ,M,E,D,O ,F , ,N,N,50,0,0,0,,,1748331,5427299,-41.29213388,174.7715215
Wellington City,BUNNY ST,, ,I,ACCESS ROAD,2253250,14/07/02,Sun,1945,JA,CE1X,302B ,,R,W,DO,F ,T,G,R,50,0,0,0,,,1749074,5428626,-41.28004945,174.7800662
Wellington City,BUNNY ST,, ,I,ACCESS ROAD,2252053,16/04/02,Tue,1515,EA,BE1X,124A 385A 446B 930 ,Q,R,D,B ,F ,D,N,R,50,0,0,0,,,1749027,5428663,-41.279725,174.7794962
Wellington City,BURMA ROAD,100,N, ,JOHN SIMS DRIVE,2252643,8/05/02,Wed,1530,NA,CS1E,112A 151A ,,R,D,B ,F , ,N,P,50,0,0,0,12,,1750692,5433590,-41.23505633,174.7981508
Wellington City,BURMA ROAD,250,N, ,JOHN SIMS DRIVE,2250844,13/02/02,Wed,1400,KA,CS1C,308A 375A 377A 930 ,P,R,W,O ,L ,D,N,P,50,0,0,0,,,1750699,5433739,-41.23371352,174.7981975
Wellington City,BURNHAM ST,, ,I,HECTOR ST,2211335,7/02/02,Thu,1450,HA,CW1C,309A ,,R,D,B ,F ,X,N,C,50,0,0,2,,,1753519,5423411,-41.32616806,174.8344332
Wellington City,BURY GROVE,, ,I,BOWES CRESCENT,2253884,8/09/02,Sun,1110,JA,CS1C,303B 375B ,,R,D,OF,F ,T,N,N,50,0,0,0,,,1752391,5422321,-41.3361955,174.8212344
Wellington City,CABLE ST,, ,I,CHAFFERS ST,2250041,12/03/02,Tue,1825,BB,CE1B,124A ,,R,D,TN,F ,X,T,C,50,0,0,0,,,1749353,5427308,-41.2918644,174.7837194
Wellington City,CABLE ST,, ,I,CHAFFERS ST,2252040,6/04/02,Sat,1150,FA,CE1C,135A 181A 801 ,,R,W,O ,HS,X,T,C,50,0,0,0,,,1749353,5427308,-41.2918644,174.7837194
Wellington City,CABLE ST,, ,I,CHAFFERS ST,2251304,5/03/02,Tue,2130,DB,CE1C,103A 133A ,M,R,D,DO,F ,X,T,N,50,0,0,0,,,1749353,5427308,-41.2918644,174.7837194
Wellington City,CABLE ST,, ,I,TORY ST,2252756,22/06/02,Sat,1620,KB,VE1C,302A 375B ,,R,D,B ,F ,T,G,N,50,0,0,0,,,1749241,5427357,-41.29144395,174.7823704
Wellington City,CAMBRIDGE TERRACE,30,S, ,ALPHA ST,2253844,2/08/02,Fri,1810,EE,SN1C,374B ,Q,R,D,DO,F , ,N,R,50,0,0,0,,24,1749286,5426934,-41.29524407,174.7830113
Wellington City,CAMBRIDGE TERRACE,, ,I,BUCKLE ST,2256055,16/11/02,Sat,530,DB,CE2,111A 351A ,J,R,W,O ,L ,T,N,X,50,0,0,0,,,1749051,5426475,-41.29942007,174.7803183
Wellington City,CAMBRIDGE TERRACE,15,N, ,COLLEGE ST,2253846,6/07/02,Sat,2150,EE,CN1C,353A 385A ,Q,R,D,DO,F , ,N,C,50,0,0,0,,,1749222,5426790,-41.2965524,174.7822826
Wellington City,CAMBRIDGE TERRACE,30,N, ,COURTENAY PLACE,2213340,8/12/02,Sun,100,NA,CN1E,711B 830 ,,R,W,DO,HS, ,N,C,50,0,0,1,33,,1749364,5427105,-41.29369006,174.7839005
Wellington City,CAMBRIDGE TERRACE,30,S, ,COURTENAY PLACE,2256608,16/12/02,Mon,1720,AC,BN1S,386A ,,R,D,B ,F , ,N,R,50,0,0,0,,28,1749339,5427050,-41.29418987,174.7836156
Wellington City,CAMBRIDGE TERRACE,50,S, ,COURTENAY PLACE,2211823,4/04/02,Thu,820,NA,XN1E,711B ,,R,D,B ,F , ,N,R,50,0,1,0,22,,1749331,5427032,-41.29435341,174.7835245
Wellington City,CAMBRIDGE TERRACE,, ,I,COURTENAY PLACE,2251979,27/04/02,Sat,1910,LB,VN1V,323A ,,R,D,DO,F ,X,T,R,50,0,0,0,,,1749351,5427078,-41.29393556,174.7837519
Wellington City,CAMBRIDGE TERRACE,, ,I,COURTENAY PLACE,2213482,13/11/02,Wed,1800,NB,CN1E,370A 710B ,,R,D,TN,F ,X,T,R,50,0,0,1,26,,1749351,5427078,-41.29393556,174.7837519
Wellington City,CAMBRIDGE TERRACE,, ,I,COURTENAY PLACE,2255746,30/11/02,Sat,1520,LB,CN1C,323A 840 ,,R,D,B ,F ,X,T,C,50,0,0,0,,,1749351,5427078,-41.29393556,174.7837519
Wellington City,CAMBRIDGE TERRACE,20,S, ,ELIZABETH ST,2254986,18/05/02,Sat,640,EA,TN1C,663A ,M,R,D,DO,F , ,N,C,50,0,0,0,,,1749260,5426875,-41.29578008,174.7827154
Wellington City,CAMBRIDGE TERRACE,, ,I,ELIZABETH ST,2253882,15/09/02,Sun,1354,FE,CN1CC,331A ,,R,D,B ,F ,X,T,R,50,0,0,0,,,1749269,5426894,-41.29560735,174.7828182
Wellington City,CAMBRIDGE TERRACE,, ,I,FIFESHIRE AVENUE,2252868,28/06/02,Fri,2211,HA,CN1C,300A 382A ,,R,D,DO,F ,X,N,X,50,0,0,0,,,1749158,5426648,-41.29784271,174.7815533
Wellington City,CAMBRIDGE TERRACE,, ,I,TENNYSON ST,2256080,22/11/02,Fri,1645,FD,CN1C,331A ,,R,D,B ,F ,T,N,C,50,0,0,0,,,1749276,5426909,-41.29547101,174.782898
Wellington City,CAMBRIDGE TERRACE,10,S, ,VIVIAN ST,2252429,12/05/02,Sun,2030,FD,CN1C,386A ,,R,D,DO,F ,X,T,C,50,0,0,0,,,1749193,5426725,-41.29714298,174.7819523
Wellington City,CAMBRIDGE TERRACE,15,S, ,VIVIAN ST,2255220,24/10/02,Thu,1206,EE,VN1C,374A 443B ,M,R,D,O ,F , ,N,R,50,0,0,0,,,1749191,5426720,-41.29718837,174.7819296
Wellington City,CAMBRIDGE TERRACE,30,S, ,VIVIAN ST,2213294,20/12/02,Fri,1450,NA,CN1EC,713B ,M,R,D,B ,F , ,N,C,50,0,0,1,22,,1749185,5426706,-41.29731552,174.7818614
Wellington City,CARDIGAN WAY,30,N, ,PEMBROKE ROAD,2254199,14/08/02,Wed,1300,BD,CW1C,370A 375A 818 831 929 ,,S,W,O ,H , ,N,N,50,0,0,0,,,1747525,5429601,-41.27155546,174.7613422
Wellington City,CARLTON GORE ROAD,50,W, ,MAIDA VALE ROAD,2250768,10/01/02,Thu,2300,DB,CS1CC,121A 358A ,MM,S,D,DO,F , ,N,C,50,0,0,0,,,1750828,5427716,-41.28791679,174.8012259
Wellington City,CECIL ROAD,100,E, ,RANGIMARIE WAY,2250599,13/01/02,Sun,204,BC,CE1V,103A 121A ,,M,W,DN,L , ,N,C,50,0,0,0,,,1748200,5430253,-41.26556161,174.769239
Wellington City,CECIL ROAD,50,S, ,STEPHEN ST,2254616,29/09/02,Sun,104,DB,CN1,133A 430A 801 ,C,M,W,DO,L , ,N,C,50,0,0,0,,,1753591,5440888,-41.16880488,174.8308939
Wellington City,CENTENNIAL NBD,50,S, ,SH 1N,2211791,18/03/02,Mon,1715,FF,CN1CVV,111A 181A 191B 331D ,,E,W,O ,F , ,N,R,80,0,0,1,,,1751899,5432701,-41.24283453,174.8127678
Wellington City,CENTENNIAL SBD,20,S, ,GLOVER ST,2256176,9/12/02,Mon,1945,DA,CS1,102A 133A ,GPS,M,D,TF,F , ,N,N,80,0,0,0,,,1751948,5432718,-41.24267227,174.8133481
Wellington City,CENTENNIAL SBD,, ,I,GLOVER ST,2250766,9/01/02,Wed,740,FB,VS1VC,181A ,,E,D,O ,F ,X,G,R,100,0,0,0,,,1751931,5432729,-41.24257643,174.8131426
Wellington City,CENTENNIAL SLIP ROAD,, ,I,HUTT ON NBD,2256531,5/11/02,Tue,1315,DB,CS1C,121A 131A 331A 632A ,,S,W,O ,LS,Y,N,C,100,0,0,0,,,1751997,5432223,-41.24711971,174.8140559
Wellington City,CHAYTOR ST,, ,I,BIRDWOOD ST,2253114,7/07/02,Sun,1245,FA,CS1CC,102A 181A ,,R,W,O ,L ,T,N,C,50,0,0,0,,,1746933,5427929,-41.28671733,174.7546806
Wellington City,CHAYTOR ST,150,E, ,KARORI ROAD,2212752,14/08/02,Wed,745,AF,CE1S,129A 381A ,,E,W,O ,F , ,N,C,50,0,0,1,,41,1746760,5428490,-41.28169779,174.7524804
Wellington City,CHAYTOR ST,, ,I,RAROA CRESCENT,2255351,17/10/02,Thu,800,JA,CN1C,301A ,,E,D,O ,F ,Y,S,C,50,0,0,0,,,1746887,5428152,-41.28471791,174.7540777
Wellington City,CHELMSFORD ST,50,S, ,MOTUEKA ST,2253274,3/07/02,Wed,1830,DA,CN1,501A ,ET,M,D,DO,F , ,N,C,50,0,0,0,,,1748474,5432233,-41.24768434,174.7720266
Wellington City,CHESTER ROAD,110,W, ,HAMPTON HILL ROAD,2256407,24/12/02,Tue,2340,DA,CN1,332A ,F,S,D,DN,FS, ,N,N,50,0,0,0,,,1752656,5441190,-41.16626244,174.8196784
Wellington City,CHESTER ROAD,20,N, ,WILFRED ST,2253223,25/07/02,Thu,2345,DB,CN1,103A 111A 801 ,CF,M,W,DN,M , ,N,N,50,0,0,0,,,1752656,5441097,-41.16709976,174.8197015
Wellington City,CHILDERS TERRACE,60,N, ,COUTTS ST,2213192,27/10/02,Sun,2120,BC,CS1C,111A 121A 337A ,,M,D,DO,F , ,N,C,50,0,0,1,,,1750110,5424231,-41.31942726,174.7935152
Wellington City,CHILDERS TERRACE,, ,I,COUTTS ST,2250546,4/01/02,Fri,2340,DA,CW2,111A ,,R,D,O ,F ,T,G,C,50,0,0,0,,,1750145,5424182,-41.31986191,174.7939453
Wellington City,CHILDERS TERRACE,, ,I,CRAWFORD ROAD,2251423,26/04/02,Fri,840,LB,CN1C,303A ,,E,D,OO,F ,X,S,C,50,0,0,0,,,1750110,5424432,-41.31761759,174.7934656
Wellington City,CHURCH ST,20,W, ,BOULCOTT ST,2252766,28/06/02,Fri,1800,MD,CE1C,371A 386B 926 ,,R,W,DO,L ,T,N,C,50,0,0,0,,,1748513,5427753,-41.28801285,174.7735834
Wellington City,CHURCHILL DRIVE,, ,I,BLACKBRIDGE ROAD,2254077,6/04/02,Sat,1630,JA,CS1C,302A 375A ,,E,D,O ,F ,T,G,P,50,0,0,0,,,1747702,5430570,-41.26279868,174.7632197
Wellington City,CHURCHILL DRIVE,20,S, ,CHARTWELL DRIVE,2255502,9/11/02,Sat,2111,DB,CN1,111A 131A ,E,M,W,DO,L , ,N,C,50,0,0,0,,,1747934,5431098,-41.25800237,174.7658599
Wellington City,CHURCHILL DRIVE,10,S, ,SILVERSTREAM ROAD,2212868,28/10/02,Mon,1415,FC,CS1CE,331A ,,E,D,O ,F ,T,N,X,50,0,0,1,61,,1747956,5431480,-41.25455899,174.7660297
Wellington City,CHURCHILL DRIVE,, ,I,SILVERSTREAM ROAD,2253789,1/08/02,Thu,910,KB,CW1C,303A 350A ,,M,D,B ,F ,Y,G,C,50,0,0,0,,,1747959,5431489,-41.25447741,174.7660633
Wellington City,CLEVELAND ST,, ,I,OHIRO ROAD,2211148,10/02/02,Sun,1250,LB,VN1M,303B 375B ,,R,D,B ,F ,X,T,C,50,0,1,0,,,1747614,5425844,-41.30536541,174.7633151
Wellington City,CLIFFORD ROAD,, ,I,SAVILLE ROW,2252485,12/05/02,Sun,1645,DB,CS1,129A ,CI,E,W,OF,L ,T,N,R,50,0,0,0,,,1751410,5435742,-41.21554693,174.806181
Wellington City,CLIFTON TERRACE,, ,I,CLIFTON ON NBD,2212517,17/06/02,Mon,1710,JA,MN1C,302A 375B 901 ,,R,W,DO,H ,Y,G,C,50,0,0,1,,,1748456,5428134,-41.28459301,174.7728101
Wellington City,CLUTHA AVENUE,30,S, ,NICHOLSON ROAD,2252418,28/05/02,Tue,2015,DB,CS1C,352A ,M,E,D,DO,F , ,N,C,50,0,0,0,,,1749939,5432182,-41.24787314,174.7895157
Wellington City,CLYDE ST,, ,I,AVON ST,2254855,27/09/02,Fri,1630,JA,CN1C,302A 377A 157B ,,R,D,B ,F ,X,G,C,50,0,0,0,,,1748521,5422700,-41.33350567,174.7749127
Wellington City,CLYDE ST,5,S, ,MERSEY ST,2211101,22/02/02,Fri,1715,MC,MS1C,372A ,,R,D,O ,F ,X,S,C,50,0,0,1,,,1748431,5422248,-41.33759178,174.7739481
Wellington City,CLYDE ST,, ,I,MERSEY ST,2251427,1/03/02,Fri,1730,HA,CN1C,301A ,,R,W,TF,L ,X,S,C,50,0,0,0,,,1748433,5422253,-41.3375464,174.7739708
Wellington City,CLYDE ST,, ,I,TAMAR ST,2252484,31/05/02,Fri,2020,CB,CN1,103A 358A ,H,R,D,DO,F ,T,N,N,50,0,0,0,,,1748547,5422936,-41.33137608,174.7751656
Wellington City,COBHAM DRIVE,15,S, ,MIRAMAR AVENUE,2251617,22/03/02,Fri,820,MO,CW1V,386A 514A ,M,R,D,O ,F , ,N,P,50,0,0,0,,,1751622,5424737,-41.31458877,174.8114458
Wellington City,COBHAM DRIVE,60,S, ,MIRAMAR AVENUE,2212885,23/10/02,Wed,1755,FD,CS1CC,331A 359A ,,R,D,B ,F , ,N,P,50,0,0,1,,,1751583,5424734,-41.31462311,174.8109808
Wellington City,COBHAM DRIVE,40,N, ,SH 1N CALABAR,2252666,7/06/02,Fri,855,FD,CS1CCC,358A ,,E,D,B ,F , ,N,P,70,0,0,0,,,1751471,5424561,-41.31620171,174.8096865
Wellington City,COCKAYNE ROAD,, ,I,CLUTHA AVENUE,2254262,19/07/02,Fri,1920,LB,CS1V,303A 387B ,,E,D,TO,F ,T,S,C,50,0,0,0,,,1749723,5432137,-41.24831833,174.78695
Wellington City,COLLEGE ST,80,E, ,TORY ST,2252903,24/06/02,Mon,1240,EO,VN1M,386A 929 ,Q,R,D,BF,F ,D,N,C,50,0,0,0,,,1749087,5426836,-41.29616319,174.7806596
Wellington City,COLLINS AVENUE,, ,I,RANGATIRA ROAD,2255264,6/10/02,Sun,1300,GA,CE1C,181A 387A 122B ,,R,D,B ,F ,T,N,N,50,0,0,0,,,1754204,5441885,-41.15971218,174.8379468
Wellington City,CONSTABLE ST,50,W, ,ALEXANDRA ROAD,2212504,12/08/02,Mon,1230,EE,CE1V,374A ,M,R,D,B ,F , ,N,C,50,0,0,1,,,1749629,5424993,-41.3126561,174.7875834
Wellington City,CONSTABLE ST,, ,I,COROMANDEL ST,2253108,3/06/02,Mon,1050,GE,CE1C,160A 387A ,,R,D,ON,F ,X,S,X,50,0,0,0,,,1749537,5424997,-41.31263714,174.7864838
Wellington City,CONSTABLE ST,50,W, ,DANIELL ST,2252531,23/05/02,Thu,1245,KA,CW1C,308A 923 ,,R,W,O ,F ,D,N,C,50,0,0,0,,,1749144,5424918,-41.31342117,174.7818103
Wellington City,CONSTABLE ST,, ,I,DANIELL ST,2252385,26/04/02,Fri,1800,HA,CN2C,322A 334B ,,R,W,DO,H ,X,T,C,50,0,0,0,,,1749193,5424928,-41.31332208,174.7823929
Wellington City,CONSTABLE ST,, ,I,DANIELL ST,2256204,31/12/02,Tue,2000,HA,CN2C,322B ,,R,D,B ,F ,X,T,C,50,0,0,0,,,1749193,5424928,-41.31332208,174.7823929
Wellington City,CONSTABLE ST,, ,I,DANIELL ST,2252764,30/06/02,Sun,155,LB,XW1X,303A ,,R,W,DO,L ,X,T,C,50,0,0,0,,,1749193,5424928,-41.31332208,174.7823929
Wellington City,CONSTABLE ST,, ,I,OWEN ST,2250777,20/01/02,Sun,130,JA,XW1C,301A 375A ,,R,D,DO,F ,X,S,C,50,0,0,0,,,1749365,5424965,-41.31295712,174.7844378
Wellington City,CONSTABLE ST,, ,I,OWEN ST,2211711,5/03/02,Tue,900,HA,CE1C,301A 377B ,,R,D,O ,F ,X,S,C,50,0,0,2,,,1749365,5424965,-41.31295712,174.7844378
Wellington City,CONSTABLE ST,, ,I,OWEN ST,2250161,17/01/02,Thu,2000,GE,CW1C,377A 691A 372B ,,R,D,O ,F ,X,S,C,50,0,0,0,,,1749365,5424965,-41.31295712,174.7844378
Wellington City,COURTENAY PLACE,5,W, ,ALLEN ST,2254824,6/10/02,Sun,1130,FC,VE1C,,,R,W,O ,F ,T,N,X,50,0,0,0,,,1749214,5427106,-41.2937088,174.7821096
Wellington City,COURTENAY PLACE,20,W, ,ALLEN ST,2255279,26/10/02,Sat,315,FA,CE1X,181A 331A ,,R,D,DO,F ,T,N,C,50,0,0,0,,,1749229,5427103,-41.29373303,174.7822894
Wellington City,COURTENAY PLACE,20,E, ,BLAIR ST,2254184,22/08/02,Thu,1430,AC,CE1C,330A ,,R,D,B ,F , ,N,C,50,0,0,0,,,1749301,5427088,-41.29385477,174.7831526
Wellington City,COURTENAY PLACE,, ,I,BLAIR ST,2212641,24/08/02,Sat,1240,NA,CE1E,306A 353A 711B ,,R,W,O ,L ,T,N,X,50,0,0,1,29,,1749281,5427092,-41.29382246,174.7829129
Wellington City,COURTENAY PLACE,, ,I,BLAIR ST,2252480,11/05/02,Sat,1230,MA,CE1C,373A 446B ,,R,D,O ,F ,T,N,C,50,0,0,0,,,1749281,5427092,-41.29382246,174.7829129
Wellington City,COURTENAY PLACE,, ,I,BLAIR ST,2256056,15/11/02,Fri,2145,FC,CE1C,331A ,,R,D,DO,F ,T,N,X,50,0,0,0,,,1749281,5427092,-41.29382246,174.7829129
Wellington City,COURTENAY PLACE,, ,I,CAMBRIDGE TERRACE,2250410,21/02/02,Thu,1610,GO,BE1C,158A ,,E,D,B ,F ,X,T,R,50,0,0,0,,,1749351,5427078,-41.29393556,174.7837519
Wellington City,COURTENAY PLACE,, ,I,CAMBRIDGE TERRACE,2252210,4/05/02,Sat,1405,LB,VN2CX,303A 323C ,FIM,R,D,B ,F ,X,T,R,50,0,0,0,,,1749351,5427078,-41.29393556,174.7837519
Wellington City,COURTENAY PLACE,15,E, ,TARANAKI ST,2212891,20/10/02,Sun,150,NB,CE1E,105B 710B 720B ,,R,D,DO,F , ,N,R,50,0,0,1,21,,1748961,5427239,-41.29255807,174.7790568
Wellington City,COURTENAY PLACE,, ,I,TARANAKI ST,2254662,14/09/02,Sat,450,CA,CW1,322A 357A ,IS,R,D,DO,F ,X,T,R,50,0,0,0,,,1748949,5427248,-41.29247926,174.7789113
Wellington City,COURTENAY PLACE,15,E, ,TORY ST,2254666,7/09/02,Sat,420,EE,XW1C,385A 440B ,Q,R,D,DO,F , ,N,C,50,0,0,0,,,1749150,5427133,-41.29347753,174.781339
Wellington City,COURTENAY PLACE,100,W, ,TORY ST,2252446,25/05/02,Sat,220,CB,CW1C,102A 137A 410A ,JM,R,D,DO,F , ,N,X,50,0,0,0,,,1749044,5427179,-41.29308296,174.7800623
Wellington City,COURTENAY PLACE,, ,I,TORY ST,2212523,6/06/02,Thu,1905,LB,SW1C,303B 375B ,,R,D,DO,F ,X,T,R,50,0,0,1,,26,1749136,5427139,-41.2934261,174.7811704
Wellington City,COURTENAY PLACE,, ,I,TORY ST,2256276,16/11/02,Sat,2255,LB,CW1C,303B 385B ,,R,D,DO,F ,X,T,R,50,0,0,0,,,1749136,5427139,-41.2934261,174.7811704
Wellington City,COURTENAY PLACE,, ,I,TORY ST,2255877,11/11/02,Mon,1000,LB,XW1V,303A ,,R,D,B ,F ,X,T,R,50,0,0,0,,,1749136,5427139,-41.2934261,174.7811704
Wellington City,COURTENAY PLACE,, ,I,TORY ST,2252623,16/04/02,Tue,1715,AG,4W1B,159A 173A ,,R,D,TO,F ,X,T,R,50,0,0,0,,,1749136,5427139,-41.2934261,174.7811704
Wellington City,COUTTS ST,, ,I,BAY ROAD,2254972,18/08/02,Sun,1638,DB,CE1,111A 122A 402A ,P,R,D,O ,F ,T,N,C,50,0,0,0,,,1750178,5424175,-41.31991878,174.7943411
Wellington City,COUTTS ST,90,E, ,BRIDGE ST,2250385,29/01/02,Tue,20,DC,CE1,103A 133A 517A ,F,M,D,DO,F , ,N,N,50,0,0,0,,,1751128,5423660,-41.32437798,174.8058144
Wellington City,COUTTS ST,, ,I,ROSS ST,2250910,10/02/02,Sun,1730,LB,VW1V,303A ,,R,D,O ,F ,X,G,C,50,0,0,0,,,1750478,5424094,-41.32059213,174.7979439
Wellington City,COUTTS ST,30,E, ,TIRANGI ROAD,2250709,13/02/02,Wed,1545,EA,CN1C,102A 501A ,M,R,D,B ,F , ,N,C,50,0,0,0,,,1750993,5423752,-41.32357498,174.8041792
Wellington City,CRAWFORD ROAD,15,E, ,DUNCAN TERRACE,2251988,20/03/02,Wed,804,BF,VN1T,132A 801 ,,S,W,O ,H , ,N,C,50,0,0,0,,,1749956,5424633,-41.31583657,174.7915769
Wellington City,CRAWFORD ROAD,20,E, ,DUNCAN TERRACE,2253791,27/07/02,Sat,930,FC,VS1C,181A 331A 801 ,,M,W,O ,L , ,N,X,50,0,0,0,,,1749961,5424634,-41.31582664,174.7916364
Wellington City,CRAWFORD ROAD,20,E, ,DUNCAN TERRACE,2250326,5/02/02,Tue,1020,DB,CS1,135A 901 ,P,M,W,O ,H , ,N,C,50,0,0,0,,,1749961,5424634,-41.31582664,174.7916364
Wellington City,CRAWFORD ROAD,5,S, ,DUNCAN TERRACE,2250905,26/02/02,Tue,1645,FC,VN1C,331A ,,M,D,B ,F ,T,N,X,50,0,0,0,,,1749946,5424632,-41.31584744,174.7914577
Wellington City,CRAWFORD ROAD,, ,I,DUNCAN TERRACE,2251305,3/03/02,Sun,1355,GA,CW1C,331A ,,E,D,B ,F ,T,G,C,50,0,0,0,,,1749941,5424631,-41.31585737,174.7913983
Wellington City,CRAWFORD ROAD,, ,I,DUNCAN TERRACE,2251068,20/03/02,Wed,730,DB,CE1,137A ,F,M,W,O ,H ,T,N,C,50,0,0,0,,,1749941,5424631,-41.31585737,174.7913983
Wellington City,CRAWFORD ROAD,30,S, ,NAUGHTON TERRACE,2256199,7/12/02,Sat,1800,DA,CS1,111A 132A ,EFP,M,W,O ,L , ,N,C,50,0,0,0,,,1750038,5424586,-41.31624448,174.7925677
Wellington City,CRAWFORD ROAD,, ,I,NAUGHTON TERRACE,2253886,25/07/02,Thu,1515,GB,CS1C,111A 132A 158A ,,E,D,O ,FS,T,N,P,50,0,0,0,,,1750021,5424611,-41.31602256,174.7923586
Wellington City,CRAWFORD ROAD,50,N, ,RONGOTAI ROAD,2250544,15/01/02,Tue,938,DA,CS1CC,414A ,MM,E,W,O ,L , ,N,C,50,0,0,0,,,1750104,5424482,-41.31716854,174.7933816
Wellington City,CRAWFORD ROAD,150,N, ,RONGOTAI ROAD,2251620,31/03/02,Sun,2145,DB,CN1C,136A 632A ,M,E,W,DO,F , ,N,C,50,0,0,0,,,1750056,5424564,-41.3164392,174.7927881