TLA NAME,CRASH ROAD,CRASH DIST,CRASH DIRN,INTSN,SIDE ROAD,CRASH ID,CRASH DATE,CRASH DOW,CRASH TIME,MVMT,VEHICLES,CAUSES,OBJECTS STRUCK,ROAD CURVE,ROAD WET,LIGHT,WTHRa,JUNC TYPE,TRAF CTRL,ROAD MARK,SPD LIM,CRASH FATAL CNT,CRASH SEV CNT,CRASH MIN CNT,PERS AGE1,PERS AGE2,EASTING,NORTHING,latitude,longitude
Wellington City,CRAWFORD ROAD,100,W, ,RONGOTAI ROAD,2211499,11/02/02,Mon,2030,DA,CE1,132A 801 ,EFT,M,W,DO,L , ,N,C,50,0,0,1,,,1750091,5424528,-41.31675681,174.793215
Wellington City,CRAWFORD ROAD,, ,I,WELLINGTON ROAD,2256277,17/12/02,Tue,940,FB,CN1C,181A 331A ,,E,D,OF,F ,R,G,R,50,0,0,0,,,1749780,5424928,-41.31321329,174.7894025
Wellington City,CRAWFORD ROAD,, ,I,WELLINGTON ROAD,2252402,6/04/02,Sat,1645,JA,CS1C,302A ,,E,D,O ,F ,T,G,C,50,0,0,0,,,1749784,5424941,-41.3130955,174.7894471
Wellington City,CROYDON ST,50,N, ,VERSAILLES ST,2254186,28/08/02,Wed,1545,BB,BS1C,123A ,,M,D,O ,F , ,N,C,50,0,0,0,,,1746310,5427405,-41.29154835,174.74737
Wellington City,CUBA ST,, ,I,GARRETT ST,2253742,12/06/02,Wed,1715,MG,CS1C,371A ,,R,D,TO,F ,T,N,N,50,0,0,0,,,1748655,5427108,-41.29379394,174.7754359
Wellington City,CUBA ST,20,S, ,GHUZNEE ST,2253163,8/07/02,Mon,1015,MO,CN1CC,427A ,MM,R,D,B ,F , ,N,C,50,0,0,0,,,1748673,5427148,-41.29343048,174.775641
Wellington City,CUBA ST,, ,I,MANNERS ST,2255039,26/09/02,Thu,1220,EA,BS1TV,194A 350A 446B ,M,E,D,O ,F ,X,T,N,50,0,0,0,,,1748782,5427388,-41.29124957,174.7768835
Wellington City,CURTIS ST,200,N, ,RANDWICK ROAD,2252386,26/04/02,Fri,720,EA,CN1CV,129A 370A 904 ,MM,E,W,O ,M , ,N,L,50,0,0,0,,,1747031,5428925,-41.27773194,174.75561
Wellington City,CURTIS ST,300,S, ,RANDWICK ROAD,2250763,23/01/02,Wed,650,FO,CS1C,191A 818 ,,E,D,O ,M , ,N,C,50,0,0,0,,,1746864,5428490,-41.28167889,174.7537217
Wellington City,CURTIS ST,30,S, ,WHITEHEAD ROAD,2212625,17/07/02,Wed,1750,CB,CN1C,111A 137A ,M,E,W,DO,H , ,N,C,50,0,0,1,,,1746897,5428652,-41.2802143,174.7540765
Wellington City,CUSTOMHOUSE QUAY,, ,I,GREY ST,2212119,17/05/02,Fri,1510,GB,SW1C,158A ,,R,D,O ,F ,X,G,N,50,0,0,1,,32,1748812,5428088,-41.28494163,174.7770706
Wellington City,CUSTOMHOUSE QUAY,, ,I,HUNTER ST,2254271,24/07/02,Wed,2120,HA,CE2V,322A 801 ,,R,W,DO,L ,X,T,C,50,0,0,0,,,1748781,5428015,-41.2856046,174.7767184
Wellington City,CUSTOMHOUSE QUAY,20,N, ,JOHNSTON ST,2250258,9/01/02,Wed,1330,AA,CN1X,372A ,,R,W,O ,L , ,N,R,50,0,0,0,,,1748914,5428297,-41.28304111,174.778237
Wellington City,CUSTOMHOUSE QUAY,50,S, ,JOHNSTON ST,2212409,25/07/02,Thu,836,EE,SN1V,158A 374B ,Q,R,D,B ,F , ,N,C,50,0,0,1,,22,1748885,5428233,-41.28362267,174.7779065
Wellington City,CUSTOMHOUSE QUAY,, ,I,JOHNSTON ST,2254183,28/06/02,Fri,1600,KB,VS1CC,322A ,S,R,D,O ,F ,T,T,R,50,0,0,0,,,1748906,5428279,-41.28320464,174.7781459
Wellington City,CUSTOMHOUSE QUAY,, ,I,JOHNSTON ST,2251421,21/03/02,Thu,1650,FE,CN1C,181A ,,R,D,B ,F ,T,N,C,50,0,0,0,,,1748906,5428279,-41.28320464,174.7781459
Wellington City,CUSTOMHOUSE QUAY,, ,I,JOHNSTON ST,2250867,5/02/02,Tue,1906,JA,CN1C,324A ,,R,W,TF,H ,T,T,C,50,0,0,0,,,1748906,5428279,-41.28320464,174.7781459
Wellington City,CUSTOMHOUSE QUAY,, ,I,JOHNSTON ST,2212565,20/06/02,Thu,1540,JA,CN1C,322A ,,R,W,TF,L ,T,T,C,50,0,1,0,,,1748906,5428279,-41.28320464,174.7781459
Wellington City,CUSTOMHOUSE QUAY,30,N, ,LAMBTON QUAY,2253879,11/09/02,Wed,1043,EE,TN1C,374A ,M,R,D,B ,F , ,N,C,50,0,0,0,,,1748752,5427950,-41.28619516,174.7763881
Wellington City,CUSTOMHOUSE QUAY,10,N, ,WARING TAYLOR ST,2253825,22/07/02,Mon,715,CB,CN1,504A ,H,R,D,O ,F ,T,N,R,50,0,0,0,,,1748937,5428351,-41.28255068,174.7784983
Wellington City,DANIELL ST,20,N, ,DONALD MCLEAN ST,2254071,10/08/02,Sat,2135,BA,VN1V,103A 129A ,,R,D,DO,F , ,N,C,50,0,0,0,,,1749231,5424743,-41.31498067,174.7828921
Wellington City,DANIELL ST,, ,I,PRINCESS ST,2211829,2/04/02,Tue,2021,LB,SN1CC,602A 303B ,M,R,D,DO,F ,T,N,C,50,0,0,1,,36,1749273,5424543,-41.31677357,174.7834428
Wellington City,DANIELL ST,, ,I,WILSON ST,2252245,23/04/02,Tue,920,JA,CN1C,302A ,,R,D,O ,F ,X,G,C,50,0,0,0,,,1749178,5425002,-41.3126586,174.7821957
Wellington City,DARLINGTON ROAD,10,N, ,CAMPERDOWN ROAD,2254791,1/09/02,Sun,2120,DB,CN1CC,133A 359A 423A ,MM,R,D,DO,F ,T,G,C,50,0,0,0,,,1752851,5425580,-41.30676713,174.8259098
Wellington City,DARLINGTON ROAD,, ,I,CAMPERDOWN ROAD,2212410,9/07/02,Tue,945,LB,CS1C,303B ,,R,D,B ,F ,X,G,C,50,0,1,2,,,1752850,5425570,-41.30685735,174.8259004
Wellington City,DAVIDSON CRESCENT,, ,I,LEADLEY LANE,2251125,19/03/02,Tue,1750,EA,CN1C,132A 431A ,M,R,D,TF,F ,T,N,C,50,0,0,0,,,1753219,5441553,-41.16288801,174.8262954
Wellington City,DAWSON ST,40,E, ,ADELAIDE ROAD,2256121,27/10/02,Sun,1515,MO,CE1C,371A ,M,R,D,B ,F , ,N,N,50,0,0,0,,,1748604,5423847,-41.32316349,174.7756237
Wellington City,DEKKA ST,, ,I,NICHOLSON ROAD,2251978,5/05/02,Sun,1100,HA,CN1C,302A ,,R,D,B ,F ,X,G,C,50,0,0,0,,,1749962,5432190,-41.24779685,174.7897881
Wellington City,DEVON ST,, ,I,FAIRLIE TERRACE,2211009,12/01/02,Sat,1557,MG,XS2C,112A 132A ,,R,W,O ,H ,T,N,N,50,0,0,1,,,1747852,5427145,-41.2936083,174.7658408
Wellington City,DIXON ST,, ,I,CHRISTESON LANE,2253174,3/07/02,Wed,1320,MO,TS2,386A ,H,R,D,O ,F ,T,N,N,50,0,0,0,,,1748683,5427366,-41.29146589,174.7757071
Wellington City,DIXON ST,20,E, ,CUBA ST,2213273,12/11/02,Tue,1820,NA,CW1E,377A 713B ,,R,D,O ,F , ,N,C,50,0,0,1,25,,1748775,5427325,-41.29181808,174.7768154
Wellington City,DIXON ST,, ,I,CUBA ST,2211994,11/05/02,Sat,2000,NB,CW1E,105B ,,R,D,DO,F ,X,T,C,50,0,0,1,28,,1748757,5427333,-41.29174937,174.7765985
Wellington City,DIXON ST,40,W, ,TARANAKI ST,2212109,3/05/02,Fri,2330,NA,BW1E,105B 712B 713B ,,R,D,DO,F , ,N,N,50,0,1,1,15,,1748912,5427264,-41.29234203,174.7784657
Wellington City,DIXON ST,20,E, ,VICTORIA ST,2252021,1/05/02,Wed,1820,MA,XW1B,373A ,,R,D,DO,F , ,N,C,50,0,0,0,,,1748661,5427377,-41.2913709,174.7754418
Wellington City,DIXON ST,50,E, ,VICTORIA ST,2212683,23/06/02,Sun,1150,CB,BW1CC,501A ,MJM,R,D,B ,F , ,N,C,50,0,0,2,,,1748688,5427364,-41.29148298,174.7757673
Wellington City,DIXON ST,100,E, ,VICTORIA ST,2250994,4/02/02,Mon,1245,AO,TW1C,386A ,Q,R,D,B ,F , ,N,N,50,0,0,0,,,1748734,5427344,-41.29165457,174.7763213
Wellington City,DIXON ST,, ,I,VICTORIA ST,2250603,5/01/02,Sat,1845,DA,CW1,111A ,F,R,D,B ,F ,X,T,C,50,0,0,0,,,1748643,5427385,-41.29130219,174.775225
Wellington City,DIXON ST,, ,I,WILLIS ST,2252483,26/05/02,Sun,1140,HA,CN1T,,,R,D,B ,F ,X,S,C,50,0,0,0,,,1748520,5427439,-41.29083864,174.7737435
Wellington City,DOWNING ST,400,N, ,CHARTWELL DRIVE,2254793,29/09/02,Sun,1035,LB,VS1C,359A 303B 929 ,,E,W,O ,H ,D,N,N,50,0,0,0,,,1747605,5431077,-41.2582516,174.7619396
Wellington City,DRUMMOND ST,20,W, ,ADELAIDE ROAD,2254167,12/08/02,Mon,1020,JA,CE1C,308A 375B 839 930 ,,R,D,O ,F ,D,N,N,50,0,0,0,,,1748873,5425849,-41.30508907,174.7783463
Wellington City,DUNCAN ST,60,S, ,MCLELLAN ST,2212458,29/07/02,Mon,1830,NB,CS1E,713B 724B ,,R,D,DO,F , ,N,C,50,0,0,1,14,,1753627,5441510,-41.16319796,174.8311669
Wellington City,DUNCAN ST,200,S, ,MCLELLAN ST,2253535,26/07/02,Fri,1906,AD,CN1CC,112A 133A 137B ,FQ,R,W,DO,F , ,N,C,50,0,0,0,,,1753574,5441381,-41.16436943,174.8305678
Wellington City,DUNCAN ST,, ,I,MCLELLAN ST,2250275,13/02/02,Wed,1114,HA,CW2C,302A ,,R,W,O ,HS,X,G,C,50,0,0,0,,,1753645,5441567,-41.16268136,174.8313671
Wellington City,DUNCAN ST,110,S, ,STEPHEN ST,2213453,9/12/02,Mon,1815,NA,CS1E,383A 503A 717B ,,R,D,B ,F , ,N,X,50,0,0,1,12,,1753437,5440842,-41.16924819,174.8290706
Wellington City,EDEN ST,, ,I,SEINE ST,2256346,5/12/02,Thu,1545,LB,CN1C,303B ,,R,D,B ,F ,T,N,C,50,0,0,0,,,1748318,5423058,-41.33031984,174.7724005
Wellington City,EDGECOMBE ST,, ,I,GLANMIRE ROAD,2255105,10/08/02,Sat,1010,MG,CS1C,371A 384B ,,E,D,B ,F ,T,N,N,50,0,0,0,,,1752960,5434185,-41.22927364,174.8250519
Wellington City,EDWARD ST,20,N, ,VICTORIA ST,2255062,21/09/02,Sat,830,EA,TE1C,129A ,M,R,D,B ,F , ,N,N,50,0,0,0,,,1748652,5427432,-41.29087737,174.7753209
Wellington City,EGMONT ST,10,S, ,DIXON ST,2250571,18/01/02,Fri,1800,EE,XN1C,374A ,Q,R,D,B ,F ,T,N,N,50,0,0,0,,,1748870,5427272,-41.29227775,174.7779624
Wellington City,ELLICE ST,, ,I,BROUGHAM ST,2250577,14/01/02,Mon,1730,HA,CW1C,321A 841 ,,R,W,O ,L ,X,S,C,50,0,0,0,,,1749299,5426365,-41.3003646,174.7833061
Wellington City,EVANS BAY PARADE,, ,I,BAY ROAD,2256202,7/12/02,Sat,1645,FE,CN1CTC,181A ,,E,W,OF,L ,X,T,P,50,0,0,0,,,1750266,5424487,-41.31709336,174.7953149
Wellington City,EVANS BAY PARADE,, ,I,BELVEDERE ROAD,2250597,22/01/02,Tue,1740,GB,VN1C,158A 387A ,,E,D,B ,F ,Y,S,C,50,0,0,0,,,1750556,5425521,-41.30772986,174.7985221
Wellington City,EVANS BAY PARADE,, ,I,KEMP ST,2250338,18/01/02,Fri,1300,JA,CS1C,309A ,,R,D,B ,F ,T,N,P,50,0,0,0,,,1750280,5424668,-41.31546115,174.7954374
Wellington City,EVANS BAY PARADE,60,N, ,KIO ROAD,2213314,26/10/02,Sat,1620,BC,CS1CC,121A 501A ,,M,D,B ,F , ,N,C,50,0,2,4,,,1751072,5426691,-41.29709956,174.8043928
Wellington City,EVANS BAY PARADE,150,N, ,MAIDA VALE ROAD,2254513,17/09/02,Tue,1510,DA,CS1,111A 402A ,,M,W,B ,FS, ,N,C,50,0,0,0,,,1750945,5427283,-41.29179336,174.8027298
Wellington City,EVANS BAY PARADE,200,N, ,MAIDA VALE ROAD,2255820,29/08/02,Thu,2049,DA,CN1C,111A 131A ,M,M,D,DO,F , ,N,C,50,0,0,0,,,1750979,5427314,-41.2915079,174.803128
Wellington City,EVANS BAY PARADE,250,N, ,RATA ROAD,2213064,1/09/02,Sun,320,DA,CS1,103A 133A ,F,E,D,DO,F , ,N,C,50,0,0,1,,,1750891,5425889,-41.30435406,174.8024308
Wellington City,EVANS BAY PARADE,300,N, ,RATA ROAD,2255113,28/10/02,Mon,30,DA,CS1,111A ,F,M,D,DO,F , ,N,C,50,0,0,0,,,1750932,5425915,-41.30411231,174.8029139
Wellington City,EVANS BAY PARADE,300,N, ,RATA ROAD,2256521,23/11/02,Sat,645,DA,CS1,103A ,G,M,D,B ,F , ,N,C,50,0,0,0,,,1750932,5425915,-41.30411231,174.8029139
Wellington City,EVANS BAY PARADE,, ,I,RATA ROAD,2212626,6/08/02,Tue,1839,FB,CE1C,113A 387A ,,E,W,DO,L ,Y,G,C,50,0,0,1,,,1750709,5425784,-41.30533343,174.8002838
Wellington City,EVANS BAY PARADE,50,N, ,WELLINGTON ROAD,2250923,27/02/02,Wed,1130,MA,VN1C,373B ,F,R,D,B ,F , ,N,C,50,0,0,0,,,1750325,5425056,-41.31195948,174.7958788
Wellington City,EVANS BAY PARADE,250,N, ,WELLINGTON ROAD,2212648,10/08/02,Sat,745,EA,CS1C,129A 358A ,M,E,D,B ,F , ,N,C,50,0,0,1,,,1750475,5425184,-41.31077909,174.7976383
Wellington City,FEATHERSTON ST,15,S, ,BALLANCE ST,2212749,13/08/02,Tue,800,NG,CS1E,386A 715B ,,R,W,O ,L , ,N,C,50,0,0,1,32,,1748881,5428430,-41.28184973,174.7778106
Wellington City,FEATHERSTON ST,, ,I,BRANDON ST,2255678,7/11/02,Thu,1615,EO,VS1X,512A ,Q,R,D,B ,F ,X,T,C,50,0,0,0,,,1748799,5428249,-41.28349447,174.7768761
Wellington City,FEATHERSTON ST,, ,I,BUNNY ST,2251075,15/03/02,Fri,858,FE,VS1C,331A 353A ,,R,D,B ,F ,X,T,R,50,0,0,0,,,1748998,5428685,-41.27953227,174.7791447
Wellington City,FEATHERSTON ST,30,N, ,GREY ST,2254658,27/09/02,Fri,1400,MA,CS1V,373A ,,R,D,B ,F , ,N,C,50,0,0,0,,,1748753,5428148,-41.2844123,174.7763517
Wellington City,FEATHERSTON ST,, ,I,PANAMA ST,2213048,13/08/02,Tue,1115,NF,XS2E,307A 353A ,,R,W,O ,F ,X,T,C,50,0,0,1,41,,1748770,5428185,-41.28407604,174.7765456
Wellington City,FEATHERSTON ST,, ,I,WHITMORE ST,2213625,29/12/02,Sun,640,FE,VS1C,331A ,,R,D,B ,F ,X,T,C,50,0,0,1,,,1748923,5428522,-41.28101367,174.7782894
Wellington City,FEATHERSTON ST,, ,I,WHITMORE ST,2253141,12/07/02,Fri,1644,HA,CW1C,334A ,,R,D,O ,F ,X,T,R,50,0,0,0,,,1748923,5428522,-41.28101367,174.7782894
Wellington City,FERRY TERMINAL ACCESS ROA,, ,I,AOTEA QUAY,2253853,21/09/02,Sat,1730,FB,CS1C,331A ,,E,D,TF,F ,Y,G,N,50,0,0,0,,,1749545,5430179,-41.26598004,174.7853066
Wellington City,FLORENCE ST,30,S, ,GORDON ST,2250610,11/01/02,Fri,1230,MO,CE1C,371A 930 ,M,R,D,B ,F ,D,N,C,50,0,0,0,,,1748925,5424612,-41.31621668,174.77927
Wellington City,FLORENCE ST,50,S, ,GORDON ST,2256625,21/07/02,Sun,2105,MO,CN1C,505A 514A ,,R,D,DO,F , ,N,N,50,0,0,0,,,1748923,5424592,-41.31639711,174.7792511
Wellington City,FRASER AVENUE,, ,I,CORLETT ST,2253885,11/09/02,Wed,715,JO,VN1V,124A ,,E,D,O ,F ,M,G,P,50,0,0,0,,,1751476,5434504,-41.22668079,174.8072749
Wellington City,FRASER AVENUE,, ,I,HAUMIA ST,2253164,13/07/02,Sat,1330,LB,CN1C,303A 375B 832 ,,R,W,O ,L ,X,S,L,50,0,0,0,,,1751177,5434025,-41.23104935,174.8038277
Wellington City,FRASER AVENUE,, ,I,HAUMIA ST,2254622,9/09/02,Mon,1528,LB,CN1C,303B 352B 375B 832 ,,R,D,B ,F ,X,S,C,50,0,0,0,,,1751177,5434025,-41.23104935,174.8038277
Wellington City,FRASER AVENUE,, ,I,HAUMIA ST,2212898,11/10/02,Fri,846,LB,CN1C,375B 832 ,,R,D,B ,F ,X,G,C,50,0,0,1,,,1751177,5434025,-41.23104935,174.8038277
Wellington City,FRASER AVENUE,, ,I,HAUMIA ST,2250034,21/01/02,Mon,1400,HA,CE1C,301A ,,E,D,B ,F ,X,S,C,50,0,0,0,,,1751177,5434025,-41.23104935,174.8038277
Wellington City,FRASER AVENUE,30,S, ,JOHNSONVILLE ROAD,2253794,25/07/02,Thu,1835,QD,CN1C,428A ,,E,D,DO,F , ,N,C,50,0,0,0,,,1751468,5434475,-41.22694339,174.8071866
Wellington City,FRASER AVENUE,, ,I,RADNALL WAY,2256172,11/12/02,Wed,830,JA,CN1C,309B ,,M,D,OF,F ,T,N,C,50,0,0,0,,,1751223,5434140,-41.23000536,174.8043478
Wellington City,FREYBERG ST,200,N, ,WHA ST,2212971,27/09/02,Fri,1722,NB,CN1E,713B ,,R,D,B ,F , ,N,R,50,0,1,0,6,,1750099,5423727,-41.32396698,174.7935083
Wellington City,GANGES ROAD,50,E, ,AGRA CRESCENT,2255611,13/11/02,Wed,900,MO,VW1C,370A 371A ,,R,W,O ,L , ,N,X,50,0,0,0,,,1750064,5432315,-41.24665249,174.7909741
Wellington City,GARDEN ROAD,140,S, ,ORANGI KAUPAPA ROAD,2251627,6/04/02,Sat,1510,BF,CE1X,111A 132A 801 ,,M,W,O ,L , ,N,C,50,0,0,0,,,1747458,5428308,-41.28320928,174.7608556
Wellington City,GHUZNEE ST,20,E, ,CUBA ST,2250600,23/01/02,Wed,1000,MA,VE1C,373A ,,R,D,B ,F , ,N,C,50,0,0,0,,,1748699,5427158,-41.29333566,174.7759489
Wellington City,GHUZNEE ST,30,W, ,CUBA ST,2254782,4/09/02,Wed,1300,MA,TE1C,373A 387B ,,R,D,B ,F , ,N,C,50,0,0,0,,,1748654,5427178,-41.29316388,174.7754068
Wellington City,GHUZNEE ST,80,W, ,CUBA ST,2256432,31/12/02,Tue,1900,EE,CE1C,374A ,M,R,D,B ,F , ,N,C,50,0,0,0,,,1748608,5427198,-41.29299228,174.7748528
Wellington City,GHUZNEE ST,, ,I,CUBA ST,2213031,11/09/02,Wed,615,NB,CW1E,105B 718B ,,R,D,O ,F ,T,T,C,50,0,0,1,24,,1748681,5427166,-41.29326695,174.7757321
Wellington City,GHUZNEE ST,, ,I,EGMONT ST,2253873,26/08/02,Mon,1614,GB,CE1T,372A ,,R,D,B ,F ,T,N,N,50,0,0,0,,,1748799,5427110,-41.2937494,174.7771544
Wellington City,GHUZNEE ST,15,W, ,LEEDS ST,2250339,1/01/02,Tue,1145,EE,CE1C,374A ,Q,R,D,O ,F , ,N,C,50,0,0,0,,,1748741,5427139,-41.29349899,174.7764549
Wellington City,GHUZNEE ST,20,W, ,MARION ST,2250874,2/02/02,Sat,1040,AA,CE1C,143A 372A ,,R,D,O ,F , ,N,C,50,0,0,0,,,1748751,5427135,-41.29353316,174.7765753
Wellington City,GHUZNEE ST,, ,I,MARION ST,2252818,8/06/02,Sat,2049,GC,VE1C,171A 372A ,,R,D,DO,F ,T,G,N,50,0,0,0,,,1748769,5427126,-41.29361087,174.7767924
Wellington City,GHUZNEE ST,, ,I,MARION ST,2253608,29/07/02,Mon,900,KB,CE1V,158A 176A 377A ,J,R,D,B ,F ,T,G,C,50,0,0,0,,,1748769,5427126,-41.29361087,174.7767924
Wellington City,GHUZNEE ST,, ,I,TARANAKI ST,2251977,30/04/02,Tue,1149,FE,CE1V,181A ,,R,D,B ,F ,T,T,C,50,0,0,0,,,1748866,5427080,-41.29400714,174.7779616
Wellington City,GHUZNEE ST,, ,I,TARANAKI ST,2251013,5/03/02,Tue,2330,KB,CE1C,322B ,,R,D,DO,F ,T,T,C,50,0,0,0,,,1748866,5427080,-41.29400714,174.7779616
Wellington City,GHUZNEE ST,, ,I,TARANAKI ST,2252709,24/06/02,Mon,330,DA,CE1CC,103A 131A ,FM,R,D,DO,F ,T,T,R,50,0,0,0,,,1748866,5427080,-41.29400714,174.7779616
Wellington City,GHUZNEE ST,40,E, ,VICTORIA ST,2256214,7/12/02,Sat,1127,MO,VE1V,371B ,,R,W,O ,L , ,N,C,50,0,0,0,,,1748569,5427216,-41.2928374,174.7743829
Wellington City,GHUZNEE ST,50,E, ,VICTORIA ST,2255025,21/09/02,Sat,1830,FD,CS1CC,112A 181A 191A 331A ,,R,D,DO,F , ,N,C,50,0,0,0,,,1748578,5427212,-41.29287175,174.7744913
Wellington City,GHUZNEE ST,100,E, ,VICTORIA ST,2255255,2/10/02,Wed,1250,EE,CE1C,374A ,Q,R,D,B ,F , ,N,P,50,0,0,0,,,1748624,5427191,-41.29305236,174.7750455
Wellington City,GHUZNEE ST,5,W, ,VICTORIA ST,2211011,30/01/02,Wed,855,NF,CE1E,306A 376A ,,E,D,B ,F ,X,T,X,50,0,0,1,21,,1748528,5427234,-41.29268288,174.773889
Wellington City,GHUZNEE ST,, ,I,VICTORIA ST,2211469,6/01/02,Sun,330,HA,CE1C,322A 351A ,,E,D,DO,F ,X,T,C,50,0,0,1,,,1748533,5427232,-41.29269997,174.7739492
Wellington City,GHUZNEE ST,, ,I,VICTORIA ST,2255252,28/10/02,Mon,1800,HA,CS1C,322A ,,R,D,O ,F ,X,T,N,50,0,0,0,,,1748533,5427232,-41.29269997,174.7739492
Wellington City,GHUZNEE ST,, ,I,VICTORIA ST,2253672,9/08/02,Fri,1945,FE,CE1C,181A 331A ,,R,W,DO,H ,X,T,R,50,0,0,0,,,1748533,5427232,-41.29269997,174.7739492
Wellington City,GHUZNEE ST,15,E, ,WILLIS ST,2253631,10/08/02,Sat,1200,FD,CE1CCC,423A ,,R,D,B ,F , ,N,C,50,0,0,0,,,1748459,5427266,-41.29240746,174.7730575
Wellington City,GHUZNEE ST,30,E, ,WILLIS ST,2255503,4/11/02,Mon,1340,FO,CE1CC,331A 386A ,,R,D,O ,F , ,N,C,50,0,0,0,,,1748473,5427259,-41.29246791,174.7732264
Wellington City,GHUZNEE ST,, ,I,WILLIS ST,2253750,12/07/02,Fri,2230,HA,CE1C,322A ,,R,W,DO,L ,M,T,R,50,0,0,0,,,1748446,5427272,-41.29235583,174.7729009
Wellington City,GILMER TERRACE,80,N, ,BOULCOTT ST,2250959,19/02/02,Tue,930,MA,MN1C,373A ,,R,D,B ,F , ,N,N,50,0,0,0,,,1748596,5428035,-41.2854586,174.7745053
Wellington City,GLAMIS AVENUE,20,E, ,BROADWAY,2256118,8/11/02,Fri,1715,MO,CS1C,386A ,M,R,D,B ,F , ,N,N,50,0,0,0,,,1752436,5423616,-41.3245279,174.8214471
Wellington City,GLANMIRE ROAD,, ,I,TURVILLE CRESCENT,2251654,10/04/02,Wed,1700,DA,CW1,111A 132A ,C,E,D,B ,F ,Y,N,C,50,0,0,0,,,1752860,5434201,-41.22914849,174.8238554
Wellington City,GLEN ROAD,100,W, ,RIMU ROAD,2251984,6/02/02,Wed,510,EA,CN1C,111A ,M,S,W,DO,M , ,N,C,50,0,0,0,,,1747626,5427751,-41.28819354,174.7629959
Wellington City,GLENMORE ST,, ,I,THE RIGI,2255457,2/11/02,Sat,1530,EA,VW1V,129A 330A ,M,R,D,B ,F ,T,N,C,50,0,0,0,,,1747267,5428034,-41.2857111,174.7586421
Wellington City,GLENMORE ST,50,S, ,THE RIGI S,2256189,17/12/02,Tue,1520,DB,CS1,195A ,CS,E,D,O ,F , ,N,C,50,0,0,0,,,1747101,5427865,-41.28726296,174.7567014
Wellington City,GLENMORE ST,20,S, ,TINAKORI ROAD,2251001,27/03/02,Wed,1055,MO,CN1C,386A ,M,R,D,B ,F , ,N,C,50,0,0,0,,,1748034,5428637,-41.28014173,174.7676508
Wellington City,GOW ST,30,W, ,QUIGLEY ST,2212756,10/08/02,Sat,1450,CB,PW1,130A 403A ,P,R,D,B ,F , ,N,N,50,0,0,1,,,1752322,5434989,-41.22215533,174.8172428
Wellington City,GRAFTON ROAD,100,N, ,MAIDA VALE ROAD,2256216,14/12/02,Sat,1745,BC,CN1B,111A 123B ,,S,D,BN,F , ,N,C,50,0,0,0,,,1750915,5427613,-41.28882787,174.8022899
Wellington City,GRANT ROAD,, ,I,GOLDIES BRAE,2213016,3/09/02,Tue,730,GA,SS1C,111A 610A ,,M,D,O ,F ,Y,N,C,50,0,0,1,,23,1749028,5429982,-41.26784925,174.7791856
Wellington City,GROSVENOR TERRACE,150,S, ,BARNARD ST,2255329,6/10/02,Sun,1157,DA,CS1C,132A 801 ,MP,M,W,O ,L , ,N,C,50,0,0,0,,,1749132,5430094,-41.26682167,174.7803992
Wellington City,GROSVENOR TERRACE,50,N, ,ORCHARD ST,2256192,8/12/02,Sun,1042,DA,CS1,111A 801 ,EF,S,W,O ,L , ,N,C,50,0,0,0,,,1749099,5430085,-41.2669088,174.7800076
Wellington City,HAMILTON ROAD,, ,I,KUPE ST,2250209,3/01/02,Thu,2335,DA,CE2CC,358A ,M,E,D,DO,F ,Y,N,C,50,0,0,0,,,1750091,5425226,-41.31047249,174.7930427
Wellington City,HAMILTON ROAD,100,N, ,WELLINGTON ROAD,2211890,4/03/02,Mon,1555,BF,CS1X,410A ,,E,D,B ,F , ,N,C,50,0,0,2,,,1750137,5425146,-41.31118419,174.7936117
Wellington City,HANDYSIDE ST,240,N, ,MEXTED TERRACE,2251312,23/03/02,Sat,2051,DC,CN1C,112A 132A ,M,R,W,DO,F , ,N,N,50,0,0,0,,,1753952,5442619,-41.15315159,174.8347603
Wellington City,HANKEY ST,40,W, ,TARANAKI ST,2255207,30/10/02,Wed,830,QD,CN1C,428A ,M,R,D,O ,F , ,N,N,50,0,0,0,,,1748469,5426280,-41.30128303,174.7734174
Wellington City,HANSON ST,150,S, ,JOHN ST,2253242,17/07/02,Wed,1600,BC,CN1C,120A 930 ,,R,W,O ,F ,D,N,N,50,0,0,0,,,1748702,5425484,-41.30840685,174.7763938
Wellington City,HANSON ST,, ,I,JOHN ST,2253272,3/07/02,Wed,1740,FB,CN1C,181A ,,E,D,TO,F ,X,G,R,50,0,0,0,,,1748734,5425630,-41.30708645,174.7767402
Wellington City,HANSON ST,, ,I,STOKE ST,2250033,31/01/02,Thu,330,DA,CW2C,504A ,M,R,D,DO,F ,T,N,C,50,0,0,0,,,1748556,5424906,-41.31363772,174.7747917
Wellington City,HAPPY VALLEY ROAD,200,N, ,LANDFILL ROAD,2253993,5/06/02,Wed,1320,CB,VS1,501A ,P,R,D,B ,F , ,N,C,70,0,0,0,,,1747047,5423095,-41.33021956,174.7572099
Wellington City,HAPPY VALLEY ROAD,100,S, ,MURCHISON ST,2254203,14/03/02,Thu,1630,MB,VN1C,382A ,K,R,W,O ,F , ,N,C,50,0,0,0,,,1747070,5422621,-41.33448301,174.7575994
Wellington City,HATTON ST,, ,I,HOMEWOOD AVENUE,2254963,16/08/02,Fri,2345,DB,CE1,111A ,S,E,D,DO,F ,Y,G,P,50,0,0,0,,,1746033,5428605,-41.28079418,174.7437755