TLA NAME,CRASH ROAD,CRASH DIST,CRASH DIRN,INTSN,SIDE ROAD,CRASH ID,CRASH DATE,CRASH DOW,CRASH TIME,MVMT,VEHICLES,CAUSES,OBJECTS STRUCK,ROAD CURVE,ROAD WET,LIGHT,WTHRa,JUNC TYPE,TRAF CTRL,ROAD MARK,SPD LIM,CRASH FATAL CNT,CRASH SEV CNT,CRASH MIN CNT,PERS AGE1,PERS AGE2,EASTING,NORTHING,latitude,longitude
Wellington City,HAUMIA ST,, ,I,BANNISTER AVENUE,2255342,15/10/02,Tue,750,KB,CE1C,386A 902 ,,E,D,B ,F ,X,S,C,50,0,0,0,,,1750760,5434378,-41.22794896,174.7987673
Wellington City,HAUMIA ST,, ,I,MOOREFIELD ROAD,2252748,10/06/02,Mon,730,HA,CS2C,302A ,,E,W,TF,L ,R,G,R,50,0,0,0,,,1750892,5434217,-41.2293739,174.8003813
Wellington City,HELSTON ROAD,10,W, ,PAPARANGI CRESCENT,2250411,27/02/02,Wed,1242,DA,CW1,111A 350A ,,E,D,B ,F ,T,N,C,50,0,0,0,,,1752337,5435469,-41.2178309,174.817302
Wellington City,HERD ST,50,W, ,ORIENTAL PARADE,2252866,25/06/02,Tue,2225,DA,CE1B,132A 359A ,,M,W,DO,L , ,N,P,50,0,0,0,,,1749556,5427351,-41.29143967,174.7861321
Wellington City,HINAU ST,40,S, ,COLLINS AVENUE,2251718,31/05/02,Fri,1445,EE,CS1C,374A ,Q,R,D,B ,F , ,N,C,50,0,0,0,,,1753807,5442069,-41.15813095,174.8331711
Wellington City,HINAU ST,30,S, ,KOWHAI ST,2255720,30/11/02,Sat,925,EA,XN1C,129A 386A 410A ,MF,R,D,B ,F , ,N,C,50,0,0,0,,,1753736,5441844,-41.16017018,174.8323817
Wellington City,HOPPER ST,40,S, ,WEBB ST,2250779,28/03/02,Thu,1150,JA,CS1CCC,112A 197A 927 ,M,R,D,B ,F ,D,N,N,50,0,0,0,,,1748549,5426595,-41.29843222,174.7742957
Wellington City,HOROKIWI ROAD,20,E, ,HILLCROFT ROAD,2212273,27/06/02,Thu,1530,BD,OW1V,120A 135B 370B 831 ,,S,D,O ,F , ,N,N,100,0,0,1,,,1755015,5437159,-41.20210697,174.8488048
Wellington City,HOROKIWI ROAD,300,N, ,HILLCROFT ROAD,2211550,20/04/02,Sat,1555,BB,MN1V,123A 402A ,,S,D,O ,F , ,N,C,100,0,0,1,,,1754950,5437421,-41.19976056,174.8479636
Wellington City,HOROKIWI ROAD,440,N, ,HILLCROFT ROAD,2255693,5/11/02,Tue,1010,BB,TN1V,123A 386A ,,M,W,O ,L , ,N,C,100,0,0,0,,,1754954,5437519,-41.19887748,174.8479865
Wellington City,HOROKIWI ROAD,1000,N, ,SH 2,2211268,15/02/02,Fri,840,DA,CS1,131A 501A ,CV,M,D,O ,F , ,N,N,100,0,1,0,,,1755003,5434929,-41.22218642,174.8492272
Wellington City,HOROKIWI ROAD,2000,N, ,SH 2,2253445,14/07/02,Sun,1257,BB,CN1V,200A 404A ,,M,D,O ,F , ,N,C,100,0,0,0,,,1755263,5435551,-41.21653659,174.8521695
Wellington City,HOROKIWI ROAD WEST,, ,I,KENMORE ST,2252487,29/05/02,Wed,1452,KA,CW1C,302A ,,R,D,B ,F ,T,G,C,50,0,0,0,,,1752948,5434871,-41.22309964,174.8247371
Wellington City,HOROKIWI ROAD WEST,, ,I,KINAPORI TERRACE,2211843,27/03/02,Wed,750,LB,SW1C,303B 363B 375B 902 ,,R,D,B ,F ,T,N,C,50,0,0,1,,36,1753204,5434920,-41.22261005,174.8277775
Wellington City,HOROKIWI ROAD WEST,20,W, ,WARRINGTON GROVE,2212025,13/04/02,Sat,1330,JA,ME1C,308B 375B 839 929 ,,R,D,O ,F ,D,N,C,50,0,0,2,,,1752973,5434882,-41.22299588,174.8250324
Wellington City,HUNTER ST,, ,I,CUSTOMHOUSE QUAY,2255249,24/10/02,Thu,1330,AC,CE1X,372A 404A ,,R,D,B ,F ,X,T,C,50,0,0,0,,,1748781,5428015,-41.2856046,174.7767184
Wellington City,HUNTER ST,, ,I,CUSTOMHOUSE QUAY,2252390,30/03/02,Sat,2240,HA,VE2C,324A ,,R,D,DO,F ,X,T,C,50,0,0,0,,,1748781,5428015,-41.2856046,174.7767184
Wellington City,HUTCHISON ROAD,, ,I,WRIGHT ST,2252138,22/04/02,Mon,1015,DC,CS2,132A ,F,R,D,O ,F ,T,N,P,50,0,0,0,,,1748496,5425606,-41.30734637,174.7739043
Wellington City,HUTT ON NBD,100,E, ,CENTENNIAL SBD,2211907,25/03/02,Mon,1810,AA,TN1M,372A ,,E,D,TF,F , ,N,C,100,0,0,1,,,1752025,5432241,-41.24695238,174.8143854
Wellington City,HUTT ROAD,300,N, ,AOTEA QUAY,2251618,27/03/02,Wed,1350,JA,CS1C,308B 404B 927 ,,R,D,B ,F ,D,N,P,70,0,0,0,,,1749813,5430687,-41.26135665,174.7883797
Wellington City,HUTT ROAD,, ,I,AOTEA QUAY,2211901,7/03/02,Thu,1600,KO,CN2S,372B ,,R,D,B ,F ,Y,N,R,70,0,0,1,,38,1749589,5430486,-41.26320784,174.7857563
Wellington City,HUTT ROAD,, ,I,JARDEN MILE,2256448,24/12/02,Tue,1645,LB,VN1C,322A ,,E,D,OF,F ,X,T,R,100,0,0,0,,,1751926,5432204,-41.24730412,174.8132136
Wellington City,HUTT ROAD,150,N, ,KAIWHARAWHARA ROAD,2254968,21/08/02,Wed,1730,KB,TN1V,372A 927 ,,R,D,TF,F ,D,N,P,70,0,0,0,,,1750031,5430926,-41.25916439,174.7909221
Wellington City,HUTT ROAD,180,N, ,KAIWHARAWHARA ROAD,2250897,29/03/02,Fri,2130,CC,CN1,102A 505A ,P,R,D,DO,F , ,N,L,70,0,0,0,,,1750052,5430947,-41.25897142,174.7911675
Wellington City,HUTT ROAD,200,N, ,KAIWHARAWHARA ROAD,2250294,8/02/02,Fri,720,MC,CN1V,372B ,,E,D,O ,F , ,N,R,70,0,0,0,,,1750066,5430961,-41.25884277,174.7913311
Wellington City,HUTT ROAD,600,N, ,KAIWHARAWHARA ROAD,2211851,13/03/02,Wed,810,LB,SS1V,303B 377B 927 ,,R,W,O ,F ,D,N,C,70,0,1,0,,27,1750370,5431221,-41.25644538,174.7948941
Wellington City,HUTT ROAD,100,S, ,KAIWHARAWHARA ROAD,2254148,14/08/02,Wed,1705,GA,VS1C,181A 331A 927 ,,R,D,O ,L ,D,N,P,50,0,0,0,,,1749863,5430741,-41.26086119,174.7889631
Wellington City,HUTT ROAD,350,S, ,KAIWHARAWHARA ROAD,2256413,26/12/02,Thu,1920,MC,CN1C,372B ,,R,D,BF,F , ,N,R,70,0,0,0,,,1749683,5430569,-41.26244315,174.7868576
Wellington City,HUTT ROAD,, ,I,ONSLOW ROAD,2252528,20/05/02,Mon,1320,FE,TN1C,181A ,,R,W,O ,L ,T,T,R,70,0,0,0,,,1750843,5431430,-41.25447553,174.8004857
Wellington City,HUTT ROAD,, ,I,ONSLOW ROAD,2250906,27/02/02,Wed,1236,LB,CN1C,322A ,,R,D,DO,F ,Y,T,R,70,0,0,0,,,1750843,5431430,-41.25447553,174.8004857
Wellington City,HUTT ROAD,, ,I,ONSLOW ROAD,2212568,8/07/02,Mon,1520,FE,CN1C,181A 191A ,,R,D,O ,F ,Y,T,R,70,0,0,2,,,1750843,5431430,-41.25447553,174.8004857
Wellington City,HUTT ROAD,, ,I,ONSLOW ROAD,2254160,18/08/02,Sun,1420,FE,BN1C,181A 387B ,,R,D,B ,F ,Y,T,R,70,0,0,0,,,1750843,5431430,-41.25447553,174.8004857
Wellington City,HUTT ROAD,25,E, ,RANGIORA AVENUE,2210092,13/12/02,Fri,157,CA,MN1,103A 135A 901 ,I,R,W,DF,HS, ,N,X,70,1,0,0,,,1750527,5431311,-41.25560585,174.796745
Wellington City,HUTT ROAD,50,S, ,RANGIORA AVENUE,2213035,4/09/02,Wed,755,AC,CS1C,381A 112B 434B ,,R,W,B ,F , ,N,P,70,0,0,1,,,1750460,5431279,-41.25590643,174.7959536
Wellington City,HUTT ROAD,, ,I,SCHOOL ROAD,2255157,20/10/02,Sun,1210,GA,CE1C,386A ,,R,D,O ,L ,T,N,C,70,0,0,0,,,1749894,5430775,-41.26054933,174.7893246
Wellington City,HUTT ROAD,, ,I,WESTMINSTER ST,2255254,11/10/02,Fri,755,JA,TS1C,303A 370A 377B ,,R,D,B ,F ,T,N,C,70,0,0,0,,,1749995,5430891,-41.25948619,174.7905012
Wellington City,IRA ST,20,N, ,BROADWAY,2211974,16/05/02,Thu,2055,NB,CN1E,105B 713B ,,R,D,DO,F ,R,N,C,50,0,0,1,44,,1752325,5423642,-41.32431479,174.8201149
Wellington City,IRA ST,, ,I,DEVONSHIRE ROAD,2251982,5/05/02,Sun,1720,LB,CN1C,303A ,,R,D,TF,F ,T,N,C,50,0,0,0,,,1752336,5423966,-41.32139569,174.8201651
Wellington City,IRONSIDE ROAD,120,E, ,EARP ST,2250160,26/01/02,Sat,2215,EA,CE1CC,109A ,M,R,D,DO,F , ,N,N,50,0,0,0,,,1751350,5435241,-41.22006886,174.8055897
Wellington City,JAMAICA DRIVE,50,E, ,TAKAPU ROAD,2251441,30/03/02,Sat,1525,CC,CN1,358A ,T,R,D,B ,F , ,N,R,50,0,0,0,,,1753999,5439518,-41.18106204,174.8360997
Wellington City,JERVOIS QUAY,, ,I,GREY ST,2251072,4/03/02,Mon,1145,DB,CN1,133A 357A ,S,R,D,B ,F ,T,T,C,50,0,0,0,,,1748866,5428084,-41.28496769,174.7777161
Wellington City,JERVOIS QUAY,30,S, ,HARRIS ST,2212462,23/07/02,Tue,1751,FD,CS1CC,410A ,,R,D,TO,F , ,N,R,50,0,0,2,,,1748920,5427687,-41.2885321,174.7784578
Wellington City,JERVOIS QUAY,, ,I,HARRIS ST,2250260,10/01/02,Thu,1435,MC,CS1C,202B 372B 404B ,,R,D,B ,F ,T,T,R,50,0,0,0,,,1748916,5427717,-41.28826273,174.7784027
Wellington City,JERVOIS QUAY,, ,I,HARRIS ST,2212366,15/06/02,Sat,1315,JA,CN1V,322A 334A 901 ,,R,W,O ,H ,T,T,C,50,0,0,1,,,1748916,5427717,-41.28826273,174.7784027
Wellington City,JERVOIS QUAY,, ,I,HARRIS ST,2255346,9/10/02,Wed,1645,JA,CN1X,322A ,,R,D,B ,F ,T,T,C,50,0,0,0,,,1748916,5427717,-41.28826273,174.7784027
Wellington City,JERVOIS QUAY,, ,I,HARRIS ST,2251239,13/03/02,Wed,1015,AC,TN1C,372A ,,R,D,B ,F ,T,T,R,50,0,0,0,,,1748916,5427717,-41.28826273,174.7784027
Wellington City,JERVOIS QUAY,, ,I,HARRIS ST,2253634,18/07/02,Thu,2025,KA,CN1C,322A 351A ,,R,D,DO,F ,T,T,R,50,0,0,0,,,1748916,5427717,-41.28826273,174.7784027
Wellington City,JERVOIS QUAY,, ,I,HARRIS ST,2251056,26/04/02,Fri,1930,JA,CN1C,102A 322A 507A ,,R,W,DO,F ,T,T,R,50,0,0,0,,,1748916,5427717,-41.28826273,174.7784027
Wellington City,JERVOIS QUAY,, ,I,HARRIS ST,2250821,19/02/02,Tue,1608,JA,CN1C,691A 303B ,,R,D,B ,F ,T,T,R,50,0,0,0,,,1748916,5427717,-41.28826273,174.7784027
Wellington City,JERVOIS QUAY,, ,I,HUNTER ST,2251612,8/04/02,Mon,1835,JA,CN1C,322A ,,R,D,DO,F ,T,T,R,50,0,0,0,,,1748881,5427984,-41.28586527,174.7779196
Wellington City,JERVOIS QUAY,, ,I,HUNTER ST,2212501,9/10/02,Wed,1815,NA,SN1E,718B ,,R,D,O ,F ,X,T,R,50,0,0,2,63,44,1748881,5427984,-41.28586527,174.7779196
Wellington City,JERVOIS QUAY,, ,I,HUNTER ST,2250911,27/02/02,Wed,925,KB,TS1X,322A ,,R,D,B ,F ,T,T,R,50,0,0,0,,,1748881,5427984,-41.28586527,174.7779196
Wellington City,JERVOIS QUAY,, ,I,POST OFFICE SQUARE,2211692,20/04/02,Sat,37,NB,CN1E,105B 713B ,,R,D,DO,F ,T,T,R,50,0,0,1,29,,1748866,5428084,-41.28496769,174.7777161
Wellington City,JERVOIS QUAY,100,N, ,TARANAKI ST,2211500,18/02/02,Mon,1210,NA,XN1E,710B ,,E,D,B ,F , ,N,C,50,0,0,1,75,,1748968,5427480,-41.29038695,174.7790814
Wellington City,JERVOIS QUAY,70,W, ,TARANAKI ST,2251352,20/04/02,Sat,153,DA,CN1,103A 359A ,S,E,D,DO,F , ,N,C,50,0,0,0,,,1748982,5427454,-41.29061846,174.7792549
Wellington City,JERVOIS QUAY,, ,I,TARANAKI ST,2250891,21/03/02,Thu,1800,GO,CN2T,122A 820 ,,E,D,B ,F ,M,T,C,50,0,0,0,,,1749013,5427391,-41.29117995,174.7796403
Wellington City,JOHN ST,30,E, ,HANSON ST,2212507,21/08/02,Wed,1221,FA,XE1SC,331A ,M,R,D,B ,F , ,N,C,50,0,0,1,,20,1748763,5425626,-41.30711712,174.7770874
Wellington City,JOHN ST,, ,I,HANSON ST,2255061,25/09/02,Wed,1730,GD,CW1C,181A ,,R,D,O ,F ,X,G,C,50,0,0,0,,,1748734,5425630,-41.30708645,174.7767402
Wellington City,JOHN ST,, ,I,HANSON ST,2256219,19/12/02,Thu,1140,LB,VW1V,303B ,,R,D,BF,F ,X,G,C,50,0,0,0,,,1748734,5425630,-41.30708645,174.7767402
Wellington City,JOHN ST,, ,I,TASMAN ST,2251301,25/03/02,Mon,820,JA,CE1C,302A 377B ,,R,D,O ,F ,T,G,C,50,0,0,0,,,1748696,5425620,-41.30718349,174.7762889
Wellington City,JOHNSONVILLE ON SBD,120,E, ,JOHNSONVILLE ROAD,2252319,9/04/02,Tue,1635,FD,XS1CVC,181A 331A 434A 191B 353D ,,R,D,B ,F , ,N,N,50,0,0,0,,,1751561,5434389,-41.22770026,174.8083171
Wellington City,JOHNSONVILLE ROAD,50,S, ,BILL CUTTING PLACE,2256281,13/12/02,Fri,1230,MO,VN1C,371B ,,R,D,BF,F , ,N,C,50,0,0,0,,,1751485,5434928,-41.22286167,174.807277
Wellington City,JOHNSONVILLE ROAD,20,N, ,BRODERICK ROAD,2211892,26/03/02,Tue,1840,MA,SN1V,141B ,,R,D,TO,F , ,N,C,50,0,0,1,,37,1751485,5434739,-41.22456331,174.8073239
Wellington City,JOHNSONVILLE ROAD,50,N, ,BRODERICK ROAD,2212411,12/07/02,Fri,1735,NA,CS1E,711B ,,R,D,DO,F , ,T,R,50,0,1,0,70,,1751488,5434768,-41.22430165,174.8073525
Wellington City,JOHNSONVILLE ROAD,50,S, ,BRODERICK ROAD,2254512,20/09/02,Fri,1700,FD,CN1C,181A 331A 358A ,,R,D,O ,F , ,N,C,50,0,0,0,,,1751475,5434669,-41.22519542,174.807222
Wellington City,JOHNSONVILLE ROAD,, ,I,BRODERICK ROAD,2212324,10/08/02,Sat,1510,NF,CW2EE,306A 353A ,,R,D,B ,F ,X,T,R,50,0,1,1,59,,1751483,5434719,-41.22474375,174.807305
Wellington City,JOHNSONVILLE ROAD,, ,I,BRODERICK ROAD,2252038,30/03/02,Sat,1730,CA,CW2,101A 125A 902 ,P,R,D,B ,F ,X,T,R,50,0,0,0,,,1751483,5434719,-41.22474375,174.807305
Wellington City,JOHNSONVILLE ROAD,, ,I,BRODERICK ROAD,2212588,1/08/02,Thu,930,HA,VS1V,322A ,,R,D,B ,F ,X,T,R,50,0,0,1,,,1751483,5434719,-41.22474375,174.807305
Wellington City,JOHNSONVILLE ROAD,, ,I,BRODERICK ROAD,2254661,12/09/02,Thu,1315,HA,VS1C,322A ,,R,W,O ,L ,X,T,R,50,0,0,0,,,1751483,5434719,-41.22474375,174.807305
Wellington City,JOHNSONVILLE ROAD,, ,I,BRODERICK ROAD,2212901,31/07/02,Wed,2310,CA,CS1,125A 504A 692A ,IS,R,D,DO,F ,X,T,R,50,0,0,1,,,1751483,5434719,-41.22474375,174.807305
Wellington City,JOHNSONVILLE ROAD,, ,I,BRODERICK ROAD,2250413,3/02/02,Sun,1300,KC,CN2C,305A ,,R,D,B ,F ,X,T,R,50,0,0,0,,,1751483,5434719,-41.22474375,174.807305
Wellington City,JOHNSONVILLE ROAD,, ,I,FRASER AVENUE,2256103,24/12/02,Tue,1100,BC,CN1C,122A 176A 404A ,,E,D,B ,F ,Y,G,C,50,0,0,0,,,1751476,5434504,-41.22668079,174.8072749
Wellington City,JOHNSONVILLE ROAD,, ,I,FRASER AVENUE,2253271,4/07/02,Thu,1545,GA,CW1C,181A 333A ,,R,D,O ,F ,Y,N,P,50,0,0,0,,,1751476,5434504,-41.22668079,174.8072749
Wellington City,JOHNSONVILLE ROAD,10,N, ,HAWEA ST,2256210,6/12/02,Fri,1215,MO,VN1T,372B ,,R,D,OF,F ,T,N,P,50,0,0,0,,,1751486,5434866,-41.22341969,174.8073043
Wellington City,JOHNSONVILLE ROAD,, ,I,MOOREFIELD ROAD,2254147,21/08/02,Wed,1900,HA,CN1C,302A 355A ,,E,D,DO,F ,R,G,P,50,0,0,0,,,1751500,5435050,-41.22176044,174.8074257
Wellington City,KAIKOURA ST,60,S, ,AKAROA DRIVE N,2253175,3/07/02,Wed,2120,MO,CS1CC,423A 929 ,HM,E,D,DO,F ,D,N,C,50,0,0,0,,,1752394,5426038,-41.30273011,174.8203386
Wellington City,KAIWHARAWHARA ROAD,700,W, ,HUTT ROAD,2211496,5/02/02,Tue,1145,BF,VW1C,123A 135A 801 ,,M,W,O ,H , ,N,L,50,0,1,1,,,1749345,5431107,-41.25766183,174.7826928
Wellington City,KAIWHARAWHARA ROAD,120,E, ,NGAIO GORGE ROAD,2256519,5/11/02,Tue,1530,DA,CW1,135A 801 806 ,C,M,W,O ,L , ,N,L,50,0,0,0,,,1749140,5431116,-41.25761865,174.7802447
Wellington City,KARAKA BAY ROAD,630,N, ,AWA ROAD,2252475,29/05/02,Wed,1630,DA,CS1C,111A 132A 431A ,,S,D,TN,F , ,N,C,50,0,0,0,,,1753406,5425435,-41.30796725,174.832573
Wellington City,KARAKA BAY ROAD,100,S, ,FORTIFICATION ROAD,2255058,26/09/02,Thu,1935,CC,CS1O,358A ,M,R,W,DO,L , ,N,C,50,0,0,0,,,1753415,5426453,-41.29880033,174.8324238
Wellington City,KARORI ROAD,15,W, ,BEAUCHAMP ST,2253162,8/07/02,Mon,1415,MA,CW1C,373A ,,R,D,B ,F , ,N,C,50,0,0,0,,,1745439,5428159,-41.28491701,174.7367922
Wellington City,KARORI ROAD,30,E, ,CAMPBELL ST,2212385,6/07/02,Sat,1930,JA,CW1C,308B 377B 922 ,,R,D,DO,F ,D,N,C,50,0,0,1,,,1745647,5428234,-41.28420424,174.739257
Wellington City,KARORI ROAD,30,W, ,CAMPBELL ST,2212045,2/05/02,Thu,1830,GB,SS1C,158A 602A 142B 372B 922 ,,R,W,DO,L ,D,N,C,50,0,0,1,,29,1745591,5428214,-41.28439442,174.7385934
Wellington City,KARORI ROAD,, ,I,CAMPBELL ST,2254827,6/09/02,Fri,800,JC,VN2C,302A ,,R,D,B ,F ,T,G,C,50,0,0,0,,,1745619,5428224,-41.28429933,174.7389252
Wellington City,KARORI ROAD,, ,I,CHAYTOR ST,2213262,1/10/02,Tue,1340,LB,CW1C,302A ,,M,D,B ,F ,T,G,R,50,0,0,1,,,1746644,5428577,-41.28093556,174.7510749
Wellington City,KARORI ROAD,, ,I,CHAYTOR ST,2254295,26/08/02,Mon,1210,LB,CE1C,145A 302A 387A ,,M,D,O ,F ,T,G,R,50,0,0,0,,,1746644,5428577,-41.28093556,174.7510749
Wellington City,KARORI ROAD,40,W, ,DONALD ST,2251723,22/04/02,Mon,1100,BE,CW1C,410A ,,R,D,B ,F , ,N,L,50,0,0,0,,,1745822,5428295,-41.28362344,174.7413313
Wellington City,KARORI ROAD,30,E, ,FANCOURT ST,2251428,1/03/02,Fri,1415,BE,CW1VC,350A 504A ,M,R,D,O ,L , ,N,C,50,0,0,0,,,1745996,5428358,-41.28302477,174.7433931
Wellington City,KARORI ROAD,5,E, ,HATTON ST,2251071,18/03/02,Mon,1450,MB,CW1C,372B 382B ,,R,W,O ,L ,T,G,C,50,0,0,0,,,1746117,5428401,-41.28261572,174.744827
Wellington City,KARORI ROAD,40,W, ,HATTON ST,2212687,9/08/02,Fri,820,NB,VW1E,306A ,,R,W,O ,H , ,N,X,50,0,0,2,9,,1746075,5428386,-41.28275838,174.7443293
Wellington City,KARORI ROAD,, ,I,MORLEY ST,2251361,1/03/02,Fri,1750,JA,CE1CC,302B 375B ,M,R,W,O ,F ,T,G,P,50,0,0,0,,,1745048,5428017,-41.28626587,174.7321588
Wellington City,KARORI ROAD,30,W, ,NATALIE WAY,2253714,13/07/02,Sat,1321,FB,CW1CC,181A 308C 801 929 ,,R,W,O ,L ,D,N,C,50,0,0,0,,,1744638,5427951,-41.28693367,174.7272804
Wellington City,KARORI ROAD,, ,I,OLD KARORI ROAD,2211102,15/02/02,Fri,2230,LB,CW2S,302A 375A ,,E,D,DO,F ,T,G,C,50,0,0,1,,28,1746645,5428577,-41.28093537,174.7510868
Wellington City,KARORI ROAD,, ,I,RAINE ST,2256212,16/12/02,Mon,1600,LB,CE1C,303B ,,R,D,B ,F ,T,G,L,50,0,0,0,,,1745590,5428214,-41.2843946,174.7385814
Wellington City,KARORI ROAD,30,E, ,SOUTH KARORI ROAD,2251622,19/03/02,Tue,1410,MB,CE1C,372A ,,R,D,O ,F , ,N,C,50,0,0,0,,,1744331,5427782,-41.28851023,174.7236559
Wellington City,KARORI ROAD,30,E, ,TRINGHAM ST,2250799,5/02/02,Tue,830,MC,TE1C,372A ,,R,W,O ,L , ,N,C,50,0,0,0,,,1744747,5427959,-41.2868421,174.7285797
Wellington City,KELBURN PARADE,30,W, ,FAIRLIE TERRACE,2254924,15/05/02,Wed,915,EA,TS1CCC,129A 386A ,M,M,D,O ,F , ,N,C,50,0,0,0,,,1747895,5427356,-41.29170068,174.7663028
Wellington City,KELBURN PARADE,50,N, ,GLASGOW ST,2254226,15/07/02,Mon,1155,MO,CS1C,371A 386A ,,R,W,O ,LS, ,N,X,50,0,0,0,,,1748018,5427647,-41.28905812,174.7677004
Wellington City,KELBURN PARADE,, ,I,GLASGOW ST,2256171,2/12/02,Mon,1135,JA,VW1C,302B ,,M,D,BF,F ,T,G,C,50,0,0,0,,,1747997,5427602,-41.28946713,174.7674607
Wellington City,KELBURN PARADE,30,S, ,SALAMANCA ROAD,2253185,5/07/02,Fri,1340,MC,CN1TC,144A 372A 645A 181B ,M,R,W,O ,H , ,N,P,50,0,0,0,,,1748125,5427882,-41.28692268,174.7689205
Wellington City,KELBURN PARADE,150,S, ,SALAMANCA ROAD,2212350,29/06/02,Sat,1348,NB,CN1E,306A 376A 719B ,,R,W,O ,H , ,N,X,50,0,1,0,30,,1748075,5427773,-41.28791323,174.7683502
Wellington City,KELBURN PARADE,270,S, ,SALAMANCA ROAD,2212867,7/10/02,Mon,1310,FD,CS1C,331A ,,R,D,B ,F , ,N,X,50,0,0,1,,,1748025,5427663,-41.28891278,174.7677801
Wellington City,KELVIN GROVE,30,S, ,ABEL SMITH ST,2256503,19/12/02,Thu,1410,EC,CN1C,385A 386A 443A ,M,R,D,B ,F , ,N,N,50,0,0,0,,,1748591,5426781,-41.29674985,174.7747517
Wellington City,KENMORE ST,200,S, ,BARCLAY ST,2251350,4/03/02,Mon,1935,BA,CW1B,112A 363A ,,R,D,B ,F , ,N,C,50,0,0,0,,,1753043,5434243,-41.22873575,174.8260272
Wellington City,KENMORE ST,50,S, ,BAYLANDS DRIVE,2256193,7/12/02,Sat,2135,EA,CN1C,129A ,M,E,W,DO,H , ,N,C,50,0,0,0,,,1753276,5434375,-41.22750321,174.8287728
Wellington City,KENSINGTON ST,20,S, ,ABEL SMITH ST,2251422,8/04/02,Mon,1230,MO,CS1C,371A 445A ,M,R,D,B ,F , ,N,N,50,0,0,0,,,1748400,5426878,-41.29591165,174.7724478
Wellington City,KENT TERRACE,50,S, ,ELIZABETH ST,2253622,3/08/02,Sat,1,FD,CS1C,353A ,,R,D,DO,F , ,T,C,50,0,0,0,,,1749271,5426836,-41.29612918,174.7828563
Wellington City,KENT TERRACE,, ,I,ELIZABETH ST,2254170,17/08/02,Sat,100,FE,CS1C,331A 358A ,,R,D,DO,F ,X,T,C,50,0,0,0,,,1749292,5426881,-41.29572014,174.7830959
Wellington City,KENT TERRACE,, ,I,ELIZABETH ST,2256100,25/11/02,Mon,1835,LB,CS1C,334A 377B ,,R,D,B ,F ,X,T,L,50,0,0,0,,,1749292,5426881,-41.29572014,174.7830959
Wellington City,KENT TERRACE,, ,I,MAJORIBANKS ST,2252705,4/04/02,Thu,705,AC,TN1C,173A ,,R,D,B ,F ,X,T,R,50,0,0,0,,,1749376,5427069,-41.29401196,174.7840526
Wellington City,KENT TERRACE,30,N, ,PIRIE ST,2256250,15/11/02,Fri,2330,FD,CS1CCC,181A 331A 351A ,,R,D,DO,F , ,N,C,50,0,0,0,,,1749233,5426750,-41.2969105,174.7824237
Wellington City,KENT TERRACE,60,N, ,PIRIE ST,2251511,7/03/02,Thu,1413,AA,BS1CT,373A 200C ,,R,D,B ,F , ,N,C,50,0,0,0,,,1749245,5426777,-41.29666519,174.7825603
Wellington City,KHANDALLAH ROAD,100,W, ,COCKAYNE ROAD,2251987,2/05/02,Thu,1356,BE,CE1C,501A 817 ,GG,R,D,B ,F , ,N,C,50,0,0,0,,,1749650,5432204,-41.24772862,174.7860627
Wellington City,KHANDALLAH ROAD,50,E, ,LUCKNOW TERRACE,2211672,24/04/02,Wed,800,NA,VW1E,713B 714B ,,R,D,O ,F , ,N,C,50,0,0,1,13,,1749495,5432294,-41.24694698,174.7841916
Wellington City,KHANDALLAH ROAD,50,E, ,TARIKAKA ST,2252711,20/06/02,Thu,219,DB,CW1,111A 132A ,CT,M,W,DO,F , ,N,C,50,0,0,0,,,1748984,5432315,-41.24685223,174.7780906
Wellington City,KHANDALLAH ROAD,150,E, ,TARIKAKA ST,2250327,20/01/02,Sun,120,DB,CE1,103A 111A 132A ,T,E,W,DO,L , ,N,C,50,0,0,0,,,1749083,5432309,-41.246888,174.779273
Wellington City,KHANDALLAH ROAD,, ,I,TARIKAKA ST,2253627,21/08/02,Wed,725,KB,CE1C,302A ,,R,D,O ,F ,T,G,C,50,0,0,0,,,1748935,5432322,-41.24679824,174.7775043
Wellington City,KILBIRNIE CRESCENT,, ,I,BAY ROAD,2255453,4/11/02,Mon,1415,FE,CW1C,181A 423A ,,R,D,O ,F ,X,T,C,50,0,0,0,,,1750266,5424487,-41.31709336,174.7953149
Wellington City,KILBIRNIE CRESCENT,, ,I,CHILDERS TERRACE,2254660,11/09/02,Wed,1545,GA,CN1C,181A 331A ,,R,D,O ,F ,T,N,C,50,0,0,0,,,1750163,5424590,-41.3161852,174.7940595
Wellington City,KINGSFORD SMITH ST,20,N, ,LYALL PARADE,2250820,13/02/02,Wed,1455,MD,CN1C,308A 929 ,,R,W,O ,L ,D,N,C,50,0,0,0,,,1750647,5423282,-41.32787123,174.8001634
Wellington City,KRULL ST,10,E, ,HOGGARD ST,2252486,19/05/02,Sun,1515,BF,CS1C,132A ,,E,D,O ,F ,T,N,N,50,0,0,0,,,1748035,5424939,-41.3134364,174.7685621
Wellington City,LAMBTON QUAY,, ,I,BOWEN ST,2213034,23/09/02,Mon,1710,NB,BN1E,713B 718B ,,R,D,O ,F ,X,T,R,50,0,1,0,32,,1748819,5428688,-41.27953827,174.7770076
Wellington City,LAMBTON QUAY,, ,I,BOWEN ST,2211354,17/01/02,Thu,1710,LB,CN1S,322A ,,R,D,B ,F ,X,T,R,50,0,0,1,,38,1748819,5428688,-41.27953827,174.7770076