TLA NAME,CRASH ROAD,CRASH DIST,CRASH DIRN,INTSN,SIDE ROAD,CRASH ID,CRASH DATE,CRASH DOW,CRASH TIME,MVMT,VEHICLES,CAUSES,OBJECTS STRUCK,ROAD CURVE,ROAD WET,LIGHT,WTHRa,JUNC TYPE,TRAF CTRL,ROAD MARK,SPD LIM,CRASH FATAL CNT,CRASH SEV CNT,CRASH MIN CNT,PERS AGE1,PERS AGE2,EASTING,NORTHING,latitude,longitude
Wellington City,LAMBTON QUAY,, ,I,BUNNY ST,2213154,1/10/02,Tue,1050,HA,CW2B,206A 301A 839 ,,R,D,B ,F ,X,S,R,50,0,0,1,,,1748937,5428771,-41.27876923,174.7783956
Wellington City,LAMBTON QUAY,20,S, ,FARMERS LANE,2254657,20/09/02,Fri,1900,EE,CN1V,374A ,M,E,D,TO,F , ,N,R,50,0,0,0,,,1748734,5428440,-41.28178679,174.7760536
Wellington City,LAMBTON QUAY,, ,A,GREY ST,2211020,22/01/02,Tue,1946,NA,BS1E,718B ,,E,D,B ,F , ,T,L,50,0,1,0,65,,1748675,5428151,-41.28439965,174.77542
Wellington City,LAMBTON QUAY,20,S, ,PANAMA ST,2212892,18/10/02,Fri,1425,NA,BS1E,711B ,,R,D,O ,F , ,N,R,50,0,1,0,37,,1748678,5428207,-41.28389491,174.7754421
Wellington City,LAMBTON QUAY,130,S, ,PANAMA ST,2211440,5/04/02,Fri,1703,NA,BN1E,711B 712B 839 ,,R,D,TO,F , ,N,L,50,0,0,1,23,,1748682,5428098,-41.28487555,174.7755164
Wellington City,LAMBTON QUAY,20,S, ,WARING TAYLOR ST,2252087,27/05/02,Mon,1715,AA,BS1C,372A ,,R,D,TO,F , ,N,R,50,0,0,0,,,1748732,5428414,-41.28202125,174.7760361
Wellington City,LAMBTON QUAY,, ,I,WHITMORE ST,2255736,14/11/02,Thu,1245,LB,BW1V,303A ,,R,D,B ,F ,X,T,C,50,0,0,0,,,1748819,5428688,-41.27953827,174.7770076
Wellington City,LANCASTER ST,100,S, ,KARORI ROAD,2253165,9/07/02,Tue,2020,DA,VN1,110A 131A 929 ,FH,R,D,DO,F ,D,N,C,50,0,0,0,,,1746297,5428357,-41.28297929,174.7469861
Wellington City,LARSEN CRESCENT,50,W, ,JULIA PLACE,2250264,21/02/02,Thu,1820,FB,CW1C,378A 832 ,,R,D,B ,F , ,N,C,50,0,0,0,,,1752307,5440194,-41.1752955,174.8157679
Wellington City,LARSEN CRESCENT,100,E, ,ORIEL AVENUE,2212158,22/06/02,Sat,1806,BC,CW1C,121A 359A ,,E,D,DO,F , ,N,N,50,0,0,1,,,1752566,5440141,-41.17572397,174.8188673
Wellington City,LERWICK TERRACE,200,W, ,QUEENS DRIVE,2255879,15/11/02,Fri,1615,EA,CW1C,111A 382A ,M,M,D,B ,F , ,N,N,50,0,0,0,,,1749860,5423876,-41.32266994,174.7906171
Wellington City,LIARDET ST,500,N, ,BRITOMART ST,2253790,26/07/02,Fri,2130,BA,CS1C,103A 125A ,,R,D,DO,F , ,N,C,50,0,0,0,,,1748171,5424790,-41.31475294,174.7702224
Wellington City,LIARDET ST,20,S, ,TRAVERS ST,2253621,9/08/02,Fri,2208,DA,CS1,111A 132A 801 ,,M,W,DO,H , ,N,C,50,0,0,0,,,1748176,5424702,-41.31554432,174.7703036
Wellington City,MACDONALD CRESCENT,30,E, ,THE TERRACE,2250636,27/01/02,Sun,1451,MO,VS1CV,140A 371A ,,R,D,B ,F , ,N,C,50,0,0,0,,,1748332,5427458,-41.29070215,174.7714947
Wellington City,MAGINNITY ST,50,N, ,WARING TAYLOR ST,2254169,24/07/02,Wed,1130,MO,CN1V,386A ,M,R,D,B ,F , ,N,C,50,0,0,0,,,1748819,5428450,-41.28168109,174.7770657
Wellington City,MAIDA VALE ROAD,30,N, ,GRAFTON ROAD,2255029,28/09/02,Sat,1520,QD,TS1,612A ,F,E,D,O ,F , ,N,C,50,0,0,0,,,1750918,5427736,-41.2877199,174.8022952
Wellington City,MAIDA VALE ROAD,40,N, ,GRAFTON ROAD,2253708,12/08/02,Mon,900,JA,TS1C,308A 375A 929 ,,R,D,O ,S ,D,N,C,50,0,0,0,,,1750914,5427746,-41.28763062,174.802245
Wellington City,MAIN ROAD,240,S, ,FYVIE AVENUE,2256275,16/12/02,Mon,1115,BA,VS1C,125A 350A ,,R,D,B ,F , ,N,C,50,0,0,0,,,1753366,5441962,-41.15917783,174.8279443
Wellington City,MAIN ROAD,, ,I,LINCOLN AVENUE,2212484,20/06/02,Thu,1750,LB,SN1C,303B 375B 862 ,,R,W,TO,L ,T,G,P,50,0,0,1,,47,1753102,5440936,-41.16846521,174.8250556
Wellington City,MAIN ROAD,, ,I,LINCOLN AVENUE,2254482,12/09/02,Thu,1800,ME,CN1C,371A 387A 927 ,,R,D,TF,F ,D,N,C,50,0,0,0,,,1753102,5440936,-41.16846521,174.8250556
Wellington City,MAIN ROAD,90,S, ,LINDEN AVENUE,2251746,17/04/02,Wed,905,GB,CS1V,158A 175A 387A 929 ,,R,D,O ,F ,D,N,C,50,0,0,0,,,1753441,5442150,-41.15747101,174.8287907
Wellington City,MAIN ROAD,, ,I,LINDEN AVENUE,2256350,24/12/02,Tue,1605,LB,CS1C,303B 375B ,,R,D,O ,F ,T,G,C,50,0,0,0,,,1753487,5442227,-41.15676904,174.8293194
Wellington City,MAIN ROAD,150,N, ,MCLELLAN ST,2212562,26/08/02,Mon,1050,BF,CN1C,121A 358A ,,E,D,B ,F , ,N,C,50,0,0,2,,,1753365,5441810,-41.16054654,174.8279704
Wellington City,MAIN ROAD,, ,I,MCLELLAN ST,2255442,11/11/02,Mon,1550,LB,TS1C,382A 402B ,,R,D,O ,F ,T,G,C,50,0,0,0,,,1753333,5441667,-41.16184008,174.827625
Wellington City,MAIN ROAD,, ,I,MCLELLAN ST,2212835,17/11/02,Sun,1330,LB,CS1C,303B ,,R,W,B ,H ,T,G,C,50,0,0,1,,,1753333,5441667,-41.16184008,174.827625
Wellington City,MAIN ROAD,50,N, ,OXFORD ST,2252449,22/05/02,Wed,1915,CB,CS1,103A 129A ,P,R,D,DO,FS, ,N,X,50,0,0,0,,,1753055,5440416,-41.17315585,174.8246256
Wellington City,MAIN ROAD,40,N, ,REDWOOD AVENUE N,2256602,2/11/02,Sat,1512,EC,4N1,826 903 ,R,R,D,O ,FS, ,N,C,50,0,0,0,,,1753121,5440003,-41.17686178,174.8255153
Wellington City,MAIN ROAD,290,S, ,REDWOOD AVENUE N,2212305,22/09/02,Sun,1210,CC,CS1,501A ,EP,R,W,O ,L , ,N,C,50,0,0,2,,,1753054,5439682,-41.17976452,174.8247971
Wellington City,MAIN ROAD,150,N, ,REDWOOD AVENUE S,2250276,25/01/02,Fri,1805,MC,VN1V,372A 671A ,,R,D,O ,F , ,N,C,50,0,0,0,,,1752994,5439512,-41.18130643,174.8241246
Wellington City,MAIN ROAD,400,S, ,REDWOOD AVENUE S,2253451,3/07/02,Wed,1405,KB,TN1C,308A 929 ,,R,D,B ,F ,D,N,C,50,0,0,0,,,1753233,5439063,-41.18530378,174.8270851
Wellington City,MAIN ROAD,, ,I,SUNRISE BOULEVARD,2255848,7/12/02,Sat,1250,JA,TN1T,145A 302A 387B ,,R,D,O ,F ,T,G,C,50,0,0,0,,,1753123,5439177,-41.18429819,174.8257457
Wellington City,MAIN ROAD,, ,I,SURREY ST,2253484,5/07/02,Fri,1426,FO,CN1C,387A ,,R,D,O ,F ,T,G,P,50,0,0,0,,,1753127,5441035,-41.16756915,174.8253287
Wellington City,MAIN ROAD,50,N, ,THE DRIVE,2250919,28/02/02,Thu,835,FD,CN1C,352A ,,R,D,B ,F , ,N,C,50,0,0,0,,,1753070,5440210,-41.17500771,174.8248558
Wellington City,MAIN ROAD,200,N, ,VICTORY CRESCENT,2255763,13/11/02,Wed,1801,FD,VN1CC,331A ,,R,D,TF,F , ,N,C,50,0,0,0,,,1753253,5441304,-41.16512343,174.8267627
Wellington City,MAIN ROAD,300,N, ,VICTORY CRESCENT,2212595,14/08/02,Wed,1511,AA,SS1C,372A ,,R,D,O ,F , ,N,C,50,0,0,1,,14,1753310,5441386,-41.16437438,174.8274213
Wellington City,MAIN ROAD,, ,I,WILLOWBANK ROAD,2254401,19/08/02,Mon,1530,JC,CN2C,301A ,,R,D,B ,F ,X,S,P,50,0,0,0,,,1753316,5439020,-41.18567522,174.8280851
Wellington City,MAIN ROAD,, ,I,WILLOWBANK ROAD,2213312,17/12/02,Tue,1600,LB,CW1C,145A 303A 387A 801 901 ,,R,W,O ,H ,X,S,P,50,0,0,1,,,1753316,5439020,-41.18567522,174.8280851
Wellington City,MAJORIBANKS ST,, ,I,HAWKER ST,2251011,15/03/02,Fri,815,DB,CN1C,350A ,M,S,D,B ,F ,T,N,C,50,0,0,0,,,1749647,5426946,-41.29506918,174.787318
Wellington City,MAJORIBANKS ST,10,W, ,ROXBURGH ST,2251761,6/04/02,Sat,2245,MG,CW1C,353A 371A ,,R,D,DO,F ,T,N,C,50,0,0,0,,,1749437,5427041,-41.29425276,174.7847877
Wellington City,MALVERN ROAD,100,E, ,CENTENNIAL SBD,2251989,1/03/02,Fri,900,BC,CS1C,129A 831 ,,S,D,O ,F , ,N,N,50,0,0,0,,,1752044,5432717,-41.24266323,174.8144935
Wellington City,MANDALAY TERRACE,150,N, ,ONSLOW ROAD,2254646,11/09/02,Wed,1925,MA,CS1C,378A 832 ,,R,D,DO,F , ,N,C,50,0,0,0,,,1751006,5432178,-41.24771056,174.8022452
Wellington City,MANDALAY TERRACE,200,N, ,ONSLOW ROAD,2256619,11/07/02,Thu,220,EA,CS1C,386A ,M,M,D,DO,F , ,N,C,50,0,0,0,,,1751045,5432208,-41.24743318,174.8027031
Wellington City,MANNERS ST,, ,I,VICTORIA ST,2212870,24/10/02,Thu,1545,QB,TN1,523A ,,E,D,B ,F ,Y,T,R,50,0,0,1,,,1748686,5427488,-41.29036692,174.7757131
Wellington City,MAREWA ROAD,30,S, ,UPOKO ROAD,2250892,6/04/02,Sat,1430,BA,CS1C,132A 801 818 ,,R,W,O ,L , ,N,N,50,0,0,0,,,1750278,5426333,-41.30047099,174.7950022
Wellington City,MARINE PARADE,280,N, ,FERRY ST,2256365,12/11/02,Tue,1540,FA,CS1VC,386A ,M,E,D,OF,F , ,N,C,50,0,0,0,,,1752994,5424435,-41.31704864,174.8279052
Wellington City,MARINE PARADE,, ,A,INGLIS ST,2255278,12/10/02,Sat,220,DB,CE1,111A 135A 810 ,F,S,W,DO,H , ,N,C,50,0,0,0,,,1753428,5423960,-41.32124267,174.8332078
Wellington City,MARION ST,20,N, ,SH 1N,2254190,22/08/02,Thu,1430,MC,CN1C,372A ,,R,D,O ,F , ,N,N,50,0,0,0,,,1748761,5427108,-41.29377441,174.7767013
Wellington City,MARK AVENUE,100,N, ,CARA CRESCENT,2213063,6/09/02,Fri,815,NA,CS1E,370A ,,M,D,B ,F , ,N,C,50,0,0,1,10,,1752391,5436054,-41.21255377,174.8178
Wellington City,MASSEY ROAD,1100,N, ,FORT BALLANCE ROAD,2256262,27/11/02,Wed,1929,DB,CS1,102A 111A 131A ,C,E,W,DN,L , ,N,C,50,0,0,0,,,1753012,5427838,-41.28640743,174.8272645
Wellington City,MASSEY ROAD,2000,N, ,FORT BALLANCE ROAD,2212848,13/11/02,Wed,1700,DA,CN1,111A 132A 431A ,FZ,M,D,B ,F , ,N,C,50,0,0,1,,,1752669,5427521,-41.28932638,174.8232499
Wellington City,MASSEY ROAD,150,S, ,FORT BALLANCE ROAD,2211349,6/01/02,Sun,1530,DB,MN1,111A ,E,S,D,B ,F , ,N,C,50,0,1,0,,,1753582,5427038,-41.29350173,174.8342699
Wellington City,MASSEY ROAD,500,S, ,FORT BALLANCE ROAD,2256475,10/11/02,Sun,1615,BF,CN1V,111A 132A 402A ,,M,D,BN,F , ,N,C,50,0,0,0,,,1753719,5426773,-41.29586148,174.8359722
Wellington City,MASSEY ROAD,500,E, ,PT HALSWELL,2252863,9/06/02,Sun,1840,DA,CN1,111A 403A ,C,S,W,DN,H , ,N,C,50,0,0,0,,,1753148,5427644,-41.28812826,174.8289366
Wellington City,MAUPUIA ROAD,1000,N, ,MIRAMAR AVENUE,2250824,13/02/02,Wed,1315,DA,CS1,135A 801 ,EF,M,W,OF,L , ,N,C,50,0,0,0,,,1752119,5425284,-41.30957043,174.8172438
Wellington City,MAUPUIA ROAD,40,S, ,ZAIDA WAY,2255567,8/11/02,Fri,745,BC,CN1X,121A 401A ,,E,D,O ,F , ,N,C,50,0,0,0,,,1751865,5425214,-41.31024851,174.8142284
Wellington City,MAY ON NBD,30,S, ,SH 1N,2213398,19/11/02,Tue,1835,FD,CN1CCC,112A 181A ,,R,W,O ,HS, ,N,N,100,0,0,1,,,1748996,5429624,-41.2710784,174.7788912
Wellington City,MCLINTOCK ST,50,S, ,MEADOWCROFT GROVE,2254269,9/07/02,Tue,2353,DA,CS1,111A 431A ,CFX,E,W,DO,F , ,N,C,50,0,0,0,,,1750378,5434617,-41.22586823,174.7941529
Wellington City,MEIN ST,, ,I,DANIELL ST,2211472,22/02/02,Fri,1635,BA,CE1C,153A ,,R,D,O ,F ,T,N,C,50,0,0,1,,,1749130,5425238,-41.31054268,174.7815646
Wellington City,MEIN ST,, ,I,DANIELL ST,2213342,12/12/02,Thu,820,LB,SW1C,303B ,,R,D,B ,F ,T,N,C,50,0,0,1,,39,1749130,5425238,-41.31054268,174.7815646
Wellington City,MEIN ST,20,E, ,RIDDIFORD ST,2255245,5/10/02,Sat,1255,FD,CW1C,181A ,,R,D,DF,F , ,N,C,50,0,0,0,,,1748937,5425201,-41.31091146,174.7792691
Wellington City,MEIN ST,40,E, ,RIDDIFORD ST,2254395,29/08/02,Thu,1109,JA,CE1C,308A 930 ,,R,D,B ,F ,D,N,C,50,0,0,0,,,1748956,5425205,-41.31087194,174.779495
Wellington City,MELROSE ROAD,180,E, ,ALBERT ST,2251391,9/03/02,Sat,2210,DB,CN1,103A ,FX,M,D,DO,F , ,N,C,50,0,0,0,,,1748873,5422324,-41.336826,174.7792095
Wellington City,MELROSE ROAD,300,N, ,ALBERT ST,2213378,15/11/02,Fri,1743,CA,SS1V,132A 386A 929 ,,R,D,B ,F ,D,N,N,50,0,0,1,,51,1748926,5422430,-41.33586185,174.7798167
Wellington City,MIDDLETON ROAD,40,S, ,BURDENDALE GROVE,2252928,8/06/02,Sat,120,DA,CN1,111A ,CS,M,D,DO,F , ,N,C,50,0,0,0,,,1751716,5435600,-41.21676811,174.8098648
Wellington City,MIDDLETON ROAD,180,N, ,CHURTON DRIVE,2255876,14/11/02,Thu,1640,DB,CS1,410A ,F,E,D,O ,F , ,N,L,50,0,0,0,,,1751857,5436137,-41.21190684,174.8114126
Wellington City,MIDDLETON ROAD,80,N, ,GLENSIDE ROAD,2252039,4/04/02,Thu,900,LB,CS1C,303B 363B 902 927 ,,R,D,B ,F ,D,N,C,50,0,0,0,,,1751959,5436874,-41.2052522,174.8124455
Wellington City,MIDDLETON ROAD,70,N, ,HALSWATER DRIVE,2251616,18/04/02,Thu,1530,MC,CN1C,372B ,,R,D,O ,F , ,N,L,50,0,0,0,,,1751899,5436660,-41.20719019,174.8117834
Wellington City,MIDDLETON ROAD,200,S, ,RICHMOND HILL,2212862,20/10/02,Sun,1730,DB,CN1,111A ,E,E,D,B ,F , ,N,N,100,0,0,1,,,1753063,5438059,-41.19437528,174.8253102
Wellington City,MIDDLETON ROAD,230,S, ,RICHMOND HILL,2251613,30/03/02,Sat,2130,BF,CN1CC,111A 131A ,EE,E,D,DN,F , ,N,C,100,0,0,0,,,1753039,5438040,-41.19455088,174.8250289
Wellington City,MIDDLETON ROAD,350,S, ,RICHMOND HILL,2212655,30/06/02,Sun,1106,DB,CN1,111A 402A 632A ,EZ,M,D,B ,F , ,N,C,100,0,0,1,,,1752983,5437934,-41.19551582,174.8243879
Wellington City,MIDDLETON ROAD,80,N, ,ROWELLS ROAD,2250601,29/01/02,Tue,2235,DA,CS1,111A ,C,M,D,DN,F , ,N,C,100,0,0,0,,,1752495,5437162,-41.20255845,174.8187636
Wellington City,MIDDLETON ROAD,100,N, ,ROWELLS ROAD,2211332,25/01/02,Fri,1545,DB,CN1,137A ,C,M,D,B ,F , ,N,C,100,0,0,1,,,1752501,5437181,-41.20238626,174.8188304
Wellington City,MIDDLETON ROAD,200,N, ,ROWELLS ROAD,2251693,31/03/02,Sun,1420,BF,CN1C,111A 197A 358A ,C,S,D,B ,F , ,N,C,100,0,0,0,,,1752545,5437269,-41.20158568,174.819333
Wellington City,MIDDLETON ROAD,260,N, ,ROWELLS ROAD,2213627,6/10/02,Sun,520,DB,CN1,111A 351A ,C,M,W,DO,H , ,N,C,100,0,1,1,,,1752585,5437313,-41.20118199,174.8197988
Wellington City,MIDDLETON ROAD,2000,N, ,WESTCHESTER DRIVE EAST,2250909,22/02/02,Fri,1015,DB,CN1,111A 136A 630A ,C,E,D,O ,F , ,N,C,100,0,0,0,,,1753396,5438515,-41.19020677,174.8291651
Wellington City,MILLS ROAD,50,S, ,FORTUNATUS ST,2212387,28/06/02,Fri,1730,BE,VS1BC,101A 112A 132A ,FM,R,W,TO,L , ,N,C,50,0,0,3,,,1747805,5425004,-41.31289335,174.7657998
Wellington City,MILLS ROAD,, ,I,VERONICA ST,2250929,25/02/02,Mon,1050,HA,CE2C,301A 378A 113B 832 ,,R,D,B ,F ,X,S,C,50,0,0,0,,,1747813,5425053,-41.31245072,174.7658834
Wellington City,MIRAMAR AVENUE,, ,I,MAUPUIA ROAD,2213616,7/10/02,Mon,1645,JA,VE1C,309A ,,R,D,O ,F ,T,N,R,50,0,0,1,,,1751725,5424711,-41.31480348,174.8126822
Wellington City,MIRAMAR AVENUE,, ,I,MAUPUIA ROAD,2252864,13/06/02,Thu,1730,BA,CW1C,130A 402A ,,R,D,O ,F ,T,N,P,50,0,0,0,,,1751725,5424711,-41.31480348,174.8126822
Wellington City,MIRAMAR AVENUE,90,W, ,PARA ST,2212681,2/09/02,Mon,1248,EA,CE1CC,501A ,MM,R,D,O ,F , ,N,P,50,0,0,1,,,1752179,5424445,-41.3171128,174.8181702
Wellington City,MIRAMAR AVENUE,, ,I,PARK ROAD,2256218,6/12/02,Fri,1425,KB,CW1C,302B ,,R,D,OF,F ,T,G,C,50,0,0,0,,,1752017,5424540,-41.31628805,174.8162119
Wellington City,MIRAMAR AVENUE,20,S, ,STONE ST,2250261,3/01/02,Thu,1620,FC,CE1CC,331A ,,R,D,B ,FS, ,N,X,50,0,0,0,,,1751967,5424569,-41.31603638,174.8156075
Wellington City,MIRAMAR AVENUE,30,W, ,STONE ST,2212708,6/05/02,Mon,1740,KB,VW1S,312B 352B 534B 602B ,,R,D,TO,F , ,N,X,50,0,0,1,,11,1751924,5424594,-41.3158194,174.8150878
Wellington City,MIRAMAR AVENUE,50,W, ,STONE ST,2212084,13/05/02,Mon,1520,NB,CW1E,306A 363A 902 ,,R,D,B ,F , ,N,X,50,0,1,0,4,,1751906,5424604,-41.31573276,174.8148704
Wellington City,MIRAMAR AVENUE,50,W, ,STONE ST,2254069,27/08/02,Tue,1445,JC,XN1C,308A 381A 925 ,,R,D,O ,FS,D,N,P,50,0,0,0,,,1751906,5424604,-41.31573276,174.8148704
Wellington City,MIRAMAR AVENUE,, ,I,TAUHINU ROAD,2250895,31/03/02,Sun,1920,JC,CS2C,102A 302A 901 ,,R,W,DO,H ,X,G,C,50,0,0,0,,,1751782,5424678,-41.31508986,174.8133711
Wellington City,MIRAMAR AVENUE,, ,I,TAUHINU ROAD,2252901,28/06/02,Fri,1800,JA,VE1C,382B ,,R,W,TO,L ,X,G,C,50,0,0,0,,,1751782,5424678,-41.31508986,174.8133711
Wellington City,MITCHELL ST,50,S, ,APUKA ST,2250915,12/02/02,Tue,1430,EE,CS1C,374B ,Q,M,D,B ,F , ,N,C,50,0,0,0,,,1747351,5426157,-41.30259538,174.7600991
Wellington City,MITCHELL ST,, ,I,TODMAN ST,2250701,16/02/02,Sat,2330,BC,CN2C,103A ,,S,D,DO,F ,Y,N,C,50,0,0,0,,,1747309,5425847,-41.30539414,174.7596727
Wellington City,MOA POINT ROAD,200,W, ,BREAKER BAY ROAD,2211927,26/01/02,Sat,1630,BF,PE1VC,135A ,,M,D,B ,F , ,N,C,50,0,0,1,,,1752203,5421715,-41.34168694,174.8191406
Wellington City,MOA POINT ROAD,470,W, ,BREAKER BAY ROAD,2253669,13/07/02,Sat,500,DB,CE1,111A 121A 131A ,P,M,W,DN,LS, ,N,C,50,0,0,0,,,1752028,5421533,-41.34335855,174.8170955
Wellington City,MOA POINT ROAD,850,W, ,BREAKER BAY ROAD,2254887,13/09/02,Fri,900,DA,CW1,195A ,G,E,D,B ,F , ,N,C,50,0,0,0,,,1751717,5421673,-41.34215672,174.8133452
Wellington City,MOA POINT ROAD,150,E, ,COCHRANE ST,2255116,23/10/02,Wed,1650,DB,CN1,111A ,,M,D,B ,F , ,N,C,50,0,0,0,,,1751072,5423164,-41.32885409,174.8052689
Wellington City,MOA POINT ROAD,150,E, ,STEWART DUFF DRIVE,2251353,26/04/02,Fri,1345,DB,CS1,102A 191A 524A ,K,M,D,O ,F , ,N,C,50,0,0,0,,,1751477,5422236,-41.33713307,174.8103376
Wellington City,MOA POINT ROAD,, ,I,STEWART DUFF DRIVE,2250319,8/02/02,Fri,1120,JA,CE1V,302A ,,R,D,O ,FS,T,G,C,50,0,0,0,,,1751378,5422347,-41.33615232,174.8091273
Wellington City,MOLESWORTH ST,, ,I,AITKEN ST,2212533,4/06/02,Tue,1720,HA,MN1C,302A ,,R,D,TO,F ,X,G,R,50,0,0,1,,,1748889,5428972,-41.27696838,174.7777736
Wellington City,MOLESWORTH ST,10,N, ,HAWKESTONE ST,2211529,22/04/02,Mon,909,NB,CN1E,711B ,,R,D,B ,F ,T,N,C,50,0,0,1,50,,1748901,5429202,-41.27489538,174.7778606
Wellington City,MOLESWORTH ST,80,N, ,HAWKESTONE ST,2252760,31/05/02,Fri,1650,EA,CN1C,129A ,M,R,D,O ,F , ,N,C,50,0,0,0,,,1748904,5429272,-41.27426458,174.7778793
Wellington City,MOLESWORTH ST,, ,I,MAY ON NBD,2256523,15/11/02,Fri,1720,GB,CN1C,172A ,,R,D,B ,F ,T,N,C,50,0,0,0,,,1748908,5429342,-41.2736336,174.77791
Wellington City,MOLESWORTH ST,, ,I,PIPITEA ST,2252387,22/04/02,Mon,825,KB,CN1C,302A 375B ,,R,D,B ,F ,T,G,C,50,0,0,0,,,1748897,5429139,-41.27546333,174.7778283
Wellington City,MOLESWORTH ST,, ,I,TINAKORI ROAD,2252737,24/06/02,Mon,1745,LB,CS1C,303A ,,R,D,TN,F ,X,T,C,50,0,0,0,,,1748884,5429555,-41.27172029,174.7775715
Wellington City,MONRO ST,, ,I,LUDLAM ST,2255117,20/10/02,Sun,1230,HA,BS1C,309A ,,R,W,O ,H ,X,N,C,50,0,0,0,,,1753449,5423599,-41.3244888,174.8335497
Wellington City,MOOREFIELD ROAD,, ,I,BRODERICK ROAD,2250898,30/03/02,Sat,2050,LB,VE1C,102A 322B ,,R,D,DO,F ,X,T,C,50,0,0,0,,,1751177,5434767,-41.22436882,174.8036441
Wellington City,MOOREFIELD ROAD,, ,I,BRODERICK ROAD,2251066,10/03/02,Sun,1456,LB,VE2C,303A 382B ,,R,D,B ,F ,X,T,C,50,0,0,0,,,1751177,5434767,-41.22436882,174.8036441
Wellington City,MOOREFIELD ROAD,50,S, ,FRANKMOORE AVENUE,2255842,18/12/02,Wed,1800,FD,CW1CC,331A ,,E,D,B ,F , ,N,X,50,0,0,0,,,1751340,5434966,-41.22254667,174.8055385
Wellington City,MOOREFIELD ROAD,50,S, ,FRANKMOORE AVENUE,2252648,30/05/02,Thu,855,EA,CN1C,363A 902 ,M,R,D,B ,F , ,N,P,50,0,0,0,,,1751340,5434966,-41.22254667,174.8055385
Wellington City,MOOREFIELD ROAD,, ,I,HAUMIA ST,2255235,13/10/02,Sun,1000,CA,CS1,501A ,IS,R,D,O ,F ,R,G,R,50,0,0,0,,,1750895,5434211,-41.22942736,174.8004186
Wellington City,MOOREFIELD ROAD,20,S, ,HELSTON ROAD,2250572,18/01/02,Fri,2151,GB,CS1C,158A 387A 927 ,,E,D,DO,F ,D,N,R,50,0,0,0,,,1751513,5435155,-41.22081265,174.8075546
Wellington City,MOOREFIELD ROAD,, ,I,JOHNSONVILLE ROAD,2212323,4/07/02,Thu,1150,HA,CS1C,309A 507A ,,E,W,O ,H ,R,G,R,50,0,0,1,,,1751503,5435082,-41.22147177,174.8074535
Wellington City,MOOREFIELD ROAD,, ,I,JOHNSONVILLE ROAD,2252366,20/04/02,Sat,22,HA,CS1C,302A ,,E,D,DO,F ,R,G,R,50,0,0,0,,,1751503,5435082,-41.22147177,174.8074535
Wellington City,MOOREFIELD ROAD,, ,I,JOHNSONVILLE ROAD,2253532,19/07/02,Fri,700,LB,CS1V,302A ,,E,D,TO,F ,R,G,R,50,0,0,0,,,1751503,5435082,-41.22147177,174.8074535
Wellington City,MOOREFIELD ROAD,, ,I,JOHNSONVILLE ROAD,2253715,30/07/02,Tue,800,HA,CS1V,302A ,,E,D,B ,F ,R,G,R,50,0,0,0,,,1751503,5435082,-41.22147177,174.8074535
Wellington City,MOOREFIELD ROAD,, ,I,JOHNSONVILLE ROAD,2256497,24/10/02,Thu,650,HA,CS1C,302A ,,E,D,BF,F ,R,G,R,50,0,0,0,,,1751503,5435082,-41.22147177,174.8074535
Wellington City,MOOREFIELD ROAD,40,N, ,WANAKA ST,2212524,8/06/02,Sat,420,NB,CN1E,370A 105B 714B ,,R,W,DO,F , ,N,C,50,0,1,0,21,,1751297,5434927,-41.22290584,174.8050354
Wellington City,MOOREFIELD ROAD,, ,I,WANAKA ST,2212515,8/06/02,Sat,1200,NA,CE1E,383A 719B ,,R,D,B ,F ,T,N,X,50,0,0,1,58,,1751266,5434901,-41.22314573,174.8046722
Wellington City,MORTON ST,, ,I,STANLEY ST,2212688,21/07/02,Sun,1435,DA,CS2C,133A ,FM,R,D,O ,F ,T,N,C,50,0,0,2,,,1748357,5424051,-41.32137228,174.7726239
Wellington City,MORTON ST,, ,I,STANLEY ST,2255343,14/10/02,Mon,840,MG,XS2C,124A 371A ,,R,D,O ,F ,T,N,C,50,0,0,0,,,1748357,5424051,-41.32137228,174.7726239
Wellington City,MOUNT ALBERT ROAD,200,S, ,LAVAUD ST,2213265,6/10/02,Sun,1525,DA,CN1,111A ,ETX,S,D,B ,FS, ,N,C,50,0,0,1,,,1748930,5423587,-41.32544422,174.7795809
Wellington City,MOUNT ALBERT ROAD,100,E, ,VOLGA ST,2252394,17/02/02,Sun,200,DA,CS1,103A 111A 131A ,C,S,D,DO,F , ,N,C,50,0,0,0,,,1749029,5423173,-41.32915332,174.7808648
Wellington City,MOUNT ALBERT ROAD,100,W, ,VOLGA ST,2252769,13/06/02,Thu,2245,DB,CS1,111A 121A 332A 801 ,P,S,W,DO,L , ,N,C,50,0,0,0,,,1748890,5423273,-41.32827867,174.77918
Wellington City,MOXHAM AVENUE,20,N, ,TAPIRI ST,2251614,14/04/02,Sun,1405,EE,BS1C,129A 374A ,M,R,D,B ,FS, ,N,C,50,0,0,0,,,1750139,5425739,-41.30584485,174.7934892
Wellington City,MULGRAVE ST,, ,I,LAMBTON QUAY,2250621,27/01/02,Sun,1640,AC,CS1C,372A 404A ,,E,D,B ,F ,X,T,C,50,0,0,0,,,1749069,5428859,-41.27795257,174.7799495
Wellington City,MURCHISON ST,250,E, ,HAPPY VALLEY ROAD,2213258,23/11/02,Sat,2020,AD,VE1,103A 125A 532A ,CT,R,D,DO,F , ,N,C,50,0,0,1,,,1747237,5422569,-41.3349207,174.7596069