TLA NAME,CRASH ROAD,CRASH DIST,CRASH DIRN,INTSN,SIDE ROAD,CRASH ID,CRASH DATE,CRASH DOW,CRASH TIME,MVMT,VEHICLES,CAUSES,OBJECTS STRUCK,ROAD CURVE,ROAD WET,LIGHT,WTHRa,JUNC TYPE,TRAF CTRL,ROAD MARK,SPD LIM,CRASH FATAL CNT,CRASH SEV CNT,CRASH MIN CNT,PERS AGE1,PERS AGE2,EASTING,NORTHING,latitude,longitude
Wellington City,MURPHY ST,, ,I,TURNBULL ST,2254413,9/08/02,Fri,1250,HA,CW1C,308A 351A 402A 330B 927 ,,R,D,O ,F ,D,N,C,50,0,0,0,,,1748996,5429283,-41.27414858,174.7789746
Wellington City,NALANDA CRESCENT,, ,I,BANDIPUR TERRACE,2254070,27/08/02,Tue,840,LB,CE1V,111A 197A ,,E,W,O ,F ,T,N,N,50,0,0,0,,,1750363,5433676,-41.23434327,174.7942057
Wellington City,NAUGHTON TERRACE,20,E, ,DUNCAN TERRACE,2252367,19/04/02,Fri,1210,CC,CW1C,125A 358A ,M,R,D,O ,FF, ,N,P,50,0,0,0,,,1749926,5424506,-41.31698557,174.79125
Wellington City,NEVAY ROAD,500,N, ,GLENVILLE ROAD,2254792,22/09/02,Sun,1825,DA,CS1,133A 431A ,F,M,D,TF,F , ,N,N,50,0,0,0,,,1753111,5426597,-41.29756161,174.8287583
Wellington City,NEWLANDS OFF NBD,200,N, ,SH 1N,2256175,25/12/02,Wed,1314,DA,VN1,132A 801 ,,M,W,OF,LS, ,N,N,80,0,0,0,,,1751460,5433737,-41.23358938,174.8072743
Wellington City,NEWLANDS OFF NBD,200,N, ,SH 1N,2256188,6/12/02,Fri,2010,DA,CN1,102A 133A ,ET,M,W,TF,F , ,N,R,80,0,0,0,,,1751460,5433737,-41.23358938,174.8072743
Wellington City,NEWLANDS OFF SBD,30,S, ,JOHNSONVILLE ON SBD,2256257,2/12/02,Mon,1050,AA,CS1T,372A ,,E,D,O ,F , ,N,C,50,0,0,0,,,1751678,5434175,-41.22960506,174.8097655
Wellington City,NEWLANDS ROAD,10,S, ,BLACK ROCK ROAD,2255841,17/12/02,Tue,1520,FD,CN1C,191A 801 ,,R,W,O ,L ,T,N,C,50,0,0,0,,,1752417,5434286,-41.22846679,174.818551
Wellington City,NEWLANDS ROAD,100,W, ,BRACKEN ROAD,2256464,6/12/02,Fri,1855,DA,CE1,102A ,F,E,W,O ,L , ,N,C,50,0,0,0,,,1752768,5434796,-41.2238089,174.8226094
Wellington City,NEWLANDS ROAD,30,E, ,HURRING PLACE,2256479,31/10/02,Thu,1530,FB,CW1C,181A 402A 928 ,,E,D,BF,F ,D,N,P,50,0,0,0,,,1751974,5433980,-41.23130516,174.8133441
Wellington City,NEWLANDS ROAD,20,W, ,HURRING PLACE,2252246,22/03/02,Fri,715,FB,CW1C,181A 927 ,,R,D,B ,F ,D,N,L,50,0,0,0,,,1751925,5433973,-41.23137739,174.8127614
Wellington City,NEWLANDS ROAD,, ,I,NEWLANDS OFF SBD,2253428,16/05/02,Thu,1245,KA,CE1C,309A 355A ,,E,D,O ,F ,Y,G,P,50,0,0,0,,,1751853,5433974,-41.2313819,174.8119025
Wellington City,NEWLANDS ROAD,, ,I,NEWLANDS ON SBD,2256627,22/12/02,Sun,1505,DB,CW1,132A 524A ,T,E,D,B ,F ,Y,N,R,50,0,0,0,,,1751853,5433974,-41.2313819,174.8119025
Wellington City,NEWLANDS ROAD,200,W, ,WAKELY ROAD,2251108,18/03/02,Mon,540,CA,TW1,135A 823 901 ,X,R,W,DO,H , , ,C,50,0,0,0,,,1752174,5434087,-41.2303042,174.8157027
Wellington City,NGAIO GORGE ROAD,300,E, ,KENYA ST,2255459,1/11/02,Fri,50,DA,CW1,103A 410A ,C,M,D,DN,F , ,N,L,50,0,0,0,,,1748577,5431175,-41.25719114,174.773513
Wellington City,NGAIO GORGE ROAD,60,E, ,PERTH ST,2211671,6/04/02,Sat,2330,DA,CW1,111A 131A 692A ,IP,M,W,DO,F , ,N,L,50,0,0,1,,,1748531,5431286,-41.25620021,174.7729371
Wellington City,NGAIO GORGE ROAD,20,W, ,PERTH ST,2253184,14/07/02,Sun,35,BB,CW1X,103A 123A ,,M,W,DO,L , ,N,C,50,0,0,0,,,1748453,5431279,-41.25627756,174.7720082
Wellington City,NGAURANGA ON NBD,, ,I,CENTENNIAL NBD,2256084,30/10/02,Wed,800,GF,TN1C,129A 386A ,,E,D,B ,F ,X,T,R,100,0,0,0,,,1751936,5432198,-41.24735626,174.8133344
Wellington City,NORMANBY ST,30,E, ,RIDDIFORD ST,2252481,18/05/02,Sat,1400,JA,CE1C,308A 377A 839 927 ,,R,D,B ,F ,D,N,N,50,0,0,0,,,1749035,5424763,-41.31483685,174.7805466
Wellington City,NORNA CRESCENT,, ,I,RAROA ROAD,2254166,8/08/02,Thu,1020,MG,CN1T,371A 386A ,,S,D,O ,F ,T,G,N,50,0,0,0,,,1747222,5427575,-41.28985193,174.7582159
Wellington City,NORTHLAND ROAD,30,S, ,FARM ROAD,2253533,12/07/02,Fri,1405,MA,VS1B,373A 373B ,,R,D,O ,F , ,N,C,50,0,0,0,,,1747116,5428273,-41.28358678,174.7567819
Wellington City,NORTHLAND ROAD,50,W, ,GARDEN ROAD,2211010,24/01/02,Thu,1140,MO,CW1C,403A 423A 507A ,Q,R,D,B ,F , ,N,C,50,0,0,1,,,1747138,5428294,-41.2833937,174.7570395
Wellington City,NORTHLAND ROAD,150,N, ,NORTHLAND TUNNEL ROAD,2253664,16/07/02,Tue,850,BB,CW1C,124A 817 ,,M,D,B ,F , ,N,C,50,0,0,0,,,1747185,5428305,-41.2832861,174.7575978
Wellington City,NORTHLAND ROAD,, ,I,RANDWICK ROAD,2254163,7/08/02,Wed,2120,JA,CE1C,111A 301A 831 ,,M,D,DO,F ,T,S,C,50,0,0,0,,,1747242,5428324,-41.28310464,174.7582736
Wellington City,NORWICH ST,200,E, ,WILTON ROAD,2256386,5/12/02,Thu,1015,BB,BW1C,123A ,,S,D,BF,F , ,N,C,50,0,0,0,,,1747847,5430287,-41.26532017,174.7650185
Wellington City,OHARIU VALLEY ROAD,500,E, ,IRONSIDE ROAD,2255277,9/10/02,Wed,1155,DB,CN1,111A 132A ,EF,S,D,DN,F , ,N,C,50,0,0,0,,,1750585,5436039,-41.21302681,174.796271
Wellington City,OHARIU VALLEY ROAD,100,N, ,IRONSIDE ROAD,2254663,15/08/02,Thu,1630,QG,TS1C,683A ,,R,D,O ,F , ,N,C,50,0,0,0,,,1750655,5435801,-41.21515661,174.7971642
Wellington City,OHARIU VALLEY ROAD,1100,E, ,RIFLE RANGE ROAD,2211708,1/03/02,Fri,1630,BF,CW1T,132A 818 ,,S,W,O ,L , ,N,C,100,0,0,1,,,1749349,5436118,-41.21254453,174.7815148
Wellington City,OHARIU VALLEY ROAD,2000,E, ,RIFLE RANGE ROAD,2256499,30/10/02,Wed,2230,DB,CW1,111A 332A 632A ,F,M,D,DN,F , ,N,C,100,0,0,0,,,1749979,5436094,-41.21264413,174.7890321
Wellington City,OHIRO ROAD,100,S, ,ARO ST,2252763,9/06/02,Sun,1430,BD,VS1C,125A 818 ,,E,W,O ,L , ,N,C,50,0,0,0,,,1748124,5426793,-41.29672765,174.7691735
Wellington City,OHIRO ROAD,120,S, ,ARO ST,2212961,24/09/02,Tue,1700,BB,CN1CC,123A 111B 132B 443C 839 ,,M,D,TF,F , ,N,C,50,0,0,1,,,1748119,5426774,-41.29689963,174.7691184
Wellington City,OHIRO ROAD,10,S, ,CLEVELAND ST,2250545,15/01/02,Tue,900,QG,VN1C,665A ,M,R,W,O ,L ,X,T,C,50,0,0,0,,,1747616,5425835,-41.30544607,174.7633412
Wellington City,OHIRO ROAD,600,S, ,CLEVELAND ST,2212904,20/09/02,Fri,2330,DA,CS1E,110A 135A 632A 803 ,C,E,I,DO,L , , ,C,50,0,0,2,20,,1747508,5425258,-41.31066084,174.7621916
Wellington City,OHIRO ROAD,, ,I,HELEN ST,2213620,20/12/02,Fri,2139,KA,CN1C,101A ,,R,D,DO,F ,Y,N,L,50,0,1,1,,,1747667,5426101,-41.30304181,174.7638856
Wellington City,OHIRO ROAD,, ,I,HELEN ST,2254854,11/09/02,Wed,1320,BC,CN1X,122A ,,R,D,B ,F ,Y,N,C,50,0,0,0,,,1747667,5426101,-41.30304181,174.7638856
Wellington City,OHIRO ROAD,100,N, ,MAARAMA CRESCENT,2211498,14/02/02,Thu,1600,BF,VN1V,132A 801 818 ,,S,W,O ,H , ,N,C,50,0,0,1,,,1748112,5426759,-41.29703597,174.7690385
Wellington City,OHIRO ROAD,, ,I,MCKINLEY CRESCENT,2212985,16/09/02,Mon,1405,BA,CN1V,125A 501A ,,R,D,B ,F ,T,G,C,50,0,0,2,,,1747596,5425718,-41.30650314,174.7631308
Wellington City,OHIRO ROAD,, ,I,TODMAN ST,2251425,16/03/02,Sat,1230,FE,CN1C,103A 331A ,,R,D,B ,F ,X,T,C,50,0,0,0,,,1747614,5425844,-41.30536541,174.7633151
Wellington City,OLD KARORI ROAD,, ,I,KARORI ROAD,2254995,28/09/02,Sat,1420,MC,CN1C,372A 920 ,,E,D,O ,F ,D,N,C,50,0,0,0,,,1746645,5428577,-41.28093537,174.7510868
Wellington City,OLD PORIRUA ROAD,220,W, ,KAIWHARAWHARA ROAD,2256368,29/11/02,Fri,1620,BB,CS1C,132A 818 ,,S,D,OF,M , ,N,N,50,0,0,0,,,1749479,5431132,-41.25741197,174.7842854
Wellington City,OLD PORIRUA ROAD,510,W, ,KAIWHARAWHARA ROAD,2255156,13/09/02,Fri,700,BB,VW1V,123A 330A ,,M,D,B ,F , ,N,N,50,0,0,0,,,1749309,5431165,-41.25714628,174.7822491
Wellington City,ONEPU ROAD,, ,I,CRUICKSHANK ST,2212024,11/04/02,Thu,1500,LB,CN1CCC,112A 303B ,HMM,R,D,O ,F ,T,N,L,50,0,0,1,,,1750265,5424051,-41.32101899,174.7954107
Wellington City,ONSLOW ROAD,300,N, ,HUTT ROAD,2254296,21/08/02,Wed,2230,BC,CN1C,101A 121A ,,S,D,DO,F , ,N,C,50,0,0,0,,,1750962,5431621,-41.25273367,174.8018582
Wellington City,ONSLOW ROAD,80,E, ,LOHIA ST,2256537,9/11/02,Sat,2302,DB,XE1,111A ,F,M,W,DO,F , ,N,C,50,0,0,0,,,1751133,5431930,-41.24991967,174.8038217
Wellington City,ORIENTAL PARADE,15,N, ,CABLE ST,2212087,10/05/02,Fri,935,FB,BS1C,181A 927 ,,E,D,B ,F ,D,N,R,50,0,0,2,,,1749499,5427234,-41.29250363,174.7854804
Wellington City,ORIENTAL PARADE,, ,A,CABLE ST,2253788,4/06/02,Tue,1327,EE,VS1C,200A 374B ,M,R,D,B ,F , ,N,N,50,0,0,0,,,1749487,5427226,-41.29257788,174.7853391
Wellington City,ORIENTAL PARADE,200,E, ,CARLTON GORE ROAD,2254268,27/07/02,Sat,125,DA,CE1,104A 111A 131A ,,E,D,DO,F , ,N,C,50,0,0,0,,,1750873,5427810,-41.28706207,174.8017398
Wellington City,ORIENTAL PARADE,50,E, ,HERD ST,2213443,7/11/02,Thu,1730,MA,SE1C,372B ,,R,D,B ,F , ,N,C,50,0,0,1,,37,1749640,5427318,-41.29172122,174.787143
Wellington City,ORIENTAL PARADE,100,E, ,HERD ST,2253632,9/08/02,Fri,200,CA,CW1,103A 130A ,I,R,W,DO,L , ,N,X,50,0,0,0,,,1749690,5427321,-41.29168493,174.7877391
Wellington City,ORIENTAL PARADE,200,E, ,HERD ST,2253852,17/08/02,Sat,2000,DA,CW1C,131A 801 ,M,M,W,DO,L , ,N,P,50,0,0,0,,,1749789,5427330,-41.29158554,174.7889187
Wellington City,ORIENTAL PARADE,300,E, ,HERD ST,2250634,27/01/02,Sun,1350,FC,CW1C,331A ,,R,D,B ,F , ,N,X,50,0,0,0,,,1749876,5427380,-41.29111922,174.7899449
Wellington City,ORIENTAL PARADE,800,E, ,HERD ST,2213052,18/08/02,Sun,1520,MA,SW1C,380B ,,R,D,B ,F , ,N,C,50,0,0,1,,25,1750335,5427376,-41.29106988,174.7954251
Wellington City,ORIENTAL PARADE,15,W, ,ORIENTAL TERRACE,2250908,27/02/02,Wed,2120,EA,CW1V,358A ,M,E,D,DO,F , ,N,C,50,0,0,0,,,1750159,5427352,-41.29131872,174.7933301
Wellington City,ORIENTAL PARADE,100,W, ,ORIENTAL TERRACE,2252975,8/06/02,Sat,315,DA,CN1C,103A 131A ,M,M,W,DO,F , ,N,C,50,0,0,0,,,1750080,5427380,-41.29108132,174.7923801
Wellington City,ORIENTAL PARADE,200,W, ,ORIENTAL TERRACE,2254973,24/08/02,Sat,305,DA,VE1V,111A ,GM,M,D,DO,F , ,N,C,50,0,0,0,,,1749992,5427426,-41.29068352,174.7913183
Wellington City,ORIENTAL PARADE,280,W, ,ORIENTAL TERRACE,2213311,29/11/02,Fri,1520,NA,XW1E,359A 717B 801 ,,R,W,O ,L , ,N,X,50,0,0,1,11,,1749918,5427403,-41.29090435,174.7904406
Wellington City,ORIENTAL PARADE,, ,I,ORIENTAL TERRACE,2213387,16/11/02,Sat,1250,BF,CE1CC,501A ,M,E,W,OF,L ,T,N,C,50,0,0,1,,,1750174,5427350,-41.29133394,174.7935096
Wellington City,OTTAWA ROAD,50,S, ,AWARUA ST,2213418,5/12/02,Thu,1558,BC,CS1C,350A ,,E,D,O ,F , ,N,C,50,0,1,1,,,1748687,5432183,-41.24809537,174.7745797
Wellington City,OTTAWA ROAD,, ,I,AWARUA ST,2213417,19/12/02,Thu,1515,LB,CN1S,302A ,,E,D,B ,F ,R,G,R,50,0,0,1,,50,1748700,5432229,-41.24767882,174.7747236
Wellington City,OWEN ST,15,N, ,LAWRENCE ST,2250324,25/01/02,Fri,1604,MD,CS1X,308A 377B 929 ,,R,D,B ,F ,D,N,N,50,0,0,0,,,1749447,5424571,-41.31648926,174.7855138
Wellington City,OWEN ST,100,S, ,LAWRENCE ST,2256061,29/11/02,Fri,1325,LB,CN1C,112A 303A 357B 930 ,,R,W,O ,M ,D,N,C,50,0,0,0,,,1749470,5424459,-41.31749337,174.785816
Wellington City,PALLISER ROAD,100,E, ,BAYVIEW TERRACE,2212505,15/08/02,Thu,1218,BD,BE1C,111A 132A ,,M,W,O ,F , ,N,C,50,0,0,2,,,1750090,5427071,-41.2938615,174.7925757
Wellington City,PALLISER ROAD,500,W, ,ROSENEATH TERRACE,2255009,26/09/02,Thu,2330,DB,CS1,103A 133A ,E,S,D,DO,F , ,N,C,50,0,0,0,,,1750239,5427059,-41.29394182,174.7943574
Wellington City,PARK ROAD,30,N, ,MIRAMAR AVENUE,2256613,5/12/02,Thu,1845,MB,MS1C,382A ,,R,D,B ,F , ,N,C,50,0,0,0,,,1752033,5424566,-41.31605095,174.8163964
Wellington City,PARK ROAD,80,N, ,MIRAMAR AVENUE,2252712,28/06/02,Fri,919,MC,CN1V,372A ,,R,D,O ,H , ,N,C,50,0,0,0,,,1752059,5424608,-41.31566791,174.8166964
Wellington City,PARK ROAD,80,N, ,MIRAMAR AVENUE,2252651,28/05/02,Tue,910,MF,CE1C,373B ,,R,D,B ,F , ,N,C,50,0,0,0,,,1752059,5424608,-41.31566791,174.8166964
Wellington City,PARK ROAD,100,N, ,MIRAMAR AVENUE,2250320,5/02/02,Tue,1512,MF,CN1C,371B ,,R,D,O ,F , ,N,C,50,0,0,0,,,1752070,5424625,-41.31551278,174.8168235
Wellington City,PARK ST,15,E, ,GRANT ROAD,2211149,12/02/02,Tue,1440,NC,VS1E,711B ,,R,D,B ,F ,T,S,C,50,0,0,1,19,,1748798,5429641,-41.27096183,174.7765242
Wellington City,PEMBROKE ROAD,50,N, ,ALBEMARLE ROAD,2256174,8/12/02,Sun,2045,GB,CN1C,158A 929 ,,M,W,DO,L ,D,N,C,50,0,0,0,,,1747518,5428854,-41.27828239,174.7614395
Wellington City,PEMBROKE ROAD,, ,I,CHESHIRE ST,2252703,12/05/02,Sun,330,EA,VN1C,101A 386A 400A 517A 817 ,M,R,D,DO,F ,T,N,C,50,0,0,0,,,1747327,5429146,-41.27568822,174.7590893
Wellington City,PEMBROKE ST,, ,I,MAGDALEN ST,2253228,12/07/02,Fri,2045,DB,CN1,102A 111A ,P,R,W,DO,H ,T,N,C,50,0,0,0,,,1752742,5439709,-41.1795803,174.8210723
Wellington City,PICKERING ST,20,N, ,KAIWHARAWHARA ROAD,2255307,1/10/02,Tue,1130,EA,CN1C,129A ,M,R,D,B ,F , ,N,C,50,0,0,0,,,1749914,5430861,-41.25977132,174.7895421
Wellington City,PIPITEA ST,100,E, ,MOLESWORTH ST,2253623,6/08/02,Tue,1815,JA,CW1C,308A 927 ,,R,D,DO,F ,D,N,N,50,0,0,0,,,1748997,5429133,-41.27549891,174.7790232
Wellington City,PLYMOUTH ST,, ,I,DUTHIE ST,2212454,2/08/02,Fri,1130,HA,CW1C,302A 375A ,,R,D,O ,F ,X,G,C,50,0,0,2,,,1746333,5427867,-41.28738453,174.7475335
Wellington City,PORTLAND CRESCENT,60,N, ,HAWKESTONE ST,2255158,25/10/02,Fri,1215,EA,CS1C,386A ,M,E,D,O ,F , ,N,N,50,0,0,0,,,1748808,5429256,-41.27442633,174.7767375
Wellington City,PROSPECT TERRACE,100,S, ,WOODLAND ROAD,2253701,9/07/02,Tue,1900,MG,CS1C,371A ,,R,D,DO,F , ,N,N,50,0,0,0,,,1750844,5434898,-41.22325152,174.7996407
Wellington City,PUNJAB ST,, ,I,KABUL ST,2252382,6/04/02,Sat,45,DB,CS1,132A ,F,M,D,DO,F ,Y,N,N,50,0,0,0,,,1749648,5431567,-41.25346419,174.7861951
Wellington City,QUEENS DRIVE,30,S, ,COUTTS ST,2255847,1/12/02,Sun,2110,MA,XN1C,143A 373A 381B ,,R,D,DO,F , ,N,C,50,0,0,0,,,1750138,5424153,-41.32012431,174.7938688
Wellington City,QUEENS DRIVE,, ,I,COUTTS ST,2250893,6/04/02,Sat,1300,KB,CN1C,302A ,,M,W,O ,L ,T,G,C,50,0,0,0,,,1750145,5424182,-41.31986191,174.7939453
Wellington City,QUEENS DRIVE,, ,I,CRUICKSHANK ST,2251621,19/04/02,Fri,2200,EA,CN1C,101A ,M,E,D,DO,F ,T,N,C,50,0,0,0,,,1750121,5424089,-41.32070368,174.7936816
Wellington City,QUEENS DRIVE,300,N, ,HUNGERFORD ROAD,2252470,13/05/02,Mon,730,GE,BS1C,157A 930 ,,E,W,O ,F ,D,N,C,50,0,0,0,,,1749875,5422502,-41.3350377,174.7911351
Wellington City,QUEENS DRIVE,10,N, ,RUA ST,2251653,6/04/02,Sat,1145,MA,CN1C,373A ,,R,W,O ,H ,X,G,C,50,0,0,0,,,1749940,5423069,-41.32992074,174.7917716
Wellington City,QUEENS DRIVE,160,N, ,THE ESPLANADE,2252564,8/05/02,Wed,1330,MO,CS1C,371A 381A ,,R,D,B ,F , ,N,N,50,0,0,0,,,1749786,5421351,-41.34541704,174.7903559
Wellington City,RAKAU ROAD,100,S, ,HAPUA ST,2211017,17/01/02,Thu,955,CA,CW1,423A 929 ,EFH,R,D,B ,F ,D,N,N,50,0,0,1,,,1750149,5426332,-41.300504,174.7934623
Wellington City,RANUI TERRACE,, ,I,KOWHAI ST,2252996,22/06/02,Sat,2130,JA,CN1V,309B ,,E,D,DO,F ,T,N,N,50,0,0,0,,,1753914,5441807,-41.16046954,174.8345116
Wellington City,RAROA CRESCENT,, ,I,NORTHLAND TUNNEL ROAD,2256066,21/11/02,Thu,957,GA,CN1V,181A 387A ,,E,D,B ,F ,X,S,L,50,0,0,0,,,1746949,5428030,-41.28580506,174.7548472
Wellington City,RAROA ROAD,200,N, ,MOUNT PLEASANT ROAD,2213414,15/12/02,Sun,2000,DA,CN1C,103A 132A ,CM,M,D,TF,F , ,N,C,50,0,1,1,,,1747322,5427231,-41.2929309,174.7594929
Wellington City,RAROA ROAD,20,E, ,NORNA CRESCENT,2252017,21/04/02,Sun,1624,DB,CW1VC,121A 137A 191A ,MM,M,D,O ,F , ,N,C,50,0,0,0,,,1747229,5427593,-41.28968859,174.7582951
Wellington City,RAROA ROAD,300,S, ,PLUNKET ST,2256282,16/03/02,Sat,400,BC,CN1V,103A 111A ,,M,D,DO,F , ,N,C,50,0,0,0,,,1747332,5427522,-41.29030905,174.7595418
Wellington City,RAROA ROAD,20,W, ,PLUNKET ST,2252112,26/04/02,Fri,2105,DB,CE1,130A 801 ,M,M,W,DO,L , ,N,C,50,0,0,0,,,1747215,5427646,-41.28921396,174.7581152
Wellington City,REWA TERRACE,, ,I,ESSEX ST,2253805,6/09/02,Fri,2300,EA,CN1C,129A ,M,R,D,DO,F ,T,N,N,50,0,0,0,,,1753034,5440806,-41.16964849,174.8242779
Wellington City,RHODES ST,50,W, ,DANIELL ST,2255878,17/11/02,Sun,1750,MO,CW1C,102A 371A 386A 929 ,,R,D,B ,F ,D,N,N,50,0,0,0,,,1749212,5424587,-41.31638871,174.7827035
Wellington City,RIBBLE ST,200,W, ,DERWENT ST,2251985,25/04/02,Thu,1620,QD,CS1C,527A 929 ,M,R,D,O ,F ,D,N,N,50,0,0,0,,,1747977,5422240,-41.3377473,174.7685266
Wellington City,RIDDIFORD ST,10,N, ,CONSTABLE ST,2254960,15/08/02,Thu,940,MA,CN1C,373B 645B ,,R,W,O ,H ,T,T,C,50,0,0,0,,,1748975,5424903,-41.31358746,174.7797959
Wellington City,RIDDIFORD ST,15,N, ,CONSTABLE ST,2250067,16/01/02,Wed,1500,FD,CS1CC,331A ,,R,D,B ,F ,T,T,P,50,0,0,0,,,1748976,5424898,-41.31363229,174.779809
Wellington City,RIDDIFORD ST,20,N, ,CONSTABLE ST,2254158,5/08/02,Mon,1520,MC,TS1C,372A ,,R,D,O ,F , ,N,C,50,0,0,0,,,1748975,5424903,-41.31358746,174.7797959
Wellington City,RIDDIFORD ST,, ,I,CONSTABLE ST,2211307,3/01/02,Thu,2235,LB,CS1C,303B ,,R,D,DO,F ,T,T,C,50,0,0,2,,,1748980,5424883,-41.3137666,174.7798605
Wellington City,RIDDIFORD ST,, ,I,CONSTABLE ST,2255792,3/12/02,Tue,1635,AA,VS1C,143A 381A ,,R,D,B ,F ,T,T,R,50,0,0,0,,,1748980,5424883,-41.3137666,174.7798605
Wellington City,RIDDIFORD ST,, ,I,DONALD MCLEAN ST,2254157,9/08/02,Fri,1130,GD,CN1C,112A 387A ,,R,D,B ,F ,T,G,C,50,0,0,0,,,1749021,5424680,-41.31558671,174.7803998
Wellington City,RIDDIFORD ST,50,S, ,GORDON ST,2211344,21/01/02,Mon,900,KA,CN1C,308A 375B 929 ,F,R,D,B ,F ,D,N,R,50,0,0,1,,,1749037,5424597,-41.31633104,174.7806112
Wellington City,RIDDIFORD ST,30,S, ,HALL ST,2213472,23/12/02,Mon,1350,PF,CN1E,129A 720B ,,R,D,B ,F , ,N,P,50,0,0,1,42,,1748921,5425171,-41.31118452,174.7790854
Wellington City,RIDDIFORD ST,, ,I,HALL ST,2252482,28/05/02,Tue,749,KB,TS1C,322A ,,R,D,B ,F ,X,T,R,50,0,0,0,,,1748917,5425201,-41.31091515,174.7790303
Wellington City,RIDDIFORD ST,120,S, ,HOWELL AVENUE,2213127,5/08/02,Mon,645,GB,SS1C,158A 372B 801 930 ,,R,W,DO,L ,D,N,P,50,0,0,1,,36,1748861,5425467,-41.30853058,174.7782965
Wellington City,RIDDIFORD ST,150,N, ,MEIN ST,2254305,28/08/02,Wed,1530,MC,CN1V,372A 387A ,,R,D,B ,F , ,N,L,50,0,0,0,,,1748886,5425348,-41.30959737,174.7786241
Wellington City,RIDDIFORD ST,, ,I,NEWTOWN AVENUE,2254984,20/01/02,Sun,1400,JA,CS1C,302A 404B ,,R,D,O ,F ,T,G,C,50,0,0,0,,,1748992,5424824,-41.31429558,174.7800182
Wellington City,RIDDIFORD ST,10,N, ,NORMANBY ST,2251554,6/05/02,Mon,1425,MD,CN1C,357A 512A 446B 930 ,,R,D,B ,F ,D,N,N,50,0,0,0,,,1749005,5424757,-41.31489641,174.7801899
Wellington City,RIDDIFORD ST,5,S, ,NORMANBY ST,2251334,3/05/02,Fri,2300,DA,CE1X,133A ,IM,R,D,DO,F ,D,N,R,50,0,0,0,,,1749006,5424752,-41.31494124,174.780203
Wellington City,RIDDIFORD ST,10,S, ,NORMANBY ST,2254825,7/10/02,Mon,810,MC,CS1C,181A 372A ,,R,D,O ,F ,T,G,P,50,0,0,0,,,1749007,5424747,-41.31498607,174.7802162
Wellington City,RIDDIFORD ST,, ,I,NORMANBY ST,2254303,23/08/02,Fri,1524,JA,MS1C,302A 375B 839 ,,R,D,O ,F ,T,G,C,50,0,0,0,,,1749005,5424757,-41.31489641,174.7801899
Wellington City,RIDDIFORD ST,10,N, ,REGINA TERRACE,2213196,4/09/02,Wed,1700,NA,XN1E,718B ,,R,D,O ,F ,T,T,X,50,0,0,1,34,,1748889,5425332,-41.30974088,174.7786639
Wellington City,RIDDIFORD ST,10,N, ,REGINA TERRACE,2251012,27/03/02,Wed,1925,FE,CS1X,181A ,,R,D,DO,F ,T,T,X,50,0,0,0,,,1748889,5425332,-41.30974088,174.7786639
Wellington City,RIDDIFORD ST,15,N, ,REGINA TERRACE,2253674,26/07/02,Fri,1145,JA,CW1C,303A 375A 927 ,,R,D,B ,F ,D,N,C,50,0,0,0,,,1748888,5425337,-41.30969604,174.7786507
Wellington City,RINTOUL ST,, ,I,COLOMBO ST,2250408,11/03/02,Mon,1905,KA,CN1C,309A ,,R,D,TF,F ,T,N,N,50,0,0,0,,,1748906,5425028,-41.31247477,174.7789413
Wellington City,RINTOUL ST,, ,I,MILLWARD ST,2254265,31/07/02,Wed,2135,EA,CN1CCC,103A 602A ,M,R,D,DO,F ,T,N,C,50,0,0,0,,,1748866,5424867,-41.3139317,174.778503
Wellington City,RINTOUL ST,150,S, ,RIDDIFORD ST,2251302,23/03/02,Sat,1500,QD,CS1,428A ,F,R,D,B ,F , ,N,N,50,0,0,0,,,1748893,5424977,-41.31293634,174.7787985
Wellington City,RINTOUL ST,, ,I,STOKE ST,2252372,25/04/02,Thu,1315,JA,CN1C,132A 156A 303B 375B ,,R,D,B ,F ,T,N,C,50,0,0,0,,,1748853,5424815,-41.31440228,174.7783605
Wellington City,RINTOUL ST,, ,I,WARIPORI ST,2252816,21/06/02,Fri,1110,LB,CS1C,303B 375B ,,R,D,O ,F ,X,G,C,50,0,0,0,,,1748808,5424326,-41.31881324,174.7779428
Wellington City,RINTOUL ST,, ,I,WARIPORI ST,2256617,21/10/02,Mon,740,JA,CS1C,302A ,,R,D,B ,F ,X,G,C,50,0,0,0,,,1748808,5424326,-41.31881324,174.7779428
Wellington City,RODRIGO ROAD,100,N, ,IMPERIAL TERRACE,2252716,8/06/02,Sat,2251,EA,CN1CC,386A 101B ,M,E,W,DO,L , ,N,C,50,0,0,0,,,1749990,5424165,-41.32004381,174.7920984
Wellington City,RODRIGO ROAD,30,N, ,MANCHESTER ST,2253887,25/07/02,Thu,1516,BF,CS1C,111A 132A ,,M,D,O ,FS, ,G,N,50,0,0,0,,,1749718,5423921,-41.32229117,174.7889101
Wellington City,ROLLESTON ST,300,W, ,WALLACE ST,2255121,5/10/02,Sat,700,EA,CE1C,358A ,M,R,D,B ,F , , ,N,50,0,0,0,,,1748299,5426012,-41.30372721,174.7714531
Wellington City,RONGOTAI ROAD,, ,I,BAY ROAD,2252661,31/05/02,Fri,1730,LB,CW1V,303A 377B ,,R,D,DO,F ,X,T,C,50,0,0,0,,,1750241,5424398,-41.31789931,174.7950384
Wellington City,RONGOTAI ROAD,, ,I,BAY ROAD,2253130,18/07/02,Thu,1410,LB,CE1C,303A 387A ,,R,D,O ,F ,X,T,C,50,0,0,0,,,1750241,5424398,-41.31789931,174.7950384