TLA NAME,CRASH ROAD,CRASH DIST,CRASH DIRN,INTSN,SIDE ROAD,CRASH ID,CRASH DATE,CRASH DOW,CRASH TIME,MVMT,VEHICLES,CAUSES,OBJECTS STRUCK,ROAD CURVE,ROAD WET,LIGHT,WTHRa,JUNC TYPE,TRAF CTRL,ROAD MARK,SPD LIM,CRASH FATAL CNT,CRASH SEV CNT,CRASH MIN CNT,PERS AGE1,PERS AGE2,EASTING,NORTHING,latitude,longitude
Wellington City,RONGOTAI ROAD,50,W, ,ONEPU ROAD,2252929,1/06/02,Sat,1150,LB,CE1C,158A 370A 303B 375B 924 ,,R,D,B ,F ,D,N,C,50,0,0,0,,,1750300,5424383,-41.31802337,174.7957467
Wellington City,RONGOTAI ROAD,15,E, ,SALEK ST,2250907,25/02/02,Mon,705,QO,TW1,660A ,,E,D,O ,F , ,N,C,50,0,0,0,,,1750813,5424241,-41.31920606,174.8019082
Wellington City,RONGOTAI ROAD,140,E, ,TACY ST,2213624,29/11/02,Fri,2215,FA,CE1B,103A ,,R,D,DO,F , ,N,R,50,0,0,1,,,1750544,5424321,-41.31853606,174.7986759
Wellington City,RONGOTAI ROAD,20,W, ,TROY ST,2251983,30/04/02,Tue,1550,KB,CE1C,303A ,,R,D,B ,F ,T,N,X,50,0,0,0,,,1750784,5424257,-41.31906743,174.8015579
Wellington City,ROXBURGH ST,20,N, ,CAROLINE ST,2250620,16/01/02,Wed,1315,MO,CS1C,386A 929 ,M,R,D,B ,F ,D,N,N,50,0,0,0,,,1749525,5427127,-41.29346217,174.7858171
Wellington City,RUGBY ST,, ,I,TASMAN ST,2252041,22/03/02,Fri,720,BB,CS2V,101A 123A ,,R,D,B ,F ,T,S,C,50,0,0,0,,,1748834,5426361,-41.30048651,174.7777554
Wellington City,RUSSELL TERRACE,, ,I,RIDDIFORD ST,2211348,21/01/02,Mon,1905,FB,CN1C,103A 132A ,,R,D,B ,F ,R,G,R,50,0,0,1,,,1749038,5424538,-41.31686205,174.7806376
Wellington City,SALAMANCA ROAD,200,E, ,KELBURN PARADE,2254966,16/08/02,Fri,1410,JA,CE1CC,308A 308B 377B 839 930 ,,E,W,O ,L ,D,N,C,50,0,0,0,,,1748212,5427719,-41.28837428,174.7699987
Wellington City,SALAMANCA ROAD,, ,I,KELBURN PARADE,2255282,5/10/02,Sat,2046,BF,CN1C,,,M,W,DO,L ,Y,G,L,50,0,0,0,,,1748147,5427897,-41.28678359,174.7691795
Wellington City,SEATOUN HEIGHTS ROAD,50,N, ,KHYBER ROAD,2250406,31/01/02,Thu,1500,BF,CN1C,132A ,,M,D,B ,F , ,N,C,50,0,0,0,,,1752893,5424807,-41.31371862,174.8266056
Wellington City,SEDDON TERRACE,30,S, ,COROMANDEL ST,2254794,13/09/02,Fri,705,MO,CS1C,386A ,M,R,D,B ,F , ,N,N,50,0,0,0,,,1749544,5425106,-41.31165448,174.7865406
Wellington City,SH 1N CALABAR,, ,I,COBHAM DRIVE,2250373,24/01/02,Thu,1515,FB,CS2C,181A 387A ,,R,D,B ,F ,R,G,R,70,0,0,0,,,1751447,5424535,-41.3164403,174.8094063
Wellington City,SHALIMAR CRESCENT,100,S, ,ONSLOW ROAD,2253139,5/07/02,Fri,1225,MO,CW1,102A 423A ,CFH,E,W,O ,L , ,N,N,50,0,0,0,,,1751111,5431974,-41.24952763,174.8035483
Wellington City,SHELLY BAY ROAD,1000,N, ,MIRAMAR AVENUE,2212970,17/09/02,Tue,1535,BF,CN1C,410A ,,E,D,B ,F , ,N,C,50,0,2,5,,,1751915,5425681,-41.30603459,174.8147088
Wellington City,SHELLY BAY ROAD,2000,N, ,MIRAMAR AVENUE,2255510,16/11/02,Sat,1425,DA,CN1,132A ,ET,M,W,O ,L , ,N,C,50,0,0,0,,,1752218,5426449,-41.29906301,174.8181345
Wellington City,SHORT ST,50,S, ,MOFFITT ST,2252379,16/04/02,Tue,35,DA,CN1,111A 131A ,C,E,D,DO,F , ,N,C,50,0,0,0,,,1748120,5424952,-41.31330375,174.769574
Wellington City,SHORT ST,, ,I,MOFFITT ST,2212679,23/08/02,Fri,1200,GE,MS1C,144A 157A 181A ,,R,D,B ,F ,T,N,C,50,0,0,1,,,1748155,5424988,-41.3129732,174.7699831
Wellington City,SIDLAW ST,120,E, ,LEVESON ST,2212746,12/07/02,Fri,2325,DA,CE1,103A 111A 632A ,HM,M,W,DO,H , ,N,N,50,0,0,1,,,1752361,5422764,-41.33221277,174.820765
Wellington City,SOUTH KARORI ROAD,100,N, ,HAZELWOOD AVENUE N,2250896,23/03/02,Sat,1045,DA,CN1,358A ,P,E,D,B ,F , ,N,N,50,0,0,0,,,1744213,5427391,-41.29205177,174.7223399
Wellington City,SOUTH KARORI ROAD,50,S, ,HAZLEWOOD AVENUE S,2213478,22/12/02,Sun,118,DA,VS1,132A 517A ,EF,M,D,DN,F , ,N,N,50,0,1,1,,,1744107,5426552,-41.29962481,174.7212731
Wellington City,SOUTH KARORI ROAD,500,S, ,HAZLEWOOD AVENUE S,2212037,3/05/02,Fri,200,DA,CS1,135A 402A 802 ,G,S,I,DN, F, ,N,C,50,0,0,2,,,1744040,5426268,-41.30219382,174.7205404
Wellington City,SOUTH KARORI ROAD,500,S, ,HAZLEWOOD AVENUE S,2250823,8/02/02,Fri,230,DB,CN1,132A ,V,M,D,DN,F , ,N,N,50,0,0,0,,,1744040,5426268,-41.30219382,174.7205404
Wellington City,SOUTHGATE ROAD,40,N, ,RYDAL PLACE,2250822,18/02/02,Mon,2345,QD,CS1C,428A ,M,R,D,DO,F , ,N,C,50,0,0,0,,,1749135,5422545,-41.33478782,174.782285
Wellington City,STEWART DUFF DRIVE,, ,I,ACCESS ROAD,2250608,26/01/02,Sat,520,DC,VS1,412A ,P,E,D,TO,F ,Y,N,R,50,0,0,0,,,1751616,5423342,-41.32714939,174.811722
Wellington City,STEWART DUFF DRIVE,200,S, ,CALABAR ROAD,2252048,5/04/02,Fri,505,AC,TS1X,372A ,,R,D,DO,FS, ,N,C,50,0,0,0,,,1751609,5423362,-41.32697064,174.8116334
Wellington City,STEWART DUFF DRIVE,300,N, ,MOA POINT ROAD,2252646,26/05/02,Sun,1320,BC,CN1V,103A 110A ,,E,D,B ,F , ,N,C,50,0,0,0,,,1751580,5422550,-41.3342867,174.8114896
Wellington City,STOKE ST,20,E, ,ADELAIDE ROAD,2255256,31/10/02,Thu,1620,BA,CE1C,125A 386A 402A ,,R,D,B ,F ,T,N,C,50,0,0,0,,,1748665,5424862,-41.31401379,174.776104
Wellington City,STOUT ST,, ,I,BALLANCE ST,2212039,4/05/02,Sat,2313,HA,BN1C,302B 335B ,,R,W,DO,F ,X,G,C,50,0,0,1,,,1748819,5428545,-41.28082576,174.7770425
Wellington City,STOUT ST,, ,I,BALLANCE ST,2255208,11/10/02,Fri,1340,MO,CN1V,372B ,,R,D,O ,L ,X,G,C,50,0,0,0,,,1748819,5428545,-41.28082576,174.7770425
Wellington City,STOUT ST,, ,I,BALLANCE ST,2251064,8/03/02,Fri,2130,HA,CS1C,302A 375B ,,R,D,DO,F ,X,G,C,50,0,0,0,,,1748819,5428545,-41.28082576,174.7770425
Wellington City,STOUT ST,, ,I,BUNNY ST,2212865,1/10/02,Tue,1210,NA,SN1E,324A ,,R,D,B ,F ,M,T,C,50,0,0,2,,35,1748998,5428685,-41.27953227,174.7791447
Wellington City,STOUT ST,, ,I,LAMBTON QUAY,2252397,17/02/02,Sun,5,MO,VN1C,103A 386A ,M,R,D,DO,F ,T,N,N,50,0,0,0,,,1748729,5428488,-41.28135554,174.7759822
Wellington City,STOUT ST,30,S, ,WHITMORE ST,2251230,15/03/02,Fri,1030,MA,CN1V,373A 387A ,,R,D,O ,F , ,N,C,50,0,0,0,,,1748856,5428569,-41.28060286,174.7774782
Wellington City,STRATHAVON ROAD,100,W, ,ELLESMERE AVENUE,2255285,23/10/02,Wed,1650,EE,CE1C,374A ,Q,R,D,B ,F , ,N,N,50,0,0,0,,,1751848,5423852,-41.32251409,174.8143656
Wellington City,STRATHMORE AVENUE,40,N, ,KINGHORNE ST,2212845,12/11/02,Tue,1440,NA,VN1E,370A 712B 726B ,,R,D,O ,F , ,N,C,50,0,1,0,3,,1752352,5423331,-41.32710968,174.8205153
Wellington City,SUTHERLAND ROAD,100,N, ,QUEENS DRIVE,2256556,11/12/02,Wed,1515,MC,VS1C,372A ,,R,D,O ,F , ,N,C,50,0,0,0,,,1749828,5422808,-41.33229143,174.7904982
Wellington City,TAKAPU ROAD,80,N, ,TAWA OFF SBD,2211310,9/01/02,Wed,1709,DB,CS1,133A 400A ,PX,M,W,O ,F , ,N,C,100,0,0,1,,,1753724,5439222,-41.18377924,174.8328968
Wellington City,TAKAPU ROAD,, ,I,TAWA OFF SBD,2253939,25/09/02,Wed,1425,HA,VS1C,321A 387A 145B ,,E,D,B ,F ,X,S,C,100,0,0,0,,,1753701,5439145,-41.18447686,174.8326421
Wellington City,TAKAPU ROAD,, ,I,TAWA OFF SBD,2212624,28/08/02,Wed,1635,LB,CE2C,302B ,,R,D,O ,F ,X,G,C,100,0,0,3,,,1753701,5439145,-41.18447686,174.8326421
Wellington City,TAKAPU ROAD,, ,I,TAWA ON NBD,2251673,10/04/02,Wed,2010,LB,VE1C,303B 382B ,,E,D,DO,F ,T,N,C,100,0,0,0,,,1753606,5439045,-41.18539521,174.831535
Wellington City,TAKAPU ROAD,, ,I,TAWA ON NBD,2212617,5/09/02,Thu,1700,GD,CW1C,331A ,,M,W,O ,F ,T,N,C,100,0,0,1,,,1753606,5439027,-41.18555727,174.8315395
Wellington City,TARANAKI ST,, ,I,ABEL SMITH ST,2212516,18/06/02,Tue,1702,NA,CN1E,370A 711B ,,R,D,O ,F ,T,S,P,50,0,0,1,19,,1748721,5426755,-41.29695999,174.77631
Wellington City,TARANAKI ST,, ,I,ABEL SMITH ST,2254994,16/09/02,Mon,1815,FD,CN1C,181A 353A ,,R,D,TO,F ,T,S,P,50,0,0,0,,,1748721,5426755,-41.29695999,174.77631
Wellington City,TARANAKI ST,, ,I,ABEL SMITH ST,2255388,26/10/02,Sat,1130,KA,CN1V,301A ,,R,D,B ,F ,T,S,C,50,0,0,0,,,1748721,5426755,-41.29695999,174.77631
Wellington City,TARANAKI ST,, ,I,CABLE ST,2255511,6/11/02,Wed,1130,GC,VN1C,173A 404A ,,R,D,B ,F ,X,T,C,50,0,0,0,,,1749051,5427473,-41.29043466,174.7800739
Wellington City,TARANAKI ST,, ,I,COURTENAY PLACE,2213292,16/12/02,Mon,1330,PO,SN1E,204A ,,R,D,B ,F ,X,T,C,50,0,1,1,,,1748949,5427248,-41.29247926,174.7789113
Wellington City,TARANAKI ST,, ,I,GHUZNEE ST,2255347,30/08/02,Fri,1040,DA,TE2C,668A ,P,R,D,O ,F ,T,T,R,50,0,0,0,,,1748866,5427080,-41.29400714,174.7779616
Wellington City,TARANAKI ST,, ,I,HAINING ST,2253876,7/09/02,Sat,2230,JA,CS1C,103B 309B ,,R,D,DO,F ,T,N,C,50,0,0,0,,,1748749,5426818,-41.29638762,174.7766289
Wellington City,TARANAKI ST,, ,I,HAINING ST,2254447,1/08/02,Thu,900,JA,CS1C,303A 375B ,,R,D,B ,F ,T,N,P,50,0,0,0,,,1748749,5426818,-41.29638762,174.7766289
Wellington City,TARANAKI ST,, ,I,HAINING ST,2212718,17/06/02,Mon,1803,JA,CS1X,375A ,,R,W,TO,F ,T,N,P,50,0,1,0,,,1748749,5426818,-41.29638762,174.7766289
Wellington City,TARANAKI ST,, ,I,HALLEYS LANE,2255348,6/10/02,Sun,1352,JA,CS1C,303A 377B ,,R,D,B ,F ,X,N,C,50,0,0,0,,,1748973,5427304,-41.29197064,174.7791841
Wellington City,TARANAKI ST,200,N, ,HANKEY ST,2253748,20/07/02,Sat,1820,EA,CS1V,501A ,M,R,D,DO,F , ,N,C,50,0,0,0,,,1748588,5426446,-41.29976655,174.7747976
Wellington City,TARANAKI ST,, ,I,INGLEWOOD PLACE,2255026,27/09/02,Fri,1200,GE,CS1C,355A ,,R,D,B ,F ,T,N,N,50,0,0,0,,,1748908,5427161,-41.29327012,174.7784432
Wellington City,TARANAKI ST,, ,I,INGLEWOOD PLACE,2211674,17/04/02,Wed,610,AA,CN1S,372A 534B 602B ,,R,D,TO,F ,T,N,L,50,0,0,1,,27,1748908,5427161,-41.29327012,174.7784432
Wellington City,TARANAKI ST,15,N, ,JESSIE ST,2256447,3/12/02,Tue,1420,KB,VS1C,308B 402B 927 ,,R,D,B ,F ,D,N,L,50,0,0,0,,,1748822,5426984,-41.29487959,174.7774598
Wellington City,TARANAKI ST,, ,I,JESSIE ST,2213195,11/10/02,Fri,1301,NA,CS1E,370A 711B ,,R,W,O ,L ,T,N,R,50,0,1,0,60,,1748816,5426970,-41.29500674,174.7773916
Wellington City,TARANAKI ST,, ,I,MARTIN SQUARE N,2252795,26/06/02,Wed,1800,GE,CN1C,173A ,,R,D,DO,F ,T,N,P,50,0,0,0,,,1748729,5426774,-41.29678745,174.7764009
Wellington City,TARANAKI ST,, ,I,TARANAKI ST,2213523,29/04/02,Mon,915,ND,VW2E,353A ,,R,D,O ,F ,T,S,P,50,0,1,0,,,1748730,5426774,-41.29678727,174.7764128
Wellington City,TARANAKI ST,10,N, ,VIVIAN ST,2211755,28/03/02,Thu,1440,NA,CS1E,377A 714B ,,R,D,O ,F ,X,T,R,50,0,0,1,,,1748796,5426926,-41.29540658,174.7771636
Wellington City,TARANAKI ST,50,N, ,VIVIAN ST,2252444,26/05/02,Sun,1020,AA,CS1CV,372A 386A ,,R,D,B ,F , ,N,R,50,0,0,0,,,1748812,5426963,-41.2950705,174.7773456
Wellington City,TARANAKI ST,10,N, ,WEBB ST,2252708,23/06/02,Sun,1700,AC,CS1C,340A 372A ,,R,D,B ,F ,T,T,R,50,0,0,0,,,1748658,5426601,-41.29835813,174.7755955
Wellington City,TARANAKI ST,10,S, ,WEBB ST,2255349,7/10/02,Mon,1515,FD,CS1VC,181A ,,R,D,B ,F ,T,T,P,50,0,0,0,,,1748650,5426583,-41.29852166,174.7755044
Wellington City,TARANAKI ST,100,S, ,WEBB ST,2212519,25/06/02,Tue,2210,CB,CS1,129A 505A ,P,R,D,DO,F , ,N,X,50,0,0,1,,,1748613,5426501,-41.29926676,174.7750827
Wellington City,TARANAKI ST,120,S, ,WEBB ST,2213529,3/12/02,Tue,817,FD,CS1CC,181A ,,R,W,O ,M , ,N,C,50,0,0,1,,,1748605,5426483,-41.29943029,174.7749916
Wellington City,TARANAKI ST,, ,I,WIGAN ST,2256071,22/11/02,Fri,1230,FD,CN1CC,181A 331A ,,R,W,O ,L ,T,N,L,70,0,0,0,,,1748745,5426809,-41.29646938,174.7765833
Wellington City,TARANAKI ST,, ,I,YORK ST,2212582,27/07/02,Sat,130,LB,MS1C,303A 353A ,,R,D,B ,F ,T,N,C,50,0,0,1,,,1748909,5427161,-41.29326993,174.7784551
Wellington City,TARANAKI ST,, ,I,YORK ST,2211713,8/03/02,Fri,1403,LB,MS1C,303A 377B ,,R,D,B ,F ,T,N,L,50,0,1,0,,,1748909,5427161,-41.29326993,174.7784551
Wellington City,TASMAN ST,60,S, ,BUCKLE ST,2250996,9/02/02,Sat,2340,EA,CS1C,102A 352A ,M,R,D,DO,F , ,N,C,50,0,0,0,,,1748865,5426494,-41.29928334,174.778093
Wellington City,TASMAN ST,250,S, ,BUCKLE ST,2255119,1/10/02,Tue,820,JA,CS1C,308A 929 ,,R,D,BF,F ,D,N,C,50,0,0,0,,,1748822,5426309,-41.3009569,174.7776249
Wellington City,TAWA OFF NBD,50,N, ,SH 1N,2252067,31/03/02,Sun,335,DB,CN1,111A 132A ,ET,M,D,DO,F , ,N,C,100,0,0,0,,,1753611,5438782,-41.18776214,174.8316606
Wellington City,TAWA OFF NBD,, ,I,TAKAPU ROAD,2252767,22/06/02,Sat,1740,FC,CN1C,331A ,,M,W,DO,F ,Y,N,N,100,0,0,0,,,1753598,5439022,-41.1856038,174.8314454
Wellington City,TAWA OFF NBD,, ,I,TAKAPU ROAD,2254762,7/10/02,Mon,1546,FA,CN1C,331A 353A ,,M,D,B ,F ,Y,N,N,100,0,0,0,,,1753578,5439036,-41.18548155,174.8312035
Wellington City,TAWA OFF SBD,, ,I,TAWA ON SBD,2212682,13/08/02,Tue,1305,KA,CE1C,201B 303B 338B 402B ,,E,W,O ,L ,X,G,R,100,0,0,1,,,1753701,5439145,-41.18447686,174.8326421
Wellington City,TAWA ST,50,E, ,MAIN ROAD,2254615,27/09/02,Fri,1530,BA,CW1C,129A ,,R,D,B ,F , ,N,C,50,0,0,0,,,1753146,5440150,-41.17553356,174.8257764
Wellington City,TAWA TERRACE,25,S, ,DUNCAN ST,2254763,30/09/02,Mon,1315,DA,CW1,111A 132A ,E,M,D,O ,F , ,N,C,50,0,0,0,,,1753336,5440190,-41.1751375,174.8280304
Wellington City,TAYLOR TERRACE,280,N, ,RYAN GROVE,2251315,17/03/02,Sun,230,DA,XS1,131A 359A ,P,E,D,DO,F , ,N,N,50,0,0,0,,,1753341,5439826,-41.17841378,174.8281812
Wellington City,THE DRIVE,, ,I,NGATITOA ST,2252408,31/05/02,Fri,835,HA,CS2C,302B 375B 830 ,,E,D,B ,F ,X,G,C,50,0,0,0,,,1752768,5440230,-41.17488462,174.8212522
Wellington City,THE ESPLANADE,25,E, ,BRIGHTON ST,2211021,24/01/02,Thu,1643,MC,VS1C,372B ,,E,D,B ,F , ,N,C,50,0,0,1,,,1748421,5421639,-41.34307668,174.7739775
Wellington City,THE ESPLANADE,200,E, ,HOUGHTON BAY ROAD,2254780,21/09/02,Sat,330,DA,CS1,137A ,C,S,D,DN,F , ,N,C,50,0,0,0,,,1749508,5421665,-41.34264164,174.7869572
Wellington City,THE ESPLANADE,200,E, ,HOUGHTON BAY ROAD,2211210,5/02/02,Tue,1205,DB,ME1,135A 804 ,,M,W,O ,L , ,N,C,50,0,0,2,,,1749508,5421665,-41.34264164,174.7869572
Wellington City,THE PARADE,, ,I,AVON ST,2256054,25/11/02,Mon,2048,DA,CN1C,358A ,M,R,D,DO,F ,T,G,C,50,0,0,0,,,1748404,5422713,-41.33341018,174.773512
Wellington City,THE PARADE,20,N, ,DOVER ST,2252433,16/03/02,Sat,1055,FD,CS1X,331A ,,R,D,B ,F , ,N,N,50,0,0,0,,,1748472,5423274,-41.32834675,174.7741872
Wellington City,THE PARADE,20,S, ,DOVER ST,2256217,2/12/02,Mon,1610,CC,CS1,501A ,M,R,D,B ,F , ,N,C,50,0,0,0,,,1748472,5423274,-41.32834675,174.7741872
Wellington City,THE PARADE,50,N, ,MEDWAY ST,2255258,29/10/02,Tue,945,ME,CN1C,144A 372B ,,R,D,B ,F , ,N,C,50,0,0,0,,,1748391,5422603,-41.33440295,174.7733836
Wellington City,THE PARADE,, ,I,MEDWAY ST,2250547,20/01/02,Sun,1530,GE,CN1C,160A 930 ,,R,W,O ,F ,D,N,C,50,0,0,0,,,1748387,5422553,-41.33485385,174.773348
Wellington City,THE PARADE,, ,I,MERSEY ST,2211889,1/03/02,Fri,945,HA,MN1C,301B 375B ,,R,D,B ,F ,X,S,P,50,0,1,0,,,1748318,5422292,-41.33721644,174.7725875
Wellington City,THE RIDGEWAY,80,N, ,FARNHAM ST,2211147,6/02/02,Wed,2225,CB,VN1CC,103A 112A ,M,R,D,DO,F , ,N,N,50,0,1,0,,,1747701,5424507,-41.31738712,174.7646786
Wellington City,THE RIGI,25,S, ,GOVERNOR ROAD,2254473,12/09/02,Thu,815,FA,CS1C,132A 191A ,,M,W,O ,LS, ,N,N,50,0,0,0,,,1747230,5428102,-41.28510561,174.758184
Wellington City,THE RIGI,30,S, ,GOVERNOR ROAD,2254168,4/08/02,Sun,2130,DB,CS1,111A 132A 402A ,EF,S,D,DO,F , ,N,N,50,0,0,0,,,1747231,5428097,-41.28515045,174.7581971
Wellington City,THE TERRACE,30,N, ,ABEL SMITH ST,2250148,4/01/02,Fri,2030,MA,CS1X,373A ,,R,D,O ,F , ,N,N,50,0,0,0,,,1748117,5427060,-41.29432501,174.769025
Wellington City,THE TERRACE,, ,I,BOLTON ST,2254828,10/09/02,Tue,1800,JA,CS1C,112A 308B 927 ,,R,D,TO,F ,D,N,C,50,0,0,0,,,1748688,5428693,-41.27951738,174.7754428
Wellington City,THE TERRACE,150,S, ,BOWEN ST,2213497,9/12/02,Mon,730,NA,VS1E,306A 350A 376A ,,R,W,O ,F , ,N,X,50,0,0,1,49,,1748676,5428627,-41.28011382,174.7753157
Wellington City,THE TERRACE,400,S, ,BOWEN ST,2252428,11/05/02,Sat,1020,JA,CS1V,303A 377A 927 ,,R,D,O ,F ,D,N,P,50,0,0,0,,,1748633,5428380,-41.28234559,174.7748628
Wellington City,THE TERRACE,15,N, ,EVERTON TERRACE,2251646,17/04/02,Wed,1730,FA,CS1C,331A 353A 926 ,,R,D,TF,F , ,N,R,50,0,0,0,,,1748535,5428043,-41.28539779,174.7737752
Wellington City,THE TERRACE,, ,I,EVERTON TERRACE,2212647,15/08/02,Thu,1945,FE,CS1C,181A ,,R,W,DO,L ,T,T,R,50,0,0,1,,,1748530,5428029,-41.28552476,174.773719
Wellington City,THE TERRACE,, ,I,EVERTON TERRACE,2213498,12/09/02,Thu,820,FE,CS1C,331A 334A ,,R,W,O ,L ,T,T,R,50,0,0,2,,,1748530,5428029,-41.28552476,174.773719
Wellington City,THE TERRACE,, ,I,EVERTON TERRACE,2250575,19/01/02,Sat,1300,LB,CN1CC,303B 375B ,,R,W,O ,H ,T,T,R,50,0,0,0,,,1748531,5428029,-41.28552458,174.7737309
Wellington City,THE TERRACE,, ,I,EVERTON TERRACE,2252427,27/05/02,Mon,1830,LB,XN1C,303A ,,R,D,DO,F ,T,T,R,50,0,0,0,,,1748531,5428029,-41.28552458,174.7737309
Wellington City,THE TERRACE,15,N, ,MACDONALD CRESCENT,2252813,21/06/02,Fri,135,EA,CN1CCC,103A 129A 801 901 ,MM,R,W,DO,H , ,N,C,50,0,0,0,,,1748310,5427484,-41.2904721,174.7712257
Wellington City,THE TERRACE,, ,I,MACDONALD CRESCENT,2212686,21/08/02,Wed,1650,JA,PS1C,301B 377B ,,R,D,O ,F ,T,S,C,50,0,0,1,,,1748304,5427470,-41.29059925,174.7711575
Wellington City,THE TERRACE,, ,I,MAURICE TERRACE,2254665,2/08/02,Fri,2100,MD,CS1C,371A 377B 839 ,,R,D,DO,F ,X,N,C,50,0,0,0,,,1748308,5427480,-41.29050848,174.7712028
Wellington City,THE TERRACE,25,N, ,SALAMANCA ROAD,2256070,24/11/02,Sun,340,CB,CN1MC,103A 129A 386A ,M,R,D,DO,F , ,N,C,50,0,0,0,,,1748389,5427694,-41.28856685,174.7721176
Wellington City,THE TERRACE,100,N, ,SALAMANCA ROAD,2255710,19/11/02,Tue,2225,EA,CS1C,103A ,M,R,W,DO,LS, ,N,C,50,0,0,0,,,1748416,5427768,-41.28789563,174.7724218
Wellington City,THE TERRACE,40,S, ,SALAMANCA ROAD,2252625,27/04/02,Sat,1210,QD,CS1CCC,527A ,MM,R,D,O ,L , ,N,C,50,0,0,0,,,1748368,5427633,-41.28911992,174.7718818
Wellington City,THE TERRACE,, ,I,SALAMANCA ROAD,2250642,15/01/02,Tue,1425,DA,BE2,501A ,S,R,D,B ,F ,T,T,R,50,0,0,0,,,1748381,5427671,-41.2887754,174.7720277
Wellington City,THE TERRACE,, ,I,SHELL LANE,2252817,14/06/02,Fri,1415,KB,CS1CT,201B 375B 926 ,M,R,W,O ,L ,T,N,C,50,0,0,0,,,1748629,5428355,-41.28257142,174.7748211
Wellington City,THE TERRACE,50,N, ,TERRACE OFF SBD,2254962,5/08/02,Mon,1100,AA,CS1C,372A ,,R,D,OO,F , ,N,P,50,0,0,0,,,1748593,5428211,-41.28387454,174.7744266
Wellington City,THORNDON QUAY,100,N, ,DAVIS ST,2250635,17/01/02,Thu,1000,ME,CS1C,155A ,,R,D,B ,F , ,N,L,50,0,0,0,,,1749346,5429334,-41.27362476,174.7831391
Wellington City,THORNDON QUAY,230,N, ,DAVIS ST,2211340,25/01/02,Fri,1741,KA,CS1V,110A 308A 387A 430A 923 ,,R,D,O ,F ,D,N,C,50,0,0,1,,,1749293,5429452,-41.27257215,174.7824776
Wellington City,THORNDON QUAY,400,S, ,HUTT ROAD,2213137,30/10/02,Wed,915,GE,CN1C,181A 387A 923 ,,R,D,B ,F ,D,N,L,50,0,0,1,,,1749229,5429621,-41.2710624,174.7816725
Wellington City,THORNDON QUAY,30,S, ,MOORE ST,2254790,23/08/02,Fri,1700,MC,CS1CC,372A ,,R,D,O ,F , ,N,P,50,0,0,0,,,1749197,5429040,-41.27629931,174.7814329
Wellington City,THORNDON QUAY,300,S, ,TINAKORI ROAD,2213341,22/12/02,Sun,740,MO,CS1S,370A ,,R,D,O ,F , ,N,L,50,0,0,1,,42,1749195,5429715,-41.27022235,174.7812437
Wellington City,THORNDON QUAY,, ,I,TINAKORI ROAD,2212101,9/05/02,Thu,755,JA,VN1V,302A ,,R,D,B ,F ,T,G,L,50,0,0,1,,,1749211,5430006,-41.26759939,174.7813634
Wellington City,TINAKORI ROAD,100,N, ,BOWEN ST,2255221,7/10/02,Mon,1300,EA,TS1C,129A 839 ,M,R,W,O ,L , ,N,C,50,0,0,0,,,1748231,5428851,-41.27817884,174.76995
Wellington City,TINAKORI ROAD,100,S, ,BOWEN ST,2255259,24/10/02,Thu,1230,MB,CN1CC,382B 386B ,M,R,D,B ,F , ,N,C,50,0,0,0,,,1748100,5428706,-41.27950839,174.7684217
Wellington City,TINAKORI ROAD,100,W, ,BOWEN ST,2251076,27/03/02,Wed,1500,JA,CS1C,308B 375B 839 929 ,,R,D,B ,F ,D,N,C,50,0,0,0,,,1748100,5428706,-41.27950839,174.7684217
Wellington City,TINAKORI ROAD,, ,I,BOWEN ST,2212972,14/09/02,Sat,1442,FA,CS1S,102A 370A ,,R,D,B ,F ,T,T,C,50,0,0,1,,12,1748168,5428780,-41.27882965,174.7692153
Wellington City,TINAKORI ROAD,, ,I,BOWEN ST,2251615,24/03/02,Sun,1600,LB,CS1C,303A 375B ,,R,D,O ,F ,T,T,C,50,0,0,0,,,1748168,5428780,-41.27882965,174.7692153
Wellington City,TINAKORI ROAD,, ,I,HAWKESTONE ST,2252762,16/06/02,Sun,1215,JA,CS1C,302A 375B ,,R,D,O ,F ,T,G,C,50,0,0,0,,,1748578,5429226,-41.27473877,174.774
Wellington City,TINAKORI ROAD,50,S, ,HOBSON ST,2254998,30/09/02,Mon,215,EA,VS1C,103A 903 ,FM,R,W,DO,HS, ,N,C,50,0,0,0,,,1748995,5429675,-41.2706194,174.7788668
Wellington City,TINAKORI ROAD,10,N, ,MOLESWORTH ST,2251303,14/03/02,Thu,1645,EA,TS1C,,M,R,W,O ,L ,X,T,C,50,0,0,0,,,1748890,5429563,-41.27164715,174.7776411
Wellington City,TINAKORI ROAD,, ,I,PARK ST,2212640,24/08/02,Sat,1330,LB,CS1C,303B 355B 375B ,,R,W,O ,L ,X,T,C,50,0,0,1,,,1748883,5429555,-41.27172047,174.7775596
Wellington City,TINAKORI ROAD,, ,I,POPLAR GROVE,2256087,2/12/02,Mon,1450,JA,CN1C,303A 377A ,,R,D,O ,F ,T,N,L,50,0,0,0,,,1748554,5429200,-41.27497728,174.7737199
Wellington City,TINAKORI ROAD,, ,I,ST MARY ST,2253826,9/08/02,Fri,830,LB,CW1C,303A ,,R,W,O ,H ,T,N,C,50,0,0,0,,,1748141,5428750,-41.27910471,174.7689004
Wellington City,TINAKORI ROAD,, ,I,TINAKORI OFF NBD,2252370,28/04/02,Sun,2215,JA,CS1C,322A ,,R,W,DO,L ,X,T,C,50,0,0,0,,,1748452,5429090,-41.27598642,174.7725294