TLA NAME,CRASH ROAD,CRASH DIST,CRASH DIRN,INTSN,SIDE ROAD,CRASH ID,CRASH DATE,CRASH DOW,CRASH TIME,MVMT,VEHICLES,CAUSES,OBJECTS STRUCK,ROAD CURVE,ROAD WET,LIGHT,WTHRa,JUNC TYPE,TRAF CTRL,ROAD MARK,SPD LIM,CRASH FATAL CNT,CRASH SEV CNT,CRASH MIN CNT,PERS AGE1,PERS AGE2,EASTING,NORTHING,latitude,longitude
Wellington City,TODMAN ST,200,W, ,OHIRO ROAD,2255006,29/09/02,Sun,1435,NF,CS1C,123A 136A 687A 801 ,,M,W,O ,L , ,N,C,50,0,0,0,,,1747451,5425729,-41.30643061,174.7613968
Wellington City,TODMAN ST,300,W, ,OHIRO ROAD,2253673,30/07/02,Tue,2130,EA,CW1C,129A 386A ,M,S,D,DO,F , ,N,N,50,0,0,0,,,1747365,5425684,-41.30685148,174.7603808
Wellington City,TORY ST,, ,I,COLLEGE ST,2253626,30/08/02,Fri,1607,JA,VN1TC,303B ,,R,D,O ,F ,T,N,C,50,0,0,0,,,1749015,5426869,-41.29587937,174.779792
Wellington City,TORY ST,40,N, ,COURTENAY PLACE,2256474,24/12/02,Tue,1300,EE,VN1C,525B ,Q,R,D,O ,F , ,N,C,50,0,0,0,,,1749153,5427175,-41.29309884,174.7813645
Wellington City,TORY ST,, ,I,JESSIE ST,2256209,12/12/02,Thu,1440,EE,VN1C,374B ,Q,R,D,BF,F ,T,N,C,50,0,0,0,,,1749020,5426880,-41.29577941,174.779849
Wellington City,TORY ST,20,N, ,SH 1N VIVIAN,2254978,29/08/02,Thu,1515,MG,CS1T,427A ,,R,D,B ,F ,X,T,C,50,0,0,0,,,1749004,5426844,-41.29610649,174.7796668
Wellington City,TORY ST,100,S, ,VIVIAN ST,2255512,9/11/02,Sat,230,EA,CS1C,103A 386A ,M,R,D,DO,FS, ,N,C,50,0,0,0,,,1748955,5426734,-41.29710591,174.7791087
Wellington City,TOTARA ROAD,80,W, ,NEVAY ROAD,2250604,9/01/02,Wed,1000,BB,TN1C,123A ,,S,D,O ,F , ,N,C,50,0,0,0,,,1753072,5425947,-41.30342107,174.8284562
Wellington City,TOWNSEND ROAD,300,E, ,OTAKI ST,2250325,30/01/02,Wed,2325,EA,CS1C,111A 904 ,M,S,D,DO,M , ,N,C,50,0,0,0,,,1752586,5424635,-41.3153253,174.8229828
Wellington City,TROY ST,, ,I,KEMP ST,2212697,29/06/02,Sat,930,ED,TS1T,339A 377A 817 825 ,Q,R,W,O ,L ,T,G,R,50,0,1,0,,,1750873,5424346,-41.3182495,174.8025987
Wellington City,TUKANAE ST,100,N, ,AHURIRI ST,2253273,1/07/02,Mon,931,BB,BN1C,123B ,,M,D,B ,F , ,N,C,50,0,0,0,,,1752235,5422619,-41.33354204,174.8192963
Wellington City,UPLAND ROAD,25,W, ,BOUNDARY ROAD,2250331,26/01/02,Sat,905,BA,CW1T,129A 663B ,,R,D,O ,F , ,N,C,50,0,0,0,,,1747422,5427904,-41.28685328,174.7605237
Wellington City,UPLAND ROAD,, ,I,GLASGOW ST,2253982,19/07/02,Fri,845,BF,CW2CC,111A ,,R,W,O ,F ,T,G,L,50,0,0,0,,,1747873,5427839,-41.28735602,174.7659229
Wellington City,UPLAND ROAD,20,N, ,GROVE ROAD,2256211,17/12/02,Tue,1210,EA,TS1C,129A ,M,R,W,OF,L , ,N,C,50,0,0,0,,,1747802,5427696,-41.28865653,174.7651101
Wellington City,UPLAND ROAD,, ,I,GROVE ROAD,2211345,4/01/02,Fri,1330,GD,CN1C,331A 351A ,,R,D,B ,F ,Y,N,C,50,0,0,1,,,1747792,5427679,-41.28881142,174.7649949
Wellington City,UPLAND ROAD,, ,I,KOWHAI ROAD,2212629,2/06/02,Sun,1400,NA,XW1E,363A 717B ,,R,D,B ,F ,T,N,X,50,0,0,1,23,,1747471,5427813,-41.28766365,174.7611306
Wellington City,UPLAND ROAD,150,W, ,ST MICHAELS CRESCENT,2252755,13/06/02,Thu,958,MG,CE1C,386A ,,R,D,O ,F , , ,C,50,0,0,0,,,1747525,5427689,-41.28877022,174.7618053
Wellington City,VICTORIA ST,30,N, ,DIXON ST,2212367,27/06/02,Thu,1815,PA,BS1E,386A 703B 720B ,,R,D,TO,F , ,N,C,50,0,0,1,33,,1748660,5427410,-41.29107397,174.7754218
Wellington City,VICTORIA ST,50,N, ,DIXON ST,2250640,28/01/02,Mon,2040,MA,CS1V,373A ,,R,D,DO,F , ,N,P,50,0,0,0,,,1748671,5427426,-41.29092789,174.7755492
Wellington City,VICTORIA ST,80,S, ,DIXON ST,2251726,10/05/02,Fri,1500,MC,VS1C,353B ,,R,D,B ,F , ,N,L,50,0,0,0,,,1748594,5427322,-41.29187843,174.7746554
Wellington City,VICTORIA ST,120,S, ,DIXON ST,2255227,10/10/02,Thu,1100,MC,VS1C,373A ,,R,D,B ,F , ,N,L,50,0,0,0,,,1748571,5427289,-41.29217978,174.7743889
Wellington City,VICTORIA ST,50,N, ,GHUZNEE ST,2212620,19/08/02,Mon,1530,NA,VS1E,712B 726B ,,R,D,B ,F , ,N,R,50,0,0,1,8,,1748560,5427274,-41.29231685,174.7742613
Wellington City,VICTORIA ST,, ,I,HARRIS ST,2251156,4/03/02,Mon,1525,FE,XS1VC,181A 331A ,,R,D,B ,F ,T,T,C,50,0,0,0,,,1748762,5427786,-41.28766989,174.7765476
Wellington City,VICTORIA ST,5,S, ,MANNERS ST,2211339,14/02/02,Thu,1730,NA,CS1E,151A 713B 718B ,,E,W,O ,L ,T,T,P,50,0,0,1,19,,1748686,5427483,-41.29041193,174.7757144
Wellington City,VICTORIA ST,, ,I,MANNERS ST,2211775,15/03/02,Fri,1115,NG,TN1E,371A 446A 730B ,,E,D,B ,F ,Y,T,P,50,0,1,0,77,,1748686,5427488,-41.29036692,174.7757131
Wellington City,VICTORIA ST,, ,I,MANNERS ST,2252645,10/05/02,Fri,2100,FE,CS1C,181A 334A ,,R,D,DO,F ,Y,T,R,50,0,0,0,,,1748686,5427488,-41.29036692,174.7757131
Wellington City,VICTORIA ST,, ,I,MERCER ST,2256620,28/10/02,Mon,1630,DA,VE2,103A 111A ,X,E,D,O ,F ,X,T,C,50,0,0,0,,,1748724,5427694,-41.28850521,174.7761164
Wellington City,VICTORIA ST,30,N, ,WEBB ST,2250576,12/01/02,Sat,1157,FD,CS1CC,331A 901 ,,R,W,O ,H ,T,G,R,50,0,0,0,,,1748301,5426778,-41.2968302,174.7712903
Wellington City,VICTORIA ST,, ,I,WILLESTON ST,2253183,9/07/02,Tue,1355,HA,CE1C,322B 353B ,,R,D,B ,F ,X,T,C,50,0,0,0,,,1748808,5427890,-41.28672505,174.7770712
Wellington City,VICTORY CRESCENT,200,S, ,WAKEFIELD TERRACE,2213461,29/09/02,Sun,1405,DA,CN1,131A 351A 801 ,T,E,W,O ,L , ,N,C,50,0,1,1,,,1752997,5441317,-41.16505473,174.8237094
Wellington City,VIEW ROAD,200,S, ,HOUGHTON BAY ROAD,2252369,21/04/02,Sun,1400,BA,CS1X,112A 125A 363A ,,R,D,B ,F , ,N,X,50,0,0,0,,,1749717,5422559,-41.33455388,174.7892337
Wellington City,VOLGA ST,360,S, ,MOUNT ALBERT ROAD,2255744,16/11/02,Sat,1355,BD,CS1C,121A 123A ,,M,W,O ,L , ,N,C,50,0,0,0,,,1749072,5422927,-41.3313602,174.7814388
Wellington City,WADESTOWN ROAD,, ,I,PITT ST,2212684,30/07/02,Tue,1530,LB,MW1T,382B 832 ,,M,D,O ,F ,X,S,C,50,0,0,1,,,1748749,5430672,-41.26168826,174.7756879
Wellington City,WAIKOWHAI ST,100,N, ,BENDBROOK WAY,2250598,29/01/02,Tue,2100,DB,CN1,359A ,CT,E,D,TO,F , ,N,C,50,0,0,0,,,1748358,5431650,-41.2529547,174.7707845
Wellington City,WAIKOWHAI ST,, ,I,CROFTON ROAD,2250936,21/02/02,Thu,2310,DA,CS1,132A ,FP,E,D,DO,F ,R,G,R,50,0,0,0,,,1748546,5431927,-41.2504262,174.77296
Wellington City,WAIPAPA ROAD,100,S, ,ARAWA ROAD,2252779,24/06/02,Mon,1730,MC,VS1C,141A 191A 386A ,,E,W,DO,F , ,N,C,50,0,0,0,,,1750720,5426317,-41.30053261,174.8002831
Wellington City,WAIPAPA ROAD,50,S, ,KAINUI ROAD,2212082,6/05/02,Mon,850,MC,SS1C,363B ,,R,D,B ,F , ,N,C,50,0,0,1,,37,1750886,5426360,-41.30011445,174.8022543
Wellington City,WAITOA ROAD,20,W, ,MATAI ROAD,2252392,23/03/02,Sat,10,DA,CW1CCC,,MM,M,D,DO,F , ,N,C,50,0,0,0,,,1750415,5425839,-41.30489311,174.7967599
Wellington City,WAITOA ROAD,80,W, ,MOXHAM AVENUE,2213416,8/12/02,Sun,715,DB,CE1CCV,103A 351A ,MMM,E,W,O ,L , ,N,C,50,0,0,2,,,1750133,5425972,-41.30374818,174.7933601
Wellington City,WAITOA ROAD,, ,I,WAIPAPA ROAD,2250337,20/01/02,Sun,1805,EA,CW1CC,102A 358A ,M,R,D,B ,F ,T,N,C,50,0,0,0,,,1750335,5425877,-41.30456589,174.7957954
Wellington City,WAKEFIELD ST,15,N, ,CUBA ST,2250894,23/03/02,Sat,1230,MB,MW1C,375A ,,R,D,B ,F , ,N,C,50,0,0,0,,,1748831,5427539,-41.28988102,174.7774316
Wellington City,WAKEFIELD ST,10,W, ,CUBA ST,2255796,10/06/02,Mon,930,LB,TE1X,309A 377A 927 ,,R,W,O ,H ,D,N,C,50,0,0,0,,,1748834,5427535,-41.28991648,174.7774684
Wellington City,WAKEFIELD ST,, ,I,CUBA ST,2252426,27/05/02,Mon,1920,LB,CW1C,303A ,,R,D,DO,F ,T,T,N,50,0,0,0,,,1748841,5427528,-41.28997822,174.7775536
Wellington City,WAKEFIELD ST,15,E, ,TARANAKI ST,2255023,26/09/02,Thu,1140,AA,CW1T,372A 922 ,,R,D,B ,F ,D,N,C,50,0,0,0,,,1749025,5427382,-41.29125877,174.7797858
Wellington City,WAKEFIELD ST,, ,I,TARANAKI ST,2213012,23/09/02,Mon,1910,FE,CE1CC,387A 840 ,,R,D,DO,F ,X,T,C,50,0,0,1,,,1749013,5427391,-41.29117995,174.7796403
Wellington City,WAKEFIELD ST,15,E, ,TORY ST,2213004,28/09/02,Sat,945,PO,CW1E,383A 502B 722B ,,R,D,B ,F , ,N,C,50,0,0,1,30,,1749218,5427273,-41.29220449,174.7821164
Wellington City,WAKEFIELD ST,50,W, ,TORY ST,2254297,30/08/02,Fri,1845,GD,XN1C,112A 181A 922 ,,R,D,DO,F ,D,N,C,50,0,0,0,,,1749158,5427299,-41.29198149,174.7813938
Wellington City,WAKEFIELD ST,70,W, ,TORY ST,2256095,10/12/02,Tue,1545,FA,TW1C,331A 353A ,,R,D,B ,F , ,N,C,50,0,0,0,,,1749139,5427306,-41.29192198,174.7811653
Wellington City,WAKEFIELD ST,, ,I,TORY ST,2212386,3/07/02,Wed,1350,NF,CS2E,718B ,,R,D,B ,F ,X,T,C,50,0,0,1,22,,1749204,5427279,-41.29215306,174.7819478
Wellington City,WAKEFIELD ST,, ,I,TORY ST,2252529,29/05/02,Wed,1815,LB,CN2C,303B ,,R,D,DO,F ,X,T,C,50,0,0,0,,,1749204,5427279,-41.29215306,174.7819478
Wellington City,WAKEFIELD ST,, ,I,TORY ST,2253620,17/08/02,Sat,2345,HA,CW1C,322A ,,R,W,DO,L ,X,T,C,50,0,0,0,,,1749204,5427279,-41.29215306,174.7819478
Wellington City,WAKEFIELD ST,, ,I,TORY ST,2211849,5/03/02,Tue,245,HA,XN2V,324B ,S,R,D,DO,F ,X,T,C,50,0,1,1,,,1749204,5427279,-41.29215306,174.7819478
Wellington City,WAKEFIELD ST,, ,I,TORY ST,2253187,10/07/02,Wed,1000,HA,CW1C,322A 358A ,,R,D,B ,F ,X,T,C,50,0,0,0,,,1749204,5427279,-41.29215306,174.7819478
Wellington City,WALLACE ST,70,S, ,BIDWILL ST,2211333,8/02/02,Fri,1430,FD,CN1CC,423A 817 ,,R,D,O ,F , ,N,P,50,0,1,1,,,1748547,5426163,-41.30232207,174.7743772
Wellington City,WALLACE ST,100,S, ,BIDWILL ST,2212654,6/09/02,Fri,1120,NA,CN1E,717B ,,R,D,B ,F , ,N,X,50,0,0,1,21,,1748558,5426135,-41.30257214,174.7745154
Wellington City,WALLACE ST,, ,I,BIDWILL ST,2252773,25/06/02,Tue,900,FE,CS1CCC,181A 191A ,,R,D,O ,F ,X,T,C,50,0,0,0,,,1748521,5426228,-41.30174164,174.7740509
Wellington City,WALLACE ST,100,S, ,HARGREAVES ST,2255204,1/10/02,Tue,1030,EA,CN1C,129A 443A ,M,R,D,B ,F , ,N,C,50,0,0,0,,,1748596,5425947,-41.30425779,174.775015
Wellington City,WALLACE ST,10,S, ,HOWARD ST,2250318,27/01/02,Sun,2000,FA,CS1CC,331A ,,R,D,B ,F ,T,N,C,50,0,0,0,,,1748600,5425858,-41.30505836,174.7750845
Wellington City,WALLACE ST,80,W, ,HUTCHISON ROAD,2254185,9/08/02,Fri,2300,DA,CN1,102A 112A 801 ,X,M,W,DO,H , ,N,C,50,0,0,0,,,1748600,5425612,-41.3072732,174.7751446
Wellington City,WALLACE ST,, ,I,ROLLESTON ST,2254659,20/09/02,Fri,10,KA,CN1X,302A 801 ,,R,W,DO,L ,T,G,P,50,0,0,0,,,1748557,5426138,-41.30254532,174.7745027
Wellington City,WARING TAYLOR ST,, ,I,FEATHERSTON ST,2254062,16/07/02,Tue,821,HA,CW1C,302A 375A ,J,R,D,O ,F ,X,G,C,50,0,0,0,,,1748858,5428378,-41.28232215,174.7775488
Wellington City,WASHINGTON AVENUE,40,N, ,CLEVELAND ST,2251824,28/03/02,Thu,1905,EA,CS1C,129A 818 ,M,R,D,DO,F , ,N,C,50,0,0,0,,,1747902,5425899,-41.30481747,174.7667405
Wellington City,WASHINGTON AVENUE,70,N, ,CONNAUGHT TERRACE,2252443,31/05/02,Fri,1610,DA,VS1C,132A ,M,M,D,B ,F , ,N,C,50,0,0,0,,,1747837,5425430,-41.30905201,174.7660783
Wellington City,WATERLOO QUAY,, ,A,AOTEA QUAY,2211828,25/04/02,Thu,200,DB,CN1,101A 131A ,F,M,D,DO,F , ,N,L,50,0,0,1,,,1749678,5429335,-41.2735543,174.7871009
Wellington City,WATERLOO QUAY,400,N, ,BUNNY ST,2212520,20/06/02,Thu,1645,JA,CN1C,202A 308A 377A 926 ,,R,D,O ,F ,D,N,L,50,0,0,1,,,1749350,5428918,-41.27736945,174.7832888
Wellington City,WATERLOO QUAY,, ,I,BUNNY ST,2212733,19/07/02,Fri,2133,NE,CE2E,306A 105B ,,R,D,DO,F ,T,T,P,50,0,0,1,53,,1749102,5428604,-41.28024236,174.7804058
Wellington City,WATERLOO QUAY,, ,I,BUNNY ST,2255038,29/09/02,Sun,20,FB,CN1X,181A 334A ,,R,W,DO,L ,T,T,C,50,0,0,0,,,1749102,5428604,-41.28024236,174.7804058
Wellington City,WATERLOO QUAY,, ,I,BUNNY ST,2212518,13/06/02,Thu,1650,NB,MS1E,718B ,,R,D,TO,F ,X,T,P,50,0,1,1,38,,1749102,5428604,-41.28024236,174.7804058
Wellington City,WATERLOO QUAY,20,S, ,CORNWELL ST,2250924,23/02/02,Sat,1830,AC,XN1C,372A 387A ,,R,D,TF,F , ,T,C,50,0,0,0,,,1749567,5429194,-41.27484435,174.7858109
Wellington City,WATERLOO QUAY,25,N, ,HINEMOA ST,2250409,21/02/02,Thu,1340,FD,CS1C,331A ,,R,D,B ,F , ,N,R,50,0,0,0,,,1749425,5429014,-41.27649125,174.7841603
Wellington City,WATERLOO QUAY,50,N, ,HINEMOA ST,2213059,5/08/02,Mon,905,NA,TS1E,711B ,,R,D,O ,F , ,N,L,50,0,0,1,60,,1749440,5429033,-41.27631741,174.7843347
Wellington City,WATERLOO QUAY,50,N, ,WHITMORE ST,2212063,23/05/02,Thu,925,PF,CN1E,129A 715B ,,R,D,O ,F , ,N,C,50,0,0,1,44,,1749011,5428478,-41.28139359,174.7793505
Wellington City,WATERLOO QUAY,, ,I,WHITMORE ST,2212453,24/07/02,Wed,1700,CA,MS1,112A 807 ,,R,W,TO,L ,T,T,C,50,0,0,1,,,1748982,5428438,-41.28175908,174.7790141
Wellington City,WEBB ST,240,W, ,CUBA ST,2213473,31/12/02,Tue,2149,NA,CE1E,105B 711B ,,R,D,DO,F , ,N,C,50,0,0,1,19,,1748244,5426777,-41.29684967,174.77061
Wellington City,WEBB ST,, ,I,CUBA ST,2253624,10/08/02,Sat,2320,DC,XS2,501A ,H,R,D,DO,F ,X,G,C,50,0,0,0,,,1748463,5426678,-41.29770076,174.7732487
Wellington City,WEBB ST,, ,I,CUBA ST,2253841,19/07/02,Fri,820,KB,CW1V,303A 352B 375B ,,R,D,O ,F ,T,N,C,50,0,0,0,,,1748463,5426678,-41.29770076,174.7732487
Wellington City,WEBB ST,20,E, ,HOPPER ST,2255745,8/11/02,Fri,1530,FB,CE1C,331A ,,R,D,B ,F , ,N,C,50,0,0,0,,,1748584,5426624,-41.29816468,174.7747064
Wellington City,WEBB ST,, ,I,HOPPER ST,2253172,8/07/02,Mon,1810,LB,MW1C,303A 377B ,,R,D,B ,F ,T,G,C,50,0,0,0,,,1748565,5426632,-41.29809615,174.7744776
Wellington City,WEBB ST,10,W, ,TARANAKI ST,2254670,9/09/02,Mon,1500,NA,CW1E,711B ,,R,D,B ,F ,T,T,C,50,0,0,0,14,,1748654,5426592,-41.2984399,174.77555
Wellington City,WEBB ST,5,W, ,THOMPSON ST,2213133,9/08/02,Fri,1830,NA,CE1E,306A 352A ,,R,W,DO,L ,T,N,C,50,0,1,0,63,,1748351,5426728,-41.29727118,174.7718994
Wellington City,WEBB ST,140,S, ,VICTORIA ST,2212334,28/03/02,Thu,2324,PE,CW1E,103A 505A 512A ,M,R,D,DO,F , ,N,C,50,0,0,1,73,,1748419,5426698,-41.29752878,174.7727185
Wellington City,WELLINGTON ROAD,15,W, ,RUAHINE ROAD,2256347,6/12/02,Fri,1355,FD,CE1C,181A ,,E,D,O ,F ,Y,G,R,50,0,0,0,,,1749860,5425076,-41.31186594,174.7903213
Wellington City,WHITMORE ST,, ,I,FEATHERSTON ST,2256102,28/12/02,Sat,1020,HA,CW1C,197A 322A ,,R,D,B ,F ,X,T,C,50,0,0,0,,,1748923,5428522,-41.28101367,174.7782894
Wellington City,WHITMORE ST,, ,I,LAMBTON QUAY,2212521,24/06/02,Mon,825,AC,TW1CC,372A ,,R,D,B ,F ,X,T,C,50,0,0,2,,,1748819,5428688,-41.27953827,174.7770076
Wellington City,WILLIS ST,, ,I,ABEL SMITH ST,2213483,29/10/02,Tue,1420,NA,CN1E,717B ,,R,D,B ,F ,X,S,X,50,0,0,1,24,,1748300,5426947,-41.2953088,174.7712372
Wellington City,WILLIS ST,, ,I,ABEL SMITH ST,2212583,10/05/02,Fri,1625,NA,CN1E,713B ,,R,D,O ,F ,X,S,X,50,0,0,1,11,,1748300,5426947,-41.2953088,174.7712372
Wellington City,WILLIS ST,, ,I,ABEL SMITH ST,2252460,1/05/02,Wed,925,FC,CN1C,331A 352A ,,R,D,O ,F ,X,N,C,50,0,0,0,,,1748300,5426947,-41.2953088,174.7712372
Wellington City,WILLIS ST,, ,I,BOULCOTT ST,2255509,16/11/02,Sat,1700,LB,CW2C,303A ,,R,D,O ,L ,X,T,C,50,0,0,0,,,1748603,5427623,-41.28916673,174.7746894
Wellington City,WILLIS ST,90,N, ,DIXON ST,2255873,6/11/02,Wed,1345,MD,CS1V,129A 386A ,,R,D,O ,FS, ,N,C,50,0,0,0,,,1748557,5427521,-41.29009355,174.7741652
Wellington City,WILLIS ST,, ,I,DIXON ST,2255047,26/09/02,Thu,945,JA,CN1C,,,R,D,O ,F ,X,S,C,50,0,0,0,,,1748520,5427439,-41.29083864,174.7737435
Wellington City,WILLIS ST,, ,I,DIXON ST,2255257,31/10/02,Thu,1945,HA,CE1C,301A 375A ,,R,D,TF,F ,X,S,C,50,0,0,0,,,1748520,5427439,-41.29083864,174.7737435
Wellington City,WILLIS ST,, ,I,DIXON ST,2213266,5/10/02,Sat,1300,HA,SN1CX,301B ,,R,D,B ,F ,X,S,C,50,0,0,1,,34,1748520,5427439,-41.29083864,174.7737435
Wellington City,WILLIS ST,, ,I,DIXON ST,2250300,25/01/02,Fri,1837,HA,CS1V,301A 375B ,,R,D,B ,F ,X,S,C,50,0,0,0,,,1748520,5427439,-41.29083864,174.7737435
Wellington City,WILLIS ST,40,N, ,GHUZNEE ST,2256251,4/12/02,Wed,1445,BE,CN1CX,103A ,,R,D,BF,F , ,N,C,50,0,0,0,,,1748462,5427308,-41.29202877,174.7730831
Wellington City,WILLIS ST,100,N, ,GHUZNEE ST,2252772,4/06/02,Tue,2300,EA,CN1C,129A 645A ,M,R,D,DO,F , ,N,C,50,0,0,0,,,1748486,5427363,-41.29152916,174.7733562
Wellington City,WILLIS ST,20,S, ,GHUZNEE ST,2254783,30/09/02,Mon,1330,FD,CN1V,,,R,D,B ,F , ,N,C,50,0,0,0,,,1748437,5427254,-41.29251955,174.7727978
Wellington City,WILLIS ST,10,S, ,LAMBTON QUAY,2212726,8/07/02,Mon,1605,NA,BS1E,711B 718B ,,R,D,O ,F ,X,T,C,50,0,0,1,52,,1748736,5427914,-41.28652224,174.7762059
Wellington City,WILLIS ST,, ,I,MANNERS ST,2251619,13/04/02,Sat,1900,KC,CW2C,181A 191A 387A ,,R,D,DO,F ,X,T,C,50,0,0,0,,,1748603,5427623,-41.28916673,174.7746894
Wellington City,WILLIS ST,25,S, ,VIVIAN ST,2252456,12/05/02,Sun,1230,AO,TN1C,129A 386A ,,R,W,O ,L , ,N,N,50,0,0,0,,,1748361,5427084,-41.29406411,174.771932
Wellington City,WILLIS ST,, ,I,WEBB ST,2250769,18/01/02,Fri,820,FE,CN1C,423A ,,R,D,B ,F ,T,T,P,50,0,0,0,,,1748229,5426784,-41.2967894,174.7704292
Wellington City,WILLOWBANK ROAD,400,S, ,MAIN ROAD,2251466,19/04/02,Fri,2225,DB,CS1,198A ,C,M,D,DO,F , ,N,C,100,0,0,0,,,1753389,5438643,-41.18905566,174.8290496
Wellington City,WILTON ROAD,, ,I,GLOUCESTER ST,2253140,12/07/02,Fri,1310,DA,CE1,111A 132A 514A ,CS,E,W,O ,L ,T,G,C,50,0,0,0,,,1747166,5429976,-41.26824461,174.7569674
Wellington City,WILTON ROAD,, ,I,GLOUCESTER ST,2252704,12/05/02,Sun,335,DC,VN2,101A 386A 517A ,,R,D,DO,F ,T,G,C,50,0,0,0,,,1747166,5429976,-41.26824461,174.7569674
Wellington City,WILTON ROAD,50,W, ,WARWICK ST,2253124,14/06/02,Fri,1720,LB,MW1C,303B 377B ,,M,W,DO,L ,D,N,L,50,0,0,0,,,1747349,5430022,-41.26779709,174.7591401
Wellington City,WILTON ROAD,80,W, ,WARWICK ST,2254383,28/08/02,Wed,949,DA,VW1,131A 358A 414A 801 ,FST,M,W,O ,L , ,N,C,50,0,0,0,,,1747321,5430033,-41.26770315,174.7588033
Wellington City,WOODLAND ROAD,100,W, ,PROSPECT TERRACE,2253675,9/07/02,Tue,1400,QD,TN1,611A 650A ,E,S,W,OF,L , ,N,N,50,0,0,0,,,1750768,5435017,-41.22219427,174.798705
Wellington City,WRIGHT ST,20,N, ,HUTCHISON ROAD,2253676,17/06/02,Mon,1830,AC,CS1C,141A 181A 358A 901 ,,R,W,DO,HS, ,N,N,50,0,0,0,,,1748498,5425625,-41.30717494,174.7739235
Wellington City,Z CPK BERKLEY DELLARD APT,70,S, ,NAIRN/BROOKLYN,2212738,30/07/02,Tue,2210,PO,CN1EE,371A 645A ,,R,D,DN,F , ,N,N,50,0,0,2,64,,1748182,5426665,-41.29786945,174.7698971
Wellington City,Z CPK BUILDING,50,E, ,WELLINGTON AIR TERMINAL,2256384,24/12/02,Tue,920,MO,CN1C,351A 386A ,M,R,D,OF,F , ,N,N,50,0,0,0,,,1751690,5423151,-41.32885508,174.8126536
Wellington City,Z CPK COUNTDOWN,, ,A,BILLCUTTING/JOHNSONVILLE,2253138,19/07/02,Fri,2014,QD,CE1,428A ,H,R,D,DN,F , ,N,N,50,0,0,0,,,1751426,5434981,-41.22239553,174.8065603
Wellington City,Z CPK HOSPITAL,150,E, ,MEIN/RIDDIFORD,2252407,27/05/02,Mon,1100,MG,VW1C,181A 371B ,,E,D,B ,F , ,N,N,50,0,0,0,,,1748921,5425203,-41.31089641,174.7790776
Wellington City,Z CPK HOSPITAL,50,N, ,RIDDIFORD/ADELAIDE,2252423,9/05/02,Thu,1605,MO,CS1C,421A ,MF,R,D,O ,F , ,N,N,50,0,0,0,,,1748902,5425403,-41.30909923,174.7788017
Wellington City,Z CPK IAN GALLOWAY PARK,, ,A,CURTIS STREET,2253625,29/08/02,Thu,2046,MO,CW1,386A ,F,R,D,DN,F , ,N,N,50,0,0,0,,,1746947,5429001,-41.27706296,174.7545891
Wellington City,Z CPK JVILLE RLY,, ,A,MOOREFIELD/GOTHIC,2255722,20/09/02,Fri,1630,MO,BN1C,,M,E,D,B ,F , ,N,N,50,0,0,0,,,1751346,5434916,-41.22299572,174.8056225
Wellington City,Z CPK LEVEL 4,, ,A,WAKEFIELD/OPERA HOUSE,2252652,10/05/02,Fri,1030,MO,CN1,423A 507A ,H,R,D,O ,F , ,N,N,50,0,0,0,,,1748912,5427452,-41.29064938,174.7784197
Wellington City,Z CPK LEVEL 5,150,N, ,WAKEFIELD/CUBA,2252736,14/06/02,Fri,2200,MO,CN1C,386A ,M,R,D,DO,F , ,N,C,50,0,0,0,,,1748912,5427437,-41.29078443,174.7784234
Wellington City,Z CPK MASSEY UNIVERSITY,80,S, ,WALLACE/ROLLESTON,2255014,25/09/02,Wed,1400,MO,CN1C,386A ,M,E,D,B ,F , ,N,N,50,0,0,0,,,1748597,5426091,-41.30296111,174.7749918
Wellington City,Z CPK MICHAEL FOWLER CTR,150,W, ,WAKEFIELD/JERVOIS,2256300,12/12/02,Thu,1130,MO,CW1C,371A ,M,S,D,O ,F , ,N,N,50,0,0,0,,,1748911,5427497,-41.29024441,174.7783968
Wellington City,Z CPK MOORE WILSON,, ,A,LORNE/TORY,2256463,30/11/02,Sat,1020,MO,CN1C,386A ,M,R,D,BN,F , ,N,N,50,0,0,0,,,1749125,5426881,-41.29575101,174.7811023
Wellington City,Z CPK MT VIC LOOKOUT,490,W, ,ALEXANDRA LOOKOUT/THANE,2252445,10/05/02,Fri,715,MO,CE1,131A 402A ,,R,D,TF,F , ,N,N,50,0,0,0,,,1750249,5426781,-41.29644289,174.7945454
Wellington City,Z CPK NEW WORLD,, ,A,CABLE CHAFFERS,2253661,11/08/02,Sun,1600,MO,VE1C,371A ,,R,W,O ,L , ,N,N,50,0,0,0,,,1749371,5427247,-41.29241028,174.7839492
Wellington City,Z CPK NEW WORLD,50,E, ,RIDDIFORD/NORMANBY,2253315,2/07/02,Tue,1240,MO,CE1C,353A 371A 373A ,,E,D,O ,F , ,N,C,50,0,0,0,,,1749028,5424775,-41.3147301,174.7804601
Wellington City,Z CPK NOEL LEEMINGS,60,E, ,TORY ST,2213445,3/12/02,Tue,1130,MO,CE1C,112A 170A 207A ,,R,D,B ,F , ,N,N,50,0,0,1,,,1748998,5426740,-41.29704395,174.7796206
Wellington City,Z CPK VICTORIA,30,N, ,VICTORIA/GHUZNEE,2252488,28/05/02,Tue,230,MG,CS1C,,M,R,D,DO,F , ,N,N,50,0,0,0,,,1748539,5427243,-41.29259983,174.7740181