TLA NAME,CRASH ROAD,CRASH DIST,CRASH DIRN,INTSN,SIDE ROAD,CRASH ID,CRASH DATE,CRASH DOW,CRASH TIME,MVMT,VEHICLES,CAUSES,OBJECTS STRUCK,ROAD CURVE,ROAD WET,LIGHT,WTHRa,JUNC TYPE,TRAF CTRL,ROAD MARK,SPD LIM,CRASH FATAL CNT,CRASH SEV CNT,CRASH MIN CNT,PERS AGE1,PERS AGE2,EASTING,NORTHING,latitude,longitude
Wellington City,Z CPK WOOLWORTHS,, ,A,JOHNSONVILLE/NORMAN,2251325,15/03/02,Fri,1200,MO,CW1C,386A ,M,R,D,B ,F , ,N,N,50,0,0,0,,,1751544,5434801,-41.22399405,174.8080121
Wellington City,Z CPK WOOLWORTHS,80,S, ,ONEPU/RONGOTAI,2211630,12/04/02,Fri,1245,CA,CE1,353A 423A ,P,R,D,B ,F , ,N,N,50,0,1,0,,,1750304,5424296,-41.31880591,174.7958159
Wellington City,Z DWAY,50,E, ,CABLE/TARANAKI,2211509,22/02/02,Fri,1005,EE,BE1C,374A ,Q,R,D,B ,F , ,N,N,50,0,0,1,,,1749118,5427445,-41.29067438,174.7808805
Wellington City,Z DWAY 10 STELLA GROVE,80,W, ,NEWLANDS ROAD,2251007,10/03/02,Sun,1830,QD,TS1C,680A 929 ,EM,R,D,B ,F ,D,N,N,50,0,0,0,,,1752432,5434519,-41.22636619,174.8186718
Wellington City,Z DWAY 111 COROMANDEL,40,N, ,COROMANDEL/MEIN,2255018,30/09/02,Mon,1145,MO,CW1,386A 929 ,,R,D,B ,F ,D,N,N,50,0,0,0,,,1749474,5425336,-41.30959668,174.7856482
Wellington City,Z DWAY 2 DEE ST,20,S, ,DOVER ST,2254039,14/06/02,Fri,100,EA,VS1CC,101A ,M,R,D,DN,F , ,N,N,50,0,0,0,,,1748646,5423174,-41.32921503,174.7762899
Wellington City,Z DWAY 4 HOMEWOOD,40,E, ,HOMEWOOD/HATTON,2254196,30/08/02,Fri,2205,PO,CN1E,105B 728B 929 ,,R,D,DO,F ,D,N,N,50,0,0,0,18,,1746364,5428513,-41.28156259,174.7477483
Wellington City,Z DWAY 7 DUNCAN TCE,100,W, ,DUNCAN/KILBIRNIE,2256626,18/12/02,Wed,2130,MO,CS1C,103A 386A 929 ,HM,R,D,DO,F ,D,N,N,50,0,0,0,,,1749979,5424712,-41.31512103,174.7918321
Wellington City,Z DWAY GOVERNMENT HOUSE,, ,A,DUFFERIN/RUGBY,2252101,7/06/02,Fri,1005,MO,CW1V,363A 371A 902 ,,R,D,B ,F , ,N,N,20,0,0,0,,,1749113,5426231,-41.30160545,174.7811182
Wellington City,Z DWAY HOSPITAL ROAD,100,E, ,HOSPITAL DRIVEWAY,2253686,16/07/02,Tue,1125,EE,VN1C,374B ,M,S,W,ON,L , ,N,N,15,0,0,0,,,1748963,5425551,-41.30775547,174.7794939
Wellington City,Z FCT BALLANTRAE PLACE,150,N, ,BOWEN ST,2212449,22/07/02,Mon,1330,NG,VW1E,371A 719B ,,R,D,O ,F , ,N,N,50,0,1,0,55,,1748582,5428922,-41.2774751,174.7741218
Wellington City,Z FCT BP,, ,A,MAIN/TAWA,2255721,14/11/02,Thu,1600,MO,CS1,385A ,X,R,D,O ,F , ,N,N,50,0,0,0,,,1753099,5440146,-41.17557845,174.8252173
Wellington City,Z FCT BP,, ,A,WAKEFIELD/TARANAKI,2254826,17/09/02,Tue,1340,MO,CW1C,371A ,,R,D,O ,F , ,N,N,50,0,0,0,,,1749019,5427392,-41.29116984,174.7797117
Wellington City,Z FCT VNTZ,, ,A,BUCKLE/TORY,2252171,11/04/02,Thu,1055,QD,VW1CC,402A 428A ,M,R,D,B ,F , ,N,C,50,0,0,0,,,1748796,5426610,-41.29825167,174.7772408
Wellington City,Z FERRY TERMINAL,100,N, ,FERRY TERMINAL ACCESS RD,2252751,8/06/02,Sat,1430,MO,CN1,410A ,F,R,D,B ,F , ,N,N,50,0,0,0,,,1749665,5430343,-41.26448126,174.7866983
Wellington City,Z MOORE WILSON,20,N, ,COLLEGE ST,2213622,10/12/02,Tue,1300,NG,VS1E,207A 371A ,,R,D,B ,F , ,N,N,50,0,1,0,55,,1749053,5426892,-41.29566528,174.78024
Wellington City,1N/1050/7.779,350,S, ,PED SUBWAY,2253029,31/05/02,Fri,730,AC,TS1C,372A ,C,R,D,B ,F , ,N,R,100,0,0,0,,,1753760,5441072,-41.16711622,174.8328614
Wellington City,1N/1050/7.814,1800,N, ,TAWA ON NBD,2253681,5/09/02,Thu,255,AD,CN1,198A 410A ,E,E,W,DN,L , ,N,R,100,0,0,0,,,1753732,5441044,-41.16737363,174.8325348
Wellington City,1N/1050/9.331,300,N, ,TAWA OFF SBD,2252301,21/01/02,Mon,2050,AA,CS1C,196A 331A 823 ,,M,W,DN,H , ,N,R,100,0,0,0,,,1753389,5439572,-41.18069155,174.8288168
Wellington City,1N/1050/9.331,300,N, ,TAWA OFF SBD,2251929,12/01/02,Sat,2050,DB,CS1,135A 823 ,CL,M,W,DN,H , ,N,R,100,0,0,0,,,1753389,5439572,-41.18069155,174.8288168
Wellington City,1N/1050/9.374,240,N, ,TAWA ON NBD,2253255,12/07/02,Fri,2240,DA,CN1,103A 131A 135A 801 903 ,G,M,W,DN,LS, ,N,R,100,0,0,0,,,1753383,5439533,-41.18104382,174.828755
Wellington City,1N/1050/9.431,200,N, ,TAWA OFF SBD,2211911,14/03/02,Thu,750,FD,CS1C,181A 801 ,,M,W,O ,L , ,N,R,100,0,0,1,,,1753415,5439476,-41.18155095,174.8291507
Wellington City,1N/1050/9.531,100,N, ,TAWA OFF SBD,2211202,14/03/02,Thu,800,FD,CS1C,111A 331A 197B ,,E,W,O ,H , ,N,R,100,0,1,0,,,1753467,5439391,-41.18230639,174.8297917
Wellington City,1N/1060/0.069,250,N, ,TAWA OFF NBD,2253398,7/07/02,Sun,110,DB,CN1C,103A 111A 135A 801 ,G,M,W,DO,L , ,N,R,100,0,0,0,,,1753664,5438975,-41.18601444,174.8322438
Wellington City,1N/1060/0.069,250,N, ,TAWA OFF NBD,2251333,14/03/02,Thu,830,DB,CN1,136A 631A ,G,M,W,O ,F , ,N,R,100,0,0,0,,,1753664,5438975,-41.18601444,174.8322438
Wellington City,1N/1060/0.215,50,N, ,TAWA ON SBD,2256453,10/12/02,Tue,745,DA,VS1,136A 652A ,C,E,D,O ,F , ,N,R,100,0,0,0,,,1753647,5438832,-41.18730514,174.8320771
Wellington City,1N/1060/0.319,, ,I,TAWA OFF NBD,2254956,1/07/02,Mon,1204,AC,TN1C,372A ,,E,D,O ,F ,Y,N,R,100,0,0,0,,,1753602,5438733,-41.18820501,174.8315656
Wellington City,1N/1060/0.519,200,S, ,TAWA OFF NBD,2254414,29/08/02,Thu,922,ED,CN1T,412A 504A 817 ,QR,R,D,B ,F , ,N,R,100,0,0,0,,,1753546,5438541,-41.18994426,174.8309464
Wellington City,1N/1060/0.569,250,S, ,TAWA OFF NBD,2212232,12/07/02,Fri,1018,AD,VN1V,197A 372B ,C,M,D,O ,F , ,N,R,100,0,0,1,,,1753534,5438493,-41.1903787,174.8308154
Wellington City,1N/1060/0.619,300,S, ,TAWA OFF NBD,2210045,30/06/02,Sun,30,DB,CN1,111A ,GT,M,W,DN,L , ,N,R,100,1,0,2,,,1753522,5438444,-41.19082213,174.8306847
Wellington City,1N/1060/0.619,300,S, ,TAWA OFF NBD,2252172,11/04/02,Thu,1216,QG,VN1,110A ,C,R,D,B ,F , ,N,R,100,0,0,0,,,1753522,5438444,-41.19082213,174.8306847
Wellington City,1N/1060/0.719,400,S, ,TAWA OFF NBD,2212632,7/07/02,Sun,215,DB,CN1,103A 111A 402A ,,E,W,DN,L , ,N,R,100,0,3,1,,,1753505,5438346,-41.19170768,174.8305066
Wellington City,1N/1060/0.919,600,S, ,TAWA OFF NBD,2212331,2/08/02,Fri,1910,AC,CN1T,385A ,T,E,D,DO,F , ,N,R,100,0,0,4,,,1753455,5438154,-41.1934458,174.8299588
Wellington City,1N/1060/0.919,600,S, ,TAWA OFF NBD,2256431,27/12/02,Fri,1435,DB,CN1,410A ,C,E,D,B ,F , ,N,R,100,0,0,0,,,1753455,5438154,-41.1934458,174.8299588
Wellington City,1N/1060/1.035,1000,N, ,CHURTON PARK OFF SBD,2211480,27/01/02,Sun,1945,FA,VS1C,181A ,,M,D,B ,F , ,N,R,100,0,0,2,,,1753402,5438063,-41.19427514,174.8293499
Wellington City,1N/1060/1.265,1000,S, ,TAWA ON SBD,2254540,21/09/02,Sat,1930,CB,CS1,359A 402A ,C,R,D,DN,F , ,N,R,100,0,0,0,,,1753211,5437935,-41.19546372,174.8271054
Wellington City,1N/1060/1.535,500,N, ,CHURTON PARK OFF SBD,2212067,30/05/02,Thu,824,FD,CS1CC,331A 358A 802 ,,R,I,B ,FF, ,N,R,100,0,0,1,,,1753039,5437730,-41.19734192,174.8251065
Wellington City,1N/1060/1.535,500,N, ,CHURTON PARK OFF SBD,2211396,2/05/02,Thu,1804,FD,CS1C,331A ,,M,D,TN,F , ,N,R,100,0,0,2,,,1753039,5437730,-41.19734192,174.8251065
Wellington City,1N/1060/1.626,400,N, ,CHURTON PARK ON NBD,2212692,29/08/02,Thu,1540,FD,CN1CC,331A 181B 817 ,,R,D,O ,F , ,N,R,100,0,0,1,,,1752979,5437650,-41.19807353,174.8244113
Wellington City,1N/1060/1.735,300,N, ,CHURTON PARK OFF SBD,2211505,26/02/02,Tue,26,DB,CS1,103A 131A ,G,E,D,DN,F , ,N,R,100,0,0,1,,,1752970,5437544,-41.19902958,174.8243305
Wellington City,1N/1060/1.735,300,N, ,CHURTON PARK OFF SBD,2212312,25/07/02,Thu,740,FD,CS1C,331A 801 ,,E,W,O ,L , ,N,R,100,0,0,1,,,1752970,5437544,-41.19902958,174.8243305
Wellington City,1N/1060/2.026,, ,I,CHURTON PARK ON NBD,2212676,2/09/02,Mon,1525,AD,CN1C,137A 403A 143B 372B ,,R,D,B ,F ,Y,N,R,100,0,0,1,,,1752860,5437270,-41.20151727,174.8230878
Wellington City,1N/1060/2.949,100,S, ,CHURTON PARK ON SBD,2252111,4/05/02,Sat,1555,CB,TS1,132A ,C,R,D,O ,FS, ,N,R,100,0,0,0,,,1752337,5436545,-41.20814328,174.8170338
Wellington City,1N/1060/3.049,200,S, ,CHURTON PARK ON SBD,2250845,11/02/02,Mon,1750,FD,CS1CC,331A ,,R,W,O ,H , ,N,R,100,0,0,0,,,1752295,5436454,-41.20897049,174.8165558
Wellington City,1N/1060/3.49,740,N, ,JOHNSONVILLE OFF SBD,2253024,12/06/02,Wed,1008,FD,CS1C,181A 353A 817 ,,R,D,B ,F , ,N,R,100,0,0,0,,,1752114,5436052,-41.21262388,174.8144979
Wellington City,1N/1060/3.73,500,N, ,JOHNSONVILLE OFF SBD,2252463,5/06/02,Wed,1255,FD,CS1CV,331A 353A 817 ,Q,R,D,O ,F , ,N,R,100,0,0,0,,,1752011,5435836,-41.21458796,174.8133236
Wellington City,1N/1060/4.18,50,N, ,JOHNSONVILLE ON NBD,2253166,11/07/02,Thu,1725,FD,VN1C,181A 191B ,,R,D,DO,F , ,N,R,100,0,0,0,,,1751799,5435431,-41.21827412,174.8108964
Wellington City,1N/1060/4.23,, ,I,JOHNSONVILLE ON NBD,2255013,24/09/02,Tue,1202,CC,CN1C,125A 134A ,,R,D,O ,F ,Y,N,R,100,0,0,0,,,1751777,5435386,-41.2186834,174.8106453
Wellington City,1N/1060/4.26,30,S, ,JOHNSONVILLE ON NBD,2256470,25/12/02,Wed,340,AF,CN1C,159A 372A 103B 197B 400B ,G,R,D,DO,F , ,N,R,100,0,0,0,,,1751764,5435359,-41.21892893,174.810497
Wellington City,1N/1060/4.51,280,S, ,JOHNSONVILLE OFF SBD,2250068,8/01/02,Tue,1203,DB,CS1,411A ,G,M,D,O ,F , ,N,R,100,0,0,0,,,1751671,5435134,-41.22097212,174.8094439
Wellington City,1N/1060/4.63,400,S, ,JOHNSONVILLE OFF SBD,2251004,18/03/02,Mon,2132,DA,CS1,129A ,GT,E,W,DO,F , ,N,R,100,0,0,0,,,1751638,5435019,-41.2220137,174.8090789
Wellington City,1N/1060/4.872,520,N, ,JOHNSONVILLE OFF NBD,2251552,30/05/02,Thu,1820,EC,CN1,198A ,D,M,D,DO,F , ,N,R,100,0,0,0,,,1751619,5434774,-41.22422309,174.8089132
Wellington City,1N/1060/4.945,450,N, ,NEWLANDS OFF SBD,2254505,9/09/02,Mon,940,EO,TS1,686A ,G,E,D,B ,F , ,N,R,100,0,0,0,,,1751616,5434705,-41.22484489,174.8088945
Wellington City,1N/1060/5.156,600,S, ,HELSTON OBR,2252506,25/05/02,Sat,1400,DA,CS1T,132A ,G,M,D,B ,F , ,N,R,100,0,0,0,,,1751551,5434505,-41.22665774,174.808169
Wellington City,1N/1060/5.192,200,N, ,JOHNSONVILLE OFF NBD,2253662,18/08/02,Sun,945,DB,CN1,102A 412A ,G,E,D,O ,F , ,N,R,100,0,0,0,,,1751537,5434466,-41.2270115,174.8080117
Wellington City,1N/1060/5.195,200,N, ,NEWLANDS OFF SBD,2250917,11/02/02,Mon,1700,DB,CS1,132A 196A ,,E,W,O ,H , ,N,R,80,0,0,0,,,1751546,5434466,-41.22700981,174.8081191
Wellington City,1N/1060/5.195,200,N, ,NEWLANDS OFF SBD,2211517,11/02/02,Mon,1700,DB,CS1,132A 412A ,G,M,W,O ,L , ,N,P,80,0,1,0,,,1751546,5434466,-41.22700981,174.8081191
Wellington City,1N/1060/5.242,150,W, ,JOHNSONVILLE OFF NBD,2210077,5/11/02,Tue,1440,DB,VN1TE,131A ,Q,M,W,O ,F , ,N,R,80,1,0,1,29,,1751539,5434417,-41.22745229,174.8080477
Wellington City,1N/1060/5.262,130,N, ,JOHNSONVILLE OFF NBD,2212576,9/07/02,Tue,1317,EB,CN1TC,132A 181A 196A 331A 446A 801 ,QG,E,W,B ,F , ,N,C,80,0,1,1,,,1751542,5434397,-41.22763179,174.8080885
Wellington City,1N/1060/5.292,100,N, ,JOHNSONVILLE OFF NBD,2252056,3/05/02,Fri,1810,AA,CN1C,181A ,,E,D,TO,F , ,N,C,100,0,0,0,,,1751550,5434368,-41.22789139,174.8081911
Wellington City,1N/1060/5.442,50,S, ,JOHNSONVILLE OFF NBD,2212513,28/06/02,Fri,1725,FD,VN1C,181A 331A ,,R,W,O ,L , ,N,R,80,0,0,1,,,1751618,5434235,-41.2290761,174.809035
Wellington City,1N/1060/5.542,150,S, ,JOHNSONVILLE OFF NBD,2256096,25/12/02,Wed,1432,DB,CN1,111A 630A 800 ,CP,M,W,O ,M , ,N,R,80,0,0,0,,,1751668,5434148,-41.22985002,174.8096529
Wellington City,1N/1060/5.592,200,S, ,JOHNSONVILLE OFF NBD,2252012,6/04/02,Sat,445,DB,VN1,111A ,G,M,W,DO,L , ,N,R,80,0,0,0,,,1751686,5434101,-41.23026981,174.8098793
Wellington City,1N/1060/5.592,200,S, ,JOHNSONVILLE OFF NBD,2213458,16/11/02,Sat,610,DB,CN1,111A 135A 801 ,G,M,W,O ,L , ,N,R,80,0,0,1,,,1751686,5434101,-41.23026981,174.8098793
Wellington City,1N/1060/5.592,200,S, ,JOHNSONVILLE OFF NBD,2256495,18/12/02,Wed,1000,DB,CN1,334A 423A ,G,M,W,O ,L , ,N,R,80,0,0,0,,,1751686,5434101,-41.23026981,174.8098793
Wellington City,1N/1060/5.612,220,S, ,JOHNSONVILLE OFF NBD,2253957,8/09/02,Sun,742,DB,CN1,111A 135A 402A 801 903 ,G,M,W,O ,LS, ,N,R,80,0,0,0,,,1751690,5434082,-41.23044012,174.8099317
Wellington City,1N/1060/5.692,300,S, ,JOHNSONVILLE OFF NBD,2256063,27/11/02,Wed,1505,AD,VN1C,131A 135A 801 ,G,M,W,O ,L , ,N,R,80,0,0,0,,,1751687,5434002,-41.23116095,174.8099158
Wellington City,1N/1060/5.692,300,S, ,JOHNSONVILLE OFF NBD,2256094,8/12/02,Sun,1205,DB,CN1,135A 402A 801 ,G,M,W,O ,L , ,N,R,80,0,0,0,,,1751687,5434002,-41.23116095,174.8099158
Wellington City,1N/1060/5.787,100,N, ,NEWLANDS ON NBD,2212237,2/07/02,Tue,720,EB,CN1C,117A 331A 442B 446B 831 ,M,M,W,TF,F , ,N,R,80,0,0,1,,,1751641,5433920,-41.23190785,174.8093875
Wellington City,1N/1060/5.787,100,N, ,NEWLANDS ON NBD,2253321,2/07/02,Tue,715,DB,CN1,111A 131A 177A ,G,M,W,TF,F , ,N,R,80,0,0,0,,,1751641,5433920,-41.23190785,174.8093875
Wellington City,1N/1060/5.888,, ,I,NEWLANDS ON NBD,2252637,28/05/02,Tue,900,FA,VN1T,331A 363A 902 ,,E,D,B ,F ,Y,N,R,80,0,0,0,,,1751578,5433843,-41.23261292,174.8086553
Wellington City,1N/1060/5.908,20,S, ,NEWLANDS ON NBD,2252384,26/04/02,Fri,1620,FD,CN1C,135A 181A 135B 181B 801 ,,R,W,O ,L , ,N,R,80,0,0,0,,,1751566,5433827,-41.23275923,174.8085162
Wellington City,1N/1060/6,, ,I,NEWLANDS ON SBD,2213626,10/12/02,Tue,1055,KA,TS1C,381B 402B ,C,E,D,O ,FS,Y,N,R,80,0,0,1,,,1751527,5433757,-41.23339677,174.8080684
Wellington City,1N/1060/6,, ,I,NEWLANDS ON SBD,2252659,28/05/02,Tue,1100,KA,TS1C,300A 381A ,G,E,D,B ,F ,Y,N,R,80,0,0,0,,,1751527,5433757,-41.23339677,174.8080684
Wellington City,1N/1060/6.101,100,S, ,NEWLANDS ON SBD,2212645,18/07/02,Thu,735,FD,CS1CC,181A 191B ,,E,D,O ,F , ,N,R,80,0,0,1,,,1751461,5433681,-41.23409339,174.8073001
Wellington City,1N/1060/6.181,180,S, ,NEWLANDS ON SBD,2213321,4/09/02,Wed,720,DA,TS1C,411A 504A ,CGP,E,D,O ,F , ,N,R,80,0,1,0,,,1751410,5433620,-41.23465214,174.8067069
Wellington City,1N/1060/6.301,300,S, ,NEWLANDS ON SBD,2256076,21/11/02,Thu,1147,DB,VS1CCV,137A 197A 387A 191B ,G,E,D,B ,F , ,N,R,80,0,0,0,,,1751338,5433524,-41.23552994,174.805872
Wellington City,1N/1060/6.393,150,S, ,NEWLANDS OFF NBD,2250612,28/01/02,Mon,1600,QO,CN1C,668A ,M,E,D,B ,F , ,N,R,80,0,0,0,,,1751291,5433434,-41.23634904,174.8053337
Wellington City,1N/1060/6.417,200,N, ,ABATTOIRS ROAD,2250574,19/01/02,Sat,1350,AG,CN1V,177A ,,M,W,O ,LS, ,N,R,80,0,0,0,,,1751287,5433411,-41.23655687,174.8052917
Wellington City,1N/1060/6.517,100,N, ,ABATTOIRS ROAD,2252713,28/06/02,Fri,2110,AA,CN1T,372A ,,E,W,DO,L , ,N,R,80,0,0,0,,,1751286,5433312,-41.23744839,174.8053043
Wellington City,1N/1060/6.531,530,S, ,NEWLANDS ON SBD,2255103,18/08/02,Sun,610,DA,CS1,111A ,G,E,W,TO,LS, ,N,R,80,0,0,0,,,1751301,5433302,-41.23753562,174.8054857
Wellington City,1N/1060/6.651,650,S, ,NEWLANDS ON SBD,2212364,19/06/02,Wed,1540,AF,SS1T,137A 129B ,,M,D,O ,F , ,N,R,80,0,0,1,,47,1751346,5433193,-41.23850856,174.8060495
Wellington City,1N/1060/6.701,700,S, ,NEWLANDS ON SBD,2256298,21/12/02,Sat,1030,DB,VS1,132A 403A ,G,M,D,B ,F , ,N,R,80,0,0,0,,,1751379,5433155,-41.23884452,174.8064525
Wellington City,1N/1060/6.701,700,S, ,NEWLANDS ON SBD,2256387,17/12/02,Tue,1815,DB,CS1,132A 181A 801 ,G,M,W,O ,H , ,N,R,80,0,0,0,,,1751379,5433155,-41.23884452,174.8064525
Wellington City,1N/1060/6.917,300,N, ,TYERS ROAD,2213415,12/12/02,Thu,1402,FF,CN1CC,181A ,,R,D,B ,F , ,N,R,80,0,0,2,,,1751528,5433011,-41.2401131,174.8082655
Wellington City,1N/1060/6.917,300,N, ,TYERS ROAD,2251078,4/03/02,Mon,1202,FA,CN1C,422B ,,R,D,B ,F , ,N,R,80,0,0,0,,,1751528,5433011,-41.2401131,174.8082655
Wellington City,1N/1060/6.935,340,N, ,CENTENNIAL SBD,2253814,8/09/02,Sun,2142,DA,CS1,132A 192A ,G,E,D,DO,F , ,N,R,100,0,0,0,,,1751555,5433002,-41.24018907,174.8085898
Wellington City,1N/1060/7.017,200,N, ,TYERS ROAD,2256079,25/11/02,Mon,1500,AC,TN1C,137A 372A ,,E,D,B ,F , ,N,R,80,0,0,0,,,1751590,5432933,-41.24080374,174.8090244
Wellington City,1N/1060/7.017,200,N, ,TYERS ROAD,2256534,19/12/02,Thu,1450,AC,CN1V,159A 372A ,,R,D,B ,F , ,N,R,80,0,0,0,,,1751590,5432933,-41.24080374,174.8090244
Wellington City,1N/1060/7.017,200,N, ,TYERS ROAD,2250590,13/01/02,Sun,1320,FB,CN1C,181A 191B ,,E,W,O ,L , ,N,R,80,0,0,0,,,1751590,5432933,-41.24080374,174.8090244
Wellington City,1N/1060/7.017,200,N, ,TYERS ROAD,2256392,17/12/02,Tue,1830,FD,VN1CXC,181A 331D ,,R,D,O ,M , ,N,R,80,0,0,0,,,1751590,5432933,-41.24080374,174.8090244
Wellington City,1N/1060/7.067,150,N, ,TYERS ROAD,2255874,15/11/02,Fri,1440,FD,CN1C,181A 191A ,,R,D,B ,F , ,N,R,80,0,0,0,,,1751620,5432893,-41.24115825,174.8093921
Wellington City,1N/1060/7.125,150,N, ,CENTENNIAL SBD,2252582,8/05/02,Wed,735,FD,CS1C,181A 331A ,,E,D,B ,F , ,N,R,80,0,0,0,,,1751676,5432855,-41.24148988,174.8100696
Wellington City,1N/1060/7.166,50,N, ,TYERS ROAD,2252761,19/06/02,Wed,1004,FA,TN1B,181A 191A 331A ,,E,W,O ,L , ,N,R,80,0,0,0,,,1751687,5432819,-41.24181193,174.8102097
Wellington City,1N/1060/7.175,100,N, ,CENTENNIAL SBD,2211771,7/03/02,Thu,1350,AA,CS1CCC,132A 331A ,,E,D,O ,F , ,N,R,100,0,0,1,,,1751714,5432823,-41.24177085,174.8105308
Wellington City,1N/1060/7.175,100,W, ,CENTENNIAL SBD,2256504,7/11/02,Thu,2115,EB,VS1C,117A 353A ,Q,R,W,DO,F , ,N,R,80,0,0,0,,,1751714,5432823,-41.24177085,174.8105308
Wellington City,1N/1060/7.197,20,N, ,TYERS ROAD,2211631,7/04/02,Sun,1834,AC,TN1C,372A ,,M,D,TF,F , ,N,R,80,0,0,1,,,1751712,5432803,-41.2419513,174.8105119
Wellington City,1N/1060/7.225,50,N, ,CENTENNIAL SBD,2252624,9/03/02,Sat,1520,DA,CS1,136A 688A ,G,E,D,B ,F , ,N,R,80,0,0,0,,,1751757,5432797,-41.24199687,174.8110502
Wellington City,1N/1060/7.306,90,S, ,TYERS ROAD,2255729,13/11/02,Wed,750,AC,CW1TC,372A 197B ,,R,D,O ,F , ,N,R,80,0,0,0,,,1751811,5432755,-41.24236488,174.8117047
Wellington City,1N/1060/7.311,50,N, ,CENTENNIAL NBD,2256205,13/12/02,Fri,749,DB,CN1,137A 372A ,E,E,W,O ,FS, ,N,R,80,0,0,0,,,1751815,5432754,-41.24237313,174.8117527
Wellington City,1N/1060/7.374,100,S, ,CENTENNIAL SBD,2253023,14/06/02,Fri,2030,DA,CS1,198A 801 ,,E,W,DN,HS, ,N,R,100,0,0,0,,,1751890,5432731,-41.24256612,174.812653
Wellington City,1N/1060/7.474,200,S, ,CENTENNIAL SBD,2250560,13/01/02,Sun,1416,FF,CS1C,181A 191A ,,M,D,B ,F , ,N,R,100,0,0,0,,,1751966,5432666,-41.24313706,174.8135758
Wellington City,1N/1060/7.616,400,S, ,TYERS ROAD,2252642,26/05/02,Sun,540,AD,CN1,111A 131A ,G,M,W,DO,F , ,N,R,100,0,0,0,,,1752018,5432541,-41.2442527,174.8142272
Wellington City,1N/1060/7.696,560,N, ,SH 2,2250070,13/01/02,Sun,1330,FD,CN1CC,111A 337A ,,E,D,B ,F , ,N,R,100,0,0,0,,,1752041,5432465,-41.24493263,174.8145205
Wellington City,1N/1060/7.716,500,S, ,TYERS ROAD,2250902,6/02/02,Wed,100,DB,CN1,111A 131A 801 ,GP,M,W,DO,L , ,N,R,100,0,0,0,,,1752045,5432445,-41.24511194,174.8145732
Wellington City,1N/1060/7.816,600,S, ,TYERS ROAD,2251470,6/04/02,Sat,1555,DB,CN1,111A 132A 801 ,PT,M,W,O ,L , ,N,R,100,0,0,0,,,1752046,5432345,-41.24601209,174.81461
Wellington City,1N/1060/8.097,200,N, ,SH 2,2252702,26/05/02,Sun,250,AD,CS1C,111A ,G,E,W,DO,L , ,N,R,80,0,0,0,,,1751960,5432101,-41.24822507,174.8136449
Wellington City,1N/1060/8.147,150,N, ,SH 2,2255313,11/10/02,Fri,2240,DA,CS1C,131A 132A ,G,M,D,DO,F , ,N,R,100,0,0,0,,,1751920,5432072,-41.24849368,174.8131749
Wellington City,1N/1060/8.197,100,E, ,SH 2,2254535,8/09/02,Sun,640,DA,CS1,135A 903 ,G,M,W,TO,LS, ,N,R,100,0,0,0,,,1751878,5432044,-41.24875367,174.8126809
Wellington City,1N/1060/8.197,100,N, ,SH 2,2255765,7/11/02,Thu,2055,DA,CS1C,111A 132A ,GG,E,W,O ,L , ,N,R,100,0,0,0,,,1751878,5432044,-41.24875367,174.8126809
Wellington City,1N/1060/8.227,70,N, ,SH 2,2256306,7/12/02,Sat,715,DA,CS1,133A 801 ,G,E,W,O ,L , ,N,R,100,0,0,0,,,1751853,5432028,-41.24890242,174.8123866
Wellington City,1N/1060/8.247,50,N, ,SH 2,2251283,27/02/02,Wed,804,FD,CS1CC,358A 613A ,,E,D,B ,F , ,N,R,100,0,0,0,,,1751836,5432017,-41.24900465,174.8121866
Wellington City,1N/1060/8.256,, ,I,SH 2,2211053,15/01/02,Tue,1640,CO,VN1CVV,132A 614A 181D ,,R,D,B ,F ,Y,N,R,100,0,0,2,,,1751775,5432014,-41.24904311,174.8114596
Wellington City,1N/1060/8.256,, ,I,SH 2,2210085,28/11/02,Thu,515,EC,CN1,103A 110A ,G,R,D,TO,F ,Y,N,R,100,1,0,0,,,1751775,5432014,-41.24904311,174.8114596
Wellington City,1N/1068/0.1,100,S, ,SH 2,2255743,18/11/02,Mon,754,AA,VN1V,372A ,,E,D,O ,F , ,N,C,100,0,0,0,,,1751695,5431955,-41.24958932,174.8105199
Wellington City,1N/1068/0.3,300,S, ,SH 2,2212363,4/07/02,Thu,830,FD,CN1CC,331A 181B 800 ,,E,W,O ,L , ,N,R,100,0,0,1,,,1751531,5431840,-41.25065547,174.808592
Wellington City,1N/1068/0.35,350,S, ,SH 2,2211391,15/01/02,Tue,1100,EB,VS1CC,135A 181A 196A 196B 442B 801 832 ,Q,E,W,O ,H , ,N,R,100,0,0,3,,,1751501,5431799,-41.25103023,174.8082443
Wellington City,1N/1068/0.5,500,S, ,SH 2,2254996,29/09/02,Sun,2200,FA,CS1C,112A 331A ,,R,D,DO,F , ,N,R,100,0,0,0,,,1751389,5431701,-41.25193354,174.8069325
Wellington City,1N/1068/0.5,500,S, ,SH 2,2255015,24/09/02,Tue,740,CA,VS1,132A ,G,R,D,O ,F , ,N,R,100,0,0,0,,,1751389,5431701,-41.25193354,174.8069325
Wellington City,1N/1068/0.509,2000,N, ,AOTEA ON NBD,2251331,15/03/02,Fri,1056,AG,CN1C,177A ,,E,D,B ,F , ,N,C,100,0,0,0,,,1751372,5431706,-41.25189171,174.8067284