TLA NAME,CRASH ROAD,CRASH DIST,CRASH DIRN,INTSN,SIDE ROAD,CRASH ID,CRASH DATE,CRASH DOW,CRASH TIME,MVMT,VEHICLES,CAUSES,OBJECTS STRUCK,ROAD CURVE,ROAD WET,LIGHT,WTHRa,JUNC TYPE,TRAF CTRL,ROAD MARK,SPD LIM,CRASH FATAL CNT,CRASH SEV CNT,CRASH MIN CNT,PERS AGE1,PERS AGE2,EASTING,NORTHING,latitude,longitude
Wellington City,1N/1068/1,1000,S, ,SH 2,2212186,5/07/02,Fri,1848,FD,TN1XC,103A 112A ,,R,W,DO,L , ,N,R,100,0,0,1,,,1750995,5431398,-41.25473526,174.8023071
Wellington City,1N/1068/1,1000,S, ,SH 2,2252724,5/07/02,Fri,2300,CC,CN1,112A 135A 823 ,GL,R,W,DO,L , ,N,R,100,0,0,0,,,1750995,5431398,-41.25473526,174.8023071
Wellington City,1N/1068/1,1000,S, ,SH 2,2256289,18/11/02,Mon,1924,DA,CN1,,G,E,W,O ,H , ,N,R,100,0,0,0,,,1750995,5431398,-41.25473526,174.8023071
Wellington City,1N/1068/1,1000,S, ,SH 2,2253668,15/08/02,Thu,1145,AC,TS1C,372A ,G,R,W,O ,F , ,N,R,100,0,0,0,,,1751006,5431385,-41.25485024,174.8024415
Wellington City,1N/1068/1.009,1500,E, ,AOTEA ON NBD,2253265,24/07/02,Wed,1830,FD,CN1C,181A ,,R,W,DO,L , ,N,R,100,0,0,0,,,1750986,5431395,-41.25476395,174.8022004
Wellington City,1N/1068/1.509,1000,N, ,AOTEA ON NBD,2253200,25/07/02,Thu,1740,FD,CN1CC,181A 331A 353A 801 ,,R,W,DO,L , ,N,R,100,0,0,0,,,1750529,5431196,-41.25664086,174.7967973
Wellington City,1N/1068/1.609,900,N, ,AOTEA ON NBD,2253660,17/07/02,Wed,1220,DA,CN1,131A ,G,E,W,O ,L , ,N,R,100,0,0,0,,,1750442,5431147,-41.25709823,174.7957714
Wellington City,1N/1068/1.659,850,N, ,AOTEA ON NBD,2253314,24/07/02,Wed,1720,FD,VN1C,181A ,,R,W,DO,L , ,N,R,100,0,0,0,,,1750400,5431120,-41.25734914,174.7952769
Wellington City,1N/1068/1.709,800,N, ,AOTEA ON NBD,2256485,17/12/02,Tue,1900,DA,VN1C,137A 331A ,G,E,W,O ,L , ,N,R,100,0,0,0,,,1750359,5431092,-41.25760886,174.7947947
Wellington City,1N/1068/1.809,700,N, ,AOTEA ON NBD,2255102,4/03/02,Mon,1510,FA,CN1C,512A ,,R,D,B ,F , ,N,R,100,0,0,0,,,1750282,5431028,-41.2581994,174.7938917
Wellington City,1N/1068/1.834,1000,N, ,AOTEA OFF SBD,2256492,30/10/02,Wed,1420,AA,CS1C,381A 386A 402A ,,R,D,BF,F , ,N,R,100,0,0,0,,,1750275,5430998,-41.25847081,174.7938156
Wellington City,1N/1068/2.209,300,N, ,AOTEA ON NBD,2252419,15/05/02,Wed,1730,FD,CN1CCC,331A ,,R,D,TO,F , ,N,C,100,0,0,0,,,1750027,5430721,-41.26101083,174.7909248
Wellington City,1N/1068/2.259,250,N, ,AOTEA ON NBD,2255750,20/11/02,Wed,1820,FD,CN1V,181A 331A 358A ,,E,D,B ,F , ,N,R,100,0,0,0,,,1749992,5430685,-41.26134145,174.790516
Wellington City,1N/1068/2.309,200,E, ,AOTEA ON NBD,2250043,31/01/02,Thu,1845,DB,CN1,129A 353A ,G,E,D,O ,F , ,N,R,100,0,0,0,,,1749952,5430655,-41.26161898,174.7900461
Wellington City,1N/1068/2.309,200,N, ,AOTEA ON NBD,2212731,22/07/02,Mon,1050,CA,CN1V,130A 501A ,G,R,D,O ,F , ,N,R,100,0,0,1,,,1749952,5430655,-41.26161898,174.7900461
Wellington City,1N/1068/2.334,500,N, ,AOTEA OFF SBD,2252004,4/05/02,Sat,1625,QG,VS1,688A ,G,R,D,O ,FS, ,N,R,100,0,0,0,,,1749940,5430631,-41.26183729,174.7899089
Wellington City,1N/1068/2.409,100,N, ,AOTEA ON NBD,2256190,17/12/02,Tue,2205,AA,VN1C,372A 191B 801 ,I,E,W,DN,L , ,N,R,100,0,0,0,,,1749867,5430603,-41.26210293,174.7890447
Wellington City,1N/1068/2.409,100,N, ,AOTEA ON NBD,2253829,29/07/02,Mon,1915,AA,VN1C,108A 372A 386A ,G,E,D,DO,F , ,N,R,100,0,0,0,,,1749867,5430603,-41.26210293,174.7890447
Wellington City,1N/1068/2.509,, ,I,AOTEA ON NBD,2254846,22/08/02,Thu,540,DA,CN1,129A 130A 198A ,G,M,D,DO,F ,Y,N,R,100,0,0,0,,,1749782,5430550,-41.26259587,174.7880435
Wellington City,1N/1068/2.509,, ,I,AOTEA ON NBD,2254449,12/08/02,Mon,1626,FF,CN2CC,191A 331A 181B 446C ,,E,D,O ,F ,Y,N,R,100,0,0,0,,,1749782,5430550,-41.26259587,174.7880435
Wellington City,1N/1068/2.539,30,S, ,AOTEA ON NBD,2256284,4/12/02,Wed,350,ED,CN1T,104A 817 ,Q,R,D,DO,F , ,N,R,100,0,0,0,,,1749762,5430528,-41.26279765,174.7878103
Wellington City,1N/1068/2.539,30,S, ,AOTEA ON NBD,2255821,19/12/02,Thu,1740,FD,CN1CC,181A ,,R,D,B ,F , ,N,R,100,0,0,0,,,1749762,5430528,-41.26279765,174.7878103
Wellington City,1N/1068/3.323,300,N, ,MURPHY OFF SBD,2212362,12/07/02,Fri,2040,AD,CS1C,103A 110A 135A 801 ,G,E,W,DO,L , ,N,R,100,0,1,2,,,1749285,5429903,-41.26851308,174.7822717
Wellington City,1N/1068/3.534,700,S, ,AOTEA OFF SBD,2253698,12/07/02,Fri,2045,MG,VS1C,352A 386A 446A ,,E,D,DO,F , ,N,R,100,0,0,0,,,1749157,5429735,-41.2700493,174.7807854
Wellington City,1N/1068/3.65,50,N, ,MAY ON NBD,2252090,20/02/02,Wed,1930,AC,CN1,137A ,G,M,D,TN,F , ,N,C,100,0,0,0,,,1749060,5429671,-41.27064343,174.7796435
Wellington City,1N/1068/3.7,, ,I,MAY ON NBD,2251161,3/03/02,Sun,1140,FB,CN2C,181A ,,R,D,B ,F ,Y,N,R,100,0,0,0,,,1749021,5429640,-41.27092973,174.7791856
Wellington City,1N/1068/3.723,100,S, ,MURPHY OFF SBD,2253729,10/09/02,Tue,1040,AC,CS1C,191A 372A 197B ,,R,D,O ,F , ,N,R,100,0,0,0,,,1749012,5429615,-41.27115648,174.7790844
Wellington City,1N/1068/3.743,400,E, ,TINAKORI ON NBD,2253690,29/07/02,Mon,105,DA,CN1,131A 410A ,K,E,D,DO,F , ,N,R,100,0,0,0,,,1748987,5429614,-41.27117009,174.7787863
Wellington City,1N/1068/3.842,100,N, ,HAWKESTONE OFF SBD,2212322,9/07/02,Tue,1230,AA,VS1V,372A ,,R,D,B ,F , ,N,R,100,0,0,1,,,1748925,5429534,-41.2719018,174.7780659
Wellington City,1N/1068/3.843,300,N, ,TINAKORI ON NBD,2253319,30/06/02,Sun,1301,DB,CN1,137A 402A ,G,E,W,O ,L , ,N,R,100,0,0,0,,,1748913,5429546,-41.27179597,174.7779198
Wellington City,1N/1068/3.927,15,N, ,HAWKESTONE OFF SBD,2256520,2/10/02,Wed,815,AC,TS1C,158A ,C,R,D,B ,F ,Y,N,R,100,0,0,0,,,1748867,5429472,-41.27247071,174.7773889
Wellington City,1N/1068/3.943,200,N, ,TINAKORI ON NBD,2211095,19/01/02,Sat,1215,CA,CN1C,137A 372A ,,R,W,O ,L , ,N,R,100,0,0,2,,,1748846,5429472,-41.27247458,174.7771383
Wellington City,1N/1068/4.143,, ,I,TINAKORI ON NBD,2253388,11/07/02,Thu,2011,QG,TN1C,682A 198B ,D,E,D,DN,F ,Y,N,R,100,0,0,0,,,1748709,5429326,-41.27381432,174.775539
Wellington City,1N/1068/4.527,20,N, ,HAWKESTONE ON SBD,2252749,9/06/02,Sun,1830,AF,VS1C,132A 372A 137B 801 ,G,E,W,DO,L , ,N,R,100,0,0,0,,,1748524,5428992,-41.27685552,174.7734125
Wellington City,1N/1068/4.547,, ,I,HAWKESTONE ON SBD,2252320,15/04/02,Mon,1000,DB,CS2,133A 403A ,G,E,W,O ,L ,Y,N,R,100,0,0,0,,,1748522,5428972,-41.27703596,174.7733936
Wellington City,1N/1068/4.597,50,S, ,HAWKESTONE ON SBD,2256170,9/12/02,Mon,400,DB,CS1,410A ,G,M,W,DO,L , ,N,R,100,0,0,0,,,1748521,5428922,-41.27748632,174.7733938
Wellington City,1N/1068/4.707,160,S, ,HAWKESTONE ON SBD,2250505,13/01/02,Sun,1150,DB,CS1,110A 136A 631A ,GP,E,W,O ,L , ,N,R,100,0,0,0,,,1748524,5428812,-41.27847615,174.7734564
Wellington City,1N/1068/4.767,50,S, ,TERRACE OFF SBD,2212225,24/07/02,Wed,745,FD,CS1V,112A 197A 331A ,Q,R,W,O ,L , ,N,C,100,0,0,2,,,1748526,5428752,-41.27901599,174.7734949
Wellington City,1N/1068/4.906,800,N, ,NORTH PORTAL SBD,2252889,19/06/02,Wed,1810,FD,CS1CC,181A 331A 181B ,,R,D,TF,F , ,N,R,100,0,0,0,,,1748528,5428614,-41.2802581,174.7735524
Wellington City,1N/1068/5.006,700,N, ,NORTH PORTAL SBD,2256085,6/12/02,Fri,1310,FA,VS1C,137A 331A ,,R,W,O ,L , ,N,C,100,0,0,0,,,1748538,5428514,-41.28115661,174.7736962
Wellington City,1N/1068/5.074,100,N, ,CLIFTON ON NBD,2253386,13/07/02,Sat,300,DB,CN1,111A ,G,E,W,DO,L , ,N,R,100,0,0,0,,,1748534,5428461,-41.28163453,174.7736614
Wellington City,1N/1068/5.124,50,N, ,CLIFTON ON NBD,2256385,7/12/02,Sat,910,AD,VN1,111A 801 ,C,E,W,OF,H , ,N,C,100,0,0,0,,,1748539,5428411,-41.28208378,174.7737332
Wellington City,1N/1068/5.206,500,N, ,NORTH PORTAL SBD,2254904,3/11/02,Sun,1000,FD,CS1CCV,112A 331B 181C ,,R,D,O ,F , ,N,R,100,0,0,0,,,1748547,5428315,-41.28294664,174.7738521
Wellington City,1N/1068/5.206,500,N, ,NORTH PORTAL SBD,2252768,14/06/02,Fri,1640,FD,CS1CC,181A 191A 331A 181B 901 ,,R,W,O ,H , ,N,R,100,0,0,0,,,1748547,5428315,-41.28294664,174.7738521
Wellington City,1N/1068/5.216,500,N, ,NORTH PORTAL NBD,2211792,14/03/02,Thu,1740,EB,VN1C,181A 331A 446A 667A ,Q,E,W,O ,L , ,N,R,100,0,0,1,,,1748538,5428319,-41.28291228,174.7737437
Wellington City,1N/1068/5.306,400,N, ,NORTH PORTAL SBD,2256494,21/11/02,Thu,1840,FD,VS1VC,331A ,,R,D,BF,F , ,N,R,100,0,0,0,,,1748521,5428219,-41.28381576,174.7735652
Wellington City,1N/1068/5.416,300,N, ,NORTH PORTAL NBD,2251318,14/03/02,Thu,1759,FD,CN1C,110A 331A ,,E,D,O ,F , ,N,R,100,0,0,0,,,1748474,5428130,-41.28462571,174.7730259
Wellington City,1N/1068/5.426,280,N, ,NORTH PORTAL SBD,2251253,15/03/02,Fri,1535,FD,TS1CCC,112A 331A 358A ,GGG,R,D,B ,F , ,N,R,100,0,0,0,,,1748474,5428109,-41.28481478,174.773031
Wellington City,1N/1068/5.456,250,N, ,NORTH PORTAL SBD,2255778,20/10/02,Sun,1250,FA,CS1CV,181A 331A 901 ,,E,W,O ,H , ,N,R,100,0,0,0,,,1748462,5428081,-41.28506909,174.7728946
Wellington City,1N/1068/5.476,230,N, ,NORTH PORTAL SBD,2252422,12/05/02,Sun,1300,FD,CS1C,181A 331A ,,R,W,O ,L , ,N,R,100,0,0,0,,,1748454,5428063,-41.28523262,174.7728035
Wellington City,1N/1068/5.506,200,N, ,NORTH PORTAL SBD,2250914,11/02/02,Mon,1430,FD,CS1X,112A ,,R,W,O ,L , ,N,R,100,0,0,0,,,1748442,5428036,-41.28547792,174.7726669
Wellington City,1N/1068/5.506,200,N, ,NORTH PORTAL SBD,2251590,28/04/02,Sun,1525,FA,CS1C,181A 386A ,,R,W,O ,L , ,N,R,100,0,0,0,,,1748442,5428036,-41.28547792,174.7726669
Wellington City,1N/1068/5.506,200,N, ,NORTH PORTAL SBD,2250814,15/02/02,Fri,1605,FD,CS1CC,181A 331A ,,R,D,B ,F , , ,N,100,0,0,0,,,1748442,5428036,-41.28547792,174.7726669
Wellington City,1N/1068/5.526,180,N, ,NORTH PORTAL SBD,2253953,4/09/02,Wed,955,FD,CS1CV,181A 331A ,,R,D,B ,F , ,N,R,100,0,0,0,,,1748434,5428017,-41.28565046,174.772576
Wellington City,1N/1068/5.556,150,N, ,NORTH PORTAL SBD,2255109,27/09/02,Fri,1012,FD,VS1CX,181A 331B 331C ,,R,D,B ,F , ,N,R,100,0,0,0,,,1748422,5427990,-41.28589576,174.7724394
Wellington City,1N/1068/5.606,100,N, ,NORTH PORTAL SBD,2256484,24/10/02,Thu,1705,FD,CS1CC,331A 353A ,,R,D,BF,F , ,N,R,100,0,0,0,,,1748403,5427944,-41.28631341,174.7722238
Wellington City,1N/1068/5.606,100,N, ,NORTH PORTAL SBD,2252791,14/06/02,Fri,1515,FD,VS1CXX,181A 331A ,,E,W,O ,H , ,N,R,100,0,0,0,,,1748403,5427944,-41.28631341,174.7722238
Wellington City,1N/1068/5.626,80,N, ,NORTH PORTAL SBD,2255162,9/10/02,Wed,1430,FD,CS1CC,181A 331A ,,R,D,B ,F , ,N,R,100,0,0,0,,,1748395,5427925,-41.28648595,174.7721329
Wellington City,1N/1068/5.636,80,N, ,NORTH PORTAL NBD,2256173,7/12/02,Sat,1410,FD,CN1C,352A ,,R,W,OF,L , ,N,R,100,0,0,0,,,1748387,5427928,-41.28646041,174.7720367
Wellington City,1N/1068/5.636,70,N, ,NORTH PORTAL SBD,2255241,24/10/02,Thu,1745,FD,CS1CC,331A 352A ,,E,D,O ,F , ,N,C,100,0,0,0,,,1748391,5427916,-41.28656771,174.7720874
Wellington City,1N/1068/5.656,50,N, ,NORTH PORTAL SBD,2252105,21/04/02,Sun,1216,FD,CS1CCC,181A 427A ,Q,R,D,B ,F , ,N,R,100,0,0,0,,,1748383,5427898,-41.28673125,174.7719962
Wellington City,1N/1068/5.656,50,N, ,NORTH PORTAL SBD,2211913,2/03/02,Sat,1205,FD,CS1CV,110A 181A 110B 181B 692B 692C ,,R,D,B ,F , ,N,R,100,0,0,1,,,1748383,5427898,-41.28673125,174.7719962
Wellington City,1N/1068/5.711,, ,A,NORTH PORTAL SBD,2252057,6/04/02,Sat,1030,FD,CS1CC,135A 181A 135B 181B 801 ,,R,W,O ,L , ,N,R,100,0,0,0,,,1748364,5427857,-41.28710388,174.7717794
Wellington City,1N/1068/5.751,50,S, ,NORTH PORTAL SBD,2250916,23/02/02,Sat,1245,FD,CS1CCC,181A 331A ,,E,D,OO,L , ,N,L,100,0,0,0,,,1748354,5427808,-41.28754689,174.771672
Wellington City,1N/1068/5.781,80,S, ,NORTH PORTAL SBD,2252752,9/06/02,Sun,1345,FD,VS1CC,111A 378A 831 ,,E,D,B ,F , ,N,L,100,0,0,0,,,1748351,5427778,-41.28781754,174.7716435
Wellington City,1N/1068/5.801,100,S, ,NORTH PORTAL SBD,2253144,6/07/02,Sat,715,FD,CS1CC,181A 331A ,,E,W,O ,L , ,N,C,100,0,0,0,,,1748350,5427758,-41.2879978,174.7716364
Wellington City,1N/1068/5.851,150,S, ,NORTH PORTAL SBD,2250918,14/02/02,Thu,737,FD,CS1V,331A 351A ,,R,W,O ,L , ,N,C,100,0,0,0,,,1748348,5427708,-41.28844834,174.7716248
Wellington City,1N/1068/5.851,150,S, ,NORTH PORTAL SBD,2255021,19/09/02,Thu,1230,FD,TS1VC,181A 181B 801 901 ,,E,W,O ,H , ,N,L,100,0,0,0,,,1748348,5427708,-41.28844834,174.7716248
Wellington City,1N/1068/5.851,150,S, ,NORTH PORTAL SBD,2254412,14/08/02,Wed,1300,FD,CS1CC,111A 331A 181B 191C ,,E,D,O ,L , ,N,L,100,0,0,0,,,1748348,5427708,-41.28844834,174.7716248
Wellington City,1N/1068/5.901,200,S, ,NORTH PORTAL SBD,2212502,16/08/02,Fri,21,DB,CS1,103A 110A 357A ,B,E,D,DO,F , ,N,L,100,0,0,1,,,1748348,5427658,-41.28889851,174.7716369
Wellington City,1N/1068/5.901,200,S, ,NORTH PORTAL SBD,2256439,8/12/02,Sun,1416,FD,CS1CC,191A 181B 331C ,,E,W,OO,L , ,N,L,100,0,0,0,,,1748348,5427658,-41.28889851,174.7716369
Wellington City,1N/1068/5.911,200,S, ,NORTH PORTAL NBD,2254214,17/06/02,Mon,1700,FD,CN1CCC,181A 191A 181B 181C ,,E,W,B ,L , ,N,L,100,0,0,0,,,1748348,5427658,-41.28889851,174.7716369
Wellington City,1N/1068/5.931,230,S, ,NORTH PORTAL SBD,2212235,14/07/02,Sun,1345,FD,CS1CCV,331A 350A 504A ,,E,D,O ,F , ,N,L,100,0,0,1,,,1748347,5427628,-41.2891688,174.7716323
Wellington City,1N/1068/5.951,250,S, ,NORTH PORTAL SBD,2253320,29/06/02,Sat,1039,FD,CS1CV,181A 331A 352A ,Q,E,W,O ,H , ,N,L,100,0,0,0,,,1748347,5427608,-41.28934887,174.7716372
Wellington City,1N/1068/5.951,250,S, ,NORTH PORTAL SBD,2256305,7/12/02,Sat,1850,FD,CS1C,181A 801 ,,E,W,TO,L , ,N,L,100,0,0,0,,,1748347,5427608,-41.28934887,174.7716372
Wellington City,1N/1068/5.951,250,S, ,NORTH PORTAL SBD,2254149,24/08/02,Sat,1720,FD,CS1C,181A 331A ,,E,W,O ,L , ,N,C,100,0,0,0,,,1748347,5427608,-41.28934887,174.7716372
Wellington City,1N/1068/5.961,250,S, ,NORTH PORTAL NBD,2254162,9/08/02,Fri,1548,AC,TN1C,197A 372A ,,E,W,O ,LS, ,N,L,100,0,0,0,,,1748347,5427608,-41.28934887,174.7716372
Wellington City,1N/1068/5.961,260,S, ,NORTH PORTAL SBD,2252644,21/05/02,Tue,1714,FD,CS1CC,181A 191A ,,E,W,DO,L , ,N,L,100,0,0,0,,,1748347,5427598,-41.2894389,174.7716396
Wellington City,1N/1068/5.99,180,N, ,SOUTH PORTAL,2256101,5/12/02,Thu,925,FD,CS1CCC,132A 181A 331A ,,E,D,O ,F , , ,L,100,0,0,0,,,1748346,5427569,-41.28970019,174.7716347
Wellington City,1N/1068/6.001,300,S, ,NORTH PORTAL SBD,2212365,3/07/02,Wed,1110,FA,CS1CC,132A 181A ,,E,W,O ,L , ,N,L,100,0,0,1,,,1748346,5427558,-41.28979923,174.7716374
Wellington City,1N/1068/6.041,340,S, ,NORTH PORTAL SBD,2255742,18/11/02,Mon,1630,FA,CS1C,191A 400A ,,E,D,O ,F , ,N,C,100,0,0,0,,,1748346,5427518,-41.29015937,174.7716472
Wellington City,1N/1075/0.034,120,N, ,GHUZNEE/WILLIS,2213463,26/12/02,Thu,100,DB,CS1,103A 131A 351A ,,M,D,DO,F , ,N,L,100,0,0,1,,,1748366,5427357,-41.29160525,174.7719251
Wellington City,1N/1075/0.074,80,W, ,VIVIAN/WILLIS,2256213,7/12/02,Sat,1730,DA,CN1,111A 801 ,,E,W,O ,L , ,N,C,100,0,0,0,,,1748390,5427326,-41.29187994,174.7722192
Wellington City,1N/1075/0.2,100,N, ,VIVIAN/WILLIS,2253743,17/07/02,Wed,2040,DA,CW1,133A ,G,E,W,DO,L , ,N,R,100,0,0,0,,,1748334,5427193,-41.2930877,174.7715831
Wellington City,1N/1075/0.2,100,N, ,VIVIAN/WILLIS,2255507,11/11/02,Mon,2035,CB,CN1,133A 801 ,G,M,W,DO,L , ,N,C,100,0,0,0,,,1748334,5427193,-41.2930877,174.7715831
Wellington City,1N/1075/0.226,250,W, ,SOUTH PORTAL,2250056,6/02/02,Wed,1505,FD,CS1CC,132A 358A ,,E,D,B ,F , ,N,L,100,0,0,0,,,1748339,5427145,-41.29351894,174.7716545
Wellington City,1N/1075/0.227,50,N, ,VIVIAN/WILLIS,2255180,2/10/02,Wed,1030,DA,CN1T,121A 403A 404A ,,M,D,B ,F , ,N,C,100,0,0,0,,,1748339,5427145,-41.29351894,174.7716545
Wellington City,1N/1075/0.237,40,N, ,VIVIAN/WILLIS,2252417,20/05/02,Mon,1120,DA,CN1,129A 135A 801 ,G,E,W,O ,L , ,N,R,100,0,0,0,,,1748344,5427136,-41.29359906,174.7717164
Wellington City,1N/1075/0.277,, ,I,WILLIS ST,2253263,28/07/02,Sun,940,FE,XW1C,181A ,,R,D,O ,F ,X,T,C,50,0,0,0,,,1748371,5427107,-41.29385519,174.7720458
Wellington City,1N/1075/0.304,150,N, ,WILLIS ST,2253143,16/07/02,Tue,1210,CB,CN1,132A 197A ,,E,D,O ,F , ,N,C,100,0,0,0,,,1748290,5427094,-41.29398712,174.771082
Wellington City,1N/1075/0.34,40,N, ,VICTORIA ST,2253925,5/08/02,Mon,850,FD,CW1CC,181A ,,R,D,OO,F , ,T,C,50,0,0,0,,,1748407,5427090,-41.29400163,174.7724797
Wellington City,1N/1075/0.357,, ,I,VICTORIA ST N,2256062,24/11/02,Sun,1510,HA,VW1C,322A ,,R,D,O ,F ,X,T,C,50,0,0,0,,,1748444,5427073,-41.29414789,174.7729255
Wellington City,1N/1075/0.357,, ,I,VICTORIA ST N,2250819,9/02/02,Sat,2015,HA,XW1X,322A 351A ,,R,D,TF,F ,X,T,C,50,0,0,0,,,1748444,5427073,-41.29414789,174.7729255
Wellington City,1N/1075/0.494,40,E, ,BUTE ST,2250889,25/03/02,Mon,1320,GC,CN1V,171A 922 ,,R,D,B ,F ,D,N,C,50,0,0,0,,,1748569,5427017,-41.29462908,174.7744314
Wellington City,1N/1075/0.516,20,W, ,CUBA ST,2250692,8/01/02,Tue,1930,DA,CW1,110A 402A 922 ,F,R,D,O ,F ,D,N,N,50,0,0,0,,,1748589,5427008,-41.29470643,174.7746724
Wellington City,1N/1075/0.536,, ,I,CUBA ST,2253688,26/07/02,Fri,1520,MA,TE1X,174A 373A ,P,R,D,B ,F ,X,T,C,50,0,0,0,,,1748607,5427000,-41.29477515,174.7748892
Wellington City,1N/1075/0.559,, ,I,CUBA ST,2253677,27/06/02,Thu,225,HA,CN2C,103A 322A ,,R,D,DO,F ,X,T,L,50,0,0,0,,,1748607,5427000,-41.29477515,174.7748892
Wellington City,1N/1075/0.559,, ,I,CUBA ST,2252368,17/04/02,Wed,2200,AA,CW1C,193A 372A ,,R,D,DO,F ,X,T,C,50,0,0,0,,,1748607,5427000,-41.29477515,174.7748892
Wellington City,1N/1075/0.654,, ,I,MARION ST,2254047,31/08/02,Sat,1935,JC,CW1C,302A 387A ,,R,D,DO,F ,T,G,C,50,0,0,0,,,1748694,5426962,-41.29510125,174.7759371
Wellington City,1N/1075/0.739,, ,I,TARANAKI ST,2250207,7/01/02,Mon,945,GF,CN2C,176A ,,R,D,B ,F ,X,T,R,50,0,0,0,,,1748792,5426917,-41.29548835,174.777118
Wellington City,TARANAKI ST,, ,I,VIVIAN ST,2256402,7/12/02,Sat,419,CC,XS1,198A 330A ,IS,R,D,DO,F ,X,T,R,50,0,0,0,,,1748792,5426917,-41.29548835,174.777118
Wellington City,1N/1075/0.922,40,W, ,TORY ST,2255283,16/10/02,Wed,1800,AA,CE1C,372A 671A ,,E,D,TF,F , ,N,C,50,0,0,0,,,1748959,5426842,-41.2961328,174.7791301
Wellington City,1N/1075/0.956,, ,I,TARANAKI ST,2254189,27/08/02,Tue,1420,JA,CS2C,322A ,,R,D,B ,F ,X,T,R,50,0,0,0,,,1748678,5426647,-41.29794029,174.775823
Wellington City,1N/1075/0.962,, ,I,TORY ST,2212010,27/03/02,Wed,820,ND,CE1E,306A ,,R,D,B ,F ,X,T,C,50,0,1,0,53,,1748996,5426825,-41.29627903,174.7795759
Wellington City,1N/1075/1.019,, ,I,TORY ST,2252774,17/06/02,Mon,655,HA,CW1C,322A ,,R,D,TO,F ,X,T,C,50,0,0,0,,,1748996,5426825,-41.29627903,174.7795759
Wellington City,1N/1075/1.019,, ,I,TORY ST,2250596,1/01/02,Tue,147,FE,CS2C,104A 331A ,,R,D,DO,F ,X,T,C,50,0,0,0,,,1748996,5426825,-41.29627903,174.7795759
Wellington City,1N/1075/1.034,15,E, ,TORY ST,2256223,13/12/02,Fri,915,FD,CE1C,331A ,,R,W,O ,L ,T,N,C,50,0,0,0,,,1749010,5426819,-41.29633047,174.7797445
Wellington City,1N/1075/1.056,, ,I,TARANAKI ST,2251694,23/02/02,Sat,135,GF,TW1C,372A ,,R,W,DO,L ,X,T,C,50,0,0,0,,,1748678,5426647,-41.29794029,174.775823
Wellington City,1N/1075/1.183,, ,I,CAMBRIDGE TERRACE,2255885,30/11/02,Sat,540,HA,CE1C,103A 322B ,,R,D,TO,F ,X,T,R,50,0,0,0,,,1749197,5426734,-41.29706121,174.7819978
Wellington City,1N/1075/1.209,, ,I,KENT TERRACE,2251067,19/03/02,Tue,1145,GF,CE1C,176A ,,R,D,O ,F ,X,T,R,50,0,0,0,,,1749220,5426723,-41.29715599,174.7822751
Wellington City,1N/1075/1.266,, ,I,PIRIE ST,2251456,3/03/02,Sun,1850,LB,CS1V,300A 324A ,,R,D,B ,F ,X,T,R,50,0,0,0,,,1749220,5426723,-41.29715599,174.7822751
Wellington City,1N/1075/1.266,, ,I,PIRIE ST,2254159,8/07/02,Mon,1455,LB,VS1V,303A 841 ,,R,D,O ,F ,X,T,R,50,0,0,0,,,1749220,5426723,-41.29715599,174.7822751
Wellington City,1N/1075/1.307,30,E, ,TORY ST,2256086,14/11/02,Thu,1620,FA,CW1CC,331A 353A ,,R,D,O ,FS, ,N,C,50,0,0,0,,,1748907,5426540,-41.29886143,174.7785832
Wellington City,1N/1075/1.316,50,S, ,PIRIE ST,2255748,24/11/02,Sun,20,FD,CS1CC,181A 331A ,,R,D,DO,F , ,N,N,50,0,0,0,,,1749200,5426677,-41.29757385,174.7820476
Wellington City,1N/1075/1.316,50,S, ,PIRIE ST,2254392,15/08/02,Thu,1030,AA,BS1C,143A 372A 386A ,,R,W,O ,F , ,N,C,50,0,0,0,,,1749200,5426677,-41.29757385,174.7820476
Wellington City,1N/1075/1.326,60,S, ,PIRIE ST,2253186,21/07/02,Sun,1800,FA,CS1CC,181A ,,R,D,DO,F , ,N,C,50,0,0,0,,,1749196,5426668,-41.29765562,174.7820021
Wellington City,1N/1075/1.366,100,S, ,PIRIE ST,2252432,16/05/02,Thu,1855,FD,CS1C,102A 181A ,,R,D,TO,F , ,N,R,50,0,0,0,,,1749179,5426631,-41.29799189,174.7818082
Wellington City,1N/1075/1.401,, ,I,BUCKLE ST,2253749,18/07/02,Thu,2025,DB,CN1,103A 131A ,K,M,D,DO,F ,T,N,R,50,0,0,0,,,1748975,5426488,-41.29931706,174.7794077
Wellington City,1N/1075/1.401,, ,I,BUCKLE ST,2252993,3/06/02,Mon,2015,AC,XN1C,372A 381B ,,E,D,DO,F ,T,N,R,50,0,0,0,,,1748975,5426488,-41.29931706,174.7794077
Wellington City,1N/1075/1.431,30,S, ,BUCKLE ST,2253888,10/09/02,Tue,1530,AC,CN1T,372A 387A ,,M,D,O ,F ,T,N,C,50,0,0,0,,,1748962,5426460,-41.29957155,174.7792594