TLA NAME,CRASH ROAD,CRASH DIST,CRASH DIRN,INTSN,SIDE ROAD,CRASH ID,CRASH DATE,CRASH DOW,CRASH TIME,MVMT,VEHICLES,CAUSES,OBJECTS STRUCK,ROAD CURVE,ROAD WET,LIGHT,WTHRa,JUNC TYPE,TRAF CTRL,ROAD MARK,SPD LIM,CRASH FATAL CNT,CRASH SEV CNT,CRASH MIN CNT,PERS AGE1,PERS AGE2,EASTING,NORTHING,latitude,longitude
Wellington City,1N/1075/1.431,30,S, ,BUCKLE ST,2250573,16/01/02,Wed,1535,AC,CN1V,381A ,,R,D,B ,F , ,N,C,50,0,0,0,,,1748962,5426460,-41.29957155,174.7792594
Wellington City,1N/1075/1.466,50,N, ,BUCKLE ST,2254504,17/09/02,Tue,1015,FC,CS1CC,181A ,,R,D,B ,F , ,N,X,50,0,0,0,,,1749139,5426540,-41.29881859,174.7813529
Wellington City,1N/1075/1.473,, ,A,BASIN TURN,2212649,18/08/02,Sun,1450,MO,CS1CE,370A 353B 923 ,,R,D,B ,F ,D,N,R,50,0,0,3,26,,1749136,5426534,-41.29887317,174.7813186
Wellington City,1N/1075/1.473,, ,I,SLIP ROAD S,2250602,24/01/02,Thu,1440,GC,TS1C,171A 372B ,,R,D,B ,F ,T,N,R,50,0,0,0,,,1749136,5426534,-41.29887317,174.7813186
Wellington City,1N/1075/1.488,100,N, ,RUGBY ST,2212393,13/07/02,Sat,1905,NB,CN1E,143A 370A 719B 724B ,,R,W,DO,H , ,N,C,50,0,0,1,18,,1748938,5426409,-41.30003516,174.7789853
Wellington City,1N/1075/1.518,50,N, ,ELLICE ST,2256458,21/12/02,Sat,35,FD,CS1C,181A 427A ,,R,D,DO,F , ,N,C,50,0,0,0,,,1749117,5426493,-41.29924582,174.7811018
Wellington City,1N/1075/1.518,50,N, ,ELLICE ST,2253878,5/08/02,Mon,1220,FC,CS1C,181A ,,R,D,B ,F , ,N,X,50,0,0,0,,,1749117,5426493,-41.29924582,174.7811018
Wellington City,1N/1075/1.518,50,N, ,ELLICE ST,2251901,20/03/02,Wed,1805,FC,CS1C,331A ,,R,D,O ,F , ,N,X,50,0,0,0,,,1749117,5426493,-41.29924582,174.7811018
Wellington City,1N/1075/1.528,40,N, ,ELLICE ST,2250903,5/04/02,Fri,1400,FC,CS1C,331A ,,R,D,B ,F , ,N,X,50,0,0,0,,,1749113,5426483,-41.29933659,174.7810565
Wellington City,1N/1075/1.548,20,N, ,ELLICE ST,2250208,6/01/02,Sun,1800,FC,CS1CC,386A ,,R,D,B ,F , ,N,X,50,0,0,0,,,1749108,5426464,-41.29950858,174.7810015
Wellington City,1N/1075/1.588,, ,I,SUSSEX ST,2252044,11/04/02,Thu,1230,FB,CE1C,331A 353A ,,R,D,B ,F ,T,G,R,50,0,0,0,,,1748932,5426317,-41.30086458,174.7789362
Wellington City,1N/1075/1.588,, ,I,SUSSEX ST,2256502,30/11/02,Sat,330,AC,CW1C,111A 121A ,,M,D,DO,F ,T,G,R,50,0,0,0,,,1748932,5426317,-41.30086458,174.7789362
Wellington City,1N/1075/1.588,, ,I,SUSSEX ST,2255872,3/11/02,Sun,15,KC,CE1C,302A 137B ,,M,W,DO,LS,T,G,R,50,0,0,0,,,1748932,5426317,-41.30086458,174.7789362
Wellington City,1N/1075/1.588,, ,I,SUSSEX ST,2211199,9/03/02,Sat,225,DA,CW1,111A 431A ,FP,M,D,DO,F ,T,G,R,50,0,1,1,,,1748932,5426317,-41.30086458,174.7789362
Wellington City,1N/1075/1.595,15,W, ,HANIA ST,2256124,2/11/02,Sat,600,CB,VE1C,103A 110A ,HM,R,W,TN,L , ,N,C,50,0,0,0,,,1749139,5426435,-41.29976395,174.7813787
Wellington City,1N/1075/1.669,, ,I,ADELAIDE ROAD,2251664,10/04/02,Wed,841,FC,CW1C,331A ,,R,D,O ,F ,T,G,X,50,0,0,0,,,1749006,5426284,-41.30114803,174.7798278
Wellington City,1N/1075/1.669,, ,I,ADELAIDE ROAD,2254974,24/08/02,Sat,2120,FB,CW1C,181A 331A 197B ,,E,W,DO,L ,T,G,R,50,0,0,0,,,1749006,5426284,-41.30114803,174.7798278
Wellington City,1N/1075/1.669,, ,I,ADELAIDE ROAD,2212849,13/11/02,Wed,825,FC,CW1C,181A ,,R,D,O ,F ,T,G,X,50,0,0,1,,,1749006,5426284,-41.30114803,174.7798278
Wellington City,1N/1075/1.669,, ,I,ADELAIDE ROAD,2212477,3/06/02,Mon,1820,NB,CW1E,353A 376A ,,R,D,DO,F ,T,G,X,50,0,0,1,28,,1749006,5426284,-41.30114803,174.7798278
Wellington City,1N/1075/1.669,, ,I,ADELAIDE ROAD,2212614,27/08/02,Tue,1442,NA,CW1E,306A ,,R,D,B ,F ,T,G,X,50,0,1,0,18,,1749006,5426284,-41.30114803,174.7798278
Wellington City,1N/1075/1.679,10,E, ,ADELAIDE ROAD,2253827,31/07/02,Wed,1133,FC,CW1VC,181A 331A ,,R,D,B ,F ,T,G,X,50,0,0,0,,,1749015,5426280,-41.30118238,174.7799362
Wellington City,1N/1075/1.698,10,N, ,PATERSON ST,2253671,20/04/02,Sat,1400,AA,CS1C,386A 181B ,,E,D,O ,F ,T,T,P,50,0,0,0,,,1749162,5426350,-41.30052499,174.7816741
Wellington City,1N/1075/1.708,, ,I,DUFFERIN ST,2256428,22/11/02,Fri,705,AC,CE1C,177A 381A ,,M,D,B ,F ,T,T,R,50,0,0,0,,,1749158,5426341,-41.30060676,174.7816286
Wellington City,1N/1075/1.719,50,E, ,ADELAIDE ROAD,2251069,19/03/02,Tue,1620,AC,CW1C,372A 381A ,,E,D,O ,F , ,N,R,50,0,0,0,,,1749051,5426264,-41.30131979,174.7803699
Wellington City,1N/1075/1.879,, ,I,DUFFERIN ST,2255059,29/09/02,Sun,855,BF,VE1C,133A 801 ,,E,W,O ,H ,T,T,R,50,0,0,0,,,1749158,5426341,-41.30060676,174.7816286
Wellington City,1N/1076/0.207,90,W, ,WEST PORTAL,2250913,21/02/02,Thu,1949,FD,CW1C,181A ,,R,D,TF,F , ,N,L,50,0,0,0,,,1749341,5426230,-41.30157229,174.7838406
Wellington City,1N/1076/0.247,50,W, ,WEST PORTAL,2256119,29/11/02,Fri,800,AA,TE1V,150A 372A ,,R,D,B ,F , ,N,C,50,0,0,0,,,1749377,5426213,-41.30171868,174.7842746
Wellington City,1N/1076/0.617,370,W, ,TAURIMA ST,2255734,4/11/02,Mon,1528,CA,CW1X,136A 668A ,D,R,D,O ,F , ,N,L,50,0,0,0,,,1749710,5426052,-41.30310651,174.78829
Wellington City,1N/1076/0.847,50,W, ,EAST PORTAL,2251008,23/03/02,Sat,1800,FD,CW1C,181A 427A ,,R,D,DN,F , ,N,C,50,0,0,0,,,1749918,5425953,-41.30395922,174.7907978
Wellington City,1N/1076/0.917,40,E, ,EAST PORTAL,2250912,22/02/02,Fri,1700,FD,CW1CCC,181A ,,R,D,B ,F , ,N,L,50,0,0,0,,,1749998,5425913,-41.30430449,174.7917628
Wellington City,1N/1076/0.968,, ,I,TAURIMA ST,2251900,11/05/02,Sat,1746,JA,VE1C,302B ,,M,D,TO,F ,Y,G,C,50,0,0,0,,,1750043,5425890,-41.3045032,174.7923058
Wellington City,1N/1076/0.968,, ,I,TAURIMA ST,2211508,20/02/02,Wed,1047,JA,TS1C,302A 355B 404B ,,E,D,O ,F ,Y,G,C,50,0,0,1,,,1750043,5425890,-41.3045032,174.7923058
Wellington City,1N/1076/0.968,, ,I,TAURIMA ST,2212903,16/09/02,Mon,1620,JA,MS1C,302B 363B ,,M,D,B ,F ,Y,G,C,50,0,0,1,,,1750043,5425890,-41.3045032,174.7923058
Wellington City,1N/1076/1.459,20,N, ,GOA ST,2255505,18/11/02,Mon,815,FD,XN1CCV,331A 358A ,,R,D,O ,F , ,N,L,70,0,0,0,,,1749977,5425443,-41.30853997,174.7916279
Wellington City,1N/1076/1.479,, ,I,GOA ST,2252206,11/05/02,Sat,1220,KB,CS1C,302A 377A 930 ,,R,D,B ,F ,D,G,P,70,0,0,0,,,1749971,5425424,-41.30871214,174.791561
Wellington City,1N/1076/1.579,100,S, ,GOA ST,2251222,27/03/02,Wed,1115,FA,XS1T,181A 331A ,,R,D,B ,F , ,N,L,70,0,0,0,,,1749941,5425329,-41.30957304,174.7912262
Wellington City,1N/1076/1.579,100,S, ,GOA ST,2253047,28/06/02,Fri,2040,GA,XS1C,181A 331A 929 ,,R,W,DO,L ,D,N,L,70,0,0,0,,,1749941,5425329,-41.30957304,174.7912262
Wellington City,1N/1076/1.835,, ,I,WELLINGTON ROAD,2250235,19/01/02,Sat,1400,BF,CS1V,131A ,HI,R,W,O ,L ,Y,G,R,50,0,0,0,,,1749873,5425084,-41.31179149,174.7904746
Wellington City,1N/1076/1.835,, ,I,WELLINGTON ROAD,2253687,7/07/02,Sun,1430,JC,XW1C,302A 375A ,,M,W,O ,L ,Y,G,R,50,0,0,0,,,1749873,5425084,-41.31179149,174.7904746
Wellington City,1N/1076/1.835,, ,I,WELLINGTON ROAD,2252042,20/03/02,Wed,2130,GA,CW1C,331A ,,M,D,DO,F ,Y,G,R,50,0,0,0,,,1749873,5425084,-41.31179149,174.7904746
Wellington City,1N/1076/1.835,, ,I,WELLINGTON ROAD,2251063,13/03/02,Wed,2200,KB,CS1C,372A 381A ,,M,D,DO,F ,Y,G,P,50,0,0,0,,,1749873,5425084,-41.31179149,174.7904746
Wellington City,1N/1076/1.835,, ,I,RUAHINE ST,2251976,24/04/02,Wed,1820,JA,CW1C,303A ,,M,D,DO,F ,Y,G,R,50,0,0,0,,,1749873,5425084,-41.31179149,174.7904746
Wellington City,1N/1076/1.835,, ,I,RUAHINE ST,2255060,21/09/02,Sat,745,DA,XW1,111A ,CI,M,W,O ,F ,Y,G,R,50,0,0,0,,,1749873,5425084,-41.31179149,174.7904746
Wellington City,1N/1076/1.917,10,E, ,MOXHAM AVENUE,2253689,14/07/02,Sun,40,EA,CE1C,101A 524A ,M,R,D,DO,F ,T,N,L,50,0,0,0,,,1749951,5425067,-41.31193006,174.7914102
Wellington City,1N/1076/2.075,15,W, ,HAMILTON ROAD,2250890,29/03/02,Fri,710,MC,MW1X,102A 372B ,,R,D,B ,F , ,N,L,50,0,0,0,,,1750109,5425050,-41.31205373,174.7933011
Wellington City,1N/1076/2.09,, ,I,HAMILTON ROAD,2213470,31/12/02,Tue,2355,HA,VE1C,532A 322B ,S,R,D,DO,F ,X,T,R,50,0,1,1,,,1750123,5425048,-41.31206913,174.7934687
Wellington City,1N/1076/2.274,, ,I,EVANS BAY PARADE,2252647,15/05/02,Wed,830,GD,BE1C,614A ,,R,D,B ,F ,X,T,R,50,0,0,0,,,1750302,5425012,-41.31235991,174.7956151
Wellington City,1N/1076/2.274,, ,I,EVANS BAY PARADE,2254514,19/09/02,Thu,2340,EC,CE1,104A 410A ,S,R,W,DO,H ,X,T,R,50,0,0,0,,,1750302,5425012,-41.31235991,174.7956151
Wellington City,1N/1076/2.293,, ,I,EVANS BAY PARADE,2253872,31/05/02,Fri,1020,GA,CS2C,181A ,,R,D,O ,F ,X,T,R,50,0,0,0,,,1750302,5425012,-41.31235991,174.7956151
Wellington City,1N/1076/2.345,50,E, ,EVANS BAY PARADE,2255236,18/10/02,Fri,800,FD,CW1C,158A 204A ,,R,D,B ,F , ,N,R,50,0,0,0,,,1750349,5424991,-41.31254022,174.7961815
Wellington City,1N/1076/3.084,20,W, ,TROY ST,2211620,3/04/02,Wed,1900,DB,MW1,135A 806 ,,E,D,DO,F ,R,G,R,70,0,0,1,,,1750893,5424486,-41.3169853,174.8028028
Wellington City,1N/1076/3.104,, ,I,TROY ST,2256120,12/09/02,Thu,1000,DA,CN2,131A ,P,E,D,O ,F ,R,G,R,70,0,0,0,,,1750891,5424433,-41.31746285,174.802792
Wellington City,1N/1076/3.108,, ,I,TROY ST,2253682,9/08/02,Fri,815,FB,CE1C,112A 191A 801 ,,R,W,O ,LS,R,G,R,70,0,0,0,,,1750931,5424492,-41.31692417,174.8032551
Wellington City,1N/1076/3.171,, ,I,TROY ST,2252865,24/04/02,Wed,1145,BO,CN2VC,201A 507A 191B 181C ,,E,D,O ,F ,R,G,R,70,0,0,0,,,1750914,5424410,-41.31766562,174.8030724
Wellington City,1N/1076/3.238,, ,I,TROY ST,2211832,26/04/02,Fri,1620,DA,MW1,133A 800 ,G,M,W,O ,L ,R,G,R,70,0,0,1,,,1750947,5424410,-41.31765944,174.8034665
Wellington City,1N/1076/3.238,, ,I,TROY ST,2254192,18/08/02,Sun,230,DA,CW1,103A ,G,M,D,DO,F ,R,G,R,70,0,0,0,,,1750947,5424410,-41.31765944,174.8034665
Wellington City,1N/1076/3.555,30,W, ,CALABAR ROAD,2255504,1/11/02,Fri,1150,FD,CE1C,331A 352A ,,E,W,O ,HS, ,N,R,70,0,0,0,,,1751368,5424518,-41.31660818,174.8084672
Wellington City,1N/1076/3.636,, ,I,CALABAR ROAD,2256215,5/12/02,Thu,1040,AC,CS1C,121A ,,E,D,O ,F ,R,G,R,70,0,0,0,,,1751419,5424533,-41.31646356,174.8090725
Wellington City,1N/1076/3.636,, ,I,CALABAR ROAD,2252197,3/04/02,Wed,1800,AA,CE1C,176A 423A ,IPI,M,D,TN,F ,R,G,R,70,0,0,0,,,1751419,5424533,-41.31646356,174.8090725
Wellington City,1N/1076/3.722,, ,I,COBHAM DRIVE,2252717,27/06/02,Thu,1650,GE,CS1C,171B 372B ,,M,D,O ,F ,R,G,R,70,0,0,0,,,1751451,5424460,-41.31711479,174.8094728
Wellington City,1N/1076/3.722,, ,I,COBHAM DRIVE,2254191,20/08/02,Tue,815,GE,CS1C,171B 372B ,,E,D,B ,F ,R,G,R,70,0,0,0,,,1751451,5424460,-41.31711479,174.8094728
Wellington City,1N/1076/3.722,, ,I,COBHAM DRIVE,2256522,6/10/02,Sun,1645,GE,VS1C,171B 372B ,,E,D,B ,F ,R,G,R,70,0,0,0,,,1751451,5424460,-41.31711479,174.8094728
Wellington City,1N/1076/3.722,, ,I,COBHAM DRIVE,2256369,28/11/02,Thu,804,GE,CS1C,171B 372B ,,M,W,O ,L ,R,G,R,70,0,0,0,,,1751451,5424460,-41.31711479,174.8094728
Wellington City,1N/1076/3.722,, ,I,COBHAM DRIVE,2253828,30/07/02,Tue,1620,GE,CS1C,171B 372B ,,E,D,B ,F ,R,G,R,70,0,0,0,,,1751451,5424460,-41.31711479,174.8094728
Wellington City,1N/1076/3.722,, ,I,COBHAM DRIVE,2250548,18/01/02,Fri,1515,GE,CS1C,157A 171B 372B ,,M,D,B ,F ,R,G,R,70,0,0,0,,,1751451,5424460,-41.31711479,174.8094728
Wellington City,1N/1076/3.727,, ,I,SH 1N COBHAM,2252530,9/05/02,Thu,1330,AC,CN1C,372A ,,M,D,O ,F ,R,G,R,50,0,0,0,,,1751426,5424454,-41.3171735,174.8091757
Wellington City,1N/1076/3.78,, ,I,COBHAM DRIVE,2252461,5/05/02,Sun,1400,FB,CE1C,331A 353A ,,E,D,O ,F ,R,G,R,70,0,0,0,,,1751451,5424455,-41.31715981,174.809474
Wellington City,1N/1076/3.933,, ,I,WEXFORD ROAD,2212001,31/01/02,Thu,600,KB,MN1C,301B 382B 817 ,,R,D,TF,F ,T,S,L,70,0,1,0,,,1751439,5424250,-41.31900772,174.8093818
Wellington City,1N/1076/4.192,200,S, ,WEXFORD ROAD,2213386,20/11/02,Wed,1850,NA,CS1E,377A 713B ,,R,D,TF,F , ,N,L,70,0,1,0,6,,1751423,5424050,-41.32081138,174.8092405
Wellington City,1N/1076/4.4,, ,I,KEDAH ST,2212384,7/07/02,Sun,1700,GA,CS1CC,191A 181C ,,R,W,O ,L ,T,N,L,70,0,0,3,,,1751406,5423843,-41.32267824,174.8090891
Wellington City,2/962/12.859,3500,E, ,NGAURANGA ON NBD,2252003,11/04/02,Thu,810,FD,CW1C,331A ,,R,D,B ,F , ,N,R,100,0,0,0,,,1755055,5434387,-41.22705618,174.8499849
Wellington City,2/962/12.896,200,W, ,HOROKIWI ROAD,2252872,30/06/02,Sun,1240,AG,VE1V,177A 434A ,,E,D,B ,F , ,N,R,100,0,0,0,,,1755021,5434389,-41.22704469,174.8495789
Wellington City,2/962/13.088,400,W, ,HOROKIWI ROAD,2255606,15/11/02,Fri,1917,AD,CW1X,158A ,G,E,D,TF,F , ,N,R,100,0,0,0,,,1754837,5434318,-41.22771915,174.8474027
Wellington City,2/962/13.118,430,W, ,HOROKIWI ROAD,2211198,7/03/02,Thu,1750,FD,CW1V,331A ,,R,D,B ,F , ,N,R,100,0,0,1,,,1754808,5434309,-41.22780573,174.8470591
Wellington City,2/962/13.188,500,W, ,HOROKIWI ROAD,2250977,23/02/02,Sat,700,CB,VW1,136A 687A ,G,R,D,O ,F , ,N,R,100,0,0,0,,,1754742,5434288,-41.22800742,174.8462774
Wellington City,2/962/13.196,500,W, ,HOROKIWI ROAD,2251070,21/03/02,Thu,1150,DB,CE1,132A 402A ,G,E,W,O ,L , ,N,R,100,0,0,0,,,1754735,5434299,-41.22790972,174.8461911
Wellington City,2/962/13.196,500,W, ,HOROKIWI ROAD,2253392,23/06/02,Sun,330,DB,CE1,103A 111A 402A ,G,E,D,DO,F , ,N,R,100,0,0,0,,,1754735,5434299,-41.22790972,174.8461911
Wellington City,2/962/13.588,900,W, ,HOROKIWI ROAD,2250431,15/03/02,Fri,843,FD,CW1CC,181B ,,R,D,B ,F , ,N,R,100,0,0,0,,,1754399,5434100,-41.22976556,174.8422345
Wellington City,2/962/13.596,900,W, ,HOROKIWI ROAD,2255751,21/11/02,Thu,1545,AA,VE1C,159A 387A ,,E,D,B ,F , ,N,R,100,0,0,0,,,1754393,5434109,-41.22968567,174.8421607
Wellington City,2/962/13.631,240,E, ,SERVICE STN NTH,2211592,27/04/02,Sat,2245,DB,CE1,111A 402A 801 ,P,M,W,DF,L , ,N,R,100,0,0,1,,,1754373,5434082,-41.22993258,174.841929
Wellington City,2/962/13.871,, ,A,SERVICE STN NTH,2255839,17/12/02,Tue,1605,DB,CE1CV,137A 801 922 ,,E,W,O ,L ,D,N,R,100,0,0,0,,,1754201,5433919,-41.23143291,174.8399189
Wellington City,2/962/13.871,, ,A,SERVICE STN NTH,2212272,16/06/02,Sun,738,DA,CE1,103A 111A 632A 817 ,GR,E,D,O ,F , ,N,R,100,0,0,2,,,1754201,5433919,-41.23143291,174.8399189
Wellington City,2/962/13.871,, ,A,SERVICE STN NTH,2251122,22/03/02,Fri,230,DA,CE1,104A 110A ,C,M,W,DO,L , ,N,R,100,0,0,0,,,1754201,5433919,-41.23143291,174.8399189
Wellington City,2/962/14.13,100,E, ,SERVICE STN STH,2250050,4/01/02,Fri,826,DA,CE1VCC,130A 621A 631A 132D ,,E,W,B ,F , ,N,R,100,0,0,0,,,1753971,5433802,-41.2325301,174.8372054
Wellington City,2/962/14.33,100,W, ,SERVICE STN STH,2212313,1/08/02,Thu,840,CB,CE1,132A 363A 801 902 ,CPT,R,W,B ,F , ,N,R,100,0,0,1,,,1753836,5433655,-41.23387926,174.8356324
Wellington City,2/962/14.478,1790,W, ,HOROKIWI ROAD,2256078,14/11/02,Thu,710,AA,CW1C,181A 196A ,,R,D,B ,F , ,N,R,100,0,0,0,,,1753731,5433536,-41.23497061,174.83441
Wellington City,2/962/14.488,1800,W, ,HOROKIWI ROAD,2213388,14/11/02,Thu,710,AC,SW1S,159A 386A ,,R,D,B ,F , ,N,R,100,0,0,1,,38,1753724,5433530,-41.23502596,174.8343281
Wellington City,2/962/14.859,1500,E, ,NGAURANGA ON NBD,2252054,12/04/02,Fri,1116,FA,CW1X,181A 197A ,,E,D,B ,F , ,N,R,100,0,0,0,,,1753431,5433302,-41.23713433,174.8308908
Wellington City,2/962/14.977,350,W, ,WEIGH PIT,2211797,7/03/02,Thu,1408,EA,TW1C,129A 377A 440A ,Q,R,D,B ,F , ,N,R,100,0,1,1,,,1753336,5433247,-41.23764753,174.8297716
Wellington City,2/962/15.041,700,E, ,HUTT ON NBD,2252750,11/06/02,Tue,700,EC,CE1,353A 801 ,D,R,W,O ,L , ,N,R,100,0,0,0,,,1753285,5433209,-41.23799932,174.8291728
Wellington City,2/962/15.091,650,E, ,HUTT ON NBD,2254061,4/07/02,Thu,749,CB,VE1,501A 504A ,P,R,W,O ,L , ,N,R,100,0,0,0,,,1753244,5433180,-41.23826819,174.8286911
Wellington City,2/962/15.359,1000,E, ,NGAURANGA ON NBD,2252011,12/04/02,Fri,1115,QG,CW1,136A 688A ,,R,D,B ,F , ,N,R,100,0,0,0,,,1753039,5432992,-41.23999962,174.8262931
Wellington City,2/962/15.359,1000,E, ,NGAURANGA ON NBD,2213197,15/09/02,Sun,1730,CC,CW1,105A 524A ,G,R,D,O ,F , ,N,R,100,0,0,1,,,1753039,5432992,-41.23999962,174.8262931
Wellington City,2/962/15.359,1000,E, ,NGAURANGA ON NBD,2256099,10/12/02,Tue,2210,FA,CW1C,330A 386A ,,R,D,DO,F , ,N,R,100,0,0,0,,,1753039,5432992,-41.23999962,174.8262931
Wellington City,2/962/15.541,200,E, ,HUTT ON NBD,2212906,26/09/02,Thu,1625,FD,CE1VVC,331A 181D ,,R,W,O ,L , ,N,R,100,0,0,3,,,1752894,5432899,-41.24086436,174.8245869
Wellington City,2/962/15.641,100,E, ,HUTT ON NBD,2253312,17/07/02,Wed,1620,FD,CE1V,181A 331A 353A ,,R,W,TN,H , ,N,R,100,0,0,0,,,1752812,5432841,-41.24140205,174.8236233
Wellington City,2/962/15.741,, ,I,HUTT ON NBD,2251332,20/03/02,Wed,1430,AD,CE2V,133A 801 ,GG,R,W,O ,L ,Y,N,R,100,0,0,0,,,1752729,5432784,-41.24193091,174.8226475
Wellington City,2/962/15.859,500,E, ,NGAURANGA ON NBD,2251417,5/03/02,Tue,900,FD,CW1C,181A 331A ,,R,D,B ,F , ,N,R,100,0,0,0,,,1752634,5432699,-41.24271413,174.8215356
Wellington City,2/962/15.859,500,E, ,NGAURANGA ON NBD,2212110,16/05/02,Thu,817,FD,VE1CCC,181A 181D 902 ,,R,D,B ,F , ,N,R,100,0,0,1,,,1752634,5432699,-41.24271413,174.8215356
Wellington City,2/962/16.229,130,E, ,NGAURANGA ON NBD,2253665,22/07/02,Mon,1930,EA,CW1C,129A 331A 440B ,Q,E,D,DO,F , ,N,R,100,0,0,0,,,1752339,5432477,-41.2447685,174.8180722
Wellington City,2/962/16.319,40,E, ,NGAURANGA ON NBD,2254272,31/07/02,Wed,1750,FD,CE1CC,181A 331A ,,R,D,DO,F , ,N,R,100,0,0,0,,,1752273,5432415,-41.24533914,174.8173004
Wellington City,2/962/16.359,, ,I,NGAURANGA ON NBD,2212732,9/07/02,Tue,2255,DA,CW1,506A ,ST,E,D,DO,F ,Y,N,R,100,0,1,0,,,1752244,5432387,-41.24559669,174.8169614
Wellington City,2/962/16.67,300,E, ,SH 1N,2212236,5/07/02,Fri,1820,FD,CE1C,331A 355A ,Q,R,W,DO,L , ,N,R,100,0,0,2,,,1752014,5432195,-41.2473686,174.8142656
Wellington City,ABEL SMITH ST,80,E, ,CUBA ST,2352786,20/05/03,Tue,1330,MA,VW1C,371A 386A ,,R,D,O ,F , ,N,C,50,0,0,0,,,1748607,5426806,-41.29652182,174.7749366
Wellington City,ABEL SMITH ST,, ,I,CUBA ST,2352424,9/04/03,Wed,1730,LB,VE1C,303B ,,R,D,B ,F ,X,S,C,50,0,0,0,,,1748534,5426838,-41.29624714,174.7740573
Wellington City,ABEL SMITH ST,50,W, ,TARANAKI ST,2312863,21/09/03,Sun,1153,NB,CW1E,711B 712B ,,R,D,B ,F , ,N,C,50,0,0,1,34,,1748675,5426775,-41.2967884,174.775756
Wellington City,ABEL SMITH ST,50,W, ,TARANAKI ST,2354533,13/09/03,Sat,200,CB,CW1,103A ,P,R,D,DO,F , ,N,C,50,0,0,0,,,1748675,5426775,-41.2967884,174.775756
Wellington City,ACCESS ROAD,30,N, ,BUNNY ST,2352891,28/06/03,Sat,530,MO,CS1X,102A 371A ,M,R,D,DO,F , ,N,N,50,0,0,0,,,1749054,5428702,-41.27936888,174.7798089
Wellington City,ADELAIDE ROAD,, ,I,BRITOMART ST,2351714,16/04/03,Wed,1800,LB,CN1C,303A ,,R,D,TF,F ,X,T,C,50,0,0,0,,,1748579,5424122,-41.32069216,174.7752579
Wellington City,ADELAIDE ROAD,, ,I,CHILKA ST,2350711,14/02/03,Fri,2255,BO,CN1C,103A 122A ,,R,D,DO,F ,T,G,C,50,0,0,0,,,1748568,5423955,-41.32219775,174.7751673
Wellington City,ADELAIDE ROAD,, ,I,COLOMBO ST,2352320,24/05/03,Sat,1906,JA,CS1V,302A 375B 839 ,,R,W,DO,L ,T,G,C,50,0,0,0,,,1748699,5425074,-41.3120988,174.7764582
Wellington City,ADELAIDE ROAD,50,N, ,DRUMMOND ST,2311205,13/02/03,Thu,2340,FE,CN1C,331A ,,R,D,DO,F , ,T,X,50,0,1,1,,,1748905,5425893,-41.30468701,174.7787176
Wellington City,ADELAIDE ROAD,, ,I,DRUMMOND ST,2356338,30/10/03,Thu,930,FC,VN1CC,331A 352A ,,R,W,O ,L ,X,S,X,50,0,0,0,,,1748893,5425844,-41.30513039,174.7785863
Wellington City,ADELAIDE ROAD,, ,I,DRUMMOND ST,2312780,29/08/03,Fri,1537,HA,SN1C,301B 377B ,,R,D,B ,F ,X,S,R,50,0,0,1,,35,1748893,5425844,-41.30513039,174.7785863
Wellington City,ADELAIDE ROAD,20,S, ,DUPPA ST,2312272,20/06/03,Fri,1630,CA,SS1,681A ,,R,D,O ,F , ,N,C,50,0,1,0,,27,1748560,5423811,-41.32349572,174.775107
Wellington City,ADELAIDE ROAD,, ,I,GIRTON TERRACE,2311945,30/04/03,Wed,2034,NB,CS1E,105B 713B ,,R,D,DO,F ,X,G,P,50,0,0,1,35,,1748973,5426163,-41.30224354,174.7794634
Wellington City,ADELAIDE ROAD,, ,I,HALL ST,2354490,23/09/03,Tue,1200,HA,CE2CCC,322A 358A ,MM,R,D,B ,F ,X,T,C,50,0,0,0,,,1748741,5425246,-41.31054247,174.7769177
Wellington City,ADELAIDE ROAD,50,N, ,HOSPITAL ROAD,2355180,16/10/03,Thu,815,GB,BN1C,172B 372B 927 ,,R,D,B ,F ,D,N,P,50,0,0,0,,,1748875,5425773,-41.30577296,174.7783888
Wellington City,ADELAIDE ROAD,50,N, ,HOSPITAL ROAD,2354694,11/09/03,Thu,1520,GD,CN1C,331A 144B 191B 926 ,,R,W,O ,L ,D,N,P,50,0,0,0,,,1748875,5425773,-41.30577296,174.7783888
Wellington City,ADELAIDE ROAD,, ,I,HOSPITAL ROAD,2356388,10/11/03,Mon,1650,JA,CS1C,301B 303B 387B ,,R,D,O ,F ,T,S,C,50,0,0,0,,,1748863,5425724,-41.30621634,174.7782575
Wellington City,ADELAIDE ROAD,30,N, ,JOHN ST,2355317,21/10/03,Tue,1140,LB,CN1C,303B 375B 927 ,,R,D,B ,F ,D,N,C,50,0,0,0,,,1748839,5425637,-41.30700406,174.7779922
Wellington City,ADELAIDE ROAD,50,N, ,JOHN ST,2354820,29/08/03,Fri,1812,MC,CN1C,372B ,,R,D,TO,F , ,N,P,50,0,0,0,,,1748844,5425656,-41.30683208,174.7780473
Wellington City,ADELAIDE ROAD,, ,I,JOHN ST,2353894,15/07/03,Tue,2050,LB,VN1V,303B ,,R,D,DO,F ,X,T,R,50,0,0,0,,,1748832,5425608,-41.30726645,174.7779157