TLA NAME,CRASH ROAD,CRASH DIST,CRASH DIRN,INTSN,SIDE ROAD,CRASH ID,CRASH DATE,CRASH DOW,CRASH TIME,MVMT,VEHICLES,CAUSES,OBJECTS STRUCK,ROAD CURVE,ROAD WET,LIGHT,WTHRa,JUNC TYPE,TRAF CTRL,ROAD MARK,SPD LIM,CRASH FATAL CNT,CRASH SEV CNT,CRASH MIN CNT,PERS AGE1,PERS AGE2,EASTING,NORTHING,latitude,longitude
Wellington City,ADELAIDE ROAD,, ,I,KING ST,2350547,20/02/03,Thu,835,LB,CN1V,303A 377B ,,R,D,B ,F ,T,G,P,50,0,0,0,,,1748937,5426020,-41.30353767,174.7790686
Wellington City,ADELAIDE ROAD,100,S, ,LAVAUD ST,2353853,11/02/03,Tue,1940,FA,CS1C,103A 112A 386A ,,R,D,O ,F , ,N,C,50,0,0,0,,,1748553,5423686,-41.32462243,174.7750539
Wellington City,ADELAIDE ROAD,, ,I,LUXFORD ST,2352318,14/05/03,Wed,1658,FE,CW2C,181A ,,R,D,O ,F ,T,T,C,50,0,0,0,,,1748585,5424215,-41.31985374,174.7753068
Wellington City,ADELAIDE ROAD,, ,I,LUXFORD ST,2311934,19/03/03,Wed,2220,LB,SS1V,303B 375B ,,R,D,DO,F ,T,T,C,50,0,0,1,,23,1748585,5424215,-41.31985374,174.7753068
Wellington City,ADELAIDE ROAD,20,S, ,NIKAU ST,2350857,13/01/03,Mon,1615,FB,CS1C,331A 353A ,,R,D,B ,F , ,N,C,50,0,0,0,,,1748772,5425369,-41.30942933,174.7772578
Wellington City,ADELAIDE ROAD,, ,I,OXFORD ST,2353292,10/07/03,Thu,1800,JA,CS1C,308A 303B 922 ,,R,W,DO,F ,D,N,C,50,0,0,0,,,1748946,5426053,-41.3032389,174.779168
Wellington City,ADELAIDE ROAD,20,S, ,RIDDIFORD ST,2352148,11/03/03,Tue,1545,AO,CS1C,372A 150B ,,R,D,B ,F , ,N,P,50,0,0,0,,,1748827,5425588,-41.30744744,174.7778609
Wellington City,ADELAIDE ROAD,10,S, ,RUGBY ST,2355836,20/11/03,Thu,820,FC,VN1V,181A ,,R,D,B ,F ,T,G,X,50,0,0,0,,,1749003,5426275,-41.30122962,174.7797942
Wellington City,ADELAIDE ROAD,20,S, ,RUGBY ST,2313596,18/12/03,Thu,1345,FB,CN1CC,331A ,,R,D,B ,F , ,N,C,50,0,0,1,,,1749000,5426265,-41.3013202,174.7797608
Wellington City,ADELAIDE ROAD,20,S, ,RUGBY ST,2353972,24/02/03,Mon,820,FB,CS1CC,378A 801 831 ,,E,W,O ,L , ,N,L,50,0,0,0,,,1749000,5426265,-41.3013202,174.7797608
Wellington City,ADELAIDE ROAD,30,S, ,RUGBY ST,2356256,11/08/03,Mon,1815,LB,CN1C,303B 387B 924 ,,R,W,DO,L ,D,N,P,50,0,0,0,,,1748998,5426255,-41.30141061,174.7797394
Wellington City,ADELAIDE ROAD,15,S, ,STOKE ST,2311735,21/03/03,Fri,2340,EA,CS1C,351A ,M,R,D,DO,F , ,N,C,50,0,0,1,,,1748642,5424852,-41.31410806,174.7758318
Wellington City,ADELAIDE ROAD,, ,I,TORQUAY TERRACE,2353113,15/06/03,Sun,1320,BA,CS1C,125A ,,R,D,O ,F ,T,N,L,50,0,0,0,,,1748613,5424714,-41.31535588,174.7755192
Wellington City,ADELAIDE ROAD,300,N, ,WARIPORI ST,2354008,4/08/03,Mon,1120,MC,CS1C,372B ,,R,D,B ,F , ,N,L,50,0,0,0,,,1748609,5424638,-41.31604087,174.77549
Wellington City,ALBEMARLE ROAD,170,E, ,WILTON ROAD,2350285,24/01/03,Fri,2108,CC,CW1C,130A ,EFM,R,W,TF,L , ,N,C,50,0,0,0,,,1747199,5429004,-41.27699006,174.757596
Wellington City,ALEXANDRA LOOKOUT ROAD,, ,A,ALEXANDRA MEMORIAL ROAD,2355170,15/10/03,Wed,1220,DA,CW1,111A 131A ,C,E,D,B ,F , ,N,C,50,0,0,0,,,1750263,5426797,-41.29629623,174.7947085
Wellington City,ALEXANDRA ROAD,100,N, ,CONSTABLE ST,2350864,16/01/03,Thu,2140,DA,CS1,111A 134A 402A ,E,E,D,DO,F , ,N,C,50,0,0,0,,,1749746,5425047,-41.3121482,174.7889672
Wellington City,ALEXANDRA ROAD,180,N, ,UPOKO ROAD,2356214,13/11/03,Thu,1750,BC,BN1C,121A ,,S,D,O ,F , ,N,C,50,0,0,0,,,1750409,5426712,-41.29703432,174.7964725
Wellington City,ALLEN ST,10,N, ,COURTENAY PLACE,2354957,4/10/03,Sat,15,EE,CS1X,374B 444B ,Q,R,W,DO,L ,T,N,N,50,0,0,0,,,1749213,5427116,-41.29361895,174.7820952
Wellington City,ALLEN ST,100,N, ,COURTENAY PLACE,2356156,18/12/03,Thu,1340,MF,XN1C,371B ,,R,D,B ,F , ,N,N,50,0,0,0,,,1749250,5427198,-41.29287383,174.7825168
Wellington City,ALLEN ST,, ,I,COURTENAY PLACE,2356054,3/12/03,Wed,2343,MF,CS1X,373B ,,R,D,DO,F ,T,G,N,50,0,0,0,,,1749209,5427107,-41.29370072,174.7820497
Wellington City,ALLEN ST,15,S, ,WAKEFIELD ST,2356275,23/12/03,Tue,1735,MO,CN1V,371A ,,R,D,B ,F , ,N,N,50,0,0,0,,,1749266,5427234,-41.29254675,174.782699
Wellington City,ALLINGTON ROAD,30,W, ,MAKARA ROAD,2351556,22/02/03,Sat,1130,EA,CE1CC,386A ,MM,R,D,B ,F , ,N,C,50,0,0,0,,,1744227,5427717,-41.28911406,174.7224298
Wellington City,ALLINGTON ROAD,, ,I,MAKARA ROAD,2311657,16/03/03,Sun,2030,LB,SE1C,602A 370B ,,R,D,DO,F ,T,G,C,50,0,0,1,,12,1744255,5427727,-41.28901902,174.7227617
Wellington City,AOTEA ON NBD,30,N, ,FERRY TERMINAL ACCESS ROA,2355787,7/11/03,Fri,1000,DA,TN1,111A ,G,M,D,O ,FS, ,N,R,70,0,0,0,,,1749519,5430271,-41.26515654,174.7849738
Wellington City,AOTEA QUAY,30,S, ,AOTEA OFF SBD,2355965,13/08/03,Wed,1305,MC,TE1C,202B 372B ,,R,D,O ,F , ,N,L,70,0,0,0,,,1749567,5430047,-41.26716442,174.7856015
Wellington City,AOTEA QUAY,, ,I,AOTEA ON NBD,2354110,19/05/03,Mon,1535,LB,CN1C,302B 387B ,,R,D,O ,F ,Y,G,R,70,0,0,0,,,1749546,5430121,-41.26650206,174.7853328
Wellington City,AOTEA QUAY,300,S, ,HUTT ROAD,2350528,15/01/03,Wed,1710,FD,VN1CC,353A ,,R,D,B ,F , ,N,L,70,0,0,0,,,1749524,5430224,-41.26557877,174.785045
Wellington City,AOTEA QUAY,250,N, ,WATERLOO QUAY,2354449,30/07/03,Wed,1425,FE,XN1TB,331A 358A 928 ,,R,D,B ,F ,D,T,R,70,0,0,0,,,1749657,5429579,-41.27136136,174.7867904
Wellington City,AOTEA QUAY,600,N, ,WATERLOO QUAY,2352140,21/03/03,Fri,1328,AC,CN1C,372A ,,R,D,B ,F , ,N,L,70,0,0,0,,,1749591,5429923,-41.26827641,174.7859183
Wellington City,ARAWA ROAD,40,E, ,HATAITAI ROAD,2350264,13/02/03,Thu,710,EA,CW1CC,358A ,MP,R,D,BF,F , ,N,X,50,0,0,0,,,1750777,5426589,-41.29807306,174.8008963
Wellington City,ARO ST,, ,I,DURHAM ST,2356327,15/11/03,Sat,1350,FA,ME1C,181A ,,R,D,B ,F ,Y,N,C,50,0,0,0,,,1747660,5427000,-41.29494895,174.7635839
Wellington City,ARO ST,30,E, ,HOLLOWAY ROAD,2355010,24/09/03,Wed,1715,BF,CS1C,352A ,,E,D,B ,F , ,N,C,50,0,0,0,,,1747467,5427144,-41.29368773,174.7612449
Wellington City,ARUN CRESCENT,160,S, ,SOUTHGATE ROAD,2311925,5/03/03,Wed,1850,DB,SS1C,110A 132A 120B ,,M,D,DN,F , ,N,N,50,0,1,0,,37,1749005,5422747,-41.33299319,174.7806826
Wellington City,ASCOT ST,80,W, ,SYDNEY ST WEST,2354697,15/09/03,Mon,1350,QD,TS1,428A 612A ,H,E,D,B ,F , ,N,N,50,0,0,0,,,1748296,5428786,-41.27875214,174.7707416
Wellington City,AVON ST,25,W, ,CLYDE ST,2353357,1/03/03,Sat,1225,EC,TW1,686A 820 ,X,R,D,B ,F , ,N,N,50,0,0,0,,,1748497,5422703,-41.33348308,174.7746253
Wellington City,AWA ROAD,150,N, ,MARINE PARADE,2312208,20/06/03,Fri,1030,BB,CS1V,123A ,,M,D,O ,F , ,N,C,50,0,1,0,,,1753091,5425048,-41.3115113,174.8289093
Wellington City,AWARUA ST,100,W, ,OTTAWA ROAD,2352145,4/03/03,Tue,1848,FA,CE1C,181A 191A ,,M,D,B ,F , ,N,C,50,0,0,0,,,1748631,5432318,-41.24689019,174.7738788
Wellington City,BANNISTER AVENUE,20,S, ,SIM ST,2355946,3/12/03,Wed,1530,GB,CS1C,373A 930 ,,R,D,B ,F ,D,N,N,50,0,0,0,,,1750661,5434279,-41.22885874,174.7976111
Wellington City,BAY ROAD,50,N, ,COUTTS ST,2354117,2/09/03,Tue,1525,FA,CS1C,181A 386A ,,R,D,B ,F , ,N,C,50,0,0,0,,,1750191,5424223,-41.3194842,174.7944845
Wellington City,BAYLANDS DRIVE,, ,I,SOMES CRESCENT N,2354658,27/09/03,Sat,1845,DB,CS1,111A 351A 514A ,,R,D,TO,F ,T,G,C,50,0,0,0,,,1753448,5434669,-41.22482364,174.8307501
Wellington City,BAYLANDS DRIVE,200,N, ,SOMES CRESCENT S,2352168,17/04/03,Thu,2054,DA,CN1V,131A 901 ,FMT,M,W,DO,HS, ,N,C,50,0,0,0,,,1753355,5434590,-41.22555253,174.8296609
Wellington City,BEAUCHAMP ST,50,S, ,COLLINS AVENUE,2353728,7/08/03,Thu,1020,MO,CS1C,371A 929 ,,R,D,O ,F ,D,N,C,50,0,0,0,,,1753664,5442130,-41.15760886,174.8314523
Wellington City,BEAUCHAMP ST,, ,I,VERVIERS ST,2312928,25/08/03,Mon,1825,HA,CN1C,302B ,,R,D,DO,F ,X,G,C,50,0,0,1,,,1745679,5427541,-41.29043798,174.7398048
Wellington City,BEDFORD ST,140,N, ,ORANGI KAUPAPA ROAD,2354271,26/04/03,Sat,1020,DA,CN1,111A 402A 423A ,FH,E,D,O ,F , ,N,N,50,0,0,0,,,1747535,5429053,-41.27648758,174.7615942
Wellington City,BELL ST,15,S, ,ANTHONY ST,2350672,20/02/03,Thu,2030,EA,CS1C,386A ,M,M,D,DO,F , ,N,N,50,0,0,0,,,1754064,5442800,-41.15150072,174.836049
Wellington City,BENARES ST,80,S, ,MANDALAY TERRACE,2311849,23/04/03,Wed,740,CC,CN1C,120A ,,R,D,O ,F , ,N,N,50,0,0,1,,,1751342,5432213,-41.24733262,174.8062448
Wellington City,BLACK ROCK ROAD,30,E, ,NEWLANDS ROAD,2351203,26/03/03,Wed,1230,MO,CW1C,371A 929 ,M,R,D,O ,F ,D,N,N,50,0,0,0,,,1752447,5434281,-41.22850616,174.81891
Wellington City,BOMBAY ST,30,N, ,APLIN TERRACE,2353155,20/06/03,Fri,1500,MO,CN1C,386A ,M,R,D,O ,F , ,N,C,50,0,0,0,,,1749075,5431900,-41.25057191,174.7792775
Wellington City,BOMBAY ST,150,N, ,COLWAY ST,2354494,10/09/03,Wed,1720,EA,CS1C,358A ,M,R,D,B ,F , ,N,N,50,0,0,0,,,1749254,5432032,-41.24935042,174.7813807
Wellington City,BOULCOTT ST,70,W, ,WILLIS ST,2313136,23/10/03,Thu,1810,NA,CW1E,711B 712B ,,R,D,O ,F , ,N,C,50,0,0,1,,,1748567,5427684,-41.28862415,174.7742448
Wellington City,BOULCOTT ST,, ,I,WILLIS ST,2356099,17/12/03,Wed,1710,AO,CE1C,129A ,,R,D,B ,F ,X,T,C,50,0,0,0,,,1748603,5427623,-41.28916673,174.7746894
Wellington City,BOWEN ST,, ,I,LAMBTON QUAY,2353740,8/08/03,Fri,1740,FD,VE1VC,181A 331A 191B ,,R,D,TO,F ,X,T,R,50,0,0,0,,,1748819,5428688,-41.27953827,174.7770076
Wellington City,BOWEN ST,, ,I,MUSEUM ST,2311739,9/04/03,Wed,930,PB,VW1K,370A 722B ,,R,D,B ,F ,X,T,L,50,0,1,0,21,,1748718,5428772,-41.27880058,174.7757816
Wellington City,BOWEN ST,90,E, ,SYDNEY ST WEST,2353807,1/08/03,Fri,2015,DA,CW1,103A 111A ,C,M,W,DO,L , ,N,L,50,0,0,0,,,1748349,5428737,-41.27918357,174.7713861
Wellington City,BRACKEN ROAD,, ,I,BEAZLEY AVENUE,2354341,25/07/03,Fri,1100,DB,CW1,111A 517A ,,M,D,OF,F ,T,S,C,50,0,0,0,,,1752683,5435474,-41.21772068,174.8214263
Wellington City,BRACKEN ROAD,20,N, ,KAHIKATEA GROVE,2311312,24/01/03,Fri,1518,NA,VS1E,712B 713B ,,R,D,B ,F , ,N,C,50,0,0,1,19,,1752799,5435306,-41.21921135,174.8228515
Wellington City,BREAKER BAY ROAD,1000,S, ,MANTELL ST,2312295,22/06/03,Sun,230,DB,CN1C,104A 111A 929 ,F,E,D,DO,F ,D,N,C,50,0,0,3,,,1752771,5422487,-41.33462904,174.8257319
Wellington City,BRITOMART ST,30,E, ,STANLEY ST,2311855,6/05/03,Tue,900,FC,VW1C,331A 358A ,,R,D,B ,F , ,N,C,50,0,0,1,,,1748393,5424134,-41.32061837,174.7730336
Wellington City,BRITOMART ST,50,W, ,STANLEY ST,2350078,7/01/03,Tue,845,JA,CW1CV,308B 377B 927 ,M,R,D,B ,F ,D,N,C,50,0,0,0,,,1748313,5424138,-41.32059707,174.7720772
Wellington City,BROADWAY,50,W, ,CAVENDISH SQUARE,2355603,1/11/03,Sat,2300,DA,CW1C,133A 410A ,M,M,D,DO,F , ,N,C,50,0,0,0,,,1752743,5423635,-41.32429874,174.8251089
Wellington City,BROADWAY,, ,I,CAVENDISH SQUARE,2312852,20/09/03,Sat,1150,DB,CW1,192A ,P,R,D,O ,F ,T,G,C,50,0,0,3,,,1752792,5423625,-41.32437949,174.8256966
Wellington City,BROADWAY,15,W, ,HOBART ST,2311772,18/02/03,Tue,850,NB,CW1E,306A ,,R,W,O ,L , ,N,X,50,0,0,1,9,,1751617,5423541,-41.32535756,174.8116843
Wellington City,BROADWAY,, ,I,KAURI ST,2355985,26/11/03,Wed,1620,MA,CW1C,373B 381B ,,R,W,O ,L ,T,N,C,50,0,0,0,,,1751522,5423540,-41.32538443,174.81055
Wellington City,BROADWAY,30,E, ,MONORGAN ROAD,2312877,2/08/03,Sat,1050,DA,CW1,101A 131A ,P,E,D,O ,F , ,N,R,50,0,0,1,,,1752173,5423555,-41.32512677,174.8183213
Wellington City,BROADWAY,, ,I,STRATHMORE AVENUE,2312150,6/06/03,Fri,1751,HA,CW1V,302A ,,R,D,DO,F ,R,G,R,50,0,0,1,,,1752348,5423615,-41.32455353,174.8203964
Wellington City,BROADWAY,, ,I,STRATHMORE AVENUE,2355969,22/11/03,Sat,1615,LB,CW1C,302A 375A ,,M,D,B ,F ,R,G,R,50,0,0,0,,,1752348,5423615,-41.32455353,174.8203964
Wellington City,BROADWAY,80,E, ,WAYSIDE WEST,2355169,22/10/03,Wed,730,EA,CW1C,137A ,M,R,D,B ,F , ,N,P,50,0,0,0,,,1751809,5423545,-41.32528542,174.8139765
Wellington City,BRODERICK ROAD,, ,I,JOHNSONVILLE ROAD,2355284,27/10/03,Mon,1700,GF,TW1C,158B ,,R,D,B ,F ,X,T,P,50,0,0,0,,,1751483,5434719,-41.22474375,174.807305
Wellington City,BRODERICK ROAD,, ,I,PHILLIP ST,2312673,2/08/03,Sat,1300,BF,CE1C,111A ,C,E,W,O ,L ,X,G,C,50,0,0,2,,,1751013,5434794,-41.22415635,174.8016817
Wellington City,BROOKLYN ROAD,50,N, ,NAIRN ST S,2313446,18/10/03,Sat,1330,AC,SN1C,158A 182B 358B 372B ,,E,D,B ,F , ,N,R,50,0,0,1,,30,1748124,5426334,-41.30086024,174.7692852
Wellington City,BROOKLYN ROAD,, ,I,OHIRO ROAD,2355313,30/10/03,Thu,1553,DA,CN1CC,131A 631A ,M,E,W,O ,L ,Y,G,R,50,0,0,0,,,1747693,5426137,-41.30271293,174.7641873
Wellington City,BROOKLYN ROAD,5,S, ,WASHINGTON AVENUE,2350271,24/01/03,Fri,1720,MO,CW1B,386A 691A ,,E,W,OF,L ,T,N,R,50,0,0,0,,,1747869,5426135,-41.3026987,174.7662891
Wellington City,BROOKLYN ROAD,20,W, ,WASHINGTON AVENUE,2312892,29/07/03,Tue,700,MC,SE1V,372B ,,R,D,TN,F , ,N,C,50,0,0,1,,30,1747855,5426133,-41.30271927,174.7661224
Wellington City,BROOKLYN ROAD,, ,I,WEBB ST,2355848,4/11/03,Tue,1831,AC,CN1C,170A ,,R,D,B ,F ,T,T,C,50,0,0,0,,,1748205,5426734,-41.29724399,174.7701549
Wellington City,BROUGHAM ST,, ,I,ARMOUR AVENUE,2352139,6/03/03,Thu,1555,KB,CN1C,303A ,,R,D,O ,F ,T,N,C,50,0,0,0,,,1749357,5426494,-41.29919243,174.7839669
Wellington City,BROUGHAM ST,, ,I,MAJORIBANKS ST,2355112,6/10/03,Mon,1200,EA,TN1C,386A ,M,R,D,O ,F ,T,S,C,50,0,0,0,,,1749577,5426977,-41.29480305,174.7864747
Wellington City,BROUGHAM ST,20,N, ,MOIR ST,2355181,6/10/03,Mon,1830,EE,VN1C,374B ,M,R,D,TF,F , ,N,C,50,0,0,0,,,1749334,5426441,-41.29967387,174.7837053
Wellington City,BROUGHAM ST,, ,I,PIRIE ST,2355437,7/11/03,Fri,1900,HA,CW2XVC,300B ,MM,R,D,O ,F ,X,S,R,50,0,0,0,,,1749420,5426634,-41.29792029,174.7846846
Wellington City,BRUSSELS ST,, ,I,PARA ST,2355431,15/11/03,Sat,1330,DA,CE1,133A ,T,R,D,B ,F ,T,G,N,50,0,0,0,,,1752415,5424736,-41.31444831,174.8209155
Wellington City,BUNKER WAY,40,W, ,NUKU ST,2353322,3/07/03,Thu,1215,MD,CE1T,363A 386B 929 ,,M,D,B ,F ,D,N,N,50,0,0,0,,,1752003,5423003,-41.3301286,174.816429
Wellington City,BURMA ROAD,200,N, ,JOHN SIMS DRIVE,2313392,10/12/03,Wed,1715,JA,CS1C,308B 927 ,,R,D,B ,F ,D,N,P,50,0,0,1,,,1750697,5433689,-41.23416406,174.798186
Wellington City,BURMA ROAD,10,N, ,KIM ST,2350713,28/01/03,Tue,1047,GD,CS1CC,137A 507A ,,R,D,B ,F ,T,N,C,50,0,0,0,,,1750376,5432980,-41.24060724,174.7945322
Wellington City,BURMA ROAD,20,N, ,RANGOON ST,2312900,29/05/03,Thu,830,FA,VN1S,363A 385A 363B 902 ,,R,D,B ,F , ,N,C,50,0,0,1,,17,1750542,5433147,-41.23907279,174.796471
Wellington City,BURMA ROAD,, ,I,RANGOON ST,2354266,17/06/03,Tue,1740,JA,CW1C,303B 375B ,,R,D,DO,F ,T,N,C,50,0,0,0,,,1750525,5433136,-41.23917499,174.796271
Wellington City,BURMA ROAD,, ,I,STATION ROAD,2355872,6/11/03,Thu,930,FC,CS1C,331A ,,R,D,B ,F ,T,S,X,50,0,0,0,,,1750199,5432833,-41.24196364,174.7924571
Wellington City,CABLE ST,15,W, ,CHAFFERS ST,2351507,15/03/03,Sat,155,EA,CE1C,410A ,M,R,D,DO,F ,X,T,C,50,0,0,0,,,1749340,5427314,-41.29181279,174.7835627
Wellington City,CABLE ST,15,W, ,CHAFFERS ST,2356033,20/10/03,Mon,1915,AC,CE1V,372A ,,R,D,TF,F , ,N,C,50,0,0,0,,,1749340,5427314,-41.29181279,174.7835627
Wellington City,CABLE ST,50,E, ,TARANAKI ST,2312280,5/04/03,Sat,1515,NA,CE1K,711B 719B ,,R,D,B ,F , ,N,C,50,0,0,1,14,,1749090,5427442,-41.29070656,174.780547
Wellington City,CABLE ST,, ,I,TARANAKI ST,2352929,26/06/03,Thu,1320,FD,CE1V,181A 331A ,,R,D,B ,F ,X,T,C,50,0,0,0,,,1749051,5427473,-41.29043466,174.7800739
Wellington City,CALCUTTA ST,150,S, ,COCKAYNE ROAD,2313024,13/08/03,Wed,1220,DB,CS1,111A 135A 801 ,P,M,W,O ,L , ,N,C,50,0,0,1,,,1749742,5431809,-41.25126795,174.7872571
Wellington City,CAMBRIDGE TERRACE,, ,I,BARKER ST,2353928,14/08/03,Thu,1530,MA,CN1X,373B ,,R,D,B ,F ,T,N,C,50,0,0,0,,,1749129,5426582,-41.2984423,174.7812233
Wellington City,CAMBRIDGE TERRACE,20,N, ,COURTENAY PLACE,2351512,29/01/03,Wed,2300,MA,TN1C,331A 372A ,,R,D,DO,F , ,N,C,50,0,0,0,,,1749360,5427096,-41.29377183,174.783855
Wellington City,CAMBRIDGE TERRACE,30,S, ,COURTENAY PLACE,2313454,8/12/03,Mon,1728,NB,CN1E,713B ,,R,D,B ,F , ,N,R,50,0,0,1,15,,1749339,5427050,-41.29418987,174.7836156
Wellington City,CAMBRIDGE TERRACE,, ,I,COURTENAY PLACE,2355835,14/11/03,Fri,625,DB,CN1,111A ,IT,R,W,TO,L ,X,T,R,50,0,0,0,,,1749351,5427078,-41.29393556,174.7837519
Wellington City,CAMBRIDGE TERRACE,, ,I,COURTENAY PLACE,2356157,16/11/03,Sun,13,LB,CN1C,323B ,,R,D,DO,F ,X,T,R,50,0,0,0,,,1749351,5427078,-41.29393556,174.7837519
Wellington City,CAMBRIDGE TERRACE,, ,I,COURTENAY PLACE,2354493,6/09/03,Sat,35,CB,CN1,130A 420A ,P,R,D,DO,F ,X,T,R,50,0,0,0,,,1749351,5427078,-41.29393556,174.7837519
Wellington City,CAMBRIDGE TERRACE,, ,I,ELIZABETH ST,2312603,24/06/03,Tue,2300,KB,XN1C,322B ,,R,D,DO,F ,X,T,C,50,0,0,1,,,1749269,5426894,-41.29560735,174.7828182
Wellington City,CAMBRIDGE TERRACE,20,S, ,FIFESHIRE AVENUE,2354346,13/07/03,Sun,100,AC,CN1CC,141A 372A 197B ,M,R,D,DO,F , ,N,C,50,0,0,0,,,1749150,5426630,-41.29800625,174.7814622
Wellington City,CARLTON GORE ROAD,, ,I,ORIENTAL PARADE,2355746,17/12/03,Wed,1920,MB,CW1C,382B ,,R,D,B ,F ,Y,G,R,50,0,0,0,,,1750709,5427702,-41.28806506,174.7998089
Wellington City,CASHMERE AVENUE,40,E, ,RANUI CRESCENT E,2312046,29/05/03,Thu,1100,GA,VE1C,181A 358A 929 ,HX,R,D,B ,F ,D,N,C,50,0,0,1,,,1750692,5432167,-41.24786819,174.7985022
Wellington City,CENTENNIAL NBD,80,N, ,HUTT ROAD,2311799,16/04/03,Wed,1713,FD,VN1CCV,331A 352A ,,R,D,TF,F , ,N,R,100,0,0,1,,,1751943,5432277,-41.24664368,174.8133983
Wellington City,CENTENNIAL NBD,150,N, ,HUTT ROAD,2354120,30/08/03,Sat,1845,FD,CN1CC,331A 181C 191C ,,R,D,DO,F , ,N,R,100,0,0,0,,,1751952,5432346,-41.24602076,174.8134884
Wellington City,CENTENNIAL NBD,150,S, ,SH 1N,2354496,21/08/03,Thu,1725,AC,CN1C,372A ,,E,W,O ,L , ,N,R,80,0,0,0,,,1751959,5432622,-41.24353452,174.8135032
Wellington City,CENTENNIAL SBD,, ,I,MALVERN ROAD,2354053,28/08/03,Thu,1025,MC,CS1V,372B ,,E,W,O ,H ,Y,N,P,100,0,0,0,,,1752009,5432646,-41.24330904,174.8140937
Wellington City,CENTENNIAL SLIP ROAD,30,W, ,HUTT ON NBD,2351586,25/03/03,Tue,1116,DB,MS1,135A 806 ,,M,D,B ,F , ,N,P,100,0,0,0,,,1751969,5432232,-41.24704394,174.8137196
Wellington City,CHAFFERS ST,25,S, ,CABLE ST,2313455,11/12/03,Thu,1640,NA,CN1E,713B 731B ,,R,D,O ,F , ,N,C,50,0,0,1,,,1749344,5427285,-41.29207315,174.7836176
Wellington City,CHAFFERS ST,50,N, ,WAKEFIELD ST,2355283,18/10/03,Sat,1630,GC,CN1C,372B 925 ,,R,D,B ,F ,D,N,C,50,0,0,0,,,1749338,5427272,-41.2921913,174.7835492
Wellington City,CHAYTOR ST,, ,I,BIRDWOOD ST,2356125,17/11/03,Mon,1345,JA,CN1C,302B 375B 801 ,,R,W,O ,L ,T,G,C,50,0,0,0,,,1746933,5427929,-41.28671733,174.7546806
Wellington City,CHAYTOR ST,, ,I,BIRDWOOD ST,2313466,15/11/03,Sat,1725,NB,CN1E,306A 376A 901 ,,R,W,O ,H ,T,N,X,50,0,0,1,20,,1746933,5427929,-41.28671733,174.7546806
Wellington City,CHAYTOR ST,80,N, ,CURTIS ST,2311758,3/03/03,Mon,810,NB,CN1E,123A 715B ,,M,W,O ,L , ,N,C,50,0,0,1,21,,1746772,5428195,-41.28435167,174.7526947
Wellington City,CHAYTOR ST,200,E, ,KARORI ROAD,2351713,23/03/03,Sun,1535,DA,CN1,410A ,P,E,D,B ,F , ,N,C,50,0,0,0,,,1746753,5428441,-41.28214024,174.7524086
Wellington City,CHAYTOR ST,20,S, ,KARORI ROAD,2356349,9/12/03,Tue,1400,QD,TS1,428A ,GJP,E,D,O ,F , ,N,C,50,0,0,0,,,1746661,5428566,-41.28103151,174.7512805
Wellington City,CHAYTOR ST,, ,I,KARORI ROAD,2313544,21/12/03,Sun,1610,JA,SE2M,302B 375B ,,E,D,B ,F ,Y,G,C,50,0,1,0,,42,1746644,5428577,-41.28093556,174.7510749
Wellington City,CHAYTOR ST,15,S, ,RAROA CRESCENT,2350146,17/01/03,Fri,13,EA,CN1C,129A 386A ,M,E,D,DO,F , ,N,C,50,0,0,0,,,1746898,5428141,-41.28481494,174.7542117
Wellington City,CHAYTOR ST,, ,I,RAROA CRESCENT,2355105,30/08/03,Sat,1805,JA,CE1C,302B 382B ,,E,W,DO,F ,Y,G,L,50,0,0,0,,,1746887,5428152,-41.28471791,174.7540777
Wellington City,CHAYTOR ST,, ,I,WAIAPU ROAD,2312032,6/05/03,Tue,115,DB,MS1,514A 517A 691A ,,M,D,DO,F ,Y,N,L,50,0,1,0,,,1746942,5427876,-41.28719288,174.7548008
Wellington City,CHESTERTON ST,, ,I,CHAPMAN ST,2355971,26/11/03,Wed,1250,DA,CS2,111A 402A ,,E,W,O ,L ,T,N,C,50,0,0,0,,,1751926,5434426,-41.22729868,174.8126607
Wellington City,CHILDERS TERRACE,100,N, ,COUTTS ST,2356374,12/12/03,Fri,2200,EA,CS1C,111A 131A ,M,M,D,DO,F , ,N,C,50,0,0,0,,,1750087,5424263,-41.31914343,174.7932326
Wellington City,CHILDERS TERRACE,10,S, ,RONGOTAI ROAD,2353384,24/06/03,Tue,720,EA,CS1C,386A ,M,R,D,DO,F ,T,S,C,50,0,0,0,,,1750110,5424422,-41.31770763,174.793468
Wellington City,CHURCHILL DRIVE,100,S, ,SILVERSTREAM ROAD,2353134,28/06/03,Sat,1530,JA,CS1C,129A 155A 308B 377B 927 ,,R,D,O ,F ,D,N,P,50,0,0,0,,,1747921,5431397,-41.25531269,174.7656323
Wellington City,CHURCHILL DRIVE,, ,I,SILVERSTREAM ROAD,2311575,3/03/03,Mon,858,NA,CN1E,713B 714B ,,R,W,O ,F ,T,G,X,50,0,0,1,21,,1747960,5431489,-41.25447722,174.7660753
Wellington City,CLEVELAND ST,, ,I,HARRISON ST,2356348,17/10/03,Fri,2010,EA,BW1C,387A 853 927 ,M,M,D,TF,F ,D,N,R,50,0,0,0,,,1747780,5425882,-41.30499289,174.7652879
Wellington City,CLIFTON TERRACE,, ,I,CLIFTON ON NBD,2312165,9/06/03,Mon,700,FF,CN1V,331A 817 ,,E,W,TO,L ,Y,G,C,50,0,0,2,,,1748456,5428134,-41.28459301,174.7728101