TLA NAME,CRASH ROAD,CRASH DIST,CRASH DIRN,INTSN,SIDE ROAD,CRASH ID,CRASH DATE,CRASH DOW,CRASH TIME,MVMT,VEHICLES,CAUSES,OBJECTS STRUCK,ROAD CURVE,ROAD WET,LIGHT,WTHRa,JUNC TYPE,TRAF CTRL,ROAD MARK,SPD LIM,CRASH FATAL CNT,CRASH SEV CNT,CRASH MIN CNT,PERS AGE1,PERS AGE2,EASTING,NORTHING,latitude,longitude
Wellington City,CLUTHA AVENUE,, ,I,COCKAYNE ROAD,2355846,31/10/03,Fri,2150,JA,VS2V,321B ,,R,D,DO,F ,T,S,N,50,0,0,0,,,1749723,5432137,-41.24831833,174.78695
Wellington City,CLUTHA AVENUE,, ,I,NICHOLSON ROAD,2353954,9/08/03,Sat,1045,HA,CN1C,302B 507B ,,R,D,O ,F ,X,G,C,50,0,0,0,,,1749957,5432206,-41.24765372,174.7897245
Wellington City,CLYDE ST,80,N, ,TAMAR ST,2351483,9/03/03,Sun,1730,MO,CE1C,351A 371A ,M,R,D,B ,F , ,N,N,50,0,0,0,,,1748555,5423016,-41.33065434,174.7752416
Wellington City,COATES ST,40,N, ,MEXTED TERRACE,2354922,22/10/03,Wed,2112,MO,CN1V,103A 514A 632A ,M,R,D,DO,F , ,N,N,50,0,0,0,,,1754106,5442342,-41.15561628,174.8366644
Wellington City,COBHAM DRIVE,50,W, ,MIRAMAR AVENUE,2352768,13/05/03,Tue,1715,MA,CN1C,380B ,,R,D,O ,F , ,N,R,70,0,0,0,,,1751589,5424742,-41.31454995,174.8110505
Wellington City,COBHAM DRIVE,, ,I,MIRAMAR AVENUE,2351716,2/04/03,Wed,100,DA,CN1,103A 132A 332A ,GI,S,W,DO,F ,T,N,R,50,0,0,0,,,1751637,5424734,-41.31461296,174.8116256
Wellington City,COBHAM DRIVE,50,S, ,SHELLY BAY ROAD,2353465,25/07/03,Fri,200,EA,CN1CC,102A 357A ,M,R,D,DO,F , ,N,C,50,0,0,0,,,1751589,5424742,-41.31454995,174.8110505
Wellington City,COCKAYNE ROAD,40,S, ,NICHOLSON ROAD,2313137,3/10/03,Fri,1841,NA,VN1E,306A 376A 901 903 ,,R,W,DO,HS, ,N,C,50,0,1,0,78,,1749922,5432379,-41.24610262,174.7892645
Wellington City,COCKAYNE ROAD,130,E, ,QUETTA ST,2313460,30/11/03,Sun,1800,DA,CE1CCC,131A 501A 694A ,,M,D,B ,F , ,N,C,50,0,1,0,,,1749023,5431719,-41.25221113,174.7787014
Wellington City,COLCHESTER CRESCENT,50,N, ,HOROKIWI ROAD WEST,2313483,29/09/03,Mon,1950,CA,SN1,137A ,,R,D,DO,F , ,N,N,50,0,0,1,,27,1753372,5435062,-41.22129976,174.8297451
Wellington City,COLLIER AVENUE,90,W, ,RICHMOND AVENUE,2311137,9/01/03,Thu,1900,BB,CW1C,123A 632A 129B ,C,E,D,B ,F , ,N,C,50,0,2,0,,,1744782,5427852,-41.28779922,174.7290229
Wellington City,COLLINGWOOD ST,60,W, ,OTTAWA ROAD,2312001,26/03/03,Wed,1010,EO,TE1CV,136A 386A 686A ,BMF,E,D,B ,F , ,N,C,50,0,1,0,,,1748532,5431983,-41.24992457,174.7727794
Wellington City,COLLINS AVENUE,50,S, ,COATES ST,2355701,26/12/03,Fri,2200,DB,CW1,111A 132A ,P,M,D,DO,F , ,N,C,50,0,0,0,,,1753989,5442083,-41.15797037,174.8353357
Wellington City,COLLINS AVENUE,20,W, ,HANDYSIDE ST,2351301,3/03/03,Mon,1740,KB,CW1C,308A 927 ,,R,D,B ,F ,D,N,C,50,0,0,0,,,1753853,5442091,-41.15792415,174.8337136
Wellington City,COLLINS AVENUE,, ,I,HINAU ST,2356182,17/12/03,Wed,20,DC,CN2,113A 335A 402A ,P,R,D,DO,F ,T,N,X,50,0,0,0,,,1753819,5442107,-41.15778655,174.8333045
Wellington City,COLVILLE ST,30,E, ,COROMANDEL ST,2352271,24/05/03,Sat,55,EA,CE1V,386A ,M,R,D,DO,F , ,N,C,50,0,0,0,,,1749617,5424760,-41.3147561,174.7874974
Wellington City,CONSTABLE ST,, ,I,COROMANDEL ST,2311501,19/02/03,Wed,1655,KA,SE1C,301B ,,R,D,B ,F ,X,S,C,50,0,1,0,,22,1749537,5424997,-41.31263714,174.7864838
Wellington City,CONSTABLE ST,20,E, ,DANIELL ST,2353444,27/07/03,Sun,1630,FD,CW1C,331A ,,R,D,O ,F , ,N,C,50,0,0,0,,,1749212,5424932,-41.31328255,174.7826188
Wellington City,CONSTABLE ST,100,E, ,DANIELL ST,2353927,14/08/03,Thu,1740,MA,VW1C,373B ,,R,D,DO,F , ,N,C,50,0,0,0,,,1749291,5424949,-41.31311487,174.783558
Wellington City,CONSTABLE ST,50,W, ,DANIELL ST,2312260,23/02/03,Sun,1525,AC,BE1S,386A ,,R,D,B ,F , ,N,C,50,0,0,1,,19,1749144,5424918,-41.31342117,174.7818103
Wellington City,CONSTABLE ST,10,W, ,HIROPI ST,2311590,1/04/03,Tue,920,CB,VW1,137A ,P,R,W,O ,H ,T,N,C,50,0,0,1,,,1749435,5424980,-41.3128091,174.78527
Wellington City,CONSTABLE ST,15,W, ,OWEN ST,2353417,30/07/03,Wed,1513,FC,CE1C,351A ,,R,D,B ,F ,X,S,X,50,0,0,0,,,1749350,5424962,-41.31298691,174.7842594
Wellington City,CONSTABLE ST,20,W, ,OWEN ST,2312131,15/06/03,Sun,5,NA,CW1E,101A 105B 711B ,,R,D,DO,F , ,N,C,50,0,0,1,20,,1749345,5424961,-41.31299684,174.7841999
Wellington City,CONSTABLE ST,, ,I,OWEN ST,2355549,6/11/03,Thu,1358,DB,CE1C,137A ,IM,R,D,B ,F ,X,S,R,50,0,0,0,,,1749365,5424965,-41.31295712,174.7844378
Wellington City,CONSTABLE ST,, ,I,OWEN ST,2313600,3/06/03,Tue,1910,LB,SW1V,303B 375B ,,R,W,DO,L ,X,S,C,50,0,1,0,,31,1749365,5424965,-41.31295712,174.7844378
Wellington City,CONSTABLE ST,, ,I,OWEN ST,2352458,27/05/03,Tue,1600,LB,CE1C,303B ,,R,D,O ,F ,X,S,C,50,0,0,0,,,1749365,5424965,-41.31295712,174.7844378
Wellington City,COTTLEVILLE TERRACE,100,W, ,TINAKORI ROAD,2351207,15/01/03,Wed,1845,DB,CE1,131A ,F,M,D,B ,F , ,N,C,50,0,0,0,,,1749076,5429898,-41.26859669,174.7797789
Wellington City,COURTENAY PLACE,15,W, ,ALLEN ST,2355863,8/10/03,Wed,2304,MC,PW1X,372B ,,R,D,DO,F , ,N,R,50,0,0,0,,,1749195,5427113,-41.29364929,174.7818811
Wellington City,COURTENAY PLACE,, ,I,ALLEN ST,2355968,3/12/03,Wed,2000,MA,VE1B,373B 382B ,,R,D,TF,F ,T,N,R,50,0,0,0,,,1749209,5427107,-41.29370072,174.7820497
Wellington City,COURTENAY PLACE,10,W, ,BLAIR ST,2355497,12/11/03,Wed,1025,BC,CW1C,372B ,,R,D,B ,F ,T,N,P,50,0,0,0,,,1749272,5427094,-41.29380611,174.7828049
Wellington City,COURTENAY PLACE,30,W, ,CAMBRIDGE TERRACE,2312018,15/05/03,Thu,1120,NA,SW1E,712B 714B ,,R,D,O ,F , ,N,P,50,0,1,1,20,20,1749309,5427057,-41.2941324,174.7832557
Wellington City,COURTENAY PLACE,20,E, ,TARANAKI ST,2352991,23/06/03,Mon,1830,MO,BE1C,371A 440B ,M,R,D,TO,F , ,N,L,50,0,0,0,,,1748965,5427236,-41.29258434,174.7791053
Wellington City,COURTENAY PLACE,, ,I,TORY ST,2351719,16/02/03,Sun,445,AA,XW1C,372A 691B ,I,R,D,DO,F ,X,T,R,50,0,0,0,,,1749136,5427139,-41.2934261,174.7811704
Wellington City,COUTTS ST,, ,I,BAY ROAD,2350235,28/01/03,Tue,1845,HA,CW1C,302A 922 ,P,R,D,TF,F ,D,G,C,50,0,0,0,,,1750178,5424175,-41.31991878,174.7943411
Wellington City,COUTTS ST,, ,I,BRIDGE ST,2355847,22/10/03,Wed,1150,PC,CN1K,371A 727B 835 929 ,,R,D,B ,F ,D,N,C,50,0,0,0,4,,1751053,5423711,-41.32393287,174.804906
Wellington City,COUTTS ST,10,E, ,CHILDERS TERRACE,2355973,27/11/03,Thu,1803,JA,CE1C,308A 375A 839 926 ,,R,D,O ,F ,D,N,R,50,0,0,0,,,1750155,5424180,-41.31987805,174.7940652
Wellington City,COUTTS ST,, ,I,ONEPU ROAD,2311117,13/01/03,Mon,1010,LB,CE1CC,303B ,M,R,D,B ,F ,X,T,P,50,0,0,1,,,1750286,5424148,-41.32014175,174.7956376
Wellington City,COUTTS ST,, ,I,QUEENS DRIVE,2311559,11/01/03,Sat,1630,NF,VN2E,376A ,,R,D,B ,F ,T,N,X,50,0,0,1,77,,1750145,5424182,-41.31986191,174.7939453
Wellington City,COUTTS ST,, ,I,ROSS ST,2312465,16/07/03,Wed,1930,HA,CE1C,302B ,,R,D,DO,F ,X,G,R,50,0,0,1,,,1750478,5424094,-41.32059213,174.7979439
Wellington City,COUTTS ST,, ,I,SALEK ST,2312166,2/06/03,Mon,1905,LB,PE1C,303B ,,R,W,DO,L ,T,N,C,50,0,0,1,,,1750736,5424021,-41.32120118,174.8010432
Wellington City,COUTTS ST,, ,I,YULE ST,2311736,17/04/03,Thu,1430,HA,CS2CV,302A ,M,R,D,O ,F ,X,G,C,50,0,0,1,,,1750565,5424069,-41.32080097,174.7989891
Wellington City,CUBA ST,10,N, ,ABEL SMITH ST,2311381,26/01/03,Sun,1630,NB,CN1E,330A 383A ,,R,D,B ,F ,X,S,C,50,0,0,1,19,,1748538,5426847,-41.29616538,174.7741028
Wellington City,CURTIS ST,30,S, ,LAMBETH ROAD,2356135,20/11/03,Thu,1130,GD,CS1C,181A 333A 929 ,,R,D,B ,F ,D,N,C,50,0,0,0,,,1747001,5428766,-41.27916897,174.7552903
Wellington City,CUSTOMHOUSE QUAY,70,S, ,BALLANCE ST,2311409,25/02/03,Tue,840,EE,SN1C,374B ,M,R,D,B ,F , ,N,R,50,0,0,1,,33,1748935,5428347,-41.28258706,174.7784754
Wellington City,CUSTOMHOUSE QUAY,, ,I,BRANDON ST,2313133,29/10/03,Wed,2125,NA,CN1E,713B 719B 731B ,,E,D,DO,F ,T,N,P,50,0,1,0,20,,1748876,5428214,-41.2837954,174.7778037
Wellington City,CUSTOMHOUSE QUAY,, ,I,BRANDON ST,2354243,19/09/03,Fri,1425,AC,VN1V,386A ,,R,D,B ,F ,T,G,C,50,0,0,0,,,1748876,5428214,-41.2837954,174.7778037
Wellington City,CUSTOMHOUSE QUAY,20,N, ,GREY ST,2313574,4/11/03,Tue,1312,NA,CS1E,711B ,,R,D,O ,F , ,G,C,50,0,0,1,28,,1748820,5428106,-41.2847781,174.7771617
Wellington City,CUSTOMHOUSE QUAY,, ,I,HUNTER ST,2311576,20/02/03,Thu,850,GA,VE2VE,386A ,,R,D,O ,F ,X,T,C,50,0,1,0,43,,1748781,5428015,-41.2856046,174.7767184
Wellington City,CUSTOMHOUSE QUAY,, ,I,JERVOIS QUAY,2353435,16/04/03,Wed,1900,FB,CN1C,181A 331A ,,R,D,TF,F ,Y,G,C,50,0,0,0,,,1748869,5428191,-41.28400377,174.7777258
Wellington City,CUSTOMHOUSE QUAY,50,N, ,JOHNSTON ST,2353806,1/08/03,Fri,2005,MO,CS1C,103B 386B ,,R,W,DO,L , ,N,C,50,0,0,0,,,1748926,5428324,-41.2827958,174.7783736
Wellington City,CUSTOMHOUSE QUAY,50,S, ,WHITMORE ST,2355849,4/11/03,Tue,845,AC,TS1V,372A 671A ,,R,D,O ,F , ,N,P,50,0,0,0,,,1748943,5428365,-41.28242352,174.7785665
Wellington City,CUSTOMHOUSE QUAY,, ,I,WHITMORE ST,2354835,28/09/03,Sun,430,CC,CN1,125A 358A ,S,R,W,DO,L ,T,T,R,50,0,0,0,,,1748962,5428411,-41.28200586,174.778782
Wellington City,DANIELL ST,50,N, ,WILSON ST,2350524,13/01/03,Mon,625,EA,TS1CCC,386A ,M,R,W,O ,L , ,N,C,50,0,0,0,,,1749168,5425051,-41.31221929,174.7820642
Wellington City,DARLINGTON ROAD,50,S, ,CAMPERDOWN ROAD,2313496,12/12/03,Fri,1415,MC,TS1C,372B ,,R,D,B ,F , ,N,C,50,0,0,1,,,1752834,5425522,-41.30729253,174.8257214
Wellington City,DARLINGTON ROAD,240,N, ,WEKA ST,2351104,7/02/03,Fri,2030,BC,CN1C,423A ,,E,D,TF,F , ,N,N,50,0,0,0,,,1752956,5426247,-41.30074211,174.8269958
Wellington City,DAVIDSON CRESCENT,50,E, ,VICTORY CRESCENT,2352801,10/07/03,Thu,1121,DA,CE1,111A 135A 801 ,P,E,W,O ,L , ,N,C,50,0,0,0,,,1753023,5441558,-41.16288001,174.823959
Wellington City,DAVIDSON CRESCENT,150,S, ,VICTORY CRESCENT,2356249,6/06/03,Fri,1622,DA,CN1,111A 402A 801 ,FT,E,W,TF,L , ,N,C,50,0,0,0,,,1753046,5441461,-41.163749,174.8242573
Wellington City,DAVIES ST,100,S, ,MCLELLAN ST,2353185,14/06/03,Sat,1245,FO,CS1B,181A 420B ,,R,D,O ,F , ,N,C,50,0,0,0,,,1753477,5441517,-41.16316334,174.8293781
Wellington City,DERWENT ST,25,N, ,MOSELLE ST,2353787,29/07/03,Tue,1020,MA,VS1C,373B ,,R,D,B ,F , ,N,C,50,0,0,0,,,1748067,5421912,-41.34068388,174.7696817
Wellington City,DEVON ST,100,E, ,FAIRLIE TERRACE,2351468,7/05/03,Wed,825,EA,CN1C,386A ,M,E,D,B ,F , ,N,N,50,0,0,0,,,1747915,5427188,-41.29320961,174.7665824
Wellington City,DIXON ST,20,W, ,CUBA ST,2354703,4/09/03,Thu,1700,AC,CW1BC,159A 372B ,,R,D,O ,F , ,N,C,50,0,0,0,,,1748739,5427341,-41.29168066,174.7763817
Wellington City,DIXON ST,10,E, ,EVA ST,2312624,14/03/03,Fri,515,NA,CW1E,105B 711B 724B ,,R,D,DO,F ,T,N,C,50,0,0,1,32,,1748838,5427297,-41.29205856,174.7775743
Wellington City,DIXON ST,30,W, ,VICTORIA ST,2352859,12/06/03,Thu,1315,MO,CW1T,386A ,M,R,D,B ,F , ,N,C,50,0,0,0,,,1748615,5427397,-41.29119931,174.7748878
Wellington City,DIXON ST,, ,I,VICTORIA ST,2353342,30/07/03,Wed,1450,FE,CW1VC,331A 352A ,,R,D,B ,F ,X,T,C,50,0,0,0,,,1748643,5427385,-41.29130219,174.775225
Wellington City,DIXON ST,50,E, ,WILLIS ST,2353278,25/07/03,Fri,1735,MO,CE1C,371A 386A ,M,R,D,O ,F , ,N,C,50,0,0,0,,,1748566,5427419,-41.29101025,174.7742975
Wellington City,DOCTOR TAYLOR TERRACE,, ,I,WANAKA ST,2355022,29/09/03,Mon,1135,JA,CS1C,129B 309B ,,R,D,B ,F ,T,N,N,50,0,0,0,,,1751167,5434922,-41.22297516,174.8034865
Wellington City,DONALD ST,40,N, ,SCAPA TERRACE,2351134,3/02/03,Mon,945,MA,CN1C,373B ,,R,D,B ,F , ,N,N,50,0,0,0,,,1745974,5427983,-41.2864051,174.7432204
Wellington City,DUNCAN ST,250,S, ,MCLELLAN ST,2355566,28/11/03,Fri,1115,DA,CN1,111A 431A ,F,E,D,O ,F , ,N,C,50,0,0,0,,,1753550,5441337,-41.16477013,174.8302929
Wellington City,DUNCAN ST,, ,I,MCLELLAN ST,2354338,3/09/03,Wed,1735,HA,CN1C,302B ,,R,W,TF,L ,X,G,C,50,0,0,0,,,1753645,5441567,-41.16268136,174.8313671
Wellington City,DUNCAN ST,, ,I,MCLELLAN ST,2351360,21/02/03,Fri,1535,GA,CN1C,181A 386A ,,R,D,O ,F ,X,G,C,50,0,0,0,,,1753645,5441567,-41.16268136,174.8313671
Wellington City,DUNCAN TERRACE,50,S, ,RODRIGO ROAD,2356394,9/04/03,Wed,1745,EA,CN1C,514A 517A ,M,E,D,O ,F , ,N,N,50,0,0,0,,,1749804,5424065,-41.32097871,174.7899017
Wellington City,DURHAM ST,, ,I,DURHAM CRESCENT,2312994,26/09/03,Fri,1750,BB,CS2C,111A 123A ,,S,D,TO,F ,T,N,N,50,0,0,1,,,1747694,5426887,-41.29596013,174.7640172
Wellington City,EDEN ST,60,S, ,TAMAR ST,2352169,5/04/03,Sat,2110,EA,MS1C,103A ,M,R,W,DO,L , ,N,N,50,0,0,0,,,1748256,5422907,-41.33169075,174.7716968
Wellington City,ELLICE ST,, ,I,AUSTIN ST,2354112,3/07/03,Thu,835,DA,CS2C,122A 386A ,,R,D,O ,F ,X,G,C,50,0,0,0,,,1749495,5426277,-41.30112061,174.7856677
Wellington City,ELLICE ST,30,E, ,HANIA ST,2312791,11/09/03,Thu,840,NA,CE1E,712B ,,R,W,O ,L ,T,N,C,50,0,0,1,5,,1749198,5426410,-41.29997813,174.7820892
Wellington City,EPUNI ST,40,S, ,ARO ST,2356378,26/12/03,Fri,2130,MO,CS1C,133A 386A ,MH,E,D,DO,F , ,N,C,50,0,0,0,,,1747873,5426916,-41.29566625,174.7661471
Wellington City,EVANS BAY PARADE,, ,I,BELVEDERE ROAD,2352283,11/05/03,Sun,1300,GB,CN1X,122A 181A 192A ,,E,D,B ,F ,T,S,C,50,0,0,0,,,1750556,5425521,-41.30772986,174.7985221
Wellington City,EVANS BAY PARADE,, ,I,KILBIRNIE CRESCENT,2313120,24/10/03,Fri,1500,FE,BS1C,181A ,,R,W,O ,F ,X,T,C,50,0,0,1,,,1750266,5424487,-41.31709336,174.7953149
Wellington City,EVANS BAY PARADE,200,N, ,MAIDA VALE ROAD,2356255,17/10/03,Fri,1223,DA,CN1V,332A ,M,M,D,B ,F , ,N,C,50,0,0,0,,,1750979,5427314,-41.2915079,174.803128
Wellington City,EVANS BAY PARADE,500,N, ,MAIDA VALE ROAD,2355986,6/12/03,Sat,2150,DA,CS1C,111A 131A ,M,M,W,DO,F , ,N,C,50,0,0,0,,,1751006,5427554,-41.28934205,174.8033908
Wellington City,EVANS BAY PARADE,800,S, ,MAIDA VALE ROAD,2351509,10/02/03,Mon,1635,FD,VS1CCC,331A ,,M,D,B ,F , ,N,C,50,0,0,0,,,1751154,5426508,-41.2987318,174.8054172
Wellington City,EVANS BAY PARADE,700,N, ,RATA ROAD,2312697,12/03/03,Wed,811,JA,SS1C,377A 308B 377B 838 929 ,,R,D,O ,F ,D,N,C,50,0,0,1,,39,1751102,5426270,-41.30088433,174.8048555
Wellington City,EVANS BAY PARADE,200,N, ,WELLINGTON ROAD,2352860,20/06/03,Fri,855,FD,CN1M,181A 363A 642A 902 ,,R,D,B ,F , ,N,C,50,0,0,0,,,1750434,5425154,-41.31105684,174.7971562
Wellington City,FARNHAM ST,, ,I,BALFOUR ST,2350669,1/03/03,Sat,1000,AC,VN1C,372A ,,R,D,B ,F ,Y,N,C,50,0,0,0,,,1748029,5424199,-41.32010005,174.7686706
Wellington City,FARNHAM ST,20,W, ,HAVELOCK ST,2356347,14/12/03,Sun,850,CB,CE1C,103A 121A ,M,M,W,O ,L , ,N,C,50,0,0,0,,,1747739,5424433,-41.31804642,174.7651504
Wellington City,FEATHERSTON ST,30,N, ,BUNNY ST,2352845,9/05/03,Fri,840,AC,XS1C,372A ,,R,D,B ,F , ,N,C,50,0,0,0,,,1749013,5428711,-41.27929542,174.7793174
Wellington City,FEATHERSTON ST,10,N, ,GREY ST,2312934,10/09/03,Wed,1400,PF,VS1EX,129A 374B ,M,R,W,O ,L ,X,N,C,50,0,0,1,32,,1748745,5428130,-41.28457583,174.7762606
Wellington City,FEATHERSTON ST,, ,I,JOHNSTON ST,2311595,4/03/03,Tue,2210,HA,CS1C,322A ,,R,D,DO,F ,X,T,C,50,0,0,1,,,1748828,5428312,-41.28292191,174.7772068
Wellington City,FEATHERSTON ST,, ,I,JOHNSTON ST,2313407,9/12/03,Tue,2011,HA,CS1C,322B 334B ,,R,D,TF,F ,X,T,C,50,0,0,1,,,1748828,5428312,-41.28292191,174.7772068
Wellington City,FEATHERSTON ST,, ,I,PANAMA ST,2355864,31/10/03,Fri,1120,HA,TS1C,322A ,,R,D,B ,F ,X,T,C,50,0,0,0,,,1748770,5428185,-41.28407604,174.7765456
Wellington City,FEATHERSTON ST,40,S, ,WARING TAYLOR ST,2311593,21/03/03,Fri,1430,AA,CS1M,372A ,,R,D,B ,F , ,N,C,50,0,0,1,,,1748841,5428341,-41.28265841,174.7773549
Wellington City,FEATHERSTON ST,, ,I,WHITMORE ST,2355009,5/11/03,Wed,1520,FO,VS1B,331A 350A ,,R,D,B ,F ,X,T,C,50,0,0,0,,,1748923,5428522,-41.28101367,174.7782894
Wellington City,FINDLAY ST,20,N, ,LINDEN AVENUE,2355208,13/11/03,Thu,1600,EA,CS1C,129A ,M,R,D,O ,F ,T,G,C,50,0,0,0,,,1753692,5442194,-41.15702733,174.8317698
Wellington City,FLINDERS PLACE,, ,I,CORTINA AVENUE,2354077,29/07/03,Tue,1700,DB,CW2,132A ,T,R,D,BF,F ,X,N,C,50,0,0,0,,,1750420,5435459,-41.21827951,174.7944464
Wellington City,FRANKLYN ROAD,, ,I,WAKEFIELD TERRACE,2313518,3/12/03,Wed,2335,DC,CW2,103A ,F,E,D,DO,F ,T,N,C,50,0,0,1,,,1752780,5441475,-41.16367311,174.8210847
Wellington City,FRANKMOORE AVENUE,5,E, ,DOCTOR TAYLOR TERRACE,2350228,21/01/03,Tue,1010,BA,CE1C,129A ,,R,D,B ,F ,T,N,C,50,0,0,0,,,1751198,5435038,-41.22192497,174.8038274
Wellington City,FRANKMOORE AVENUE,50,W, ,MOOREFIELD ROAD,2352792,20/03/03,Thu,1800,MO,CE1V,371A 386A ,M,R,D,DO,F , ,N,C,50,0,0,0,,,1751326,5435012,-41.22213513,174.8053602
Wellington City,FRASER AVENUE,170,S, ,HAUMIA ST,2356269,26/11/03,Wed,2216,DA,CS1V,111A ,M,M,W,DO,L , ,N,C,50,0,0,0,,,1751100,5433888,-41.2322972,174.8029433
Wellington City,FRASER AVENUE,, ,I,JOHNSONVILLE ROAD,2356274,10/12/03,Wed,1307,DB,VN2CC,501A ,M,R,D,B ,F ,X,S,C,50,0,0,0,,,1751476,5434504,-41.22668079,174.8072749
Wellington City,FRASER AVENUE,30,W, ,RADNALL WAY,2352269,19/05/03,Mon,1940,BF,CS1C,111A 132A 801 ,,M,W,DO,H , ,N,C,50,0,0,0,,,1751225,5434110,-41.23027509,174.8043791
Wellington City,FRASER AVENUE,, ,I,RADNALL WAY,2312574,13/08/03,Wed,1055,JA,CN1T,309B 831 ,,M,W,OF,L ,T,N,C,50,0,0,1,,,1751223,5434140,-41.23000536,174.8043478
Wellington City,FREYBERG ST,30,N, ,WHA ST,2352015,20/04/03,Sun,703,MC,XN1V,103A 372A ,,R,D,DO,F , ,N,C,50,0,0,0,,,1750095,5423557,-41.32549828,174.7935025
Wellington City,FYVIE AVENUE,50,N, ,MAIN ROAD,2353225,6/07/03,Sun,759,DB,CN1C,102A 132A ,FM,M,W,O ,FF, ,N,N,50,0,0,0,,,1753413,5442203,-41.15699913,174.8284439
Wellington City,GARDEN ROAD,100,E, ,ORANGI KAUPAPA ROAD,2352122,19/01/03,Sun,1720,BC,CN1C,129A 400A ,,E,D,B ,F , ,N,N,50,0,0,0,,,1747603,5428413,-41.28223741,174.7625609
Wellington City,GEE ST,30,E, ,MAIN ROAD,2351317,21/03/03,Fri,1144,GB,CE1C,158A 929 ,,R,D,B ,F ,D,N,C,50,0,0,0,,,1753721,5442618,-41.1532044,174.8320089
Wellington City,GEORGE BOLT ST,, ,I,COCHRANE ST,2355834,14/11/03,Fri,1620,DA,VE1C,132A ,M,R,D,B ,F ,T,N,C,50,0,0,0,,,1750949,5423398,-41.32677037,174.8037417
Wellington City,GHUZNEE ST,, ,I,BULLER ST,2353930,21/08/03,Thu,1956,DB,CN2,358A ,J,E,W,DO,H ,T,N,C,50,0,0,0,,,1748330,5427324,-41.29190898,174.7715034
Wellington City,GHUZNEE ST,10,E, ,CUBA ST,2353788,15/07/03,Tue,1210,FD,CE1CV,331A ,,R,D,B ,F ,T,T,C,50,0,0,0,,,1748690,5427162,-41.2933013,174.7758405
Wellington City,GHUZNEE ST,25,W, ,CUBA ST,2351049,23/01/03,Thu,1039,EA,VE1V,386A 927 ,Q,R,D,B ,F ,D,N,C,50,0,0,0,,,1748658,5427176,-41.29318115,174.7754551
Wellington City,GHUZNEE ST,, ,I,CUBA ST,2355832,4/10/03,Sat,315,FE,CE1X,181A ,,R,D,DN,F ,T,T,C,50,0,0,0,,,1748681,5427166,-41.29326695,174.7757321
Wellington City,GHUZNEE ST,20,W, ,LEEDS ST,2355103,12/10/03,Sun,1240,AA,CE1V,331A 353A ,,R,W,O ,L , ,N,C,50,0,0,0,,,1748736,5427141,-41.2934819,174.7763948
Wellington City,GHUZNEE ST,, ,I,TARANAKI ST,2354054,12/09/03,Fri,735,FB,VE1V,181A ,,R,W,O ,F ,T,T,R,50,0,0,0,,,1748866,5427080,-41.29400714,174.7779616
Wellington City,GHUZNEE ST,, ,I,TARANAKI ST,2353102,21/03/03,Fri,1022,EO,TE1CC,686A ,X,R,D,B ,F ,T,T,R,50,0,0,0,,,1748866,5427080,-41.29400714,174.7779616
Wellington City,GHUZNEE ST,, ,I,TARANAKI ST,2313424,29/11/03,Sat,1120,AC,CS1M,372A ,,R,D,B ,F ,T,T,C,50,0,0,1,,,1748866,5427080,-41.29400714,174.7779616
Wellington City,GHUZNEE ST,20,E, ,VICTORIA ST,2350236,18/01/03,Sat,1653,AA,VE1C,372A ,,R,D,B ,F , ,N,C,50,0,0,0,,,1748551,5427224,-41.29276868,174.774166
Wellington City,GHUZNEE ST,90,E, ,VICTORIA ST,2352774,23/06/03,Mon,1340,QD,CE1C,428A ,M,R,D,O ,F , ,N,C,50,0,0,0,,,1748615,5427195,-41.293018,174.7749371
Wellington City,GHUZNEE ST,, ,I,VICTORIA ST,2312503,26/06/03,Thu,900,FE,CE1C,181A ,,R,D,B ,F ,X,T,C,50,0,0,1,,,1748533,5427232,-41.29269997,174.7739492
Wellington City,GHUZNEE ST,, ,I,VICTORIA ST,2351718,25/01/03,Sat,240,HA,CS2C,327A 370A 375A 691A ,,R,W,DO,L ,X,T,C,50,0,0,0,,,1748533,5427232,-41.29269997,174.7739492
Wellington City,GHUZNEE ST,40,E, ,WILLIS ST,2351872,24/03/03,Mon,1425,AA,TE1C,372A ,,R,D,B ,F , ,N,C,50,0,0,0,,,1748482,5427255,-41.29250227,174.7733348
Wellington City,GLANMIRE ROAD,, ,I,ROBERT ST,2311787,11/04/03,Fri,1140,GE,MW1C,144A 387A 157B ,,E,D,O ,F ,Y,N,C,50,0,0,1,,,1752658,5434397,-41.22742198,174.8213974
Wellington City,GLASGOW ST,, ,I,UPLAND ROAD,2354834,28/09/03,Sun,1435,DA,CN2,111A 135A 801 ,F,M,W,O ,L ,T,G,C,50,0,0,0,,,1747873,5427839,-41.28735602,174.7659229
Wellington City,GLENMORE ST,170,S, ,COLLINS TERRACE,2313109,26/10/03,Sun,440,EA,XN1V,129A 410A ,M,R,D,DO,F , ,N,C,50,0,0,1,,,1747807,5428484,-41.28156085,174.7649785
Wellington City,GLENMORE ST,, ,I,CRIEFF ST,2353137,20/06/03,Fri,1900,EA,CW1CC,108A 129A 504A ,M,R,D,DO,F ,T,N,C,50,0,0,0,,,1747364,5428101,-41.28509017,174.7597837
Wellington City,GLENMORE ST,40,N, ,KARORI TUNNEL,2311298,1/03/03,Sat,1445,NA,CN1E,370A 712B 713B ,,E,D,B ,F , ,N,C,50,0,0,1,18,,1747088,5427850,-41.28740039,174.7565499