TLA NAME,CRASH ROAD,CRASH DIST,CRASH DIRN,INTSN,SIDE ROAD,CRASH ID,CRASH DATE,CRASH DOW,CRASH TIME,MVMT,VEHICLES,CAUSES,OBJECTS STRUCK,ROAD CURVE,ROAD WET,LIGHT,WTHRa,JUNC TYPE,TRAF CTRL,ROAD MARK,SPD LIM,CRASH FATAL CNT,CRASH SEV CNT,CRASH MIN CNT,PERS AGE1,PERS AGE2,EASTING,NORTHING,latitude,longitude
Wellington City,GLENMORE ST,20,S, ,KELBURN VIADUCT,2355970,25/11/03,Tue,1715,MC,CS1C,372B ,,E,D,O ,F , ,N,P,50,0,0,0,,,1747165,5427851,-41.28737735,174.7574688
Wellington City,GLENMORE ST,, ,I,KILMISTER AVENUE,2311480,31/01/03,Fri,1250,GD,VN1C,927,,R,D,O ,F ,D,N,C,50,0,0,1,,,1748023,5428625,-41.28025179,174.7675224
Wellington City,GLENMORE ST,50,S, ,NORTHLAND ROAD,2352013,10/04/03,Thu,930,EA,VS1B,331A 443B ,Q,E,D,B ,F , ,N,P,50,0,0,0,,,1747101,5427865,-41.28726296,174.7567014
Wellington City,GLENMORE ST,50,N, ,ORANGI KAUPAPA ROAD,2351450,26/03/03,Wed,40,DA,CS1V,111A ,M,M,D,DO,F , ,N,R,50,0,0,0,,,1747578,5428287,-41.28337643,174.762293
Wellington City,GRAFTON ROAD,, ,I,MAIDA VALE ROAD,2313487,18/12/03,Thu,830,ME,SN1C,160A 144B 372B ,,R,D,O ,F ,Y,N,C,50,0,0,1,,32,1750930,5427709,-41.28796075,174.8024452
Wellington City,GRAFTON ROAD,120,N, ,TE ANAU ROAD,2350087,12/01/03,Sun,1415,BC,BN1V,121A ,,S,W,O ,L , ,N,C,50,0,0,0,,,1750896,5426836,-41.295827,174.8022557
Wellington City,GRAFTON ROAD,50,S, ,THE CRESCENT,2354014,13/08/03,Wed,920,DB,CS1C,504A ,MC,E,W,O ,LS, ,N,N,50,0,0,0,,,1750856,5427495,-41.28990129,174.8016149
Wellington City,GRENADA DRIVE,, ,I,CHURTON PARK OFF SBD,2313543,17/10/03,Fri,1352,HA,CE1V,302B 375B ,,E,D,B ,F ,X,G,R,50,0,0,1,,,1752716,5436926,-41.2046416,174.8214571
Wellington City,HALL ST,20,W, ,HANSON ST,2355326,27/09/03,Sat,15,BA,CE1C,101A 125A 363A ,,R,D,DO,F , ,N,C,50,0,0,0,,,1748629,5425274,-41.31031102,174.7755735
Wellington City,HALLEYS LANE,50,E, ,TARANAKI ST,2311923,4/03/03,Tue,1140,NO,CE1E,357A 512A ,,R,D,B ,F , ,N,N,50,0,1,0,45,,1749015,5427277,-41.29220598,174.7796921
Wellington City,HALSWATER DRIVE,100,W, ,DORMAR PLACE,2351720,25/02/03,Tue,1050,DA,CE1,111A 132A ,T,M,D,B ,F , ,N,C,50,0,0,0,,,1751752,5436684,-41.20700167,174.8100249
Wellington City,HANDYSIDE ST,, ,I,MEXTED TERRACE,2355817,10/12/03,Wed,1940,DB,CW2,133A 197A ,C,R,D,B ,F ,T,N,C,50,0,0,0,,,1753892,5442387,-41.15525176,174.8341039
Wellington City,HANKEY ST,20,E, ,THOMPSON ST,2352163,12/04/03,Sat,1300,DC,CE1,132A ,FP,R,W,O ,L , ,N,N,50,0,0,0,,,1748249,5426377,-41.30045014,174.7707672
Wellington City,HANSON ST,20,S, ,DRUMMOND ST,2312575,21/08/03,Thu,1145,BA,CN1C,120A ,,R,W,O ,H , ,N,N,50,0,0,1,,,1748794,5425847,-41.30512165,174.7774035
Wellington City,HANSON ST,100,S, ,HALL ST,2351549,14/03/03,Fri,1438,KA,CN1C,308A 370A 382A 839 929 ,,R,D,O ,F ,D,N,N,50,0,0,0,,,1748624,5425173,-41.31122128,174.7755384
Wellington City,HAPPY VALLEY ROAD,, ,I,BATA PLACE,2356127,21/12/03,Sun,930,BO,VS1C,120A ,,R,D,B ,F ,T,N,C,50,0,0,0,,,1747273,5421822,-41.3416397,174.7602181
Wellington City,HAPPY VALLEY ROAD,300,N, ,LANDFILL ROAD,2312792,1/09/03,Mon,1120,CB,CS1,504A 901 ,P,R,W,O ,H , ,N,C,70,0,0,1,,,1747074,5423190,-41.3293593,174.7575095
Wellington City,HAPPY VALLEY ROAD,50,N, ,ROBERTSON ST,2356305,26/07/03,Sat,1055,MD,VN1T,331A 371B 929 ,,E,D,B ,F ,D,N,C,50,0,0,0,,,1747248,5421658,-41.34312083,174.7599592
Wellington City,HAPPY VALLEY ROAD,, ,I,ROBERTSON ST,2310110,19/12/03,Fri,400,DB,CS1,102A 110A 130A ,C,R,D,DO,F ,T,N,C,50,1,0,0,,,1747232,5421610,-41.34355592,174.7597796
Wellington City,HARRISON ST,, ,I,CLEVELAND ST,2353477,4/08/03,Mon,915,BC,CW2C,122A ,,R,W,B ,F ,T,G,C,50,0,0,0,,,1747780,5425882,-41.30499289,174.7652879
Wellington City,HAWKER ST,20,E, ,MCINTYRES AVENUE,2312869,29/05/03,Thu,815,FB,SS1X,331A ,,R,D,B ,F , ,N,C,50,0,0,1,,28,1749804,5427164,-41.29307732,174.7891386
Wellington City,HAWKESTONE ST,, ,I,TINAKORI ROAD,2353115,27/06/03,Fri,930,KC,CS1C,309A 370A ,,R,D,B ,F ,T,N,R,50,0,0,0,,,1748578,5429226,-41.27473877,174.774
Wellington City,HAY ST,100,S, ,ORIENTAL PARADE,2352797,16/05/03,Fri,2100,DA,VS1C,135A 800 929 ,M,E,D,DO,F ,D,N,N,50,0,0,0,,,1750265,5427261,-41.2921183,174.7946179
Wellington City,HAY ST,100,N, ,TELFORD TERRACE,2356246,19/11/03,Wed,2145,EA,VN1CC,104A 111A 131A ,CMM,E,D,O ,F , ,N,N,50,0,0,0,,,1750265,5427254,-41.29218133,174.7946196
Wellington City,HEATON TERRACE,60,E, ,WASHINGTON AVENUE,2356308,23/12/03,Tue,1750,BB,CE1C,111A 123A 801 ,C,M,W,O ,L , ,N,N,50,0,0,0,,,1747964,5425928,-41.304545,174.7674737
Wellington City,HELSTON ROAD,70,N, ,GLEN ALTON AVENUE,2354817,20/09/03,Sat,1250,DB,CS1,111A 137A ,F,E,D,O ,F , ,N,C,50,0,0,0,,,1751969,5435322,-41.21922358,174.8129506
Wellington City,HERALD ST,100,E, ,ADELAIDE ROAD,2353796,4/08/03,Mon,1345,MO,CE1,423A ,,R,D,B ,F , ,N,N,50,0,0,0,,,1748679,5424117,-41.32071875,174.7764534
Wellington City,HINAU ST,100,S, ,COLLINS AVENUE,2354898,6/09/03,Sat,1920,EA,CS1C,358A ,M,R,D,DO,F , ,N,C,50,0,0,0,,,1753789,5442012,-41.15864756,174.832971
Wellington City,HOBART ST,, ,I,CALEDONIA ST,2350545,31/01/03,Fri,1110,KA,TE2C,301A ,,R,D,B ,F ,X,S,C,50,0,0,0,,,1751760,5423957,-41.32158532,174.8132884
Wellington City,HOBART ST,, ,I,CALEDONIA ST,2354071,5/09/03,Fri,825,HA,CW2X,301B 817 ,,R,D,O ,FS,X,S,R,50,0,0,0,,,1751760,5423957,-41.32158532,174.8132884
Wellington City,HOBSON CRESCENT,50,W, ,HOBSON ST,2356262,5/08/03,Tue,1100,MO,BW1CCC,385A 818 ,M,M,D,B ,F , ,N,N,50,0,0,0,,,1749140,5429375,-41.27329368,174.7806706
Wellington City,HOME ST,30,N, ,KENT TERRACE,2352755,4/06/03,Wed,1630,EA,TN14C,386A 446B 446C ,M,S,D,O ,F , ,N,N,50,0,0,0,,,1749298,5426823,-41.29624123,174.7831818
Wellington City,HOMEBUSH ROAD,100,S, ,ONSLOW ROAD,2351727,21/05/03,Wed,740,BB,BW1C,129A 818 ,,S,W,O ,F , ,N,N,50,0,0,0,,,1751283,5431839,-41.25071092,174.8056337
Wellington City,HOPPER ST,60,S, ,ARLINGTON ST,2356341,30/10/03,Thu,1008,BC,CE1C,308A 377A 929 ,,R,D,O ,F ,D,N,N,50,0,0,0,,,1748467,5426412,-41.30009494,174.7733613
Wellington City,HOPPER ST,30,N, ,HANKEY ST,2352126,26/02/03,Wed,1700,DA,CN1C,110A 386A ,M,R,D,B ,F ,Y,N,N,50,0,0,0,,,1748432,5426329,-41.30084866,174.7729637
Wellington City,HOPPER ST,20,S, ,WEBB ST,2354699,10/09/03,Wed,1600,GE,XN1C,160A 386B 926 ,,R,D,O ,F ,D,N,N,50,0,0,0,,,1748557,5426614,-41.29825968,174.7743865
Wellington City,HOPPER ST,100,S, ,WEBB ST,2311102,30/01/03,Thu,1602,NA,CN1E,713B 719B ,,R,D,BF,F , ,N,N,50,0,1,0,8,,1748525,5426540,-41.29893183,174.7740226
Wellington City,HOROKIWI ROAD,700,N, ,WOOLLASTON WAY,2356230,25/12/03,Thu,2100,DB,CS1,111A 135A 804 ,EF,S,D,DF,F , ,N,N,100,0,0,0,,,1755450,5438230,-41.19238115,174.8537182
Wellington City,HOROKIWI ROAD WEST,60,E, ,WARRINGTON GROVE,2356148,9/12/03,Tue,1740,MG,CW1C,371B 817 ,,R,D,O ,F , ,N,C,50,0,0,0,,,1753047,5434902,-41.22280182,174.8259098
Wellington City,HUNGERFORD ROAD,200,W, ,QUEENS DRIVE,2356356,2/12/03,Tue,420,DB,VE1C,131A ,M,R,D,DN,F , ,N,C,50,0,0,0,,,1749814,5422025,-41.33934362,174.7905241
Wellington City,HUNGERFORD ROAD,20,E, ,VIEW ROAD,2354070,4/09/03,Thu,1429,BF,TE1C,132A 120B ,,M,D,O ,F , ,N,L,50,0,0,0,,,1749759,5422081,-41.33884966,174.7898533
Wellington City,HUNTER ST,, ,I,CUSTOMHOUSE QUAY,2312044,5/05/03,Mon,1210,NF,CN2EE,363A ,,R,D,B ,F ,X,T,N,50,0,0,2,4,,1748781,5428015,-41.2856046,174.7767184
Wellington City,HUTCHISON ROAD,80,N, ,FINNIMORE TERRACE,2354367,12/07/03,Sat,2356,DB,CN1,103A 120A 132A 801 ,F,E,W,DN,L , ,N,C,50,0,0,0,,,1748354,5425191,-41.31110892,174.77231
Wellington City,HUTCHISON ROAD,400,W, ,WALLACE ST,2355527,27/10/03,Mon,1500,DA,CN1,111A 132A ,EF,S,D,B ,F , ,N,C,50,0,0,0,,,1748414,5425420,-41.3090361,174.7729705
Wellington City,HUTCHISON ROAD,50,W, ,WALLACE ST SLIP,2355524,16/10/03,Thu,2215,MO,CW1C,386A ,M,R,D,DO,F , ,N,C,50,0,0,0,,,1748548,5425597,-41.30741783,174.7745274
Wellington City,HUTCHISON ROAD,200,S, ,WESTLAND ROAD,2351595,28/02/03,Fri,1425,MG,CN1C,371A ,,E,D,O ,F , ,N,C,50,0,0,0,,,1748427,5425437,-41.30888065,174.7731216
Wellington City,HUTT ROAD,200,N, ,AOTEA QUAY,2354686,4/09/03,Thu,1517,GA,CS1C,181A 333A 927 ,,R,D,B ,F ,D,N,C,70,0,0,0,,,1749739,5430619,-41.2619826,174.7875135
Wellington City,HUTT ROAD,, ,I,CENTENNIAL NBD,2310104,3/12/03,Wed,2112,BF,CE1T,104A 111A 132A ,,E,D,DO,F ,M,T,R,100,1,0,0,,,1751926,5432204,-41.24730412,174.8132136
Wellington City,HUTT ROAD,50,S, ,KAIWHARAWHARA ROAD,2356154,6/12/03,Sat,1505,MC,CS1V,372B ,,R,D,B ,F , ,N,R,70,0,0,0,,,1749897,5430778,-41.26052176,174.7893597
Wellington City,HUTT ROAD,100,S, ,KAIWHARAWHARA ROAD,2355012,11/10/03,Sat,1540,MC,CS1C,372B 671B ,,R,D,O ,F , ,N,P,70,0,0,0,,,1749863,5430741,-41.26086119,174.7889631
Wellington City,HUTT ROAD,, ,I,ONSLOW ROAD,2351202,16/03/03,Sun,1620,KA,CN1C,322B ,C,E,D,B ,F ,Y,T,R,70,0,0,0,,,1750843,5431430,-41.25447553,174.8004857
Wellington City,HUTT ROAD,, ,I,ONSLOW ROAD,2350862,19/01/03,Sun,1656,FE,CN1C,181A 191A 632A ,,E,D,B ,F ,Y,T,R,70,0,0,0,,,1750843,5431430,-41.25447553,174.8004857
Wellington City,HUTT ROAD,, ,I,ONSLOW ROAD,2311850,29/04/03,Tue,2149,JA,CE1B,322A ,,R,D,DO,F ,T,T,C,70,0,1,0,,,1750843,5431430,-41.25447553,174.8004857
Wellington City,HUTT ROAD,, ,I,ONSLOW ROAD,2352871,24/06/03,Tue,1325,FE,CN1CC,103A 331A ,,E,D,B ,F ,Y,T,C,70,0,0,0,,,1750843,5431430,-41.25447553,174.8004857
Wellington City,HUTT ROAD,, ,I,ONSLOW ROAD,2350550,18/02/03,Tue,520,CA,TE1,132A 801 ,IPS,R,W,DO,L ,Y,T,R,70,0,0,0,,,1750843,5431430,-41.25447553,174.8004857
Wellington City,HUTT ROAD,200,S, ,RANGIORA AVENUE,2354347,17/07/03,Thu,1615,FC,CN1C,181A ,,R,D,O ,F , ,N,X,70,0,0,0,,,1750337,5431194,-41.25669461,174.794507
Wellington City,HUTT ROAD,, ,I,SCHOOL ROAD,2352243,30/05/03,Fri,1315,LB,CE1C,303A 377A ,,R,D,O ,F ,T,N,C,70,0,0,0,,,1749894,5430775,-41.26054933,174.7893246
Wellington City,INDIRA PLACE,120,S, ,TORWOOD ROAD,2354955,11/07/03,Fri,630,MO,CS1C,372A 386A ,M,R,D,DO,F , ,N,N,50,0,0,0,,,1749922,5431887,-41.25053231,174.7893853
Wellington City,INGLEWOOD PLACE,50,S, ,DIXON ST,2351201,13/02/03,Thu,1315,MO,CN1C,385A ,,R,D,B ,F , ,N,N,50,0,0,0,,,1748899,5427215,-41.29278559,174.7783225
Wellington City,IRA ST,200,S, ,MIRAMAR AVENUE,2311153,7/01/03,Tue,1110,CC,CS1VC,358A ,MM,R,D,BF,F , ,N,C,50,0,1,1,,,1752341,5424174,-41.31952208,174.8201727
Wellington City,IRONSIDE ROAD,, ,I,MORGAN ST,2355278,7/11/03,Fri,1600,LB,VE1C,303B ,,R,D,B ,F ,T,G,C,50,0,0,0,,,1751376,5435237,-41.22010001,174.8059007
Wellington City,JACKSON ST,250,E, ,MELBOURNE ROAD,2356365,8/11/03,Sat,500,DB,CW1C,103A 121A ,M,E,D,DO,F , ,N,N,50,0,0,0,,,1748898,5422957,-41.33112225,174.779353
Wellington City,JAMAICA DRIVE,100,S, ,TAKAPU ROAD,2355855,24/11/03,Mon,430,CC,CS1,410A ,IT,R,D,DO,F , ,N,R,50,0,0,0,,,1754037,5439486,-41.18134292,174.8365606
Wellington City,JERVOIS QUAY,, ,I,CUSTOMHOUSE QUAY,2352006,2/02/03,Sun,1025,FB,VN2C,101A 191A 331A 353A ,,R,D,O ,F ,Y,G,C,50,0,0,0,,,1748869,5428191,-41.28400377,174.7777258
Wellington City,JERVOIS QUAY,20,N, ,HUNTER ST,2312043,8/05/03,Thu,1635,EE,SN1V,151A 374B ,Q,R,D,O ,F , ,N,P,50,0,0,1,,38,1748878,5428004,-41.28568575,174.7778789
Wellington City,JERVOIS QUAY,, ,I,HUNTER ST,2312231,28/06/03,Sat,1802,FE,CN1C,331A ,,R,W,DO,L ,T,T,C,50,0,0,1,,,1748881,5427984,-41.28586527,174.7779196
Wellington City,JERVOIS QUAY,, ,I,HUNTER ST,2356141,19/12/03,Fri,1420,DB,TE2,129A 385A ,J,R,D,B ,F ,T,T,C,50,0,0,0,,,1748881,5427984,-41.28586527,174.7779196
Wellington City,JERVOIS QUAY,, ,I,HUNTER ST,2353734,11/08/03,Mon,700,FE,VS1V,331A ,,R,W,O ,L ,T,T,P,50,0,0,0,,,1748881,5427984,-41.28586527,174.7779196
Wellington City,JERVOIS QUAY,, ,I,WILLESTON ST,2351531,22/04/03,Tue,1650,FD,VS1C,181A 191A ,,R,D,B ,F ,T,T,R,50,0,0,0,,,1748899,5427851,-41.28705941,174.778167
Wellington City,JERVOIS QUAY,, ,I,WILLESTON ST,2351148,14/02/03,Fri,1625,FE,CS1C,181A 353A ,,R,D,O ,F ,T,T,C,50,0,0,0,,,1748899,5427851,-41.28705941,174.778167
Wellington City,JOHN ST,, ,I,HANSON ST,2350128,25/01/03,Sat,1030,AC,CE1C,381A ,,R,D,O ,F ,T,N,C,50,0,0,0,,,1748734,5425630,-41.30708645,174.7767402
Wellington City,JOHN ST,, ,I,HANSON ST,2353130,15/06/03,Sun,1150,JA,CS2C,302B ,,E,D,O ,F ,X,G,L,50,0,0,0,,,1748734,5425630,-41.30708645,174.7767402
Wellington City,JOHN ST,, ,I,TASMAN ST,2313545,26/11/03,Wed,1530,JA,CE1V,302A 375A ,,E,W,O ,L ,T,G,P,50,0,0,1,,,1748696,5425620,-41.30718349,174.7762889
Wellington City,JOHNSONVILLE OFF SBD,130,E, ,JOHNSONVILLE ON NBD,2350715,26/02/03,Wed,930,DA,CS1C,133A ,C,M,D,B ,F , ,N,N,100,0,0,0,,,1751620,5435151,-41.22082862,174.8088315
Wellington City,JOHNSONVILLE ON NBD,, ,I,MOOREFIELD ROAD,2312054,6/05/03,Tue,1357,FB,CS1C,353A ,,R,D,B ,F ,R,G,R,50,0,0,1,,,1751513,5435083,-41.2214609,174.8075725
Wellington City,JOHNSONVILLE ROAD,30,S, ,BILL CUTTING PLACE,2355778,20/11/03,Thu,1840,FE,CN1C,353A ,,R,D,O ,FS, ,T,X,50,0,0,0,,,1751486,5434948,-41.22268141,174.807284
Wellington City,JOHNSONVILLE ROAD,30,N, ,BRODERICK ROAD,2355899,13/12/03,Sat,1300,MO,CS1C,371A 926 ,,R,D,B ,F ,D,N,C,50,0,0,0,,,1751487,5434748,-41.2244819,174.8073455
Wellington City,JOHNSONVILLE ROAD,30,N, ,BRODERICK ROAD,2313168,17/11/03,Mon,1515,NA,CS1E,712B ,,R,W,O ,L , ,N,R,50,0,1,0,30,,1751487,5434748,-41.2244819,174.8073455
Wellington City,JOHNSONVILLE ROAD,20,S, ,BURGESS ROAD,2350039,31/01/03,Fri,1830,FC,CS1X,181A 331A 402A ,,R,D,B ,F , ,N,X,50,0,0,0,,,1751492,5435000,-41.22221211,174.8073427
Wellington City,JOHNSONVILLE ROAD,, ,I,CORLETT ST,2356140,31/12/03,Wed,1450,HA,VN1T,387A 142B 920 ,,R,D,B ,F ,M,S,C,50,0,0,0,,,1751476,5434504,-41.22668079,174.8072749
Wellington City,JOHNSONVILLE ROAD,100,N, ,DISRAELI ST,2351723,24/04/03,Thu,1758,MA,CN1C,373B ,,R,D,DO,L , ,N,P,50,0,0,0,,,1751488,5434763,-41.22434666,174.8073537
Wellington City,JOHNSONVILLE ROAD,20,S, ,DISRAELI ST,2351506,10/04/03,Thu,1935,FD,CS1CC,181A ,,R,D,DO,F , ,N,C,50,0,0,0,,,1751471,5434644,-41.22542125,174.8071805
Wellington City,JOHNSONVILLE ROAD,, ,I,FRASER AVENUE,2312442,15/07/03,Tue,1630,JA,VN1P,302B 377B ,,R,D,B ,F ,M,G,C,50,0,0,1,,,1751476,5434504,-41.22668079,174.8072749
Wellington City,JOHNSONVILLE ROAD,, ,I,FRASER AVENUE,2351553,26/03/03,Wed,740,KA,CN1C,302A 382A ,,R,D,B ,F ,M,G,C,50,0,0,0,,,1751476,5434504,-41.22668079,174.8072749
Wellington City,JOHNSONVILLE ROAD,, ,I,FRASER AVENUE,2350092,10/01/03,Fri,1705,JA,CN1C,302A ,,E,D,O ,F ,T,G,C,50,0,0,0,,,1751476,5434504,-41.22668079,174.8072749
Wellington City,JOHNSONVILLE ROAD,, ,I,HAWEA ST,2355314,31/10/03,Fri,1800,JA,CN1M,173A 377A 375B ,,R,D,O ,F ,T,N,P,50,0,0,0,,,1751486,5434856,-41.22350972,174.8073068
Wellington City,JOHNSONVILLE ROAD,, ,I,MOOREFIELD ROAD,2352431,10/04/03,Thu,1200,HA,CN1C,302A ,,M,D,O ,F ,R,G,R,50,0,0,0,,,1751500,5435050,-41.22176044,174.8074257
Wellington City,KAIWHARAWHARA ROAD,60,E, ,OLD PORIRUA ROAD,2312789,18/09/03,Thu,1515,KA,VE1C,377B 839 926 ,,R,D,O ,FS,D,N,C,50,0,0,1,,,1749709,5431036,-41.25823372,174.7870532
Wellington City,KAIWHARAWHARA ROAD,200,W, ,OLD PORIRUA ROAD,2353418,16/07/03,Wed,1704,DB,CS1,111A 423A ,G,M,W,DO,L , ,N,C,50,0,0,0,,,1749470,5431105,-41.25765672,174.7841847
Wellington City,KAIWHARAWHARA ROAD,, ,I,PICKERING ST,2354113,29/08/03,Fri,944,LB,CE1V,303B 377B ,,R,D,B ,F ,T,N,C,50,0,0,0,,,1749902,5430845,-41.2599176,174.7894028
Wellington City,KARORI ROAD,, ,I,BURROWS AVENUE,2353978,1/08/03,Fri,810,KB,CE1C,303B 902 ,P,R,D,B ,F ,T,N,C,50,0,0,0,,,1744946,5427986,-41.2865633,174.7309487
Wellington City,KARORI ROAD,, ,I,BURROWS AVENUE,2313215,29/10/03,Wed,1930,GD,CE1C,331A 358A ,,R,D,O ,F ,T,N,C,50,0,0,1,,,1744946,5427986,-41.2865633,174.7309487
Wellington City,KARORI ROAD,, ,I,CHAMBERLAIN ROAD,2312790,19/09/03,Fri,2015,MC,CW1C,144B 372B ,,R,D,DO,F ,T,N,C,50,0,0,1,,,1745350,5428127,-41.28522115,174.7357375
Wellington City,KARORI ROAD,, ,I,CHAYTOR ST,2311847,23/03/03,Sun,1704,LB,CW1S,302A ,,M,D,O ,F ,Y,G,L,50,0,0,1,,26,1746644,5428577,-41.28093556,174.7510749
Wellington City,KARORI ROAD,, ,I,DONALD ST,2354864,16/09/03,Tue,1535,AC,CE1O,159A 353A ,,R,D,O ,F ,T,S,P,50,0,0,0,,,1745860,5428309,-41.28349052,174.7417815
Wellington City,KARORI ROAD,10,W, ,FLERS ST,2355851,1/11/03,Sat,950,FD,CW1C,181A ,,R,D,B ,F ,T,G,C,50,0,0,0,,,1746424,5428492,-41.28174078,174.7484695
Wellington City,KARORI ROAD,50,W, ,LANCASTER ST,2311947,4/04/03,Fri,2040,EA,CE1CC,108A 330A 386A ,HM,R,D,DO,F , ,N,C,50,0,0,1,,,1746218,5428435,-41.28229132,174.7460244
Wellington City,KARORI ROAD,50,W, ,LANCASTER ST,2313510,29/12/03,Mon,2100,PF,CW1X,331A ,,R,D,TO,F , ,N,C,50,0,0,1,,,1746218,5428435,-41.28229132,174.7460244
Wellington City,KARORI ROAD,80,W, ,LANCASTER ST,2312864,12/09/03,Fri,1200,FD,VW1CCC,331A 350A ,M,R,D,B ,F , ,N,C,50,0,0,2,,,1746190,5428425,-41.28238642,174.7456926
Wellington City,KARORI ROAD,20,S, ,MONAGHAN AVENUE,2352990,28/06/03,Sat,1810,MC,CE1C,372B 507B ,,R,W,DO,H , ,N,C,50,0,0,0,,,1745288,5428103,-41.2854484,174.7350031
Wellington City,KARORI ROAD,, ,I,MORLEY ST,2353321,21/07/03,Mon,1800,LB,CE1C,303B 375B ,,R,D,DO,F ,T,G,C,50,0,0,0,,,1745048,5428017,-41.28626587,174.7321588
Wellington City,KARORI ROAD,15,W, ,NATALIE WAY,2351029,1/02/03,Sat,1748,DA,CW1CV,109A ,M,E,D,B ,F , ,N,L,50,0,0,0,,,1744653,5427949,-41.28694899,174.72746
Wellington City,KARORI ROAD,15,W, ,NOTTINGHAM ST,2353929,21/08/03,Thu,900,FD,CE1CC,181A ,,R,W,O ,H ,T,G,C,50,0,0,0,,,1746501,5428497,-41.2816818,174.7493873
Wellington City,KARORI ROAD,, ,I,READING ST,2354255,11/06/03,Wed,1210,MO,TS1C,386A 930 ,M,R,D,O ,F ,D,N,C,50,0,0,0,,,1745736,5428266,-41.28390007,174.7403117
Wellington City,KARORI ROAD,, ,I,STANDEN ST,2354339,19/05/03,Mon,845,JC,CE1C,300B ,,R,D,B ,F ,T,N,C,50,0,0,0,,,1746606,5428554,-41.28114954,174.7506269
Wellington City,KARORI ROAD,, ,I,TRINGHAM ST,2355114,16/09/03,Tue,300,DA,CW1,111A 131A ,J,R,D,DO,F ,T,G,C,50,0,0,0,,,1744717,5427956,-41.28687449,174.7282223
Wellington City,KAURI ST,, ,I,CALEDONIA ST,2313167,7/11/03,Fri,1956,HA,CW2C,302B ,,R,D,O ,F ,X,G,N,50,0,0,1,,,1751663,5423987,-41.32133348,174.8121225
Wellington City,KELBURN PARADE,30,N, ,GLASGOW ST,2353630,4/06/03,Wed,1730,FC,CN1M,181A 331A ,,R,D,O ,F , ,N,X,50,0,0,0,,,1748013,5427634,-41.28917609,174.7676439
Wellington City,KELBURN VIADUCT,, ,A,UPLAND ROAD,2313488,5/11/03,Wed,850,DB,CE1,504A ,CK,M,D,B ,F , ,N,C,50,0,0,1,,,1747254,5427892,-41.28699198,174.7585212
Wellington City,KENT TERRACE,, ,I,COURTENAY PLACE,2350793,13/03/03,Thu,1135,HA,VS1C,322A 334A ,,R,D,B ,F ,X,T,R,50,0,0,0,,,1749376,5427069,-41.29401196,174.7840526
Wellington City,KENT TERRACE,, ,I,ELIZABETH ST,2356258,23/12/03,Tue,1730,MO,BS1C,381B ,,R,D,B ,F ,T,T,R,50,0,0,0,,,1749292,5426881,-41.29572014,174.7830959
Wellington City,KENT TERRACE,20,N, ,PIRIE ST,2353921,13/08/03,Wed,1540,FE,VS1C,331A ,,R,D,B ,F ,X,T,C,50,0,0,0,,,1749229,5426741,-41.29699227,174.7823781
Wellington City,KENT TERRACE,30,N, ,PIRIE ST,2356162,26/07/03,Sat,1250,MG,CS1C,357B 512B ,,R,D,B ,F , ,N,C,50,0,0,0,,,1749233,5426750,-41.2969105,174.7824237
Wellington City,KENTWOOD DRIVE,20,N, ,PEPPERTREE LANE,2353493,6/08/03,Wed,810,MB,CS1C,363B 382B 902 ,,R,D,B ,F , ,N,R,50,0,0,0,,,1753417,5435759,-41.21501594,174.8301068
Wellington City,KENYA ST,30,N, ,CROFTON ROAD,2311208,21/02/03,Fri,915,MD,CS1C,308B 371B 929 ,,R,D,O ,F ,D,N,C,50,0,0,2,,,1748573,5431742,-41.25208689,174.7733272
Wellington City,KILBIRNIE CRESCENT,100,S, ,WELLINGTON ROAD,2312598,7/08/03,Thu,1705,EE,SS1V,374B ,M,R,D,TF,F , ,N,C,50,0,0,1,,38,1750093,5424952,-41.31293903,174.7931342
Wellington City,KINGSFORD SMITH ST,60,W, ,TIRANGI ROAD,2353856,31/07/03,Thu,2230,DB,CW1C,111A ,F,M,D,DO,F , ,N,C,50,0,0,0,,,1750818,5423612,-41.32486819,174.8021239
Wellington City,KUPE ST,, ,I,MOXHAM AVENUE,2313132,30/10/03,Thu,2319,DB,CS1,131A 137A ,FP,R,W,DO,L ,T,N,C,50,0,0,1,,,1750015,5425301,-41.30981137,174.7921167
Wellington City,LAMBTON QUAY,100,N, ,BOWEN ST,2311311,19/02/03,Wed,1720,NA,BN1E,711B ,,R,D,B ,F , ,N,C,50,0,0,1,21,,1748901,5428745,-41.27900996,174.7779723
Wellington City,LAMBTON QUAY,, ,I,STOUT ST,2355315,19/10/03,Sun,1600,LB,BS1C,303B 382B ,,R,D,B ,F ,T,T,R,50,0,0,0,,,1748729,5428488,-41.28135554,174.7759822
Wellington City,LAMBTON QUAY,, ,I,WARING TAYLOR ST,2356302,3/12/03,Wed,1518,MB,VN1X,371A 380B ,,R,D,B ,F ,T,N,R,50,0,0,0,,,1748734,5428434,-41.28184081,174.7760551
Wellington City,LANDFILL ROAD,280,W, ,HAPPY VALLEY ROAD,2313269,25/08/03,Mon,1100,DA,TE1,136A 632A 660A ,,M,W,B ,F , ,N,C,50,0,0,1,,,1746788,5422920,-41.33184237,174.7541586
Wellington City,LARSEN CRESCENT,120,W, ,ORIEL AVENUE,2311009,23/01/03,Thu,10,DA,CW1C,133A ,FMT,M,W,DO,L , ,N,N,50,0,1,0,,,1752349,5440179,-41.17542266,174.8162721
Wellington City,LENNEL ROAD,, ,I,PITT ST,2356123,18/12/03,Thu,1130,JA,CW1C,303B 309B 853 ,,E,D,B ,F ,X,S,C,50,0,0,0,,,1748749,5430672,-41.26168826,174.7756879