TLA NAME,CRASH ROAD,CRASH DIST,CRASH DIRN,INTSN,SIDE ROAD,CRASH ID,CRASH DATE,CRASH DOW,CRASH TIME,MVMT,VEHICLES,CAUSES,OBJECTS STRUCK,ROAD CURVE,ROAD WET,LIGHT,WTHRa,JUNC TYPE,TRAF CTRL,ROAD MARK,SPD LIM,CRASH FATAL CNT,CRASH SEV CNT,CRASH MIN CNT,PERS AGE1,PERS AGE2,EASTING,NORTHING,latitude,longitude
Wellington City,LIARDET ST,, ,I,BRITOMART ST,2311125,31/01/03,Fri,1610,LB,CN1C,303B ,,E,D,BF,FS,T,N,R,50,0,0,1,,,1748130,5424305,-41.31912714,174.769851
Wellington City,LIARDET ST,, ,I,BRITOMART ST,2356158,12/12/03,Fri,1640,LB,CN1C,303B ,,R,D,B ,F ,T,G,C,50,0,0,0,,,1748130,5424305,-41.31912714,174.769851
Wellington City,LINDEN AVENUE,, ,I,FINDLAY ST,2351711,16/05/03,Fri,845,HA,CE1C,112A 302A 382B ,,R,D,O ,F ,X,G,C,50,0,0,0,,,1753687,5442175,-41.15719935,174.831715
Wellington City,LUXFORD ST,, ,I,RINTOUL ST,2351510,7/03/03,Fri,1830,JA,CN2V,301A ,,R,D,O ,F ,X,S,C,50,0,0,0,,,1748800,5424200,-41.31994915,174.7778781
Wellington City,LYALL PARADE,, ,I,QUEENS DRIVE,2355432,10/11/03,Mon,1335,DB,BE1C,131A ,MP,E,D,B ,FS,R,G,R,50,0,0,0,,,1749941,5422908,-41.33137009,174.7918233
Wellington City,MACDONALD CRESCENT,40,W, ,DIXON ST,2353440,16/07/03,Wed,1815,BC,CE1C,121A ,,S,D,DO,F , ,N,C,50,0,0,0,,,1748437,5427432,-41.29091694,174.7727544
Wellington City,MACDONALD CRESCENT,150,E, ,THE TERRACE,2353133,23/06/03,Mon,1430,BB,CN1C,123A ,,S,D,O ,F , ,N,C,50,0,0,0,,,1748439,5427435,-41.29088956,174.7727776
Wellington City,MAIN ROAD,, ,I,CAMBRIDGE ST,2356075,23/12/03,Tue,1740,HA,CS1V,302A ,,R,W,O ,L ,R,G,R,50,0,0,0,,,1753077,5440606,-41.17144105,174.8248402
Wellington City,MAIN ROAD,20,N, ,ESSEX ST,2312772,23/10/03,Thu,1450,PC,CW1E,713B 927 ,,R,D,B ,F ,D,G,C,50,0,0,1,15,,1753097,5440823,-41.16948354,174.8250243
Wellington City,MAIN ROAD,50,S, ,ESSEX ST,2355771,4/11/03,Tue,1500,MO,CN1V,371A ,,R,D,B ,F , ,N,P,50,0,0,0,,,1753091,5440753,-41.17011491,174.8249703
Wellington City,MAIN ROAD,, ,I,LINDEN AVENUE,2351119,16/02/03,Sun,1748,BC,CS1V,111A 122A ,,R,D,B ,F ,T,G,C,50,0,0,0,,,1753498,5442235,-41.15669493,174.8294485
Wellington City,MAIN ROAD,, ,I,LINDEN AVENUE,2311764,25/03/03,Tue,1915,JA,MS1C,303A 375A ,,M,D,DO,F ,T,G,C,50,0,0,1,,,1753500,5442233,-41.15671256,174.8294728
Wellington City,MAIN ROAD,, ,I,LINDEN AVENUE,2352782,5/07/03,Sat,1808,JA,CS1C,302B 377B ,,R,W,DO,LS,T,G,C,50,0,0,0,,,1753500,5442233,-41.15671256,174.8294728
Wellington City,MAIN ROAD,20,N, ,LYNDHURST ROAD,2351873,24/05/03,Sat,2247,FD,CS1C,181A 351A ,,R,D,DO,F , ,N,C,50,0,0,0,,,1753079,5440626,-41.1712606,174.8248591
Wellington City,MAIN ROAD,100,N, ,LYNDHURST ROAD,2353313,19/04/03,Sat,1430,MO,CN1C,371B 373B 386B ,,R,D,B ,F , ,N,C,50,0,0,0,,,1753087,5440706,-41.17053882,174.8249344
Wellington City,MAIN ROAD,, ,I,LYNDHURST ROAD,2354515,25/08/03,Mon,1244,AA,CN1T,158A ,,R,D,B ,F ,R,G,R,50,0,0,0,,,1753068,5440591,-41.1715778,174.8247367
Wellington City,MAIN ROAD,15,S, ,MCLELLAN ST,2312625,6/09/03,Sat,1440,BC,CS1C,121A ,,E,D,B ,F , ,N,L,50,0,0,2,,,1753334,5441652,-41.16197494,174.8276407
Wellington City,MAIN ROAD,400,S, ,MCLELLAN ST,2312180,28/06/03,Sat,1600,EA,CS1V,501A ,M,E,D,O ,F , ,N,C,50,0,0,1,,,1753247,5441290,-41.16525061,174.8266947
Wellington City,MAIN ROAD,50,S, ,REDWOOD AVENUE N,2356168,29/07/03,Tue,640,BE,CN1C,125A 414A ,,R,D,TF,F , ,N,C,50,0,0,0,,,1753107,5439914,-41.17766573,174.8253707
Wellington City,MAIN ROAD,100,S, ,REDWOOD AVENUE N,2352666,14/05/03,Wed,1515,DA,CS1C,410A ,M,E,D,O ,F , ,N,P,50,0,0,0,,,1753099,5439865,-41.1781084,174.8252876
Wellington City,MAIN ROAD,15,N, ,REDWOOD AVENUE S,2356116,31/12/03,Wed,1600,DA,CN1,103A ,T,E,D,B ,F , ,N,C,50,0,0,0,,,1752972,5439379,-41.18250803,174.8238956
Wellington City,MAIN ROAD,50,S, ,REDWOOD AVENUE S,2311523,3/04/03,Thu,1405,GA,CS1C,181A 387A 191B 925 ,,R,W,O ,L ,D,N,C,50,0,0,1,,,1752999,5439323,-41.18300712,174.8242314
Wellington City,MAIN ROAD,150,N, ,SUNRISE BOULEVARD,2354508,23/03/03,Sun,900,EA,CN1C,133A ,CM,R,D,B ,F , ,N,C,50,0,0,0,,,1753026,5439291,-41.18329013,174.8245612
Wellington City,MAIN ROAD,150,S, ,SURREY ST,2354531,29/09/03,Mon,1330,EA,CS1V,129A ,M,R,D,O ,F , ,N,C,50,0,0,0,,,1753100,5440889,-41.16888875,174.8250435
Wellington City,MAIN ROAD,, ,I,TAWA ST,2352105,21/03/03,Fri,845,HA,CS1CCC,302A 375A ,,E,D,B ,F ,R,G,R,50,0,0,0,,,1753082,5440161,-41.17544661,174.825011
Wellington City,MAIN ROAD,300,N, ,THE DRIVE,2352892,6/06/03,Fri,1315,MD,CN1T,331A 801 927 ,,R,W,O ,L ,D,N,P,50,0,0,0,,,1753059,5440452,-41.17283097,174.8246642
Wellington City,MAIN ROAD,200,S, ,VICTORY CRESCENT,2352590,4/06/03,Wed,1022,MC,TS1C,372B ,,R,W,O ,L , ,N,C,50,0,0,0,,,1753102,5440937,-41.16845621,174.8250554
Wellington City,MAIN ROAD,50,S, ,WALL PLACE,2351583,3/05/03,Sat,1202,EA,CN1V,353A ,M,R,D,B ,F , ,N,C,50,0,0,0,,,1753708,5442708,-41.15239656,174.8318315
Wellington City,MAIN ROAD,, ,I,WALL PLACE,2352090,30/05/03,Fri,1017,JA,CS1C,302A 387A ,,R,D,B ,F ,T,G,C,50,0,0,0,,,1753719,5442757,-41.15195331,174.8319503
Wellington City,MAIN ROAD,70,W, ,WILLOWBANK ROAD,2354728,13/10/03,Mon,1320,FF,CS1C,181A ,,R,W,O ,L , ,N,C,50,0,0,0,,,1753253,5439046,-41.18545305,174.8273278
Wellington City,MAIN ROAD,, ,I,WILLOWBANK ROAD,2350967,21/03/03,Fri,1845,DA,CE1,131A 205A ,G,R,D,DO,F ,X,G,P,50,0,0,0,,,1753316,5439020,-41.18567522,174.8280851
Wellington City,MAJORIBANKS ST,, ,I,KENT TERRACE,2353631,18/06/03,Wed,1640,AC,CW1C,372A ,,R,D,O ,F ,X,T,C,50,0,0,0,,,1749376,5427069,-41.29401196,174.7840526
Wellington City,MAJORIBANKS ST,20,E, ,LIPMAN ST,2356143,24/12/03,Wed,1052,LB,CW1CC,309B 353B 929 ,M,R,D,O ,F ,D,N,C,50,0,0,0,,,1749488,5427018,-41.2944504,174.7854021
Wellington City,MAKARA ROAD,100,N, ,MAKARA CEMETERY,2351761,27/04/03,Sun,1410,AD,CS1,111A 131A ,FP,M,D,O ,F , ,N,C,100,0,0,0,,,1742778,5429483,-41.27347093,174.7047185
Wellington City,MAKARA ROAD,250,S, ,SOUTH MAKARA ROAD,2311323,1/02/03,Sat,400,DB,CS1,111A 132A ,F,M,D,DN,F , ,N,C,70,0,0,1,,,1742759,5429723,-41.27131337,174.7044356
Wellington City,MAKARA ROAD,800,S, ,SOUTH MAKARA ROAD,2311740,6/04/03,Sun,145,DB,VN1,103A 131A ,V,S,W,DN,L , ,N,C,100,0,0,1,,,1742778,5429235,-41.27570387,174.7047767
Wellington City,MAKARA ROAD,1630,S, ,TAKARAU GORGE ROAD,2312764,23/09/03,Tue,1113,BC,ON1C,121A 378A 831 ,,M,D,B ,F , ,N,C,70,0,0,1,,,1743654,5431846,-41.25203966,174.7146164
Wellington City,MAKARA ROAD,2000,W, ,TAKARAU GORGE ROAD,2356144,28/10/03,Tue,2117,CB,CN1,103A 351A ,E,R,D,DN,F , ,N,N,100,0,0,0,,,1743811,5434706,-41.22626084,174.7158158
Wellington City,MANNERS ST,15,E, ,CUBA ST,2353334,25/07/03,Fri,1822,EA,BE1C,386A ,M,M,D,DO,F , ,N,N,50,0,0,0,,,1748794,5427379,-41.29132839,174.777029
Wellington City,MANNERS ST,, ,I,OPERA HOUSE LANE,2312765,1/10/03,Wed,1702,NB,VE1E,719B ,,R,D,O ,F ,T,N,C,50,0,0,1,,,1748840,5427340,-41.29167105,174.7775876
Wellington City,MANNERS ST,40,W, ,VICTORIA ST,2354057,19/08/03,Tue,1440,MA,CW1B,373B ,,R,D,B ,F , ,N,N,50,0,0,0,,,1748664,5427522,-41.29006485,174.7754422
Wellington City,MANNERS ST,, ,I,VICTORIA ST,2353804,20/07/03,Sun,40,KB,CW1C,322A ,,R,D,DO,F ,Y,T,R,50,0,0,0,,,1748686,5427488,-41.29036692,174.7757131
Wellington City,MANNERS ST,, ,I,WILLIS ST,2353114,2/06/03,Mon,1505,GC,BW1C,372A ,,R,D,O ,F ,X,T,C,50,0,0,0,,,1748603,5427623,-41.28916673,174.7746894
Wellington City,MARK AVENUE,70,N, ,CARA CRESCENT,2312680,16/06/03,Mon,2147,DA,VS1V,103A 121A ,M,M,D,DO,F , ,N,C,50,0,1,0,,,1752402,5436027,-41.21279479,174.8179379
Wellington City,MARK AVENUE,600,S, ,GUADELOUPE CRESCENT,2352286,1/05/03,Thu,620,EA,CS1V,410A ,M,R,D,DO,FS, ,N,C,50,0,0,0,,,1752247,5436155,-41.21167153,174.816058
Wellington City,MARK AVENUE,200,N, ,TERRANCE GROVE,2351144,7/03/03,Fri,1130,EA,CS1C,354A ,M,E,W,O ,F , ,N,C,50,0,0,0,,,1752282,5436353,-41.20988227,174.8164259
Wellington City,MARK AVENUE,, ,I,TRINIDAD CRESCENT,2351508,24/03/03,Mon,2053,HA,CS1V,300A 309A 844 850 ,,R,D,DN,F ,X,N,C,50,0,0,0,,,1752860,5436730,-41.20637908,174.8232227
Wellington City,MASSEY ROAD,, ,A,PT HALSWELL,2353174,21/06/03,Sat,445,DB,VN1,103A 111A 131A ,G,S,D,DN,F , ,N,C,50,0,0,0,,,1752916,5428075,-41.28429185,174.8260591
Wellington City,MAUPUIA ROAD,, ,I,MIRAMAR AVENUE,2350231,16/01/03,Thu,1430,JA,CE2C,303B ,,R,D,B ,F ,T,N,R,50,0,0,0,,,1751725,5424711,-41.31480348,174.8126822
Wellington City,MCKINLEY CRESCENT,60,N, ,TAFT ST,2312446,18/07/03,Fri,1820,MD,MS1CV,104A 380A 929 ,M,R,D,DO,F ,D,N,C,50,0,2,0,,,1747696,5425524,-41.30823151,174.7643719
Wellington City,MEDWAY ST,100,W, ,DERWENT ST,2312725,1/08/03,Fri,1510,DA,MS1,137A ,,M,D,O ,F , ,N,C,50,0,0,1,,,1748205,5422605,-41.33441916,174.7711612
Wellington City,MEDWAY ST,50,E, ,FREELING ST,2351596,19/03/03,Wed,1500,BF,CS1V,111A 132A 137A ,,E,D,B ,F , ,N,C,50,0,0,0,,,1748223,5422575,-41.33468595,174.7713836
Wellington City,MEIN ST,, ,I,DANIELL ST,2355071,7/10/03,Tue,1220,EA,LN2CCC,386A ,MMM,R,D,B ,F ,T,N,C,50,0,0,0,,,1749130,5425238,-41.31054268,174.7815646
Wellington City,MEIN ST,, ,I,DANIELL ST,2351598,26/02/03,Wed,1320,BO,TE1C,124A 386A ,,R,D,B ,F ,T,N,N,50,0,0,0,,,1749130,5425238,-41.31054268,174.7815646
Wellington City,MEIN ST,, ,I,OWEN ST,2312880,18/07/03,Fri,25,CC,CE1CC,132A 137A ,M,R,D,DO,F ,X,G,C,50,0,0,1,,,1749300,5425272,-41.31020512,174.7835862
Wellington City,MEIN ST,, ,I,OWEN ST,2354492,30/08/03,Sat,2300,CA,CE1C,112A 132A ,M,R,W,DO,L ,X,G,C,50,0,0,0,,,1749300,5425272,-41.31020512,174.7835862
Wellington City,MEIN ST,15,E, ,RIDDIFORD ST,2352289,9/05/03,Fri,1342,MA,CW1CC,373B ,M,R,D,B ,F , ,N,C,50,0,0,0,,,1748932,5425200,-41.31092139,174.7792096
Wellington City,MIDDLETON ROAD,, ,I,HALSWATER DRIVE,2312171,2/04/03,Wed,1812,JA,SN1V,301B 422B ,,R,D,B ,F ,T,S,R,50,0,1,0,,38,1751917,5436593,-41.20779004,174.8120146
Wellington City,MIDDLETON ROAD,500,S, ,RICHMOND HILL,2350860,30/01/03,Thu,1730,DB,CN1,111A 131A ,C,M,D,O ,F , ,N,C,100,0,0,0,,,1752876,5437835,-41.19642735,174.8231373
Wellington City,MIDDLETON ROAD,200,N, ,ROWELLS ROAD,2313223,23/11/03,Sun,1640,DA,CS1,132A ,EF,R,D,B ,F , ,N,C,100,0,0,1,,,1752545,5437269,-41.20158568,174.819333
Wellington City,MIDDLETON ROAD,200,N, ,ROWELLS ROAD,2355277,7/11/03,Fri,1920,DA,CS1,132A ,F,R,W,TF,L , ,N,C,100,0,0,0,,,1752545,5437269,-41.20158568,174.819333
Wellington City,MIRAMAR AVENUE,20,E, ,PARK ROAD,2353331,9/07/03,Wed,1240,EA,CE1T,386A 927 ,M,R,D,B ,F ,D,N,C,50,0,0,0,,,1752035,5424530,-41.31637469,174.8164293
Wellington City,MIRAMAR AVENUE,20,E, ,STONE ST,2313012,17/10/03,Fri,800,EE,SE1V,374B ,Q,R,D,B ,F , ,N,C,50,0,0,1,,32,1751966,5424569,-41.31603657,174.8155956
Wellington City,MIRAMAR AVENUE,50,N, ,STONE ST,2311931,6/03/03,Thu,1710,NA,VS1E,376A ,,R,D,B ,F , ,N,X,50,0,0,1,24,,1751906,5424605,-41.31572375,174.8148701
Wellington City,MIRAMAR AVENUE,20,W, ,STONE ST,2312557,15/07/03,Tue,1653,GB,SE1C,158A 142B 353B 372B 925 ,,R,D,TF,F ,D,N,R,50,0,0,1,,39,1751932,5424589,-41.31586291,174.8151846
Wellington City,MIRAMAR AVENUE,100,W, ,STONE ST,2350549,16/01/03,Thu,1905,JO,VE1C,309A 353B 920 ,,R,D,B ,F ,D,N,P,50,0,0,0,,,1751863,5424630,-41.31550677,174.8143504
Wellington City,MIRAMAR AVENUE,20,E, ,TAUHINU ROAD,2353388,17/06/03,Tue,1950,KB,CW1CV,197A 308B 922 ,,R,D,DO,F ,D,N,P,50,0,0,0,,,1751800,5424667,-41.31518551,174.8135888
Wellington City,MIRAMAR AVENUE,100,E, ,TAUHINU ROAD,2355104,15/10/03,Wed,1305,LB,ME1V,382B 922 ,,R,D,B ,F ,D,N,P,50,0,0,0,,,1751869,5424627,-41.31553265,174.8144228
Wellington City,MITCHELL ST,, ,I,HOOVER ST,2351150,3/02/03,Mon,1920,DB,CN1C,423A ,M,R,D,O ,F ,T,N,C,50,0,0,0,,,1747215,5425451,-41.30897668,174.7586461
Wellington City,MOLESWORTH ST,, ,I,KATE SHEPPARD PLACE,2312487,3/08/03,Sun,1630,GD,CN1C,181A ,,R,D,O ,F ,T,N,C,50,0,0,1,,,1748885,5428885,-41.27775242,174.7777471
Wellington City,MOLESWORTH ST,20,S, ,MAY ST,2350150,20/01/03,Mon,1324,MA,XN1CC,373B ,,R,D,B ,F , ,N,C,50,0,0,0,,,1748907,5429322,-41.27381385,174.7779029
Wellington City,MONORGAN ROAD,, ,I,RAUKAWA ST,2313586,4/11/03,Tue,1245,KC,CN1T,387A 312B 370B 927 ,,R,D,O ,F ,D,N,C,50,0,0,1,,,1752153,5423196,-41.32836269,174.8181723
Wellington City,MONRO ST,20,S, ,BURNHAM ST,2354805,26/09/03,Fri,1900,EA,CN1C,102A 129A 359A ,M,R,D,DO,F , ,N,N,50,0,0,0,,,1753398,5423423,-41.32608305,174.8329851
Wellington City,MONTREAL GROVE,200,S, ,QUEBEC ST,2313129,31/10/03,Fri,1615,BD,VS1C,121A 123B ,,M,D,B ,F , ,N,N,50,0,0,3,,,1747462,5423752,-41.32422848,174.7620075
Wellington City,MOOREFIELD ROAD,, ,I,BRODERICK ROAD,2353926,17/08/03,Sun,1823,LB,CN1C,303B ,,R,D,TO,F ,X,T,C,50,0,0,0,,,1751177,5434767,-41.22436882,174.8036441
Wellington City,MOOREFIELD ROAD,, ,I,BRODERICK ROAD,2355783,3/11/03,Mon,1220,LB,CS1C,303B ,,R,D,B ,F ,X,T,C,50,0,0,0,,,1751177,5434767,-41.22436882,174.8036441
Wellington City,MOOREFIELD ROAD,10,E, ,FRANKMOORE AVENUE,2313456,9/12/03,Tue,1350,FC,CN1CC,331A 351A ,,R,D,O ,F ,T,N,X,50,0,1,0,,,1751383,5435007,-41.22216949,174.8060411
Wellington City,MOOREFIELD ROAD,20,N, ,FRANKMOORE AVENUE,2353244,4/07/03,Fri,1115,NB,MN1E,363A 376A 902 ,,R,D,B ,F , ,N,X,50,0,0,0,,,1751392,5435013,-41.22211378,174.806147
Wellington City,MOOREFIELD ROAD,30,N, ,FRANKMOORE AVENUE,2312170,3/07/03,Thu,1115,NA,CN1E,306A 363A 717B ,,R,D,B ,F , ,N,X,50,0,0,1,80,,1751400,5435018,-41.22206727,174.8062411
Wellington City,MOOREFIELD ROAD,, ,I,FRANKMOORE AVENUE,2312153,27/06/03,Fri,1720,FB,CN1C,181A ,,R,D,TO,F ,T,G,C,50,0,0,1,,,1751375,5435002,-41.222216,174.805947
Wellington City,MOOREFIELD ROAD,, ,I,HAUMIA ST,2353226,5/07/03,Sat,2040,HA,CS1C,302A ,,R,W,DO,HS,R,G,R,50,0,0,0,,,1750892,5434217,-41.2293739,174.8003813
Wellington City,MOOREFIELD ROAD,, ,I,JOHNSONVILLE ROAD,2313202,24/11/03,Mon,920,HA,CS1C,302A ,,E,D,B ,F ,R,G,R,50,0,0,2,,,1751503,5435082,-41.22147177,174.8074535
Wellington City,MOOREFIELD ROAD,, ,I,JOHNSONVILLE ROAD,2312679,1/09/03,Mon,1919,HA,CS1C,302A 375A ,,E,W,DO,L ,R,G,C,50,0,0,1,,,1751503,5435082,-41.22147177,174.8074535
Wellington City,MOUNT ALBERT ROAD,180,N, ,VOLGA ST,2354206,12/08/03,Tue,1245,BF,CN1X,111A ,,M,W,O ,L , ,N,C,50,0,0,0,,,1748926,5423321,-41.32783986,174.7795983
Wellington City,MOXHAM AVENUE,, ,I,RAUPO ST,2356201,4/12/03,Thu,2144,CB,CS1C,103A 359A ,M,R,D,DO,F ,T,N,C,50,0,0,0,,,1750088,5425549,-41.30756497,174.7929272
Wellington City,MOXHAM AVENUE,, ,I,TAPIRI ST,2313165,7/11/03,Fri,2300,LB,BS1C,303B ,,R,D,TO,F ,X,N,C,50,0,0,1,,,1750133,5425720,-41.30601703,174.7934223
Wellington City,MOXHAM AVENUE,25,S, ,WAITOA ROAD,2354687,7/07/03,Mon,420,EA,CN1C,129A ,M,R,D,DO,F , ,N,C,50,0,0,0,,,1750194,5425913,-41.30426803,174.794103
Wellington City,MULGRAVE ST,100,S, ,AITKEN ST,2355311,14/10/03,Tue,1000,AA,BS1V,125A 197A ,,R,D,B ,F , ,N,C,50,0,0,0,,,1749067,5428864,-41.27790792,174.7799244
Wellington City,NEVAY ROAD,340,N, ,FORTIFICATION ROAD,2352471,10/05/03,Sat,2345,DB,CS1,111A 132A 402A ,CFT,M,D,DO,F , ,N,N,50,0,0,0,,,1753075,5426523,-41.29823467,174.8283471
Wellington City,NEWLANDS OFF NBD,150,N, ,SH 1N,2351486,29/03/03,Sat,1545,DA,CN1,135A 806 ,C,M,W,O ,L , ,N,C,80,0,0,0,,,1751436,5433694,-41.23398102,174.8069987
Wellington City,NEWLANDS ROAD,, ,I,BLACK ROCK ROAD,2354052,6/09/03,Sat,1922,GD,VN1C,331A ,,R,D,DO,F ,T,G,C,50,0,0,0,,,1752421,5434295,-41.22838501,174.8185965
Wellington City,NEWLANDS ROAD,50,W, ,HURRING PLACE,2351210,10/02/03,Mon,2010,MC,BE1C,372A ,,R,D,TO,F , ,N,P,50,0,0,0,,,1751895,5433973,-41.23138302,174.8124037
Wellington City,NEWLANDS ROAD,100,W, ,HURRING PLACE,2355796,21/11/03,Fri,739,FD,CW1C,331A 351A ,,R,D,B ,F , ,N,C,50,0,0,0,,,1751845,5433972,-41.23140141,174.8118076
Wellington City,NEWLANDS ROAD,, ,I,HURRING PLACE,2313270,6/04/03,Sun,1431,LB,CW1C,102B 303B 929 ,,R,D,O ,F ,D,N,C,50,0,0,3,,,1751945,5433974,-41.23136463,174.8129997
Wellington City,NEWLANDS ROAD,50,N, ,STELLA GROVE,2311928,15/03/03,Sat,1210,GD,VS1C,331A 929 ,,R,D,B ,F ,D,N,C,50,0,0,1,,,1752509,5434590,-41.22571244,174.8195723
Wellington City,NEWLANDS ROAD,, ,I,STELLA GROVE,2353315,23/06/03,Mon,850,GD,CS1C,132A 135A 181A 801 ,,R,W,O ,L ,T,N,C,50,0,0,0,,,1752495,5434542,-41.22614724,174.8194173
Wellington City,NEWLANDS ROAD,50,W, ,WAKELY ROAD,2351724,16/04/03,Wed,1840,LB,CS1C,303A 929 ,,R,D,DO,F ,D,N,C,50,0,0,0,,,1752317,5434128,-41.22990815,174.8173979
Wellington City,NEWLANDS ROAD,200,W, ,WAKELY ROAD,2311549,20/03/03,Thu,2205,NA,ME1E,194A 507B 719B ,,R,D,DO,F , ,N,N,50,0,0,2,71,,1752174,5434087,-41.2303042,174.8157027
Wellington City,NEWLANDS ROAD,100,N, ,WESTLEIGH WAY,2312681,20/06/03,Fri,820,NA,CN1E,306A 363A 642A ,,R,D,B ,F , ,N,C,50,0,0,1,36,,1752560,5434675,-41.22493754,174.8201592
Wellington City,NEWTOWN AVENUE,100,E, ,RIDDIFORD ST,2311935,7/03/03,Fri,2030,JA,ME1C,308B 839 930 ,,R,D,DO,F ,D,N,N,50,0,0,1,,,1749090,5424844,-41.31409741,174.7811836
Wellington City,NEWTOWN AVENUE,, ,I,RIDDIFORD ST,2312069,6/05/03,Tue,850,NF,TN2E,124A 363A 370A ,,R,D,B ,F ,T,G,C,50,0,0,1,36,,1748992,5424824,-41.31429558,174.7800182
Wellington City,NGAIO GORGE ROAD,30,E, ,PERTH ST,2310038,23/04/03,Wed,312,DB,CW1,104A 111A ,P,M,D,DO,F , , ,L,50,1,0,1,,,1748502,5431278,-41.25627757,174.7725931
Wellington City,NGAIO GORGE ROAD,100,E, ,PERTH ST,2355310,10/10/03,Fri,1336,BB,CW1C,123A ,,E,W,O ,L , ,N,C,50,0,0,0,,,1748562,5431266,-41.25637458,174.7733119
Wellington City,NGAURANGA ON NBD,80,S, ,HUTT ROAD N,2352665,6/06/03,Fri,1250,DA,CW1,133A ,B,S,D,O ,F , ,N,R,100,0,0,0,,,1752192,5432327,-41.24614668,174.8163561
Wellington City,NORMANBY ST,15,E, ,RIDDIFORD ST,2351721,9/04/03,Wed,1613,MG,CE1C,371A ,,R,D,B ,F , ,N,C,50,0,0,0,,,1749020,5424760,-41.31486663,174.7803683
Wellington City,NORMANBY ST,30,E, ,RIDDIFORD ST,2355092,28/09/03,Sun,1100,JA,CE1CV,308B 375B 925 ,M,R,W,O ,L ,D,N,C,50,0,0,0,,,1749035,5424763,-41.31483685,174.7805466
Wellington City,NORMANBY ST,70,E, ,RIDDIFORD ST,2310109,17/12/03,Wed,1915,NA,CW1E,363A 370A 502B 711B 712B 902 ,,R,D,B ,F , ,N,N,50,1,0,0,74,,1749074,5424772,-41.31474861,174.7810102
Wellington City,NORTHLAND ROAD,, ,I,SEAVIEW TERRACE,2355989,28/11/03,Fri,2130,HA,XE1C,301A 375A ,,E,D,DO,F ,X,S,R,50,0,0,0,,,1747528,5428729,-41.279406,174.7615892
Wellington City,NORTHLAND TUNNEL ROAD,, ,I,RAROA CRESCENT,2355100,12/10/03,Sun,230,HA,VS2C,102B 321B ,,R,D,DO,F ,X,S,C,50,0,0,0,,,1746949,5428030,-41.28580506,174.7548472
Wellington City,OHARIU VALLEY ROAD,3000,W, ,IRONSIDE ROAD,2312164,16/05/03,Fri,940,CB,SW1,501A ,C,R,D,O ,F , ,N,C,100,0,0,1,,40,1749021,5436224,-41.2116506,174.7775782
Wellington City,OHARIU VALLEY ROAD,650,N, ,OHARIU ROAD,2354364,14/08/03,Thu,1529,BF,CN1T,111A 132A ,,S,D,B ,F , ,N,X,100,0,0,0,,,1750551,5436162,-41.21192571,174.7958353
Wellington City,OHARIU VALLEY ROAD,2200,W, ,OHARIU ROAD,2313220,9/10/03,Thu,1650,DA,CW1,133A 817 ,CF,E,D,O ,F , ,N,C,100,0,0,1,,,1749491,5436049,-41.21313956,174.7832247
Wellington City,OHARIU VALLEY ROAD,1800,E, ,RIFLE RANGE ROAD,2312268,2/05/03,Fri,2230,DB,CW1,102A 111A ,EFP,S,W,DN,F , ,N,C,100,0,1,0,,,1749875,5436245,-41.21130386,174.7877551
Wellington City,OHIRO ROAD,, ,I,ARO ST,2311953,19/04/03,Sat,2055,NF,CE1EE,370A 901 ,,R,W,DN,H ,T,N,C,50,0,0,2,20,,1748163,5426879,-41.29594619,174.7696182
Wellington City,OHIRO ROAD,50,N, ,MAARAMA CRESCENT,2350076,12/01/03,Sun,1900,BB,CS1C,123A ,,M,W,O ,L , ,N,C,50,0,0,0,,,1748085,5426718,-41.29741007,174.7687262
Wellington City,OHIRO ROAD,50,N, ,MAARAMA CRESCENT,2350084,12/01/03,Sun,1150,BC,CN1C,121A 129A 801 818 ,,S,W,O ,L , ,N,C,50,0,0,0,,,1748085,5426718,-41.29741007,174.7687262
Wellington City,OHIRO ROAD,, ,I,TODMAN ST,2353333,2/07/03,Wed,1215,LB,CN1V,303B ,,R,D,B ,F ,X,T,C,50,0,0,0,,,1747614,5425844,-41.30536541,174.7633151
Wellington City,OLD KARORI ROAD,40,N, ,WHITEHEAD ROAD,2355307,28/10/03,Tue,945,DA,CS1,111A 131A 402A ,,M,W,B ,H , ,N,C,50,0,0,0,,,1746778,5428717,-41.27965071,174.7526405
Wellington City,ONEPU ROAD,20,N, ,COCKBURN ST,2312566,28/06/03,Sat,1105,GB,SN1V,158A 372B 929 ,,R,D,O ,F ,D,N,C,50,0,0,1,,54,1750263,5423986,-41.32160458,174.7954029
Wellington City,ONEPU ROAD,, ,I,COUTTS ST,2313031,12/09/03,Fri,1608,NB,VN1E,370A 713B 718B ,,R,D,B ,F ,X,T,C,50,0,1,0,27,,1750286,5424148,-41.32014175,174.7956376
Wellington City,ONEPU ROAD,, ,I,COUTTS ST,2351725,19/04/03,Sat,1918,LB,CN1C,303A ,,R,W,DO,L ,X,T,N,50,0,0,0,,,1750286,5424148,-41.32014175,174.7956376
Wellington City,ONEPU ROAD,, ,I,ENDEAVOUR ST,2352468,13/05/03,Tue,1605,HA,CS1C,197A 301B 375B ,,R,D,B ,F ,X,S,C,50,0,0,0,,,1750257,5423826,-41.32304622,174.7953708
Wellington City,ONEPU ROAD,50,N, ,LYALL PARADE,2353175,3/06/03,Tue,1220,JA,CN1C,308B 377B 929 ,,R,D,O ,F ,D,N,C,50,0,0,0,,,1750242,5423210,-41.32859505,174.7953439