TLA NAME,CRASH ROAD,CRASH DIST,CRASH DIRN,INTSN,SIDE ROAD,CRASH ID,CRASH DATE,CRASH DOW,CRASH TIME,MVMT,VEHICLES,CAUSES,OBJECTS STRUCK,ROAD CURVE,ROAD WET,LIGHT,WTHRa,JUNC TYPE,TRAF CTRL,ROAD MARK,SPD LIM,CRASH FATAL CNT,CRASH SEV CNT,CRASH MIN CNT,PERS AGE1,PERS AGE2,EASTING,NORTHING,latitude,longitude
Wellington City,ONEPU ROAD,15,S, ,RONGOTAI ROAD,2356038,26/11/03,Wed,1656,FD,BN1C,112A 801 ,P,R,W,O ,L , ,N,C,50,0,0,0,,,1750342,5424350,-41.31831265,174.7962564
Wellington City,ONEPU ROAD,, ,I,RONGOTAI ROAD,2355845,28/10/03,Tue,1050,LB,BN1C,303B ,,E,W,O ,L ,X,T,R,50,0,0,0,,,1750346,5424365,-41.31817685,174.7963004
Wellington City,ONEPU ROAD,, ,I,RONGOTAI ROAD,2350267,14/02/03,Fri,1340,AC,CN1C,372A 158B ,,E,D,O ,F ,X,T,R,50,0,0,0,,,1750346,5424365,-41.31817685,174.7963004
Wellington City,ONSLOW ROAD,100,S, ,HOMEBUSH ROAD,2353383,15/06/03,Sun,930,BF,CE1C,112A 801 ,,S,W,O ,L , ,N,C,50,0,0,0,,,1751205,5431723,-41.2517699,174.8047319
Wellington City,ONSLOW ROAD,140,S, ,HOMEBUSH ROAD,2354230,26/07/03,Sat,1715,DA,CS1,111A ,E,S,D,O ,F , ,N,C,50,0,0,0,,,1751173,5431708,-41.25191094,174.8043539
Wellington City,ONSLOW ROAD,, ,I,HOMEBUSH ROAD,2352767,10/05/03,Sat,315,QD,CE1,428A ,EF,R,D,DO,FS,T,N,C,50,0,0,0,,,1751189,5431815,-41.25094459,174.8045182
Wellington City,ONSLOW ROAD,40,N, ,HUTT ROAD,2356257,26/11/03,Wed,1725,DA,CS1,111A 801 ,CS,M,W,O ,L , ,N,C,50,0,0,0,,,1750861,5431458,-41.25422007,174.8006935
Wellington City,ONSLOW ROAD,500,N, ,HUTT ROAD,2353784,11/07/03,Fri,1740,FD,VN1V,181A 331A 512A ,,S,W,TO,L , ,N,C,50,0,0,0,,,1751067,5431716,-41.25185873,174.8030873
Wellington City,ORIENTAL PARADE,, ,I,CABLE ST,2353279,1/07/03,Tue,30,BB,CE1T,176A 201A ,,R,D,DO,F ,T,T,R,50,0,0,0,,,1749487,5427226,-41.29257788,174.7853391
Wellington City,ORIENTAL PARADE,90,W, ,CARLTON GORE ROAD,2312998,9/10/03,Thu,855,LB,SW1C,303B 377B 929 ,,R,D,O ,F ,D,N,C,50,0,0,1,,38,1750631,5427656,-41.28849377,174.7988892
Wellington City,ORIENTAL PARADE,250,W, ,CARLTON GORE ROAD,2352260,12/05/03,Mon,1406,MC,CE1C,372A ,,E,D,B ,F , ,N,P,50,0,0,0,,,1750498,5427570,-41.28929286,174.7973229
Wellington City,ORIENTAL PARADE,100,E, ,HERD ST,2353336,5/07/03,Sat,130,MC,CE1V,103B 372B ,,R,W,DO,H , ,N,P,50,0,0,0,,,1749690,5427321,-41.29168493,174.7877391
Wellington City,ORIENTAL PARADE,350,E, ,HERD ST,2352636,17/05/03,Sat,1430,MA,VE1C,373B ,,R,D,B ,F , ,N,C,50,0,0,0,,,1749920,5427404,-41.29089497,174.7904643
Wellington City,ORIENTAL PARADE,400,E, ,HERD ST,2355108,5/10/03,Sun,138,DB,CE1C,111A 131A ,M,M,D,DO,F , ,N,R,50,0,0,0,,,1749965,5427426,-41.29068854,174.790996
Wellington City,ORIENTAL PARADE,150,W, ,ORIENTAL TERRACE,2354722,6/09/03,Sat,1230,BC,CE1C,121A 332A ,,S,D,B ,F , ,N,C,50,0,0,0,,,1750036,5427404,-41.29087342,174.791849
Wellington City,ORIENTAL PARADE,150,W, ,ORIENTAL TERRACE,2355308,6/09/03,Sat,356,DA,CE1,103A 129A ,,E,W,DO,L , ,N,C,50,0,0,0,,,1750036,5427404,-41.29087342,174.791849
Wellington City,ORIENTAL PARADE,150,W, ,ORIENTAL TERRACE,2352432,24/04/03,Thu,1310,EA,VE1CC,352A ,M,M,D,O ,F , ,N,C,50,0,0,0,,,1750036,5427404,-41.29087342,174.791849
Wellington City,ORIENTAL TERRACE,60,W, ,ORIENTAL PARADE,2352008,7/02/03,Fri,1700,QD,TE1C,611A ,Q,R,D,B ,F , ,N,N,50,0,0,0,,,1750127,5427322,-41.29159478,174.7929555
Wellington City,PALLISER ROAD,300,E, ,BAYVIEW TERRACE,2354017,1/08/03,Fri,1145,DA,CN1,358A ,C,S,D,O ,F , ,N,C,50,0,0,0,,,1750228,5427058,-41.29395287,174.7942263
Wellington City,PALLISER ROAD,620,S, ,BAYVIEW TERRACE,2355528,20/09/03,Sat,2139,EA,CS1C,111A 121A ,M,S,D,DO,F , ,N,C,50,0,0,0,,,1750446,5427008,-41.29436243,174.7968411
Wellington City,PALLISER ROAD,, ,I,GRAFTON ROAD,2351906,24/05/03,Sat,1720,BA,CS1C,101A 170A 602A ,,R,W,DO,L ,Y,G,N,50,0,0,0,,,1750758,5427132,-41.29318781,174.8005349
Wellington City,PARA ST,, ,I,REX ST,2312301,8/07/03,Tue,1730,KA,SN1C,303B 375B ,,E,D,TO,F ,T,N,N,50,0,0,1,,55,1752495,5424836,-41.31353287,174.8218457
Wellington City,PARKVALE ROAD,20,E, ,DAVID CRESCENT,2351030,7/02/03,Fri,1045,MO,CN1,402A 423A ,F,E,D,O ,F , ,N,C,50,0,0,0,,,1745379,5428533,-41.28156045,174.7359867
Wellington City,PARKVALE ROAD,40,N, ,KARORI ROAD,2311949,23/04/03,Wed,1330,MF,CS1C,330B 352B ,,R,D,B ,F , ,N,N,50,0,0,1,,,1745493,5428221,-41.28434906,174.7374219
Wellington City,PEMBROKE ROAD,40,N, ,CHESHIRE ST,2354704,14/09/03,Sun,2300,EA,CN1C,102A 129A 801 ,M,E,W,DO,L , ,N,C,50,0,0,0,,,1747328,5429186,-41.27532789,174.7590916
Wellington City,PEMBROKE ROAD,70,N, ,HEREFORD ST,2350077,12/01/03,Sun,400,DA,CN1,101A 133A ,P,M,D,DO,F , ,N,C,50,0,0,0,,,1747469,5429667,-41.27097145,174.760658
Wellington City,PIPITEA ST,30,E, ,MOLESWORTH ST,2356366,7/11/03,Fri,1155,MO,TE1C,386A 402A 926 ,M,R,D,O ,F ,D,N,C,50,0,0,0,,,1748927,5429137,-41.27547581,174.7781868
Wellington City,PIRIE ST,, ,I,AUSTIN ST,2312070,2/05/03,Fri,830,HA,CE1CC,301B 375B ,,R,D,O ,F ,X,S,C,50,0,0,2,,,1749617,5426546,-41.29867609,174.7870582
Wellington City,PIRIE ST,80,W, ,BROUGHAM ST,2353933,11/08/03,Mon,1500,QD,CW1,428A ,C,R,W,O ,L , ,N,C,50,0,0,0,,,1749347,5426666,-41.2976457,174.7838053
Wellington City,PIRIE ST,30,E, ,KENT TERRACE,2355116,17/10/03,Fri,1830,EE,XE1C,374B ,M,R,D,B ,F , ,N,C,50,0,0,0,,,1749248,5426711,-41.29725886,174.7826123
Wellington City,PURIRI ST,100,E, ,PARK ROAD,2355922,4/12/03,Thu,1823,MC,CE1C,372B ,,R,D,O ,F , ,N,N,50,0,0,0,,,1752493,5425119,-41.31098535,174.8217509
Wellington City,QUEENS DRIVE,, ,I,CRUICKSHANK ST,2355837,22/11/03,Sat,2350,MO,VS1C,371A ,M,R,D,DO,F ,T,N,C,50,0,0,0,,,1750121,5424089,-41.32070368,174.7936816
Wellington City,QUEENS DRIVE,, ,I,CRUICKSHANK ST,2353332,8/07/03,Tue,1745,BA,VS1C,102A 128A ,,R,D,DO,F ,T,N,C,50,0,0,0,,,1750121,5424089,-41.32070368,174.7936816
Wellington City,QUEENS DRIVE,100,N, ,HUNGERFORD ROAD,2311927,31/03/03,Mon,1230,EA,SN1C,370A 440B 903 ,M,R,D,O ,FS, ,N,C,50,0,1,0,,31,1749944,5422317,-41.33669048,174.792005
Wellington City,QUEENS DRIVE,, ,I,RUA ST,2354491,23/08/03,Sat,2348,KA,CS1C,302B ,,R,W,DN,F ,X,G,R,50,0,0,0,,,1749940,5423059,-41.33001077,174.7917741
Wellington City,QUEENS DRIVE,, ,I,SUTHERLAND ROAD,2353419,30/07/03,Wed,1545,DA,CN1,111A 330A ,P,E,D,B ,F ,Y,G,P,50,0,0,0,,,1749841,5422709,-41.33318034,174.7906779
Wellington City,QUEENS DRIVE,, ,I,TAVISTOCK ROAD,2354830,6/10/03,Mon,1215,KB,CN1C,303B ,,E,D,B ,F ,T,G,C,50,0,0,0,,,1749998,5423537,-41.3256964,174.7923489
Wellington City,RAKAU ROAD,200,W, ,HATAITAI ROAD,2354495,24/09/03,Wed,2040,EA,CE1CC,102A 924 ,MM,M,D,DO,F , ,N,C,50,0,0,0,,,1750556,5426538,-41.29857349,174.7982705
Wellington City,RANGOON ST,80,S, ,BURMA ROAD,2350193,5/01/03,Sun,1845,BC,CS1C,121A 137A ,,M,D,B ,F , ,N,N,50,0,0,0,,,1750567,5433068,-41.2397794,174.7967887
Wellington City,RANGOON ST,150,W, ,GURKHA CRESCENT,2352437,26/04/03,Sat,2317,BC,CE1V,103A 112A ,,S,W,DO,L , ,N,N,50,0,0,0,,,1750712,5432770,-41.24243541,174.7985918
Wellington City,RANGOON ST,, ,I,OMAR ST,2352275,11/05/03,Sun,1217,BB,CE1C,124A ,,R,D,O ,F ,T,N,C,50,0,0,0,,,1750575,5433061,-41.23984094,174.7968859
Wellington City,RANUI CRESCENT,500,N, ,CASHMERE AVENUE,2350260,19/02/03,Wed,150,EA,CS1C,129A ,M,S,D,DO,F , ,N,N,50,0,0,0,,,1750711,5432230,-41.24729743,174.7987133
Wellington City,RAROA CRESCENT,, ,I,CHAYTOR ST,2311592,28/03/03,Fri,1920,FB,CW1C,104A 181A ,,M,W,DO,L ,Y,G,C,50,0,0,1,,,1746887,5428152,-41.28471791,174.7540777
Wellington City,RAROA ROAD,20,S, ,MOUNT PLEASANT ROAD,2312163,20/06/03,Fri,2210,BF,CS1C,132A ,,M,W,DO,F , ,N,C,50,0,0,1,,,1747149,5427098,-41.29415993,174.7574598
Wellington City,RAROA TERRACE,50,N, ,WOODMAN DRIVE,2356169,29/07/03,Tue,1035,ED,CN1T,111A 444B 804 ,Q,M,D,B ,F , ,N,C,50,0,0,0,,,1754363,5441331,-41.16466978,174.8399805
Wellington City,RAUKAWA ST,, ,I,MONORGAN ROAD,2353378,25/06/03,Wed,2130,DA,VS2,124A 330A 862 ,IS,R,D,DO,F ,T,G,R,50,0,0,0,,,1752153,5423196,-41.32836269,174.8181723
Wellington City,REDWOOD AVENUE,60,N, ,ORIEL AVENUE,2355382,8/12/03,Mon,1500,EA,LS1C,129A ,M,R,D,B ,F , ,N,C,50,0,0,0,,,1752777,5439445,-41.18195059,174.8215553
Wellington City,REX ST,30,W, ,PARA ST,2355286,7/11/03,Fri,1300,MA,CE1C,373B ,,R,D,O ,F , ,N,N,50,0,0,0,,,1752469,5424851,-41.31340274,174.8215315
Wellington City,RIDDIFORD ST,30,N, ,CONSTABLE ST,2354705,24/08/03,Sun,1445,EE,BN1C,374B 443B ,Q,R,W,O ,L , ,N,C,50,0,0,0,,,1748973,5424912,-41.31350679,174.7797698
Wellington City,RIDDIFORD ST,100,S, ,CONSTABLE ST,2353445,17/07/03,Thu,2000,EA,CS1C,386A 445B ,Q,R,D,DO,F , ,N,R,50,0,0,0,,,1749000,5424785,-41.31464524,174.7801233
Wellington City,RIDDIFORD ST,, ,I,CONSTABLE ST,2313022,9/10/03,Thu,1700,JA,SS1B,120A 170A 386B ,,R,D,B ,F ,T,T,C,50,0,0,1,,20,1748980,5424883,-41.3137666,174.7798605
Wellington City,RIDDIFORD ST,20,N, ,DONALD MCLEAN ST,2352770,4/05/03,Sun,1310,MA,CN1C,373B ,,R,D,O ,F , ,N,C,50,0,0,0,,,1749017,5424699,-41.31541639,174.7803474
Wellington City,RIDDIFORD ST,, ,I,DONALD MCLEAN ST,2354702,18/04/03,Fri,300,CA,CN1,110A 402A 517A ,P,R,W,DO,L ,T,G,C,50,0,0,0,,,1749021,5424680,-41.31558671,174.7803998
Wellington City,RIDDIFORD ST,, ,I,DONALD MCLEAN ST,2351237,5/02/03,Wed,920,DA,CN1C,131A ,M,R,D,B ,F ,T,G,P,50,0,0,0,,,1749021,5424680,-41.31558671,174.7803998
Wellington City,RIDDIFORD ST,, ,I,DONALD MCLEAN ST,2313465,24/11/03,Mon,800,JC,CW2S,302A 375A ,,R,D,O ,F ,T,G,C,50,0,0,1,,40,1749021,5424680,-41.31558671,174.7803998
Wellington City,RIDDIFORD ST,50,N, ,GORDON ST,2351163,8/04/03,Tue,1130,MO,VN1C,386A 924 ,M,R,D,B ,F ,D,N,C,50,0,0,0,,,1749018,5424695,-41.31545222,174.7803603
Wellington City,RIDDIFORD ST,, ,I,HALL ST,2313341,14/11/03,Fri,1530,NA,CN1E,713B 726B ,,R,W,O ,L ,X,T,C,50,0,0,1,4,,1748917,5425201,-41.31091515,174.7790303
Wellington City,RIDDIFORD ST,, ,I,HALL ST,2351597,17/03/03,Mon,950,LB,MN1C,303A 377A ,,R,D,O ,F ,X,T,P,50,0,0,0,,,1748917,5425201,-41.31091515,174.7790303
Wellington City,RIDDIFORD ST,40,N, ,HOSPITAL PED XING,2354360,25/06/03,Wed,800,MO,CS1CCC,423A 507A 926 ,,R,D,B ,F , ,N,R,50,0,0,0,,,1748880,5425378,-41.30932838,174.7785451
Wellington City,RIDDIFORD ST,20,N, ,MEIN ST,2351722,12/04/03,Sat,1730,FD,CS1CC,133A 423A ,,R,D,O ,F , ,N,C,50,0,0,0,,,1748913,5425221,-41.31073582,174.7789776
Wellington City,RIDDIFORD ST,, ,I,MEIN ST,2313025,9/09/03,Tue,1328,NF,CN1E,101A 353A 370A 718B 725B ,,R,W,O ,LS,X,T,C,50,0,0,1,75,,1748917,5425201,-41.31091515,174.7790303
Wellington City,RIDDIFORD ST,, ,I,NEWTOWN AVENUE,2312215,2/06/03,Mon,1747,NA,CN1E,712B 727B ,,R,D,DO,F ,T,T,C,50,0,0,1,2,,1748992,5424824,-41.31429558,174.7800182
Wellington City,RIDDIFORD ST,20,N, ,REGINA TERRACE,2353109,22/05/03,Thu,1235,AO,VN1C,194A 691A ,,R,D,B ,F , ,N,X,50,0,0,0,,,1748887,5425342,-41.30965121,174.7786375
Wellington City,RIDDIFORD ST,, ,I,RHODES ST,2351511,7/04/03,Mon,1800,LB,CS1C,302A ,,R,W,DN,L ,R,G,R,50,0,0,0,,,1749043,5424557,-41.31669006,174.7806927
Wellington City,RIDDIFORD ST,10,S, ,RINTOUL ST,2355988,12/11/03,Wed,930,CB,CN1C,137A 331A 423A ,M,R,D,B ,F ,Y,T,C,50,0,0,0,,,1748931,5425112,-41.31171387,174.7792192
Wellington City,RINTOUL ST,, ,I,COLOMBO ST,2312785,11/09/03,Thu,1124,JA,CN1C,309B ,,R,W,O ,F ,T,N,C,50,0,0,1,,,1748906,5425028,-41.31247477,174.7789413
Wellington City,RINTOUL ST,, ,I,HERALD ST,2353421,24/07/03,Thu,850,JA,VN1C,302B ,,R,D,B ,F ,X,G,C,50,0,0,0,,,1748794,5424110,-41.32076056,174.7778285
Wellington City,RINTOUL ST,, ,I,LUXFORD ST,2313484,28/12/03,Sun,1424,BC,CE2C,103A 111A 123A ,,E,D,B ,F ,X,S,C,50,0,0,1,,,1748800,5424200,-41.31994915,174.7778781
Wellington City,RINTOUL ST,20,N, ,MILLWARD ST,2354695,5/09/03,Fri,1010,MD,CN1C,112A 331A 801 929 ,,R,W,O ,L ,D,N,C,50,0,0,0,,,1748871,5424886,-41.31375971,174.7785581
Wellington City,RINTOUL ST,10,S, ,MILLWARD ST,2352763,29/05/03,Thu,1100,MD,CN1V,371B 839 929 ,,R,D,B ,F ,D,N,C,50,0,0,0,,,1748864,5424857,-41.3140221,174.7784816
Wellington City,RINTOUL ST,, ,I,MILLWARD ST,2354072,11/09/03,Thu,946,JA,CS1C,309B ,,R,D,O ,F ,T,N,C,50,0,0,0,,,1748866,5424867,-41.3139317,174.778503
Wellington City,ROLLESTON ST,10,W, ,WALLACE ST,2351717,3/04/03,Thu,1330,EE,TE1C,374A ,M,R,D,O ,F ,T,S,C,50,0,0,0,,,1748548,5426135,-41.30257399,174.774396
Wellington City,RONGOTAI ROAD,, ,I,BAY ROAD,2355972,26/11/03,Wed,1930,KA,VW1C,322A ,,R,W,TO,H ,X,T,C,50,0,0,0,,,1750240,5424398,-41.3178995,174.7950264
Wellington City,RONGOTAI ROAD,, ,I,BAY ROAD,2313011,14/10/03,Tue,1740,HA,CN2C,322B 351B ,,R,D,B ,F ,X,T,L,50,0,0,1,,,1750241,5424398,-41.31789931,174.7950384
Wellington City,RONGOTAI ROAD,, ,I,LONSDALE CRESCENT,2353491,1/08/03,Fri,850,LB,CW1C,353A 363B ,,M,D,B ,F ,T,N,C,50,0,0,0,,,1750917,5424249,-41.31911458,174.8031482
Wellington City,RONGOTAI ROAD,, ,I,MAHORA ST,2352757,9/05/03,Fri,830,KB,CW1C,302B 377B ,,R,D,B ,F ,T,G,R,50,0,0,0,,,1750445,5424343,-41.31835646,174.7974882
Wellington City,RONGOTAI ROAD,, ,I,ONEPU ROAD,2351594,8/03/03,Sat,1720,GF,TW1C,172A 372A 386A ,P,R,D,O ,F ,X,T,C,50,0,0,0,,,1750346,5424365,-41.31817685,174.7963004
Wellington City,RONGOTAI ROAD,60,E, ,ROSS ST,2311121,13/01/03,Mon,1640,CB,CE1,129A 352A 402A ,P,R,D,BF,F , ,N,C,50,0,0,2,,,1750603,5424310,-41.31862408,174.7993832
Wellington City,RONGOTAI ROAD,, ,I,SALEK ST,2350697,1/02/03,Sat,1630,HA,CW1C,301A ,,R,D,B ,F ,X,S,R,50,0,0,0,,,1750803,5424252,-41.3191089,174.801786
Wellington City,RONGOTAI ROAD,, ,I,TROY ST,2313131,2/10/03,Thu,835,DB,CE1B,126A 131A 501A ,IX,M,D,OF,F ,Y,G,R,50,0,0,2,,,1750801,5424258,-41.31905525,174.8017607
Wellington City,RUA ST,50,W, ,FREYBERG ST,2352147,5/03/03,Wed,1825,MB,VW1C,133A 382A ,,R,D,TF,F , ,N,C,50,0,0,0,,,1750031,5423057,-41.33001185,174.7928615
Wellington City,RUSSELL TERRACE,, ,I,HERALD ST,2355316,20/10/03,Mon,1716,LB,CN1V,303B 387B ,,R,D,O ,F ,T,S,C,50,0,0,0,,,1749009,5424098,-41.3208289,174.7803991
Wellington City,RUSSELL TERRACE,50,S, ,WARIPORI ST,2355147,19/10/03,Sun,2112,BA,VS1C,120A ,,R,D,DO,F , ,N,C,50,0,0,0,,,1749019,5424263,-41.31934149,174.7804781
Wellington City,SALAMANCA ROAD,80,N, ,KELBURN PARADE,2352231,23/05/03,Fri,1020,KB,CW1C,308A 831 927 ,,M,D,O ,F ,D,N,C,50,0,0,0,,,1748142,5427976,-41.28607323,174.7691006
Wellington City,SALFORD ST,, ,I,RUSKIN ROAD E,2354349,26/07/03,Sat,800,DB,CS1C,135A 802 ,,E,I,B ,F ,T,N,C,50,0,0,0,,,1752250,5434196,-41.22930854,174.8165819
Wellington City,SALFORD ST,, ,I,RUSKIN ROAD E,2353995,26/07/03,Sat,800,DB,VS1,135A 802 ,P,M,I,B ,F ,T,G,C,50,0,0,0,,,1752250,5434196,-41.22930854,174.8165819
Wellington City,SALFORD ST,50,E, ,RUSKIN ROAD W,2353996,26/07/03,Sat,1650,DA,CE1C,132A 135A 804 ,M,M,D,O ,F , ,N,C,50,0,0,0,,,1752075,5434426,-41.22727068,174.8144376
Wellington City,SAR ST,60,N, ,HUTT ROAD,2352114,2/05/03,Fri,500,CA,CN1VC,103A 514A 512B ,C,R,D,DO,F , ,N,C,50,0,0,0,,,1749227,5430140,-41.26638997,174.7815216
Wellington City,SEVERN ST,50,S, ,MOSELLE ST,2355101,10/10/03,Fri,345,EA,CN1CCC,137A 197A ,M,R,W,DO,L , ,N,C,50,0,0,0,,,1747912,5421897,-41.3408474,174.7678337
Wellington City,SEVERN ST,100,S, ,MOSELLE ST,2352280,11/05/03,Sun,1420,GD,CS1C,331A 929 ,,R,D,B ,F ,D,N,C,50,0,0,0,,,1747870,5421870,-41.3410982,174.7673385
Wellington City,SHELLY BAY ROAD,250,N, ,ARANUI ST,2313513,31/12/03,Wed,1450,DA,CS1,111A ,C,M,D,B ,F , ,N,C,50,0,0,3,,,1751745,5425225,-41.31017206,174.8127928
Wellington City,SHORT ST,, ,I,DRANSFIELD ST,2350323,2/01/03,Thu,2140,DB,CN1CC,111A 400A 423A ,HM,E,D,TO,F ,X,N,P,50,0,0,0,,,1748188,5425020,-41.31267902,174.7703694
Wellington City,SLIP,100,S, ,GHUZNEE ST,2356139,20/12/03,Sat,1500,QD,CW1C,611A ,M,R,D,O ,F , ,N,N,50,0,0,0,,,1748495,5427141,-41.29352627,174.7735178
Wellington City,SOUTH KARORI ROAD,1900,S, ,HAZLEWOOD AVENUE S,2353290,14/06/03,Sat,1400,DB,CN1,111A 132A 402A ,C,M,D,O ,F , ,N,N,50,0,0,0,,,1742981,5425702,-41.30747829,174.7080292
Wellington City,SOUTH KARORI ROAD,600,S, ,KARORI ROAD,2353794,27/08/03,Wed,1215,BC,CS1CC,111A 121A ,M,E,W,O ,L , ,N,C,50,0,0,0,,,1744220,5427190,-41.29386026,174.7224711
Wellington City,SOUTH MAKARA ROAD,2200,S, ,MAKARA ROAD,2352038,24/04/03,Thu,1615,JA,CS1C,308A 378B 831 832 929 ,,M,W,O ,L ,D,N,N,100,0,0,0,,,1741868,5428280,-41.28446291,174.6941382
Wellington City,STATION ROAD,30,E, ,BOX HILL,2311656,8/04/03,Tue,845,MC,SE1C,372B ,,R,D,O ,F , ,N,C,50,0,0,1,,42,1750225,5432819,-41.24208486,174.7927707
Wellington City,STELLA GROVE,100,W, ,NEWLANDS ROAD,2313130,18/10/03,Sat,1139,MO,TE1C,136A 426A 614A 929 ,FM,E,D,B ,F , ,N,N,50,0,0,1,,,1752425,5434500,-41.22653857,174.818593
Wellington City,STEPHEN ST,, ,I,DUNCAN ST,2352073,6/06/03,Fri,2113,DB,CS2C,111A 131A ,M,R,W,O ,L ,T,N,C,50,0,0,0,,,1753449,5440951,-41.16826455,174.8291863
Wellington City,STEWART DRIVE,, ,I,BATCHELOR ST,2352796,11/05/03,Sun,1225,LB,CW1V,303B 382B ,,R,D,O ,F ,T,G,C,50,0,0,0,,,1752721,5434974,-41.22221518,174.8220044
Wellington City,STEWART DRIVE,100,W, ,BRACKEN ROAD,2353997,15/07/03,Tue,1025,EA,VE1C,129A 331A ,M,R,D,B ,F , ,N,C,50,0,0,0,,,1752739,5434970,-41.22224779,174.8222201
Wellington City,STEWART DRIVE,, ,I,FITZPATRICK ST,2352285,14/05/03,Wed,1515,GD,CE1C,331A ,,R,D,O ,F ,T,N,C,50,0,0,0,,,1752292,5435097,-41.22118862,174.8168581
Wellington City,STEWART DUFF DRIVE,, ,I,ACCESS ROAD,2352775,28/05/03,Wed,1245,LB,CN2C,302A ,,M,W,B ,F ,R,G,R,50,0,0,0,,,1751616,5423342,-41.32714939,174.811722
Wellington City,STOUT ST,, ,I,BALLANCE ST,2351536,8/04/03,Tue,930,GC,CN1X,171A 372A ,,R,D,B ,F ,X,G,X,50,0,0,0,,,1748819,5428545,-41.28082576,174.7770425
Wellington City,STRATHMORE AVENUE,60,N, ,ELPHINSTONE AVENUE,2356238,4/12/03,Thu,2240,DB,CS1,111A 135A 402A 801 ,CT,M,W,DO,F , ,N,C,50,0,0,0,,,1752405,5423081,-41.32935045,174.821211
Wellington City,STRATHMORE AVENUE,, ,I,SIDLAW ST,2351554,28/03/03,Fri,1200,JA,CW1V,302A 375B ,,E,D,O ,F ,X,G,C,50,0,0,0,,,1752405,5422870,-41.33125012,174.821264
Wellington City,SUTHERLAND ROAD,200,S, ,CARLTON ST,2350815,17/01/03,Fri,1845,BB,CN1C,123A 836 ,,E,D,B ,F , ,N,N,50,0,0,0,,,1749777,5423165,-41.32908672,174.789801
Wellington City,TACY ST,, ,I,KEMP ST,2311588,2/04/03,Wed,1930,HA,CN1C,302A ,,R,D,DO,F ,X,G,C,50,0,0,1,,,1750442,5424462,-41.31728563,174.7974229
Wellington City,TAIAROA ST,20,S, ,RAHUI ST,2353327,6/07/03,Sun,230,DB,CN1C,137A 352A ,M,E,W,DO,HS, ,N,N,50,0,0,0,,,1752071,5422783,-41.33209648,174.8172963
Wellington City,TAKAPU ROAD,1000,N, ,JAMAICA DRIVE,2313273,30/07/03,Wed,830,DA,CN1,363A 386A 632A ,CP,M,D,B ,F , ,N,N,100,0,0,1,,,1754771,5439758,-41.17875418,174.8452388
Wellington City,TAKAPU ROAD,, ,I,JAMAICA DRIVE,2353754,20/08/03,Wed,2100,DB,CN2,136A 613A ,TZ,E,D,DO,F ,T,G,C,70,0,0,0,,,1753962,5439552,-41.18076296,174.8356502
Wellington City,TAKAPU ROAD,, ,I,JAMAICA DRIVE,2356105,24/12/03,Wed,936,GB,CE1T,158A 927 ,,R,D,O ,F ,D,G,C,100,0,0,0,,,1753962,5439552,-41.18076296,174.8356502
Wellington City,TAKAPU ROAD,, ,I,JAMAICA DRIVE,2312728,19/09/03,Fri,630,LB,VW1T,303B 375B 377B ,,R,D,B ,F ,T,G,C,100,0,0,1,,,1753962,5439552,-41.18076296,174.8356502
Wellington City,TAKAPU ROAD,50,W, ,TAWA OFF NBD,2352862,27/06/03,Fri,1700,JA,CW1T,312B 382B ,,E,D,TF,F , ,N,C,100,0,0,0,,,1753528,5439036,-41.18549102,174.8306077
Wellington City,TAKAPU ROAD,, ,I,TAWA OFF NBD,2351166,13/04/03,Sun,1750,JA,CW1C,301A ,,E,D,O ,F ,T,S,C,100,0,0,0,,,1753593,5439051,-41.18534365,174.8313785
Wellington City,TAKAPU ROAD,, ,I,TAWA OFF NBD,2351702,16/05/03,Fri,820,JA,CW1V,321B 375B ,,E,D,O ,F ,T,S,C,100,0,0,0,,,1753593,5439051,-41.18534365,174.8313785
Wellington City,TAKAPU ROAD,, ,I,TAWA OFF NBD,2351757,14/04/03,Mon,1701,JA,CW1C,301B 382B ,,R,D,TF,F ,T,S,C,100,0,0,0,,,1753593,5439051,-41.18534365,174.8313785
Wellington City,TAKAPU ROAD,, ,I,TAWA OFF NBD,2351286,5/04/03,Sat,1420,JA,CW1C,301B 382B ,,E,W,B ,L ,T,S,C,100,0,0,0,,,1753593,5439051,-41.18534365,174.8313785
Wellington City,TAKAPU ROAD,, ,I,TAWA OFF SBD,2313316,19/12/03,Fri,1617,JA,CS1C,301A 375A 387A ,,R,D,B ,F ,X,S,C,50,0,0,2,,,1753701,5439145,-41.18447686,174.8326421
Wellington City,TAKARAU GORGE ROAD,3200,S, ,OHARIU VALLEY ROAD,2313144,18/10/03,Sat,1345,CB,VS1,134A ,C,R,D,B ,F , ,N,N,100,0,0,3,,,1746945,5434511,-41.22745341,174.753238
Wellington City,TANERA CRESCENT,, ,I,OHIRO ROAD,2355850,3/11/03,Mon,1120,DB,CS1V,137A 122B ,E,E,D,B ,F ,Y,G,C,50,0,0,0,,,1747667,5426101,-41.30304181,174.7638856
Wellington City,TARANAKI ST,, ,I,ABEL SMITH ST,2355287,14/11/03,Fri,1915,GD,CS1C,331A 372B ,,R,D,O ,F ,T,S,P,50,0,0,0,,,1748721,5426755,-41.29695999,174.77631
Wellington City,TARANAKI ST,20,S, ,CABLE ST,2350081,15/01/03,Wed,840,LB,VS1T,377A 922 ,,R,D,B ,F ,D,N,C,50,0,0,0,,,1749042,5427455,-41.29059838,174.7799709