TLA NAME,CRASH ROAD,CRASH DIST,CRASH DIRN,INTSN,SIDE ROAD,CRASH ID,CRASH DATE,CRASH DOW,CRASH TIME,MVMT,VEHICLES,CAUSES,OBJECTS STRUCK,ROAD CURVE,ROAD WET,LIGHT,WTHRa,JUNC TYPE,TRAF CTRL,ROAD MARK,SPD LIM,CRASH FATAL CNT,CRASH SEV CNT,CRASH MIN CNT,PERS AGE1,PERS AGE2,EASTING,NORTHING,latitude,longitude
Wellington City,TARANAKI ST,, ,I,COURTENAY PLACE,2351071,17/04/03,Thu,2000,FE,CN1X,331A 801 ,,R,W,DO,L ,X,T,R,50,0,0,0,,,1748949,5427248,-41.29247926,174.7789113
Wellington City,TARANAKI ST,, ,I,COURTENAY PLACE,2355082,8/10/03,Wed,530,LB,XE2T,370A ,,R,D,DO,FF,X,T,C,50,0,0,0,,,1748949,5427248,-41.29247926,174.7789113
Wellington City,TARANAKI ST,, ,I,FREDERICK ST,2353873,2/07/03,Wed,910,AC,CN1V,372A ,,R,D,B ,F ,T,N,C,50,0,0,0,,,1748765,5426857,-41.29603353,174.7768104
Wellington City,TARANAKI ST,20,N, ,GHUZNEE ST,2350858,17/01/03,Fri,2250,AA,XN1C,143A 370A 381A ,,R,D,DO,F , ,N,R,50,0,0,0,,,1748874,5427098,-41.29384361,174.7780527
Wellington City,TARANAKI ST,, ,I,WAKEFIELD ST,2354528,23/08/03,Sat,445,HA,XW2C,322B 359B ,,R,W,DO,L ,M,T,C,50,0,0,0,,,1749013,5427391,-41.29117995,174.7796403
Wellington City,TARANAKI ST,50,S, ,WEBB ST,2311851,18/03/03,Tue,1015,ED,CN1E,129A 817 ,R,R,D,B ,F , ,N,C,50,0,0,1,50,,1748633,5426547,-41.29884892,174.7753102
Wellington City,TARANAKI ST,100,S, ,WEBB ST,2355013,7/08/03,Thu,1830,AC,CS1C,381A ,,R,D,DO,F , ,N,P,50,0,0,0,,,1748613,5426501,-41.29926676,174.7750827
Wellington City,TARANAKI ST,180,S, ,WEBB ST,2311206,3/02/03,Mon,1230,NA,CN1E,712B ,,R,D,B ,F , ,N,C,50,0,0,1,23,,1748581,5426428,-41.2999299,174.7747185
Wellington City,TARANAKI ST,, ,I,WEBB ST,2365385,22/09/03,Mon,1436,GA,BN1T,181A ,,R,D,B ,F ,T,T,R,50,0,0,0,,,1748654,5426592,-41.2984399,174.77555
Wellington City,TARANAKI ST,, ,I,WEBB ST,2350700,23/02/03,Sun,1720,LB,CN1C,303A ,,R,D,B ,F ,T,T,R,50,0,0,0,,,1748654,5426592,-41.2984399,174.77555
Wellington City,TARANAKI ST,15,S, ,YORK ST,2312460,5/07/03,Sat,1730,FD,CS1MC,112A 181A ,,R,I,DO,S , ,N,C,50,0,0,1,,,1748902,5427147,-41.29339727,174.778375
Wellington City,TARANAKI ST,, ,I,YORK ST,2351552,22/03/03,Sat,1208,JA,CS1C,303A 377A ,,R,D,O ,F ,T,N,L,50,0,0,0,,,1748909,5427161,-41.29326993,174.7784551
Wellington City,TARANAKI ST,, ,I,YORK ST,2354689,16/09/03,Tue,1553,MB,CS1V,303B 382B ,,R,D,O ,F ,T,N,L,50,0,0,0,,,1748909,5427161,-41.29326993,174.7784551
Wellington City,TAWA OFF NBD,30,N, ,SH 1N,2312710,13/09/03,Sat,1010,FF,CN1C,378A 820 831 ,,M,W,O ,LS, ,N,N,100,0,0,1,,,1753607,5438762,-41.18794296,174.8316179
Wellington City,TAWA ST,, ,I,DUNCAN ST,2354333,3/09/03,Wed,130,DA,CS2,103A 111A ,P,R,D,DO,F ,X,N,C,50,0,0,0,,,1753311,5440188,-41.17516024,174.827733
Wellington City,THE ESPLANADE,10,E, ,BRIGHTON ST,2313405,14/12/03,Sun,1443,MO,CE1M,372A ,,E,D,B ,F ,T,N,C,50,0,0,2,,,1748413,5421652,-41.34296111,174.7738787
Wellington City,THE ESPLANADE,100,W, ,HOUGHTON BAY ROAD,2313171,16/11/03,Sun,815,DB,CE1,111A ,F,S,W,O ,F , ,N,C,50,0,0,1,,,1749273,5421733,-41.34207298,174.784133
Wellington City,THE ESPLANADE,600,W, ,HOUGHTON BAY ROAD,2356232,13/07/03,Sun,700,CC,CW1,101A 125A ,HP,R,D,TO,F , ,N,C,50,0,0,0,,,1748914,5421430,-41.34486742,174.7799185
Wellington City,THE PARADE,80,N, ,AVON ST,2353131,18/06/03,Wed,1600,FD,CS1CC,331A ,,R,D,B ,F , ,N,C,50,0,0,0,,,1748412,5422793,-41.33268843,174.773588
Wellington City,THE PARADE,100,N, ,AVON ST,2312303,8/07/03,Tue,1835,EE,SS1C,374B ,M,R,W,DO,F , ,N,C,50,0,0,1,,42,1748414,5422813,-41.332508,174.773607
Wellington City,THE PARADE,120,N, ,HUMBER ST,2356333,24/08/03,Sun,45,CA,VS1O,103A 137A 817 ,MR,R,D,DO,F , ,N,P,50,0,0,0,,,1748236,5422039,-41.33950938,174.7716697
Wellington City,THE PARADE,, ,I,HUMBER ST,2352166,18/04/03,Fri,1440,HA,XN1C,302A ,,R,W,O ,L ,X,G,C,50,0,0,0,,,1748199,5421925,-41.34054257,174.7712555
Wellington City,THE PARADE,50,N, ,MEDWAY ST,2354801,25/09/03,Thu,1728,EE,BN1C,386A 374B ,Q,R,D,TO,F , ,N,C,50,0,0,0,,,1748391,5422603,-41.33440295,174.7733836
Wellington City,THE PARADE,200,S, ,MEDWAY ST,2356390,9/12/03,Tue,1930,MC,CN1V,112A 372B ,,R,D,B ,F , ,N,C,50,0,0,0,,,1748341,5422360,-41.33659997,174.7728456
Wellington City,THE PARADE,, ,I,MEDWAY ST,2352389,7/06/03,Sat,2320,MO,BS1C,103B 308B 929 ,,R,D,DO,F ,D,N,C,50,0,0,0,,,1748386,5422553,-41.33485404,174.773336
Wellington City,THE PARADE,250,S, ,MERSEY ST,2351729,18/04/03,Fri,1830,EA,BS1V,129A ,MF,R,W,DO,LS, ,N,C,50,0,0,0,,,1748241,5422054,-41.33937341,174.7717257
Wellington City,THE PARADE,120,N, ,TAMAR ST,2313562,8/10/03,Wed,900,EA,VN1C,410A ,M,R,D,O ,F , ,N,C,50,0,0,1,,,1748439,5423068,-41.33020753,174.7738433
Wellington City,THE PARADE,, ,I,TAMAR ST,2352762,5/06/03,Thu,836,HA,CS1C,302B ,FP,R,D,B ,F ,X,G,C,50,0,0,0,,,1748427,5422948,-41.33129015,174.7737293
Wellington City,THE TERRACE,50,N, ,AURORA TERRACE,2355079,14/10/03,Tue,1045,JA,CN1C,308B 375B 839 930 ,,R,D,B ,F ,D,N,C,50,0,0,0,,,1748664,5428555,-41.28076428,174.7751901
Wellington City,THE TERRACE,25,S, ,AURORA TERRACE,2355976,15/10/03,Wed,1627,MA,CN1X,373B ,,R,D,B ,F , ,N,C,50,0,0,0,,,1748651,5428481,-41.28143293,174.775053
Wellington City,THE TERRACE,70,S, ,BOWEN ST,2313548,6/09/03,Sat,2145,MO,CN1CCC,512A 514A 691B 691C ,M,R,D,DO,F , ,N,C,50,0,0,1,,,1748690,5428705,-41.27940897,174.7754638
Wellington City,THE TERRACE,60,N, ,DALMUIR LANE,2313602,20/06/03,Fri,1700,LB,C,303B 382B 927 ,,R,D,O ,F ,D,N,C,50,0,0,1,,,1748630,5428363,-41.2824992,174.7748311
Wellington City,THE TERRACE,, ,I,DIXON ST,2355021,8/09/03,Mon,1130,JA,CS1C,302B 839 ,,R,W,O ,F ,T,G,C,50,0,0,0,,,1748329,5427525,-41.29009946,174.7714425
Wellington City,THE TERRACE,, ,I,EVERTON TERRACE,2311848,4/04/03,Fri,2000,NF,CS1E,307A ,,R,D,DO,F ,T,T,C,50,0,0,1,31,,1748530,5428029,-41.28552476,174.773719
Wellington City,THE TERRACE,50,N, ,GHUZNEE ST,2356393,7/12/03,Sun,308,EA,CS1CC,103A 112A ,M,R,W,DO,F , ,N,C,50,0,0,0,,,1748275,5427404,-41.29119881,174.7708274
Wellington City,THE TERRACE,, ,I,GHUZNEE ST,2311550,15/03/03,Sat,2140,DA,CW2,135A 806 ,CH,M,D,DO,F ,T,N,C,50,0,0,2,,,1748255,5427358,-41.29161664,174.7705998
Wellington City,THE TERRACE,20,S, ,MACDONALD CRESCENT,2351551,12/01/03,Sun,1900,MO,CN1C,371A 386A 929 ,M,R,D,TO,F ,D,N,C,50,0,0,0,,,1748296,5427452,-41.29076278,174.7710664
Wellington City,THE TERRACE,50,N, ,SALAMANCA ROAD,2312800,11/08/03,Mon,802,NA,CN1E,377A 712B 713B ,,R,W,O ,L , ,N,C,50,0,0,1,29,,1748397,5427718,-41.2883493,174.7722072
Wellington City,THE TERRACE,130,N, ,SALAMANCA ROAD,2350232,5/02/03,Wed,1610,MO,VN1C,386A ,,R,D,BF,F , ,N,C,50,0,0,0,,,1748427,5427792,-41.28767753,174.7725473
Wellington City,THE TERRACE,, ,I,SALAMANCA ROAD,2353857,7/08/03,Thu,1015,LB,CN1V,303B 353B ,,R,D,BF,F ,T,T,C,50,0,0,0,,,1748381,5427671,-41.2887754,174.7720277
Wellington City,THE TERRACE,, ,I,SALAMANCA ROAD,2352637,28/05/03,Wed,1210,DA,CE2CC,131A 402A 423A ,CMS,R,D,O ,F ,T,T,R,50,0,0,0,,,1748381,5427671,-41.2887754,174.7720277
Wellington City,THE TERRACE,, ,I,SALAMANCA ROAD,2353127,11/06/03,Wed,1730,LB,CN1C,303B 323B ,,R,D,TF,F ,T,T,R,50,0,0,0,,,1748381,5427671,-41.2887754,174.7720277
Wellington City,THE TERRACE,100,N, ,TERRACE OFF SBD,2352021,3/04/03,Thu,700,MC,VN1C,372A ,,R,D,O ,F , ,N,C,50,0,0,0,,,1748606,5428253,-41.283494,174.7745715
Wellington City,THORNDON QUAY,60,N, ,DAVIS ST,2352141,3/03/03,Mon,1033,MO,XS1C,202A 371A ,,R,D,B ,F , ,N,L,50,0,0,0,,,1749363,5429297,-41.27395475,174.783351
Wellington City,THORNDON QUAY,90,N, ,DAVIS ST,2353439,25/07/03,Fri,745,MC,CN1C,372B ,,R,D,B ,F , ,N,L,50,0,0,0,,,1749351,5429324,-41.27371387,174.7832012
Wellington City,THORNDON QUAY,240,N, ,DAVIS ST,2312591,21/07/03,Mon,645,LB,SS1V,303B 375B 927 ,,R,D,DO,F ,D,N,C,50,0,0,1,,30,1749288,5429461,-41.27249205,174.7824158
Wellington City,THORNDON QUAY,300,N, ,DAVIS ST,2311946,3/02/03,Mon,900,MO,SS1C,372B ,,R,D,B ,F , ,N,C,50,0,0,1,,32,1749266,5429517,-41.27199192,174.7821395
Wellington City,THORNDON QUAY,, ,I,DAVIS ST,2350233,26/01/03,Sun,1830,LB,CN1C,303B 353B ,,E,D,BF,F ,T,N,L,50,0,0,0,,,1749388,5429243,-41.27443631,174.7836626
Wellington City,THORNDON QUAY,, ,I,MULGRAVE ST,2355430,15/11/03,Sat,945,JA,CN1C,322A ,,R,D,B ,F ,Y,T,C,50,0,0,0,,,1749083,5428834,-41.27817507,174.7801227
Wellington City,THORNDON QUAY,200,S, ,TINAKORI ROAD,2355859,2/11/03,Sun,930,ME,CS1C,372B ,,R,D,B ,F , ,N,C,50,0,0,0,,,1749172,5429812,-41.26935327,174.7809455
Wellington City,THORNDON QUAY,500,S, ,TINAKORI ROAD,2350068,4/01/03,Sat,1050,MF,CE1C,371B ,,R,D,O ,F , ,N,C,50,0,0,0,,,1749263,5429527,-41.27190244,174.7821013
Wellington City,THORNDON QUAY,, ,I,TINAKORI ROAD,2351550,10/02/03,Mon,1550,DA,TN2,613A ,P,E,D,B ,F ,T,G,P,50,0,0,0,,,1749211,5430007,-41.26759039,174.7813632
Wellington City,THURLEIGH GROVE,130,W, ,EPSOM WAY,2353656,25/08/03,Mon,1215,MO,VE1V,371A 386A ,M,R,D,B ,F , ,N,C,50,0,0,0,,,1743959,5427737,-41.28898182,174.7192259
Wellington City,TINAKORI OFF NBD,40,E, ,TINAKORI ROAD,2355368,24/10/03,Fri,1500,FD,CW1CCC,110A 132A ,S,M,W,O ,L , ,N,N,100,0,0,0,,,1748477,5429059,-41.27626093,174.7728353
Wellington City,TINAKORI ROAD,30,N, ,BOWEN ST,2356166,28/10/03,Tue,750,EO,VN1,129A 353A 385A ,H,R,W,O ,L ,T,T,C,50,0,0,0,,,1748188,5428802,-41.27862791,174.7694487
Wellington City,TINAKORI ROAD,50,N, ,BOWEN ST,2351122,11/03/03,Tue,1650,EE,CN1C,374A ,M,R,D,B ,F , ,N,C,50,0,0,0,,,1748201,5428817,-41.27849047,174.7696002
Wellington City,TINAKORI ROAD,80,S, ,COTTLEVILLE TERRACE,2356273,29/11/03,Sat,553,EC,CS1C,195A ,M,R,D,B ,F , ,N,C,50,0,0,0,,,1749104,5429794,-41.26952788,174.7801385
Wellington City,TINAKORI ROAD,, ,I,GEORGE ST,2350861,30/01/03,Thu,2150,KB,CS1CC,303B 382B ,M,R,D,DO,F ,T,N,C,50,0,0,0,,,1748737,5429400,-41.27314291,174.7758551
Wellington City,TINAKORI ROAD,20,S, ,HARRIETT ST,2355529,29/08/03,Fri,1730,EE,VN1C,525B ,M,R,D,O ,F , ,N,C,50,0,0,0,,,1748438,5429076,-41.27611504,174.7723657
Wellington City,TINAKORI ROAD,, ,I,HARRIETT ST,2352281,1/05/03,Thu,2130,LB,CS1C,303A ,,R,D,DO,F ,X,T,C,50,0,0,0,,,1748452,5429090,-41.27598642,174.7725294
Wellington City,TINAKORI ROAD,, ,I,HARRIETT ST,2351146,20/02/03,Thu,830,LB,CN1T,303A ,,R,D,B ,F ,X,T,C,50,0,0,0,,,1748452,5429090,-41.27598642,174.7725294
Wellington City,TINAKORI ROAD,30,N, ,HAWKESTONE ST,2350034,15/01/03,Wed,1335,MC,TN1C,381A ,J,R,D,O ,F , ,N,R,50,0,0,0,,,1748598,5429248,-41.27453702,174.7742333
Wellington City,TINAKORI ROAD,, ,I,HAWKESTONE ST,2353555,5/07/03,Sat,830,KC,CS1C,305A ,,R,D,O ,F ,T,N,C,50,0,0,0,,,1748578,5429226,-41.27473877,174.774
Wellington City,TINAKORI ROAD,100,N, ,HILL ST,2353679,1/08/03,Fri,1405,MG,CN1C,355B 371B ,,R,D,O ,F , ,N,C,50,0,0,0,,,1748436,5429074,-41.27613341,174.7723423
Wellington City,TINAKORI ROAD,20,N, ,HOBSON ST,2313560,28/09/03,Sun,925,CC,CN1C,414A ,M,R,W,O ,L , ,N,C,50,0,0,1,,,1749042,5429727,-41.27014255,174.779415
Wellington City,TINAKORI ROAD,15,W, ,HOBSON ST,2353132,24/06/03,Tue,1645,EE,CW1C,374B ,Q,R,D,B ,F , ,N,C,50,0,0,0,,,1749018,5429701,-41.27038107,174.7791349
Wellington City,TINAKORI ROAD,, ,I,PARK ST,2355080,14/10/03,Tue,1654,LB,CE2C,324A 303B 325B ,,R,D,O ,F ,X,T,C,50,0,0,0,,,1748883,5429555,-41.27172047,174.7775596
Wellington City,TINAKORI ROAD,, ,I,THORNDON QUAY,2354340,23/07/03,Wed,1330,GF,TE1C,172A 387B ,,E,D,O ,F ,Y,G,C,50,0,0,0,,,1749211,5430007,-41.26759039,174.7813632
Wellington City,TIRANGI ROAD,50,S, ,COUTTS ST,2355436,13/11/03,Thu,2231,EA,CS1CV,129A ,MM,R,W,DO,H , ,N,P,50,0,0,0,,,1750940,5423728,-41.32380098,174.8035522
Wellington City,TIRANGI ROAD,, ,I,KINGSFORD SMITH ST,2352758,2/06/03,Mon,1350,DA,CE2C,133A 423A ,M,R,D,O ,F ,T,N,C,50,0,0,0,,,1750874,5423592,-41.32503777,174.8027977
Wellington City,TISDALL ST,70,W, ,BEAUCHAMP ST,2354165,22/06/03,Sun,1830,QD,CE1,428A ,FP,R,W,DO,L , ,N,N,50,0,0,0,,,1745537,5427724,-41.28881593,174.7380659
Wellington City,TORY ST,40,N, ,BUCKLE ST,2355090,6/08/03,Wed,1310,AC,VS1C,141A 372A ,,R,D,B ,F , ,N,C,50,0,0,0,,,1748891,5426591,-41.29840521,174.7783797
Wellington City,TORY ST,50,N, ,BUCKLE ST,2353977,30/07/03,Wed,1725,FD,CS1CCC,427A ,,R,D,TO,F , ,N,C,50,0,0,0,,,1748895,5426600,-41.29832344,174.7784252
Wellington City,TORY ST,15,S, ,CABLE ST,2356362,5/11/03,Wed,1412,MF,CN1C,371B 927 ,,R,D,B ,F , ,N,C,50,0,0,0,,,1749234,5427343,-41.29157129,174.7822903
Wellington City,TORY ST,, ,I,HAINING ST,2355987,4/11/03,Tue,1355,LB,XN1V,358A 370A ,,R,D,O ,F ,T,N,C,50,0,0,0,,,1748951,5426726,-41.29717868,174.7790629
Wellington City,TORY ST,20,S, ,WAKEFIELD ST,2354802,12/10/03,Sun,730,MO,CN1C,386A ,M,R,D,O ,F , ,N,C,50,0,0,0,,,1749195,5427261,-41.29231678,174.7818448
Wellington City,TORY ST,30,S, ,WAKEFIELD ST,2355679,24/12/03,Wed,1510,EE,CS1C,374B ,M,R,D,OF,F , ,N,C,50,0,0,0,,,1749191,5427252,-41.29239855,174.7817992
Wellington City,TOTARA ROAD,250,N, ,AWA ROAD,2353441,17/07/03,Thu,1300,DA,CN1C,137A 517A ,MF,M,D,B ,F , ,N,N,50,0,0,0,,,1752915,5425155,-41.31058135,174.8267808
Wellington City,TROY ST,, ,I,RONGOTAI ROAD,2311681,13/03/03,Thu,1910,NB,CS1K,713B ,,R,D,B ,F ,X,N,C,50,0,0,1,19,,1750811,5424252,-41.3191074,174.8018816
Wellington City,TRUSCOTT AVENUE,40,N, ,ELLIOTT ST,2355094,13/09/03,Sat,540,EA,XN1V,386A 410A ,M,R,D,DN,F , ,N,C,50,0,0,0,,,1750381,5434456,-41.22731723,174.7942283
Wellington City,UPLAND ROAD,90,W, ,BOUNDARY ROAD,2312438,3/07/03,Thu,1215,BC,CW1C,121B 129B ,,M,D,B ,F , ,N,C,50,0,0,1,,,1747381,5427954,-41.28641058,174.7600222
Wellington City,UPLAND ROAD,15,W, ,GLEN ROAD,2350090,7/01/03,Tue,1755,FC,CE1V,351A ,,E,D,B ,F ,Y,N,X,50,0,0,0,,,1747828,5427740,-41.28825561,174.7654098
Wellington City,UPLAND ROAD,15,W, ,GROVE ROAD,2313559,16/11/03,Sun,422,BC,XE1C,111A 121A 632A ,,M,D,DO,F ,T,N,C,50,0,0,2,,,1747778,5427673,-41.288868,174.7648292
Wellington City,UPLAND ROAD,20,W, ,GROVE ROAD,2356263,15/12/03,Mon,1255,FD,CW1C,331A 358A ,M,E,D,O ,F , ,N,C,50,0,0,0,,,1747773,5427672,-41.28887792,174.7647698
Wellington City,UPLAND ROAD,20,E, ,KELBURN VIADUCT,2355523,5/11/03,Wed,1723,CB,CW1,501A ,S,R,D,B ,F ,R,N,C,50,0,0,0,,,1747268,5427905,-41.28687238,174.7586852
Wellington City,UPLAND ROAD,, ,I,KOWHAI ROAD,2355547,5/11/03,Wed,1543,FC,VN1C,181A ,,R,D,B ,F ,T,N,X,50,0,0,0,,,1747471,5427813,-41.28766365,174.7611306
Wellington City,UPLAND ROAD,, ,I,PLUNKET ST,2350262,16/02/03,Sun,1850,KB,CS1C,302B 839 ,,R,D,BF,F ,T,G,C,50,0,0,0,,,1747520,5427696,-41.28870811,174.7617439
Wellington City,UPOKO ROAD,50,S, ,ALEXANDRA ROAD,2353377,19/06/03,Thu,1645,QD,CN1C,527A ,M,M,D,TF,F , ,N,N,50,0,0,0,,,1750278,5426607,-41.29800407,174.7949345
Wellington City,VALLANCE ST,50,W, ,KILBIRNIE CRESCENT,2352484,3/05/03,Sat,1130,JA,CW1C,308B 929 ,,R,D,B ,F ,D,N,N,50,0,0,0,,,1750009,5424802,-41.31430515,174.7921681
Wellington City,VICTORIA ST,50,S, ,DIXON ST,2311905,26/02/03,Wed,1120,QD,TS1,428A ,H,R,D,B ,F , ,N,C,50,0,1,0,,,1748611,5427346,-41.29165922,174.7748525
Wellington City,VICTORIA ST,, ,I,EDWARD ST,2312172,27/05/03,Tue,1635,NF,CE2E,370A 714B 715B ,,R,D,O ,F ,T,N,P,50,0,0,1,45,,1748670,5427424,-41.29094608,174.7755378
Wellington City,VICTORIA ST,, ,I,HARRIS ST,2354126,30/08/03,Sat,207,BA,CN1V,201A 514A 817 ,,R,D,DO,F ,T,T,C,50,0,0,0,,,1748762,5427786,-41.28766989,174.7765476
Wellington City,VICTORIA ST,, ,I,MANNERS ST,2356035,31/08/03,Sun,1710,FE,CS1CCC,434A 517A ,Q,R,D,O ,F ,T,T,C,50,0,0,0,,,1748686,5427488,-41.29036692,174.7757131
Wellington City,VICTORIA ST,, ,I,MANNERS ST,2356034,31/08/03,Sun,1700,FE,CS1C,434A 514A 517A ,Q,R,D,O ,F ,T,T,C,50,0,0,0,,,1748686,5427488,-41.29036692,174.7757131
Wellington City,VICTORIA ST,20,N, ,VIVIAN ST,2352268,15/05/03,Thu,1815,MA,CS1B,373B ,,R,D,DO,F , ,N,C,50,0,0,0,,,1748453,5427090,-41.29399318,174.7730288
Wellington City,VICTORY CRESCENT,, ,I,DAVIDSON CRESCENT,2351701,8/05/03,Thu,840,LB,CS1C,303A 363A 902 ,,R,D,B ,F ,T,N,C,50,0,0,0,,,1752987,5441591,-41.16258969,174.8235219
Wellington City,VICTORY CRESCENT,20,N, ,ST AIDANS WAY,2351398,3/02/03,Mon,1350,QD,CS1,611A ,,E,D,B ,F , ,N,N,50,0,0,0,,,1753091,5441848,-41.16025618,174.8246967
Wellington City,VOLGA ST,300,S, ,MOUNT ALBERT ROAD,2355093,15/09/03,Mon,1200,DB,CN1C,111A 517A ,M,M,D,B ,F , ,N,N,50,0,0,0,,,1749052,5422974,-41.33094074,174.7811883
Wellington City,WADESTOWN ROAD,, ,I,CECIL ROAD,2355312,22/10/03,Wed,1416,FB,VE1CC,181A 331A ,M,R,D,B ,F ,T,N,C,50,0,0,0,,,1748673,5430658,-41.2618283,174.7747844
Wellington City,WAIPAPA ROAD,, ,I,ARAWA ROAD,2311917,12/01/03,Sun,605,DA,CN1,103A 132A ,JS,M,D,DO,F ,Y,N,C,50,0,0,1,,,1750806,5426367,-41.30006638,174.8012975
Wellington City,WAITOA ROAD,, ,I,MOXHAM AVENUE,2352785,27/05/03,Tue,1750,HA,CN2V,302A 377A ,,R,D,TO,F ,X,G,C,50,0,0,0,,,1750204,5425936,-41.30405909,174.7942167
Wellington City,WAITOA ROAD,, ,I,WAIPAPA ROAD,2351463,22/02/03,Sat,1515,KB,CW1C,302A ,,R,D,B ,F ,T,G,C,50,0,0,0,,,1750335,5425877,-41.30456589,174.7957954
Wellington City,WAKEFIELD ST,, ,I,CUBA ST,2352138,12/03/03,Wed,405,DA,CE1,103A 111A ,S,R,D,DO,F ,T,T,C,50,0,0,0,,,1748841,5427528,-41.28997822,174.7775536
Wellington City,WAKEFIELD ST,, ,I,CUBA ST,2313561,18/10/03,Sat,2145,LB,MW1C,303B ,,R,D,DO,F ,T,T,C,50,0,0,3,,,1748841,5427528,-41.28997822,174.7775536
Wellington City,WAKEFIELD ST,40,E, ,TARANAKI ST,2312662,30/08/03,Sat,1630,FD,CW1CC,331A 353A ,,R,D,O ,F , ,N,C,50,0,0,1,,,1749044,5427367,-41.29139031,174.7800163
Wellington City,WAKEFIELD ST,50,E, ,TARANAKI ST,2354366,15/04/03,Tue,1440,AC,CW1T,381A ,,R,D,B ,F , ,N,C,50,0,0,0,,,1749052,5427360,-41.29145186,174.7801135
Wellington City,WAKEFIELD ST,15,E, ,TORY ST,2351715,6/04/03,Sun,1510,MA,CW1C,373B ,,R,D,O ,F , ,N,C,50,0,0,0,,,1749218,5427273,-41.29220449,174.7821164
Wellington City,WAKEFIELD ST,, ,I,TORY ST,2356151,1/08/03,Fri,2030,KA,CW1C,322A ,,R,W,DO,L ,X,T,C,50,0,0,0,,,1749204,5427279,-41.29215306,174.7819478
Wellington City,WAKEFIELD ST,, ,I,TORY ST,2354207,1/09/03,Mon,847,KC,CN2V,176B ,,R,W,O ,L ,X,T,C,50,0,0,0,,,1749204,5427279,-41.29215306,174.7819478
Wellington City,WAKEFIELD ST,, ,I,TORY ST,2352284,1/05/03,Thu,1245,FD,XW1CCC,331A ,,R,D,O ,F ,X,T,C,50,0,0,0,,,1749204,5427279,-41.29215306,174.7819478
Wellington City,WAKELY ROAD,40,N, ,SPENMOOR ST,2350324,2/01/03,Thu,2125,DA,CN1,133A 430A ,FP,E,D,TO,F , ,N,C,50,0,0,0,,,1752356,5434029,-41.23079214,174.8178877
Wellington City,WALLACE ST,50,S, ,CARRINGTON ST,2312793,24/02/03,Mon,810,FA,CN1PB,181A 386A 801 ,Q,R,W,O ,L , ,N,C,50,0,0,1,,,1748599,5425671,-41.30674219,174.7751182
Wellington City,WALLACE ST,50,S, ,HOWARD ST,2313445,28/10/03,Tue,1113,FD,CS1CC,331A 370A 832 ,,E,W,O ,L , ,N,L,50,0,0,1,,,1748599,5425818,-41.30541868,174.7750823
Wellington City,WALLACE ST,80,S, ,HOWARD ST,2313174,4/11/03,Tue,1937,NB,CS1E,713B ,,R,D,TF,F , ,N,C,50,0,0,1,18,,1748599,5425788,-41.30568879,174.7750897
Wellington City,WALLACE ST,90,W, ,TASMAN ST,2350970,19/02/03,Wed,1445,CC,CS1CCC,501A ,MMM,R,D,B ,F , ,N,L,50,0,0,0,,,1748613,5425596,-41.30741486,174.7753037
Wellington City,WALLACE ST,50,N, ,WALLACE ST SLIP,2353554,5/07/03,Sat,1210,FA,CS1CV,927,,R,D,O ,F ,D,N,C,50,0,0,0,,,1748600,5425659,-41.30685004,174.7751331
Wellington City,WARIPORI ST,100,E, ,RINTOUL ST,2356389,31/10/03,Fri,845,MA,CE1C,386B ,,R,D,B ,F , ,N,C,50,0,0,0,,,1748908,5424320,-41.3188488,174.7791385
Wellington City,WASHINGTON AVENUE,, ,I,CLEVELAND ST,2352554,1/06/03,Sun,1840,JA,CN1C,301B ,,R,D,DO,F ,T,S,C,50,0,0,0,,,1747900,5425859,-41.30517798,174.7667263
Wellington City,WASHINGTON AVENUE,50,S, ,CONNAUGHT TERRACE,2356337,17/11/03,Mon,2104,EA,CN1C,130A ,M,R,D,DO,F , , ,C,50,0,0,0,,,1747820,5425341,-41.30985644,174.765897
Wellington City,WASHINGTON AVENUE,50,N, ,DORKING ROAD,2312275,26/06/03,Thu,1505,NA,CN1E,713B ,,R,D,B ,F , ,N,C,50,0,1,0,11,,1747901,5425764,-41.30603312,174.7667613
Wellington City,WATERLOO QUAY,150,S, ,AOTEA QUAY,2355814,10/12/03,Wed,1615,FD,CN1CC,181A 331A ,,R,D,O ,F , ,N,C,50,0,0,0,,,1749585,5429217,-41.27463394,174.78602
Wellington City,WATERLOO QUAY,, ,A,AOTEA QUAY,2350548,1/03/03,Sat,845,DB,CN1,103A 133A ,F,M,D,B ,F , ,N,L,50,0,0,0,,,1749678,5429335,-41.2735543,174.7871009
Wellington City,WATERLOO QUAY,40,N, ,BUNNY ST,2354816,21/09/03,Sun,537,AC,CN1X,352A 372A ,,R,D,TO,F , ,N,C,50,0,0,0,,,1749127,5428635,-41.27995863,174.7806966
Wellington City,WATERLOO QUAY,100,N, ,BUNNY ST,2356133,18/12/03,Thu,1315,FA,VS1C,351A ,,R,D,B ,F , ,N,P,50,0,0,0,,,1749164,5428682,-41.27952864,174.7811267
Wellington City,WATERLOO QUAY,50,S, ,BUNNY ST,2352769,2/06/03,Mon,1250,FD,CS1C,353A ,,R,D,B ,F , ,N,C,50,0,0,0,,,1749073,5428564,-41.28060785,174.7800694
Wellington City,WATERLOO QUAY,, ,I,BUNNY ST,2311683,1/03/03,Sat,33,EC,CN1,103A 130A ,S,R,D,DO,F ,T,T,R,50,0,0,1,,,1749102,5428604,-41.28024236,174.7804058