TLA NAME,CRASH ROAD,CRASH DIST,CRASH DIRN,INTSN,SIDE ROAD,CRASH ID,CRASH DATE,CRASH DOW,CRASH TIME,MVMT,VEHICLES,CAUSES,OBJECTS STRUCK,ROAD CURVE,ROAD WET,LIGHT,WTHRa,JUNC TYPE,TRAF CTRL,ROAD MARK,SPD LIM,CRASH FATAL CNT,CRASH SEV CNT,CRASH MIN CNT,PERS AGE1,PERS AGE2,EASTING,NORTHING,latitude,longitude
Wellington City,WATERLOO QUAY,, ,I,BUNNY ST,2312194,30/05/03,Fri,1920,EC,CN1,170A 330A ,P,R,D,DO,F ,X,T,C,50,0,1,0,,,1749102,5428604,-41.28024236,174.7804058
Wellington City,WATERLOO QUAY,60,N, ,CORNWELL ST,2355797,17/09/03,Wed,1733,FD,CN1CC,181A 331A 350A ,,R,D,O ,FS, ,N,R,50,0,0,0,,,1749617,5429257,-41.27426787,174.7863921
Wellington City,WATERLOO QUAY,100,N, ,HINEMOA ST,2311003,12/01/03,Sun,1650,CA,SS1C,135A 800 ,,R,W,O ,L , ,N,C,50,0,0,1,,21,1749471,5429073,-41.27595154,174.7846948
Wellington City,WATERLOO QUAY,, ,I,HINEMOA ST,2354101,29/07/03,Tue,1340,KA,CS1C,322A ,,R,D,B ,F ,T,T,C,50,0,0,0,,,1749409,5428994,-41.27667428,174.7839743
Wellington City,WATERLOO QUAY,, ,A,RLY XING,2355548,5/11/03,Wed,1900,FB,CS1C,181A ,,R,D,B ,F , ,N,P,50,0,0,0,,,1749563,5429189,-41.27489011,174.7857643
Wellington City,WEBB ST,, ,I,CUBA ST,2354313,3/09/03,Wed,2200,JA,CE1C,303B 375B ,,R,W,DO,L ,T,N,C,50,0,0,0,,,1748463,5426678,-41.29770076,174.7732487
Wellington City,WEBB ST,, ,I,HOPPER ST,2351236,10/03/03,Mon,1750,JA,CW1C,302A ,,R,D,B ,F ,T,G,C,50,0,0,0,,,1748565,5426632,-41.29809615,174.7744776
Wellington City,WEBB ST,, ,I,TARANAKI ST,2356053,11/12/03,Thu,5,DA,CS2,101A 111A ,H,R,D,DO,F ,T,T,C,50,0,0,0,,,1748654,5426592,-41.2984399,174.77555
Wellington City,WEBB ST,15,W, ,THOMPSON ST,2311287,17/02/03,Mon,850,FD,CE1CC,111A 353A ,,M,D,O ,F , ,N,C,50,0,0,1,,,1748342,5426733,-41.29722782,174.7717907
Wellington City,WEBB ST,, ,I,VICTORIA ST,2311919,5/01/03,Sun,724,DC,CS1,131A ,HI,R,W,O ,L ,T,G,R,50,0,0,1,,,1748306,5426749,-41.29709038,174.771357
Wellington City,WEKA ST,, ,I,CAMPERDOWN ROAD,2354320,2/06/03,Mon,129,DB,CS1,111A 423A ,PT,R,D,DO,F ,T,N,N,50,0,0,0,,,1752732,5425605,-41.30656459,174.8244827
Wellington City,WEKA ST,, ,I,MANUKA ST,2312615,28/08/03,Thu,1140,KA,CS1CCC,308B 929 ,M,R,W,O ,H ,D,N,C,50,0,0,1,,,1752734,5425733,-41.3054118,174.8244744
Wellington City,WELLINGTON ROAD,40,W, ,RUAHINE ROAD,2311651,23/02/03,Sun,230,BC,CW1C,103A 128A ,,M,D,DO,F , ,N,C,50,0,0,5,,,1749840,5425061,-41.3120047,174.7900862
Wellington City,WESTCHESTER DRIVE EAST,, ,I,CHURTON PARK OFF NBD,2355838,23/11/03,Sun,155,DB,CN2,103A 111A ,CFI,R,D,DO,F ,X,G,R,50,0,0,0,,,1752620,5436975,-41.20421853,174.8203004
Wellington City,WESTCHESTER DRIVE EAST,, ,I,CHURTON PARK OFF NBD,2352999,11/05/03,Sun,1840,HA,CN2C,302A ,,R,D,DO,F ,X,G,R,50,0,0,0,,,1752620,5436975,-41.20421853,174.8203004
Wellington City,WHITMORE ST,40,E, ,LAMBTON QUAY,2355095,25/09/03,Thu,1115,MB,CE1C,372B ,,R,D,B ,F , ,N,C,50,0,0,0,,,1748840,5428654,-41.27984052,174.7772665
Wellington City,WHITMORE ST,, ,I,LAMBTON QUAY,2355083,6/10/03,Mon,2258,HA,CE2C,322A ,,R,D,DO,F ,X,T,C,50,0,0,0,,,1748819,5428688,-41.27953827,174.7770076
Wellington City,WHITMORE ST,, ,I,STOUT ST,2353372,12/05/03,Mon,1444,LB,XE1C,303B 363B ,,R,D,B ,F ,X,T,P,50,0,0,0,,,1748881,5428585,-41.2804542,174.7777727
Wellington City,WHITMORE ST,20,W, ,WATERLOO QUAY,2311759,20/03/03,Thu,1705,NB,CW1E,713B ,,R,D,B ,F , ,N,C,50,0,1,0,31,,1748970,5428454,-41.28161724,174.778867
Wellington City,WHITMORE ST,, ,I,WATERLOO QUAY,2356124,13/12/03,Sat,210,KB,CS1C,330A 691B ,,R,D,DO,M ,X,T,R,50,0,0,0,,,1748982,5428438,-41.28175908,174.7790141
Wellington City,WILFRED ST,100,S, ,CHESTER ROAD,2350469,8/01/03,Wed,2019,DB,MN1,133A ,,E,D,B ,F , ,N,N,50,0,0,0,,,1752643,5440987,-41.16809259,174.819574
Wellington City,WILLESTON ST,, ,I,VICTORIA ST,2355545,4/11/03,Tue,909,AA,CW1C,372A ,,R,D,O ,F ,X,T,C,50,0,0,0,,,1748808,5427890,-41.28672505,174.7770712
Wellington City,WILLIS ST,, ,I,ABEL SMITH ST,2312851,24/09/03,Wed,1730,NA,CN1E,306A 350A ,,R,D,O ,F ,X,S,C,50,0,0,1,23,,1748300,5426947,-41.2953088,174.7712372
Wellington City,WILLIS ST,, ,I,ABEL SMITH ST,2312447,23/07/03,Wed,1240,NA,CN1E,713B ,,R,D,O ,F ,X,S,C,50,0,0,1,23,,1748300,5426947,-41.2953088,174.7712372
Wellington City,WILLIS ST,, ,I,ABEL SMITH ST,2311766,15/04/03,Tue,725,HA,TE2S,301A 370A ,,R,D,B ,F ,X,S,C,50,0,0,1,,37,1748300,5426947,-41.2953088,174.7712372
Wellington City,WILLIS ST,20,N, ,BOULCOTT ST,2352125,21/02/03,Fri,840,MA,CN1T,373B ,,R,D,O ,F , ,N,C,50,0,0,0,,,1748612,5427641,-41.28900301,174.7747924
Wellington City,WILLIS ST,, ,I,BOULCOTT ST,2313355,6/11/03,Thu,1354,NF,CE2E,712B 713B ,,R,D,O ,F ,X,T,C,50,0,0,1,14,,1748603,5427623,-41.28916673,174.7746894
Wellington City,WILLIS ST,50,S, ,DIXON ST,2351482,1/04/03,Tue,1704,MD,CS1C,371A 927 ,,R,W,DO,L ,D,N,C,50,0,0,0,,,1748500,5427393,-41.29125648,174.773516
Wellington City,WILLIS ST,300,S, ,DIXON ST,2311769,13/04/03,Sun,340,MO,CS1P,352A 423A ,HJK,R,D,DO,F , ,N,C,50,0,0,1,,,1748397,5427165,-41.29332821,174.772342
Wellington City,WILLIS ST,, ,I,ELLERS AVENUE,2311187,3/02/03,Mon,2230,JA,PS1C,670A 303B 375B 839 862 ,,R,D,DO,F ,T,N,C,50,0,1,0,,,1748572,5427554,-41.28979368,174.7743362
Wellington City,WILLIS ST,, ,I,FLAGSTAFF LANE,2311318,3/03/03,Mon,1730,NB,CS1E,377A 712B 713B ,,R,D,B ,F ,X,N,C,50,0,0,1,19,,1748574,5427559,-41.28974829,174.7743588
Wellington City,WILLIS ST,15,N, ,MANNERS ST,2351462,14/03/03,Fri,1440,AA,CN1C,372A ,,R,D,O ,F , ,N,C,50,0,0,0,,,1748610,5427637,-41.2890394,174.7747695
Wellington City,WILLIS ST,20,S, ,MANNERS ST,2312883,12/09/03,Fri,1620,NB,VS1E,711B 712B ,,R,D,B ,F , ,N,C,50,0,0,1,49,,1748595,5427605,-41.28933027,174.7745983
Wellington City,WILLIS ST,10,N, ,MERCER ST,2312599,29/07/03,Tue,1819,NA,CE1E,711B ,,R,D,DO,F ,T,N,C,50,0,0,1,26,,1748657,5427736,-41.2881394,174.7753064
Wellington City,WILLIS ST,20,N, ,MERCER ST,2312445,17/07/03,Thu,1700,NA,CN1E,712B ,,R,D,TO,F , ,N,L,50,0,0,1,20,,1748661,5427745,-41.28805763,174.775352
Wellington City,WILLIS ST,100,N, ,MERCER ST,2313592,10/12/03,Wed,640,QA,BS1,373A ,,R,D,B ,F , ,N,L,50,0,0,1,,,1748696,5427823,-41.28734892,174.7757507
Wellington City,WILLIS ST,, ,I,MERCER ST,2312472,2/08/03,Sat,1240,EE,BS1V,446B 520B ,M,R,D,O ,F ,T,T,C,50,0,0,1,,,1748653,5427727,-41.28822117,174.7752609
Wellington City,WILLIS ST,20,N, ,PALMER ST,2351593,7/03/03,Fri,1215,AC,TN1TC,159A 386A ,M,R,D,O ,F , ,N,C,50,0,0,0,,,1748285,5426916,-41.29559066,174.7710656
Wellington City,WILLIS ST,, ,I,WEBB ST,2354803,27/08/03,Wed,313,DB,CW2,103A 111A ,EF,R,D,DO,F ,T,T,C,50,0,0,0,,,1748229,5426784,-41.2967894,174.7704292
Wellington City,WILLIS ST,, ,I,WEBB ST,2356032,27/09/03,Sat,830,AC,TN1T,176A ,,R,D,B ,F ,T,N,N,50,0,0,0,,,1748229,5426784,-41.2967894,174.7704292
Wellington City,WILSON ST,40,E, ,RIDDIFORD ST,2350555,17/01/03,Fri,1350,KB,CE1C,308A 927 ,,R,D,B ,F ,D,N,N,50,0,0,0,,,1749000,5424977,-41.31291659,174.7800763
Wellington City,WILTON ROAD,50,S, ,BERKSHIRE AVENUE,2311049,12/01/03,Sun,1530,DA,CS1,129A 332A ,CK,E,W,O ,L , ,N,C,50,0,0,1,,,1747005,5429468,-41.27284774,174.7551687
Wellington City,WILTON ROAD,40,N, ,GLOUCESTER ST,2313340,24/11/03,Mon,1505,NA,CN1E,713B ,,M,D,B ,F , ,N,C,50,0,0,1,7,,1747205,5429971,-41.26828252,174.757434
Wellington City,WINSTON ST,80,W, ,SPENCER ST,2351211,28/02/03,Fri,920,QD,CN1,428A ,FJS,E,W,O ,L , ,N,N,50,0,0,0,,,1747823,5431345,-41.2557988,174.7644757
Wellington City,WOODMAN DRIVE,500,S, ,COLONIAL GROVE,2350949,28/02/03,Fri,1010,MO,VS1C,137A 378A 832 929 ,M,R,D,B ,F ,D,N,C,50,0,0,0,,,1753918,5440947,-41.16821166,174.8347752
Wellington City,WOODMANCOTE ROAD,30,W, ,BOX HILL,2354000,8/07/03,Tue,1400,DB,CE1C,133A 423A 929 ,HM,R,D,O ,F ,D,N,N,50,0,0,0,,,1750093,5432675,-41.24340587,174.7912315
Wellington City,Z CPK AIRPORT,, ,A,STEWART DUFF/ACCESS,2354711,16/09/03,Tue,1500,MO,VS1V,371A ,,R,D,O ,F , ,N,N,50,0,0,0,,,1751675,5422993,-41.33028041,174.8125138
Wellington City,Z CPK BRISCOES,, ,A,TARANAKI ST,2356397,30/11/03,Sun,1208,MO,CW1C,386A 514A ,,R,D,B ,F , ,N,N,50,0,0,0,,,1748800,5426949,-41.29519876,174.7772057
Wellington City,Z CPK INDIAN CENTRE,170,E, ,KEMP/TACY,2356239,13/10/03,Mon,1625,MO,CW1C,371A ,,R,D,O ,F , ,N,N,50,0,0,0,,,1750619,5424445,-41.31740565,174.7995408
Wellington City,Z CPK LYNX,80,E, ,WATERLOO/WHITMORE,2351046,3/01/03,Fri,1250,EA,VS1C,386A 403A 404A ,M,R,D,B ,F , ,N,C,50,0,0,0,,,1749011,5428442,-41.28171771,174.7793593
Wellington City,Z CPK NEW WORLD,, ,A,MIRAMAR AVENUE,2312876,15/08/03,Fri,1700,MO,CE1C,423A ,H,R,W,O ,L , ,N,N,50,0,0,1,,,1751839,5424605,-41.31573637,174.81407
Wellington City,Z CPK NEW WORLD,100,N, ,MOLESWORTH/LITTLE PIPITEA,2352014,19/04/03,Sat,1820,MO,CN1CC,402A 403A 423A 801 ,MM,R,W,TO,L , ,N,P,50,0,0,0,,,1748917,5429221,-41.27472136,174.7780469
Wellington City,Z CPK NEWLANDS,, ,A,MACMILLAN/SERVICE LANE,2353400,6/06/03,Fri,1136,MO,VS1C,371A 373A ,,R,W,O ,L , ,N,N,50,0,0,0,,,1752786,5434892,-41.22294118,174.8228
Wellington City,Z CPK QUEENS WHARF,, ,A,JERVOIS/HUNTER,2354954,20/09/03,Sat,1620,MO,VN1C,133A 801 ,M,R,W,OO,L , ,N,C,50,0,0,0,,,1748921,5427978,-41.28591191,174.7783985
Wellington City,Z CPK READING CINEMA,100,W, ,WAKEFIELD ST,2351728,19/04/03,Sat,1153,MO,CN1C,386A 507A 926 ,M,R,D,B ,F , ,N,N,50,0,0,0,,,1749143,5427213,-41.29275855,174.7812358
Wellington City,Z CPK REDWOOD SCHOOL,130,N, ,REDWOOD/ORIEL,2352652,8/05/03,Thu,1530,MO,CN1C,371A ,M,R,D,O ,F , ,N,N,50,0,0,0,,,1752797,5439495,-41.18149665,174.8217812
Wellington City,Z CPK WELLINGTON AIRPORT,150,S, ,ACCESS/STEWART DUFF,2351028,8/02/03,Sat,2000,MO,CN1,330A 350A ,P,R,D,O ,F , ,N,C,50,0,0,0,,,1751644,5423193,-41.3284856,174.8120936
Wellington City,Z CPK WESTFIELD,60,E, ,BRODERICK/GOTHIC,2354912,1/10/03,Wed,1430,MO,CS1C,371A 385A ,M,R,D,B ,F , ,N,N,50,0,0,0,,,1751372,5434904,-41.22309889,174.8059355
Wellington City,Z CPK WOOLWORTHS,, ,A,BRODERICK/JOHNSONVILLE,2312296,22/07/03,Tue,1620,NO,VN1E,350A 712B ,,R,D,O ,F , ,N,N,50,0,0,1,39,,1751509,5434731,-41.22463084,174.8076121
Wellington City,Z CPK WOOLWORTHS,80,S, ,ONEPU/RONGOTAI,2350989,12/02/03,Wed,100,MO,CS1C,103A 371A ,M,R,D,DO,F , ,N,N,50,0,0,0,,,1750382,5424248,-41.31922353,174.7967593
Wellington City,Z DWAY,50,S, ,THE TERRACE/MCDONALD,2354294,11/05/03,Sun,1530,DB,VS1,423A 501A ,F,S,D,B ,F , ,N,N,50,0,0,0,,,1748270,5427440,-41.2908756,174.7707589
Wellington City,Z DWAY 146 RAROA,, ,A,RAROA/THULE,2356267,19/12/03,Fri,1648,MO,TN1,427A ,EF,M,D,B ,F , ,N,N,50,0,0,0,,,1747287,5427290,-41.29240608,174.7590608
Wellington City,Z DWAY COCKAYNE,, ,A,COCKAYNE/SETSAN,2313481,22/12/03,Mon,730,QD,VN1,611A 929 ,CFH,R,D,B ,F ,D,N,N,50,0,0,1,,,1749097,5431680,-41.25254862,174.7795938
Wellington City,Z DWAY JAMES SMITH,40,E, ,WAKEFIELD/OPERA,2355447,2/12/03,Tue,1140,MG,CS1C,371B ,,R,D,B ,F , ,N,C,50,0,0,0,,,1748903,5427474,-41.29045297,174.7783069
Wellington City,Z DWAY WELLINGTON COLLEGE,100,S, ,SH 1N,2312644,25/07/03,Fri,1530,PA,BS1E,386A 720B ,G,M,D,B ,F , ,N,N,50,0,1,0,15,,1749261,5426144,-41.30236138,174.7829066
Wellington City,Z FCT REC CENTRE,, ,A,KILBIRNIE/CHILDERS,2312293,21/06/03,Sat,1328,MO,CE1VE,403A 423A 507A ,FM,R,D,B ,F , ,N,N,50,0,0,1,18,,1750176,5424603,-41.31606574,174.7942115
Wellington City,Z FCT SHELL,, ,A,JOHNSONVILLE/CORLETT,2355779,20/11/03,Thu,1650,MO,CW1,423A ,H,R,D,B ,F , ,N,N,50,0,0,0,,,1751447,5434527,-41.22647914,174.8069233
Wellington City,Z WORKS YARDS,250,N, ,SH 1N TYERS,2355306,24/10/03,Fri,835,MO,TE1,428A ,EP,E,D,O ,FS, ,N,N,50,0,0,0,,,1751532,5432979,-41.24040046,174.8083211
Wellington City,1N/1050/6.724,2890,N, ,TAWA ON NBD,2310044,20/05/03,Tue,1647,EA,CN1C,410A 102B ,M,R,D,TN,F , ,N,R,100,1,0,2,,,1754162,5442046,-41.15827063,174.8374059
Wellington City,1N/1050/6.775,2000,S, ,MUNGAVIN OFF NBD,2351748,17/04/03,Thu,900,CC,CN1C,132A 181A 801 ,G,R,W,O ,H , ,N,R,100,0,0,0,,,1754142,5442000,-41.15868858,174.8371792
Wellington City,1N/1050/7.359,70,N, ,PED SUBWAY,2354996,12/10/03,Sun,250,AD,CN1,103A 130A ,G,R,D,DO,F , ,N,R,100,0,0,0,,,1753912,5441462,-41.16357607,174.8345744
Wellington City,1N/1050/7.614,2000,N, ,TAWA ON NBD,2352942,17/04/03,Thu,945,FD,CN1CV,181A ,,R,W,O ,L , ,N,R,100,0,0,0,,,1753810,5441228,-41.16570221,174.8334179
Wellington City,1N/1050/7.614,2000,N, ,TAWA ON NBD,2354224,9/09/03,Tue,830,FF,CN1C,116A 331A ,,R,W,O ,H , ,N,R,100,0,0,0,,,1753810,5441228,-41.16570221,174.8334179
Wellington City,1N/1050/7.914,1700,N, ,TAWA ON NBD,2310058,20/05/03,Tue,1955,CB,CN1V,501A ,CQ,R,D,DN,F , ,N,R,100,1,0,0,,,1753694,5440952,-41.16820914,174.8321051
Wellington City,1N/1050/8.375,3600,S, ,MUNGAVIN OFF NBD,2312610,9/09/03,Tue,725,CC,CN1,136A 650A ,G,R,W,O ,H , ,N,R,100,0,0,1,,,1753595,5440503,-41.17227041,174.8310381
Wellington City,1N/1050/8.413,1600,S, ,COLLINS OBR,2356281,19/08/03,Tue,743,CC,CS1,132A 353A ,G,R,D,B ,F , ,N,R,100,0,0,0,,,1753601,5440461,-41.17264742,174.8311202
Wellington City,1N/1050/8.524,1090,N, ,TAWA ON NBD,2312950,29/10/03,Wed,1420,CB,CN1,130A 434A 630A ,C,R,D,B ,F , ,N,R,100,0,1,3,,,1753566,5440356,-41.1735994,174.8307295
Wellington City,1N/1050/8.971,660,N, ,TAWA OFF SBD,2354037,11/09/03,Thu,1453,FD,VS1T,181A 331A 817 ,Q,R,D,B ,F , ,N,R,100,0,0,0,,,1753483,5439917,-41.1775676,174.8298505
Wellington City,1N/1050/9.014,600,N, ,TAWA ON NBD,2312655,10/08/03,Sun,1407,FD,VN1CCC,104A 501A ,,R,D,B ,F , ,N,R,100,0,1,1,,,1753457,5439879,-41.17791465,174.8295502
Wellington City,1N/1050/9.231,400,N, ,TAWA OFF SBD,2356294,1/04/03,Tue,741,FD,CS1C,181A 331A ,,R,W,O ,L , ,N,R,100,0,0,0,,,1753399,5439671,-41.17979833,174.8289111
Wellington City,1N/1060/0.145,120,N, ,TAWA ON SBD,2350707,22/02/03,Sat,1030,FA,CS1T,137A 820 831 ,,E,D,B ,F , ,N,R,100,0,0,0,,,1753663,5438900,-41.18668988,174.8322507
Wellington City,1N/1060/0.959,640,S, ,TAWA OFF NBD,2354362,7/08/03,Thu,458,DB,CN1,131A 412A ,C,E,D,DN,F , ,N,R,100,0,0,0,,,1753433,5438120,-41.19375608,174.8297051
Wellington City,1N/1060/1.319,1000,S, ,TAWA OFF NBD,2350714,18/02/03,Tue,1055,DB,CN1,103A 351A ,CG,M,D,B ,F , ,N,R,100,0,0,0,,,1753148,5437904,-41.19575474,174.8263622
Wellington City,1N/1060/1.319,1000,S, ,TAWA OFF NBD,2351011,10/01/03,Fri,1640,DB,CN1,129A 410A ,EG,E,D,B ,F , ,N,R,100,0,0,0,,,1753148,5437904,-41.19575474,174.8263622
Wellington City,1N/1060/1.735,300,N, ,CHURTON PARK OFF SBD,2351700,21/02/03,Fri,1610,CB,VS1,103A 129A ,V,R,D,O ,F , ,N,R,100,0,0,0,,,1752970,5437544,-41.19902958,174.8243305
Wellington City,1N/1060/1.926,100,N, ,CHURTON PARK ON NBD,2352627,29/06/03,Sun,1940,DA,CN1,111A ,C,E,W,DN,L , ,N,R,100,0,0,0,,,1752901,5437361,-41.20069023,174.8235538
Wellington City,1N/1060/2.026,, ,I,CHURTON PARK ON NBD,2312901,21/09/03,Sun,928,AD,CN1,126A 372A 645A 801 ,G,E,W,O ,L ,Y,N,R,100,0,0,1,,,1752860,5437270,-41.20151727,174.8230878
Wellington City,1N/1060/2.076,50,S, ,CHURTON PARK ON NBD,2350383,5/01/03,Sun,935,FA,CN1V,103A 181A ,,E,D,O ,F , ,N,R,100,0,0,0,,,1752839,5437224,-41.20193539,174.8228489
Wellington City,1N/1060/2.185,150,S, ,CHURTON PARK OFF SBD,2355070,7/10/03,Tue,850,CB,CS1,501A ,C,R,D,B ,F , ,N,R,100,0,0,0,,,1752810,5437126,-41.20282319,174.8225277
Wellington City,1N/1060/2.369,500,N, ,CHURTON PARK OFF NBD,2351167,12/04/03,Sat,1739,DA,CN1,135A 806 ,G,E,D,TF,F , ,N,R,100,0,0,0,,,1752690,5436976,-41.20419633,174.8211346
Wellington City,1N/1060/3.349,500,S, ,CHURTON PARK ON SBD,2310020,22/02/03,Sat,712,NA,TS1E,105B ,,R,D,TF,F , ,N,C,100,1,0,0,25,,1752174,5436180,-41.21146017,174.8151814
Wellington City,1N/1060/3.73,500,N, ,JOHNSONVILLE ON NBD,2312283,26/06/03,Thu,1720,FD,CN1CVV,181A 353A ,,R,D,TF,F , ,N,R,100,0,0,5,,,1751994,5435837,-41.21458215,174.8131206
Wellington City,1N/1060/3.73,500,N, ,JOHNSONVILLE ON NBD,2353426,26/06/03,Thu,1720,CB,VN1,196A ,,R,D,TF,F , ,N,R,100,0,0,0,,,1751994,5435837,-41.21458215,174.8131206
Wellington City,1N/1060/3.73,500,N, ,JOHNSONVILLE ON NBD,2312282,26/06/03,Thu,1720,FD,CN1C,331A ,,R,D,TF,F , ,N,R,100,0,0,1,,,1751994,5435837,-41.21458215,174.8131206
Wellington City,1N/1060/3.73,500,N, ,JOHNSONVILLE ON NBD,2353402,26/06/03,Thu,1720,FD,CN1C,112A 132A ,,R,D,TF,F , ,N,R,100,0,0,0,,,1751994,5435837,-41.21458215,174.8131206
Wellington City,1N/1060/4.03,200,N, ,JOHNSONVILLE ON NBD,2312441,30/07/03,Wed,1545,FD,CN1C,181A ,,R,D,O ,FS, ,N,R,100,0,0,1,,,1751864,5435566,-41.21704647,174.8116379
Wellington City,1N/1060/4.13,100,N, ,JOHNSONVILLE ON NBD,2355106,9/09/03,Tue,850,AA,CN1C,372A 381A ,,R,D,B ,F , ,N,R,100,0,0,0,,,1751820,5435476,-41.21786503,174.8111357
Wellington City,1N/1060/4.23,, ,I,JOHNSONVILLE ON NBD,2312214,7/06/03,Sat,1515,CA,MN1,136A 650A ,,R,D,B ,F ,Y,N,R,100,0,0,1,,,1751777,5435386,-41.2186834,174.8106453
Wellington City,1N/1060/4.29,60,S, ,JOHNSONVILLE OFF SBD,2353786,30/07/03,Wed,1625,AC,TS1C,372A ,G,R,D,B ,F , ,N,R,100,0,0,0,,,1751767,5435332,-41.21917146,174.8105395
Wellington City,1N/1060/4.63,400,S, ,JOHNSONVILLE ON NBD,2312246,26/06/03,Thu,1725,FD,CN1CV,112A 181A ,,R,D,TN,F , ,N,C,100,0,0,1,,,1751628,5435017,-41.22203358,174.8089602
Wellington City,1N/1060/5.092,300,N, ,JOHNSONVILLE OFF NBD,2352867,19/06/03,Thu,1700,FD,VN1CCC,181A 331D ,,R,D,TF,F , ,N,R,100,0,0,0,,,1751559,5434564,-41.22612504,174.8082498
Wellington City,1N/1060/5.195,200,N, ,NEWLANDS OFF SBD,2356261,12/12/03,Fri,753,DB,CS1,110A 132A ,I,E,D,B ,F , ,N,R,100,0,0,0,,,1751546,5434466,-41.22700981,174.8081191
Wellington City,1N/1060/5.335,60,N, ,NEWLANDS OFF SBD,2350229,14/01/03,Tue,1820,DB,CS1,136A 668A ,P,M,W,O ,L , ,N,R,80,0,0,0,,,1751575,5434331,-41.22821983,174.8084984
Wellington City,1N/1060/5.392,, ,I,JOHNSONVILLE OFF NBD,2313485,29/09/03,Mon,1821,CA,SN1C,128A 130A 810 ,,R,D,TO,F ,Y,N,R,80,0,0,1,,39,1751594,5434278,-41.22869345,174.8087381
Wellington City,1N/1060/5.392,, ,I,JOHNSONVILLE OFF NBD,2313491,7/12/03,Sun,632,DB,CN1,103A ,G,M,D,B ,F ,Y,N,C,80,0,1,1,,,1751594,5434278,-41.22869345,174.8087381
Wellington City,1N/1060/5.442,50,S, ,JOHNSONVILLE OFF NBD,2353503,4/08/03,Mon,1830,AD,CN1C,131A ,,E,D,DO,S , ,N,R,80,0,0,0,,,1751618,5434235,-41.2290761,174.809035
Wellington City,1N/1060/5.442,50,S, ,JOHNSONVILLE OFF NBD,2353318,14/07/03,Mon,1630,DB,VN1,414A ,C,E,D,B ,F , ,N,R,80,0,0,0,,,1751618,5434235,-41.2290761,174.809035
Wellington City,1N/1060/5.472,80,S, ,JOHNSONVILLE OFF NBD,2355065,11/09/03,Thu,1645,FA,VN1C,181A 357A 191B ,,R,D,O ,F , ,N,R,80,0,0,0,,,1751633,5434209,-41.22930738,174.8092204
Wellington City,1N/1060/5.492,100,S, ,JOHNSONVILLE OFF NBD,2352946,23/05/03,Fri,1035,CA,CN1,131A ,G,R,W,O ,L , ,N,R,80,0,0,0,,,1751643,5434191,-41.22946756,174.8093441
Wellington City,1N/1060/5.542,150,S, ,JOHNSONVILLE OFF NBD,2354194,31/08/03,Sun,1756,DB,CN1,137A 359A ,CP,M,D,TF,F , ,N,R,80,0,0,0,,,1751668,5434148,-41.22985002,174.8096529
Wellington City,1N/1060/5.592,200,S, ,JOHNSONVILLE OFF NBD,2353319,12/07/03,Sat,855,DB,CN1,386A 412A 632A ,G,M,W,O ,F , ,N,R,80,0,0,0,,,1751686,5434101,-41.23026981,174.8098793
Wellington City,1N/1060/5.692,300,S, ,JOHNSONVILLE OFF NBD,2352113,2/05/03,Fri,1920,DB,CN1,111A 133A ,PS,M,W,DO,L , ,N,R,80,0,0,0,,,1751687,5434002,-41.23116095,174.8099158
Wellington City,1N/1060/5.737,20,N, ,JOHNSONVILLE ON SBD,2353934,30/07/03,Wed,825,FD,CS1C,181A ,,R,D,B ,F , ,N,R,100,0,0,0,,,1751689,5433962,-41.23152071,174.8099496
Wellington City,1N/1060/5.837,50,N, ,NEWLANDS ON NBD,2352291,2/05/03,Fri,1715,FD,CN1C,331A ,,R,W,DO,L , ,N,R,80,0,0,0,,,1751610,5433882,-41.23225579,174.8090273
Wellington City,1N/1060/5.917,160,S, ,JOHNSONVILLE ON SBD,2353420,21/07/03,Mon,1905,AC,TS1C,372A ,,E,D,DO,F , ,N,R,80,0,0,0,,,1751580,5433821,-41.23281062,174.8086846
Wellington City,1N/1060/5.95,50,N, ,NEWLANDS ON SBD,2351438,21/03/03,Fri,748,FD,CS1C,181A ,,R,D,B ,F , ,N,R,80,0,0,0,,,1751559,5433795,-41.23304864,174.8084406
Wellington City,1N/1060/5.95,50,N, ,NEWLANDS ON SBD,2355024,3/10/03,Fri,845,FD,CS1CV,331A 353A ,,R,W,O ,LS, ,N,R,80,0,0,0,,,1751559,5433795,-41.23304864,174.8084406
Wellington City,1N/1060/6.093,150,N, ,NEWLANDS OFF NBD,2354734,15/07/03,Tue,1800,FD,MN1C,181A ,,E,D,TF,F , ,N,R,100,0,0,0,,,1751447,5433685,-41.23405999,174.8071321
Wellington City,1N/1060/6.143,100,N, ,NEWLANDS OFF NBD,2356163,26/11/03,Wed,1735,FD,CN1C,181A ,,R,W,O ,L , ,N,R,80,0,0,0,,,1751415,5433647,-41.23440811,174.8067599
Wellington City,1N/1060/6.201,200,S, ,NEWLANDS ON SBD,2355858,15/06/03,Sun,915,DB,CS1,132A 801 ,G,E,W,O ,H , ,N,R,80,0,0,0,,,1751397,5433605,-41.23478963,174.8065556
Wellington City,1N/1060/6.223,20,N, ,NEWLANDS OFF NBD,2351540,14/04/03,Mon,1500,AF,TN1C,159A ,,E,D,B ,F , ,N,R,80,0,0,0,,,1751363,5433586,-41.23496705,174.8061548