TLA NAME,CRASH ROAD,CRASH DIST,CRASH DIRN,INTSN,SIDE ROAD,CRASH ID,CRASH DATE,CRASH DOW,CRASH TIME,MVMT,VEHICLES,CAUSES,OBJECTS STRUCK,ROAD CURVE,ROAD WET,LIGHT,WTHRa,JUNC TYPE,TRAF CTRL,ROAD MARK,SPD LIM,CRASH FATAL CNT,CRASH SEV CNT,CRASH MIN CNT,PERS AGE1,PERS AGE2,EASTING,NORTHING,latitude,longitude
Wellington City,1N/1060/6.273,30,W, ,NEWLANDS OFF NBD,2355795,27/11/03,Thu,840,FA,CN1C,132A 135A 331A 801 ,,R,W,O ,L , ,N,R,80,0,0,0,,,1751334,5433545,-41.23534162,174.8058191
Wellington City,1N/1060/6.443,200,S, ,NEWLANDS OFF NBD,2355894,6/12/03,Sat,2311,AF,CN1C,159A 103B 137B ,,E,W,DO,LS, ,N,R,80,0,0,0,,,1751284,5433385,-41.23679151,174.8052624
Wellington City,1N/1060/6.517,100,N, ,ABATTOIRS ROAD,2352482,17/05/03,Sat,1218,FD,VN1C,133A 181A 387A 910 ,,E,D,B ,F , ,N,R,80,0,0,0,,,1751286,5433312,-41.23744839,174.8053043
Wellington City,1N/1060/6.567,50,N, ,ABATTOIRS ROAD,2354956,3/10/03,Fri,2153,DA,CN1,135A 801 ,G,E,W,DO,H , ,N,R,80,0,0,0,,,1751293,5433262,-41.23789725,174.8054002
Wellington City,1N/1060/6.977,240,N, ,TYERS ROAD,2312656,25/08/03,Mon,805,FA,CN1C,331A 650B ,,E,D,O ,F , ,N,R,80,0,0,1,,,1751566,5432965,-41.24052013,174.8087302
Wellington City,1N/1060/7.075,200,N, ,CENTENNIAL SBD,2351712,31/03/03,Mon,915,FD,TS1C,181A ,G,E,W,O ,F , ,N,R,80,0,0,0,,,1751642,5432892,-41.24116313,174.8096548
Wellington City,1N/1060/7.075,200,N, ,CENTENNIAL SBD,2352764,23/05/03,Fri,2030,DA,CS1,111A 801 ,GI,M,W,DO,F , ,N,R,80,0,0,0,,,1751642,5432892,-41.24116313,174.8096548
Wellington City,1N/1060/7.117,100,N, ,TYERS ROAD,2312788,16/09/03,Tue,1304,DA,VN1,135A 806 ,P,E,D,O ,FS, ,N,R,80,0,0,1,,,1751652,5432855,-41.24149438,174.8097833
Wellington City,1N/1060/7.167,50,N, ,TYERS ROAD,2352242,24/05/03,Sat,1630,AC,CN1C,372A ,,E,D,TF,F , ,N,R,80,0,0,0,,,1751687,5432819,-41.24181193,174.8102097
Wellington City,1N/1060/7.195,80,N, ,CENTENNIAL SBD,2353136,9/06/03,Mon,745,FD,CS1C,181A ,,E,D,O ,F , ,N,R,100,0,0,0,,,1751731,5432813,-41.2418577,174.810736
Wellington City,1N/1060/7.225,50,N, ,CENTENNIAL SBD,2353392,25/06/03,Wed,1600,DB,CS1,132A ,G,E,D,B ,F , ,N,R,80,0,0,0,,,1751757,5432797,-41.24199687,174.8110502
Wellington City,1N/1060/7.225,50,N, ,CENTENNIAL SBD,2355111,30/09/03,Tue,1330,DB,CS1C,112A 132A 137A ,,E,W,O ,H , ,N,R,80,0,0,0,,,1751757,5432797,-41.24199687,174.8110502
Wellington City,1N/1060/7.286,70,S, ,TYERS ROAD,2313138,24/09/03,Wed,1635,AA,VW1SC,372A 386A ,,E,D,B ,F , ,N,R,80,0,0,1,,19,1751793,5432764,-41.24228723,174.8114878
Wellington City,1N/1060/7.361,, ,I,CENTENNIAL NBD,2351699,14/05/03,Wed,645,AA,CN1C,386A ,,R,D,DO,F ,Y,N,R,80,0,0,0,,,1751860,5432733,-41.24255375,174.8122947
Wellington City,1N/1060/8.197,100,N, ,SH 2,2312665,25/08/03,Mon,900,AC,CS1M,150B 370B ,,R,D,B ,F , ,N,R,100,0,0,1,,,1751878,5432044,-41.24875367,174.8126809
Wellington City,1N/1060/8.256,, ,I,SH 2,2356403,21/09/03,Sun,351,AD,CN1C,137A 691A 181B ,,E,D,DO,F ,Y,N,R,100,0,0,0,,,1751775,5432014,-41.24904311,174.8114596
Wellington City,1N/1068/0.3,300,S, ,SH 2,2311951,16/04/03,Wed,1225,FD,CN1CC,331A 356A ,,R,D,B ,F , ,N,R,100,0,1,1,,,1751531,5431840,-41.25065547,174.808592
Wellington City,1N/1068/0.3,300,S, ,SH 2,2354706,28/08/03,Thu,1026,FA,VN1V,112A 135A 823 901 ,L,R,W,O ,H , ,N,R,100,0,0,0,,,1751531,5431840,-41.25065547,174.808592
Wellington City,1N/1068/0.7,700,S, ,SH 2,2353317,19/07/03,Sat,2155,AA,CS1CV,102A 135A 196A 111B 801 ,G,E,W,DO,LS, , ,C,100,0,0,0,,,1751254,5431553,-41.25329131,174.8053586
Wellington City,1N/1068/0.85,850,W, ,SH 2,2352761,4/06/03,Wed,1745,FD,CN1CV,181A ,,R,D,DO,F , ,N,C,100,0,0,0,,,1751124,5431474,-41.25402689,174.8038273
Wellington City,1N/1068/0.95,950,S, ,SH 2,2353759,1/08/03,Fri,2040,FF,CN1CC,331A ,,E,W,DO,L , ,N,R,100,0,0,0,,,1751039,5431422,-41.25451095,174.8028261
Wellington City,1N/1068/0.95,950,S, ,SH 2,2353758,1/08/03,Fri,2040,QG,CN1VC,191A 682A 181B ,D,E,W,DO,L , ,N,R,100,0,0,0,,,1751039,5431422,-41.25451095,174.8028261
Wellington City,1N/1068/1,1000,W, ,SH 2,2354602,12/09/03,Fri,2000,CA,VN1,137A ,G,R,D,DO,F , ,N,R,100,0,0,0,,,1750995,5431398,-41.25473526,174.8023071
Wellington City,1N/1068/1.534,1300,N, ,AOTEA OFF SBD,2311936,4/03/03,Tue,1225,AC,TS1C,372A ,,R,D,B ,F , ,N,R,100,0,0,1,,,1750518,5431172,-41.25685899,174.796672
Wellington City,1N/1068/1.569,940,N, ,AOTEA ON NBD,2312945,3/10/03,Fri,1740,FD,CN1CCC,331A 358A 801 ,,R,W,O ,LS, ,N,R,100,0,0,1,,,1750477,5431168,-41.25690264,174.7961838
Wellington City,1N/1068/1.834,1000,N, ,AOTEA OFF SBD,2312332,17/07/03,Thu,752,AA,MS1C,158A 170A 331A ,,R,D,O ,F , ,N,R,100,0,1,0,,,1750275,5430998,-41.25847081,174.7938156
Wellington City,1N/1068/1.909,600,N, ,AOTEA ON NBD,2312224,23/06/03,Mon,1700,FD,CN1CC,181A 331A ,,R,D,TO,F , ,N,R,100,0,0,1,,,1750211,5430958,-41.25884284,174.7930619
Wellington City,1N/1068/2,2000,S, ,SH 2,2353490,11/08/03,Mon,1800,FD,CN1CC,181A ,,R,W,TO,L , ,N,R,100,0,0,0,,,1750152,5430889,-41.25947504,174.7923749
Wellington City,1N/1068/2,2000,S, ,SH 2,2351120,13/02/03,Thu,1745,FD,CN1C,181A ,,R,D,B ,F , ,N,R,100,0,0,0,,,1750152,5430889,-41.25947504,174.7923749
Wellington City,1N/1068/2.009,500,N, ,AOTEA ON NBD,2352208,12/04/03,Sat,2340,AD,CN1C,130A ,GG,E,D,DO,F , ,N,R,100,0,0,0,,,1750146,5430882,-41.25953918,174.792305
Wellington City,1N/1068/2.109,400,N, ,AOTEA ON NBD,2354269,12/06/03,Thu,1800,FD,CN1CC,181A 331A ,,R,D,DO,F , ,N,R,100,0,0,0,,,1750087,5430801,-41.26027942,174.791621
Wellington City,1N/1068/2.109,400,N, ,AOTEA ON NBD,2355309,19/08/03,Tue,1209,CC,CN1,125A 614A 621A ,G,R,D,B ,FS, ,N,R,100,0,0,0,,,1750087,5430801,-41.26027942,174.791621
Wellington City,1N/1068/2.234,600,N, ,AOTEA OFF SBD,2351481,20/03/03,Thu,1203,AA,CS1T,372A ,,E,D,B ,F , ,N,R,100,0,0,0,,,1750020,5430690,-41.26129124,174.7908489
Wellington City,1N/1068/2.234,600,N, ,AOTEA OFF SBD,2353293,1/07/03,Tue,2200,DA,CS1,332A 359A ,G,E,D,DO,F , ,N,R,100,0,0,0,,,1750020,5430690,-41.26129124,174.7908489
Wellington City,1N/1068/2.259,250,E, ,AOTEA ON NBD,2350775,10/03/03,Mon,1530,DB,CN1,359A ,,E,D,B ,F , ,N,C,100,0,0,0,,,1749992,5430685,-41.26134145,174.790516
Wellington City,1N/1068/2.309,200,N, ,AOTEA ON NBD,2356122,25/12/03,Thu,645,AA,VN1C,159A 132B ,,R,D,O ,F , ,N,R,100,0,0,0,,,1749952,5430655,-41.26161898,174.7900461
Wellington City,1N/1068/2.309,200,N, ,AOTEA ON NBD,2355282,22/10/03,Wed,1130,DB,CN1,137A ,G,E,D,B ,F , ,N,R,100,0,0,0,,,1749952,5430655,-41.26161898,174.7900461
Wellington City,1N/1068/2.409,100,N, ,AOTEA ON NBD,2352834,16/05/03,Fri,1725,FD,CN1CCC,181A 181B ,,R,D,DO,F , ,N,R,100,0,0,0,,,1749867,5430603,-41.26210293,174.7890447
Wellington City,1N/1068/2.434,400,N, ,AOTEA OFF SBD,2312276,23/06/03,Mon,1700,CB,CS1CC,132A 135A 801 ,G,R,W,DO,L , ,N,C,100,0,0,2,,,1749855,5430579,-41.26232123,174.7889074
Wellington City,1N/1068/2.509,, ,I,AOTEA ON NBD,2352868,11/06/03,Wed,1307,FB,CN1C,181A 353A 817 ,,R,D,O ,F ,Y,N,C,100,0,0,0,,,1749782,5430550,-41.26259587,174.7880435
Wellington City,1N/1068/2.534,300,N, ,AOTEA OFF SBD,2352167,19/04/03,Sat,239,DA,CS1,137A ,G,E,W,DO,L , ,N,R,100,0,0,0,,,1749774,5430521,-41.26285845,174.7879552
Wellington City,1N/1068/2.659,150,S, ,AOTEA ON NBD,2353335,24/07/03,Thu,1430,EB,VN1C,331A 651B ,Q,R,D,B ,F , ,N,R,100,0,0,0,,,1749687,5430434,-41.26365787,174.7869384
Wellington City,1N/1068/2.734,100,E, ,AOTEA OFF SBD,2313541,28/07/03,Mon,230,DB,CS1,111A 410A ,G,E,D,DO,F , ,N,R,100,0,1,3,,,1749651,5430363,-41.26430378,174.7865263
Wellington City,1N/1068/2.834,, ,I,AOTEA OFF SBD,2356126,20/12/03,Sat,1050,QG,CS1,665A 688A 903 ,G,E,D,O ,FS,Y,N,R,100,0,0,0,,,1749592,5430282,-41.26504399,174.7858422
Wellington City,1N/1068/3.343,800,N, ,TINAKORI ON NBD,2312023,14/05/03,Wed,1750,FD,MN1C,331A ,,R,D,TO,F , ,N,R,100,0,0,1,,,1749263,5429898,-41.26856216,174.7820104
Wellington City,1N/1068/3.35,350,N, ,MAY ON NBD,2354768,28/08/03,Thu,835,AD,CN1C,132A 198A 823 ,L,R,W,O ,H , ,N,R,100,0,0,0,,,1749259,5429892,-41.26861692,174.7819641
Wellington City,1N/1068/3.5,200,N, ,MAY ON NBD,2353116,25/06/03,Wed,2120,FA,CN1C,181A 377A 651B ,,R,D,DO,F , ,N,R,100,0,0,0,,,1749170,5429772,-41.26971377,174.7809314
Wellington City,1N/1068/3.533,90,N, ,MURPHY OFF SBD,2313356,17/10/03,Fri,450,CB,CS1,501A ,BP,R,D,DO,F , ,N,R,100,0,0,1,,,1749158,5429736,-41.27004011,174.7807971
Wellington City,1N/1068/3.7,, ,I,MAY ON NBD,2354700,11/09/03,Thu,2235,CC,CN1,112A 132A ,G,R,D,DO,F ,Y,N,R,100,0,0,0,,,1749021,5429640,-41.27092973,174.7791856
Wellington City,1N/1068/3.7,, ,I,MAY ON NBD,2354382,15/08/03,Fri,1705,FB,CN2C,331A 353A ,,R,W,OO,L ,Y,N,R,100,0,0,0,,,1749021,5429640,-41.27092973,174.7791856
Wellington City,1N/1068/3.892,50,N, ,HAWKESTONE OFF SBD,2355325,12/08/03,Tue,919,FD,CS1C,132A 331A ,,E,D,B ,F , ,N,R,100,0,0,0,,,1748891,5429498,-41.27223219,174.777669
Wellington City,1N/1068/4.052,110,S, ,HAWKESTONE OFF SBD,2312579,12/08/03,Tue,908,FD,CS1CC,353A ,,R,W,O ,M , ,N,R,100,0,0,3,,,1748782,5429380,-41.27331469,174.776397
Wellington City,1N/1068/4.093,50,N, ,TINAKORI ON NBD,2355961,21/11/03,Fri,1600,QG,VN1C,682A ,Y,R,D,B ,F , ,N,R,100,0,0,0,,,1748744,5429362,-41.27348375,174.7759479
Wellington City,1N/1068/4.417,300,N, ,TERRACE OFF SBD,2352018,7/04/03,Mon,2100,AA,CS1C,372A ,G,M,D,DO,F , ,N,R,100,0,0,0,,,1748556,5429096,-41.27591327,174.7737691
Wellington City,1N/1068/4.447,100,N, ,HAWKESTONE ON SBD,2354381,5/07/03,Sat,1945,FF,CS1C,158A 197A 372A ,,E,W,DO,LS, ,N,C,100,0,0,0,,,1748544,5429070,-41.27614957,174.7736322
Wellington City,1N/1068/4.547,, ,I,HAWKESTONE ON SBD,2353453,8/07/03,Tue,1204,DA,CS2,133A 801 ,G,E,W,O ,L ,Y,N,R,100,0,0,0,,,1748522,5428972,-41.27703596,174.7733936
Wellington City,1N/1068/4.551,300,N, ,TINAKORI OFF NBD,2351023,14/01/03,Tue,1140,DA,CN1,501A ,G,E,D,B ,F , ,N,C,100,0,0,0,,,1748507,5428982,-41.27694868,174.7732121
Wellington City,1N/1068/4.647,100,S, ,HAWKESTONE ON SBD,2312211,7/06/03,Sat,235,DB,CS1,103A 133A ,G,E,W,DO,F , ,N,R,100,0,0,1,,,1748523,5428872,-41.27793612,174.7734299
Wellington City,1N/1068/4.651,200,N, ,TINAKORI OFF NBD,2351776,22/02/03,Sat,2350,FA,BN1CX,331A 196B 443C 631C 820 ,Q,E,D,DO,F , ,N,R,100,0,0,0,,,1748504,5428882,-41.27784958,174.7732007
Wellington City,1N/1068/4.716,1000,N, ,NORTH PORTAL NBD,2312875,28/08/03,Thu,757,CC,CN1,135A 801 901 ,G,R,W,TO,H , ,N,R,100,0,0,1,,,1748508,5428817,-41.27843407,174.7732642
Wellington City,1N/1068/5.116,600,N, ,NORTH PORTAL NBD,2311565,24/01/03,Fri,1125,CB,CN1,358A ,G,R,D,B ,F , ,N,R,100,0,0,1,,,1748538,5428419,-41.28201194,174.7737193
Wellington City,1N/1068/5.124,50,N, ,CLIFTON ON NBD,2352613,5/04/03,Sat,2110,AA,CN1CCC,158A 159A 197B 402B 446B 191C 446C +,,R,D,DO,F , ,N,C,100,0,0,0,,,1748539,5428411,-41.28208378,174.7737332
Wellington City,1N/1068/5.173,, ,I,CLIFTON ON NBD,2311887,18/02/03,Tue,1710,AA,VN1C,197A ,G,R,D,TF,F ,Y,N,R,100,0,0,1,,,1748541,5428361,-41.28253359,174.7737693
Wellington City,1N/1068/5.406,300,N, ,NORTH PORTAL SBD,2355091,12/10/03,Sun,1640,FD,CS1V,112A 132A 135A 801 ,C,R,W,O ,L , ,N,R,100,0,0,0,,,1748482,5428127,-41.28465125,174.7731221
Wellington City,1N/1068/5.406,300,N, ,NORTH PORTAL SBD,2354960,25/09/03,Thu,1427,FD,CS1BC,331A 613A ,,R,D,B ,F , ,N,R,100,0,0,0,,,1748482,5428127,-41.28465125,174.7731221
Wellington City,1N/1068/5.447,730,S, ,TERRACE OFF SBD,2312798,20/09/03,Sat,1427,FD,CS1CT,110A 331A 801 ,,E,W,O ,L , ,N,C,100,0,0,2,,,1748465,5428089,-41.28499651,174.7729285
Wellington City,1N/1068/5.447,730,S, ,TERRACE OFF SBD,2312562,9/07/03,Wed,1800,FD,CS1C,112A 331A 358A ,G,R,W,DO,L , ,N,N,100,0,1,1,,,1748465,5428089,-41.28499651,174.7729285
Wellington City,1N/1068/5.506,200,N, ,NORTH PORTAL SBD,2353676,11/07/03,Fri,1310,FD,VS1CC,135A 331A 353A 801 ,,E,W,O ,L , ,N,R,100,0,0,0,,,1748442,5428036,-41.28547792,174.7726669
Wellington City,1N/1068/5.506,200,N, ,NORTH PORTAL SBD,2353916,19/08/03,Tue,815,FD,TS1CV,331A ,,R,W,O ,L , ,N,R,100,0,0,0,,,1748442,5428036,-41.28547792,174.7726669
Wellington City,1N/1068/5.506,200,N, ,NORTH PORTAL SBD,2313587,8/11/03,Sat,1432,FD,CS1C,410A ,,R,D,O ,F , ,N,R,100,0,0,1,,,1748442,5428036,-41.28547792,174.7726669
Wellington City,1N/1068/5.506,200,N, ,NORTH PORTAL SBD,2313512,10/10/03,Fri,915,FD,CS1CCC,331A ,,E,D,O ,F , ,N,R,100,0,0,2,,,1748442,5428036,-41.28547792,174.7726669
Wellington City,1N/1068/5.506,200,N, ,NORTH PORTAL SBD,2311489,1/04/03,Tue,1815,EB,CS1C,651A 331B 443B ,Q,R,W,DO,L , ,N,C,100,0,0,2,,,1748442,5428036,-41.28547792,174.7726669
Wellington City,1N/1068/5.556,150,N, ,NORTH PORTAL SBD,2312766,22/09/03,Mon,848,FD,CS1C,427A ,,R,D,B ,F , ,N,R,100,0,0,1,,,1748422,5427990,-41.28589576,174.7724394
Wellington City,1N/1068/5.586,120,N, ,NORTH PORTAL SBD,2312784,2/09/03,Tue,953,FD,CS1CC,331A 181B ,,R,D,O ,F , ,N,R,100,0,0,1,,,1748411,5427962,-41.28614988,174.7723149
Wellington City,1N/1068/5.606,100,N, ,NORTH PORTAL SBD,2311881,29/03/03,Sat,1315,FD,CS1C,181A 191B 801 ,,R,W,O ,L , ,N,R,100,0,0,1,,,1748403,5427944,-41.28631341,174.7722238
Wellington City,1N/1068/5.606,100,N, ,NORTH PORTAL SBD,2350038,16/01/03,Thu,815,FD,CS1CC,181A 353A ,,R,D,B ,F , ,N,R,100,0,0,0,,,1748403,5427944,-41.28631341,174.7722238
Wellington City,1N/1068/5.656,50,N, ,NORTH PORTAL SBD,2355324,21/10/03,Tue,839,FD,CS1CCC,181A 331A ,,R,D,B ,F , ,N,N,100,0,0,0,,,1748383,5427898,-41.28673125,174.7719962
Wellington City,1N/1068/5.801,100,S, ,NORTH PORTAL SBD,2353539,8/07/03,Tue,1230,CB,TS1,132A 331A 355A ,K,R,D,OO,F , ,N,L,100,0,0,0,,,1748350,5427758,-41.2879978,174.7716364
Wellington City,1N/1068/5.87,300,N, ,SOUTH PORTAL,2354352,9/09/03,Tue,100,AD,CN1,111A 136A 632A ,G,R,W,DO,H , ,N,C,100,0,0,0,,,1748348,5427689,-41.2886194,174.7716294
Wellington City,1N/1068/5.901,200,S, ,NORTH PORTAL SBD,2351986,21/03/03,Fri,1230,FD,CS1CVC,331A ,,E,D,OO,F , ,N,L,100,0,0,0,,,1748348,5427658,-41.28889851,174.7716369
Wellington City,1N/1068/5.97,200,N, ,SOUTH PORTAL,2352184,9/04/03,Wed,1511,AA,CN1V,372A ,,E,D,B ,F , ,N,L,100,0,0,0,,,1748346,5427589,-41.28952012,174.7716299
Wellington City,1N/1068/6.01,160,N, ,SOUTH PORTAL,2312593,8/07/03,Tue,1715,FD,VS1CC,331A ,,R,D,DO,F , ,N,C,80,0,0,3,,,1748346,5427549,-41.28988026,174.7716396
Wellington City,1N/1068/6.048,350,N, ,VIVIAN ST,2355077,13/10/03,Mon,1730,FD,VS1CCC,331A 358A ,,E,D,O ,F , ,N,L,100,0,0,0,,,1748346,5427511,-41.29022239,174.7716489
Wellington City,1N/1075/0.154,, ,I,WILLIS ST,2352321,22/05/03,Thu,2225,FE,CE1C,101A 331A ,,E,D,DO,F ,M,T,C,50,0,0,0,,,1748446,5427272,-41.29235583,174.7729009
Wellington City,1N/1075/0.2,100,N, ,VIVIAN/WILLIS,2350546,14/01/03,Tue,2020,DA,CN1,133A ,G,M,D,TF,F , ,N,R,100,0,0,0,,,1748334,5427193,-41.2930877,174.7715831
Wellington City,1N/1075/0.2,100,N, ,VIVIAN/WILLIS,2350082,12/01/03,Sun,1400,DA,CN1,111A 801 ,G,M,W,O ,L , ,N,C,100,0,0,0,,,1748334,5427193,-41.2930877,174.7715831
Wellington City,1N/1075/0.21,90,N, ,VIVIAN/WILLIS,2354698,17/09/03,Wed,1757,DA,CN1,135A 901 ,G,M,W,O ,H , ,N,C,100,0,0,0,,,1748332,5427183,-41.2931781,174.7715617
Wellington City,1N/1075/0.227,50,N, ,VIVIAN/WILLIS,2352485,3/05/03,Sat,125,DA,CN1,133A ,G,M,D,DO,F , ,N,C,100,0,0,0,,,1748339,5427145,-41.29351894,174.7716545
Wellington City,1N/1075/0.227,50,N, ,VIVIAN/WILLIS,2350953,27/01/03,Mon,1350,DA,CN1,111A 801 ,G,E,W,O ,L , ,N,C,100,0,0,0,,,1748339,5427145,-41.29351894,174.7716545
Wellington City,1N/1075/0.277,, ,I,WILLIS ST,2350083,12/01/03,Sun,1030,GB,CN2C,173A ,,R,D,O ,F ,X,T,R,50,0,0,0,,,1748371,5427107,-41.29385519,174.7720458
Wellington City,1N/1075/0.277,, ,I,WILLIS ST,2311091,7/01/03,Tue,650,HA,CN2C,324A 370B ,,R,D,B ,F ,X,T,R,50,0,0,1,,,1748371,5427107,-41.29385519,174.7720458
Wellington City,1N/1075/0.277,, ,I,WILLIS ST,2352470,25/05/03,Sun,330,HA,CN2X,322A 351A ,,R,D,DO,F ,X,T,C,50,0,0,0,,,1748371,5427107,-41.29385519,174.7720458
Wellington City,1N/1075/0.277,, ,I,WILLIS ST,2313217,17/09/03,Wed,2300,HA,MN2C,322B ,,R,D,DO,F ,X,T,C,50,0,0,1,,,1748371,5427107,-41.29385519,174.7720458
Wellington City,1N/1075/0.277,, ,I,WILLIS ST,2353454,8/07/03,Tue,2105,AA,CW1C,355A 372A ,,E,D,DO,F ,X,T,C,50,0,0,0,,,1748371,5427107,-41.29385519,174.7720458
Wellington City,1N/1075/0.277,, ,I,WILLIS ST,2351610,22/03/03,Sat,1700,HA,CN2C,322A 350A 379B ,,R,D,B ,F ,X,T,C,50,0,0,0,,,1748371,5427107,-41.29385519,174.7720458
Wellington City,1N/1075/0.277,, ,I,WILLIS ST,2351026,9/02/03,Sun,1850,HA,CN2C,322A 334B ,,E,D,O ,F ,X,T,P,50,0,0,0,,,1748371,5427107,-41.29385519,174.7720458
Wellington City,1N/1075/0.3,, ,I,VIVIAN/WILLIS,2350075,12/01/03,Sun,1520,AC,CN1C,170A 372A ,,R,W,O ,L ,X,T,C,50,0,0,0,,,1748371,5427107,-41.29385519,174.7720458
Wellington City,1N/1075/0.374,80,N, ,WILLIS ST,2354361,8/08/03,Fri,425,DA,XN1,111A 135A 801 ,G,M,W,DO,L , ,N,R,100,0,0,0,,,1748283,5427025,-41.29460965,174.7710152
Wellington City,1N/1075/0.429,25,N, ,WILLIS ST,2356395,21/08/03,Thu,1103,DA,CN1,135A 806 901 ,G,E,W,O ,H , ,N,C,100,0,0,0,,,1748292,5426970,-41.29510319,174.771136
Wellington City,1N/1075/0.559,, ,I,CUBA ST,2356367,5/08/03,Tue,1520,QD,VW1C,428A ,M,R,D,B ,F ,X,T,C,50,0,0,0,,,1748607,5427000,-41.29477515,174.7748892
Wellington City,1N/1075/0.654,, ,I,MARION ST,2351209,27/02/03,Thu,1200,GC,CW1C,171A 372A ,,R,W,O ,L ,T,G,C,50,0,0,0,,,1748694,5426962,-41.29510125,174.7759371
Wellington City,1N/1075/0.654,, ,I,MARION ST,2356364,25/11/03,Tue,1425,KA,CW1C,302B 375B ,,R,D,B ,F ,T,G,C,50,0,0,0,,,1748694,5426962,-41.29510125,174.7759371
Wellington City,1N/1075/0.654,, ,I,MARION ST,2355967,1/12/03,Mon,1645,EO,VW1B,386A ,Q,R,D,B ,F ,T,G,C,50,0,0,0,,,1748694,5426962,-41.29510125,174.7759371
Wellington City,1N/1075/0.654,, ,I,MARION ST,2311503,8/03/03,Sat,1840,NF,CS2E,713B ,,R,D,O ,F ,T,G,C,50,0,0,1,33,,1748694,5426962,-41.29510125,174.7759371
Wellington City,1N/1075/0.674,20,E, ,MARION ST,2364399,14/10/03,Tue,1030,AA,CW1C,372A ,,R,D,OF,F ,T,G,C,50,0,0,0,,,1748712,5426954,-41.29516997,174.7761539
Wellington City,1N/1075/0.739,, ,I,TARANAKI ST,2352241,23/05/03,Fri,1350,GF,CN2C,122A ,,R,D,O ,F ,X,T,R,50,0,0,0,,,1748792,5426917,-41.29548835,174.777118
Wellington City,TARANAKI ST,, ,I,VIVIAN ST,2354326,12/06/03,Thu,2234,LB,CS1C,322A ,,R,D,DO,F ,X,T,R,50,0,0,0,,,1748792,5426917,-41.29548835,174.777118
Wellington City,TARANAKI ST,, ,I,VIVIAN ST,2352784,30/05/03,Fri,1800,GF,CS1V,176A 372A ,,R,D,DO,F ,X,T,R,50,0,0,0,,,1748792,5426917,-41.29548835,174.777118
Wellington City,1N/1075/0.747,25,W, ,TARANAKI ST,2354118,29/08/03,Fri,1135,FD,CW1VC,331A ,,R,W,O ,L , ,N,C,50,0,0,0,,,1748778,5426923,-41.29543691,174.7769494
Wellington City,1N/1075/0.759,20,E, ,TARANAKI ST,2313121,31/10/03,Fri,1050,NB,CE1E,711B ,,R,D,B ,F , ,N,C,50,0,0,1,21,,1748810,5426909,-41.29555706,174.7773349
Wellington City,1N/1075/0.932,30,W, ,TORY ST,2355102,13/10/03,Mon,1515,EA,TE1C,129A 386A ,M,R,W,O ,L , ,N,C,50,0,0,0,,,1748969,5426838,-41.29616697,174.7792504
Wellington City,1N/1075/0.942,20,W, ,TORY ST,2352174,16/04/03,Wed,1030,AA,CE1X,372A ,M,R,D,B ,F , ,N,C,50,0,0,0,,,1748978,5426833,-41.29621033,174.7793591
Wellington City,1N/1075/0.956,, ,I,TARANAKI ST,2353442,15/07/03,Tue,1610,JA,CS2C,323B ,,R,D,B ,F ,X,T,C,50,0,0,0,,,1748678,5426647,-41.29794029,174.775823
Wellington City,TARANAKI ST,, ,I,BUCKLE ST,2354453,29/08/03,Fri,2020,JA,CS1C,322B 375B ,,R,D,DO,F ,X,T,R,50,0,0,0,,,1748678,5426647,-41.29794029,174.775823
Wellington City,1N/1075/0.962,, ,I,TORY ST,2352317,17/05/03,Sat,1345,FE,CE1CC,112A 181A ,,R,D,B ,F ,X,T,C,50,0,0,0,,,1748996,5426825,-41.29627903,174.7795759
Wellington City,1N/1075/1.002,40,E, ,TORY ST,2350523,9/01/03,Thu,1610,FD,CE1CC,181A ,,R,D,O ,F , ,N,C,50,0,0,0,,,1749033,5426809,-41.29641625,174.7800216
Wellington City,1N/1075/1.019,, ,I,TORY ST,2355839,22/11/03,Sat,2220,FE,VS2C,103A 358A 427A ,M,R,D,DO,F ,X,T,C,50,0,0,0,,,1748996,5426825,-41.29627903,174.7795759
Wellington City,TARANAKI ST,, ,I,ARTHUR ST,2354124,29/08/03,Fri,1930,DB,CE2,103A 201A ,P,R,D,DO,F ,X,T,C,50,0,0,0,,,1748678,5426647,-41.29794029,174.775823
Wellington City,1N/1075/1.158,25,W, ,CAMBRIDGE TERRACE,2313170,12/11/03,Wed,1245,NB,SE1E,711B ,,R,D,B ,F , ,N,C,50,0,0,2,21,24,1749174,5426744,-41.29697543,174.7817208
Wellington City,CAMBRIDGE TERRACE,, ,I,1N/1075/1.183,2353340,25/06/03,Wed,1630,FE,CN1C,331A ,,R,D,TO,F ,X,T,R,50,0,0,0,,,1749197,5426734,-41.29706121,174.7819978
Wellington City,1N/1075/1.266,, ,I,PIRIE ST,2356272,7/12/03,Sun,1145,KB,CS1C,322A ,,R,D,B ,F ,X,T,R,50,0,0,0,,,1749220,5426723,-41.29715599,174.7822751
Wellington City,1N/1075/1.266,, ,I,PIRIE ST,2352130,14/02/03,Fri,1330,DA,CS1C,359A ,M,R,D,B ,F ,X,T,R,50,0,0,0,,,1749220,5426723,-41.29715599,174.7822751