TLA NAME,CRASH ROAD,CRASH DIST,CRASH DIRN,INTSN,SIDE ROAD,CRASH ID,CRASH DATE,CRASH DOW,CRASH TIME,MVMT,VEHICLES,CAUSES,OBJECTS STRUCK,ROAD CURVE,ROAD WET,LIGHT,WTHRa,JUNC TYPE,TRAF CTRL,ROAD MARK,SPD LIM,CRASH FATAL CNT,CRASH SEV CNT,CRASH MIN CNT,PERS AGE1,PERS AGE2,EASTING,NORTHING,latitude,longitude
Wellington City,1N/1075/1.366,100,S, ,PIRIE ST,2352129,26/02/03,Wed,1030,AA,CS1CC,372A 927 ,M,R,D,B ,F , ,N,R,50,0,0,0,,,1749179,5426631,-41.29799189,174.7818082
Wellington City,1N/1075/1.41,150,N, ,ELLICE ST,2352938,5/06/03,Thu,1320,FD,CS1V,331A ,,R,D,B ,F , ,N,C,50,0,0,0,,,1749161,5426591,-41.29835535,174.7816031
Wellington City,1N/1075/1.431,30,S, ,BUCKLE ST,2356155,12/10/03,Sun,10,AC,XN1C,386A ,,R,D,DO,F , ,N,C,50,0,0,0,,,1748962,5426460,-41.29957155,174.7792594
Wellington City,1N/1075/1.441,40,S, ,BUCKLE ST,2353391,25/06/03,Wed,1735,FD,CN1C,331A ,,R,D,DO,F , ,N,C,50,0,0,0,,,1748958,5426451,-41.29965332,174.7792138
Wellington City,1N/1075/1.558,30,N, ,RUGBY ST,2353651,15/07/03,Tue,1230,MA,CN1C,373B 410B ,,E,D,B ,F , ,N,C,50,0,0,0,,,1748918,5426343,-41.30063308,174.7787627
Wellington City,1N/1075/1.558,30,N, ,RUGBY ST,2313547,19/10/03,Sun,630,EA,XN1CCC,410A ,M,M,D,B ,F , ,N,C,50,0,1,0,,,1748918,5426343,-41.30063308,174.7787627
Wellington City,1N/1075/1.568,, ,I,ELLICE ST,2354829,6/10/03,Mon,1815,DB,CS1,131A 359A ,P,M,D,B ,F ,T,G,R,50,0,0,0,,,1749115,5426446,-41.29966935,174.7810894
Wellington City,1N/1075/1.588,, ,I,SUSSEX ST,2351607,1/03/03,Sat,130,DA,CW1C,111A ,M,M,D,DO,F ,T,G,R,50,0,0,0,,,1748932,5426317,-41.30086458,174.7789362
Wellington City,1N/1075/1.588,, ,I,SUSSEX ST,2311313,24/01/03,Fri,2330,AD,CW1,111A 133A ,P,M,W,DO,L ,T,G,R,50,0,2,2,,,1748932,5426317,-41.30086458,174.7789362
Wellington City,1N/1075/1.588,, ,I,SUSSEX ST,2351606,22/03/03,Sat,30,DA,CW1CC,133A 137A ,MM,M,D,DO,F ,T,G,R,50,0,0,0,,,1748932,5426317,-41.30086458,174.7789362
Wellington City,1N/1075/1.588,, ,I,SUSSEX ST,2355020,19/08/03,Tue,1907,DA,CW1,137A ,FP,M,D,DO,F ,T,G,R,50,0,0,0,,,1748932,5426317,-41.30086458,174.7789362
Wellington City,1N/1075/1.588,, ,I,SUSSEX ST,2355288,4/11/03,Tue,1,DA,CW1C,111A ,MP,M,D,DO,F ,T,G,R,50,0,0,0,,,1748932,5426317,-41.30086458,174.7789362
Wellington City,1N/1075/1.6,10,E, ,SUSSEX ST,2350971,12/02/03,Wed,2044,KA,CW1T,200A 312A 927 ,,M,D,TO,F ,D,N,R,50,0,0,0,,,1748941,5426313,-41.30089893,174.7790446
Wellington City,1N/1075/1.624,20,S, ,ELLICE ST,2356384,3/04/03,Thu,1645,AA,CS1C,370A 387B ,,E,D,DO,F , ,N,C,50,0,0,0,,,1749173,5426387,-41.30018983,174.7817964
Wellington City,1N/1075/1.668,30,W, ,ADELAIDE ROAD,2352274,3/05/03,Sat,1220,EE,VW1C,374B ,M,R,D,B ,F , ,N,C,50,0,0,0,,,1748978,5426297,-41.30103616,174.7794903
Wellington City,1N/1075/1.669,, ,I,ADELAIDE ROAD,2311912,12/03/03,Wed,1837,NA,CW1EE,161A 306A 359A ,,R,D,B ,F ,T,G,X,50,0,0,2,19,,1749006,5426284,-41.30114803,174.7798278
Wellington City,1N/1075/1.669,, ,I,ADELAIDE ROAD,2355285,9/11/03,Sun,950,FC,CW1CC,331A ,,R,D,B ,F ,T,G,X,50,0,0,0,,,1749006,5426284,-41.30114803,174.7798278
Wellington City,1N/1075/1.679,10,E, ,ADELAIDE ROAD,2354397,7/08/03,Thu,1525,GA,VW1X,181A ,,R,W,O ,F ,T,G,R,50,0,0,0,,,1749015,5426280,-41.30118238,174.7799362
Wellington City,1N/1075/1.688,20,N, ,PATERSON ST,2350147,21/01/03,Tue,1705,FD,CS1VT,423A ,,E,D,B ,F , ,N,C,50,0,0,0,,,1749166,5426359,-41.30044322,174.7817197
Wellington City,1N/1075/1.688,20,S, ,PATERSON ST,2356359,21/08/03,Thu,1420,AA,CS1C,128A 386A 903 ,,E,D,O ,FS, ,N,C,50,0,0,0,,,1749166,5426359,-41.30044322,174.7817197
Wellington City,1N/1075/1.776,, ,I,RUGBY ST,2311207,2/02/03,Sun,700,DA,CS1,132A 137A ,T,M,D,B ,F ,T,N,R,50,0,1,0,,,1749106,5426254,-41.30139966,174.781029
Wellington City,1N/1076/0.297,, ,A,WEST PORTAL,2356396,13/08/03,Wed,1529,FD,CE1CC,181A ,,R,W,B ,F , ,N,L,50,0,0,0,,,1749422,5426191,-41.30190842,174.7848173
Wellington City,1N/1076/0.687,300,W, ,TAURIMA ST,2313490,12/12/03,Fri,1515,FD,CE1M,181A ,,R,D,O ,F , ,N,L,50,0,0,1,,,1749773,5426022,-41.30336492,174.7890496
Wellington City,1N/1076/0.968,, ,I,TAURIMA ST,2356052,29/11/03,Sat,336,DA,CE1,103A ,P,E,D,DO,F ,Y,G,C,50,0,0,0,,,1750043,5425890,-41.3045032,174.7923058
Wellington City,1N/1076/1.037,50,E, ,TAURIMA ST,2355870,7/11/03,Fri,1636,AA,TE1C,386A ,,E,D,B ,F , ,N,L,50,0,0,0,,,1750073,5425850,-41.30485775,174.7926738
Wellington City,1N/1076/1.449,30,N, ,GOA ST,2312865,25/09/03,Thu,1720,FD,VS1CC,181A 427A ,,R,D,B ,F , ,N,C,70,0,0,1,,,1749980,5425453,-41.30844937,174.7916613
Wellington City,1N/1076/1.459,20,N, ,GOA ST,2350234,25/01/03,Sat,1215,FD,VS1VC,181A ,,R,D,B ,F , ,N,L,70,0,0,0,,,1749977,5425443,-41.30853997,174.7916279
Wellington City,1N/1076/1.469,10,N, ,GOA ST,2354831,3/10/03,Fri,1200,GD,CS1CCV,191A 331A 181C 132D ,,R,W,O ,HS,X,G,L,70,0,0,0,,,1749974,5425434,-41.30862155,174.7915943
Wellington City,1N/1076/1.483,, ,I,GOA ST,2312439,30/07/03,Wed,1800,HA,VE2C,302A 377A 920 ,,R,D,TF,F ,D,G,C,70,0,0,1,,,1749971,5425425,-41.30870314,174.7915607
Wellington City,1N/1076/1.735,100,N, ,WELLINGTON ROAD,2313173,6/11/03,Thu,1530,FC,CS1CV,352A ,,R,D,B ,F , ,N,P,70,0,0,2,,,1749894,5425180,-41.31092327,174.7907017
Wellington City,1N/1076/1.755,80,N, ,WELLINGTON ROAD,2352319,24/05/03,Sat,1745,FD,CN1C,181A 331A 352A ,,R,W,DO,L , ,N,L,70,0,0,0,,,1749888,5425161,-41.31109545,174.7906347
Wellington City,1N/1076/1.765,70,N, ,WELLINGTON ROAD,2353108,24/05/03,Sat,1710,FD,CN1C,181A ,,R,D,TF,F , ,N,L,70,0,0,0,,,1749884,5425151,-41.31118623,174.7905894
Wellington City,1N/1076/1.785,50,N, ,WELLINGTON ROAD,2311958,9/04/03,Wed,2132,FD,CN1CC,181A 331A ,,R,W,DN,L , ,N,L,70,0,0,1,,,1749878,5425133,-41.3113494,174.7905222
Wellington City,1N/1076/1.835,, ,I,WELLINGTON ROAD,2354080,11/09/03,Thu,1920,FD,CW1VCC,358A 181C ,,R,W,DO,L ,Y,G,R,50,0,0,0,,,1749873,5425084,-41.31179149,174.7904746
Wellington City,1N/1076/1.835,, ,I,WELLINGTON ROAD,2350284,22/01/03,Wed,2145,JC,CS1C,304A ,,M,W,DO,L ,Y,G,R,50,0,0,0,,,1749873,5425084,-41.31179149,174.7904746
Wellington City,1N/1076/1.835,, ,I,WELLINGTON ROAD,2352267,19/05/03,Mon,1850,JC,CW1C,302A 404B ,,M,D,DO,F ,Y,G,R,50,0,0,0,,,1749873,5425084,-41.31179149,174.7904746
Wellington City,1N/1076/1.835,, ,I,RUAHINE ST,2354832,3/10/03,Fri,2215,DA,CW1C,133A 135A 801 ,CP,M,W,DO,L ,Y,G,R,50,0,0,0,,,1749873,5425084,-41.31179149,174.7904746
Wellington City,1N/1076/1.835,, ,I,RUAHINE ST,2353135,29/06/03,Sun,220,DA,XW1,111A ,C,M,W,DO,L ,Y,G,R,50,0,0,0,,,1749873,5425084,-41.31179149,174.7904746
Wellington City,1N/1076/1.865,30,E, ,RUAHINE ST,2354114,2/09/03,Tue,735,FD,CW1CC,181A 331A 191B ,,R,D,B ,F , ,N,L,50,0,0,0,,,1749895,5425070,-41.31191345,174.7907407
Wellington City,1N/1076/2.04,50,W, ,KILBIRNIE CRESCENT,2312207,20/06/03,Fri,1900,FD,CW1V,331A ,,R,D,DO,F , ,N,L,50,0,0,1,,,1750074,5425056,-41.31200622,174.7928816
Wellington City,1N/1076/2.04,50,W, ,KILBIRNIE CRESCENT,2311415,12/03/03,Wed,925,FD,CW1C,181A ,,R,D,B ,F , ,N,L,50,0,0,1,,,1750074,5425056,-41.31200622,174.7928816
Wellington City,1N/1076/2.09,, ,I,KILBIRNIE CRESCENT,2353900,12/07/03,Sat,554,LB,CW1C,303B 375B ,,R,W,DO,LS,X,T,R,50,0,0,0,,,1750123,5425048,-41.31206913,174.7934687
Wellington City,1N/1076/2.09,, ,I,KILBIRNIE CRESCENT,2312558,4/07/03,Fri,1232,LB,CW1CV,171B 303B ,,R,D,B ,F ,X,T,R,50,0,0,1,,,1750123,5425048,-41.31206913,174.7934687
Wellington City,1N/1076/2.11,, ,I,KILBIRNIE CRESCENT,2352292,4/05/03,Sun,2200,HA,CN2C,322A ,,R,W,DO,HS,X,T,R,50,0,0,0,,,1750123,5425048,-41.31206913,174.7934687
Wellington City,1N/1076/2.11,, ,I,KILBIRNIE CRESCENT,2351548,11/03/03,Tue,920,DB,CN2C,111A ,,E,W,O ,L ,X,N,R,50,0,0,0,,,1750123,5425048,-41.31206913,174.7934687
Wellington City,1N/1076/2.293,, ,I,EVANS BAY PARADE,2354078,15/08/03,Fri,1725,DB,CS2,133A ,FP,E,W,TF,L ,X,T,R,50,0,0,0,,,1750302,5425012,-41.31235991,174.7956151
Wellington City,1N/1076/2.293,, ,I,EVANS BAY PARADE,2313482,11/12/03,Thu,1630,GA,CS2C,331A 353A ,,M,D,O ,F ,X,G,R,50,0,0,1,,,1750302,5425012,-41.31235991,174.7956151
Wellington City,1N/1076/2.293,, ,I,EVANS BAY PARADE,2356145,21/12/03,Sun,1310,GA,CS2V,181A 353A ,,E,D,O ,FS,X,G,R,50,0,0,0,,,1750302,5425012,-41.31235991,174.7956151
Wellington City,1N/1076/2.295,, ,I,EVANS BAY PARADE,2352290,12/05/03,Mon,1338,HA,CW1C,322B ,,R,D,B ,F ,X,T,R,50,0,0,0,,,1750300,5425000,-41.31246832,174.7955942
Wellington City,1N/1076/2.395,100,E, ,EVANS BAY PARADE,2351199,28/01/03,Tue,815,FD,VW1C,181A ,,R,D,B ,F , ,N,R,70,0,0,0,,,1750397,5424976,-41.31266632,174.7967584
Wellington City,1N/1076/2.478,200,E, ,EVANS BAY PARADE,2311973,19/04/03,Sat,2257,DB,CE1CC,103A 111A ,FT,E,W,DO,L , ,N,R,70,0,1,1,,,1750477,5424928,-41.31308356,174.7977255
Wellington City,1N/1076/3.104,, ,I,TROY ST,2353390,28/06/03,Sat,1756,DA,CN2,131A 801 ,P,E,W,TF,L ,R,G,R,70,0,0,0,,,1750889,5424441,-41.31739119,174.8027662
Wellington City,1N/1076/3.108,, ,I,TROY ST,2312167,3/06/03,Tue,2005,KB,CE1P,302A ,,E,W,DO,L ,R,G,R,70,0,0,1,,,1750931,5424492,-41.31692417,174.8032551
Wellington City,1N/1076/3.238,, ,I,TROY ST,2350954,6/03/03,Thu,1625,FB,CW1C,181A ,,E,D,B ,F ,R,G,R,70,0,0,0,,,1750975,5424435,-41.31742912,174.8037947
Wellington City,1N/1076/3.238,, ,I,TROY ST,2352272,8/05/03,Thu,1150,FB,VW1C,181A 331A ,,R,D,B ,F ,R,G,R,70,0,0,0,,,1750975,5424435,-41.31742912,174.8037947
Wellington City,1N/1076/3.338,100,E, ,TROY ST,2350225,15/02/03,Sat,50,AA,VW1X,372A ,,R,W,DO,L , ,N,R,70,0,0,0,,,1751068,5424446,-41.31731267,174.8049025
Wellington City,1N/1076/3.338,100,E, ,TROY ST,2354437,28/07/03,Mon,730,DB,CE1,112A 402A ,I,E,D,O ,F , ,N,R,70,0,0,0,,,1751068,5424446,-41.31731267,174.8049025
Wellington City,1N/1076/3.585,, ,I,CALABAR ROAD,2352766,7/06/03,Sat,2300,FB,CS1C,181A 353A ,,E,D,DO,F ,R,G,R,70,0,0,0,,,1751392,5424522,-41.31656767,174.8087528
Wellington City,1N/1076/3.587,100,W, ,CALABAR ROAD,2352765,6/06/03,Fri,1242,DB,CW1,133A 801 ,IP,E,W,O ,L , ,N,R,70,0,0,0,,,1751311,5424496,-41.31681695,174.807792
Wellington City,1N/1076/3.636,, ,I,CALABAR ROAD,2351730,6/05/03,Tue,945,AA,XE1C,372A 671A ,,M,D,B ,F ,R,G,R,70,0,0,0,,,1751419,5424533,-41.31646356,174.8090725
Wellington City,1N/1076/3.722,, ,I,COBHAM DRIVE,2351726,3/05/03,Sat,1329,GE,CS1C,171B 372B ,,M,D,B ,F ,R,G,R,70,0,0,0,,,1751451,5424460,-41.31711479,174.8094728
Wellington City,1N/1076/3.722,, ,I,COBHAM DRIVE,2353998,25/07/03,Fri,1300,GE,VS2B,171B ,,E,D,B ,F ,R,G,R,70,0,0,0,,,1751451,5424460,-41.31711479,174.8094728
Wellington City,1N/1076/3.722,, ,I,COBHAM DRIVE,2353999,22/07/03,Tue,1548,GE,CS1C,171B ,,E,D,B ,F ,R,G,R,70,0,0,0,,,1751451,5424460,-41.31711479,174.8094728
Wellington City,1N/1076/3.722,, ,I,COBHAM DRIVE,2356004,24/12/03,Wed,1701,GE,CS1C,171A ,,R,D,B ,FS,R,G,R,70,0,0,0,,,1751451,5424460,-41.31711479,174.8094728
Wellington City,1N/1076/3.722,, ,I,COBHAM DRIVE,2356346,8/10/03,Wed,600,GE,CS1C,171B 372B ,,E,D,TF,F ,R,G,R,70,0,0,0,,,1751451,5424460,-41.31711479,174.8094728
Wellington City,1N/1076/3.722,, ,I,COBHAM DRIVE,2355011,9/10/03,Thu,1640,GE,CS1V,171B ,,R,D,O ,F ,R,G,R,70,0,0,0,,,1751451,5424460,-41.31711479,174.8094728
Wellington City,1N/1076/3.722,, ,I,COBHAM DRIVE,2355281,16/11/03,Sun,1615,GC,CS1C,174B 372B ,,M,D,B ,F ,R,G,R,70,0,0,0,,,1751451,5424460,-41.31711479,174.8094728
Wellington City,1N/1076/3.722,, ,I,COBHAM DRIVE,2355966,1/12/03,Mon,2040,GE,CS1C,171B 372B 850 ,,M,D,TO,F ,R,G,R,70,0,0,0,,,1751451,5424460,-41.31711479,174.8094728
Wellington City,1N/1076/3.722,, ,I,COBHAM DRIVE,2354836,27/09/03,Sat,1410,GE,CS1C,171B 372B 377B 853 872 ,,M,D,B ,F ,R,G,R,70,0,0,0,,,1751451,5424460,-41.31711479,174.8094728
Wellington City,1N/1076/3.722,, ,I,COBHAM DRIVE,2354804,25/09/03,Thu,1600,GE,BS1C,171B 372B 405B 872 ,,M,D,O ,FS,R,G,R,70,0,0,0,,,1751451,5424460,-41.31711479,174.8094728
Wellington City,1N/1076/3.722,, ,I,COBHAM DRIVE,2353385,10/06/03,Tue,1315,GE,CS1C,387A 171B ,,M,D,O ,FS,R,G,R,70,0,0,0,,,1751451,5424460,-41.31711479,174.8094728
Wellington City,1N/1076/3.722,, ,I,COBHAM DRIVE,2352998,20/05/03,Tue,740,GE,XS1C,171B 372B ,I,M,W,O ,LS,R,G,R,70,0,0,0,,,1751451,5424460,-41.31711479,174.8094728
Wellington City,1N/1076/3.722,, ,I,CALABAR ROAD,2313135,27/10/03,Mon,1227,KA,CS1S,302A 377A 670B ,,E,D,B ,F ,R,G,R,70,0,1,0,,25,1751451,5424460,-41.31711479,174.8094728
Wellington City,1N/1076/3.727,, ,I,COBHAM DRIVE,2352773,4/06/03,Wed,915,DA,CS1,131A ,P,M,W,O ,L ,R,G,R,70,0,0,0,,,1751426,5424454,-41.3171735,174.8091757
Wellington City,1N/1076/3.727,, ,I,COBHAM DRIVE,2353785,29/07/03,Tue,925,AA,CS1V,372A ,,S,D,B ,F ,R,G,R,70,0,0,0,,,1751426,5424454,-41.3171735,174.8091757
Wellington City,1N/1076/3.78,, ,I,COBHAM DRIVE,2352273,30/05/03,Fri,1800,FB,CN1C,181A ,,M,D,DO,F ,R,G,R,70,0,0,0,,,1751451,5424455,-41.31715981,174.809474
Wellington City,1N/1076/3.83,50,S, ,COBHAM DRIVE,2312504,18/06/03,Wed,1530,FD,CN1CC,331A 427A ,,R,D,B ,F , ,N,L,70,0,0,4,,,1751453,5424411,-41.31755557,174.8095089
Wellington City,1N/1076/3.83,50,S, ,COBHAM DRIVE,2354348,22/08/03,Fri,1530,FD,CN1VC,181A 801 ,,R,W,O ,L , ,N,L,70,0,0,0,,,1751453,5424411,-41.31755557,174.8095089
Wellington City,1N/1076/3.942,180,N, ,CALEDONIA ST,2352023,6/04/03,Sun,1600,FD,CN1CC,331A ,,R,D,TN,F , ,N,L,70,0,0,0,,,1751439,5424241,-41.31908875,174.809384
Wellington City,2/962/12.888,200,W, ,HOROKIWI ROAD,2351048,15/01/03,Wed,1645,FD,CW1CCC,181A 331A ,,R,D,B ,F , ,N,R,100,0,0,0,,,1755028,5434378,-41.22714238,174.8496652
Wellington City,2/962/12.888,200,W, ,HOROKIWI ROAD,2311733,5/05/03,Mon,832,FD,CW1CC,331A 350A ,,R,D,O ,F , ,N,R,100,0,0,2,,,1755028,5434378,-41.22714238,174.8496652
Wellington City,2/962/12.896,200,W, ,HOROKIWI ROAD,2352619,3/04/03,Thu,1200,AA,VE1C,372A ,,R,D,B ,F , ,N,R,100,0,0,0,,,1755021,5434389,-41.22704469,174.8495789
Wellington City,2/962/12.946,250,W, ,HOROKIWI ROAD,2351325,24/04/03,Thu,2050,AD,CE1,111A ,G,M,W,DO,L , ,N,R,100,0,0,0,,,1754973,5434374,-41.22718893,174.8490103
Wellington City,2/962/13.028,340,W, ,HOROKIWI ROAD,2353906,10/09/03,Wed,745,FD,MW1T,181A 331A 353A ,,R,D,O ,F , ,N,R,100,0,0,0,,,1754894,5434336,-41.22754618,174.8480779
Wellington City,2/962/13.088,400,W, ,HOROKIWI ROAD,2352870,27/06/03,Fri,1500,FD,CW1CC,331A 181B ,,R,D,B ,F , ,N,R,100,0,0,0,,,1754837,5434318,-41.22771915,174.8474027
Wellington City,2/962/13.188,500,W, ,HOROKIWI ROAD,2355546,13/11/03,Thu,2001,FD,CW1CC,181A 331C ,,R,W,O ,H , ,N,R,100,0,0,0,,,1754742,5434288,-41.22800742,174.8462774
Wellington City,2/962/13.196,500,W, ,HOROKIWI ROAD,2355552,12/10/03,Sun,1400,FD,CE1VCC,331A ,,M,D,O ,F , ,N,R,100,0,0,0,,,1754735,5434299,-41.22790972,174.8461911
Wellington City,2/962/13.496,800,W, ,HOROKIWI ROAD,2354056,27/08/03,Wed,1830,FD,CE1CV,181A ,,R,W,DN,L , ,N,R,100,0,0,0,,,1754462,5434181,-41.22902427,174.8429653
Wellington City,2/962/13.528,840,W, ,HOROKIWI ROAD,2356104,26/12/03,Fri,1215,DB,CW1,132A 801 ,G,E,W,O ,L , ,N,R,100,0,0,0,,,1754439,5434145,-41.22935278,174.8427001
Wellington City,2/962/13.588,900,W, ,HOROKIWI ROAD,2353721,4/08/03,Mon,645,AD,CW1T,131A 801 ,G,M,W,TO,L , ,N,R,100,0,0,0,,,1754399,5434100,-41.22976556,174.8422345
Wellington City,2/962/13.846,1150,W, ,HOROKIWI ROAD,2353403,5/07/03,Sat,2330,DB,CE1,137A 802 ,G,M,I,DO,LS, ,N,R,100,0,0,0,,,1754223,5433930,-41.23132968,174.8401785
Wellington City,2/962/13.846,1150,W, ,HOROKIWI ROAD,2353404,5/07/03,Sat,2330,FF,CE1C,181A 802 ,,M,I,DO,LS, ,N,R,100,0,0,0,,,1754223,5433930,-41.23132968,174.8401785
Wellington City,2/962/13.846,1150,W, ,HOROKIWI ROAD,2353405,5/07/03,Sat,2330,FD,CE1CV,135A 802 ,,M,I,DO,LS, ,N,R,100,0,0,0,,,1754223,5433930,-41.23132968,174.8401785
Wellington City,2/962/13.846,1150,W, ,HOROKIWI ROAD,2353406,5/07/03,Sat,2330,FD,CE1C,181A ,,M,W,DO,L , ,N,R,100,0,0,0,,,1754223,5433930,-41.23132968,174.8401785
Wellington City,2/962/13.871,, ,A,SERVICE STN NTH,2311120,12/01/03,Sun,2009,DA,VE1,111A 403A ,G,M,W,TF,L , ,N,R,100,0,1,1,,,1754201,5433919,-41.23143291,174.8399189
Wellington City,2/962/13.896,1200,W, ,HOROKIWI ROAD,2312233,5/06/03,Thu,1815,FD,CE1CC,331A ,,R,D,DO,F , ,N,R,100,0,1,4,,,1754178,5433908,-41.23153633,174.8396474
Wellington City,2/962/13.938,1250,W, ,HOROKIWI ROAD,2310053,4/07/03,Fri,2315,DA,CW1,106A 111A 532A ,FGX,E,W,DO,H , ,N,R,100,1,1,1,,,1754137,5433880,-41.23179623,174.8391655
Wellington City,2/962/14.488,1800,W, ,HOROKIWI ROAD,2311596,21/02/03,Fri,1030,FD,CW1CCC,181A 181B 181C 331D ,,R,D,O ,F , ,N,R,100,0,0,1,,,1753724,5433530,-41.23502596,174.8343281
Wellington City,2/962/14.63,400,W, ,SERVICE STN STH,2312686,5/09/03,Fri,2220,CC,CE1,112A 137A 402A ,G,R,W,DO,L , ,N,R,100,0,0,1,,,1753615,5433452,-41.23574892,174.8330477
Wellington City,2/962/14.688,2000,W, ,HOROKIWI ROAD,2313598,27/11/03,Thu,1854,AF,CW1C,103A 410A ,GG,E,D,O ,F , ,N,R,100,0,0,1,,,1753569,5433404,-41.23618981,174.8325111
Wellington City,2/962/14.969,1390,E, ,NGAURANGA ON NBD,2352795,15/05/03,Thu,655,CC,CW1C,136A 631A 126B ,GV,R,D,O ,F , ,N,R,100,0,0,0,,,1753342,5433237,-41.23773643,174.8298456
Wellington City,2/962/14.969,2000,E, ,SH 1N,2354128,28/08/03,Thu,1151,DB,TE1V,135A 137A 801 ,CC,E,W,O ,H , ,N,R,100,0,0,0,,,1753342,5433252,-41.23760138,174.8298419
Wellington City,2/962/15.241,500,E, ,HUTT ON NBD,2352270,14/05/03,Wed,212,FA,CE1C,410A ,,E,D,DO,F , ,N,R,100,0,0,0,,,1753129,5433084,-41.23915428,174.8273435
Wellington City,2/962/15.759,1200,E, ,SH 1N,2352759,27/06/03,Fri,1530,FD,CW1C,181A ,,E,D,B ,F , ,N,R,100,0,0,0,,,1752715,5432759,-41.24215864,174.8224868
Wellington City,2/962/15.959,1000,E, ,SH 1N,2350894,14/02/03,Fri,815,FD,TW1C,181A ,,R,D,O ,F , ,N,R,100,0,0,0,,,1752554,5432639,-41.24326943,174.8205964
Wellington City,2/962/15.97,1000,E, ,SH 1N,2354090,5/09/03,Fri,1630,FD,CE1CC,331A 351A ,,R,W,O ,H , ,N,R,100,0,0,0,,,1752546,5432648,-41.24318991,174.8204987
Wellington City,2/962/16.47,500,E, ,SH 1N,2353407,29/06/03,Sun,1630,QG,CE1C,682A ,G,R,W,TO,HS, ,N,R,100,0,0,0,,,1752164,5432327,-41.24615195,174.8160221
Wellington City,2/962/16.47,500,E, ,SH 1N,2353401,29/06/03,Sun,1630,FF,VE1VCC,331A 181B 191D ,DD,R,W,TO,HS, ,N,R,100,0,0,0,,,1752164,5432327,-41.24615195,174.8160221
Wellington City,2/962/16.57,400,E, ,SH 1N,2353303,1/07/03,Tue,1030,FD,CE1XC,331A ,,R,D,O ,F , ,N,R,100,0,0,0,,,1752091,5432259,-41.24677791,174.8151682
Wellington City,2/962/16.77,200,E, ,SH 1N,2311877,16/04/03,Wed,1035,FD,CE1MCV,112A 181B 132C 832 ,,R,D,B ,F , ,N,R,100,0,0,1,,,1751937,5432131,-41.24795929,174.813363
Wellington City,2/962/16.77,200,E, ,SH 1N,2354784,21/08/03,Thu,1545,FD,CE1C,112A 181A 801 ,,R,W,O ,LS, ,N,R,100,0,0,0,,,1751937,5432131,-41.24795929,174.813363
Wellington City,2/962/16.87,100,E, ,SH 1N,2353289,1/07/03,Tue,1010,FD,CE1CC,181A 191B 181C 386C ,,R,W,O ,LS, ,N,R,100,0,0,0,,,1751858,5432069,-41.24853234,174.8124361
Wellington City,2/962/16.95,20,E, ,SH 1N,2352939,13/06/03,Fri,1730,CA,ME1,132A ,,R,D,DO,F , ,N,R,100,0,0,0,,,1751793,5432023,-41.2489587,174.8116721
Wellington City,ABEL SMITH ST,20,E, ,CUBA ST,2456614,18/11/04,Thu,759,EE,TW1V,385A ,M,R,D,B ,F , ,N,C,50,0,0,0,,,1748552,5426830,-41.29631586,174.7742741
Wellington City,ABEL SMITH ST,60,W, ,CUBA ST,2411435,5/03/04,Fri,1149,JA,CW1CC,308B 926 ,M,R,D,B ,F ,D,N,C,50,0,0,1,,,1748480,5426864,-41.29602299,174.7734063
Wellington City,ABEL SMITH ST,100,W, ,CUBA ST,2456773,16/12/04,Thu,1230,DA,CS1V,133A 926 ,M,R,D,B ,F ,D,N,C,50,0,0,0,,,1748443,5426880,-41.29588574,174.7729606
Wellington City,ABEL SMITH ST,, ,I,CUBA ST,2451604,21/01/04,Wed,825,HA,CW1C,301A ,,R,W,O ,L ,X,S,C,50,0,0,0,,,1748534,5426838,-41.29624714,174.7740573
Wellington City,ABEL SMITH ST,10,W, ,TARANAKI ST,2411823,4/04/04,Sun,1406,NB,VW1E,713B 726B ,,R,D,B ,F ,T,S,C,50,0,0,1,8,,1748712,5426759,-41.29692564,174.7762016
Wellington City,ABEL SMITH ST,50,E, ,THE TERRACE,2452036,1/05/04,Sat,,EA,CE1C,129A ,M,R,W,O ,L , ,N,C,50,0,0,0,,,1748150,5427012,-41.29475112,174.7694306
Wellington City,ABEL SMITH ST,20,W, ,VICTORIA ST,2450520,14/01/04,Wed,1237,MA,VE1C,381B ,,R,D,B ,F , ,T,C,50,0,0,0,,,1748347,5426925,-41.29549824,174.7718036
Wellington City,ACCESS ROAD,250,S, ,STEWART DUFF DRIVE,2454087,3/09/04,Fri,850,FA,XN1C,331A ,,R,D,O ,F , ,N,R,50,0,0,0,,,1751650,5423097,-41.32934878,174.8121893
Wellington City,ACCESS ROAD,, ,I,STEWART DUFF DRIVE,2453163,12/07/04,Mon,1550,AA,XN1C,303A 434A ,,R,D,B ,F ,R,G,R,50,0,0,0,,,1751616,5423342,-41.32714939,174.811722
Wellington City,ADELAIDE ROAD,15,N, ,ALFRED ST,2456795,18/11/04,Thu,1650,LB,CN1V,303B 377B 924 ,,R,D,B ,F ,D,N,C,50,0,0,0,,,1748992,5426234,-41.30160079,174.7796729
Wellington City,ADELAIDE ROAD,40,S, ,ALFRED ST,2452683,9/06/04,Wed,800,FA,CN1C,331A ,,R,D,O ,F , ,N,C,50,0,0,0,,,1748978,5426181,-41.30208055,174.7795187