TLA NAME,CRASH ROAD,CRASH DIST,CRASH DIRN,INTSN,SIDE ROAD,CRASH ID,CRASH DATE,CRASH DOW,CRASH TIME,MVMT,VEHICLES,CAUSES,OBJECTS STRUCK,ROAD CURVE,ROAD WET,LIGHT,WTHRa,JUNC TYPE,TRAF CTRL,ROAD MARK,SPD LIM,CRASH FATAL CNT,CRASH SEV CNT,CRASH MIN CNT,PERS AGE1,PERS AGE2,EASTING,NORTHING,latitude,longitude
Wellington City,ADELAIDE ROAD,, ,I,BRITOMART ST,2411415,17/02/04,Tue,1740,FB,CN1CC,331A ,,R,D,O ,F ,X,T,L,50,0,0,1,,,1748579,5424122,-41.32069216,174.7752579
Wellington City,ADELAIDE ROAD,60,S, ,COLOMBO ST,2453166,24/06/04,Thu,320,EA,CN1CC,129A ,M,R,D,DO,F , ,N,C,50,0,0,0,,,1748684,5425015,-41.31263277,174.7762935
Wellington City,ADELAIDE ROAD,, ,I,COLOMBO ST,2456334,10/12/04,Fri,733,EA,CS1CC,410A ,MM,R,D,B ,F ,T,G,C,50,0,0,0,,,1748699,5425074,-41.3120988,174.7764582
Wellington City,ADELAIDE ROAD,50,S, ,DOVER ST,2452076,2/04/04,Fri,2308,EA,CS1V,101A 350A ,M,M,D,DO,F , ,N,C,50,0,0,0,,,1748495,5423341,-41.32773929,174.7744455
Wellington City,ADELAIDE ROAD,, ,I,DRUMMOND ST,2453594,14/07/04,Wed,1831,JA,CS1C,301B 839 ,,R,D,B ,F ,X,S,L,50,0,0,0,,,1748893,5425844,-41.30513039,174.7785863
Wellington City,ADELAIDE ROAD,, ,I,HALL ST,2412394,15/07/04,Thu,1005,CB,CS1,137A 322A ,S,R,W,ON,L ,X,T,C,50,0,0,1,,,1748741,5425246,-41.31054247,174.7769177
Wellington City,ADELAIDE ROAD,30,N, ,HERALD ST,2412524,6/08/04,Fri,2200,NB,CN1E,105B 719B ,,R,W,DO,L , ,N,C,50,0,0,1,49,,1748581,5424152,-41.32042169,174.7752744
Wellington City,ADELAIDE ROAD,, ,I,HOSPITAL ROAD,2456313,17/11/04,Wed,1555,JA,TS1C,303B 353B 375B ,,R,D,B ,F ,T,G,C,50,0,0,0,,,1748863,5425724,-41.30621634,174.7782575
Wellington City,ADELAIDE ROAD,, ,I,HOSPITAL ROAD,2412170,26/06/04,Sat,1411,JA,CS1C,302B 375B ,,R,W,O ,F ,T,G,P,50,0,0,1,,,1748863,5425724,-41.30621634,174.7782575
Wellington City,ADELAIDE ROAD,40,N, ,KING ST,2454068,20/08/04,Fri,1635,JA,MN1C,151A 308B 353B 927 ,,R,D,B ,F ,D,N,C,50,0,0,0,,,1748947,5426058,-41.3031937,174.7791787
Wellington City,ADELAIDE ROAD,, ,I,KING ST,2411230,30/01/04,Fri,852,LB,MN1C,303B 377B ,,R,D,O ,F ,T,G,P,50,0,0,1,,,1748937,5426020,-41.30353767,174.7790686
Wellington City,ADELAIDE ROAD,20,S, ,LUXFORD ST,2453185,21/06/04,Mon,1330,EE,CN1C,374B ,Q,R,D,O ,L , ,N,C,50,0,0,0,,,1748583,5424195,-41.32003417,174.7752878
Wellington City,ADELAIDE ROAD,30,S, ,LUXFORD ST,2452484,20/04/04,Tue,750,MA,CN1B,159A 191A 381B ,,R,D,O ,F , ,N,C,50,0,0,0,,,1748583,5424185,-41.32012421,174.7752903
Wellington City,ADELAIDE ROAD,, ,I,LUXFORD ST,2451603,12/02/04,Thu,2150,LB,CS1C,303B 375B ,,R,D,DO,F ,T,T,L,50,0,0,0,,,1748585,5424215,-41.31985374,174.7753068
Wellington City,ADELAIDE ROAD,50,N, ,NIKAU ST,2412248,20/06/04,Sun,1700,BA,CN1V,125A ,F,R,W,DO,H , ,N,C,50,0,1,0,,,1748789,5425437,-41.30881397,174.7774441
Wellington City,ADELAIDE ROAD,10,S, ,RUGBY ST,2452947,15/04/04,Thu,1220,AC,TN1C,372A ,,R,D,B ,F ,T,G,R,50,0,0,0,,,1749003,5426275,-41.30122962,174.7797942
Wellington City,ADELAIDE ROAD,10,S, ,RUGBY ST,2455882,8/11/04,Mon,848,AA,BN1T,386A ,,R,D,B ,F ,T,G,R,50,0,0,0,,,1749003,5426275,-41.30122962,174.7797942
Wellington City,ADELAIDE ROAD,20,S, ,RUGBY ST,2455938,15/11/04,Mon,1540,JA,CN1C,308A 377A 924 ,,R,W,O ,LS,D,N,P,50,0,0,0,,,1749000,5426265,-41.3013202,174.7797608
Wellington City,ADELAIDE ROAD,50,S, ,RUGBY ST,2450306,30/01/04,Fri,2015,GB,BN1C,381B 924 ,,R,D,TF,F ,D,N,C,50,0,0,0,,,1748993,5426236,-41.3015826,174.7796843
Wellington City,ADELAIDE ROAD,200,S, ,RUGBY ST,2451233,11/03/04,Thu,1600,FD,CN1C,331A ,,R,D,B ,F , ,N,P,50,0,0,0,,,1748956,5426091,-41.30289492,174.7792781
Wellington City,AHURIRI ST,190,S, ,TUKANAE ST,2453133,12/07/04,Mon,840,BB,BN1C,123A 330B 363B 902 ,,E,D,B ,F , ,N,C,50,0,0,0,,,1752176,5422384,-41.33566892,174.8186504
Wellington City,AKAROA DRIVE,200,N, ,KAIKOURA ST S,2455421,6/10/04,Wed,2040,DA,CN1CC,111A 402A ,M,M,D,DO,F , ,N,C,50,0,0,0,,,1752248,5425687,-41.3059178,174.8186833
Wellington City,AKAROA DRIVE,400,N, ,KAIKOURA ST S,2455351,11/10/04,Mon,2325,DA,CN1C,111A 130A 634A ,M,E,D,DO,F , ,N,C,50,0,0,0,,,1752408,5425791,-41.30495126,174.8205676
Wellington City,ALEXANDRA ROAD,380,S, ,ALEXANDRA LOOKOUT ROAD,2413526,30/07/04,Fri,1600,BD,CS1C,123A 121B ,,M,W,O ,F , ,N,C,50,0,1,0,,,1749926,5426330,-41.30056347,174.7908004
Wellington City,ALLEN ST,70,N, ,COURTENAY PLACE,2456108,6/11/04,Sat,1630,MO,CN1C,371A 386A ,M,R,D,B ,F , ,N,C,50,0,0,0,,,1749238,5427171,-41.29311914,174.7823802
Wellington City,ALLEN ST,100,N, ,COURTENAY PLACE,2455518,5/11/04,Fri,2330,BA,TN1C,370A ,,R,D,DO,F , ,N,N,50,0,0,0,,,1749250,5427198,-41.29287383,174.7825168
Wellington City,ALLEN ST,10,S, ,WAKEFIELD ST,2454261,27/08/04,Fri,415,MO,CE1C,101A 371A ,,R,W,DO,L ,T,N,N,50,0,0,0,,,1749268,5427239,-41.29250136,174.7827216
Wellington City,ALLINGTON ROAD,20,E, ,MAKARA ROAD,2412741,6/09/04,Mon,1626,FC,CW1M,331A 363A 642A 902 ,,R,D,B ,F , ,N,X,50,0,0,1,,,1744273,5427735,-41.28894378,174.7229746
Wellington City,ALLINGTON ROAD,, ,I,ST ALBANS AVENUE,2452297,25/03/04,Thu,820,JA,CE1C,303B 375B ,,R,D,B ,F ,T,N,C,50,0,0,0,,,1743958,5427614,-41.29008946,174.719243
Wellington City,ANGELL ST,100,E, ,BASSETT ROAD,2453636,29/07/04,Thu,743,QD,CW1,359A 428A ,HT,E,W,O ,H , ,N,N,50,0,0,0,,,1751600,5435409,-41.21850949,174.808529
Wellington City,AOTEA ON NBD,60,N, ,AOTEA QUAY,2413106,4/10/04,Mon,1420,DA,TN1,682A ,G,S,W,O ,L , ,N,R,70,0,0,2,,,1749517,5430173,-41.26603924,174.784974
Wellington City,AOTEA ON NBD,20,S, ,FERRY TERMINAL ACCESS ROA,2412463,12/08/04,Thu,445,DA,CN1,190A 501A ,P,E,D,DO,F ,Y,N,R,70,0,0,1,,,1749490,5430230,-41.26553104,174.7846378
Wellington City,AOTEA ON NBD,30,W, ,SH 1N,2455467,5/11/04,Fri,2215,FD,CE1CC,103A 112A 181A ,,R,W,DO,F , ,N,N,100,0,0,0,,,1749760,5430530,-41.26278001,174.7877859
Wellington City,AOTEA QUAY,, ,I,AOTEA OFF SBD,2413064,29/09/04,Wed,1300,MC,CS2V,372B ,,E,D,B ,F ,Y,N,C,70,0,0,2,,,1749561,5430076,-41.26690443,174.7855228
Wellington City,AOTEA QUAY,, ,I,AOTEA OFF SBD,2451068,19/02/04,Thu,2115,MC,CS1C,202B ,C,R,W,DO,H ,Y,N,L,70,0,0,0,,,1749561,5430076,-41.26690443,174.7855228
Wellington City,AOTEA QUAY,30,N, ,AOTEA ON NBD,2451792,27/03/04,Sat,2315,CB,CS1,338A 355A ,K,R,D,DO,F , ,N,C,70,0,0,0,,,1749539,5430151,-41.26623325,174.7852419
Wellington City,AOTEA QUAY,40,N, ,AOTEA ON NBD,2451793,27/03/04,Sat,2316,CB,VS1,132A 137A 353A ,K,R,D,DO,F , ,N,C,70,0,0,0,,,1749537,5430160,-41.26615259,174.7852158
Wellington City,AOTEA QUAY,50,S, ,AOTEA ON NBD,2454702,22/09/04,Wed,1845,FD,CN1CC,331A ,,R,D,DO,F , ,N,C,70,0,0,0,,,1749561,5430074,-41.26692244,174.7855233
Wellington City,AOTEA QUAY,100,S, ,AOTEA ON NBD,2455122,1/10/04,Fri,1305,JA,TN1C,308B 375B 404B 927 ,,R,D,B ,F ,D,N,P,70,0,0,0,,,1749571,5430025,-41.26736176,174.7856547
Wellington City,AOTEA QUAY,400,S, ,AOTEA ON NBD,2413368,16/12/04,Thu,514,CA,CW1,103A 410A 928 ,S,R,W,TO,L ,D,T,R,70,0,0,1,,,1749628,5429731,-41.26999821,174.786407
Wellington City,AOTEA QUAY,, ,I,AOTEA ON NBD,2455797,20/11/04,Sat,2058,LB,CN1C,303B 382B 410B ,,M,D,DO,F ,Y,G,P,70,0,0,0,,,1749546,5430121,-41.26650206,174.7853328
Wellington City,AOTEA QUAY,, ,I,AOTEA ON NBD,2455456,3/10/04,Sun,120,DB,CN1,103A 111A 132A ,B,E,D,DO,F ,Y,N,R,70,0,0,0,,,1749546,5430121,-41.26650206,174.7853328
Wellington City,AOTEA QUAY,, ,I,AOTEA ON NBD,2412961,4/08/04,Wed,506,AA,SN1C,372A ,,E,D,DO,F ,Y,N,R,70,0,1,0,,65,1749546,5430121,-41.26650206,174.7853328
Wellington City,AOTEA QUAY,50,S, ,HUTT ROAD,2412740,28/08/04,Sat,1000,DA,CN1,135A 806 ,CG,M,W,O ,L , ,N,R,70,0,0,1,,,1749549,5430456,-41.26348535,174.7852864
Wellington City,AOTEA QUAY,100,N, ,RLY YARD ENT S,2455720,5/11/04,Fri,2135,FD,CN1C,181A ,,R,W,DO,L , ,N,C,70,0,0,0,,,1749619,5429772,-41.26963074,174.7862895
Wellington City,AOTEA QUAY,, ,A,WATERLOO QUAY,2450704,7/02/04,Sat,120,DA,CS1,103A 111A ,F,M,D,DO,F , ,N,C,50,0,0,0,,,1749678,5429335,-41.2735543,174.7871009
Wellington City,APLIN TERRACE,150,N, ,BOMBAY ST,2413226,9/11/04,Tue,1727,MO,CW1,130A 350A 423A 929 ,ET,R,D,O ,F ,D,N,N,50,0,0,1,,,1748950,5431991,-41.24977563,174.7777641
Wellington City,APUKA ST,80,S, ,KAREPA ST,2453474,2/07/04,Fri,1625,BC,BN1C,370A 831 839 ,,M,D,TF,L , ,N,C,50,0,0,0,,,1747326,5426203,-41.30218579,174.7597895
Wellington City,ARO ST,80,W, ,ADAMS TERRACE,2455303,30/10/04,Sat,100,MO,CE1C,371A ,M,R,W,DO,L , ,N,C,50,0,0,0,,,1747534,5427095,-41.29411666,174.7620566
Wellington City,ARO ST,20,E, ,DEVON ST,2454639,19/08/04,Thu,2330,EA,CE1C,386A ,M,E,D,DO,F ,T,N,C,50,0,0,0,,,1747929,5426951,-41.29534087,174.7668071
Wellington City,ARO ST,, ,I,DEVON ST,2412271,1/07/04,Thu,1830,FD,VE1CCC,331A 352A 181B ,,R,W,DO,L ,T,N,C,50,0,0,1,,,1747909,5426953,-41.29532652,174.7665679
Wellington City,ARO ST,, ,I,DURHAM ST,2456736,22/12/04,Wed,500,DB,CN1C,131A 514A 632A ,M,M,D,DO,F ,T,S,C,50,0,0,0,,,1747660,5427000,-41.29494895,174.7635839
Wellington City,ARO ST,200,E, ,HOLLOWAY ROAD,2450956,16/02/04,Mon,1530,MO,CW1CT,512A ,M,R,D,O ,F , ,N,C,50,0,0,0,,,1747616,5427040,-41.29459686,174.7630489
Wellington City,ARO ST,, ,I,HOLLOWAY ROAD,2413190,6/11/04,Sat,1709,LB,MN1C,124B 303B ,,R,D,B ,F ,T,N,C,50,0,0,1,,,1747452,5427169,-41.29346538,174.7610598
Wellington City,ARO ST,, ,I,OHIRO ROAD,2413282,19/11/04,Fri,1430,GD,ME1V,132A 181A 191B ,,R,D,B ,F ,T,N,C,50,0,0,1,,,1748163,5426879,-41.29594619,174.7696182
Wellington City,ARO ST,100,W, ,WILLIS ST,2450759,26/01/04,Mon,1700,QG,VE1CC,665A ,,R,D,O ,F , ,N,P,50,0,0,0,,,1748159,5426881,-41.29592892,174.7695699
Wellington City,ASHTON FITCHETT DRIVE,140,E, ,KAREPA ST,2451847,14/02/04,Sat,1715,GE,CE1C,157A 386A 929 ,,R,D,B ,F ,D,N,C,50,0,0,0,,,1747063,5426008,-41.30398945,174.7566965
Wellington City,AURORA TERRACE,50,W, ,THE TERRACE,2412448,29/07/04,Thu,1745,KA,CW1CV,308B 375B 839 926 ,M,E,D,DO,F ,D,N,C,50,0,0,1,,,1748606,5428514,-41.2811441,174.7745078
Wellington City,AWA ROAD,100,E, ,TOTARA ROAD,2453659,23/07/04,Fri,900,MO,CS1V,371A 387B ,,M,W,B ,F , ,N,N,50,0,0,0,,,1752893,5424969,-41.31226011,174.8265649
Wellington City,AWARUA ST,, ,I,ROTHSAY ROAD,2452145,16/04/04,Fri,1530,JA,MW1C,309A 378A 110B 831 ,,M,D,B ,F ,T,N,C,50,0,0,0,,,1748451,5432631,-41.24410516,174.7716554
Wellington City,BALLANCE ST,15,N, ,STOUT ST,2453626,7/08/04,Sat,1430,MO,VE1C,371A ,,R,D,O ,F , ,N,C,50,0,0,0,,,1748811,5428558,-41.28071019,174.7769438
Wellington City,BARNARD ST,370,N, ,LENNEL ROAD,2455352,22/10/04,Fri,916,MO,TS1C,371A 929 ,M,R,D,B ,F ,D,N,N,50,0,0,0,,,1749360,5430509,-41.26304312,174.7830182
Wellington City,BARNARD ST,50,N, ,LOWER WATT ST,2452667,4/06/04,Fri,1531,DA,VS1,111A 135A 402A 801 ,FK,M,W,O ,L , ,N,L,50,0,0,0,,,1749150,5430233,-41.26556687,174.78058
Wellington City,BARODA ST,100,W, ,BURMA ROAD,2412700,13/08/04,Fri,1940,CA,CE1C,501A ,M,R,D,DN,F , ,N,N,50,0,0,1,,,1750097,5432850,-41.24182953,174.7912362
Wellington City,BARTON TERRACE,10,N, ,LEWISVILLE TERRACE,2451253,21/03/04,Sun,1720,MO,CS1,371A 403A ,P,R,D,B ,F ,T,N,N,50,0,0,0,,,1748137,5428842,-41.27827712,174.7688303
Wellington City,BASSETT ROAD,60,N, ,IRONSIDE ROAD,2455795,23/11/04,Tue,1520,EA,CN1C,350A 386A ,M,R,W,O ,L , ,N,C,50,0,0,0,,,1751496,5435278,-41.21970842,174.8073214
Wellington City,BAY ROAD,20,N, ,COUTTS ST,2453087,17/06/04,Thu,1220,MA,CS1C,373B ,,R,D,O ,FS, ,N,C,50,0,0,0,,,1750183,5424194,-41.31974679,174.7943961
Wellington City,BAYVIEW TERRACE,100,E, ,PALLISER ROAD,2452625,15/05/04,Sat,1050,BB,CW1C,386A 831 ,,S,W,O ,L , ,N,N,50,0,0,0,,,1750106,5427115,-41.29346238,174.7927558
Wellington City,BEAUCHAMP ST,10,S, ,KARORI ROAD,2450701,9/02/04,Mon,1340,MO,VS1C,371A 446B ,,R,D,B ,F ,T,G,C,50,0,0,0,,,1745456,5428155,-41.28494996,174.736996
Wellington City,BEAUCHAMP ST,80,S, ,KARORI ROAD,2451575,31/03/04,Wed,940,CB,CS1CC,129A 350A ,M,R,D,B ,F , ,N,C,50,0,0,0,,,1745480,5428089,-41.28553988,174.7372983
Wellington City,BEAZLEY AVENUE,50,W, ,CARA CRESCENT,2455854,10/11/04,Wed,1702,DA,CN1V,133A ,M,M,W,OF,L , ,N,C,50,0,0,0,,,1752210,5435864,-41.21429846,174.8156893
Wellington City,BEAZLEY AVENUE,, ,I,LYNDA AVENUE,2411214,30/01/04,Fri,1545,DA,CS1,111A 801 ,T,M,W,O ,H ,T,N,N,50,0,0,1,,,1752168,5435741,-41.21541378,174.8152191
Wellington City,BEDFORD ST,200,S, ,HUNTINGDON ST,2451751,6/04/04,Tue,1237,DB,CN1C,123A 351A ,Q,E,W,O ,L , ,N,N,50,0,0,0,,,1747419,5429291,-41.27436592,174.7601522
Wellington City,BEDFORD ST,30,W, ,ORANGI KAUPAPA ROAD,2453101,12/06/04,Sat,530,EA,CE1C,129A ,M,E,W,DO,F , ,N,N,50,0,0,0,,,1747630,5429098,-41.27606506,174.7627171
Wellington City,BELL ST,15,S, ,MASSEY ST,2454773,24/09/04,Fri,1720,MA,CN1C,373B ,P,E,D,TF,F , ,N,C,50,0,0,0,,,1754044,5442700,-41.15240485,174.8358359
Wellington City,BIDWILL ST,20,W, ,ANDERSON TERRACE,2453052,26/05/04,Wed,2050,QD,CE1C,428A ,M,R,W,TO,L , ,N,N,50,0,0,0,,,1748304,5426165,-41.30234876,174.7714755
Wellington City,BIDWILL ST,, ,I,ANDERSON TERRACE,2452097,28/04/04,Wed,1610,GB,CE1V,158A ,,R,D,O ,F ,T,N,N,50,0,0,0,,,1748285,5426167,-41.30233425,174.7712481
Wellington City,BIDWILL ST,200,W, ,WALLACE ST,2452539,3/05/04,Mon,1251,MA,XE1C,373B ,,R,D,O ,F , ,N,N,50,0,0,0,,,1748331,5426164,-41.30235281,174.7717981
Wellington City,BIRDWOOD ST,30,W, ,CHAYTOR ST,2452104,16/04/04,Fri,1242,MC,CW1C,372B ,,R,D,B ,F , ,N,C,50,0,0,0,,,1746904,5427929,-41.28672261,174.7543345
Wellington City,BLAIR ST,, ,I,COURTENAY PLACE,2455087,9/10/04,Sat,130,MF,CS1X,371B ,,R,D,DO,F ,T,N,N,50,0,0,0,,,1749281,5427092,-41.29382246,174.7829129
Wellington City,BLAKEY AVENUE,10,W, ,BEATTY AVENUE,2411416,12/02/04,Thu,1648,JA,CE1C,308B 929 ,,R,D,B ,F ,D,N,N,50,0,0,1,,,1745142,5427903,-41.28727539,174.7333081
Wellington City,BOLTON ST,, ,I,MOWBRAY ST,2451049,1/03/04,Mon,2339,DA,CE1,195A ,C,M,D,DO,F ,T,N,C,50,0,0,0,,,1748621,5428691,-41.27954772,174.7746436
Wellington City,BOULCOTT ST,, ,I,CHURCH ST,2453782,8/08/04,Sun,1240,GA,VN1C,181A ,,M,D,B ,F ,Y,N,C,50,0,0,0,,,1748531,5427745,-41.28808156,174.7738002
Wellington City,BOULCOTT ST,, ,I,MANNERS ST,2455165,21/10/04,Thu,1215,EE,VN2V,374B ,M,R,D,B ,F ,X,T,C,50,0,0,0,,,1748603,5427623,-41.28916673,174.7746894
Wellington City,BOULCOTT ST,20,W, ,OREILY AVENUE,2413292,23/11/04,Tue,1245,FD,VW1X,331A 358A ,,R,D,O ,F , ,N,N,50,0,0,2,,,1748572,5427676,-41.28869526,174.7743064
Wellington City,BOULCOTT ST,50,W, ,WILLIS ST,2456105,10/12/04,Fri,1630,FA,CS1C,331A 359A ,,R,W,O ,L , ,N,L,50,0,0,0,,,1748577,5427666,-41.28878437,174.7743685
Wellington City,BOULD ST,40,S, ,BRODERICK ROAD,2452532,22/05/04,Sat,2320,CC,CN1C,101A 125A ,M,R,W,DO,L , ,N,N,50,0,0,0,,,1751274,5434711,-41.22485488,174.8048147
Wellington City,BOWEN ST,, ,I,BALLANTRAE PLACE,2413329,3/12/04,Fri,815,LB,SE1X,303B 377B ,,S,D,O ,F ,T,N,C,50,0,0,1,,26,1748469,5428870,-41.27796406,174.7727859
Wellington City,BOWEN ST,, ,I,LAMBTON QUAY,2412274,24/06/04,Thu,1737,NA,CE1E,322A 713B 718B ,,R,D,TF,F ,X,T,C,50,0,0,1,47,,1748819,5428688,-41.27953827,174.7770076
Wellington City,BOWEN ST,, ,I,MUSEUM ST,2454400,15/09/04,Wed,820,HA,CW1X,308B 930 ,,R,D,B ,F ,D,G,C,50,0,0,0,,,1748718,5428772,-41.27880058,174.7757816
Wellington City,BOWEN ST,50,W, ,THE TERRACE,2451569,30/03/04,Tue,905,AC,CE1C,129A 353A ,,E,D,B ,F , ,N,C,50,0,0,0,,,1748653,5428789,-41.27865949,174.7750017
Wellington City,BOWEN ST,70,E, ,TINAKORI ROAD,2413390,25/11/04,Thu,1920,DA,CE1,103A 111A ,PST,M,D,TF,F , ,N,L,50,0,0,3,,,1748234,5428756,-41.27903363,174.7700089
Wellington City,BOWES CRESCENT,110,S, ,BURY GROVE,2455200,4/03/04,Thu,1630,DC,CS1,104A 357A 513A ,EV,R,D,B ,F , ,N,N,50,0,0,0,,,1752343,5422224,-41.33707788,174.8206854
Wellington City,BOX HILL,15,N, ,CLARK ST,2413322,3/12/04,Fri,838,FC,CS1CC,331A ,,R,D,B ,F ,T,P,X,50,0,0,2,,,1750056,5432537,-41.24465521,174.7908241
Wellington City,BOX HILL,15,N, ,CLARK ST,2453596,13/07/04,Tue,1733,FD,CN1C,331A 350A ,,R,D,B ,F , ,N,C,50,0,0,0,,,1750056,5432537,-41.24465521,174.7908241
Wellington City,BRACKEN ROAD,50,N, ,KAHIKATEA GROVE,2412488,1/07/04,Thu,830,KA,CS1X,308B 370B 830 930 ,,E,D,B ,F ,D,N,C,50,0,0,1,,,1752786,5435333,-41.21897071,174.8226897
Wellington City,BRAITHWAITE ST,, ,I,BIRDWOOD ST,2453595,14/07/04,Wed,1720,DA,CE1,111A 132A ,S,R,W,OO,L ,T,N,N,50,0,0,0,,,1746581,5428279,-41.28363006,174.7503947
Wellington City,BRAITHWAITE ST,, ,I,MESSINES ROAD,2454279,29/08/04,Sun,1845,LB,CW1C,303B 832 ,,R,D,DO,F ,T,N,C,50,0,0,0,,,1746422,5428225,-41.28414511,174.7485098
Wellington City,BRANDON ST,, ,I,FEATHERSTON ST,2454282,12/08/04,Thu,900,AC,TW1X,372A ,,R,D,B ,F ,X,T,L,50,0,0,0,,,1748799,5428249,-41.28349447,174.7768761
Wellington City,BRITOMART ST,20,W, ,ADELAIDE ROAD,2452812,22/05/04,Sat,1420,EA,CE1C,129A ,M,R,D,O ,L , ,N,C,50,0,0,0,,,1748559,5424123,-41.32068684,174.7750188
Wellington City,BRITOMART ST,, ,A,LIARDET ST,2454601,3/07/04,Sat,500,DA,CW1,101A 111A 801 ,ET,S,W,DO,L , ,N,C,50,0,0,0,,,1748130,5424304,-41.31913614,174.7698512
Wellington City,BRITOMART ST,60,W, ,STANLEY ST,2412729,17/09/04,Fri,1530,JA,MW1C,308B 375B 839 929 ,,R,D,B ,F ,D,N,C,50,0,1,0,,,1748303,5424139,-41.32058991,174.7719575
Wellington City,BRITOMART ST,, ,I,STANLEY ST,2456612,19/12/04,Sun,1045,HA,CE1C,302B 375B ,,R,D,B ,F ,X,G,C,50,0,0,0,,,1748362,5424136,-41.32060607,174.7726629
Wellington City,BROADWAY,20,W, ,GLAMIS AVENUE,2411978,7/04/04,Wed,1935,CC,CW1CC,130A 501A ,M,R,D,DO,F ,T,G,P,50,0,0,1,,,1752412,5423630,-41.32440639,174.821157
Wellington City,BROADWAY,, ,I,HOBART ST,2452087,6/02/04,Fri,938,CA,MW1C,132A 137A 302B 375B ,,R,D,B ,F ,T,G,R,50,0,0,0,,,1751632,5423541,-41.32535474,174.8118635
Wellington City,BRODERICK ROAD,25,W, ,BANNISTER AVENUE,2453297,20/06/04,Sun,2200,DB,CW1,111A 131A ,P,M,W,DO,F ,M,N,C,50,0,0,0,,,1750898,5434762,-41.22446592,174.8003182
Wellington City,BRODERICK ROAD,, ,I,BANNISTER AVENUE,2455054,2/10/04,Sat,1642,KB,CE1C,113B 302B ,C,R,D,B ,F ,T,G,C,50,0,0,0,,,1750922,5434770,-41.22438941,174.8006024
Wellington City,BRODERICK ROAD,, ,I,BANNISTER AVENUE,2450933,24/02/04,Tue,910,GD,CE1C,112A 181A ,,R,D,B ,F ,T,G,C,50,0,0,0,,,1750922,5434770,-41.22438941,174.8006024
Wellington City,BRODERICK ROAD,, ,I,BANNISTER AVENUE,2456448,19/12/04,Sun,1700,MA,CE1C,373B ,,R,D,BN,F ,T,N,C,50,0,0,0,,,1750922,5434770,-41.22438941,174.8006024
Wellington City,BROOKLYN ROAD,100,N, ,BIDWILL ST,2456062,7/12/04,Tue,1020,EA,TS1B,386A ,Q,R,D,O ,F , ,N,R,50,0,0,0,,,1748153,5426170,-41.30233149,174.7696714
Wellington City,BROOKLYN ROAD,40,S, ,BIDWILL ST,2412075,1/06/04,Tue,2134,DB,CN1,111A ,P,M,D,DO,F , ,N,C,50,0,0,1,,,1748085,5426052,-41.30340638,174.7688882
Wellington City,BROOKLYN ROAD,140,N, ,NAIRN ST S,2455369,2/10/04,Sat,2239,MC,CS1C,372B 926 ,,R,D,DO,F ,D,N,C,50,0,0,0,,,1748071,5426405,-41.30023072,174.7686352
Wellington City,BROOKLYN ROAD,, ,I,WASHINGTON AVENUE,2452483,2/04/04,Fri,930,JA,VW1C,302B ,,M,D,B ,F ,T,G,C,50,0,0,0,,,1747874,5426138,-41.30267077,174.7663481
Wellington City,BROOKLYN ROAD,100,W, ,WILLIS ST,2412042,21/05/04,Fri,1520,DB,CS1CC,111A 132A 133A ,MM,E,D,O ,F , ,N,C,50,0,0,1,,,1748121,5426691,-41.29764656,174.7691625
Wellington City,BROUGHAM ST,, ,I,ARMOUR AVENUE,2451039,9/03/04,Tue,1532,JA,CS1C,309B 507B ,,R,D,B ,F ,T,N,C,50,0,0,0,,,1749357,5426494,-41.29919243,174.7839669
Wellington City,BROUGHAM ST,50,S, ,PIRIE ST,2450939,17/02/04,Tue,945,BA,TS1C,125A 405B ,,R,D,O ,M , ,N,C,50,0,0,0,,,1749400,5426588,-41.29833815,174.7844572
Wellington City,BUCKLE ST,, ,I,CAMBRIDGE TERRACE,2453032,8/02/04,Sun,108,DB,CE1C,111A 131A ,IM,R,D,DO,F ,T,N,R,50,0,0,0,,,1749051,5426475,-41.29942007,174.7803183
Wellington City,BUCKLEY ROAD,180,S, ,SOUTHGATE ROAD,2455246,2/10/04,Sat,340,CC,CS1C,103A 112A 130A ,M,R,W,DO,L , ,N,C,50,0,0,0,,,1749263,5422714,-41.33324256,174.7837725
Wellington City,BURMA ROAD,120,N, ,JOHN SIMS DRIVE,2453731,27/07/04,Tue,1700,MC,CS1C,372A 671A ,,R,D,O ,F , ,N,P,50,0,0,0,,,1750693,5433610,-41.23487608,174.7981578
Wellington City,CABLE ST,20,W, ,CHAFFERS ST,2456141,2/12/04,Thu,1245,AA,CE1C,300A 372A ,,R,D,O ,F , ,N,C,50,0,0,0,,,1749335,5427316,-41.2917957,174.7835025
Wellington City,CABLE ST,50,W, ,CHAFFERS ST,2452349,8/05/04,Sat,1940,EA,CE1C,112A 197A ,M,R,D,DO,F , ,N,C,50,0,0,0,,,1749308,5427329,-41.29168366,174.7831771
Wellington City,CABLE ST,, ,I,CHAFFERS ST,2412095,14/01/04,Wed,1700,FD,CE1CC,501A ,,R,D,B ,F ,X,T,C,50,0,1,0,,,1749353,5427308,-41.2918644,174.7837194
Wellington City,CABLE ST,, ,I,TARANAKI ST,2413191,20/10/04,Wed,1005,KB,VE1C,300A 322A ,,R,D,B ,F ,X,T,C,50,0,0,1,,,1749051,5427473,-41.29043466,174.7800739
Wellington City,CABLE ST,15,E, ,TORY ST,2413052,1/11/04,Mon,1900,FD,CE1CC,181A 350A 503A ,,R,D,TF,F , ,N,C,50,0,0,2,,,1749255,5427352,-41.29148638,174.7825387