TLA NAME,CRASH ROAD,CRASH DIST,CRASH DIRN,INTSN,SIDE ROAD,CRASH ID,CRASH DATE,CRASH DOW,CRASH TIME,MVMT,VEHICLES,CAUSES,OBJECTS STRUCK,ROAD CURVE,ROAD WET,LIGHT,WTHRa,JUNC TYPE,TRAF CTRL,ROAD MARK,SPD LIM,CRASH FATAL CNT,CRASH SEV CNT,CRASH MIN CNT,PERS AGE1,PERS AGE2,EASTING,NORTHING,latitude,longitude
Wellington City,CABLE ST,20,W, ,TORY ST,2456574,23/12/04,Thu,1200,FE,VE1C,181A ,,R,D,B ,F ,T,T, ,50,0,0,0,,,1749223,5427365,-41.29137525,174.7821535
Wellington City,CABLE ST,50,W, ,TORY ST,2453276,27/06/04,Sun,1820,AA,CE1C,355A 386A ,,R,D,DO,F , ,N,C,50,0,0,0,,,1749195,5427377,-41.29127238,174.7818164
Wellington City,CALEDONIA ST,, ,I,MIRO ST,2453090,18/06/04,Fri,1535,LB,CW1C,303B ,,R,W,O ,L ,T,G,C,50,0,0,0,,,1751564,5424018,-41.32107299,174.8109324
Wellington City,CALYPSO ST,20,N, ,JAMAICA DRIVE,2454061,14/08/04,Sat,845,MA,CW1C,373B ,,R,D,O ,F , ,N,C,50,0,0,0,,,1753859,5438637,-41.18902056,174.8346527
Wellington City,CAMBRIDGE TERRACE,30,N, ,BUCKLE ST,2411578,4/02/04,Wed,1809,AF,BN1S,182A 137B 158B ,,S,D,B ,F , ,N,C,50,0,0,1,,30,1749079,5426483,-41.29934287,174.7806506
Wellington City,CAMBRIDGE TERRACE,, ,I,COLLEGE ST,2454258,14/08/04,Sat,1345,DB,CN1,431A ,H,R,D,O ,F ,T,N,C,50,0,0,0,,,1749216,5426777,-41.29667055,174.7822141
Wellington City,CAMBRIDGE TERRACE,15,S, ,COURTENAY PLACE,2412702,8/09/04,Wed,818,NB,CN1E,377A 713B 714B ,,R,D,B ,F , ,N,R,50,0,1,0,24,,1749345,5427064,-41.29406271,174.7836837
Wellington City,CAMBRIDGE TERRACE,, ,I,COURTENAY PLACE,2452030,26/03/04,Fri,1800,FE,CN1C,181A 191A ,,R,D,TF,F ,X,T,R,50,0,0,0,,,1749351,5427078,-41.29393556,174.7837519
Wellington City,CAMBRIDGE TERRACE,, ,I,ELIZABETH ST,2455260,6/10/04,Wed,2106,GD,CN1C,181A 191B ,,R,D,DO,F ,T,T,R,50,0,0,0,,,1749269,5426894,-41.29560735,174.7828182
Wellington City,CAMBRIDGE TERRACE,, ,I,FIFESHIRE AVENUE,2412951,19/10/04,Tue,852,HA,CW2S,201B 204B ,,R,D,B ,F ,X,N,R,50,0,0,1,,14,1749158,5426648,-41.29784271,174.7815533
Wellington City,CAMBRIDGE TERRACE,, ,I,MAJORIBANKS ST,2411677,31/03/04,Wed,2148,LB,CN1C,325B ,S,R,D,DO,F ,X,T,R,50,0,0,1,,,1749351,5427078,-41.29393556,174.7837519
Wellington City,CAMBRIDGE TERRACE,30,N, ,SH 1N,2452077,23/04/04,Fri,337,CA,CN1C,195A ,M,R,D,DO,F , ,N,C,50,0,0,0,,,1749209,5426761,-41.2968159,174.7821345
Wellington City,CAMPBELL ST,40,N, ,FIRTH TERRACE,2451574,31/03/04,Wed,1100,MC,CN1C,372A 671A ,,R,D,B ,F , ,N,N,50,0,0,0,,,1745763,5427825,-41.28786579,174.7407395
Wellington City,CAMPBELL ST,120,N, ,MASEFIELD WAY,2450702,9/02/04,Mon,810,EA,CN1C,129A ,M,R,D,B ,F , ,N,N,50,0,0,0,,,1745820,5427663,-41.28931409,174.7414587
Wellington City,CAMPBELL ST,, ,I,VERVIERS ST,2411653,30/03/04,Tue,1855,LB,SN1C,602A 303B ,,R,D,DO,F ,T,N,C,50,0,0,1,,21,1745842,5427599,-41.28988634,174.7417367
Wellington City,CARLTON GORE ROAD,40,E, ,ORIENTAL PARADE,2452520,10/05/04,Mon,2145,DA,CE1,111A ,C,E,D,DO,F , ,N,L,50,0,0,0,,,1750743,5427723,-41.28786964,174.8002096
Wellington City,CARLTON GORE ROAD,20,N, ,ORIENTAL PARADE,2453539,30/06/04,Wed,1630,BC,CS1C,121A 423A ,,E,D,O ,F , ,N,C,50,0,0,0,,,1750726,5427712,-41.28797185,174.8000094
Wellington City,CARLUKE ST,200,W, ,BRACKEN ROAD,2454039,3/07/04,Sat,1035,BA,CS1CCC,386A 645A ,M,R,D,B ,F , ,N,N,50,0,0,0,,,1752434,5435351,-41.21887503,174.818488
Wellington City,CASHMERE AVENUE,, ,I,RANUI CRESCENT N,2412031,28/05/04,Fri,810,FD,CE1CXV,331A 363A ,,R,D,B ,F ,X,G,C,50,0,0,1,,,1750582,5432289,-41.24679027,174.7971598
Wellington City,CAVENDISH SQUARE,60,W, ,BROADWAY,2411679,19/03/04,Fri,915,BD,CW1C,129A 370A 839 ,,E,D,O ,F , ,N,N,50,0,0,1,,,1752781,5423566,-41.32491276,174.82558
Wellington City,CENTENNIAL NBD,100,N, ,HUTT ROAD,2453468,28/06/04,Mon,1300,GB,BN1C,333A 373A 927 ,,R,D,O ,F ,D,N,N,100,0,0,0,,,1751945,5432297,-41.24646324,174.8134171
Wellington City,CENTENNIAL SBD,, ,I,MALVERN ROAD,2411678,27/02/04,Fri,940,FB,BS1C,181A 191B ,,R,D,O ,F ,T,N,L,80,0,0,1,,,1752009,5432645,-41.24331805,174.8140939
Wellington City,CHAMBERLAIN ROAD,500,N, ,SAMUEL PARNELL ROAD,2412736,13/09/04,Mon,1606,CC,CS1,131A 400A ,C,R,W,O ,L , ,N,N,50,0,0,1,,,1745157,5428590,-41.28108718,174.7333234
Wellington City,CHAPMAN ST,, ,I,RICE CRESCENT,2452708,10/06/04,Thu,1645,JA,CW1C,303B 375B ,,R,D,TF,F ,T,N,N,50,0,0,0,,,1752165,5434842,-41.22350837,174.8154072
Wellington City,CHARTWELL DRIVE,, ,I,CHURCHILL DRIVE,2451970,20/02/04,Fri,720,BF,VN2C,103A 111A 122A ,,E,D,B ,F ,T,N,C,50,0,0,0,,,1747918,5431111,-41.25788825,174.7656659
Wellington City,CHAYTOR ST,50,N, ,BIRDWOOD ST,2412967,25/09/04,Sat,1550,AC,BS1S,372A ,,R,D,O ,F , ,N,C,50,0,0,1,,27,1746933,5427979,-41.28626715,174.7546686
Wellington City,CHAYTOR ST,20,W, ,CURTIS ST,2452037,8/04/04,Thu,1115,EA,VE1V,129A ,M,E,W,O ,L , ,N,C,50,0,0,0,,,1746824,5428167,-41.28459431,174.7533221
Wellington City,CHAYTOR ST,100,W, ,CURTIS ST,2453858,11/08/04,Wed,1425,MC,CS1C,363B 372B ,C,E,D,B ,F , ,N,C,50,0,0,0,,,1746759,5428210,-41.28421898,174.7525359
Wellington City,CHAYTOR ST,, ,I,CURTIS ST,2452704,30/05/04,Sun,1125,LB,CE1C,303B 382B ,,R,D,B ,F ,T,G,P,50,0,0,0,,,1746843,5428162,-41.28463587,174.7535501
Wellington City,CHAYTOR ST,, ,I,CURTIS ST,2451159,17/03/04,Wed,908,KC,CE1C,305A ,,R,W,O ,L ,T,G,P,50,0,0,0,,,1746843,5428162,-41.28463587,174.7535501
Wellington City,CHAYTOR ST,120,S, ,JOLL ST,2412338,27/06/04,Sun,1028,BB,VN1C,123A 410A ,,E,D,B ,F , ,N,C,50,0,0,1,,,1746733,5428251,-41.28385455,174.7522157
Wellington City,CHAYTOR ST,130,S, ,KARORI ROAD,2453536,21/01/04,Wed,750,DB,CN1,116A 133A 817 ,X,S,W,O ,HS, ,N,C,50,0,0,0,,,1746749,5428506,-41.28155574,174.7523452
Wellington City,CHESTER ROAD,30,E, ,KIWI CRESCENT,2412056,14/06/04,Mon,2218,DA,CS1,103A 111A 131A ,C,M,D,DO,F , ,N,N,50,0,0,1,,,1752469,5440532,-41.17222189,174.8176141
Wellington City,CHESTER ROAD,, ,I,WOODSTOCK TERRACE,2452370,30/05/04,Sun,445,DB,CN2,103A 129A 332A ,KP,M,D,DO,F ,Y,N,C,50,0,0,0,,,1752497,5440702,-41.17068604,174.8179054
Wellington City,CHESTERTON ST,100,N, ,BARRIE ST,2456444,30/12/04,Thu,1030,DA,CN1,111A 137A ,F,M,D,ON,F , ,N,C,50,0,0,0,,,1751836,5434709,-41.22476762,174.811517
Wellington City,CHILDERS TERRACE,60,N, ,RODRIGO ROAD,2450749,21/01/04,Wed,1230,GF,TW1C,157B 387B 926 ,,M,W,O ,LS,D,S,N,50,0,0,0,,,1750110,5424375,-41.31813078,174.7934796
Wellington City,CHILDERS TERRACE,, ,I,RONGOTAI ROAD,2456447,15/12/04,Wed,1530,JC,CN1C,301A 387A ,,E,D,ON,F ,X,S,C,50,0,0,0,,,1750110,5424432,-41.31761759,174.7934656
Wellington City,CHURCHILL DRIVE,1000,N, ,BLACKBRIDGE ROAD,2450931,28/02/04,Sat,1320,DB,CS1,131A ,ET,M,W,O ,L , ,N,C,50,0,0,0,,,1747922,5431401,-41.25527649,174.7656432
Wellington City,CHURCHILL DRIVE,50,S, ,BLACKBRIDGE ROAD,2413082,8/11/04,Mon,1220,BF,CN1C,130A 501A ,,M,D,B ,F , ,N,C,50,0,0,1,,,1747713,5430521,-41.26323785,174.7633629
Wellington City,CHURCHILL DRIVE,, ,I,BLACKBRIDGE ROAD,2452138,27/04/04,Tue,900,JA,VS1C,302B 382B ,,E,W,O ,L ,T,G,P,50,0,0,0,,,1747702,5430570,-41.26279868,174.7632197
Wellington City,CHURCHILL DRIVE,60,N, ,CHARTWELL DRIVE,2411531,17/03/04,Wed,1015,DA,VN1,112A 135A 532A 801 ,C,R,W,O ,L , ,N,L,50,0,1,0,,,1747899,5431165,-41.25740554,174.7654261
Wellington City,CHURCHILL DRIVE,100,S, ,SILVERSTREAM ROAD,2411925,12/05/04,Wed,1415,CA,MN1,135A 801 ,,R,W,O ,L , ,N,P,50,0,1,0,,,1747921,5431397,-41.25531269,174.7656323
Wellington City,CHURTON DRIVE,, ,I,CHISBURY ST,2453299,22/06/04,Tue,900,JA,VN1C,303B 353B 375B ,,R,D,O ,F ,T,N,C,50,0,0,0,,,1751530,5436159,-41.21177005,174.8075084
Wellington City,CLEVELAND ST,50,W, ,HARRISON ST,2454750,16/07/04,Fri,2358,MO,CW1C,372A 385A ,M,R,D,DO,F , ,N,C,50,0,0,0,,,1747731,5425881,-41.30501086,174.7647031
Wellington City,CLEVELAND ST,30,W, ,OHIRO ROAD,2454859,9/10/04,Sat,1658,MO,CW1CC,133A 423A ,MM,R,D,B ,F , ,N,C,50,0,0,0,,,1747643,5425853,-41.30527907,174.7636592
Wellington City,CLIFFORD ROAD,, ,I,HAWTREY TERRACE,2453142,6/07/04,Tue,830,BB,VN1B,124A 363A 902 ,,E,W,B ,F ,Y,G,C,50,0,0,0,,,1751542,5435669,-41.21617947,174.807773
Wellington City,COBHAM DRIVE,250,S, ,MIRAMAR AVENUE,2452823,30/04/04,Fri,2307,DB,CN1C,137A ,FM,E,D,DO,F , ,N,R,70,0,0,0,,,1751482,5424573,-41.3160916,174.8098148
Wellington City,COLLIER AVENUE,100,W, ,RICHMOND AVENUE,2455142,13/10/04,Wed,850,DB,CE1,136A 651A ,C,M,D,O ,F , ,N,C,50,0,0,0,,,1744773,5427848,-41.28783685,174.7289164
Wellington City,COLLINS AVENUE,10,N, ,COATES ST,2412882,15/10/04,Fri,1530,NA,CS1E,376A 717B ,,E,W,O ,F ,T,N,X,50,0,0,1,11,,1753929,5442082,-41.15799076,174.8346212
Wellington City,COLLINS AVENUE,, ,I,HANDYSIDE ST,2452314,18/05/04,Tue,1400,EE,CW1C,374B ,M,R,D,B ,F ,T,N,C,50,0,0,0,,,1753871,5442082,-41.15800177,174.8339303
Wellington City,COLLINS AVENUE,50,W, ,HINAU ST,2412528,23/08/04,Mon,727,MC,CW1C,372B ,,R,D,O ,F , ,N,C,50,0,0,1,,,1753775,5442130,-41.15758782,174.8327746
Wellington City,COLLINS AVENUE,, ,I,HINAU ST,2411106,9/01/04,Fri,1720,MO,CE1C,387A 372B ,,R,D,B ,F ,T,G,C,50,0,0,1,,,1753819,5442107,-41.15778655,174.8333045
Wellington City,COLLINS AVENUE,, ,I,MAHOE ST,2412552,28/08/04,Sat,1122,LB,CW1C,303B 375B ,,R,D,O ,F ,T,G,C,50,0,0,1,,,1754307,5441757,-41.16084502,174.839206
Wellington City,CONSTABLE ST,, ,I,ALEXANDRA ROAD,2456434,27/12/04,Mon,1515,MB,CW1C,170B 372B ,,E,D,B ,F ,Y,G,L,50,0,0,0,,,1749679,5424988,-41.31269184,174.7881817
Wellington City,CONSTABLE ST,, ,I,COROMANDEL ST,2411962,16/04/04,Fri,1558,FB,CE1C,331A 358A ,,R,D,B ,F ,X,S,C,50,0,0,1,,,1749537,5424997,-41.31263714,174.7864838
Wellington City,CONSTABLE ST,, ,I,COROMANDEL ST,2451757,2/04/04,Fri,1210,FB,CS2C,181A ,,R,D,B ,F ,X,S,C,50,0,0,0,,,1749537,5424997,-41.31263714,174.7864838
Wellington City,CONSTABLE ST,50,E, ,DANIELL ST,2452095,29/03/04,Mon,2315,FA,CE1X,103A 112A 357A ,,R,D,DO,F , ,N,C,50,0,0,0,,,1749242,5424939,-41.31321398,174.7829754
Wellington City,CONSTABLE ST,80,E, ,DANIELL ST,2450315,25/01/04,Sun,1600,FD,CE1C,613A ,,R,D,B ,F , ,N,C,50,0,0,0,,,1749271,5424945,-41.31315459,174.7833202
Wellington City,CONSTABLE ST,25,W, ,DANIELL ST,2453862,22/07/04,Thu,904,JA,CW1CC,308B 352B 923 ,M,R,D,B ,F ,D,N,C,50,0,0,0,,,1749168,5424923,-41.31337172,174.7820956
Wellington City,CONSTABLE ST,40,W, ,DANIELL ST,2412954,2/10/04,Sat,1140,PO,BW1E,386A ,,R,D,O ,F , ,N,C,50,0,0,1,21,,1749154,5424920,-41.31340132,174.7819292
Wellington City,CONSTABLE ST,50,W, ,DANIELL ST,2412272,7/06/04,Mon,1230,FA,VW1S,330A 370A ,,R,D,B ,F , ,N,C,50,0,0,1,,25,1749144,5424918,-41.31342117,174.7818103
Wellington City,CONSTABLE ST,, ,I,DANIELL ST,2452479,11/05/04,Tue,2133,HA,CS2C,322B ,,R,D,DO,F ,X,T,C,50,0,0,0,,,1749193,5424928,-41.31332208,174.7823929
Wellington City,CONSTABLE ST,, ,I,DANIELL ST,2412382,13/07/04,Tue,2039,DA,CN2VV,101A 131A 517A ,M,R,D,DO,F ,X,T,C,50,0,0,1,,,1749193,5424928,-41.31332208,174.7823929
Wellington City,CONSTABLE ST,10,W, ,OWEN ST,2411857,12/04/04,Mon,1910,NB,CW1E,306A 376A ,,R,D,DO,F ,X,S,X,50,0,1,0,36,,1749365,5424965,-41.31295712,174.7844378
Wellington City,CONSTABLE ST,50,E, ,RIDDIFORD ST,2412024,14/01/04,Wed,1612,NB,PE1E,713B 726B ,,R,D,B ,F , ,N,C,50,0,0,1,5,,1749029,5424893,-41.31366751,174.7804431
Wellington City,CONSTABLE ST,, ,I,RIDDIFORD ST,2453124,25/04/04,Sun,1830,JA,VS1C,322A ,,R,D,DO,F ,T,T,C,50,0,0,0,,,1748980,5424883,-41.3137666,174.7798605
Wellington City,COROMANDEL ST,40,S, ,MEIN ST,2455706,14/11/04,Sun,1135,MB,CS1C,386A 402A ,M,R,D,B ,F , ,N,C,50,0,0,0,,,1749479,5425272,-41.31017197,174.7857236
Wellington City,COROMANDEL ST,, ,I,SEDDON TERRACE,2413016,12/10/04,Tue,1914,CC,CS1CCC,195A ,MMM,R,D,DO,F ,T,N,C,50,0,0,1,,,1749515,5425101,-41.31170487,174.7861955
Wellington City,COTSWOLD CRESCENT,50,E, ,CHELTENHAM TERRACE,2453123,27/06/04,Sun,1830,DA,CW1,111A 801 ,F,M,W,DO,L , ,N,C,50,0,0,0,,,1752033,5434295,-41.22845802,174.8139693
Wellington City,COURAGE LANE,30,S, ,WAKEFIELD ST,2452162,2/04/04,Fri,920,AA,CS1C,381A ,,R,D,DO,F , ,N,P,50,0,0,0,,,1749109,5427286,-41.29210759,174.780812
Wellington City,COURTENAY PLACE,10,S, ,ALLEN ST,2453289,22/06/04,Tue,1700,FC,CW1C,331A ,,R,D,O ,F ,T,N,X,50,0,0,0,,,1749218,5427102,-41.29374407,174.7821583
Wellington City,COURTENAY PLACE,, ,I,ALLEN ST,2450935,14/02/04,Sat,145,GF,TS2X,373B ,,R,W,DO,L ,T,G,C,50,0,0,0,,,1749209,5427107,-41.29370072,174.7820497
Wellington City,COURTENAY PLACE,, ,I,ALLEN ST,2413093,19/10/04,Tue,1644,JA,SE1C,303B 382B ,,R,D,B ,F ,T,N,R,50,0,0,1,,48,1749209,5427107,-41.29370072,174.7820497
Wellington City,COURTENAY PLACE,15,E, ,BLAIR ST,2455419,16/10/04,Sat,1100,MG,BW1C,371A ,,R,D,O ,F , ,N,R,50,0,0,0,,,1749296,5427089,-41.29384669,174.7830927
Wellington City,COURTENAY PLACE,10,W, ,BLAIR ST,2455209,1/08/04,Sun,245,MO,XN1X,385A 926 ,,R,D,DO,F ,D,N,C,50,0,0,0,,,1749272,5427094,-41.29380611,174.7828049
Wellington City,COURTENAY PLACE,, ,I,BLAIR ST,2453848,22/05/04,Sat,45,EA,VE1X,386A 440B ,M,R,D,DO,F ,T,N,N,50,0,0,0,,,1749281,5427092,-41.29382246,174.7829129
Wellington City,COURTENAY PLACE,, ,I,BLAIR ST,2456663,6/11/04,Sat,1135,MB,CE1C,372B ,,R,D,B ,F ,T,N,C,50,0,0,0,,,1749281,5427092,-41.29382246,174.7829129
Wellington City,COURTENAY PLACE,, ,I,BLAIR ST,2454573,20/08/04,Fri,1600,GA,CE1C,181A ,,R,D,OF,F ,T,N,R,50,0,0,0,,,1749281,5427092,-41.29382246,174.7829129
Wellington City,COURTENAY PLACE,, ,I,BLAIR ST,2450358,20/01/04,Tue,2227,MO,XE1X,330A ,M,R,W,DO,L ,T,G,X,50,0,0,0,,,1749281,5427092,-41.29382246,174.7829129
Wellington City,COURTENAY PLACE,60,W, ,CAMBRIDGE TERRACE,2456049,11/12/04,Sat,445,MO,TE1C,371A ,M,R,D,DO,F , ,N,R,50,0,0,0,,,1749282,5427071,-41.29401134,174.7829299
Wellington City,COURTENAY PLACE,50,E, ,TARANAKI ST,2453553,17/02/04,Tue,1120,MO,VW1V,353A 423A ,M,R,W,O ,H , ,N,C,50,0,0,0,,,1748989,5427218,-41.29274198,174.7793962
Wellington City,COURTENAY PLACE,, ,I,TARANAKI ST,2453035,6/03/04,Sat,2358,EE,CW1C,374B ,M,R,D,DO,F ,X,T,R,50,0,0,0,,,1748949,5427248,-41.29247926,174.7789113
Wellington City,COURTENAY PLACE,, ,I,TARANAKI ST,2452670,4/06/04,Fri,2240,AA,CE1X,386A ,,R,D,DO,F ,X,T,R,50,0,0,0,,,1748949,5427248,-41.29247926,174.7789113
Wellington City,COURTENAY PLACE,, ,I,TARANAKI ST,2453240,26/06/04,Sat,1430,NE,CE1E,307A ,,R,W,O ,L ,X,T,C,50,0,0,0,27,,1748949,5427248,-41.29247926,174.7789113
Wellington City,COURTENAY PLACE,80,W, ,TORY ST,2452614,1/06/04,Tue,2100,MC,VW1X,372A 372B ,,R,D,DO,F , ,N,R,50,0,0,0,,,1749063,5427171,-41.29315148,174.7802911
Wellington City,COURTENAY PLACE,80,W, ,TORY ST,2453524,24/06/04,Thu,815,MD,CW1V,371B 927 ,,R,D,O ,F ,D,N,R,50,0,0,0,,,1749063,5427171,-41.29315148,174.7802911
Wellington City,COURTENAY PLACE,100,W, ,TORY ST,2456216,23/11/04,Tue,2055,EA,BW1C,386A ,M,R,W,TO,L , ,N,L,50,0,0,0,,,1749044,5427179,-41.29308296,174.7800623
Wellington City,COURTENAY PLACE,, ,I,TORY ST,2412635,20/05/04,Thu,2004,NC,CW1E,711B 718B ,,R,D,DO,F ,X,T,R,50,0,0,1,,,1749136,5427139,-41.2934261,174.7811704
Wellington City,COURTENAY PLACE,, ,I,TORY ST,2453654,23/07/04,Fri,1900,MO,XE1V,371A ,,R,D,DO,F ,X,T,R,50,0,0,0,,,1749136,5427139,-41.2934261,174.7811704
Wellington City,COUTTS ST,, ,I,BAY ROAD,2455163,16/10/04,Sat,1600,CA,CW1,133A 423A ,JS,R,D,B ,F ,X,G,R,50,0,0,0,,,1750178,5424175,-41.31991878,174.7943411
Wellington City,CRAWFORD ROAD,200,N, ,DUNCAN TERRACE,2453944,16/08/04,Mon,1430,DA,CS1C,111A 135A 806 ,M,S,W,O ,H , ,N,C,50,0,0,0,,,1749901,5424774,-41.31457733,174.7908854
Wellington City,CRAWFORD ROAD,20,S, ,NAUGHTON TERRACE,2411581,16/02/04,Mon,1110,CC,CS1,132A ,EFH,M,W,O ,LS, ,N,R,50,0,0,2,,,1750032,5424594,-41.31617357,174.7924941
Wellington City,CRAWFORD ROAD,70,S, ,WELLINGTON ROAD,2452491,28/04/04,Wed,1450,FA,CS1C,181A 352A ,FS,E,D,B ,F , ,N,C,50,0,0,0,,,1749796,5424865,-41.31377753,174.7896091
Wellington City,CRAWFORD ROAD,200,S, ,WELLINGTON ROAD,2411629,12/03/04,Fri,400,DA,CS1C,101A 111A 801 ,FM,M,W,DO,L , ,N,N,50,0,0,2,,,1749902,5424796,-41.31437907,174.7908919
Wellington City,CRAWFORD ROAD,, ,I,WELLINGTON ROAD,2452430,5/05/04,Wed,1010,JA,VS1C,302A 375A ,,R,W,O ,L ,R,G,R,50,0,0,0,,,1749784,5424941,-41.3130955,174.7894471
Wellington City,CROFTON ROAD,, ,I,OTTAWA ROAD,2412701,30/06/04,Wed,1542,CA,MW1,135A 850 903 ,,R,W,O ,LS,R,G,R,50,0,0,1,,,1748552,5431913,-41.25055114,174.773035
Wellington City,CUBA ST,30,N, ,ABEL SMITH ST,2452139,16/04/04,Fri,955,MO,CN1C,420A ,M,R,D,B ,F , ,N,C,50,0,0,0,,,1748546,5426866,-41.29599284,174.7741937
Wellington City,CUBA ST,, ,I,ABEL SMITH ST,2454624,1/09/04,Wed,1725,HA,CS1C,301B 402B ,,R,D,O ,F ,X,S,C,50,0,0,0,,,1748534,5426838,-41.29624714,174.7740573
Wellington City,CUBA ST,, ,I,ABEL SMITH ST,2453856,27/02/04,Fri,2020,KB,VE1C,301A 303B ,,R,W,DO,H ,X,S,N,50,0,0,0,,,1748534,5426838,-41.29624714,174.7740573
Wellington City,CUBA ST,50,N, ,MANNERS ST,2452538,19/04/04,Mon,1815,GD,BS1V,386A ,,R,D,TO,F , ,N,N,50,0,0,0,,,1748802,5427434,-41.29083173,174.777111
Wellington City,CUBA ST,40,S, ,VIVIAN ST,2455593,30/09/04,Thu,230,EE,XN1C,374B ,M,R,D,DO,F , ,N,C,50,0,0,0,,,1748591,5426964,-41.29510222,174.774707
Wellington City,CUBA ST,60,S, ,VIVIAN ST,2456020,14/11/04,Sun,1,EE,CN1X,374B ,Q,R,D,DO,F , ,N,C,50,0,0,0,,,1748582,5426945,-41.29527494,174.7746042
Wellington City,CUBA ST,30,S, ,WAKEFIELD ST,2451606,22/03/04,Mon,1620,MO,CS1C,371A ,,R,D,B ,F , ,N,N,50,0,0,0,,,1748829,5427500,-41.29023252,174.7774172
Wellington City,CUBA ST,30,S, ,WAKEFIELD ST,2454377,18/09/04,Sat,1511,MO,BS1C,386A 440B ,,R,D,B ,F , ,N,C,50,0,0,0,,,1748829,5427500,-41.29023252,174.7774172
Wellington City,CUBA ST,50,S, ,WAKEFIELD ST,2456050,3/12/04,Fri,2330,EA,CS1C,129A ,M,R,D,DO,F , ,N,C,50,0,0,0,,,1748822,5427482,-41.29039588,174.7773381
Wellington City,CUBA ST,, ,I,WAKEFIELD ST,2412908,26/09/04,Sun,320,DA,CE2CCC,101A 131A 431A ,HMP,R,D,DO,F ,T,T,N,50,0,0,1,,,1748841,5427528,-41.28997822,174.7775536
Wellington City,CUBA ST,, ,I,WAKEFIELD ST,2412030,27/05/04,Thu,1330,NF,CE2EC,331A 370A 711B 718B ,,R,D,B ,F ,T,T,C,50,0,0,1,33,,1748841,5427528,-41.28997822,174.7775536
Wellington City,CUBA ST,, ,I,WAKEFIELD ST,2456442,5/12/04,Sun,39,DA,CE2CC,124A 514A ,M,R,D,DO,F ,T,N,N,50,0,0,0,,,1748841,5427528,-41.28997822,174.7775536
Wellington City,CUBA ST,30,N, ,WEBB ST,2413213,27/11/04,Sat,1332,NA,CN1E,370A 712B ,,R,D,B ,F , ,N,C,50,0,0,1,36,,1748475,5426706,-41.29744645,174.7733851
Wellington City,CUBA ST,, ,I,WEBB ST,2454373,10/09/04,Fri,2130,JC,CS1CC,302A 387A 144B 171B ,,R,D,DO,F ,T,G,P,50,0,0,0,,,1748463,5426678,-41.29770076,174.7732487
Wellington City,CURTIS ST,, ,I,RANDWICK ROAD,2453627,29/07/04,Thu,1000,GD,CN1C,112A 135A 333A 801 ,,E,W,O ,H ,T,G,C,50,0,0,0,,,1746990,5428734,-41.27945909,174.7551667
Wellington City,CUSTOMHOUSE QUAY,, ,I,GREY ST,2450776,2/02/04,Mon,1052,JA,CS1V,302B 375B ,,R,D,O ,F ,X,G,C,50,0,0,0,,,1748812,5428088,-41.28494163,174.7770706
Wellington City,CUSTOMHOUSE QUAY,, ,I,HUNTER ST,2454627,9/09/04,Thu,716,HA,CE1C,334A ,,R,D,B ,F ,X,T,C,50,0,0,0,,,1748781,5428015,-41.2856046,174.7767184
Wellington City,CUSTOMHOUSE QUAY,, ,I,HUNTER ST,2411966,8/05/04,Sat,934,HA,VE2C,322A 370A ,,R,D,B ,F ,X,T,C,50,0,0,1,,,1748781,5428015,-41.2856046,174.7767184
Wellington City,CUSTOMHOUSE QUAY,, ,I,JERVOIS QUAY,2450955,21/02/04,Sat,1220,FB,CN1V,331A 352A ,,R,W,O ,L ,Y,G,P,50,0,0,0,,,1748869,5428191,-41.28400377,174.7777258
Wellington City,CUSTOMHOUSE QUAY,, ,I,JERVOIS QUAY,2455235,19/10/04,Tue,1500,GF,VN2T,121B 386B ,,M,D,B ,F ,Y,G,R,50,0,0,0,,,1748869,5428191,-41.28400377,174.7777258
Wellington City,CUSTOMHOUSE QUAY,, ,I,JERVOIS QUAY,2452817,2/06/04,Wed,1230,MC,VN1T,372B ,,R,D,B ,F ,Y,N,P,50,0,0,0,,,1748869,5428191,-41.28400377,174.7777258
Wellington City,CUSTOMHOUSE QUAY,, ,I,JOHNSTON ST,2456430,16/12/04,Thu,1824,FD,CN1CV,331A 350A ,,R,W,ON,L ,X,T,R,50,0,0,0,,,1748906,5428279,-41.28320464,174.7781459
Wellington City,CUSTOMHOUSE QUAY,, ,I,JOHNSTON ST,2455524,10/11/04,Wed,1630,JA,VS1C,322A ,,R,D,O ,F ,T,T,R,50,0,0,0,,,1748906,5428279,-41.28320464,174.7781459
Wellington City,CUSTOMHOUSE QUAY,15,S, ,POST OFFICE SQUARE,2455878,15/11/04,Mon,830,MO,VN1M,371A ,M,R,D,B ,F , ,N,C,50,0,0,0,,,1748806,5428074,-41.28506879,174.7770024
Wellington City,CUSTOMHOUSE QUAY,15,N, ,WARING TAYLOR ST,2454874,1/10/04,Fri,1120,MA,VN1C,373B ,,R,D,B ,F , ,N,L,50,0,0,0,,,1748939,5428356,-41.28250529,174.778521
Wellington City,CUSTOMHOUSE QUAY,, ,I,WHITMORE ST,2451040,11/03/04,Thu,1550,AA,VN1T,129A 197A ,,R,D,O ,F ,X,T,C,50,0,0,0,,,1748962,5428411,-41.28200586,174.778782
Wellington City,DEVON ST,150,N, ,ESSEX ST,2454640,5/08/04,Thu,1700,BC,CN1C,121A ,,S,D,TF,F , ,N,N,50,0,0,0,,,1747937,5427153,-41.2935207,174.7668535
Wellington City,DEVON ST,30,E, ,LANDCROSS ST,2454505,15/08/04,Sun,1705,BC,CS1C,111A 121A ,,S,D,O ,F , ,N,N,50,0,0,0,,,1747879,5427137,-41.29367538,174.766165