TLA NAME,CRASH ROAD,CRASH DIST,CRASH DIRN,INTSN,SIDE ROAD,CRASH ID,CRASH DATE,CRASH DOW,CRASH TIME,MVMT,VEHICLES,CAUSES,OBJECTS STRUCK,ROAD CURVE,ROAD WET,LIGHT,WTHRa,JUNC TYPE,TRAF CTRL,ROAD MARK,SPD LIM,CRASH FATAL CNT,CRASH SEV CNT,CRASH MIN CNT,PERS AGE1,PERS AGE2,EASTING,NORTHING,latitude,longitude
Wellington City,DEVON ST,60,E, ,LANDCROSS ST,2455610,8/10/04,Fri,950,BB,CS1C,123A 135B 801 ,,S,W,O ,F , ,N,N,50,0,0,0,,,1747903,5427155,-41.29350892,174.7664472
Wellington City,DEVONSHIRE ROAD,, ,I,HOBART ST,2453658,23/07/04,Fri,1305,JA,CS2C,301A 375A ,,R,D,B ,F ,X,S,C,50,0,0,0,,,1751760,5423957,-41.32158532,174.8132884
Wellington City,DIXON ST,15,E, ,EVA ST,2451851,9/04/04,Fri,1230,AC,VW1M,386A ,H,R,D,O ,F , ,N,C,50,0,0,0,,,1748843,5427295,-41.29207565,174.7776345
Wellington City,DIXON ST,50,E, ,VICTORIA ST,2453940,6/07/04,Tue,1436,AA,BW1C,386A ,,R,D,B ,F , ,N,C,50,0,0,0,,,1748688,5427364,-41.29148298,174.7757673
Wellington City,DIXON ST,50,E, ,VICTORIA ST,2451696,19/04/04,Mon,1645,FD,CW1C,331A 363A 902 ,,R,D,B ,F , ,N,C,50,0,0,0,,,1748688,5427364,-41.29148298,174.7757673
Wellington City,DONALD MCLEAN ST,50,E, ,RIDDIFORD ST,2456298,23/11/04,Tue,1500,MD,CN1CX,371A 504A ,,R,D,O ,F , ,N,C,50,0,0,0,,,1749070,5424690,-41.31548762,174.7809825
Wellington City,DRUMMOND ST,, ,I,ADELAIDE ROAD,2455147,15/10/04,Fri,1630,GB,CE1C,387A 142B 175B ,,R,D,O ,F ,X,S,C,50,0,0,0,,,1748893,5425844,-41.30513039,174.7785863
Wellington City,DUNCAN ST,250,S, ,MCLELLAN ST,2454920,16/08/04,Mon,220,EO,BS1V,386A 445B ,Q,R,W,O ,F , ,N,C,50,0,0,0,,,1753550,5441337,-41.16477013,174.8302929
Wellington City,DUNCAN ST,200,S, ,TAWA COLL ENT,2413508,19/09/04,Sun,15,DA,CN1,103A 129A 817 ,R,E,W,DO,L , ,N,C,50,0,0,1,,,1753469,5441131,-41.16664016,174.8293795
Wellington City,DUNCAN TERRACE,100,N, ,RODRIGO ROAD,2412692,31/08/04,Tue,825,BC,VS1S,363A 129B 330B 902 ,,M,D,B ,F , ,N,N,50,0,0,1,,24,1749833,5424104,-41.3206222,174.7902384
Wellington City,DUNDAS ST,, ,I,FERRY ST,2452429,7/05/04,Fri,1225,LB,CS2C,302A 375A ,,E,D,O ,F ,X,G,C,50,0,0,0,,,1753071,5423850,-41.32230087,174.828972
Wellington City,DUTHIE ST,, ,I,PLYMOUTH ST,2454610,12/09/04,Sun,2004,HA,XN1C,302B 375B ,,R,W,O ,L ,X,G,C,50,0,0,0,,,1746333,5427867,-41.28738453,174.7475335
Wellington City,DUTHIE ST,10,N, ,VERA ST,2413240,22/11/04,Mon,850,FD,PN1C,331A 353A ,,R,D,B ,F ,T,N,C,50,0,1,0,,,1746252,5428078,-41.28549945,174.7465159
Wellington City,ELLICE ST,, ,I,BROUGHAM ST,2452130,23/04/04,Fri,1835,JA,CE1C,670A 301B 382B ,,R,D,DO,F ,X,S,C,50,0,0,0,,,1749299,5426365,-41.3003646,174.7833061
Wellington City,ELLICE ST,, ,I,BROUGHAM ST,2412443,28/04/04,Wed,1740,HA,TE2C,301A 613A ,,R,D,TO,F ,X,S,C,50,0,0,2,,,1749299,5426365,-41.3003646,174.7833061
Wellington City,EVANS BAY PARADE,, ,I,BAY ROAD,2451076,19/02/04,Thu,915,AC,TW1C,372A ,,R,D,O ,F ,X,T,R,50,0,0,0,,,1750265,5424487,-41.31709355,174.795303
Wellington City,EVANS BAY PARADE,100,S, ,BELVEDERE ROAD,2454741,10/09/04,Fri,1155,GE,CN1V,160A 927 ,,M,D,O ,FS,D,N,C,50,0,0,0,,,1750492,5425444,-41.30843506,174.797777
Wellington City,EVANS BAY PARADE,100,S, ,BELVEDERE ROAD,2453863,4/08/04,Wed,2130,DB,CN1,410A ,FX,M,W,DO,L , ,N,C,50,0,0,0,,,1750492,5425444,-41.30843506,174.797777
Wellington City,EVANS BAY PARADE,150,S, ,BELVEDERE ROAD,2455360,23/10/04,Sat,530,EA,CN1V,131A 354A ,M,S,D,O ,F , ,N,C,50,0,0,0,,,1750476,5425403,-41.30880718,174.7975961
Wellington City,EVANS BAY PARADE,20,S, ,KEMP ST,2411755,22/03/04,Mon,940,JA,CN1C,308B 375B 839 930 ,,R,D,B ,F ,D,N,P,50,0,0,1,,,1750278,5424648,-41.31564159,174.7954184
Wellington City,EVANS BAY PARADE,250,E, ,MAIDA VALE ROAD,2456008,7/06/04,Mon,1745,DB,CN1,133A ,ST,S,D,DO,F , ,N,C,50,0,0,0,,,1751033,5426938,-41.29488304,174.8038659
Wellington City,EVANS BAY PARADE,200,N, ,MAIDA VALE ROAD,2452091,24/03/04,Wed,800,MC,SN1CC,197A 372B 373B ,M,R,D,O ,H , ,N,C,50,0,0,0,,35,1750979,5427314,-41.2915079,174.803128
Wellington City,EVANS BAY PARADE,500,N, ,MAIDA VALE ROAD,2450317,24/01/04,Sat,1630,DA,CS1,111A 132A ,X,S,D,B ,F , ,N,C,50,0,0,0,38,,1751006,5427554,-41.28934205,174.8033908
Wellington City,EVANS BAY PARADE,200,N, ,RATA ROAD,2411821,2/04/04,Fri,645,DA,CS1,111A 402A ,F,M,W,O ,L , ,N,C,50,0,0,1,,,1750842,5425880,-41.30444426,174.801848
Wellington City,EVANS BAY PARADE,280,N, ,RATA ROAD,2412418,8/03/04,Mon,1315,MA,SS1C,373B ,,M,D,O ,F , ,N,N,50,0,0,1,,31,1750918,5425901,-41.30424097,174.8027502
Wellington City,EVANS BAY PARADE,300,S, ,WELLINGTON ROAD,2453128,6/07/04,Tue,1210,DA,CS1,110A 131A ,FK,R,D,B ,F , ,N,C,50,0,0,0,,,1750282,5424700,-41.31517267,174.7954534
Wellington City,FAIRLIE TERRACE,100,N, ,LANDCROSS ST,2453633,28/07/04,Wed,317,BB,XN1V,121A 386A ,,M,D,O ,F , ,N,N,50,0,0,0,,,1747892,5427230,-41.29283567,174.7662976
Wellington City,FALKIRK AVENUE,30,N, ,DUNDAS ST,2456666,13/12/04,Mon,1000,MO,CS1C,371A 386A ,M,R,D,B ,F , ,N,C,50,0,0,0,,,1753263,5423828,-41.32246246,174.8312706
Wellington City,FEATHERSTON ST,, ,I,BRANDON ST,2455158,20/10/04,Wed,1910,HA,CW2C,300A 322A ,,R,D,TF,F ,X,T,C,50,0,0,0,,,1748799,5428249,-41.28349447,174.7768761
Wellington City,FEATHERSTON ST,, ,I,BUNNY ST,2412268,17/07/04,Sat,1211,FE,CS1X,181A 387A ,,R,W,O ,L ,X,T,C,50,0,0,2,,,1748998,5428685,-41.27953227,174.7791447
Wellington City,FEATHERSTON ST,15,S, ,GREY ST,2453852,24/06/04,Thu,1155,MO,XS1X,371A 386A ,M,R,D,B ,F , ,N,C,50,0,0,0,,,1748735,5428107,-41.28478475,174.7761469
Wellington City,FEATHERSTON ST,, ,I,GREY ST,2412243,7/07/04,Wed,753,NA,CS1E,322A 353A 376A ,,R,W,O ,H ,X,T,C,50,0,0,1,62,,1748741,5428121,-41.2846576,174.7762151
Wellington City,FEATHERSTON ST,, ,I,JOHNSTON ST,2452702,12/02/04,Thu,1534,FE,CS1V,112A 133A ,,R,D,B ,F ,X,T,C,50,0,0,0,,,1748828,5428312,-41.28292191,174.7772068
Wellington City,FEATHERSTON ST,, ,I,JOHNSTON ST,2413065,12/10/04,Tue,1215,ND,TE2EE,307A 376A ,,R,D,O ,F ,X,T,C,50,0,0,2,31,,1748828,5428312,-41.28292191,174.7772068
Wellington City,FEATHERSTON ST,20,S, ,MULGRAVE ST,2452182,14/04/04,Wed,1740,AA,VS1T,372A ,,R,D,TF,F , ,N,P,50,0,0,0,,,1749074,5428816,-41.2783388,174.7800197
Wellington City,FEATHERSTON ST,, ,I,PANAMA ST,2452535,24/05/04,Mon,1550,HA,CS1V,322B ,,R,D,O ,F ,X,T,C,50,0,0,0,,,1748770,5428185,-41.28407604,174.7765456
Wellington City,FEATHERSTON ST,, ,I,PANAMA ST,2453565,13/07/04,Tue,1810,HA,CS1C,322A 410A ,,R,W,TO,F ,X,T,C,50,0,0,0,,,1748770,5428185,-41.28407604,174.7765456
Wellington City,FEATHERSTON ST,, ,I,WARING TAYLOR ST,2452802,5/06/04,Sat,1110,HA,CW2CC,302A 375A ,,R,D,B ,F ,X,G,C,50,0,0,0,,,1748858,5428378,-41.28232215,174.7775488
Wellington City,FINDLAY ST,150,S, ,GEE ST,2450246,25/01/04,Sun,231,CC,CS1X,103A 125A ,M,R,D,DO,F , ,N,C,50,0,0,0,,,1753749,5442445,-41.15475668,174.8323858
Wellington City,FINLAY TERRACE,30,E, ,WALLACE ST,2454945,24/08/04,Tue,800,EA,TW1C,386A ,M,R,D,O ,F , ,N,N,50,0,0,0,,,1748618,5425994,-41.30383058,174.7752662
Wellington City,FIONA GROVE,, ,I,RUTH GROVE,2456731,5/12/04,Sun,945,DC,CN2,412A 423A ,FX,R,D,O ,L ,T,N,N,50,0,0,0,,,1744397,5427233,-41.29344146,174.7245739
Wellington City,FOX ST,15,W, ,ROSALIND ST,2450712,12/02/04,Thu,2115,DB,CW1C,111A ,FM,M,D,DO,F , ,N,C,50,0,0,0,,,1748862,5432532,-41.24492094,174.7765823
Wellington City,FRANK JOHNSON ST,, ,I,JOHNSONVILLE ROAD,2450952,27/02/04,Fri,1600,NA,CW1E,711B 726B ,,R,D,B ,F ,R,G,R,50,0,0,0,6,,1751519,5435064,-41.22163084,174.8076488
Wellington City,FREYBERG ST,30,S, ,WHA ST,2453529,21/07/04,Wed,1430,EA,CS1C,129A ,M,R,W,O ,F , ,N,C,50,0,0,0,,,1750093,5423497,-41.32603885,174.7934934
Wellington City,GANGES ROAD,50,S, ,AGRA CRESCENT,2456746,3/12/04,Fri,955,MO,CE1C,371A ,,R,D,B ,F , ,N,N,50,0,0,0,,,1750064,5432315,-41.24665249,174.7909741
Wellington City,GARDEN ROAD,200,E, ,NORTHLAND ROAD,2453742,28/05/04,Fri,524,BB,CW1C,123A 129A ,,S,D,DO,F , ,N,N,50,0,0,0,,,1747364,5428263,-41.2836316,174.7597445
Wellington City,GHUZNEE ST,60,W, ,CUBA ST,2452749,15/05/04,Sat,1140,AC,TE1C,129A 353A ,,R,D,B ,F , ,N,C,50,0,0,0,,,1748626,5427190,-41.29306099,174.7750697
Wellington City,GHUZNEE ST,, ,I,CUBA ST,2456688,23/11/04,Tue,1730,NB,CE1,300A 376A 446A ,,R,W,O ,L ,T,T,C,50,0,0,0,,,1748681,5427166,-41.29326695,174.7757321
Wellington City,GHUZNEE ST,, ,I,LEEDS ST,2455231,17/10/04,Sun,330,DB,CS2C,101A 133A ,M,R,W,DO,F ,T,N,C,50,0,0,0,,,1748755,5427133,-41.29355043,174.7766235
Wellington City,GHUZNEE ST,, ,I,MARION ST,2411655,27/03/04,Sat,716,NA,VE1E,352A 105B 713B ,,R,D,TF,F ,T,G,N,50,0,0,1,32,,1748769,5427126,-41.29361087,174.7767924
Wellington City,GHUZNEE ST,, ,I,MARION ST,2453763,4/07/04,Sun,920,AA,VE1C,372A ,,R,D,O ,F ,T,G,C,50,0,0,0,,,1748769,5427126,-41.29361087,174.7767924
Wellington City,GHUZNEE ST,, ,I,MARION ST,2452818,9/06/04,Wed,1255,AA,CE1C,171A 372A ,,R,D,B ,F ,T,G,C,50,0,0,0,,,1748769,5427126,-41.29361087,174.7767924
Wellington City,GHUZNEE ST,, ,I,MARION ST,2454535,25/09/04,Sat,130,GO,CE1C,181A 333A ,,R,D,DO,F ,T,G,C,50,0,0,0,,,1748769,5427126,-41.29361087,174.7767924
Wellington City,GHUZNEE ST,, ,I,MARION ST,2452357,18/04/04,Sun,1730,KB,CE1C,176B 375B ,,R,D,O ,F ,T,G,C,50,0,0,0,,,1748769,5427126,-41.29361087,174.7767924
Wellington City,GHUZNEE ST,40,E, ,TARANAKI ST,2452144,3/04/04,Sat,1200,EE,CS1C,129A 370A 374B ,M,R,D,B ,F , ,N,C,50,0,0,0,,,1748830,5427096,-41.29386973,174.7775279
Wellington City,GHUZNEE ST,, ,I,TARANAKI ST,2412852,8/10/04,Fri,825,JA,PN1C,322B 375B ,,R,D,B ,F ,T,T,R,50,0,0,1,,,1748866,5427080,-41.29400714,174.7779616
Wellington City,GHUZNEE ST,, ,I,TARANAKI ST,2453935,6/08/04,Fri,1325,AC,CE1C,129A ,,R,D,O ,F ,T,T,C,50,0,0,0,,,1748866,5427080,-41.29400714,174.7779616
Wellington City,GHUZNEE ST,, ,I,THE TERRACE,2452137,4/04/04,Sun,1810,QG,CS2C,666A ,,E,D,DO,F ,T,G,P,50,0,0,0,,,1748255,5427358,-41.29161664,174.7705998
Wellington City,GHUZNEE ST,25,E, ,VICTORIA ST,2411318,11/01/04,Sun,15,AA,ME1X,386A ,,R,D,DO,F , ,N,C,50,0,0,1,,,1748556,5427222,-41.29278577,174.7742262
Wellington City,GHUZNEE ST,20,W, ,VICTORIA ST,2453762,19/05/04,Wed,1935,FD,VE1C,331A ,,R,D,DO,F ,X,T,P,50,0,0,0,,,1748514,5427241,-41.29262243,174.7737202
Wellington City,GHUZNEE ST,, ,I,VICTORIA ST,2452121,25/04/04,Sun,705,HA,CE1C,322A 410A ,,R,D,B ,F ,X,T,C,50,0,0,0,,,1748533,5427232,-41.29269997,174.7739492
Wellington City,GHUZNEE ST,, ,I,VICTORIA ST,2450519,4/02/04,Wed,555,HA,CS2C,322A 355A ,,R,W,DO,L ,X,T,C,50,0,0,0,,,1748533,5427232,-41.29269997,174.7739492
Wellington City,GHUZNEE ST,, ,I,VICTORIA ST,2451579,30/03/04,Tue,2015,FE,VE1C,331A 350A ,,R,D,O ,F ,X,T,C,50,0,0,0,,,1748533,5427232,-41.29269997,174.7739492
Wellington City,GHUZNEE ST,, ,I,VICTORIA ST,2456705,31/12/04,Fri,750,HA,CS2C,691A 327B ,,R,W,O ,L ,X,T,R,50,0,0,0,,,1748533,5427232,-41.29269997,174.7739492
Wellington City,GHUZNEE ST,, ,I,VICTORIA ST,2455620,16/10/04,Sat,225,HA,CS2C,322A ,,R,W,DO,L ,X,T,C,50,0,0,0,,,1748533,5427232,-41.29269997,174.7739492
Wellington City,GHUZNEE ST,, ,I,WILLIS ST,2451752,3/04/04,Sat,1638,KA,CE1C,322A ,,R,D,O ,F ,M,T,C,50,0,0,0,,,1748446,5427272,-41.29235583,174.7729009
Wellington City,GIPPS ST,20,W, ,DUTHIE ST,2454449,2/09/04,Thu,1020,MO,CW1V,112A 372B ,,R,D,B ,F , ,N,C,50,0,0,0,,,1746309,5427874,-41.28732585,174.7472453
Wellington City,GLAMIS AVENUE,100,S, ,BROADWAY,2454626,25/08/04,Wed,1150,MO,TS1C,385A ,M,R,D,B ,F , ,N,N,50,0,0,0,,,1752446,5423537,-41.32523726,174.8215863
Wellington City,GLASGOW ST,100,N, ,KELBURN PARADE,2413530,1/12/04,Wed,935,DA,BN1CCC,111A 131A ,MM,E,D,B ,F , ,N,C,50,0,0,1,,,1747967,5427693,-41.28865331,174.7670804
Wellington City,GLASGOW ST,, ,I,RAWHITI TERRACE,2413194,23/11/04,Tue,1500,GD,XN1C,333A ,,R,D,O ,F ,X,N,C,50,0,0,1,,,1747965,5427809,-41.28760927,174.7670284
Wellington City,GLENMORE ST,, ,I,CRIEFF ST,2413081,19/10/04,Tue,1758,LB,SN1C,303B 375B ,,R,D,O ,F ,T,N,C,50,0,1,0,,30,1747364,5428101,-41.28509017,174.7597837
Wellington City,GLENMORE ST,80,S, ,KARORI TUNNEL,2454538,3/09/04,Fri,140,DB,VS1C,111A 131A 410A ,M,M,W,DO,FS, ,N,L,50,0,0,0,,,1747114,5427881,-41.28711654,174.7568528
Wellington City,GLENMORE ST,, ,I,KILMISTER AVENUE,2411968,7/05/04,Fri,1345,MC,BN1C,372B ,,E,D,O ,F ,T,N,C,50,0,0,1,,,1748023,5428625,-41.28025179,174.7675224
Wellington City,GLENMORE ST,30,S, ,ORANGI KAUPAPA ROAD,2454680,28/09/04,Tue,1633,FC,CN1C,331A ,,R,W,O ,H , ,N,X,50,0,0,0,,,1747556,5428267,-41.28356052,174.7620353
Wellington City,GLENMORE ST,, ,I,ORANGI KAUPAPA ROAD,2413107,19/10/04,Tue,803,FC,CN1CC,331A 359A ,,R,D,B ,F ,T,N,C,50,0,0,1,,,1747578,5428287,-41.28337643,174.762293
Wellington City,GLENMORE ST,180,E, ,THE RIGI,2454356,3/09/04,Fri,940,DA,TS1,111A 682A ,CX,S,D,O ,FS, ,N,C,50,0,0,0,,,1747401,5428133,-41.2847953,174.7602176
Wellington City,GLENMORE ST,, ,I,THE RIGI N,2413487,30/12/04,Thu,655,BC,SE1C,111A 122A ,,R,W,O ,F ,T,G,C,50,0,1,0,,24,1747268,5428034,-41.28571092,174.758654
Wellington City,GOA ST,10,E, ,RUAHINE ST,2455506,3/11/04,Wed,825,EA,CW1V,386A ,M,R,D,O ,F ,T,S,C,50,0,0,0,,,1749981,5425422,-41.30872829,174.7916809
Wellington City,GORE ST,, ,A,MANTELL ST,2411817,20/03/04,Sat,1410,DC,CS1,501A ,F,S,D,B ,F , ,N,C,50,0,0,1,,,1753657,5423457,-41.32572763,174.8360698
Wellington City,GRAFTON ROAD,40,S, ,MAIDA VALE ROAD,2456418,24/10/04,Sun,1150,BC,CS1C,129A 132B ,,M,D,ON,F , ,N,N,50,0,0,0,,,1750930,5427669,-41.28832088,174.8024551
Wellington City,GRAFTON ROAD,160,S, ,MAIDA VALE ROAD,2454574,13/09/04,Mon,2300,EA,CS1C,386A ,M,S,W,DN,F , ,N,L,50,0,0,0,,,1750888,5427562,-41.28929209,174.8019803
Wellington City,GRAFTON ROAD,, ,I,MAIDA VALE ROAD,2412909,2/09/04,Thu,815,GE,SN1C,110A 160A 387A ,,M,D,O ,FS,Y,G,C,50,0,0,1,,33,1750930,5427709,-41.28796075,174.8024452
Wellington City,GRAFTON ROAD,30,S, ,PALLISER ROAD,2450755,27/01/04,Tue,2105,MO,CN1C,129A 386A ,,M,D,TF,F , ,N,C,50,0,0,0,,,1750743,5427107,-41.29341569,174.8003621
Wellington City,GRAFTON ROAD,300,S, ,PALLISER ROAD,2412836,24/09/04,Fri,1400,BC,BN1C,121A 810 ,,M,D,B ,F , ,N,C,50,0,0,2,,,1750847,5426880,-41.29544002,174.8016598
Wellington City,GRAFTON ROAD,240,S, ,THE CRESCENT,2452916,14/05/04,Fri,900,BC,VN1C,121A 352A ,,M,W,O ,L , ,N,C,50,0,0,0,,,1750772,5427052,-41.29390546,174.8007219
Wellington City,GRANT ROAD,100,N, ,PARK ST,2456333,18/12/04,Sat,1340,MO,CS1C,103A 386A ,M,R,D,B ,F , ,N,N,50,0,0,0,,,1748855,5429725,-41.27019504,174.7771839
Wellington City,GREY ST,20,W, ,FEATHERSTON ST,2456169,27/11/04,Sat,1430,MO,CW1C,386A ,,R,D,B ,F , ,N,N,50,0,0,0,,,1748723,5428129,-41.28458889,174.7759983
Wellington City,GROSVENOR TERRACE,50,S, ,LOWER WATT ST,2456692,18/01/04,Sun,1833,BF,CS1C,111A 131A ,,E,W,O ,L , ,N,C,50,0,0,0,,,1749107,5430168,-41.26616003,174.7800828
Wellington City,HALSWATER DRIVE,, ,I,BURBANK CRESCENT,2450980,5/03/04,Fri,1355,JA,CE1C,309B ,,R,D,B ,F ,T,N,P,50,0,0,0,,,1751716,5436698,-41.20688237,174.8095923
Wellington City,HAMILTON ROAD,150,S, ,DRAKE ST,2455148,14/10/04,Thu,1855,BC,CN1X,121A 300A ,,M,D,O ,F , ,N,C,50,0,0,0,,,1750253,5425621,-41.30688602,174.7948795
Wellington City,HAMPTON HILL ROAD,40,W, ,VICTORY CRESCENT,2453569,31/07/04,Sat,1909,EA,CW1C,386A 670B 862 ,M,M,D,DO,F , ,N,N,50,0,0,0,,,1753116,5441103,-41.166959,174.8251807
Wellington City,HANSON ST,90,S, ,HALL ST,2456060,13/12/04,Mon,1700,BC,CE1C,308A 378A 839 929 ,,R,D,B ,F ,D,N,N,50,0,0,0,,,1748626,5425182,-41.31113989,174.7755601
Wellington City,HANSON ST,80,S, ,JOHN ST,2412641,9/06/04,Wed,1015,BE,CS1VCC,501A ,M,R,D,B ,F , ,N,N,50,0,0,2,,,1748719,5425552,-41.30779148,174.7765802
Wellington City,HAPPY VALLEY ROAD,200,S, ,MURCHISON ST,2412241,26/04/04,Mon,2015,DB,CS1,111A ,HP,E,D,DO,F , ,N,C,50,0,1,0,,,1747095,5422524,-41.33535178,174.7579215
Wellington City,HAPPY VALLEY ROAD,, ,I,MURCHISON ST,2452567,20/05/04,Thu,810,LB,VS1BC,137A 303B 375B ,,R,D,O ,F ,T,G,C,70,0,0,0,,,1747045,5422706,-41.33372227,174.7572802
Wellington City,HAPPY VALLEY ROAD,, ,I,ROBERTSON ST,2454559,11/09/04,Sat,845,FB,VS1C,331A 352A ,F,R,D,O ,F ,T,N,C,50,0,0,0,,,1747232,5421610,-41.34355592,174.7597796
Wellington City,HATAITAI BUS TUNNEL,, ,A,PIRIE ST,2451578,27/03/04,Sat,820,BA,CW1B,112A 200A ,,R,D,DN,F , ,T,N,50,0,0,0,,,1749715,5426502,-41.29905407,174.788239
Wellington City,HATAITAI ROAD,130,N, ,HUIA ROAD,2452116,21/04/04,Wed,30,DB,CS1CC,102A 111A ,M,S,D,DO,F , ,N,C,50,0,0,0,,,1750557,5426357,-41.3002029,174.7983272
Wellington City,HATAITAI ROAD,100,N, ,RAKAU ROAD,2453868,29/05/04,Sat,2000,BC,CN1C,103A ,,M,D,DO,F , ,N,N,50,0,0,0,,,1750783,5426640,-41.29761277,174.8009553
Wellington City,HATAITAI ROAD,50,S, ,RAKAU ROAD,2454764,8/08/04,Sun,300,EA,CN1C,103A 111A ,M,M,D,DO,F , ,N,C,50,0,0,0,,,1750667,5426550,-41.29844473,174.7995927
Wellington City,HATTON ST,330,W, ,HAURAKI ST,2455233,15/10/04,Fri,2205,DB,CW1,103A 111A ,ES,S,W,DN,L , ,N,N,50,0,0,0,,,1745766,5428710,-41.27989704,174.7405635
Wellington City,HAWEA ST,10,E, ,JOHNSONVILLE ROAD,2456768,21/12/04,Tue,1830,MO,CE1C,386A 818 ,M,R,D,B ,F ,T,N,N,50,0,0,0,,,1751476,5434858,-41.22349359,174.8071871
Wellington City,HAWKESTONE ST,, ,I,TINAKORI ROAD,2456074,20/11/04,Sat,1500,FB,CW1C,387A ,,R,D,B ,F ,T,G,R,50,0,0,0,,,1748578,5429226,-41.27473877,174.774
Wellington City,HECTOR ST,, ,I,GORE ST,2411408,14/03/04,Sun,950,HA,SS1V,302B 387B ,H,R,D,B ,F ,T,N,C,50,0,0,1,,43,1753542,5423488,-41.32547044,174.8346885
Wellington City,HELSTON ROAD,, ,I,ARTHUR CARMAN ST,2453143,2/07/04,Fri,835,EA,CE1C,129A 386A ,M,E,W,B ,F ,T,G,L,50,0,0,0,,,1751689,5435074,-41.22150895,174.8096734
Wellington City,HELSTON ROAD,, ,I,CYRIL WAY,2411593,5/03/04,Fri,1700,GA,CN1X,333A 351A ,ET,M,D,O ,F ,T,N,C,50,0,0,1,,,1752004,5435422,-41.21831667,174.8133431
Wellington City,HINEMOA ST,50,E, ,WATERLOO QUAY,2453470,26/03/04,Fri,2215,KB,CN1V,308B 434B 926 ,,E,D,DO,F ,D,N,N,50,0,0,0,,,1749448,5428963,-41.27694617,174.7844473
Wellington City,HOBART ST,15,N, ,CALEDONIA ST,2412055,1/06/04,Tue,1922,LB,CS1S,303A 382A 929 ,,R,D,DO,F ,D,N,C,50,0,0,1,,48,1751764,5423971,-41.32145853,174.8133327
Wellington City,HOLLOWAY ROAD,100,S, ,ARO ST,2455872,4/11/04,Thu,1515,MC,CW1C,300B 372B ,,R,D,O ,F , ,N,N,50,0,0,0,,,1747365,5427140,-41.29374238,174.7600282
Wellington City,HOPPER ST,80,N, ,HANKEY ST,2455428,26/10/04,Tue,1900,BB,CN1X,372A 378A 835 ,,R,D,B ,F , ,N,R,50,0,0,0,,,1748451,5426375,-41.30043101,174.7731793
Wellington City,HOPPER ST,15,S, ,WEBB ST,2455161,18/10/04,Mon,1510,KB,CN1C,308B 375B 926 ,,R,D,O ,F ,D,N,C,50,0,0,0,,,1748559,5426618,-41.2982233,174.7744094
Wellington City,HOPPER ST,15,S, ,WEBB ST,2455647,29/10/04,Fri,1545,MG,CN1V,371B 927 ,,R,D,B ,F ,D,N,P,50,0,0,0,,,1748559,5426618,-41.2982233,174.7744094
Wellington City,HOPPER ST,50,S, ,WEBB ST,2454534,22/09/04,Wed,1300,JA,VS1C,308A 375A 839 926 ,,R,D,B ,F ,D,N,N,50,0,0,0,,,1748545,5426586,-41.29851399,174.7742501
Wellington City,HOROKIWI ROAD WEST,20,E, ,BAYLANDS DRIVE,2456061,3/12/04,Fri,945,MD,CN1X,308B 371B 929 ,,M,D,B ,F ,D,N,C,50,0,0,0,,,1753392,5435018,-41.22169211,174.8299947
Wellington City,HOROKIWI ROAD WEST,, ,I,KENMORE ST,2412377,14/07/04,Wed,816,LB,SS1C,303B ,,R,D,B ,F ,T,G,R,50,0,0,1,,40,1752948,5434871,-41.22309964,174.8247371
Wellington City,HOROKIWI ROAD WEST,15,E, ,WARRINGTON GROVE,2412304,14/07/04,Wed,2020,BF,CW1V,102A 111A ,,M,D,DO,F , ,N,C,50,0,0,2,,,1753006,5434896,-41.2228636,174.8254224
Wellington City,HOROKIWI ROAD WEST,30,E, ,WARRINGTON GROVE,2452127,22/04/04,Thu,645,DA,CW1,102A 131A ,C,M,D,DO,F , ,N,L,50,0,0,0,,,1753019,5434902,-41.22280712,174.8255759
Wellington City,HOUGHTON BAY ROAD,100,N, ,HUNGERFORD ROAD,2456042,26/11/04,Fri,230,MO,CS1V,510A ,M,R,W,DO,L , ,N,C,50,0,0,0,,,1749514,5422178,-41.33802183,174.7869026
Wellington City,HOUGHTON BAY ROAD,350,N, ,HUNGERFORD ROAD,2452111,28/03/04,Sun,345,DB,CN1C,111A 517A ,FM,M,D,DO,FS, ,N,C,50,0,0,0,,,1749613,5422393,-41.33606774,174.7880323
Wellington City,HOUGHTON BAY ROAD,500,N, ,HUNGERFORD ROAD,2451178,21/03/04,Sun,1054,MA,VN1C,373B ,,R,D,B ,F , ,N,C,50,0,0,0,,,1749576,5422512,-41.33500321,174.787561
Wellington City,HOUGHTON BAY ROAD,20,N, ,THE ESPLANADE,2451200,24/02/04,Tue,1330,MC,CN1C,372B 671B ,,M,D,B ,F ,Y,N,P,50,0,0,0,,,1749373,5421814,-41.34132518,174.7853078
Wellington City,HUNGERFORD ROAD,200,W, ,HOUGHTON BAY ROAD,2455144,15/10/04,Fri,1655,DA,CE1C,111A 132A ,M,E,W,O ,L , ,N,C,50,0,0,0,,,1749680,5422127,-41.33845018,174.7888982
Wellington City,HUNGERFORD ROAD,70,W, ,VIEW ROAD,2411059,6/01/04,Tue,1740,BC,BN1C,111A 121A ,,M,D,O ,F , ,N,C,50,0,0,1,,,1749688,5422125,-41.3384667,174.7889943
Wellington City,HUNGERFORD ROAD,100,W, ,VIEW ROAD,2452100,23/04/04,Fri,1530,BB,BE1V,123A 300A 363B ,,S,D,B ,F , ,N,L,50,0,0,0,,,1749659,5422130,-41.33842707,174.7886466