TLA NAME,CRASH ROAD,CRASH DIST,CRASH DIRN,INTSN,SIDE ROAD,CRASH ID,CRASH DATE,CRASH DOW,CRASH TIME,MVMT,VEHICLES,CAUSES,OBJECTS STRUCK,ROAD CURVE,ROAD WET,LIGHT,WTHRa,JUNC TYPE,TRAF CTRL,ROAD MARK,SPD LIM,CRASH FATAL CNT,CRASH SEV CNT,CRASH MIN CNT,PERS AGE1,PERS AGE2,EASTING,NORTHING,latitude,longitude
Wellington City,HUNTER ST,, ,I,CUSTOMHOUSE QUAY,2455540,11/11/04,Thu,110,GC,XE1C,171A 372A 197B ,,R,W,DO,L ,X,N,R,50,0,0,0,,,1748781,5428015,-41.2856046,174.7767184
Wellington City,HUNTER ST,20,W, ,VICTORIA ST,2456083,8/12/04,Wed,1345,FA,CE1C,331A ,,R,D,B ,F , ,N,C,50,0,0,0,,,1748832,5427992,-41.28580228,174.7773328
Wellington City,HUTCHISON ROAD,50,W, ,WALLACE ST SLIP,2455334,13/10/04,Wed,810,JO,CN1C,309A 929 ,,R,D,B ,F ,D,N,N,50,0,0,0,,,1748548,5425597,-41.30741783,174.7745274
Wellington City,HUTCHISON ROAD,130,S, ,WESTLAND ROAD,2455146,2/10/04,Sat,1800,DB,MW1,135A 804 ,,M,D,TF,F , ,N,C,50,0,0,0,,,1748468,5425493,-41.30836892,174.7735975
Wellington City,HUTT ROAD,40,S, ,AOTEA QUAY,2454040,3/04/04,Sat,1030,AG,CS1C,158A 434A ,R,R,D,OF,F , ,N,C,50,0,0,0,,,1749489,5430360,-41.26436078,174.784594
Wellington City,HUTT ROAD,300,S, ,AOTEA QUAY,2412567,22/08/04,Sun,1615,EA,CS1C,129A 350A ,M,R,W,O ,L , ,N,R,70,0,0,1,,,1749323,5430160,-41.26619217,174.7826622
Wellington City,HUTT ROAD,, ,A,HUTT NIMT OBR,2454641,2/07/04,Fri,1030,AD,CS1T,501A ,B,R,D,O ,F , ,N,R,100,0,0,0,,,1751139,5431584,-41.25303372,174.803979
Wellington City,HUTT ROAD,200,S, ,JARDEN MILE,2411963,3/05/04,Mon,2220,CA,MS1,130A 903 ,I,R,D,DO,F , ,N,C,100,0,0,1,,,1751791,5432061,-41.24861695,174.8116388
Wellington City,HUTT ROAD,110,W, ,JARDEN MILE,2452534,23/05/04,Sun,1815,AA,VS1T,372A 381A ,CIS,R,D,TO,F , ,N,R,100,0,0,0,,,1751858,5432120,-41.24807317,174.8124234
Wellington City,HUTT ROAD,600,W, ,JARDEN MILE,2413112,8/11/04,Mon,1745,FA,CW1S,181A 370A ,,R,D,B ,F , ,N,R,100,0,0,1,,43,1751471,5431821,-41.25083778,174.807881
Wellington City,HUTT ROAD,, ,I,JARDEN MILE,2454812,30/09/04,Thu,710,AO,ME1C,151A 386A ,,R,D,B ,F ,X,T,C,100,0,0,0,,,1751926,5432204,-41.24730412,174.8132136
Wellington City,HUTT ROAD,, ,I,JARDEN MILE,2450232,20/01/04,Tue,1435,DB,CE1,111A 172A ,S,R,W,O ,L ,M,T,R,100,0,0,0,,,1751926,5432204,-41.24730412,174.8132136
Wellington City,HUTT ROAD,20,N, ,KAIWHARAWHARA ROAD,2452345,18/05/04,Tue,1745,FD,CN1S,370A 158B 862 873 ,,R,D,DO,F , ,N,C,70,0,0,0,,,1749943,5430830,-41.26004505,174.7898957
Wellington City,HUTT ROAD,50,N, ,KAIWHARAWHARA ROAD,2412917,26/10/04,Tue,1450,NA,CN1E,713B ,,R,D,B ,F , ,N,R,70,0,0,1,14,,1749963,5430853,-41.25983426,174.7901287
Wellington City,HUTT ROAD,100,N, ,KAIWHARAWHARA ROAD,2456025,24/11/04,Wed,1607,EA,TN1V,129A 440B ,M,R,D,O ,F , ,N,P,70,0,0,0,,,1749995,5430891,-41.25948619,174.7905012
Wellington City,HUTT ROAD,500,N, ,KAIWHARAWHARA ROAD,2452816,24/05/04,Mon,1108,AA,TS1C,372A ,,E,D,B ,F , ,N,C,70,0,0,0,,,1750295,5431154,-41.25706256,174.7940158
Wellington City,HUTT ROAD,25,S, ,KAIWHARAWHARA ROAD,2413290,16/11/04,Tue,1415,JA,CS1C,308B 375B 927 ,,R,D,B ,F ,D,N,P,70,0,0,3,,,1749914,5430796,-41.26035655,174.7895581
Wellington City,HUTT ROAD,400,S, ,KAIWHARAWHARA ROAD,2412558,3/08/04,Tue,900,FD,CS1M,331A 353A ,,R,D,B ,F , ,N,C,70,0,1,0,,,1749645,5430535,-41.2627563,174.7864125
Wellington City,HUTT ROAD,80,S, ,ONSLOW ROAD,2454269,31/08/04,Tue,1517,GO,XE1T,134A 355A 387B 922 ,,R,D,O ,F ,D,N,C,70,0,0,0,,,1750770,5431396,-41.25479526,174.7996232
Wellington City,HUTT ROAD,, ,I,ONSLOW ROAD,2456383,23/12/04,Thu,1650,FE,CN1C,331A ,,R,D,BN,F ,Y,T,R,50,0,0,0,,,1750843,5431430,-41.25447553,174.8004857
Wellington City,HUTT ROAD,50,N, ,RANGIORA AVENUE,2451577,31/03/04,Wed,1040,CC,TN1VC,133A 197B ,M,R,D,O ,F , ,N,R,70,0,0,0,,,1750551,5431319,-41.25552935,174.7970294
Wellington City,HUTT ROAD,100,S, ,RANGIORA AVENUE,2412501,3/07/04,Sat,240,CB,CN1C,129A 353A 429A ,C,R,W,DO,F , ,N,L,70,0,0,1,,,1750418,5431252,-41.25615734,174.7954591
Wellington City,HUTT ROAD,100,N, ,SAR ST,2411536,17/03/04,Wed,1245,MC,CS1C,372B ,,R,W,O ,H , ,N,P,50,0,0,1,,,1749336,5430176,-41.26604571,174.7828134
Wellington City,HUTT ROAD,200,S, ,SCHOOL ROAD,2452612,17/05/04,Mon,1730,FD,CN1C,331A 353A ,,R,D,DO,F , ,N,P,50,0,0,0,,,1749754,5430633,-41.26185377,174.787689
Wellington City,HUTT ROAD,40,N, ,WESTMINSTER ST,2412415,5/05/04,Wed,1725,EE,SS1C,374B ,Q,R,D,DO,F , ,N,P,70,0,1,0,,32,1750023,5430919,-41.2592289,174.7908284
Wellington City,HUTT ROAD,300,N, ,WESTMINSTER ST,2411780,14/04/04,Wed,1640,AC,CN1C,372A ,,R,D,O ,F , ,N,C,70,0,0,1,,,1750218,5431090,-41.25765309,174.7931129
Wellington City,HUTT ROAD,, ,I,WESTMINSTER ST,2411223,4/02/04,Wed,750,LB,SS1C,303B 377B ,,R,D,B ,F ,T,N,C,70,0,0,1,,26,1749995,5430891,-41.25948619,174.7905012
Wellington City,INGLIS ST,, ,I,DUNDAS ST,2413285,21/11/04,Sun,1225,HA,CN1C,302B 375B ,,R,D,B ,F ,X,G,R,50,0,0,1,,,1753373,5423765,-41.32300874,174.8326002
Wellington City,IRA ST,, ,I,DEVONSHIRE ROAD,2456057,1/12/04,Wed,2030,KB,CS1C,302B 375B ,,R,D,B ,F ,X,G,C,50,0,0,0,,,1752336,5423966,-41.32139569,174.8201651
Wellington City,IRONSIDE ROAD,50,W, ,EARP ST,2455203,12/06/04,Sat,1517,DB,CE1,111A 402A 801 ,F,S,W,O ,L , ,N,C,50,0,0,0,,,1751183,5435271,-41.21982997,174.8035909
Wellington City,IRONSIDE ROAD,100,W, ,EARP ST,2452558,26/05/04,Wed,1950,CC,CN1C,137A 181A ,M,R,D,DO,F , ,N,C,50,0,0,0,,,1751154,5435311,-41.21947525,174.8032352
Wellington City,IRONSIDE ROAD,300,W, ,EARP ST,2412417,9/04/04,Fri,1030,DA,CE1,111A 402A ,FP,M,W,O ,L , ,N,L,50,0,0,1,,,1750987,5435411,-41.21860609,174.8012192
Wellington City,JAMAICA DRIVE,100,S, ,TAKAPU ROAD,2453740,21/07/04,Wed,1000,EA,VS1C,386A ,M,E,D,B ,F , ,N,R,50,0,0,0,,,1754037,5439486,-41.18134292,174.8365606
Wellington City,JERVOIS QUAY,, ,I,HARRIS ST,2411332,1/02/04,Sun,450,JA,XN1C,322A 415A ,,R,D,DO,F ,T,T,C,50,0,1,0,,,1748916,5427717,-41.28826273,174.7784027
Wellington City,JERVOIS QUAY,, ,I,HARRIS ST,2411225,14/01/04,Wed,1057,FD,CS1CV,331A 353A ,,R,D,B ,F ,X,T,C,50,0,0,2,,,1748916,5427717,-41.28826273,174.7784027
Wellington City,JERVOIS QUAY,, ,I,HARRIS ST,2454805,27/09/04,Mon,1235,FE,TS1C,181A 191B ,,R,D,B ,F ,T,T,C,50,0,0,0,,,1748916,5427717,-41.28826273,174.7784027
Wellington City,JERVOIS QUAY,, ,I,HARRIS ST,2455519,4/11/04,Thu,1010,EC,TS1VC,682A ,BM,R,D,B ,F ,T,T,C,50,0,0,0,,,1748916,5427717,-41.28826273,174.7784027
Wellington City,JERVOIS QUAY,, ,I,HARRIS ST,2454208,26/06/04,Sat,2030,FE,CN1C,331A ,,R,D,DO,F ,T,T,C,50,0,0,0,,,1748916,5427717,-41.28826273,174.7784027
Wellington City,JERVOIS QUAY,, ,I,HARRIS ST,2453088,18/06/04,Fri,1107,FD,CN1C,181A ,,R,W,O ,L ,T,T,R,50,0,0,0,,,1748916,5427717,-41.28826273,174.7784027
Wellington City,JERVOIS QUAY,, ,I,HARRIS ST,2452115,20/04/04,Tue,355,DA,CE2,135A 806 ,PS,R,W,DO,F ,X,T,R,50,0,0,0,,,1748916,5427717,-41.28826273,174.7784027
Wellington City,JERVOIS QUAY,, ,I,HUNTER ST,2412498,14/07/04,Wed,1216,LB,CS1C,322A 926 ,,R,D,B ,F ,X,T,R,50,0,0,1,,,1748881,5427984,-41.28586527,174.7779196
Wellington City,JERVOIS QUAY,, ,I,HUNTER ST,2456738,24/11/04,Wed,1320,FE,VS1C,331A ,,R,D,B ,F ,T,T,R,50,0,0,0,,,1748881,5427984,-41.28586527,174.7779196
Wellington City,JERVOIS QUAY,, ,I,POST OFFICE SQUARE,2455091,12/06/04,Sat,1220,FA,CS1S,512A 141B ,,R,D,B ,F ,X,T,C,50,0,0,0,,34,1748866,5428084,-41.28496769,174.7777161
Wellington City,JERVOIS QUAY,, ,I,POST OFFICE SQUARE,2412974,29/10/04,Fri,2240,NB,CN1E,105B 718B ,,R,W,DO,L ,T,T,C,50,0,0,1,58,,1748866,5428084,-41.28496769,174.7777161
Wellington City,JERVOIS QUAY,50,N, ,WILLESTON ST,2411965,10/05/04,Mon,1205,FD,VN1CVC,423A 427A ,,R,D,O ,F , ,N,C,50,0,0,1,,,1748892,5427901,-41.28661053,174.7780712
Wellington City,JERVOIS QUAY,, ,I,WILLESTON ST,2455558,6/11/04,Sat,1600,JA,CN1C,322A 353A ,,R,D,B ,F ,T,T,P,50,0,0,0,,,1748899,5427851,-41.28705941,174.778167
Wellington City,JERVOIS QUAY,, ,I,WILLESTON ST,2412453,5/08/04,Thu,1020,FD,VN1C,427A ,,R,W,O ,L ,T,T,C,50,0,0,1,,,1748899,5427851,-41.28705941,174.778167
Wellington City,JERVOIS QUAY,, ,I,WILLESTON ST,2411420,24/02/04,Tue,1807,NB,CS1E,713B 718B ,,R,D,B ,F ,T,T,R,50,0,1,0,43,,1748899,5427851,-41.28705941,174.778167
Wellington City,JOHN ST,30,W, ,ADELAIDE ROAD,2451845,11/04/04,Sun,1628,MO,CE1C,108A 514A ,,R,D,O ,F , ,N,C,50,0,0,0,,,1748803,5425615,-41.30720878,174.7775677
Wellington City,JOHN ST,, ,I,HANSON ST,2454806,27/09/04,Mon,1515,JA,CE1C,308B 386B 927 ,,R,D,O ,F ,D,N,C,50,0,0,0,,,1748734,5425630,-41.30708645,174.7767402
Wellington City,JOHN ST,, ,I,HANSON ST,2413200,7/11/04,Sun,40,HA,VN2CC,103A 302A 335A ,MP,E,D,DO,F ,X,G,R,50,0,2,2,,,1748734,5425630,-41.30708645,174.7767402
Wellington City,JOHN ST,, ,I,HANSON ST,2453528,14/07/04,Wed,1800,KB,CN2C,303B ,,R,D,DO,F ,T,N,C,50,0,0,0,,,1748734,5425630,-41.30708645,174.7767402
Wellington City,JOHNSONVILLE OFF SBD,100,S, ,SH 1N,2456331,10/12/04,Fri,1851,DA,CS1CC,111A 337A 111B 132B 331B ,B,M,W,O ,L , ,N,N,100,0,0,0,,,1751761,5435291,-41.21954172,174.8104781
Wellington City,JOHNSONVILLE ON SBD,40,S, ,JOHNSONVILLE ROAD,2454666,16/08/04,Mon,815,MG,CS1C,512B ,,R,W,O ,F , ,N,R,50,0,0,0,,,1751510,5434450,-41.22716061,174.8076937
Wellington City,JOHNSONVILLE ROAD,, ,I,BRODERICK ROAD,2411808,23/04/04,Fri,1917,NF,CW2E,307A 645A ,,R,D,DO,F ,X,T,R,50,0,0,1,72,,1751483,5434719,-41.22474375,174.807305
Wellington City,JOHNSONVILLE ROAD,, ,I,BRODERICK ROAD,2450957,26/02/04,Thu,2220,DA,CE2,103A 133A ,S,R,D,DO,F ,X,T,C,50,0,0,0,,,1751483,5434719,-41.22474375,174.807305
Wellington City,JOHNSONVILLE ROAD,80,N, ,CORLETT ST,2411766,12/05/04,Wed,1930,KA,MN1C,137A 670A 308B 375B 922 ,,R,W,DO,H ,D,N,C,50,0,0,1,,,1751462,5434580,-41.22599915,174.8070891
Wellington City,JOHNSONVILLE ROAD,, ,I,CORLETT ST,2453769,12/08/04,Thu,1000,JA,CN1C,301B 375B ,,R,D,B ,F ,T,S,P,50,0,0,0,,,1751476,5434504,-41.22668079,174.8072749
Wellington City,JOHNSONVILLE ROAD,, ,I,FRASER AVENUE,2411398,24/02/04,Tue,825,FB,VN1VC,333A ,,R,D,B ,F ,M,N,C,50,0,0,3,,,1751476,5434504,-41.22668079,174.8072749
Wellington City,JOHNSONVILLE ROAD,, ,I,MOOREFIELD ROAD,2455215,14/09/04,Tue,1255,LB,VN1C,302A 375A 512B ,,E,D,B ,F ,R,G,R,50,0,0,0,,,1751500,5435050,-41.22176044,174.8074257
Wellington City,JOHNSONVILLE ROAD,, ,I,MOOREFIELD ROAD,2450495,21/01/04,Wed,1638,HA,CN1C,302A ,,R,W,O ,L ,R,G,R,50,0,0,0,,,1751500,5435050,-41.22176044,174.8074257
Wellington City,JOHNSONVILLE ROAD,, ,I,MOOREFIELD ROAD,2455162,8/10/04,Fri,620,HA,CE2C,302B 382B ,,E,W,DO,L ,R,G,R,50,0,0,0,,,1751485,5435067,-41.22161019,174.8072426
Wellington City,JOHNSTON ST,, ,I,CUSTOMHOUSE QUAY,2453572,23/07/04,Fri,1445,JA,VN1C,322A 379B ,,R,D,O ,F ,T,T,C,50,0,0,0,,,1748906,5428279,-41.28320464,174.7781459
Wellington City,KAIWHARAWHARA ROAD,300,W, ,HUTT ROAD,2452570,22/02/04,Sun,18,EA,CW1C,103A 129A ,M,R,D,DO,F , ,N,C,50,0,0,0,,,1749719,5431027,-41.2583129,174.7871747
Wellington City,KAIWHARAWHARA ROAD,1000,W, ,HUTT ROAD,2453764,10/08/04,Tue,745,MO,TW1V,371A 440A ,,R,D,O ,F , ,N,C,50,0,0,0,,,1749094,5431128,-41.2575191,174.7796929
Wellington City,KAIWHARAWHARA ROAD,100,E, ,OLD PORIRUA ROAD,2450927,25/02/04,Wed,1230,EA,CW1C,129A 352A ,M,E,D,B ,F , ,N,L,50,0,0,0,,,1749738,5431008,-41.25848045,174.787406
Wellington City,KAIWHARAWHARA ROAD,400,W, ,OLD PORIRUA ROAD,2451605,18/03/04,Thu,1240,BF,CW1C,136A 622A ,C,M,D,B ,F , ,N,L,50,0,0,0,,,1749284,5431070,-41.25800622,174.781974
Wellington City,KAIWHARAWHARA ROAD,490,W, ,OLD PORIRUA ROAD,2456695,16/12/04,Thu,1224,BF,CW1C,111A 130A ,,S,W,O ,L , ,N,C,50,0,0,0,,,1749210,5431067,-41.2580469,174.7810918
Wellington City,KARAKA BAY ROAD,360,N, ,FORTIFICATION ROAD,2450644,8/02/04,Sun,2215,DB,CN1,101A 111A 332A 357A ,CT,S,D,DN,F , ,N,C,50,0,0,0,,,1753349,5426214,-41.30096463,174.8316961
Wellington City,KARAKA BAY ROAD,100,S, ,ONEHUNGA ST,2455621,30/10/04,Sat,1555,GE,MN1CC,181A 333A 926 ,M,S,D,O ,F ,D,N,C,50,0,0,0,,,1753311,5425731,-41.30532037,174.8313641
Wellington City,KARORI ROAD,, ,I,BEAUCHAMP ST,2450513,7/02/04,Sat,1115,MO,VW1C,371B 927 ,,R,D,B ,F ,D,N,C,50,0,0,0,,,1745453,5428164,-41.28486947,174.7369581
Wellington City,KARORI ROAD,30,W, ,BURROWS AVENUE,2450219,8/01/04,Thu,1330,MC,CW1C,381B ,,R,W,O ,M , ,N,C,50,0,0,0,,,1744916,5427981,-41.2866137,174.7305917
Wellington City,KARORI ROAD,, ,I,CHAYTOR ST,2411204,12/01/04,Mon,1548,LB,CW1S,302A 370A ,,E,D,O ,F ,T,G,C,50,0,1,0,,32,1746644,5428577,-41.28093556,174.7510749
Wellington City,KARORI ROAD,60,W, ,DONALD ST,2454348,13/09/04,Mon,1420,CC,VE1VC,130A 410A ,M,R,W,OF,L , ,N,L,50,0,0,0,,,1745803,5428289,-41.28368089,174.7411059
Wellington City,KARORI ROAD,, ,I,DONALD ST,2453490,10/07/04,Sat,1520,KA,VW1C,302B 377B ,,R,D,O ,F ,T,G,C,50,0,0,0,,,1745860,5428309,-41.28349052,174.7417815
Wellington City,KARORI ROAD,15,W, ,EAGLE ST,2413488,10/11/04,Wed,1519,NB,CE1E,306A 376A ,,R,D,O ,F , ,N,X,50,0,0,1,5,,1745252,5428090,-41.28557193,174.7345765
Wellington City,KARORI ROAD,50,W, ,HATTON ST,2411213,30/01/04,Fri,1500,NA,CW1E,712B ,,R,W,O ,H , ,N,C,50,0,1,0,33,,1746065,5428382,-41.2827962,174.7442109
Wellington City,KARORI ROAD,70,W, ,LANCASTER ST,2413060,30/10/04,Sat,1400,FC,CE1CE,331A ,,R,W,O ,F , ,T,X,50,0,0,1,9,,1746199,5428429,-41.28234878,174.745799
Wellington City,KARORI ROAD,20,E, ,MORLEY ST,2456696,17/12/04,Fri,1420,MB,CW1V,112A 375B ,,R,D,B ,F , ,N,C,50,0,0,0,,,1745067,5428023,-41.28620843,174.7323842
Wellington City,KARORI ROAD,, ,I,NOTTINGHAM ST,2456187,6/12/04,Mon,930,MC,CW1C,300B 372B ,,R,D,B ,F ,T,N,R,50,0,0,0,,,1746516,5428498,-41.28167007,174.7495661
Wellington City,KARORI ROAD,, ,I,PARKVALE ROAD,2455609,18/10/04,Mon,1740,EA,VW1C,129A ,M,R,D,O ,F ,T,N,N,50,0,0,0,,,1745506,5428183,-41.28468885,174.7375862
Wellington City,KARORI ROAD,50,W, ,RAINE ST,2456124,2/12/04,Thu,1727,AC,CE1V,101A 159A ,,R,D,B ,F , ,N,C,50,0,0,0,,,1745543,5428196,-41.28456514,174.7380247
Wellington City,KARORI ROAD,, ,I,RAINE ST,2452691,4/06/04,Fri,930,JA,CE1C,309B 375B ,,R,W,O ,L ,T,S,C,50,0,0,0,,,1745590,5428214,-41.2843946,174.7385814
Wellington City,KARORI ROAD,15,W, ,READING ST,2452669,10/06/04,Thu,900,EA,TE1B,386A ,Q,R,D,O ,F , ,N,R,50,0,0,0,,,1745722,5428261,-41.28394761,174.7401458
Wellington City,KARORI ROAD,60,N, ,SOUTH KARORI ROAD,2452403,3/05/04,Mon,915,EA,CE1V,129A 353A ,M,E,D,O ,L , ,N,C,50,0,0,0,,,1744346,5427808,-41.28827346,174.7238288
Wellington City,KARORI ROAD,10,W, ,SOUTH KARORI ROAD,2412523,10/07/04,Sat,1446,NA,CN1E,306A 387A ,,R,D,O ,F ,T,N,X,50,0,0,1,19,,1744288,5427742,-41.28887807,174.723152
Wellington City,KARORI ROAD,, ,I,STANDEN ST,2454634,24/08/04,Tue,1500,BB,CW1X,125A 363A 839 902 ,,R,D,B ,F ,T,G,X,50,0,0,0,,,1746606,5428554,-41.28114954,174.7506269
Wellington City,KARORI ROAD,, ,I,TRINGHAM ST,2411431,5/03/04,Fri,800,NB,CE1E,306A 363A 376A ,,R,D,B ,F ,T,N,C,50,0,0,1,15,,1744717,5427956,-41.28687449,174.7282223
Wellington City,KARORI ROAD,, ,I,TRINGHAM ST,2452129,19/04/04,Mon,1645,JA,CE1C,302B 363B 375B ,,R,D,B ,F ,T,G,C,50,0,0,0,,,1744717,5427956,-41.28687449,174.7282223
Wellington City,KATE SHEPPARD PLACE,50,W, ,MULGRAVE ST,2450703,12/02/04,Thu,1525,JA,BE1C,308B 839 927 ,,R,D,O ,F ,D,N,C,50,0,0,0,,,1749013,5428878,-41.27779184,174.7792765
Wellington City,KELBURN PARADE,40,S, ,SALAMANCA ROAD,2454131,18/08/04,Wed,1412,JA,CS1C,308B 382B 927 ,,R,D,O ,F ,D,N,P,50,0,0,0,,,1748121,5427873,-41.28700444,174.7688749
Wellington City,KELBURN PARADE,50,S, ,SALAMANCA ROAD,2453643,30/07/04,Fri,936,JA,CS1C,308B 353B 930 ,,R,D,O ,F ,D,N,L,50,0,0,0,,,1748117,5427864,-41.28708621,174.7688294
Wellington City,KELBURN PARADE,50,S, ,SALAMANCA ROAD,2413531,1/03/04,Mon,1610,NA,CN1E,712B 713B ,,R,D,B ,F , ,N,P,50,0,0,1,18,,1748117,5427864,-41.28708621,174.7688294
Wellington City,KELBURN PARADE,80,S, ,SALAMANCA ROAD,2411675,26/03/04,Fri,900,JA,PS1C,151A 173A 377B 927 ,,R,D,B ,F ,D,N,P,50,0,1,0,,,1748104,5427836,-41.28734069,174.768681
Wellington City,KELBURN PARADE,200,S, ,SALAMANCA ROAD,2456142,7/12/04,Tue,1430,EE,CS1C,374B ,M,R,D,B ,F , ,N,N,50,0,0,0,,,1748055,5427727,-41.28833106,174.7681226
Wellington City,KELBURN PARADE,40,S, ,SPRINGFIELD TERRACE,2454681,5/08/04,Thu,1408,BB,CN1C,123A ,,S,W,O ,F , ,N,N,50,0,0,0,,,1747856,5427337,-41.29187889,174.7658419
Wellington City,KENT TERRACE,15,S, ,COURTENAY PLACE,2453880,30/07/04,Fri,1310,MG,TS1C,371A ,,R,D,B ,F ,X,T,P,50,0,0,0,,,1749370,5427055,-41.29413912,174.7839844
Wellington City,KENT TERRACE,20,N, ,ELIZABETH ST,2452185,16/04/04,Fri,2320,AC,BS1C,129A 372A ,,R,D,DN,F , ,N,C,50,0,0,0,,,1749300,5426900,-41.2955476,174.7831868
Wellington City,KENT TERRACE,15,S, ,ELIZABETH ST,2451863,24/03/04,Wed,1546,MO,CS1C,371A 386A ,M,R,D,B ,F , ,N,R,50,0,0,0,,,1749286,5426868,-41.2958383,174.7830275
Wellington City,KENT TERRACE,50,S, ,HOME ST,2452722,30/05/04,Sun,200,MO,CS1C,386A ,M,R,D,DO,F , ,N,C,50,0,0,0,,,1749251,5426790,-41.29654703,174.7826288
Wellington City,KENT TERRACE,, ,I,MAJORIBANKS ST,2454727,21/09/04,Tue,601,LB,CS1C,322A ,,R,D,B ,F ,X,T,P,50,0,0,0,,,1749376,5427069,-41.29401196,174.7840526
Wellington City,KENT TERRACE,, ,I,MAJORIBANKS ST,2451878,3/04/04,Sat,1750,AA,CS1V,120A 379B ,,R,D,TF,F ,X,T,R,50,0,0,0,,,1749376,5427069,-41.29401196,174.7840526
Wellington City,KENT TERRACE,, ,I,MAJORIBANKS ST,2412585,22/08/04,Sun,1625,FE,CS1C,331A 653A ,,R,W,O ,L ,X,T,C,50,0,0,1,,,1749376,5427069,-41.29401196,174.7840526
Wellington City,KENT TERRACE,15,N, ,PIRIE ST,2455551,4/11/04,Thu,1820,FD,CS1X,331A ,,R,D,O ,F , ,N,C,50,0,0,0,,,1749227,5426736,-41.29703766,174.7823555
Wellington City,KENYA ST,120,N, ,MELBA AVENUE,2452040,5/05/04,Wed,900,EA,TS1C,129A ,M,E,D,B ,F , ,N,C,70,0,0,0,,,1748501,5431642,-41.25300047,174.7724925
Wellington City,KENYA ST,15,N, ,TRELISSICK CRESCENT,2454642,22/08/04,Sun,330,EA,CN1VC,191A 441B 441C 862 ,M,R,W,DO,FS, ,N,C,50,0,0,0,,,1748391,5431336,-41.25577575,174.7712546
Wellington City,KHANDALLAH ROAD,20,S, ,COCKAYNE ROAD,2453302,6/07/04,Tue,1030,GB,VS1V,158A 929 ,,M,W,B ,F ,D,N,L,50,0,0,0,,,1749718,5432175,-41.24797713,174.786881
Wellington City,KHANDALLAH ROAD,50,E, ,TARIKAKA ST,2452700,6/06/04,Sun,1411,DA,CN1,501A ,,E,D,B ,F , ,N,C,50,0,0,0,,,1748984,5432315,-41.24685223,174.7780906
Wellington City,KILBIRNIE CRESCENT,20,N, ,DUNCAN TERRACE,2456753,29/10/04,Fri,730,MO,VN1C,512A 446B ,Q,R,W,O ,L , ,N,C,50,0,0,0,,,1750067,5424755,-41.31471752,174.7928723
Wellington City,KILBIRNIE CRESCENT,, ,I,DUNCAN TERRACE,2456201,26/11/04,Fri,930,EA,TN1B,386A ,Q,R,D,O ,F ,T,N,R,50,0,0,0,,,1750070,5424735,-41.31489703,174.7929131
Wellington City,KILBIRNIE CRESCENT,50,S, ,TULLY ST,2456109,28/11/04,Sun,300,CC,CS1CC,101A 410A ,M,R,D,DO,F , ,N,R,50,0,0,0,,,1750135,5424631,-41.31582128,174.793715
Wellington City,KING ST,, ,A,KING ST T,2453290,24/06/04,Thu,1400,DA,CN1C,103A 131A 427A ,M,R,D,B ,F ,T,G,C,50,0,0,0,,,1748873,5426032,-41.30344144,174.7783015
Wellington City,KINGHORNE ST,40,E, ,BENTINCK AVENUE,2412020,4/06/04,Fri,1700,NA,CW1E,713B 727B 839 ,,R,D,TO,F , ,N,N,50,0,0,1,6,,1752580,5423320,-41.3271656,174.8232412
Wellington City,KINROSS ST,20,W, ,BOLTON ST,2455944,2/12/04,Thu,1800,BC,CE1C,103A 129A ,,E,D,B ,F , ,N,N,50,0,0,0,,,1748395,5428576,-41.28062468,174.7719743
Wellington City,KIWI CRESCENT,20,N, ,TUI TERRACE,2453631,19/07/04,Mon,930,EA,TS1C,385A ,M,E,D,O ,F , ,N,N,50,0,0,0,,,1752472,5440499,-41.17251844,174.8176581
Wellington City,LAKEWOOD AVENUE,, ,I,WESTCHESTER DRIVE,2413293,27/11/04,Sat,100,DA,CE2,111A 131A ,F,R,D,DO,FS,T,N,C,50,0,0,1,,,1751619,5437244,-41.20198467,174.8083005
Wellington City,LAMBTON QUAY,, ,I,BOWEN ST,2450822,5/02/04,Thu,1050,FE,CN1C,181A 331A ,,R,D,O ,F ,X,T,R,50,0,0,0,,,1748819,5428688,-41.27953827,174.7770076
Wellington City,LAMBTON QUAY,, ,I,BOWEN ST,2413535,26/12/04,Sun,2240,HA,XE2C,322B 334B ,I,R,D,DO,F ,X,T,R,50,0,0,1,,,1748819,5428688,-41.27953827,174.7770076
Wellington City,LAMBTON QUAY,15,N, ,BRANDON ST,2411590,15/03/04,Mon,1600,NG,VN1E,504B 730B ,,R,D,O ,F , ,N,R,50,0,0,1,,,1748693,5428314,-41.28292877,174.775595
Wellington City,LAMBTON QUAY,40,S, ,BRANDON ST,2454293,26/08/04,Thu,1355,MO,CN1C,386A ,M,R,D,B ,F , ,N,R,50,0,0,0,,,1748681,5428261,-41.28340817,174.7754647
Wellington City,LAMBTON QUAY,40,N, ,BUNNY ST,2412957,3/05/04,Mon,1540,PA,BN1E,386A 702B 720B ,,E,D,B ,F , ,N,N,50,0,0,1,14,,1748970,5428793,-41.27856507,174.7787841
Wellington City,LAMBTON QUAY,15,S, ,FARMERS LANE,2451850,19/04/04,Mon,1111,EA,CN1C,129A ,M,R,D,B ,F , ,N,R,50,0,0,0,,,1748734,5428445,-41.28174177,174.7760524
Wellington City,LAMBTON QUAY,, ,A,GREY ST,2412735,20/09/04,Mon,1005,NA,BN1E,711B 714B ,,E,D,B ,F , ,T,X,50,0,1,0,76,,1748675,5428151,-41.28439965,174.77542