TLA NAME,CRASH ROAD,CRASH DIST,CRASH DIRN,INTSN,SIDE ROAD,CRASH ID,CRASH DATE,CRASH DOW,CRASH TIME,MVMT,VEHICLES,CAUSES,OBJECTS STRUCK,ROAD CURVE,ROAD WET,LIGHT,WTHRa,JUNC TYPE,TRAF CTRL,ROAD MARK,SPD LIM,CRASH FATAL CNT,CRASH SEV CNT,CRASH MIN CNT,PERS AGE1,PERS AGE2,EASTING,NORTHING,latitude,longitude
Wellington City,LAMBTON QUAY,30,S, ,MOLESWORTH ST,2456756,27/03/04,Sat,1843,MC,BN1C,372B ,,R,W,O ,L , ,N,R,50,0,0,0,,,1748912,5428753,-41.2789359,174.7781016
Wellington City,LAMBTON QUAY,, ,I,PANAMA ST,2452739,2/06/04,Wed,1745,AA,BS1C,372A ,I,R,D,TO,F ,T,N,R,50,0,0,0,,,1748679,5428227,-41.28371465,174.7754491
Wellington City,LAMBTON QUAY,30,N, ,STOUT ST,2451430,2/03/04,Tue,1052,AA,BN1V,143A 381A ,,E,D,B ,F , ,N,C,50,0,0,0,,,1748726,5428518,-41.28108599,174.7759391
Wellington City,LAMBTON QUAY,50,N, ,STOUT ST,2455304,20/10/04,Wed,1030,MA,BN1C,386A ,,R,D,O ,F , ,N,C,50,0,0,0,,,1748724,5428538,-41.28090629,174.7759103
Wellington City,LAMBTON QUAY,15,S, ,WARING TAYLOR ST,2453574,19/07/04,Mon,1934,MA,BS1X,373B ,,R,D,DO,F , ,N,C,50,0,0,0,,,1748733,5428419,-41.28197604,174.7760468
Wellington City,LAMBTON QUAY,, ,I,WARING TAYLOR ST,2412473,29/07/04,Thu,900,PE,BN1EV,370A 721B 443C 831 ,M,E,W,O ,L ,T,N,R,50,0,1,0,59,,1748734,5428434,-41.28184081,174.7760551
Wellington City,LARSEN CRESCENT,25,W, ,ORIEL AVENUE,2451106,26/03/04,Fri,2330,EA,CE1C,101A 129A ,M,R,D,DO,F , ,N,N,50,0,0,0,,,1752443,5440164,-41.17554004,174.8173959
Wellington City,LENNEL ROAD,20,N, ,MOORHOUSE ST,2456538,14/12/04,Tue,1745,BC,CS1V,121A 350A ,,E,D,B ,F , ,N,C,50,0,0,0,,,1748844,5430583,-41.26247208,174.7768431
Wellington City,LENNEL ROAD,30,W, ,MOORHOUSE ST,2411754,25/03/04,Thu,1600,NA,VW1E,306A 359A ,,E,D,B ,F , ,N,X,50,0,1,0,38,,1748835,5430587,-41.26243773,174.7767348
Wellington City,LERWICK TERRACE,80,W, ,QUEENS DRIVE,2452992,4/06/04,Fri,725,GC,CE1X,143B 372B 920 ,,M,W,TF,L ,D,N,N,50,0,0,0,,,1749934,5423793,-41.32340346,174.7915213
Wellington City,LIARDET ST,50,S, ,TRAVERS ST,2455597,22/10/04,Fri,1030,QD,CS1C,611A ,M,R,D,O ,F , ,N,C,50,0,0,0,,,1748164,5424674,-41.31579862,174.7701671
Wellington City,LINCOLN AVENUE,150,W, ,MAIN ROAD,2452315,28/05/04,Fri,837,EA,CE1T,129A 363A ,M,R,D,B ,F , ,N,N,50,0,0,0,,,1752956,5440919,-41.16864583,174.8233203
Wellington City,LINCOLN AVENUE,50,W, ,WILFRED ST,2412905,16/10/04,Sat,230,CC,CW1C,125A 410A ,M,R,D,DO,L , ,N,C,50,0,0,1,,,1752669,5440799,-41.16978033,174.8199307
Wellington City,LINCOLN AVENUE,, ,I,WILFRED ST,2455744,30/11/04,Tue,1650,HA,CE1C,302B 363B 375B ,,R,D,B ,F ,X,G,C,50,0,0,0,,,1752716,5440818,-41.16960042,174.8204859
Wellington City,LINDEN AVENUE,80,E, ,FINDLAY ST,2450661,20/01/04,Tue,1845,MF,CW1X,371B ,,R,W,O ,L , ,N,C,50,0,0,0,,,1753613,5442207,-41.15692526,174.8308254
Wellington City,LINDUM TERRACE,20,S, ,CARLTON GORE ROAD,2454667,18/09/04,Sat,500,MG,CS1C,512B 514B ,,R,D,DO,F , ,N,N,50,0,0,0,,,1750751,5427706,-41.28802121,174.8003093
Wellington City,LINK ROAD,200,W, ,KENMORE ST,2452113,23/04/04,Fri,2030,DA,CW1,111A 132A 137A ,FH,E,D,DO,F , ,N,N,50,0,0,0,,,1753028,5434421,-41.227136,174.8258038
Wellington City,LUCKNOW TERRACE,15,S, ,KHANDALLAH ROAD,2454115,16/08/04,Mon,940,EA,CN1V,129A ,M,R,W,O ,F , ,N,C,50,0,0,0,,,1749445,5432305,-41.24685718,174.7835924
Wellington City,LYALL PARADE,, ,I,FREYBERG ST,2411529,28/03/04,Sun,1530,LB,CE1C,303B ,,R,D,B ,F ,M,N,C,50,0,0,1,,,1750081,5423053,-41.33003855,174.7934597
Wellington City,LYALL PARADE,10,W, ,ONEPU ROAD,2412739,4/09/04,Sat,1510,NA,CW1E,711B 712B ,,R,D,B ,F ,T,N,C,50,0,0,1,19,,1750230,5423146,-41.32917349,174.7952164
Wellington City,LYALL PARADE,, ,I,ONEPU ROAD,2455117,9/10/04,Sat,1234,FB,CE1C,331A 434A ,,R,D,B ,F ,R,G,R,50,0,0,0,,,1750234,5423149,-41.32914574,174.7952635
Wellington City,LYALL PARADE,500,W, ,TIRANGI ROAD,2451684,31/03/04,Wed,1650,GD,CE1V,363A 902 920 ,,E,D,B ,F ,D,N,C,50,0,0,0,,,1750280,5423167,-41.32897511,174.7958085
Wellington City,MACDONALD CRESCENT,150,S, ,DIXON ST,2450477,4/02/04,Wed,1030,EA,CN1C,129A ,M,E,D,B ,F , ,N,C,50,0,0,0,,,1748338,5427455,-41.29072805,174.771567
Wellington City,MAIN ROAD,40,S, ,ESSEX ST,2413145,9/11/04,Tue,1638,ME,SS1C,112A 158A ,,R,D,B ,F , ,N,P,50,0,0,1,,16,1753092,5440763,-41.17002468,174.8249797
Wellington City,MAIN ROAD,15,N, ,FYVIE AVENUE,2412483,29/07/04,Thu,1320,EA,CN1B,129A 331A ,Q,R,D,O ,F , ,N,C,50,0,0,1,,,1753467,5442193,-41.15707894,174.8290897
Wellington City,MAIN ROAD,50,N, ,FYVIE AVENUE,2413119,8/11/04,Mon,1520,BA,CS1C,101A 125A ,,R,D,O ,F , ,N,C,50,0,0,3,,,1753488,5442220,-41.15683188,174.8293331
Wellington City,MAIN ROAD,, ,I,FYVIE AVENUE,2451582,29/04/04,Thu,1455,GD,CS1C,331A ,,R,D,O ,F ,T,N,L,50,0,0,0,,,1753458,5442181,-41.15718869,174.8289855
Wellington City,MAIN ROAD,100,N, ,LINDEN AVENUE,2456145,17/12/04,Fri,1810,GA,CN1T,181A 929 ,,R,D,B ,F ,D,N,C,50,0,0,0,,,1753540,5442312,-41.15599372,174.8299295
Wellington City,MAIN ROAD,, ,I,LINDEN AVENUE,2453150,12/07/04,Mon,815,JA,VS1C,145A 302B ,,E,D,B ,F ,T,G,C,50,0,0,0,,,1753500,5442233,-41.15671256,174.8294728
Wellington City,MAIN ROAD,, ,I,LYNDHURST ROAD,2450470,10/02/04,Tue,730,KB,VS1C,302A 352A ,,R,W,O ,L ,R,G,R,50,0,0,0,,,1753077,5440606,-41.17144105,174.8248402
Wellington City,MAIN ROAD,200,N, ,MCLELLAN ST,2452371,28/05/04,Fri,1038,BA,VN1T,120A 410A ,,R,D,B ,F , ,N,C,50,0,0,0,,,1753367,5441860,-41.16009599,174.8279818
Wellington City,MAIN ROAD,30,N, ,REDWOOD AVENUE N,2454431,13/09/04,Mon,1146,FA,CN1C,331A 333A ,,R,W,O ,L , ,N,C,50,0,0,0,,,1753120,5439993,-41.176952,174.8255058
Wellington City,MAIN ROAD,200,S, ,REDWOOD AVENUE N,2455980,3/12/04,Fri,1300,MC,CS1V,112A 381B ,,R,D,B ,F , ,N,C,50,0,0,0,,,1753083,5439766,-41.17900276,174.8251217
Wellington City,MAIN ROAD,30,S, ,REDWOOD AVENUE S,2452510,27/05/04,Thu,1210,MA,VS1C,112A 373B 671B ,,R,D,B ,F , ,N,P,50,0,0,0,,,1752986,5439338,-41.18287452,174.8240727
Wellington City,MAIN ROAD,, ,I,REDWOOD AVENUE S,2452856,18/06/04,Fri,1610,LB,CN1C,303B 382B ,,E,W,TO,H ,T,G,C,50,0,0,0,,,1752975,5439365,-41.18263351,174.8239349
Wellington City,MAIN ROAD,400,S, ,TAWA ST,2450616,19/02/04,Thu,1810,MA,CS1C,373B 901 ,,R,W,O ,H , ,N,C,50,0,0,0,,,1753084,5439773,-41.17893955,174.8251319
Wellington City,MAIN ROAD,200,N, ,VICTORY CRESCENT,2452994,4/07/04,Sun,1644,FD,CS1CC,181A 195B 331C ,,R,D,B ,F , ,N,C,50,0,0,0,,,1753253,5441304,-41.16512343,174.8267627
Wellington City,MAJORIBANKS ST,, ,I,HAWKER ST,2454744,11/01/04,Sun,1130,JA,CE1C,301B 375B ,,E,D,B ,F ,T,S,C,50,0,0,0,,,1749647,5426946,-41.29506918,174.787318
Wellington City,MAJORIBANKS ST,40,E, ,ROXBURGH ST,2453469,12/05/04,Wed,2200,EA,CE1C,103A 197A ,M,R,W,DO,L , ,N,C,50,0,0,0,,,1749482,5427021,-41.2944245,174.7853298
Wellington City,MANCHESTER ST,250,S, ,OWEN ST,2455605,24/10/04,Sun,605,DA,CS1,111A 517A ,,M,W,TO,L , ,N,C,50,0,0,0,,,1749526,5424061,-41.32106632,174.7865826
Wellington City,MANNERS ST,, ,I,VICTORIA ST,2453448,9/06/04,Wed,1128,KC,VN2X,126B ,,E,D,B ,F ,T,T,R,50,0,0,0,,,1748686,5427488,-41.29036692,174.7757131
Wellington City,MANNERS ST,, ,I,VICTORIA ST,2456615,26/12/04,Sun,1150,DA,CS1,110A 133A 322A ,PTX,E,D,B ,F ,Y,T,R,50,0,0,0,,,1748686,5427488,-41.29036692,174.7757131
Wellington City,MANNERS ST,, ,I,VICTORIA ST,2456071,29/11/04,Mon,1940,KB,BW1C,176B ,T,E,D,B ,F ,Y,T,R,50,0,0,0,,,1748686,5427488,-41.29036692,174.7757131
Wellington City,MANNERS ST,20,E, ,WILLIS ST,2412242,2/04/04,Fri,2053,PA,BW1E,105B 720B ,,R,D,DO,F , ,N,C,50,0,0,1,35,,1748613,5427606,-41.28931795,174.7748129
Wellington City,MANNERS ST,30,E, ,WILLIS ST,2454254,27/08/04,Fri,1725,AC,CW1B,372A ,,R,W,TO,L , ,N,C,50,0,0,0,,,1748618,5427598,-41.28938906,174.7748746
Wellington City,MANNERS ST,60,E, ,WILLIS ST,2412203,24/06/04,Thu,843,NA,CW1,103A 712B ,,R,D,O ,F , ,N,C,50,0,0,2,23,,1748634,5427572,-41.2896202,174.7750719
Wellington City,MANUKA ST,80,W, ,WEKA ST,2455736,15/10/04,Fri,1520,MO,VN1C,386A ,M,E,D,B ,F , ,N,C,50,0,0,0,,,1752659,5425760,-41.30518291,174.8235722
Wellington City,MAREWA ROAD,100,S, ,HEPARA ST,2452726,9/06/04,Wed,200,EA,CS1C,129A ,M,E,D,DO,F , ,N,N,50,0,0,0,,,1750468,5426599,-41.2980407,174.7972048
Wellington City,MARINE PARADE,50,N, ,INGLIS ST,2450954,26/02/04,Thu,1430,EA,CN1C,129A 352A ,M,R,D,B ,F , ,N,C,50,0,0,0,,,1753388,5423990,-41.32098019,174.8327225
Wellington City,MARK AVENUE,, ,I,CARA CRESCENT,2413281,25/11/04,Thu,1240,NA,CS1E,370A 713B 727B ,,R,W,B ,F ,T,N,C,50,0,1,0,3,,1752400,5435957,-41.2134254,174.8179315
Wellington City,MARTIN SQUARE,60,E, ,SH 1N,2450948,26/02/04,Thu,1527,EA,TN1C,370A 386A ,M,R,D,B ,F , ,N,N,50,0,0,0,,,1748784,5426749,-41.2970024,174.7770636
Wellington City,MASSEY ROAD,400,N, ,KARAKA BAY ROAD,2456433,26/12/04,Sun,2015,DB,CN1,133A 420A ,F,E,D,DN,F , ,N,C,50,0,0,0,,,1753682,5426713,-41.29640872,174.8355457
Wellington City,MASSEY ROAD,, ,A,KAU POINT,2452163,28/04/04,Wed,1225,BF,CN1C,133A 423A ,,S,D,O ,F , ,N,C,50,0,0,0,,,1753510,5427530,-41.28908587,174.8332863
Wellington City,MEDWAY ST,, ,I,THE PARADE,2456605,9/12/04,Thu,1730,FB,CE1C,331A ,,R,W,O ,L ,T,S,C,50,0,0,0,,,1748386,5422553,-41.33485404,174.773336
Wellington City,MEIN ST,20,E, ,BLUCHER AVENUE,2452117,21/04/04,Wed,100,CC,CE1CC,112A 810 ,M,R,D,DO,F , ,N,R,50,0,0,0,,,1749415,5425298,-41.30994974,174.784953
Wellington City,MEIN ST,50,W, ,DANIELL ST,2454379,16/09/04,Thu,835,AB,CW1C,112A 132A 852 ,,R,D,O ,F , ,N,N,50,0,0,0,,,1749081,5425228,-41.31064177,174.780982
Wellington City,MEIN ST,, ,I,DANIELL ST,2412239,21/06/04,Mon,718,LB,SW1V,602A 303B 377B ,,R,D,DO,F ,T,N,C,50,0,1,0,,21,1749130,5425238,-41.31054268,174.7815646
Wellington City,MEIN ST,, ,I,MINERVA ST,2455515,2/11/04,Tue,1513,GE,VE1C,387A 174B ,,R,D,B ,F ,T,N,C,50,0,0,0,,,1749056,5425223,-41.31069141,174.7806847
Wellington City,MEIN ST,60,E, ,RIDDIFORD ST,2452480,12/05/04,Wed,1216,JA,CE1C,308B 372B 839 926 ,,R,D,O ,F ,D,N,C,50,0,0,0,,,1748976,5425209,-41.31083223,174.7797328
Wellington City,MELROSE ROAD,300,N, ,ALBERT ST,2455353,30/10/04,Sat,613,DB,CS1VC,111A 121A ,CFM,M,D,TF,F , ,N,C,50,0,0,0,,,1748926,5422430,-41.33586185,174.7798167
Wellington City,MELROSE ROAD,, ,I,SOUTHGATE ROAD,2411417,23/02/04,Mon,2000,CA,MS1,132A 801 ,,R,W,O ,L ,T,N,C,50,0,0,1,,,1749030,5422251,-41.33745423,174.7811029
Wellington City,MERCER ST,, ,I,WILLIS ST,2453383,23/07/04,Fri,2355,MG,CN1C,371B 514B ,,R,D,DO,F ,Y,T,R,50,0,0,0,,,1748653,5427727,-41.28822117,174.7752609
Wellington City,MERSEY ST,, ,I,CLYDE ST,2454668,25/09/04,Sat,1635,HA,CN1V,321A ,,R,D,B ,F ,X,S,C,50,0,0,0,,,1748433,5422253,-41.3375464,174.7739708
Wellington City,MEXTED TERRACE,50,E, ,HANDYSIDE ST,2450244,21/01/04,Wed,1650,MD,CW1C,308B 353B 371B 929 ,,R,W,O ,H ,D,N,C,50,0,0,0,,,1753938,5442367,-41.1554231,174.8346568
Wellington City,MIDDLETON ROAD,100,N, ,CHURTON DRIVE,2412727,15/09/04,Wed,1750,AC,CN1S,386A ,,M,D,TO,F , ,N,C,50,0,0,1,,39,1751868,5436058,-41.21261605,174.8115634
Wellington City,MIDDLETON ROAD,, ,I,HELSTON ROAD,2450357,19/01/04,Mon,1400,LB,MS1C,302B ,,R,D,B ,F ,R,G,R,50,0,0,0,,,1751531,5435191,-41.22048516,174.8077603
Wellington City,MIDDLETON ROAD,50,N, ,RICHMOND HILL,2456438,26/12/04,Sun,1815,CC,CS1,195A ,C,R,D,O ,F , ,N,C,100,0,0,0,,,1753217,5438252,-41.19260852,174.8270975
Wellington City,MIDDLETON ROAD,280,E, ,WESTCHESTER DRIVE EAST,2453197,13/01/04,Tue,840,BD,VS1C,123A 121B ,,S,W,O ,HS, ,N,L,100,0,0,0,,,1752473,5437122,-41.20292273,174.8185113
Wellington City,MIDDLETON ROAD,280,S, ,WESTCHESTER DRIVE EAST,2453198,13/01/04,Tue,835,AB,CN1C,137A 817 825 831 ,,S,W,O ,HS, ,N,L,100,0,0,0,,,1752011,5436917,-41.20485529,174.8130548
Wellington City,MIDDLETON ROAD,90,S, ,WILLOWBANK ROAD,2451576,31/03/04,Wed,1930,DB,CN1,111A 137A 337A 817 ,EFX,M,D,DN,F , ,N,L,100,0,0,0,,,1753399,5438523,-41.19013417,174.8291988
Wellington City,MIRAMAR AVENUE,, ,I,HOBART ST,2453598,10/07/04,Sat,2010,HA,CE1C,302A 375A 111B ,,E,D,DO,FS,R,G,R,50,0,0,0,,,1752036,5424529,-41.3163835,174.8164415
Wellington City,MIRAMAR AVENUE,, ,I,MAUPUIA ROAD,2455559,5/11/04,Fri,1755,KA,SE1C,302B 375B ,,R,D,O ,L ,T,G,R,50,0,0,0,,46,1751725,5424711,-41.31480348,174.8126822
Wellington City,MIRAMAR AVENUE,, ,I,MAUPUIA ROAD,2456422,14/12/04,Tue,100,JA,XE1C,113B 303B ,,R,D,DO,F ,T,N,R,50,0,0,0,,,1751725,5424711,-41.31480348,174.8126822
Wellington City,MIRAMAR AVENUE,, ,I,PARK ROAD,2453274,10/07/04,Sat,1440,LB,CW1C,302A ,,R,D,B ,F ,R,G,R,50,0,0,0,,,1752048,5424521,-41.31645327,174.8165868
Wellington City,MIRAMAR AVENUE,, ,I,PARK ROAD,2412425,23/07/04,Fri,1510,FC,VE1CE,132A 387A ,,R,D,B ,F ,R,G,R,50,0,0,1,10,,1752017,5424540,-41.31628805,174.8162119
Wellington City,MIRAMAR AVENUE,, ,I,PARK ROAD,2411810,20/04/04,Tue,1754,HA,CE1X,302A 375A ,,R,D,B ,F ,R,G,R,50,0,0,1,,,1752036,5424529,-41.3163835,174.8164415
Wellington City,MIRAMAR AVENUE,80,W, ,STONE ST,2450777,9/02/04,Mon,1545,FC,CE1C,331A 353A ,,R,D,B ,F , ,N,X,50,0,0,0,,,1751880,5424620,-41.3155936,174.8145559
Wellington City,MITCHELL ST,70,N, ,HOOVER ST,2411834,28/02/04,Sat,1530,LB,CN1C,303B 378B 832 929 ,,R,W,O ,L ,D,N,C,50,0,0,1,,,1747226,5425520,-41.30835344,174.7587608
Wellington City,MITCHELL ST,50,S, ,HOOVER ST,2450922,24/01/04,Sat,2000,DA,CS1C,130A 357A ,M,M,D,O ,M , ,N,C,50,0,0,0,,,1747206,5425401,-41.3094285,174.7585508
Wellington City,MOA POINT ROAD,150,E, ,COCHRANE ST,2451602,14/02/04,Sat,2225,DA,CE1,137A ,CF,M,W,DO,H , ,N,C,50,0,0,0,,,1751072,5423164,-41.32885409,174.8052689
Wellington City,MOA POINT ROAD,530,S, ,STEWART DUFF DRIVE,2452421,5/05/04,Wed,1500,DA,CN1,130A 350A ,P,M,W,O ,H , ,N,C,50,0,0,0,,,1751510,5421891,-41.34023297,174.8108179
Wellington City,MOLESWORTH ST,, ,I,AITKEN ST,2450360,7/01/04,Wed,1325,HA,VN1C,302B ,S,R,W,O ,L ,X,G,C,50,0,0,0,,,1748889,5428972,-41.27696838,174.7777736
Wellington City,MOLESWORTH ST,10,S, ,HAWKESTONE ST,2455802,12/11/04,Fri,1758,EO,TN1X,663A ,M,R,D,O ,F ,T,N,C,50,0,0,0,,,1748900,5429182,-41.27507563,174.7778536
Wellington City,MOLESWORTH ST,, ,I,HAWKESTONE ST,2451081,19/02/04,Thu,1105,MA,TN1C,386A ,,R,D,B ,F ,X,G,C,50,0,0,0,,,1748901,5429192,-41.27498541,174.7778631
Wellington City,MOLESWORTH ST,15,N, ,HILL ST,2456075,8/11/04,Mon,1400,EA,TN1C,129A 386A ,M,R,D,B ,F ,X,N,C,50,0,0,0,,,1748889,5428987,-41.27683333,174.77777
Wellington City,MOLESWORTH ST,, ,I,HILL ST,2452801,6/01/04,Tue,1550,HA,CN1C,302B 375B ,,R,D,OF,F ,X,G,X,50,0,0,0,,,1748889,5428972,-41.27696838,174.7777736
Wellington City,MOLESWORTH ST,100,N, ,LITTLE PIPITEA ST,2411626,24/03/04,Wed,1308,ND,CN1E,370A 711B 926 ,,R,D,O ,F ,D,N,C,50,0,0,1,56,,1748905,5429292,-41.27408433,174.7778864
Wellington City,MOLESWORTH ST,50,S, ,MAY ST,2451862,8/04/04,Thu,1345,KC,TW1V,308B 839 925 ,,R,W,O ,H ,D,N,C,50,0,0,0,,,1748905,5429292,-41.27408433,174.7778864
Wellington City,MOLESWORTH ST,, ,I,MAY ST,2455115,12/10/04,Tue,1530,FC,BN1C,181A 387A ,,R,D,O ,F ,X,N,X,50,0,0,0,,,1748908,5429342,-41.2736336,174.77791
Wellington City,MONORGAN ROAD,100,S, ,RAUKAWA ST,2456332,26/12/04,Sun,1910,EA,CS1C,129A 351A ,M,R,D,O ,F , ,N,N,50,0,0,0,,,1752156,5423096,-41.32926244,174.8182332
Wellington City,MONORGAN ROAD,80,S, ,SIDLAW ST,2454602,8/05/04,Sat,1750,DB,CS1,103A 111A 132A ,P,M,D,DO,F , ,N,L,50,0,0,0,,,1752317,5422827,-41.33165389,174.8202236
Wellington City,MOOREFIELD ROAD,, ,I,BRODERICK ROAD,2455416,1/10/04,Fri,1146,LB,CN1C,303B 379B 382B ,,R,D,O ,F ,X,T,C,50,0,0,0,,,1751177,5434767,-41.22436882,174.8036441
Wellington City,MOOREFIELD ROAD,, ,I,BRODERICK ROAD,2412911,14/10/04,Thu,2056,HA,CE2C,300A 322A ,,R,D,DO,F ,X,T,C,50,0,1,1,,,1751177,5434767,-41.22436882,174.8036441
Wellington City,MOOREFIELD ROAD,20,N, ,FRANKMOORE AVENUE,2453244,28/06/04,Mon,1840,NA,VN1E,358A 376A 717B ,,R,D,DO,F , ,N,X,50,0,0,0,22,,1751392,5435013,-41.22211378,174.806147
Wellington City,MOOREFIELD ROAD,25,N, ,FRANKMOORE AVENUE,2454482,4/09/04,Sat,1200,FC,VN1V,331A ,,R,D,O ,F , ,N,X,50,0,0,0,,,1751396,5435016,-41.22208602,174.8061939
Wellington City,MOOREFIELD ROAD,30,N, ,FRANKMOORE AVENUE,2453051,28/05/04,Fri,705,JA,CS1C,170A 303B 377B 927 ,,R,D,TO,F ,D,N,P,50,0,0,0,,,1751400,5435018,-41.22206727,174.8062411
Wellington City,MOOREFIELD ROAD,, ,I,JOHNSONVILLE ROAD,2452703,11/06/04,Fri,1545,LB,CE1C,302A 375A ,,M,D,O ,F ,R,G,R,50,0,0,0,,,1751485,5435067,-41.22161019,174.8072426
Wellington City,MOUNT ALBERT ROAD,260,W, ,VOLGA ST,2453617,1/05/04,Sat,1700,BC,CS1V,111A ,,S,W,TO,LS, ,N,C,50,0,0,0,,,1748972,5423371,-41.32738119,174.7801354
Wellington City,MOXHAM AVENUE,, ,I,GOA ST,2412204,9/05/04,Sun,905,HA,CS1V,301B 375B ,,R,D,O ,F ,X,S,C,50,0,0,2,,,1750046,5425404,-41.30887827,174.7924615
Wellington City,MOXHAM AVENUE,50,S, ,WAITOA ROAD,2453932,8/08/04,Sun,840,MO,VW1C,371A ,M,R,D,BF,F , ,N,C,50,0,0,0,,,1750183,5425890,-41.30447715,174.7939773
Wellington City,MULGRAVE ST,20,N, ,AITKEN ST,2412376,28/06/04,Mon,830,NA,SS1E,370A 711B ,,R,D,O ,F , ,N,C,50,0,1,1,55,23,1749065,5428983,-41.27683688,174.7798714
Wellington City,MULGRAVE ST,50,S, ,PIPITEA ST,2455820,7/11/04,Sun,1500,MO,CS1C,386A ,M,R,D,B ,F , ,N,C,50,0,0,0,,,1749071,5429081,-41.27595344,174.7799191
Wellington City,MURPHY ST,15,N, ,LITTLE PIPITEA ST,2452214,4/05/04,Tue,855,FD,VS1VCC,331A 353A ,,R,D,O ,F , ,N,C,50,0,0,0,,,1749032,5429198,-41.27490723,174.779425
Wellington City,MURPHY ST,20,N, ,PIPITEA ST,2453586,31/05/04,Mon,900,EE,CS1C,663B ,M,R,D,O ,M , ,N,C,50,0,0,0,,,1749053,5429147,-41.27536253,174.7796881
Wellington City,MURPHY ST,, ,I,PIPITEA ST,2451161,16/03/04,Tue,839,FE,CS1V,427A ,,R,D,B ,F ,X,T,C,50,0,0,0,,,1749061,5429129,-41.27552312,174.779788
Wellington City,MURPHY ST,, ,I,TINAKORI ROAD,2452820,30/04/04,Fri,2245,DA,CN1,131A ,FI,R,D,DO,F ,X,T,R,50,0,0,0,,,1748918,5429475,-41.2724343,174.7779968
Wellington City,MYERS GROVE,130,W, ,ABILENE CRESCENT,2456405,1/12/04,Wed,1130,MO,VW1C,371A 386A ,M,M,D,O ,F , ,N,N,50,0,0,0,,,1751044,5436505,-41.20874569,174.8016285
Wellington City,NAIRN ST,60,N, ,THOMPSON ST,2453779,6/08/04,Fri,1618,EC,TN1V,686A ,MX,R,W,O ,L , ,N,N,50,0,0,0,,,1748211,5426441,-41.2998809,174.7702979
Wellington City,NAUGHTON TERRACE,, ,I,DUNCAN TERRACE,2456203,7/12/04,Tue,54,MO,CN2C,371A 386A ,M,E,D,DO,F ,Y,N,N,50,0,0,0,,,1749907,5424511,-41.31694409,174.7910218
Wellington City,NEWLANDS OFF NBD,50,W, ,NEWLANDS ON NBD,2450758,30/01/04,Fri,1515,DA,CN1T,132A 135A 801 ,M,M,W,O ,H , ,N,N,80,0,0,0,,,1751489,5433882,-41.23227846,174.8075842
Wellington City,NEWLANDS OFF NBD,70,W, ,NEWLANDS ON NBD,2455128,28/09/04,Tue,1435,DA,VN1,111A 130A ,G,M,W,O ,HS, ,N,R,80,0,0,0,,,1751477,5433866,-41.23242476,174.807445
Wellington City,NEWLANDS OFF NBD,70,W, ,NEWLANDS ON NBD,2454580,31/01/04,Sat,1718,DA,CN1C,111A 132A ,M,M,D,B ,F , ,N,P,80,0,0,0,,,1751477,5433866,-41.23242476,174.807445
Wellington City,NEWLANDS ROAD,90,N, ,BLACK ROCK ROAD,2452164,28/04/04,Wed,901,FF,CS1V,331A 191B ,,E,W,O ,LS, ,N,C,50,0,0,0,,,1752454,5434379,-41.22762251,174.8189691
Wellington City,NEWLANDS ROAD,200,W, ,BRACKEN ROAD,2452047,6/04/04,Tue,1745,DA,CN1,358A 423A 930 ,F,E,W,TO,H ,D,N,C,50,0,0,0,,,1752675,5434762,-41.22413256,174.8215089
Wellington City,NEWLANDS ROAD,, ,I,BRACKEN ROAD,2455455,27/10/04,Wed,755,JA,CE1V,302B 375B ,F,E,W,O ,L ,R,G,R,50,0,0,0,,,1752868,5434842,-41.22337586,174.8237903
Wellington City,NEWLANDS ROAD,, ,I,HURRING PLACE,2411060,7/01/04,Wed,1239,JA,CW1C,302B 375B ,,R,W,O ,L ,T,G,P,50,0,0,2,,,1751945,5433974,-41.23136463,174.8129997
Wellington City,NEWLANDS ROAD,, ,I,HURRING PLACE,2453784,11/03/04,Thu,2019,QG,TE1,429A ,,E,D,DO,F ,T,N,P,50,0,0,0,,,1751945,5433974,-41.23136463,174.8129997
Wellington City,NEWLANDS ROAD,, ,I,STELLA GROVE,2453787,31/07/04,Sat,1126,GD,VS1C,181A ,,E,D,B ,F ,T,G,C,50,0,0,0,,,1752495,5434542,-41.22614724,174.8194173
Wellington City,NEWLANDS ROAD,50,N, ,WAKELY ROAD,2450224,1/01/04,Thu,2035,MO,CN1C,420A ,M,R,D,TF,F , ,N,C,50,0,0,0,,,1752381,5434174,-41.22948195,174.8181496
Wellington City,NEWLANDS ROAD,100,N, ,WAKELY ROAD,2453652,22/07/04,Thu,2011,EA,CN1CC,128A 358A 670B ,M,R,W,DO,LS, ,N,C,50,0,0,0,,,1752396,5434222,-41.22904696,174.8183165
Wellington City,NEWLANDS ROAD,, ,I,WAKELY ROAD,2455418,8/10/04,Fri,1440,JA,CS1V,302B 375B ,,E,D,O ,F ,Y,G,C,50,0,0,0,,,1752367,5434126,-41.22991674,174.8179947
Wellington City,NEWMAN TERRACE,100,W, ,GRANT ROAD,2452943,17/05/04,Mon,2245,EA,CE1C,129A ,M,R,D,DO,F , ,N,C,50,0,0,0,,,1748916,5429939,-41.26825706,174.7778596
Wellington City,NEWTOWN AVENUE,10,W, ,RIDDIFORD ST,2452074,10/04/04,Sat,1000,MA,CW1C,373B 671B ,,R,D,B ,F ,T,G,C,50,0,0,0,,,1749002,5424826,-41.31427573,174.7801371