TLA NAME,CRASH ROAD,CRASH DIST,CRASH DIRN,INTSN,SIDE ROAD,CRASH ID,CRASH DATE,CRASH DOW,CRASH TIME,MVMT,VEHICLES,CAUSES,OBJECTS STRUCK,ROAD CURVE,ROAD WET,LIGHT,WTHRa,JUNC TYPE,TRAF CTRL,ROAD MARK,SPD LIM,CRASH FATAL CNT,CRASH SEV CNT,CRASH MIN CNT,PERS AGE1,PERS AGE2,EASTING,NORTHING,latitude,longitude
Wellington City,NGAIO GORGE ROAD,60,E, ,PERTH ST,2452105,19/04/04,Mon,1308,BF,VE1C,136A 632A 660A 806 ,,M,D,B ,F , ,N,L,50,0,0,0,,,1748531,5431286,-41.25620021,174.7729371
Wellington City,NGAIO GORGE ROAD,, ,I,PERTH ST,2413391,4/12/04,Sat,30,PB,CE1E,129A ,,E,D,DO,F ,T,N,C,50,0,1,0,42,,1748473,5431275,-41.2563099,174.7722478
Wellington City,NGAURANGA ON NBD,, ,I,CENTENNIAL NBD,2411212,16/01/04,Fri,1715,GF,TN1S,183A ,,R,D,B ,F ,M,T,L,80,0,1,0,,33,1751936,5432198,-41.24735626,174.8133344
Wellington City,NGAURANGA ON NBD,80,S, ,HUTT ROAD N,2412267,3/07/04,Sat,220,DA,CW1,101A 111A 410A ,G,S,D,DO,F , ,N,R,100,0,1,0,,,1752192,5432327,-41.24614668,174.8163561
Wellington City,NGAURANGA ON NBD,80,S, ,HUTT ROAD N,2456648,19/06/04,Sat,1030,DA,CW1,102A 111A ,GP,S,D,O ,F , ,N,R,100,0,0,0,,,1752192,5432327,-41.24614668,174.8163561
Wellington City,NICHOLSON ROAD,20,E, ,CALCUTTA ST,2454011,2/07/04,Fri,932,DB,TW1,111A 129A ,E,M,D,B ,F , ,N,N,50,0,0,0,,,1750233,5431597,-41.25308557,174.7931669
Wellington City,NORMANBY ST,25,E, ,RIDDIFORD ST,2452485,13/05/04,Thu,730,MC,CW1V,372B ,,R,W,O ,L , ,N,N,50,0,0,0,,,1749030,5424762,-41.31484677,174.7804872
Wellington City,NORMANBY ST,30,E, ,RIDDIFORD ST,2454612,11/09/04,Sat,630,EA,CW1C,129A 385A ,M,R,D,B ,F , ,N,C,50,0,0,0,,,1749035,5424763,-41.31483685,174.7805466
Wellington City,OHARIU ROAD,30,N, ,MONOWAI ROAD,2456072,28/11/04,Sun,1445,QD,CS1,428A ,CEF,E,D,B ,F , ,N,N,50,0,0,0,,,1751314,5435426,-41.21840996,174.8051146
Wellington City,OHARIU VALLEY ROAD,2500,N, ,IRONSIDE ROAD,2451745,17/04/04,Sat,100,DB,CW1,134A 517A ,,M,D,DN,FS, ,N,C,100,0,0,0,,,1749320,5436024,-41.21339621,174.7811919
Wellington City,OHIRO ROAD,180,S, ,BORLASE ST,2450500,29/01/04,Thu,1212,GD,VS1C,331A 354A 929 ,,R,D,B ,F ,D,N,C,50,0,0,0,,,1747447,5424976,-41.31321097,174.7615315
Wellington City,OHIRO ROAD,, ,I,BROOKLYN ROAD,2455145,19/10/04,Tue,1810,MG,CN1C,371B 671B ,,R,D,TN,F ,T,G,C,50,0,0,0,,,1747693,5426137,-41.30271293,174.7641873
Wellington City,OHIRO ROAD,60,S, ,BUTT ST,2413210,5/11/04,Fri,1615,BC,CN1C,121A 197A 330A 817 844 ,,E,D,B ,F , ,N,C,50,0,0,2,,,1747515,5425232,-41.31089365,174.7622815
Wellington City,OHIRO ROAD,20,N, ,CLEVELAND ST,2452098,22/04/04,Thu,1400,GD,CN1C,331A 333A 927 ,,R,D,O ,F ,D,N,C,50,0,0,0,,,1747612,5425864,-41.3051857,174.7632864
Wellington City,OHIRO ROAD,10,N, ,MAARAMA CRESCENT,2413110,2/11/04,Tue,1900,FA,SN1C,181A 197B ,,M,D,TF,F ,Y,N,C,50,0,0,1,,,1748047,5426708,-41.29750707,174.7682749
Wellington City,OHIRO ROAD,, ,I,MCKINLEY CRESCENT,2455646,29/10/04,Fri,1930,JA,CS1C,302B 375B ,,R,W,OO,L ,T,G,C,50,0,0,0,,,1747596,5425718,-41.30650314,174.7631308
Wellington City,OHIRO ROAD,150,N, ,STOCK ST,2454333,13/08/04,Fri,1145,MD,TS1C,353A 370A 308B 386B 442B 929 ,,E,D,B ,F ,D,N,C,50,0,0,0,,,1747453,5424995,-41.31303881,174.7615986
Wellington City,OHIRO ROAD,, ,I,TANERA CRESCENT N,2411436,4/03/04,Thu,830,LB,SN1C,303B ,,E,D,B ,F ,Y,N,L,50,0,0,2,,40,1747783,5426342,-41.30085074,174.765212
Wellington City,OHIRO ROAD,50,N, ,TODMAN ST,2450356,14/01/04,Wed,923,CA,CN1CV,133A ,MM,R,D,B ,F , ,N,C,50,0,0,0,,,1747618,5425894,-41.3049145,174.7633507
Wellington City,OLD PORIRUA ROAD,450,E, ,COCKAYNE ROAD,2412934,14/10/04,Thu,1728,BF,MS1C,132A ,,S,D,B ,F , ,N,N,50,0,1,0,,,1749117,5431315,-41.2558312,174.7799216
Wellington City,OLD PORIRUA ROAD,250,W, ,KAIWHARAWHARA ROAD,2412695,10/09/04,Fri,710,DB,MS1C,132A 378A 602B 831 929 ,,S,D,TN,F ,D,N,N,50,0,0,1,,,1749450,5431136,-41.25738132,174.7839384
Wellington City,ONEPU ROAD,30,N, ,APU CRESCENT,2412953,7/10/04,Thu,1157,EA,CN1C,410A 504A ,M,R,D,O ,F , ,N,C,50,0,0,2,,,1750247,5423368,-41.3271716,174.7953646
Wellington City,ONEPU ROAD,, ,I,COUTTS ST,2411594,1/03/04,Mon,2010,HA,BS1C,324A 351B ,,R,D,DO,F ,X,T,P,50,0,2,1,,,1750285,5424148,-41.32014194,174.7956256
Wellington City,ONEPU ROAD,, ,I,ENDEAVOUR ST,2456435,27/12/04,Mon,1408,HA,CN1C,301B 378B 839 ,,R,D,BN,F ,X,S,C,50,0,0,0,,,1750257,5423826,-41.32304622,174.7953708
Wellington City,ONEPU ROAD,, ,I,LINDEN AVENUE,2453640,11/08/04,Wed,1700,MG,CW2C,371B 387B ,,R,D,TF,F ,T,G,C,50,0,0,0,,,1753501,5442226,-41.1567754,174.8294865
Wellington City,ONEPU ROAD,, ,I,RONGOTAI ROAD,2453525,11/07/04,Sun,1800,HA,CS1V,322B ,,R,D,DO,F ,X,T,P,50,0,0,0,,,1750346,5424365,-41.31817685,174.7963004
Wellington City,ONEPU ROAD,, ,I,RONGOTAI ROAD,2452474,24/04/04,Sat,1215,FA,CS1S,512A ,,R,D,B ,F ,X,G,C,50,0,0,0,,36,1750346,5424365,-41.31817685,174.7963004
Wellington City,ONEPU ROAD,10,N, ,WHA ST,2413239,12/11/04,Fri,530,PF,VN1E,712B ,,R,D,DO,F ,T,N,P,50,0,0,1,54,,1750249,5423532,-41.32569468,174.7953479
Wellington City,ONSLOW ROAD,50,W, ,BENARES ST,2453488,19/07/04,Mon,2158,FA,CW1C,181A 357B ,,E,D,DO,F , ,N,C,50,0,0,0,,,1751090,5432135,-41.24808202,174.8032579
Wellington City,ONSLOW ROAD,350,S, ,HOMEBUSH ROAD,2456671,20/12/04,Mon,925,DB,CE1,198A 402A ,F,S,D,B ,F , ,N,C,50,0,0,0,,,1751092,5431840,-41.25073764,174.8033549
Wellington City,ORANGI KAUPAPA ROAD,40,N, ,GLENMORE ST,2456714,5/12/04,Sun,1420,BF,CS1C,135A 801 ,,M,W,O ,L , ,N,C,50,0,0,0,,,1747547,5428311,-41.28316601,174.7619172
Wellington City,OREILY AVENUE,, ,I,BOULCOTT ST,2454770,8/09/04,Wed,1545,KB,VE1C,312A ,,M,D,B ,F ,T,N,C,50,0,0,0,,,1748582,5427659,-41.28884647,174.7744299
Wellington City,ORIENTAL PARADE,, ,I,BARING ST,2413189,26/10/04,Tue,1810,JA,SW1C,309B 375B 839 ,,R,D,O ,F ,T,N,R,50,0,0,1,,27,1750289,5427364,-41.29118649,174.7948789
Wellington City,ORIENTAL PARADE,50,S, ,CABLE ST,2456058,2/12/04,Thu,1950,AA,TS1C,372A ,,M,D,TF,F , ,N,C,50,0,0,0,,,1749459,5427185,-41.2929522,174.7850149
Wellington City,ORIENTAL PARADE,100,N, ,CARLTON GORE ROAD,2453599,10/07/04,Sat,1135,FD,CN1CVC,181A 191B 331D ,,R,D,B ,F , ,N,C,50,0,0,0,,,1750782,5427768,-41.28745721,174.8006639
Wellington City,ORIENTAL PARADE,50,W, ,GRASS ST,2412025,10/01/04,Sat,1459,MO,CW1S,142A 372A 158B ,,R,D,B ,F , ,N,C,50,0,1,0,,27,1750371,5427386,-41.29097315,174.7958524
Wellington City,ORIENTAL PARADE,160,W, ,HAY ST,2452167,14/04/04,Wed,1417,FC,CE1T,423A ,,R,D,B ,F , ,N,X,50,0,0,0,,,1750112,5427362,-41.29123743,174.7927665
Wellington City,ORIENTAL PARADE,40,E, ,HERD ST,2413214,25/11/04,Thu,906,FC,CW1C,101A 181A ,,R,D,B ,F , ,N,X,50,0,0,1,,,1749630,5427317,-41.29173207,174.7870238
Wellington City,ORIENTAL PARADE,300,E, ,HERD ST,2413149,1/11/04,Mon,1800,FD,CS1VCC,331A 351A ,,R,D,B ,F , ,N,C,50,0,0,2,,,1749876,5427380,-41.29111922,174.7899449
Wellington City,ORIENTAL PARADE,350,E, ,HERD ST,2413473,7/12/04,Tue,1015,MC,BE1C,372B ,,R,D,B ,F , ,N,C,50,0,0,1,,,1749920,5427404,-41.29089497,174.7904643
Wellington City,ORIENTAL PARADE,100,W, ,ORIENTAL TERRACE,2456739,6/11/04,Sat,1300,ME,CN1S,381A ,,E,D,B ,F , ,N,P,50,0,0,0,,30,1750080,5427380,-41.29108132,174.7923801
Wellington City,OTTAWA ROAD,, ,I,CROFTON ROAD,2451643,22/03/04,Mon,1300,AC,CN1V,121A ,,M,D,B ,F ,R,G,R,50,0,0,0,,,1748564,5431920,-41.25048591,174.7731765
Wellington City,OVERTOUN TERRACE,150,S, ,BELVEDERE ROAD,2452122,6/04/04,Tue,250,CC,CS1VV,104A 108A ,M,R,D,DO,F , ,N,C,50,0,0,0,,,1750384,5425571,-41.30731178,174.796456
Wellington City,OVERTOUN TERRACE,160,S, ,BELVEDERE ROAD,2456019,5/11/04,Fri,1900,GE,VS1C,144B 372B 929 ,,E,D,O ,F ,D,N,C,50,0,0,0,,,1750381,5425562,-41.30739336,174.7964224
Wellington City,OWEN ST,50,N, ,LAWRENCE ST,2453243,19/06/04,Sat,2255,MG,CS1C,512B ,,R,D,DO,FS, ,N,C,50,0,0,0,,,1749440,5424606,-41.31617544,174.7854216
Wellington City,OWEN ST,100,S, ,MEIN ST,2411811,20/04/04,Tue,1425,LO,SS1C,112A 204A 929 ,,R,D,B ,F ,D,N,N,50,0,0,1,,7,1749320,5425174,-41.31108375,174.7838491
Wellington City,PARA ST,, ,I,REX ST,2456335,12/12/04,Sun,1935,LB,CN1C,303B 363B 902 ,,E,D,B ,F ,T,N,C,50,0,0,0,,,1752495,5424836,-41.31353287,174.8218457
Wellington City,PARK ROAD,10,N, ,MIRAMAR AVENUE,2413317,2/12/04,Thu,1515,NA,CS1E,711B 714B ,,R,D,B ,F ,R,G,C,50,0,0,1,12,,1752041,5424542,-41.31626552,174.816498
Wellington City,PARK ROAD,10,N, ,MIRAMAR AVENUE,2456044,19/11/04,Fri,1215,MF,CN1C,371B ,,R,D,B ,F ,T,N,R,50,0,0,0,,,1752023,5424549,-41.31620589,174.8162813
Wellington City,PARK ROAD,, ,I,MIRAMAR AVENUE,2453656,21/07/04,Wed,1230,MA,CS1B,373B ,,R,D,B ,F ,R,G,C,50,0,0,0,,,1752042,5424532,-41.31635536,174.8165124
Wellington City,PARK ROAD,15,S, ,REVANS ST,2450653,2/02/04,Mon,830,MO,VN1C,386A ,M,R,D,O ,F , ,N,C,50,0,0,0,,,1752565,5425576,-41.30685728,174.822496
Wellington City,PARK ROAD,50,S, ,REX ST,2455700,17/10/04,Sun,1745,MA,CN1B,386B ,,R,D,O ,F , ,N,C,50,0,0,0,,,1752252,5424922,-41.3128045,174.8189225
Wellington City,PARK ST,10,W, ,TINAKORI ROAD,2455873,16/09/04,Thu,800,AA,BE1C,151A 386A ,,R,D,B ,F ,X,T,C,50,0,0,0,,,1748876,5429562,-41.27165874,174.7774743
Wellington City,PARK ST,, ,I,TINAKORI ROAD,2450220,12/01/04,Mon,1830,LB,CS1C,303B ,,R,D,O ,F ,X,T,C,50,0,0,0,,,1748883,5429555,-41.27172047,174.7775596
Wellington City,PEMBROKE ROAD,80,S, ,CHESHIRE ST,2454255,20/08/04,Fri,2115,EA,CN1,111A 123A ,M,E,D,DO,F , ,N,C,50,0,0,0,,,1747358,5429074,-41.27633082,174.7594767
Wellington City,PEMBROKE ST,50,S, ,ST JOHNS TERRACE,2412581,14/08/04,Sat,1630,NA,VS1E,713B 839 ,,R,D,O ,L , ,N,N,50,0,1,0,7,,1752590,5439559,-41.18095944,174.8192984
Wellington City,PERTH ST,100,W, ,CROFTON ROAD,2451645,24/03/04,Wed,950,DB,CS1C,111A 132A ,MD,R,W,O ,L , ,N,C,50,0,0,0,,,1748669,5431471,-41.25450919,174.7745385
Wellington City,PHILLIP ST,, ,I,FRANKMOORE AVENUE,2456059,1/12/04,Wed,1735,MO,CN1C,386A 420A ,,R,D,B ,F ,T,G,C,50,0,0,0,,,1751042,5435070,-41.22166599,174.8019593
Wellington City,PIPITEA ST,20,W, ,MOLESWORTH ST,2453489,11/06/04,Fri,1044,MO,TW1X,300A 386A 927 ,,R,D,B ,F ,D,N,N,50,0,0,0,,,1748917,5429138,-41.27546865,174.7780672
Wellington City,PIPITEA ST,80,W, ,MURPHY ST,2452096,26/03/04,Fri,1350,QD,VW1C,428A ,M,R,D,O ,F , ,N,C,50,0,0,0,,,1748981,5429134,-41.27549286,174.778832
Wellington City,PIRIE ST,100,E, ,AUSTIN ST,2452921,22/04/04,Thu,600,DB,CW1C,111A 132A 206A ,M,M,D,DO,F , ,N,P,50,0,0,0,,,1749709,5426505,-41.29902817,174.7881666
Wellington City,PIRIE ST,, ,I,AUSTIN ST,2455800,16/11/04,Tue,2000,HA,CS1C,301A 375A 602B ,,R,D,TF,F ,X,S,C,50,0,0,0,,,1749617,5426546,-41.29867609,174.7870582
Wellington City,PIRIE ST,, ,I,HANIA ST,2455137,29/09/04,Wed,1715,HA,CE1CV,301B 375B ,Q,R,D,O ,F ,X,S,C,50,0,0,0,,,1749289,5426692,-41.29742234,174.7831065
Wellington City,PITARUA ST,5,S, ,HARRIETT ST,2451415,21/01/04,Wed,1429,QG,CN1C,611A 929 ,M,R,D,O ,F ,D,N,N,50,0,0,0,,,1748386,5429142,-41.27553036,174.771729
Wellington City,PITT ST,40,S, ,LENNEL ROAD,2455883,10/11/04,Wed,1310,EA,CN1CC,111A 129A ,MM,R,D,O ,F , ,N,N,50,0,0,0,,,1748737,5430634,-41.26203261,174.775554
Wellington City,PONSONBY ROAD,, ,I,BRAITHWAITE ST,2453186,23/06/04,Wed,900,JA,TW2C,301B ,,R,D,O ,F ,X,S,C,50,0,0,0,,,1746570,5428279,-41.28363206,174.7502634
Wellington City,PORT ST,, ,I,MAJORIBANKS ST,2452092,23/03/04,Tue,130,MO,CN1CC,110A 130A ,M,R,D,DO,F ,T,N,N,50,0,0,0,,,1749778,5426886,-41.29558508,174.7888966
Wellington City,QUEENS DRIVE,, ,I,HUNGERFORD ROAD,2456147,6/12/04,Mon,1555,DA,CS1,111A 514A ,I,M,D,B ,F ,T,G,R,50,0,0,0,,,1749966,5422223,-41.33753269,174.792291
Wellington City,QUEENS DRIVE,50,N, ,TORU ST,2455118,2/10/04,Sat,1935,EA,CS1C,197A 386A ,M,R,D,DN,F , ,N,C,50,0,0,0,,,1749955,5423325,-41.3276131,174.7918876
Wellington City,QUEENS DRIVE,, ,I,TORU ST,2452347,30/04/04,Fri,955,MC,CS1CC,372B ,M,R,D,B ,F ,T,N,P,50,0,0,0,,,1749948,5423276,-41.32805557,174.7918161
Wellington City,QUEENS DRIVE,40,N, ,WHA ST,2454572,28/09/04,Tue,1750,MO,VS1C,386A ,,R,D,O ,F , ,N,X,50,0,0,0,,,1749994,5423570,-41.32540004,174.792293
Wellington City,QUEENS DRIVE,150,N, ,WHA ST,2412723,9/10/04,Sat,1850,NB,CS1E,713B ,,R,D,TF,F , ,N,C,50,0,0,1,5,,1749993,5423679,-41.32441886,174.7922541
Wellington City,QUEENS WHARF,60,E, ,JERVOIS QUAY,2454569,24/09/04,Fri,1510,MG,CW1C,371B ,,R,D,O ,F , ,N,C,50,0,0,0,,,1748926,5428091,-41.2848936,174.7784306
Wellington City,RAROA CRESCENT,, ,I,NORTHLAND TUNNEL ROAD,2453392,3/07/04,Sat,1335,HA,CN2C,301A 378A 831 ,,M,W,O ,L ,X,S,C,50,0,0,0,,,1746949,5428030,-41.28580506,174.7548472
Wellington City,RAROA CRESCENT,, ,I,NORTHLAND TUNNEL ROAD,2412364,7/07/04,Wed,1230,GB,VS1C,157A 158A 333A ,,R,D,O ,F ,X,N,C,50,0,0,1,,,1746949,5428030,-41.28580506,174.7548472
Wellington City,RAROA ROAD,200,N, ,CLUNY AVENUE,2451196,1/03/04,Mon,1020,BF,CN1C,410A ,,E,D,B ,F , ,N,C,50,0,0,0,,,1747056,5427784,-41.28800045,174.7561839
Wellington City,RAROA ROAD,, ,I,MOUNT PLEASANT ROAD,2455453,20/10/04,Wed,1600,BD,CS1C,121A 507A ,,S,D,O ,F ,T,N,C,50,0,0,0,,,1747147,5427117,-41.29398923,174.7574313
Wellington City,RAUKAWA ST,120,S, ,TAIAROA ST,2456685,22/11/04,Mon,1757,CO,VS1C,112A 131A ,KM,R,D,B ,F , ,N,R,50,0,0,0,,,1751993,5422718,-41.33269639,174.8163809
Wellington City,RAUPO ST,25,W, ,HAMILTON ROAD,2456697,24/12/04,Fri,1630,BA,CE1V,108A 125A 330A 350A ,,R,D,B ,F , ,N,N,50,0,0,0,,,1750188,5425523,-41.30778045,174.7941276
Wellington City,RHODES ST,15,E, ,RIDDIFORD ST,2452813,22/05/04,Sat,1805,EA,CE1CC,129A 400A 423A ,M,R,W,DO,L , ,N,C,50,0,0,0,,,1749065,5424556,-41.316695,174.7809556
Wellington City,RIDDIFORD ST,20,S, ,ADELAIDE ROAD,2456613,5/11/04,Fri,2050,AA,CN1V,333A ,,R,W,DO,L , ,N,C,50,0,0,0,,,1748836,5425588,-41.30744578,174.7779684
Wellington City,RIDDIFORD ST,20,S, ,ADELAIDE ROAD,2455016,30/08/04,Mon,1942,EA,BS1C,385A ,M,R,D,DO,F , ,N,C,50,0,0,0,,,1748836,5425588,-41.30744578,174.7779684
Wellington City,RIDDIFORD ST,, ,I,CONSTABLE ST,2454633,22/08/04,Sun,1520,FD,CN1CV,181A 331A ,,R,W,O ,L ,T,T,C,50,0,0,0,,,1748979,5424883,-41.31376678,174.7798485
Wellington City,RIDDIFORD ST,, ,I,DONALD MCLEAN ST,2455801,20/11/04,Sat,1100,DA,CN1C,122A ,M,R,D,B ,F ,T,G,C,50,0,0,0,,,1749021,5424680,-41.31558671,174.7803998
Wellington City,RIDDIFORD ST,, ,I,GORDON ST,2453879,26/03/04,Fri,1530,MA,VS1C,373B ,,R,D,B ,F ,T,N,P,50,0,0,0,,,1749029,5424646,-41.31589135,174.7805037
Wellington City,RIDDIFORD ST,, ,I,HALL ST,2412255,24/06/04,Thu,1710,NA,CE2E,322A 376A ,,R,D,B ,F ,X,T,C,50,0,0,1,14,,1748917,5425201,-41.31091515,174.7790303
Wellington City,RIDDIFORD ST,, ,I,JOHN ST,2411806,19/04/04,Mon,550,DA,VE1,111A 427A ,P,M,D,DO,F ,M,T,R,50,0,0,1,,,1748832,5425608,-41.30726645,174.7779157
Wellington City,RIDDIFORD ST,, ,I,JOHN ST,2412675,27/07/04,Tue,1640,NB,CS1EE,370A 714C ,,E,D,TF,F ,X,T,C,50,0,0,2,,,1748832,5425608,-41.30726645,174.7779157
Wellington City,RIDDIFORD ST,, ,I,MEIN ST,2456569,23/03/04,Tue,1730,GB,CS1X,172B ,,R,D,TO,F ,X,T,C,50,0,0,0,,,1748917,5425201,-41.31091515,174.7790303
Wellington City,RIDDIFORD ST,, ,I,MEIN ST,2412103,20/05/04,Thu,1710,HA,VN1CCC,322A ,,R,D,TO,F ,X,T,C,50,0,0,2,,,1748917,5425201,-41.31091515,174.7790303
Wellington City,RIDDIFORD ST,40,S, ,NEWTOWN AVENUE,2454603,24/08/04,Tue,1640,MO,CN1C,371A 427A ,,R,D,O ,F , ,N,R,50,0,0,0,,,1749000,5424784,-41.31465424,174.7801235
Wellington City,RIDDIFORD ST,25,N, ,NORMANBY ST,2452487,11/05/04,Tue,1555,EA,CN1CC,353A ,M,R,D,B ,F , ,N,P,50,0,0,0,,,1749005,5424757,-41.31489641,174.7801899
Wellington City,RIDDIFORD ST,15,S, ,NORMANBY ST,2412385,7/07/04,Wed,1425,FD,CS1CC,331A 352A ,,R,D,B ,F , ,N,R,50,0,0,2,,,1749005,5424757,-41.31489641,174.7801899
Wellington City,RIDDIFORD ST,, ,I,NORMANBY ST,2451246,21/03/04,Sun,1229,KC,CN1V,305B ,,R,D,B ,F ,T,G,C,50,0,0,0,,,1749005,5424757,-41.31489641,174.7801899
Wellington City,RIDDIFORD ST,, ,I,REGINA TERRACE,2411973,4/05/04,Tue,1250,NA,CS1E,711B 714B ,,R,D,O ,F ,T,N,C,50,0,0,1,56,,1748891,5425323,-41.30982154,174.77869
Wellington City,RIDDIFORD ST,, ,I,REGINA TERRACE,2452706,12/06/04,Sat,1315,JA,CS1V,309B ,,R,D,O ,F ,T,N,P,50,0,0,0,,,1748891,5425323,-41.30982154,174.77869
Wellington City,RIDDIFORD ST,, ,I,RUSSELL TERRACE,2452142,7/04/04,Wed,1852,DB,CN1C,132A 197A ,FH,M,D,DO,F ,R,G,R,50,0,0,0,,,1749047,5424556,-41.31669833,174.7807407
Wellington City,RINTOUL ST,, ,I,BRIXHAM WAY,2453639,27/07/04,Tue,1730,JA,TN1C,303B ,,R,D,TO,F ,T,N,C,50,0,0,0,,,1748828,5424696,-41.3154783,174.7780911
Wellington City,RINTOUL ST,20,N, ,LUXFORD ST,2454529,14/09/04,Tue,727,FA,CS1C,181A 387A ,,R,D,B ,F , ,N,N,50,0,0,0,,,1748802,5424220,-41.31976871,174.7778971
Wellington City,RINTOUL ST,, ,I,LUXFORD ST,2454355,22/09/04,Wed,1830,JA,VN1X,301B ,,E,D,DO,F ,X,S,C,50,0,0,0,,,1748800,5424200,-41.31994915,174.7778781
Wellington City,RINTOUL ST,15,S, ,RIDDIFORD ST,2456015,8/10/04,Fri,1611,MO,CN1V,386A ,Q,R,D,B ,F ,X,T,N,50,0,0,0,,,1748925,5425108,-41.31175099,174.7791486
Wellington City,RINTOUL ST,, ,I,WARIPORI ST,2454359,7/09/04,Tue,1820,JC,CW2C,302A 375A ,,R,D,B ,F ,X,G,C,50,0,0,0,,,1748808,5424326,-41.31881324,174.7779428
Wellington City,ROBERTSON ST,, ,I,SEVERN ST,2452599,26/05/04,Wed,1550,GE,CE1C,160A 387A ,,R,D,O ,F ,X,N,C,50,0,0,0,,,1747525,5421567,-41.34388947,174.7632906
Wellington City,RONGOTAI ROAD,, ,I,BAY ROAD,2451725,23/03/04,Tue,1105,EA,BE1C,386A ,M,R,D,B ,F ,X,T,C,50,0,0,0,,,1750241,5424398,-41.31789931,174.7950384
Wellington City,RONGOTAI ROAD,, ,I,MAHORA ST,2412897,27/07/04,Tue,1350,FC,CW1C,331A 359A ,,R,D,O ,F ,T,G,X,50,0,0,1,,,1750445,5424343,-41.31835646,174.7974882
Wellington City,RONGOTAI ROAD,, ,I,MAHORA ST,2451180,26/03/04,Fri,1000,KA,CW1C,302B ,,R,D,B ,F ,T,G,R,50,0,0,0,,,1750445,5424343,-41.31835646,174.7974882
Wellington City,ROSS ST,30,S, ,RONGOTAI ROAD,2452072,13/04/04,Tue,1130,MC,VS1C,372B ,,R,D,O ,F , ,N,N,50,0,0,0,,,1750533,5424286,-41.31885323,174.7985532
Wellington City,RUSKIN ROAD,70,N, ,ALWYN PLACE,2455264,4/10/04,Mon,840,BC,CN1V,111A 132A 632A 832 929 ,,S,D,B ,F ,D,N,C,50,0,0,0,,,1752301,5434567,-41.2259587,174.8170976
Wellington City,RUSKIN ROAD,200,N, ,SALFORD ST S,2452363,21/04/04,Wed,1255,BB,TS1V,123A 839 ,,R,D,O ,F , ,N,L,50,0,0,0,,,1752365,5434352,-41.22788237,174.8179144
Wellington City,RUSSELL TERRACE,40,S, ,RIDDIFORD ST,2455454,17/10/04,Sun,1800,FD,VN1CVV,331A 358A ,,R,D,O ,F , ,N,P,50,0,0,0,,,1749035,5424503,-41.31717773,174.7806104
Wellington City,SALAMANCA ROAD,130,S, ,CLERMONT TERRACE,2413205,5/11/04,Fri,2040,BF,MS1CC,103A 130A 101B ,,E,W,DO,L , ,N,C,50,0,0,1,,,1748202,5428303,-41.28311808,174.7697372
Wellington City,SALAMANCA ROAD,300,S, ,KELBURN PARADE,2452671,4/06/04,Fri,1330,BF,CE1V,132A 135A 801 ,,E,W,O ,L , ,N,C,50,0,0,0,,,1748299,5427673,-41.28877246,174.7710484
Wellington City,SEVERN ST,110,S, ,DENNIS WAY,2456684,22/11/04,Mon,1700,DB,VS1,111A 131A 358A ,C,M,D,B ,F , ,N,N,50,0,0,0,,,1747320,5421248,-41.34679908,174.7609188
Wellington City,SEVERN ST,100,N, ,ROBERTSON ST,2453127,9/07/04,Fri,1900,AC,CN1V,150A 386A ,,R,D,DO,F , ,N,N,50,0,0,0,,,1747573,5421655,-41.34308838,174.7638426
Wellington City,SEVERN ST,90,E, ,WYE ST,2455019,25/08/04,Wed,,EA,CE1C,129A 385A ,M,R,D,DO,F , ,N,C,50,0,0,0,,,1747726,5421778,-41.34195293,174.7656406
Wellington City,SHELLY BAY ROAD,1000,N, ,MIRAMAR AVENUE,2411680,12/03/04,Fri,2145,DB,CN1,111A 130A ,EZ,M,D,DN,F , ,N,C,50,0,1,1,,,1751915,5425681,-41.30603459,174.8147088
Wellington City,SHELLY BAY ROAD,1810,N, ,MIRAMAR AVENUE,2454034,26/02/04,Thu,2255,DB,CN1,139A 339A 402A 817 841 ,ET,S,D,DN,FS, ,N,C,50,0,0,0,,,1752147,5426311,-41.30031884,174.8173213
Wellington City,SIDLAW ST,50,W, ,ACCESSWAY,2450803,2/01/04,Fri,1915,EA,CW1C,111A 363A ,M,M,D,B ,F , ,N,C,50,0,0,0,,,1752408,5422778,-41.33207784,174.8213229
Wellington City,SIDLAW ST,120,S, ,MONORGAN ROAD,2453165,6/07/04,Tue,300,EA,CS1CC,411A ,M,R,W,DO,L , ,N,C,50,0,0,0,,,1752358,5422735,-41.33247443,174.8207364
Wellington City,SIMLA CRESCENT,, ,I,AMAPUR DRIVE,2456737,14/12/04,Tue,1410,JA,VN1C,302B ,,E,D,B ,F ,X,G,C,50,0,0,0,,,1749478,5432372,-41.24624785,174.7839697
Wellington City,SOUTH KARORI ROAD,600,S, ,HAZLEWOOD AVENUE S,2455920,25/09/04,Sat,1320,DB,CS1,111A 430A ,CP,M,D,B ,F , ,N,N,50,0,0,0,,,1743944,5426271,-41.30218394,174.7193935
Wellington City,SOUTH KARORI ROAD,30,S, ,KARORI ROAD,2450197,20/01/04,Tue,920,AO,CN1V,159A 161A ,,R,W,O ,M , ,N,X,50,0,0,0,,,1744322,5427731,-41.28897103,174.7235605
Wellington City,ST MARY ST,50,W, ,TINAKORI ROAD,2453624,27/06/04,Sun,1500,MO,CW1C,386A ,M,R,D,O ,L , ,N,N,50,0,0,0,,,1748105,5428783,-41.2788142,174.7684627
Wellington City,ST MICHAELS CRESCENT,, ,I,KELBURN PARADE,2413511,10/12/04,Fri,1720,BB,CW1C,111A 123A 514A ,,M,W,O ,L ,Y,N,C,50,0,0,1,,,1747604,5427464,-41.29078157,174.7628028