TLA NAME,CRASH ROAD,CRASH DIST,CRASH DIRN,INTSN,SIDE ROAD,CRASH ID,CRASH DATE,CRASH DOW,CRASH TIME,MVMT,VEHICLES,CAUSES,OBJECTS STRUCK,ROAD CURVE,ROAD WET,LIGHT,WTHRa,JUNC TYPE,TRAF CTRL,ROAD MARK,SPD LIM,CRASH FATAL CNT,CRASH SEV CNT,CRASH MIN CNT,PERS AGE1,PERS AGE2,EASTING,NORTHING,latitude,longitude
Wellington City,STEWART DRIVE,200,E, ,HELSTON ROAD,2453576,18/07/04,Sun,1240,EA,CW1C,129A 358A ,M,R,D,B ,F , ,N,C,50,0,0,0,,,1752008,5434993,-41.22217837,174.8134975
Wellington City,STEWART DUFF DRIVE,, ,I,ACCESS ROAD,2451670,21/03/04,Sun,1145,HA,CN2C,302A 377A 920 ,,R,D,B ,F ,R,G,R,50,0,0,0,,,1751616,5423342,-41.32714939,174.811722
Wellington City,STOCK ROUTE,30,W, ,SH 1N,2413104,8/11/04,Mon,1615,LB,CE1C,303B 382B 926 ,,R,D,O ,F ,D,N,N,50,0,0,1,,,1751285,5433204,-41.23842094,174.8053192
Wellington City,STONE ST,, ,I,MIRAMAR AVENUE,2413014,10/10/04,Sun,850,NA,VN1E,353A 711B ,,R,D,O ,F ,T,G,C,50,0,0,1,,,1751949,5424579,-41.31594974,174.8153901
Wellington City,STRATHMORE AVENUE,50,S, ,BROADWAY,2452486,13/05/04,Thu,2145,DA,VW1C,101A 133A 135A 801 923 ,,R,W,DO,L ,D,N,C,50,0,0,0,,,1752345,5423556,-41.32508529,174.8203753
Wellington City,SUGARLOAF ROAD,20,S, ,HELEN ST,2455799,20/11/04,Sat,100,EA,CN1C,129A ,M,R,D,DO,F , ,N,C,50,0,0,0,,,1747478,5426048,-41.30355356,174.7616418
Wellington City,SUNRISE BOULEVARD,200,W, ,MAIN ROAD,2453661,12/06/04,Sat,1055,NG,CE1E,371A 721B 730B 929 ,,R,D,B ,F ,D,N,C,50,0,0,0,44,,1752926,5439152,-41.18456048,174.8234041
Wellington City,SUNSHINE AVENUE,200,N, ,RANELAGH ST,2452136,8/04/04,Thu,2030,DB,CS1C,111A 801 ,MP,S,W,DO,L , ,N,N,50,0,0,0,,,1744768,5428206,-41.28461443,174.7287716
Wellington City,SUTHERLAND ROAD,10,S, ,HORNSEY ROAD,2456067,22/11/04,Mon,1710,EA,CS1CC,197A ,M,M,D,O ,F ,T,N,C,50,0,0,0,,,1749706,5423713,-41.32416609,174.788818
Wellington City,SUTHERLAND ROAD,20,S, ,HORNSEY ROAD,2453727,28/04/04,Wed,45,BF,CS1XC,132A ,M,E,W,DO,F , ,N,N,50,0,0,0,,,1749705,5423703,-41.32425631,174.7888085
Wellington City,SUTHERLAND ROAD,, ,I,TAVISTOCK ROAD,2453242,17/07/04,Sat,1450,BB,CS1C,123A 632A ,,M,W,O ,L ,T,N,C,50,0,0,0,,,1749715,5423550,-41.32563196,174.7889657
Wellington City,TAKAPU ROAD,, ,I,JAMAICA DRIVE,2451165,12/03/04,Fri,1617,LB,VS1C,303B ,,R,D,O ,F ,T,N,C,50,0,0,0,,,1753962,5439552,-41.18076296,174.8356502
Wellington City,TAKAPU ROAD,, ,I,TAWA OFF NBD,2451931,20/04/04,Tue,1014,JA,CW1V,321B 375B ,,R,D,B ,F ,T,S,C,100,0,0,0,,,1753593,5439051,-41.18534365,174.8313785
Wellington City,TAKAPU ROAD,3460,N, ,TAWA OFF SBD,2455268,19/10/04,Tue,2032,BC,CE1V,121A 170A 123B 850 ,,M,D,DN,F , ,N,N,100,0,0,0,,,1755692,5441268,-41.16498288,174.85583
Wellington City,TAKAPU ROAD,, ,I,TAWA OFF SBD,2453419,29/07/04,Thu,1028,HA,CS1V,301A 387A 145B ,,E,W,O ,L ,X,S,C,100,0,0,0,,,1753701,5439145,-41.18447686,174.8326421
Wellington City,TAKAPU ROAD,750,N, ,WOODBURN DRIVE,2454019,17/08/04,Tue,725,BC,CN1T,111A 378A 827 ,E,S,W,O ,L , ,N,N,100,0,0,0,,,1754807,5439876,-41.17768491,174.845638
Wellington City,TAKARAU GORGE ROAD,550,N, ,MAKARA ROAD,2455368,4/10/04,Mon,1855,DB,CN1,130A 402A 801 ,CT,M,W,O ,L , ,N,N,100,0,0,0,,,1744473,5433425,-41.23767675,174.7240138
Wellington City,TAKARAU GORGE ROAD,3000,W, ,OHARIU VALLEY ROAD,2456190,1/12/04,Wed,1855,BA,CS1C,112A 378A 818 832 ,,R,D,O ,F , ,N,N,100,0,0,0,,,1747060,5434674,-41.22596492,174.7545702
Wellington City,TAKARAU GORGE ROAD,4700,W, ,OHARIU VALLEY ROAD,2456662,11/12/04,Sat,1500,DA,CE1,111A 403A ,FZ,S,D,O ,F , ,N,C,100,0,0,0,,,1745926,5434637,-41.22650339,174.7410553
Wellington City,TAPIRI ST,, ,I,ZOHRAB ST,2453296,27/05/04,Thu,1406,MO,CS1C,371A 372B ,,R,D,B ,F ,T,N,R,50,0,0,0,,,1750196,5425699,-41.30619437,174.7941797
Wellington City,TARANAKI ST,10,N, ,ABEL SMITH ST,2412028,17/04/04,Sat,1715,AA,CN1M,143A 372A ,,R,D,O ,F ,T,N,C,50,0,0,1,,,1748725,5426764,-41.29687822,174.7763556
Wellington City,TARANAKI ST,15,S, ,ABEL SMITH ST,2454084,2/07/04,Fri,1028,FD,CS1CV,427A 427B ,,R,D,B ,F , ,N,P,50,0,0,0,,,1748715,5426741,-41.29708715,174.7762418
Wellington City,TARANAKI ST,30,S, ,ABEL SMITH ST,2453193,30/06/04,Wed,2230,MO,CW1C,387A 372B 922 ,,R,D,DO,F ,D,N,P,50,0,0,0,,,1748709,5426727,-41.2972143,174.7761736
Wellington City,TARANAKI ST,, ,I,ABEL SMITH ST,2456727,11/12/04,Sat,1210,LB,CN1C,303B ,,R,D,B ,F ,T,S,C,50,0,0,0,,,1748721,5426755,-41.29695999,174.77631
Wellington City,TARANAKI ST,, ,I,ABEL SMITH ST,2452085,13/04/04,Tue,1600,FD,CN1CC,181A ,,R,D,B ,F ,T,S,P,50,0,0,0,,,1748721,5426755,-41.29695999,174.77631
Wellington City,TARANAKI ST,, ,I,ABEL SMITH ST,2453250,30/06/04,Wed,1040,KB,CS1C,301B 377B ,,R,D,O ,FS,T,S,P,50,0,0,0,,,1748721,5426755,-41.29695999,174.77631
Wellington City,TARANAKI ST,, ,I,ABEL SMITH ST,2454360,1/09/04,Wed,1455,KA,VN1C,301B ,,R,D,O ,F ,T,S,C,50,0,0,0,,,1748721,5426755,-41.29695999,174.77631
Wellington City,TARANAKI ST,200,N, ,BIDWILL ST,2452099,28/04/04,Wed,2030,AC,CS1C,150A 381A ,,R,D,DO,F , ,N,C,50,0,0,0,,,1748588,5426446,-41.29976655,174.7747976
Wellington City,TARANAKI ST,15,N, ,BUCKLE ST,2453033,29/02/04,Sun,1422,FD,CN1C,331A 501A ,,R,D,O ,F ,X,T,R,50,0,0,0,,,1748685,5426661,-41.29781295,174.7759032
Wellington City,TARANAKI ST,30,S, ,COURTENAY PLACE,2452108,23/03/04,Tue,1425,MA,BS1C,512A ,,R,D,O ,F , ,N,P,50,0,0,0,,,1748936,5427220,-41.29273375,174.778763
Wellington City,TARANAKI ST,50,S, ,COURTENAY PLACE,2412389,18/07/04,Sun,526,NB,XN1E,105B 711B ,,R,W,DO,L , ,N,L,50,0,1,0,18,,1748928,5427202,-41.29289729,174.7786719
Wellington City,TARANAKI ST,, ,I,COURTENAY PLACE,2411205,6/01/04,Tue,915,NB,CN1E,718B ,,R,D,B ,F ,X,T,R,50,0,1,0,86,,1748949,5427248,-41.29247926,174.7789113
Wellington City,TARANAKI ST,, ,I,COURTENAY PLACE,2455796,19/11/04,Fri,1600,NB,CS1E,718B ,,R,D,B ,F ,X,T,R,50,0,0,0,,,1748949,5427248,-41.29247926,174.7789113
Wellington City,TARANAKI ST,, ,I,COURTENAY PLACE,2456417,9/11/04,Tue,1030,FE,CN1C,181A 614A ,,R,D,O ,F ,X,T,R,50,0,0,0,,,1748949,5427248,-41.29247926,174.7789113
Wellington City,TARANAKI ST,, ,I,COURTENAY PLACE,2456607,23/12/04,Thu,1400,FE,CN1C,386A ,,R,D,B ,F ,X,T,C,50,0,0,0,,,1748949,5427248,-41.29247926,174.7789113
Wellington City,TARANAKI ST,, ,I,DIXON ST,2412404,28/07/04,Wed,1900,NB,CW2E,306A 718B 901 ,,R,W,DO,H ,X,T,R,50,0,0,1,22,,1748949,5427248,-41.29247926,174.7789113
Wellington City,TARANAKI ST,5,N, ,GHUZNEE ST,2451160,12/03/04,Fri,750,GD,CN1CC,181A 926 ,,R,W,O ,L ,D,N,C,50,0,0,0,,,1748868,5427084,-41.29397076,174.7779845
Wellington City,TARANAKI ST,15,N, ,GHUZNEE ST,2456476,26/12/04,Sun,500,FA,CN1X,331A ,,R,D,BN,F ,T,N,C,50,0,0,0,,,1748872,5427093,-41.29388899,174.77803
Wellington City,TARANAKI ST,20,N, ,GHUZNEE ST,2411803,2/04/04,Fri,1700,FE,TS1C,359A ,,R,D,B ,F ,T,T,C,50,0,0,1,,,1748874,5427098,-41.29384361,174.7780527
Wellington City,TARANAKI ST,20,S, ,GHUZNEE ST,2411970,17/04/04,Sat,1549,NA,CS1E,713B ,,R,D,O ,F , ,N,L,50,0,0,1,36,,1748858,5427061,-41.29417969,174.7778707
Wellington City,TARANAKI ST,50,S, ,GHUZNEE ST,2452166,19/04/04,Mon,1515,AA,VS1C,143A 372A ,,R,D,B ,F , ,N,C,50,0,0,0,,,1748845,5427034,-41.29442518,174.7777222
Wellington City,TARANAKI ST,, ,I,HAINING ST,2451644,22/03/04,Mon,1635,JA,CS1C,303B 353B 839 ,,R,D,B ,F ,T,N,P,50,0,0,0,,,1748749,5426818,-41.29638762,174.7766289
Wellington City,TARANAKI ST,, ,I,JERVOIS QUAY,2456404,1/08/04,Sun,1300,LB,CN1C,303B 377B ,,R,D,B ,F ,X,T,C,50,0,0,0,,,1749013,5427391,-41.29117995,174.7796403
Wellington City,TARANAKI ST,, ,I,JESSIE ST,2451580,30/03/04,Tue,1050,GB,CS1T,387A 172B ,,R,D,B ,F ,T,N,L,50,0,0,0,,,1748816,5426970,-41.29500674,174.7773916
Wellington City,TARANAKI ST,, ,I,LUKES LANE,2411539,12/03/04,Fri,750,NF,VE2E,370A 711B ,,R,W,O ,L ,X,N,C,50,0,0,1,,,1748973,5427304,-41.29197064,174.7791841
Wellington City,TARANAKI ST,, ,I,MARTIN SQUARE N,2456159,10/12/04,Fri,1637,LB,XS1C,303B 377B ,,R,W,O ,H ,T,N,C,50,0,0,0,,,1748729,5426774,-41.29678745,174.7764009
Wellington City,TARANAKI ST,, ,I,MARTIN SQUARE S,2450361,16/01/04,Fri,1340,LB,CS1V,303B 377B ,,R,D,B ,F ,T,G,P,50,0,0,0,,,1748702,5426713,-41.29734164,174.7760934
Wellington City,TARANAKI ST,20,N, ,VIVIAN ST,2455403,17/10/04,Sun,1645,FD,SS1C,181A ,,R,D,O ,F , ,N,R,50,0,0,0,,,1748800,5426935,-41.29532481,174.7772091
Wellington City,TARANAKI ST,30,S, ,VIVIAN ST,2453945,30/06/04,Wed,1625,MO,CN1B,371A ,,R,D,O ,F , ,N,L,50,0,0,0,,,1748780,5426890,-41.29573365,174.7769814
Wellington City,TARANAKI ST,10,N, ,WAKEFIELD ST,2412517,5/06/04,Sat,1200,NA,CS1E,713B 714B ,,R,D,B ,F ,X,T,C,50,0,0,1,15,,1749017,5427400,-41.29109818,174.7796859
Wellington City,TARANAKI ST,, ,I,WAKEFIELD ST,2454594,10/08/04,Tue,1335,FE,CN1C,331A ,,R,D,B ,F ,M,T,R,50,0,0,0,,,1749013,5427391,-41.29117995,174.7796403
Wellington City,TARANAKI ST,, ,I,WAKEFIELD ST,2413288,27/11/04,Sat,320,HA,CW1C,103A 322A ,,R,D,DO,FF,X,T,C,50,0,0,1,,,1749013,5427391,-41.29117995,174.7796403
Wellington City,TARANAKI ST,, ,I,WAKEFIELD ST,2455124,27/08/04,Fri,35,FE,CS1C,103A 331A ,,R,W,DO,F ,X,T,L,50,0,0,0,,,1749013,5427391,-41.29117995,174.7796403
Wellington City,TARANAKI ST,30,S, ,WEBB ST,2452741,12/05/04,Wed,2225,MC,CS1C,372B 901 ,,R,W,DO,H , ,N,C,50,0,0,0,,,1748642,5426565,-41.2986852,174.7754133
Wellington City,TARANAKI ST,90,S, ,WEBB ST,2411654,28/03/04,Sun,1920,NA,XN1E,359B 711B 725B 864 901 ,,R,W,DO,H , ,N,X,50,0,1,0,18,,1748617,5426510,-41.29918499,174.7751282
Wellington City,TARANAKI ST,90,S, ,WEBB ST,2451016,2/03/04,Tue,1348,FC,XS1C,181A ,,R,W,O ,HS, ,N,X,50,0,0,0,,,1748617,5426510,-41.29918499,174.7751282
Wellington City,TARANAKI ST,, ,I,WEBB ST,2451080,19/02/04,Thu,2150,LB,CN1CC,303B ,,R,W,DO,L ,T,T,R,50,0,0,0,,,1748654,5426592,-41.2984399,174.77555
Wellington City,TARANAKI ST,, ,I,WIGAN ST,2453776,31/07/04,Sat,1340,JA,CN1C,309B 377B ,,R,D,B ,F ,T,N,C,50,0,0,0,,,1748745,5426809,-41.29646938,174.7765833
Wellington City,TARANAKI ST,, ,I,WIGAN ST,2413215,22/11/04,Mon,1530,HA,CE2X,375A 173B ,,R,D,B ,F ,T,N,P,50,0,0,1,,,1748745,5426809,-41.29646938,174.7765833
Wellington City,TASMAN ST,, ,I,DRUMMOND ST,2454224,25/07/04,Sun,345,EA,CS1CC,112A 129A 832 ,M,R,W,DO,F ,X,N,C,50,0,0,0,,,1748718,5425888,-41.30476652,174.7764861
Wellington City,TASMAN ST,, ,I,RUGBY ST,2455871,6/11/04,Sat,235,EO,CS1,330A 817 841 ,E,R,D,DO,F ,T,N,C,50,0,0,0,,,1748834,5426361,-41.30048651,174.7777554
Wellington City,TAURIMA ST,, ,I,MOXHAM AVENUE,2453050,1/05/04,Sat,38,DB,CE1C,103A 358A ,HM,R,W,DO,L ,T,G,C,50,0,0,0,,,1750176,5425875,-41.30461351,174.7938974
Wellington City,TAWA ON SBD,30,N, ,SH 1N,2450878,4/03/04,Thu,1024,FF,CS1C,331A 353A 820 ,,E,D,B ,F , ,N,N,100,0,0,0,,,1753646,5438811,-41.1874944,174.8320704
Wellington City,TENNYSON ST,80,E, ,TORY ST,2456107,24/11/04,Wed,1545,LB,CE1C,144B 303B 927 ,,R,D,B ,F ,D,N,N,50,0,0,0,,,1749147,5426966,-41.29498166,174.7813441
Wellington City,THANE ROAD,, ,I,ROSENEATH TERRACE,2456006,17/01/04,Sat,227,DB,CN1,132A 517A ,FS,M,D,DO,F ,Y,G,C,50,0,0,0,,,1750648,5427145,-41.2930913,174.7992186
Wellington City,THE ESPLANADE,500,E, ,BRIGHTON ST,2456672,22/11/04,Mon,1724,DB,VE1C,111A ,M,E,D,B ,F , ,N,C,50,0,0,0,,,1748799,5421377,-41.34536584,174.7785576
Wellington City,THE ESPLANADE,, ,I,BRIGHTON ST,2412963,7/09/04,Tue,1645,LB,SW1CS,191A 303B 363B 181C 902 ,,E,D,B ,F ,Y,G,C,50,0,0,1,,22,1748408,5421660,-41.34289001,174.773817
Wellington City,THE ESPLANADE,, ,I,DERWENT ST,2454086,28/08/04,Sat,1345,AC,VN1C,434A 512A ,,E,D,B ,F ,T,T,C,50,0,0,0,,,1748055,5421332,-41.34590806,174.7696798
Wellington City,THE ESPLANADE,200,E, ,HOUGHTON BAY ROAD,2454578,25/09/04,Sat,1445,DA,CE1,133A 410A ,K,E,D,B ,F , ,N,C,50,0,0,0,,,1749524,5421653,-41.34274671,174.7871513
Wellington City,THE ESPLANADE,280,E, ,HOUGHTON BAY ROAD,2456528,11/11/04,Thu,1900,CC,CN1C,130B 501B ,M,R,D,O ,F , ,N,C,50,0,0,0,,,1749548,5421593,-41.34328245,174.7874528
Wellington City,THE ESPLANADE,, ,I,HOUGHTON BAY ROAD,2456432,26/12/04,Sun,1440,JA,CE1M,303B 353B 375B ,,E,D,O ,F ,T,N,L,50,0,0,0,,,1749357,5421785,-41.34158924,174.7851238
Wellington City,THE ESPLANADE,, ,I,HOUGHTON BAY ROAD,2456148,3/12/04,Fri,1040,JA,CE1V,309B 375B ,,R,D,B ,F ,T,N,P,50,0,0,0,,,1749357,5421785,-41.34158924,174.7851238
Wellington City,THE ESPLANADE,, ,I,UPLAND ROAD,2412080,16/05/04,Sun,2145,NF,CN2E,306A 358A ,,R,W,DO,M ,T,N,X,50,0,0,1,21,,1747877,5427849,-41.28726526,174.7659682
Wellington City,THE PARADE,20,S, ,AVON ST,2453581,15/07/04,Thu,1120,NB,CS1,306A 355A ,,E,D,O ,F , ,N,C,50,0,0,0,,,1748401,5422693,-41.3335908,174.773481
Wellington City,THE PARADE,100,S, ,DEE ST,2456698,21/11/04,Sun,2355,EA,CS1C,103A ,M,R,D,DO,F , ,N,C,50,0,0,0,,,1748441,5423085,-41.3300541,174.7738631
Wellington City,THE PARADE,20,N, ,DOVER ST,2412913,10/10/04,Sun,2145,BA,CS1X,120A 501A ,,R,D,DO,F , ,N,C,50,0,0,1,,,1748472,5423274,-41.32834675,174.7741872
Wellington City,THE PARADE,20,N, ,MEDWAY ST,2412577,11/08/04,Wed,1316,NA,CN1E,306A 423A ,,R,D,O ,F , ,N,X,50,0,0,1,79,,1748388,5422573,-41.3346736,174.773355
Wellington City,THE TERRACE,10,S, ,BOLTON ST,2412273,24/06/04,Thu,2000,NA,SS1E,306A 353A ,,R,D,B ,F ,T,N,C,50,0,1,1,52,19,1748686,5428683,-41.27960778,174.7754214
Wellington City,THE TERRACE,, ,I,BOLTON ST,2453552,9/07/04,Fri,1200,DB,VE2V,124A 386A ,,R,D,B ,F ,T,N,C,50,0,0,0,,,1748688,5428693,-41.27951738,174.7754428
Wellington City,THE TERRACE,20,S, ,BOULCOTT SLIP,2451029,4/03/04,Thu,2000,CC,CS1C,109A 130A ,M,R,D,TO,F ,T,T,C,50,0,0,0,,,1748537,5428047,-41.28536141,174.7737981
Wellington City,THE TERRACE,, ,I,DIXON ST,2452807,22/04/04,Thu,1105,EA,CN1CC,104A 129A 358A ,M,R,D,B ,F ,T,N,C,50,0,0,0,,,1748328,5427525,-41.29009965,174.7714306
Wellington City,THE TERRACE,50,N, ,EVERTON TERRACE,2413485,20/10/04,Wed,1610,PO,VS1E,371A ,,R,D,O ,F , ,N,C,50,0,1,0,50,,1748547,5428076,-41.28509847,174.7739104
Wellington City,THE TERRACE,, ,I,EVERTON TERRACE,2454256,25/08/04,Wed,2025,LB,CS1C,303B 375B ,,R,W,DO,L ,T,T,L,50,0,0,0,,,1748530,5428029,-41.28552476,174.773719
Wellington City,THE TERRACE,, ,I,MACDONALD CRESCENT,2411396,19/02/04,Thu,1910,LB,SS1C,303B 372B ,,R,W,TO,L ,T,G,C,50,0,1,0,,40,1748304,5427470,-41.29059925,174.7711575
Wellington City,THE TERRACE,, ,I,SALAMANCA ROAD,2454283,25/08/04,Wed,2045,LB,CN1C,303B 832 ,,R,D,DO,FS,T,T,R,50,0,0,0,,,1748381,5427671,-41.2887754,174.7720277
Wellington City,THE TERRACE,, ,I,SHELL LANE,2452120,24/04/04,Sat,1625,GE,CN1C,387A 174B 372B ,,R,D,O ,F ,T,N,C,50,0,0,0,,,1748629,5428355,-41.28257142,174.7748211
Wellington City,THE TERRACE,50,N, ,TERRACE OFF SBD,2453472,12/02/04,Thu,1120,MA,XS1C,385A 371B ,,E,D,B ,F , ,N,C,50,0,0,0,,,1748593,5428211,-41.28387454,174.7744266
Wellington City,THE TERRACE,, ,I,TERRACE OFF SBD,2456299,17/03/04,Wed,755,NB,XN1E,306A ,,R,W,O ,L ,T,T,R,50,0,0,0,,,1748577,5428164,-41.28430065,174.774247
Wellington City,THE TERRACE,, ,I,TERRACE OFF SBD,2450648,1/02/04,Sun,2130,MC,CS1X,171B 372B ,,R,W,DO,L ,T,T,R,50,0,0,0,,,1748577,5428164,-41.28430065,174.774247
Wellington City,THE TERRACE,, ,I,VIVIAN ST,2454857,13/10/04,Wed,1505,JA,VS1C,309B 378B 832 ,,R,D,O ,F ,T,N,N,50,0,0,0,,,1748179,5427192,-41.29312517,174.769733
Wellington City,THOMPSON ST,300,E, ,WEBB ST,2453125,12/06/04,Sat,142,EA,XS1C,129A 330A ,M,R,D,DO,F , ,N,C,50,0,0,0,,,1748251,5426446,-41.29982853,174.7707742
Wellington City,THOMPSON ST,30,S, ,WEBB ST,2451552,6/04/04,Tue,100,MO,CN1C,371A 929 ,M,R,W,DO,L , ,N,C,50,0,0,0,,,1748344,5426699,-41.29753357,174.7718229
Wellington City,THOMPSON ST,50,S, ,WEBB ST,2454280,28/08/04,Sat,1815,EA,CN1CCC,108A 359A 632A ,M,R,W,DO,L , ,N,C,50,0,0,0,,,1748336,5426680,-41.2977061,174.771732
Wellington City,THOMPSON ST,150,S, ,WEBB ST,2454997,4/10/04,Mon,1900,BA,CN1C,381A ,,R,D,TF,F , ,N,C,50,0,0,0,,,1748299,5426588,-41.29854122,174.7713127
Wellington City,THOMPSON ST,, ,I,WEBB ST,2450515,4/02/04,Wed,854,JA,CW2C,301B 321B ,,R,D,B ,F ,T,S,C,50,0,0,0,,,1748356,5426726,-41.29728827,174.7719596
Wellington City,THORNDON QUAY,10,N, ,DAVIS ST,2413204,19/11/04,Fri,742,EE,SN1X,374B ,M,E,D,B ,F ,T,N,C,50,0,1,0,,23,1749384,5429252,-41.27435602,174.7836127
Wellington City,THORNDON QUAY,100,N, ,DAVIS ST,2413462,2/12/04,Thu,830,MB,SS1C,382B ,,R,D,O ,F , ,N,C,50,0,0,1,,40,1749346,5429334,-41.27362476,174.7831391
Wellington City,THORNDON QUAY,280,N, ,DAVIS ST,2411643,15/03/04,Mon,800,GB,SS1C,112A 158A 927 ,,R,D,O ,F ,D,N,C,50,0,0,1,,42,1749273,5429498,-41.27216169,174.7822277
Wellington City,THORNDON QUAY,300,N, ,DAVIS ST,2456573,10/11/04,Wed,1308,MO,CW1C,371A 387B ,,R,D,B ,F , ,N,L,50,0,0,0,,,1749266,5429517,-41.27199192,174.7821395
Wellington City,THORNDON QUAY,350,N, ,DAVIS ST,2455017,26/08/04,Thu,1045,ME,CN1V,303B 386B ,,R,D,B ,F , ,N,C,50,0,0,0,,,1749250,5429564,-41.27157171,174.7819371
Wellington City,THORNDON QUAY,10,S, ,DAVIS ST,2413078,8/11/04,Mon,857,MC,SS1C,300B 372B ,,E,D,O ,F ,T,N,C,50,0,0,1,,25,1749390,5429233,-41.27452597,174.7836889
Wellington City,THORNDON QUAY,30,S, ,DAVIS ST,2456674,22/11/04,Mon,1115,DA,VS1V,198A ,M,E,D,B ,F , ,N,N,50,0,0,0,,,1749387,5429214,-41.27469759,174.7836578
Wellington City,THORNDON QUAY,50,N, ,MOORE ST,2411809,27/04/04,Tue,825,ME,SS1C,158A 386A 377B ,,E,W,O ,L , ,N,C,50,0,0,1,,41,1749265,5429080,-41.27592661,174.7822346
Wellington City,THORNDON QUAY,, ,I,MOORE ST,2451117,1/03/04,Mon,1420,GB,CS1C,142B 175B 926 ,,E,D,B ,F ,D,N,C,50,0,0,0,,,1749219,5429060,-41.27611518,174.7816905
Wellington City,THORNDON QUAY,70,E, ,MULGRAVE ST,2413080,6/10/04,Wed,830,JA,SS1C,151A 308B 377B 927 ,,R,D,B ,F ,D,N,P,50,0,0,1,,29,1749116,5428895,-41.27761977,174.7805016
Wellington City,THORNDON QUAY,, ,I,MULGRAVE ST,2452049,6/04/04,Tue,1840,JA,CN1C,322A 801 ,,R,W,DO,L ,Y,T,N,50,0,0,0,,,1749083,5428834,-41.27817507,174.7801227
Wellington City,THORNDON QUAY,, ,I,MULGRAVE ST,2453638,1/08/04,Sun,1126,JA,CN1V,322A 351A ,,R,D,B ,F ,Y,T,R,50,0,0,0,,,1749083,5428834,-41.27817507,174.7801227
Wellington City,THORNDON QUAY,, ,I,MULGRAVE ST,2453191,6/06/04,Sun,1745,JA,CN1C,322B ,,R,D,TF,F ,T,T,R,50,0,0,0,,,1749083,5428834,-41.27817507,174.7801227
Wellington City,THORNDON QUAY,50,S, ,TINAKORI ROAD,2450944,4/02/04,Wed,1503,MO,CS1VC,387A 371B 925 ,M,R,D,B ,F ,D,N,P,50,0,0,0,,,1749195,5429959,-41.26802551,174.781184
Wellington City,THORNDON QUAY,300,S, ,TINAKORI ROAD,2454996,4/10/04,Mon,1000,MO,TE1C,386A ,M,R,D,O ,F , ,N,C,50,0,0,0,,,1749195,5429715,-41.27022235,174.7812437
Wellington City,THORNDON QUAY,, ,I,TINAKORI ROAD,2452422,3/05/04,Mon,900,JA,CN1C,302B 375B ,,M,W,O ,L ,T,G,R,50,0,0,0,,,1749211,5430006,-41.26759939,174.7813634
Wellington City,THORNDON QUAY,, ,I,TINAKORI ROAD,2412046,18/05/04,Tue,1547,KA,SN1C,302B 375B 671B ,,E,D,O ,F ,T,G,C,50,0,0,1,,39,1749211,5430006,-41.26759939,174.7813634
Wellington City,TINAKORI ROAD,, ,I,ASCOT ST,2452478,12/05/04,Wed,,EE,XS1C,374B ,M,R,W,O ,L ,T,N,C,50,0,0,0,,,1748219,5428837,-41.2783071,174.7698101
Wellington City,TINAKORI ROAD,50,N, ,BOWEN ST,2454286,24/08/04,Tue,1835,EA,VS1C,129A ,M,R,D,DO,F , ,N,C,50,0,0,0,,,1748201,5428817,-41.27849047,174.7696002
Wellington City,TINAKORI ROAD,100,N, ,BOWEN ST,2413012,11/10/04,Mon,1130,PE,CS1E,129A 446B ,,R,D,B ,F , ,N,C,50,0,0,1,41,,1748231,5428851,-41.27817884,174.76995
Wellington City,TINAKORI ROAD,100,S, ,BOWEN ST,2452579,19/04/04,Mon,1630,EA,CN1C,386A ,Q,R,D,O ,F , ,N,C,50,0,0,0,,,1748100,5428706,-41.27950839,174.7684217
Wellington City,TINAKORI ROAD,50,S, ,COTTLEVILLE TERRACE,2455114,6/10/04,Wed,2040,EA,CN1C,386A ,M,R,D,DO,F , ,N,C,50,0,0,0,,,1749124,5429816,-41.26932611,174.7803717
Wellington City,TINAKORI ROAD,, ,I,HARRIETT ST,2412912,3/10/04,Sun,1402,FB,CS1C,403A 614A ,,R,D,B ,F ,T,T,L,50,0,0,1,,,1748452,5429090,-41.27598642,174.7725294
Wellington City,TINAKORI ROAD,, ,I,HAWKESTONE ST,2452710,12/06/04,Sat,1723,FD,CS1CCC,331A 351A ,,R,D,DO,F ,T,G,R,50,0,0,0,,,1748578,5429226,-41.27473877,174.774
Wellington City,TINAKORI ROAD,, ,I,HAWKESTONE ST,2450979,1/03/04,Mon,1308,FC,MN1C,331A 355A ,,R,D,B ,F ,T,N,X,50,0,0,0,,,1748578,5429226,-41.27473877,174.774
Wellington City,TINAKORI ROAD,15,S, ,MALCOLM LANE,2451860,13/04/04,Tue,1720,MC,CN1C,372B ,,R,D,TO,F , ,N,C,50,0,0,0,,,1748613,5429264,-41.2743902,174.7744084
Wellington City,TINAKORI ROAD,100,N, ,MOLESWORTH ST,2454628,31/08/04,Tue,1745,PF,TS1CE,129A 862 ,M,R,D,DO,F , ,N,N,50,0,0,0,27,,1748951,5429629,-41.27104168,174.778353
Wellington City,TINAKORI ROAD,, ,I,MOLESWORTH ST,2453851,7/07/04,Wed,2150,BC,CW2X,122A 645A ,,R,W,DO,H ,X,T,C,50,0,0,0,,,1748884,5429555,-41.27172029,174.7775715
Wellington City,TINAKORI ROAD,, ,I,MOLESWORTH ST,2452809,21/05/04,Fri,1940,LB,CS1V,303B ,,R,D,DO,F ,X,T,C,50,0,0,0,,,1748883,5429555,-41.27172047,174.7775596