TLA NAME,CRASH ROAD,CRASH DIST,CRASH DIRN,INTSN,SIDE ROAD,CRASH ID,CRASH DATE,CRASH DOW,CRASH TIME,MVMT,VEHICLES,CAUSES,OBJECTS STRUCK,ROAD CURVE,ROAD WET,LIGHT,WTHRa,JUNC TYPE,TRAF CTRL,ROAD MARK,SPD LIM,CRASH FATAL CNT,CRASH SEV CNT,CRASH MIN CNT,PERS AGE1,PERS AGE2,EASTING,NORTHING,latitude,longitude
Wellington City,TINAKORI ROAD,20,N, ,PARK ST,2456111,7/12/04,Tue,1225,MA,CS1V,373B ,,R,D,B ,F , ,N,C,50,0,0,0,,,1748897,5429570,-41.27158284,174.777723
Wellington City,TINAKORI ROAD,, ,I,THORNDON QUAY,2454858,12/10/04,Tue,1814,FB,CN1V,331A 353A ,,E,D,O ,F ,T,G,R,50,0,0,0,,,1749211,5430007,-41.26759039,174.7813632
Wellington City,TIO TIO ROAD,, ,I,BEACON HILL ROAD,2450512,5/02/04,Thu,1330,EA,VW1V,386A ,M,M,D,B ,F ,T,N,N,50,0,0,0,,,1752936,5423744,-41.32328081,174.8273865
Wellington City,TODMAN ST,50,W, ,OHIRO ROAD,2451581,27/03/04,Sat,407,MO,CE1CC,512A 517A ,M,R,D,DO,F , ,N,C,50,0,0,0,,,1747573,5425816,-41.305625,174.7628324
Wellington City,TORY ST,20,S, ,CABLE ST,2452446,24/04/04,Sat,920,MO,CS1C,145B 372B 671B ,,R,D,O ,F , ,N,P,50,0,0,0,,,1749232,5427339,-41.29160767,174.7822674
Wellington City,TORY ST,30,S, ,CABLE ST,2453491,31/07/04,Sat,1325,MF,CN1C,371B ,,R,D,B ,F ,T,T,C,50,0,0,0,,,1749228,5427330,-41.29168945,174.7822218
Wellington City,TORY ST,, ,I,COLLEGE ST,2451900,2/04/04,Fri,1330,EE,VS1C,129A 370A ,M,R,D,B ,F ,T,N,C,50,0,0,0,,,1749015,5426869,-41.29587937,174.779792
Wellington City,TORY ST,50,N, ,COURTENAY PLACE,2413409,15/12/04,Wed,1500,PC,CE1E,311A 371A 927 ,,R,D,O ,F ,D,N,C,50,0,0,1,,,1749158,5427184,-41.29301688,174.781422
Wellington City,TORY ST,, ,I,COURTENAY PLACE,2412442,6/08/04,Fri,2007,NB,CN1E,713B 718B ,,R,W,DO,F ,X,T,P,50,0,0,1,20,,1749136,5427139,-41.2934261,174.7811704
Wellington City,TORY ST,, ,I,EBOR ST,2454635,13/09/04,Mon,1430,JA,VN1C,303B 375B 901 ,,R,W,O ,H ,X,G,C,50,0,0,0,,,1749048,5426943,-41.29520703,174.7801678
Wellington City,TORY ST,, ,I,EBOR ST,2454656,6/08/04,Fri,2230,JA,CN1CXV,302B 375B ,M,R,W,DO,H ,X,G,C,50,0,0,0,,,1749048,5426943,-41.29520703,174.7801678
Wellington City,TORY ST,, ,I,HOLLAND ST,2456305,12/12/04,Sun,2245,FB,CN1C,331A ,,R,D,DO,F ,T,N,C,50,0,0,0,,,1749090,5427034,-41.29437996,174.7806469
Wellington City,TORY ST,, ,I,LORNE ST,2452295,7/05/04,Fri,1150,KB,CN1CC,302B 377B ,,R,D,O ,F ,X,G,C,50,0,0,0,,,1749048,5426943,-41.29520703,174.7801678
Wellington City,TORY ST,, ,I,LORNE ST,2450976,2/03/04,Tue,1100,KA,CS1C,302B ,,R,D,O ,FS,X,G,P,50,0,0,0,,,1749048,5426943,-41.29520703,174.7801678
Wellington City,TORY ST,15,S, ,VIVIAN ST,2452128,27/04/04,Tue,,GA,CS1C,181A 191B 927 ,,R,D,TO,F ,D,N,C,50,0,0,0,,,1748990,5426812,-41.29639718,174.7795075
Wellington City,TORY ST,80,S, ,WAKEFIELD ST,2453421,23/07/04,Fri,1855,MO,VS1C,371A ,M,R,D,DO,F , ,N,N,50,0,0,0,,,1749169,5427207,-41.29280777,174.7815476
Wellington City,TUKANAE ST,150,N, ,AHURIRI ST,2452073,11/04/04,Sun,100,EA,CS1C,101A 358A ,M,R,D,DO,F , ,N,C,50,0,0,0,,,1752238,5422669,-41.33309131,174.8193196
Wellington City,UPLAND ROAD,50,W, ,BOUNDARY ROAD,2452724,9/06/04,Wed,1945,EA,CE1C,129A ,M,R,D,DO,F , ,N,C,50,0,0,0,,,1747407,5427925,-41.28666694,174.7603396
Wellington City,UPLAND ROAD,, ,I,GLEN ROAD,2453861,28/07/04,Wed,1415,LB,CE1C,303B 375B ,,E,D,B ,F ,Y,S,C,50,0,0,0,,,1747836,5427752,-41.28814611,174.7655024
Wellington City,UPLAND ROAD,300,E, ,GLENMORE ST,2455881,20/11/04,Sat,30,EA,XE1C,410A ,M,R,D,DO,F , ,N,C,50,0,0,0,,,1747456,5427844,-41.28738728,174.7609441
Wellington City,UPLAND ROAD,50,N, ,KELBURN VIADUCT,2455420,10/10/04,Sun,1410,MD,CS1CCC,371B 834 839 929 ,M,M,W,O ,L ,D,N,C,50,0,0,0,,,1747288,5427928,-41.28666165,174.7589184
Wellington City,UPLAND ROAD,30,N, ,KOWHAI ROAD,2456106,19/11/04,Fri,1208,EA,CN1C,129A 386A ,M,R,D,B ,F , ,N,C,50,0,0,0,,,1747458,5427840,-41.28742293,174.7609689
Wellington City,UPLAND ROAD,40,S, ,KOWHAI ROAD,2452107,8/04/04,Thu,1015,EA,CN1CC,129A 197A ,M,R,W,O ,L , ,N,C,50,0,0,0,,,1747486,5427776,-41.28799404,174.7613186
Wellington City,UPLAND ROAD,60,N, ,PLUNKET ST,2456570,29/11/04,Mon,1245,EA,VN1T,129A 386A ,M,E,D,O ,F , ,N,C,50,0,0,0,,,1747497,5427751,-41.28821712,174.761456
Wellington City,VICTORIA ST,, ,I,ABEL SMITH ST,2412444,23/07/04,Fri,355,HA,CS2X,322A ,F,R,W,DO,L ,X,T,C,50,0,0,2,,,1748365,5426917,-41.29556695,174.7720204
Wellington City,VICTORIA ST,, ,I,BOND ST,2455313,29/10/04,Fri,1630,HA,CW2V,309A 377A ,,R,W,O ,L ,X,N,C,50,0,0,0,,,1748711,5427594,-41.28940795,174.7759857
Wellington City,VICTORIA ST,50,E, ,DIXON ST,2455140,11/09/04,Sat,1145,MA,CS1C,101B 373B ,,R,D,B ,F , ,N,C,50,0,0,0,,,1748671,5427426,-41.29092789,174.7755492
Wellington City,VICTORIA ST,50,S, ,DIXON ST,2413233,22/11/04,Mon,1850,GB,SS1C,372B 926 ,,R,D,B ,F ,D,N,C,50,0,0,1,,55,1748611,5427346,-41.29165922,174.7748525
Wellington City,VICTORIA ST,, ,I,DIXON ST,2453766,30/07/04,Fri,2025,LB,CN1C,303B 386B ,,R,D,DO,F ,X,T,L,50,0,0,0,,,1748643,5427385,-41.29130219,174.775225
Wellington City,VICTORIA ST,, ,I,DIXON ST,2411831,22/01/04,Thu,1130,ND,CS1E,307A 376A ,,R,D,B ,F ,X,T,C,50,0,0,1,4,,1748643,5427385,-41.29130219,174.775225
Wellington City,VICTORIA ST,50,S, ,HARRIS ST,2452418,1/05/04,Sat,1510,FD,CS1C,181A 817 ,,R,W,O ,L , ,N,C,50,0,0,0,,,1748742,5427740,-41.28808773,174.7763201
Wellington City,VICTORIA ST,, ,I,HARRIS ST,2455552,7/11/04,Sun,1245,FE,CS1C,331A ,,R,D,B ,F ,T,T,C,50,0,0,0,,,1748762,5427786,-41.28766989,174.7765476
Wellington City,VICTORIA ST,, ,I,HUNTER ST,2456199,19/11/04,Fri,2023,DA,CE2C,131A ,M,E,D,DO,F ,Y,N,C,50,0,0,0,,,1748850,5427984,-41.28587099,174.7775496
Wellington City,VICTORIA ST,20,S, ,VIVIAN ST,2450930,29/02/04,Sun,1600,FD,CS1CC,181A 331A ,,R,D,O ,F , ,N,C,50,0,0,0,,,1748434,5427055,-41.29431179,174.7728105
Wellington City,VICTORIA ST,30,N, ,WEBB ST,2454450,2/09/04,Thu,835,AC,VS1T,372A ,,R,D,B ,FS,T,G,R,50,0,0,0,,,1748300,5426777,-41.29683939,174.7712786
Wellington City,VICTORY AVENUE,140,N, ,SUNSHINE AVENUE,2451042,7/03/04,Sun,500,EA,VE1C,111A 129A ,M,M,D,DO,F , ,N,C,50,0,0,0,,,1744783,5428565,-41.28137942,174.7288653
Wellington City,VICTORY CRESCENT,, ,I,WAKEFIELD TERRACE,2453284,19/07/04,Mon,1530,BB,CS1C,124A 303A ,,E,D,B ,F ,T,N,N,50,0,0,0,,,1752950,5441510,-41.16332594,174.8231013
Wellington City,VIEW ROAD,170,S, ,HOUGHTON BAY ROAD,2455590,14/02/04,Sat,2050,DA,CS1,108A 111A ,FX,M,W,DO,H , ,N,C,50,0,0,0,,,1749719,5422589,-41.33428341,174.7892502
Wellington City,VIVIAN ST,, ,I,WATSON ST,2454308,10/08/04,Tue,1900,EA,CN1CV,103A 129A ,M,R,D,DO,F ,T,N,N,50,0,0,0,,,1748246,5427163,-41.29337397,174.7705399
Wellington City,VOLGA ST,220,N, ,AVON ST,2451685,25/03/04,Thu,1516,BF,VS1C,111A 132A 687A ,,M,D,B ,F , ,N,C,50,0,0,0,,,1748834,5422752,-41.33297976,174.7786388
Wellington City,VOLGA ST,100,E, ,CARLISLE ST,2455039,8/08/04,Sun,1100,BC,CN1C,121A 831 839 ,,M,D,B ,F , ,N,N,50,0,0,0,,,1748755,5422542,-41.33488505,174.7777466
Wellington City,VOLTAIRE ST,50,E, ,WRIGHTS HILL ROAD,2454861,7/10/04,Thu,5,EA,CN1C,121A 410A ,M,E,D,DO,F , ,N,N,50,0,0,0,,,1745856,5427282,-41.29273796,174.7419797
Wellington City,WADESTOWN ROAD,25,W, ,WELD ST,2451844,14/04/04,Wed,2200,EA,CE1C,129A ,M,R,D,DO,F , ,N,C,50,0,0,0,,,1748580,5430658,-41.26184541,174.7736748
Wellington City,WAITOA ROAD,80,W, ,HATAITAI ROAD,2455589,19/10/04,Tue,1810,DA,CN1CC,133A ,M,M,D,TF,F , ,N,C,50,0,0,0,,,1750133,5425972,-41.30374818,174.7933601
Wellington City,WAITOA ROAD,50,S, ,KONINI ROAD,2412578,10/08/04,Tue,1240,MB,SS1C,355B 370B ,,R,D,B ,F , ,N,C,50,0,0,1,,47,1750089,5426087,-41.30272099,174.7928064
Wellington City,WAITOA ROAD,, ,I,WILLIAM ST,2455884,15/10/04,Fri,2045,MO,CW1C,371A ,,R,D,DO,F ,T,N,C,50,0,0,0,,,1750281,5425901,-41.30435987,174.7951447
Wellington City,WAKEFIELD ST,50,W, ,CAMBRIDGE TERRACE,2455157,11/10/04,Mon,1100,QD,TW1,428A 927 ,P,R,D,B ,F ,D,N,C,50,0,0,0,,,1749353,5427206,-41.29278275,174.7837444
Wellington City,WAKEFIELD ST,100,W, ,CUBA ST,2455046,24/09/04,Fri,1419,MO,CE1C,371A 387A ,,R,D,B ,F ,D,N,C,50,0,0,0,,,1748772,5427600,-41.28934269,174.7767124
Wellington City,WAKEFIELD ST,, ,I,CUBA ST,2452627,15/05/04,Sat,2030,LB,CW1C,112B 303B ,,R,D,DO,F ,T,T,C,50,0,0,0,,,1748841,5427528,-41.28997822,174.7775536
Wellington City,WAKEFIELD ST,, ,I,CUBA ST,2454954,26/09/04,Sun,600,DA,CE1CCC,111A 301A 517A ,MT,R,D,DO,  ,T,T,C,50,0,0,0,,,1748841,5427528,-41.28997822,174.7775536
Wellington City,WAKEFIELD ST,20,E, ,TARANAKI ST,2454376,18/09/04,Sat,1400,AA,CW1C,372A ,,R,D,O ,F , ,N,C,50,0,0,0,,,1749029,5427379,-41.29128504,174.7798343
Wellington City,WAKEFIELD ST,25,E, ,TARANAKI ST,2453252,6/07/04,Tue,615,CA,CW1,136A 631A ,H,R,D,DO,F ,X,N,C,50,0,0,0,,,1749033,5427376,-41.29131131,174.7798828
Wellington City,WAKEFIELD ST,30,W, ,TARANAKI ST,2411540,5/03/04,Fri,911,NB,CW1E,711B 902 ,,R,D,B ,F , ,N,L,50,0,0,1,41,,1748989,5427410,-41.29101332,174.7793492
Wellington City,WAKEFIELD ST,, ,I,TARANAKI ST,2454281,22/08/04,Sun,655,HA,CW1C,109A 322A ,,R,D,TF,F ,X,T,C,50,0,0,0,,,1749013,5427391,-41.29117995,174.7796403
Wellington City,WAKEFIELD ST,50,E, ,TORY ST,2453765,31/07/04,Sat,915,FD,CW1C,331A ,,R,D,DO,F , ,N,C,50,0,0,0,,,1749249,5427258,-41.29233381,174.7824902
Wellington City,WAKEFIELD ST,40,W, ,TORY ST,2453422,23/07/04,Fri,1750,FD,CW1X,181A ,,R,W,OO,L , ,N,C,50,0,0,0,,,1749167,5427295,-41.29201584,174.7815022
Wellington City,WAKEFIELD ST,, ,I,TORY ST,2450718,5/03/04,Fri,1530,GF,CN2C,172A ,,R,D,O ,F ,X,T,C,50,0,0,0,,,1749204,5427279,-41.29215306,174.7819478
Wellington City,WAKEFIELD ST,, ,I,VICTORIA ST,2450223,1/01/04,Thu,726,DB,CW1,103A ,FPS,R,D,TF,F ,T,G,R,50,0,0,0,,,1748725,5427666,-41.28875712,174.7761352
Wellington City,WALLACE ST,, ,I,BIDWILL ST,2454262,26/08/04,Thu,1740,FE,CS1C,331B 351B ,,E,D,O ,F ,X,T,R,50,0,0,0,,,1748521,5426228,-41.30174164,174.7740509
Wellington City,WALLACE ST,, ,I,BIDWILL ST,2452824,9/06/04,Wed,1031,JA,CN1C,322B ,,R,D,B ,F ,X,T,C,50,0,0,0,,,1748521,5426228,-41.30174164,174.7740509
Wellington City,WALLACE ST,10,N, ,FINLAY TERRACE,2451374,14/04/04,Wed,1612,BA,CS1C,205A 514A ,,R,D,B ,F ,T,N,C,50,0,0,0,,,1748587,5425999,-41.30379127,174.7748949
Wellington City,WALLACE ST,40,S, ,FINLAY TERRACE,2412854,28/08/04,Sat,1755,NA,CS1E,105B 713B ,,R,D,TO,L , ,N,C,50,0,0,1,,,1748595,5425950,-41.30423097,174.7750023
Wellington City,WALLACE ST,25,N, ,HARGREAVES ST,2412169,8/06/04,Tue,1110,NA,VN1E,717B ,,R,D,B ,F , ,N,X,50,0,0,1,23,,1748577,5426071,-41.30314487,174.7747579
Wellington City,WALLACE ST,15,S, ,HOWARD ST,2453645,18/07/04,Sun,305,FD,XS1XC,331B 181C 832 ,,R,W,DO,L , ,N,C,50,0,0,0,,,1748600,5425853,-41.30510338,174.7750857
Wellington City,WALLACE ST,, ,I,HOWARD ST,2455129,29/09/04,Wed,1656,FD,CS1CV,112A 331A ,,R,D,B ,F ,T,N,L,50,0,0,0,,,1748600,5425868,-41.30496833,174.7750821
Wellington City,WALLACE ST,, ,I,ROLLESTON ST,2451139,16/03/04,Tue,1709,FD,CS1CC,181A ,,R,D,B ,F ,T,N,C,50,0,0,0,,,1748557,5426138,-41.30254532,174.7745027
Wellington City,WARIPORI ST,25,E, ,RINTOUL ST,2412676,13/09/04,Mon,1505,NA,CE1E,370A 712B 713B ,,R,W,O ,H , ,N,C,50,0,0,1,11,,1748833,5424325,-41.31881763,174.7782416
Wellington City,WARIPORI ST,, ,I,RINTOUL ST,2454565,29/09/04,Wed,200,GA,CW1C,331A ,,R,W,O ,L ,T,G,C,50,0,0,0,,,1748808,5424326,-41.31881324,174.7779428
Wellington City,WARIPORI ST,20,W, ,RUSSELL TERRACE,2413264,3/11/04,Wed,1520,NA,CE1E,713B 727B 839 ,,R,D,B ,F , ,N,C,50,0,0,1,7,,1749003,5424314,-41.31888528,174.7802745
Wellington City,WATERLOO QUAY,, ,A,AOTEA QUAY,2412015,30/05/04,Sun,940,DB,CN1,102A 111A ,F,M,D,O ,F , ,N,L,50,0,1,1,,,1749678,5429335,-41.2735543,174.7871009
Wellington City,WATERLOO QUAY,300,N, ,BUNNY ST,2452734,17/06/04,Thu,1705,AC,TN1C,372A 671A ,,R,D,O ,F , ,N,C,50,0,0,0,,,1749288,5428839,-41.27809219,174.7825682
Wellington City,WATERLOO QUAY,300,N, ,BUNNY ST,2456130,6/12/04,Mon,1700,FD,CN1C,181A ,,R,D,B ,F , ,N,C,50,0,0,0,,,1749288,5428839,-41.27809219,174.7825682
Wellington City,WATERLOO QUAY,40,S, ,CORNWELL ST,2452536,25/05/04,Tue,1552,FD,VN1CV,331A 353A ,,R,D,O ,F , ,N,P,50,0,0,0,,,1749555,5429178,-41.27499063,174.7856716
Wellington City,WATERLOO QUAY,50,S, ,HINEMOA ST,2452132,27/04/04,Tue,855,FD,VS1CC,135A 181A 801 ,,R,W,O ,L , ,N,C,50,0,0,0,,,1749378,5428955,-41.27703115,174.7836139
Wellington City,WATERLOO QUAY,100,S, ,HINEMOA ST,2453445,22/01/04,Thu,1103,FD,VN1CC,181A 191C 927 ,,R,D,B ,F ,D,N,P,50,0,0,0,,,1749348,5428915,-41.27739683,174.7832656
Wellington City,WATERLOO QUAY,, ,I,HINEMOA ST,2450217,12/01/04,Mon,1218,FE,CN1C,331A 352A 927 ,,R,D,B ,F ,X,T,L,50,0,0,0,,,1749409,5428994,-41.27667428,174.7839743
Wellington City,WATERLOO QUAY,, ,I,HINEMOA ST,2451839,28/02/04,Sat,1655,JA,CN1C,322A 410A 927 ,,R,W,O ,H ,D,T,L,50,0,0,0,,,1749409,5428994,-41.27667428,174.7839743
Wellington City,WATERLOO QUAY,10,N, ,WHITMORE ST,2453571,27/07/04,Tue,1705,AG,CN1C,177A ,,R,D,O ,F ,T,T,P,50,0,0,0,,,1748987,5428446,-41.28168613,174.7790719
Wellington City,WEBB ST,30,E, ,CUBA ST,2413354,17/12/04,Fri,1310,GA,SE1V,353A 370A 927 ,,R,D,B ,F ,D,N,R,50,0,1,0,,16,1748490,5426666,-41.29780383,174.773574
Wellington City,WEBB ST,, ,I,CUBA ST,2452624,15/05/04,Sat,1620,FC,CW1C,331A 352A ,,R,D,O ,F ,T,G,X,50,0,0,0,,,1748463,5426678,-41.29770076,174.7732487
Wellington City,WEBB ST,, ,I,CUBA ST,2456312,2/11/04,Tue,1730,JC,CE1C,309A ,,R,D,B ,F ,T,N,N,50,0,0,0,,,1748463,5426678,-41.29770076,174.7732487
Wellington City,WEBB ST,, ,I,HOPPER ST,2455310,18/10/04,Mon,1740,KB,VE1C,302B 375B ,,R,D,TN,F ,T,G,C,50,0,0,0,,,1748565,5426632,-41.29809615,174.7744776
Wellington City,WEBB ST,, ,I,TORRENS TERRACE,2411812,26/04/04,Mon,1710,KB,ME1CC,124B ,M,R,D,TO,F ,T,N,P,50,0,1,0,,,1748500,5426662,-41.29783801,174.7736943
Wellington City,WEBB ST,, ,I,VICTORIA ST,2456637,5/12/04,Sun,1645,FB,CW1C,331A ,,R,W,O ,L ,Y,G,R,50,0,0,0,,,1748276,5426763,-41.29696984,174.7709955
Wellington City,WEST VIEW GROVE,40,S, ,WILBERFORCE ST,2455794,6/11/04,Sat,1100,BC,CS1V,111A 423A ,,E,D,B ,F , ,N,N,50,0,0,0,,,1752422,5423774,-41.32310804,174.8212403
Wellington City,WHA ST,, ,I,FREYBERG ST,2411427,17/03/04,Wed,905,HA,VN2C,321B ,,R,D,B ,F ,X,S,C,50,0,0,1,,,1750094,5423527,-41.32576857,174.7934979
Wellington City,WHA ST,, ,I,FREYBERG ST,2411927,2/05/04,Sun,1250,HA,CN2C,301B 375B ,,R,D,B ,F ,X,S,P,50,0,0,1,,,1750094,5423527,-41.32576857,174.7934979
Wellington City,WHITMORE ST,, ,I,CUSTOMHOUSE QUAY,2456013,31/10/04,Sun,456,DA,XE1,124A 350A 501A ,S,R,D,DO,F ,T,T,C,50,0,0,0,,,1748982,5428438,-41.28175908,174.7790141
Wellington City,WHITMORE ST,, ,I,FEATHERSTON ST,2450221,6/01/04,Tue,1431,HA,CS2C,322B ,,R,D,O ,F ,X,T,R,50,0,0,0,,,1748923,5428522,-41.28101367,174.7782894
Wellington City,WHITMORE ST,, ,I,STOUT ST,2455143,4/10/04,Mon,658,JA,CN1X,322A ,,R,D,O ,F ,X,T,R,50,0,0,0,,,1748881,5428585,-41.2804542,174.7777727
Wellington City,WHITMORE ST,, ,I,STOUT ST,2412804,23/08/04,Mon,1830,HA,CN1C,322B 353B 694B ,,R,D,DO,F ,X,T,R,50,0,0,1,,,1748881,5428585,-41.2804542,174.7777727
Wellington City,WILFRED ST,, ,I,LINCOLN AVENUE,2453601,27/07/04,Tue,216,DA,CW2,111A 131A 402A ,J,R,D,DO,F ,X,G,C,50,0,0,0,,,1752716,5440818,-41.16960042,174.8204859
Wellington City,WILLIS ST,, ,I,ABEL SMITH ST,2413238,23/11/04,Tue,1245,NA,CN1E,306A 376A ,,R,D,B ,F ,X,S,X,50,0,0,1,45,,1748300,5426947,-41.2953088,174.7712372
Wellington City,WILLIS ST,, ,I,ABEL SMITH ST,2456198,25/11/04,Thu,810,HA,CW1C,321A 507A ,,R,D,B ,F ,X,S,C,50,0,0,0,,,1748300,5426947,-41.2953088,174.7712372
Wellington City,WILLIS ST,, ,I,ABEL SMITH ST,2453783,16/07/04,Fri,1535,HA,VE2C,301A 382A 851 ,,R,W,TO,LS,X,S,C,50,0,0,0,,,1748300,5426947,-41.2953088,174.7712372
Wellington City,WILLIS ST,, ,I,ABEL SMITH ST,2413289,26/11/04,Fri,812,NA,CN1E,306A 376A ,,R,D,O ,F ,X,S,X,50,0,0,1,35,,1748300,5426947,-41.2953088,174.7712372
Wellington City,WILLIS ST,, ,I,ABEL SMITH ST,2413077,10/11/04,Wed,1530,GC,VN1S,170B 372B ,,R,D,B ,F ,X,N,C,50,0,0,1,,18,1748300,5426947,-41.2953088,174.7712372
Wellington City,WILLIS ST,, ,I,ARO ST,2412750,28/09/04,Tue,1723,AO,SN1C,110A 137A ,M,R,D,O ,F ,T,G,C,50,0,1,0,,35,1748250,5426840,-41.29628135,174.7706663
Wellington City,WILLIS ST,10,S, ,BOND ST,2456600,24/12/04,Fri,1410,AC,CN1B,372A ,,R,D,O ,F ,T,T,C,50,0,0,0,,,1748629,5427675,-41.28869377,174.7749871
Wellington City,WILLIS ST,, ,I,BOULCOTT ST,2453867,15/07/04,Thu,,AC,BN1X,372A ,,R,D,TF,F ,X,T,C,50,0,0,0,,,1748603,5427623,-41.28916673,174.7746894
Wellington City,WILLIS ST,20,N, ,CHEWS LANE,2410016,26/02/04,Thu,1745,NA,BS1E,711B ,,R,D,B ,F , ,N,L,50,1,0,0,21,,1748701,5427836,-41.28723095,174.7758072
Wellington City,WILLIS ST,30,N, ,DIXON ST,2452622,17/05/04,Mon,1430,JA,VS1C,308B 375B 839 926 ,,R,D,O ,F ,D,N,C,50,0,0,0,,,1748532,5427466,-41.29059334,174.7738802
Wellington City,WILLIS ST,, ,I,DIXON ST,2456636,17/12/04,Fri,710,FE,CN1C,181A ,,R,D,B ,F ,X,T,C,50,0,0,0,,,1748520,5427439,-41.29083864,174.7737435
Wellington City,WILLIS ST,, ,I,DIXON ST,2456678,25/11/04,Thu,840,GA,VS1S,183A 330A ,,R,D,B ,F ,X,T,C,50,0,0,0,,,1748520,5427439,-41.29083864,174.7737435
Wellington City,WILLIS ST,, ,I,DIXON ST,2411778,15/04/04,Thu,1229,BB,VW2M,124A 176A ,,R,D,B ,F ,X,T,C,50,0,0,1,,,1748520,5427439,-41.29083864,174.7737435
Wellington City,WILLIS ST,, ,I,GHUZNEE ST,2455354,31/10/04,Sun,1000,MG,CN1C,371A ,,R,D,O ,F ,M,T,C,50,0,0,0,,,1748446,5427272,-41.29235583,174.7729009
Wellington City,WILLIS ST,30,S, ,LAMBTON QUAY,2452296,18/05/04,Tue,1930,EE,CN1X,374B ,M,R,D,DO,F , ,N,N,50,0,0,0,,,1748728,5427895,-41.28669478,174.7761151
Wellington City,WILLIS ST,100,S, ,LAMBTON QUAY,2412270,2/07/04,Fri,820,NA,VN1E,370A 712B ,,R,D,B ,F , ,N,L,50,0,0,1,33,,1748699,5427831,-41.28727634,174.7757846
Wellington City,WILLIS ST,10,S, ,MANNERS ST,2452350,7/05/04,Fri,930,MO,TS1C,200A 371A ,M,R,D,OF,F ,X,N,C,50,0,0,0,,,1748599,5427614,-41.2892485,174.7746438
Wellington City,WILLIS ST,15,N, ,MERCER ST,2456214,21/09/04,Tue,1330,MO,TN1,371A 386A ,S,R,D,O ,F ,T,T,C,50,0,0,0,,,1748659,5427741,-41.28809402,174.7753291
Wellington City,WILLIS ST,60,N, ,MERCER ST,2454688,20/06/04,Sun,1400,MO,XN1V,386A ,M,R,D,O ,F , ,N,C,50,0,0,0,,,1748677,5427782,-41.28772156,174.7755339
Wellington City,WILLIS ST,60,N, ,MERCER ST,2455962,6/12/04,Mon,1120,EA,BN1V,129A 386A ,M,R,D,B ,F , ,N,C,50,0,0,0,,,1748677,5427782,-41.28772156,174.7755339
Wellington City,WILLIS ST,, ,I,MERCER ST,2412503,6/08/04,Fri,2300,ND,CN1E,718B ,,R,D,DO,F ,T,T,R,50,0,0,1,,,1748653,5427727,-41.28822117,174.7752609
Wellington City,WILLIS ST,100,S, ,VIVIAN ST,2452143,8/04/04,Thu,846,AC,CN1T,170A 340A 372A ,,R,D,B ,F , ,N,C,50,0,0,0,,,1748330,5427015,-41.29469105,174.7715787
Wellington City,WILLIS ST,50,N, ,WEBB ST,2412446,9/08/04,Mon,800,CA,MN1,132A 135A 801 ,,R,W,O ,LF, ,N,C,50,0,0,1,,,1748249,5426830,-41.29637157,174.7706568
Wellington City,WILLIS ST,, ,I,WEBB ST,2453249,27/05/04,Thu,1750,FF,CS1C,370A ,,R,W,TO,L ,T,T,C,50,0,0,0,,,1748229,5426784,-41.2967894,174.7704292
Wellington City,WILLIS ST,, ,I,WEBB ST,2456518,29/12/04,Wed,1250,GF,CW2B,124B ,,R,D,B ,F ,T,T,C,50,0,0,0,,,1748229,5426784,-41.2967894,174.7704292
Wellington City,WILLIS ST,, ,I,WILLESTON ST,2413094,10/11/04,Wed,1724,NA,BS1E,711B ,,R,D,B ,F ,X,N,C,50,0,0,1,24,,1748740,5427923,-41.28644047,174.7762515
Wellington City,WILLOWBANK ROAD,360,S, ,MAIN ROAD,2412068,18/06/04,Fri,1305,DB,CN1,111A 132A ,P,M,W,O ,L , ,N,C,50,0,0,1,,,1753364,5438674,-41.18878129,174.8287438
Wellington City,WILTON BUSH ROAD,20,S, ,CHURCHILL DRIVE,2453192,5/07/04,Mon,1655,BA,CS1V,514A 517A ,T,R,D,DO,F , ,N,N,50,0,0,0,,,1747686,5430544,-41.2630357,174.7630351
Wellington City,WILTON ROAD,, ,I,GLOUCESTER ST,2456508,22/11/04,Mon,1515,JA,VE1C,301B 375B ,,M,D,B ,F ,T,S,C,50,0,0,0,,,1747166,5429976,-41.26824461,174.7569674
Wellington City,WILTON ROAD,, ,I,SURREY ST,2412689,2/09/04,Thu,810,GD,BN1CC,331A 352A ,,R,D,B ,F ,T,N,C,50,0,0,1,,,1746983,5429657,-41.27115007,174.7548605
Wellington City,WOODMAN DRIVE,380,N, ,PIKITANGA CLOSE,2413424,15/12/04,Wed,1350,DA,CW1,111A 402A ,E,M,D,O ,F , ,N,C,50,0,0,2,,,1753986,5440964,-41.16804569,174.8355812
Wellington City,WOODMAN DRIVE,400,N, ,PIKITANGA CLOSE,2452451,21/05/04,Fri,2305,EA,CW1C,129A 330A 410A 832 ,M,E,D,DO,F , ,N,N,50,0,0,0,,,1754004,5440972,-41.16797025,174.8357936
Wellington City,WOODRIDGE DRIVE,, ,I,GLENWOOD GROVE,2413325,8/12/04,Wed,750,LB,CS1C,303B 377B ,,R,D,O ,F ,T,N,C,50,0,0,1,,,1753520,5435165,-41.22034436,174.8314841
Wellington City,WOODRIDGE DRIVE,, ,I,KENTWOOD DRIVE,2455574,24/10/04,Sun,1728,JA,CN1C,304A 370A 904 ,,R,W,O ,M ,T,N,C,50,0,0,0,,,1753612,5435404,-41.21817512,174.832521