TLA NAME,CRASH ROAD,CRASH DIST,CRASH DIRN,INTSN,SIDE ROAD,CRASH ID,CRASH DATE,CRASH DOW,CRASH TIME,MVMT,VEHICLES,CAUSES,OBJECTS STRUCK,ROAD CURVE,ROAD WET,LIGHT,WTHRa,JUNC TYPE,TRAF CTRL,ROAD MARK,SPD LIM,CRASH FATAL CNT,CRASH SEV CNT,CRASH MIN CNT,PERS AGE1,PERS AGE2,EASTING,NORTHING,latitude,longitude
Wellington City,Z CPK,40,E, ,BUNNY/FEATHERSTON,2452043,6/05/04,Thu,,MO,VW1C,129A ,,R,D,B ,F , ,N,C,50,0,0,0,,,1749043,5428687,-41.27950596,174.7796813
Wellington City,Z CPK,, ,A,TARANAKI/DIXON,2450401,11/01/04,Sun,600,MO,VN1C,103A 371A ,M,R,D,DO,F , ,N,N,50,0,0,0,,,1748919,5427211,-41.29281792,174.7785623
Wellington City,Z CPK,20,S, ,VIVIAN/WILLIS,2454083,2/08/04,Mon,936,MO,VE1X,371A ,,R,W,O ,L , ,N,C,50,0,0,0,,,1748366,5427088,-41.29402718,174.7719907
Wellington City,Z CPK AIRPORT,, ,A,ACCESS ROAD,2455893,27/11/04,Sat,545,MO,XN1X,385A ,,R,D,DO,F , ,N,N,50,0,0,0,,,1751672,5423129,-41.32905654,174.812444
Wellington City,Z CPK BLUE BRIDGE FERRY,, ,A,WATERLOO/BUNNY,2451419,10/03/04,Wed,300,MO,BW1C,386A ,,E,D,DO,F , ,N,N,50,0,0,0,,,1749059,5428468,-41.28147476,174.7799258
Wellington City,Z CPK COPTHORNE,, ,A,GILMER TERRACE,2452806,2/06/04,Wed,1026,MO,CE1V,371B ,,R,D,O ,F , ,N,N,50,0,0,0,,,1748583,5427978,-41.28597419,174.774364
Wellington City,Z CPK COUNTDOWN,, ,A,BRODERICK/GOTHIC,2452573,17/04/04,Sat,1130,MO,CS1CCC,386A 507A ,M,R,D,O ,F , ,N,N,50,0,0,0,,,1751348,5434932,-41.22285129,174.8056424
Wellington City,Z CPK DRESSMART,130,N, ,MAIN/BOSCOBEL NTH,2454072,31/08/04,Tue,1345,EC,CS1,358A ,P,R,D,B ,F , ,N,N,50,0,0,0,,,1753100,5439257,-41.18358227,174.8254516
Wellington City,Z CPK GYM,80,E, ,BRODERICK/GOTHIC,2456642,6/11/04,Sat,1050,MO,TE1C,371A ,M,R,D,B ,F , ,N,N,50,0,0,0,,,1751371,5434748,-41.22450361,174.8059622
Wellington City,Z CPK JAMES SMITH,, ,A,WAKEFIELD,2452027,9/04/04,Fri,1445,MO,CN1C,371A ,G,R,D,B ,F , ,N,N,50,0,0,0,,,1748911,5427462,-41.29055953,174.7784054
Wellington City,Z CPK JAMES SMITH,, ,A,WAKEFIELD/OPERA HOUSE,2451952,20/03/04,Sat,1500,MO,CS1C,386A ,M,E,D,B ,F , ,N,N,50,0,0,0,,,1748913,5427446,-41.29070322,174.7784332
Wellington City,Z CPK JOHNSONVILLE MALL,, ,A,JOHNSONVILLE/BRODERICK,2453650,25/07/04,Sun,1109,MO,TW1C,110A 357A ,,R,D,B ,F , ,N,N,50,0,0,0,,,1751400,5434781,-41.22420107,174.8062999
Wellington City,Z CPK KARORI MALL,25,N, ,RAINE/KARORI,2411329,5/01/04,Mon,1327,MO,CN1,423A ,C,R,D,B ,F , ,N,P,50,0,0,1,,,1745531,5428279,-41.28382,174.7378617
Wellington City,Z CPK LIBRARY,, ,A,HARRIS ST,2452344,16/04/04,Fri,1200,MO,CN1C,386A ,,R,D,B ,F , ,N,N,50,0,0,0,,,1748795,5427743,-41.28805095,174.776952
Wellington City,Z CPK LOMBARD,, ,A,VICTORIA/BOND,2450760,23/01/04,Fri,1600,DB,CN1CCC,111A ,KMM,S,D,B ,F , ,N,N,50,0,0,0,,,1748743,5427531,-41.28996927,174.7763831
Wellington City,Z CPK MOUNT COOK SCHOOL,20,S, ,TORY/FRANCIS,2455921,25/11/04,Thu,1050,MO,CN1C,371A ,,R,D,B ,F , ,N,N,50,0,0,0,,,1748923,5426685,-41.29755298,174.7787387
Wellington City,Z CPK MOUNT VIC LOOKOUT,90,S, ,ALEXANDRA LOOKOUT ROAD,2455806,21/11/04,Sun,1130,MO,CN1M,371A 926 ,M,R,D,B ,F , ,N,N,50,0,0,0,,,1750181,5426739,-41.29683369,174.7937439
Wellington City,Z CPK NEW WORLD,, ,A,CHAFFERS ST,2452133,4/04/04,Sun,1420,MO,CN1C,371A 386A ,M,R,D,B ,F , ,N,C,50,0,0,0,,,1749345,5427272,-41.29219,174.7836327
Wellington City,Z CPK NEW WORLD,20,W, ,MEDWAY/THE PARADE,2451848,25/03/04,Thu,1730,MO,CN1V,207A 514A 925 ,M,R,D,O ,F ,D,N,N,50,0,0,0,,,1748355,5422583,-41.33458964,174.7729584
Wellington City,Z CPK NEW WORLD,, ,A,WAKEFIEL/CHAFFERS,2453396,5/06/04,Sat,506,MO,VW1C,371A ,,R,D,TO,F , ,N,N,50,0,0,0,,,1749360,5427258,-41.29231328,174.7838152
Wellington City,Z CPK NEW WORLD,, ,A,WAKEFIELD/CHAFFERS,2451852,15/04/04,Thu,1630,MO,XN1C,373A 926 ,M,R,D,TO,F , ,N,N,50,0,0,0,,,1749341,5427233,-41.29254188,174.7835945
Wellington City,Z CPK PAK N SAVE,30,E, ,RONGOTAI / ONEPU,2451520,14/02/04,Sat,1330,MO,CN1C,386A ,,R,D,O ,F , ,N,C,50,0,0,0,,,1750375,5424315,-41.31862161,174.7966591
Wellington City,Z CPK PAK N SAVE,, ,A,RONGOTAI ROAD,2452668,6/06/04,Sun,1230,MO,CS1,423A ,F,R,D,B ,F , ,N,N,50,0,0,0,,,1750487,5424327,-41.31849268,174.7979937
Wellington City,Z CPK SHOPS,120,E, ,MIRAMAR/PORTSMOUTH,2451687,1/03/04,Mon,1753,MO,CN1,197A ,H,R,D,O ,F , ,N,N,50,0,0,0,,,1751877,5424651,-41.31531507,174.8145123
Wellington City,Z CPK TAYLOR PRESTON,, ,A,ABATTOIRS ROAD,2456082,1/12/04,Wed,2330,MO,CN1C,386A ,M,R,D,DO,F , ,N,N,50,0,0,0,,,1751286,5433217,-41.23830371,174.8053279
Wellington City,Z CPK THE WAREHOUSE,100,N, ,JOHNSONVILLE/BRODERICK,2450000,17/01/04,Sat,1710,MO,CE1C,371A ,,E,D,B ,F , ,N,C,50,0,0,0,,,1751356,5434903,-41.22311089,174.8057449
Wellington City,Z CPK TS AMUKURA,, ,A,EVANS BAY PARADE,2455116,2/10/04,Sat,1255,MO,CW1C,359A 423A 524A ,M,E,D,B ,F , ,N,C,50,0,0,0,,,1750709,5425757,-41.30557652,174.8002905
Wellington City,Z CPK TSW SWIM SCHOOL,30,N, ,TASMAN/RANFURLY,2452738,18/06/04,Fri,1525,MO,CE1C,385A ,M,R,W,O ,F , ,N,N,50,0,0,0,,,1748797,5426291,-41.30112357,174.7773308
Wellington City,Z CPK WGTN LIBRARY,, ,A,HARRIS ST,2456632,17/12/04,Fri,1445,MO,CW1C,386A ,M,R,D,O ,F , ,N,N,50,0,0,0,,,1748807,5427732,-41.28814778,174.7770979
Wellington City,Z CPK WOOLWORTHS,, ,A,CAMBRIDGE ST,2450958,17/03/04,Wed,1825,MO,CS1C,303B 926 ,,R,W,TO,L , ,N,N,50,0,0,0,,,1753172,5440712,-41.17046875,174.8259457
Wellington City,Z CPK WOOLWORTHS,, ,A,ONEPU ROAD,2452540,1/05/04,Sat,2230,MO,CS1C,371A ,M,R,W,DO,L , ,N,N,50,0,0,0,,,1750288,5424260,-41.31913301,174.7956338
Wellington City,Z DWAY,40,S, ,LOMBARD / BOND,2456584,25/11/04,Thu,1830,MO,VN1C,427A ,Q,R,W,TF,L , ,N,N,50,0,0,0,,,1748706,5427596,-41.28939086,174.7759255
Wellington City,Z DWAY 11 WAKELY ROAD,30,S, ,NEWLANDS ROAD,2454243,15/08/04,Sun,1137,QD,VW1,611A ,E,R,D,B ,F , ,N,R,50,0,0,0,,,1752376,5434025,-41.23082439,174.8181272
Wellington City,Z DWAY 20 HINAU,100,S, ,WAITOA ROAD,2455011,30/07/04,Fri,2200,EA,VS1C,103A 385A ,M,E,D,DN,F , ,N,N,50,0,0,0,,,1750011,5426029,-41.30325768,174.7918894
Wellington City,Z DWAY 29 MARTIN SQ,, ,A,MARTIN SQUARE,2455808,12/11/04,Fri,1620,MO,XS1C,371A ,M,R,D,O ,F , ,N,N,50,0,0,0,,,1748810,5426737,-41.29710565,174.7773769
Wellington City,Z DWAY GORDON WILSON FLAT,, ,A,THE TERRACE,2453277,15/06/04,Tue,1730,DA,CS1CC,130A 929 ,M,R,W,DO,L ,D,N,N,50,0,0,0,,,1748241,5427373,-41.29148416,174.7704291
Wellington City,Z FCT BUS INTERCHANGE,40,N, ,LAMBTON / BUNNY,2411526,4/03/04,Thu,806,EA,BS1B,373A ,Q,R,D,O ,F , ,N,R,50,0,0,2,,,1748945,5428821,-41.27831758,174.7784789
Wellington City,Z FCT MARIST ST PTS GYM,, ,A,EVANS BAY/COBHAM,2454202,26/05/04,Wed,1700,MO,VN1V,371A ,M,R,D,DN,F , ,N,N,50,0,0,0,,,1750318,5424900,-41.3133653,174.7958338
Wellington City,Z LAMBTON BUS TERMINAL,, ,A,MOLESWORTH/LAMBTON,2452471,31/05/04,Mon,1400,MO,BS1V,386A ,,E,D,O ,F , ,N,N,50,0,0,0,,,1748997,5428736,-41.27907328,174.7791203
Wellington City,ZETLAND ST,70,S, ,HARROLD ST,2456760,19/11/04,Fri,1745,EA,CN1C,357A 386A ,M,R,D,B ,F , ,N,C,50,0,0,0,,,1747213,5427324,-41.29211346,174.7581692
Wellington City,KENT TERRACE,, ,I,PIRIE ST,2412096,4/06/04,Fri,2040,QA,BS1,191A 523A ,,R,D,DO,F ,X,T,R,50,0,0,1,,,1749220,5426723,-41.29715599,174.7822751
Wellington City,1N/1050/6.856,2000,S, ,MUNGAVIN ON SBD,2452215,4/05/04,Tue,658,FD,VS1C,110A 181A ,,E,W,O ,L , ,N,R,100,0,0,0,,,1754122,5441921,-41.15940365,174.8369608
Wellington City,1N/1050/7.275,2500,S, ,MUNGAVIN OFF NBD,2456234,12/12/04,Sun,2250,AC,CN1C,372A ,C,R,D,DN,F , ,N,R,100,0,0,0,,,1753945,5441540,-41.16286755,174.8349479
Wellington City,1N/1050/8.107,2160,N, ,TAWA OFF NBD,2413441,25/12/04,Sat,2355,AA,CN1V,112A 386A ,G,R,D,DN,F , ,N,C,100,0,0,2,,,1753645,5440766,-41.16989305,174.8315679
Wellington City,1N/1050/8.131,1500,N, ,TAWA OFF SBD,2452973,3/07/04,Sat,2110,CC,CS1,134A 410A 801 ,G,R,W,DN,L , ,N,R,100,0,0,0,,,1753654,5440738,-41.17014344,174.8316822
Wellington City,1N/1050/8.267,2000,N, ,TAWA OFF NBD,2411419,23/02/04,Mon,1315,DB,CN1,109A 434A ,G,E,D,B ,F , ,N,R,100,0,0,1,,,1753615,5440609,-41.17131227,174.8312499
Wellington City,1N/1050/8.314,1300,N, ,TAWA ON NBD,2412504,3/03/04,Wed,430,DA,CN1,131A ,EFT,E,W,DN,HS, ,N,C,100,0,1,0,,,1753606,5440562,-41.17173713,174.8311544
Wellington City,1N/1050/8.414,1200,N, ,TAWA ON NBD,2412938,18/10/04,Mon,624,DA,CN1,400A 410A 801 ,C,E,W,O ,L , ,N,C,100,0,0,1,,,1753587,5440464,-41.17262306,174.8309526
Wellington City,1N/1050/8.614,1000,N, ,TAWA ON NBD,2412942,18/10/04,Mon,645,FD,VN1CV,331A ,,E,D,O ,F , ,N,R,100,0,0,1,,,1753549,5440268,-41.17439492,174.830549
Wellington City,1N/1050/9.131,500,N, ,TAWA OFF SBD,2453219,7/07/04,Wed,2220,DB,CS1,111A 135A 801 ,C,E,W,DO,H , ,N,R,100,0,0,0,,,1753429,5439766,-41.17893733,174.8292448
Wellington City,1N/1050/9.331,300,N, ,TAWA OFF SBD,2451444,28/02/04,Sat,2257,AD,CS1,111A 150A 801 ,CP,E,W,DN,L , ,N,R,100,0,0,0,,,1753389,5439572,-41.18069155,174.8288168
Wellington City,1N/1050/9.481,150,N, ,TAWA OFF SBD,2454058,4/06/04,Fri,1515,DB,VS1,102A 108A 111A 151A ,C,E,W,O ,L , ,N,R,100,0,0,0,,,1753438,5439432,-41.18194274,174.8294358
Wellington City,1N/1050/9.581,50,N, ,TAWA OFF SBD,2452851,4/06/04,Fri,1515,DB,VS1C,132A 132B ,M,E,W,O ,L , ,N,R,100,0,0,0,,,1753499,5439353,-41.18264246,174.8301825
Wellington City,1N/1050/9.594,20,N, ,TAWA ON NBD,2453304,2/07/04,Fri,2025,AC,TN1C,372A ,G,R,W,DO,L , ,N,R,100,0,0,0,,,1753488,5439343,-41.18273457,174.830054
Wellington City,1N/1050/9.631,, ,I,TAWA OFF SBD,2456122,13/12/04,Mon,1010,AA,CS1,134A 137A ,G,M,D,B ,F ,Y,N,R,100,0,0,0,,,1753531,5439314,-41.18298752,174.8305737
Wellington City,1N/1060/0.239,80,N, ,TAWA OFF NBD,2456301,30/12/04,Thu,1500,DB,CN1,135A ,G,M,W,O ,H , ,N,R,100,0,0,0,,,1753628,5438809,-41.18751582,174.8318564
Wellington City,1N/1060/0.265,, ,I,TAWA ON SBD,2455846,30/11/04,Tue,1440,KA,TS1C,300B 372B ,,E,D,B ,F ,Y,N,R,100,0,0,0,,,1753635,5438783,-41.18774858,174.8319464
Wellington City,1N/1060/0.319,, ,I,TAWA OFF NBD,2456242,18/12/04,Sat,440,CB,CN1,410A ,CPS,R,D,DO,F ,Y,G,C,100,0,0,0,,,1753602,5438733,-41.18820501,174.8315656
Wellington City,1N/1060/0.619,300,S, ,TAWA OFF NBD,2412624,11/07/04,Sun,735,DB,VN1,101A 130A 410A ,CG,E,D,DO,F , ,N,C,100,0,0,2,,,1753522,5438444,-41.19082213,174.8306847
Wellington City,1N/1060/0.719,400,S, ,TAWA OFF NBD,2450780,25/02/04,Wed,1845,QG,TN1,429A 680A ,,R,D,B ,F , ,N,R,100,0,0,0,,,1753505,5438346,-41.19170768,174.8305066
Wellington City,1N/1060/0.726,1300,N, ,CHURTON PARK ON NBD,2456129,12/12/04,Sun,637,DB,CN1,134A 350A ,E,E,D,B ,F , ,N,R,100,0,0,0,,,1753504,5438338,-41.1917799,174.8304967
Wellington City,1N/1060/0.919,600,S, ,TAWA OFF NBD,2453416,16/06/04,Wed,703,EB,CN1C,378A 831 ,Q,E,W,DO,L , ,N,R,100,0,0,0,,,1753455,5438154,-41.1934458,174.8299588
Wellington City,1N/1060/0.969,650,S, ,TAWA OFF NBD,2412334,16/06/04,Wed,700,DB,CN1,131A 412A ,C,E,W,DO,L , ,N,R,100,0,0,1,,,1753427,5438112,-41.19382924,174.8296356
Wellington City,1N/1060/1.235,800,N, ,CHURTON PARK OFF SBD,2451842,22/03/04,Mon,1514,AA,TS1V,372A ,,M,D,B ,F , ,N,R,100,0,0,0,,,1753236,5437952,-41.19530593,174.8273991
Wellington City,1N/1060/1.319,1000,S, ,TAWA OFF NBD,2411637,29/03/04,Mon,1800,AD,CN1C,129A 134A ,GC,E,D,B ,F , ,N,R,100,0,0,1,,,1753148,5437904,-41.19575474,174.8263622
Wellington City,1N/1060/1.876,150,N, ,CHURTON PARK ON NBD,2455339,6/10/04,Wed,1325,ED,TN1T,111A 337A 817 ,Q,E,D,B ,F , ,N,R,100,0,0,0,,,1752920,5437407,-41.20027248,174.8237688
Wellington City,1N/1060/1.965,1700,S, ,TAWA ON SBD,2450222,1/01/04,Thu,730,DA,CS1,103A 410A ,S,E,D,O ,F , ,N,R,100,0,0,0,,,1752904,5437324,-41.20102278,174.8235988
Wellington City,1N/1060/2.015,20,N, ,CHURTON PARK OFF SBD,2454899,5/10/04,Tue,114,DB,CS1,132A 801 ,CP,E,W,DO,H , ,N,R,100,0,0,0,,,1752883,5437279,-41.2014319,174.8233597
Wellington City,1N/1060/2.015,20,N, ,CHURTON PARK OFF SBD,2450953,18/02/04,Wed,1040,FD,CS1C,112A 181A ,,R,D,O ,FS, ,N,R,100,0,0,0,,,1752883,5437279,-41.2014319,174.8233597
Wellington City,1N/1060/2.035,, ,I,CHURTON PARK OFF SBD,2456380,26/12/04,Sun,1315,GB,CS1V,172B ,,R,D,ON,F ,Y,N,R,100,0,0,0,,,1752875,5437261,-41.20159547,174.8232688
Wellington City,1N/1060/2.869,, ,I,CHURTON PARK OFF NBD,2411681,8/04/04,Thu,1137,CC,CN1,103A 132A 410A ,I,R,W,O ,L ,Y,N,R,100,0,0,1,,,1752353,5436619,-41.20747402,174.8172061
Wellington City,1N/1060/2.899,30,S, ,CHURTON PARK OFF NBD,2453492,20/07/04,Tue,1520,FD,VN1C,181A 817 ,,R,W,O ,L , ,N,R,100,0,0,0,,,1752341,5436592,-41.20771937,174.8170698
Wellington City,1N/1060/2.999,150,S, ,CHURTON PARK ON SBD,2453785,29/07/04,Thu,719,FD,VS1C,132A 181A ,,R,W,O ,L , ,N,R,100,0,0,0,,,1752316,5436499,-41.20856139,174.8167949
Wellington City,1N/1060/3.63,600,N, ,JOHNSONVILLE OFF SBD,2411153,9/01/04,Fri,840,DA,CS1,131A 359A ,G,E,W,O ,M , ,N,C,100,0,0,1,,,1752054,5435926,-41.21376958,174.8138139
Wellington City,1N/1060/3.83,400,N, ,JOHNSONVILLE OFF SBD,2411692,5/05/04,Wed,1910,FD,CS1CC,137A 191B ,,R,D,DO,F , ,N,C,100,0,0,1,,,1751968,5435746,-41.21540634,174.8128332
Wellington City,1N/1060/3.83,400,N, ,JOHNSONVILLE OFF SBD,2452537,27/05/04,Thu,650,FD,CS1CVC,331A 181D ,,R,D,DN,F , ,N,C,100,0,0,0,,,1751968,5435746,-41.21540634,174.8128332
Wellington City,1N/1060/3.869,1000,S, ,CHURTON PARK OFF NBD,2456121,12/12/04,Sun,735,FA,CN1C,117A 331A 352A ,,M,D,B ,F , ,N,R,100,0,0,0,,,1751933,5435711,-41.21572803,174.8124246
Wellington City,1N/1060/4.13,100,N, ,JOHNSONVILLE OFF SBD,2411683,14/04/04,Wed,1108,AD,CS1,128A 130A ,P,R,D,B ,F , ,N,C,100,0,0,1,,,1751837,5435475,-41.21787084,174.8113386
Wellington City,1N/1060/4.13,100,N, ,JOHNSONVILLE ON NBD,2412717,10/09/04,Fri,455,CB,CN1,103A 129A 632A ,C,R,D,DN,F , ,N,R,100,0,1,0,,,1751820,5435476,-41.21786503,174.8111357
Wellington City,1N/1060/4.21,20,N, ,JOHNSONVILLE ON NBD,2452672,4/06/04,Fri,1900,CA,CN1V,137A ,,R,W,DO,LS, ,N,R,100,0,0,0,,,1751786,5435404,-41.21851965,174.8107481
Wellington City,1N/1060/4.23,, ,I,JOHNSONVILLE OFF SBD,2455798,12/11/04,Fri,300,CC,CS1,103A 129A ,G,R,D,DO,F ,Y,N,C,100,0,0,0,,,1751794,5435385,-41.21868921,174.8108482
Wellington City,1N/1060/4.23,, ,I,JOHNSONVILLE ON NBD,2450301,29/01/04,Thu,1350,KA,VN1V,300B 817 ,,R,D,B ,F ,Y,N,R,100,0,0,0,,,1751777,5435386,-41.2186834,174.8106453
Wellington City,1N/1060/4.579,30,S, ,HELSTON OBR,2455338,8/10/04,Fri,1150,FD,CN1C,181A ,,E,D,B ,F , ,N,R,100,0,0,0,,,1751638,5435066,-41.22159054,174.8090673
Wellington City,1N/1060/4.756,200,S, ,HELSTON OBR,2453969,18/08/04,Wed,2149,EC,CS1,341A 370A 822 ,DLS,R,W,DO,L , ,N,R,100,0,0,0,,,1751632,5434893,-41.22314925,174.8090387
Wellington City,1N/1060/5.192,200,N, ,JOHNSONVILLE OFF NBD,2455096,11/10/04,Mon,1820,FD,CN1CC,358A 181C ,,R,D,B ,F , ,N,R,80,0,0,0,,,1751537,5434466,-41.2270115,174.8080117
Wellington City,1N/1060/5.192,200,N, ,JOHNSONVILLE OFF NBD,2411964,30/04/04,Fri,1151,FD,CN1CC,378A 196B 831 ,,M,D,B ,F , ,N,C,80,0,0,1,,,1751537,5434466,-41.2270115,174.8080117
Wellington City,1N/1060/5.392,, ,I,JOHNSONVILLE OFF NBD,2456544,5/12/04,Sun,1700,DB,CN1,133A ,P,E,W,OO,H ,Y,N,C,80,0,0,0,,,1751594,5434278,-41.22869345,174.8087381
Wellington City,1N/1060/5.392,, ,I,JOHNSONVILLE OFF NBD,2456420,16/12/04,Thu,2005,DB,CN1,111A 135A 337A 801 ,G,E,W,ON,L ,Y,N,R,80,0,0,0,,,1751594,5434278,-41.22869345,174.8087381
Wellington City,1N/1060/5.442,50,S, ,JOHNSONVILLE OFF NBD,2455458,25/10/04,Mon,10,DB,VN1,135A 801 ,P,E,W,DO,F , ,N,R,80,0,0,0,,,1751618,5434235,-41.2290761,174.809035
Wellington City,1N/1060/5.492,100,S, ,JOHNSONVILLE OFF NBD,2455422,30/10/04,Sat,1130,AC,CN1C,159A 137B ,G,M,D,O ,F , ,N,R,100,0,0,0,,,1751643,5434191,-41.22946756,174.8093441
Wellington City,1N/1060/5.542,150,S, ,JOHNSONVILLE OFF NBD,2412975,29/10/04,Fri,1245,DB,CN1,133A 135A 801 ,G,M,W,O ,F , ,N,R,80,0,1,0,,,1751668,5434148,-41.22985002,174.8096529
Wellington City,1N/1060/5.592,200,S, ,JOHNSONVILLE OFF NBD,2455575,29/10/04,Fri,1600,DB,VN1,136A 610A ,G,E,W,TF,L , ,N,C,80,0,0,0,,,1751686,5434101,-41.23026981,174.8098793
Wellington City,1N/1060/5.592,200,S, ,JOHNSONVILLE OFF NBD,2455576,18/10/04,Mon,720,FF,CN1CCC,111A 331C 831 ,GG,M,W,O ,LS, ,N,C,80,0,0,0,,,1751686,5434101,-41.23026981,174.8098793
Wellington City,1N/1060/5.692,300,S, ,JOHNSONVILLE OFF NBD,2450359,21/01/04,Wed,1635,DB,CN1,111A ,G,M,W,O ,H , ,N,R,80,0,0,0,,,1751687,5434002,-41.23116095,174.8099158
Wellington City,1N/1060/5.757,, ,A,JOHNSONVILLE ON SBD,2411830,7/04/04,Wed,1050,DA,CS1,121A 402A 901 903 ,G,E,W,O ,HS,Y,N,R,80,0,0,1,,,1751683,5433943,-41.2316929,174.8098827
Wellington City,1N/1060/5.787,100,N, ,NEWLANDS ON NBD,2452134,27/04/04,Tue,1449,DB,CN1CC,111A 133A 801 ,G,M,W,O ,L , ,N,R,80,0,0,0,,,1751641,5433920,-41.23190785,174.8093875
Wellington City,1N/1060/5.887,, ,I,NEWLANDS ON NBD,2452949,12/06/04,Sat,1200,FA,CN2C,331A 387A ,,M,W,B ,F ,Y,N,R,80,0,0,0,,,1751578,5433843,-41.23261292,174.8086553
Wellington City,1N/1060/5.957,200,S, ,JOHNSONVILLE ON SBD,2453668,27/07/04,Tue,811,FD,CS1C,135A 181A 801 ,,R,W,O ,H , ,N,R,80,0,0,0,,,1751554,5433790,-41.2330946,174.8083822
Wellington City,1N/1060/6.051,50,S, ,NEWLANDS ON SBD,2450945,16/02/04,Mon,1330,FD,CS1C,110A 801 901 ,,R,W,O ,HS, ,N,R,80,0,0,0,,,1751494,5433719,-41.23374508,174.8076842
Wellington City,1N/1060/6.143,100,N, ,NEWLANDS OFF NBD,2456146,5/12/04,Sun,1955,DB,CN1,111A 133A 403A ,G,E,W,O ,HS, ,N,R,80,0,0,0,,,1751415,5433647,-41.23440811,174.8067599
Wellington City,1N/1060/6.201,200,S, ,NEWLANDS ON SBD,2453354,16/07/04,Fri,1410,FD,CS1CC,181A ,,R,W,O ,MS, ,N,R,80,0,0,0,,,1751397,5433605,-41.23478963,174.8065556
Wellington City,1N/1060/6.217,1000,N, ,TYERS ROAD,2453637,29/07/04,Thu,920,DA,VN1,132A 135A 801 ,G,E,W,O ,H , ,N,R,80,0,0,0,,,1751367,5433590,-41.23493029,174.8062015
Wellington City,1N/1060/6.243,, ,I,NEWLANDS OFF NBD,2451060,17/02/04,Tue,1025,AA,TN1C,372A ,,R,W,O ,H ,Y,N,R,80,0,0,0,,,1751351,5433570,-41.23511335,174.8060157
Wellington City,1N/1060/6.401,400,S, ,NEWLANDS ON SBD,2453346,20/07/04,Tue,1040,AA,VS1C,381A 817 ,G,R,D,O ,M , ,N,R,80,0,0,0,,,1751303,5433431,-41.2363738,174.8054776
Wellington City,1N/1060/6.501,500,S, ,NEWLANDS ON SBD,2452557,1/06/04,Tue,1400,AA,VS1T,372A 671A ,,E,D,O ,F , ,N,R,80,0,0,0,,,1751296,5433332,-41.23726645,174.8054187
Wellington City,1N/1060/6.617,, ,I,ABATTOIRS ROAD,2452707,11/06/04,Fri,2307,DA,CN1,410A ,P,M,D,DO,F ,T,G,R,80,0,0,0,,,1751312,5433216,-41.23830785,174.8056382
Wellington City,1N/1060/6.617,, ,I,ABATTOIRS ROAD,2450928,28/02/04,Sat,1835,DA,CN1,111A 801 901 ,CP,M,W,O ,H ,T,G,R,80,0,0,0,,,1751312,5433216,-41.23830785,174.8056382
Wellington City,1N/1060/6.651,650,S, ,NEWLANDS ON SBD,2411580,29/02/04,Sun,945,AD,VS1,111A 137A ,G,M,W,O ,F , ,N,R,80,0,0,1,,,1751346,5433193,-41.23850856,174.8060495
Wellington City,1N/1060/6.761,600,N, ,CENTENNIAL NBD,2453860,28/07/04,Wed,1835,FD,CN1C,112A 181A ,,R,W,DO,HS, ,N,R,100,0,0,0,,,1751407,5433109,-41.23925343,174.8067979
Wellington City,1N/1060/6.801,800,S, ,NEWLANDS ON SBD,2411301,11/02/04,Wed,1820,FD,CS1CCC,181A 901 ,,M,W,O ,HS, ,N,R,80,0,0,1,,,1751455,5433090,-41.23941551,174.8073751
Wellington City,1N/1060/6.801,800,S, ,NEWLANDS ON SBD,2454664,15/09/04,Wed,1725,DB,CS1,111A 132A 402A 901 ,,E,W,O ,H , ,N,R,80,0,0,0,,,1751455,5433090,-41.23941551,174.8073751
Wellington City,1N/1060/6.925,350,N, ,CENTENNIAL SBD,2451078,16/02/04,Mon,1405,AA,TS1CVV,197A 159B 801 ,GG,E,W,O ,L , ,N,R,80,0,0,0,,,1751549,5433010,-41.24011817,174.8085162
Wellington City,1N/1060/6.967,250,N, ,TYERS ROAD,2412099,4/06/04,Fri,1209,FA,CN1CC,331A 353A 651C ,,E,W,O ,L , ,N,R,80,0,0,1,,,1751560,5432973,-41.24044923,174.8086566
Wellington City,1N/1060/6.975,300,N, ,CENTENNIAL SBD,2455230,13/10/04,Wed,830,AA,CS1C,372A 386A ,,M,D,O ,F , ,N,R,80,0,0,0,,,1751580,5432971,-41.24046349,174.8088957
Wellington City,1N/1060/7.017,200,N, ,TYERS ROAD,2451326,2/04/04,Fri,853,DA,CN1,103A 136A 631A ,G,E,W,O ,L , ,N,R,80,0,0,0,,,1751590,5432933,-41.24080374,174.8090244
Wellington City,1N/1060/7.074,200,N, ,CENTENNIAL SBD,2411202,8/01/04,Thu,903,AF,CS1VC,137A 181B ,G,E,W,O ,L , ,N,R,80,0,0,1,,,1751642,5432892,-41.24116313,174.8096548
Wellington City,1N/1060/7.074,200,N, ,CENTENNIAL SBD,2450951,27/02/04,Fri,723,FD,CS1CC,181A 110C ,,R,D,O ,F , ,N,C,80,0,0,0,,,1751642,5432892,-41.24116313,174.8096548
Wellington City,1N/1060/7.075,200,N, ,CENTENNIAL SBD,2412100,10/06/04,Thu,1246,AC,TS1C,372A 671A ,G,R,D,B ,F , ,N,R,100,0,0,1,,,1751642,5432892,-41.24116313,174.8096548
Wellington City,1N/1060/7.117,100,N, ,TYERS ROAD,2451873,8/04/04,Thu,1950,FD,CN1C,331A 353A ,,M,W,DO,L , ,N,R,80,0,0,0,,,1751652,5432855,-41.24149438,174.8097833