TLA NAME,CRASH ROAD,CRASH DIST,CRASH DIRN,INTSN,SIDE ROAD,CRASH ID,CRASH DATE,CRASH DOW,CRASH TIME,MVMT,VEHICLES,CAUSES,OBJECTS STRUCK,ROAD CURVE,ROAD WET,LIGHT,WTHRa,JUNC TYPE,TRAF CTRL,ROAD MARK,SPD LIM,CRASH FATAL CNT,CRASH SEV CNT,CRASH MIN CNT,PERS AGE1,PERS AGE2,EASTING,NORTHING,latitude,longitude
Wellington City,1N/1060/7.117,100,W, ,TYERS ROAD,2452028,7/04/04,Wed,710,FD,CS1CCC,331A 181B 181C 181D 901 903 ,,E,W,O ,HS, ,N,R,80,0,0,0,,,1751652,5432855,-41.24149438,174.8097833
Wellington City,1N/1060/7.174,100,W, ,CENTENNIAL SBD,2456441,21/12/04,Tue,800,FD,VE1T,181A 191B ,,R,D,O ,F , ,N,R,80,0,0,0,,,1751714,5432824,-41.24176185,174.8105305
Wellington City,1N/1060/7.175,100,N, ,CENTENNIAL SBD,2452937,18/06/04,Fri,850,FD,CS1VC,181A ,,E,W,O ,H , ,N,R,80,0,0,0,,,1751714,5432823,-41.24177085,174.8105308
Wellington City,1N/1060/7.175,100,N, ,CENTENNIAL SBD,2452046,2/04/04,Fri,643,AC,TS1C,381A 687A ,G,R,W,TO,L , ,N,R,80,0,0,0,,,1751714,5432823,-41.24177085,174.8105308
Wellington City,1N/1060/7.216,, ,I,TYERS ROAD,2453151,9/07/04,Fri,1540,FD,CN1V,331A 352A ,,E,D,B ,F ,T,G,R,100,0,0,0,,,1751729,5432793,-41.24203814,174.8107172
Wellington City,1N/1060/7.216,, ,I,TYERS ROAD,2456330,6/12/04,Mon,1145,EC,CW1VVC,370A 191B 181D 912 ,WW,R,D,O ,F ,T,N,R,80,0,0,0,,,1751729,5432793,-41.24203814,174.8107172
Wellington City,1N/1060/7.236,20,S, ,TYERS ROAD,2413075,12/11/04,Fri,1625,AA,MN1C,372A ,,R,D,B ,F , ,N,C,80,0,1,0,,,1751747,5432785,-41.24210679,174.8109339
Wellington City,1N/1060/7.242,1000,S, ,NEWLANDS OFF NBD,2454162,16/08/04,Mon,1740,FA,CN1C,181A 191B ,,E,D,OO,H , ,N,R,80,0,0,0,,,1751753,5432782,-41.24213267,174.8110062
Wellington City,1N/1060/7.309,, ,A,NIMT OBR,2413002,16/10/04,Sat,1350,DA,CS1,111A 135A ,GP,E,W,O ,F , ,N,C,100,0,0,1,,,1751832,5432761,-41.24230691,174.8119537
Wellington City,1N/1060/7.324,50,S, ,CENTENNIAL SBD,2453649,11/06/04,Fri,416,DA,CE1,111A 135A 801 ,GT,E,W,DO,L , ,N,R,100,0,0,0,,,1751846,5432754,-41.24236731,174.8121225
Wellington City,1N/1060/7.331,30,W, ,CENTENNIAL NBD,2450963,16/02/04,Mon,1434,CC,TN1CC,191A 181B 197C 801 ,,R,W,O ,H , ,N,R,80,0,0,0,,,1751833,5432745,-41.24245078,174.8119696
Wellington City,1N/1060/7.354,80,S, ,CENTENNIAL SBD,2452521,1/05/04,Sat,2150,DA,CS1,111A ,G,M,W,DO,L , ,N,C,100,0,0,0,,,1751873,5432741,-41.24247928,174.8124478
Wellington City,1N/1060/7.374,100,S, ,CENTENNIAL SBD,2456421,16/12/04,Thu,1745,DA,CE1,103A 111A ,G,E,W,O ,LS, ,N,R,100,0,0,0,,,1751890,5432731,-41.24256612,174.812653
Wellington City,1N/1060/7.416,200,S, ,TYERS ROAD,2450929,28/02/04,Sat,10,DB,CN1,111A 131A 801 ,G,M,W,DO,L , ,N,R,100,0,0,0,,,1751907,5432703,-41.24281502,174.8128628
Wellington City,1N/1060/7.454,180,E, ,CENTENNIAL SBD,2453726,30/04/04,Fri,100,DA,CS1,111A 135A 812 ,G,M,W,DO,F , ,N,R,100,0,0,0,,,1751953,5432681,-41.24300445,174.813417
Wellington City,1N/1060/7.461,100,S, ,CENTENNIAL NBD,2452709,11/06/04,Fri,427,DB,CN1,137A 330A 901 ,G,M,W,DO,H , ,N,R,100,0,0,0,,,1751941,5432674,-41.24306973,174.8132756
Wellington City,1N/1060/7.566,350,E, ,TYERS ROAD,2454595,24/04/04,Sat,1444,AA,TN1V,434A 512A 150B ,G,E,D,B ,F , ,N,R,100,0,0,0,,,1752000,5432588,-41.24383293,174.8140008
Wellington City,1N/1060/7.756,500,N, ,SH 2,2453942,28/07/04,Wed,1845,FF,CN1C,181A 386A ,,E,W,DO,H , ,N,R,100,0,0,0,,,1752049,5432406,-41.24546232,174.8146306
Wellington City,1N/1060/8.047,250,E, ,SH 2,2455337,23/10/04,Sat,1150,AA,CS1C,372A ,G,E,D,O ,F , ,N,R,100,0,0,0,,,1751996,5432136,-41.24790319,174.8140656
Wellington City,1N/1060/8.047,250,N, ,SH 2,2413458,30/12/04,Thu,1600,FF,CS1C,117A 378A 801 831 901 ,,M,W,O ,H , ,N,C,100,0,0,2,,,1751996,5432136,-41.24790319,174.8140656
Wellington City,1N/1060/8.097,200,E, ,SH 2,2456582,30/12/04,Thu,1558,FF,CS1C,111A 331A 196B 901 ,,M,W,O ,H , ,N,C,100,0,0,0,,,1751960,5432101,-41.24822507,174.8136449
Wellington City,1N/1060/8.097,200,E, ,SH 2,2456579,31/12/04,Fri,1555,DA,CS1,111A 135A 801 901 ,G,M,W,O ,H , ,N,C,100,0,0,0,,,1751960,5432101,-41.24822507,174.8136449
Wellington City,1N/1060/8.147,150,E, ,SH 2,2412568,16/08/04,Mon,1030,QG,TS1CCC,682A 181B ,,E,D,O ,S , ,N,C,100,0,0,1,,,1751920,5432072,-41.24849368,174.8131749
Wellington City,1N/1060/8.147,150,N, ,SH 2,2451050,2/03/04,Tue,1000,FD,TS1CCT,136A 652A ,,E,D,O ,F , ,N,R,100,0,0,0,,,1751920,5432072,-41.24849368,174.8131749
Wellington City,1N/1060/8.156,100,N, ,SH 2,2451546,2/04/04,Fri,1720,AA,MN1C,372A ,,R,D,TF,F , ,N,C,100,0,0,0,,,1751851,5432080,-41.24843462,174.8123498
Wellington City,1N/1060/8.256,, ,I,SH 2,2455238,16/09/04,Thu,1740,AA,CN1C,170A 372A ,,E,D,O ,LS,Y,N,R,100,0,0,0,,,1751775,5432014,-41.24904311,174.8114596
Wellington City,1N/1060/8.297,, ,I,SH 2,2453807,15/07/04,Thu,820,FA,VS1C,181A 353A 372A ,,R,W,O ,L ,Y,N,R,100,0,0,0,,,1751791,5431996,-41.24920217,174.811655
Wellington City,1N/1060/8.297,, ,I,SH 2,2451107,16/03/04,Tue,751,AA,CS1T,372A ,,E,D,B ,F ,Y,N,R,100,0,0,0,,,1751791,5431996,-41.24920217,174.811655
Wellington City,1N/1068/0.02,20,S, ,SH 2,2452358,30/04/04,Fri,730,CB,CS1,132A 331A 402A ,G,R,W,O ,L , ,N,R,100,0,0,0,,,1751774,5431985,-41.2493044,174.8114549
Wellington City,1N/1068/0.1,100,S, ,SH 2,2456217,29/07/04,Thu,1515,AF,CS1,135A 137A 801 ,G,R,W,O ,F , ,N,R,100,0,0,0,,,1751708,5431940,-41.24972194,174.8106787
Wellington City,1N/1068/0.209,2300,N, ,AOTEA ON NBD,2454035,26/03/04,Fri,750,FA,CN1VC,181A 331A ,G,E,D,BF,F , ,N,R,100,0,0,0,,,1751605,5431893,-41.25016442,174.8094617
Wellington City,1N/1068/0.25,250,S, ,SH 2,2453878,11/06/04,Fri,840,FD,CS1C,331A ,,R,W,B ,F , ,N,R,100,0,0,0,,,1751584,5431856,-41.25050148,174.8092203
Wellington City,1N/1068/0.3,300,W, ,SH 2,2454611,30/08/04,Mon,1435,AC,TS1C,372A 671A ,,R,D,O ,F , ,N,R,100,0,0,0,,,1751542,5431828,-41.25076145,174.8087262
Wellington City,1N/1068/0.43,430,S, ,SH 2,2453738,28/07/04,Wed,1850,FA,CN1C,331A ,,R,W,DO,H , ,N,R,100,0,0,0,,,1751427,5431762,-41.25137722,174.8073707
Wellington City,1N/1068/0.509,2000,N, ,AOTEA ON NBD,2452569,29/02/04,Sun,1602,AA,CN1C,137A 820 ,,R,W,O ,L , ,N,R,100,0,0,0,,,1751372,5431706,-41.25189171,174.8067284
Wellington City,1N/1068/0.509,2000,N, ,AOTEA ON NBD,2452745,13/06/04,Sun,1450,AA,CN1C,137A ,G,R,D,O ,F , ,N,R,100,0,0,0,,,1751372,5431706,-41.25189171,174.8067284
Wellington City,1N/1068/0.6,600,S, ,SH 2,2455047,30/09/04,Thu,1649,AA,CS1,137A 372A 671A ,G,R,W,O ,F , ,N,C,100,0,0,0,,,1751322,5431626,-41.25262134,174.8061518
Wellington City,1N/1068/0.6,600,S, ,SH 2,2453199,21/06/04,Mon,1008,AC,TS1C,372A 671A ,G,E,W,B ,F , ,N,R,100,0,0,0,,,1751322,5431626,-41.25262134,174.8061518
Wellington City,1N/1068/0.8,800,S, ,SH 2,2455992,22/11/04,Mon,1200,QG,TS1C,682A ,D,R,D,B ,F , ,N,R,100,0,0,0,,,1751177,5431489,-41.25388193,174.8044559
Wellington City,1N/1068/0.9,900,W, ,SH 2,2451250,19/03/04,Fri,2100,AC,CN1C,372A 671A 137B ,G,R,D,DO,F , ,N,R,100,0,0,0,,,1751082,5431447,-41.25427783,174.8033329
Wellington City,1N/1068/1,1000,S, ,SH 2,2451048,2/03/04,Tue,1000,AC,TS1C,372A ,,R,D,B ,F , ,N,R,100,0,0,0,,,1751006,5431385,-41.25485024,174.8024415
Wellington City,1N/1068/1.334,1500,N, ,AOTEA OFF SBD,2453968,30/06/04,Wed,1550,CC,CS1,137A ,G,R,D,O ,LS, ,N,R,100,0,0,0,,,1750694,5431266,-41.25597988,174.7987486
Wellington City,1N/1068/1.709,800,N, ,AOTEA ON NBD,2413384,17/12/04,Fri,1800,FD,CN1VCV,181A ,,R,D,O ,F , ,N,R,100,0,0,1,,,1750359,5431092,-41.25760886,174.7947947
Wellington City,1N/1068/1.834,1000,N, ,AOTEA OFF SBD,2452564,8/06/04,Tue,1739,FD,CS1C,331A 353A ,,E,D,TO,F , ,N,C,100,0,0,0,,,1750275,5430998,-41.25847081,174.7938156
Wellington City,1N/1068/1.834,1000,N, ,AOTEA OFF SBD,2451241,23/03/04,Tue,1110,FF,TS1C,181A 820 ,,R,D,B ,F , ,N,R,100,0,0,0,,,1750275,5430998,-41.25847081,174.7938156
Wellington City,1N/1068/1.909,600,N, ,AOTEA ON NBD,2451420,10/02/04,Tue,1255,QG,TN1V,682A 903 ,,E,D,O ,FS, ,N,R,100,0,0,0,,,1750211,5430958,-41.25884284,174.7930619
Wellington City,1N/1068/2.009,500,N, ,AOTEA ON NBD,2452524,7/05/04,Fri,1248,CB,TN1,131A ,,E,D,B ,F , ,N,C,100,0,0,0,,,1750146,5430882,-41.25953918,174.792305
Wellington City,1N/1068/2.109,400,N, ,AOTEA ON NBD,2411749,4/04/04,Sun,2320,DA,CN1,110A 130A 400A ,G,E,D,DN,F , ,N,R,100,0,0,1,,,1750087,5430801,-41.26027942,174.791621
Wellington City,1N/1068/2.149,360,N, ,AOTEA ON NBD,2455252,24/10/04,Sun,1102,DB,CN1,101A 137A 372A ,G,E,D,O ,F , ,N,C,100,0,0,0,,,1750063,5430769,-41.26057198,174.7913425
Wellington City,1N/1068/2.209,300,N, ,AOTEA ON NBD,2454637,5/08/04,Thu,2040,AD,CN1C,104A 150A 311A ,G,E,W,DO,L , ,N,R,100,0,0,0,,,1750027,5430721,-41.26101083,174.7909248
Wellington City,1N/1068/2.209,300,N, ,AOTEA ON NBD,2412752,1/10/04,Fri,620,DA,CN1VC,129A 358A 111B 191C ,G,E,W,TO,L , ,N,R,100,0,0,1,,,1750027,5430721,-41.26101083,174.7909248
Wellington City,1N/1068/2.209,300,N, ,AOTEA ON NBD,2456012,28/10/04,Thu,1220,EA,CN1T,120A 358A ,Q,R,D,B ,F , ,N,C,100,0,0,0,,,1750027,5430721,-41.26101083,174.7909248
Wellington City,1N/1068/2.209,300,N, ,AOTEA ON NBD,2456596,17/12/04,Fri,1509,CA,CN1CC,137A 197B 198C ,DG,R,D,B ,F , ,N,R,100,0,0,0,,,1750027,5430721,-41.26101083,174.7909248
Wellington City,1N/1068/2.309,200,N, ,AOTEA ON NBD,2455599,10/10/04,Sun,1616,DA,CN1,111A 135A 801 ,G,E,W,O ,L , ,N,R,100,0,0,0,,,1749952,5430655,-41.26161898,174.7900461
Wellington City,1N/1068/2.309,200,N, ,AOTEA ON NBD,2453644,9/06/04,Wed,1740,AA,CN1M,143A ,G,R,D,TF,F , ,N,R,100,0,0,0,,,1749952,5430655,-41.26161898,174.7900461
Wellington City,1N/1068/2.309,200,N, ,AOTEA ON NBD,2412090,5/06/04,Sat,2115,CC,CN1C,137A 191A 197B ,G,R,W,DO,L , ,N,R,100,0,0,3,,,1749952,5430655,-41.26161898,174.7900461
Wellington City,1N/1068/2.319,190,E, ,AOTEA ON NBD,2453241,29/06/04,Tue,1730,FD,VN1C,181A 331A ,,R,D,TO,F , ,N,R,100,0,0,0,,,1749944,5430650,-41.26166548,174.7899519
Wellington City,1N/1068/2.409,100,N, ,AOTEA ON NBD,2454066,21/01/04,Wed,850,EC,VN1,135A 823 ,L,E,W,O ,H , ,N,R,100,0,0,0,,,1749867,5430603,-41.26210293,174.7890447
Wellington City,1N/1068/2.459,50,N, ,AOTEA ON NBD,2453786,30/07/04,Fri,2028,AA,CN1C,129A ,,E,D,DO,F , ,N,R,100,0,0,0,,,1749824,5430577,-41.26234499,174.788538
Wellington City,1N/1068/2.509,, ,I,AOTEA ON NBD,2451052,28/02/04,Sat,2309,FD,VN2VVC,110A 181A 110B 181B ,,E,W,DO,H ,Y,N,N,100,0,0,0,,,1749782,5430550,-41.26259587,174.7880435
Wellington City,1N/1068/2.509,, ,I,AOTEA ON NBD,2412518,18/07/04,Sun,2300,CC,CN1,410A ,G,R,D,DO,F ,Y,N,N,100,0,0,1,,,1749782,5430550,-41.26259587,174.7880435
Wellington City,1N/1068/2.509,, ,I,AOTEA ON NBD,2452118,23/04/04,Fri,1910,DB,CN1C,137A ,G,E,D,DN,F ,Y,N,C,100,0,0,0,,,1749782,5430550,-41.26259587,174.7880435
Wellington City,1N/1068/2.559,50,S, ,AOTEA ON NBD,2456200,20/11/04,Sat,1025,QG,VN1CCC,682A 181C 353D 372D ,,R,D,O ,F , ,N,R,100,0,0,0,,,1749748,5430513,-41.2629353,174.7876469
Wellington City,1N/1068/2.584,250,N, ,AOTEA OFF SBD,2412978,13/10/04,Wed,1900,DA,VS1,358A ,G,E,D,O ,F , ,N,R,100,0,0,1,,,1749741,5430484,-41.26319769,174.7875705
Wellington City,1N/1068/2.634,200,N, ,AOTEA OFF SBD,2450932,28/02/04,Sat,1215,FD,CS1C,181A ,,R,W,O ,H , ,N,C,100,0,0,0,,,1749711,5430443,-41.26357239,174.7872226
Wellington City,1N/1068/2.734,100,N, ,AOTEA OFF SBD,2451038,9/03/04,Tue,750,FD,VS1V,331A 410A ,,R,D,O ,F , ,N,C,100,0,0,0,,,1749651,5430363,-41.26430378,174.7865263
Wellington City,1N/1068/2.764,70,N, ,AOTEA OFF SBD,2455735,11/10/04,Mon,348,DB,CS1,111A 514A ,G,M,W,DO,F , ,N,R,100,0,0,0,,,1749635,5430338,-41.26453183,174.7863415
Wellington City,1N/1068/2.769,260,S, ,AOTEA ON NBD,2411784,13/05/04,Thu,1710,FD,CN1CC,181A 353A 191B ,,R,D,TF,F , ,N,C,100,0,0,1,,,1749622,5430346,-41.26446221,174.7861844
Wellington City,1N/1068/3.134,300,S, ,AOTEA OFF SBD,2412935,1/10/04,Fri,1106,AD,CS1TC,112A 132A ,GG,R,D,B ,F , ,N,C,100,0,0,1,,,1749396,5430055,-41.26712403,174.783559
Wellington City,1N/1068/3.2,500,N, ,MAY ON NBD,2411957,4/05/04,Tue,630,CB,CN1,135A 823 ,G,R,W,DO,H , ,N,C,100,0,1,0,,,1749347,5430014,-41.26750224,174.7829844
Wellington City,1N/1068/3.65,50,N, ,MAY ON NBD,2412525,10/08/04,Tue,1313,FF,TN1VV,331A 191B 682C ,,R,D,B ,F , ,N,R,100,0,0,1,,,1749060,5429671,-41.27064343,174.7796435
Wellington City,1N/1068/3.67,30,N, ,MAY ON NBD,2452705,18/06/04,Fri,1740,AG,CN1C,112A 132A 901 ,,R,W,DO,H , ,N,R,100,0,0,0,,,1749045,5429659,-41.27075424,174.7794674
Wellington City,1N/1068/3.7,, ,I,MAY ON NBD,2453580,16/07/04,Fri,1707,FB,VN2C,331A 353A ,,E,W,DO,H ,Y,N,R,100,0,0,0,,,1749021,5429640,-41.27092973,174.7791856
Wellington City,1N/1068/3.7,, ,I,MAY ON NBD,2455051,2/10/04,Sat,1414,KA,CN1C,144A 150A 372A 137B ,G,R,D,B ,F ,Y,N,R,100,0,0,0,,,1749021,5429640,-41.27092973,174.7791856
Wellington City,1N/1068/3.83,130,S, ,MAY ON NBD,2456659,14/12/04,Tue,1750,FD,CN1C,181A ,,E,D,B ,F , ,N,R,100,0,0,0,,,1748923,5429555,-41.2717131,174.7780369
Wellington City,1N/1068/3.993,150,N, ,TINAKORI ON NBD,2413286,15/11/04,Mon,140,DA,VN1,135A 823 901 ,G,E,W,DO,H , ,N,R,100,0,1,0,,,1748812,5429435,-41.27281397,174.7767416
Wellington City,1N/1068/4.043,100,N, ,TINAKORI ON NBD,2452541,13/06/04,Sun,1730,AA,CN1C,137A 181A ,G,R,D,TO,F , ,N,R,100,0,0,0,,,1748778,5429398,-41.27315336,174.7763448
Wellington City,1N/1068/4.451,400,N, ,TINAKORI OFF NBD,2450714,11/02/04,Wed,2035,DA,CN1,103A 111A ,G,M,W,DN,L , ,N,C,100,0,0,0,,,1748531,5429079,-41.27607093,174.7734749
Wellington City,1N/1068/4.517,200,N, ,TERRACE OFF SBD,2450959,16/02/04,Mon,1855,DB,CS1,132A 137A ,G,E,D,B ,F , ,N,R,100,0,0,0,,,1748526,5429001,-41.27677412,174.7734342
Wellington City,1N/1068/4.751,100,N, ,TINAKORI OFF NBD,2411203,10/01/04,Sat,500,CC,VN1,103A 351A ,G,R,D,DO,F , ,N,C,100,0,1,0,,,1748509,5428782,-41.27874901,174.7732847
Wellington City,1N/1068/4.767,50,S, ,TERRACE OFF SBD,2454536,17/09/04,Fri,1510,CA,VS1,406A 687A ,G,R,D,B ,F , ,N,C,100,0,0,0,,,1748526,5428752,-41.27901599,174.7734949
Wellington City,1N/1068/4.851,, ,I,TINAKORI OFF NBD,2452874,25/06/04,Fri,1010,AC,TN1C,372A ,R,E,D,B ,F ,Y,N,C,100,0,0,0,,,1748513,5428682,-41.27964862,174.7733568
Wellington City,1N/1068/4.851,, ,I,TINAKORI OFF NBD,2452701,13/06/04,Sun,1640,DB,CN1,136A 622A ,,E,D,DO,F ,Y,N,R,100,0,0,0,,,1748513,5428682,-41.27964862,174.7733568
Wellington City,1N/1068/4.901,50,S, ,TINAKORI OFF NBD,2453970,3/07/04,Sat,1725,AC,CN1C,372A 132B ,G,E,D,O ,F , ,N,C,100,0,0,0,,,1748516,5428632,-41.28009824,174.7734048
Wellington City,1N/1068/5.124,50,N, ,CLIFTON ON NBD,2412728,14/09/04,Tue,1957,AA,CN1VCC,132A 372A ,,E,W,DO,L , ,N,R,100,0,1,5,,,1748539,5428411,-41.28208378,174.7737332
Wellington City,1N/1068/5.173,, ,I,CLIFTON ON NBD,2455141,8/10/04,Fri,1235,KA,TN1C,176B 381B ,,E,D,O ,F ,Y,N,R,100,0,0,0,,,1748541,5428361,-41.28253359,174.7737693
Wellington City,1N/1068/5.306,400,N, ,NORTH PORTAL SBD,2452737,1/05/04,Sat,1545,FD,CS1C,110A 331A 801 ,,E,W,O ,L , ,N,R,100,0,0,0,,,1748521,5428219,-41.28381576,174.7735652
Wellington City,1N/1068/5.316,400,N, ,NORTH PORTAL NBD,2453583,14/07/04,Wed,49,DB,CN1,130A 359A ,G,E,D,DO,F , ,N,N,100,0,0,0,,,1748512,5428223,-41.2837814,174.7734568
Wellington City,1N/1068/5.351,500,S, ,TINAKORI OFF NBD,2454630,16/05/04,Sun,1445,AA,VN1C,372A ,,R,D,O ,F , ,N,R,100,0,0,0,,,1748499,5428190,-41.28408091,174.7733097
Wellington City,1N/1068/5.351,500,S, ,TINAKORI OFF NBD,2454623,16/05/04,Sun,1445,FD,CN1CC,331A 331B 191C 353C ,,R,D,O ,F , ,N,R,100,0,0,0,,,1748499,5428190,-41.28408091,174.7733097
Wellington City,1N/1068/5.416,300,N, ,NORTH PORTAL NBD,2450293,23/01/04,Fri,1810,FD,CN1C,181A ,,E,D,O ,F , ,N,R,100,0,0,0,,,1748474,5428130,-41.28462571,174.7730259
Wellington City,1N/1068/5.506,200,N, ,NORTH PORTAL SBD,2456770,2/10/04,Sat,1415,MG,VS1C,512B ,,R,D,B ,F , ,N,C,100,0,0,0,,,1748442,5428036,-41.28547792,174.7726669
Wellington City,1N/1068/5.506,200,N, ,NORTH PORTAL SBD,2453314,25/06/04,Fri,1815,FD,CS1CC,331A ,,R,D,DO,F , ,N,R,100,0,0,0,,,1748442,5428036,-41.28547792,174.7726669
Wellington City,1N/1068/5.516,200,N, ,NORTH PORTAL NBD,2452751,18/05/04,Tue,1711,FD,CN1CC,181A 181B 191C ,,R,D,TF,F , ,N,R,100,0,0,0,,,1748435,5428038,-41.2854612,174.7725828
Wellington City,1N/1068/5.536,170,N, ,NORTH PORTAL SBD,2413079,26/10/04,Tue,1835,FD,CS1C,331A ,,R,D,B ,F , ,N,N,100,0,0,1,,,1748430,5428008,-41.28573223,174.7725305
Wellington City,1N/1068/5.57,900,N, ,WILLIS ST,2456440,22/12/04,Wed,1756,FD,CS1CC,331A 352A ,,R,D,BN,F , ,N,R,100,0,0,0,,,1748417,5427977,-41.28601372,174.7723828
Wellington City,1N/1068/5.606,100,N, ,NORTH PORTAL SBD,2451901,3/04/04,Sat,1545,FD,CS1CC,331A 351A ,,R,D,B ,F , ,N,R,100,0,0,0,,,1748403,5427944,-41.28631341,174.7722238
Wellington City,1N/1068/5.606,100,N, ,NORTH PORTAL SBD,2450198,16/01/04,Fri,1220,FD,CS1C,181A 331A ,,R,D,B ,F , ,N,R,100,0,0,0,,,1748403,5427944,-41.28631341,174.7722238
Wellington City,1N/1068/5.606,100,N, ,NORTH PORTAL SBD,2455153,22/10/04,Fri,1039,FD,CS1CV,191A 331A 831 ,,E,D,B ,F , ,N,N,100,0,0,0,,,1748403,5427944,-41.28631341,174.7722238
Wellington City,1N/1068/5.656,50,N, ,NORTH PORTAL SBD,2455520,13/11/04,Sat,1125,FD,CS1C,331A 358A ,,R,D,B ,F , ,N,R,100,0,0,0,,,1748383,5427898,-41.28673125,174.7719962
Wellington City,1N/1068/5.711,, ,A,NORTH PORTAL NBD,2450940,16/02/04,Mon,720,EC,CN1,137A 901 903 ,X,R,W,O ,HS, ,N,C,100,0,0,0,,,1748363,5427857,-41.28710406,174.7717675
Wellington City,1N/1068/5.851,150,S, ,NORTH PORTAL SBD,2453471,3/07/04,Sat,1836,FD,CS1CC,181A ,,M,D,DO,L , ,N,C,100,0,0,0,,,1748348,5427708,-41.28844834,174.7716248
Wellington City,1N/1068/5.911,200,S, ,NORTH PORTAL NBD,2413492,16/10/04,Sat,1201,DA,CN1,131A 801 ,G,E,W,O ,L , ,N,N,100,0,0,1,,,1748348,5427658,-41.28889851,174.7716369
Wellington City,1N/1068/6.02,150,N, ,SOUTH PORTAL,2451242,17/03/04,Wed,1123,FD,CS1CC,112A 181A 331A 191B ,,R,W,O ,L , ,N,L,100,0,0,0,,,1748346,5427539,-41.28997029,174.7716421
Wellington City,1N/1068/6.02,150,N, ,SOUTH PORTAL,2455347,25/10/04,Mon,1400,FD,CS1CC,101A 181A ,,R,D,B ,F , ,N,L,100,0,0,0,,,1748346,5427539,-41.28997029,174.7716421
Wellington City,1N/1068/6.07,100,N, ,SOUTH PORTAL,2412073,11/06/04,Fri,1005,FD,VS1CCC,331A 680A ,,R,D,O ,F , ,N,L,100,0,0,1,,,1748347,5427489,-41.29042028,174.7716662
Wellington City,1N/1068/6.16,10,N, ,SOUTH PORTAL,2411233,27/01/04,Tue,1145,CA,CN1,501A ,G,R,D,B ,F , ,N,R,100,0,0,1,,,1748353,5427399,-41.29122949,174.7717597
Wellington City,1N/1075/0.04,40,S, ,SOUTH PORTAL,2412252,24/06/04,Thu,330,DB,CS1,103A 111A 132A ,G,M,D,DO,F , ,N,R,100,0,0,1,,,1748355,5427349,-41.2916793,174.7717958
Wellington City,1N/1075/0.1,200,N, ,VIVIAN/WILLIS,2452946,27/05/04,Thu,615,AA,CN1V,143A 372A 137B 197B ,,R,D,DO,F , ,N,L,100,0,0,0,,,1748357,5427290,-41.29221013,174.771834
Wellington City,1N/1075/0.15,150,N, ,VIVIAN/WILLIS,2455032,1/09/04,Wed,1745,DB,VN1,111A 131A 801 903 ,G,M,W,O ,LS, ,N,R,100,0,0,0,,,1748349,5427240,-41.29266178,174.7717507
Wellington City,1N/1075/0.18,120,N, ,VIVIAN/WILLIS,2456431,16/12/04,Thu,1445,DA,CN1,135A 801 806 ,G,E,W,O ,L , ,N,R,100,0,0,0,,,1748340,5427212,-41.29291553,174.7716501
Wellington City,1N/1075/0.205,50,W, ,WILLIS ST,2455606,30/10/04,Sat,1720,DA,CW1,133A 135A 801 ,G,M,W,O ,L , ,N,C,100,0,0,0,,,1748339,5427145,-41.29351894,174.7716545
Wellington City,1N/1075/0.207,70,W, ,VIVIAN/WILLIS,2454133,21/08/04,Sat,1445,DB,CS1,111A 130A ,C,S,W,O ,F , ,N,C,100,0,0,0,,,1748332,5427163,-41.29335817,174.7715665
Wellington City,1N/1075/0.22,80,N, ,VIVIAN/WILLIS,2453136,21/06/04,Mon,1703,FD,CS1C,331A ,,E,D,TF,F , ,N,C,100,0,0,0,,,1748331,5427173,-41.29326832,174.7715522
Wellington City,1N/1075/0.227,50,N, ,VIVIAN/WILLIS,2412253,6/04/04,Tue,2140,BO,CN1C,201B 336B ,,S,W,DO,L , ,N,C,100,0,0,2,,,1748339,5427145,-41.29351894,174.7716545
Wellington City,1N/1075/0.227,50,N, ,VIVIAN/WILLIS,2450705,11/02/04,Wed,642,DA,CN1,133A 801 ,C,M,W,O ,H , ,N,C,100,0,0,0,,,1748339,5427145,-41.29351894,174.7716545
Wellington City,1N/1075/0.237,40,N, ,VIVIAN/WILLIS,2456202,3/12/04,Fri,2121,DA,CN1,133A ,G,M,D,DO,F , ,N,R,100,0,0,0,,,1748344,5427136,-41.29359906,174.7717164
Wellington City,1N/1075/0.277,, ,I,WILLIS ST,2453079,14/06/04,Mon,1700,AC,VN2C,381A ,,R,D,TO,F ,X,T,C,50,0,0,0,,,1748371,5427107,-41.29385519,174.7720458
Wellington City,1N/1075/0.277,, ,I,WILLIS ST,2456728,30/12/04,Thu,900,GF,CN2T,122B 386B ,,R,D,O ,F ,X,T,C,50,0,0,0,,,1748371,5427107,-41.29385519,174.7720458
Wellington City,1N/1075/0.277,, ,I,WILLIS ST,2452488,2/05/04,Sun,1650,HA,CN2C,322A ,,R,D,O ,F ,X,T,C,50,0,0,0,,,1748371,5427107,-41.29385519,174.7720458
Wellington City,1N/1075/0.3,, ,I,WILLIS ST,2453651,11/07/04,Sun,2233,HA,XN1C,322B ,,R,D,DO,F ,X,T,C,50,0,0,0,,,1748371,5427107,-41.29385519,174.7720458