TLA NAME,CRASH ROAD,CRASH DIST,CRASH DIRN,INTSN,SIDE ROAD,CRASH ID,CRASH DATE,CRASH DOW,CRASH TIME,MVMT,VEHICLES,CAUSES,OBJECTS STRUCK,ROAD CURVE,ROAD WET,LIGHT,WTHRa,JUNC TYPE,TRAF CTRL,ROAD MARK,SPD LIM,CRASH FATAL CNT,CRASH SEV CNT,CRASH MIN CNT,PERS AGE1,PERS AGE2,EASTING,NORTHING,latitude,longitude
Wellington City,1N/1075/0.3,, ,I,WILLIS ST,2452482,23/04/04,Fri,2000,HA,CN1C,322B 410B ,,R,D,DO,F ,X,T,C,50,0,0,0,,,1748371,5427107,-41.29385519,174.7720458
Wellington City,1N/1075/0.3,, ,I,WILLIS ST,2412074,18/05/04,Tue,955,NB,CN1E,718B ,,R,D,B ,F ,X,T,C,50,0,0,1,25,,1748371,5427107,-41.29385519,174.7720458
Wellington City,1N/1075/0.357,, ,I,VICTORIA ST,2452533,22/05/04,Sat,2000,HA,CW1C,322A 379B ,,R,W,DO,L ,X,T,C,50,0,0,0,,,1748444,5427073,-41.29414789,174.7729255
Wellington City,1N/1075/0.357,, ,I,VICTORIA ST,2412035,13/05/04,Thu,728,HA,MW1C,309A 377A 845 ,,R,W,B ,L ,X,T,C,50,0,0,1,,,1748444,5427073,-41.29414789,174.7729255
Wellington City,1N/1075/0.404,50,N, ,WILLIS ST,2455608,29/10/04,Fri,1200,DA,CN1,135A 801 ,G,M,W,O ,M , ,N,C,100,0,0,0,,,1748287,5426995,-41.29487902,174.7710703
Wellington City,1N/1075/0.469,15,E, ,BUTE ST,2413216,20/10/04,Wed,1700,NB,CW1E,105B 711B ,,R,D,O ,F , ,N,C,50,0,0,1,44,,1748546,5427027,-41.29454328,174.7741544
Wellington City,1N/1075/0.654,, ,I,MARION ST,2452126,21/04/04,Wed,2100,GD,VW1C,331A 353A ,,R,D,DO,F ,T,G,C,50,0,0,0,,,1748694,5426962,-41.29510125,174.7759371
Wellington City,1N/1075/0.686,, ,I,KNIGGES AVENUE,2453275,8/06/04,Tue,1250,EA,TW1V,386A ,M,R,D,O ,F ,T,N,C,50,0,0,0,,,1748723,5426949,-41.29521296,174.7762865
Wellington City,1N/1075/0.739,, ,I,TARANAKI ST,2453597,7/07/04,Wed,558,KA,CE1C,201A ,,R,W,DO,F ,X,T,R,50,0,0,0,,,1748792,5426917,-41.29548835,174.777118
Wellington City,TARANAKI ST,, ,I,VIVIAN ST,2456618,31/12/04,Fri,1450,GB,CN1V,172B 817 ,,R,D,B ,F ,X,T,R,50,0,0,0,,,1748792,5426917,-41.29548835,174.777118
Wellington City,TARANAKI ST,, ,I,VIVIAN ST,2454378,5/09/04,Sun,1820,FE,CS1C,331A 355A ,,R,D,B ,F ,X,T,R,50,0,0,0,,,1748792,5426917,-41.29548835,174.777118
Wellington City,TARANAKI ST,, ,I,VIVIAN ST,2453194,18/06/04,Fri,1900,GF,XS1B,122B ,,R,W,DO,H ,X,T,R,50,0,0,0,,,1748792,5426917,-41.29548835,174.777118
Wellington City,TARANAKI ST,, ,I,VIVIAN ST,2455525,6/11/04,Sat,215,GB,XN1C,172B 387B ,,R,D,DO,F ,X,T,R,50,0,0,0,,,1748792,5426917,-41.29548835,174.777118
Wellington City,CUBA ST,, ,I,ARTHUR ST,2454768,21/09/04,Tue,1310,JA,CS1C,309B 382B ,,R,D,B ,F ,T,N,C,50,0,0,0,,,1748488,5426734,-41.29719197,174.7735335
Wellington City,CUBA ST,, ,I,ARTHUR ST,2454625,1/09/04,Wed,1510,JA,VS1C,303B 375B 801 903 ,,R,W,O ,LS,T,N,C,50,0,0,0,,,1748488,5426734,-41.29719197,174.7735335
Wellington City,1N/1075/0.902,60,W, ,TORY ST,2452477,14/05/04,Fri,845,EE,VE1C,374B ,MS,R,W,O ,L , ,N,C,50,0,0,0,,,1748941,5426850,-41.2960641,174.7789132
Wellington City,1N/1075/0.956,, ,I,TARANAKI ST,2452819,30/04/04,Fri,2230,FE,CW1C,181A ,,R,D,DO,F ,X,T,R,50,0,0,0,,,1748678,5426647,-41.29794029,174.775823
Wellington City,1N/1075/0.962,, ,I,VIVIAN/TORY,2412408,2/07/04,Fri,1523,KB,VE1M,322A 427A ,,R,D,O ,F ,X,T,C,50,0,0,1,,,1748996,5426825,-41.29627903,174.7795759
Wellington City,1N/1075/0.962,, ,I,TORY ST,2452060,10/04/04,Sat,1120,AA,CE1C,198A ,,R,D,B ,F ,X,T,C,50,0,0,0,,,1748996,5426825,-41.29627903,174.7795759
Wellington City,1N/1075/1.026,70,E, ,TARANAKI ST,2454808,2/09/04,Thu,1659,FD,CW1C,363A 642A 902 ,,R,D,B ,F , ,N,R,50,0,0,0,,,1748742,5426617,-41.2981986,174.7765944
Wellington City,1N/1075/1.183,, ,I,CAMBRIDGE TERRACE,2452814,13/06/04,Sun,515,HA,CE1X,322B ,,R,D,DO,M ,X,T,C,50,0,0,0,,,1749197,5426734,-41.29706121,174.7819978
Wellington City,1N/1075/1.262,15,W, ,TORY ST,2412380,16/07/04,Fri,1740,FD,CW1CC,331A ,,R,W,O ,L , ,N,C,50,0,0,1,,,1748866,5426559,-41.29869793,174.778089
Wellington City,1N/1075/1.266,, ,I,PIRIE ST,2452186,16/04/04,Fri,2321,EO,BS1C,512A 510B ,Q,R,D,DN,F ,X,T,C,50,0,0,0,,,1749220,5426723,-41.29715599,174.7822751
Wellington City,1N/1075/1.266,, ,I,PIRIE ST,2450305,26/01/04,Mon,845,DA,TE1C,131A 682A ,M,R,D,O ,F ,X,T,R,50,0,0,0,,,1749220,5426723,-41.29715599,174.7822751
Wellington City,1N/1075/1.266,, ,I,PIRIE ST,2411591,18/03/04,Thu,1600,LB,PS1V,379A 324B ,,R,D,B ,F ,X,T,C,50,0,0,2,,,1749220,5426723,-41.29715599,174.7822751
Wellington City,1N/1075/1.266,, ,I,PIRIE ST,2452075,9/04/04,Fri,1845,HA,BS1C,379A 324B ,,R,D,DO,F ,X,T,R,50,0,0,0,,,1749220,5426723,-41.29715599,174.7822751
Wellington City,1N/1075/1.36,200,N, ,ELLICE ST,2452808,25/03/04,Thu,2120,EE,BS1VV,129A 355A ,M,R,D,DO,F , ,N,C,50,0,0,0,,,1749182,5426637,-41.29793731,174.7818425
Wellington City,1N/1075/1.458,130,N, ,RUGBY ST,2454571,14/09/04,Tue,855,FA,VN1C,434A 512A ,,E,D,B ,F , ,N,C,50,0,0,0,,,1748951,5426436,-41.29978967,174.7791339
Wellington City,1N/1075/1.528,40,N, ,ELLICE ST,2453089,20/06/04,Sun,1555,FD,CS1C,331A 501A ,,R,D,O ,F , ,N,C,50,0,0,0,,,1749113,5426483,-41.29933659,174.7810565
Wellington City,1N/1075/1.538,30,N, ,ELLICE ST,2452109,19/03/04,Fri,1500,FC,VS1X,331A ,,R,D,B ,F , ,N,X,50,0,0,0,,,1749109,5426474,-41.29941836,174.781011
Wellington City,1N/1075/1.538,30,N, ,ELLICE ST,2453245,8/07/04,Thu,1558,FC,CS1C,331A 358A ,,R,D,B ,F , ,N,X,50,0,0,0,,,1749109,5426474,-41.29941836,174.781011
Wellington City,1N/1075/1.548,20,N, ,ELLICE ST,2453575,18/07/04,Sun,1038,FC,CS1X,181A ,,R,D,O ,F , ,N,X,50,0,0,0,,,1749108,5426464,-41.29950858,174.7810015
Wellington City,1N/1075/1.568,, ,I,BUCKLE ST,2453036,24/04/04,Sat,115,DB,CS1,130A 631A ,P,M,D,DO,F ,T,G,R,50,0,0,0,,,1749115,5426446,-41.29966935,174.7810894
Wellington City,1N/1075/1.588,, ,I,SUSSEX ST,2455367,10/10/04,Sun,6,DA,CW1CC,111A 402A ,IMP,M,D,DO,F ,T,G,R,50,0,0,0,,,1748932,5426317,-41.30086458,174.7789362
Wellington City,1N/1075/1.588,, ,I,SUSSEX ST,2456014,31/10/04,Sun,215,DA,CW1C,103A 111A ,M,M,D,DO,F ,T,G,R,50,0,0,0,,,1748932,5426317,-41.30086458,174.7789362
Wellington City,1N/1075/1.588,, ,I,SUSSEX ST,2455885,3/11/04,Wed,2100,BO,CS2C,201A ,,M,D,TO,F ,T,G,R,50,0,0,0,,,1748932,5426317,-41.30086458,174.7789362
Wellington City,1N/1075/1.588,, ,I,SUSSEX ST,2454507,17/07/04,Sat,330,DA,CW1CC,111A ,M,M,D,DO,F ,T,G,R,50,0,0,0,,,1748932,5426317,-41.30086458,174.7789362
Wellington City,1N/1075/1.588,, ,I,SUSSEX ST,2452552,22/05/04,Sat,110,DA,CW1,414A ,F,M,D,DO,F ,T,G,R,50,0,0,0,,,1748932,5426317,-41.30086458,174.7789362
Wellington City,1N/1075/1.595,15,W, ,HANIA ST,2454613,2/09/04,Thu,1230,MA,VE1C,373B ,,R,D,B ,F , ,N,C,50,0,0,0,,,1749139,5426435,-41.29976395,174.7813787
Wellington City,1N/1075/1.669,, ,I,ADELAIDE ROAD,2452395,19/05/04,Wed,1600,FC,TW1TC,331A 352A ,,R,D,B ,F ,T,G,X,50,0,0,0,,,1749006,5426284,-41.30114803,174.7798278
Wellington City,1N/1075/1.678,30,N, ,PATERSON ST,2452131,22/04/04,Thu,1811,AC,CS1X,372A ,,E,D,TO,F , ,N,C,50,0,0,0,,,1749170,5426368,-41.30036145,174.7817652
Wellington City,1N/1075/1.678,20,W, ,ADELAIDE ROAD,2451683,28/03/04,Sun,1215,AC,CW1C,137A 372A 920 ,,R,D,B ,F , ,N,C,50,0,0,0,,,1748987,5426292,-41.30107951,174.779599
Wellington City,1N/1075/1.684,15,E, ,ADELAIDE ROAD,2452341,12/03/04,Fri,1700,FD,CW1C,353A 370A ,,R,D,B ,F , ,N,R,50,0,0,0,,,1749019,5426278,-41.30119965,174.7799845
Wellington City,1N/1075/1.693,15,N, ,PATERSON ST,2454676,1/10/04,Fri,925,FD,VS1C,103A 331A ,,R,D,O ,F , ,N,R,50,0,0,0,,,1749164,5426355,-41.3004796,174.7816968
Wellington City,1N/1075/1.708,, ,I,PATERSON ST,2452750,23/05/04,Sun,1540,FE,CS1V,181A ,,M,D,O ,F ,T,T,R,50,0,0,0,,,1749158,5426341,-41.30060676,174.7816286
Wellington City,1N/1075/1.708,, ,I,DUFFERIN ST,2455942,11/11/04,Thu,735,BF,CS2C,122A 358A ,IS,M,D,B ,F ,T,T,R,50,0,0,0,,,1749158,5426341,-41.30060676,174.7816286
Wellington City,1N/1075/1.708,, ,I,DUFFERIN ST,2453126,2/06/04,Wed,1400,GA,CS1C,613A ,,E,D,O ,F ,T,T,R,50,0,0,0,,,1749158,5426341,-41.30060676,174.7816286
Wellington City,1N/1075/1.708,, ,I,DUFFERIN ST,2454350,23/09/04,Thu,922,FE,XW1V,331A ,,R,D,O ,F ,T,T,R,50,0,0,0,,,1749158,5426341,-41.30060676,174.7816286
Wellington City,1N/1076/0.01,20,E, ,DUFFERIN ST E,2452119,17/04/04,Sat,410,DB,CE1,111A 423A ,F,E,D,DO,F , ,N,L,50,0,0,0,,,1749175,5426332,-41.30068464,174.7818337
Wellington City,1N/1076/0.041,50,E, ,DUFFERIN/PATERSON,2413105,1/11/04,Mon,1001,AA,VE1C,372A ,,M,D,O ,F , ,N,C,50,0,0,1,,,1749203,5426319,-41.30079651,174.7821712
Wellington City,1N/1076/0.111,120,E, ,DUFFERIN/PATERSON,2412472,27/07/04,Tue,1520,NB,VE1E,711B 719B ,,R,D,B ,F , ,N,L,50,0,0,1,23,,1749255,5426273,-41.30120105,174.7828033
Wellington City,1N/1076/0.197,100,W, ,WEST PORTAL,2455651,21/10/04,Thu,1404,AC,CE1C,300A ,,E,D,O ,F , ,N,L,50,0,0,0,,,1749332,5426235,-41.30152894,174.783732
Wellington City,1N/1076/0.257,40,W, ,WEST PORTAL,2450748,18/01/04,Sun,1145,FD,CE1C,331A 501A 191B ,,R,D,O ,F , ,N,L,50,0,0,0,,,1749386,5426208,-41.30176203,174.7843833
Wellington City,1N/1076/0.327,30,E, ,WEST PORTAL,2453850,17/07/04,Sat,1715,FD,CW1CC,331A 350A 181C ,,R,W,DO,L , ,N,L,50,0,0,0,,,1749449,5426178,-41.30202047,174.7851428
Wellington City,1N/1076/0.687,300,W, ,TAURIMA ROAD,2451571,11/03/04,Thu,1524,FD,CW1CC,331A 351A ,,R,D,O ,F , ,N,C,50,0,0,0,,,1749773,5426022,-41.30336492,174.7890496
Wellington City,1N/1076/0.857,40,W, ,EAST PORTAL,2413291,29/11/04,Mon,1529,BA,CW1CC,197A 423A ,,R,D,O ,F , ,N,L,50,0,0,3,,,1749927,5425949,-41.30399357,174.7909062
Wellington City,1N/1076/0.907,30,E, ,EAST PORTAL,2453551,16/07/04,Fri,1835,FD,CE1X,111A 181A ,,M,W,DO,L , ,N,L,50,0,0,0,,,1749989,5425918,-41.30426115,174.7916541
Wellington City,1N/1076/0.927,50,E, ,EAST PORTAL,2453537,18/03/04,Thu,1635,FD,CW1CC,181A ,,E,D,O ,F , ,N,L,50,0,0,0,,,1750007,5425909,-41.30433883,174.7918713
Wellington City,1N/1076/0.968,, ,I,TAURIMA ST,2453579,16/07/04,Fri,1805,JA,MS1C,302B ,,E,W,DO,L ,Y,G,C,50,0,0,0,,,1750043,5425890,-41.3045032,174.7923058
Wellington City,1N/1076/0.968,, ,I,TAURIMA ST,2454537,2/09/04,Thu,520,BF,CE1X,103A 133A 801 ,,M,W,DO,F ,Y,G,C,50,0,0,0,,,1750043,5425890,-41.3045032,174.7923058
Wellington City,1N/1076/0.997,100,E, ,EAST PORTAL,2455544,8/11/04,Mon,1400,BA,CW1XC,125A 350A ,B,R,D,DO,F , ,N,L,50,0,0,0,,,1750048,5425882,-41.3045743,174.7923674
Wellington City,1N/1076/1.439,40,N, ,GOA ST,2411331,7/01/04,Wed,1500,AC,CS1P,155A 159A 385A ,,R,W,O ,L , ,N,R,70,0,0,1,,,1749983,5425462,-41.30836779,174.7916949
Wellington City,1N/1076/1.815,20,N, ,WELLINGTON ROAD,2456068,18/11/04,Thu,800,FD,CS1CC,331A 352A ,,R,D,O ,F , ,N,L,50,0,0,0,,,1749870,5425104,-41.31161198,174.7904338
Wellington City,1N/1076/1.835,, ,I,WELLINGTON ROAD,2456606,22/11/04,Mon,2110,JC,CW1C,302B 353B 375B ,,M,D,DO,F ,Y,G,R,50,0,0,0,,,1749873,5425084,-41.31179149,174.7904746
Wellington City,1N/1076/1.835,, ,I,WELLINGTON ROAD,2452183,17/04/04,Sat,230,DB,CS1,101A 111A 514A ,IS,R,D,DO,F ,Y,G,R,50,0,0,0,,,1749873,5425084,-41.31179149,174.7904746
Wellington City,1N/1076/1.835,, ,I,WELLINGTON ROAD,2453888,22/07/04,Thu,1810,BF,XW1C,133A 135A 801 ,I,M,W,DO,L ,Y,G,R,50,0,0,0,,,1749873,5425084,-41.31179149,174.7904746
Wellington City,1N/1076/1.835,, ,I,WELLINGTON ROAD,2455366,6/10/04,Wed,1825,JC,CW1CC,132A 302B 375B 331C ,,M,D,O ,F ,Y,G,R,50,0,0,0,,,1749873,5425084,-41.31179149,174.7904746
Wellington City,1N/1076/1.835,, ,I,WELLINGTON ROAD,2452554,9/06/04,Wed,1045,FA,CS1C,331A ,,E,D,B ,F ,Y,G,C,50,0,0,0,,,1749873,5425084,-41.31179149,174.7904746
Wellington City,1N/1076/1.835,, ,I,WELLINGTON ROAD,2456419,16/12/04,Thu,1504,DA,CW1,122A 135A 801 ,C,M,W,O ,L ,Y,G,R,50,0,0,0,,,1749873,5425084,-41.31179149,174.7904746
Wellington City,1N/1076/1.835,, ,I,WELLINGTON ROAD,2453566,11/06/04,Fri,215,DB,CS1,103A 357A ,IS,E,W,DO,L ,Y,G,R,50,0,0,0,,,1749873,5425084,-41.31179149,174.7904746
Wellington City,1N/1076/1.835,, ,I,RUAHINE ST,2412455,5/08/04,Thu,1200,JA,CW1C,302B 382B ,,M,D,O ,F ,Y,G,R,50,0,0,2,,,1749873,5425084,-41.31179149,174.7904746
Wellington City,1N/1076/1.835,, ,I,RUAHINE ST,2456069,21/11/04,Sun,930,DA,CW1,136A 631A ,C,R,D,B ,F ,Y,G,R,50,0,0,0,,,1749873,5425084,-41.31179149,174.7904746
Wellington City,1N/1076/1.835,, ,I,RUAHINE ST,2412497,9/07/04,Fri,1620,JA,CW1C,302A 353A ,,M,D,O ,F ,Y,G,R,50,0,0,1,,,1749873,5425084,-41.31179149,174.7904746
Wellington City,1N/1076/1.907,, ,I,MOXHAM AVENUE,2450924,30/01/04,Fri,1925,FD,CW1V,181A ,,R,D,TF,F ,T,N,C,50,0,0,0,,,1749941,5425068,-41.31192291,174.7912905
Wellington City,1N/1076/1.907,, ,I,MOXHAM AVENUE,2452948,18/05/04,Tue,900,FD,CW1VV,181A 501A ,,R,D,B ,F ,T,N,L,50,0,0,0,,,1749941,5425068,-41.31192291,174.7912905
Wellington City,1N/1076/1.97,25,W, ,WALMER ST,2455874,4/11/04,Thu,900,FD,CW1V,181A ,,R,D,B ,F , ,N,C,50,0,0,0,,,1750004,5425064,-41.31194721,174.7920438
Wellington City,1N/1076/1.995,, ,I,WALMER ST,2452071,13/04/04,Tue,1620,EA,TW1T,129A 197A ,M,R,D,B ,F ,T,N,L,50,0,0,0,,,1750029,5425063,-41.31195157,174.7923426
Wellington City,1N/1076/2.09,20,W, ,KILBIRNIE CRESCENT,2454811,17/09/04,Fri,2240,CC,CW1,133A ,FX,R,W,DO,L , ,N,C,50,0,0,0,,,1750104,5425051,-41.31204565,174.7932411
Wellington City,1N/1076/2.09,, ,I,KILBIRNIE CRESCENT,2452481,26/04/04,Mon,2124,LB,XW1C,303B 375B ,S,R,D,DO,F ,X,T,C,50,0,0,0,,,1750123,5425048,-41.31206913,174.7934687
Wellington City,1N/1076/2.09,, ,I,KILBIRNIE CRESCENT,2456070,26/11/04,Fri,2040,LB,CW1C,303B 404B ,,R,D,DO,F ,X,T,R,50,0,0,0,,,1750123,5425048,-41.31206913,174.7934687
Wellington City,1N/1076/2.09,, ,I,KILBIRNIE CRESCENT,2413073,31/10/04,Sun,1530,LB,CE1C,303B 377B ,,R,D,B ,F ,X,T,R,50,0,0,4,,,1750123,5425048,-41.31206913,174.7934687
Wellington City,1N/1076/2.09,, ,I,KILBIRNIE CRESCENT,2412266,27/06/04,Sun,39,LB,CW1C,303B 378B ,P,R,W,DO,L ,X,T,R,50,0,0,2,,,1750123,5425048,-41.31206913,174.7934687
Wellington City,1N/1076/2.11,, ,I,KILBIRNIE CRESCENT,2453540,24/07/04,Sat,1100,MG,VN2C,420B ,,R,D,O ,F ,X,T,R,50,0,0,0,,,1750123,5425048,-41.31206913,174.7934687
Wellington City,1N/1076/2.274,, ,I,EVANS BAY PARADE,2453099,4/06/04,Fri,1515,LB,XE1V,303B 323B ,,R,D,O ,F ,X,T,R,50,0,0,0,,,1750302,5425012,-41.31235991,174.7956151
Wellington City,1N/1076/2.274,, ,I,EVANS BAY PARADE,2411967,7/05/04,Fri,1937,FB,CE1C,330A 352A ,,R,D,DO,F ,X,T,R,50,0,0,2,,,1750302,5425012,-41.31235991,174.7956151
Wellington City,1N/1076/2.293,, ,I,EVANS BAY PARADE,2451861,8/04/04,Thu,1805,DB,CS2,133A 403A 806 ,T,E,W,O ,L ,X,G,R,50,0,0,0,,,1750302,5425012,-41.31235991,174.7956151
Wellington City,1N/1076/2.678,400,E, ,EVANS BAY PARADE,2411901,17/04/04,Sat,232,EC,CE1,101A 204A 514A ,X,R,D,DO,F , ,N,R,70,0,0,1,,,1750621,5424790,-41.31429914,174.7994793
Wellington City,1N/1076/2.732,400,W, ,TROY ST,2412979,20/10/04,Wed,854,FD,CW1CC,112A 331A ,,R,W,B ,F , ,N,R,70,0,0,3,,,1750645,5424750,-41.31465479,174.7997758
Wellington City,1N/1076/3.104,, ,I,TROY ST,2456439,16/12/04,Thu,2145,DA,CN2,111A 122A ,KPZ,M,W,DO,L ,R,G,R,70,0,0,0,,,1750889,5424441,-41.31739119,174.8027662
Wellington City,1N/1076/3.108,, ,I,TROY ST,2452048,6/04/04,Tue,1000,FB,CE1C,331B 387B ,,E,W,O ,L ,R,G,R,70,0,0,0,,,1750931,5424492,-41.31692417,174.8032551
Wellington City,1N/1076/3.108,, ,I,TROY ST,2453864,12/08/04,Thu,1130,FB,TE1C,331A 386A ,,R,D,O ,F ,R,G,R,70,0,0,0,,,1750931,5424492,-41.31692417,174.8032551
Wellington City,1N/1076/3.108,, ,I,TROY ST,2455210,26/09/04,Sun,45,DA,CE1,103A 111A 133A ,FT,R,D,DO,F ,R,G,R,70,0,0,0,,,1750931,5424492,-41.31692417,174.8032551
Wellington City,1N/1076/3.141,, ,I,TROY ST,2451570,23/03/04,Tue,1445,KA,VW1C,302B ,,E,D,O ,F ,R,G,R,70,0,0,0,,,1750961,5424480,-41.31702659,174.8036163
Wellington City,1N/1076/3.141,, ,I,TROY ST,2455164,22/10/04,Fri,1535,KA,VW1C,302B 375B ,,E,D,B ,F ,R,G,R,70,0,0,0,,,1750961,5424480,-41.31702659,174.8036163
Wellington City,1N/1076/3.238,, ,I,TROY ST,2456197,23/11/04,Tue,720,FB,CW1C,181A ,,M,D,O ,FS,R,G,R,70,0,0,0,,,1750975,5424435,-41.31742912,174.8037947
Wellington City,1N/1076/3.238,, ,I,TROY ST,2452420,15/05/04,Sat,1752,LB,CW1C,302A 375A ,,R,D,O ,F ,R,G,R,70,0,0,0,,,1750971,5424433,-41.31744787,174.8037474
Wellington City,1N/1076/3.238,, ,I,TROY ST,2454701,23/09/04,Thu,1500,FD,XW1C,331A ,,M,D,O ,F ,R,G,R,70,0,0,0,,,1750989,5424442,-41.31736347,174.8039601
Wellington City,1N/1076/3.438,200,E, ,TROY ST,2453859,4/08/04,Wed,1000,AC,VE1B,159A 386A ,,R,D,B ,F , ,N,R,70,0,0,0,,,1751166,5424464,-41.31713225,174.8060684
Wellington City,1N/1076/3.585,, ,I,CALABAR ROAD,2455508,15/11/04,Mon,1840,FB,VE1C,387A ,,E,D,O ,F ,R,G,R,70,0,0,0,,,1751392,5424522,-41.31656767,174.8087528
Wellington City,1N/1076/3.585,, ,I,CALABAR ROAD,2451547,24/04/04,Sat,1410,FB,VE1C,181A 191B ,,R,D,B ,F ,R,G,R,70,0,0,0,,,1751392,5424522,-41.31656767,174.8087528
Wellington City,1N/1076/3.722,, ,I,COBHAM DRIVE,2450166,19/01/04,Mon,1630,GE,CS1V,372A ,,S,W,O ,F ,R,G,R,70,0,0,0,,,1751451,5424460,-41.31711479,174.8094728
Wellington City,1N/1076/3.722,, ,I,COBHAM DRIVE,2450659,5/02/04,Thu,551,GE,CS1C,171B 372B ,,E,W,DO,L ,R,G,R,70,0,0,0,,,1751451,5424460,-41.31711479,174.8094728
Wellington City,1N/1076/3.722,, ,I,COBHAM DRIVE,2452568,31/03/04,Wed,1555,GE,CS1C,171B 372B ,,R,D,B ,F ,R,G,R,70,0,0,0,,,1751451,5424460,-41.31711479,174.8094728
Wellington City,1N/1076/3.88,100,S, ,COBHAM DRIVE,2456384,16/12/04,Thu,1615,FD,CN1C,135A 181A 801 ,,R,W,O ,L , ,N,L,70,0,0,0,,,1751449,5424361,-41.31800649,174.8094736
Wellington City,1N/1076/3.992,, ,I,WEXFORD ROAD,2451079,23/02/04,Mon,650,JA,VS1C,301B 382B ,,R,D,TF,F ,T,S,L,70,0,0,0,,,1751439,5424250,-41.31900772,174.8093818
Wellington City,1N/1076/4.122,, ,I,CALEDONIA ST,2411814,19/04/04,Mon,1900,JA,SS1C,534A 602A 302B 375B ,,R,D,DO,F ,T,G,R,70,0,0,1,,34,1751424,5424061,-41.32071215,174.8092497
Wellington City,1N/1076/4.181,, ,I,CALEDONIA ST,2456443,24/12/04,Fri,1057,KB,CN1B,302B 377B ,,R,D,O ,F ,T,G,L,70,0,0,0,,,1751424,5424061,-41.32071215,174.8092497
Wellington City,1N/1076/4.341,, ,A,KEDAH ST,2453253,9/07/04,Fri,1325,KB,CN1C,176B 303B ,,R,D,B ,F ,T,N,L,70,0,0,0,,,1751406,5423843,-41.32267824,174.8090891
Wellington City,1N/1076/4.59,100,N, ,BROADWAY,2455457,20/10/04,Wed,947,CC,VN1,501A ,FP,R,W,O ,H , ,N,C,70,0,0,0,,,1751390,5423594,-41.32492305,174.80896
Wellington City,2/962/12.871,1000,E, ,SERVICE STN NTH,2453777,4/08/04,Wed,810,FD,CE1C,181A ,,R,D,O ,FF, ,N,R,100,0,0,0,,,1755046,5434397,-41.22696787,174.849875
Wellington City,2/962/12.871,1000,E, ,SERVICE STN NTH,2454399,16/09/04,Thu,2051,ED,CE1T,135A 331A 339A 801 823 901 ,Q,M,W,DO,H , ,N,R,100,0,0,0,,,1755046,5434397,-41.22696787,174.849875
Wellington City,2/962/12.888,200,W, ,HOROKIWI ROAD,2411674,26/03/04,Fri,700,FD,MW1V,112A 181A 191B ,,R,D,B ,F , ,N,R,100,0,0,1,,,1755028,5434378,-41.22714238,174.8496652
Wellington City,2/962/12.946,250,W, ,HOROKIWI ROAD,2454273,6/08/04,Fri,1808,FD,CE1CC,101A 331A ,,R,W,DO,L , ,N,R,100,0,0,0,,,1754973,5434374,-41.22718893,174.8490103
Wellington City,2/962/12.946,250,W, ,HOROKIWI ROAD,2456192,5/12/04,Sun,1340,FD,CE1C,181A ,,R,W,O ,H , ,N,R,100,0,0,0,,,1754973,5434374,-41.22718893,174.8490103
Wellington City,2/962/12.946,250,W, ,HOROKIWI ROAD,2456191,1/12/04,Wed,1515,FD,VE1CC,112A 181C ,,R,D,B ,F , ,N,R,100,0,0,0,,,1754973,5434374,-41.22718893,174.8490103
Wellington City,2/962/12.969,800,W, ,PETONE ON SBD,2452752,28/02/04,Sat,1256,AC,CW1C,112A 177A 191A 801 ,,R,W,O ,H , ,N,R,100,0,0,0,,,1754951,5434354,-41.22737321,174.848753
Wellington City,2/962/13.071,800,E, ,SERVICE STN NTH,2455918,8/10/04,Fri,330,DA,CW1,102A 111A 135A 801 ,G,E,W,DO,L , ,N,R,100,0,0,0,,,1754855,5434337,-41.22754464,174.8476125
Wellington City,2/962/13.196,500,W, ,HOROKIWI ROAD,2453585,15/07/04,Thu,700,AC,CE1T,101A 128A ,G,E,W,DO,L , ,N,R,100,0,0,0,,,1754735,5434299,-41.22790972,174.8461911
Wellington City,2/962/13.488,800,W, ,HOROKIWI ROAD,2450622,11/02/04,Wed,1730,FD,CW1CCC,181A ,,R,W,O ,H , ,N,R,100,0,0,0,,,1754469,5434171,-41.22911297,174.8430513
Wellington City,2/962/13.611,260,E, ,SERVICE STN NTH,2413431,20/12/04,Mon,30,CC,CE1,130A 195A ,G,R,D,DO,F , ,N,R,100,0,0,1,,,1754384,5434098,-41.22978643,174.8420561
Wellington City,2/962/13.721,150,E, ,SERVICE STN NTH,2412837,25/09/04,Sat,255,DB,CE1,102A 111A ,CG,E,D,DO,F , ,N,R,100,0,0,1,,,1754319,5434010,-41.23059111,174.8413032
Wellington City,2/962/13.796,1100,W, ,HOROKIWI ROAD,2456055,6/12/04,Mon,1705,FD,CE1C,504A ,,E,D,O ,F , ,N,R,100,0,0,0,,,1754264,5433959,-41.23106077,174.8406601
Wellington City,2/962/13.921,50,W, ,SERVICE STN NTH,2455257,8/10/04,Fri,325,ED,CE1T,339A 370A 817 ,Q,R,D,DO,F , ,N,R,100,0,0,0,,,1754155,5433899,-41.23162174,174.8393753