TLA NAME,CRASH ROAD,CRASH DIST,CRASH DIRN,INTSN,SIDE ROAD,CRASH ID,CRASH DATE,CRASH DOW,CRASH TIME,MVMT,VEHICLES,CAUSES,OBJECTS STRUCK,ROAD CURVE,ROAD WET,LIGHT,WTHRa,JUNC TYPE,TRAF CTRL,ROAD MARK,SPD LIM,CRASH FATAL CNT,CRASH SEV CNT,CRASH MIN CNT,PERS AGE1,PERS AGE2,EASTING,NORTHING,latitude,longitude
Wellington City,2/962/14.241,1500,E, ,HUTT ON NBD,2456026,22/11/04,Mon,803,FD,TE1CM,111A 378A 831 ,,E,D,B ,F , ,N,R,100,0,0,0,,,1753896,5433722,-41.23326463,174.8363311
Wellington City,2/962/14.396,1700,W, ,HOROKIWI ROAD,2411676,24/03/04,Wed,2200,FD,TE1V,191A 331A 817 ,,E,D,DN,F , ,N,R,100,0,0,2,,,1753790,5433608,-41.23431116,174.8350956
Wellington City,2/962/14.741,1000,E, ,HUTT ON NBD,2413254,16/11/04,Tue,1715,FD,CE1VC,331A 181B ,,R,D,B ,F , ,N,R,100,0,0,2,,,1753526,5433387,-41.23635103,174.8320025
Wellington City,2/962/14.807,180,W, ,WEIGH PIT,2413410,14/12/04,Tue,724,FD,CE1CC,331A 359A ,,R,D,B ,F , ,N,R,100,0,0,2,,,1753473,5433347,-41.23672122,174.8313805
Wellington City,2/962/14.859,1500,E, ,NGAURANGA ON NBD,2451314,7/04/04,Wed,815,FD,CW1CC,181A ,,R,W,O ,L , ,N,R,100,0,0,0,,,1753431,5433302,-41.23713433,174.8308908
Wellington City,2/962/15.088,2400,W, ,HOROKIWI ROAD,2453071,24/06/04,Thu,819,FD,CW1CC,112A 181A ,,R,W,B ,F , ,N,R,100,0,0,0,,,1753247,5433167,-41.23838466,174.8287301
Wellington City,2/962/15.127,500,W, ,WEIGH PIT,2451053,13/01/04,Tue,1706,FD,VE1CVC,181A ,,R,D,B ,F , ,N,R,100,0,0,0,,,1753215,5433158,-41.23847175,174.8283507
Wellington City,2/962/15.127,500,W, ,WEIGH PIT,2412164,26/05/04,Wed,813,FD,ME1CCC,181A 191C ,,R,D,B ,F , ,N,R,100,0,0,1,,,1753215,5433158,-41.23847175,174.8283507
Wellington City,2/962/15.23,1000,W, ,SERVICE STN STH,2451480,15/02/04,Sun,240,AA,CE1C,159A 434A ,G,R,D,DO,F , ,N,R,100,0,0,0,,,1753137,5433091,-41.23908975,174.8274372
Wellington City,2/962/15.359,1000,E, ,NGAURANGA ON NBD,2450916,4/03/04,Thu,1711,AC,CW1,137A 386A ,G,R,D,O ,F , ,N,R,100,0,0,0,,,1753039,5432992,-41.23999962,174.8262931
Wellington City,2/962/15.459,1500,E, ,SH 1N,2451573,7/04/04,Wed,943,FD,CW1VCV,181A 353A 632B ,,R,W,O ,HS, ,N,R,100,0,0,0,,,1752959,5432932,-41.24055495,174.8253539
Wellington City,2/962/15.559,800,E, ,NGAURANGA ON NBD,2453137,29/06/04,Tue,1712,FD,CW1C,181A ,,R,D,DO,F , ,N,R,100,0,0,0,,,1752878,5432874,-41.24109246,174.8244023
Wellington City,2/962/15.659,700,E, ,NGAURANGA ON NBD,2454792,21/09/04,Tue,831,FD,CW1CC,181A ,,R,D,B ,F , ,N,R,100,0,0,0,,,1752796,5432816,-41.24163015,174.8234387
Wellington City,2/962/15.701,40,E, ,HUTT ON NBD,2412423,24/07/04,Sat,1335,AF,CE1C,193A 372A ,GG,R,W,O ,L , ,N,R,100,0,0,1,,,1752762,5432807,-41.2417176,174.8230354
Wellington City,2/962/15.721,20,E, ,HUTT ON NBD,2456530,14/12/04,Tue,1635,FD,CE1C,180A 181A ,,R,D,B ,F , ,N,R,100,0,0,0,,,1752746,5432796,-41.24181966,174.8228473
Wellington City,2/962/15.77,1200,E, ,SH 1N,2455335,13/10/04,Wed,1715,FD,CE1CC,181A 181C ,,R,D,O ,F , ,N,R,100,0,0,0,,,1752706,5432768,-41.24207931,174.8223772
Wellington City,2/962/15.97,1000,E, ,SH 1N,2412885,30/09/04,Thu,403,CB,CE1,103A 410A ,C,R,D,DO,F , ,N,R,100,0,0,1,,,1752546,5432648,-41.24318991,174.8204987
Wellington City,2/962/16.667,300,E, ,SH 1N,2454674,18/08/04,Wed,730,FD,CW1VC,181A ,,R,W,O ,HS, ,N,R,100,0,0,0,,,1752023,5432185,-41.24745695,174.8143755
Wellington City,2/962/16.767,200,E, ,SH 1N,2454306,29/08/04,Sun,1030,AD,CW1,112A 137A 801 ,G,R,W,O ,H , ,N,R,100,0,0,0,,,1751946,5432122,-41.24803863,174.8134726
Wellington City,2/962/16.87,100,E, ,SH 1N,2454197,19/02/04,Thu,1645,AC,VE1C,197A 331A ,,E,D,O ,F , ,N,R,100,0,0,0,,,1751858,5432069,-41.24853234,174.8124361
Wellington City,2/962/16.92,50,E, ,SH 1N,2412960,30/07/04,Fri,1715,AA,CE1M,143A 372A 137B ,,E,D,O ,F , ,N,R,100,0,0,1,,,1751818,5432039,-41.24880995,174.8119664
Wellington City,2/962/16.92,50,E, ,SH 1N,2454123,28/08/04,Sat,1835,FD,CE1C,181A ,,R,W,DO,F , ,N,R,100,0,0,0,,,1751818,5432039,-41.24880995,174.8119664
Wellington City,2/962/16.94,30,E, ,SH 1N,2454632,16/09/04,Thu,1625,CA,VE1,132A 806 ,,R,W,O ,H , ,N,R,100,0,0,0,,,1751802,5432027,-41.248921,174.8117785
Wellington City,ABEL SMITH ST,, ,I,KELVIN GROVE,2554403,27/08/05,Sat,1710,KA,CW14,309B 375B ,,R,D,B ,F ,T,N,C,50,0,0,0,,,1748603,5426808,-41.29650455,174.7748883
Wellington City,ABEL SMITH ST,30,W, ,TARANAKI ST,2556616,21/11/05,Mon,15,BA,TE1V,125A ,,R,D,B ,F ,T,N,C,50,0,0,0,,,1748693,5426767,-41.29685711,174.7759728
Wellington City,ABEL SMITH ST,, ,I,VICTORIA ST,2550584,13/02/05,Sun,945,KA,XW1C,303B 375B ,,R,D,B ,F ,X,T,C,50,0,0,0,,,1748365,5426917,-41.29556695,174.7720204
Wellington City,ACCESS ROAD,100,S, ,WELLINGTON AIR TERMINAL,2555387,16/09/05,Fri,1530,KB,XN1X,387A 303B ,,R,D,B ,F , ,N,N,50,0,0,0,,,1751646,5423053,-41.32974568,174.8121525
Wellington City,ADELAIDE ROAD,30,N, ,AKATEA ST,2552355,8/05/05,Sun,550,EA,CN1C,101A 129A ,M,R,D,DO,F , ,N,C,50,0,0,0,,,1748566,5423904,-41.3226573,174.7751559
Wellington City,ADELAIDE ROAD,10,S, ,ALFRED ST,2513345,13/11/05,Sun,1706,LB,SN14,303B 377B 924 ,,R,D,B ,F ,D,N,P,50,0,1,0,,36,1748986,5426209,-41.30182698,174.7796074
Wellington City,ADELAIDE ROAD,, ,I,ALFRED ST,2554058,5/08/05,Fri,1100,JO,VW2C,202B 308B 924 ,,R,D,B ,F ,D,G,C,50,0,0,0,,,1748989,5426219,-41.30173639,174.7796407
Wellington City,ADELAIDE ROAD,, ,I,ALFRED ST,2552545,17/05/05,Tue,1705,KB,CN1VT,303B ,,R,D,TF,F ,T,N,C,50,0,0,0,,,1748989,5426219,-41.30173639,174.7796407
Wellington City,ADELAIDE ROAD,30,N, ,BRITOMART ST,2551249,8/03/05,Tue,1840,AO,VS1C,151A 386A 510A ,,R,D,TF,F , ,N,L,50,0,0,0,,,1748581,5424152,-41.32042169,174.7752744
Wellington City,ADELAIDE ROAD,, ,I,BRITOMART ST,2556648,4/08/05,Thu,1440,BF,CS1C,133A ,,R,D,O ,F ,X,T,C,50,0,0,0,,,1748579,5424122,-41.32069216,174.7752579
Wellington City,ADELAIDE ROAD,, ,I,BRITOMART ST,2556675,10/05/05,Tue,1200,FE,VN1C,357A 512A ,,R,D,B ,F ,X,T,C,50,0,0,0,,,1748579,5424122,-41.32069216,174.7752579
Wellington City,ADELAIDE ROAD,30,S, ,BROWN ST,2552989,31/05/05,Tue,1430,JC,CS1C,308A 350A 330B 922 ,,R,D,O ,F ,D,N,C,50,0,0,0,,,1748952,5426077,-41.30302171,174.7792337
Wellington City,ADELAIDE ROAD,, ,I,DAWSON ST,2551581,8/04/05,Fri,915,GA,VS1CC,331A 351A ,,R,D,O ,F ,T,N,C,50,0,0,0,,,1748564,5423849,-41.32315285,174.7751455
Wellington City,ADELAIDE ROAD,180,N, ,DOVER ST,2552965,8/06/05,Wed,720,FD,CN1C,181A 191B ,,R,W,DO,L , ,N,C,50,0,0,0,,,1748518,5423468,-41.32659162,174.7746892
Wellington City,ADELAIDE ROAD,15,N, ,DRUMMOND ST,2555886,21/11/05,Mon,1710,QD,TN1VCC,428A ,FJM,R,D,B ,F , ,N,C,50,0,0,0,,,1748897,5425859,-41.3049946,174.7786304
Wellington City,ADELAIDE ROAD,30,N, ,DRUMMOND ST,2511259,10/02/05,Thu,1736,KA,SN1C,204A 308B 370B 927 ,,R,D,B ,F ,D,N,C,50,0,0,1,,28,1748900,5425873,-41.304868,174.7786628
Wellington City,ADELAIDE ROAD,30,N, ,DRUMMOND ST,2512661,4/07/05,Mon,1720,NB,BS1E,370A 711B 714B ,,R,D,TO,F , ,N,R,50,0,0,1,33,,1748900,5425873,-41.304868,174.7786628
Wellington City,ADELAIDE ROAD,, ,I,DRUMMOND ST,2513526,26/10/05,Wed,1725,GB,SN1C,372B ,,R,D,B ,F ,X,S,C,50,0,0,1,,39,1748893,5425844,-41.30513039,174.7785863
Wellington City,ADELAIDE ROAD,150,S, ,DUPPA ST,2551458,9/04/05,Sat,1330,FD,CS1CC,181A ,,R,D,B ,F , ,N,C,50,0,0,0,,,1748553,5423681,-41.32466745,174.7750551
Wellington City,ADELAIDE ROAD,, ,I,HALL ST,2556436,29/10/05,Sat,1530,AO,TS1C,150A 386A ,,R,D,B ,F ,X,T,C,50,0,0,0,,,1748741,5425246,-41.31054247,174.7769177
Wellington City,ADELAIDE ROAD,, ,I,HALL ST,2554581,20/09/05,Tue,810,FA,4S14,181A 358A ,,R,D,B ,F ,X,T,C,50,0,0,0,,,1748741,5425246,-41.31054247,174.7769177
Wellington City,ADELAIDE ROAD,15,S, ,HERALD ST,2550745,5/02/05,Sat,2220,EA,CS1CCC,129A ,M,R,D,DO,F , ,T,C,50,0,0,0,,,1748578,5424107,-41.3208274,174.7752496
Wellington City,ADELAIDE ROAD,25,N, ,HOSPITAL ROAD,2512816,26/08/05,Fri,1614,FD,CN1CC,112A 181A 330A ,,R,D,B ,F , ,N,C,50,0,0,2,,,1748869,5425748,-41.30599915,174.7783233
Wellington City,ADELAIDE ROAD,40,N, ,HOSPITAL ROAD,2550473,21/01/05,Fri,1050,MC,CN1V,372B ,,R,D,B ,F , ,N,P,50,0,0,0,,,1748872,5425763,-41.30586354,174.7783554
Wellington City,ADELAIDE ROAD,10,S, ,HOSPITAL ROAD,2552295,19/05/05,Thu,1320,GD,CN1C,331A 927 ,,R,D,B ,F ,D,N,C,50,0,0,0,,,1748860,5425715,-41.30629792,174.7782239
Wellington City,ADELAIDE ROAD,, ,I,HOSPITAL ROAD,2554745,25/08/05,Thu,1120,DA,CW2,132A 330A ,PS,R,D,O ,F ,T,G,R,50,0,0,0,,,1748863,5425724,-41.30621634,174.7782575
Wellington City,ADELAIDE ROAD,10,S, ,JOHN ST,2553984,25/07/05,Mon,830,JO,CN1T,386B 927 ,,R,D,B ,F ,D,T,C,50,0,0,0,,,1748829,5425598,-41.30735704,174.7778823
Wellington City,ADELAIDE ROAD,40,S, ,JOHN ST,2552523,19/05/05,Thu,1843,EA,CN1C,128A ,M,R,D,TO,M , ,N,C,50,0,0,0,,,1748822,5425569,-41.30761943,174.7778059
Wellington City,ADELAIDE ROAD,, ,I,JOHN ST,2511775,16/04/05,Sat,1939,LB,MS1C,303B ,,R,D,DO,F ,X,T,C,50,0,0,1,,,1748832,5425608,-41.30726645,174.7779157
Wellington City,ADELAIDE ROAD,, ,I,JOHN ST,2551724,18/04/05,Mon,1214,FE,CN1C,191A 350A 331B 353B ,,R,D,B ,F ,X,T,N,50,0,0,0,,,1748832,5425608,-41.30726645,174.7779157
Wellington City,ADELAIDE ROAD,, ,I,JOHN ST,2555105,8/10/05,Sat,1941,FE,VS1V,181B 387B ,,R,W,DO,L ,X,T,C,50,0,0,0,,,1748832,5425608,-41.30726645,174.7779157
Wellington City,ADELAIDE ROAD,, ,I,LUXFORD ST,2511237,16/03/05,Wed,1520,NB,XN1E,713B 718B ,,R,D,B ,F ,T,T,R,50,0,0,1,9,,1748585,5424215,-41.31985374,174.7753068
Wellington City,ADELAIDE ROAD,, ,I,LUXFORD ST,2550599,3/02/05,Thu,1730,GB,SS1C,158A 324A 324B ,,R,D,O ,F ,T,T,C,50,0,0,0,,38,1748585,5424215,-41.31985374,174.7753068
Wellington City,ADELAIDE ROAD,, ,I,LUXFORD ST,2511405,8/03/05,Tue,1545,NB,CN1E,713B 718B ,,R,D,B ,F ,T,T,R,50,0,0,1,13,,1748585,5424215,-41.31985374,174.7753068
Wellington City,ADELAIDE ROAD,30,N, ,NIKAU ST,2554205,30/07/05,Sat,2300,EA,TS1C,129A ,M,R,W,DO,L , ,N,C,50,0,0,0,,,1748784,5425418,-41.30898595,174.7773891
Wellington City,ADELAIDE ROAD,, ,I,PALM GROVE,2555881,5/10/05,Wed,1930,GE,CS1C,155B 160B 333B ,,R,D,TO,F ,T,T,L,50,0,0,0,,,1748586,5424250,-41.31953843,174.7753102
Wellington City,ADELAIDE ROAD,, ,I,POST OFFICE AVENUE,2511773,8/04/05,Fri,1543,NA,XN1E,711B ,,R,D,B ,F ,X,T,C,50,0,1,0,60,,1748584,5424207,-41.31992595,174.7752968
Wellington City,ADELAIDE ROAD,30,N, ,RIDDIFORD ST,2554561,6/08/05,Sat,1745,NB,CS1E,712B ,,R,D,TF,F , ,N,C,50,0,0,0,,,1748839,5425637,-41.30700406,174.7779922
Wellington City,ADELAIDE ROAD,, ,I,RIDDIFORD ST,2552173,3/05/05,Tue,1850,AC,CS1BC,386A ,,E,W,DO,L ,X,T,P,50,0,0,0,,,1748832,5425608,-41.30726645,174.7779157
Wellington City,ADELAIDE ROAD,, ,I,RIDDIFORD ST,2553675,26/06/05,Sun,2050,BA,CN2C,334A 507A ,,R,D,DO,F ,X,T,C,50,0,0,0,,,1748832,5425608,-41.30726645,174.7779157
Wellington City,ADELAIDE ROAD,60,S, ,RUGBY ST,2553196,21/06/05,Tue,1535,LB,CN1V,303B 375B 924 ,,R,W,O ,L ,D,N,C,50,0,0,0,,,1748990,5426226,-41.30167318,174.7796509
Wellington City,ADELAIDE ROAD,100,S, ,RUGBY ST,2551660,15/04/05,Fri,1530,LB,CN1C,200A 303B 377B 922 ,,R,D,B ,F ,D,N,C,50,0,0,0,,,1748980,5426188,-41.30201716,174.7795409
Wellington City,ADELAIDE ROAD,50,N, ,STOKE ST,2553796,16/07/05,Sat,1126,CA,CS1C,133A ,,R,D,B ,F , ,N,C,50,0,0,0,,,1748662,5424932,-41.31338411,174.7760511
Wellington City,ADELAIDE ROAD,60,S, ,TORQUAY TERRACE,2555923,27/11/05,Sun,1456,FD,TS1CC,331A ,,R,D,B ,F , ,N,C,50,0,0,0,,,1748610,5424655,-41.31588763,174.7754978
Wellington City,ADELAIDE ROAD,, ,I,WARIPORI ST,2553287,28/05/05,Sat,1450,GD,4S1C,333A ,,R,D,O ,F ,T,N,N,50,0,0,0,,,1748591,5424338,-41.31874521,174.7753484
Wellington City,AKAROA DRIVE,500,N, ,KAIKOURA ST S,2556799,11/12/05,Sun,,DA,CN14,121A ,M,E,D,DO,F , ,N,C,50,0,0,0,,,1752455,5425873,-41.30420412,174.8211082
Wellington City,ALEXANDRA ROAD,1210,E, ,CONSTABLE ST,2512288,30/04/05,Sat,249,DB,CS1,131A 631A ,C,S,D,DN,F , ,N,C,50,0,0,1,,,1749781,5426055,-41.30306632,174.7891369
Wellington City,ALEXANDRA ROAD,250,N, ,CONSTABLE ST,2551238,18/02/05,Fri,2015,DA,CS1,111A ,T,M,D,TN,F , ,N,C,50,0,0,0,,,1749692,5425184,-41.31092477,174.7882887
Wellington City,ALEXANDRA ROAD,600,N, ,CONSTABLE ST,2512517,3/08/05,Wed,2306,DA,CN1,131A 358A ,C,S,D,DN,F , ,N,C,50,0,0,1,,,1749664,5425510,-41.30799487,174.7878741
Wellington City,ALEXANDRA ROAD,400,W, ,UPOKO ROAD,2552790,13/05/05,Fri,730,DA,CS1,102A 130A 410A ,T,E,D,TN,F , ,N,C,50,0,0,0,,,1750043,5426494,-41.29906518,174.7921568
Wellington City,ALLEN ST,, ,I,COURTENAY PLACE,2552838,14/05/05,Sat,20,EE,XS1X,374B ,Q,R,D,TO,F ,T,G,N,50,0,0,0,,,1749209,5427107,-41.29370072,174.7820497
Wellington City,AMESBURY DRIVE,30,N, ,GIFFORD GROVE,2511824,7/04/05,Thu,2004,DC,CS1,133A 433A ,J,E,D,DO,F ,T,N,N,50,0,0,1,,,1751233,5437984,-41.1953943,174.803516
Wellington City,AMRITSAR ST,150,S, ,JUBILEE ROAD,2556782,16/12/05,Fri,938,MO,TW1V,130A 929 ,HM,E,D,B ,F ,D,N,C,50,0,0,0,,,1750521,5431965,-41.24971874,174.7965121
Wellington City,ANTHONY ST,, ,I,BELL ST,2551408,9/04/05,Sat,1115,CO,CN1X,103A 108A 125A 131A ,FM,R,D,B ,F ,T,N,C,50,0,0,0,,,1754074,5442811,-41.15139978,174.8361653
Wellington City,AOTEA ON NBD,, ,I,FERRY TERMINAL ACCESS ROA,2512010,8/05/05,Sun,810,DA,CN1,103A 131A ,GI,S,W,TN,L ,Y,N,R,70,0,0,1,,,1749501,5430247,-41.26537595,174.7847649
Wellington City,AOTEA ON NBD,, ,I,FERRY TERMINAL ACCESS ROA,2553918,27/07/05,Wed,945,AC,CN1C,372A 404A ,,E,W,O ,L ,Y,N,C,70,0,0,0,,,1749501,5430247,-41.26537595,174.7847649
Wellington City,AOTEA QUAY,20,S, ,AOTEA OFF SBD,2554336,28/05/05,Sat,1935,MC,VS1C,300B 372B ,,R,D,DO,F , ,N,L,70,0,0,0,,,1749565,5430057,-41.26707476,174.7855752
Wellington City,AOTEA QUAY,, ,I,AOTEA OFF SBD,2511222,12/02/05,Sat,954,MC,CS1C,202B 372B ,G,R,D,B ,F ,Y,N,L,70,0,0,2,,,1749561,5430076,-41.26690443,174.7855228
Wellington City,AOTEA QUAY,, ,I,AOTEA OFF SBD,2551038,3/03/05,Thu,1058,MC,VS1C,372B 381B ,,R,D,B ,F ,Y,N,L,70,0,0,0,,,1749561,5430076,-41.26690443,174.7855228
Wellington City,AOTEA QUAY,, ,I,AOTEA OFF SBD,2553076,16/06/05,Thu,1600,FD,CS1V,181A ,,R,D,B ,F ,Y,N,L,70,0,0,0,,,1749561,5430076,-41.26690443,174.7855228
Wellington City,AOTEA QUAY,100,S, ,AOTEA ON NBD,2511123,1/02/05,Tue,1800,JA,CN1C,308B 377B 927 ,,R,D,OO,F ,D,N,C,70,0,0,1,,,1749571,5430025,-41.26736176,174.7856547
Wellington City,AOTEA QUAY,300,S, ,AOTEA ON NBD,2512038,22/04/05,Fri,1503,FD,CN1V,181A ,,R,D,B ,F , ,N,C,70,0,0,1,,,1749609,5429829,-41.2691194,174.7861562
Wellington City,AOTEA QUAY,, ,I,AOTEA ON NBD,2513267,16/10/05,Sun,410,DB,CN1,103A 131A ,IP,E,D,DO,F ,Y,N,R,70,0,0,4,,,1749546,5430121,-41.26650206,174.7853328
Wellington City,AOTEA QUAY,50,N, ,WATERLOO QUAY,2556440,9/12/05,Fri,1740,FD,CN1VCC,112A 181A ,,R,D,B ,F , ,N,C,50,0,0,0,,,1749691,5429383,-41.27311973,174.7872443
Wellington City,AOTEA QUAY,120,N, ,WATERLOO QUAY,2556650,21/03/05,Mon,1810,FA,CN1C,181A ,,R,W,DO,L , ,N,L,70,0,0,0,,,1749682,5429452,-41.27250016,174.7871199
Wellington City,ARO ST,, ,I,DEVON ST,2512011,28/05/05,Sat,1330,JA,MW1C,308B 375B 927 ,,R,D,O ,F ,D,N,C,50,0,0,1,,,1747909,5426953,-41.29532652,174.7665679
Wellington City,ARO ST,, ,I,DEVON ST,2551963,26/03/05,Sat,1020,DC,CS2VC,407A 427A ,M,R,D,B ,F ,T,S,C,50,0,0,0,,,1747909,5426953,-41.29532652,174.7665679
Wellington City,ARO ST,50,E, ,HOLLOWAY ROAD,2513231,13/11/05,Sun,1918,NA,CE1E,713B ,,E,D,TN,F , ,N,C,50,0,1,0,53,,1747483,5427131,-41.29380185,174.7614391
Wellington City,AUSTIN ST,, ,I,QUEEN ST,2553847,25/07/05,Mon,927,MO,CS1C,371A 370B 929 ,,R,W,O ,F ,D,N,C,50,0,0,0,,,1749652,5426627,-41.29794033,174.7874561
Wellington City,AWA ROAD,80,N, ,TOWNSEND ROAD,2550861,12/02/05,Sat,1300,BB,TN1C,123A ,,S,D,B ,F , ,N,C,50,0,0,0,,,1752734,5424925,-41.31268637,174.8246773
Wellington City,BALLANCE ST,, ,I,STOUT ST,2513098,14/10/05,Fri,1655,GB,SN2V,129A 181A 333A ,,R,D,B ,F ,X,G,C,50,0,0,1,,30,1748819,5428545,-41.28082576,174.7770425
Wellington City,BALLANTRAE PLACE,40,N, ,BOWEN ST,2552502,15/05/05,Sun,1215,EA,CN1C,385A ,M,R,D,O ,F , ,N,N,50,0,0,0,,,1748457,5428905,-41.27765114,174.7726341
Wellington City,BANNISTER AVENUE,40,N, ,HAUMIA ST,2556707,25/12/05,Sun,1110,DA,CS1C,123A 137A ,M,M,D,B ,F , ,N,N,50,0,0,0,,,1750788,5434406,-41.22769165,174.7990943
Wellington City,BANNISTER AVENUE,150,S, ,KIPLING ST,2556093,5/12/05,Mon,815,JA,CS1C,308B 375B 839 929 ,,R,W,O ,L ,D,N,N,50,0,0,0,,,1750827,5434493,-41.22690108,174.799538
Wellington City,BARODA ST,230,W, ,BURMA ROAD,2556778,10/11/05,Thu,1250,QD,TN1,611A ,H,R,D,B ,F , ,N,N,50,0,0,0,,,1750085,5432976,-41.24069732,174.7910621
Wellington City,BASSETT ROAD,, ,I,MIDDLETON ROAD,2551157,11/01/05,Tue,800,FB,BE1S,331A ,,E,D,O ,F ,R,G,R,50,0,0,0,,31,1751516,5435193,-41.22046996,174.807581
Wellington City,BASSETT ROAD,50,N, ,OHARIU ROAD,2554692,6/09/05,Tue,1100,EA,CN1C,129A ,M,R,D,B ,F , ,N,C,50,0,0,0,,,1751519,5435465,-41.21802047,174.8075493
Wellington City,BAY ROAD,20,S, ,RONGOTAI ROAD,2553200,23/06/05,Thu,1900,EA,CS1CC,352A 402A ,MM,R,D,TO,F , ,N,C,50,0,0,0,,,1750235,5424379,-41.31807149,174.7949714
Wellington City,BAY ROAD,, ,I,RONGOTAI ROAD,2511552,19/03/05,Sat,1730,GB,SN1C,142B 372B ,,R,D,B ,F ,X,T,C,50,0,0,1,,46,1750241,5424398,-41.31789931,174.7950384
Wellington City,BAYLANDS DRIVE,130,S, ,CHEYNE WALK,2513294,1/11/05,Tue,815,MO,TS1S,381A ,,E,D,B ,F , ,N,N,50,0,1,0,,12,1753321,5434530,-41.22609917,174.8292705
Wellington City,BAYLANDS DRIVE,30,S, ,HOROKIWI ROAD WEST,2512253,21/06/05,Tue,1950,EA,CN1C,330A 385A ,M,R,W,DO,M ,T,N,C,50,0,0,1,,,1753389,5434980,-41.22203481,174.8299684
Wellington City,BEACON HILL ROAD,200,S, ,TIO TIO ROAD,2550581,6/02/05,Sun,1730,BB,CS1C,123A ,,S,D,B ,F , ,N,C,50,0,0,0,,,1752977,5423583,-41.32472254,174.8279166
Wellington City,BEAUCHAMP ST,, ,I,KARORI ROAD,2551519,10/03/05,Thu,2030,EA,CS1V,129A 370A ,M,R,D,DO,F ,T,N,C,50,0,0,0,,,1745453,5428164,-41.28486947,174.7369581
Wellington City,BEAZLEY AVENUE,, ,I,BRACKEN ROAD,2555526,30/10/05,Sun,1815,BC,CE2C,103A 111A 122A ,,E,D,O ,F ,T,G,C,50,0,0,0,,,1752683,5435474,-41.21772068,174.8214263
Wellington City,BEAZLEY AVENUE,, ,I,LYNDA AVENUE,2551184,20/02/05,Sun,1820,MO,CN1C,308A 371A 929 ,,M,D,B ,F ,T,N,C,50,0,0,0,,,1752168,5435741,-41.21541378,174.8152191
Wellington City,BELFAST ST,20,S, ,RUGBY ST,2554851,12/08/05,Fri,900,FD,CS1M,181A ,,R,D,B ,FS, ,N,N,50,0,0,0,,,1748937,5426293,-41.30107974,174.7790018
Wellington City,BELL ROAD,200,S, ,BIDWILL ST,2555300,16/10/05,Sun,1255,MA,CN1C,300B 373B ,,M,D,B ,F , ,N,C,50,0,0,0,,,1748113,5425939,-41.30441863,174.76925
Wellington City,BELL ST,100,N, ,MEXTED TERRACE,2551002,14/03/05,Mon,600,EA,CS1C,386A ,M,R,D,DO,F , ,N,N,50,0,0,0,,,1754004,5442448,-41.1546813,174.8354227
Wellington City,BIDWILL ST,30,S, ,ANDERSON TERRACE,2552275,8/05/05,Sun,1145,DA,VN1C,132A 135A 121B 801 ,EG,M,W,O ,H , ,N,L,50,0,0,0,,,1748314,5426167,-41.30232892,174.7715944
Wellington City,BIDWILL ST,40,W, ,ANDERSON TERRACE,2554758,20/08/05,Sat,1210,EA,CW1C,129A ,M,R,W,O ,F , ,N,N,50,0,0,0,,,1748323,5426170,-41.30230026,174.7717011
Wellington City,BIDWILL ST,200,W, ,WALLACE ST,2511114,22/01/05,Sat,1630,NO,CN1E,378A 839 ,,R,D,B ,F , ,N,N,50,0,0,1,24,,1748331,5426164,-41.30235281,174.7717981
Wellington City,BIDWILL ST,200,W, ,WALLACE ST,2552704,23/05/05,Mon,1653,MO,CE1C,386A 402A ,M,R,D,O ,F , ,N,N,50,0,0,0,,,1748331,5426164,-41.30235281,174.7717981
Wellington City,BIDWILL ST,, ,I,WALLACE ST,2513338,17/11/05,Thu,2143,NC,CN2E,353A 718B ,,R,D,DO,F ,X,T,C,50,0,0,1,45,,1748521,5426228,-41.30174164,174.7740509
Wellington City,BING LUCAS DRIVE,70,W, ,WOODMAN DRIVE,2556736,4/12/05,Sun,1543,BD,4S1V,110A 132A 120B ,,E,D,O ,F , ,N,N,50,0,0,0,,,1753785,5440314,-41.17393602,174.8333495
Wellington City,BOND ST,20,S, ,WILLIS ST,2551571,18/03/05,Fri,1241,FA,4W1C,512A 445B ,,R,W,O ,L , ,N,C,50,0,0,0,,,1748646,5427669,-41.28874466,174.7751915
Wellington City,BOSCOBEL LANE,15,E, ,MAIN ROAD,2555931,15/12/05,Thu,1740,EA,CE1C,385A ,M,E,D,B ,F , ,N,N,50,0,0,0,,,1753165,5439147,-41.18456035,174.8262537
Wellington City,BOULCOTT SLIP,, ,I,BOULCOTT ST,2511486,8/03/05,Tue,800,FB,CS1V,331A ,,E,D,B ,F ,Y,N,C,50,0,0,1,,,1748535,5427977,-41.28599202,174.7737913
Wellington City,BOULCOTT ST,10,N, ,CHURCH ST,2555315,19/09/05,Mon,840,MA,CN1C,300B 373B ,,E,D,B ,F ,T,N,C,50,0,0,0,,,1748535,5427754,-41.28799979,174.7738457
Wellington City,BOULCOTT ST,, ,I,GILMER TERRACE,2556813,21/10/05,Fri,900,FA,CE1C,181A ,,R,D,O ,F ,T,N,P,50,0,0,0,,,1748567,5427961,-41.28613019,174.7741772
Wellington City,BOULCOTT ST,120,S, ,PLIMMERS STEPS,2511956,19/05/05,Thu,1746,JA,SS1C,308B 926 ,,R,D,TO,F ,D,N,C,50,0,0,1,,23,1748565,5427824,-41.28736403,174.7741868
Wellington City,BOULCOTT ST,60,N, ,WILLIS ST,2550860,17/02/05,Thu,1830,MO,VN1C,386A 403A ,M,R,D,O ,F , ,N,C,50,0,0,0,,,1748572,5427675,-41.28870426,174.7743067