TLA NAME,CRASH ROAD,CRASH DIST,CRASH DIRN,INTSN,SIDE ROAD,CRASH ID,CRASH DATE,CRASH DOW,CRASH TIME,MVMT,VEHICLES,CAUSES,OBJECTS STRUCK,ROAD CURVE,ROAD WET,LIGHT,WTHRa,JUNC TYPE,TRAF CTRL,ROAD MARK,SPD LIM,CRASH FATAL CNT,CRASH SEV CNT,CRASH MIN CNT,PERS AGE1,PERS AGE2,EASTING,NORTHING,latitude,longitude
Wellington City,BOULCOTT ST,60,N, ,WILLIS ST,2551837,19/04/05,Tue,2014,MO,CS1C,386A ,M,R,D,DO,F , ,N,C,50,0,0,0,,,1748572,5427675,-41.28870426,174.7743067
Wellington City,BOULCOTT ST,25,W, ,WILLIS ST,2554557,25/07/05,Mon,1230,AC,CE1T,372A 387A ,,R,D,O ,F , ,N,C,50,0,0,0,,,1748590,5427645,-41.28897105,174.7745289
Wellington City,BOULCOTT ST,30,W, ,WILLIS ST,2512332,22/06/05,Wed,1240,NA,CW1E,711B ,,R,D,B ,F , ,N,C,50,0,0,1,59,,1748588,5427649,-41.28893541,174.774504
Wellington City,BOULCOTT ST,70,W, ,WILLIS ST,2512187,29/04/05,Fri,1705,NA,SE1,151A 370A 377B 712B ,,R,D,O ,F , ,N,C,50,0,1,1,57,24,1748567,5427684,-41.28862415,174.7742448
Wellington City,BOULCOTT ST,, ,I,WILLIS ST,2554754,8/08/05,Mon,1640,AC,CS1V,372A 330B 350B 370B ,,R,D,B ,F ,X,T,C,50,0,0,0,,,1748603,5427623,-41.28916673,174.7746894
Wellington City,BOWEN ST,, ,I,SYDNEY ST WEST,2554307,15/06/05,Wed,1725,KA,CE1CC,302B 375B ,,R,W,DO,L ,T,G,L,50,0,0,0,,,1748266,5428744,-41.27913579,174.7703937
Wellington City,BOWEN ST,70,W, ,THE TERRACE,2550475,9/01/05,Sun,2000,DA,MW1,103A ,,E,D,TF,F , ,N,C,50,0,0,0,,,1748634,5428794,-41.27861797,174.7747737
Wellington City,BOWEN ST,150,W, ,THE TERRACE,2513682,23/12/05,Fri,248,DA,PW1,103A ,IS,E,D,DO,F , ,N,R,50,0,0,1,,,1748574,5428846,-41.27816083,174.7740449
Wellington City,BOWEN ST,200,W, ,THE TERRACE,2554849,6/09/05,Tue,1020,MC,VE1C,181A 372B ,,E,D,O ,F , ,N,R,50,0,0,0,,,1748532,5428872,-41.27793447,174.7735373
Wellington City,BOWEN ST,400,W, ,THE TERRACE,2511403,26/02/05,Sat,110,DB,CW1,103A 131A ,P,E,D,DO,F , ,N,C,50,0,0,1,,,1748376,5428774,-41.27884549,174.7716993
Wellington City,BOWEN ST,, ,I,THE TERRACE,2511148,5/02/05,Sat,1205,NB,VE1E,711B 718B ,,R,D,B ,F ,T,T,C,50,0,0,1,,,1748701,5428774,-41.27878571,174.7755782
Wellington City,BOWEN ST,100,E, ,TINAKORI ROAD,2552524,13/05/05,Fri,2230,AD,CW1,111A 132A ,C,M,D,DO,F , ,N,C,50,0,0,0,,,1748262,5428746,-41.27911852,174.7703455
Wellington City,BOWEN ST,120,E, ,TINAKORI ROAD,2555661,29/08/05,Mon,1855,DA,CN1,111A 131A 514A ,C,M,D,TO,F , ,N,L,50,0,0,0,,,1748281,5428739,-41.27917806,174.770574
Wellington City,BRANDON ST,, ,I,FEATHERSTON ST,2552782,13/05/05,Fri,1030,FE,XW1C,331A ,,R,D,O ,F ,X,T,N,50,0,0,0,,,1748799,5428249,-41.28349447,174.7768761
Wellington City,BRITOMART ST,400,W, ,ADELAIDE ROAD,2555510,2/10/05,Sun,2220,EA,CW1CC,129A ,M,R,W,DO,L , ,N,C,50,0,0,0,,,1748196,5424161,-41.3204115,174.7706743
Wellington City,BRITOMART ST,20,W, ,STANLEY ST,2556814,8/11/05,Tue,2300,EA,CW1X,386A ,M,R,D,DN,F , ,N,N,50,0,0,0,,,1748343,5424137,-41.32060056,174.7724357
Wellington City,BRITOMART ST,25,W, ,STANLEY ST,2512850,19/08/05,Fri,750,NA,CE1E,711B 712B ,,R,D,B ,F , ,N,C,50,0,0,1,11,,1748338,5424137,-41.32060148,174.772376
Wellington City,BROADWAY,200,E, ,CALABAR ROAD,2553841,7/07/05,Thu,1000,EA,TE1X,129A ,M,R,D,B ,F , ,N,C,50,0,0,0,,,1751653,5423542,-41.32534179,174.8121141
Wellington City,BROADWAY,10,W, ,GLAMIS AVENUE,2550371,31/01/05,Mon,1000,MC,CE1T,300B 372B ,,R,D,B ,F ,T,N,P,50,0,0,0,,,1752421,5423633,-41.32437768,174.8212637
Wellington City,BROADWAY,90,W, ,MONORGAN ROAD,2551906,11/04/05,Mon,415,EA,CW1V,129A 358A ,M,R,W,DO,L , ,N,C,50,0,0,0,,,1752053,5423553,-41.32516742,174.8168886
Wellington City,BROADWAY,15,E, ,STRATHMORE AVENUE,2556188,12/12/05,Mon,1615,MO,4W1C,138A 373A ,M,R,W,O ,L , ,N,C,50,0,0,0,,,1752363,5423618,-41.32452369,174.8205748
Wellington City,BROADWAY,50,E, ,TIO TIO ROAD,2550750,24/02/05,Thu,1305,MC,CE1C,300B 372B ,,R,D,B ,F , ,N,N,50,0,0,0,,,1752620,5423677,-41.3239439,174.8236293
Wellington City,BROADWAY,, ,I,WILBERFORCE ST,2551616,7/04/05,Thu,1416,JA,CE1V,301B 375B ,,R,D,B ,F ,T,S,C,50,0,0,0,,,1752481,5423649,-41.32422229,174.8219763
Wellington City,BRODERICK ROAD,, ,I,DOCTOR TAYLOR TERRACE,2551047,15/02/05,Tue,733,BO,CS2T,122A 330A ,,R,D,O ,F ,T,N,C,50,0,0,0,,,1751135,5434773,-41.22432264,174.8031417
Wellington City,BRODERICK ROAD,20,W, ,JOHNSONVILLE ROAD,2556193,20/12/05,Tue,1750,FD,CE1M,420A ,,R,D,B ,F , ,T,R,50,0,0,0,,,1751463,5434722,-41.22472048,174.8070658
Wellington City,BRODERICK ROAD,, ,I,JOHNSONVILLE ROAD,2512076,9/06/05,Thu,900,LB,ME1C,303B 375B ,,R,D,B ,F ,X,T,N,50,0,0,1,,,1751483,5434719,-41.22474375,174.807305
Wellington City,BRODERICK ROAD,30,E, ,MOOREFIELD ROAD,2512659,17/07/05,Sun,1610,NA,PW1E,155A 370A 712B ,,R,D,O ,F , ,N,L,50,0,0,1,17,,1751206,5434763,-41.22439941,174.8039909
Wellington City,BRODERICK ROAD,, ,I,MOOREFIELD ROAD,2554789,21/09/05,Wed,905,FE,VW1C,331A ,,R,D,B ,F ,X,T,C,50,0,0,0,,,1751177,5434767,-41.22436882,174.8036441
Wellington City,BROOKLYN ROAD,, ,I,BIDWILL ST,2555152,19/09/05,Mon,1550,JC,VW2C,302A 387A ,,E,W,O ,L ,Y,G,R,50,0,0,0,,,1748117,5426076,-41.30318442,174.7692645
Wellington City,BROOKLYN ROAD,, ,I,BIDWILL ST,2553656,9/07/05,Sat,920,GE,CN1M,160A ,,R,D,O ,F ,Y,G,R,50,0,0,0,,,1748117,5426076,-41.30318442,174.7692645
Wellington City,BROOKLYN ROAD,, ,I,OHIRO ROAD,2556598,5/12/05,Mon,1719,JA,CE1V,302B ,,M,D,B ,F ,T,G,P,50,0,0,0,,,1747693,5426137,-41.30271293,174.7641873
Wellington City,BROOKLYN ROAD,, ,I,WASHINGTON AVENUE,2513264,21/11/05,Mon,950,JC,CE1C,302A 375A ,,R,D,O ,F ,T,G,C,50,0,0,1,,,1747874,5426138,-41.30267077,174.7663481
Wellington City,BROUGHAM ST,50,S, ,PIRIE ST,2512970,28/08/05,Sun,1810,BA,CW1X,374B 445B ,Q,R,D,TF,F , ,N,C,50,0,0,1,,,1749400,5426588,-41.29833815,174.7844572
Wellington City,BROUGHAM ST,, ,I,PIRIE ST,2555076,25/09/05,Sun,902,HA,CW2C,300B 375B ,,E,D,B ,F ,X,S,R,50,0,0,0,,,1749420,5426634,-41.29792029,174.7846846
Wellington City,BRUSSELS ST,, ,I,PARK ROAD,2553210,21/05/05,Sat,1150,DA,CN2,111A 131A ,H,R,D,B ,F ,X,G,C,50,0,0,0,,,1752212,5424857,-41.31339726,174.8184611
Wellington City,BUCKLE ST,, ,I,CAMBRIDGE TERRACE,2512745,4/08/05,Thu,28,DA,CE14,103A 111A 131A ,IM,M,D,DO,F ,T,G,R,50,0,1,0,,,1749051,5426475,-41.29942007,174.7803183
Wellington City,BUCKLEY ROAD,180,N, ,MELROSE ROAD,2552613,23/04/05,Sat,2352,DA,CN1C,131A 517A ,M,E,D,DO,F , ,N,N,50,0,0,0,,,1749050,5422118,-41.33864798,174.7813745
Wellington City,BUNNY ST,, ,I,ACCESS ROAD,2551924,25/04/05,Mon,1710,KA,CE1C,303B 927 ,,R,W,TN,L ,T,N,R,50,0,0,0,,,1749074,5428626,-41.28004945,174.7800662
Wellington City,BUNNY ST,40,E, ,FEATHERSTON ST,2555309,25/10/05,Tue,1700,JA,CE1X,309B 377B 920 ,,R,D,B ,F ,D,N,N,50,0,0,0,,,1749030,5428661,-41.27974245,174.7795325
Wellington City,BUNNY ST,, ,I,FEATHERSTON ST,2552526,19/05/05,Thu,1437,NE,CS2E,307A ,,R,D,B ,F ,X,T,R,50,0,0,0,49,,1748998,5428685,-41.27953227,174.7791447
Wellington City,BUNNY ST,20,E, ,LAMBTON QUAY,2513616,20/10/05,Thu,2200,NB,CE1E,105B 711B ,,R,W,DO,L , ,N,R,50,0,0,1,45,,1748948,5428755,-41.27891125,174.7785308
Wellington City,BURDENDALE GROVE,, ,I,BURDENDALE ROAD,2554517,7/08/05,Sun,1808,JC,VW2C,302A 382A ,,E,D,DO,F ,T,G,C,50,0,0,0,,,1751722,5435640,-41.21640685,174.8099264
Wellington City,BURMA ROAD,200,N, ,FRASER AVENUE,2554453,26/08/05,Fri,1110,EE,TS1C,374B 443B ,M,R,D,O ,F , ,N,C,50,0,0,0,,,1750691,5433561,-41.23531762,174.7981461
Wellington City,BURMA ROAD,200,S, ,HAUMIA ST,2513594,13/11/05,Sun,2312,CB,CN1,195A ,P,R,D,DO,F , ,N,P,50,0,0,1,,,1750746,5434059,-41.23082366,174.7986791
Wellington City,BURMA ROAD,350,S, ,HAUMIA ST,2511457,15/03/05,Tue,1520,LB,SS1C,204A 303B 920 ,,E,D,O ,F ,D,N,P,50,0,0,1,,,1750709,5433918,-41.23210004,174.7982726
Wellington City,BURMA ROAD,, ,I,JOHN SIMS DRIVE,2511559,20/03/05,Sun,1734,LB,CN1C,303B 359B ,,R,D,O ,F ,T,G,C,50,0,0,1,,,1750688,5433490,-41.23595742,174.7981278
Wellington City,BURMA ROAD,, ,I,STATION ROAD,2551513,22/03/05,Tue,1005,MG,CS1C,371B ,,R,D,O ,F ,T,N,C,50,0,0,0,,,1750199,5432833,-41.24196364,174.7924571
Wellington City,BUTE ST,10,N, ,VIVIAN ST,2552185,3/05/05,Tue,950,MG,CS1C,371B ,,R,D,O ,F ,T,G,C,50,0,0,0,,,1748536,5427042,-41.29441007,174.7740314
Wellington City,CABLE ST,, ,I,BARNETT ST,2556576,14/12/05,Wed,1230,GF,TS2C,178A 350A 370A ,,R,D,B ,F ,T,N,C,50,0,0,0,,,1749268,5427348,-41.29151999,174.7826949
Wellington City,CABLE ST,20,E, ,CHAFFERS ST,2513667,18/12/05,Sun,930,MG,CE1E,420A 730B ,,R,W,O ,L , ,N,C,50,0,0,1,89,,1749371,5427299,-41.2919421,174.7839365
Wellington City,CABLE ST,50,E, ,CHAFFERS ST,2553672,12/07/05,Tue,1536,AC,CE1C,372A 925 ,,R,D,O ,F ,D,N,C,50,0,0,0,,,1749399,5427286,-41.29205396,174.7842739
Wellington City,CABLE ST,, ,I,CHAFFERS ST,2556820,31/08/05,Wed,1933,FE,CE1C,103A 181A ,,R,D,DO,F ,X,T,C,50,0,0,0,,,1749353,5427308,-41.2918644,174.7837194
Wellington City,CABLE ST,20,W, ,ORIENTAL PARADE,2550751,18/02/05,Fri,1200,FC,CE1C,331A 358A ,,R,D,B ,F , ,N,X,50,0,0,0,,,1749474,5427241,-41.29244523,174.7851803
Wellington City,CABLE ST,100,W, ,ORIENTAL PARADE,2552789,3/06/05,Fri,1820,AA,BE1C,372A ,,R,D,DO,F , ,N,P,50,0,0,0,,,1749407,5427282,-41.2920885,174.7843704
Wellington City,CABLE ST,, ,I,ORIENTAL PARADE,2554400,14/08/05,Sun,435,DC,CE1C,103A 111A 131A ,IMT,M,D,DO,F ,T,T,R,50,0,0,0,,,1749487,5427226,-41.29257788,174.7853391
Wellington City,CABLE ST,30,E, ,TARANAKI ST,2554564,14/07/05,Thu,1630,EA,BE1C,663A 903 ,M,R,D,B ,FS, ,N,C,50,0,0,0,,,1749075,5427454,-41.29060129,174.780365
Wellington City,CABLE ST,, ,I,TARANAKI ST,2512005,10/01/05,Mon,1713,HA,CN2C,332A 514A 517A ,S,R,D,O ,F ,X,T,C,50,0,1,2,,,1749051,5427473,-41.29043466,174.7800739
Wellington City,CABLE ST,, ,I,TORY ST,2511597,12/03/05,Sat,1450,GC,CE1C,171B 381B ,,R,D,B ,F ,T,T,C,50,0,0,1,,,1749241,5427357,-41.29144395,174.7823704
Wellington City,CABLE ST,, ,I,TORY ST,2551033,25/02/05,Fri,1825,AO,CE1CC,331A 353A ,,R,D,O ,F ,T,T,N,50,0,0,0,,,1749241,5427357,-41.29144395,174.7823704
Wellington City,CAIRNS ST,15,W, ,BRIDGE ST,2556808,8/12/05,Thu,1130,EO,TN1,686A ,J,R,D,B ,F , ,N,C,50,0,0,0,,,1751106,5424208,-41.31944832,174.8054155
Wellington City,CALEDONIA ST,, ,I,KAURI ST,2552713,21/05/05,Sat,1359,HA,CE1C,301B ,,R,D,O ,F ,X,S,R,50,0,0,0,,,1751663,5423987,-41.32133348,174.8121225
Wellington City,CALEDONIA ST,, ,I,KAURI ST,2511737,16/04/05,Sat,1919,HA,CE1V,302B 377B ,,R,W,DO,L ,X,G,P,50,0,0,1,,,1751663,5423987,-41.32133348,174.8121225
Wellington City,CAMBRIDGE TERRACE,50,N, ,BUCKLE ST,2550472,15/01/05,Sat,2319,FC,CN1C,331A ,,R,D,DO,F , ,N,X,50,0,0,0,,,1749092,5426498,-41.29920542,174.7808021
Wellington City,CAMBRIDGE TERRACE,30,N, ,COURTENAY PLACE,2556708,18/12/05,Sun,1220,AA,CN1C,372A 372B ,,R,D,B ,F , ,N,R,50,0,0,0,,,1749364,5427105,-41.29369006,174.7839005
Wellington City,CAMBRIDGE TERRACE,, ,I,COURTENAY PLACE,2553758,8/07/05,Fri,1710,LB,CN1C,379A 325B ,,R,D,O ,F ,X,T,R,50,0,0,0,,,1749351,5427078,-41.29393556,174.7837519
Wellington City,CAMBRIDGE TERRACE,, ,I,COURTENAY PLACE,2512286,3/07/05,Sun,503,NB,CN1E,370A 105B 713B ,,R,D,DO,F ,X,T,R,50,0,0,1,20,,1749351,5427078,-41.29393556,174.7837519
Wellington City,CAMBRIDGE TERRACE,, ,I,ELIZABETH ST,2554540,16/07/05,Sat,1645,MG,4N1C,371A 386A ,,R,D,O ,F ,T,T,R,50,0,0,0,,,1749269,5426894,-41.29560735,174.7828182
Wellington City,CAMBRIDGE TERRACE,10,S, ,TENNYSON ST,2554042,21/07/05,Thu,1720,EE,BN1C,374B ,M,R,D,TF,F ,T,T,C,50,0,0,0,,,1749272,5426900,-41.29555278,174.7828525
Wellington City,CARLTON GORE ROAD,240,E, ,ORIENTAL PARADE,2555900,25/11/05,Fri,700,DA,CE1,103A 131A 922 ,C,S,W,O ,L ,D,N,C,50,0,0,0,,,1750906,5427801,-41.28713693,174.8021359
Wellington City,CASHMERE AVENUE,30,E, ,DELHI CRESCENT,2550287,8/01/05,Sat,1100,MO,CN1V,133A 423A 929 ,F,R,W,O ,H ,D,N,C,50,0,0,0,,,1750314,5432562,-41.24438221,174.7938956
Wellington City,CECIL ROAD,200,S, ,WADE ST,2550549,3/01/05,Mon,1515,BC,CN1C,121A 402A ,,M,D,B ,F , ,N,C,50,0,0,0,,,1748307,5430301,-41.26510981,174.7705042
Wellington City,CENTENNIAL NBD,100,S, ,SH 1N,2550662,2/02/05,Wed,30,DB,CN1,111A 131A ,G,E,W,DO,H , ,N,N,100,0,0,0,,,1751933,5432664,-41.24316127,174.8131826
Wellington City,CHAFFERS ST,50,N, ,WAKEFIELD ST,2550550,23/01/05,Sun,1307,LO,VN1C,371A 330B 926 ,,R,D,B ,F ,D,N,C,50,0,0,0,,,1749338,5427272,-41.2921913,174.7835492
Wellington City,CHAMBERLAIN ROAD,20,N, ,KARORI ROAD,2554392,12/07/05,Tue,1846,QD,VS1CC,510A 527A ,,R,W,DO,L , ,N,C,50,0,0,0,,,1745343,5428146,-41.28505135,174.7356494
Wellington City,CHAPMAN ST,, ,I,RICE CRESCENT,2552884,12/03/05,Sat,830,EA,VE1T,370A 378A 442B 832 ,M,R,D,B ,F ,T,N,C,50,0,0,0,,,1752165,5434842,-41.22350837,174.8154072
Wellington City,CHAYTOR ST,20,N, ,BIRDWOOD ST,2554588,19/08/05,Fri,2158,FC,XS1C,181A ,,R,D,DO,F , ,N,X,50,0,0,0,,,1746933,5427949,-41.28653726,174.7546758
Wellington City,CHAYTOR ST,20,N, ,BIRDWOOD ST,2553821,14/06/05,Tue,1824,AA,VN1C,386A ,,R,W,DO,L , ,N,C,50,0,0,0,,,1746933,5427949,-41.28653726,174.7546758
Wellington City,CHAYTOR ST,, ,I,BIRDWOOD ST,2555320,21/10/05,Fri,815,JA,CN1B,302B ,,R,W,O ,L ,X,G,C,50,0,0,0,,,1746933,5427929,-41.28671733,174.7546806
Wellington City,CHAYTOR ST,30,S, ,CURTIS ST,2512513,6/07/05,Wed,2135,DB,MN1,103A 195A ,,M,D,DO,F , ,N,C,50,0,0,1,,,1746872,5428155,-41.28469362,174.753898
Wellington City,CHAYTOR ST,20,E, ,WAIAPU ST,2556597,6/12/05,Tue,945,DB,CE1,135A 838 901 ,C,E,W,O ,H , ,N,L,50,0,0,0,,,1746936,5427895,-41.28702291,174.7547246
Wellington City,CHESTER ROAD,20,E, ,WILFRED ST,2554177,17/08/05,Wed,1446,DB,CN1,111A 131A ,F,M,D,B ,F , ,N,C,50,0,0,0,,,1752656,5441097,-41.16709976,174.8197015
Wellington City,CHESTER ROAD,10,E, ,WOODSTOCK TERRACE,2511711,20/04/05,Wed,1530,DB,CW1,111A 402A ,H,M,D,B ,F ,T,N,C,50,0,0,1,,,1752487,5440702,-41.17068792,174.8177863
Wellington City,CHILDERS TERRACE,10,N, ,RONGOTAI ROAD,2552306,5/05/05,Thu,1750,FB,TS1C,181A 386A ,,E,D,TO,F ,X,S,N,50,0,0,0,,,1750125,5424438,-41.31756078,174.7936432
Wellington City,CHORLEY GROVE,, ,I,HAWTREY TERRACE,2554497,12/08/05,Fri,1845,QD,CS2,428A 929 ,C,E,D,DO,F ,D,N,C,50,0,0,0,,,1751650,5435816,-41.21483574,174.8090242
Wellington City,CHURCHILL DRIVE,20,N, ,BLACKBRIDGE ROAD,2513086,5/10/05,Wed,1010,DB,CN1,111A 131A ,G,M,D,B ,F , ,N,C,50,0,1,0,,,1747701,5430590,-41.26261879,174.7632029
Wellington City,CHURCHILL DRIVE,30,N, ,BLACKBRIDGE ROAD,2553822,20/07/05,Wed,1015,DA,VN1,135A 806 ,ETZ,E,W,O ,L , ,N,C,50,0,0,0,,,1747700,5430600,-41.26252894,174.7631886
Wellington City,CHURCHILL DRIVE,50,S, ,BLACKBRIDGE ROAD,2555270,14/10/05,Fri,1740,DA,CN1,111A 133A 402A ,CK,M,D,B ,F , ,N,C,50,0,0,0,,,1747713,5430521,-41.26323785,174.7633629
Wellington City,CHURCHILL DRIVE,, ,I,SILVERSTREAM ROAD,2550928,6/03/05,Sun,1400,FC,CS1C,331A 350A 191B ,,E,D,O ,F ,T,N,X,50,0,0,0,,,1747959,5431489,-41.25447741,174.7660633
Wellington City,CLEVELAND ST,100,W, ,HARRISON ST,2551517,24/03/05,Thu,1830,MO,CW1M,371A 440B ,M,R,D,DO,F , ,N,N,50,0,0,0,,,1747683,5425866,-41.3051547,174.7641336
Wellington City,COATES ST,, ,I,NORTH ST,2553049,26/06/05,Sun,125,DA,CN1,111A 400A ,,R,W,DO,LS,T,N,N,50,0,0,0,,,1754151,5442478,-41.15438327,174.8371662
Wellington City,COBHAM DRIVE,, ,I,MIRAMAR AVENUE,2552985,2/06/05,Thu,1105,LB,CN1C,303B 386B 920 ,,R,D,B ,F ,D,N,C,50,0,0,0,,,1751637,5424734,-41.31461296,174.8116256
Wellington City,COCHRANE ST,30,N, ,MOA POINT ROAD,2553696,15/07/05,Fri,2210,MO,CE1C,103A 386A ,,R,D,DO,F , ,N,C,50,0,0,0,,,1750938,5423249,-41.32811391,174.8036473
Wellington City,COLLEGE ST,30,W, ,CAMBRIDGE TERRACE,2551418,21/03/05,Mon,1315,MF,CW1V,371B ,,R,D,O ,F , ,N,N,50,0,0,0,,,1749189,5426789,-41.2965675,174.7818888
Wellington City,COLLINS AVENUE,50,E, ,COATES ST,2510049,21/05/05,Sat,127,DB,CW1,102A 410A 632A 901 ,T,M,W,DO,H , ,N,C,50,1,0,1,,,1753989,5442083,-41.15797037,174.8353357
Wellington City,COLLINS AVENUE,, ,I,HANDYSIDE ST,2551597,10/03/05,Thu,811,KB,CW1V,197A 301B 375B ,,M,D,O ,F ,T,S,C,50,0,0,0,,,1753871,5442082,-41.15800177,174.8339303
Wellington City,COLLINS AVENUE,, ,I,HANDYSIDE ST,2551980,7/05/05,Sat,1600,JA,CE1C,302B ,,R,D,O ,F ,T,G,N,50,0,0,0,,,1753871,5442082,-41.15800177,174.8339303
Wellington City,COLLINS AVENUE,410,E, ,MAHOE ST,2512869,24/09/05,Sat,2008,DB,CS1,111A 132A ,P,M,D,DO,F , ,N,C,50,0,0,2,,,1754574,5441472,-41.16336011,174.8424588
Wellington City,COLOMBO ST,20,W, ,RINTOUL ST,2553251,24/05/05,Tue,1720,EA,CE1C,129A 385A ,M,R,D,O ,F , ,N,N,50,0,0,0,,,1748886,5425034,-41.31242444,174.778701
Wellington City,COLWAY ST,20,W, ,BOMBAY ST,2553756,11/07/05,Mon,915,EA,TE1C,112A 129A 386A ,M,R,D,O ,F , ,N,N,50,0,0,0,,,1749121,5431952,-41.25009524,174.7798136
Wellington City,CONSTABLE ST,70,W, ,ALEXANDRA ROAD,2550871,22/02/05,Tue,100,EA,CW1CC,129A ,MM,E,D,DO,F , ,N,C,50,0,0,0,,,1749609,5424994,-41.3126508,174.7873443
Wellington City,CONSTABLE ST,, ,I,COROMANDEL ST,2550577,7/02/05,Mon,715,LB,CW1C,303B 363B ,,R,D,B ,F ,X,S,C,50,0,0,0,,,1749537,5424997,-41.31263714,174.7864838
Wellington City,CONSTABLE ST,30,W, ,DANIELL ST,2551573,9/04/05,Sat,1330,FD,CW1CC,331A ,,R,D,O ,F ,X,T,C,50,0,0,0,,,1749163,5424922,-41.31338165,174.7820362
Wellington City,CONSTABLE ST,30,W, ,DANIELL ST,2552640,28/05/05,Sat,1300,MO,VN1C,371A 922 ,,R,D,B ,F ,D,N,C,50,0,0,0,,,1749163,5424922,-41.31338165,174.7820362
Wellington City,CONSTABLE ST,30,W, ,DANIELL ST,2512208,31/05/05,Tue,1540,NB,CE1E,713B ,,R,D,B ,F , ,N,C,50,0,0,1,12,,1749163,5424922,-41.31338165,174.7820362
Wellington City,CONSTABLE ST,40,W, ,DANIELL ST,2552309,23/04/05,Sat,1535,EE,CW1V,140B 374B ,Q,R,D,B ,F , ,N,C,50,0,0,0,,,1749154,5424920,-41.31340132,174.7819292
Wellington City,CONSTABLE ST,, ,I,DANIELL ST,2511962,14/05/05,Sat,1840,NF,CE1E,307A ,,R,D,TO,F ,X,T,C,50,0,0,1,29,,1749193,5424928,-41.31332208,174.7823929
Wellington City,CONSTABLE ST,, ,I,DANIELL ST,2512548,11/06/05,Sat,1844,ND,VE1E,307A 353A 724B 901 ,,R,W,DO,H ,X,T,C,50,0,0,1,50,,1749193,5424928,-41.31332208,174.7823929
Wellington City,CONSTABLE ST,, ,I,DANIELL ST,2512651,26/07/05,Tue,634,LB,CW1T,303B 387B ,,R,W,TO,F ,X,T,C,50,0,0,2,,,1749193,5424928,-41.31332208,174.7823929
Wellington City,CONSTABLE ST,50,W, ,OWEN ST,2555175,8/10/05,Sat,600,EA,CN1C,386A ,Q,R,D,TO,F , ,N,C,50,0,0,0,,,1749316,5424954,-41.31306523,174.7838553
Wellington City,CONSTABLE ST,, ,I,OWEN ST,2511772,24/03/05,Thu,1137,GE,BW1S,160A ,,R,D,B ,F ,X,G,C,50,0,0,1,,47,1749365,5424965,-41.31295712,174.7844378
Wellington City,CONSTABLE ST,, ,I,RIDDIFORD ST,2511499,8/03/05,Tue,1154,NB,CW1E,711B 718B ,,R,D,B ,F ,T,T,C,50,0,1,0,91,,1748980,5424883,-41.3137666,174.7798605
Wellington City,CORLETT ST,50,E, ,HINDMARSH ST,2556704,14/12/05,Wed,1834,QD,CE1C,428A ,,E,D,B ,F , ,N,C,50,0,0,0,,,1751395,5434505,-41.22668695,174.8063086
Wellington City,COROMANDEL ST,, ,I,WILSON ST,2554747,31/08/05,Wed,1525,KB,CS1C,300B 375B ,M,R,D,O ,F ,T,G,C,50,0,0,0,,,1749520,5425074,-41.31194704,174.7862619
Wellington City,CORTINA AVENUE,100,N, ,NEVILLE ST,2551692,10/04/05,Sun,1520,DB,4N1C,129A 130A ,M,E,D,B ,FS, ,N,C,50,0,0,0,,,1750683,5435006,-41.22230914,174.7976941
Wellington City,COURTENAY PLACE,10,E, ,ALLEN ST,2511599,4/02/05,Fri,2325,GC,SW1X,151A 173A 372B ,,R,D,DO,F ,T,N,R,50,0,0,1,,32,1749218,5427102,-41.29374407,174.7821583
Wellington City,COURTENAY PLACE,10,E, ,ALLEN ST,2553083,27/06/05,Mon,1945,MO,BE1X,386A ,,R,D,DO,F ,T,N,R,50,0,0,0,,,1749219,5427105,-41.29371688,174.7821695
Wellington City,COURTENAY PLACE,40,W, ,ALLEN ST,2554514,28/07/05,Thu,2230,MO,XE1B,373A 440A ,,R,W,DO,H , ,N,R,50,0,0,0,,,1749248,5427099,-41.29376554,174.7825172
Wellington City,COURTENAY PLACE,, ,I,ALLEN ST,2550720,14/02/05,Mon,1230,MO,CW1T,129A 371B ,,R,D,B ,F ,T,N,R,50,0,0,0,,,1749209,5427107,-41.29370072,174.7820497
Wellington City,COURTENAY PLACE,, ,I,ALLEN ST,2555123,1/10/05,Sat,35,FC,CE1X,331A 352A ,,R,D,DO,F ,T,N,X,50,0,0,0,,,1749209,5427107,-41.29370072,174.7820497
Wellington City,COURTENAY PLACE,30,E, ,BLAIR ST,2556404,27/11/05,Sun,320,MO,XE1X,371A ,,R,D,DO,F , ,N,P,50,0,0,0,,,1749311,5427086,-41.29387093,174.7832725
Wellington City,COURTENAY PLACE,, ,I,BLAIR ST,2511771,30/04/05,Sat,2045,NA,CE1E,306A 350A ,,R,D,DO,F ,T,G,X,50,0,0,1,47,,1749281,5427092,-41.29382246,174.7829129
Wellington City,COURTENAY PLACE,20,W, ,CAMBRIDGE TERRACE,2550356,2/02/05,Wed,105,MC,CE1X,300B 372B ,,E,W,DO,L , ,N,R,50,0,0,0,,,1749318,5427053,-41.29416675,174.7833641
Wellington City,COURTENAY PLACE,30,W, ,CAMBRIDGE TERRACE,2556612,30/11/05,Wed,2330,MF,XE1C,445A 371B ,,R,D,DO,F , ,N,P,50,0,0,0,,,1749322,5427084,-41.2938869,174.7834043
Wellington City,COURTENAY PLACE,80,W, ,CAMBRIDGE TERRACE,2552702,5/05/05,Thu,1810,MO,VE1C,371A ,,R,D,TO,F , ,N,R,50,0,0,0,,,1749264,5427079,-41.29394265,174.7827131