TLA NAME,CRASH ROAD,CRASH DIST,CRASH DIRN,INTSN,SIDE ROAD,CRASH ID,CRASH DATE,CRASH DOW,CRASH TIME,MVMT,VEHICLES,CAUSES,OBJECTS STRUCK,ROAD CURVE,ROAD WET,LIGHT,WTHRa,JUNC TYPE,TRAF CTRL,ROAD MARK,SPD LIM,CRASH FATAL CNT,CRASH SEV CNT,CRASH MIN CNT,PERS AGE1,PERS AGE2,EASTING,NORTHING,latitude,longitude
Wellington City,COURTENAY PLACE,, ,I,CAMBRIDGE TERRACE,2555781,20/11/05,Sun,310,MO,CE1T,386B ,,R,D,DO,F ,X,T,C,50,0,0,0,,,1749351,5427078,-41.29393556,174.7837519
Wellington City,COURTENAY PLACE,, ,I,COURTENAY SLIP,2554602,1/09/05,Thu,1205,MC,CW1C,144B 300B 372B ,,R,D,B ,F ,T,N,C,50,0,0,0,,,1749037,5427182,-41.29305724,174.779978
Wellington City,COURTENAY PLACE,10,E, ,TARANAKI ST,2553839,23/07/05,Sat,2300,FD,CE1C,331A ,,R,D,DO,F ,X,T,R,50,0,0,0,,,1748957,5427242,-41.2925318,174.7790083
Wellington City,COURTENAY PLACE,10,E, ,TARANAKI ST,2554795,9/09/05,Fri,2319,FD,CE1C,331A 350A ,,R,D,DO,F ,X,T,N,50,0,0,0,,,1748957,5427242,-41.2925318,174.7790083
Wellington City,COURTENAY PLACE,20,E, ,TARANAKI ST,2512764,31/07/05,Sun,1,NA,CW1E,370A 105B 712B 714B ,,R,W,DO,F , ,N,C,50,0,0,1,23,,1748965,5427236,-41.29258434,174.7791053
Wellington City,COURTENAY PLACE,25,E, ,TARANAKI ST,2554404,23/08/05,Tue,1524,MC,CW1C,372B ,,R,D,B ,F , ,N,R,50,0,0,0,,,1748969,5427233,-41.29261062,174.7791538
Wellington City,COURTENAY PLACE,20,S, ,TARANAKI ST,2551488,26/03/05,Sat,2122,FD,CE1X,331A 191B ,,R,W,DO,L , ,N,R,50,0,0,0,,,1748965,5427236,-41.29258434,174.7791053
Wellington City,COURTENAY PLACE,, ,I,TARANAKI ST,2551936,19/02/05,Sat,645,FE,CW1X,331A ,,R,D,DO,F ,X,T,C,50,0,0,0,,,1748949,5427248,-41.29247926,174.7789113
Wellington City,COURTENAY PLACE,, ,I,TARANAKI ST,2552595,4/06/05,Sat,130,MG,CW1CC,512B ,,R,D,DO,F ,X,T,R,50,0,0,0,,,1748949,5427248,-41.29247926,174.7789113
Wellington City,COURTENAY PLACE,, ,I,TARANAKI ST,2512768,14/07/05,Thu,1616,NB,CS1E,718B ,,R,D,B ,F ,X,T,R,50,0,0,1,16,,1748949,5427248,-41.29247926,174.7789113
Wellington City,COURTENAY PLACE,, ,I,TARANAKI ST,2550655,2/03/05,Wed,1920,AA,ME1B,158A 370B 387B ,,R,D,TF,F ,X,T,C,50,0,0,0,,,1748949,5427248,-41.29247926,174.7789113
Wellington City,COURTENAY PLACE,30,E, ,TORY ST,2556617,24/11/05,Thu,1615,MA,CW1C,373B ,,R,D,B ,F , ,N,C,50,0,0,0,,,1749163,5427127,-41.29352915,174.7814956
Wellington City,COURTENAY PLACE,50,E, ,TORY ST,2552667,18/05/05,Wed,1530,FC,CW1C,331A ,,R,D,B ,F , ,N,X,50,0,0,0,,,1749136,5427139,-41.2934261,174.7811704
Wellington City,COURTENAY PLACE,50,W, ,TORY ST,2554750,9/08/05,Tue,645,EA,BW1C,386A ,M,R,D,B ,F , ,N,C,50,0,0,0,,,1749090,5427159,-41.29325453,174.7806163
Wellington City,COURTENAY PLACE,50,W, ,TORY ST,2553075,21/05/05,Sat,330,FD,CE1X,103A 331A ,,R,W,DO,L , ,N,R,50,0,0,0,,,1749090,5427159,-41.29325453,174.7806163
Wellington City,COURTENAY PLACE,80,W, ,TORY ST,2513719,7/11/05,Mon,1710,PE,BW1EV,371A ,,R,D,O ,F , ,N,P,50,0,0,1,26,,1749063,5427171,-41.29315148,174.7802911
Wellington City,COURTENAY PLACE,140,W, ,TORY ST,2552361,3/04/05,Sun,145,AA,CW1C,386A ,,R,D,DO,F , ,N,R,50,0,0,0,,,1749011,5427201,-41.29289097,174.779663
Wellington City,COURTENAY PLACE,, ,I,TORY ST,2551574,8/03/05,Tue,2042,GA,CW1S,387A 512A ,,R,D,DO,F ,X,T,R,50,0,0,0,,30,1749136,5427139,-41.2934261,174.7811704
Wellington City,COURTENAY PLACE,, ,I,TORY ST,2511890,18/05/05,Wed,1310,NA,XW1E,718B ,,R,W,O ,F ,X,T,R,50,0,0,1,14,,1749136,5427139,-41.2934261,174.7811704
Wellington City,COURTENAY PLACE,, ,I,TORY ST,2556287,1/09/05,Thu,1042,FE,BW1C,181A ,,R,D,B ,F ,X,T,R,50,0,0,0,,,1749136,5427139,-41.2934261,174.7811704
Wellington City,COURTENAY PLACE,, ,I,TORY ST,2552527,24/05/05,Tue,1048,NC,4N2H,307A ,,R,D,B ,F ,X,T,R,50,0,0,0,74,,1749136,5427139,-41.2934261,174.7811704
Wellington City,COURTENAY PLACE,, ,I,TORY ST,2556183,6/12/05,Tue,2015,DB,CS2X,103A 111A 130A ,IM,R,D,O ,F ,X,T,R,50,0,0,0,,,1749136,5427139,-41.2934261,174.7811704
Wellington City,COURTENAY PLACE,, ,I,TORY ST,2550654,6/03/05,Sun,715,GD,TW1C,331A 350A ,,R,D,TF,F ,X,T,R,50,0,0,0,,,1749136,5427139,-41.2934261,174.7811704
Wellington City,COUTTS ST,15,W, ,BAY ROAD,2554431,5/07/05,Tue,1200,MO,CE1V,371A ,M,R,D,B ,F , ,N,N,50,0,0,0,,,1750163,5424178,-41.31989457,174.7941612
Wellington City,COUTTS ST,, ,I,MAHORA ST,2550607,17/02/05,Thu,1245,JA,CE1C,302B 375B 839 ,,R,D,B ,F ,T,G,C,50,0,0,0,,,1750381,5424122,-41.32035813,174.7967785
Wellington City,COUTTS ST,, ,I,MAHORA ST,2553223,17/06/05,Fri,1329,BC,CS2C,122A 131A ,S,R,D,O ,F ,T,N,C,50,0,0,0,,,1750380,5424122,-41.32035832,174.7967666
Wellington City,COUTTS ST,60,E, ,MAMARI ST,2551722,1/04/05,Fri,1537,MB,CN1C,300B 372B ,,R,D,B ,F , ,N,C,50,0,0,0,,,1750824,5423940,-41.32191399,174.8021142
Wellington City,COUTTS ST,70,E, ,ONEPU ROAD,2551228,29/03/05,Tue,1045,EA,CW1C,386A ,M,R,D,O ,F , ,N,C,50,0,0,0,,,1750353,5424130,-41.32029132,174.7964422
Wellington City,COUTTS ST,30,W, ,ONEPU ROAD,2555777,1/10/05,Sat,1000,MO,CW1V,386A ,M,R,D,B ,F , ,N,C,50,0,0,0,,,1750256,5424155,-41.32008432,174.7952776
Wellington City,COUTTS ST,, ,I,ONEPU ROAD,2550990,10/02/05,Thu,1100,EA,CW1T,386A 504A ,MS,R,D,B ,F ,X,T,C,50,0,0,0,,,1750286,5424148,-41.32014175,174.7956376
Wellington City,COUTTS ST,, ,I,ONEPU ROAD,2551478,14/03/05,Mon,1535,LB,CE1C,303B 377B ,,R,D,B ,F ,X,T,C,50,0,0,0,,,1750286,5424148,-41.32014175,174.7956376
Wellington City,COUTTS ST,, ,I,ONEPU ROAD,2552463,30/04/05,Sat,0,LB,CW1C,303B 382B ,,R,D,B ,F ,X,T,C,50,0,0,0,,,1750286,5424148,-41.32014175,174.7956376
Wellington City,COUTTS ST,, ,I,ROSS ST,2511689,14/04/05,Thu,1657,LB,CW14,303B 363B 402B 902 ,,R,D,B ,F ,X,G,C,50,0,0,2,,,1750478,5424094,-41.32059213,174.7979439
Wellington City,COUTTS ST,, ,I,SALEK ST,2555660,13/11/05,Sun,240,MO,CW1X,300B 371B ,,R,D,DO,F ,T,G,R,50,0,0,0,,,1750736,5424021,-41.32120118,174.8010432
Wellington City,CRAWFORD ROAD,50,N, ,DUNCAN TERRACE,2552464,23/05/05,Mon,2340,DA,CW1,103A 111A ,CI,M,D,DO,F , ,N,R,50,0,0,0,,,1749891,5424636,-41.31582165,174.7908
Wellington City,CRAWFORD ROAD,20,S, ,DUNCAN TERRACE,2553078,4/06/05,Sat,1057,FD,CS1C,181A ,,E,D,O ,F ,Y,N,C,50,0,0,0,,,1749961,5424634,-41.31582664,174.7916364
Wellington City,CRAWFORD ROAD,100,W, ,DUNCAN TERRACE,2550024,14/01/05,Fri,1605,CB,BN1CCC,197A ,M,R,D,B ,F , ,N,C,50,0,0,0,,,1749876,5424678,-41.31544629,174.7906105
Wellington City,CRAWFORD ROAD,, ,I,WELLINGTON ROAD,2513438,6/12/05,Tue,1318,FB,CN1X,181A 330A 420A ,,E,D,B ,F ,R,G,R,50,0,0,1,,,1749780,5424928,-41.31321329,174.7894025
Wellington City,CRAWFORD ROAD,, ,I,WELLINGTON ROAD,2551930,22/04/05,Fri,2259,KB,CN1T,302A 375A 645A ,,R,D,DO,F ,R,G,R,50,0,0,0,,,1749778,5424932,-41.31317765,174.7893776
Wellington City,CRAWFORD ROAD,, ,I,WELLINGTON ROAD,2551186,15/02/05,Tue,1350,JA,CS1C,302A ,,R,D,B ,F ,R,G,R,50,0,0,0,,,1749784,5424941,-41.3130955,174.7894471
Wellington City,CROFTON ROAD,150,N, ,PERTH ST,2552846,30/05/05,Mon,2020,DA,CN1,103A 111A 132A ,FT,M,D,DO,F , ,N,N,50,0,0,0,,,1748689,5431558,-41.2537222,174.7747559
Wellington City,CUBA ST,30,N, ,ABEL SMITH ST,2513673,9/11/05,Wed,500,CB,CS1,501A ,P,R,D,TF,F ,X,S,C,50,0,0,1,,,1748546,5426866,-41.29599284,174.7741937
Wellington City,CUBA ST,50,N, ,ABEL SMITH ST,2554746,25/08/05,Thu,1208,MO,VW1C,371A 924 ,,R,D,B ,F ,D,N,C,50,0,0,0,,,1748555,5426884,-41.29582912,174.7742968
Wellington City,CUBA ST,40,S, ,ABEL SMITH ST,2556711,14/12/05,Wed,1142,EE,VS1C,385A 374B ,Q,R,D,B ,F , ,N,N,50,0,0,0,,,1748518,5426802,-41.29657421,174.773875
Wellington City,CUBA ST,30,N, ,MANNERS ST,2554308,15/08/05,Mon,1840,FD,CS1X,331A 350A ,,R,D,DO,F , ,N,L,50,0,0,0,,,1748794,5427416,-41.29099527,174.77702
Wellington City,CUBA ST,, ,I,MANNERS ST,2556187,19/11/05,Sat,1300,MF,CS1C,371B ,,R,D,B ,FS,T,T,N,50,0,0,0,,,1748783,5427388,-41.29124939,174.7768955
Wellington City,CUBA ST,30,S, ,WAKEFIELD ST,2553837,8/07/05,Fri,2347,MO,CS1C,110A 130A ,M,R,D,DO,F , ,N,N,50,0,0,0,,,1748829,5427500,-41.29023252,174.7774172
Wellington City,CUBA ST,70,S, ,WAKEFIELD ST,2550342,29/01/05,Sat,1300,MF,CS1V,371B ,,R,D,B ,F , ,N,C,50,0,0,0,,,1748814,5427464,-41.29055941,174.777247
Wellington City,CUBA ST,80,S, ,WAKEFIELD ST,2551342,18/03/05,Fri,1141,MO,VS1C,371A ,,R,W,O ,L , ,N,R,50,0,0,0,,,1748810,5427454,-41.29065019,174.7772017
Wellington City,CURTIS ST,, ,I,WHITEHEAD ROAD,2513111,1/10/05,Sat,1030,LB,CN1C,303B 353B ,,E,D,B ,F ,T,G,P,50,0,0,1,,,1746905,5428681,-41.27995175,174.754165
Wellington City,CUSTOMHOUSE QUAY,40,N, ,BRANDON ST,2552228,14/05/05,Sat,1350,FA,CN1C,181A ,,R,D,O ,F , ,N,R,50,0,0,0,,,1748893,5428250,-41.28346814,174.7779978
Wellington City,CUSTOMHOUSE QUAY,, ,I,HUNTER ST,2556721,7/11/05,Mon,1440,JA,CN1B,440A ,,R,D,B ,F ,X,T,C,50,0,0,0,,,1748781,5428015,-41.2856046,174.7767184
Wellington City,CUSTOMHOUSE QUAY,, ,I,JERVOIS QUAY,2552289,29/04/05,Fri,1738,FB,CN1C,331A 353A ,,R,D,TO,F ,Y,G,C,50,0,0,0,,,1748869,5428191,-41.28400377,174.7777258
Wellington City,CUSTOMHOUSE QUAY,, ,I,JOHNSTON ST,2512374,8/07/05,Fri,1020,JA,XN1V,322A 610A ,,R,D,O ,F ,T,T,R,50,0,0,1,,,1748906,5428279,-41.28320464,174.7781459
Wellington City,CUSTOMHOUSE QUAY,, ,I,JOHNSTON ST,2513065,10/08/05,Wed,1215,JA,4N1S,322A 402A ,,R,D,B ,F ,T,T,C,50,0,1,0,,56,1748906,5428279,-41.28320464,174.7781459
Wellington City,CUSTOMHOUSE QUAY,, ,I,JOHNSTON ST,2552294,20/05/05,Fri,850,AA,CN1C,386A ,,R,W,O ,L ,T,T,R,50,0,0,0,,,1748906,5428279,-41.28320464,174.7781459
Wellington City,CUSTOMHOUSE QUAY,, ,I,JOHNSTON ST,2553231,14/06/05,Tue,1005,JA,CS1C,322A ,,E,D,O ,F ,T,T,C,50,0,0,0,,,1748906,5428279,-41.28320464,174.7781459
Wellington City,CUSTOMHOUSE QUAY,, ,I,PANAMA ST,2556724,6/10/05,Thu,750,GB,CE2C,372A ,,R,D,B ,F ,T,T,C,50,0,0,0,,,1748841,5428153,-41.28435106,174.7774009
Wellington City,CUSTOMHOUSE QUAY,20,S, ,WHITMORE ST,2513008,5/10/05,Wed,1015,CC,CS14V,130A 501A ,IM,R,D,B ,F , ,N,R,50,0,0,1,,,1748955,5428393,-41.28216921,174.7787029
Wellington City,CUSTOMHOUSE QUAY,, ,I,WHITMORE ST,2513529,13/06/05,Mon,1743,CA,CN1E,104A 109A 126A 715B ,P,R,W,DO,H ,T,T,R,50,0,1,1,24,,1748962,5428411,-41.28200586,174.778782
Wellington City,CUSTOMHOUSE QUAY,, ,I,WHITMORE ST,2513162,10/10/05,Mon,953,FD,VN1TC,181A 331B ,,R,W,O ,L ,T,T,R,50,0,0,1,,,1748982,5428438,-41.28175908,174.7790141
Wellington City,CUSTOMHOUSE QUAY,, ,I,WHITMORE ST,2551982,3/05/05,Tue,845,HA,CN1C,379A 322B 926 ,,R,W,O ,L ,D,T,R,50,0,0,0,,,1748962,5428411,-41.28200586,174.778782
Wellington City,CUSTOMHOUSE QUAY,20,N, ,WILLIS ST,2551432,18/03/05,Fri,800,MA,TN1C,300B 373B ,,R,D,O ,L , , ,C,50,0,0,0,,,1748748,5427941,-41.28627693,174.7763426
Wellington City,DANIELL ST,, ,I,CONSTABLE ST,2552890,8/06/05,Wed,1915,FE,CN1C,181A 334A ,,R,D,DO,M ,X,T,C,50,0,0,0,,,1749193,5424928,-41.31332208,174.7823929
Wellington City,DANIELL ST,40,N, ,DONALD MCLEAN ST,2556600,2/12/05,Fri,840,QG,CN1V,666A ,M,R,D,B ,F , ,N,C,50,0,0,0,,,1749228,5424762,-41.31481016,174.7828516
Wellington City,DANIELL ST,, ,I,DONALD MCLEAN ST,2551652,2/04/05,Sat,1940,BA,CN1C,103A 125A ,,R,D,DO,F ,T,N,C,50,0,0,0,,,1749235,5424723,-41.31516,174.7829448
Wellington City,DANIELL ST,20,N, ,RHODES ST,2552303,1/05/05,Sun,540,EA,CS1CCC,103A 130A ,M,R,D,DO,F ,T,N,C,50,0,0,0,,,1749257,5424618,-41.31610128,174.7832333
Wellington City,DANIELL ST,90,N, ,RHODES ST,2555543,13/11/05,Sun,1330,EA,CS1C,386A ,M,R,D,B ,F , ,N,N,50,0,0,0,,,1749243,5424686,-41.31549164,174.7830494
Wellington City,DANIELL ST,, ,I,RHODES ST,2554800,23/09/05,Fri,1935,JA,CN1C,309B 375B ,,R,D,DO,F ,T,N,C,50,0,0,0,,,1749261,5424598,-41.31628061,174.783286
Wellington City,DARLINGTON ROAD,200,N, ,PURIRI ST,2551735,25/03/05,Fri,1530,CB,CN1CCC,130A 410A ,MMM,R,W,O ,L , ,N,C,50,0,0,0,,,1752724,5425210,-41.31012236,174.8244863
Wellington City,DAVIDSON CRESCENT,20,E, ,VICTORY CRESCENT,2552236,23/05/05,Mon,2049,DA,CW1,111A 132A 632A ,F,E,W,DO,L , ,N,C,50,0,0,0,,,1753002,5441579,-41.1626949,174.8237036
Wellington City,DEE ST,, ,I,THE PARADE,2556296,11/12/05,Sun,1420,HA,VW1C,302A ,,R,D,B ,F ,R,G,R,50,0,0,0,,,1748452,5423184,-41.32916074,174.7739703
Wellington City,DERWENT ST,, ,I,MEDWAY ST,2556613,2/12/05,Fri,1855,MG,BW2,371A ,S,R,D,B ,F ,T,G,R,50,0,0,0,,,1748285,5422564,-41.33477359,174.7721269
Wellington City,DEVONSHIRE ROAD,, ,I,ELLESMERE AVENUE,2513188,14/11/05,Mon,1115,HA,CS2C,302A ,,R,D,O ,F ,X,G,C,50,0,0,1,,,1751946,5423969,-41.32144226,174.8155067
Wellington City,DIXON ST,20,E, ,CUBA ST,2553798,15/07/05,Fri,1720,FD,BW1S,331A ,,R,D,TF,F , ,N,C,50,0,0,0,,,1748775,5427325,-41.29181808,174.7768154
Wellington City,DIXON ST,50,E, ,CUBA ST,2512842,28/08/05,Sun,117,NA,CW1E,105B 711B 712B ,,R,D,DO,F , ,N,C,50,0,0,1,24,,1748803,5427313,-41.29192096,174.7771526
Wellington City,DIXON ST,10,E, ,EVA ST,2553069,5/06/05,Sun,330,KA,XW1C,375B 839 ,,R,W,DO,L ,T,N,C,50,0,0,0,,,1748838,5427297,-41.29205856,174.7775743
Wellington City,DIXON ST,10,W, ,EVA ST,2555488,24/09/05,Sat,320,AC,VW1C,128A 350A ,,R,D,DO,F ,T,N,C,50,0,0,0,,,1748820,5427305,-41.29198985,174.7773575
Wellington City,DIXON ST,30,W, ,TARANAKI ST,2555318,22/10/05,Sat,2349,AC,VW1C,372A ,,R,D,DO,F , ,N,C,50,0,0,0,,,1748921,5427260,-41.29237638,174.7785741
Wellington City,DIXON ST,50,E, ,VICTORIA ST,2554544,16/07/05,Sat,1615,EA,CW1X,129A 386A ,M,R,D,O ,F , ,N,C,50,0,0,0,,,1748688,5427364,-41.29148298,174.7757673
Wellington City,DIXON ST,, ,I,VICTORIA ST,2551005,25/02/05,Fri,1845,FC,CW1C,331A 386A ,,R,D,TF,F ,X,T,C,50,0,0,0,,,1748643,5427385,-41.29130219,174.775225
Wellington City,DIXON ST,40,E, ,WILLIS ST,2551937,24/04/05,Sun,1330,EE,CW1V,374B 903 ,M,R,D,O ,FS, ,N,C,50,0,0,0,,,1748557,5427423,-41.29097589,174.7741891
Wellington City,DUNCAN ST,200,N, ,STEPHEN ST,2551255,30/03/05,Wed,1530,AC,CS1S,129A ,,R,W,O ,L , ,N,C,50,0,0,0,,15,1753473,5441150,-41.16646834,174.8294224
Wellington City,DUNCAN ST,700,N, ,TAWA ST,2555298,20/09/05,Tue,1310,GO,MN1C,204A 514A ,,R,D,B ,F , ,N,C,50,0,0,0,,,1753440,5440867,-41.16902254,174.8291001
Wellington City,DUNCAN ST,300,N, ,TAWA TERRACE,2552153,16/05/05,Mon,830,ME,CS1CV,331A 352A ,,R,D,B ,F , ,N,C,50,0,0,0,,,1753331,5440487,-41.17246445,174.8278965
Wellington City,DUNCAN ST,1000,N, ,TAWA TERRACE,2553962,24/06/05,Fri,845,GD,CN1V,331A 929 ,,R,D,B ,F ,D,N,C,50,0,0,0,,,1753476,5441165,-41.16633272,174.8294544
Wellington City,DUNCAN TERRACE,25,S, ,CRAWFORD ROAD,2555647,31/10/05,Mon,1740,BF,CS1C,132A 137A 121B ,,M,D,B ,F , ,N,N,50,0,0,0,,,1749932,5424608,-41.31606612,174.7912965
Wellington City,DUNDAS ST,, ,I,INGLIS ST,2513437,3/12/05,Sat,1005,HA,CW1S,302A 375A ,,R,D,B ,F ,X,G,C,50,0,0,1,,25,1753373,5423765,-41.32300874,174.8326002
Wellington City,EDEN ST,10,S, ,DANUBE ST,2554424,18/08/05,Thu,1025,MO,CW1C,371A 405B 422B 929 ,Q,R,D,B ,F ,D,N,N,50,0,0,0,,,1748342,5423131,-41.32965817,174.7726693
Wellington City,EDWARD ST,100,W, ,VICTORIA ST,2512685,30/07/05,Sat,1800,MO,CS1C,423A 926 ,M,R,W,DF,L ,D,N,N,50,0,0,1,,,1748632,5427485,-41.29040387,174.7750693
Wellington City,ELLICE ST,, ,I,BROUGHAM ST,2555778,31/10/05,Mon,1530,LB,4E1C,303B ,,R,D,B ,F ,X,S,C,50,0,0,0,,,1749299,5426365,-41.3003646,174.7833061
Wellington City,ELLICE ST,, ,I,HANIA ST,2513600,21/11/05,Mon,1604,HA,CW1C,130A 201A ,,R,D,B ,F ,T,G,N,50,0,1,0,,,1749170,5426423,-41.29986626,174.7817517
Wellington City,ELLIOTT ST,20,N, ,ARAPIKO ST,2511961,11/05/05,Wed,1541,QO,VN1,420A 520A ,EF,E,D,O ,F , ,N,N,50,0,1,0,,,1750513,5434280,-41.22887729,174.7958458
Wellington City,EVANS BAY PARADE,200,S, ,BELVEDERE ROAD,2556282,10/12/05,Sat,1310,EA,CN1C,123A 351A 402A ,M,E,D,B ,F , ,N,C,50,0,0,0,,,1750491,5425355,-41.30923654,174.7977871
Wellington City,EVANS BAY PARADE,370,S, ,BELVEDERE ROAD,2556371,5/11/05,Sat,22,EA,TS14,101A 386A ,MF,M,D,DO,F , ,N,C,50,0,0,0,,,1750485,5425191,-41.3107142,174.797756
Wellington City,EVANS BAY PARADE,20,N, ,KEMP ST,2513434,25/10/05,Tue,1120,EA,CS1C,129A 501A ,M,R,D,B ,F , ,N,P,50,0,1,0,,,1750281,5424688,-41.3152809,174.7954444
Wellington City,EVANS BAY PARADE,, ,I,KEMP ST,2512660,15/08/05,Mon,740,JA,CS1C,309B 375B ,,R,D,B ,F ,T,N,C,50,0,0,1,,,1750280,5424668,-41.31546115,174.7954374
Wellington City,EVANS BAY PARADE,, ,I,KEMP ST,2552290,13/05/05,Fri,715,KB,CN1C,303B 377B ,,R,D,O ,F ,T,N,X,50,0,0,0,,,1750280,5424668,-41.31546115,174.7954374
Wellington City,EVANS BAY PARADE,100,N, ,MAIDA VALE ROAD,2554496,4/09/05,Sun,1400,EA,CS1C,121A 352A ,M,E,D,B ,F , ,N,C,50,0,0,0,,,1750923,5427238,-41.29220262,174.8024784
Wellington City,EVANS BAY PARADE,1000,S, ,MAIDA VALE ROAD,2556615,20/11/05,Sun,2015,CC,CS1,135A 801 903 ,EZ,R,W,O , S, ,N,C,50,0,0,0,,,1751097,5426317,-41.30046211,174.8047841
Wellington City,EVANS BAY PARADE,100,E, ,ORIENTAL PARADE,2553545,23/06/05,Thu,1900,AD,CS1CCC,133A 632A ,M,R,D,DO,F , ,N,C,50,0,0,0,,,1751065,5427858,-41.28659401,174.8040197
Wellington City,EVANS BAY PARADE,350,S, ,ORIENTAL PARADE,2556822,31/08/05,Wed,1944,BB,CS14,120A ,,E,D,DO,F , ,N,C,50,0,0,0,,,1751041,5427611,-41.28882232,174.8037944
Wellington City,EVANS BAY PARADE,, ,I,RONGOTAI ROAD,2554799,30/08/05,Tue,1215,GA,CS1C,331A ,,E,D,B ,F ,X,T,R,50,0,0,0,,,1750392,5424368,-41.31814127,174.796849
Wellington City,FALKIRK AVENUE,20,S, ,DUNDAS ST,2553314,30/06/05,Thu,1640,MO,VE1C,371A 403A ,,R,D,O ,F , ,N,N,50,0,0,0,,,1753249,5423779,-41.32290628,174.8311157
Wellington City,FEATHERSTON ST,20,N, ,BUNNY ST,2556258,16/11/05,Wed,1520,FD,CS1B,181A 331A 350A ,,R,D,O ,F ,X,T,C,50,0,0,0,,,1749008,5428703,-41.27936837,174.7792596
Wellington City,FEATHERSTON ST,, ,I,BUNNY ST,2512210,9/06/05,Thu,810,EE,SS1C,374B ,Q,R,D,B ,F ,X,T,C,50,0,0,1,,,1748998,5428685,-41.27953227,174.7791447
Wellington City,FEATHERSTON ST,, ,I,BUNNY ST,2513547,13/12/05,Tue,1030,AC,XS1C,145A 372A 112B 170B ,,R,D,B ,F ,X,T,R,50,0,0,1,,,1748998,5428685,-41.27953227,174.7791447
Wellington City,FEATHERSTON ST,, ,I,GREY ST,2511847,16/04/05,Sat,830,GO,CS1C,171B 300B 372B ,,R,D,B ,F ,X,T,C,50,0,0,1,,,1748741,5428121,-41.2846576,174.7762151
Wellington City,FEATHERSTON ST,, ,I,GREY ST,2555104,31/08/05,Wed,1215,EE,CS1X,374B ,Q,R,D,B ,F ,X,G,C,50,0,0,0,,,1748741,5428121,-41.2846576,174.7762151
Wellington City,FEATHERSTON ST,15,S, ,WARING TAYLOR ST,2551441,18/02/05,Fri,1700,MO,CS1V,371B ,,R,D,B ,F , ,N,C,50,0,0,0,,,1748852,5428364,-41.28244931,174.7774806
Wellington City,FEATHERSTON ST,, ,I,WARING TAYLOR ST,2554038,2/08/05,Tue,1200,HA,CW2X,302A ,,R,D,B ,F ,X,G,C,50,0,0,0,,,1748858,5428378,-41.28232215,174.7775488
Wellington City,FEATHERSTON ST,, ,I,WHITMORE ST,2555084,2/07/05,Sat,1405,HA,CS1C,323B 330B ,,R,D,O ,F ,X,T,N,50,0,0,0,,,1748923,5428522,-41.28101367,174.7782894
Wellington City,FERRY ST,, ,I,LUDLAM ST,2513265,23/11/05,Wed,1505,GD,BN1CC,331A ,,E,D,B ,F ,T,N,C,50,0,0,1,,,1753040,5423754,-41.32317105,174.828626
Wellington City,FERRY ST,40,S, ,MARINE PARADE,2556438,22/11/05,Tue,1210,MB,CN1T,300B 375B ,,R,D,B ,F , ,N,C,50,0,0,0,,,1753116,5424151,-41.31958238,174.8294337
Wellington City,FERRY TERMINAL ACCESS ROA,, ,I,AOTEA QUAY,2555743,6/11/05,Sun,1640,FB,CS14,331A ,,R,D,B ,F ,Y,S,C,70,0,0,0,,,1749545,5430179,-41.26598004,174.7853066
Wellington City,FITZPATRICK ST,120,S, ,CHAPMAN ST,2551147,14/03/05,Mon,1815,BA,XN1C,125A 386A ,,R,D,B ,F , ,N,C,50,0,0,0,,,1752225,5434707,-41.22471253,174.8161564
Wellington City,FORTIFICATION ROAD,500,N, ,NEVAY ROAD,2555099,2/10/05,Sun,1910,BC,CS1V,111A 132A ,,E,D,TF,F , ,N,N,50,0,0,0,,,1753392,5426559,-41.29785037,174.8321225
Wellington City,FRANKMOORE AVENUE,50,W, ,MOOREFIELD ROAD,2551248,8/03/05,Tue,1445,MO,CN1C,371A ,M,R,D,B ,F , ,N,N,50,0,0,0,,,1751326,5435012,-41.22213513,174.8053602
Wellington City,FRASER AVENUE,40,E, ,BURMA ROAD,2553762,10/07/05,Sun,1430,DB,CS1,111A 132A ,G,S,D,B ,F , ,N,N,50,0,0,0,,,1750703,5433394,-41.23681895,174.7983304
Wellington City,FRASER AVENUE,100,S, ,HAUMIA ST,2555759,26/11/05,Sat,2155,CC,CS1C,102A 111A 131A ,M,M,W,DO,L , ,N,C,50,0,0,0,,,1751143,5433934,-41.23187501,174.8034447
Wellington City,FRASER AVENUE,150,S, ,HAUMIA ST,2556422,24/11/05,Thu,1810,DA,CS1C,111A 132A ,M,M,D,B ,F , ,N,C,50,0,0,0,,,1751119,5433894,-41.23223963,174.8031684
Wellington City,FRASER AVENUE,, ,I,JOHNSONVILLE ROAD,2550177,8/01/05,Sat,1230,FB,CE1C,181A 191B ,,R,W,O ,L ,T,G,C,50,0,0,0,,,1751476,5434504,-41.22668079,174.8072749
Wellington City,FRASER AVENUE,, ,I,POLLEN ST,2554818,25/08/05,Thu,907,DC,CN2,133A 423A ,FH,R,W,B ,F ,T,N,C,50,0,0,0,,,1751362,5434265,-41.22885394,174.8059746
Wellington City,FROBISHER ST,300,S, ,MURCHISON ST,2513523,24/11/05,Thu,2345,DA,CN1,102A 501A ,F,E,D,DO,F , ,N,C,50,0,0,1,,,1747663,5422064,-41.33938949,174.7648184