TLA NAME,CRASH ROAD,CRASH DIST,CRASH DIRN,INTSN,SIDE ROAD,CRASH ID,CRASH DATE,CRASH DOW,CRASH TIME,MVMT,VEHICLES,CAUSES,OBJECTS STRUCK,ROAD CURVE,ROAD WET,LIGHT,WTHRa,JUNC TYPE,TRAF CTRL,ROAD MARK,SPD LIM,CRASH FATAL CNT,CRASH SEV CNT,CRASH MIN CNT,PERS AGE1,PERS AGE2,EASTING,NORTHING,latitude,longitude
Wellington City,FYVIE AVENUE,400,W, ,MAIN ROAD,2513538,18/11/05,Fri,2235,DB,CW1C,111A 130A 430A ,M,E,D,DO,FS, ,N,C,50,0,1,0,,,1753264,5442002,-41.15883698,174.8267192
Wellington City,GARDEN ROAD,170,E, ,NORTHLAND ROAD,2512649,28/07/05,Thu,1640,BC,CE1C,111A 121A 197A ,,S,W,TF,H , ,N,C,50,0,0,1,,,1747338,5428269,-41.28358232,174.7594327
Wellington City,GHUZNEE ST,15,E, ,CUBA ST,2555295,20/10/05,Thu,1828,FD,4E1CC,331A 350A ,,R,W,O ,H , ,N,C,50,0,0,0,,,1748695,5427160,-41.29331839,174.7759007
Wellington City,GHUZNEE ST,15,W, ,CUBA ST,2552298,11/05/05,Wed,933,EE,CE1T,129A 374B ,Q,R,D,O ,F , ,N,C,50,0,0,0,,,1748667,5427172,-41.29321551,174.7755635
Wellington City,GHUZNEE ST,20,W, ,CUBA ST,2511211,1/03/05,Tue,1950,NA,CE1E,105B 713B ,,R,D,TF,F , ,N,C,50,0,1,0,,,1748663,5427174,-41.29319824,174.7755153
Wellington City,GHUZNEE ST,100,W, ,CUBA ST,2512121,14/04/05,Thu,1930,NG,CE1E,371A 715B ,,R,W,DO,L , ,N,C,50,0,0,1,62,,1748590,5427206,-41.29292357,174.774636
Wellington City,GHUZNEE ST,15,W, ,EGMONT ST,2556186,8/12/05,Thu,1412,AC,CE1C,372A 387A ,,R,D,O ,F , ,N,C,50,0,0,0,,,1748786,5427117,-41.29368877,174.7769975
Wellington City,GHUZNEE ST,, ,I,TARANAKI ST,2554425,10/07/05,Sun,1925,FE,CE1C,331A ,,R,D,DO,F ,T,T,R,50,0,0,0,,,1748866,5427080,-41.29400714,174.7779616
Wellington City,GHUZNEE ST,, ,I,TARANAKI ST,2553536,12/06/05,Sun,1305,FD,CN2CC,331A ,,R,D,B ,F ,X,T,P,50,0,0,0,,,1748866,5427080,-41.29400714,174.7779616
Wellington City,GHUZNEE ST,, ,I,TARANAKI ST,2551518,3/04/05,Sun,1500,AC,VE1C,140A 372A ,,R,D,O ,F ,T,T,C,50,0,0,0,,,1748866,5427080,-41.29400714,174.7779616
Wellington City,GHUZNEE ST,15,E, ,VICTORIA ST,2511963,13/05/05,Fri,1905,NB,VE1E,353A 711B ,,R,D,TF,F , ,N,C,50,0,0,1,12,,1748546,5427226,-41.2927516,174.7741059
Wellington City,GHUZNEE ST,, ,I,VICTORIA ST,2511365,9/01/05,Sun,1051,FD,ME1C,331A ,,R,D,O ,F ,X,T,C,50,0,0,1,,,1748533,5427232,-41.29269997,174.7739492
Wellington City,GHUZNEE ST,, ,I,VICTORIA ST,2552178,3/05/05,Tue,1100,AA,CE1C,300A 372A ,,R,W,O ,L ,X,T,C,50,0,0,0,,,1748533,5427232,-41.29269997,174.7739492
Wellington City,GHUZNEE ST,, ,I,VICTORIA ST,2552278,10/05/05,Tue,1330,GC,CE1C,171B 402B ,,R,D,B ,F ,X,T,R,50,0,0,0,,,1748533,5427232,-41.29269997,174.7739492
Wellington City,GHUZNEE ST,, ,I,VICTORIA ST,2551962,22/04/05,Fri,1730,HA,CS2C,379A 322B 410B ,,R,D,O ,F ,X,T,C,50,0,0,0,,,1748533,5427232,-41.29269997,174.7739492
Wellington City,GHUZNEE ST,, ,I,VICTORIA ST,2513488,4/11/05,Fri,800,NF,CE1E,306A 376A ,,E,D,O ,F ,X,G,X,50,0,0,1,23,,1748533,5427232,-41.29269997,174.7739492
Wellington City,GHUZNEE ST,30,W, ,WILLIS ST,2555108,29/09/05,Thu,2145,FE,CE1C,111A 331A ,,M,D,DO,F ,M,T,C,100,0,0,0,,,1748418,5427284,-41.29225294,174.7725637
Wellington City,GHUZNEE ST,, ,I,WILLIS ST,2554201,29/07/05,Fri,1610,HA,SE1C,113A 322A ,,R,D,B ,F ,M,T,C,50,0,0,0,,42,1748446,5427272,-41.29235583,174.7729009
Wellington City,GILMER TERRACE,140,N, ,BOULCOTT ST,2551867,16/02/05,Wed,1543,QG,TS1,660A 817 ,F,R,D,BF,F , ,N,N,50,0,0,0,,,1748629,5428084,-41.28501135,174.7748872
Wellington City,GLANMIRE ROAD,, ,I,LINK ROAD,2512779,19/08/05,Fri,2205,DC,CW2,101A 132A 514A 632A ,C,R,D,DO,F ,T,N,C,50,0,0,1,,,1752803,5434261,-41.22861906,174.8231606
Wellington City,GLANMIRE ROAD,, ,I,LINK ROAD,2552103,2/04/05,Sat,1130,DA,CS1,136A 631A ,CX,E,W,O ,L ,T,N,C,50,0,0,0,,,1752803,5434261,-41.22861906,174.8231606
Wellington City,GLASGOW ST,, ,I,CENTRAL TERRACE,2512789,25/08/05,Thu,1245,JA,MN1V,302B 378B 831 ,,M,D,O ,F ,Y,G,C,50,0,0,1,,,1747938,5427846,-41.28728109,174.7666971
Wellington City,GLASGOW ST,90,N, ,KELBURN PARADE,2513544,14/12/05,Wed,1421,EE,PS1C,330B 374B ,Q,M,D,B ,F , ,N,C,50,0,0,1,,,1747964,5427684,-41.28873489,174.7670468
Wellington City,GLENMORE ST,50,N, ,CRIEFF ST,2554591,13/07/05,Wed,1145,EA,CN1C,129A 504A ,M,R,D,B ,F , ,N,C,50,0,0,0,,,1747402,5428134,-41.28478612,174.7602293
Wellington City,GLENMORE ST,190,S, ,KELBURN VIADUCT,2556710,19/12/05,Mon,1723,DB,VN1,135A 632A 660A 806 ,,S,D,O ,F , ,N,C,50,0,0,0,,,1747159,5427711,-41.28863894,174.757431
Wellington City,GLENMORE ST,40,W, ,KILMISTER AVENUE,2550563,28/02/05,Mon,1930,MO,BS1,385A 386A ,P,R,W,TO,L , ,N,C,50,0,0,0,,,1747994,5428596,-41.2805182,174.7671833
Wellington City,GLENMORE ST,70,N, ,ORANGI KAUPAPA ROAD,2552811,10/05/05,Tue,454,DB,CE1CCC,131A 410A ,M,E,D,DO,F , ,N,C,50,0,0,0,,,1747629,5428335,-41.28293493,174.7628901
Wellington City,GLENMORE ST,30,S, ,ORANGI KAUPAPA ROAD,2551149,16/03/05,Wed,800,EA,TN1C,386A 683A ,M,R,D,O ,F , ,N,C,50,0,0,0,,,1747556,5428267,-41.28356052,174.7620353
Wellington City,GLENMORE ST,, ,I,ORANGI KAUPAPA ROAD,2512102,2/06/05,Thu,850,NA,CN1E,306A 363A 724B ,,R,D,B ,F ,T,N,C,50,0,0,1,22,,1747578,5428287,-41.28337643,174.762293
Wellington City,GLENMORE ST,30,S, ,PATANGA CRESCENT,2513171,2/11/05,Wed,1705,LB,MS1C,303B 375B 930 ,,E,D,B ,F ,D,N,C,50,0,0,1,,,1748028,5428630,-41.28020585,174.7675809
Wellington City,GLENMORE ST,, ,I,THE RIGI,2511267,4/02/05,Fri,1827,LB,MN1C,303B 363B ,,M,D,TF,F ,T,N,P,50,0,0,1,,,1747137,5427898,-41.28695929,174.7571232
Wellington City,GLOUCESTER ST,, ,I,ROCHESTER ST,2512439,23/07/05,Sat,1705,BB,CS1B,124A 350A ,,M,D,O ,F ,T,N,C,50,0,0,1,,,1747309,5429792,-41.2698752,174.7587183
Wellington City,GLOUCESTER ST,150,W, ,WORCESTER ST,2550897,6/02/05,Sun,130,DA,VS1C,103A 131A ,M,M,D,DO,F , ,N,C,50,0,0,0,,,1747148,5429848,-41.26940034,174.7567835
Wellington City,GLOVER SLIP ROAD,60,N, ,CENTENNIAL NBD,2552950,19/06/05,Sun,956,DB,CN1,111A 135A 801 ,G,E,W,B ,F , ,N,N,100,0,0,0,,,1751997,5432551,-41.24416662,174.8139742
Wellington City,GLOVER ST,300,N, ,CENTENNIAL SBD,2555583,16/11/05,Wed,1900,CB,CS1,433A ,P,R,D,B ,F , ,N,N,50,0,0,0,,,1751948,5433042,-41.23975519,174.8132674
Wellington City,GRAFTON ROAD,400,N, ,TE ANAU ROAD,2554516,5/08/05,Fri,1315,MG,CS1T,371B 929 ,,E,D,B ,F ,D,N,C,50,0,0,0,,,1750767,5427059,-41.29384337,174.8006605
Wellington City,GRANT ROAD,, ,I,PARK ST,2555676,10/11/05,Thu,1655,EO,VE1,109A 205A 514A ,I,R,D,B ,F ,T,G,R,50,0,0,0,,,1748787,5429651,-41.27087383,174.7763905
Wellington City,GROSVENOR TERRACE,10,N, ,GRANT ROAD,2552377,4/05/05,Wed,1455,BF,CN1V,131A 136A ,,S,W,O ,L ,T,N,C,50,0,0,0,,,1749033,5430040,-41.26732613,174.779231
Wellington City,HALIFAX ST,50,W, ,BRETON GROVE,2554997,18/08/05,Thu,1318,QD,VN1,428A 929 ,F,S,D,O ,F ,D,N,N,50,0,0,0,,,1747829,5423897,-41.32285577,174.7663555
Wellington City,HALL ST,, ,I,HALL AVENUE,2553357,22/06/05,Wed,820,KA,CW1CC,303B 375B 839 ,M,R,W,O ,F ,T,N,C,50,0,0,0,,,1748840,5425220,-41.3107583,174.7781062
Wellington City,HALSWATER DRIVE,20,W, ,BURBANK CRESCENT,2511935,4/05/05,Wed,1030,BF,CE1C,120A 170A 350A 404A ,,S,W,O ,L , ,N,C,50,0,0,2,,,1751698,5436706,-41.20681372,174.8093757
Wellington City,HAMILTON ROAD,80,S, ,GOA ST,2556582,11/12/05,Sun,1400,BD,CN1V,121A 121B ,,M,D,B ,F , ,N,C,50,0,0,0,,,1750093,5425311,-41.30970683,174.7930456
Wellington City,HAMPTON HILL ROAD,30,E, ,RIMU ST,2512693,11/09/05,Sun,550,DA,CN1C,103A 111A 121A ,M,M,D,TF,F , ,N,C,50,0,0,1,,,1752992,5441121,-41.16682034,174.8236988
Wellington City,HANSON ST,40,S, ,HALL ST,2554914,23/09/05,Fri,2130,BA,CN1CCC,101A 125A ,MM,R,D,DO,F , ,N,N,50,0,0,0,,,1748638,5425231,-41.31069651,174.7756914
Wellington City,HANSON ST,, ,I,HALL ST,2556592,5/09/05,Mon,1737,DB,CS1C,386A ,M,R,D,TF,F ,X,S,C,50,0,0,0,,,1748648,5425269,-41.31035253,174.7758015
Wellington City,HAPPY VALLEY ROAD,150,S, ,MURCHISON ST,2553141,10/04/05,Sun,2130,EA,CN1C,410A ,M,R,W,DO,L , ,N,C,50,0,0,0,,,1747084,5422573,-41.33491262,174.7577783
Wellington City,HAPPY VALLEY ROAD,130,N, ,ROBERTSON ST,2552845,26/05/05,Thu,700,DA,CS1,111A 131A ,P,E,D,DO,F , ,N,C,50,0,0,0,,,1747273,5421733,-41.342441,174.7602396
Wellington City,HARRIS ST,10,E, ,VICTORIA ST,2511589,24/02/05,Thu,1520,NG,CW1E,711B ,,R,D,B ,F ,T,N,C,50,0,0,1,56,,1748771,5427782,-41.28770424,174.776656
Wellington City,HATAITAI ROAD,30,S, ,RAKAU ROAD,2551287,1/02/05,Tue,1820,BB,BN1C,120A ,,E,D,O ,M , ,N,C,50,0,0,0,,,1750679,5426565,-41.29830744,174.7997322
Wellington City,HATAITAI ROAD,500,N, ,WAITOA ROAD,2556804,11/01/05,Tue,1720,CB,CS1CC,112A 517A 621A ,M,R,D,B ,F , ,N,C,50,0,0,0,,,1750541,5426297,-41.30074609,174.798151
Wellington City,HATHAWAY AVENUE,180,S, ,ALLINGTON ROAD,2553964,23/07/05,Sat,1130,EA,VS1C,129A ,M,R,D,B ,F , ,N,N,50,0,0,0,,,1744081,5427477,-41.29130102,174.7207437
Wellington City,HATTON ST,250,W, ,HAURAKI ST,2552143,28/03/05,Mon,1550,BC,CS1C,121B 831 ,,S,D,B ,F , ,N,N,50,0,0,0,,,1745812,5428648,-41.28044696,174.7411274
Wellington City,HAWKER ST,40,E, ,MCINTYRES AVENUE,2512278,22/06/05,Wed,730,LB,SS1V,600A 300B 375B 929 ,,R,D,O ,F ,D,N,C,50,0,0,1,,20,1749819,5427177,-41.29295749,174.7893145
Wellington City,HAWKER ST,15,N, ,ROXBURGH ST,2554316,26/07/05,Tue,2330,BE,CS1C,133A 402A ,,R,W,DO,L , ,N,C,50,0,0,0,,,1749745,5427118,-41.29350242,174.7884456
Wellington City,HAWKESTONE ST,50,W, ,MOLESWORTH ST,2511596,23/03/05,Wed,830,MC,SE1C,300B 381B ,,R,D,O ,F , ,N,N,50,0,0,1,,27,1748851,5429193,-41.27498562,174.7772661
Wellington City,HELSTON ROAD,, ,I,ARTHUR CARMAN ST,2555769,29/11/05,Tue,2050,KB,CE1C,102A 302B 382B ,,R,D,TO,F ,T,G,N,50,0,0,0,,,1751689,5435074,-41.22150895,174.8096734
Wellington City,HELSTON ROAD,60,N, ,CYRIL WAY,2551787,26/03/05,Sat,2145,DA,CN1,111A 400A ,T,M,W,DO,L , ,N,C,50,0,0,0,,,1752004,5435481,-41.21778547,174.8133284
Wellington City,HELSTON ROAD,, ,I,PAPARANGI CRESCENT,2555493,30/10/05,Sun,1816,DB,CW1,103A 514A ,P,M,D,O ,F ,T,G,C,50,0,0,0,,,1752347,5435468,-41.21783802,174.8174215
Wellington City,HILL LANE,30,E, ,TARANAKI ST,2556770,10/10/05,Mon,2100,BO,PE1C,120A ,,R,D,DO,F , ,N,N,50,0,0,0,,,1748598,5426395,-41.30022389,174.7749295
Wellington City,HILL ST,30,W, ,GUILDFORD TERRACE,2512378,10/05/05,Tue,1010,AA,SW1C,372A ,,R,D,B ,F , ,N,N,50,0,0,1,,20,1748649,5428986,-41.27688654,174.7749059
Wellington City,HOBART ST,200,S, ,MIRAMAR AVENUE,2551043,5/03/05,Sat,1800,AB,CN1C,153A ,,R,D,B ,F , ,N,C,50,0,0,0,,,1751951,5424342,-41.31808312,174.8154732
Wellington City,HOMEBUSH ROAD,50,N, ,ONSLOW ROAD,2550369,3/02/05,Thu,1600,EA,BS1V,386A ,M,E,D,B ,F , ,N,C,50,0,0,0,,,1751234,5431838,-41.25072909,174.8050494
Wellington City,HORNER ST,50,W, ,MANSFIELD ST,2554594,1/09/05,Thu,900,MO,VE1C,371A ,M,R,D,O ,F , ,N,C,50,0,0,0,,,1749118,5424472,-41.31744149,174.7816092
Wellington City,HORNSEY ROAD,, ,I,DUNEDIN TERRACE,2512254,4/07/05,Mon,2237,BF,PN1B,132A 407A ,,S,D,DO,F ,T,N,C,50,0,0,1,,,1749540,5423320,-41.3277352,174.7869321
Wellington City,HOROKIWI ROAD,2000,W, ,SH 2,2555268,29/10/05,Sat,812,BB,TW1C,123A 386A ,,M,D,B ,F , ,N,C,100,0,0,0,,,1755263,5435551,-41.21653659,174.8521695
Wellington City,HOROKIWI ROAD WEST,20,E, ,BLOOMSBURY GROVE,2512370,29/06/05,Wed,840,NA,VE1E,363A 711B 902 ,,E,D,B ,F , ,N,C,50,0,0,1,20,,1753309,5434962,-41.22221203,174.829019
Wellington City,HOSPITAL ROAD,, ,I,ADELAIDE ROAD,2554743,29/07/05,Fri,1610,MO,CW1C,122A ,,R,D,O ,F ,T,G,C,50,0,0,0,,,1748863,5425724,-41.30621634,174.7782575
Wellington City,HOSPITAL ROAD,, ,I,HUGH ST,2551485,30/03/05,Wed,1600,JA,CE1C,309B 382B ,,R,W,O ,F ,T,N,N,50,0,0,0,,,1748918,5425710,-41.30633224,174.7789176
Wellington City,HOUGHTON BAY ROAD,250,S, ,VIEW ROAD,2552114,5/05/05,Thu,837,BF,CS1T,132A 801 ,,M,W,O ,M , ,N,C,50,0,0,0,,,1749578,5422515,-41.33497583,174.7875842
Wellington City,HUGH ST,15,N, ,HOSPITAL ROAD,2556606,3/12/05,Sat,1450,MO,CN1,423A ,F,R,D,B ,F , ,N,N,50,0,0,0,,,1748922,5425725,-41.30619645,174.7789617
Wellington City,HUNGERFORD ROAD,80,E, ,HOUGHTON BAY ROAD,2550578,8/02/05,Tue,1949,EA,CW1V,352A ,M,E,D,TF,F , ,N,C,50,0,0,0,,,1749569,5422093,-41.3387769,174.7875806
Wellington City,HUNGERFORD ROAD,, ,I,QUEENS DRIVE,2551050,27/02/05,Sun,2156,DB,CN1,111A 132A ,IS,E,W,DO,F ,Y,G,R,50,0,0,0,,,1749965,5422170,-41.33801006,174.7922922
Wellington City,HUNTER ST,10,E, ,CUSTOMHOUSE QUAY,2511551,18/02/05,Fri,1735,MA,SE1C,300B 373B 378B 817 830 ,,R,D,B ,F ,X,T,C,50,0,0,1,,32,1748790,5428011,-41.28563895,174.7768268
Wellington City,HUNTER ST,, ,I,CUSTOMHOUSE QUAY,2555368,26/09/05,Mon,1924,HA,CE1C,322B 334B ,,R,D,DO,F ,X,T,C,50,0,0,0,,,1748781,5428015,-41.2856046,174.7767184
Wellington City,HUNTER ST,, ,I,FEATHERSTON ST,2512494,26/07/05,Tue,1610,NA,BE1,711B ,,M,D,O ,F ,T,T,N,50,0,0,1,40,,1748708,5428049,-41.28531193,174.7758388
Wellington City,HUNTER ST,, ,I,VICTORIA ST,2550105,8/01/05,Sat,1545,AC,CE1C,173A 372A ,,E,D,O ,F ,Y,N,C,50,0,0,0,,,1748850,5427984,-41.28587099,174.7775496
Wellington City,HUNTER ST,, ,I,VICTORIA ST,2553312,29/06/05,Wed,1015,FA,VE1C,331A ,,E,D,O ,F ,Y,N,C,50,0,0,0,,,1748850,5427984,-41.28587099,174.7775496
Wellington City,HUNTER ST,, ,I,VICTORIA ST,2552785,11/04/05,Mon,2315,DA,CE1,111A 350A ,H,M,W,DO,F ,T,N,C,50,0,0,0,,,1748850,5427984,-41.28587099,174.7775496
Wellington City,HUTCHISON ROAD,170,E, ,FINNIMORE TERRACE,2553614,2/07/05,Sat,254,DB,CN1,111A 430A ,FP,M,D,DO,F , ,N,C,50,0,0,0,,,1748388,5425271,-41.3103824,174.7726964
Wellington City,HUTCHISON ROAD,150,N, ,FINNIMORE TERRACE,2511659,4/02/05,Fri,2150,DA,CN1,103A 332A 358A ,EG,M,D,DO,F , ,N,C,50,0,0,2,,,1748376,5425256,-41.31051965,174.7725568
Wellington City,HUTCHISON ROAD,60,S, ,WESTLAND ROAD,2556752,12/11/05,Sat,1150,DB,CN1,121A 402A ,FK,M,D,B ,F , ,N,C,50,0,0,0,,,1748459,5425561,-41.30775834,174.7734735
Wellington City,HUTCHISON ROAD,, ,I,WRIGHT ST,2513261,1/11/05,Tue,1840,JA,CE1C,302B 423B ,,E,D,O ,F ,X,G,L,50,0,0,4,,,1748496,5425606,-41.30734637,174.7739043
Wellington City,HUTCHISON ROAD,, ,I,WRIGHT ST,2511029,6/01/05,Thu,945,JA,CN1V,309B ,,R,W,O ,L ,T,N,C,50,0,0,1,,,1748496,5425606,-41.30734637,174.7739043
Wellington City,HUTT ON NBD,390,E, ,CENTENNIAL SLIP ROAD,2553809,18/07/05,Mon,1945,DB,TE1,103A 132A ,P,E,W,DO,L , ,N,N,100,0,0,0,,,1752283,5432483,-41.24472503,174.8174027
Wellington City,HUTT ROAD,20,N, ,AOTEA QUAY,2511107,14/01/05,Fri,911,FA,CN1S,181A 517A ,,R,D,B ,F , ,N,C,70,0,0,1,,48,1749605,5430499,-41.26308783,174.7859441
Wellington City,HUTT ROAD,30,W, ,AOTEA QUAY,2550752,26/01/05,Wed,1631,FD,CN1CVV,181A 191C 142D 927 ,,R,D,B ,F ,D,N,P,50,0,0,0,,,1749496,5430367,-41.26429646,174.7846758
Wellington City,HUTT ROAD,100,S, ,JARDEN MILE,2552663,23/05/05,Mon,1650,FD,CN1CC,112A 181A ,,R,D,OO,F , ,N,C,100,0,0,0,,,1751854,5432134,-41.24794788,174.8123722
Wellington City,HUTT ROAD,100,S, ,JARDEN MILE,2552660,29/05/05,Sun,1250,FD,CS1C,331A ,,R,D,O ,F , ,N,R,80,0,0,0,,,1751865,5432128,-41.24799983,174.8125049
Wellington City,HUTT ROAD,150,W, ,JARDEN MILE,2556176,29/08/05,Mon,1755,MC,CW1C,372B ,,R,D,TO,F , ,N,R,100,0,0,0,,,1751829,5432092,-41.24833071,174.8120844
Wellington City,HUTT ROAD,500,N, ,KAIWHARAWHARA ROAD,2513668,19/12/05,Mon,1106,JO,SN1C,331A 375B 927 ,,R,D,B ,F ,D,N,P,70,0,0,1,,34,1750295,5431154,-41.25706256,174.7940158
Wellington City,HUTT ROAD,40,S, ,KAIWHARAWHARA ROAD,2553527,15/06/05,Wed,1545,MC,CS1C,300B 372B ,,R,W,O ,F , ,N,C,70,0,0,0,,,1749903,5430785,-41.26045762,174.7894295
Wellington City,HUTT ROAD,50,S, ,KAIWHARAWHARA ROAD,2551588,1/04/05,Fri,1245,MB,CN1C,202A 300A 202B 300B ,,R,D,B ,F , ,N,P,70,0,0,0,,,1749897,5430778,-41.26052176,174.7893597
Wellington City,HUTT ROAD,, ,I,KAIWHARAWHARA ROAD,2554122,12/08/05,Fri,1346,JA,CS1V,174B 202B 336B 927 ,,R,D,B ,F ,D,G,R,70,0,0,0,,,1749930,5430815,-41.26018251,174.7897443
Wellington City,HUTT ROAD,, ,I,KAIWHARAWHARA ROAD,2555400,10/10/05,Mon,1545,AA,MS1CC,372A 671A 197B ,,R,W,O ,H ,T,T,P,70,0,0,0,,,1749930,5430815,-41.26018251,174.7897443
Wellington City,HUTT ROAD,60,N, ,ONSLOW ROAD,2512375,19/03/05,Sat,1507,CB,CN1CCV,501A 353D ,,R,D,B ,F , ,N,R,70,0,0,1,,,1750892,5431462,-41.25417827,174.8010624
Wellington City,HUTT ROAD,30,S, ,ONSLOW ROAD,2511899,21/04/05,Thu,1612,NB,CS1E,353A 370A 711B ,,R,D,TF,F , ,N,R,70,0,1,0,65,,1750816,5431417,-41.25459761,174.8001668
Wellington City,HUTT ROAD,100,S, ,ONSLOW ROAD,2551564,14/02/05,Mon,2255,AA,CN1C,300A 372A ,,R,D,DO,F , ,N,L,70,0,0,0,,,1750752,5431387,-41.25487965,174.7994107
Wellington City,HUTT ROAD,300,W, ,RANGIORA AVENUE,2511430,22/02/05,Tue,1130,MC,CS1V,372B 927 ,I,E,D,B ,F ,D,N,R,70,0,0,2,,,1750264,5431126,-41.25732042,174.7936528
Wellington City,HUTT ROAD,200,N, ,SAR ST,2556288,22/12/05,Thu,1327,MC,CS1C,372A ,,R,D,O ,F , ,N,P,50,0,0,0,,,1749400,5430253,-41.26534061,174.7835582
Wellington City,HUTT ROAD,200,S, ,SCHOOL ROAD,2511431,11/03/05,Fri,1650,JA,SN1C,308B 927 ,,R,D,O ,F ,D,N,C,70,0,0,1,,23,1749754,5430633,-41.26185377,174.787689
Wellington City,HUTT ROAD,, ,I,SCHOOL ROAD,2553155,13/06/05,Mon,1622,GD,CS1C,112A 132A 386B 927 ,,R,W,O ,L ,D,N,P,70,0,0,0,,,1749894,5430775,-41.26054933,174.7893246
Wellington City,HUTT ROAD,, ,I,SCHOOL ROAD,2553315,1/07/05,Fri,1237,LB,CN1C,303B 375B ,,R,D,BN,F ,T,N,C,50,0,0,0,,,1749894,5430775,-41.26054933,174.7893246
Wellington City,HUTT ROAD,, ,I,SCHOOL ROAD,2551939,27/04/05,Wed,1045,GD,VS1C,331A 353A 927 ,,R,D,B ,F ,D,G,C,50,0,0,0,,,1749894,5430775,-41.26054933,174.7893246
Wellington City,INGLIS ST,, ,I,DUNDAS ST,2513535,7/11/05,Mon,1300,HA,VS1C,112A 302B 375B ,,R,D,B ,F ,X,G,R,50,0,0,2,,,1753373,5423765,-41.32300874,174.8326002
Wellington City,INGLIS ST,, ,I,LUDLAM ST,2513604,9/11/05,Wed,630,HA,SN1X,302B 375B ,,R,D,B ,F ,X,G,N,50,0,1,0,,31,1753333,5423629,-41.32424078,174.8321568
Wellington City,IRA ST,, ,I,DEVONSHIRE ROAD,2553199,25/06/05,Sat,1150,BC,CN1C,302B 375B ,,R,D,O ,F ,X,G,C,50,0,0,0,,,1752336,5423966,-41.32139569,174.8201651
Wellington City,IRONSIDE ROAD,, ,I,BASSETT ROAD,2555748,20/10/05,Thu,1400,LB,CE1C,302A ,,E,D,O ,F ,T,G,C,50,0,0,0,,,1751500,5435218,-41.22024787,174.807384
Wellington City,IRONSIDE ROAD,40,E, ,EARP ST,2551651,14/04/05,Thu,1443,MA,CE1V,373B ,,R,D,B ,F , ,N,C,50,0,0,0,,,1751271,5435254,-41.21996659,174.8046444
Wellington City,IRONSIDE ROAD,130,W, ,EARP ST,2556485,24/11/05,Thu,210,EA,CE1V,129A ,M,M,D,DO,F , ,N,C,50,0,0,0,,,1751136,5435336,-41.21925353,174.8030144
Wellington City,IRONSIDE ROAD,800,W, ,EARP ST,2554796,17/08/05,Wed,1620,MA,CW1CC,143B 300B 373B ,M,M,D,O ,F , ,N,C,50,0,0,0,,,1750758,5435606,-41.2168931,174.7984405
Wellington City,IRONSIDE ROAD,30,E, ,MORGAN ST,2555883,17/11/05,Thu,1100,BA,CE1C,120A 129B ,,R,D,B ,F , ,N,C,50,0,0,0,,,1751406,5435232,-41.22013942,174.8062597
Wellington City,JARDEN MILE,200,W, ,MCCORMACK PLACE,2556590,17/11/05,Thu,1455,BC,4E1C,110A 308B 927 ,,R,D,BF,F ,D,N,N,50,0,0,0,,,1751715,5432104,-41.24824407,174.8107215
Wellington City,JERVOIS QUAY,20,S, ,CUSTOMHOUSE QUAY,2556324,14/11/05,Mon,826,AC,TN1X,,,E,D,B ,F , ,N,R,50,0,0,0,,,1748866,5428172,-41.28417539,174.7776946
Wellington City,JERVOIS QUAY,20,S, ,HARRIS ST,2553460,21/06/05,Tue,953,FD,CN1V,181A 901 ,,R,W,O ,H , ,N,P,50,0,0,0,,,1748919,5427697,-41.28844225,174.7784434
Wellington City,JERVOIS QUAY,, ,I,HARRIS ST,2512650,28/06/05,Tue,1740,FD,CN1CC,331A 358A ,,R,D,TF,F ,X,T,R,50,0,0,1,,,1748916,5427717,-41.28826273,174.7784027
Wellington City,JERVOIS QUAY,, ,I,HUNTER ST,2556728,22/12/05,Thu,810,CA,CN1T,130A 402A 331B 353B ,,R,D,BF,F ,T,T,C,50,0,0,0,,,1748881,5427984,-41.28586527,174.7779196
Wellington City,JERVOIS QUAY,, ,I,HUNTER ST,2554756,17/08/05,Wed,1040,AA,VS1T,143A 387A 820 ,,R,D,B ,F ,X,T,C,50,0,0,0,,,1748881,5427984,-41.28586527,174.7779196
Wellington City,JERVOIS QUAY,, ,I,HUNTER ST,2553067,14/06/05,Tue,900,LB,XS1V,323B 926 ,,R,D,O ,F ,D,T,R,50,0,0,0,,,1748881,5427984,-41.28586527,174.7779196
Wellington City,JERVOIS QUAY,, ,I,HUNTER ST,2550624,14/02/05,Mon,1845,JA,CN1C,322B 350B ,,R,D,B ,F ,T,T,C,50,0,0,0,,,1748881,5427984,-41.28586527,174.7779196
Wellington City,JERVOIS QUAY,, ,I,HUNTER ST,2550623,23/02/05,Wed,1410,FD,CN1V,331A 353A ,,R,D,B ,F ,T,T,R,50,0,0,0,,,1748881,5427984,-41.28586527,174.7779196
Wellington City,JERVOIS QUAY,, ,I,HUNTER ST,2551648,18/03/05,Fri,1530,FD,VN1C,331A ,,R,W,O ,L ,T,T,R,50,0,0,0,,,1748881,5427984,-41.28586527,174.7779196
Wellington City,JERVOIS QUAY,30,N, ,POST OFFICE SQUARE,2551556,18/04/05,Mon,1645,FD,CN1C,181A ,,R,D,O ,F ,Y,N,C,50,0,0,0,,,1748863,5428114,-41.28469814,174.777673
Wellington City,JERVOIS QUAY,60,S, ,WILLESTON ST,2550776,4/02/05,Fri,1358,EA,BS1B,353A 386A ,Q,R,D,B ,F , ,N,C,50,0,0,0,,,1748907,5427792,-41.28758914,174.7782769
Wellington City,JERVOIS QUAY,, ,I,WILLESTON ST,2511195,16/02/05,Wed,1740,EE,SN1C,374B ,PQ,R,D,O ,F ,T,T,L,50,0,0,1,,40,1748899,5427851,-41.28705941,174.778167