TLA NAME,CRASH ROAD,CRASH DIST,CRASH DIRN,INTSN,SIDE ROAD,CRASH ID,CRASH DATE,CRASH DOW,CRASH TIME,MVMT,VEHICLES,CAUSES,OBJECTS STRUCK,ROAD CURVE,ROAD WET,LIGHT,WTHRa,JUNC TYPE,TRAF CTRL,ROAD MARK,SPD LIM,CRASH FATAL CNT,CRASH SEV CNT,CRASH MIN CNT,PERS AGE1,PERS AGE2,EASTING,NORTHING,latitude,longitude
Wellington City,JERVOIS QUAY,, ,I,WILLESTON ST,2512191,22/05/05,Sun,1835,LB,VN1C,322A 355A ,,R,W,DO,H ,T,T,R,50,0,0,1,,,1748899,5427851,-41.28705941,174.778167
Wellington City,JERVOIS QUAY,, ,I,WILLESTON ST,2512284,27/05/05,Fri,1825,NB,VS1E,322A 724B ,,R,W,DO,L ,T,T,R,50,0,1,0,40,,1748899,5427851,-41.28705941,174.778167
Wellington City,JERVOIS QUAY,, ,I,WILLESTON ST,2513144,12/10/05,Wed,1748,FE,CS1C,331A 353A ,,R,D,B ,F ,X,T,C,50,0,0,2,,,1748899,5427851,-41.28705941,174.778167
Wellington City,JOHN SIMS DRIVE,240,W, ,BURMA ROAD,2553929,21/07/05,Thu,400,DB,CN1VC,135A 410A 904 929 ,M,E,W,DO,M ,D,N,N,50,0,0,0,,,1750629,5433683,-41.23423075,174.7973765
Wellington City,JOHN ST,, ,I,ADELAIDE ROAD,2554850,14/09/05,Wed,1220,GO,TE1V,172A ,,R,D,B ,F ,X,T,C,50,0,0,0,,,1748832,5425608,-41.30726645,174.7779157
Wellington City,JOHN ST,10,W, ,HANSON ST,2554044,24/07/05,Sun,2359,EA,CE1C,129A ,M,R,D,DO,F ,T,N,C,50,0,0,0,,,1748724,5425627,-41.3071153,174.7766215
Wellington City,JOHN ST,, ,I,HANSON ST,2552168,3/05/05,Tue,2034,CA,SE1C,136A 602A 614A ,M,R,W,DO,H ,X,G,C,50,0,0,0,,24,1748734,5425630,-41.30708645,174.7767402
Wellington City,JOHN ST,, ,I,HANSON ST,2550170,12/01/05,Wed,945,FB,VE1C,181A ,,R,D,B ,F ,X,G,C,50,0,0,0,,,1748734,5425630,-41.30708645,174.7767402
Wellington City,JOHN ST,, ,I,TASMAN ST,2512847,31/08/05,Wed,1615,LB,SE1C,303B 375B 377B ,,E,D,B ,F ,T,N,C,50,0,0,1,,29,1748696,5425620,-41.30718349,174.7762889
Wellington City,JOHNSONVILLE OFF SBD,, ,I,FRANK JOHNSON ST,2554723,1/09/05,Thu,915,FB,CS1C,331A ,,R,D,O ,F ,R,G,R,50,0,0,0,,,1751521,5435075,-41.22153143,174.8076699
Wellington City,JOHNSONVILLE OFF SBD,60,S, ,SH 1N,2551647,20/03/05,Sun,730,DA,CS1,135A 801 ,B,M,W,O ,HS, ,N,N,100,0,0,0,,,1751774,5435329,-41.21919715,174.8106237
Wellington City,JOHNSONVILLE OFF SBD,100,S, ,SH 1N,2551349,30/03/05,Wed,905,DA,CS1,111A 135A 801 ,,E,W,O ,L , ,N,N,100,0,0,0,,,1751761,5435291,-41.21954172,174.8104781
Wellington City,JOHNSONVILLE OFF SBD,150,S, ,SH 1N,2511803,17/03/05,Thu,1221,DA,CS1CC,135A 135C 806 ,B,S,W,O ,L , ,N,N,100,0,0,2,,,1751749,5435242,-41.21998514,174.8103472
Wellington City,JOHNSONVILLE OFF SBD,100,W, ,SH 1N,2551824,31/03/05,Thu,1001,DA,VS1,111A 135A 812 ,B,M,W,O ,L , ,N,N,100,0,0,0,,,1751761,5435291,-41.21954172,174.8104781
Wellington City,JOHNSONVILLE ROAD,20,N, ,BRODERICK ROAD,2551614,20/02/05,Sun,1310,NA,CS1E,370A 711B ,,R,D,O ,F , ,N,C,50,0,0,0,,,1751485,5434739,-41.22456331,174.8073239
Wellington City,JOHNSONVILLE ROAD,50,N, ,BRODERICK ROAD,2511124,30/01/05,Sun,1800,MC,VS1V,300B 372B ,,R,D,O ,F , ,N,P,50,0,1,0,,,1751488,5434768,-41.22430165,174.8073525
Wellington City,JOHNSONVILLE ROAD,70,N, ,BRODERICK ROAD,2512126,26/04/05,Tue,957,CC,CS1CVC,125A 130A ,MM,R,D,B ,F , ,N,P,50,0,0,1,,,1751487,5434788,-41.22412177,174.8073356
Wellington City,JOHNSONVILLE ROAD,70,N, ,BRODERICK ROAD,2555272,21/10/05,Fri,1455,EE,VN1C,374B ,M,R,D,O ,F , ,N,P,50,0,0,0,,,1751487,5434788,-41.22412177,174.8073356
Wellington City,JOHNSONVILLE ROAD,, ,I,BRODERICK ROAD,2512445,16/07/05,Sat,1412,NF,CW2E,353A 363A 902 ,,R,D,B ,F ,X,T,R,50,0,0,1,86,,1751483,5434719,-41.22474375,174.807305
Wellington City,JOHNSONVILLE ROAD,20,S, ,DISRAELI ST,2551220,15/03/05,Tue,1508,LB,CN1V,303B 377B 927 ,,R,D,B ,F ,D,N,P,50,0,0,0,,,1751471,5434644,-41.22542125,174.8071805
Wellington City,JOHNSONVILLE ROAD,, ,I,DISRAELI ST,2553469,11/07/05,Mon,1610,MO,CN1C,386A ,,R,D,O ,F ,T,N,C,50,0,0,0,,,1751474,5434664,-41.22524062,174.8072113
Wellington City,JOHNSONVILLE ROAD,, ,I,FRANK JOHNSON ST,2552113,23/03/05,Wed,1250,AA,BS1V,125A 372A ,I,E,D,B ,F ,R,G,R,50,0,0,0,,,1751490,5435056,-41.22170829,174.8073049
Wellington City,JOHNSONVILLE ROAD,, ,I,FRASER AVENUE,2554802,17/09/05,Sat,1226,LB,CS1C,303A ,,R,D,B ,F ,T,N,P,50,0,0,0,,,1751476,5434504,-41.22668079,174.8072749
Wellington City,JOHNSONVILLE ROAD,20,S, ,MOOREFIELD ROAD,2551822,11/04/05,Mon,1820,QD,VN1C,428A ,M,R,D,TN,F , ,N,C,50,0,0,0,,,1751498,5435030,-41.22194088,174.8074068
Wellington City,JOHNSONVILLE ROAD,, ,I,MOOREFIELD ROAD,2552291,27/04/05,Wed,1945,LB,CN1C,302A 355A ,,R,D,DO,F ,R,G,R,50,0,0,0,,,1751500,5435050,-41.22176044,174.8074257
Wellington City,JOHNSTON ST,30,W, ,CUSTOMHOUSE QUAY,2551240,18/02/05,Fri,1455,MO,CE1C,371A ,,R,D,B ,F , ,N,C,50,0,0,0,,,1748879,5428290,-41.28311058,174.7778209
Wellington City,JOHNSTON ST,30,W, ,FEATHERSTON ST,2554515,25/07/05,Mon,1440,MF,XE1C,371B 839 ,,R,D,O ,F , ,N,C,50,0,0,0,,,1748801,5428325,-41.28280984,174.7768814
Wellington City,JUBILEE ROAD,, ,I,AMRITSAR ST,2556280,12/07/05,Tue,845,JA,4W1C,303B ,,R,D,O ,F ,T,N,N,50,0,0,0,,,1750425,5432056,-41.24891729,174.7953444
Wellington City,JUBILEE ROAD,, ,I,NICHOLSON ROAD,2551482,14/03/05,Mon,1320,QD,TE1,611A ,FKT,R,D,B ,F ,X,S,C,50,0,0,0,,,1750198,5431939,-41.2500129,174.7926652
Wellington City,KAIWHARAWHARA ROAD,, ,I,CAMERON ST,2512751,12/08/05,Fri,830,KA,BE1V,112A 132A 170B ,,R,W,B ,F ,T,G,C,50,0,0,1,,,1749807,5430942,-41.25906189,174.7882455
Wellington City,KAIWHARAWHARA ROAD,250,S, ,NGAIO GORGE ROAD,2556336,27/12/05,Tue,1420,BC,VS1C,121A ,,S,D,O ,F , ,N,N,50,0,0,0,,,1749241,5431046,-41.25823025,174.7814669
Wellington City,KAIWHARAWHARA ROAD,600,N, ,OLD PORIRUA ROAD,2550659,27/02/05,Sun,1205,DA,VW1,135A 806 ,C,M,W,O ,L , ,N,L,50,0,0,0,,,1749120,5431121,-41.25757732,174.7800048
Wellington City,KAIWHARAWHARA ROAD,320,W, ,OLD PORIRUA ROAD,2554395,24/08/05,Wed,1240,DA,CE1,332A 352A ,CK,M,W,B ,F , ,N,P,50,0,0,0,,,1749352,5431109,-41.25764253,174.7827758
Wellington City,KANPUR ROAD,70,N, ,JAUNPUR CRESCENT,2554494,26/08/05,Fri,1015,QD,CN1,428A ,EFH,R,D,B ,F , ,N,N,50,0,0,0,,,1750253,5433569,-41.23532708,174.79292
Wellington City,KANPUR ROAD,, ,I,NAGPUR TERRACE,2513464,14/12/05,Wed,1700,LB,CE1C,303B 355B ,,R,D,B ,F ,T,N,N,50,0,0,1,,,1750327,5433318,-41.23757319,174.7938644
Wellington City,KARAKA BAY ROAD,90,N, ,PRETORIA ROAD,2553548,2/04/05,Sat,2315,DB,CN1,111A 195A ,Z,M,D,DO,F , ,N,C,50,0,0,0,,,1753421,5426400,-41.29927636,174.8325088
Wellington City,KAREPA ST,, ,I,APUKA ST,2552349,23/04/05,Sat,1725,BB,CN1C,123A 801 839 ,,M,W,TF,L ,T,N,C,50,0,0,0,,,1747289,5426261,-41.30167034,174.7593337
Wellington City,KARORI ROAD,20,E, ,CAMPBELL ST,2554847,13/09/05,Tue,1615,FO,CW1CB,331A ,,R,D,B ,F , ,N,R,50,0,0,0,,,1745638,5428230,-41.28424188,174.7391506
Wellington City,KARORI ROAD,, ,I,CHAYTOR ST,2511720,22/03/05,Tue,930,JA,SE1V,302B 375B ,,M,W,O ,M ,T,G,C,50,0,0,1,,19,1746644,5428577,-41.28093556,174.7510749
Wellington City,KARORI ROAD,, ,I,EAGLE ST,2552531,22/05/05,Sun,1110,FC,VW1C,331A 351A ,,R,W,O ,L ,T,N,X,50,0,0,0,,,1745267,5428095,-41.28552421,174.7347544
Wellington City,KARORI ROAD,50,E, ,FANCOURT ST,2556575,14/12/05,Wed,1150,FC,VW1C,181A 330A 190B ,,R,D,B ,F , ,N,X,50,0,0,0,,,1746014,5428365,-41.28295849,174.7436062
Wellington City,KARORI ROAD,50,E, ,FANCOURT ST,2550373,7/02/05,Mon,1518,FD,CE1VC,331A 181B ,,R,D,B ,F , ,N,C,50,0,0,0,,,1746014,5428365,-41.28295849,174.7436062
Wellington City,KARORI ROAD,80,E, ,HATTON ST,2556199,13/12/05,Tue,1300,FD,VE1CC,331A 517A ,,R,D,B ,F , ,N,C,50,0,0,0,,,1746188,5428425,-41.28238679,174.7456687
Wellington City,KARORI ROAD,, ,I,MORLEY ST,2511384,16/02/05,Wed,1500,JA,CE1C,302B 377B ,,R,D,B ,F ,T,G,C,50,0,0,1,,,1745048,5428017,-41.28626587,174.7321588
Wellington City,KARORI ROAD,, ,I,MORLEY ST,2551569,22/03/05,Tue,1200,JA,CE1C,302B 375B 801 839 ,,E,W,O ,L ,T,G,C,50,0,0,0,,,1745048,5428017,-41.28626587,174.7321588
Wellington City,KARORI ROAD,60,E, ,NOTTINGHAM ST,2556751,29/10/05,Sat,1730,FC,ME1C,181A ,,R,D,B ,F , ,N,X,50,0,0,0,,,1746571,5428521,-41.28145301,174.7502171
Wellington City,KARORI ROAD,20,E, ,PARKVALE ROAD,2551965,22/04/05,Fri,800,FD,CE1C,331A 363A 902 ,,R,D,B ,F , ,N,C,50,0,0,0,,,1745525,5428190,-41.2846224,174.7378113
Wellington City,KARORI ROAD,, ,I,PARKVALE ROAD,2553838,14/07/05,Thu,1130,AA,VW1V,300A 372A ,,R,D,B ,F ,T,N,P,50,0,0,0,,,1745506,5428183,-41.28468885,174.7375862
Wellington City,KARORI ROAD,, ,I,READING ST,2512342,28/05/05,Sat,2230,ND,CW1E,124A 376A 715B ,,R,D,DO,F ,T,G,C,50,0,0,1,,,1745736,5428266,-41.28390007,174.7403117
Wellington City,KARORI ROAD,20,W, ,SOUTH KARORI ROAD,2556372,23/12/05,Fri,1735,MC,CE1C,372B ,,R,D,O ,F , ,N,C,50,0,0,0,,,1744296,5427747,-41.28883162,174.7232464
Wellington City,KARORI ROAD,, ,I,SOUTH KARORI ROAD,2551417,25/02/05,Fri,1800,JA,VS1C,302B ,,E,D,B ,F ,R,G,C,50,0,0,0,,,1744312,5427759,-41.28872072,174.7234345
Wellington City,KARORI ROAD,, ,I,SOUTH KARORI ROAD,2554848,26/08/05,Fri,855,EE,TN2C,374B ,M,M,D,B ,F ,Y,N,C,50,0,0,0,,,1744312,5427759,-41.28872072,174.7234345
Wellington City,KELBURN PARADE,100,N, ,GLASGOW ST,2556657,11/06/05,Sat,1410,MO,VN1C,,M,R,D,O ,F , ,N,C,50,0,0,0,,,1748042,5427698,-41.28859454,174.7679745
Wellington City,KELBURN PARADE,150,N, ,GLASGOW ST,2551465,1/03/05,Tue,1530,MC,CS1C,334B 387B ,,R,D,O ,F , ,T,C,50,0,0,0,,,1748062,5427744,-41.28817672,174.768202
Wellington City,KELBURN PARADE,20,S, ,GLASGOW ST,2554721,11/07/05,Mon,900,FD,CS1C,331A ,,R,D,O ,F , ,N,C,50,0,0,0,,,1747989,5427577,-41.28969368,174.7673712
Wellington City,KELBURN PARADE,50,S, ,GLASGOW ST,2512006,17/03/05,Thu,850,MC,SN1CC,300B 372B ,,R,D,B ,F , ,T,P,50,0,0,1,,22,1747982,5427548,-41.28995607,174.7672947
Wellington City,KELBURN PARADE,30,S, ,SALAMANCA ROAD,2511484,4/03/05,Fri,818,FD,SN1C,181A 191B ,,R,D,B ,F , ,N,C,50,0,0,1,,30,1748125,5427882,-41.28692268,174.7689205
Wellington City,KELBURN VIADUCT,, ,I,GLENMORE ST,2550718,29/01/05,Sat,2015,JA,VN1C,302B ,,R,D,TF,F ,R,G,P,50,0,0,0,,,1747173,5427869,-41.28721383,174.7575599
Wellington City,KEMP ST,200,E, ,TACY ST,2554559,10/09/05,Sat,1520,JA,CE1C,112A 308B 375B 839 926 ,,R,D,B ,F ,D,N,C,50,0,0,0,,,1750636,5424410,-41.31771759,174.7997525
Wellington City,KENMORE ST,, ,I,BANCROFT TERRACE,2555729,5/10/05,Wed,1601,GE,VS1C,157A 160A 400A ,C,R,D,O ,F ,T,N,C,50,0,0,0,,,1753054,5434680,-41.22479923,174.8260489
Wellington City,KENMORE ST,30,S, ,HOROKIWI ROAD WEST,2554396,14/08/05,Sun,1930,EA,CS1C,129A 351A 645A ,M,R,D,DO,F , ,N,N,50,0,0,0,,,1752960,5434844,-41.22334046,174.8248869
Wellington City,KENMORE ST,, ,I,LINK ROAD,2550638,14/02/05,Mon,2008,GE,VS1BV,160A ,,R,D,BF,F ,T,N,C,50,0,0,0,,,1753183,5434547,-41.22597226,174.8276206
Wellington City,KENT TERRACE,40,N, ,MAJORIBANKS ST,2554829,13/09/05,Tue,2104,EA,CS1C,129A 400A 610A ,M,R,D,DO,F , ,N,C,50,0,0,0,,,1749394,5427105,-41.29368451,174.7842586
Wellington City,KENT TERRACE,, ,I,MAJORIBANKS ST,2552286,16/05/05,Mon,115,NA,CS1E,711B ,,R,W,DO,L ,X,T,C,50,0,0,0,,,1749376,5427069,-41.29401196,174.7840526
Wellington City,KENT TERRACE,, ,I,MAJORIBANKS ST,2513628,23/04/05,Sat,350,NA,CS1EE,105B 718B 105C 718C ,,R,D,DO,F ,X,T,R,50,0,1,1,18,,1749376,5427069,-41.29401196,174.7840526
Wellington City,KENTWOOD DRIVE,, ,I,WOODRIDGE DRIVE,2550916,3/02/05,Thu,945,HA,CN2C,304A ,,S,D,B ,F ,T,N,C,50,0,0,0,,,1753612,5435404,-41.21817512,174.832521
Wellington City,KHANDALLAH ROAD,50,W, ,COCKAYNE ROAD,2552299,13/03/05,Sun,220,DA,CS1,103A 111A 134A ,T,M,D,DF,F , ,N,C,50,0,0,0,,,1749690,5432174,-41.24799131,174.7865472
Wellington City,KHANDALLAH ROAD,30,S, ,COLWAY ST,2554074,22/07/05,Fri,1630,MO,CN1VCC,407A 423A ,,R,D,O ,F , ,N,C,50,0,0,0,,,1748751,5432277,-41.24723727,174.7753203
Wellington City,KHANDALLAH ROAD,20,W, ,NGATOTO ST,2556433,10/12/05,Sat,1800,GD,CE1C,181A ,,R,D,O ,F ,T,N,N,50,0,0,0,,,1749279,5432359,-41.24640166,174.7815989
Wellington City,KHANDALLAH ROAD,200,N, ,OTTAWA ROAD,2554075,19/06/05,Sun,959,DA,CN1,111A 135A 632A 809 ,F,E,W,O ,F , ,N,C,50,0,0,0,,,1748907,5432324,-41.24678539,174.7771698
Wellington City,KHANDALLAH ROAD,30,S, ,SIMLA CRESCENT,2513463,22/09/05,Thu,1350,FD,CE14C,331A 352A ,,R,D,B ,F , ,N,C,50,0,1,0,,,1749478,5432304,-41.24686009,174.7839863
Wellington City,KHANDALLAH ROAD,, ,I,SIMLA CRESCENT,2555308,22/10/05,Sat,800,DA,VE1,133A 929 ,G,R,D,O ,F ,D,N,C,50,0,0,0,,,1749452,5432318,-41.24673885,174.7836727
Wellington City,KILBIRNIE CRESCENT,, ,I,CHILDERS TERRACE,2554479,7/04/05,Thu,1534,BC,CE2C,122A 205A 302A ,,R,D,B ,F ,T,G,P,50,0,0,0,,,1750163,5424590,-41.3161852,174.7940595
Wellington City,KILBIRNIE CRESCENT,10,S, ,DUNCAN TERRACE,2512967,23/09/05,Fri,1650,NB,TN1E,105B 716B ,,R,D,B ,F ,T,N,C,50,0,0,1,25,,1750075,5424726,-41.31497713,174.792975
Wellington City,KILBIRNIE CRESCENT,, ,I,DUNCAN TERRACE,2555863,28/09/05,Wed,352,CC,CS1CC,103A 130A ,M,R,D,DO,F ,T,N,R,50,0,0,0,,,1750070,5424735,-41.31489703,174.7929131
Wellington City,KIPLING ST,30,N, ,ATUA ST,2554306,28/07/05,Thu,1515,MG,VN1C,371B ,,R,W,O ,H , ,N,C,50,0,0,0,,,1750640,5434540,-41.22651276,174.7972963
Wellington City,KIPLING ST,, ,I,BANNISTER AVENUE,2550989,23/01/05,Sun,1900,DB,CN2,131A 335A ,F,M,D,O ,F ,T,N,C,50,0,0,0,,,1750876,5434635,-41.22561345,174.8000872
Wellington City,KIWI CRESCENT,40,S, ,TUI TERRACE,2555930,17/12/05,Sat,1500,CC,CN1C,101A 198A ,M,R,D,O ,F , ,N,N,50,0,0,0,,,1752452,5440444,-41.17301739,174.8174335
Wellington City,KUPE ST,, ,I,HAMILTON ROAD,2511840,4/05/05,Wed,1015,LB,CE1C,303B 350B ,,R,W,O ,L ,T,N,N,50,0,0,1,,,1750091,5425226,-41.31047249,174.7930427
Wellington City,LAMBTON QUAY,20,E, ,BALLANCE ST,2551286,7/03/05,Mon,2320,MO,BE1X,306A ,M,R,D,DO,F , ,N,R,50,0,0,0,,,1748770,5428654,-41.27985341,174.776431
Wellington City,LAMBTON QUAY,, ,I,BALLANCE ST,2551389,3/03/05,Thu,1442,AA,BN1C,170A 300A ,,E,D,B ,F ,T,N,R,50,0,0,0,,,1748753,5428643,-41.27995558,174.7762308
Wellington City,LAMBTON QUAY,, ,I,BOWEN ST,2554820,16/09/05,Fri,1605,KC,BE2C,309A 350A ,,R,D,B ,F ,X,T,C,50,0,0,0,,,1748819,5428688,-41.27953827,174.7770076
Wellington City,LAMBTON QUAY,, ,A,GREY ST,2511221,3/02/05,Thu,1430,NA,BS1E,711B ,,R,D,B ,F , ,T,C,50,0,1,0,34,,1748675,5428151,-41.28439965,174.77542
Wellington City,LAMBTON QUAY,, ,A,GREY ST,2511448,16/02/05,Wed,1656,NA,BS1E,711B 718B ,,R,D,B ,F , ,T,C,50,0,0,1,17,,1748675,5428151,-41.28439965,174.77542
Wellington City,LAMBTON QUAY,, ,I,GREY ST,2512190,11/05/05,Wed,1630,NA,CN1E,306A 322A ,,R,D,O ,F ,T,T,L,50,0,0,1,12,,1748675,5428151,-41.28439965,174.77542
Wellington City,LAMBTON QUAY,30,N, ,HUNTER ST,2513559,31/12/05,Sat,1210,NA,BS1E,711B ,,R,D,B ,F , ,N,C,50,0,0,1,34,,1748692,5428064,-41.28517982,174.7756441
Wellington City,LAMBTON QUAY,20,N, ,JOHNSTON ST,2551959,15/04/05,Fri,1130,MO,XS1X,371A ,M,R,D,B ,F , ,N,L,50,0,0,0,,,1748721,5428384,-41.28229338,174.7759121
Wellington City,LAMBTON QUAY,20,N, ,JOHNSTON ST,2552568,17/02/05,Thu,100,MA,CS1X,373B ,,R,D,DO,F , ,N,R,50,0,0,0,,,1748721,5428384,-41.28229338,174.7759121
Wellington City,LAMBTON QUAY,, ,I,MOLESWORTH ST,2553530,27/03/05,Sun,1801,AC,TN1V,300A 372A ,,R,D,TF,F ,X,T,C,50,0,0,0,,,1748937,5428771,-41.27876923,174.7783956
Wellington City,LAMBTON QUAY,20,S, ,STOUT ST,2553849,9/07/05,Sat,1456,MO,CS1BC,351A 372A 446C ,M,R,D,B ,F , ,T,R,50,0,0,0,,,1748731,5428469,-41.28152624,174.7760107
Wellington City,LAMBTON QUAY,, ,I,WARING TAYLOR ST,2554589,10/08/05,Wed,925,JA,CS1C,303B 377B ,,E,D,O ,F ,T,G,R,50,0,0,0,,,1748734,5428434,-41.28184081,174.7760551
Wellington City,LAMBTON QUAY,, ,I,WARING TAYLOR ST,2512511,1/08/05,Mon,2134,JA,PS1X,602A 309B 375B ,,R,D,DO,F ,T,N,R,50,0,0,1,,,1748734,5428434,-41.28184081,174.7760551
Wellington City,LAMBTON QUAY,80,N, ,WILLIS ST,2551388,9/04/05,Sat,,EA,CN1C,129A 191A 358A 440B ,M,R,D,B ,F , ,N,L,50,0,0,0,,,1748714,5427998,-41.28577,174.7759228
Wellington City,LARSEN CRESCENT,, ,I,ORIEL AVENUE,2513674,18/12/05,Sun,2200,JA,CW1C,112A 102B 301B 375B ,PT,R,D,DO,F ,T,S,C,50,0,2,2,,,1752467,5440159,-41.17558054,174.8176832
Wellington City,LEMNOS AVENUE,30,S, ,HOMEWOOD AVENUE,2556791,23/11/05,Wed,345,MO,CS1CC,929,M,R,D,DO,F ,D,N,C,50,0,0,0,,,1746128,5428663,-41.28025479,174.7448955
Wellington City,LIARDET ST,, ,I,DRANSFIELD ST,2513609,18/12/05,Sun,1210,JA,PS1C,302B 375B 830 ,,M,D,B ,F ,X,G,P,50,0,0,1,,,1748188,5425021,-41.31267002,174.7703692
Wellington City,LINDEN AVENUE,25,W, ,FINDLAY ST,2552034,11/03/05,Fri,1445,LB,CW1C,303B 375B 927 ,,R,D,O ,F ,D,N,C,50,0,0,0,,,1753664,5442185,-41.15711367,174.8314385
Wellington City,LORNE ST,50,W, ,CAMBRIDGE TERRACE,2552293,11/05/05,Wed,615,EA,TE1C,386A 440B 927 ,M,R,D,DO,F ,D,N,N,50,0,0,0,,,1749204,5426872,-41.29581744,174.7820476
Wellington City,LUDLAM ST,50,E, ,MONRO ST,2554710,18/03/05,Fri,2341,CC,CW1,125A 358A ,P,R,D,DO,F , ,N,C,50,0,0,0,,,1753497,5423586,-41.32459671,174.8341263
Wellington City,LUXFORD ST,, ,I,RINTOUL ST,2556574,16/12/05,Fri,2345,DA,CS2CC,111A 130A ,HM,M,D,DO,F ,T,S,C,50,0,0,0,,,1748800,5424200,-41.31994915,174.7778781
Wellington City,LYALL PARADE,, ,I,FREYBERG ST,2555525,6/10/05,Thu,1246,KA,CE14C,302B 423B ,M,E,D,B ,F ,T,G,R,50,0,0,0,,,1750081,5423053,-41.33003855,174.7934597
Wellington City,LYALL PARADE,, ,I,ONEPU ROAD,2511092,13/01/05,Thu,1105,DC,CS2V,133A 506A ,,R,D,B ,F ,R,G,R,50,0,0,2,,,1750247,5423159,-41.32905328,174.7954163
Wellington City,MAIDA VALE ROAD,400,W, ,EVANS BAY PARADE,2556384,27/08/05,Sat,1100,BC,CS1C,121A 370A 831 839 ,,S,W,O ,HS, ,N,C,50,0,0,0,,,1750916,5427461,-41.29019619,174.8023395
Wellington City,MAIN ROAD,130,N, ,CAMBRIDGE ST,2550444,14/02/05,Mon,1215,MO,CS1C,386A ,M,R,D,O ,F , ,N,C,50,0,0,0,,,1753090,5440736,-41.17026815,174.8249626
Wellington City,MAIN ROAD,50,N, ,ESSEX ST,2553443,22/07/05,Fri,1818,FA,VN1C,331A 350A ,,R,D,DO,F , ,N,C,50,0,0,0,,,1753098,5440853,-41.16921325,174.8250287
Wellington City,MAIN ROAD,, ,I,ESSEX ST,2512573,5/07/05,Tue,1945,LB,CN1C,600A 303B 375B ,,R,D,DO,F ,T,G,P,50,0,0,1,,,1753096,5440803,-41.16966379,174.8250174
Wellington City,MAIN ROAD,, ,I,GEE ST,2551135,3/03/05,Thu,1700,CB,CS1,410A ,ST,R,D,B ,F ,T,N,C,50,0,0,0,,,1753694,5442630,-41.15310148,174.8316843
Wellington City,MAIN ROAD,, ,I,LINCOLN AVENUE,2550336,3/02/05,Thu,1430,MC,CN1C,300B 372B ,,R,D,B ,F ,T,N,C,50,0,0,0,,,1753102,5440936,-41.16846521,174.8250556
Wellington City,MAIN ROAD,, ,I,LINDEN AVENUE,2556471,14/12/05,Wed,2120,KB,CN1C,302A 375A ,,R,D,DO,F ,R,G,R,50,0,0,0,,,1753498,5442235,-41.15669493,174.8294485
Wellington City,MAIN ROAD,20,N, ,REDWOOD AVENUE,2555337,11/10/05,Tue,1450,MO,CN1C,371A ,M,R,D,O ,F , ,N,C,50,0,0,0,,,1752971,5439384,-41.1824632,174.8238825
Wellington City,MAIN ROAD,100,N, ,REDWOOD AVENUE,2553899,28/07/05,Thu,1550,JA,CE1V,308B 387B 925 ,,R,W,O ,H ,D,G,P,50,0,0,0,,,1752985,5439463,-41.18174929,174.8240296
Wellington City,MAIN ROAD,, ,I,REDWOOD AVENUE,2555600,15/11/05,Tue,745,JA,TN1C,302B 387B ,,E,D,B ,F ,R,G,R,50,0,0,0,,,1752975,5439365,-41.18263351,174.8239349
Wellington City,MAIN ROAD,, ,I,REDWOOD AVENUE S,2552150,15/05/05,Sun,1745,QG,VN1V,384B 425B ,S,E,D,TF,F ,R,G,R,50,0,0,0,,,1752975,5439365,-41.18263351,174.8239349
Wellington City,MAIN ROAD,, ,I,SURREY ST,2512245,9/05/05,Mon,1645,JA,CS1C,302B 375B ,,R,D,B ,F ,T,G,C,50,0,0,1,,,1753127,5441035,-41.16756915,174.8253287
Wellington City,MAIN ROAD,100,N, ,TAWA ST,2556109,3/11/05,Thu,2330,FA,CS1C,103A 130A 181A ,H,R,D,DO,F , ,N,C,50,0,0,0,,,1753057,5440258,-41.17457801,174.8246889
Wellington City,MAIN ROAD,, ,I,TAWA ST,2555485,31/10/05,Mon,2100,LB,CS1C,302A ,,R,D,DO,F ,R,G,R,50,0,0,0,,,1753082,5440161,-41.17544661,174.825011
Wellington City,MAIN ROAD,, ,I,THE DRIVE,2512282,26/06/05,Sun,1903,BO,CS1CCC,200A 505A 512A ,,E,D,DO,F ,R,G,R,50,0,0,1,,,1753078,5440154,-41.17551039,174.8249651
Wellington City,MAIN ROAD,50,N, ,VICTORY CRESCENT,2512281,26/06/05,Sun,1900,BA,CS1V,505A 512A ,,R,D,DO,F , ,N,P,50,0,0,1,,,1753189,5441169,-41.16635098,174.8260339
Wellington City,MAJORIBANKS ST,15,W, ,BROUGHAM ST,2554814,13/09/05,Tue,1600,MO,CE1C,386A 691A ,,R,D,B ,F , ,N,N,50,0,0,0,,,1749563,5426983,-41.29475162,174.7863061
Wellington City,MAJORIBANKS ST,, ,I,BROUGHAM ST,2511329,15/02/05,Tue,1940,EA,SN1V,112A 137A 610A 817 ,M,R,D,O ,F ,T,N,C,50,0,0,1,,17,1749577,5426977,-41.29480305,174.7864747
Wellington City,MAJORIBANKS ST,, ,I,BROUGHAM ST,2511407,24/02/05,Thu,915,LB,MW1C,303B 375B ,,R,D,O ,F ,T,G,C,50,0,0,1,,,1749577,5426977,-41.29480305,174.7864747
Wellington City,MAJORIBANKS ST,15,E, ,KENT TERRACE,2551049,18/03/05,Fri,2230,NB,CE1E,711B 724B 862 ,,R,D,DO,F , ,N,C,50,0,0,0,21,,1749390,5427063,-41.29406339,174.7842212