TLA NAME,CRASH ROAD,CRASH DIST,CRASH DIRN,INTSN,SIDE ROAD,CRASH ID,CRASH DATE,CRASH DOW,CRASH TIME,MVMT,VEHICLES,CAUSES,OBJECTS STRUCK,ROAD CURVE,ROAD WET,LIGHT,WTHRa,JUNC TYPE,TRAF CTRL,ROAD MARK,SPD LIM,CRASH FATAL CNT,CRASH SEV CNT,CRASH MIN CNT,PERS AGE1,PERS AGE2,EASTING,NORTHING,latitude,longitude
Wellington City,MAJORIBANKS ST,50,E, ,KENT TERRACE,2554613,9/05/05,Mon,1600,EA,CW1C,129A ,M,R,D,O ,F , ,N,C,50,0,0,0,,,1749421,5427048,-41.2941927,174.7845949
Wellington City,MAJORIBANKS ST,50,E, ,LIPMAN ST,2554635,7/08/05,Sun,1345,MO,VN1C,129A 386A 444B ,M,R,D,B ,F , ,N,C,50,0,0,0,,,1749515,5427006,-41.29455344,174.7857274
Wellington City,MAKARA ROAD,7360,N, ,ALLINGTON ROAD,2556483,29/12/05,Thu,1050,DA,VS1,332A ,EZ,E,D,B ,F , ,N,C,100,0,0,0,,,1743639,5432424,-41.24683813,174.7143014
Wellington City,MAKARA ROAD,600,N, ,OPAU ROAD,2550313,15/01/05,Sat,1530,BC,CS1C,121A ,,M,D,B ,F , ,N,N,100,0,0,0,,,1743523,5433684,-41.23551391,174.7126213
Wellington City,MAKARA ROAD,1200,N, ,SOUTH MAKARA ROAD,2512986,27/09/05,Tue,1730,CB,VS1,386A 816 ,V,R,W,TN,L , ,N,C,100,0,0,1,,,1743568,5430831,-41.2611938,174.7138293
Wellington City,MANCHESTER ST,210,S, ,OWEN ST,2554638,1/09/05,Thu,1943,BC,CS1C,111A 121A ,,M,D,DO,F , ,N,C,50,0,0,0,,,1749492,5424080,-41.32090156,174.7861719
Wellington City,MANNERS ST,, ,I,CUBA ST,2555122,26/09/05,Mon,1601,MA,CS2B,387A 372B ,,M,D,B ,F ,T,T,N,50,0,0,0,,,1748783,5427388,-41.29124939,174.7768955
Wellington City,MANNERS ST,20,W, ,TARANAKI ST,2556408,29/07/05,Fri,2200,MO,XE1X,386B ,,R,D,DO,F , ,N,N,50,0,0,0,,,1748935,5427262,-41.29235579,174.7787408
Wellington City,MANNERS ST,30,W, ,TARANAKI ST,2553926,25/06/05,Sat,2330,FD,CE1C,331A ,,R,D,DO,F ,X,T,N,50,0,0,0,,,1748928,5427269,-41.29229406,174.7786555
Wellington City,MANNERS ST,100,W, ,TARANAKI ST,2511900,6/04/05,Wed,1900,NA,BE1E,711B 716B ,,R,D,O ,F , ,N,R,50,0,0,1,29,,1748874,5427314,-41.29189887,174.7779999
Wellington City,MANNERS ST,, ,I,TARANAKI ST,2554797,26/09/05,Mon,845,GF,CE1T,171B 386B ,,R,D,O ,F ,X,T,R,50,0,0,0,,,1748949,5427248,-41.29247926,174.7789113
Wellington City,MANNERS ST,20,E, ,WILLIS ST,2556180,13/07/05,Wed,1645,AC,4W1B,372A 370B ,,R,D,TF,F ,X,T,L,50,0,0,0,,,1748613,5427606,-41.28931795,174.7748129
Wellington City,MANNERS ST,, ,I,WILLIS ST,2553151,29/06/05,Wed,1104,AC,CW1B,371A ,,R,D,O ,F ,X,T,C,50,0,0,0,,,1748603,5427623,-41.28916673,174.7746894
Wellington City,MANSFIELD ST,10,S, ,HORNER ST,2550477,19/01/05,Wed,1620,EA,CS1C,137A ,M,R,D,B ,F ,T,N,C,50,0,0,0,,,1749071,5424452,-41.31763024,174.7810528
Wellington City,MANSFIELD ST,, ,I,ROY ST,2554579,14/09/05,Wed,2218,BF,CW2C,111A 131A ,,S,D,DO,F ,T,N,P,50,0,0,0,,,1749108,5424278,-41.31918999,174.7815373
Wellington City,MARINE PARADE,50,N, ,AWA ROAD,2551258,28/03/05,Mon,755,BB,CS1V,123A 514A 517A ,,S,D,B ,F , ,N,C,50,0,0,0,,,1753082,5424901,-41.31283647,174.8288388
Wellington City,MARINE PARADE,, ,I,FERRY ST,2552719,20/05/05,Fri,2107,DC,CN1,103A 113A 357A ,F,E,W,DO,L ,Y,G,C,50,0,0,0,,,1753119,5424191,-41.31922168,174.8294594
Wellington City,MARION ST,30,N, ,SH 1N,2551570,8/04/05,Fri,2238,FD,XS1C,352A ,,R,D,DO,F , ,N,C,50,0,0,0,,,1748756,5427099,-41.29385636,174.7766438
Wellington City,MARION ST,50,N, ,SH 1N,2552184,1/05/05,Sun,645,MO,CN1C,380A ,M,R,D,DO,F , ,N,C,50,0,0,0,,,1748748,5427081,-41.2940199,174.7765527
Wellington City,MARION ST,100,N, ,SWAN LANE,2552311,16/04/05,Sat,2207,MO,CE1C,103A 371A ,,R,D,DO,F , ,N,C,50,0,0,0,,,1748753,5427093,-41.29391093,174.7766094
Wellington City,MARK AVENUE,70,E, ,BUCCANEER PLACE,2512261,24/06/05,Fri,1800,EA,CS1T,370A 441B 606B 862 ,M,R,D,DO,F , ,N,C,50,0,0,1,,,1752728,5436664,-41.20699821,174.8216656
Wellington City,MARK AVENUE,100,W, ,BUCCANEER PLACE,2555724,3/10/05,Mon,1925,CB,CE1CV,130A 410A ,MM,R,D,DO,F , ,N,C,50,0,0,0,,,1752572,5436595,-41.20764886,174.819823
Wellington City,MARK AVENUE,60,N, ,CARA CRESCENT,2550368,3/02/05,Thu,2000,DB,CN1CC,111A 132A 430A ,MM,M,D,O ,F , ,N,C,50,0,0,0,,,1752401,5436017,-41.21288501,174.8179285
Wellington City,MASSEY ROAD,50,N, ,FORT BALLANCE ROAD,2512960,27/08/05,Sat,1940,DA,4N1,111A 134A 402A ,C,M,W,DN,L , ,N,C,50,0,0,1,,,1753430,5427150,-41.29252228,174.8324272
Wellington City,MASSEY ROAD,50,N, ,FORTIFICATION ROAD,2552109,27/04/05,Wed,1230,ME,SS1C,303B 375B ,,E,D,O ,F , ,N,C,50,0,0,0,,34,1753418,5426602,-41.29745829,174.832422
Wellington City,MAUPUIA ROAD,20,N, ,ARANUI ST,2552530,5/02/05,Sat,2040,DA,CS1C,103A 133A 929 ,M,M,D,B ,F ,D,N,C,50,0,0,0,,,1751827,5425007,-41.31211933,174.8138264
Wellington City,MAUPUIA ROAD,70,S, ,ARANUI ST,2551288,6/03/05,Sun,200,EA,CS1C,101A 111A ,M,M,D,DO,F , ,N,C,50,0,0,0,,,1751843,5424926,-41.31284558,174.8140376
Wellington City,MAUPUIA ROAD,50,E, ,MIRAMAR AVENUE,2512440,27/06/05,Mon,2158,CC,CN1,133A 195A ,FH,R,D,DO,F , ,N,C,50,0,0,1,,,1751736,5424760,-41.31436025,174.8128014
Wellington City,MAUPUIA ROAD,200,N, ,MIRAMAR AVENUE,2554600,1/09/05,Thu,400,DA,CE1C,111A 423A ,HMT,E,D,DN,F , ,N,N,50,0,0,0,,,1751805,5424890,-41.31317685,174.8135929
Wellington City,MCALPINE AVENUE,100,W, ,NAIRN ST,2555373,3/09/05,Sat,1649,MO,CS1C,371A ,,E,D,B ,F , ,N,R,50,0,0,0,,,1748167,5426464,-41.2996819,174.769767
Wellington City,MCLELLAN ST,150,E, ,DUNCAN ST,2551523,8/04/05,Fri,1615,MA,VW1V,300B 373B ,,R,D,B ,F , ,N,C,50,0,0,0,,,1753789,5441527,-41.16301419,174.8330927
Wellington City,MEDWAY ST,, ,I,DERWENT ST,2553647,1/04/05,Fri,2150,BE,CW1C,133A ,,R,D,DO,F ,T,N,N,50,0,0,0,,,1748285,5422564,-41.33477359,174.7721269
Wellington City,MEIN ST,, ,I,DANIELL ST,2555374,18/03/05,Fri,1832,BA,CW1C,125A 512A ,,R,D,TF,F ,T,N,C,50,0,0,0,,,1749130,5425238,-41.31054268,174.7815646
Wellington City,MEIN ST,, ,I,DANIELL ST,2552276,10/04/05,Sun,1508,DC,CN2C,423A 427A ,M,R,D,O ,F ,T,G,C,50,0,0,0,,,1749130,5425238,-41.31054268,174.7815646
Wellington City,MEIN ST,140,E, ,RIDDIFORD ST,2552711,22/05/05,Sun,1430,JA,CN1C,308B 375B 930 ,,R,D,O ,F ,D, ,N,50,0,0,0,,,1749055,5425223,-41.31069159,174.7806727
Wellington City,MELROSE ROAD,150,N, ,ALBERT ST,2556727,8/12/05,Thu,2320,BB,VN1,111A 357A 402A ,F,M,D,DO,H , ,N,N,50,0,0,0,,,1748858,5422299,-41.33705386,174.7790365
Wellington City,MELROSE ROAD,, ,I,ALBERT ST,2555812,13/11/05,Sun,230,EA,CS1C,102A 111A 129A ,MP,M,D,DO,F ,T,N,C,50,0,0,0,,,1748746,5422203,-41.33793886,174.7777221
Wellington City,MERCER ST,, ,I,WILLIS ST,2511371,17/02/05,Thu,1224,NF,MN2E,714B 718B ,,R,D,B ,F ,T,T,X,50,0,0,1,32,,1748653,5427727,-41.28822117,174.7752609
Wellington City,MERSEY ST,15,W, ,CLYDE ST,2513435,7/12/05,Wed,1100,EA,CE1C,501A ,M,R,D,B ,F , ,N,C,50,0,0,1,,,1748419,5422258,-41.33750396,174.7738023
Wellington City,MESSINES ROAD,200,S, ,BRAITHWAITE ST,2513085,12/10/05,Wed,655,MO,CN1,402A 423A ,P,E,D,O ,F , ,N,L,50,0,0,1,,,1746492,5428040,-41.28579807,174.7493898
Wellington City,MIDDLETON ROAD,50,S, ,BURDENDALE GROVE,2553547,13/07/05,Wed,1459,CB,CS1,131A 410A ,CS,R,D,O ,F , ,N,C,50,0,0,0,,,1751714,5435591,-41.21684951,174.8098432
Wellington City,MIDDLETON ROAD,, ,I,GLENSIDE ROAD,2554163,14/07/05,Thu,2100,DA,CN1C,132A 332A 901 ,I,M,W,DO,H ,T,N,R,50,0,0,0,,,1751898,5436823,-41.20572282,174.811731
Wellington City,MIDDLETON ROAD,, ,I,HALSWATER DRIVE,2553673,15/06/05,Wed,1700,LB,4N1C,303B 377B ,,R,W,TO,F ,T,S,L,50,0,0,0,,,1751917,5436593,-41.20779004,174.8120146
Wellington City,MIDDLETON ROAD,100,N, ,HELSTON ROAD,2555813,28/11/05,Mon,1230,MD,CN1V,308B 378B 831 929 ,,M,W,O ,L ,D,N,C,50,0,0,0,,,1751584,5435273,-41.21973695,174.808372
Wellington City,MIDDLETON ROAD,400,S, ,RICHMOND HILL,2511781,5/03/05,Sat,1920,DA,CS1,111A 135A 801 ,EFT,M,W,O ,L , ,N,C,100,0,0,1,,,1752941,5437909,-41.19574883,174.8238936
Wellington City,MIDDLETON ROAD,, ,I,RICHMOND HILL,2555761,12/11/05,Sat,1020,JA,CN1C,309B 378B 831 ,,E,D,O ,F ,T,N,L,100,0,0,0,,,1753195,5438207,-41.19301783,174.8268465
Wellington City,MIDDLETON ROAD,80,S, ,SILVERBIRCH GROVE,2554999,7/07/05,Thu,1130,BA,VS14,125A 350A ,,R,D,O ,F , ,N,C,50,0,0,0,,,1751777,5435735,-41.21554121,174.8105586
Wellington City,MILLS ROAD,, ,I,FORTUNATUS ST,2551925,30/04/05,Sat,1715,KB,CN1C,112A 132A ,,R,D,TF,F ,X,G,C,50,0,0,0,,,1747813,5425053,-41.31245072,174.7658834
Wellington City,MIRAMAR AVENUE,, ,I,HOBART ST,2550099,14/01/05,Fri,1302,HA,CE1C,302A ,,R,D,B ,M ,R,G,R,50,0,0,0,,,1752036,5424529,-41.3163835,174.8164415
Wellington City,MIRAMAR AVENUE,, ,I,MAUPUIA ROAD,2511770,28/04/05,Thu,1215,JA,VE1C,309B ,,R,D,O ,F ,T,N,P,50,0,0,1,,,1751725,5424711,-41.31480348,174.8126822
Wellington City,MIRAMAR AVENUE,, ,I,PARA ST,2512473,23/07/05,Sat,2100,KB,CW1C,302B 375B ,,R,D,DO,F ,X,G,P,50,0,0,1,,,1752257,5424401,-41.31749422,174.8191127
Wellington City,MIRAMAR AVENUE,, ,I,SHELLY BAY ROAD,2513676,2/11/05,Wed,1620,GC,BW1S,193B 372B ,,R,D,B ,F ,T,G,P,50,0,0,1,,22,1751637,5424734,-41.31461296,174.8116256
Wellington City,MIRAMAR AVENUE,80,W, ,STONE ST,2551244,21/02/05,Mon,1530,JA,MW1C,308B 925 ,,R,D,B ,F ,D,N,P,50,0,0,0,,,1751880,5424620,-41.3155936,174.8145559
Wellington City,MIRAMAR AVENUE,, ,I,TAUHINU ROAD,2554289,11/08/05,Thu,1711,LB,4E1C,303B 375B 402B ,,R,D,O ,F ,X,G,C,50,0,0,0,,,1751782,5424678,-41.31508986,174.8133711
Wellington City,MITCHELL ST,120,N, ,KAREPA ST,2512480,19/07/05,Tue,2230,CA,PS1,135A 402A 801 901 ,,R,W,DO,H , ,N,C,50,0,0,1,,,1747241,5425721,-41.30654099,174.7588913
Wellington City,MITCHELL ST,20,N, ,TODMAN ST,2551422,18/03/05,Fri,1230,BO,VS1V,120B 200B 378B 831 ,,M,W,O ,M , ,N,N,50,0,0,0,,,1747318,5425865,-41.30523043,174.7597758
Wellington City,MITCHELL ST,30,N, ,VIRGINIA GROVE,2511839,29/04/05,Fri,1705,DA,CS1,131A 501A ,J,E,D,B ,F , ,N,C,50,0,0,1,,,1747126,5425068,-41.31244126,174.7576761
Wellington City,MITCHELL ST,760,S, ,VIRGINIA GROVE,2552484,24/05/05,Tue,900,EA,CN1C,129A 385A ,M,R,D,B ,F , ,N,N,50,0,0,0,,,1747160,5424378,-41.31864747,174.7582491
Wellington City,MOA POINT ROAD,350,W, ,BREAKER BAY ROAD,2512799,21/08/05,Sun,1620,BF,ME1V,111A 131A 400A ,,M,D,B ,F , ,N,C,50,0,0,1,,,1752090,5421629,-41.34248255,174.8178122
Wellington City,MOA POINT ROAD,150,E, ,COCHRANE ST,2552662,1/05/05,Sun,0,DB,CN1,111A 431A ,FG,M,D,DN,F , ,N,P,50,0,0,0,,,1751072,5423164,-41.32885409,174.8052689
Wellington City,MOA POINT ROAD,150,E, ,COCHRANE ST,2551376,13/03/05,Sun,600,DA,CE1,103A 131A ,F,M,D,TO,F , ,N,C,50,0,0,0,,,1751072,5423164,-41.32885409,174.8052689
Wellington City,MOELLER ST,, ,I,SHANNON ST,2551420,12/03/05,Sat,57,EA,CS1C,129A 524A 645A ,M,E,D,DO,F ,T,N,C,50,0,0,0,,,1749985,5427220,-41.29253952,174.7912855
Wellington City,MOFFITT ST,60,N, ,SHORT ST,2554614,3/09/05,Sat,930,EA,CS1C,129A ,M,R,D,O ,F , ,N,L,50,0,0,0,,,1748127,5425038,-41.31252817,174.7696366
Wellington City,MOLESWORTH ST,20,S, ,HAWKESTONE ST,2551715,15/02/05,Tue,1333,EE,VN1T,374B ,Q,R,D,B ,F , ,N,C,50,0,0,0,,,1748899,5429172,-41.27516585,174.7778441
Wellington City,MOLESWORTH ST,, ,I,PIPITEA ST,2511289,15/01/05,Sat,1235,GO,BN1C,372A 333B ,,R,D,B ,F ,T,T,C,50,0,0,1,,,1748897,5429139,-41.27546333,174.7778283
Wellington City,MOLESWORTH ST,, ,I,PIPITEA ST,2513161,23/10/05,Sun,658,CB,XN1,410A ,P,R,D,B ,F ,T,T,C,50,0,0,1,,,1748897,5429139,-41.27546333,174.7778283
Wellington City,MOLESWORTH ST,90,S, ,TINAKORI ROAD,2554875,14/09/05,Wed,1255,QG,TN1C,663A ,M,R,D,B ,F , ,N,C,50,0,0,0,,,1748918,5429477,-41.27241629,174.7779963
Wellington City,MONORGAN ROAD,20,S, ,BROADWAY,2550852,8/02/05,Tue,1233,FA,BN1C,159B 512B ,,R,D,B ,F , ,N,C,50,0,0,0,,,1752143,5423534,-41.3253215,174.8179683
Wellington City,MONORGAN ROAD,, ,I,BROADWAY,2513090,19/08/05,Fri,841,FD,CN1CC,423A 427A ,,R,D,O ,F ,X,S,C,50,0,0,1,,,1752142,5423554,-41.32514163,174.8179513
Wellington City,MONORGAN ROAD,, ,I,RAUKAWA ST,2554593,28/08/05,Sun,950,LB,CN1C,303B 375B ,,R,D,B ,F ,T,N,C,50,0,0,0,,,1752153,5423196,-41.32836269,174.8181723
Wellington City,MOOREFIELD ROAD,, ,I,BRODERICK ROAD,2550845,20/02/05,Sun,1220,FE,CN1CC,359A 423A ,,R,D,B ,F ,X,T,C,50,0,0,0,,,1751177,5434767,-41.22436882,174.8036441
Wellington City,MOOREFIELD ROAD,, ,I,BRODERICK ROAD,2551481,1/03/05,Tue,1905,LB,CS1C,303B 375B ,,R,D,TO,F ,X,T,C,50,0,0,0,,,1751177,5434767,-41.22436882,174.8036441
Wellington City,MOOREFIELD ROAD,, ,I,BRODERICK ROAD,2554587,10/09/05,Sat,1100,CB,CN1,427A 507A ,C,R,D,B ,F ,X,T,C,50,0,0,0,,,1751177,5434767,-41.22436882,174.8036441
Wellington City,MOOREFIELD ROAD,, ,I,BRODERICK ROAD,2556634,14/03/05,Mon,1330,HA,CS1V,322B ,,R,D,B ,F ,X,T,C,50,0,0,0,,,1751177,5434767,-41.22436882,174.8036441
Wellington City,MOOREFIELD ROAD,, ,I,BRODERICK ROAD,2511498,15/03/05,Tue,2147,LB,SN1C,303B 375B ,,R,W,DO,HS,X,T,C,50,0,0,1,,35,1751177,5434767,-41.22436882,174.8036441
Wellington City,MOOREFIELD ROAD,, ,I,FRANKMOORE AVENUE,2554560,4/09/05,Sun,1025,FD,CN1C,331A 632A ,,R,D,B ,F ,T,N,C,50,0,0,0,,,1751375,5435002,-41.222216,174.805947
Wellington City,MOOREFIELD ROAD,, ,I,HELSTON ROAD,2555506,26/10/05,Wed,1210,LB,4N1C,302A ,,R,D,B ,F ,R,G,R,50,0,0,0,,,1751521,5435174,-41.22064009,174.8076453
Wellington City,MOOREFIELD ROAD,, ,I,HELSTON ROAD,2551442,21/03/05,Mon,543,DB,CW2,111A 131A ,P,R,D,DO,F ,R,G,R,50,0,0,0,,,1751528,5435173,-41.22064778,174.807729
Wellington City,MOOREFIELD ROAD,50,S, ,JOHNSONVILLE ROAD,2551839,2/02/05,Wed,1633,JC,CN1C,308A 922 ,,R,D,O ,F ,D,N,C,50,0,0,0,,,1751442,5435046,-41.22180731,174.806735
Wellington City,MOOREFIELD ROAD,, ,I,JOHNSONVILLE ROAD,2555072,16/08/05,Tue,1315,GA,CS1C,302A 375A ,,E,D,B ,F ,R,G,R,50,0,0,0,,,1751503,5435082,-41.22147177,174.8074535
Wellington City,MOUNT ALBERT ROAD,210,S, ,LAVAUD ST,2513541,1/12/05,Thu,1615,DA,CN1,111A 130A ,T,M,D,B ,F , ,N,C,50,0,0,1,,,1748923,5423581,-41.32549953,174.7794987
Wellington City,MOUNT ALBERT ROAD,300,S, ,LAVAUD ST,2550117,5/01/05,Wed,1840,BF,CN1C,111A 135A 801 ,F,M,W,O ,L , ,N,L,50,0,0,0,,,1749001,5423539,-41.32586326,174.7804406
Wellington City,MOUNT ALBERT ROAD,80,W, ,VOLGA ST,2554080,25/06/05,Sat,1710,BB,CS1C,111A 123A ,E,M,D,B ,F , ,N,C,50,0,0,0,,,1748897,5423261,-41.32838541,174.7792666
Wellington City,MOXHAM AVENUE,200,S, ,TAPIRI ST,2513670,31/12/05,Sat,2320,NA,SS1E,711B ,,R,D,DO,F , ,N,C,50,0,0,2,20,32,1750081,5425526,-41.30777335,174.7928493
Wellington City,MOXHAM AVENUE,, ,I,TAPIRI ST,2553065,30/04/05,Sat,1340,HA,CE2C,301A 375A 839 ,,R,D,B ,F ,X,S,C,50,0,0,0,,,1750133,5425720,-41.30601703,174.7934223
Wellington City,MOXHAM AVENUE,20,S, ,TAURIMA ST,2552664,19/05/05,Thu,22,EA,CN1V,104A 129A ,M,E,D,DO,F , ,N,C,50,0,0,0,,,1750171,5425856,-41.3047855,174.7938424
Wellington City,MOXHAM AVENUE,50,S, ,TAURIMA ST,2550372,30/01/05,Sun,1410,EA,CN1C,663A ,M,R,D,B ,F , ,N,C,50,0,0,0,,,1750163,5425827,-41.30504809,174.7937541
Wellington City,MOXHAM AVENUE,, ,I,TAURIMA ST,2551471,25/03/05,Fri,32,MO,VN1X,103A 357A 512A ,Q,R,W,DO,L ,T,G,C,50,0,0,0,,,1750176,5425875,-41.30461351,174.7938974
Wellington City,MOXHAM AVENUE,10,S, ,WAITOA ROAD,2552647,3/05/05,Tue,905,MF,CN1V,371B ,,R,D,B ,F ,X,G,C,50,0,0,0,,,1750200,5425927,-41.30414087,174.7941712
Wellington City,MOXHAM AVENUE,20,S, ,WAITOA ROAD,2552415,21/02/05,Mon,1500,AA,BN1C,112A 181A ,,R,D,B ,F , ,N,C,50,0,0,0,,,1750196,5425918,-41.30422264,174.7941256
Wellington City,MUDGES ROAD,, ,I,ADELAIDE ROAD,2553339,10/04/05,Sun,430,DB,CN2CC,103A 131A ,KM,R,D,DN,F ,T,N,N,50,0,0,0,,,1748632,5424812,-41.31447004,174.7757222
Wellington City,MULGRAVE ST,, ,I,FEATHERSTON ST,2512192,24/05/05,Tue,1954,JA,4N2C,324A 379B ,,R,W,DO,L ,T,T,C,50,0,0,1,,,1749083,5428834,-41.27817507,174.7801227
Wellington City,MULGRAVE ST,, ,I,KATE SHEPPARD PLACE,2512341,7/07/05,Thu,809,NB,BS1E,713B 718B ,,R,D,O ,F ,T,T,C,50,0,0,1,26,,1749062,5428876,-41.2778008,174.7798618
Wellington City,MULGRAVE ST,30,S, ,PIPITEA ST,2555512,13/10/05,Thu,1035,EA,TS1C,129A ,M,R,D,B ,F , ,N,C,50,0,0,0,,,1749072,5429101,-41.27577318,174.7799261
Wellington City,MULGRAVE ST,, ,I,PIPITEA ST,2511688,9/04/05,Sat,1304,ND,CE2E,307A ,,R,D,B ,F ,X,T,C,50,0,0,1,44,,1749061,5429129,-41.27552312,174.779788
Wellington City,MULGRAVE ST,, ,I,THORNDON QUAY,2550476,26/01/05,Wed,1930,FO,CE1,197A 330A 402A ,P,E,D,TN,F ,M,T,R,50,0,0,0,,,1749083,5428834,-41.27817507,174.7801227
Wellington City,MURPHY ST,, ,I,MAY ST,2550930,26/02/05,Sat,740,KB,CS1X,302B ,,R,D,TO,F ,T,G,C,50,0,0,0,,,1748978,5429327,-41.27375574,174.778749
Wellington City,MURPHY ST,, ,I,PIPITEA ST,2553318,15/06/05,Wed,1050,AA,CS1C,372A ,,R,W,ON,L ,X,T,N,50,0,0,0,,,1749061,5429129,-41.27552312,174.779788
Wellington City,NALANDA CRESCENT,20,N, ,KANPUR ROAD,2550134,6/01/05,Thu,1800,DB,CN1C,111A 132A ,M,E,D,TF,F , ,N,N,50,0,0,0,,,1750254,5433753,-41.23367026,174.7928867
Wellington City,NEVAY ROAD,, ,I,TOTARA ROAD,2513539,2/12/05,Fri,1736,BC,CE2B,122A 129A 839 ,,M,D,O ,F ,X,S,C,50,0,0,1,,,1753149,5425929,-41.30356851,174.82938
Wellington City,NEWLANDS OFF NBD,70,W, ,NEWLANDS ON NBD,2556295,18/09/05,Sun,1710,DA,CN1,111A 337A ,CGP,M,W,O ,L , ,N,N,80,0,0,0,,,1751477,5433866,-41.23242476,174.807445
Wellington City,NEWLANDS OFF NBD,200,N, ,SH 1N,2552891,4/05/05,Wed,1637,DB,VN1,101A 130A ,GP,M,D,O ,M , ,N,N,80,0,0,0,,,1751460,5433737,-41.23358938,174.8072743
Wellington City,NEWLANDS OFF SBD,200,N, ,NEWLANDS ON SBD,2512260,17/06/05,Fri,2250,FA,CS1C,112A 181A ,,R,D,DO,F , ,N,N,50,0,0,1,,,1751717,5434049,-41.23073217,174.8102619
Wellington City,NEWLANDS ROAD,20,S, ,BLACK ROCK ROAD,2512777,31/08/05,Wed,1045,EE,SE1V,374B ,M,R,D,B ,F , ,N,C,50,0,0,1,,21,1752414,5434276,-41.22855739,174.8185177
Wellington City,NEWLANDS ROAD,, ,I,BLACK ROCK ROAD,2511502,22/02/05,Tue,850,LB,SS1C,303B 363B 902 ,,R,D,B ,F ,T,G,C,50,0,0,1,,29,1752421,5434295,-41.22838501,174.8185965
Wellington City,NEWLANDS ROAD,40,S, ,BRACKEN ROAD,2556620,15/12/05,Thu,2200,GA,CE1C,181A 922 ,,R,D,DO,F ,D,N,C,50,0,0,0,,,1752825,5434814,-41.22363607,174.8232846
Wellington City,NEWLANDS ROAD,40,W, ,HURRING PLACE,2512898,10/09/05,Sat,1230,GA,MW1T,333A 927 ,,S,D,B ,F ,D,N,C,50,0,0,1,,,1751905,5433973,-41.23138114,174.8125229
Wellington City,NEWLANDS ROAD,50,W, ,HURRING PLACE,2511736,30/03/05,Wed,1850,EA,CW1CCV,129A 358A ,MMM,R,W,DO,L , ,N,C,50,0,0,1,,,1751895,5433973,-41.23138302,174.8124037
Wellington City,NEWLANDS ROAD,10,N, ,SALFORD ST,2550608,8/02/05,Tue,1220,LB,CS1C,303B 375B 929 ,,R,D,B ,F ,D,N,C,50,0,0,0,,,1752397,5434225,-41.22901976,174.8183277
Wellington City,NEWLANDS ROAD,, ,I,STELLA GROVE,2554752,28/07/05,Thu,1505,MO,CS1C,181A 191B ,,R,W,O ,H ,T,N,C,50,0,0,0,,,1752495,5434542,-41.22614724,174.8194173
Wellington City,NEWLANDS ROAD,, ,I,STELLA GROVE,2512014,17/05/05,Tue,830,GE,MS1C,160A 387A ,,R,W,O ,L ,T,N,C,50,0,1,0,,,1752495,5434542,-41.22614724,174.8194173
Wellington City,NEWLANDS ROAD,15,W, ,WAKELY ROAD,2555370,17/10/05,Mon,735,JA,CE1C,363A 308B 922 ,,E,D,B ,F ,D,N,C,50,0,0,0,,,1752352,5434128,-41.22990156,174.8178153
Wellington City,NEWLANDS ROAD,100,W, ,WAKELY ROAD,2551960,26/04/05,Tue,1645,EC,TW1C,682A ,M,R,D,B ,F , ,N,C,50,0,0,0,,,1752268,5434121,-41.2299804,174.8168152
Wellington City,NEWLANDS ROAD,100,W, ,WAKELY ROAD,2550180,8/01/05,Sat,1030,CC,CS1,135A 801 820 ,,R,W,O ,H , ,N,C,50,0,0,0,,,1752268,5434121,-41.2299804,174.8168152
Wellington City,NEWLANDS ROAD,160,W, ,WAKELY ROAD,2552468,14/03/05,Mon,1625,CC,CE1,130A 410A ,FT,R,D,B ,  , ,N,C,50,0,0,0,,,1752211,5434101,-41.2301712,174.8161404
Wellington City,NEWLANDS ROAD,30,N, ,WESTLEIGH WAY,2512914,21/09/05,Wed,809,FC,MS1C,181A ,,R,D,B ,F , ,N,X,50,0,0,1,,,1752520,5434618,-41.22545827,174.8196965
Wellington City,NEWTOWN AVENUE,25,E, ,RIDDIFORD ST,2553239,13/06/05,Mon,1645,MC,CW1C,143B 372B ,,R,W,DO,L , ,N,N,50,0,0,0,,,1749017,5424829,-41.31424595,174.7803155
Wellington City,NEWTOWN AVENUE,100,E, ,RIDDIFORD ST,2555951,17/11/05,Thu,1546,JA,TW1C,308B 929 ,,R,D,B ,F ,D,N,C,50,0,0,0,,,1749090,5424844,-41.31409741,174.7811836
Wellington City,NGAURANGA ON NBD,100,E, ,SH 1N,2555259,15/10/05,Sat,2105,DA,CS1,111A 337A ,C,S,D,DO,F , ,N,C,100,0,0,0,,,1752030,5432146,-41.24780676,174.8144687
Wellington City,NORMAN LANE,30,E, ,JOHNSONVILLE ROAD,2555924,11/10/05,Tue,1330,MO,CW1C,371B ,,R,D,O ,F , ,N,N,50,0,0,0,,,1751514,5434926,-41.22287424,174.8076234
Wellington City,NORMAN LANE,30,E, ,JOHNSONVILLE ROAD,2551851,19/03/05,Sat,1840,MO,CE1C,372A ,,R,D,TO,F , ,N,N,50,0,0,0,,,1751514,5434926,-41.22287424,174.8076234
Wellington City,NORMANBY ST,5,E, ,RIDDIFORD ST,2555143,17/10/05,Mon,1330,MO,CE1C,371A ,M,R,D,B ,F ,T,N,C,50,0,0,0,,,1749005,5424757,-41.31489641,174.7801899
Wellington City,NORMANBY ST,20,E, ,RIDDIFORD ST,2553835,8/07/05,Fri,2200,MO,CS1C,350A 407A 925 ,M,R,W,DO,L ,D,N,C,50,0,0,0,,,1749025,5424761,-41.3148567,174.7804277