TLA NAME,CRASH ROAD,CRASH DIST,CRASH DIRN,INTSN,SIDE ROAD,CRASH ID,CRASH DATE,CRASH DOW,CRASH TIME,MVMT,VEHICLES,CAUSES,OBJECTS STRUCK,ROAD CURVE,ROAD WET,LIGHT,WTHRa,JUNC TYPE,TRAF CTRL,ROAD MARK,SPD LIM,CRASH FATAL CNT,CRASH SEV CNT,CRASH MIN CNT,PERS AGE1,PERS AGE2,EASTING,NORTHING,latitude,longitude
Wellington City,NORMANBY ST,, ,I,RIDDIFORD ST,2556618,26/11/05,Sat,1905,MG,CE14,371A ,,R,W,O ,L ,T,S,C,50,0,0,0,,,1749005,5424757,-41.31489641,174.7801899
Wellington City,NORTHLAND ROAD,, ,I,GARDEN ROAD,2551474,14/03/05,Mon,755,LB,CE1S,191A 363A 375A 902 ,,R,D,B ,F ,Y,N,C,50,0,0,0,,57,1747185,5428305,-41.2832861,174.7575978
Wellington City,NORTHLAND ROAD,20,S, ,KAIHUIA ST,2552271,15/01/05,Sat,2200,DB,CS1C,111A 133A ,M,S,D,DO,M ,Y,N,C,50,0,0,0,,,1747352,5428718,-41.27953717,174.7594912
Wellington City,NORTHLAND ROAD,, ,I,RANDWICK ROAD,2554512,29/07/05,Fri,206,EA,CN1C,129A ,M,E,W,DO,F ,T,N,C,50,0,0,0,,,1747242,5428324,-41.28310464,174.7582736
Wellington City,OBAN ST,50,N, ,LENNEL ROAD,2556257,1/11/05,Tue,1300,BB,4S1C,123A ,,M,D,O ,F , ,N,N,50,0,0,0,,,1748966,5430432,-41.26380912,174.7783357
Wellington City,OHARIU VALLEY ROAD,1000,W, ,IRONSIDE ROAD,2554305,3/07/05,Sun,525,DB,CW1,103A 332A ,F,M,D,DN,F , ,N,C,100,0,0,0,,,1750381,5436117,-41.21236247,174.7938195
Wellington City,OHARIU VALLEY ROAD,600,N, ,OHARIU ROAD,2550257,8/01/05,Sat,10,DA,CE1,332A 359A 632A ,F,M,D,DN,F , ,N,N,100,0,0,0,,,1750536,5436116,-41.21234266,174.7956678
Wellington City,OHARIU VALLEY ROAD,840,N, ,OHARIU ROAD,2511428,5/03/05,Sat,1332,DA,CE1,111A 137A ,ET,M,D,B ,F , ,N,C,100,0,0,1,,,1750422,5436240,-41.21124742,174.7942781
Wellington City,OHARIU VALLEY ROAD,200,N, ,TAKARAU GORGE ROAD,2555760,1/09/05,Thu,2230,DB,CS1,109A 131A ,F,E,D,DO,F , ,N,C,100,0,0,0,,,1748672,5436632,-41.20804131,174.7733178
Wellington City,OHIRO ROAD,5,S, ,ARO ST,2551159,17/03/05,Thu,1500,EA,CN1C,129A ,M,R,D,O ,L ,T,S,C,50,0,0,0,,,1748159,5426876,-41.29597394,174.7695712
Wellington City,OHIRO ROAD,50,S, ,BROOKLYN TERRACE,2552465,8/05/05,Sun,1255,BF,CS1C,110A 122A 134A 901 903 ,CIS,M,W,O ,HS, ,N,C,50,0,0,0,,,1747663,5426084,-41.3031956,174.7638419
Wellington City,OHIRO ROAD,20,S, ,CLEVELAND ST,2513427,18/11/05,Fri,933,FD,TS1CC,330A 350A ,M,R,D,B ,F , ,N,L,50,0,0,1,,,1747615,5425825,-41.30553629,174.7633317
Wellington City,OHIRO ROAD,, ,I,CLEVELAND ST,2513436,7/12/05,Wed,1335,LB,CN1C,303B 375B ,,R,D,B ,F ,X,T,C,50,0,0,1,,,1747614,5425844,-41.30536541,174.7633151
Wellington City,OHIRO ROAD,, ,I,CLEVELAND ST,2552839,31/05/05,Tue,2109,FB,CW2C,181A ,,R,D,DO,F ,X,T,L,50,0,0,0,,,1747614,5425844,-41.30536541,174.7633151
Wellington City,OHIRO ROAD,, ,I,LAURA AVENUE,2511841,4/05/05,Wed,913,KA,MN1C,309B ,,E,W,O ,L ,T,N,C,50,0,1,0,,,1747783,5426342,-41.30085074,174.765212
Wellington City,OHIRO ROAD,, ,I,MAARAMA CRESCENT,2511601,5/03/05,Sat,1155,BC,SS2C,131A 610A 688A ,,E,D,B ,F ,T,N,C,50,0,0,1,,31,1748037,5426707,-41.29751791,174.7681558
Wellington City,OHIRO ROAD,20,S, ,MCKINLEY CRESCENT,2553359,13/05/05,Fri,1715,NB,CW1E,311A 719B 922 ,,R,D,O ,F ,D,N,N,50,0,0,0,,,1747588,5425700,-41.30666666,174.7630396
Wellington City,OHIRO ROAD,10,S, ,REUBEN AVENUE,2513651,18/10/05,Tue,1410,AC,CS1SS,159A ,,R,D,O ,F ,T,N,C,50,0,0,2,,34,1747557,5425593,-41.30763571,174.7626954
Wellington City,OHIRO ROAD,500,S, ,STOCK ST,2553283,1/05/05,Sun,100,CB,CS1,351A ,V,R,D,DO,F , ,N,C,50,0,0,0,,,1747361,5424355,-41.31881785,174.7606551
Wellington City,OHIRO ROAD,120,N, ,TANERA CRESCENT N,2556796,16/07/05,Sat,320,DA,CN1,101A 110A 130A ,C,M,W,DO,L , ,N,C,50,0,0,0,,,1747825,5426443,-41.29993369,174.7656889
Wellington City,OLD KARORI ROAD,, ,I,ROSEHAUGH AVENUE,2555411,13/10/05,Thu,1425,JA,CN1C,137A 301B ,,E,D,O ,F ,Y,S,C,50,0,0,0,,,1746680,5428677,-41.28002866,174.7514805
Wellington City,OLD PORIRUA ROAD,200,W, ,KAIWHARAWHARA ROAD,2513263,18/11/05,Fri,1840,DA,SE1,110A 130A ,C,S,D,B ,FS, ,N,N,50,0,1,0,,58,1749496,5431122,-41.25749886,174.7844907
Wellington City,ONEPU ROAD,, ,I,APU CRESCENT S,2552735,24/03/05,Thu,745,MO,CS1CC,103A 371A 929 ,M,R,D,O ,F ,D,N,C,50,0,0,0,,,1750246,5423339,-41.32743288,174.7953598
Wellington City,ONEPU ROAD,, ,I,COUTTS ST,2512641,8/08/05,Mon,1016,NF,BN1E,307A 376A ,,R,D,O ,F ,X,T,C,50,0,0,1,80,,1750286,5424148,-41.32014175,174.7956376
Wellington City,ONEPU ROAD,20,N, ,ENDEAVOUR ST,2511602,6/03/05,Sun,411,CC,CN1CC,125A 410A ,M,R,D,DO,F , ,N,C,50,0,0,1,,,1750258,5423846,-41.32286597,174.7953778
Wellington City,ONEPU ROAD,50,N, ,LYALL PARADE,2551572,15/04/05,Fri,2205,CA,VS1,103A 112A ,K,R,W,DO,F , ,N,C,50,0,0,0,,,1750242,5423210,-41.32859505,174.7953439
Wellington City,ONEPU ROAD,100,S, ,WHA ST,2513187,7/11/05,Mon,1705,EE,SS14,374B ,M,R,D,B ,F , ,N,C,50,0,0,1,,22,1750248,5423422,-41.32668523,174.7953632
Wellington City,ONEPU ROAD,, ,I,WHA ST,2552883,21/05/05,Sat,1920,CB,CS1C,130A 410A ,HIM,R,D,DO,F ,T,G,X,50,0,0,0,,,1750249,5423522,-41.32578472,174.7953504
Wellington City,ONEPU ROAD,, ,I,WHA ST,2511027,7/01/05,Fri,2312,NA,CS1E,306A 720B ,,R,D,DO,F ,T,N,X,50,0,0,1,12,,1750249,5423522,-41.32578472,174.7953504
Wellington City,ONSLOW ROAD,60,N, ,HOMEBUSH ROAD,2553558,5/07/05,Tue,330,DB,CS1C,102A 111A ,M,M,D,DO,F , ,N,C,50,0,0,0,,,1751171,5431871,-41.25044376,174.8042896
Wellington City,ONSLOW ROAD,, ,I,HOMEBUSH ROAD,2556259,30/10/05,Sun,1235,MC,MN1C,372B ,,M,D,B ,F ,Y,N,C,50,0,0,0,,,1751189,5431815,-41.25094459,174.8045182
Wellington City,ONSLOW ROAD,120,N, ,HUTT ROAD,2552350,16/03/05,Wed,230,DB,VN1,111A 121A 901 903 ,E,S,W,DN,HS, ,N,L,50,0,0,0,,,1750927,5431503,-41.2538026,174.8014698
Wellington City,ONSLOW ROAD,80,S, ,LOHIA ST,2512771,7/09/05,Wed,724,FA,4S1C,378A 442B 831 ,,S,D,B ,F , ,N,C,50,0,0,1,,,1751133,5431930,-41.24991967,174.8038217
Wellington City,ONSLOW ROAD,100,W, ,LOHIA ST,2556819,30/12/05,Fri,1730,CC,CW1,133A 423A ,F,R,D,B ,F , ,N,C,50,0,0,0,,,1751115,5432045,-41.24888765,174.8035785
Wellington City,ORIENTAL PARADE,50,E, ,GRASS ST,2552335,7/05/05,Sat,1315,MA,CE1C,373A ,,E,D,O ,F , ,N,C,50,0,0,0,,,1750445,5427441,-41.29046417,174.7967221
Wellington City,ORIENTAL PARADE,, ,I,GRASS ST,2550708,19/02/05,Sat,1500,FD,CE1C,331A ,,R,D,B ,F ,T,N,L,50,0,0,0,,,1750419,5427398,-41.29085616,174.7964224
Wellington City,ORIENTAL PARADE,, ,I,GRASS ST,2556619,27/12/05,Tue,1550,MO,CE14,386A ,M,R,D,B ,F ,T,N,C,50,0,0,0,,,1750419,5427398,-41.29085616,174.7964224
Wellington City,ORIENTAL PARADE,50,W, ,HAY ST,2511125,7/01/05,Fri,1420,MC,SE1C,300B 372B ,,R,D,B ,F , ,N,C,50,0,0,1,,16,1750220,5427352,-41.29130737,174.7940582
Wellington City,ORIENTAL PARADE,, ,I,HAY ST,2554542,11/08/05,Thu,1440,MO,TS2C,371A 386A ,M,R,D,O ,F ,T,G,C,50,0,0,0,,,1750269,5427361,-41.29121722,174.7946409
Wellington City,ORIENTAL PARADE,150,E, ,HERD ST,2512744,13/08/05,Sat,1010,MC,VW1C,372B ,,R,D,B ,F , ,N,P,50,0,0,1,,,1749740,5427325,-41.29163965,174.788335
Wellington City,ORIENTAL PARADE,180,E, ,HERD ST,2551124,28/03/05,Mon,1627,FD,CE1CC,331A 353A ,,R,D,B ,F , ,N,C,50,0,0,0,,,1749770,5427328,-41.29160707,174.7886924
Wellington City,ORIENTAL PARADE,250,E, ,HERD ST,2513346,20/10/05,Thu,1640,NB,SS1E,714B 719B ,,R,D,B ,F , ,N,P,50,0,0,1,38,48,1749833,5427356,-41.29134329,174.7894375
Wellington City,ORIENTAL PARADE,250,E, ,HERD ST,2553385,3/06/05,Fri,657,MC,CE1VC,372B ,M,E,D,TO,F , ,N,C,50,0,0,0,,,1749833,5427356,-41.29134329,174.7894375
Wellington City,ORIENTAL PARADE,300,E, ,HERD ST,2555574,23/10/05,Sun,1120,FC,VE1V,101A 331A 431A ,,R,D,B ,F , ,N,X,50,0,0,0,,,1749876,5427380,-41.29111922,174.7899449
Wellington City,ORIENTAL PARADE,300,E, ,HERD ST,2555419,21/10/05,Fri,926,MC,XE1C,372B ,,M,D,O ,F , ,N,C,50,0,0,0,,,1749876,5427380,-41.29111922,174.7899449
Wellington City,ORIENTAL PARADE,320,E, ,HERD ST,2512853,15/09/05,Thu,750,FC,VE1CE,331A 352A ,,R,W,O ,L , ,N,X,50,0,0,1,43,,1749894,5427390,-41.29102585,174.7901573
Wellington City,OWHIRO BAY PARADE,, ,I,HAPPY VALLEY ROAD,2554287,12/08/05,Fri,2330,DC,CS1,113A 132A ,G,E,W,DO,F ,T,N,P,50,0,0,0,,,1747184,5421504,-41.34451905,174.7592319
Wellington City,OXFORD ST,, ,I,CAMBRIDGE ST,2551245,4/03/05,Fri,1010,NC,CE2,719B ,,M,D,B ,F ,Y,G,R,50,0,0,0,71,,1753253,5440731,-41.17028237,174.826906
Wellington City,PALLISER ROAD,30,S, ,GRAFTON ROAD,2555149,22/09/05,Thu,800,QD,CS1C,428A 517A ,M,R,W,O ,F , ,N,N,50,0,0,0,,,1750729,5427133,-41.29318422,174.8001885
Wellington City,PALM AVENUE,, ,I,ENDEAVOUR ST,2553919,4/06/05,Sat,45,DB,CW2C,103A 131A ,IM,R,D,DO,F ,T,N,R,50,0,0,0,,,1750183,5423855,-41.32279891,174.7944799
Wellington City,PANAMA ST,, ,I,FEATHERSTON ST,2553713,15/07/05,Fri,1520,MG,CE14,371B ,,R,D,O ,F ,X,T,N,50,0,0,0,,,1748770,5428185,-41.28407604,174.7765456
Wellington City,PARA ST,, ,I,BRUSSELS ST,2553316,9/06/05,Thu,900,KB,CS1C,111A 303B 375B ,,M,D,O ,F ,T,N,P,50,0,0,0,,,1752415,5424736,-41.31444831,174.8209155
Wellington City,PARK ROAD,50,N, ,MIRAMAR AVENUE,2551683,18/03/05,Fri,1220,MD,BN1C,312B 371B 929 ,,R,W,O ,F ,D,N,R,50,0,0,0,,,1752044,5424583,-41.31589582,174.8165235
Wellington City,PARK ROAD,150,N, ,MIRAMAR NORTH ROAD,2511339,11/02/05,Fri,1308,NA,CS1E,713B 726B ,,R,D,B ,F , ,N,C,50,0,0,1,1,,1752483,5425351,-41.3088985,174.8215733
Wellington City,PARK ROAD,50,N, ,REX ST,2550086,5/01/05,Wed,2300,EA,CN1C,129A ,M,R,D,DO,F , ,N,C,50,0,0,0,,,1752305,5425006,-41.31203822,174.8195344
Wellington City,PARKVALE ROAD,, ,I,DAVID CRESCENT,2512673,30/07/05,Sat,2345,DC,CW2,103A 111A 131A ,E,R,W,DO,F ,T,N,N,50,0,1,0,,,1745372,5428552,-41.28139064,174.7358986
Wellington City,PARKVALE ROAD,, ,I,FRIEND ST,2552529,24/05/05,Tue,824,LB,VS1C,303B 353B 363B 902 ,,R,D,B ,F ,T,N,C,50,0,0,0,,,1745430,5428398,-41.28276676,174.7366277
Wellington City,PARKVALE ROAD,50,N, ,KARORI ROAD,2556827,21/08/05,Sun,1030,MF,CS1C,372B ,,R,D,O ,F , ,N,C,50,0,0,0,,,1745490,5428230,-41.28426856,174.737384
Wellington City,PEMBROKE ROAD,150,S, ,CHESHIRE ST,2556277,14/08/05,Sun,1,DB,CN14,131A ,M,E,D,DO,F , ,N,N,50,0,0,0,,,1747355,5429005,-41.27695261,174.7594576
Wellington City,PEMBROKE ROAD,120,W, ,HUNTINGDON ST,2550305,15/01/05,Sat,950,MO,CN1C,423A ,HM,M,D,B ,F , ,N,C,50,0,0,0,,,1747215,5429426,-41.27318764,174.757685
Wellington City,PIPITEA ST,20,E, ,MOLESWORTH ST,2554742,4/08/05,Thu,1220,MG,XW1X,371A 385A ,M,R,D,B ,F , ,N,C,50,0,0,0,,,1748917,5429138,-41.27546865,174.7780672
Wellington City,PIPITEA ST,50,E, ,MOLESWORTH ST,2556655,18/04/05,Mon,1800,EA,TE1C,129A ,M,R,D,TO,F , ,N,P,50,0,0,0,,,1748947,5429136,-41.27548112,174.7784257
Wellington City,PIPITEA ST,, ,I,MURPHY ST,2556298,28/09/05,Wed,1345,BB,TS2V,124A ,,R,D,O ,F ,X,T,C,50,0,0,0,,,1749061,5429129,-41.27552312,174.779788
Wellington City,PIRIE ST,90,E, ,AUSTIN ST,2552892,23/05/05,Mon,1630,EA,BE1C,129A ,M,R,D,O ,F , ,N,C,50,0,0,0,,,1749699,5426509,-41.29899401,174.7880462
Wellington City,PIRIE ST,120,W, ,BROUGHAM ST,2554519,2/08/05,Tue,1230,MD,VW1C,371B 375B 839 929 ,,R,D,O ,F ,D,N,N,50,0,0,0,,,1749311,5426683,-41.2974993,174.7833713
Wellington City,PIRIE ST,, ,I,BROUGHAM ST,2552646,2/06/05,Thu,1630,HA,CE1V,301A 375A ,,M,D,TF,F ,X,S,R,50,0,0,0,,,1749420,5426634,-41.29792029,174.7846846
Wellington City,PIRIE ST,, ,I,HANIA ST,2551421,15/03/05,Tue,2050,KB,CE1C,602A 301B 370B ,,R,W,DO,L ,X,S,N,50,0,0,0,,,1749289,5426692,-41.29742234,174.7831065
Wellington City,PIRIE ST,, ,I,HANIA ST,2512024,16/03/05,Wed,725,LB,SW1T,303B ,,R,W,O ,L ,X,N,C,50,0,0,1,,30,1749289,5426692,-41.29742234,174.7831065
Wellington City,PIRIE ST,20,E, ,KENT TERRACE,2555257,12/10/05,Wed,1340,NA,VE1,370A ,,R,D,O ,F , ,N,N,50,0,0,0,,,1749239,5426715,-41.29722451,174.7825039
Wellington City,PIRIE ST,20,E, ,KENT TERRACE,2550625,23/01/05,Sun,1800,QG,CW1,429A ,,R,D,O ,F , ,N,C,50,0,0,0,,,1749239,5426715,-41.29722451,174.7825039
Wellington City,PLUNKET ST,, ,I,UPLAND ROAD,2555030,27/09/05,Tue,1930,QD,CW1C,428A ,M,R,D,DO,F ,T,G,C,50,0,0,0,,,1747520,5427696,-41.28870811,174.7617439
Wellington City,PONSONBY ROAD,, ,I,BRAITHWAITE ST,2512320,29/06/05,Wed,1905,BC,CN1V,103A 121A ,,M,D,DO,F ,M,S,C,50,0,0,1,,,1746570,5428279,-41.28363206,174.7502634
Wellington City,PRISCILLA CRESCENT,, ,I,BRETON GROVE,2556593,14/01/05,Fri,200,EA,CN14,103A ,M,E,W,DO,F ,T,N,C,50,0,0,0,,,1747858,5423935,-41.32250833,174.7666926
Wellington City,QUEENS DRIVE,, ,I,COUTTS ST,2556243,8/11/05,Tue,1835,JA,CS1C,302B ,,M,D,B ,F ,T,G,C,50,0,0,0,,,1750145,5424182,-41.31986191,174.7939453
Wellington City,QUEENS DRIVE,, ,I,FREYBERG ST,2555371,4/10/05,Tue,1615,JA,CS1X,302B 375B ,,E,D,O ,F ,Y,G,C,50,0,0,0,,,1750076,5423862,-41.32275581,174.7932002
Wellington City,QUEENS DRIVE,50,N, ,HUNGERFORD ROAD,2513543,22/12/05,Thu,2340,DA,CS1,130A 410A ,KP,E,D,DO,F , ,N,C,50,0,0,1,,,1749965,5422272,-41.33709172,174.792267
Wellington City,QUEENS DRIVE,500,S, ,HUNGERFORD ROAD,2556605,28/11/05,Mon,1815,DA,CN1VCV,111A ,MFM,M,W,O ,L , ,N,C,50,0,0,0,,,1749827,5421777,-41.34157402,174.7907406
Wellington City,QUEENS DRIVE,30,N, ,RUA ST,2551618,1/04/05,Fri,1850,EA,CN1C,129A 400A 407A ,M,R,D,DO,F , ,N,C,50,0,0,0,,,1749941,5423089,-41.32974049,174.7917786
Wellington City,QUEENS DRIVE,, ,I,SUTHERLAND ROAD,2553319,21/06/05,Tue,1540,JA,VN1C,302B 353B 375B ,,E,W,ON,F ,T,G,P,50,0,0,0,,,1749841,5422709,-41.33318034,174.7906779
Wellington City,QUEENS DRIVE,20,S, ,TAVISTOCK ROAD,2554927,1/10/05,Sat,2240,EA,CN1CC,101A 129A ,M,R,D,DO,F , ,N,C,50,0,0,0,,,1749992,5423518,-41.32586858,174.7922819
Wellington City,QUEENS DRIVE,280,E, ,THE ESPLANADE,2511798,15/04/05,Fri,125,DA,CS1,111A 131A ,CEZ,M,D,DN,F , ,N,C,50,0,0,3,,,1749903,5421363,-41.34528725,174.7917507
Wellington City,RAJKOT TERRACE,15,S, ,JOHN SIMS DRIVE,2553671,20/06/05,Mon,1209,MD,TS1C,170A 371B 929 ,,R,D,B ,F ,D,N,C,50,0,0,0,,,1750641,5433478,-41.23607422,174.7975702
Wellington City,RAKAU ROAD,570,S, ,ARIKI ROAD,2554492,19/08/05,Fri,2330,DA,CN1C,111A 132A ,MP,M,D,DO,F , ,N,N,50,0,0,0,,,1750155,5426232,-41.30140322,174.7935586
Wellington City,RANFURLY TERRACE,30,W, ,TASMAN ST,2552520,22/03/05,Tue,930,MO,CW1C,385A ,M,R,D,B ,F , ,N,C,50,0,0,0,,,1748778,5426254,-41.3014602,174.777113
Wellington City,RAROA ROAD,140,N, ,HARROLD ST,2553828,3/07/05,Sun,2246,DA,CE1C,111A 132A ,M,M,W,DO,L , ,N,C,50,0,0,0,,,1747382,5427489,-41.29059704,174.7601467
Wellington City,RAROA ROAD,20,S, ,PLUNKET ST,2556578,23/12/05,Fri,1210,BC,CN1C,121A 130A ,,M,W,O ,L , ,N,C,50,0,0,0,,,1747238,5427617,-41.28947087,174.7583967
Wellington City,RAROA TERRACE,100,S, ,MAHOE ST,2551379,10/04/05,Sun,130,EA,CN1C,129A ,M,R,W,DO,F , ,N,C,50,0,0,0,,,1754283,5441609,-41.16218208,174.8389574
Wellington City,RAUKAWA ST,50,S, ,TAIAROA ST,2553198,19/06/05,Sun,,EA,CS1C,103A 112A ,FM,R,W,DO,F , ,N,C,50,0,0,0,,,1751993,5422788,-41.33206617,174.8163634
Wellington City,RAUKAWA ST,, ,I,TAIAROA ST,2513704,26/12/05,Mon,2038,EA,CN1C,101A 129A ,M,E,D,TF,F ,T,N,C,50,0,0,1,,,1751996,5422837,-41.33162445,174.816387
Wellington City,REDWOOD AVENUE,220,N, ,LANE CRESCENT,2553710,4/08/05,Thu,903,EA,CN1CC,370A 645A ,MM,S,D,B ,F , ,N,C,50,0,0,0,,,1752892,5439999,-41.17694103,174.8227874
Wellington City,REX ST,, ,I,PARK ROAD,2552784,15/05/05,Sun,2000,DA,CE1C,131A ,M,R,D,DO,F ,X,N,P,50,0,0,0,,,1752278,5424965,-41.31241245,174.8192222
Wellington City,RIDDIFORD ST,10,S, ,ADELAIDE ROAD,2512189,13/03/05,Sun,5,AA,VN1C,101A 331A 386A ,,R,D,DO,F ,X,T,R,50,0,0,2,,,1748834,5425598,-41.30735612,174.777942
Wellington City,RIDDIFORD ST,20,S, ,ADELAIDE ROAD,2556573,17/12/05,Sat,1315,AC,CN1B,372A 387A 387B ,H,R,D,O ,F , ,N,C,50,0,0,0,,,1748836,5425588,-41.30744578,174.7779684
Wellington City,RIDDIFORD ST,, ,I,ADELAIDE ROAD,2553526,11/07/05,Mon,2115,FE,CN1CC,331A 352A ,,R,W,DO,F ,X,T,R,50,0,0,0,,,1748832,5425608,-41.30726645,174.7779157
Wellington City,RIDDIFORD ST,, ,I,CONSTABLE ST,2556689,22/12/05,Thu,2312,LB,CS1C,144B 303B ,,R,D,DO,F ,T,T,C,50,0,0,0,,,1748980,5424883,-41.3137666,174.7798605
Wellington City,RIDDIFORD ST,, ,I,CONSTABLE ST,2552522,12/05/05,Thu,2010,DA,VW2CC,103A 111A ,FIM,R,D,DO,F ,T,T,R,50,0,0,0,,,1748980,5424883,-41.3137666,174.7798605
Wellington City,RIDDIFORD ST,, ,I,CONSTABLE ST,2553550,4/06/05,Sat,2330,JA,CS1C,322A ,,R,W,DO,L ,T,T,C,50,0,0,0,,,1748980,5424883,-41.3137666,174.7798605
Wellington City,RIDDIFORD ST,15,N, ,DONALD MCLEAN ST,2551046,4/03/05,Fri,927,MA,CS1C,300B 373B ,,R,D,B ,F , ,N,C,50,0,0,0,,,1749018,5424694,-41.31546122,174.7803605
Wellington City,RIDDIFORD ST,, ,I,DONALD MCLEAN ST,2550474,26/01/05,Wed,1130,GD,MS1C,132A ,,R,D,B ,F ,T,G,C,50,0,0,0,,,1749021,5424680,-41.31558671,174.7803998
Wellington City,RIDDIFORD ST,10,N, ,GORDON ST,2552186,8/03/05,Tue,1220,EA,CN1C,129A 386A ,M,R,D,B ,F ,T,N,C,50,0,0,0,,,1749027,5424656,-41.31580169,174.7804773
Wellington City,RIDDIFORD ST,50,N, ,GORDON ST,2556297,21/09/05,Wed,1730,DB,CN1C,131A 922 ,M,R,D,B ,F ,D,N,C,50,0,0,0,,,1749018,5424695,-41.31545222,174.7803603
Wellington City,RIDDIFORD ST,, ,I,GREEN ST,2556722,2/11/05,Wed,1510,MD,BS1C,371B 671B ,,R,D,B ,F ,T,N,P,50,0,0,0,,,1748945,5425040,-41.31235953,174.7794041
Wellington City,RIDDIFORD ST,30,S, ,JOHN ST,2553074,17/06/05,Fri,1023,AC,CN1VV,140A 159A 197B ,M,R,D,B ,F , ,N,C,50,0,0,0,,,1748838,5425578,-41.30753545,174.7779947
Wellington City,RIDDIFORD ST,, ,I,JOHN ST,2555575,23/10/05,Sun,620,LB,CN1C,103A 322A ,,R,D,TF,F ,X,T,C,50,0,0,0,,,1748832,5425608,-41.30726645,174.7779157
Wellington City,RIDDIFORD ST,30,N, ,MEIN ST,2556580,22/12/05,Thu,1430,JA,CS1C,151A 173A 370B 926 ,,R,D,B ,F ,D,G,P,50,0,0,0,,,1748911,5425230,-41.31065516,174.7789515
Wellington City,RIDDIFORD ST,100,N, ,MEIN ST,2554817,19/09/05,Mon,1730,MA,CS1C,300B 373B ,,R,W,TO,HS, ,N,C,50,0,0,0,,,1748897,5425299,-41.31003651,174.7787675
Wellington City,RIDDIFORD ST,, ,I,MEIN ST,2554574,16/09/05,Fri,1330,FB,CS1C,181A ,,R,D,O ,F ,X,T,C,50,0,0,0,,,1748917,5425201,-41.31091515,174.7790303
Wellington City,RIDDIFORD ST,, ,I,MEIN ST,2555312,20/10/05,Thu,1130,MB,XN1T,300B 386B ,,R,D,B ,F ,X,T,N,50,0,0,0,,,1748917,5425201,-41.31091515,174.7790303
Wellington City,RIDDIFORD ST,, ,I,NEWTOWN AVENUE,2552485,9/05/05,Mon,1715,LB,MS1C,302B 375B ,,R,D,O ,F ,T,G,C,50,0,0,0,,,1748992,5424824,-41.31429558,174.7800182
Wellington City,RIDDIFORD ST,20,N, ,REGINA TERRACE,2551576,22/03/05,Tue,725,AA,VN1C,372A ,,R,D,O ,F , ,N,C,50,0,0,0,,,1748887,5425342,-41.30965121,174.7786375
Wellington City,RIDDIFORD ST,25,N, ,RINTOUL ST,2511513,7/03/05,Mon,1510,NA,CN1E,712B ,,R,D,O ,F , ,N,P,50,0,0,1,22,,1748925,5425147,-41.31139986,174.779139
Wellington City,RIDDIFORD ST,50,N, ,RINTOUL ST,2550983,25/02/05,Fri,437,EC,VS1,136A 614A ,IP,R,W,DO,L , ,N,C,50,0,0,0,,,1748921,5425172,-41.31117551,174.7790851
Wellington City,RIDDIFORD ST,20,S, ,RINTOUL ST,2511220,31/01/05,Mon,1720,NB,CN1E,713B ,,R,D,B ,F , ,N,C,50,0,0,1,20,,1748933,5425103,-41.31179453,174.7792453
Wellington City,RIDDIFORD ST,, ,I,RINTOUL ST,2552177,12/04/05,Tue,730,JA,CN1C,322A ,,R,D,B ,F ,Y,T,C,50,0,0,0,,,1748929,5425122,-41.31162421,174.7791929
Wellington City,RINTOUL ST,10,S, ,COLOMBO ST,2554738,1/09/05,Thu,1450,MO,CE1C,371A 385A 929 ,M,R,D,B ,F ,D,N,C,50,0,0,0,,,1748903,5425019,-41.31255636,174.7789077
Wellington City,RINTOUL ST,20,S, ,GLENDAVAR ST,2551015,26/01/05,Wed,10,EA,CN1C,132A 195A 632A ,MW,R,D,DO,F , ,N,C,50,0,0,0,,,1748786,5423969,-41.32203151,174.7777675
Wellington City,RINTOUL ST,100,S, ,RIDDIFORD ST,2554317,18/07/05,Mon,1245,EA,TS1CCC,129A 386A ,MMM,R,D,O ,F , ,N,C,50,0,0,0,,,1748905,5425025,-41.31250197,174.7789301
Wellington City,RINTOUL ST,20,N, ,STOKE ST,2551034,3/03/05,Thu,2140,EC,CN1C,386A 403A ,KM,R,D,DO,F , ,N,C,50,0,0,0,,,1748858,5424835,-41.31422129,174.7784154
Wellington City,RINTOUL ST,150,N, ,WARIPORI ST,2552551,6/05/05,Fri,1220,KB,CS1CC,308B 370B 839 927 ,M,R,D,B ,F ,D,N,C,50,0,0,0,,,1748816,5424476,-41.31746126,174.7780017
Wellington City,RINTOUL ST,15,S, ,WARIPORI ST,2556800,15/12/05,Thu,1905,EA,BN1C,386A ,M,R,D,TF,F , ,N,C,50,0,0,0,,,1748807,5424311,-41.31894848,174.7779346
Wellington City,RINTOUL ST,200,S, ,WARIPORI ST,2553843,29/07/05,Fri,1447,EA,VS1C,129A ,M,R,D,B ,F , ,N,C,50,0,0,0,,,1748795,5424127,-41.32060732,174.7778363
Wellington City,RINTOUL ST,, ,I,WARIPORI ST,2550976,6/03/05,Sun,1605,JC,CW2CC,302A 387A ,,R,D,B ,F ,X,G,C,50,0,0,0,,,1748808,5424326,-41.31881324,174.7779428
Wellington City,ROLLESTON ST,100,W, ,WALLACE ST,2551473,13/03/05,Sun,2340,MO,CW1C,420A ,M,R,D,DO,F , ,N,C,50,0,0,0,,,1748462,5426107,-41.30284191,174.773376
Wellington City,ROLLESTON ST,, ,I,WALLACE ST,2552171,28/04/05,Thu,2355,EA,CS2C,129A 353A ,M,R,D,DO,F ,T,G,C,50,0,0,0,,,1748557,5426138,-41.30254532,174.7745027