TLA NAME,CRASH ROAD,CRASH DIST,CRASH DIRN,INTSN,SIDE ROAD,CRASH ID,CRASH DATE,CRASH DOW,CRASH TIME,MVMT,VEHICLES,CAUSES,OBJECTS STRUCK,ROAD CURVE,ROAD WET,LIGHT,WTHRa,JUNC TYPE,TRAF CTRL,ROAD MARK,SPD LIM,CRASH FATAL CNT,CRASH SEV CNT,CRASH MIN CNT,PERS AGE1,PERS AGE2,EASTING,NORTHING,latitude,longitude
Wellington City,RONGOTAI ROAD,, ,I,BAY ROAD,2555522,2/06/05,Thu,1815,DA,CN2C,124B 352B ,,R,D,TO,F ,X,T,C,50,0,0,0,,,1750241,5424398,-41.31789931,174.7950384
Wellington City,RONGOTAI ROAD,, ,I,BAY ROAD,2556601,16/11/05,Wed,1530,MO,BS2C,386A 446B ,Q,R,D,B ,F ,X,T,C,50,0,0,0,,,1750241,5424398,-41.31789931,174.7950384
Wellington City,RONGOTAI ROAD,, ,I,BAY ROAD,2555237,6/10/05,Thu,1850,MO,BE1C,386A ,M,R,D,TF,F ,X,T,C,50,0,0,0,,,1750241,5424398,-41.31789931,174.7950384
Wellington City,RONGOTAI ROAD,15,E, ,CHILDERS TERRACE,2554491,13/08/05,Sat,1205,FD,VE1C,331A 352A ,,R,D,B ,F , ,N,C,50,0,0,0,,,1750140,5424424,-41.31768403,174.7938258
Wellington City,RONGOTAI ROAD,, ,I,IRA ST,2513717,31/12/05,Sat,1410,LO,SS2C,306B 378B ,,R,W,B ,F ,R,G,X,50,0,0,1,,8,1752333,5423624,-41.32447534,174.820215
Wellington City,RONGOTAI ROAD,, ,I,LONSDALE CRESCENT,2556756,26/10/05,Wed,1950,LB,CW1C,110A 303B ,,M,D,TF,F ,T,N,L,50,0,0,0,,,1750917,5424249,-41.31911458,174.8031482
Wellington City,RONGOTAI ROAD,, ,I,ONEPU ROAD,2554595,9/09/05,Fri,1710,FD,CW1C,423A ,,R,D,TF,F ,X,T,C,50,0,0,0,,,1750346,5424365,-41.31817685,174.7963004
Wellington City,RONGOTAI ROAD,, ,I,ONEPU ROAD,2553915,23/07/05,Sat,1040,LB,CS2C,303B ,,R,D,O ,F ,X,T,R,50,0,0,0,,,1750346,5424365,-41.31817685,174.7963004
Wellington City,RONGOTAI ROAD,20,E, ,ROSS ST,2554355,19/08/05,Fri,2030,EA,CE1B,331A ,Q,R,D,DO,F , ,N,R,50,0,0,0,,,1750564,5424321,-41.31853233,174.7989147
Wellington City,RONGOTAI ROAD,, ,I,ROSS ST,2550850,1/03/05,Tue,1745,HA,XN2C,302A 377A ,,R,D,O ,F ,T,G,R,50,0,0,0,,,1750542,5424315,-41.31859046,174.7986535
Wellington City,RONGOTAI ROAD,, ,I,SALEK ST,2550851,10/02/05,Thu,935,HA,CW1C,301A 382A ,M,R,D,B ,F ,X,S,R,50,0,0,0,,,1750803,5424252,-41.3191089,174.801786
Wellington City,RONGOTAI ROAD,50,E, ,TACY ST,2551617,1/04/05,Fri,1730,FD,CE1VC,181A ,,R,D,TF,F , ,N,R,50,0,0,0,,,1750458,5424351,-41.31828201,174.7976414
Wellington City,RONGOTAI ROAD,, ,I,TROY ST,2513055,7/10/05,Fri,1800,NA,CE1E,717B 725B ,,E,W,O ,H ,X,N,X,50,0,0,1,20,,1750801,5424258,-41.31905525,174.8017607
Wellington City,ROSENEATH TERRACE,50,N, ,ARIKI ROAD,2556658,20/12/05,Tue,1115,MO,TE1,130A 371A ,F,R,D,O ,F , ,N,N,50,0,0,0,,,1750767,5426827,-41.29593214,174.8007179
Wellington City,ROSENEATH TERRACE,100,E, ,THANE ROAD,2555073,26/09/05,Mon,2330,EA,CE1C,385A ,M,R,W,DO,F , ,N,C,50,0,0,0,,,1750681,5427050,-41.29394046,174.7996361
Wellington City,ROTHERHAM TERRACE,, ,I,PARK ROAD,2556579,22/12/05,Thu,1703,HA,XS2C,302B 375B ,,R,D,O ,F ,X,G,C,50,0,0,0,,,1752344,5425065,-41.31149967,174.8199853
Wellington City,ROXBURGH ST,, ,I,MAJORIBANKS ST,2554865,26/07/05,Tue,2230,DB,CE2C,111A 131A ,M,R,D,DO,F ,T,N,N,50,0,0,0,,,1749446,5427037,-41.29428711,174.7848961
Wellington City,RUA ST,, ,I,QUEENS DRIVE,2511328,16/01/05,Sun,1905,DA,BN2CV,131A ,MM,R,D,B ,F ,X,G,C,50,0,0,1,,,1749940,5423059,-41.33001077,174.7917741
Wellington City,RUSKIN ROAD,90,N, ,SALFORD ST,2553438,11/06/05,Sat,2200,MO,VE1C,371A 929 ,M,E,W,DO,M ,D,N,C,50,0,0,0,,,1752313,5434255,-41.22876548,174.8173185
Wellington City,RUSSELL TERRACE,20,S, ,EDINBURGH TERRACE,2512776,2/09/05,Fri,2050,CB,VN1CC,102A 402A 631A ,M,R,D,DO,F , ,N,C,50,0,0,1,,,1749002,5423987,-41.32182957,174.7803427
Wellington City,RUSSELL TERRACE,, ,I,WARIPORI ST,2554286,12/08/05,Fri,1704,LB,CN1M,301A 387A ,,R,D,O ,F ,T,S,C,50,0,0,0,,,1749023,5424313,-41.31889059,174.7805136
Wellington City,RUTH GROVE,, ,I,HAZELWOOD AVENUE,2511126,7/02/05,Mon,1645,JA,CS1C,309B 375B ,,E,D,B ,F ,T,N,C,50,0,0,2,,,1744397,5427233,-41.29344146,174.7245739
Wellington City,SALAMANCA ROAD,30,E, ,KELBURN PARADE,2513097,5/09/05,Mon,1410,FA,CN1C,331A 350A ,,E,W,O ,L , ,N,C,50,0,0,1,,,1748160,5427873,-41.28699729,174.7693405
Wellington City,SALAMANCA ROAD,10,N, ,KELBURN PARADE,2556279,25/10/05,Tue,1700,MA,CS1X,370B ,,E,D,B ,F ,Y,G,C,50,0,0,0,,,1748146,5427907,-41.28669374,174.7691651
Wellington City,SALAMANCA ROAD,200,W, ,THE TERRACE,2552017,22/04/05,Fri,1425,DA,CW1C,137A 132B 930 ,P,E,D,B ,F ,D,N,C,50,0,0,0,,,1748201,5427726,-41.28831327,174.7698656
Wellington City,SALAMANCA ROAD,, ,I,THE TERRACE,2551252,14/02/05,Mon,1400,KC,CN1C,305A ,,R,D,B ,F ,T,T,N,50,0,0,0,,,1748381,5427671,-41.2887754,174.7720277
Wellington City,SALEK ST,, ,I,RONGOTAI ROAD,2553781,22/07/05,Fri,1750,HA,CN1V,301A 375A ,,E,D,DO,F ,X,S,R,50,0,0,0,,,1750801,5424246,-41.31916329,174.8017636
Wellington City,SATARA CRESCENT,, ,I,RAMPHAL TERRACE,2551650,13/03/05,Sun,1950,DC,CS2,136A 610A 651A ,F,R,D,TO,F ,T,N,N,50,0,0,0,,,1748974,5432741,-41.24301858,174.7778673
Wellington City,SEFTON ST,, ,I,WADESTOWN ROAD,2551503,9/04/05,Sat,2130,MO,VS1C,371A ,M,R,D,DN,F ,T,N,N,50,0,0,0,,,1748948,5430234,-41.26559513,174.7781693
Wellington City,SEVERN ST,80,E, ,SOUTHERN CROSS CRESCENT,2553844,15/06/05,Wed,2150,EC,CS1,370A ,PX,R,W,DO,L , ,N,C,50,0,0,0,,,1747696,5421758,-41.34213849,174.765287
Wellington City,SEVERN ST,20,N, ,SOUTHERN CROSS CRESCENT,2556753,23/12/05,Fri,1644,CC,TN1,135A 801 ,C,R,W,O ,L , ,N,C,50,0,0,0,,,1747646,5421726,-41.34243577,174.7646975
Wellington City,SH 1N,, ,I,BROADWAY,2551390,12/03/05,Sat,2045,DB,CS1,103A 111A 131A ,S,R,D,DO,F ,R,G,R,50,0,0,0,,,1751447,5423518,-41.32559659,174.8096597
Wellington City,SHELLY BAY ROAD,500,N, ,MIRAMAR AVENUE,2511807,31/03/05,Thu,212,DA,CS1,102A 110A 132A 823 ,EL,E,W,DN,HS, ,N,C,50,0,2,0,,,1751742,5425218,-41.31023564,174.8127587
Wellington City,SHELLY BAY ROAD,1000,S, ,MIRAMAR AVENUE,2555348,22/10/05,Sat,330,DA,CS1,111A 135A 801 ,EZ,M,W,O ,L , ,N,C,50,0,0,0,,,1751915,5425681,-41.30603459,174.8147088
Wellington City,SHELLY BAY ROAD,250,N, ,RNZAF BASE GATE S,2511321,9/02/05,Wed,1730,GB,SN1V,333A 363A 902 920 ,,M,D,B ,F ,D,N,C,50,0,0,1,,42,1752610,5426894,-41.29498255,174.8227028
Wellington City,SIDLAW ST,20,S, ,MONORGAN ROAD,2553774,10/07/05,Sun,2100,EA,CN1C,129A ,M,R,D,DO,F , ,N,C,50,0,0,0,,,1752386,5422865,-41.33129873,174.8210383
Wellington City,SIDLAW ST,, ,I,MONORGAN ROAD,2555375,18/09/05,Sun,1230,JA,CN14,302B 375B ,,E,W,O ,H ,T,G,R,50,0,0,0,,,1752372,5422879,-41.33117533,174.8208675
Wellington City,SOUTH KARORI ROAD,1980,S, ,HAZLEWOOD AVENUE S,2554078,3/08/05,Wed,645,DA,CS1,111A 131A 517A ,CP,M,D,DN, F, ,N,N,50,0,0,0,,,1742920,5425655,-41.30791227,174.7073118
Wellington City,SOUTH KARORI ROAD,500,S, ,KARORI ROAD,2550121,5/01/05,Wed,1735,DA,CS1,135A 801 ,C,E,W,O ,L , ,N,N,50,0,0,0,,,1744202,5427288,-41.29298112,174.722233
Wellington City,SOUTH KARORI ROAD,50,S, ,WOODHOUSE AVENUE,2513099,27/09/05,Tue,1955,CB,CN1,132A 195A ,JP,R,W,O ,L , ,N,C,50,0,0,2,,,1744316,5427685,-41.28938628,174.7234998
Wellington City,SOUTH KARORI ROAD,, ,I,WOODHOUSE AVENUE,2554586,2/03/05,Wed,1500,JA,CS1V,112A 301B ,,R,D,B ,F ,T,S,P,50,0,0,0,,,1744322,5427735,-41.28893502,174.7235596
Wellington City,STANLEY ST,50,S, ,BRITOMART ST,2556568,25/11/05,Fri,1710,CC,CN1CC,358A ,MM,R,D,O ,F , ,N,N,50,0,0,0,,,1748359,5424086,-41.32105679,174.7726393
Wellington City,STEWART DRIVE,30,W, ,BATCHELOR ST,2511275,14/01/05,Fri,2235,EA,CE1C,101A 129A ,M,E,D,DO,F , ,N,C,50,0,0,2,,,1752691,5434980,-41.22216682,174.8216452
Wellington City,STEWART DUFF DRIVE,300,S, ,BROADWAY,2551487,28/03/05,Mon,1233,AC,CS1C,372A 671A ,,R,D,B ,F , ,N,C,50,0,0,0,,,1751683,5423313,-41.32739788,174.8125295
Wellington City,STEWART DUFF DRIVE,450,S, ,BROADWAY,2552107,19/02/05,Sat,1230,AC,CS1X,372A ,,E,D,B ,F , ,N,C,50,0,0,0,,,1751732,5423185,-41.32854107,174.8131467
Wellington City,STEWART DUFF DRIVE,, ,I,BROADWAY,2552057,8/04/05,Fri,1020,GB,XS1CX,170A 372B 922 ,,E,D,B ,F ,D,G,C,50,0,0,0,,,1751462,5423489,-41.32585486,174.8098461
Wellington City,STOUT ST,, ,I,BALLANCE ST,2554749,15/08/05,Mon,1725,GC,CN1C,174B 330B ,,R,D,B ,F ,X,G,N,50,0,0,0,,,1748819,5428545,-41.28082576,174.7770425
Wellington City,SUNSHINE AVENUE,50,N, ,PERCY DYETT DRIVE,2551734,25/02/05,Fri,2035,DA,VN1,103A 123A 131A ,C,M,D,DO,F , ,N,C,50,0,0,0,,,1744541,5428319,-41.28363768,174.7260352
Wellington City,SUTHERLAND ROAD,, ,I,BELLA VISTA,2551615,9/04/05,Sat,1050,FA,CS1C,181B ,,M,W,O ,L ,Y,N,C,50,0,0,0,,,1749703,5423671,-41.32454478,174.7887925
Wellington City,SUTHERLAND ROAD,500,N, ,CARLTON ST,2553913,3/07/05,Sun,1130,DA,CS1,101A 111A 410A ,FT,R,D,O ,F , ,N,C,50,0,0,0,,,1749708,5423576,-41.32539917,174.7888756
Wellington City,SUTHERLAND ROAD,, ,I,MILLER PLACE,2512340,2/06/05,Thu,1100,GE,CS1C,160A 333A ,,R,D,B ,F ,X,N,C,50,0,1,1,,,1749807,5422962,-41.33090882,174.7902094
Wellington City,TAKAPU ROAD,, ,I,TAWA OFF NBD,2553779,30/07/05,Sat,1120,JA,CW1C,321B ,,E,D,B ,F ,T,S,L,100,0,0,0,,,1753593,5439051,-41.18534365,174.8313785
Wellington City,TAKAPU ROAD,, ,I,TAWA OFF SBD,2554590,11/08/05,Thu,832,FB,4S14,181A ,,R,D,B ,F ,X,S,C,100,0,0,0,,,1753701,5439145,-41.18447686,174.8326421
Wellington City,TAKAPU ROAD,, ,I,TAWA OFF SBD,2554371,5/05/05,Thu,819,LB,CS24,303B 382B ,,R,W,O ,F ,X,G,C,70,0,0,0,,,1753701,5439145,-41.18447686,174.8326421
Wellington City,TAKAPU ROAD,, ,I,TAWA OFF SBD,2554285,5/07/05,Tue,645,HA,CS1C,321A 402A ,,E,W,DO,F ,X,S,R,100,0,0,0,,,1753701,5439145,-41.18447686,174.8326421
Wellington City,TARANAKI ST,50,S, ,ABEL SMITH ST,2555321,5/10/05,Wed,1635,AC,VN1X,170A 372A ,,R,W,O ,L , ,N,P,50,0,0,0,,,1748700,5426709,-41.29737802,174.7760705
Wellington City,TARANAKI ST,, ,I,ABEL SMITH ST,2551044,12/03/05,Sat,1315,HA,CE2C,130A 377A ,,R,D,B ,F ,T,S,P,50,0,0,0,,,1748721,5426755,-41.29695999,174.77631
Wellington City,TARANAKI ST,, ,I,ABEL SMITH ST,2554819,19/08/05,Fri,1433,KA,CN1C,321B ,,R,D,B ,F ,T,S,C,50,0,0,0,,,1748721,5426755,-41.29695999,174.77631
Wellington City,TARANAKI ST,, ,I,ABEL SMITH ST,2552882,1/06/05,Wed,1305,JA,CS1C,200B 301B ,,R,D,B ,F ,T,S,C,50,0,0,0,,,1748721,5426755,-41.29695999,174.77631
Wellington City,TARANAKI ST,300,S, ,BIDWILL ST,2511370,1/03/05,Tue,1305,NA,CS1E,713B ,,R,D,B ,F , ,N,C,50,0,0,1,13,,1748629,5426537,-41.29893969,174.7752649
Wellington City,TARANAKI ST,20,S, ,CABLE ST,2555899,25/11/05,Fri,645,LB,4S1C,103B 303B 922 ,,R,W,O ,F ,D,N,C,50,0,0,0,,,1749042,5427455,-41.29059838,174.7799709
Wellington City,TARANAKI ST,, ,I,CABLE ST,2556803,11/01/05,Tue,1707,FE,CN1C,181B 517B ,,R,D,B ,F ,X,T,C,50,0,0,0,,,1749051,5427473,-41.29043466,174.7800739
Wellington City,TARANAKI ST,30,S, ,COURTENAY PLACE,2555109,6/10/05,Thu,2300,FC,CS14,181A 191B ,,R,D,DO,L ,X,T,R,50,0,0,0,,,1748936,5427220,-41.29273375,174.778763
Wellington City,TARANAKI ST,, ,I,COURTENAY PLACE,2513615,20/06/05,Mon,825,NA,CS1E,718B ,,R,D,O ,F ,X,T,C,50,0,1,0,50,,1748949,5427248,-41.29247926,174.7789113
Wellington City,TARANAKI ST,, ,I,COURTENAY PLACE,2553240,24/05/05,Tue,1900,FC,CW1C,181A 191B ,,R,D,DO,F ,X,T,R,50,0,0,0,,,1748949,5427248,-41.29247926,174.7789113
Wellington City,TARANAKI ST,, ,I,DIXON ST,2553976,14/02/05,Mon,1820,FE,CN1C,181A 354A ,,R,D,B ,F ,X,T,C,50,0,0,0,,,1748949,5427248,-41.29247926,174.7789113
Wellington City,TARANAKI ST,, ,I,DIXON ST,2512485,4/07/05,Mon,15,FE,CN1CC,331A 334A ,,R,D,DO,F ,X,T,R,50,0,0,1,,,1748949,5427248,-41.29247926,174.7789113
Wellington City,TARANAKI ST,20,S, ,FREDERICK ST,2512242,17/05/05,Tue,1720,NA,CN1E,151A 713B ,,R,D,DO,F , ,N,C,50,0,0,1,,,1748757,5426838,-41.29620607,174.7767195
Wellington City,TARANAKI ST,15,N, ,GHUZNEE ST,2512993,2/10/05,Sun,625,FD,XS1XX,331A 350A ,,R,D,O ,F ,T,T,R,50,0,0,1,,,1748872,5427093,-41.29388899,174.77803
Wellington City,TARANAKI ST,20,N, ,GHUZNEE ST,2512860,15/08/05,Mon,1630,MB,SN1C,312A 353B 382B ,,R,D,B ,F , ,N,L,50,0,0,1,,28,1748874,5427098,-41.29384361,174.7780527
Wellington City,TARANAKI ST,60,N, ,GHUZNEE ST,2512743,1/08/05,Mon,1805,NA,MN1E,370A 714B 715B ,,R,D,TO,F , ,N,C,50,0,0,1,23,,1748895,5427131,-41.29354262,174.7782953
Wellington City,TARANAKI ST,20,S, ,GHUZNEE ST,2554562,24/08/05,Wed,1850,AC,BS1C,372A ,,R,D,DO,F , ,N,C,50,0,0,0,,,1748858,5427061,-41.29417969,174.7778707
Wellington City,TARANAKI ST,, ,I,GHUZNEE ST,2556599,4/12/05,Sun,1639,GO,CE2B,122A ,,R,D,OF,F ,T,T,R,50,0,0,0,,,1748866,5427080,-41.29400714,174.7779616
Wellington City,TARANAKI ST,40,N, ,HANKEY ST,2512851,16/08/05,Tue,850,NA,CN1E,713B ,,R,D,B ,F , ,N,C,50,0,0,1,25,,1748522,5426300,-41.3010932,174.7740453
Wellington City,TARANAKI ST,, ,I,INGLEWOOD PLACE,2511960,20/05/05,Fri,1016,JA,CN1CC,309B ,M,R,W,O ,M ,T,N,L,50,0,0,1,,,1748908,5427161,-41.29327012,174.7784432
Wellington City,TARANAKI ST,, ,I,JESSIE ST,2551053,9/03/05,Wed,1235,GB,VS1T,333B ,,R,D,B ,F ,T,N,C,50,0,0,0,,,1748816,5426970,-41.29500674,174.7773916
Wellington City,TARANAKI ST,, ,I,MANNERS ST,2513536,19/08/05,Fri,1215,HA,CE1CE,112B 322B ,HPS,R,D,B ,F ,X,T,R,50,0,1,0,45,,1748949,5427248,-41.29247926,174.7789113
Wellington City,TARANAKI ST,, ,I,MARTIN SQUARE N,2554493,25/08/05,Thu,2220,AA,CS1C,372A ,,R,D,DO,F ,T,N,C,50,0,0,0,,,1748729,5426774,-41.29678745,174.7764009
Wellington City,TARANAKI ST,20,S, ,WEBB ST,2556723,29/10/05,Sat,1015,AA,CS1C,381A ,,R,D,O ,F , ,N,C,50,0,0,0,,,1748646,5426574,-41.29860343,174.7754588
Wellington City,TARANAKI ST,100,S, ,WEBB ST,2556801,8/11/05,Tue,1720,AA,VS1B,372A 181B ,,R,D,O ,F , ,N,C,50,0,0,0,,,1748613,5426501,-41.29926676,174.7750827
Wellington City,TARANAKI ST,150,S, ,WEBB ST,2512193,2/06/05,Thu,2120,NB,CS1E,506B 713B ,,R,D,B ,F , ,N,C,50,0,0,1,,,1748593,5426455,-41.2996846,174.7748551
Wellington City,TARANAKI ST,200,S, ,WEBB ST,2554421,1/05/05,Sun,1650,FC,CN1C,132A 331A ,,R,D,B ,F , ,N,X,50,0,0,0,,,1748573,5426409,-41.30010244,174.7746276
Wellington City,TARANAKI ST,200,S, ,WEBB ST,2511404,7/03/05,Mon,1518,NB,CN1E,306A 377A 713B 727B ,,R,D,B ,F , ,N,X,50,0,0,1,,,1748573,5426409,-41.30010244,174.7746276
Wellington City,TARANAKI ST,10,S, ,WIGAN ST,2551786,18/04/05,Mon,1543,FD,CN1C,181A ,,R,D,O ,F ,T,N,C,50,0,0,0,,,1748741,5426800,-41.29655115,174.7765378
Wellington City,TARANAKI ST,, ,I,WIGAN ST,2554393,15/08/05,Mon,832,JA,CN1C,151A 200A 303B 377B ,,R,D,B ,F ,T,N,P,50,0,0,0,,,1748745,5426809,-41.29646938,174.7765833
Wellington City,TARAWERA ROAD,20,S, ,DOMINION PARK ST,2553551,5/03/05,Sat,1415,MD,CN1T,371A 385B ,,R,D,B ,F ,T,N,C,50,0,0,0,,,1751295,5433977,-41.23145945,174.8052469
Wellington City,TASMAN ST,50,S, ,BUCKLE ST,2556595,7/12/05,Wed,1025,EA,BS1C,386A ,M,R,D,O ,F , ,N,N,50,0,0,0,,,1748868,5426504,-41.29919275,174.7781264
Wellington City,TASMAN ST,30,S, ,DOUGLAS ST,2554597,3/08/05,Wed,1450,EA,TS1C,129A ,M,R,D,B ,F , ,N,C,50,0,0,0,,,1748790,5426179,-41.30213325,174.7772746
Wellington City,TASMAN ST,20,S, ,RUGBY ST,2512441,27/06/05,Mon,1255,NB,CN1E,370A 712B 726B ,,R,D,B ,F , ,N,C,50,0,0,1,20,,1748829,5426341,-41.3006675,174.7777006
Wellington City,TAURIMA ST,20,E, ,SH 1N,2513121,10/10/05,Mon,1340,MC,MW1V,387A 372B ,,R,D,O ,F , ,G,C,50,0,0,1,,,1750063,5425890,-41.30449948,174.7925446
Wellington City,TAWA OFF SBD,, ,I,TAKAPU ROAD,2511698,18/04/05,Mon,725,LB,CE1CT,302B 375B ,,R,D,B ,F ,X,G,R,100,0,0,1,,,1753701,5439145,-41.18447686,174.8326421
Wellington City,TAWA OFF SBD,, ,I,TAKAPU ROAD,2551464,6/04/05,Wed,858,LB,CS1C,302B 375B ,S,R,D,B ,F ,X,G,R,100,0,0,0,,,1753701,5439145,-41.18447686,174.8326421
Wellington City,TAWA ST,100,E, ,MAIN ROAD,2555227,9/10/05,Sun,1545,DA,4W1,111A 131A 326A ,FHI,M,D,B ,F , ,T,R,50,0,0,0,,,1753195,5440147,-41.17555131,174.826361
Wellington City,TAWA TERRACE,, ,I,TAYLOR TERRACE,2550787,22/02/05,Tue,1802,HA,CN2C,302A ,,E,D,B ,F ,R,G,R,50,0,0,0,,,1753311,5440188,-41.17516024,174.827733
Wellington City,TAYLOR TERRACE,100,N, ,RYAN GROVE,2511845,24/04/05,Sun,2030,EA,CS1CC,103A 129A ,M,R,W,DO,L , ,N,N,50,0,0,1,,,1753291,5439653,-41.17998082,174.8276286
Wellington City,TE WHITI ST,50,N, ,COUTTS ST,2552054,4/04/05,Mon,1345,EA,CN1C,503A ,M,R,D,B ,F , ,N,C,50,0,0,0,,,1750665,5424092,-41.32057522,174.8001776
Wellington City,TENNYSON ST,20,E, ,TORY ST,2552364,10/05/05,Tue,1510,MC,CE1C,372B ,,R,D,B ,F , ,N,N,50,0,0,0,,,1749094,5426994,-41.29473936,174.7807045
Wellington City,THANE ROAD,40,N, ,ROBIESON ST,2554207,19/01/05,Wed,2105,EA,CN1CC,111A 129A ,MM,E,D,DO,F , ,N,N,50,0,0,0,,,1750640,5427017,-41.29424522,174.7991548
Wellington City,THE ESPLANADE,20,E, ,BRIGHTON ST,2553845,10/07/05,Sun,1438,MC,CE1C,300B 372B 378B 831 ,,E,D,B ,F , ,N,P,50,0,0,0,,,1748419,5421643,-41.34304104,174.7739526
Wellington City,THE ESPLANADE,500,S, ,HOUGHTON BAY ROAD,2556370,17/12/05,Sat,1050,FD,CN1C,331A ,,R,D,B ,F , ,N,C,50,0,0,0,,,1749638,5421421,-41.34481431,174.7885704
Wellington City,THE ESPLANADE,150,W, ,HOUGHTON BAY ROAD,2555782,30/09/05,Fri,1510,BO,CW1C,120A 339A 817 842 ,,M,D,B ,F , ,T,C,50,0,0,0,,,1749232,5421704,-41.34234167,174.7836504
Wellington City,THE ESPLANADE,500,E, ,OWHIRO BAY PARADE,2513713,17/12/05,Sat,1024,AO,CE1S,129A 150A ,,E,D,B ,F , ,N,C,50,0,0,1,,27,1747833,5421109,-41.34795658,174.7670818
Wellington City,THE PARADE,, ,I,DEE ST,2513487,23/10/05,Sun,310,HA,XW2C,302A 101B 113B ,,E,D,DO,F ,R,G,R,50,0,1,1,,,1748452,5423184,-41.32916074,174.7739703
Wellington City,THE PARADE,20,N, ,MEDWAY ST,2556830,15/11/05,Tue,1000,MF,VN1C,371B ,,R,D,O ,F , ,N,C,50,0,0,0,,,1748388,5422573,-41.3346736,174.773355
Wellington City,THE PARADE,30,N, ,MEDWAY ST,2512770,3/09/05,Sat,1507,NA,CW1E,371A 712B 714B ,,R,D,B ,F , ,N,C,50,0,0,1,79,,1748389,5422583,-41.33458338,174.7733646
Wellington City,THE PARADE,100,N, ,MEDWAY ST,2513102,21/10/05,Fri,820,NA,VS1E,713B ,,R,W,O ,L , ,N,C,50,0,0,1,8,,1748397,5422652,-41.33396067,174.7734433
Wellington City,THE PARADE,30,S, ,MERSEY ST,2512828,22/06/05,Wed,1555,NA,MS1E,306A 370A 717B 839 ,,R,D,O ,F , ,N,X,50,0,0,1,16,,1748309,5422264,-41.33747019,174.7724868
Wellington City,THE RIDGEWAY,40,N, ,WENTWORTH ST,2556780,24/11/05,Thu,1745,BB,CN1C,111A 434A ,,E,D,O ,F , ,N,C,50,0,0,0,,,1747674,5424478,-41.31765317,174.7643632
Wellington City,THE TERRACE,10,N, ,AURORA TERRACE,2553211,31/05/05,Tue,1020,JA,CN1CX,308B 403B 423B 926 ,M,R,D,B ,F ,D,N,C,50,0,0,0,,,1748657,5428516,-41.2811167,174.775116
Wellington City,THE TERRACE,40,N, ,AURORA TERRACE,2555555,2/11/05,Wed,1753,BA,PS1C,423A ,,R,D,B ,F , ,N,C,50,0,0,0,,,1748662,5428545,-41.28085468,174.7751686
Wellington City,THE TERRACE,100,N, ,AURORA TERRACE,2512036,18/01/05,Tue,1715,EE,SN1C,158A 374B ,Q,R,D,B ,F , ,N,X,50,0,0,1,,34,1748672,5428604,-41.28032164,174.7752736
Wellington City,THE TERRACE,20,N, ,DALMUIR LANE,2513007,19/10/05,Wed,1800,MC,SN1C,150A 372B ,,R,D,B ,F , ,N,C,50,0,0,1,,36,1748624,5428324,-41.28285144,174.774769
Wellington City,THE TERRACE,15,N, ,DIXON ST,2554859,24/08/05,Wed,600,EA,CN1C,129A ,M,R,D,DO,F , ,N,C,50,0,0,0,,,1748334,5427539,-41.2899725,174.7714988
Wellington City,THE TERRACE,, ,I,EVERTON TERRACE,2554518,12/08/05,Fri,1850,LB,BN1C4,324A 303B 323B ,,R,W,DO,L ,T,T,R,50,0,0,0,,,1748531,5428029,-41.28552458,174.7737309
Wellington City,THE TERRACE,20,S, ,GHUZNEE ST,2554803,20/09/05,Tue,1100,MO,VS1C,386A 403A ,M,R,D,B ,F , ,N,C,50,0,0,0,,,1748247,5427340,-41.29178017,174.7705087
Wellington City,THE TERRACE,, ,I,GHUZNEE ST,2552346,5/05/05,Thu,1721,JA,CN1C,302A 350A 375A ,,R,D,TO,F ,T,G,C,50,0,0,0,,,1748255,5427358,-41.29161664,174.7705998
Wellington City,THE TERRACE,, ,I,MACDONALD CRESCENT,2554755,20/08/05,Sat,1811,JA,CS1C,301B 377B ,,R,D,TO,F ,T,S,C,50,0,0,0,,,1748304,5427470,-41.29059925,174.7711575
Wellington City,THE TERRACE,20,N, ,SALAMANCA ROAD,2551247,28/02/05,Mon,840,FE,CS1C,386A ,,R,D,B ,F ,T,T,C,50,0,0,0,,,1748387,5427690,-41.28860323,174.7720947
Wellington City,THE TERRACE,30,N, ,SALAMANCA ROAD,2551484,25/03/05,Fri,2126,EE,CS1C,374B 446B ,M,R,D,DO,F , ,N,C,50,0,0,0,,,1748390,5427699,-41.28852165,174.7721283
Wellington City,THE TERRACE,250,N, ,SALAMANCA ROAD,2553622,8/02/05,Tue,1845,AA,CS1C,372A ,,R,D,B ,F , ,N,C,50,0,0,0,,,1748475,5427902,-41.28667832,174.7730934
Wellington City,THE TERRACE,100,S, ,SALAMANCA ROAD,2512658,5/08/05,Fri,2110,JA,CS1C,308B 382B 839 929 ,,R,D,DO,F ,D,N,C,50,0,0,1,,,1748348,5427576,-41.2896368,174.7716569
Wellington City,THE TERRACE,, ,I,SALAMANCA ROAD,2556614,18/11/05,Fri,2110,LB,CN1C,303B 832 ,,R,D,DO,F ,T,T,R,50,0,0,0,,,1748381,5427671,-41.2887754,174.7720277
Wellington City,THOMPSON ST,20,S, ,WEBB ST,2554043,23/07/05,Sat,1140,KA,MN1C,308B 929 ,,R,D,B ,F ,D,N,N,50,0,0,0,,,1748348,5426708,-41.2974518,174.7718684
Wellington City,THORNDON QUAY,40,N, ,DAVIS ST,2513025,14/09/05,Wed,820,ME,SN1C,303B 377B ,,R,W,O ,L , ,N,N,50,0,1,0,,49,1749371,5429279,-41.27411533,174.7834509