TLA NAME,CRASH ROAD,CRASH DIST,CRASH DIRN,INTSN,SIDE ROAD,CRASH ID,CRASH DATE,CRASH DOW,CRASH TIME,MVMT,VEHICLES,CAUSES,OBJECTS STRUCK,ROAD CURVE,ROAD WET,LIGHT,WTHRa,JUNC TYPE,TRAF CTRL,ROAD MARK,SPD LIM,CRASH FATAL CNT,CRASH SEV CNT,CRASH MIN CNT,PERS AGE1,PERS AGE2,EASTING,NORTHING,latitude,longitude
Wellington City,THORNDON QUAY,100,N, ,DAVIS ST,2550719,8/02/05,Tue,1125,MO,CS1V,300B 371B ,,R,D,B ,F , ,N,L,50,0,0,0,,,1749346,5429334,-41.27362476,174.7831391
Wellington City,THORNDON QUAY,100,N, ,DAVIS ST,2512519,25/07/05,Mon,814,LB,SS1C,303B 377B 927 ,,R,D,B ,F ,D,N,C,50,0,0,1,,53,1749346,5429334,-41.27362476,174.7831391
Wellington City,THORNDON QUAY,200,N, ,DAVIS ST,2511606,23/03/05,Wed,1720,MA,VN1S,371A ,,R,D,B ,F , ,N,C,50,0,0,1,,44,1749305,5429425,-41.27281303,174.7826275
Wellington City,THORNDON QUAY,300,N, ,DAVIS ST,2512973,17/09/05,Sat,1225,MO,CS1S,300A 370A 352B 839 ,,R,D,O ,F , ,N,C,50,0,0,1,,29,1749266,5429517,-41.27199192,174.7821395
Wellington City,THORNDON QUAY,20,S, ,DAVIS ST,2553064,18/05/05,Wed,2100,DB,CN1,103A 132A ,H,E,D,DO,F , ,N,C,50,0,0,0,,,1749390,5429224,-41.274607,174.7836911
Wellington City,THORNDON QUAY,100,S, ,HUTT ROAD,2552062,4/04/05,Mon,1600,MA,CN1C,373B 377B ,,R,D,O ,F , ,N,C,50,0,0,0,,,1749182,5429911,-41.26846008,174.7810406
Wellington City,THORNDON QUAY,200,E, ,MOORE ST,2551559,6/04/05,Wed,945,MC,BS1V,372B ,,R,D,B ,F , ,N,P,50,0,0,0,,,1749374,5429176,-41.27504213,174.7835119
Wellington City,THORNDON QUAY,, ,I,MOORE ST,2552183,18/01/05,Tue,1535,AC,TN1B,190A 200A 357A ,,E,D,B ,F ,T,N,C,50,0,0,0,,,1749219,5429060,-41.27611518,174.7816905
Wellington City,THORNDON QUAY,60,N, ,MULGRAVE ST,2550610,8/02/05,Tue,1126,CB,CN1C,136A 668A ,M,R,D,O ,F , ,N,L,50,0,0,0,,,1749112,5428886,-41.27770154,174.7804561
Wellington City,THORNDON QUAY,, ,I,MULGRAVE ST,2511588,20/03/05,Sun,735,JA,CN1C,322A 355A ,,R,W,O ,L ,T,T,R,50,0,0,1,,,1749083,5428834,-41.27817507,174.7801227
Wellington City,THORNDON QUAY,300,S, ,TINAKORI ROAD,2512474,22/07/05,Fri,800,ME,SS1V,145B 371B ,,R,D,O ,F , ,N,L,50,0,0,1,,28,1749195,5429715,-41.27022235,174.7812437
Wellington City,THORNDON QUAY,500,S, ,TINAKORI ROAD,2553759,9/07/05,Sat,845,LB,4N1C,303B 357B 375B ,,R,D,B ,F , ,N,L,50,0,0,0,,,1749263,5429527,-41.27190244,174.7821013
Wellington City,THORNDON QUAY,800,S, ,TINAKORI ROAD,2554030,13/08/05,Sat,1310,MC,CN1C,300B 372B ,,R,D,B ,F , ,N,L,50,0,0,0,,,1749384,5429252,-41.27435602,174.7836127
Wellington City,THORNDON QUAY,, ,I,TINAKORI ROAD,2553544,4/07/05,Mon,1650,GF,TN2C,172A 333B ,,E,D,TN,F ,Y,G,C,50,0,0,0,,,1749211,5430007,-41.26759039,174.7813632
Wellington City,TINAKORI ON NBD,40,E, ,TINAKORI ROAD,2556286,22/11/05,Tue,752,DB,CE1,133A 135A 801 ,S,S,W,B ,H , ,N,C,100,0,0,0,,,1748488,5429075,-41.27611485,174.7729627
Wellington City,TINAKORI ROAD,30,N, ,BOWEN ST,2555389,24/09/05,Sat,1020,EE,CS1CC,374B 818 ,M,R,D,B ,F , ,N,C,50,0,0,0,,,1748188,5428802,-41.27862791,174.7694487
Wellington City,TINAKORI ROAD,, ,I,BOWEN ST,2512123,6/05/05,Fri,1850,LB,CS1C,303B ,,R,D,TO,F ,T,T,C,50,0,0,2,,,1748168,5428780,-41.27882965,174.7692153
Wellington City,TINAKORI ROAD,, ,I,HARRIETT ST,2552055,27/02/05,Sun,1420,LB,MS1C,303B 377B ,,R,D,O ,F ,X,T,R,50,0,0,0,,,1748452,5429090,-41.27598642,174.7725294
Wellington City,TINAKORI ROAD,, ,I,HARRIETT ST,2512377,15/07/05,Fri,640,LB,CS1C,303B 901 ,,R,W,DO,H ,X,T,C,50,0,0,2,,,1748452,5429090,-41.27598642,174.7725294
Wellington City,TINAKORI ROAD,, ,I,HILL ST,2551799,11/04/05,Mon,1045,JA,CS1C,302B 375B ,,E,D,B ,F ,T,G,C,50,0,0,0,,,1748368,5429001,-41.27680316,174.7715485
Wellington City,TINAKORI ROAD,40,N, ,HOBSON ST,2552991,31/05/05,Tue,1140,BA,4N1T,125A 359A ,,R,D,B ,F , ,N,C,50,0,0,0,,,1749056,5429742,-41.27000492,174.7795784
Wellington City,TINAKORI ROAD,20,S, ,HOBSON ST,2551575,8/03/05,Tue,1113,EA,TS1C,385A ,M,R,D,B ,F , ,N,C,50,0,0,0,,,1749015,5429697,-41.27041764,174.7791001
Wellington City,TINAKORI ROAD,, ,I,PARK ST,2555811,14/11/05,Mon,1250,CB,CE1,322A 501A ,P,R,D,B ,F ,X,T,C,50,0,0,0,,,1748883,5429555,-41.27172047,174.7775596
Wellington City,TINAKORI ROAD,, ,I,PARK ST,2512206,10/06/05,Fri,1830,ND,CE2E,307A 376A ,,R,W,DO,H ,X,T,R,50,0,0,1,39,,1748883,5429555,-41.27172047,174.7775596
Wellington City,TINAKORI ROAD,, ,I,ST MARY ST,2555399,13/10/05,Thu,850,LB,CS1C,303B 377B ,,R,D,B ,F ,T,N,P,50,0,0,0,,,1748141,5428750,-41.27910471,174.7689004
Wellington City,TINAKORI ROAD,20,N, ,UPTON TERRACE,2553546,29/06/05,Wed,1927,EE,CN1C,374B ,M,R,D,DO,F , ,N,C,50,0,0,0,,,1748303,5428930,-41.27745435,174.7707901
Wellington City,TINAKORI ROAD,20,N, ,UPTON TERRACE,2550961,5/03/05,Sat,1605,EE,CS1C,374B ,M,R,D,O ,F , ,N,C,50,0,0,0,,,1748303,5428930,-41.27745435,174.7707901
Wellington City,TIRANGI ROAD,, ,I,KINGSFORD SMITH ST,2550844,2/03/05,Wed,1900,DA,CE2C,133A 375A ,M,R,D,O ,F ,T,N,C,50,0,0,0,,,1750874,5423592,-41.32503777,174.8027977
Wellington City,TORU ST,, ,I,FREYBERG ST,2553674,10/06/05,Fri,2359,DA,CS2C,111A 131A ,M,R,D,DO,F ,T,N,N,50,0,0,0,,,1750085,5423271,-41.32807509,174.7934537
Wellington City,TORY ST,50,N, ,BUCKLE ST,2556594,9/12/05,Fri,1554,QD,VE1,428A 922 ,,R,D,O ,FS,D,N,C,50,0,0,0,,,1748895,5426600,-41.29832344,174.7784252
Wellington City,TORY ST,20,S, ,CABLE ST,2555390,14/10/05,Fri,1020,GE,4S1C,160A 387A 175B ,,R,D,B ,F , ,N,P,50,0,0,0,,,1749232,5427339,-41.29160767,174.7822674
Wellington City,TORY ST,20,N, ,COLLEGE ST,2511600,1/03/05,Tue,930,MC,SN1C,372B ,,R,D,B ,F , ,N,C,50,0,0,1,,54,1749023,5426887,-41.29571583,174.7798831
Wellington City,TORY ST,, ,I,COURTENAY PLACE,2551929,23/04/05,Sat,400,LB,CS1C,303B ,,R,W,DO,L ,X,T,C,50,0,0,0,,,1749136,5427139,-41.2934261,174.7811704
Wellington City,TORY ST,10,S, ,HOLLAND ST,2512194,4/06/05,Sat,2044,NA,CN1E,370A 712B 862 ,,R,W,DO,L ,T,N,P,50,0,1,0,52,,1749086,5427025,-41.29446173,174.7806014
Wellington City,TORY ST,, ,I,JESSIE ST,2554549,27/08/05,Sat,,EA,CN1C,129A ,M,R,D,DO,F ,T,G,C,50,0,0,0,,,1749020,5426880,-41.29577941,174.779849
Wellington City,TORY ST,, ,I,JESSIE ST,2512007,24/05/05,Tue,1440,JA,SN1C,171B 309B 377B ,,R,D,B ,F ,T,N,C,50,0,0,1,,51,1749020,5426880,-41.29577941,174.779849
Wellington City,TORY ST,, ,I,JESSIE ST,2554550,26/08/05,Fri,1530,JA,XN1C,302B 375B ,,R,D,O ,F ,T,G,C,50,0,0,0,,,1749020,5426880,-41.29577941,174.779849
Wellington City,TORY ST,, ,I,JESSIE ST,2555322,10/10/05,Mon,1211,HA,VS1C,309B 375B 386B 901 ,,R,W,O ,H ,X,N,C,50,0,0,0,,,1749020,5426880,-41.29577941,174.779849
Wellington City,TORY ST,30,N, ,SH 1N,2554077,11/06/05,Sat,945,EA,CN1C,129A 351A ,M,R,D,O ,F , ,N,C,50,0,0,0,,,1749008,5426853,-41.29602472,174.7797123
Wellington City,TORY ST,10,S, ,TENNYSON ST,2553549,17/06/05,Fri,2243,EA,CS1CC,129A 351A ,MM,R,D,DO,F ,X,G,C,50,0,0,0,,,1749072,5426994,-41.29474342,174.7804419
Wellington City,TORY ST,10,S, ,WAKEFIELD ST,2556423,24/11/05,Thu,1830,MO,VW1C,371A 386A ,M,R,D,O ,F ,X,T,C,50,0,0,0,,,1749200,5427270,-41.29223483,174.7819023
Wellington City,TORY ST,, ,I,WAKEFIELD ST,2550848,25/02/05,Fri,1850,AC,TS1V,372A 671A ,,R,D,O ,F ,X,T,C,50,0,0,0,,,1749204,5427279,-41.29215306,174.7819478
Wellington City,TOTARA ROAD,100,E, ,AWA ROAD,2556817,3/07/05,Sun,911,DB,CN1CC,111A 131A ,MTM,M,D,O ,F , ,N,N,50,0,0,0,,,1752877,5425026,-41.31174996,174.8263595
Wellington City,TOWNSEND ROAD,280,S, ,ATHENS ST,2554860,23/07/05,Sat,425,BC,CS1CC,111A 123A ,MM,E,D,DN,F , ,N,C,50,0,0,0,,,1752518,5424182,-41.3194166,174.8222844
Wellington City,TOWNSEND ROAD,200,S, ,OTAKI ST,2556681,14/11/05,Mon,1241,DB,CS1T,111A 514A ,M,M,D,B ,F , ,N,N,50,0,0,0,,,1752571,5424241,-41.31887539,174.8229026
Wellington City,TRINGHAM ST,15,S, ,KARORI ROAD,2552056,13/04/05,Wed,1215,EA,CS1CC,129A 358A ,M,R,W,O ,F ,T,N,C,50,0,0,0,,,1744716,5427971,-41.28673962,174.7282068
Wellington City,TROY ST,30,S, ,COBHAM DRIVE,2553071,11/06/05,Sat,1655,MC,VS1V,372B ,,R,W,TO,L , ,N,R,50,0,0,0,,,1750907,5424388,-41.317865,174.8029943
Wellington City,TROY ST,25,S, ,KEMP ST,2554314,17/08/05,Wed,1515,FD,CN1C,111A 331A ,,M,D,O ,F , ,N,C,50,0,0,0,,,1750853,5424325,-41.31844231,174.802365
Wellington City,TROY ST,, ,I,RONGOTAI ROAD,2511274,10/02/05,Thu,1745,HA,CW2V,301A 387A ,,E,D,B ,F ,X,S,R,50,0,1,0,,,1750811,5424252,-41.3191074,174.8018816
Wellington City,UPLAND ROAD,25,W, ,BOUNDARY ROAD,2554926,13/09/05,Tue,1445,EA,CE1C,190A 354A ,M,E,D,B ,F , ,N,C,50,0,0,0,,,1747422,5427904,-41.28685328,174.7605237
Wellington City,UPLAND ROAD,100,S, ,GLASGOW ST,2556571,14/12/05,Wed,1420,GD,CS1C,181A 330A 926 ,,R,D,B ,F ,D,N,C,50,0,0,0,,,1747833,5427748,-41.28818267,174.7654675
Wellington City,UPLAND ROAD,, ,I,KOWHAI ROAD,2553669,17/07/05,Sun,1220,FC,CN1C,181A 191B ,,R,W,O ,F ,T,N,X,50,0,0,0,,,1747471,5427813,-41.28766365,174.7611306
Wellington City,UPLAND ROAD,30,N, ,PLUNKET ST,2555641,31/10/05,Mon,2230,EA,CS1CCC,103A 129A ,M,R,D,DO,F , ,N,C,50,0,0,0,,,1747508,5427723,-41.2884672,174.7615941
Wellington City,UPLAND ROAD,, ,I,PLUNKET ST,2512252,21/06/05,Tue,1950,LB,PN1V,302B 375B ,,R,W,DO,L ,T,G,C,50,0,0,1,,,1747520,5427696,-41.28870811,174.7617439
Wellington City,UPLAND ROAD,, ,I,PLUNKET ST,2551423,27/02/05,Sun,230,JA,CW1C,103B 302B ,,R,W,DO,M ,T,G,C,50,0,0,0,,,1747520,5427696,-41.28870811,174.7617439
Wellington City,UPLAND ROAD,30,W, ,ST MICHAELS CRESCENT,2513546,22/12/05,Thu,1500,MC,ME14,330B 372B ,,E,D,B ,F , ,N,C,50,0,0,1,,,1747618,5427637,-41.2892214,174.762928
Wellington City,VICTORIA ST,100,S, ,ABEL SMITH ST,2555779,14/11/05,Mon,1415,FD,CS1T,331A 353A ,,R,D,B ,F , ,N,C,50,0,0,0,,,1748322,5426826,-41.29639417,174.7715293
Wellington City,VICTORIA ST,20,S, ,BOND ST,2512211,23/06/05,Thu,1522,EE,SS1C,374B ,Q,R,D,O ,F , ,N,C,50,0,0,1,,45,1748704,5427575,-41.2895803,174.7759068
Wellington City,VICTORIA ST,, ,I,BOND ST,2550929,11/02/05,Fri,1445,HA,CW2V,309A 386A ,,R,D,B ,F ,X,N,C,50,0,0,0,,,1748711,5427594,-41.28940795,174.7759857
Wellington City,VICTORIA ST,10,N, ,DIXON ST,2552277,30/04/05,Sat,1035,EA,BN1T,330A 353A 443B 818 ,M,R,D,O ,F ,X,T,C,50,0,0,0,,,1748649,5427393,-41.29122906,174.7752947
Wellington City,VICTORIA ST,30,N, ,DIXON ST,2550702,12/02/05,Sat,127,MC,CN1X,103A 372B ,,R,D,DO,F , ,N,P,50,0,0,0,,,1748660,5427410,-41.29107397,174.7754218
Wellington City,VICTORIA ST,50,N, ,DIXON ST,2551619,5/04/05,Tue,1530,FA,CS1V,181A 191B ,,E,D,O ,F , ,N,C,50,0,0,0,,,1748671,5427426,-41.29092789,174.7755492
Wellington City,VICTORIA ST,, ,I,DIXON ST,2512002,21/05/05,Sat,20,NA,XS1E,718B ,,R,W,DO,H ,X,T,C,50,0,1,0,20,,1748643,5427385,-41.29130219,174.775225
Wellington City,VICTORIA ST,10,N, ,EDWARD ST,2553493,28/06/05,Tue,1031,MO,CN1M,386A ,M,R,D,O ,F ,T,N,C,50,0,0,0,,,1748674,5427433,-41.29086432,174.7755833
Wellington City,VICTORIA ST,, ,I,EDWARD ST,2553047,7/05/05,Sat,1204,MO,VS1C,371A 353B ,,E,D,B ,F ,T,N,P,50,0,0,0,,,1748670,5427424,-41.29094608,174.7755378
Wellington City,VICTORIA ST,30,N, ,GHUZNEE ST,2551391,9/04/05,Sat,1400,EE,CS1C,374B 445B ,M,E,D,B ,F , ,N,C,50,0,0,0,,,1748549,5427257,-41.29247194,174.7741341
Wellington City,VICTORIA ST,, ,I,GHUZNEE ST,2556624,28/11/05,Mon,1249,AC,XS1C,353A 372A 691B ,,R,W,O ,L ,X,T,C,50,0,0,0,,,1748533,5427232,-41.29269997,174.7739492
Wellington City,VICTORIA ST,, ,I,HARRIS ST,2511130,7/02/05,Mon,1030,MO,CW2C,353A ,,R,D,O ,F ,T,G,C,50,0,0,1,,,1748762,5427786,-41.28766989,174.7765476
Wellington City,VICTORIA ST,15,S, ,MANNERS ST,2513677,26/10/05,Wed,1532,EE,SS1C,374B ,Q,E,D,B ,F , ,N,C,50,0,0,1,,28,1748685,5427474,-41.29049315,174.7757046
Wellington City,VICTORIA ST,30,S, ,MANNERS ST,2511958,24/04/05,Sun,2250,FD,CN1C,331A ,,R,W,TO,H ,T,N,P,50,0,0,2,,,1748685,5427459,-41.2906282,174.7757083
Wellington City,VICTORIA ST,, ,I,MANNERS ST,2551037,8/03/05,Tue,1732,FE,BN1B,427A ,,E,D,B ,F ,Y,T,P,50,0,0,0,,,1748686,5427488,-41.29036692,174.7757131
Wellington City,VICTORIA ST,, ,I,WAKEFIELD ST,2555733,8/08/05,Mon,820,GB,SS1C,372B 381B ,,R,D,B ,F ,Y,G,C,50,0,0,0,,43,1748725,5427666,-41.28875712,174.7761352
Wellington City,VICTORIA ST,, ,I,WAKEFIELD ST,2555310,20/10/05,Thu,1715,GB,CS1C,172B 370B ,,E,D,O ,L ,T,N,C,50,0,0,0,,,1748725,5427666,-41.28875712,174.7761352
Wellington City,VICTORIA ST,40,N, ,WEBB ST,2554538,31/07/05,Sun,1145,FA,CS1C,181A 191B ,,E,D,O ,F , ,N,R,70,0,0,0,,,1748305,5426787,-41.29674843,174.7713358
Wellington City,VICTORIA ST,50,N, ,WEBB ST,2555572,27/10/05,Thu,1751,FD,CS1CC,181A ,,R,D,B ,F , ,N,C,50,0,0,0,,,1748309,5426796,-41.29666667,174.7713814
Wellington City,VICTORIA ST,, ,I,WEBB ST,2555317,15/10/05,Sat,1600,GF,VS14,120A 129B ,,R,D,TO,F ,T,T,N,50,0,0,0,,,1748276,5426763,-41.29696984,174.7709955
Wellington City,VICTORIA ST,15,N, ,WILLESTON ST,2554640,22/08/05,Mon,1400,MA,CS1C,300B 373B ,,R,D,O ,F ,X,N,C,50,0,0,0,,,1748814,5427903,-41.2866069,174.7771397
Wellington City,VICTORIA ST,, ,I,WILLESTON ST,2513145,1/11/05,Tue,1200,FE,CS14C,331A ,,R,D,B ,F ,X,T,C,50,0,0,2,,,1748808,5427890,-41.28672505,174.7770712
Wellington City,VICTORY AVENUE,10,S, ,TOBRUK ST,2555106,2/10/05,Sun,24,BD,CS1C,123A 386B ,,M,W,DO,L ,T,N,C,50,0,0,0,,,1744771,5428561,-41.28141758,174.728723
Wellington City,VICTORY CRESCENT,60,S, ,DAVIDSON CRESCENT,2512917,2/10/05,Sun,1930,DA,CN1,111A 131A ,P,E,W,DO,H , ,N,C,50,0,0,1,,,1752952,5441543,-41.16302845,174.8231169
Wellington City,VIVIAN ST,10,W, ,WATSON ST,2550343,28/01/05,Fri,41,CC,CE1,130A ,F,R,D,DO,F ,T,N,N,50,0,0,0,,,1748237,5427167,-41.29333961,174.7704315
Wellington City,VOLGA ST,200,S, ,HUDSON ST,2552649,28/05/05,Sat,15,MG,CS1C,371A 386A ,M,M,D,DO,F , ,N,N,50,0,0,0,,,1748737,5422528,-41.33501442,174.777535
Wellington City,WADESTOWN ROAD,, ,I,HANOVER ST,2554541,14/08/05,Sun,1539,EA,CW1C,130A 504A ,M,R,D,O ,F ,T,G,C,50,0,0,0,,,1748536,5430677,-41.26168243,174.7731451
Wellington City,WADESTOWN ROAD,15,W, ,WELD ST,2513730,4/06/05,Sat,105,DA,MW1,103A ,J,E,D,DO,F , ,N,C,50,0,0,1,,,1748589,5430654,-41.26187976,174.7737831
Wellington City,WAIAPU ROAD,330,S, ,CHAYTOR ST,2555554,12/10/05,Wed,2100,DB,CS1,111A 131A ,ET,S,D,DN,F , ,N,C,50,0,0,0,,,1746848,5427613,-41.28957792,174.7537422
Wellington City,WAIKATO ST,120,S, ,TAMAR ST,2552313,19/03/05,Sat,50,MG,CS1CVC,103A 371A ,M,R,D,DN,F , ,N,N,50,0,0,0,,,1748331,5422837,-41.3323072,174.7726097
Wellington City,WAIKOWHAI ST,50,S, ,OTTAWA ROAD,2512814,2/08/05,Tue,956,EA,TS14,129A 386A ,M,E,D,O ,F , ,N,C,50,0,0,1,,,1748507,5431888,-41.2507845,174.7725042
Wellington City,WAIPAPA ROAD,290,N, ,WAITOA ROAD,2555753,10/10/05,Mon,1610,DB,VN1,111A 132A ,FP,M,W,O ,L , ,N,C,50,0,0,0,,,1750537,5426067,-41.3028176,174.7981602
Wellington City,WAKEFIELD ST,, ,I,CHAFFERS ST,2553975,19/01/05,Wed,1430,DA,TS2V,122A 386A ,M,R,D,B ,F ,T,S,C,50,0,0,0,,,1749319,5427226,-41.29260897,174.7833336
Wellington City,WAKEFIELD ST,, ,I,JERVOIS QUAY,2553412,1/07/05,Fri,1413,GF,TE1X,142A 172A ,,R,D,B ,F ,M,T,C,50,0,0,0,,,1749013,5427391,-41.29117995,174.7796403
Wellington City,WAKEFIELD ST,20,E, ,TARANAKI ST,2553528,10/07/05,Sun,1745,FD,CW1CV,331A ,,R,D,DO,F , ,N,C,50,0,0,0,,,1749029,5427379,-41.29128504,174.7798343
Wellington City,WAKEFIELD ST,30,E, ,TARANAKI ST,2555144,4/10/05,Tue,2015,AC,XW1C,386A ,,R,D,DO,F , ,N,N,50,0,0,0,,,1749037,5427373,-41.29133758,174.7799312
Wellington City,WAKEFIELD ST,20,E, ,TORY ST,2550185,1/01/05,Sat,1530,KA,CN1VC,308A 382A 507A 927 ,M,R,W,O ,H ,D,N,C,50,0,0,0,,,1749222,5427271,-41.29222176,174.7821647
Wellington City,WAKEFIELD ST,40,W, ,TORY ST,2551101,24/02/05,Thu,1755,EA,VW1C,129A ,M,R,D,B ,F , ,N,C,50,0,0,0,,,1749167,5427295,-41.29201584,174.7815022
Wellington City,WAKEFIELD ST,300,W, ,TORY ST,2555885,15/10/05,Sat,604,EA,CW1CC,101A 129A ,JMP,R,D,TO,F , ,N,N,50,0,0,0,,,1748953,5427439,-41.29075886,174.7789124
Wellington City,WAKEFIELD ST,, ,I,TORY ST,2512328,6/07/05,Wed,956,NA,CN1E,718B ,,R,D,B ,F ,X,T,C,50,0,0,1,25,,1749204,5427279,-41.29215306,174.7819478
Wellington City,WAKEFIELD ST,, ,I,TORY ST,2551486,29/03/05,Tue,1,HA,CW1C,322B ,,R,D,DO,F ,X,T,C,50,0,0,0,,,1749204,5427279,-41.29215306,174.7819478
Wellington City,WAKEFIELD ST,50,E, ,VICTORIA ST,2513301,10/07/05,Sun,35,CA,CE1C,104A 112A ,Q,R,D,DO,F , ,N,R,50,0,1,2,,,1748750,5427623,-41.28913966,174.7764441
Wellington City,WALLACE ST,15,S, ,BIDWILL ST,2554441,22/08/05,Mon,946,FD,CS1CC,331A ,,R,D,B ,F , ,N,L,50,0,0,0,,,1748526,5426214,-41.30186676,174.7741141
Wellington City,WALLACE ST,40,S, ,BIDWILL ST,2512012,4/04/05,Mon,800,NB,MN1E,151A 711B ,,R,D,O ,F , ,N,C,50,0,0,1,15,,1748536,5426190,-41.30208101,174.7742393
Wellington City,WALLACE ST,60,S, ,BIDWILL ST,2512684,2/08/05,Tue,855,FC,CS1X,331A ,,E,D,O ,F , ,N,C,50,0,0,1,,,1748543,5426172,-41.30224178,174.7743273
Wellington City,WALLACE ST,, ,I,BIDWILL ST,2512476,11/05/05,Wed,1730,ND,CS1E,376A ,,E,D,O ,F ,X,T,C,50,0,0,1,20,,1748521,5426228,-41.30174164,174.7740509
Wellington City,WALLACE ST,40,S, ,FINLAY TERRACE,2550222,12/01/05,Wed,1300,FC,CN1C,181A ,,R,D,B ,F , ,N,X,50,0,0,0,,,1748595,5425950,-41.30423097,174.7750023
Wellington City,WALLACE ST,20,N, ,HARGREAVES ST,2554288,9/08/05,Tue,2247,FC,CS1C,135A 801 ,,R,W,DO,H , ,N,X,50,0,0,0,,,1748578,5426066,-41.3031897,174.774771
Wellington City,WALLACE ST,40,N, ,HARGREAVES ST,2512741,7/07/05,Thu,1739,FC,CS1CC,331A 191C ,,R,D,DO,F , ,N,X,50,0,0,2,,,1748574,5426085,-41.30301937,174.7747186
Wellington City,WALLACE ST,50,S, ,HOWARD ST,2513666,17/12/05,Sat,1200,NB,CN1E,713B ,,R,D,B ,F , ,N,C,50,0,1,0,51,,1748599,5425818,-41.30541868,174.7750823
Wellington City,WALLACE ST,60,S, ,HOWARD ST,2550661,10/02/05,Thu,1300,EA,CS1CC,357A 421A 504A ,M,R,D,B ,F , ,N,C,50,0,0,0,,,1748599,5425808,-41.30550872,174.7750848
Wellington City,WALLACE ST,150,N, ,JOHN ST,2551185,5/03/05,Sat,1510,EA,VS1CC,103A 129A ,M,R,D,B ,F , ,N,L,50,0,0,0,,,1748600,5425650,-41.30693107,174.7751353
Wellington City,WALLACE ST,200,N, ,JOHN ST,2512568,11/08/05,Thu,1700,FD,VS14C,103A 111A ,,E,D,O ,F , ,N,C,50,0,0,2,,,1748599,5425700,-41.30648109,174.7751112
Wellington City,WALLACE ST,, ,I,ROLLESTON ST,2510012,10/02/05,Thu,628,DC,SE2V,136A 302A 614A ,,R,D,O ,F ,T,G,P,50,1,0,0,,56,1748557,5426138,-41.30254532,174.7745027
Wellington City,WALLACE ST,20,N, ,WALLACE ST SLIP,2551156,21/03/05,Mon,1720,MA,CS1C,426A 373B ,,R,D,O ,L , ,N,C,50,0,0,0,,,1748600,5425629,-41.30712015,174.7751404
Wellington City,WARING TAYLOR ST,10,E, ,LAMBTON QUAY,2551966,19/04/05,Tue,1105,MO,CN1X,371A 445B ,Q,R,D,O ,F ,T,N,N,50,0,0,0,,,1748744,5428430,-41.28187498,174.7761754
Wellington City,WATERLOO QUAY,20,S, ,AOTEA QUAY,2512003,24/02/05,Thu,1615,BF,CS1CC,111A 131A 431A ,,M,D,B ,F , ,N,C,50,0,1,1,,,1749666,5429319,-41.27370058,174.7869617
Wellington City,WATERLOO QUAY,100,N, ,BUNNY ST,2556631,21/12/05,Wed,1740,FD,CS14,331A ,,R,D,B ,F , ,N,P,50,0,0,0,,,1749164,5428682,-41.27952864,174.7811267
Wellington City,WATERLOO QUAY,500,N, ,BUNNY ST,2551972,9/03/05,Wed,1650,MO,CE1C,331A 386B 926 ,,R,D,O ,F ,D,N,C,50,0,0,0,,,1749411,5428997,-41.2766469,174.7839974
Wellington City,WATERLOO QUAY,40,S, ,BUNNY ST,2553648,17/06/05,Fri,2000,AC,CN1C,352A 372A ,,R,D,DO,F , ,N,P,50,0,0,0,,,1749079,5428572,-41.28053471,174.7801391
Wellington City,WATERLOO QUAY,, ,I,HINEMOA ST,2552696,1/05/05,Sun,712,CB,CN1,410A ,S,R,D,TF,F ,T,T,C,50,0,0,0,,,1749409,5428994,-41.27667428,174.7839743
Wellington City,WATERLOO QUAY,, ,I,HINEMOA ST,2553296,26/06/05,Sun,40,CC,VN1C,103A 110A ,IS,R,W,DO,HS,X,T,R,50,0,0,0,,,1749409,5428994,-41.27667428,174.7839743
Wellington City,WATERLOO QUAY,50,N, ,WHITMORE ST,2551472,1/04/05,Fri,1415,AA,CS1V,372A 150B ,,R,D,B ,F , ,N,P,50,0,0,0,,,1749011,5428478,-41.28139359,174.7793505
Wellington City,WATERLOO QUAY,, ,I,WHITMORE ST,2512778,9/09/05,Fri,1335,FA,CN1S,183A ,,R,D,TF,F ,X,T,R,50,0,0,1,,48,1748982,5428438,-41.28175908,174.7790141
Wellington City,WATERLOO QUAY,, ,I,WHITMORE ST,2513156,3/11/05,Thu,1029,FE,VN1C,331A 359A ,,R,D,B ,F ,X,T,R,50,0,0,1,,,1748982,5428438,-41.28175908,174.7790141
Wellington City,WEBB ST,30,E, ,CUBA ST,2551035,26/02/05,Sat,2120,FC,CW1C,181A ,,R,D,DO,F , ,N,X,50,0,0,0,,,1748490,5426666,-41.29780383,174.773574
Wellington City,WEBB ST,, ,I,TARANAKI ST,2554569,13/09/05,Tue,1730,FA,VW1C,181A 817 ,,R,D,B ,F ,X,T,L,50,0,0,0,,,1748654,5426592,-41.2984399,174.77555
Wellington City,WEBB ST,, ,I,TARANAKI ST,2551051,10/03/05,Thu,1500,MG,VE1C,371B ,,R,D,O ,F ,T,T,C,50,0,0,0,,,1748654,5426592,-41.2984399,174.77555
Wellington City,WEBB ST,, ,I,THOMPSON ST,2513173,30/10/05,Sun,148,DB,CW1,103A 131A 514A ,C,R,D,DO,F ,T,S,C,50,0,0,1,,,1748356,5426726,-41.29728827,174.7719596
Wellington City,WEBB ST,20,W, ,TORRENS TERRACE,2512199,10/06/05,Fri,830,NA,CW1E,306A 353A 376A ,,R,D,B ,F , ,N,X,50,0,0,1,12,,1748481,5426670,-41.29776947,174.7734655