TLA NAME,CRASH ROAD,CRASH DIST,CRASH DIRN,INTSN,SIDE ROAD,CRASH ID,CRASH DATE,CRASH DOW,CRASH TIME,MVMT,VEHICLES,CAUSES,OBJECTS STRUCK,ROAD CURVE,ROAD WET,LIGHT,WTHRa,JUNC TYPE,TRAF CTRL,ROAD MARK,SPD LIM,CRASH FATAL CNT,CRASH SEV CNT,CRASH MIN CNT,PERS AGE1,PERS AGE2,EASTING,NORTHING,latitude,longitude
Wellington City,WEBB ST,, ,I,TORRENS TERRACE,2555398,2/09/05,Fri,916,KB,SE1C,204A 309A ,,R,D,O ,F ,T,N,C,50,0,0,0,,64,1748500,5426662,-41.29783801,174.7736943
Wellington City,WEBB ST,, ,I,WEBB STREET,2553320,28/06/05,Tue,2139,JC,VE2C,324A 379B ,,R,D,DO,F ,T,T,R,50,0,0,0,,,1748654,5426592,-41.2984399,174.77555
Wellington City,WELLINGTON ROAD,, ,I,CRAWFORD ROAD,2556837,1/10/05,Sat,1115,FB,CS1C,181A ,,R,D,O ,F ,R,G,R,50,0,0,0,,,1749788,5424943,-41.31307675,174.7894943
Wellington City,WESTMINSTER ST,50,E, ,HUTT ROAD,2550478,10/01/05,Mon,1145,MF,CS1C,371B 839 926 ,,R,D,B ,F , ,N,N,50,0,0,0,,,1750036,5430862,-41.25973968,174.7909975
Wellington City,WHITMORE ST,20,E, ,FEATHERSTON ST,2553529,7/07/05,Thu,1130,AC,CE1C,300A 372A ,,R,D,B ,F ,X,T,R,50,0,0,0,,,1748935,5428505,-41.28116452,174.7784368
Wellington City,WHITMORE ST,20,E, ,FEATHERSTON ST,2512765,10/08/05,Wed,1350,NA,CW1E,370A 712B 714B ,,R,D,B ,F , ,N,R,50,0,1,0,43,,1748935,5428505,-41.28116452,174.7784368
Wellington City,WHITMORE ST,, ,I,FEATHERSTON ST,2556726,15/11/05,Tue,855,LB,CW1X,112A 324A 303B 379B ,,R,D,B ,F ,X,T,R,50,0,0,0,,,1748923,5428522,-41.28101367,174.7782894
Wellington City,WHITMORE ST,, ,I,FEATHERSTON ST,2512992,12/09/05,Mon,1115,NB,ME1E,711B 718B ,,R,D,B ,F ,X,T,R,50,0,0,1,18,,1748923,5428522,-41.28101367,174.7782894
Wellington City,WHITMORE ST,20,W, ,WATERLOO QUAY,2555544,2/11/05,Wed,1431,LB,CW1C,303B 922 ,P,R,D,B ,F ,D,N,P,50,0,0,0,,,1748970,5428454,-41.28161724,174.778867
Wellington City,WILLIS ST,20,S, ,ABEL SMITH ST,2511024,12/01/05,Wed,855,EE,SN1C,374B ,M,R,D,B ,F , ,N,C,50,0,0,1,,31,1748291,5426929,-41.29547251,174.7711341
Wellington City,WILLIS ST,, ,I,ABEL SMITH ST,2513715,20/12/05,Tue,945,AF,CN1S,128B ,,R,W,O ,L ,X,S,X,50,0,0,1,,28,1748300,5426947,-41.2953088,174.7712372
Wellington City,WILLIS ST,, ,I,ABEL SMITH ST,2551489,21/03/05,Mon,1154,HA,CE2X,321A 817 ,,R,D,O ,F ,X,S,C,50,0,0,0,,,1748300,5426947,-41.2953088,174.7712372
Wellington City,WILLIS ST,, ,I,ABEL SMITH ST,2551492,13/02/05,Sun,1225,NA,CE2E,306A ,,R,D,B ,F ,X,S,X,50,0,0,0,64,,1748300,5426947,-41.2953088,174.7712372
Wellington City,WILLIS ST,, ,I,ABEL SMITH ST,2552170,6/05/05,Fri,1742,HA,CE2C,301A 377A ,,R,D,DO,F ,X,S,X,50,0,0,0,,,1748300,5426947,-41.2953088,174.7712372
Wellington City,WILLIS ST,, ,I,ABEL SMITH ST,2554059,2/08/05,Tue,1710,HA,XE1C,302A 377A ,,R,D,O ,F ,X,G,C,50,0,0,0,,,1748300,5426947,-41.2953088,174.7712372
Wellington City,WILLIS ST,, ,I,ABEL SMITH ST,2511406,23/02/05,Wed,1317,NA,CN1E,306A 376A ,,R,D,B ,F ,X,G,X,50,0,0,1,26,,1748300,5426947,-41.2953088,174.7712372
Wellington City,WILLIS ST,, ,I,ABEL SMITH ST,2512512,20/07/05,Wed,710,HA,CE2C,321A 335A 350A ,P,R,W,DO,L ,X,S,C,50,0,0,1,,,1748300,5426947,-41.2953088,174.7712372
Wellington City,WILLIS ST,, ,I,ARO ST,2550977,5/03/05,Sat,1611,HA,CN1C,308B 370B 839 929 ,,R,D,O ,F ,D,N,C,50,0,0,0,,,1748250,5426840,-41.29628135,174.7706663
Wellington City,WILLIS ST,50,N, ,BOND ST,2511276,21/01/05,Fri,1520,NB,BS1E,712B ,,R,D,B ,F , ,N,C,50,0,0,1,63,,1748654,5427730,-41.28819397,174.7752721
Wellington City,WILLIS ST,50,S, ,BOULCOTT ST,2555675,10/11/05,Thu,1245,EE,CS1C,374B ,M,R,D,B ,F , ,N,C,50,0,0,0,,,1748583,5427578,-41.28957557,174.7744616
Wellington City,WILLIS ST,, ,I,BOULCOTT ST,2550704,26/02/05,Sat,1045,KC,BE2V,305A ,,R,D,BF,F ,X,T,C,50,0,0,0,,,1748603,5427623,-41.28916673,174.7746894
Wellington City,WILLIS ST,100,E, ,DIXON ST,2555884,20/10/05,Thu,1310,NA,CS1E,713B ,,R,D,O ,F , ,N,C,50,0,0,0,13,,1748561,5427530,-41.29001179,174.7742107
Wellington City,WILLIS ST,10,S, ,GHUZNEE ST,2551567,9/04/05,Sat,1758,MA,CN1C,373A 150B ,,R,D,DO,F ,M,T,R,50,0,0,0,,,1748442,5427263,-41.2924376,174.7728553
Wellington City,WILLIS ST,10,S, ,GHUZNEE ST,2551568,9/04/05,Sat,1757,FE,CN1C,181A 330A ,,R,D,DO,F ,M,T,R,50,0,0,0,,,1748442,5427263,-41.2924376,174.7728553
Wellington City,WILLIS ST,50,S, ,LAMBTON QUAY,2512207,9/06/05,Thu,1735,NA,BS1E,711B ,,R,D,TO,F , ,N,L,50,0,1,0,61,,1748720,5427877,-41.28685831,174.776024
Wellington City,WILLIS ST,15,N, ,MANNERS ST,2556716,14/11/05,Mon,1000,MA,XN14,140B 371B ,,R,D,O ,F , ,N,C,50,0,0,0,,,1748610,5427637,-41.2890394,174.7747695
Wellington City,WILLIS ST,50,S, ,VIVIAN ST,2556591,22/11/05,Tue,1030,AA,BN1C,197A ,,R,D,O ,F , ,N,C,50,0,0,0,,,1748351,5427061,-41.29427303,174.7718182
Wellington City,WILLIS ST,, ,I,WILLESTON ST,2513602,30/11/05,Wed,1620,NB,BS1E,711B 718B ,,R,D,O ,F ,X,T,L,50,0,1,0,37,,1748740,5427923,-41.28644047,174.7762515
Wellington City,WILLIS ST,, ,I,WILLESTON ST,2511892,13/05/05,Fri,,NA,BS1E,718B ,,R,D,O ,F ,X,T,C,50,0,1,0,27,,1748740,5427923,-41.28644047,174.7762515
Wellington City,WILLOWBANK ROAD,200,S, ,TAKAPU ROAD,2550304,3/02/05,Thu,857,GB,TS1C,158A 387A 929 ,,E,D,B ,F ,D,N,C,50,0,0,0,,,1753328,5438824,-41.18743761,174.8282772
Wellington City,WILTON ROAD,150,S, ,ALBEMARLE ROAD,2512333,18/06/05,Sat,914,AO,TS1S,129A 150A ,,R,W,O ,L , ,N,C,50,0,0,1,,49,1747056,5429258,-41.27472921,174.755828
Wellington City,WILTON ROAD,150,W, ,BLACKBRIDGE ROAD,2552053,5/04/05,Tue,737,EA,CN1B,363A 902 ,Q,E,D,B ,F , ,N,C,50,0,0,0,,,1747943,5430675,-41.26180922,174.7660699
Wellington City,WILTON ROAD,, ,I,WARWICK ST,2511497,14/03/05,Mon,748,FC,VW1V,331A ,,R,D,B ,F ,T,S,X,50,0,0,1,,,1747395,5430005,-41.26794176,174.7596931
Wellington City,WILTON ROAD,, ,I,WORCESTER ST,2512035,2/03/05,Wed,1806,AF,TN1S,183A ,,M,D,B ,F ,T,N,C,50,0,0,1,,40,1747048,5429343,-41.27396536,174.755712
Wellington City,WOODMAN DRIVE,, ,I,BING LUCAS DRIVE,2512233,1/07/05,Fri,1708,CB,CS1,112A 138A 632A 817 ,,R,D,TN,F ,Y,N,N,50,0,0,3,,,1753846,5440347,-41.17362733,174.8340681
Wellington City,WOODMAN DRIVE,100,S, ,KILKELLY CLOSE,2552614,9/05/05,Mon,1529,MC,CS1C,372B ,,M,D,B ,F , ,N,C,50,0,0,0,,,1753928,5440500,-41.17223426,174.8350067
Wellington City,WOODMAN DRIVE,500,S, ,RAROA TERRACE,2556464,23/12/05,Fri,1620,QD,CS1T,428A ,EM,E,W,O ,L , ,N,N,50,0,0,0,,,1754039,5440992,-41.16778353,174.8362056
Wellington City,WOODRIDGE DRIVE,100,S, ,KENTWOOD DRIVE,2556256,8/10/05,Sat,330,EA,CN1C,129A 410A ,M,R,D,DO,F , ,N,C,50,0,0,0,,,1753578,5435312,-41.21900987,174.8321387
Wellington City,WOODRIDGE DRIVE,, ,I,KENTWOOD DRIVE,2552269,15/05/05,Sun,1255,JA,CN1C,304A ,,E,D,O ,F ,T,N,C,50,0,0,0,,,1753612,5435404,-41.21817512,174.832521
Wellington City,YULE ST,, ,I,ENDEAVOUR ST,2555556,14/10/05,Fri,2241,DA,CN1,103A 111A 131A ,F,R,D,DO,F ,X,N,C,50,0,0,0,,,1750463,5423758,-41.32362003,174.7978479
Wellington City,Z BNZ DWAY,60,S, ,VICTORIA / WILLESTON,2554356,3/08/05,Wed,1555,MO,CW1T,371B 926 ,,R,D,B ,F ,D,N, ,50,0,0,0,,,1748778,5427842,-41.28716275,174.7767249
Wellington City,Z CPK AIRWAYS CORP BLD,60,N, ,BOULCOTT/ATHOL,2556794,24/12/05,Sat,1539,EC,CE1,504A ,H,R,D,B ,F , ,N,N,50,0,0,0,,,1748596,5427858,-41.28705221,174.7745485
Wellington City,Z CPK CHAFFERS NEW WORLD,, ,A,CHAFFERS/WAKEFIELD,2554238,29/07/05,Fri,1850,BA,CN14,112A 386A ,,R,D,TO,F , ,N,N,50,0,0,0,,,1749384,5427278,-41.29212877,174.7840968
Wellington City,Z CPK COUNTDOWN,, ,A,BRODERICK/GOTHIC,2551681,29/03/05,Tue,1900,MO,CN1C,371A ,M,R,D,DO,F , ,N,N,50,0,0,0,,,1751421,5435002,-41.22220739,174.8064955
Wellington City,Z CPK COUNTDOWN,, ,A,BRODERICK/GOTHIC,2550772,21/02/05,Mon,1815,MO,CS1C,371A ,M,R,D,O ,F , ,N,N,50,0,0,0,,,1751348,5434913,-41.22302235,174.8056471
Wellington City,Z CPK COURTENAY CENTRAL,60,W, ,WAKEFIELD/TORY,2555332,27/09/05,Tue,1050,MG,CN1C,351B 371B ,,E,D,O ,F , ,N,N,50,0,0,0,,,1749115,5427241,-41.29251163,174.7808947
Wellington City,Z CPK COURTENAY CENTRAL,60,W, ,WAKEFIELD/TORY ST,2550311,14/01/05,Fri,1525,MO,CW1C,385A ,M,R,D,B ,F , ,N,N,50,0,0,0,,,1749142,5427255,-41.2923806,174.7812136
Wellington City,Z CPK HOSPITAL,70,W, ,MEIN/MINERVA,2554767,26/09/05,Mon,1040,MO,CS1C,371A ,,R,D,O ,F , ,N,N,50,0,0,0,,,1748980,5425247,-41.31048936,174.7797713
Wellington City,Z CPK HOSPITAL,50,E, ,REGINA/RIDDIFORD,2556642,31/10/05,Mon,955,MO,CS1C,371A ,M,R,D,B ,F , ,N,N,50,0,0,0,,,1748945,5425261,-41.31036978,174.7793499
Wellington City,Z CPK HOSPITAL ROAD,500,E, ,ADELAIDE ROAD,2555712,13/07/05,Wed,540,EA,VE1C,122A 385A 920 ,M,R,D,DO,L ,D,N,N,50,0,0,0,,,1748960,5425658,-41.30679266,174.7794318
Wellington City,Z CPK JOHNSONVILLE MALL,100,E, ,BRODERICK/MOOREFIELD,2556810,16/11/05,Wed,1445,MO,CW1C,371A ,M,R,D,O ,F , ,N,C,50,0,0,0,,,1751377,5434850,-41.22358414,174.8060085
Wellington City,Z CPK JOHNSONVILLE MALL,150,S, ,MOOREFIELD/JOHNSONVILLE,2556646,20/11/05,Sun,1455,FA,CN1C,331A ,,R,D,B ,F , ,N,N,10,0,0,0,,,1751387,5434940,-41.22277197,174.8061054
Wellington City,Z CPK KEITH SPRY POOL,40,W, ,FRANKMOORE/MOOREFIELD,2552341,20/02/05,Sun,1800,MO,CN1C,386A 433A 920 ,,R,D,B ,F ,D,N,N,50,0,0,0,,,1751285,5435005,-41.22220582,174.804873
Wellington City,Z CPK KFC,, ,A,RONGOTAI ROAD,2556695,18/05/05,Wed,1630,MO,CE1C,309A ,,R,D,O ,L , ,N,R,50,0,0,0,,,1750345,5424386,-41.31798797,174.7962833
Wellington City,Z CPK LIGHTING DIRECT,160,N, ,HUTT/SAR,2512790,9/09/05,Fri,1600,NA,4N1E,713B 726B ,,R,D,B ,F , ,N,N,50,0,1,0,3,,1749360,5430231,-41.26554608,174.7830863
Wellington City,Z CPK LOMBARD,, ,A,BOND/LOMBARD,2513664,9/12/05,Fri,1705,FO,CE1C,102A 425A 610A ,,R,D,O ,L , ,S,N,10,0,0,1,,,1748742,5427550,-41.28979839,174.7763665
Wellington City,Z CPK MASSEY UNIVERSITY,, ,A,WALLACE/FINLAY,2556725,28/10/05,Fri,1950,MO,CS1C,371A ,,R,D,TF,F , ,N,N,50,0,0,0,,,1748618,5426029,-41.30351546,174.7752577
Wellington City,Z CPK MCMILLAN COURT,90,W, ,MCMILLAN/BRACKEN,2554236,18/02/05,Fri,1600,MO,CS1C,371A ,,R,D,B ,F , ,N,N,50,0,0,0,,,1752769,5434858,-41.2232505,174.8226058
Wellington City,Z CPK NEW WORLD,20,W, ,MEDWAY/THE PARADE,2551996,25/03/05,Fri,50,MO,CE1V,103A 371A ,M,R,D,DO,F , ,N,N,50,0,0,0,,,1748355,5422596,-41.3344726,174.7729552
Wellington City,Z CPK PAK N SAVE,, ,A,RONGOTAI ROAD,2551477,9/02/05,Wed,1330,MO,CW1V,423A 427A ,,R,D,B ,F , ,N,N,50,0,0,0,,,1750396,5424335,-41.31843763,174.796905
Wellington City,Z CPK PAK N SAVE,30,E, ,RONGOTAI/ONEPU,2551871,27/02/05,Sun,1140,MF,XW1C,371B ,,R,D,O ,FS, ,N,N,50,0,0,0,,,1750415,5424307,-41.31868618,174.7971388
Wellington City,Z CPK PRINCESS BAY,80,E, ,QUEENS DR/THE ESPLANADE,2551934,16/01/05,Sun,1745,EA,CE1CCC,103A 386A ,M,E,D,B ,F , ,N,N,50,0,0,0,,,1749650,5421381,-41.34517222,174.7887237
Wellington City,Z CPK RIALTO CINEMA,30,N, ,TARANAKI/WAKEFIELD,2552279,17/05/05,Tue,1800,MO,CW1C,140A 371A 386A ,,R,D,DO,F , ,N,N,50,0,0,0,,,1749013,5427423,-41.29089184,174.7796325
Wellington City,Z CPK STATIONERY WAREHOUS,90,S, ,VICTORIA/DIXON,2552616,22/05/05,Sun,1030,MO,CE1C,371A ,M,R,D,O ,F , ,N,N,50,0,0,0,,,1748576,5427328,-41.29182772,174.7744391
Wellington City,Z CPK TARANAKI WHARF,, ,A,TARANAKI ST,2551419,17/01/05,Mon,1525,QO,CW1C,514B 522B ,M,R,D,B ,FS, ,N,N,50,0,0,0,,,1748977,5427565,-41.28962,174.779168
Wellington City,Z CPK TAWA MALL,, ,A,OXFORD ST,2555017,3/10/05,Mon,1430,MO,CW14,371A ,,R,D,O ,F , ,N,N,50,0,0,0,,,1753287,5441066,-41.16725981,174.8272273
Wellington City,Z CPK TAWA MALL,100,S, ,OXFORD/SURREY,2551475,30/03/05,Wed,1556,MO,4S1C,371A ,,R,W,O ,L , ,N,N,50,0,0,0,,,1753321,5440996,-41.16788362,174.8276499
Wellington City,Z CPK TE PAPA,200,E, ,CABLE/TARANAKI,2556583,6/12/05,Tue,900,MO,ON1C,371A ,M,R,D,O ,F , ,N,N,50,0,0,0,,,1749242,5427389,-41.29115566,174.7823745
Wellington City,Z CPK THE WAREHOUSE,, ,A,TIRANGI ROAD,2550183,23/01/05,Sun,1430,MO,VE1C,371A ,M,R,D,O ,F , ,N,N,50,0,0,0,,,1750875,5423437,-41.32643309,174.8028482
Wellington City,Z CPK THE WAREHOUSE,20,N, ,TIRANGI/GEORGE BOLT,2552894,8/06/05,Wed,1220,EA,CS1C,129A 400A ,M,R,D,O ,F , ,N,N,50,0,0,0,,,1750885,5423484,-41.32600807,174.8029559
Wellington City,Z CPK THE WAREHOUSE,60,S, ,TORY/CABLE,2551703,5/04/05,Tue,1600,MO,CW1C,386A 402A ,M,R,D,O ,F , ,N,C,50,0,0,0,,,1749214,5427321,-41.29177306,174.7820569
Wellington City,Z CPK TILE WAREHOUSE,240,N, ,KAIWHARAWHARA/PICKERING,2551176,11/03/05,Fri,1240,MF,VN1V,371A ,,R,D,B ,F , ,N,N,50,0,0,0,,,1749733,5430994,-41.25860742,174.7873498
Wellington City,Z CPK VICTORIA,200,E, ,KELBURN PARADE,2511888,13/03/05,Sun,1550,DA,PW1,130A 410A ,,E,D,B ,F , ,N,N,50,0,0,1,,,1748057,5427487,-41.29049153,174.7682049
Wellington City,Z CPK WEIR HOUSE,, ,A,GLADSTONE TERRACE,2554601,15/09/05,Thu,1100,MO,CE1C,386A ,M,R,D,O ,F , ,N,N,50,0,0,0,,,1748205,5428198,-41.2840629,174.7697985
Wellington City,Z CPK WELLINGTON AIRPORT,, ,A,STEWART DUFF DRIVE,2553763,15/05/05,Sun,1540,EE,VN1C,374B ,M,R,D,O ,F , ,N,R,50,0,0,0,,,1751691,5423178,-41.32861181,174.8126588
Wellington City,Z CPK WILSON ST,30,E, ,WILSON/RIDDIFORD,2555521,5/10/05,Wed,1540,MO,CS1C,386A ,,R,D,O ,F ,D, ,C,50,0,0,0,,,1749006,5424990,-41.31279843,174.7801447
Wellington City,Z CPK WOOLWORTHS,180,S, ,BAY / RONGOTAI,2553437,30/04/05,Sat,1200,MO,VN1C,386A ,M,R,D,OF,F , ,N,N,50,0,0,0,,,1750279,5424228,-41.31942279,174.7955342
Wellington City,Z CPK WOOLWORTHS,50,N, ,DISRAELI/JOHNSONVILLE,2553220,12/06/05,Sun,135,MO,CN1C,371A 410A ,,R,W,DO,L , ,N,N,50,0,0,0,,,1751528,5434683,-41.22505945,174.8078506
Wellington City,Z CPK WOOLWORTHS,, ,A,JOHNSONVILLE/BRODERICK,2556779,16/12/05,Fri,2020,MO,4W1C,386B ,,R,D,TN,F , ,N,C,50,0,0,0,,,1751535,5434738,-41.22456295,174.8079204
Wellington City,Z CPK WOOLWORTHS,50,N, ,OXFORD/MELVILLE,2553169,10/06/05,Fri,1540,MO,CN1C,386A ,M,R,W,O ,L , ,N,N,50,0,0,0,,,1753205,5440774,-41.1699043,174.8263234
Wellington City,Z DORRIE LESLIE PK,100,S, ,QUEENS/HUNGERFORD,2556581,1/12/05,Thu,1531,MO,VN1C,370B 444B ,,M,D,B ,F , ,N,N,50,0,0,0,,,1750016,5421967,-41.33982823,174.7929515
Wellington City,Z DWAY 34 PATANGA ROAD,180,N, ,PATANGA/TINAKORI,2556432,30/09/05,Fri,2130,MO,VS1C,371A 929 ,,R,D,DO,F ,D,N,N,50,0,0,0,,,1748014,5428799,-41.27868683,174.7673727
Wellington City,Z DWAY 571 OHARIU VALLEY,300,W, ,RIFLE RANGE ROAD,2552169,27/04/05,Wed,1620,MO,CS1V,357A 512A 929 ,,R,D,TN,F ,D,N,N,100,0,0,0,,,1748488,5436392,-41.21023595,174.7711824
Wellington City,Z DWAY 87 NOTTINGHAM,70,S, ,NOTTINGHAM/CROSS,2512465,8/07/05,Fri,1900,MO,CW1,386A 403A 929 ,E,R,W,DO,F ,D,N,N,50,0,0,1,,,1746323,5429008,-41.27711323,174.74714
Wellington City,Z DWAY 87B,, ,A,RODRIGO ROAD,2552388,16/04/05,Sat,1655,DB,CS1,133A 423A 929 ,EF,E,D,O ,F ,D,N,N,50,0,0,0,,,1749820,5424004,-41.32152494,174.7901078
Wellington City,Z DWAY RAILYARDS,, ,A,AOTEA QUAY,2553914,26/07/05,Tue,1600,JA,VN1T,111A 308B 928 ,,E,D,O ,FS,D,N,R,50,0,0,0,,,1749551,5430084,-41.26683426,174.7854015
Wellington City,Z FCT BP MIRAMAR,100,E, ,MIRAMAR/TAUHINU,2552119,2/04/05,Sat,1735,MO,CS1,423A 427A 922 ,FH,R,D,O ,F ,D,N,N,50,0,0,0,,,1751895,5424684,-41.31501457,174.814719
Wellington City,Z FCT BP TAWA,, ,A,MAIN ROAD,2511904,29/04/05,Fri,2240,PO,CN1E,371A 730B ,,R,D,DO,F , ,N,N,50,0,0,1,35,,1753120,5440133,-41.17569153,174.8254708
Wellington City,Z FCT SHELL,, ,A,COUTTS ST,2550703,11/01/05,Tue,2030,CA,CW1,133A 423A ,S,R,D,TO,F , ,N,N,50,0,0,0,,,1750173,5424163,-41.32002776,174.7942844
Wellington City,Z FCT SHELL,, ,A,WATERLOO QUAY / WHITMORE,2554423,6/07/05,Wed,2100,MO,XN1C,110A 207A 922 ,,R,D,DO,F ,D,N,N,50,0,0,0,,,1748955,5428466,-41.28151196,174.778685
Wellington City,Z FCT WGTN RLY STN,, ,A,BUNNY ST,2554290,23/07/05,Sat,1530,MO,4W1C,386A 443B ,,R,D,O ,F , ,N,N,50,0,0,0,,,1749098,5428660,-41.2797389,174.7803443
Wellington City,Z HOSPITAL ROAD,500,E, ,ADELAIDE ROAD,2551048,2/03/05,Wed,1830,MO,CE1C,371A ,,M,D,TF,F , ,N,C,50,0,0,0,,,1748965,5425612,-41.30720589,174.7795028
Wellington City,Z MOBIL FCT,, ,A,SH 1N/TORY,2556811,23/11/05,Wed,1420,MO,CW1V,371A ,,R,D,O ,F , ,N,N,50,0,0,0,,,1748846,5426597,-41.29835949,174.777841
Wellington City,WILLIS ST,, ,I,1N//0,2554580,15/09/05,Thu,1153,AC,TN1C,372A 129B ,,R,D,B ,F ,X,T,C,50,0,0,0,,,1748371,5427107,-41.29385519,174.7720458
Wellington City,1N/1050/6.375,1600,S, ,MUNGAVIN OFF NBD,2552457,23/05/05,Mon,715,FD,CN1CCC,197A 181C ,,R,W,O ,H , ,N,R,100,0,0,0,,,1754319,5442358,-41.15543173,174.8391977
Wellington City,1N/1050/6.507,300,N, ,COLLINS OBR,2556345,24/11/05,Thu,645,CB,CN1,410A ,C,R,D,O ,F , ,N,C,100,0,0,0,,,1754261,5442239,-41.15651416,174.8385367
Wellington City,1N/1050/6.631,3000,N, ,TAWA OFF SBD,2554925,5/10/05,Wed,655,EB,CS1CCC,370A ,Q,R,W,O ,L , ,N,C,100,0,0,0,,,1754217,5442125,-41.15754891,174.8380413
Wellington City,1N/1050/6.775,2000,S, ,MUNGAVIN OFF NBD,2556402,5/10/05,Wed,724,CA,TN1C,137A 615A ,,R,W,O ,L , ,N,R,100,0,0,0,,,1754142,5442000,-41.15868858,174.8371792
Wellington City,1N/1050/6.975,2200,S, ,MUNGAVIN OFF NBD,2555142,5/10/05,Wed,725,AF,TN1V,132A 197A 615A ,,R,W,O ,L , ,N,R,100,0,0,0,,,1754063,5441816,-41.16036021,174.8362844
Wellington City,1N/1050/7.514,2100,N, ,TAWA ON NBD,2550208,13/01/05,Thu,1231,CB,CN1,135A 903 ,G,R,D,O ,FS, ,N,R,100,0,0,0,,,1753850,5441320,-41.16486632,174.8338714
Wellington City,1N/1050/7.614,2000,N, ,TAWA ON NBD,2550573,28/02/05,Mon,1922,FD,VN1C,352A ,,R,W,TN,H , ,N,R,100,0,0,0,,,1753810,5441228,-41.16570221,174.8334179
Wellington City,1N/1050/7.614,2000,N, ,TAWA ON NBD,2512784,6/09/05,Tue,2222,CB,CN1,131A 524A ,C,R,D,DO,F , ,N,C,100,0,0,2,,,1753810,5441228,-41.16570221,174.8334179
Wellington City,1N/1050/8.214,1400,N, ,TAWA ON NBD,2550202,5/01/05,Wed,1247,CC,CN1,132A 135A 806 ,G,R,W,O ,L , ,N,R,100,0,0,0,,,1753625,5440661,-41.1708422,174.831356
Wellington City,1N/1050/8.454,1160,N, ,TAWA ON NBD,2550182,24/01/05,Mon,1212,CB,CN1,137A 402A ,C,R,W,O ,M , ,N,R,100,0,0,0,,,1753580,5440425,-41.17297552,174.830879
Wellington City,1N/1050/9.114,500,N, ,TAWA ON NBD,2554228,26/08/05,Fri,1740,AC,CN1V,386A ,,R,D,B ,F , ,N,C,100,0,0,0,,,1753423,5439785,-41.1787674,174.8291686
Wellington City,1N/1050/9.131,500,N, ,TAWA OFF SBD,2551021,12/03/05,Sat,1436,CC,CS1T,131A 358A ,G,R,D,B ,F , ,N,C,100,0,0,0,,,1753429,5439766,-41.17893733,174.8292448
Wellington City,1N/1050/9.381,250,N, ,TAWA OFF SBD,2553717,29/07/05,Fri,850,FD,CS1CC,112A 181A ,,R,D,B ,F , ,N,R,100,0,0,0,,,1753398,5439523,-41.18113101,174.8289363
Wellington City,1N/1050/9.414,200,N, ,TAWA ON NBD,2550209,4/01/05,Tue,1115,AA,CN1C,372A 381A ,C,E,D,B ,F , ,N,R,100,0,0,0,,,1753393,5439494,-41.18139306,174.828884
Wellington City,1N/1050/9.431,200,N, ,TAWA OFF SBD,2513074,5/10/05,Wed,643,FD,VS1CC,110A 331A ,,M,W,O ,L , ,N,R,100,0,0,1,,,1753415,5439476,-41.18155095,174.8291507
Wellington City,1N/1050/9.514,100,N, ,TAWA ON NBD,2553700,28/07/05,Thu,1050,AD,CN1,110A 135A 801 ,CG,M,W,O ,L , ,N,R,100,0,0,0,,,1753440,5439406,-41.18217645,174.8294661
Wellington City,1N/1050/9.768,500,N, ,TAWA OFF NBD,2554960,7/10/05,Fri,1233,QG,CN1CC,682A ,,E,D,B ,F , ,N,C,100,0,0,0,,,1753597,5439209,-41.18392037,174.8313866
Wellington City,1N/1050/9.775,5000,S, ,MUNGAVIN OFF NBD,2552198,28/02/05,Mon,1840,CA,CN1,136A 177A 631A ,C,R,D,O ,F , ,N,C,100,0,0,0,,,1753601,5439203,-41.18397363,174.8314357
Wellington City,1N/1050/9.81,180,S, ,TAWA OFF SBD,2556586,14/12/05,Wed,734,FD,CS14C,181A ,,E,D,B ,F , ,N,R,100,0,0,0,,,1753637,5439170,-41.18426391,174.8318731
Wellington City,1N/1060/0.119,200,N, ,TAWA OFF NBD,2511501,20/03/05,Sun,255,DB,CN1C,103A 111A 526A 801 ,G,M,W,DO,L , ,N,C,100,0,1,1,,,1753654,5438926,-41.1864575,174.8321369
Wellington City,1N/1060/0.137,450,S, ,TAWA OFF SBD,2555263,5/10/05,Wed,643,FD,CS1V,111A 331A ,,E,W,O ,L , ,N,R,100,0,0,0,,,1753665,5438908,-41.18661748,174.8322725
Wellington City,1N/1060/0.265,, ,A,TAWA ON SBD,2554933,5/10/05,Wed,615,FD,VS1C,181A ,,R,W,DO,H , ,N,C,100,0,0,0,,,1753635,5438783,-41.18774858,174.8319464
Wellington City,1N/1060/0.265,, ,I,TAWA ON SBD,2513067,5/10/05,Wed,610,AC,CS1,137A 402A 407A ,CG,E,W,O ,H ,Y,N,R,100,0,0,1,,,1753635,5438783,-41.18774858,174.8319464
Wellington City,1N/1060/0.519,200,S, ,TAWA OFF NBD,2550611,12/01/05,Wed,1242,DB,CN1,121A 131A ,C,E,D,B ,F , ,N,R,100,0,0,0,,,1753546,5438541,-41.18994426,174.8309464
Wellington City,1N/1060/1.219,900,S, ,TAWA OFF NBD,2513034,21/10/05,Fri,2200,DB,CN1,332A 358A ,ET,M,D,DN,F , ,N,R,100,0,0,2,,,1753226,5437967,-41.19517277,174.8272761
Wellington City,1N/1060/1.265,1000,S, ,TAWA ON SBD,2550806,2/02/05,Wed,719,FD,CS1C,110A 801 ,,R,W,O ,L , ,N,R,100,0,0,0,,,1753211,5437935,-41.19546372,174.8271054
Wellington City,1N/1060/1.319,1000,S, ,TAWA OFF NBD,2511135,12/02/05,Sat,2245,DA,CN1,111A 330A ,C,E,D,DO,F , ,N,R,100,0,0,1,,,1753148,5437904,-41.19575474,174.8263622