TLA NAME,CRASH ROAD,CRASH DIST,CRASH DIRN,INTSN,SIDE ROAD,CRASH ID,CRASH DATE,CRASH DOW,CRASH TIME,MVMT,VEHICLES,CAUSES,OBJECTS STRUCK,ROAD CURVE,ROAD WET,LIGHT,WTHRa,JUNC TYPE,TRAF CTRL,ROAD MARK,SPD LIM,CRASH FATAL CNT,CRASH SEV CNT,CRASH MIN CNT,PERS AGE1,PERS AGE2,EASTING,NORTHING,latitude,longitude
Wellington City,1N/1060/1.319,1000,S, ,TAWA OFF NBD,2513029,6/10/05,Thu,500,DA,CN1,102A 131A 410A ,CT,E,D,DN,F , ,N,R,100,0,0,1,,,1753148,5437904,-41.19575474,174.8263622
Wellington City,1N/1060/1.819,1500,S, ,TAWA OFF NBD,2555639,3/11/05,Thu,313,DA,CN1,103A 111A 632A ,T,E,D,DF,F , ,N,C,100,0,0,0,,,1752937,5437462,-41.19977409,174.8239576
Wellington City,1N/1060/2.085,50,S, ,CHURTON PARK OFF SBD,2511729,3/03/05,Thu,825,CC,CS1V,130A 501A ,G,R,D,O ,F , ,N,C,100,0,0,1,,,1752853,5437216,-41.20200477,174.8230178
Wellington City,1N/1060/2.135,100,S, ,CHURTON PARK OFF SBD,2555297,19/09/05,Mon,925,FF,CS1C,191A 407A 181B 915 ,W,R,D,B ,F , ,N,C,100,0,0,0,,,1752832,5437171,-41.20241389,174.8227787
Wellington City,1N/1060/2.275,240,S, ,CHURTON PARK OFF SBD,2552737,14/06/05,Tue,809,FD,CS1CC,181A 191B ,,R,W,O ,M , ,N,C,100,0,0,0,,,1752768,5437046,-41.20355138,174.822047
Wellington City,1N/1060/2.465,2200,S, ,TAWA ON SBD,2555401,19/10/05,Wed,1210,AC,CS1,197A 372A 684A ,G,R,D,O ,F , ,N,R,100,0,0,0,,,1752636,5436911,-41.20479173,174.8205071
Wellington City,1N/1060/2.869,, ,I,CHURTON PARK OFF NBD,2550749,19/02/05,Sat,2155,DB,CN1,111A 136A 668A ,GI,E,D,DO,F ,Y,N,R,100,0,0,0,,,1752353,5436619,-41.20747402,174.8172061
Wellington City,1N/1060/3.149,300,S, ,CHURTON PARK ON SBD,2554551,13/09/05,Tue,756,FD,VS1CC,410A ,,R,D,O ,F , ,N,R,100,0,0,0,,,1752253,5436363,-41.20979769,174.8160777
Wellington City,1N/1060/3.269,400,S, ,CHURTON PARK OFF NBD,2510054,2/07/05,Sat,145,PA,CN1E,702B 703B 724B ,,R,D,DN,F , ,N,R,100,1,0,1,39,,1752191,5436253,-41.21079972,174.8153659
Wellington City,1N/1060/3.349,500,S, ,CHURTON PARK ON SBD,2554291,29/07/05,Fri,720,FD,CS1CC,191A 331C ,GG,R,W,O ,L , ,N,R,100,0,0,0,,,1752174,5436180,-41.21146017,174.8151814
Wellington City,1N/1060/3.93,300,N, ,JOHNSONVILLE ON NBD,2554079,28/07/05,Thu,2015,FD,VN1C,331A 352A ,,R,W,DO,H , ,N,R,100,0,0,0,,,1751907,5435656,-41.21622809,174.8121283
Wellington City,1N/1060/4.03,200,N, ,JOHNSONVILLE OFF SBD,2556147,30/10/05,Sun,535,CO,4S1,101A 130A ,CG,R,D,TN,F , , ,C,100,0,0,0,,,1751881,5435565,-41.21705228,174.8118409
Wellington City,1N/1060/4.03,200,N, ,JOHNSONVILLE ON NBD,2555911,28/11/05,Mon,1645,QG,VN1C,660A ,D,R,D,O ,F , ,N,R,100,0,0,0,,,1751864,5435566,-41.21704647,174.8116379
Wellington City,JOHNSONVILLE OFF SBD,, ,I,1N/1060/4.23,2551007,24/02/05,Thu,2330,DA,CS2,111A 135A ,BT,M,W,DO,F ,Y,N,R,100,0,0,0,,,1751794,5435385,-41.21868921,174.8108482
Wellington City,1N/1060/4.23,, ,I,JOHNSONVILLE ON NBD,2554941,31/08/05,Wed,2350,AC,CN2C,512A 691A 514B ,,E,D,DO,F ,Y,N,R,100,0,0,0,,,1751777,5435386,-41.2186834,174.8106453
Wellington City,1N/1060/4.23,, ,I,JOHNSONVILLE ON NBD,2512382,20/07/05,Wed,1810,FD,CN2CV,331A 353A 191B ,,R,W,DO,H ,Y,N,R,100,0,1,0,,,1751777,5435386,-41.2186834,174.8106453
Wellington City,1N/1060/4.26,30,S, ,JOHNSONVILLE ON NBD,2552665,29/04/05,Fri,1330,AC,TN1C,381A ,,R,D,B ,F , ,N,R,100,0,0,0,,,1751764,5435359,-41.21892893,174.810497
Wellington City,1N/1060/4.29,60,S, ,JOHNSONVILLE OFF SBD,2552888,10/06/05,Fri,730,FD,CS1C,181A ,,R,D,O ,F , ,N,C,100,0,0,0,,,1751767,5435332,-41.21917146,174.8105395
Wellington City,1N/1060/4.73,500,S, ,JOHNSONVILLE ON NBD,2555750,16/11/05,Wed,1735,FD,CN14,331A ,,R,D,O ,F , ,N,C,100,0,0,0,,,1751624,5434917,-41.22293467,174.8089373
Wellington City,1N/1060/4.892,500,N, ,JOHNSONVILLE OFF NBD,2555727,27/10/05,Thu,1710,FD,CN1CCC,181A 180C ,,R,D,B ,F , ,N,C,100,0,0,0,,,1751617,5434755,-41.22439453,174.808894
Wellington City,1N/1060/4.992,400,N, ,JOHNSONVILLE OFF NBD,2552092,4/05/05,Wed,715,EB,CN1T,331A 651B ,M,R,W,O ,L , ,N,R,100,0,0,0,,,1751591,5434658,-41.22527273,174.8086081
Wellington City,1N/1060/5.345,50,N, ,NEWLANDS OFF SBD,2556424,23/12/05,Fri,1235,AC,CS1,132A 402A 407A ,G,M,W,O ,H , ,N,R,80,0,0,0,,,1751580,5434322,-41.22829993,174.8085603
Wellington City,1N/1060/5.362,30,N, ,JOHNSONVILLE OFF NBD,2556191,13/12/05,Tue,644,AA,CN1C,372A ,G,E,W,O ,M , ,N,R,80,0,0,0,,,1751580,5434305,-41.22845299,174.8085645
Wellington City,1N/1060/5.492,100,S, ,JOHNSONVILLE OFF NBD,2551036,11/02/05,Fri,2250,DB,CN1,111A 135A 801 ,G,M,W,DO,L , ,N,R,80,0,0,0,,,1751643,5434191,-41.22946756,174.8093441
Wellington City,1N/1060/5.557,200,N, ,JOHNSONVILLE ON SBD,2553846,29/07/05,Fri,719,FD,CS1C,181A ,,R,D,O ,F , ,N,C,100,0,0,0,,,1751684,5434138,-41.22993706,174.8098462
Wellington City,1N/1060/5.592,200,S, ,JOHNSONVILLE OFF NBD,2513032,11/10/05,Tue,800,DB,MN1,135A 823 ,,E,W,O ,H , ,N,C,80,0,0,1,,,1751686,5434101,-41.23026981,174.8098793
Wellington City,1N/1060/5.612,220,S, ,JOHNSONVILLE OFF NBD,2513522,6/12/05,Tue,620,DB,CN1,111A 131A ,G,M,W,O ,F , ,N,C,80,0,0,1,,,1751690,5434082,-41.23044012,174.8099317
Wellington City,1N/1060/5.692,300,S, ,JOHNSONVILLE OFF NBD,2551760,22/03/05,Tue,743,DB,CN1,111A 131A ,G,M,W,O ,M , ,N,C,80,0,0,0,,,1751687,5434002,-41.23116095,174.8099158
Wellington City,1N/1060/5.757,, ,A,JOHNSONVILLE ON SBD,2513268,16/11/05,Wed,820,MC,MS1C,200B 372B 631B ,,E,D,B ,F , ,N,R,80,0,0,1,,,1751683,5433943,-41.2316929,174.8098827
Wellington City,1N/1060/5.792,400,S, ,JOHNSONVILLE OFF NBD,2553158,21/06/05,Tue,1740,FD,CN1C,181A ,,R,W,O ,L , ,N,R,100,0,0,0,,,1751638,5433917,-41.23193543,174.8093525
Wellington City,1N/1060/5.957,200,S, ,JOHNSONVILLE ON SBD,2555758,18/09/05,Sun,1940,DA,VS1C,111A 131A ,GP,M,W,DO,LS, ,N,C,80,0,0,0,,,1751554,5433790,-41.2330946,174.8083822
Wellington City,1N/1060/6,, ,I,NEWLANDS ON SBD,2551983,20/01/05,Thu,750,AC,CS1C,181A 386A ,,R,D,B ,F ,Y,N,R,80,0,0,0,,,1751527,5433757,-41.23339677,174.8080684
Wellington City,1N/1060/6.021,20,S, ,NEWLANDS ON SBD,2551933,1/04/05,Fri,707,FD,CS1CC,331A ,,R,D,O ,F , ,N,R,80,0,0,0,,,1751514,5433742,-41.23353425,174.8079171
Wellington City,1N/1060/6.101,100,S, ,NEWLANDS ON SBD,2551479,14/03/05,Mon,850,FC,CS1C,112A 181A ,,R,D,B ,F , ,N,R,80,0,0,0,,,1751461,5433681,-41.23409339,174.8073001
Wellington City,1N/1060/6.201,200,S, ,NEWLANDS ON SBD,2550167,5/01/05,Wed,1445,DB,TS1,403A 420A 801 ,C,M,W,O ,H , ,N,R,80,0,0,0,,,1751397,5433605,-41.23478963,174.8065556
Wellington City,1N/1060/6.201,200,S, ,NEWLANDS ON SBD,2512766,23/08/05,Tue,519,CC,TS1,358A 407A 524A ,C,R,D,DO,F , ,N,R,80,0,0,2,,,1751397,5433605,-41.23478963,174.8065556
Wellington City,1N/1060/6.301,300,S, ,NEWLANDS ON SBD,2512987,16/09/05,Fri,740,DB,SS1,137A 204A ,,E,D,B ,F , ,N,R,80,0,0,1,,38,1751338,5433524,-41.23552994,174.805872
Wellington City,1N/1060/6.317,300,N, ,ABATTOIRS ROAD,2556824,27/09/05,Tue,1455,FD,CN1C,181A ,,E,W,O ,H , ,N,C,80,0,0,0,,,1751314,5433507,-41.23568749,174.80559
Wellington City,1N/1060/6.393,150,S, ,NEWLANDS OFF NBD,2554973,19/08/05,Fri,1332,AC,TN1C,372A 137B ,G,E,D,O ,F , ,N,R,80,0,0,0,,,1751291,5433434,-41.23634904,174.8053337
Wellington City,1N/1060/6.443,200,S, ,NEWLANDS OFF NBD,2512013,20/05/05,Fri,449,AD,CN1C,111A 358A ,,E,W,DO,L , ,N,R,80,0,0,1,,,1751284,5433385,-41.23679151,174.8052624
Wellington City,1N/1060/6.443,200,S, ,NEWLANDS OFF NBD,2512683,3/05/05,Tue,1230,AC,CN1,133A 135A 801 ,C,E,W,O ,LS, ,N,R,80,0,0,1,,,1751284,5433385,-41.23679151,174.8052624
Wellington City,1N/1060/6.501,500,S, ,NEWLANDS ON SBD,2556480,21/08/05,Sun,1200,AC,CS1C,372A ,G,E,D,O ,F , ,N,R,80,0,0,0,,,1751296,5433332,-41.23726645,174.8054187
Wellington City,1N/1060/6.501,500,S, ,NEWLANDS ON SBD,2555523,28/10/05,Fri,825,AC,CS1C,386A 387A ,,R,D,O ,F , ,N,R,80,0,0,0,,,1751296,5433332,-41.23726645,174.8054187
Wellington City,1N/1060/6.567,50,N, ,ABATTOIRS ROAD,2552245,24/04/05,Sun,2050,DA,4N1,111A 133A ,P,E,W,DO,HS, ,N,R,80,0,0,0,,,1751293,5433262,-41.23789725,174.8054002
Wellington City,1N/1060/6.577,40,N, ,ABATTOIRS ROAD,2511818,9/04/05,Sat,1045,DA,VN1,111A 402A 403A 630A ,P,M,W,O ,F , ,N,R,80,0,0,1,,,1751297,5433253,-41.23797753,174.8054502
Wellington City,1N/1060/6.617,, ,I,ABATTOIRS ROAD,2513709,3/12/05,Sat,2257,DA,4N1,111A 402A ,G,M,W,DO,L ,T,G,R,80,0,0,1,,,1751312,5433216,-41.23830785,174.8056382
Wellington City,1N/1060/6.617,, ,I,ABATTOIRS ROAD,2513614,1/12/05,Thu,1555,KA,BN1T,158A 209A ,,E,D,B ,F ,T,G,R,80,0,0,1,,,1751312,5433216,-41.23830785,174.8056382
Wellington City,1N/1060/6.646,30,S, ,ABATTOIRS ROAD,2553757,16/06/05,Thu,2247,AC,CN1C,372A 641A ,,E,D,DO,F , ,N,R,80,0,0,0,,,1751328,5433191,-41.23852994,174.8058353
Wellington City,1N/1060/6.743,500,S, ,NEWLANDS OFF NBD,2550715,12/02/05,Sat,238,AD,CN1,110A 135A 801 ,G,E,W,DO,F , ,N,R,80,0,0,0,,,1751392,5433119,-41.2391662,174.8066165
Wellington City,1N/1060/6.917,300,N, ,TYERS ROAD,2551443,20/01/05,Thu,1545,AC,CN1C,372A ,,R,D,B ,F , ,N,R,80,0,0,0,,,1751528,5433011,-41.2401131,174.8082655
Wellington City,1N/1060/6.917,300,N, ,TYERS ROAD,2551631,19/04/05,Tue,1220,FA,CN1T,351A 386A ,,R,D,B ,F , ,N,R,80,0,0,0,,,1751528,5433011,-41.2401131,174.8082655
Wellington City,1N/1060/6.924,350,N, ,CENTENNIAL SBD,2553340,12/06/05,Sun,215,AD,CE1,131A 190A ,G,E,W,DO,L , ,N,R,80,0,0,0,,,1751549,5433010,-41.24011817,174.8085162
Wellington City,1N/1060/6.975,300,N, ,CENTENNIAL SBD,2550775,25/02/05,Fri,807,AA,CS1C,372A 333B ,,R,D,B ,F , ,N,R,80,0,0,0,,,1751580,5432971,-41.24046349,174.8088957
Wellington City,1N/1060/7.075,200,N, ,CENTENNIAL SBD,2552500,5/05/05,Thu,730,FD,CS1C,181A 402A ,,M,W,O ,F , ,N,R,80,0,0,0,,,1751642,5432892,-41.24116313,174.8096548
Wellington City,1N/1060/7.116,100,W, ,TYERS ROAD,2554498,12/08/05,Fri,2002,DA,VW1,135A 680A 801 ,C,E,W,DO,L , ,N,R,80,0,0,0,,,1751651,5432855,-41.24149456,174.8097714
Wellington City,1N/1060/7.175,100,N, ,CENTENNIAL SBD,2512004,25/04/05,Mon,1245,DB,VS1,111A 131A ,G,M,W,O ,HS, ,N,R,100,0,0,3,,,1751714,5432823,-41.24177085,174.8105308
Wellington City,1N/1060/7.216,, ,I,TYERS ROAD,2553695,15/07/05,Fri,2039,DB,CW1,111A 131A 514A ,CI,E,W,DO,F ,T,N,R,80,0,0,0,,,1751729,5432793,-41.24203814,174.8107172
Wellington City,1N/1060/7.216,, ,I,TYERS ROAD,2550600,14/02/05,Mon,853,AC,TN1C,370A ,,R,D,B ,F ,T,G,R,80,0,0,0,,,1751729,5432793,-41.24203814,174.8107172
Wellington City,1N/1060/7.216,, ,I,TYERS ROAD,2556585,7/12/05,Wed,910,DB,CN1,385A ,G,E,D,O ,F ,T,G,R,80,0,0,0,,,1751729,5432793,-41.24203814,174.8107172
Wellington City,1N/1060/7.261,100,N, ,CENTENNIAL NBD,2511447,28/02/05,Mon,2053,AA,TN1C,372A ,G,R,D,DO,F , ,N,C,80,0,0,2,,,1751769,5432774,-41.2422017,174.811199
Wellington City,1N/1060/7.266,50,S, ,TYERS ROAD,2512518,20/07/05,Wed,1845,FD,CN1C,111A 181A ,,E,D,DO,F , ,N,C,80,0,0,1,,,1751774,5432772,-41.24221877,174.8112592
Wellington City,1N/1060/7.274,, ,I,CENTENNIAL SBD,2552812,11/02/05,Fri,2152,AC,CE1C,191A 372A ,,E,W,DO,H ,Y,N,R,100,0,0,0,,,1751801,5432776,-41.24217768,174.8115802
Wellington City,1N/1060/7.275,, ,I,CENTENNIAL SBD,2512486,21/07/05,Thu,710,FA,TS1CT,331A 440B 201C ,,E,D,TN,F ,Y,N,R,80,0,0,1,,,1751802,5432775,-41.2421865,174.8115924
Wellington City,1N/1060/7.276,60,S, ,TYERS ROAD,2553308,16/06/05,Thu,2059,DB,CN1,111A 514A ,PS,E,D,DO,F , ,N,R,80,0,0,0,,,1751784,5432768,-41.2422529,174.8113794
Wellington City,1N/1060/7.316,100,S, ,TYERS ROAD,2511917,29/04/05,Fri,1634,FD,CN1TCV,110A 191A 181B 181C 181D 831 ,,M,D,O ,F , ,N,R,80,0,0,1,,,1751820,5432751,-41.2423992,174.8118131
Wellington City,1N/1060/7.366,150,S, ,TYERS ROAD,2556746,1/10/05,Sat,135,DB,CN1,131A ,G,M,D,DO,F , ,N,R,100,0,0,0,,,1751865,5432730,-41.24257982,174.8123551
Wellington City,1N/1060/7.394,120,S, ,CENTENNIAL SBD,2512543,5/07/05,Tue,1223,DA,CS1V,132A 410A ,,E,D,B ,F , ,N,C,100,0,0,1,,,1751907,5432720,-41.24266196,174.8128585
Wellington City,1N/1060/7.474,200,S, ,CENTENNIAL SBD,2556643,13/12/05,Tue,0,DA,VS1,501A ,G,E,W,DO,L , ,N,R,80,0,0,0,,,1751966,5432666,-41.24313706,174.8135758
Wellington City,1N/1060/7.616,400,S, ,TYERS ROAD,2512852,30/07/05,Sat,2027,DB,4N1,135A 800 ,G,E,W,DN,F , ,N,R,100,0,0,1,,,1752018,5432541,-41.2442527,174.8142272
Wellington City,1N/1060/7.874,600,S, ,CENTENNIAL SBD,2512749,14/07/05,Thu,2000,DA,4S1,135A 801 823 ,G,M,W,DO,HS, ,N,R,100,0,0,1,,,1752070,5432289,-41.24651176,174.8149103
Wellington City,1N/1060/7.997,300,N, ,SH 2,2553585,7/07/05,Thu,1526,DA,CS1,131A 135A 801 ,G,M,W,O ,L , ,N,R,100,0,0,0,,,1752026,5432176,-41.24753741,174.8144135
Wellington City,1N/1060/8.047,250,E, ,SH 2,2553134,22/06/05,Wed,300,DA,CS1,410A ,G,E,W,DO,F , ,N,R,100,0,0,0,,,1751996,5432136,-41.24790319,174.8140656
Wellington City,1N/1060/8.076,180,N, ,SH 2,2551801,17/04/05,Sun,1724,DA,CN1,103A 136A 631A 634A ,,E,D,B ,F , ,N,C,100,0,0,0,,,1751912,5432131,-41.24796399,174.8130648
Wellington City,1N/1060/8.297,, ,I,SH 2,2555421,31/10/05,Mon,710,FD,TS1C,331A ,,R,D,B ,F ,Y,N,R,100,0,0,0,,,1751791,5431996,-41.24920217,174.811655
Wellington City,1N/1068/0.4,400,S, ,SH 2,2553840,1/08/05,Mon,845,FD,CS1C,112A 181A ,,R,D,B ,F , ,N,C,100,0,0,0,,,1751461,5431769,-41.25130782,174.8077746
Wellington City,1N/1068/0.4,400,S, ,SH 2,2552734,24/03/05,Thu,1740,AA,CN1C,372A ,,R,D,O ,F , ,N,R,100,0,0,0,,,1751450,5431781,-41.25120184,174.8076404
Wellington City,1N/1068/0.5,500,S, ,SH 2,2553783,6/07/05,Wed,1725,FD,CN1C,181A ,,R,D,DN,F , ,N,R,100,0,0,0,,,1751378,5431713,-41.25182756,174.8067983
Wellington City,1N/1068/0.509,2000,N, ,AOTEA ON NBD,2552312,5/05/05,Thu,705,CC,CN1,351A 359A ,G,R,W,DO,F , ,N,R,100,0,0,0,,,1751372,5431706,-41.25189171,174.8067284
Wellington City,1N/1068/0.6,600,S, ,SH 2,2513101,22/10/05,Sat,948,AD,CS1C,137A 190B 524B ,G,E,D,B ,F , ,N,C,100,0,1,0,,,1751322,5431626,-41.25262134,174.8061518
Wellington City,1N/1068/0.7,700,W, ,SH 2,2554992,21/09/05,Wed,853,AA,XS1V,351A 370A ,,R,D,B ,F , ,N,C,100,0,0,0,,,1751254,5431553,-41.25329131,174.8053586
Wellington City,1N/1068/1,1000,S, ,SH 2,2551628,21/03/05,Mon,1430,AC,CN1C,116A 372A 386A 817 ,,R,D,B ,F , ,N,R,100,0,0,0,,,1750995,5431398,-41.25473526,174.8023071
Wellington City,1N/1068/1.2,1200,S, ,SH 2,2556198,24/11/05,Thu,1000,EC,CS1,130A 827 ,DG,R,W,O ,LS, ,N,R,100,0,0,0,,,1750818,5431318,-41.25548857,174.8002151
Wellington City,1N/1068/1.279,1230,N, ,AOTEA ON NBD,2553354,24/06/05,Fri,1750,FD,XN1C,181A ,,R,D,TO,F , ,N,R,100,0,0,0,,,1750733,5431303,-41.25563948,174.7992047
Wellington City,1N/1068/1.334,1500,N, ,AOTEA OFF SBD,2554057,2/08/05,Tue,851,FD,CS1C,112A 331A 350A ,,R,D,B ,F , ,N,R,100,0,0,0,,,1750694,5431266,-41.25597988,174.7987486
Wellington City,1N/1068/1.5,1500,S, ,SH 2,2554067,27/07/05,Wed,1738,FD,VN1CC,181A ,,R,D,TN,F , ,N,R,100,0,0,0,,,1750537,5431201,-41.25659436,174.7968915
Wellington City,1N/1068/1.509,1000,N, ,AOTEA ON NBD,2513489,5/12/05,Mon,815,CC,CN1CC,136A 668A 132B ,G,R,W,O ,L , ,N,R,100,0,0,1,,,1750529,5431196,-41.25664086,174.7967973
Wellington City,1N/1068/1.609,900,N, ,AOTEA ON NBD,2553362,8/06/05,Wed,2040,CB,TN1,136A 650A ,G,R,D,DO,F , ,N,R,100,0,0,0,,,1750442,5431147,-41.25709823,174.7957714
Wellington City,1N/1068/1.834,1000,E, ,AOTEA OFF SBD,2555756,28/08/05,Sun,1545,FD,CS1CC,181A ,,R,D,B ,F , ,N,C,100,0,0,0,,,1750275,5430998,-41.25847081,174.7938156
Wellington City,1N/1068/1.834,1000,E, ,AOTEA OFF SBD,2555066,15/04/05,Fri,1045,FD,CS1C,331A 817 ,,R,D,B ,F , ,N,R,100,0,0,0,,,1750275,5430998,-41.25847081,174.7938156
Wellington City,1N/1068/1.909,600,N, ,AOTEA ON NBD,2552617,9/05/05,Mon,910,FD,CN1C,331A 817 ,,R,D,B ,F , ,N,R,100,0,0,0,,,1750211,5430958,-41.25884284,174.7930619
Wellington City,1N/1068/2,2000,S, ,SH 2,2555577,7/10/05,Fri,2020,FD,CN1CC,181A 191B 112C ,,R,W,O ,H , ,N,R,100,0,0,0,,,1750152,5430889,-41.25947504,174.7923749
Wellington City,1N/1068/2.109,400,N, ,AOTEA ON NBD,2556435,6/12/05,Tue,714,FD,CN1C,110A 181A ,,E,W,O ,L , ,N,R,100,0,0,0,,,1750087,5430801,-41.26027942,174.791621
Wellington City,1N/1068/2.109,400,N, ,AOTEA ON NBD,2513540,7/12/05,Wed,920,AC,TN1TV,112A 131A 817 ,M,E,D,B ,F , ,N,N,100,0,0,1,,,1750087,5430801,-41.26027942,174.791621
Wellington City,1N/1068/2.209,300,N, ,AOTEA ON NBD,2550658,27/02/05,Sun,1425,AA,TN1C,353A 372A ,G,E,D,O ,F , ,N,R,100,0,0,0,,,1750027,5430721,-41.26101083,174.7909248
Wellington City,1N/1068/2.209,300,N, ,AOTEA ON NBD,2512129,8/06/05,Wed,1715,FD,VN1CT,181A 191B 180C ,,R,D,TO,F , ,N,C,100,0,0,1,,,1750027,5430721,-41.26101083,174.7909248
Wellington City,1N/1068/2.209,300,N, ,AOTEA ON NBD,2550982,2/03/05,Wed,1919,DA,CN1V,137A 682B ,GY,E,D,TF,F , ,N,R,100,0,0,0,,,1750027,5430721,-41.26101083,174.7909248
Wellington City,1N/1068/2.209,300,N, ,AOTEA ON NBD,2511330,13/02/05,Sun,1627,CA,CN1,130A 407A 903 ,G,R,D,B ,FS, ,N,C,100,0,0,2,,,1750027,5430721,-41.26101083,174.7909248
Wellington City,1N/1068/2.234,600,N, ,AOTEA OFF SBD,2550637,22/02/05,Tue,858,FD,CS1C,386A ,,R,D,B ,F , ,N,R,100,0,0,0,,,1750020,5430690,-41.26129124,174.7908489
Wellington City,1N/1068/2.259,250,N, ,AOTEA ON NBD,2513683,6/12/05,Tue,659,AA,TN1V,197A 402A 632A ,G,R,D,O ,F , ,N,C,100,0,0,2,,,1749992,5430685,-41.26134145,174.790516
Wellington City,1N/1068/2.334,500,N, ,AOTEA OFF SBD,2550849,11/02/05,Fri,1720,AC,CS1V,372A ,G,R,D,B ,F , ,N,R,100,0,0,0,,,1749940,5430631,-41.26183729,174.7899089
Wellington City,1N/1068/2.334,500,N, ,AOTEA OFF SBD,2556749,7/11/05,Mon,735,FD,CS1C,181A 423A ,,R,D,B ,F , ,N,C,100,0,0,0,,,1749940,5430631,-41.26183729,174.7899089
Wellington City,1N/1068/2.409,100,N, ,AOTEA ON NBD,2555254,30/08/05,Tue,1510,AA,TN1V,372A 671A ,,R,D,O ,F , ,N,R,100,0,0,0,,,1749867,5430603,-41.26210293,174.7890447
Wellington City,1N/1068/2.509,, ,I,AOTEA ON NBD,2555749,20/11/05,Sun,1640,AA,CN1C,300A 370A 671A ,G,E,D,B ,FS,Y,N,C,100,0,0,0,,,1749782,5430550,-41.26259587,174.7880435
Wellington City,1N/1068/2.509,, ,I,AOTEA ON NBD,2553356,23/06/05,Thu,1730,FD,CN1C,331A 353A ,,E,D,DO,F ,Y,N,R,100,0,0,0,,,1749782,5430550,-41.26259587,174.7880435
Wellington City,1N/1068/2.734,100,N, ,AOTEA OFF SBD,2554539,27/07/05,Wed,830,FD,VS1C,181A 330A ,,R,D,O ,F , ,N,N,100,0,0,0,,,1749651,5430363,-41.26430378,174.7865263
Wellington City,1N/1068/3.2,500,N, ,MAY ON NBD,2552273,19/05/05,Thu,1730,FD,VN1C,181A ,,E,D,DO,F , ,N,C,100,0,0,0,,,1749347,5430014,-41.26750224,174.7829844
Wellington City,1N/1068/3.523,100,N, ,MURPHY OFF SBD,2553413,20/06/05,Mon,1526,CC,CS1,131A 190A ,G,R,D,B ,F , ,N,R,100,0,0,0,,,1749165,5429743,-41.2699758,174.7808789
Wellington City,1N/1068/3.7,, ,I,MAY ON NBD,2552304,6/05/05,Fri,1845,FD,CN2X,331A 353A ,,R,D,DO,F ,Y,N,R,100,0,0,0,,,1749021,5429640,-41.27092973,174.7791856
Wellington City,1N/1068/3.7,, ,I,MAY ON NBD,2550622,23/02/05,Wed,2045,FA,CN1V,116A 337A 817 ,,R,D,DO,F ,T,N,C,100,0,0,0,,,1749021,5429640,-41.27092973,174.7791856
Wellington City,1N/1068/3.713,430,N, ,TINAKORI ON NBD,2554585,14/07/05,Thu,735,AA,CN1,131A 135A 903 ,G,E,D,O ,S , ,N,R,100,0,0,0,,,1749010,5429632,-41.27100379,174.7790563
Wellington City,1N/1068/3.8,100,S, ,MAY ON NBD,2554061,26/07/05,Tue,1750,FD,CN1C4,181A 402A 191B ,,R,D,DO,F , ,N,R,100,0,0,0,,,1748944,5429577,-41.27151115,174.7782821
Wellington City,1N/1068/4.123,20,N, ,TINAKORI ON NBD,2553718,13/07/05,Wed,1600,QG,CN1V,682A ,D,E,D,B ,F , ,N,R,100,0,0,0,,,1748723,5429341,-41.27367669,174.7757024
Wellington City,1N/1068/4.343,200,S, ,TINAKORI ON NBD,2552307,4/05/05,Wed,1755,FD,VN1CC,181A 386A ,,R,D,DO,F , ,N,R,100,0,0,0,,,1748579,5429175,-41.27519777,174.7740243
Wellington City,1N/1068/4.397,150,N, ,HAWKESTONE ON SBD,2513428,27/11/05,Sun,756,DB,CS14,111A 130A ,G,E,D,O ,L , ,N,R,100,0,0,2,,,1748564,5429115,-41.27574073,174.7738599
Wellington City,1N/1068/4.702,15,N, ,TERRACE OFF SBD,2556439,29/11/05,Tue,318,AA,CS1V,300A 370A ,,E,D,DO,F ,Y,N,R,100,0,0,0,,,1748524,5428817,-41.27843113,174.7734552
Wellington City,1N/1068/4.717,, ,I,TERRACE OFF SBD,2555571,11/11/05,Fri,930,FD,CS1C,331A 357A ,,R,D,O ,F ,Y,N,R,100,0,0,0,,,1748525,5428802,-41.278566,174.7734708
Wellington City,1N/1068/4.951,100,S, ,TINAKORI OFF NBD,2553070,2/05/05,Mon,2000,CA,CN1V,137A 682B ,G,R,W,DO,H , ,N,R,100,0,0,0,,,1748521,5428583,-41.2805385,174.7734765
Wellington City,1N/1068/4.974,200,N, ,CLIFTON ON NBD,2551241,22/02/05,Tue,1500,AA,XN1C,372A ,G,E,D,B ,F , ,N,N,100,0,0,0,,,1748524,5428561,-41.28073602,174.7735176
Wellington City,1N/1068/5.074,100,N, ,CLIFTON ON NBD,2511919,3/05/05,Tue,1744,FD,CN1CCC,331A 801 ,,R,W,O ,L , ,N,R,100,0,0,2,,,1748534,5428461,-41.28163453,174.7736614