TLA NAME,CRASH ROAD,CRASH DIST,CRASH DIRN,INTSN,SIDE ROAD,CRASH ID,CRASH DATE,CRASH DOW,CRASH TIME,MVMT,VEHICLES,CAUSES,OBJECTS STRUCK,ROAD CURVE,ROAD WET,LIGHT,WTHRa,JUNC TYPE,TRAF CTRL,ROAD MARK,SPD LIM,CRASH FATAL CNT,CRASH SEV CNT,CRASH MIN CNT,PERS AGE1,PERS AGE2,EASTING,NORTHING,latitude,longitude
Wellington City,1N/1068/5.124,50,N, ,CLIFTON ON NBD,2555972,22/11/05,Tue,1745,AA,CN1C,372A 671A ,G,R,D,O ,F , ,N,R,100,0,0,0,,,1748539,5428411,-41.28208378,174.7737332
Wellington City,1N/1068/5.154,20,N, ,CLIFTON ON NBD,2553355,24/06/05,Fri,752,FD,CN1C,181A 191B 817 ,,E,D,B ,F , ,N,C,100,0,0,0,,,1748541,5428381,-41.28235352,174.7737644
Wellington City,1N/1068/5.206,500,N, ,NORTH PORTAL SBD,2551521,26/03/05,Sat,1600,FD,CS1V,331A ,,R,D,B ,F , ,N,N,100,0,0,0,,,1748547,5428315,-41.28294664,174.7738521
Wellington City,1N/1068/5.334,2500,W, ,AOTEA OFF SBD,2552966,26/04/05,Tue,850,FD,CS1V,331A ,,R,D,O ,F , ,N,R,100,0,0,0,,,1748510,5428193,-41.28405187,174.7734403
Wellington City,1N/1068/5.406,300,N, ,NORTH PORTAL SBD,2552120,18/04/05,Mon,1710,FA,CS1C,181A 191B 434B ,,R,D,O ,F , ,N,R,100,0,0,0,,,1748482,5428127,-41.28465125,174.7731221
Wellington City,1N/1068/5.506,200,N, ,NORTH PORTAL SBD,2555319,28/09/05,Wed,1300,FD,CS1C,181A ,,R,D,O ,F , ,N,R,100,0,0,0,,,1748442,5428036,-41.28547792,174.7726669
Wellington City,1N/1068/5.506,200,N, ,NORTH PORTAL SBD,2513096,24/09/05,Sat,1817,FD,CS1C,181A ,,R,D,TO,F , ,N,N,100,0,1,0,,,1748442,5428036,-41.28547792,174.7726669
Wellington City,1N/1068/5.556,150,N, ,NORTH PORTAL SBD,2555255,7/09/05,Wed,1029,FD,VS1C,331A ,,R,W,O ,L , ,N,R,100,0,0,0,,,1748422,5427990,-41.28589576,174.7724394
Wellington City,1N/1068/5.606,100,N, ,NORTH PORTAL SBD,2556713,22/12/05,Thu,1245,FD,CS14,331A 353A ,,R,D,B ,F , ,N,R,100,0,0,0,,,1748403,5427944,-41.28631341,174.7722238
Wellington City,1N/1068/5.666,40,N, ,NORTH PORTAL SBD,2555107,23/09/05,Fri,1110,FD,4S14,112A 181A ,,R,D,B ,F , ,N,R,100,0,0,0,,,1748378,5427889,-41.2868132,174.7719388
Wellington City,1N/1068/5.696,20,N, ,NORTH PORTAL NBD,2556134,30/11/05,Wed,810,FD,CN1CC,331A ,,E,D,B ,F , ,N,R,100,0,0,0,,,1748368,5427872,-41.28696809,174.7718235
Wellington City,1N/1068/5.741,40,S, ,NORTH PORTAL SBD,2554575,11/09/05,Sun,1606,FD,CS1C,331A ,,E,D,O ,F , ,N,L,80,0,0,0,,,1748355,5427818,-41.28745667,174.7716815
Wellington City,1N/1068/5.78,390,N, ,SOUTH PORTAL,2555275,10/10/05,Mon,1335,FD,VS1CC,111A 386A ,C,E,D,O ,F , ,N,L,100,0,0,0,,,1748351,5427779,-41.28780854,174.7716433
Wellington City,1N/1068/5.82,350,N, ,SOUTH PORTAL,2554347,28/07/05,Thu,1535,FD,XS1V,132A 135A 801 ,,R,W,OF,H , ,N,L,100,0,0,0,,,1748349,5427739,-41.28816905,174.7716291
Wellington City,1N/1068/5.841,140,S, ,NORTH PORTAL SBD,2511198,8/02/05,Tue,1635,BF,VS1V,190A 358A ,BKB,E,D,OO,F , ,N,L,100,0,1,1,,,1748348,5427718,-41.2883583,174.7716223
Wellington City,1N/1068/5.87,300,N, ,SOUTH PORTAL,2553148,27/06/05,Mon,1830,FD,CN1X,181A ,,R,D,DO,F , ,N,R,100,0,0,0,,,1748348,5427689,-41.2886194,174.7716294
Wellington City,1N/1068/5.87,600,N, ,WILLIS ST,2511268,28/01/05,Fri,1338,FD,CS1CCC,111A 132A 610A ,,E,D,DN,F , ,N,R,100,0,0,5,,,1748348,5427689,-41.2886194,174.7716294
Wellington City,1N/1068/5.901,200,S, ,NORTH PORTAL SBD,2550562,24/02/05,Thu,1255,FD,CS1C,181A ,,R,D,B ,F , ,N,C,100,0,0,0,,,1748348,5427658,-41.28889851,174.7716369
Wellington City,1N/1068/5.92,250,N, ,SOUTH PORTAL,2553415,30/06/05,Thu,1257,FD,CS1VC,110A 331A ,,E,D,B ,F , ,N,C,100,0,0,0,,,1748347,5427639,-41.28906976,174.7716296
Wellington City,1N/1068/5.97,200,N, ,SOUTH PORTAL,2550193,6/01/05,Thu,1836,AA,CN1C,372A 671A ,B,R,D,O ,F , ,N,C,100,0,0,0,,,1748346,5427589,-41.28952012,174.7716299
Wellington City,1N/1068/5.97,200,N, ,SOUTH PORTAL,2552362,10/05/05,Tue,1600,AC,TN1C,372A 137B ,B,R,D,O ,F , , ,L,100,0,0,0,,,1748346,5427589,-41.28952012,174.7716299
Wellington City,1N/1068/6.02,150,N, ,SOUTH PORTAL,2551424,6/03/05,Sun,1712,FD,CS1CC,181A ,,E,D,OO,F , ,N,L,100,0,0,0,,,1748346,5427539,-41.28997029,174.7716421
Wellington City,1N/1068/6.02,150,N, ,SOUTH PORTAL,2552661,19/05/05,Thu,1020,FD,CS1C,331A 350A ,,E,D,B ,F , ,N,C,100,0,0,0,,,1748346,5427539,-41.28997029,174.7716421
Wellington City,1N/1068/6.07,100,N, ,SOUTH PORTAL,2551462,8/04/05,Fri,1505,FD,CS1V,331A 350A ,,R,D,B ,F , ,N,L,100,0,0,0,,,1748347,5427489,-41.29042028,174.7716662
Wellington City,1N/1068/6.07,400,N, ,WILLIS ST,2551480,18/03/05,Fri,1820,FD,CS1CVC,331A 358A 642A ,,E,W,O ,M , ,N,N,100,0,0,0,,,1748347,5427489,-41.29042028,174.7716662
Wellington City,1N/1075/0.001,, ,A,SOUTH PORTAL,2555573,29/10/05,Sat,1010,FD,CS1X,181A ,,R,D,O ,F , ,N,L,100,0,0,0,,,1748353,5427390,-41.29131052,174.7717619
Wellington City,1N/1075/0.028,200,N, ,VIVIAN ST,2550580,14/02/05,Mon,720,DB,CN1,135A 136A 621A 801 ,G,E,W,O ,L , ,N,R,100,0,0,0,,,1748355,5427361,-41.29157126,174.7717929
Wellington City,1N/1075/0.1,200,N, ,WILLIS ST,2552259,13/05/05,Fri,1255,FD,CS1C,331A 358A ,,R,D,B ,F , ,N,L,100,0,0,0,,,1748357,5427290,-41.29221013,174.771834
Wellington City,1N/1075/0.1,200,N, ,WILLIS ST,2556292,17/11/05,Thu,1450,FD,CS1CC,111A 331A ,,E,D,O ,F , ,N,C,100,0,0,0,,,1748357,5427290,-41.29221013,174.771834
Wellington City,1N/1075/0.128,100,N, ,VIVIAN ST,2512101,5/06/05,Sun,550,DB,CN1,103A 116A 817 ,G,E,W,DO,L , ,N,C,100,0,0,1,,,1748354,5427261,-41.29247179,174.7718053
Wellington City,1N/1075/0.154,300,N, ,WILLIS ST,2550076,1/01/05,Sat,1720,DA,CN1,111A 135A 402A 801 ,C,E,W,O ,L , ,N,R,100,0,0,0,,,1748330,5427238,-41.29268328,174.7715244
Wellington City,1N/1075/0.154,, ,I,WILLIS ST,2552701,5/06/05,Sun,710,HA,CE1C,113B 322B 517B ,,R,W,DO,L ,M,T,R,50,0,0,0,,,1748446,5427272,-41.29235583,174.7729009
Wellington City,1N/1075/0.227,50,N, ,VIVIAN/WILLIS,2551100,14/03/05,Mon,2315,DA,VN1,410A ,F,E,D,DO,F , ,N,R,100,0,0,0,,,1748339,5427145,-41.29351894,174.7716545
Wellington City,1N/1075/0.277,, ,I,WILLIS ST,2552274,9/05/05,Mon,1234,AC,CN2C,176A ,,R,D,O ,F ,X,T,C,50,0,0,0,,,1748371,5427107,-41.29385519,174.7720458
Wellington City,1N/1075/0.277,, ,I,WILLIS ST,2555014,10/08/05,Wed,1330,GB,SN2C,175B ,,R,D,O ,F ,X,T,C,50,0,0,0,,45,1748371,5427107,-41.29385519,174.7720458
Wellington City,1N/1075/0.277,, ,I,WILLIS ST,2554495,21/08/05,Sun,2105,HA,CN2C,322A 334A ,,R,D,DO,F ,X,T,C,50,0,0,0,,,1748371,5427107,-41.29385519,174.7720458
Wellington City,1N/1075/0.277,, ,I,WILLIS ST,2512154,26/05/05,Thu,40,HA,XN2C,322B ,S,R,D,DO,F ,X,T,C,50,0,0,1,,,1748371,5427107,-41.29385519,174.7720458
Wellington City,1N/1075/0.277,, ,I,WILLIS ST,2511959,4/05/05,Wed,2235,HA,CN2CC,322A ,P,R,W,DO,L ,X,T,C,50,0,0,1,,,1748371,5427107,-41.29385519,174.7720458
Wellington City,1N/1075/0.277,, ,I,WILLIS ST,2554056,1/07/05,Fri,1335,GF,CN2C,122A ,,R,D,B ,F ,X,T,C,50,0,0,0,,,1748371,5427107,-41.29385519,174.7720458
Wellington City,WILLIS ST,, ,I,1N/1075/0.277,2552363,16/04/05,Sat,1300,AA,CN1C,386A ,,R,D,B ,F ,X,T,C,50,0,0,0,,,1748371,5427107,-41.29385519,174.7720458
Wellington City,1N/1075/0.3,, ,I,WILLIS ST,2556311,23/11/05,Wed,400,HA,CW1V,112A 322A ,,R,D,DO,F ,X,T,C,50,0,0,0,,,1748371,5427107,-41.29385519,174.7720458
Wellington City,1N/1075/0.3,, ,I,WILLIS ST,2513135,4/10/05,Tue,930,HA,CN1C,322A 359A ,P,R,D,B ,F ,X,T,C,50,0,0,1,,,1748371,5427107,-41.29385519,174.7720458
Wellington City,1N/1075/0.3,, ,I,WILLIS ST,2551566,25/03/05,Fri,2217,HA,CN1C,322B ,,R,W,DO,L ,X,T,C,50,0,0,0,,,1748371,5427107,-41.29385519,174.7720458
Wellington City,1N/1075/0.31,10,E, ,WILLIS ST,2553084,21/06/05,Tue,1538,FD,CW1C,331A ,,R,D,O ,M ,X,T,C,50,0,0,0,,,1748380,5427102,-41.29389856,174.7721544
Wellington City,1N/1075/0.33,30,E, ,WILLIS ST,2554631,22/02/05,Tue,819,MO,CW1C,512A 357B ,M,R,D,B ,F , ,N,C,50,0,0,0,,,1748398,5427094,-41.29396728,174.7723713
Wellington City,1N/1075/0.354,100,N, ,WILLIS ST,2552703,20/03/05,Sun,500,DB,CN1C,102A 135A 801 ,G,M,W,TO,L , ,N,C,100,0,0,0,,,1748283,5427045,-41.29442958,174.7710103
Wellington City,1N/1075/0.354,100,N, ,WILLIS ST,2550370,23/01/05,Sun,2000,DA,VN1CC,135A 370B 801 ,G,M,W,O ,L , ,N,C,100,0,0,0,,,1748283,5427045,-41.29442958,174.7710103
Wellington City,1N/1075/0.357,, ,I,VICTORIA ST,2552525,28/04/05,Thu,523,HA,XW1X,322A ,,R,D,DO,F ,X,T,C,50,0,0,0,,,1748444,5427073,-41.29414789,174.7729255
Wellington City,1N/1075/0.357,, ,I,VICTORIA ST,2552648,5/06/05,Sun,2040,GA,CW1C,181A ,,R,D,DO,F ,X,T,C,50,0,0,0,,,1748444,5427073,-41.29414789,174.7729255
Wellington City,BUTE ST,, ,I,1N/1075/0.454,2513603,25/11/05,Fri,1102,NB,CS1E,711B ,,R,D,O ,F ,T,G,C,50,0,0,1,74,,1748532,5427033,-41.29449184,174.7739858
Wellington City,1N/1075/0.454,, ,I,BUTE ST,2550178,9/01/05,Sun,1300,AA,CW1C,381A ,,R,D,O ,F ,T,N,C,50,0,0,0,,,1748532,5427033,-41.29449184,174.7739858
Wellington City,1N/1075/0.536,, ,I,CUBA ST,2554565,20/07/05,Wed,2255,DB,CW14,101A 123A ,,R,D,DO,F ,X,T,C,50,0,0,0,,,1748607,5427000,-41.29477515,174.7748892
Wellington City,1N/1075/0.536,, ,I,CUBA ST,2512127,21/05/05,Sat,30,NB,CW1E,718B ,,R,W,DO,F ,X,T,C,50,0,0,1,66,,1748607,5427000,-41.29477515,174.7748892
Wellington City,1N/1075/0.611,, ,I,DUNLOP TERRACE,2555730,26/10/05,Wed,1745,KA,CW1T,302B ,,R,D,B ,F ,T,G,L,50,0,0,0,,,1748655,5426979,-41.29495538,174.7754674
Wellington City,1N/1075/0.634,20,W, ,MARION ST,2551935,11/03/05,Fri,1635,EE,VW1C,374A ,Q,R,D,O ,F , ,N,C,50,0,0,0,,,1748676,5426970,-41.29503254,174.7757203
Wellington City,1N/1075/0.654,, ,I,MARION ST,2552172,3/05/05,Tue,1045,KB,CW1V,302B ,,R,D,B ,F ,T,G,C,50,0,0,0,,,1748694,5426962,-41.29510125,174.7759371
Wellington City,1N/1075/0.654,, ,I,MARION ST,2512897,2/09/05,Fri,2235,GO,MW14,171B 372B ,,R,D,DO,F ,T,G,C,50,0,0,1,,,1748694,5426962,-41.29510125,174.7759371
Wellington City,TARANAKI ST,, ,I,VIVIAN ST,2555418,22/10/05,Sat,1253,FE,CS1M,353A 387A 170B ,,R,D,B ,F ,X,T,R,50,0,0,0,,,1748792,5426917,-41.29548835,174.777118
Wellington City,1N/1075/0.742,20,W, ,TARANAKI ST,2554313,1/08/05,Mon,1120,MA,VW1V,373B 387B ,,R,D,B ,F , ,N,C,50,0,0,0,,,1748774,5426926,-41.29541064,174.776901
Wellington City,1N/1075/0.846,100,E, ,CUBA ST,2550771,28/02/05,Mon,1400,EA,TE1C,386A ,M,R,D,O ,F , ,N,C,50,0,0,0,,,1748579,5426693,-41.29754436,174.7746299
Wellington City,1N/1075/0.956,, ,I,TARANAKI ST,2513550,21/12/05,Wed,2235,JA,CS2C,322A 334A ,,R,D,DO,F ,X,T,R,50,0,0,1,,,1748678,5426647,-41.29794029,174.775823
Wellington City,1N/1075/0.976,20,E, ,TARANAKI ST,2551800,16/04/05,Sat,1310,FD,CW1CC,181A 352A 427A ,,R,D,B ,F , ,N,C,50,0,0,0,,,1748697,5426638,-41.29801782,174.7760521
Wellington City,1N/1075/1.019,, ,I,TORY ST,2555391,21/09/05,Wed,2042,HA,CS2C,322A 359A ,,R,D,DO,F ,X,T,C,50,0,0,0,,,1748996,5426825,-41.29627903,174.7795759
Wellington City,1N/1075/1.019,, ,I,TORY ST,2553073,13/05/05,Fri,830,LB,4S2V,120A 129B ,,R,D,O ,F ,X,T,C,50,0,0,0,,,1748996,5426825,-41.29627903,174.7795759
Wellington City,1N/1075/1.133,50,W, ,CAMBRIDGE TERRACE,2556255,25/11/05,Fri,920,CA,4E1C,112A 132A 381B ,M,R,D,O ,F , ,N,C,50,0,0,0,,,1749152,5426755,-41.29688045,174.7814555
Wellington City,1N/1075/1.153,30,W, ,CAMBRIDGE TERRACE,2550816,12/01/05,Wed,1125,FD,CE1C,331A ,,R,D,B ,F , ,N,C,50,0,0,0,,,1749170,5426747,-41.29694916,174.7816723
Wellington City,1N/1075/1.247,30,W, ,TORY ST,2554757,26/08/05,Fri,1658,FD,XW1VCV,181A 386A ,,R,D,O ,F , ,N,N,50,0,0,0,,,1748852,5426565,-41.29864649,174.7779204
Wellington City,1N/1075/1.266,, ,I,PIRIE ST,2551158,11/02/05,Fri,1700,HA,XW2X,322B ,,R,D,O ,F ,X,T,R,50,0,0,0,,,1749220,5426723,-41.29715599,174.7822751
Wellington City,1N/1075/1.277,, ,I,TASMAN ST,2550931,10/03/05,Thu,1930,AA,CW1CC,331A 353A ,,R,D,TF,F ,X,T,C,50,0,0,0,,,1748879,5426553,-41.29874955,174.7782457
Wellington City,1N/1075/1.277,, ,I,TASMAN ST,2512072,17/05/05,Tue,1535,GA,MN2C,331B ,,R,D,B ,F ,X,T,C,50,0,0,1,,,1748879,5426552,-41.29875856,174.7782459
Wellington City,1N/1075/1.277,, ,I,TORY ST,2554866,3/10/05,Mon,730,HA,CW1C,322B 355B ,,R,W,O ,L ,X,T,C,50,0,0,0,,,1748879,5426552,-41.29875856,174.7782459
Wellington City,1N/1075/1.301,, ,I,BUCKLE ST,2552666,15/05/05,Sun,1605,FD,CN1CC,331A ,,M,D,O ,F ,T,N,R,50,0,0,0,,,1748975,5426488,-41.29931706,174.7794077
Wellington City,1N/1075/1.306,40,S, ,PIRIE ST,2512077,23/05/05,Mon,1442,CC,CS1CEV,130A 410A 720C ,M,R,D,O ,F , ,N,C,50,0,1,0,38,,1749204,5426686,-41.29749208,174.7820932
Wellington City,1N/1075/1.316,50,S, ,PIRIE ST,2554697,24/09/05,Sat,1115,FD,CS1C,331A ,,R,D,O ,F , ,N,C,50,0,0,0,,,1749200,5426677,-41.29757385,174.7820476
Wellington City,1N/1075/1.316,50,S, ,PIRIE ST,2552855,11/05/05,Wed,1615,AA,CS1C,171A 372A ,,R,D,B ,F , ,N,N,50,0,0,0,,,1749200,5426677,-41.29757385,174.7820476
Wellington City,1N/1075/1.401,, ,I,BUCKLE ST,2552258,22/04/05,Fri,615,DB,CN1,111A 131A ,F,M,D,TF,F ,T,N,R,50,0,0,0,,,1748975,5426488,-41.29931706,174.7794077
Wellington City,1N/1075/1.401,, ,I,BUCKLE ST,2555576,2/11/05,Wed,1621,AA,CN1C,372A 817 ,,E,D,B ,F ,T,N,R,50,0,0,0,,,1748975,5426488,-41.29931706,174.7794077
Wellington City,1N/1075/1.416,150,S, ,PIRIE ST,2553249,25/05/05,Wed,20,MO,CS1CC,132A 181B ,,R,D,DO,F , ,N,N,50,0,0,0,,,1749159,5426586,-41.29840074,174.7815804
Wellington City,1N/1075/1.431,30,S, ,BUCKLE ST,2555922,28/07/05,Thu,2130,MO,CN1C,385A ,M,R,D,DO,F , ,N,C,50,0,0,0,,,1748962,5426460,-41.29957155,174.7792594
Wellington City,1N/1075/1.488,, ,I,SUSSEX ST,2555316,6/10/05,Thu,435,DA,CW1CV,111A ,M,M,D,DO,F ,T,N,C,50,0,0,0,,,1748932,5426317,-41.30086458,174.7789362
Wellington City,1N/1075/1.491,90,S, ,BUCKLE ST,2552990,2/06/05,Thu,820,FD,CN1C,363A 902 ,,R,D,B ,F , ,N,C,50,0,0,0,,,1748937,5426406,-41.30006235,174.7789741
Wellington City,1N/1075/1.543,25,N, ,ELLICE ST,2554815,17/09/05,Sat,3,FD,CS1X,103A 331A ,,R,D,DO,F , ,N,C,50,0,0,0,,,1749108,5426469,-41.29946356,174.7810002
Wellington City,ADELAIDE ROAD,, ,I,1N/1075/1.569,2553203,19/06/05,Sun,2,FC,CN1C,331A 353A ,,R,W,DO,L ,T,G,R,50,0,0,0,,,1749006,5426284,-41.30114803,174.7798278
Wellington City,1N/1075/1.569,, ,I,ADELAIDE ROAD,2554394,5/06/05,Sun,755,DA,CW1,137A ,P,M,W,O ,LS,T,G,C,50,0,0,0,,,1749006,5426284,-41.30114803,174.7798278
Wellington City,1N/1075/1.569,, ,I,ADELAIDE ROAD,2554763,17/09/05,Sat,1420,FC,CS1C,181A ,,E,D,B ,F ,T,N,X,50,0,0,0,,,1749006,5426284,-41.30114803,174.7798278
Wellington City,1N/1075/1.588,, ,I,RUGBY ST,2511129,5/02/05,Sat,2042,AC,MS1C,103A 332A ,,M,D,TO,F ,T,N,C,50,0,0,1,,,1748932,5426317,-41.30086458,174.7789362
Wellington City,1N/1075/1.588,, ,I,SUSSEX ST,2550791,19/02/05,Sat,15,DA,CW1C,111A 131A ,CFM,M,D,DO,F ,T,G,R,50,0,0,0,,,1748932,5426317,-41.30086458,174.7789362
Wellington City,1N/1075/1.61,, ,I,ELLICE ST,2555728,5/10/05,Wed,1720,HO,XE2C,386A ,,R,D,O ,F ,T,N,R,50,0,0,0,,,1749153,5426429,-41.29981538,174.7815473
Wellington City,1N/1075/1.61,, ,I,DUFFERIN ST,2555296,25/10/05,Tue,730,AA,CE1C,372A ,,R,D,B ,F ,T,G,R,50,0,0,0,,,1749153,5426429,-41.29981538,174.7815473
Wellington City,1N/1075/1.61,, ,I,DUFFERIN ST,2556572,17/12/05,Sat,1217,AA,CS1C,372A 377A ,,E,D,B ,F ,T,G,R,50,0,0,0,,,1749153,5426429,-41.29981538,174.7815473
Wellington City,1N/1075/1.646,, ,I,DUFFERIN ST,2553063,2/04/05,Sat,300,DA,CS2C,103A 111A ,M,M,D,DO,F ,R,N,C,50,0,0,0,,,1749077,5426253,-41.30141402,174.780683
Wellington City,1N/1075/1.669,, ,I,ADELAIDE ROAD,2556577,28/12/05,Wed,1210,FC,CW1C,181A 330A ,,R,D,B ,F ,T,G,X,50,0,0,0,,,1749006,5426284,-41.30114803,174.7798278
Wellington City,1N/1075/1.679,10,E, ,ADELAIDE ROAD,2551910,3/04/05,Sun,300,DA,CS1V,111A 131A 133A ,M,M,D,DO,F ,T,G,C,50,0,0,0,,,1749015,5426280,-41.30118238,174.7799362
Wellington City,1N/1075/1.683,25,N, ,PATERSON ST,2550917,4/02/05,Fri,2300,FD,CS1CC,181A ,,E,D,DO,F , ,N,C,50,0,0,0,,,1749168,5426364,-41.30039783,174.7817423
Wellington City,1N/1075/1.708,, ,I,PATERSON ST,2550583,5/02/05,Sat,540,DB,CS1,103A 131A ,P,M,D,DO,F ,T,T,C,50,0,0,0,,,1749158,5426341,-41.30060676,174.7816286
Wellington City,1N/1075/1.708,, ,I,DUFFERIN ST,2555153,13/10/05,Thu,1115,AC,TW1C,124A ,,E,D,B ,F ,T,T,R,50,0,0,0,,,1749158,5426341,-41.30060676,174.7816286
Wellington City,1N/1075/1.708,, ,I,DUFFERIN ST,2553297,6/07/05,Wed,1530,FE,TW1X,112A 331A ,,R,D,B ,F ,T,T,C,50,0,0,0,,,1749158,5426341,-41.30060676,174.7816286
Wellington City,1N/1075/1.708,, ,I,DUFFERIN ST,2513718,11/12/05,Sun,2320,BB,CW1X,201A 404A ,,E,W,DO,L ,T,T,L,50,0,0,2,,,1749158,5426341,-41.30060676,174.7816286
Wellington City,1N/1076/0.01,20,E, ,DUFFERIN ST E,2554304,31/07/05,Sun,345,AC,BE1C,123A 137B 158B ,,E,W,DO,L , ,N,L,50,0,0,0,,,1749175,5426332,-41.30068464,174.7818337
Wellington City,1N/1076/0.07,80,E, ,DUFFERIN ST E,2554563,15/07/05,Fri,925,AC,TE1C,129A 372A 155B ,,E,W,O ,L , ,N,L,50,0,0,0,,,1749226,5426301,-41.30095432,174.7824502
Wellington City,1N/1076/0.11,120,E, ,DUFFERIN ST E,2551146,12/01/05,Wed,310,DA,CW1,103A 111A 410A ,C,M,W,DO,L , ,N,L,50,0,0,0,,,1749255,5426273,-41.30120105,174.7828033
Wellington City,1N/1076/0.197,100,W, ,WEST PORTAL,2550582,12/02/05,Sat,2120,FA,CE1C,181A ,,E,W,DO,L , ,N,L,50,0,0,0,,,1749332,5426235,-41.30152894,174.783732
Wellington City,1N/1076/0.237,60,W, ,WEST PORTAL,2513172,28/10/05,Fri,2030,CB,4.00E+01,129A 359A ,P,R,D,TO,F , ,N,C,50,0,1,0,,,1749368,5426217,-41.30168433,174.7841662
Wellington City,1N/1076/0.447,150,E, ,WEST PORTAL,2552840,21/05/05,Sat,500,CA,VW1,103A 359A ,B,R,D,DO,L , ,N,C,50,0,0,0,,,1749557,5426126,-41.30246863,174.7864451
Wellington City,1N/1076/0.897,20,E, ,EAST PORTAL,2512886,12/08/05,Fri,1200,FD,TW1VCV,331A ,,R,D,B ,F , ,N,L,50,0,0,4,,,1749981,5425923,-41.30421762,174.7915574
Wellington City,1N/1076/0.968,, ,I,TAURIMA ST,2552225,22/04/05,Fri,1530,JA,CS1C,302B ,,E,D,B ,F ,Y,G,C,50,0,0,0,,,1750043,5425890,-41.3045032,174.7923058
Wellington City,1N/1076/0.987,, ,I,RUAHINE ST,2552975,3/06/05,Fri,947,LB,CW1C,302A 375A ,,E,D,O ,F ,Y,G,C,50,0,0,0,,,1750042,5425889,-41.30451239,174.7922941
Wellington City,1N/1076/0.987,, ,I,TAURIMA ST,2513300,5/11/05,Sat,1540,JA,CW1C,302B 375B ,,E,D,B ,F ,Y,G,C,50,0,0,1,,,1750042,5425889,-41.30451239,174.7922941
Wellington City,1N/1076/1.279,200,N, ,GOA ST,2511558,28/02/05,Mon,910,BF,CN14X,130A 410A ,,E,D,O ,F , ,N,L,70,0,0,1,,,1750032,5425615,-41.30698116,174.7922422
Wellington City,1N/1076/1.479,, ,I,GOA ST,2555301,26/09/05,Mon,1650,LB,VS1CC,145A 303B ,,R,D,O ,F ,T,G,P,50,0,0,0,,,1749971,5425424,-41.30871214,174.791561
Wellington City,1N/1076/1.479,, ,I,GOA ST,2556596,6/12/05,Tue,1140,KA,CS1C,197A 302B ,C,R,W,O ,F ,T,G,L,70,0,0,0,,,1749971,5425424,-41.30871214,174.791561
Wellington City,1N/1076/1.479,, ,I,GOA ST,2511593,22/03/05,Tue,830,JA,CS1CC,302B ,,R,W,O ,F ,T,G,P,70,0,0,2,,,1749971,5425424,-41.30871214,174.791561
Wellington City,1N/1076/1.499,20,S, ,GOA ST,2513378,28/11/05,Mon,1250,FD,CN1C,112A 901 ,,R,W,O ,H , ,N,L,70,0,0,1,,,1749965,5425405,-41.30888432,174.791494
Wellington City,1N/1076/1.529,50,S, ,GOA ST,2510025,3/03/05,Thu,2318,NA,CN1E,330A ,,R,D,DN,F , ,N,C,70,1,0,0,51,,1749956,5425377,-41.30913809,174.7913935
Wellington City,1N/1076/1.619,140,S, ,GOA ST,2556437,1/12/05,Thu,1015,DC,CE1,423A 926 ,EFT,R,D,B ,F ,D,N,L,70,0,0,0,,,1749930,5425291,-41.30991721,174.7911042
Wellington City,1N/1076/1.755,80,N, ,WELLINGTON ROAD,2553771,29/06/05,Wed,1655,FD,CN1C,181A ,,R,D,O ,F , ,N,C,70,0,0,0,,,1749888,5425161,-41.31109545,174.7906347
Wellington City,1N/1076/1.835,, ,I,WELLINGTON ROAD,2512228,24/05/05,Tue,2148,DB,CS1,101A 111A 517A ,HI,S,D,DO,F ,Y,G,R,50,0,0,1,,,1749873,5425084,-41.31179149,174.7904746
Wellington City,1N/1076/1.835,, ,I,WELLINGTON ROAD,2556622,30/12/05,Fri,200,DB,CS1,111A 132A ,FI,R,D,DO,F ,Y,G,R,50,0,0,0,,,1749873,5425084,-41.31179149,174.7904746
Wellington City,1N/1076/1.835,, ,I,RUAHINE ST,2556621,31/12/05,Sat,1640,JC,CW1C,302A 403A 423A ,,M,D,B ,F ,Y,G,R,50,0,0,0,,,1749873,5425084,-41.31179149,174.7904746
Wellington City,1N/1076/1.835,, ,I,RUAHINE ST,2556790,28/11/05,Mon,920,DA,CW1,111A 135A 810 ,C,M,W,O ,L ,Y,G,R,50,0,0,0,,,1749873,5425084,-41.31179149,174.7904746
Wellington City,1N/1076/1.835,, ,I,RUAHINE ST,2511604,20/03/05,Sun,720,DA,VW1,131A 135A 801 ,C,M,W,O ,M ,Y,G,R,50,0,0,1,,,1749873,5425084,-41.31179149,174.7904746
Wellington City,1N/1076/1.835,, ,I,RUAHINE ST,2556281,4/12/05,Sun,2120,JA,CW1C,302B 330B ,,M,D,DO,F ,Y,G,R,50,0,0,0,,,1749873,5425084,-41.31179149,174.7904746
Wellington City,1N/1076/1.907,, ,I,MOXHAM AVENUE,2554397,11/08/05,Thu,1320,FD,CW1C,181A 191B ,,R,D,O ,L ,T,N,C,50,0,0,0,,,1749941,5425068,-41.31192291,174.7912905
Wellington City,1N/1076/1.975,20,W, ,WALMER ST,2554037,1/08/05,Mon,1400,GD,CE1CC,331A 350A 929 ,,R,D,B ,F ,D,N,L,50,0,0,0,,,1750009,5425064,-41.31194628,174.7921035
Wellington City,1N/1076/2.005,10,E, ,WALMER ST,2550112,4/01/05,Tue,1710,FD,CW1VV,181A 191B ,,R,D,B ,F ,T,N,L,50,0,0,0,,,1750039,5425061,-41.31196771,174.7924625