TLA NAME,CRASH ROAD,CRASH DIST,CRASH DIRN,INTSN,SIDE ROAD,CRASH ID,CRASH DATE,CRASH DOW,CRASH TIME,MVMT,VEHICLES,CAUSES,OBJECTS STRUCK,ROAD CURVE,ROAD WET,LIGHT,WTHRa,JUNC TYPE,TRAF CTRL,ROAD MARK,SPD LIM,CRASH FATAL CNT,CRASH SEV CNT,CRASH MIN CNT,PERS AGE1,PERS AGE2,EASTING,NORTHING,latitude,longitude
Wellington City,1N/1076/2.09,, ,I,HAMILTON ROAD,2551928,3/02/05,Thu,1558,AC,CE1C,386A ,,R,D,B ,F ,X,T,R,50,0,0,0,,,1750123,5425048,-41.31206913,174.7934687
Wellington City,1N/1076/2.09,, ,I,KILBIRNIE CRESCENT,2551938,30/04/05,Sat,2350,FE,CW1CC,103A 331A ,,R,D,DO,F ,X,T,R,50,0,0,0,,,1750123,5425048,-41.31206913,174.7934687
Wellington City,1N/1076/2.09,, ,I,KILBIRNIE CRESCENT,2552528,12/05/05,Thu,1715,LB,CW14,303B ,,R,D,TF,F ,X,T,R,50,0,0,0,,,1750123,5425048,-41.31206913,174.7934687
Wellington City,1N/1076/2.11,, ,I,HAMILTON ROAD,2554401,14/08/05,Sun,1830,LB,CE1C,323B ,,R,D,DO,F ,X,T,N,50,0,0,0,,,1750123,5425048,-41.31206913,174.7934687
Wellington City,EVANS BAY PARADE,, ,I,1N/1076/2.293,2550695,25/02/05,Fri,1945,GB,CS1C,331A ,,R,D,TF,F ,X,G,R,50,0,0,0,,,1750302,5425012,-41.31235991,174.7956151
Wellington City,1N/1076/2.293,, ,I,EVANS BAY PARADE,2550568,20/01/05,Thu,1200,FB,CS2C,181A 387A 191B ,,R,D,B ,F ,X,G,R,50,0,0,0,,,1750302,5425012,-41.31235991,174.7956151
Wellington City,1N/1076/2.293,, ,I,EVANS BAY PARADE,2511603,6/03/05,Sun,1520,FB,CS2C,331A 353A 387A ,,R,D,O ,F ,X,G,R,50,0,0,2,,,1750302,5425012,-41.31235991,174.7956151
Wellington City,1N/1076/2.295,, ,I,EVANS BAY PARADE,2512558,1/08/05,Mon,710,HA,CW1S,204B 322B ,,R,D,O ,F ,X,T,C,50,0,0,1,,12,1750300,5425000,-41.31246832,174.7955942
Wellington City,1N/1076/2.295,, ,I,EVANS BAY PARADE,2552837,1/04/05,Fri,1100,FE,TW1X,181A 387A ,,R,D,B ,F ,X,T,R,50,0,0,0,,,1750300,5425000,-41.31246832,174.7955942
Wellington City,1N/1076/2.295,, ,I,EVANS BAY PARADE,2550531,14/01/05,Fri,2155,LB,CN2C,303B 382B ,,R,D,DO,F ,X,T,C,50,0,0,0,,,1750300,5425000,-41.31246832,174.7955942
Wellington City,1N/1076/2.295,, ,I,EVANS BAY PARADE,2555780,5/11/05,Sat,2213,DA,CW1C,111A 131A ,M,E,D,DO,F ,X,T,C,50,0,0,0,,,1750300,5425000,-41.31246832,174.7955942
Wellington City,1N/1076/2.378,100,E, ,EVANS BAY PARADE,2550341,29/01/05,Sat,30,AA,CE1C,386A ,,R,D,DO,F , ,N,R,70,0,0,0,,,1750398,5424989,-41.31254909,174.7967671
Wellington City,1N/1076/2.478,200,E, ,EVANS BAY PARADE,2556734,21/12/05,Wed,1000,AF,XE1C,101B 125B 410B ,T,R,D,B ,F , ,N,R,70,0,0,0,,,1750477,5424928,-41.31308356,174.7977255
Wellington City,1N/1076/3.104,, ,I,TROY ST,2555340,21/10/05,Fri,805,DA,4N2,111A 135A 403A 801 ,S,M,W,O ,L ,R,G,R,70,0,0,0,,,1750889,5424441,-41.31739119,174.8027662
Wellington City,1N/1076/3.108,, ,I,TROY ST,2555524,11/10/05,Tue,1249,FB,4E1X,331A ,,E,D,O ,F ,R,G,R,70,0,0,0,,,1750931,5424492,-41.31692417,174.8032551
Wellington City,1N/1076/3.108,, ,I,TROY ST,2553232,15/06/05,Wed,1745,FB,XE1C,181A 190B ,,R,D,DO,F ,R,G,R,70,0,0,0,,,1750931,5424492,-41.31692417,174.8032551
Wellington City,1N/1076/3.108,, ,I,TROY ST,2511694,9/04/05,Sat,1652,FB,VE1V,181A 327A 191B ,,M,D,B ,F ,R,G,R,70,0,0,1,,,1750927,5424495,-41.31689791,174.8032065
Wellington City,1N/1076/3.141,, ,I,TROY ST,2511488,17/02/05,Thu,104,DA,CW1,111A 131A ,P,M,D,DO,F ,R,G,R,70,0,0,1,,,1750947,5424489,-41.31694818,174.8034469
Wellington City,1N/1076/3.141,, ,I,TROY ST,2551823,31/03/05,Thu,2203,DB,VW1,111A 135A 801 ,,M,W,DO,H ,R,G,R,70,0,0,0,,,1750947,5424489,-41.31694818,174.8034469
Wellington City,1N/1076/3.141,, ,I,TROY ST,2511576,25/03/05,Fri,1045,DA,4W1C,111A 135A 801 901 ,P,S,W,O ,HS,R,G,R,70,0,0,1,,,1750947,5424489,-41.31694818,174.8034469
Wellington City,1N/1076/3.238,, ,I,TROY ST,2553247,26/05/05,Thu,800,GE,CW1C,124A 372A 375A ,P,M,D,O ,F ,R,G,R,70,0,0,0,,,1750971,5424433,-41.31744787,174.8037474
Wellington City,1N/1076/3.238,, ,I,TROY ST,2553079,17/06/05,Fri,1820,FB,CW1C,331A ,,R,D,DO,F ,R,G,R,70,0,0,0,,,1750975,5424435,-41.31742912,174.8037947
Wellington City,1N/1076/3.238,, ,I,TROY ST,2513091,9/09/05,Fri,820,BF,CW1CX,131A 133A ,G,M,W,O ,L ,R,G,R,70,0,1,1,,,1750971,5424433,-41.31744787,174.8037474
Wellington City,1N/1076/3.238,, ,I,TROY ST,2513652,21/12/05,Wed,1650,LB,CW1S,302A 375A ,,E,D,B ,F ,R,G,R,70,0,0,1,,42,1750971,5424433,-41.31744787,174.8037474
Wellington City,1N/1076/3.435,150,W, ,CALABAR ROAD,2513669,22/12/05,Thu,1656,EA,SE1C,331A ,Q,R,D,B ,F , ,N,R,70,0,0,1,,19,1751250,5424496,-41.31682839,174.8070635
Wellington City,1N/1076/3.587,100,W, ,CALABAR ROAD,2512376,17/07/05,Sun,949,AA,CW1V,372A ,,R,D,O ,F , ,N,R,70,0,0,1,,,1751311,5424496,-41.31681695,174.807792
Wellington City,1N/1076/3.587,100,W, ,CALABAR ROAD,2556665,17/11/05,Thu,838,FD,CW1CC,137A 181A ,,R,D,B ,F , ,N,R,70,0,0,0,,,1751311,5424496,-41.31681695,174.807792
Wellington City,1N/1076/3.627,60,W, ,CALABAR ROAD,2511400,10/03/05,Thu,2035,DB,CW1,131A 402A 403A ,P,E,W,DO,F , ,N,R,70,0,1,1,,,1751351,5424492,-41.31684546,174.8082706
Wellington City,1N/1076/3.727,, ,I,CALABAR ROAD,2555420,10/10/05,Mon,1751,DB,CN2,111A 131A 801 ,F,M,W,O ,L ,R,G,R,70,0,0,0,,,1751426,5424454,-41.3171735,174.8091757
Wellington City,1N/1076/3.958,, ,I,WEXFORD ROAD,2512843,18/08/05,Thu,1405,GD,XN1C,150A 331A ,,R,D,O ,F ,T,S,C,70,0,0,1,,,1751439,5424250,-41.31900772,174.8093818
Wellington City,1N/1076/3.967,25,N, ,WEXFORD ROAD,2554402,18/08/05,Thu,1425,FD,CS1C,181A 352A 191B ,,R,D,O ,F , ,N,L,70,0,0,0,,,1751441,5424275,-41.31878227,174.8093995
Wellington City,1N/1076/3.992,, ,I,WEXFORD ROAD,2553670,3/05/05,Tue,817,JA,CS1C,301B 375B 901 ,,R,W,TO,H ,T,S,L,70,0,0,0,,,1751439,5424250,-41.31900772,174.8093818
Wellington City,1N/1076/3.992,, ,I,WEXFORD ROAD,2513262,30/10/05,Sun,1435,JA,4S1C,301B ,,R,D,B ,F ,T,S,C,70,0,0,1,,,1751439,5424250,-41.31900772,174.8093818
Wellington City,1N/1076/4.102,20,N, ,CALEDONIA ST,2556294,7/11/05,Mon,900,FD,XS1XX,181A ,,R,D,O ,F , ,N,L,70,0,0,0,,,1751426,5424081,-41.32053171,174.8092686
Wellington City,1N/1076/4.181,, ,I,CALEDONIA ROAD,2556293,7/11/05,Mon,900,JC,CW2T,302A 353A 375A ,,R,D,B ,F ,T,G,P,70,0,0,0,,,1751424,5424061,-41.32071215,174.8092497
Wellington City,1N/1076/4.341,, ,A,KEDAH ST,2512188,23/04/05,Sat,1139,JA,CS1C,145A 303B 387B ,,R,D,B ,F ,T,N,L,70,0,0,2,,,1751406,5423843,-41.32267824,174.8090891
Wellington City,1N/1076/4.59,100,N, ,BROADWAY,2512285,25/06/05,Sat,846,CC,CN1,104A 125A ,EF,R,D,O ,F , ,N,L,70,0,0,1,,,1751390,5423594,-41.32492305,174.80896
Wellington City,2/962/12.988,300,W, ,HOROKIWI ROAD,2511658,7/04/05,Thu,2215,DA,CW1C,137A ,G,E,D,DN,F , ,N,R,100,0,0,1,,,1754932,5434348,-41.22743087,174.848528
Wellington City,2/962/13.188,500,W, ,HOROKIWI ROAD,2551346,23/02/05,Wed,825,FD,CW1CCC,331A 358A ,,R,D,B ,F , ,N,R,100,0,0,0,,,1754742,5434288,-41.22800742,174.8462774
Wellington City,2/962/13.196,500,W, ,HOROKIWI ROAD,2552167,28/04/05,Thu,1633,DB,CE1C,137A 410A ,P,M,D,O ,F , ,N,R,100,0,0,0,,,1754735,5434299,-41.22790972,174.8461911
Wellington City,2/962/13.196,500,W, ,HOROKIWI ROAD,2512742,6/08/05,Sat,2130,CC,CE1,101A 129A 351A ,CG,R,D,DO,F , ,N,R,100,0,0,2,,,1754735,5434299,-41.22790972,174.8461911
Wellington City,2/962/13.23,1000,E, ,SERVICE STN STH,2553295,23/06/05,Thu,1805,FD,CE1C,358A ,,R,D,DO,F , ,N,R,100,0,0,0,,,1754702,5434288,-41.22801507,174.8458004
Wellington City,2/962/13.438,750,W, ,HOROKIWI ROAD,2550140,19/01/05,Wed,1326,AA,CW1C,434A ,G,R,D,B ,F , ,N,R,100,0,0,0,,,1754508,5434201,-41.22883542,174.8435088
Wellington City,2/962/13.548,860,W, ,HOROKIWI ROAD,2552895,1/05/05,Sun,1400,EA,BW1C,129A 330A ,M,E,D,O ,F , ,N,R,100,0,0,0,,,1754425,5434130,-41.2294905,174.842537
Wellington City,2/962/13.596,900,W, ,HOROKIWI ROAD,2556793,13/12/05,Tue,726,AG,CE1C,110A 159A 191A ,G,E,W,O ,L , ,N,R,100,0,0,0,,,1754393,5434109,-41.22968567,174.8421607
Wellington City,2/962/13.996,1300,W, ,HOROKIWI ROAD,2553284,4/07/05,Mon,812,DB,TE1CC,111A 132A 817 ,CP,M,D,O ,F , ,N,R,100,0,0,0,,,1754085,5433872,-41.23187816,174.8385473
Wellington City,2/962/14.188,1500,W, ,HOROKIWI ROAD,2553800,25/07/05,Mon,830,FD,TW1CC,181A ,,R,D,O ,F , ,N,R,100,0,0,0,,,1753931,5433746,-41.23304189,174.8367425
Wellington City,2/962/14.688,2000,W, ,HOROKIWI ROAD,2555844,6/10/05,Thu,554,AC,CW1CTC,112A 372B ,,R,W,TO,L , ,N,R,100,0,0,0,,,1753569,5433404,-41.23618981,174.8325111
Wellington City,2/962/14.969,2000,E, ,SH 1N,2511926,28/04/05,Thu,1020,DA,CE1,134A 330A 353A ,C,E,D,O ,F , ,N,R,100,0,0,1,,,1753342,5433252,-41.23760138,174.8298419
Wellington City,2/962/15.188,2500,W, ,HOROKIWI ROAD,2554641,8/09/05,Thu,2120,ED,CW1T,330A 353A ,Q,R,D,DO,F , ,N,R,100,0,0,0,,,1753169,5433104,-41.23896664,174.8278156
Wellington City,2/962/15.43,1200,W, ,SERVICE STN STH,2556441,16/11/05,Wed,1731,FD,VE1CCC,181A 331D ,,R,D,O ,FS, ,N,R,100,0,0,0,,,1752984,5432962,-41.24028013,174.8256446
Wellington City,2/962/15.691,50,E, ,HUTT ON NBD,2555492,26/10/05,Wed,1645,FD,4.00E+14,181A 353A ,,R,D,B ,F , ,N,R,100,0,0,0,,,1752771,5432813,-41.24166188,174.8231413
Wellington City,2/962/15.859,500,E, ,NGAURANGA ON NBD,2512975,9/09/05,Fri,1348,CB,CW1,131A 350A ,G,R,D,B ,F , ,N,R,100,0,0,1,,,1752634,5432699,-41.24271413,174.8215356
Wellington City,2/962/15.959,400,E, ,NGAURANGA ON NBD,2512247,22/05/05,Sun,141,FD,CW1CVC,112A 331A 112B 181B ,,R,W,DO,M , ,N,R,100,0,0,1,,,1752554,5432639,-41.24326943,174.8205964
Wellington City,2/962/15.959,400,E, ,NGAURANGA ON NBD,2556185,2/12/05,Fri,1700,FD,CE1C,112A 197A 331A ,,R,D,B ,F , ,N,R,100,0,0,0,,,1752554,5432639,-41.24326943,174.8205964
Wellington City,2/962/16.359,600,E, ,SH 1N,2553313,24/05/05,Tue,1810,AA,CW1C,372A 386A ,,R,D,TN,F , ,N,R,100,0,0,0,,,1752245,5432388,-41.2455875,174.8169731
Wellington City,2/962/16.77,200,E, ,SH 1N,2555031,30/08/05,Tue,750,FD,CE1C,112A 181A 817 ,,R,D,B ,F , ,N,R,100,0,0,0,,,1751937,5432131,-41.24795929,174.813363
Wellington City,2/962/16.87,100,E, ,HUTT ROAD,2554198,12/08/05,Fri,1500,AA,VE1V,331A 353A ,,R,D,TN,F , ,N,R,100,0,0,0,,,1751858,5432069,-41.24853234,174.8124361
Wellington City,2/962/16.93,40,E, ,SH 1N,2552615,18/05/05,Wed,1805,FD,CE1C,133A 353A ,,R,D,DO,F , ,N,R,100,0,0,0,,,1751810,5432033,-41.24886548,174.8118724
Wellington City,2/962/16.93,40,E, ,SH 1N,2553627,12/05/05,Thu,1758,AG,CE1C,143A 372A 181B 330B ,,R,D,DO,FS, ,N,R,100,0,0,0,,,1751810,5432033,-41.24886548,174.8118724
Wellington City,ABEL SMITH ST,20,E, ,CUBA ST,2652143,18/02/06,Sat,1315,EA,TE14C,663A ,M,R,D,B ,F ,X,S,C,50,0,0,0,,,1748552,5426830,-41.29631586,174.7742741
Wellington City,ACCESS ROAD,, ,A,ANZ TERMINAL,2655439,4/10/06,Wed,2200,MO,CN1C,386A ,,R,D,DO,F , ,N,N,50,0,0,0,,,1751657,5423104,-41.32928444,174.8122711
Wellington City,ACCESS ROAD,30,N, ,BUNNY ST,2654403,30/08/06,Wed,756,MO,VW1X,371A ,Q,R,D,B ,F , ,N,N,50,0,0,0,,,1749045,5428687,-41.27950559,174.7797052
Wellington City,ACCESS ROAD,30,W, ,STEWART DUFF DRIVE,2655946,27/10/06,Fri,1530,FF,CW1C,331A ,,R,D,B ,F , ,N,N,50,0,0,0,,,1751691,5422827,-41.33177193,174.8127464
Wellington City,ADELAIDE ROAD,, ,I,ALFRED ST,2655404,21/10/06,Sat,1000,JA,CN1V,308B 924 ,,R,D,O ,F ,D,N,C,50,0,0,0,,,1748989,5426219,-41.30173639,174.7796407
Wellington City,ADELAIDE ROAD,50,N, ,BRITOMART ST,2657240,26/10/06,Thu,855,FA,MN1C,181A 191B 434B ,,R,D,O ,F , ,N,C,50,0,0,0,,,1748582,5424172,-41.32024144,174.7752815
Wellington City,ADELAIDE ROAD,30,S, ,BRITOMART ST,2652656,25/05/06,Thu,1230,GD,CS1C,331A 929 ,,R,D,O ,F ,D,N,L,50,0,0,0,,,1748577,5424092,-41.32096263,174.7752413
Wellington City,ADELAIDE ROAD,200,S, ,BRITOMART ST,2613724,10/11/06,Fri,1700,GB,CS1S,381A 402A 929 ,,R,D,B ,F ,D,N,C,50,0,0,1,,28,1748567,5423922,-41.32249505,174.7751635
Wellington City,ADELAIDE ROAD,, ,I,BRITOMART ST,2653406,13/01/06,Fri,2157,FE,VN1C,103A 331A ,,R,D,DO,F ,X,T,C,50,0,0,0,,,1748579,5424122,-41.32069216,174.7752579
Wellington City,ADELAIDE ROAD,, ,I,BRITOMART ST,2656907,20/12/06,Wed,1729,BC,CE2C,121A 402A 423A ,,R,D,B ,F ,X,T,N,50,0,0,0,,,1748579,5424122,-41.32069216,174.7752579
Wellington City,ADELAIDE ROAD,, ,I,BRITOMART ST,2652720,24/05/06,Wed,703,BB,BS2X,124A ,,R,D,DO,F ,X,T,L,50,0,0,0,,,1748579,5424122,-41.32069216,174.7752579
Wellington City,ADELAIDE ROAD,, ,I,BRITOMART ST,2656352,30/11/06,Thu,1800,LB,CN1C,303B 382B ,,R,D,B ,F ,X,T,C,50,0,0,0,,,1748579,5424122,-41.32069216,174.7752579
Wellington City,ADELAIDE ROAD,10,S, ,BROWN ST,2654126,25/07/06,Tue,1004,EE,CS1C,374B ,M,R,D,B ,F ,T,N,C,50,0,0,0,,,1748957,5426097,-41.30284072,174.7792885
Wellington City,ADELAIDE ROAD,30,S, ,BROWN ST,2652322,1/05/06,Mon,600,EA,CS1C,386A ,M,R,D,DO,F , ,N,C,50,0,0,0,,,1748952,5426077,-41.30302171,174.7792337
Wellington City,ADELAIDE ROAD,20,S, ,DOUGLAS ST,2613317,7/08/06,Mon,1100,GB,MN1C,172B 372B 922 ,,R,W,O ,L ,D,N,C,50,0,0,1,,,1748969,5426144,-41.30241534,174.7794203
Wellington City,ADELAIDE ROAD,100,S, ,DOUGLAS ST,2656909,14/12/06,Thu,900,LB,CN1C,209A 303B 377B 922 ,,R,D,B ,F ,D,N,P,50,0,0,0,,,1748949,5426066,-41.3031213,174.7792006
Wellington City,ADELAIDE ROAD,200,N, ,DOVER ST,2612992,28/05/06,Sun,105,BE,CS1CX,112A 514A ,KMC,R,D,DO,F , ,N,P,50,0,0,1,,,1748522,5423488,-41.32641082,174.7747321
Wellington City,ADELAIDE ROAD,150,S, ,DUPPA ST,2655670,26/10/06,Thu,1523,FD,CS1CCC,181A 191B 929 ,,R,D,B ,F ,D,N,L,50,0,0,0,,,1748553,5423681,-41.32466745,174.7750551
Wellington City,ADELAIDE ROAD,40,S, ,GIRTON TERRACE,2611168,30/01/06,Mon,1730,FD,CN1M,427A 922 ,,R,D,B ,F ,D,N,C,50,0,0,1,,,1748964,5426124,-41.30259633,174.7793655
Wellington City,ADELAIDE ROAD,50,N, ,HALL ST,2656183,7/11/06,Tue,1005,EE,CN1C,374B ,M,R,D,O ,L , ,N,C,50,0,0,0,,,1748753,5425295,-41.31009909,174.777049
Wellington City,ADELAIDE ROAD,100,S, ,HALL ST,2653432,23/06/06,Fri,530,EA,CS1C,101A 386A ,M,R,W,DO,F , ,N,N,50,0,0,0,,,1748717,5425149,-41.31142023,174.7766548
Wellington City,ADELAIDE ROAD,100,S, ,HALL ST,2650613,7/02/06,Tue,1748,MA,CN1C,181A 333A 387A ,,R,D,B ,F , ,N,C,50,0,0,0,,,1748717,5425149,-41.31142023,174.7766548
Wellington City,ADELAIDE ROAD,200,S, ,HALL ST,2653532,17/07/06,Mon,2245,EA,VS1CCC,129A 350A ,M,R,D,DO,F , ,N,C,50,0,0,0,,,1748693,5425052,-41.31229798,174.7763919
Wellington City,ADELAIDE ROAD,, ,I,HALL ST,2651890,19/04/06,Wed,1555,LB,CW2C,303B ,,R,D,O ,F ,X,T,C,50,0,0,0,,,1748741,5425246,-41.31054247,174.7769177
Wellington City,ADELAIDE ROAD,, ,I,HALL ST,2654624,5/09/06,Tue,1445,GO,CW2V,386A 691B ,,R,D,O ,F ,X,T,C,50,0,0,0,,,1748741,5425246,-41.31054247,174.7769177
Wellington City,ADELAIDE ROAD,, ,I,HALL ST,2613511,5/12/06,Tue,2301,JA,4S1C,322A ,,R,D,DO,F ,X,T,C,50,0,1,0,,,1748741,5425246,-41.31054247,174.7769177
Wellington City,ADELAIDE ROAD,, ,I,HALL ST,2656548,27/09/06,Wed,110,HA,CN1CCC,322B ,MM,R,D,DO,F ,X,T,C,50,0,0,0,,,1748741,5425246,-41.31054247,174.7769177
Wellington City,ADELAIDE ROAD,10,N, ,HOSPITAL ROAD,2655546,24/09/06,Sun,1900,EA,CS1C,385A 386A ,M,R,D,TF,F ,Y,N,C,50,0,0,0,,,1748865,5425734,-41.30612593,174.7782789
Wellington City,ADELAIDE ROAD,20,N, ,HOSPITAL ROAD,2657091,3/12/06,Sun,1130,MA,CS1C,373B ,,R,D,B ,F , ,N,C,50,0,0,0,,,1748867,5425744,-41.30603553,174.7783003
Wellington City,ADELAIDE ROAD,20,S, ,HOSPITAL ROAD,2652114,3/05/06,Wed,1910,FD,CN1C,331A 359A ,,R,D,DO,F ,T,T,C,50,0,0,0,,,1748857,5425705,-41.30638851,174.7781905
Wellington City,ADELAIDE ROAD,, ,I,HOSPITAL ROAD,2656549,10/12/06,Sun,732,DA,CW2,137A ,P,R,D,O ,F ,T,T,R,50,0,0,0,,,1748863,5425724,-41.30621634,174.7782575
Wellington City,ADELAIDE ROAD,20,N, ,JOHN ST,2651044,9/01/06,Mon,1724,FA,BS1C,181A 191B ,,R,D,B ,F , ,N,C,50,0,0,0,,,1748837,5425627,-41.30709447,174.7779708
Wellington City,ADELAIDE ROAD,100,N, ,JOHN ST,2612380,21/06/06,Wed,1630,MC,SN1C,300B 372B ,,R,W,TO,H , ,N,P,50,0,0,1,,32,1748857,5425704,-41.30639751,174.7781907
Wellington City,ADELAIDE ROAD,100,N, ,JOHN ST,2656357,16/11/06,Thu,1042,AA,BN14,372A ,,R,D,O ,F , ,N,C,50,0,0,0,,,1748857,5425704,-41.30639751,174.7781907
Wellington City,ADELAIDE ROAD,30,S, ,JOHN ST,2654238,12/08/06,Sat,1145,FD,CN1CCC,181A ,,R,D,B ,F , ,N,C,50,0,0,0,,,1748824,5425579,-41.30752903,174.7778273
Wellington City,ADELAIDE ROAD,150,S, ,JOHN ST,2656791,15/12/06,Fri,1719,CB,CS1C,112A 132A ,M,R,D,B ,F , ,N,C,50,0,0,0,,,1748795,5425462,-41.30858778,174.7775096
Wellington City,ADELAIDE ROAD,, ,I,JOHN ST,2613685,20/12/06,Wed,1015,DA,CE2,133A ,S,E,W,O ,H ,X,T,C,50,0,0,1,,,1748832,5425608,-41.30726645,174.7779157
Wellington City,ADELAIDE ROAD,, ,I,JOHN ST,2613200,16/08/06,Wed,1557,NA,CN1E,105B 711B 718B ,,R,D,O ,F ,X,T,C,50,0,0,1,47,,1748832,5425608,-41.30726645,174.7779157
Wellington City,ADELAIDE ROAD,15,S, ,KING ST,2612444,30/06/06,Fri,1730,FD,CN1CC,351A 427A ,,R,D,DO,F ,T,N,C,50,0,0,3,,,1748934,5426005,-41.30367328,174.7790364
Wellington City,ADELAIDE ROAD,, ,I,KING ST,2613262,18/10/06,Wed,823,LB,VN1C,209A 303B 377B ,,R,D,B ,F ,T,S,P,50,0,0,1,,,1748937,5426020,-41.30353767,174.7790686
Wellington City,ADELAIDE ROAD,40,S, ,LAVAUD ST,2657239,30/08/06,Wed,405,EA,VS1CV,101A 410A ,MM,E,D,DO,F , ,N,C,50,0,0,0,,,1748556,5423746,-41.32408168,174.7750751
Wellington City,ADELAIDE ROAD,30,S, ,LUXFORD ST,2612778,26/07/06,Wed,1830,LB,MN1C,303B 375B 929 ,,R,D,DO,F ,D,N,C,50,0,0,1,,,1748583,5424185,-41.32012421,174.7752903
Wellington City,ADELAIDE ROAD,50,S, ,LUXFORD ST,2612717,8/08/06,Tue,1900,NB,CN1,710B 719B ,,R,W,DO,L , ,N,L,50,0,1,0,68,,1748582,5424165,-41.32030446,174.7752832
Wellington City,ADELAIDE ROAD,, ,I,LUXFORD ST,2654037,16/07/06,Sun,1810,LB,CS1C,303B ,,R,W,DO,F ,T,T,C,50,0,0,0,,,1748585,5424215,-41.31985374,174.7753068
Wellington City,ADELAIDE ROAD,, ,I,LUXFORD ST,2655501,25/10/06,Wed,1015,MD,CS1T,371B 922 ,,R,D,O ,F ,D,N,C,50,0,0,0,,,1748585,5424215,-41.31985374,174.7753068
Wellington City,ADELAIDE ROAD,, ,I,LUXFORD ST,2654227,12/08/06,Sat,1450,EA,4W2C,122A 352A ,M,R,D,B ,F ,T,T,C,50,0,0,0,,,1748585,5424215,-41.31985374,174.7753068
Wellington City,ADELAIDE ROAD,15,N, ,MUDGES TERRACE,2655889,14/11/06,Tue,724,FA,CN1C,181A 182B ,,E,W,O ,LS, ,N,C,50,0,0,0,,,1748636,5424827,-41.31433425,174.7757663
Wellington City,ADELAIDE ROAD,, ,I,OXFORD ST,2650879,16/02/06,Thu,950,GO,TS1C,386A ,,R,D,O ,FS,T,G,P,50,0,0,0,,,1748946,5426053,-41.3032389,174.779168
Wellington City,ADELAIDE ROAD,, ,I,RIDDIFORD ST,2657022,8/12/06,Fri,1730,FE,CS1C,434A 512A 434B ,,R,D,B ,F ,X,T,C,50,0,0,0,,,1748832,5425608,-41.30726645,174.7779157
Wellington City,ADELAIDE ROAD,, ,I,RIDDIFORD ST,2657208,30/06/06,Fri,1815,FE,CS1V,331A ,,R,D,O ,F ,X,T,C,50,0,0,0,,,1748832,5425608,-41.30726645,174.7779157
Wellington City,ADELAIDE ROAD,20,S, ,RUGBY ST,2654662,30/08/06,Wed,838,FO,BN1S,183A 191B 357B ,,R,D,B ,F , ,N,C,50,0,0,0,,45,1749000,5426265,-41.3013202,174.7797608
Wellington City,ADELAIDE ROAD,25,S, ,RUGBY ST,2653746,4/08/06,Fri,2110,GD,CS1C,181A 924 ,,R,D,DO,F ,D,N,C,50,0,0,0,,,1748999,5426260,-41.30136541,174.7797501
Wellington City,ADELAIDE ROAD,100,S, ,RUGBY ST,2612715,12/07/06,Wed,2045,GA,TN1C,333A 927 ,S,R,W,DO,L ,D,N,R,50,0,0,1,,,1748980,5426188,-41.30201716,174.7795409
Wellington City,ADELAIDE ROAD,100,S, ,RUGBY ST,2650927,3/03/06,Fri,2110,FD,XN1C,181A 924 ,,R,W,DO,L ,D,N,C,50,0,0,0,,,1748980,5426188,-41.30201716,174.7795409
Wellington City,ADELAIDE ROAD,100,S, ,RUGBY ST,2651671,1/04/06,Sat,1144,EE,4S1C,374B ,M,R,D,O ,F , ,N,C,50,0,0,0,,,1748980,5426188,-41.30201716,174.7795409
Wellington City,ADELAIDE ROAD,400,S, ,RUGBY ST,2654209,16/06/06,Fri,1826,AC,BN1C,181A 159B ,,R,D,DO,F , ,N,P,50,0,0,0,,,1748906,5425897,-41.30465081,174.7787286
Wellington City,ADELAIDE ROAD,100,N, ,STOKE ST,2654775,15/09/06,Fri,2200,EA,CN1C,386A ,M,R,D,DO,F , ,N,C,50,0,0,0,,,1748675,5424980,-41.31294955,174.7761946
Wellington City,ADELAIDE ROAD,70,S, ,STOKE ST,2656278,6/09/06,Wed,1111,FA,VS1C,331A ,,R,D,B ,F , ,N,C,50,0,0,0,,,1748629,5424799,-41.31458764,174.7756895
Wellington City,ADELAIDE ROAD,30,S, ,TORQUAY TERRACE,2653843,29/07/06,Sat,1440,MA,MN1C,386A ,,R,D,O ,FS, ,N,C,50,0,0,0,,,1748611,5424684,-41.31562635,174.7755027
Wellington City,ADELAIDE ROAD,50,S, ,TORQUAY TERRACE,2650552,10/02/06,Fri,8,EA,CN1V,130A 351A ,M,R,D,DO,F , ,N,C,50,0,0,0,,,1748610,5424665,-41.3157976,174.7754954
Wellington City,ADELAIDE ROAD,150,N, ,WARIPORI ST,2653456,15/06/06,Thu,905,EE,SN1C,374B ,Q,R,D,O ,F , ,N,C,50,0,0,0,,38,1748600,5424488,-41.31739304,174.7754192
Wellington City,AHURIRI ST,50,E, ,KEKERENGA ST,2657024,16/10/06,Mon,1650,MC,BW1C,387A 372B ,,E,W,O ,H , ,N,C,50,0,0,0,,,1752040,5422322,-41.33625279,174.8170414
Wellington City,AITKEN ST,50,E, ,MOLESWORTH ST,2613232,14/09/06,Thu,900,EE,SW1X,443B 525B ,Q,R,D,B ,F , ,N,C,50,0,0,1,,30,1748939,5428970,-41.27697717,174.7783708