TLA NAME,CRASH ROAD,CRASH DIST,CRASH DIRN,INTSN,SIDE ROAD,CRASH ID,CRASH DATE,CRASH DOW,CRASH TIME,MVMT,VEHICLES,CAUSES,OBJECTS STRUCK,ROAD CURVE,ROAD WET,LIGHT,WTHRa,JUNC TYPE,TRAF CTRL,ROAD MARK,SPD LIM,CRASH FATAL CNT,CRASH SEV CNT,CRASH MIN CNT,PERS AGE1,PERS AGE2,EASTING,NORTHING,latitude,longitude
Wellington City,AKAROA DRIVE,150,S, ,ARAMOANA PLACE,2656933,29/09/06,Fri,2100,DA,CS1,103A 631A ,CT,M,D,DO,F , ,N,C,50,0,0,0,,,1752456,5425879,-41.30414991,174.8211186
Wellington City,AKAROA DRIVE,20,S, ,MAUPUIA ROAD,2651076,16/03/06,Thu,2225,DB,CW1C,111A 132A ,M,M,D,DO,F , ,N,C,50,0,0,0,,,1751867,5425306,-41.30941984,174.8142293
Wellington City,AKAROA DRIVE,30,S, ,RANGITANE ST,2652654,26/05/06,Fri,830,DB,CN1,130A 195A ,T,E,D,O ,F , ,N,C,50,0,0,0,,,1752114,5425440,-41.30816687,174.8171451
Wellington City,AKAROA DRIVE,, ,I,RANGITANE ST,2650852,5/01/06,Thu,1400,JA,CN1C,302B ,,E,D,B ,F ,T,G,C,50,0,0,0,,,1752125,5425467,-41.30792171,174.8172697
Wellington City,ALEXANDRA ROAD,1020,S, ,ALEXANDRA LOOKOUT ROAD,2612378,9/06/06,Fri,1630,DA,CS1,131A 407A 510A ,C,M,D,TN,F , ,N,C,50,0,1,0,,,1749684,5425771,-41.30564128,174.7880487
Wellington City,ALEXANDRA ROAD,1030,N, ,CONSTABLE ST,2611952,16/04/06,Sun,2,DB,CS1,110A 132A 402A ,V,S,D,DN,F , ,N,C,50,0,0,3,,,1749725,5425891,-41.30455327,174.7885087
Wellington City,ALLEN ST,, ,I,COURTENAY PLACE,2655427,7/10/06,Sat,1030,GA,CE2C,331A 351A ,,E,D,DO,F ,T,G,C,50,0,0,0,,,1749209,5427107,-41.29370072,174.7820497
Wellington City,ALLEN ST,50,S, ,WAKEFIELD ST,2652601,6/03/06,Mon,1500,MO,XE1C,371A ,M,R,D,O ,F , ,N,N,50,0,0,0,,,1749251,5427202,-41.29283763,174.7825278
Wellington City,ALLINGTON ROAD,, ,I,CASTLEMAINE CLOSE,2655637,12/10/06,Thu,1630,QD,CS1,611A ,H,R,D,B ,F ,T,N,C,50,0,0,0,,,1743763,5427601,-41.29024126,174.7169182
Wellington City,ALLINGTON ROAD,30,E, ,MAKARA ROAD,2613783,22/08/06,Tue,1510,FC,CE1C,331A ,,R,D,O ,F , ,N,X,50,0,0,1,,,1744282,5427739,-41.28890615,174.7230811
Wellington City,ALWYN PLACE,20,S, ,INNES WAY,2612492,20/07/06,Thu,850,QA,CN1,521A ,T,E,W,O ,L , ,N,N,50,0,0,1,,,1752334,5434544,-41.22615956,174.8174968
Wellington City,AMAPUR DRIVE,, ,I,SATARA CRESCENT,2652358,13/05/06,Sat,1745,QD,CN2,428A ,JP,E,D,TO,F ,T,G,R,50,0,0,0,,,1749206,5432709,-41.24326392,174.7806425
Wellington City,AOTEA OFF SBD,50,N, ,AOTEA QUAY,2654458,21/07/06,Fri,1328,DB,CS1,111A 130A ,G,E,D,O ,FS, ,N,N,100,0,0,0,,,1749561,5430126,-41.26645426,174.7855105
Wellington City,AOTEA OFF SBD,, ,I,AOTEA QUAY,2650855,12/01/06,Thu,1355,JA,CS2C,370A 202B 691B ,,R,W,O ,F ,Y,N,C,70,0,0,0,,,1749561,5430076,-41.26690443,174.7855228
Wellington City,AOTEA OFF SBD,30,S, ,SH 1N,2654856,2/07/06,Sun,605,DB,CS1,102A 410A ,G,M,W,DO,L , ,N,N,100,0,0,0,,,1749578,5430256,-41.26528067,174.7856815
Wellington City,AOTEA OFF SBD,40,S, ,SH 1N,2653664,5/07/06,Wed,2310,DB,CS1,111A 402A ,G,M,W,DO,LS, ,N,C,100,0,0,0,,,1749574,5430247,-41.26536244,174.785636
Wellington City,AOTEA OFF SBD,60,S, ,SH 1N,2653562,22/07/06,Sat,16,DB,CE1,103A 111A ,G,M,W,DO,F , ,N,N,100,0,0,0,,,1749566,5430229,-41.26552598,174.7855449
Wellington City,AOTEA ON NBD,80,N, ,AOTEA QUAY,2654615,20/08/06,Sun,24,AD,CN1,103A 111A 150A 434A ,G,E,D,DO,F , ,N,R,70,0,0,0,,,1749503,5430187,-41.26591579,174.7848035
Wellington City,AOTEA QUAY,, ,I,AOTEA OFF SBD,2657197,18/12/06,Mon,1405,MC,4S1C,202B 336B 372B ,,R,D,B ,F ,Y,N,C,70,0,0,0,,,1749561,5430076,-41.26690443,174.7855228
Wellington City,AOTEA QUAY,500,S, ,AOTEA ON NBD,2655259,10/10/06,Tue,1704,FD,4N14,331A 358A ,,R,D,O ,F , ,N,R,70,0,0,0,,,1749647,5429633,-41.27087703,174.7866578
Wellington City,AOTEA QUAY,, ,I,AOTEA ON NBD,2612404,11/05/06,Thu,2328,DB,CN1,103A 130A ,IS,E,D,DO,F ,Y,N,R,70,0,1,0,,,1749546,5430121,-41.26650206,174.7853328
Wellington City,AOTEA QUAY,80,S, ,HUTT ROAD,2652683,13/05/06,Sat,204,FA,CS14,111A 181A ,G,M,W,DO,L , ,N,N,70,0,0,0,,,1749518,5430306,-41.2648416,174.7849533
Wellington City,AOTEA QUAY,50,N, ,WATERLOO QUAY,2655668,30/10/06,Mon,1216,FA,VS1C,181A ,,E,W,O ,L , ,N,C,50,0,0,0,,,1749691,5429383,-41.27311973,174.7872443
Wellington City,AOTEA QUAY,100,N, ,WATERLOO QUAY,2654803,2/08/06,Wed,1755,AA,CN1CCC,331A 353A ,,R,W,DO,L , ,N,C,50,0,0,0,,,1749686,5429432,-41.27267949,174.7871726
Wellington City,AOTEA QUAY,100,N, ,WATERLOO QUAY,2654179,22/07/06,Sat,1600,FO,CN1C,112A 159A 181A ,,R,D,B ,F , , ,C,70,0,0,0,,,1749686,5429432,-41.27267949,174.7871726
Wellington City,AOTEA QUAY,300,N, ,WATERLOO QUAY,2613396,4/12/06,Mon,945,FD,TS1C,135A 181A 801 ,,R,W,B ,L , ,N,L,70,0,0,1,,,1749648,5429628,-41.27092186,174.786671
Wellington City,APUKA ST,, ,I,KAREPA ST,2656266,17/08/06,Thu,1520,BB,TE2C,156A 831 ,,S,W,O ,F ,T,N,C,50,0,0,0,,,1747289,5426261,-41.30167034,174.7593337
Wellington City,ARNEY ST,20,E, ,RIDDIFORD ST,2655810,30/08/06,Wed,1350,MO,VE1C,386A ,M,R,D,B ,F ,T,N,N,50,0,0,0,,,1749056,5424604,-41.3162645,174.7808364
Wellington City,ARO ST,100,W, ,EPUNI ST,2656262,16/12/06,Sat,200,EC,CW1,911,W,R,D,DO,F , ,N,C,50,0,0,0,,,1747778,5426966,-41.29523347,174.7650008
Wellington City,ARO ST,, ,I,OHIRO ROAD,2611950,21/04/06,Fri,1610,BB,TE1M,124A 170A ,,R,D,O ,F ,T,G,C,50,0,0,1,,,1748163,5426879,-41.29594619,174.7696182
Wellington City,AUSTIN ST,40,S, ,PIRIE ST,2655948,23/07/06,Sun,1615,EE,CS1C,374B ,Q,R,D,B ,F , ,N,N,50,0,0,0,,,1749601,5426509,-41.29901218,174.7868762
Wellington City,AUSTIN ST,, ,I,PIRIE ST,2656111,11/11/06,Sat,1700,HA,CN2B,301A 382A ,,R,D,B ,F ,X,S,C,50,0,0,0,,,1749617,5426546,-41.29867609,174.7870582
Wellington City,AWA ROAD,100,N, ,KARAKA BAY ROAD,2612357,14/05/06,Sun,100,DB,CN1,133A 433A ,C,M,W,DN,F , ,N,N,50,0,0,2,,,1753114,5425012,-41.31183105,174.829193
Wellington City,AWARUA ST,50,S, ,IWI ST,2653098,10/04/06,Mon,,DA,CN1C,111A 135A 801 ,M,S,W,DO,L , ,N,C,50,0,0,0,,,1748572,5432436,-41.24583862,174.7731462
Wellington City,BALFOUR ST,60,W, ,FARNHAM ST,2651010,8/02/06,Wed,1855,BC,CE1V,111A 121A 632A ,,S,D,B ,F , ,N,N,50,0,0,0,,,1747974,5424204,-41.32006512,174.7680125
Wellington City,BALLANCE ST,, ,I,FEATHERSTON ST,2655909,14/11/06,Tue,1246,FE,CW1V,331A ,,R,W,O ,LS,X,T, ,50,0,0,0,,,1748888,5428443,-41.2817314,174.777891
Wellington City,BALLANCE ST,30,N, ,MAGINNITY ST,2650106,20/01/06,Fri,1515,MF,CN1C,371B ,,R,D,BF,F , ,N,C,50,0,0,0,,,1748846,5428504,-41.28118993,174.7773748
Wellington City,BALLANCE ST,, ,I,STOUT ST,2653618,23/06/06,Fri,1807,HA,CN2C,302B ,,R,W,DO,L ,X,G,C,50,0,0,0,,,1748819,5428545,-41.28082576,174.7770425
Wellington City,BALLANTRAE PLACE,5,N, ,BOWEN ST,2655716,19/05/06,Fri,845,AO,CN1C,158A 434A ,,E,D,B ,F ,T,N,N,50,0,0,0,,,1748467,5428874,-41.27792841,174.772761
Wellington City,BALMORAL TERRACE,15,E, ,OWEN ST,2650459,24/01/06,Tue,900,MO,CW1C,386A ,M,R,D,B ,F , ,N,N,50,0,0,0,,,1749446,5424649,-41.31578718,174.7854827
Wellington City,BANNISTER AVENUE,20,N, ,HAUMIA ST,2656699,23/06/06,Fri,1630,BA,CN1C,,,R,W,O ,LS, ,N,N,50,0,0,0,,,1750774,5434392,-41.2278203,174.7989308
Wellington City,BARNETT ST,80,N, ,CABLE ST,2656932,31/12/06,Sun,1430,MO,VE1C,386A 403A ,M,R,W,O ,L , ,N,C,50,0,0,0,,,1749301,5427421,-41.29085664,174.7830709
Wellington City,BAY ROAD,50,N, ,COUTTS ST,2654450,31/08/06,Thu,1210,AC,VN1C,159A ,,R,D,B ,FS, ,N,C,50,0,0,0,,,1750191,5424223,-41.3194842,174.7944845
Wellington City,BAY ROAD,25,N, ,RONGOTAI ROAD,2656251,27/12/06,Wed,2140,KB,XN1C,308B 350B 602B 922 ,,R,D,O ,S ,D,N,N,50,0,0,0,,,1750248,5424422,-41.31768193,174.795116
Wellington City,BAY ROAD,10,S, ,RONGOTAI ROAD,2655511,20/10/06,Fri,2140,MF,CN1C,371B ,,R,D,DO,F ,X,T,C,50,0,0,0,,,1750238,5424388,-41.3179899,174.795005
Wellington City,BAY ROAD,20,S, ,RONGOTAI ROAD,2657217,24/11/06,Fri,1150,MO,CS1C,434A 512A ,Q,R,D,B ,F ,X,T,C,50,0,0,0,,,1750235,5424379,-41.31807149,174.7949714
Wellington City,BAY ROAD,30,S, ,RONGOTAI ROAD,2612403,11/07/06,Tue,1215,PO,CS1E,371A 711B ,,R,D,B ,F , ,N,C,50,0,0,1,85,,1750233,5424369,-41.3181619,174.79495
Wellington City,BAY ROAD,40,S, ,RONGOTAI ROAD,2655911,1/12/06,Fri,1620,MO,CN1C,386A ,M,R,D,O ,F , ,N,C,50,0,0,0,,,1750230,5424359,-41.31825249,174.7949166
Wellington City,BEACH ST,, ,I,THE ESPLANADE,2656714,6/09/06,Wed,845,QO,TE1,135A 817 ,R,E,D,B ,FS,T,S,C,50,0,0,0,,,1748065,5421380,-41.34547406,174.7697876
Wellington City,BEAUCHAMP ST,30,S, ,KARORI ROAD,2652067,2/04/06,Sun,1030,EA,CS1V,129A 358A ,M,R,D,O ,F , ,N,C,50,0,0,0,,,1745463,5428136,-41.28511977,174.7370841
Wellington City,BEAUCHAMP ST,40,N, ,RAWSON ST,2654632,4/08/06,Fri,1745,CC,CN1,130A 634A ,,R,D,DO,F , ,N,C,50,0,0,0,,,1753586,5441917,-41.15954135,174.8305765
Wellington City,BEAZLEY AVENUE,40,W, ,CATHERINE CRESCENT,2656704,24/12/06,Sun,2330,EA,CW1C,101A 386A ,M,R,W,DO,L , ,N,C,50,0,0,0,,,1752504,5435803,-41.21479233,174.8192099
Wellington City,BEAZLEY AVENUE,60,E, ,MARK AVENUE,2650460,9/02/06,Thu,2243,EA,CW1C,103A 350A ,M,E,D,DO,F , ,N,C,50,0,0,0,,,1752448,5435826,-41.2145958,174.8185365
Wellington City,BELL ST,50,E, ,MASSEY ST,2651874,14/05/06,Sun,422,DB,CS1C,103A 111A ,FM,M,W,DO,F , ,N,C,50,0,0,0,,,1754035,5442763,-41.15183935,174.8357128
Wellington City,BELL ST,100,N, ,MEXTED TERRACE,2652291,19/05/06,Fri,845,EA,CS1C,129A ,M,R,D,B ,F , ,N,N,50,0,0,0,,,1754004,5442448,-41.1546813,174.8354227
Wellington City,BIDWILL ST,15,W, ,BELL ROAD,2653536,7/06/06,Wed,1500,DA,CS1,111A 632A ,C,E,W,B ,FF, ,N,C,50,0,0,0,,,1748174,5426104,-41.30292186,174.7699382
Wellington City,BIDWILL ST,, ,I,BELL ROAD,2654628,3/03/06,Fri,1600,BD,CN1C,102A 378A 120B 370B 832 ,,S,D,B ,F ,T,N,N,50,0,0,0,,,1748189,5426103,-41.30292811,174.7701175
Wellington City,BIDWILL ST,100,E, ,BROOKLYN ROAD,2612282,2/07/06,Sun,936,DA,CN1,101A 131A ,GT,S,D,O ,F , ,N,N,50,0,0,1,,,1748207,5426093,-41.30301484,174.7703349
Wellington City,BIDWILL ST,300,E, ,BROOKLYN ROAD,2652145,8/02/06,Wed,1400,DB,CE1,133A 423A ,F,S,W,O ,H , ,N,L,50,0,0,0,,,1748355,5426172,-41.30227637,174.7720827
Wellington City,BIDWILL ST,40,W, ,WALLACE ST,2652764,2/06/06,Fri,1930,EA,CE1C,103A 129A ,M,R,W,DO,L , ,N,N,50,0,0,0,,,1748483,5426215,-41.30186567,174.7736004
Wellington City,BLACK ROCK ROAD,10,N, ,LYNDFIELD LANE,2656480,14/01/06,Sat,50,EA,CS1C,111A 402A 826 ,M,M,D,DO,FS,T,N,C,50,0,0,0,,,1752664,5433691,-41.23377719,174.8216454
Wellington City,BLACK ROCK ROAD,80,N, ,LYNDFIELD LANE,2612562,9/06/06,Fri,1550,BB,CW1C,123A 363A 902 ,,M,D,B ,F , ,N,N,50,0,0,2,,,1752622,5433747,-41.23328093,174.8211305
Wellington City,BLAIR ST,10,N, ,COURTENAY PLACE,2651888,18/02/06,Sat,348,MO,CN1C,371A ,,R,D,DO,F ,T,N,N,50,0,0,0,,,1749286,5427101,-41.2937405,174.7829703
Wellington City,BLAIR ST,20,N, ,COURTENAY PLACE,2655556,26/09/06,Tue,1650,MG,CN1C,371B ,,R,D,OF,F , ,N,C,50,0,0,0,,,1749290,5427110,-41.29365873,174.7830159
Wellington City,BOLTON ST,30,W, ,THE TERRACE,2655542,27/10/06,Fri,1030,MG,CW1C,,,R,D,B ,F , ,N,C,50,0,0,0,,,1748658,5428698,-41.27947789,174.7750835
Wellington City,BOND ST,, ,I,LOMBARD ST,2653469,4/06/06,Sun,905,DA,CS1,110A 131A 927 ,H,R,W,O ,L ,D,N,N,50,0,0,0,,,1748739,5427561,-41.2896999,174.776328
Wellington City,BOULCOTT ST,10,W, ,WILLIS ST,2657184,6/07/06,Thu,1300,EA,TW14,386A ,M,R,D,B ,F ,X,T,C,50,0,0,0,,,1748598,5427632,-41.28908662,174.7746275
Wellington City,BOULCOTT ST,80,W, ,WILLIS ST,2613477,5/06/06,Mon,1600,NB,CW1E,711B 719B ,,E,W,O ,L , ,N,C,50,0,0,1,,,1748562,5427692,-41.28855304,174.7741831
Wellington City,BOULCOTT ST,, ,I,WILLIS ST,2652617,12/05/06,Fri,1730,FE,CE1C,331A ,,R,D,TO,F ,X,T,C,50,0,0,0,,,1748603,5427623,-41.28916673,174.7746894
Wellington City,BOULD ST,100,S, ,HINDMARSH ST,2656072,14/10/06,Sat,0,DA,CS1C,195A ,ME,E,D,DO,F , ,N,N,50,0,0,0,,,1751212,5434523,-41.22655911,174.8041218
Wellington City,BOWEN ST,50,N, ,LAMBTON QUAY,2656074,30/09/06,Sat,1505,AC,VN1C,372A ,,R,D,O ,F , ,N,L,50,0,0,0,,,1748813,5428737,-41.27909821,174.776924
Wellington City,BOWEN ST,15,E, ,SYDNEY ST WEST,2653661,22/07/06,Sat,1730,EA,CW1C,111A 130A ,CM,E,D,DO,F , ,N,L,50,0,0,0,,,1748280,5428739,-41.27917824,174.770562
Wellington City,BOWEN ST,120,E, ,SYDNEY ST WEST,2611878,25/04/06,Tue,845,DB,CE1,137A ,EF,M,W,O ,H , ,N,L,50,0,0,1,,,1748367,5428761,-41.27896418,174.771595
Wellington City,BOWEN ST,40,W, ,THE TERRACE,2655246,18/10/06,Wed,918,MC,CE1C,372B ,,E,D,B ,F , ,N,L,50,0,0,0,,,1748663,5428786,-41.27868466,174.7751217
Wellington City,BOWEN ST,, ,I,THE TERRACE,2653329,7/07/06,Fri,1508,FD,VW1VC,181A ,,R,W,O ,F ,T,N,C,50,0,0,0,,,1748701,5428774,-41.27878571,174.7755782
Wellington City,BOX HILL,, ,I,COCKAYNE ROAD,2656546,8/12/06,Fri,950,JC,CN2C,302B 375B ,,E,W,O ,H ,R,G,R,50,0,0,0,,,1749967,5432403,-41.24587819,174.7897954
Wellington City,BOX HILL,15,S, ,STATION ROAD,2655917,6/12/06,Wed,1300,FC,CN1C,181A ,,R,D,B ,F , ,N,X,50,0,0,0,,,1750185,5432803,-41.24223635,174.7922975
Wellington City,BRACKEN ROAD,, ,I,BEAZLEY AVENUE,2655815,12/10/06,Thu,1720,KA,CW14,303B 382B 403B 839 ,,S,D,O ,F ,T,G,C,50,0,0,0,,,1752683,5435474,-41.21772068,174.8214263
Wellington City,BRACKEN ROAD,, ,I,STEWART DRIVE,2611289,28/01/06,Sat,1400,KB,MS1C,302B 375B ,,R,D,B ,F ,T,G,C,50,0,0,1,,,1752837,5434948,-41.22242736,174.8233942
Wellington City,BRANDON ST,15,E, ,LAMBTON QUAY,2652078,5/04/06,Wed,1452,MO,CN1,200A 403A 407A 423A ,H,R,D,B ,F , ,N,N,50,0,0,0,,,1748701,5428294,-41.28310737,174.7756954
Wellington City,BREAKER BAY ROAD,, ,A,WAHINE MEMORIAL,2652316,12/05/06,Fri,2015,DB,CE1,111A 131A ,T,M,W,DN,H , ,N,C,50,0,0,0,,,1752362,5421589,-41.34279129,174.8210717
Wellington City,BRETBY CRESCENT,20,E, ,OHIRO ROAD,2651458,20/03/06,Mon,1100,MO,CE1,130A 507A 926 ,G,R,D,B ,F ,D,N,N,50,0,0,0,,,1747662,5426015,-41.30381703,174.7638467
Wellington City,BRITOMART ST,100,W, ,ADELAIDE ROAD,2613382,9/12/06,Sat,1640,JA,MW1C,308B 375B 929 ,,R,D,B ,F ,D,N,N,50,0,0,1,,,1748479,5424128,-41.32065656,174.7740621
Wellington City,BRITOMART ST,250,E, ,FARNHAM ST,2657074,17/12/06,Sun,940,BC,CE1C,121A ,,M,D,B ,F , ,N,C,50,0,0,0,,,1748259,5424141,-41.32057999,174.7714316
Wellington City,BRITOMART ST,50,S, ,LIARDET ST,2652631,27/05/06,Sat,1213,BB,CN1C,111A 123A 400A ,,S,W,O ,L , ,N,C,50,0,0,0,,,1748168,5424273,-41.31940826,174.7703126
Wellington City,BRITOMART ST,25,E, ,STANLEY ST,2655975,3/06/06,Sat,635,EA,VE1C,130A 407A ,FHM,R,W,DO,F , ,N,C,50,0,0,0,,,1748388,5424134,-41.32061929,174.7729739
Wellington City,BRITOMART ST,200,W, ,STANLEY ST,2655563,16/10/06,Mon,1608,BB,CW1C,123A ,,R, ,B ,L , ,N,C,50,0,0,0,,,1748197,5424178,-41.32025826,174.7706821
Wellington City,BROADWAY,30,W, ,GLAMIS AVENUE,2613761,30/12/06,Sat,1134,MC,ME1C,372B ,,R,D,B ,F , ,N,P,50,0,0,1,,,1752402,5423628,-41.32442629,174.821038
Wellington City,BROADWAY,30,W, ,GLAMIS AVENUE,2657015,29/11/06,Wed,1000,EE,CW1V,374B ,M,R,D,B ,F , ,N,C,50,0,0,0,,,1752402,5423628,-41.32442629,174.821038
Wellington City,BROADWAY,, ,I,HOBART ST,2611408,17/01/06,Tue,1430,LB,ME1C,303B 375B 842 ,,R,D,B ,F ,T,G,R,50,0,1,0,,,1751632,5423541,-41.32535474,174.8118635
Wellington City,BROADWAY,, ,I,IRA ST,2612090,22/05/06,Mon,1800,HA,4W1C,302A ,,R,D,DO,F ,R,G,R,50,0,0,1,,,1752348,5423615,-41.32455353,174.8203964
Wellington City,BROADWAY,50,E, ,KAURI ST,2657011,13/12/06,Wed,2100,MO,CW1C,371A 386A 414A ,Q,R,D,TO,F , ,N,N,50,0,0,0,,,1751572,5423540,-41.32537503,174.8111471
Wellington City,BROADWAY,, ,I,KAURI ST,2652594,24/03/06,Fri,845,JA,CW1C,308B 375B 839 922 ,,R,D,B ,L ,D,N,P,50,0,0,0,,,1751522,5423540,-41.32538443,174.81055
Wellington City,BROADWAY,20,W, ,MONORGAN ROAD,2653539,3/06/06,Sat,402,EA,CE1T,101A 129A ,M,R,W,DO,F , ,N,C,50,0,0,0,,,1752123,5423554,-41.32514521,174.8177244
Wellington City,BROADWAY,, ,I,STRATHMORE AVENUE,2654040,20/07/06,Thu,2005,HA,CE1C,302A ,,R,W,DO,LS,R,G,R,50,0,0,0,,,1752348,5423615,-41.32455353,174.8203964
Wellington City,BROADWAY,, ,I,STRATHMORE AVENUE,2652620,12/06/06,Mon,1340,HA,CW14,302A 375A ,,R,W,O ,H ,R,G,R,50,0,0,0,,,1752348,5423615,-41.32455353,174.8203964
Wellington City,BROADWAY,, ,I,THE QUADRANT,2612457,21/07/06,Fri,1351,MC,4E1C,300B 372B ,,R,W,O ,L ,X,S,C,50,0,0,2,,,1752142,5423555,-41.32513262,174.8179511
Wellington City,BRODERICK ROAD,, ,I,CORTINA AVENUE,2653407,21/06/06,Wed,1505,QO,4W14,420A 428A ,Q,R,W,O ,L ,T,N,C,50,0,0,0,,,1750748,5434809,-41.22407071,174.7985179
Wellington City,BRODERICK ROAD,, ,I,DOCTOR TAYLOR TERRACE,2654629,14/09/06,Thu,1714,KB,4W1C,300B 377B ,,R,D,B ,F ,T,N,C,50,0,0,0,,,1751135,5434773,-41.22432264,174.8031417
Wellington City,BRODERICK ROAD,50,W, ,JOHNSONVILLE ROAD,2613350,8/12/06,Fri,1830,GC,CE1S,204B 312B ,,R,D,B ,F , ,N,X,50,0,0,1,,10,1751433,5434727,-41.22468108,174.8067068
Wellington City,BRODERICK ROAD,60,E, ,OLD COACH ROAD,2656365,23/09/06,Sat,100,MO,CW1C,386A 929 ,M,M,D,DO,F ,D,N,L,50,0,0,0,,,1750560,5435007,-41.22232304,174.7962272
Wellington City,BROOKER GROVE,200,W, ,ALDER PLACE,2652772,30/05/06,Tue,1045,QD,TW1,428A ,FT,E,D,O ,F , ,N,N,50,0,0,0,,,1753202,5434668,-41.22487926,174.8278168
Wellington City,BROOKLYN ROAD,30,N, ,BIDWILL ST,2611909,20/05/06,Sat,1555,KB,SN1C,302B ,,E,D,B ,F ,Y,G,C,50,0,0,1,,45,1748128,5426104,-41.3029303,174.769389
Wellington City,BROOKLYN ROAD,50,N, ,BIDWILL ST,2612408,10/06/06,Sat,1500,DA,CN1,129A 350A ,P,E,D,B ,F , ,N,L,50,0,0,1,,,1748135,5426123,-41.30275795,174.7694679
Wellington City,BROOKLYN ROAD,30,S, ,NAIRN ST,2612416,6/06/06,Tue,1955,DA,CN1,101A 132A 350A ,F,M,D,DO,F , ,N,P,50,0,1,0,,,1748176,5426729,-41.29729433,174.7698099
Wellington City,BROOKLYN ROAD,100,S, ,NAIRN ST,2651452,19/03/06,Sun,730,EA,CN1C,129A 363A 902 ,M,E,D,B ,F , ,N,R,50,0,0,0,,,1748121,5426691,-41.29764656,174.7691625
Wellington City,BROOKLYN ROAD,, ,I,OHIRO ROAD,2612461,6/07/06,Thu,1945,JA,CW1C,302B ,,M,W,DO,H ,T,G,C,50,0,0,1,,,1747693,5426137,-41.30271293,174.7641873
Wellington City,BROOKLYN ROAD,, ,I,OHIRO ROAD,2613417,17/11/06,Fri,845,LB,CS2S,302A 375A ,,M,D,O ,F ,T,G,C,50,0,0,1,,43,1747693,5426137,-41.30271293,174.7641873
Wellington City,BROOKLYN ROAD,130,E, ,WASHINGTON AVENUE,2650205,12/01/06,Thu,730,AO,VW14,381A ,,E,D,B ,F , ,N,L,50,0,0,0,,,1747996,5426147,-41.30256738,174.7678025
Wellington City,BROOKLYN ROAD,, ,I,WASHINGTON AVENUE,2613233,20/09/06,Wed,1730,JA,MW1X,191A 301B 375B ,,M,D,B ,F ,T,S,C,50,0,0,1,,,1747874,5426138,-41.30267077,174.7663481
Wellington City,BROOKLYN ROAD,, ,I,WASHINGTON AVENUE,2654088,15/08/06,Tue,810,JA,CW1C,302B 363B 370B ,,E,W,B ,L ,T,G,R,50,0,0,0,,,1747874,5426138,-41.30267077,174.7663481
Wellington City,BROOKLYN ROAD,80,W, ,WILLIS ST,2651830,24/02/06,Fri,1000,EA,CS1C,129A ,M,R,D,B ,F , ,N,N,50,0,0,0,,,1748134,5426706,-41.29750912,174.7693141
Wellington City,BROUGHAM ST,30,N, ,ELIZABETH ST,2651737,28/03/06,Tue,900,MA,CS1C,312B 373B ,,R,W,O ,L , ,N,C,50,0,0,0,,,1749503,5426815,-41.29627531,174.7856311
Wellington City,BROUGHAM ST,, ,I,ELIZABETH ST,2654801,29/09/06,Fri,1940,BB,BE24,124A ,,R,D,DO,F ,X,S,L,50,0,0,0,,,1749491,5426787,-41.29652963,174.7854947
Wellington City,BROUGHAM ST,, ,I,ELIZABETH ST,2653402,11/03/06,Sat,1838,BO,CE2C,122A 510A 512B 514B ,,R,D,B ,F ,X,G,C,50,0,0,0,,,1749491,5426787,-41.29652963,174.7854947
Wellington City,BROUGHAM ST,, ,I,ELIZABETH ST,2655243,16/09/06,Sat,1700,BB,BW2C,124A ,,E,D,B ,F ,X,G,C,50,0,0,0,,,1749491,5426787,-41.29652963,174.7854947
Wellington City,BROUGHAM ST,, ,I,ELLICE ST,2613202,22/10/06,Sun,1216,HA,CW2C,301B 375B ,,R,W,O ,H ,X,S,C,50,0,0,1,,,1749299,5426365,-41.3003646,174.7833061
Wellington City,BUCKLE ST,, ,I,CAMBRIDGE TERRACE,2655411,6/09/06,Wed,1020,GF,CN1C,111A 123A 386A ,,M,D,BF,F ,T,N,C,50,0,0,0,,,1749051,5426475,-41.29942007,174.7803183
Wellington City,BUCKLE ST,, ,I,CAMBRIDGE TERRACE,2613591,17/12/06,Sun,1520,NA,VE1EE,711B 714B ,,E,D,B ,F ,T,N,R,50,0,1,1,25,,1749051,5426475,-41.29942007,174.7803183
Wellington City,BUCKLEY ROAD,500,N, ,MELROSE ROAD,2652244,27/04/06,Thu,2300,EA,CN1C,101A 129A ,M,R,D,DO,F , ,N,C,50,0,0,0,,,1749220,5422376,-41.33629365,174.7833419
Wellington City,BUCKLEY ROAD,5,S, ,MELROSE ROAD,2655547,12/09/06,Tue,2300,EA,CS1C,101A 386A ,M,R,D,DO,F ,T,G,C,50,0,0,0,,,1748998,5421942,-41.34024218,174.7807964
Wellington City,BUNNY ST,, ,I,FEATHERSTON ST,2653610,2/08/06,Wed,630,GF,XN1S,157A 183A 380A ,,R,W,DO,L ,X,T,N,50,0,0,0,,26,1748998,5428685,-41.27953227,174.7791447
Wellington City,BUNNY ST,50,W, ,WATERLOO QUAY,2656491,9/11/06,Thu,1440,EA,VE14,386A ,M,R,D,O ,F , ,N,R,50,0,0,0,,,1749063,5428635,-41.27997045,174.7799327
Wellington City,BURMA ROAD,500,N, ,FRASER AVENUE,2652645,3/06/06,Sat,1410,GA,CS1C,333A 359A 920 ,T,R,D,B ,F ,D,N,C,50,0,0,0,,,1750705,5433861,-41.23261398,174.798239