TLA NAME,CRASH ROAD,CRASH DIST,CRASH DIRN,INTSN,SIDE ROAD,CRASH ID,CRASH DATE,CRASH DOW,CRASH TIME,MVMT,VEHICLES,CAUSES,OBJECTS STRUCK,ROAD CURVE,ROAD WET,LIGHT,WTHRa,JUNC TYPE,TRAF CTRL,ROAD MARK,SPD LIM,CRASH FATAL CNT,CRASH SEV CNT,CRASH MIN CNT,PERS AGE1,PERS AGE2,EASTING,NORTHING,latitude,longitude
Wellington City,BURMA ROAD,280,S, ,HAUMIA ST,2652009,12/04/06,Wed,1730,HA,SE1C,312A ,,R,D,O ,F , ,N,X,50,0,0,0,,16,1750713,5433988,-41.23146906,174.7983031
Wellington City,BURMA ROAD,, ,I,HAUMIA ST,2650300,26/01/06,Thu,1735,HA,CN1C,302A ,I,R,D,B ,F ,R,G,R,50,0,0,0,,,1750881,5434203,-41.229502,174.8002536
Wellington City,BURMA ROAD,100,N, ,JOHN SIMS DRIVE,2654110,3/06/06,Sat,1400,EA,CN1C,386A 504A ,M,R,D,B ,F , , ,C,50,0,0,0,,,1750692,5433590,-41.23505633,174.7981508
Wellington City,BURMA ROAD,15,N, ,KIM ST,2613654,2/10/06,Mon,1734,FD,VS1VC,331A 904 ,,R,W,O ,M , ,N,C,50,0,0,1,,,1750378,5432984,-41.24057086,174.794555
Wellington City,BURMA ROAD,, ,I,RANGOON ST,2654659,15/09/06,Fri,810,JA,CS1C,300B 377B ,F,R,D,B ,F ,T,N,L,50,0,0,0,,,1750525,5433136,-41.23917499,174.796271
Wellington City,CABLE ST,60,E, ,CHAFFERS ST,2650551,29/01/06,Sun,1235,GC,CE1C,174B 372B 926 ,,R,D,B ,F ,D,N,C,50,0,0,0,,,1749408,5427282,-41.29208831,174.7843823
Wellington City,CABLE ST,, ,I,CHAFFERS ST,2656185,4/11/06,Sat,1505,GC,CE1C,171B 372B 671B ,,R,D,B ,F ,T,G,C,50,0,0,0,,,1749353,5427308,-41.2918644,174.7837194
Wellington City,CABLE ST,, ,I,ORIENTAL PARADE,2650350,13/01/06,Fri,920,GE,BE1C,124B ,,R,D,O ,F ,T,T,C,50,0,0,0,,,1749487,5427226,-41.29257788,174.7853391
Wellington City,CABLE ST,100,E, ,TARANAKI ST,2655940,3/10/06,Tue,1510,GF,CE1C,353A 333B 926 ,,R,D,B ,  ,D,N,C,50,0,0,0,,,1749130,5427411,-41.29097828,174.7810321
Wellington City,CABLE ST,, ,I,TARANAKI ST,2613400,29/11/06,Wed,1515,ND,XE1E,307A 334A 376A ,,R,D,O ,F ,X,T,C,50,0,0,1,26,,1749051,5427473,-41.29043466,174.7800739
Wellington City,CABLE ST,, ,I,TARANAKI ST,2651670,3/04/06,Mon,1550,FE,BE1C,181A ,,R,D,O ,F ,X,T,C,50,0,0,0,,,1749051,5427473,-41.29043466,174.7800739
Wellington City,CABLE ST,, ,I,TARANAKI ST,2612078,13/05/06,Sat,238,DA,CN2S,111A 131A 517A ,,R,D,DO,F ,X,T,C,50,0,0,1,,19,1749051,5427473,-41.29043466,174.7800739
Wellington City,CABLE ST,, ,I,TARANAKI ST,2612737,20/07/06,Thu,2015,NA,CE1E,105B 718B ,,R,D,DO,F ,X,T,C,50,0,0,1,46,,1749051,5427473,-41.29043466,174.7800739
Wellington City,CABLE ST,30,E, ,TORY ST,2650549,28/01/06,Sat,1915,GC,XE1CVC,174B 372B 926 ,MM,R,D,B ,F ,D,N,C,50,0,0,0,,,1749269,5427347,-41.29152881,174.7827071
Wellington City,CABLE ST,30,W, ,TORY ST,2655170,18/10/06,Wed,1517,AA,CE1C,372A ,,R,D,B ,F , ,N,C,50,0,0,0,,,1749214,5427369,-41.2913409,174.7820451
Wellington City,CABLE ST,, ,I,TORY ST,2653963,5/07/06,Wed,1910,GC,CE1C,158A 171B ,,R,W,DO,L ,T,G,C,50,0,0,0,,,1749241,5427357,-41.29144395,174.7823704
Wellington City,CABLE ST,, ,I,TORY ST,2613189,6/10/06,Fri,1630,GD,CE1C,181A 387A ,,R,D,O ,F ,T,G,C,50,0,0,1,,,1749241,5427357,-41.29144395,174.7823704
Wellington City,CABLE ST,, ,I,TORY ST,2651233,10/03/06,Fri,2349,GC,XE14,171B 300B 370B ,J,R,D,DO,F ,T,T,C,50,0,0,0,,,1749241,5427357,-41.29144395,174.7823704
Wellington City,CAIRNS ST,, ,I,BRIDGE ST,2653617,8/06/06,Thu,905,DA,CE1C,111A 131A ,M,E,D,B ,F ,T,N,C,50,0,0,0,,,1751117,5424198,-41.3195363,174.8055493
Wellington City,CALCUTTA ST,200,E, ,COCKAYNE ROAD,2653313,16/04/06,Sun,1855,DB,CN1,111A 133A 400A ,T,M,D,TF,F , ,N,C,50,0,0,0,,,1749779,5431791,-41.25142315,174.7877029
Wellington City,CALEDONIA ROAD,, ,I,KAURI ST,2613514,3/11/06,Fri,841,HA,CN2C,302A 375A 839 ,,R,D,B ,F ,X,G,P,50,0,0,1,,,1751663,5423987,-41.32133348,174.8121225
Wellington City,CALEDONIA ST,, ,I,KAURI ST,2654036,21/07/06,Fri,1025,HA,CN2C,302A ,,R,W,O ,L ,X,G,C,50,0,0,0,,,1751663,5423987,-41.32133348,174.8121225
Wellington City,CALEDONIA ST,, ,I,KAURI ST,2612868,15/07/06,Sat,934,HA,BW1C,302B 375B 901 ,F,R,W,O ,HS,X,G,R,50,0,0,1,,,1751663,5423987,-41.32133348,174.8121225
Wellington City,CALEDONIA ST,15,E, ,MIRO ST,2656612,9/12/06,Sat,129,EA,CE1C,129A ,M,R,W,DO,F ,T,N,R,50,0,0,0,,,1751578,5424013,-41.32111537,174.8111009
Wellington City,CALEDONIA ST,200,E, ,SH 1N,2613119,20/10/06,Fri,2057,CB,VE1C4,103A 112A ,MH,R,D,DO,F , ,N,C,50,0,0,1,,,1751615,5424002,-41.32120745,174.8115455
Wellington City,CAMBRIDGE TERRACE,, ,I,BUCKLE ST,2653481,9/07/06,Sun,2025,DB,CE2,111A 131A ,G,M,D,DO,F ,T,N,R,50,0,0,0,,,1749051,5426475,-41.29942007,174.7803183
Wellington City,CAMBRIDGE TERRACE,, ,I,COLLEGE ST,2653400,12/05/06,Fri,1445,AA,CN1C,386A ,,R,D,O ,F ,T,G,C,50,0,0,0,,,1749216,5426777,-41.29667055,174.7822141
Wellington City,CAMBRIDGE TERRACE,30,S, ,COURTENAY PLACE,2611290,6/02/06,Mon,1345,NA,CN1E,711B 714B ,,R,D,B ,F , ,N,C,50,0,0,1,23,,1749339,5427050,-41.29418987,174.7836156
Wellington City,CAMBRIDGE TERRACE,30,S, ,COURTENAY PLACE,2611901,5/05/06,Fri,1640,CA,MN14,132A 403A ,,R,D,O ,F , ,N,C,50,0,1,0,,,1749339,5427050,-41.29418987,174.7836156
Wellington City,CAMBRIDGE TERRACE,100,S, ,COURTENAY PLACE,2652357,12/05/06,Fri,2230,FA,CN1C,135A 181A 191B 801 ,,R,W,DO,L , ,N,R,50,0,0,0,,,1749295,5426953,-41.29507134,174.7831141
Wellington City,CAMBRIDGE TERRACE,, ,I,COURTENAY PLACE,2611906,27/01/06,Fri,2308,NA,XN1E,105B 711B ,,R,D,DO,F ,X,T,C,50,0,0,1,42,,1749351,5427078,-41.29393556,174.7837519
Wellington City,CAMBRIDGE TERRACE,, ,I,COURTENAY PLACE,2655255,1/10/06,Sun,730,HA,CE2X,322A 350A ,,R,D,O ,F ,X,T,C,50,0,0,0,,,1749351,5427078,-41.29393556,174.7837519
Wellington City,CAMBRIDGE TERRACE,, ,I,COURTENAY PLACE,2651444,10/02/06,Fri,920,LB,CN1C,322B ,IS,R,D,O ,F ,X,T,R,50,0,0,0,,,1749351,5427078,-41.29393556,174.7837519
Wellington City,CAMBRIDGE TERRACE,, ,I,ELLICE ST,2612137,2/06/06,Fri,2330,NE,CN1E,431A 711B 714B ,,E,D,DO,F ,T,G,R,50,0,0,1,,,1749051,5426475,-41.29942007,174.7803183
Wellington City,CAMBRIDGE TERRACE,, ,I,FIFESHIRE AVENUE,2613730,13/12/06,Wed,1209,NO,XW2E,376A ,,R,D,B ,F ,X,N,R,50,0,0,1,67,,1749158,5426648,-41.29784271,174.7815533
Wellington City,CAMBRIDGE TERRACE,10,S, ,TENNYSON ST,2657017,30/11/06,Thu,1750,FE,XN1C,331A 387A ,,R,D,O ,F ,X,T,R,50,0,0,0,,,1749272,5426900,-41.29555278,174.7828525
Wellington City,CAMBRIDGE TERRACE,40,N, ,VIVIAN ST,2610068,20/08/06,Sun,139,NA,CN1ECC,110A 431A 711B 720B 110C 431C 110D +,,R,D,DO,F , ,N,C,50,1,0,0,23,,1749213,5426770,-41.29673413,174.78218
Wellington City,CAMPBELL ST,50,N, ,FIRTH TERRACE,2653891,2/07/06,Sun,1621,EA,CS1C,197A 386A ,M,R,D,O ,F , ,N,C,50,0,0,0,,,1745760,5427834,-41.2877853,174.7407016
Wellington City,CAMPBELL ST,200,S, ,MASEFIELD WAY,2652356,13/04/06,Thu,2305,DB,CN1CCC,111A 517A ,M,M,D,DO,F , ,N,C,50,0,0,0,,,1745963,5427390,-41.29174623,174.7432312
Wellington City,CASHMERE AVENUE,80,S, ,KAMLA WAY,2652747,2/06/06,Fri,1602,EA,CN1C,363A 370A 902 ,M,R,D,B ,F , ,N,C,50,0,0,0,,,1750609,5432248,-41.24715438,174.797492
Wellington City,CENTENNIAL SBD,, ,I,CENTENNIAL SLIP ROAD,2654608,2/07/06,Sun,915,DB,CS1,101A 130A 632A ,JP,S,D,B ,F ,Y,N,R,100,0,0,0,,,1751956,5432317,-41.2462811,174.8135434
Wellington City,CENTENNIAL SBD,50,S, ,GLOVER ST,2656075,19/10/06,Thu,1720,FD,VS1V,331A ,,E,W,O ,L , ,N,R,100,0,0,0,,,1751971,5432699,-41.24283901,174.8136272
Wellington City,CENTENNIAL SBD,100,S, ,GLOVER ST,2611139,19/01/06,Thu,140,DA,CE1,111A 135A 801 ,G,M,W,DO,L , ,N,R,100,0,0,1,,,1752001,5432660,-41.2431845,174.8139947
Wellington City,CENTENNIAL SBD,200,S, ,GLOVER ST,2652028,10/05/06,Wed,629,DA,CE1,111A 135A 632A 801 ,G,M,W,DO,L , ,N,R,100,0,0,0,,,1752021,5432564,-41.24404506,174.8142572
Wellington City,CHAMBERLAIN ROAD,10,W, ,DARWIN ST,2656769,9/12/06,Sat,1200,MC,CW14,144B 372B ,,R,D,O ,F ,T,N,C,50,0,0,0,,,1745288,5428300,-41.28367468,174.7349561
Wellington City,CHARLOTTE AVENUE,, ,I,TODMAN ST,2656693,8/07/06,Sat,1640,FB,CS1C,331A 351A ,,M,D,O ,F ,T,G,N,50,0,0,0,,,1747526,5425783,-41.30593071,174.7622792
Wellington City,CHARTWELL DRIVE,, ,I,WINSTON ST,2656948,25/12/06,Mon,1111,JA,VN1C,111A 302B 378B 831 ,,E,D,O ,F ,T,G,C,50,0,0,0,,,1747706,5430833,-41.26043002,174.7632037
Wellington City,CHAYTOR ROAD,, ,I,RAROA CRESCENT,2611912,13/03/06,Mon,1740,FB,CN2C,331A 353A 363A ,,E,D,TF,F ,Y,G,C,50,0,0,1,,,1746887,5428152,-41.28471791,174.7540777
Wellington City,CHAYTOR ST,110,N, ,BIRDWOOD ST,2613588,20/12/06,Wed,925,FD,CS1C,181A 402A 427A ,,R,W,O ,H , ,N,C,50,0,0,1,,,1746932,5428039,-41.28572712,174.7546421
Wellington City,CHAYTOR ST,20,S, ,KARORI ROAD,2613152,27/09/06,Wed,1627,DA,CE1E,111A 135A 801 ,F,M,W,O ,L , ,N,C,50,0,2,0,55,,1746661,5428566,-41.28103151,174.7512805
Wellington City,CHAYTOR ST,30,S, ,RAROA CRESCENT,2612954,8/08/06,Tue,1320,DB,CN1C,109A 501A ,M,E,D,B ,F , ,N,C,50,0,0,1,,,1746907,5428129,-41.28492135,174.754322
Wellington City,CHELTENHAM TERRACE,100,W, ,EVESHAM PLACE,2654297,1/08/06,Tue,2331,DC,CE1V,103A 130A ,FHJ,E,W,DO,L , ,N,N,50,0,0,0,,,1751973,5434271,-41.22868537,174.8132597
Wellington City,CHESHIRE ST,5,N, ,PEMBROKE ROAD,2656777,16/11/06,Thu,1000,QD,CN1C4,428A ,M,R,W,O ,L ,T,N,C,50,0,0,0,,,1747326,5429151,-41.27564338,174.7590762
Wellington City,CHESTERTON ST,, ,I,CHESTERTON CRESCENT,2656182,27/06/06,Tue,1910,DC,CN2,112A 400A ,F,E,D,DO,F ,T,N,C,50,0,0,0,,,1751880,5434943,-41.22265257,174.8119836
Wellington City,CHILDERS TERRACE,20,S, ,RONGOTAI ROAD,2655156,22/09/06,Fri,1315,MO,CS1C,371A 929 ,M,E,D,B ,F ,D,N,C,50,0,0,0,,,1750110,5424412,-41.31779766,174.7934705
Wellington City,CHILDERS TERRACE,, ,I,RONGOTAI ROAD,2655247,31/10/06,Tue,851,FB,CN1M,331A ,,E,D,B ,F ,X,S,C,50,0,0,0,,,1750110,5424432,-41.31761759,174.7934656
Wellington City,CHURCH ST,10,S, ,BOULCOTT ST,2612637,10/08/06,Thu,1930,CA,MN1,102A 420A ,,R,D,DO,F ,T,N,N,50,0,0,1,,,1748522,5427749,-41.2880472,174.7736918
Wellington City,CHURCHILL DRIVE,200,N, ,BLACKBRIDGE ROAD,2612547,20/07/06,Thu,2010,BB,CN1X,123A 137A ,,E,W,DO,L , ,N,C,50,0,0,2,,,1747796,5430736,-41.26128691,174.7643011
Wellington City,CHURCHILL DRIVE,400,S, ,CHARTWELL DRIVE,2653789,11/07/06,Tue,2335,DA,CS1,111A ,ET,S,W,DO,L , ,N,C,50,0,0,0,,,1747847,5430796,-41.26073736,174.7648951
Wellington City,CHURCHILL DRIVE,20,S, ,SILVERSTREAM ROAD,2656258,16/12/06,Sat,1330,FC,CN1CCC,331A ,,R,D,B ,F , ,N,X,50,0,0,0,,,1747952,5431471,-41.25464075,174.7659842
Wellington City,CHURCHILL DRIVE,170,S, ,SILVERSTREAM ROAD,2655997,6/11/06,Mon,1236,KO,CS1C,308A 922 925 ,,R,D,B ,F ,D,N,C,50,0,0,0,,,1747893,5431333,-41.25589404,174.7653137
Wellington City,CHURCHILL DRIVE,100,N, ,WILTON BUSH ROAD,2612656,12/05/06,Fri,1511,AD,CN1C,111A 430A ,,E,D,TF,L , ,N,C,50,0,0,2,,,1747719,5430650,-41.26207529,174.7634032
Wellington City,CHURTON PARK ON SBD,30,S, ,SH 1N,2656126,17/11/06,Fri,2240,DB,CS1,110A 135A 801 901 ,CP,E,W,DO,HS,Y,N,N,100,0,0,0,,,1752395,5436661,-41.20708797,174.8176964
Wellington City,CLEVELAND ST,15,W, ,HARRISON ST,2655931,19/09/06,Tue,1805,MG,CW1V,353B 371B 434B ,,R,D,TO,L , ,N,N,50,0,0,0,,,1747765,5425884,-41.30497763,174.7651083
Wellington City,CLEVELAND ST,15,S, ,WASHINGTON AVENUE,2657252,9/12/06,Sat,206,BA,4N1C,205A 124B 823 ,,R,W,DO,H ,T,S,N,50,0,0,0,,,1747886,5425864,-41.30513553,174.7665579
Wellington City,CLIFFORD ROAD,, ,I,OHARIU ROAD,2653401,13/04/06,Thu,1250,CB,CN1,131A 197A ,CT,E,D,B ,F ,T,N,P,50,0,0,0,,,1751109,5435467,-41.21807912,174.80266
Wellington City,CLIFTON TERRACE,60,N, ,CLIFTON ON NBD,2655916,7/12/06,Thu,1630,EA,CN1C,131A 427A ,M,M,D,B ,F , ,N,N,50,0,0,0,,,1748446,5428192,-41.28407264,174.7726766
Wellington City,CLYDE ST,, ,I,AVON ST,2652197,28/04/06,Fri,2100,MC,4N1C,309B 372B ,,R,W,O ,L ,X,G,C,50,0,0,0,,,1748521,5422700,-41.33350567,174.7749127
Wellington City,CLYDE ST,, ,I,MERSEY ST,2613449,26/11/06,Sun,1050,HA,CN14C,301A 839 ,M,R,D,O ,F ,X,S,C,50,0,0,1,,,1748433,5422253,-41.3375464,174.7739708
Wellington City,CLYDE ST,90,S, ,THAMES ST,2655543,19/10/06,Thu,1240,EA,TS1C,386A ,M,R,D,BF,F , ,N,C,50,0,0,0,,,1748486,5422413,-41.33609609,174.7745648
Wellington City,COBHAM DRIVE,100,N, ,SH 1N CALABAR,2613482,6/06/06,Tue,1100,CB,CN1V,504A ,M,R,D,B ,F , ,N,C,50,0,0,1,,,1751507,5424609,-41.31576279,174.8101044
Wellington City,COBHAM DRIVE,, ,I,SH 1N CALABAR,2656541,8/11/06,Wed,1536,FB,CS1C,331A 353A ,,E,D,B ,F ,R,G,R,50,0,0,0,,,1751447,5424535,-41.3164403,174.8094063
Wellington City,COCKAYNE ROAD,60,E, ,BANKOT CRESCENT,2651394,13/01/06,Fri,101,DA,CE1,111A 130A ,FP,M,D,DO,F , ,N,C,50,0,0,0,,,1749466,5431783,-41.25155312,174.7839708
Wellington City,COCKAYNE ROAD,, ,I,CROFTON ROAD,2613413,2/12/06,Sat,1010,HA,SS14,302B 378B 835 ,,E,D,B ,F ,X,G,C,50,0,0,1,,36,1748791,5431426,-41.2548919,174.776005
Wellington City,COCKAYNE ROAD,100,W, ,NICHOLSON ROAD,2612463,18/06/06,Sun,853,EA,CE1B,370A 645A ,Q,E,W,O ,M , ,N,C,50,0,0,2,,,1749868,5432353,-41.24634672,174.7886267
Wellington City,COCKAYNE ROAD,60,E, ,QUETTA ST,2612724,17/08/06,Thu,1029,AD,MS1,111A 131A ,FP,M,D,B ,F , ,N,C,50,0,1,0,,,1748955,5431719,-41.25222366,174.7778901
Wellington City,COLLEGE ST,60,E, ,TORY ST,2655928,8/11/06,Wed,720,GE,CE1C,160A 927 ,,R,D,TF,F ,D,N,N,50,0,0,0,,,1749069,5426844,-41.29609449,174.7804428
Wellington City,COLLINS AVENUE,, ,I,FINDLAY ST,2655798,28/11/06,Tue,1700,DB,CE1,103A 112A 137A ,P,R,D,B ,F ,X,G,N,50,0,0,0,,,1753686,5442175,-41.15719953,174.8317031
Wellington City,COLLINS AVENUE,, ,I,HINAU ST,2654726,23/09/06,Sat,1523,FC,VW1C,331A ,,R,D,B ,F ,T,G,X,50,0,0,0,,,1753820,5442108,-41.15777736,174.8333162
Wellington City,COLLINS AVENUE,50,S, ,RANGATIRA ROAD,2654414,25/08/06,Fri,1216,EC,CE1,370A 911 ,W,R,D,B ,F , ,N,C,50,0,0,0,,,1754236,5441847,-41.16004822,174.8383376
Wellington City,COLOMBO ST,50,E, ,MANLEY TERRACE,2656934,19/12/06,Tue,1535,MO,CE1C,350A 420A ,M,R,D,B ,F , ,N,N,50,0,0,0,,,1748813,5425053,-41.31226685,174.7778246
Wellington City,CONSTABLE ST,40,E, ,COROMANDEL ST,2612855,20/08/06,Sun,1551,BE,CE1C,109A 501A 506A ,,R,D,B ,F , ,N,C,50,0,1,1,,,1749577,5424995,-41.31264773,174.7869619
Wellington City,CONSTABLE ST,, ,I,COROMANDEL ST,2655616,12/11/06,Sun,2225,GE,XE1C,160A ,,R,D,DO,F ,X,S,C,50,0,0,0,,,1749537,5424997,-41.31263714,174.7864838
Wellington City,CONSTABLE ST,30,E, ,DANIELL ST,2613445,28/10/06,Sat,1605,NA,CE1E,713B 727B ,,R,D,O ,F , ,N,C,50,0,1,0,3,,1749222,5424934,-41.31326269,174.7827378
Wellington City,CONSTABLE ST,30,W, ,DANIELL ST,2613729,27/05/06,Sat,1718,KA,CW1C,308B 378B 839 923 ,,R,D,TO,F ,D,N,C,50,0,0,1,,,1749163,5424922,-41.31338165,174.7820362
Wellington City,CONSTABLE ST,80,W, ,DANIELL ST,2654832,19/09/06,Tue,1848,GD,CW1C,103A 331A 922 ,,R,D,DO,F ,D, ,C,50,0,0,0,,,1749115,5424912,-41.31348056,174.7814654
Wellington City,CONSTABLE ST,60,E, ,HIROPI ST,2656897,16/12/06,Sat,848,EA,CW1CCC,121A 350A ,MMM,E,D,O ,F , ,N,C,50,0,0,0,,,1749503,5424995,-41.31266145,174.7860783
Wellington City,CONSTABLE ST,, ,I,OWEN ST,2653557,26/06/06,Mon,1515,FA,CW1C,181A ,,R,W,O ,L ,X,S,C,50,0,0,0,,,1749365,5424965,-41.31295712,174.7844378
Wellington City,CONSTABLE ST,, ,I,OWEN ST,2655027,12/09/06,Tue,1640,HA,CW1C,302B 817 ,,R,D,B ,F ,X,G,C,50,0,0,0,,,1749365,5424965,-41.31295712,174.7844378
Wellington City,CONSTABLE ST,, ,I,OWEN ST,2611959,6/05/06,Sat,1500,GB,SW1C,204A 312A ,,R,D,O ,F ,X,G,C,50,0,0,1,,,1749365,5424965,-41.31295712,174.7844378
Wellington City,CONSTABLE ST,50,E, ,RIDDIFORD ST,2613150,11/10/06,Wed,1548,NB,CE1E,370A 713B ,,R,D,O ,F , ,N,C,50,0,0,1,12,,1749029,5424893,-41.31366751,174.7804431
Wellington City,CONSTABLE ST,200,E, ,RIDDIFORD ST,2652184,7/05/06,Sun,1,QD,VW1C,510A ,M,R,D,DO,F , ,N,N,50,0,0,0,,,1749175,5424925,-41.31335242,174.7821787
Wellington City,COTSWOLD CRESCENT,100,E, ,CHELTENHAM TERRACE,2613743,18/11/06,Sat,2038,NB,TS1E,713B 727B ,,M,D,TO,F , ,N,C,50,0,0,1,6,,1752077,5434299,-41.22841373,174.814493
Wellington City,COURAGE LANE,20,S, ,WAKEFIELD ST,2650826,27/02/06,Mon,1815,EE,CS1C,374B 440B ,Q,R,D,O ,F , ,N,C,50,0,0,0,,,1749113,5427295,-41.29202582,174.7808576
Wellington City,COURTENAY PLACE,5,W, ,ALLEN ST,2656252,21/12/06,Thu,1900,FD,CW1C,181A ,,R,D,O ,F ,T,N,X,50,0,0,0,,,1749205,5427109,-41.29368345,174.7820014
Wellington City,COURTENAY PLACE,, ,I,ALLEN ST,2655913,9/12/06,Sat,415,KA,XE1V,302B 387B ,,R,D,DO,F ,T,G,R,50,0,0,0,,,1749209,5427107,-41.29370072,174.7820497
Wellington City,COURTENAY PLACE,15,E, ,BLAIR ST,2655709,21/10/06,Sat,1628,FC,CW1C,331A 350A ,,R,D,O ,F , ,N,X,50,0,0,0,,,1749296,5427089,-41.29384669,174.7830927
Wellington City,COURTENAY PLACE,30,W, ,BLAIR ST,2612769,19/08/06,Sat,2203,PO,BE1E,105B ,,R,D,DO,F , ,N,L,50,0,0,1,38,,1749252,5427098,-41.2937738,174.7825652
Wellington City,COURTENAY PLACE,, ,I,BLAIR ST,2651739,24/03/06,Fri,2245,JA,CE1X,300B 331B ,,R,D,DO,F ,T,N,X,50,0,0,0,,,1749281,5427092,-41.29382246,174.7829129
Wellington City,COURTENAY PLACE,50,W, ,CAMBRIDGE TERRACE,2657191,15/11/06,Wed,2130,MO,4W1C,371A 386A ,M,E,D,DO,F , ,N,N,50,0,0,0,,,1749302,5427088,-41.29385459,174.7831645
Wellington City,COURTENAY PLACE,, ,I,CAMBRIDGE TERRACE,2655399,2/08/06,Wed,1700,FE,BN1X,386A ,,R,D,DO,F ,X,T,R,50,0,0,0,,,1749351,5427078,-41.29393556,174.7837519
Wellington City,COURTENAY PLACE,5,E, ,TARANAKI ST,2655921,3/12/06,Sun,30,FA,CE1C,101A 110A 157A 434A ,,R,D,DO,F ,X,T,C,50,0,0,0,,,1748953,5427245,-41.29250553,174.7789598
Wellington City,COURTENAY PLACE,10,E, ,TARANAKI ST,2612752,4/05/06,Thu,1530,FE,CE1S,181A 357A ,,R,D,B ,F ,X,T,R,50,0,0,1,,21,1748957,5427242,-41.2925318,174.7790083
Wellington City,COURTENAY PLACE,10,E, ,TARANAKI ST,2656023,26/10/06,Thu,1455,FE,CW1C,331A 650A ,,R,D,O ,F ,X,T,R,50,0,0,0,,,1748957,5427242,-41.2925318,174.7790083
Wellington City,COURTENAY PLACE,30,E, ,TARANAKI ST,2656796,14/12/06,Thu,315,MG,CW1C,101B 371B 512B ,,R,D,DO,F , ,N,N,50,0,0,0,,,1748973,5427230,-41.29263689,174.7792022
Wellington City,COURTENAY PLACE,80,E, ,TARANAKI ST,2612552,18/05/06,Thu,655,NA,BE1E,105B 506B 711B ,,R,D,DO,F , ,N,R,50,0,1,0,27,,1749013,5427200,-41.29289961,174.7796871
Wellington City,COURTENAY PLACE,100,E, ,TARANAKI ST,2656747,3/12/06,Sun,245,MC,CW1XC,372B ,M,R,D,DO,F , ,N,C,50,0,0,0,,,1749029,5427188,-41.2930047,174.779881
Wellington City,COURTENAY PLACE,50,W, ,TARANAKI ST,2655545,2/10/06,Mon,1230,MO,VE1C,386A ,M,R,D,B ,F , ,N,R,50,0,0,0,,,1748989,5427218,-41.29274198,174.7793962
Wellington City,COURTENAY PLACE,80,W, ,TORY ST,2652241,31/01/06,Tue,1240,EE,SE1C,151A 374B ,Q,R,D,O ,F , ,N,R,50,0,0,0,,32,1749063,5427171,-41.29315148,174.7802911
Wellington City,COURTENAY PLACE,80,W, ,TORY ST,2652125,25/04/06,Tue,1559,EA,BW1C,385A 446B ,Q,R,W,O ,L , ,N,R,50,0,0,0,,,1749063,5427171,-41.29315148,174.7802911
Wellington City,COURTENAY PLACE,90,W, ,TORY ST,2655325,26/08/06,Sat,111,MC,CW1X,372B ,,R,D,DO,F , ,N,R,50,0,0,0,,,1749054,5427175,-41.29311712,174.7801827
Wellington City,COURTENAY PLACE,110,W, ,TORY ST,2652033,13/04/06,Thu,1955,FC,CE1C,331A 351A ,,R,D,TO,F , ,N,X,50,0,0,0,,,1749036,5427184,-41.29303942,174.7799656
Wellington City,COURTENAY PLACE,, ,I,TORY ST,2655560,31/10/06,Tue,1117,FE,CW1C,331A 357A 358A ,,R,D,B ,F ,X,T,R,50,0,0,0,,,1749136,5427139,-41.2934261,174.7811704
Wellington City,COURTENAY PLACE,, ,I,TORY ST,2655422,9/09/06,Sat,225,GE,SW1X,105A 160A ,,R,D,DO,F ,X,T,R,50,0,0,0,,,1749136,5427139,-41.2934261,174.7811704
Wellington City,COURTENAY PLACE,, ,I,TORY ST,2612409,6/06/06,Tue,625,HA,CW1S,309A ,,R,D,DO,F ,X,T,R,50,0,1,0,,63,1749136,5427139,-41.2934261,174.7811704
Wellington City,COUTTS ST,20,E, ,ONEPU ROAD,2653765,6/08/06,Sun,1840,MO,CN1C,371A 386A ,M,R,W,O ,L , ,N,C,50,0,0,0,,,1750305,5424143,-41.32018323,174.7958657
Wellington City,COUTTS ST,, ,I,ONEPU ROAD,2655613,13/11/06,Mon,1548,KC,CW1C,300A ,,R,D,B ,F ,X,T,R,50,0,0,0,,,1750286,5424148,-41.32014175,174.7956376
Wellington City,COUTTS ST,, ,I,YULE ST,2652262,9/05/06,Tue,1730,HA,CN24,302A 378A 839 ,,R,D,TO,F ,X,G,C,50,0,0,0,,,1750565,5424069,-41.32080097,174.7989891
Wellington City,CRAWFORD ROAD,20,S, ,TULLY ST,2656700,11/11/06,Sat,1830,MC,CN14,372B ,,E,D,O ,F , ,N,C,50,0,0,0,,,1750058,5424562,-41.31645684,174.7928125
Wellington City,CRAWFORD ROAD,10,S, ,WELLINGTON ROAD,2611266,17/02/06,Fri,1310,NC,CS1E,507B 711B ,,R,D,B ,F ,T,G,C,50,0,0,1,76,,1749781,5424923,-41.31325812,174.7894157
Wellington City,CRAWFORD ROAD,, ,I,WELLINGTON ROAD,2611141,14/01/06,Sat,1503,KA,SS1C,302B 375B ,,M,D,B ,F ,R,G,R,50,0,0,1,,19,1749784,5424941,-41.3130955,174.7894471
Wellington City,CROFTON ROAD,20,W, ,SLIP,2613509,7/10/06,Sat,1635,DB,CW1,410A ,H,E,D,B ,F , ,N,C,50,0,1,0,,,1748587,5431775,-41.2517872,174.7734862
Wellington City,CROSS ST,, ,A,NOTTINGHAM ST,2611021,1/01/06,Sun,208,DA,CN1C,103A 111A ,MT,S,D,DO,F , ,N,N,50,0,0,1,,,1746298,5429073,-41.27653253,174.746826