TLA NAME,CRASH ROAD,CRASH DIST,CRASH DIRN,INTSN,SIDE ROAD,CRASH ID,CRASH DATE,CRASH DOW,CRASH TIME,MVMT,VEHICLES,CAUSES,OBJECTS STRUCK,ROAD CURVE,ROAD WET,LIGHT,WTHRa,JUNC TYPE,TRAF CTRL,ROAD MARK,SPD LIM,CRASH FATAL CNT,CRASH SEV CNT,CRASH MIN CNT,PERS AGE1,PERS AGE2,EASTING,NORTHING,latitude,longitude
Wellington City,CUBA ST,30,S, ,ABEL SMITH ST,2651089,20/01/06,Fri,1112,BA,CS1V,386A ,,R,D,B ,F , ,N,C,50,0,0,0,,,1748522,5426811,-41.29649244,174.7739206
Wellington City,CUBA ST,40,S, ,ABEL SMITH ST,2657176,21/12/06,Thu,1312,EA,TN1C,386A ,M,R,D,B ,F , ,N,C,50,0,0,0,,,1748518,5426802,-41.29657421,174.773875
Wellington City,CUBA ST,, ,I,ABEL SMITH ST,2652051,12/05/06,Fri,740,HA,CE2V,321A 335A ,,R,W,TF,L ,X,S,C,50,0,0,0,,,1748534,5426838,-41.29624714,174.7740573
Wellington City,CUBA ST,20,S, ,GHUZNEE ST,2657226,11/09/06,Mon,1620,MG,CN14,371A 386A ,,R,D,B ,F , ,N,C,50,0,0,0,,,1748673,5427148,-41.29343048,174.775641
Wellington City,CUBA ST,, ,I,MANNERS ST,2655419,24/06/06,Sat,1455,MF,CS1C,371B ,,E,W,O ,F ,T,T,N,50,0,0,0,,,1748782,5427388,-41.29124957,174.7768835
Wellington City,CUBA ST,20,S, ,VIVIAN ST,2655415,25/09/06,Mon,2130,FE,CN1C,331A ,,R,D,O ,F ,X,T,C,50,0,0,0,,,1748599,5426982,-41.29493868,174.7747981
Wellington City,CUBA ST,70,S, ,WAKEFIELD ST,2654574,22/04/06,Sat,1900,MO,CS1C,386A ,M,R,D,DO,F , ,N,N,50,0,0,0,,,1748814,5427464,-41.29055941,174.777247
Wellington City,CUNLIFFE ST,, ,I,ATAMIRA CLOSE,2655279,27/09/06,Wed,1409,BB,CN14,124A ,,S,D,B ,F ,Y,N,L,50,0,0,0,,,1751183,5435998,-41.21328448,174.8034111
Wellington City,CURTIS ST,, ,I,CRESWICK TERRACE,2652141,18/04/06,Tue,1410,JA,CS1C,302B ,,E,D,O ,L ,T,G,C,50,0,0,0,,,1746864,5428488,-41.28169689,174.7537222
Wellington City,CURTIS ST,, ,I,WALLWORTH ROAD,2612657,8/05/06,Mon,1400,JA,CN1C,302B 507B ,,R,D,O ,F ,T,G,C,50,0,0,1,,,1747066,5429066,-41.27645607,174.7559937
Wellington City,CUSTOMHOUSE QUAY,20,S, ,BRANDON ST,2613340,22/07/06,Sat,2307,AA,CN1X,193A 351A 410A ,,E,D,DO,F , ,N,P,50,0,0,1,,,1748870,5428195,-41.28396757,174.7777367
Wellington City,CUSTOMHOUSE QUAY,30,S, ,HUNTER ST,2613337,13/11/06,Mon,725,MC,SS1V,206B 372B ,,R,D,O ,F , ,N,C,30,0,0,1,,44,1748769,5427988,-41.2858499,174.7765818
Wellington City,CUSTOMHOUSE QUAY,, ,I,HUNTER ST,2612280,25/06/06,Sun,10,HA,TE2C,322B 431B ,,R,D,DO,F ,X,T,C,50,0,0,4,,,1748781,5428015,-41.2856046,174.7767184
Wellington City,CUSTOMHOUSE QUAY,, ,I,HUNTER ST,2611915,7/05/06,Sun,1415,NF,CE2E,206A 307A ,,R,D,B ,F ,X,T,C,50,0,0,1,42,,1748781,5428015,-41.2856046,174.7767184
Wellington City,CUSTOMHOUSE QUAY,, ,I,HUNTER ST,2613574,3/11/06,Fri,1650,NF,BE2E,376A ,,R,D,O ,F ,X,T,C,50,0,0,1,37,,1748781,5428015,-41.2856046,174.7767184
Wellington City,CUSTOMHOUSE QUAY,, ,I,JERVOIS QUAY,2612089,23/05/06,Tue,710,KA,SN1C,302B 375B ,,R,W,O ,H ,Y,G,C,50,0,0,1,,45,1748869,5428191,-41.28400377,174.7777258
Wellington City,CUSTOMHOUSE QUAY,, ,I,JOHNSTON ST,2612859,31/08/06,Thu,2053,JA,CN1C,322A 817 ,,R,W,DO,F ,T,T,C,50,0,0,2,,,1748906,5428279,-41.28320464,174.7781459
Wellington City,CUSTOMHOUSE QUAY,, ,I,JOHNSTON ST,2652704,5/06/06,Mon,2125,JA,CN1C,322A 353A ,,R,D,DO,F ,T,T,R,50,0,0,0,,,1748906,5428279,-41.28320464,174.7781459
Wellington City,CUSTOMHOUSE QUAY,, ,I,JOHNSTON ST,2611859,20/03/06,Mon,749,EE,SN1C,158A 520A ,Q,R,W,O ,L ,T,T,C,50,0,0,1,,35,1748906,5428279,-41.28320464,174.7781459
Wellington City,CUSTOMHOUSE QUAY,15,S, ,PANAMA ST,2654235,19/07/06,Wed,1754,FD,CN1C,331A ,,R,W,DO,H , ,T,C,50,0,0,0,,,1748835,5428139,-41.28447822,174.7773327
Wellington City,CUSTOMHOUSE QUAY,15,S, ,WHITMORE ST,2657073,20/12/06,Wed,1510,MA,TN1V,197A 373B ,J,R,D,B ,F , ,N,P,50,0,0,0,,,1748957,5428398,-41.28212383,174.7787255
Wellington City,CUSTOMHOUSE QUAY,40,S, ,WHITMORE ST,2656445,15/11/06,Wed,1530,AA,CN1CX,331A ,,R,D,B ,F , ,N,C,50,0,0,0,,,1748947,5428375,-41.28233275,174.7786118
Wellington City,CUSTOMHOUSE QUAY,, ,I,WHITMORE ST,2656359,24/10/06,Tue,746,JA,CN1C,322A 355A ,,R,W,O ,H ,T,T,R,50,0,0,0,,,1748962,5428411,-41.28200586,174.778782
Wellington City,DANIELL ST,10,S, ,CONSTABLE ST,2655937,21/11/06,Tue,1035,MB,4N1C,371A 333B 372B 927 ,,R,D,B ,F ,X,T,N,50,0,0,0,,,1749195,5424918,-41.31341174,174.7824193
Wellington City,DANIELL ST,, ,I,RHODES ST,2654039,11/08/06,Fri,1051,BB,CS1C,124A ,,R,D,O ,F ,T,G,C,50,0,0,0,,,1749261,5424598,-41.31628061,174.783286
Wellington City,DARLINGTON ROAD,190,N, ,MIRAMAR NORTH ROAD,2656181,20/08/06,Sun,706,DB,VS1C,103A 133A ,M,M,W,TO,F , ,N,N,50,0,0,0,,,1752923,5426219,-41.30100046,174.8266089
Wellington City,DARLINGTON ROAD,70,S, ,PURIRI ST,2611037,23/01/06,Mon,2250,EA,CS1T,103A ,M,R,D,DO,F , ,N,L,50,0,0,1,,,1752634,5424955,-41.3124352,174.8234757
Wellington City,DAVIDSON CRESCENT,100,N, ,TURKINGTON ST,2654711,17/08/06,Thu,1742,FA,CS1V,181A 191B 403B ,,R,D,TF,F , ,N,C,50,0,0,0,,,1753212,5441485,-41.16350156,174.826229
Wellington City,DERWENT ST,30,S, ,MERSEY ST,2651088,23/01/06,Mon,2015,CA,CS1C,103A 433A ,M,R,D,B ,F , ,N,P,50,0,0,0,,,1748197,5422298,-41.33718468,174.7711406
Wellington City,DERWENT ST,30,N, ,THE ESPLANADE,2657162,14/12/06,Thu,900,BC,4N1V,103A ,,E,D,B ,F , ,N,N,50,0,0,0,,,1748061,5421362,-41.34563685,174.7697442
Wellington City,DEVON ST,20,E, ,LANDCROSS ST,2613188,6/09/06,Wed,740,BC,CS1P,378A 197B 831 ,,S,W,O ,M , ,N,N,50,0,1,0,,,1747869,5427136,-41.29368622,174.7660459
Wellington City,DEVON ST,30,E, ,LANDCROSS ST,2652264,27/02/06,Mon,1215,BC,CE1C,111A 121A ,,M,D,B ,F , ,N,N,50,0,0,0,,,1747879,5427137,-41.29367538,174.766165
Wellington City,DIXON ST,20,E, ,CUBA ST,2652128,18/05/06,Thu,1240,FD,CW1C,331A ,,R,D,B ,F , ,N,C,50,0,0,0,,,1748775,5427325,-41.29181808,174.7768154
Wellington City,DIXON ST,40,E, ,CUBA ST,2655561,21/10/06,Sat,300,FA,CW1C,331A ,,R,W,DO,L , ,N,C,50,0,0,0,,,1748794,5427317,-41.29188661,174.7770441
Wellington City,DIXON ST,15,W, ,EGMONT ST,2656937,15/12/06,Fri,2156,FD,CW1CC,331A 352A ,,R,D,DO,F , ,N,C,50,0,0,0,,,1748861,5427287,-41.29214436,174.7778513
Wellington City,DIXON ST,, ,I,EGMONT ST,2612100,23/03/06,Thu,1610,GA,BW14,386A ,,R,W,O ,L ,T,N,C,50,0,0,1,,,1748874,5427281,-41.29219598,174.7780079
Wellington City,DIXON ST,10,W, ,EVA ST,2613275,29/10/06,Sun,105,NA,CW1E,105B 712B ,,R,D,DO,F ,T,N,C,50,0,0,1,33,,1748820,5427305,-41.29198985,174.7773575
Wellington City,DIXON ST,20,W, ,EVA ST,2655519,7/10/06,Sat,2335,FD,CW1C,181A ,,R,D,DO,F , ,N,C,50,0,0,0,,,1748811,5427309,-41.2919555,174.777249
Wellington City,DIXON ST,, ,I,MACDONALD CRESCENT,2653603,29/05/06,Mon,1240,DB,CW1C,358A ,M,M,D,B ,F ,T,N,C,50,0,0,0,,,1748454,5427469,-41.29058068,174.7729483
Wellington City,DIXON ST,30,W, ,TARANAKI ST,2652366,22/05/06,Mon,1030,MO,VW1C,371A ,M,R,D,O ,F , ,N,C,50,0,0,0,,,1748921,5427260,-41.29237638,174.7785741
Wellington City,DIXON ST,20,E, ,VICTORIA ST,2654633,25/08/06,Fri,200,EA,CW1X,101A 386A ,Q,R,D,DO,F , ,N,C,50,0,0,0,,,1748661,5427377,-41.2913709,174.7754418
Wellington City,DIXON ST,, ,I,VICTORIA ST,2656482,17/10/06,Tue,1407,HA,CW1C,322B ,,R,D,B ,F ,X,T,C,50,0,0,0,,,1748643,5427385,-41.29130219,174.775225
Wellington City,DIXON ST,, ,I,VICTORIA ST,2653471,20/07/06,Thu,630,HA,CW1C,324A ,,R,W,DO,HS,X,T,C,50,0,0,0,,,1748643,5427385,-41.29130219,174.775225
Wellington City,DIXON ST,40,E, ,WILLIS ST,2656702,23/11/06,Thu,1300,EA,CW1C,386A ,M,R,D,O ,F , ,T,C,50,0,0,0,,,1748557,5427423,-41.29097589,174.7741891
Wellington City,DIXON ST,40,W, ,WILLIS ST,2656275,5/07/06,Wed,1926,DA,CE1C,111A ,M,M,W,DO,H , ,N,C,50,0,0,0,,,1748483,5427455,-41.2907014,174.7732979
Wellington City,DONALD ST,, ,I,GIPPS ST,2656127,22/09/06,Fri,1708,DA,CS1,132A ,P,R,D,O ,F ,T,N,C,50,0,0,0,,,1746046,5427780,-41.28821981,174.7441285
Wellington City,DONALD ST,, ,I,KARORI ROAD,2654335,3/07/06,Mon,1525,DB,CS1,111A ,F,E,D,O ,F ,T,G,C,50,0,0,0,,,1745860,5428309,-41.28349052,174.7417815
Wellington City,DRANSFIELD ST,50,W, ,FINNIMORE TERRACE,2650465,11/02/06,Sat,2115,JA,CW1M,308B 378B 832 929 ,,R,D,DO,F ,D,N,C,50,0,0,0,,,1748260,5425038,-41.31250373,174.7712248
Wellington City,DUNCAN ST,20,N, ,STEPHEN ST,2612618,15/08/06,Tue,1540,NB,CN1E,711B ,,R,D,O ,F , ,N,C,50,0,0,1,14,,1753451,5440971,-41.16808411,174.8292051
Wellington City,DUNCAN ST,25,S, ,STEPHEN ST,2650317,9/01/06,Mon,924,EA,TN1CCC,129A 402A ,M,R,D,O ,F , ,N,C,50,0,0,0,,,1753446,5440926,-41.16849021,174.8291568
Wellington City,DUNCAN ST,, ,I,STEPHEN ST,2655009,24/09/06,Sun,1420,MO,BN1,371A ,P,R,D,B ,F ,T,N,R,50,0,0,0,,,1753449,5440951,-41.16826455,174.8291863
Wellington City,DUNCAN TERRACE,200,S, ,CRAWFORD ROAD,2651736,30/03/06,Thu,2133,DB,CS1C,132A 195A ,M,M,D,DO,F , ,N,N,50,0,0,0,,,1749924,5424441,-41.31757116,174.7912421
Wellington City,DUNCAN TERRACE,200,S, ,KOTINGA ST,2652276,11/04/06,Tue,1150,BB,CS1T,120A 839 ,,M,D,B ,F , ,N,C,50,0,0,0,,,1749823,5424159,-41.32012887,174.7901055
Wellington City,DUNCAN TERRACE,100,S, ,NAUGHTON TERRACE,2655432,21/09/06,Thu,200,EA,CS1C,386A ,M,E,D,DO,F , ,N,N,50,0,0,0,,,1749913,5424415,-41.31780729,174.7911172
Wellington City,DUNCAN TERRACE,110,N, ,RODRIGO ROAD,2653609,7/07/06,Fri,558,EC,CN1,512A ,H,M,D,DN,F , ,N,N,50,0,0,0,,,1749839,5424112,-41.32054905,174.7903081
Wellington City,DUNDAS ST,, ,I,FALKIRK AVENUE,2656487,18/12/06,Mon,1610,HA,CW1C,302B 375B 839 ,,R,D,B ,F ,X,G,P,50,0,0,0,,,1753255,5423799,-41.32272507,174.8311824
Wellington City,DUTHIE ST,20,S, ,HURMAN ST,2612551,11/06/06,Sun,1343,NA,4S1E,713B ,,M,D,O ,F ,Y,N,L,50,0,1,0,13,,1746315,5427669,-41.2891705,174.7473662
Wellington City,DUTHIE ST,20,S, ,VERA ST,2654305,7/08/06,Mon,1600,EA,LS14,136A 662A ,M,M,W,O ,L , , ,N,50,0,0,0,,,1746263,5428050,-41.28574955,174.746654
Wellington City,EARLS TERRACE,150,N, ,MAJORIBANKS ST,2656016,16/10/06,Mon,2204,MO,CS14,101A 371A ,M,R,D,DO,F , ,N,C,50,0,0,0,,,1749753,5427062,-41.29400513,174.7885549
Wellington City,EDEN ST,80,N, ,TRAVANCORE ST,2654749,26/05/06,Fri,1558,EA,VS1C,110A 197A ,FM,M,D,O ,F , ,N,C,50,0,0,0,,,1748233,5422821,-41.33246928,174.771443
Wellington City,EDWARD ST,, ,I,VICTORIA ST,2652349,15/04/06,Sat,48,CA,CW14,129A 517A ,M,R,D,DO,F ,T,N,N,50,0,0,0,,,1748670,5427424,-41.29094608,174.7755378
Wellington City,ELIZABETH ST,90,E, ,BROUGHAM ST,2652451,13/04/06,Thu,800,EA,TW1C,129A 386A ,M,R,D,O ,F , ,N,N,50,0,0,0,,,1749573,5426751,-41.29683856,174.7864825
Wellington City,ELLICE ST,50,E, ,AUSTIN ST,2654790,8/09/06,Fri,2309,MO,VE1,103A 386A ,FPT,R,D,DO,F , ,N,N,50,0,0,0,,,1749540,5426257,-41.30129234,174.7862099
Wellington City,ELLICE ST,, ,I,HANIA ST,2652266,29/01/06,Sun,1645,EA,CE1C,129A ,M,R,D,O ,F ,T,N,N,50,0,0,0,,,1749170,5426423,-41.29986626,174.7817517
Wellington City,EMMETT ST,5,E, ,RIDDIFORD ST,2652279,13/04/06,Thu,1245,MG,XW1C,371B 817 ,,R,D,B ,F ,T,T,C,50,0,0,0,,,1748938,5425099,-41.31182962,174.779306
Wellington City,ESSEX ST,30,W, ,DEVON ST,2652353,7/04/06,Fri,700,MO,CW1C,611A ,,R,D,B ,F , ,N,N,50,0,0,0,,,1747884,5427009,-41.29482691,174.7662558
Wellington City,ESSEX ST,, ,I,MAIN ROAD,2655605,17/11/06,Fri,1815,MO,CW1C,386A ,M,R,W,O ,L ,T,N,N,50,0,0,0,,,1753096,5440803,-41.16966379,174.8250174
Wellington City,EUSTON ROAD,30,W, ,CECIL ROAD,2613483,25/11/06,Sat,1036,BB,4N1C,123A 839 ,,M,D,B ,F , ,N,C,50,0,0,2,,,1748117,5430088,-41.26706242,174.7682887
Wellington City,EVANS BAY PARADE,280,N, ,GRETA PT,2611563,23/04/06,Sun,656,DA,CS1,103A 110A 131A ,HJ,E,D,O ,F , ,N,C,50,0,1,0,,,1751074,5426144,-41.30202398,174.8045524
Wellington City,EVANS BAY PARADE,25,S, ,KEMP ST,2653560,16/07/06,Sun,1529,JO,SN1C,204A 308B 929 ,,R,D,B ,F ,D,N,C,50,0,0,0,,37,1750278,5424643,-41.31568661,174.7954197
Wellington City,EVANS BAY PARADE,100,S, ,KEMP ST,2612832,27/08/06,Sun,50,PO,VN1E,103A 386A ,K,R,D,DO,F , ,N,C,50,0,0,1,35,,1750272,5424569,-41.31635397,174.7953663
Wellington City,EVANS BAY PARADE,50,N, ,KILBIRNIE CRESCENT,2654669,9/09/06,Sat,1059,EA,CN1C,129A 353A ,M,R,D,B ,F , ,N,C,50,0,0,0,,,1750270,5424537,-41.31664245,174.7953503
Wellington City,EVANS BAY PARADE,, ,I,KILBIRNIE CRESCENT,2657187,24/12/06,Sun,1045,AC,CW2C,173A 434A ,,R,D,B ,F ,X,T,C,50,0,0,0,,,1750266,5424487,-41.31709336,174.7953149
Wellington City,EVANS BAY PARADE,100,N, ,MAIDA VALE ROAD,2654294,26/05/06,Fri,1300,EA,SN1C,386A ,M,R,D,O ,F , ,N,C,50,0,0,0,,31,1750923,5427238,-41.29220262,174.8024784
Wellington City,EVANS BAY PARADE,100,N, ,MAIDA VALE ROAD,2655720,2/09/06,Sat,1415,DB,CS1C,111A ,M,M,D,OF,F , ,N,R,50,0,0,0,,,1750923,5427238,-41.29220262,174.8024784
Wellington City,EVANS BAY PARADE,500,N, ,MAIDA VALE ROAD,2656348,7/12/06,Thu,1605,EA,CN1C,121A 131A ,M,M,D,B ,F , ,N,C,50,0,0,0,,,1751006,5427554,-41.28934205,174.8033908
Wellington City,EVANS BAY PARADE,30,E, ,ORIENTAL PARADE,2652746,4/06/06,Sun,1300,BF,CS1V,133A 403A ,C,S,W,O ,L , ,N,C,50,0,0,0,,,1751046,5427920,-41.28603936,174.8037775
Wellington City,EVANS BAY PARADE,230,S, ,PAHIA ST,2613401,20/11/06,Mon,830,AC,CN1S,159A 183A ,,M,D,O ,F , ,N,C,50,0,0,1,,33,1751149,5426846,-41.29568963,174.8052735
Wellington City,EVANS BAY PARADE,350,N, ,RATA ROAD,2652592,23/05/06,Tue,1802,GD,VN1C,333A 929 ,,E,D,DO,F ,D,N,C,50,0,0,0,,,1750957,5425959,-41.30371149,174.8032015
Wellington City,EVANS BAY PARADE,500,N, ,WELLINGTON ROAD,2652841,12/06/06,Mon,1515,KB,CN1C,308B 377B 929 ,,R,W,O ,L ,D,N,C,50,0,0,0,,,1750471,5425419,-41.30866406,174.7975324
Wellington City,EVEREST ST,60,W, ,IZARD ROAD,2655551,14/09/06,Thu,1948,CC,CE1C,112A 130A ,M,R,D,DO,F , ,N, ,50,0,0,0,,,1750368,5432195,-41.24767642,174.7946302
Wellington City,FAIRLIE TERRACE,50,N, ,DEVON ST,2656922,10/01/06,Tue,730,BD,CS1C,351B 370B 818 ,,M,W,O ,L , ,N,N,50,0,0,0,,,1747873,5427188,-41.2932173,174.766081
Wellington City,FEATHERSTON ST,, ,I,BALLANCE ST,2613058,18/09/06,Mon,845,EE,SS1CC,374B ,M,R,D,B ,F ,X,N,C,50,0,1,0,,42,1748888,5428443,-41.2817314,174.777891
Wellington City,FEATHERSTON ST,, ,I,BRANDON ST,2613584,8/12/06,Fri,440,QA,XS1,415A 423A ,HX,R,D,TF,F ,X,T,C,50,0,0,1,,,1748799,5428249,-41.28349447,174.7768761
Wellington City,FEATHERSTON ST,, ,I,BUNNY ST,2652268,29/04/06,Sat,2350,AC,CS1C,101A 372A ,,R,W,DO,L ,X,T,R,50,0,0,0,,,1748998,5428685,-41.27953227,174.7791447
Wellington City,FEATHERSTON ST,15,N, ,GREY ST,2657218,24/12/06,Sun,,MO,VS1P,386A ,M,R,D,O ,F , ,N,C,50,0,0,0,,,1748747,5428134,-41.28453945,174.7762835
Wellington City,FEATHERSTON ST,30,N, ,GREY ST,2657131,22/12/06,Fri,1100,MA,CS1C,512A ,,R,D,B ,F , ,M,N,50,0,0,0,,,1748753,5428148,-41.2844123,174.7763517
Wellington City,FEATHERSTON ST,, ,I,STOUT ST,2657020,12/12/06,Tue,1345,KB,CS1C,302B 507B ,,R,D,B ,F ,X,G,C,50,0,0,0,,,1748998,5428685,-41.27953227,174.7791447
Wellington City,FEATHERSTON ST,30,N, ,WHITMORE ST,2612843,7/09/06,Thu,840,FD,4S1CC,331A ,,R,D,O ,F , ,N,C,50,0,0,1,,,1748937,5428549,-41.28076799,174.7784499
Wellington City,FEATHERSTON ST,, ,I,WHITMORE ST,2652261,25/03/06,Sat,1600,DB,CS1C,122A ,,R,D,O ,F ,X,T,R,50,0,0,0,,,1748924,5428522,-41.28101349,174.7783013
Wellington City,FEATHERSTON ST,, ,I,WHITMORE ST,2612634,12/07/06,Wed,740,EC,TS1EV,420A 686A ,X,R,D,O ,F ,X,T,R,50,0,0,1,48,,1748923,5428522,-41.28101367,174.7782894
Wellington City,FEATHERSTON ST,, ,I,WHITMORE ST,2611650,26/03/06,Sun,30,HA,XW2C,322A ,,R,D,DO,M ,X,T,C,50,0,0,1,,,1748923,5428522,-41.28101367,174.7782894
Wellington City,FEATHERSTON ST,, ,I,WHITMORE ST,2653075,19/05/06,Fri,945,HA,CE2C,322A 353A ,,R,D,B ,F ,X,T,P,50,0,0,0,,,1748923,5428522,-41.28101367,174.7782894
Wellington City,FEATHERSTON ST,, ,I,WHITMORE ST,2654094,9/08/06,Wed,1405,GC,CS1C,172B ,,R,D,B ,F ,X,T,C,50,0,0,0,,,1748923,5428522,-41.28101367,174.7782894
Wellington City,FINDLAY ST,150,S, ,GEE ST,2653983,12/08/06,Sat,2330,EA,CN1C,101A 129A ,M,R,D,DO,F , , ,C,50,0,0,0,,,1753749,5442445,-41.15475668,174.8323858
Wellington City,FINLAY TERRACE,15,E, ,WALLACE ST,2652636,11/05/06,Thu,1500,EA,CE1C,386A ,M,R,D,B ,F , ,N,C,50,0,0,0,,,1748604,5425991,-41.30386017,174.7750998
Wellington City,FRANKMOORE AVENUE,50,W, ,MOOREFIELD ROAD,2657135,7/12/06,Thu,1150,MO,VE1C,,M,R,D,B ,F , ,N,C,50,0,0,0,,,1751326,5435012,-41.22213513,174.8053602
Wellington City,FRANKMOORE AVENUE,, ,I,ROTOITI ST,2655249,1/07/06,Sat,850,MO,CW1C,371A 920 ,,R,D,O ,M ,D,N,C,50,0,0,0,,,1751260,5435025,-41.22203043,174.80457
Wellington City,FRASER AVENUE,50,N, ,BURMA ROAD,2650319,28/01/06,Sat,58,MO,CN1C,103A 357A 512A 514A ,,E,D,DN,F , ,N,N,50,0,0,0,,,1750705,5433403,-41.23673755,174.798352
Wellington City,FRASER AVENUE,, ,I,BURMA ROAD,2613744,7/12/06,Thu,839,FB,CN1C,181A ,,R,D,O ,F ,Y,S,C,50,0,0,1,,,1750686,5433362,-41.23711023,174.7981355
Wellington City,FRASER AVENUE,150,S, ,HAUMIA ST,2656544,22/08/06,Tue,2100,DA,CS1,131A 195A ,E,M,D,DN,F , ,N,N,50,0,0,0,,,1751119,5433894,-41.23223963,174.8031684
Wellington City,FREDERICK ST,5,W, ,TORY ST,2655949,16/10/06,Mon,1200,MO,VE1V,371A ,Q,R,D,B ,F ,T,N,C,50,0,0,0,,,1748963,5426765,-41.29682533,174.7791967
Wellington City,GARRETT ST,80,W, ,CUBA ST,2651693,31/03/06,Fri,1010,MG,CN1C,512B 514B 926 ,,R,D,O ,F ,D,N,N,50,0,0,0,,,1748581,5427139,-41.29352845,174.7745449
Wellington City,GHUZNEE ST,, ,I,BULLER ST,2657051,8/11/06,Wed,2100,BC,CN2C,110A 121A ,,R,W,DO,L ,Y,N,R,50,0,0,0,,,1748330,5427324,-41.29190898,174.7715034
Wellington City,GHUZNEE ST,50,W, ,CUBA ST,2655674,1/11/06,Wed,1350,AC,TE1C,386A 671A ,,R,D,B ,F , ,N,C,50,0,0,0,,,1748635,5427186,-41.29309535,174.7751781
Wellington City,GHUZNEE ST,60,W, ,CUBA ST,2657190,22/12/06,Fri,1040,AO,TE1C,125A 129A ,,R,D,B ,F , ,N,C,50,0,0,0,,,1748626,5427190,-41.29306099,174.7750697
Wellington City,GHUZNEE ST,, ,I,CUBA ST,2656125,2/12/06,Sat,730,FE,4N2C,331A 517A ,,R,D,B ,F ,T,T,C,50,0,0,0,,,1748681,5427166,-41.29326695,174.7757321
Wellington City,GHUZNEE ST,, ,I,FURNESS LANE,2612548,7/07/06,Fri,1750,FD,CE1CVC,420A ,,R,D,TF,F ,T,N,C,50,0,0,1,,,1748833,5427095,-41.29387818,174.777564
Wellington City,GHUZNEE ST,, ,I,MARION ST,2655265,8/10/06,Sun,245,GE,CE1C,144B 171B ,,R,D,DO,F ,T,N,C,50,0,0,0,,,1748769,5427126,-41.29361087,174.7767924
Wellington City,GHUZNEE ST,, ,I,MARION ST,2613066,28/07/06,Fri,2209,AA,CE1M,102A 372A ,H,R,D,DO,F ,T,G,C,50,0,1,0,,,1748769,5427126,-41.29361087,174.7767924
Wellington City,GHUZNEE ST,, ,I,THE TERRACE,2655920,5/09/06,Tue,1625,JA,CS2S,302A ,,R,W,O ,L ,T,G,C,50,0,0,0,,,1748255,5427358,-41.29161664,174.7705998
Wellington City,GHUZNEE ST,20,W, ,VICTORIA ST,2657133,13/12/06,Wed,1755,FD,CE1V,380A 381B ,,R,D,O ,F , ,N,C,50,0,0,0,,,1748514,5427241,-41.29262243,174.7737202
Wellington City,GHUZNEE ST,, ,I,VICTORIA ST,2654535,12/07/06,Wed,1145,FE,CE1CC,181A ,,R,D,B ,F ,X,T,C,50,0,0,0,,,1748533,5427232,-41.29269997,174.7739492
Wellington City,GHUZNEE ST,, ,I,VICTORIA ST,2613653,29/12/06,Fri,1145,ND,VE1E,306A 717B ,,M,D,B ,F ,X,T,X,50,0,0,1,76,,1748533,5427232,-41.29269997,174.7739492
Wellington City,GHUZNEE ST,, ,I,VICTORIA ST,2613455,9/11/06,Thu,2210,HA,CS2C,322B ,S,R,D,DO,F ,X,T,C,50,0,0,1,,,1748533,5427232,-41.29269997,174.7739492
Wellington City,GHUZNEE ST,30,S, ,WILLIS ST,2655276,5/10/06,Thu,1749,AA,CE1C4,132A 381A 407A ,HM,R,D,O ,F , ,N,C,50,0,0,0,,,1748473,5427259,-41.29246791,174.7732264
Wellington City,GHUZNEE ST,, ,I,WILLIS ST,2612433,6/06/06,Tue,40,DB,CS1,133A 423A ,FH,R,D,DO,F ,T,G,C,50,0,0,1,,,1748446,5427272,-41.29235583,174.7729009
Wellington City,GHUZNEE ST,, ,I,WILLIS ST,2650385,6/01/06,Fri,2135,AA,4E1C,372A 671A ,,E,D,DO,F ,X,T,N,50,0,0,0,,,1748446,5427272,-41.29235583,174.7729009
Wellington City,GHUZNEE ST,, ,I,WILLIS ST,2651891,19/04/06,Wed,110,HA,CE2C,322B ,,R,D,DO,F ,X,T,C,50,0,0,0,,,1748446,5427272,-41.29235583,174.7729009
Wellington City,GIPPS ST,30,W, ,DUTHIE ST,2654390,29/08/06,Tue,1325,MO,CW1C,372B ,,R,D,B ,F , , ,N,50,0,0,0,,,1746300,5427870,-41.2873635,174.7471389
Wellington City,GLAMIS AVENUE,170,S, ,BROADWAY,2657177,5/12/06,Tue,1815,EA,CS1C,386A ,M,R,D,TF,F , ,N,C,50,0,0,0,,,1752448,5423467,-41.3258671,174.8216278
Wellington City,GLAMIS AVENUE,, ,I,KINGHORNE ST,2652963,15/05/06,Mon,2147,DA,CS1T,101A 370A ,M,E,W,DO,HS,T,G,C,50,0,0,0,,,1752431,5423294,-41.32742786,174.8214681
Wellington City,GLEN ALTON AVENUE,150,N, ,HELSTON ROAD,2653339,23/06/06,Fri,50,QD,TN1C,428A ,FM,E,W,DO,LS, ,N,N,50,0,0,0,,,1751872,5435412,-41.21843149,174.8117716
Wellington City,GLENMORE ST,170,N, ,CRIEFF ST,2652242,11/01/06,Wed,2204,FA,CN1C,434A 191B 434B ,,R,D,DO,F , , ,C,50,0,0,0,,,1747492,5428213,-41.2840584,174.7612844
Wellington City,GLENMORE ST,200,N, ,GARDEN ROAD,2611880,8/05/06,Mon,1815,LB,SN1CC,303B 929 ,,R,D,DO,F ,D,N,C,50,0,1,0,,34,1747852,5428510,-41.28131852,174.7655093
Wellington City,GLENMORE ST,200,N, ,GARDEN ROAD,2612081,29/05/06,Mon,1840,MC,CN1S,300A 372A ,,R,D,DO,F , ,N,C,50,0,0,1,,23,1747852,5428510,-41.28131852,174.7655093