TLA NAME,CRASH ROAD,CRASH DIST,CRASH DIRN,INTSN,SIDE ROAD,CRASH ID,CRASH DATE,CRASH DOW,CRASH TIME,MVMT,VEHICLES,CAUSES,OBJECTS STRUCK,ROAD CURVE,ROAD WET,LIGHT,WTHRa,JUNC TYPE,TRAF CTRL,ROAD MARK,SPD LIM,CRASH FATAL CNT,CRASH SEV CNT,CRASH MIN CNT,PERS AGE1,PERS AGE2,EASTING,NORTHING,latitude,longitude
Wellington City,GLENMORE ST,30,S, ,GARDEN ROAD,2613439,11/11/06,Sat,1040,FD,CN1S,183A ,,R,D,B ,F , ,N,C,50,0,0,1,,29,1747663,5428382,-41.28250555,174.7632845
Wellington City,GLENMORE ST,50,S, ,GARDEN ROAD,2651269,8/02/06,Wed,855,CA,CS1CC,410A ,,R,D,O ,F , ,N,C,50,0,0,0,,,1747652,5428366,-41.28265162,174.7631571
Wellington City,GLENMORE ST,20,N, ,KARORI TUNNEL,2613484,16/11/06,Thu,1550,DB,PN1,135A 801 ,,M,W,OF,L , ,N,L,50,0,0,1,,,1747073,5427838,-41.28751116,174.7563737
Wellington City,GLENMORE ST,100,S, ,KELBURN VIADUCT,2657007,17/11/06,Fri,1920,BC,CN1C,117A 370A ,,E,W,DF,HS, ,N,C,50,0,0,0,,,1747137,5427777,-41.28804872,174.7571524
Wellington City,GLENMORE ST,260,S, ,KELBURN VIADUCT,2656217,17/11/06,Fri,1920,DA,CW1,135A 403A 801 901 ,C,E,W,TF,H , ,N,C,50,0,0,0,,,1747173,5427772,-41.28808717,174.7575834
Wellington City,GLENMORE ST,15,N, ,KILMISTER AVENUE,2611931,18/03/06,Sat,950,FD,VS14V,331A 427A ,,E,W,O ,F , ,N,C,50,0,0,2,,,1748033,5428635,-41.28015992,174.7676393
Wellington City,GLENMORE ST,70,S, ,NORTHLAND ROAD,2657054,30/12/06,Sat,325,DB,CE1V,111A ,M,S,W,DO,LS, ,N,C,50,0,0,0,,,1747088,5427850,-41.28740039,174.7565499
Wellington City,GLENMORE ST,15,S, ,THE RIGI N,2653447,9/06/06,Fri,600,DA,CN1CC,111A 131A 801 802 ,M,M,W,DO,FF, ,N,C,50,0,0,0,,,1747255,5428026,-41.28578532,174.7585008
Wellington City,GLOVER ST,60,N, ,SH 1N,2651886,13/04/06,Thu,931,FA,TN1C,331A 352A ,,R,D,B ,F , ,N,N,50,0,0,0,,,1751939,5432804,-41.24189967,174.8132193
Wellington City,GRAFTON ROAD,, ,I,MAIDA VALE ROAD,2612474,26/07/06,Wed,835,NB,SN1E,111A 306A ,,E,D,B ,F ,Y,G,X,50,0,1,1,12,34,1750930,5427709,-41.28796075,174.8024452
Wellington City,GRAFTON ROAD,200,S, ,PALLISER ROAD,2652111,8/05/06,Mon,1920,MO,CN1C,371A ,M,M,D,DO,F , ,N,C,50,0,0,0,,,1750780,5426954,-41.29478629,174.8008417
Wellington City,GRAFTON ROAD,, ,I,PALLISER ROAD,2655352,16/10/06,Mon,803,DB,TS1C,350A ,,E,D,B ,F ,Y,G,C,50,0,0,0,,,1750758,5427132,-41.29318781,174.8005349
Wellington City,GRANT ROAD,80,N, ,PARK ST,2612925,15/06/06,Thu,835,LB,CS1C,303B 363B 902 929 ,,R,D,B ,F ,D,N,C,50,0,0,1,,,1748841,5429710,-41.27033267,174.7770205
Wellington City,GREEN ST,, ,I,RIDDIFORD ST,2651892,10/04/06,Mon,1141,BA,4N2X,386A 817 ,,R,D,B ,F ,T,G,N,50,0,0,0,,,1748945,5425040,-41.31235953,174.7794041
Wellington City,GREY ST,, ,I,FEATHERSTON ST,2652258,27/01/06,Fri,1040,FB,TE1C,371A ,,R,D,O ,F ,X,G,P,50,0,0,0,,,1748741,5428121,-41.2846576,174.7762151
Wellington City,GROSVENOR TERRACE,20,N, ,LOWER WATT ST,2652831,29/04/06,Sat,2220,DA,CN1C,111A 131A ,M,M,W,DO,H , ,N,C,50,0,0,0,,,1749097,5430196,-41.26590978,174.7799566
Wellington City,GROSVENOR TERRACE,70,E, ,ORCHARD ST,2655906,18/11/06,Sat,600,MO,CE14,371A ,M,M,W,DO,L , ,N,C,50,0,0,0,,,1749117,5430091,-41.26685145,174.7802209
Wellington City,GROSVENOR TERRACE,15,N, ,ORCHARD ST,2652054,30/04/06,Sun,1150,DA,CS1,131A ,DF,M,W,O ,L , ,N,C,50,0,0,0,,,1749073,5430061,-41.26712968,174.7797032
Wellington City,HALIFAX ST,, ,I,PRISCILLA CRESCENT,2655731,30/11/06,Thu,915,DB,CS2,,C,E,D,O ,S ,T,N,C,50,0,0,0,,,1747858,5423935,-41.32250833,174.7666926
Wellington City,HALIFAX ST,90,S, ,QUEBEC ST,2655396,27/09/06,Wed,2300,EA,CE1C,386A ,M,E,W,DO,L , ,N,C,50,0,0,0,,,1747677,5423757,-41.32414411,174.7645742
Wellington City,HALL ST,30,E, ,ADELAIDE ROAD,2656679,28/06/06,Wed,1630,EA,4E1C,386A ,M,R,D,B ,F , ,N,C,50,0,0,0,,,1748770,5425238,-41.31060915,174.7772659
Wellington City,HALL ST,, ,I,HALL AVENUE,2656341,6/11/06,Mon,1540,KB,CE1CC,308B 378B 839 927 ,M,R,W,O ,L ,T,N,C,50,0,0,0,,,1748840,5425220,-41.3107583,174.7781062
Wellington City,HALL ST,80,W, ,HANSON ST,2654435,27/08/06,Sun,1500,MO,CN1C,371A 930 ,,R,D,B ,F ,D,N,N,50,0,0,0,,,1748571,5425289,-41.31018665,174.7748772
Wellington City,HALL ST,, ,I,HANSON ST,2655168,22/06/06,Thu,830,MO,CE1C,386A ,M,R,W,O ,S ,X,S,C,50,0,0,0,,,1748648,5425269,-41.31035253,174.7758015
Wellington City,HALL ST,20,W, ,RIDDIFORD ST,2613585,8/12/06,Fri,1805,NA,CE1E,370A 712B ,,R,D,O ,F , ,N,C,50,0,0,1,8,,1748897,5425206,-41.31087383,174.7787902
Wellington City,HALL ST,50,W, ,RIDDIFORD ST,2656778,20/11/06,Mon,1220,EA,CE144,129A 352A ,MM,R,D,B ,F , ,N,C,50,0,0,0,,,1748868,5425213,-41.31081616,174.7784422
Wellington City,HALL ST,50,W, ,RIDDIFORD ST,2655930,7/11/06,Tue,,EA,TW1C,129A 386A ,Q,R,D,O ,F , ,N,C,50,0,0,0,,,1748868,5425213,-41.31081616,174.7784422
Wellington City,HAMILTON ROAD,80,S, ,KUPE ST,2655405,25/09/06,Mon,1700,BB,CS1C,111A 123A ,,R,D,O ,F , ,N,C,50,0,0,0,,,1750134,5425160,-41.31105871,174.7935724
Wellington City,HANIA ST,100,N, ,ELLICE ST,2656682,14/08/06,Mon,1400,MD,TN1C,371A 927 ,M,R,D,B ,F ,D,N,N,50,0,0,0,,,1749210,5426515,-41.29903055,174.7822067
Wellington City,HANIA ST,, ,I,ELLICE ST,2613185,16/10/06,Mon,1250,GA,SS1C,181A ,,R,D,B ,F ,T,G,C,50,0,0,1,,27,1749171,5426423,-41.29986607,174.7817637
Wellington City,HANIA ST,, ,I,ELLICE ST,2657260,3/11/06,Fri,1925,MA,CE2C,373B ,,R,D,B ,F ,T,G,C,50,0,0,0,,,1749170,5426423,-41.29986626,174.7817517
Wellington City,HANIA ST,100,S, ,PIRIE ST,2656685,12/08/06,Sat,1430,MG,CS1C,355B 371B ,,R,D,B ,F , , ,R,50,0,0,0,,,1749248,5426601,-41.29824923,174.7826393
Wellington City,HANSON ST,, ,I,HALL ST,2657192,10/11/06,Fri,900,EA,TS1C,131A 386A ,M,R,D,B ,F ,X,N,N,50,0,0,0,,,1748648,5425269,-41.31035253,174.7758015
Wellington City,HANSON ST,, ,I,HALL ST,2612421,8/05/06,Mon,841,BE,SE2C,198A ,,R,D,B ,F ,X,S,C,50,0,0,1,,15,1748648,5425269,-41.31035253,174.7758015
Wellington City,HANSON ST,170,S, ,JOHN ST,2656351,23/11/06,Thu,2255,CB,CS1C,103A 112A ,M,R,D,DO,F , ,N,N,50,0,0,0,,,1748697,5425465,-41.30857883,174.7763387
Wellington City,HANSON ST,, ,A,STOKE ST,2654038,18/06/06,Sun,440,DC,CS1,101A 110A ,FH,M,W,DO,L , ,N,C,50,0,0,0,,,1748556,5424906,-41.31363772,174.7747917
Wellington City,HAPPY VALLEY ROAD,140,N, ,BATA PLACE,2655984,7/09/06,Thu,530,EA,4N14,,MT,R,D,DO,F , ,N,C,50,0,0,0,,,1747271,5421962,-41.34037958,174.7601602
Wellington City,HAPPY VALLEY ROAD,, ,I,LANDFILL ROAD,2657255,5/09/06,Tue,525,DB,CS1,111A 514A ,C,M,D,DO,F ,T,N,R,70,0,0,0,,,1747058,5422926,-41.33173914,174.7573822
Wellington City,HAPPY VALLEY ROAD,200,N, ,OWHIRO BAY PARADE,2613118,14/09/06,Thu,310,EA,CS1CC,103A ,MM,E,D,DN,F , ,N,C,50,0,0,1,,,1747259,5421689,-41.34283971,174.7600831
Wellington City,HAPPY VALLEY ROAD,50,N, ,ROBERTSON ST,2656362,25/06/06,Sun,1200,DB,CN1C,386A ,M,M,D,B ,F , ,N,C,50,0,0,0,,,1747248,5421658,-41.34312083,174.7599592
Wellington City,HAPPY VALLEY ROAD,400,N, ,ROBERTSON ST,2653892,5/07/06,Wed,1928,BA,CN1VC,129A ,M,R,W,DO,L , ,N,C,50,0,0,0,,,1747270,5422003,-41.34001062,174.7601383
Wellington City,HAPUA ST,50,N, ,WAITOA ROAD,2655416,2/10/06,Mon,1130,EA,CS1V,132A 197A 111B ,M,S,W,O ,L , ,N,N,50,0,0,0,,,1750036,5426187,-41.30183051,174.792149
Wellington City,HAPUA ST,100,N, ,WAITOA ROAD,2652660,15/04/06,Sat,2300,CA,CN1CC,102A 136A 622A ,M,R,D,DO,F , ,N,N,50,0,0,0,,,1750048,5426235,-41.30139612,174.7922804
Wellington City,HARLAND ST,20,N, ,GOWRIE ST,2653969,9/08/06,Wed,600,QD,CN1C,420A 444A 510A 440B ,M,M,W,DO,L , , ,C,50,0,0,0,,,1747744,5425238,-41.31079772,174.7650145
Wellington City,HARRIS ST,15,W, ,JERVOIS QUAY,2612082,30/05/06,Tue,1125,NA,XE1E,711B 714B ,,R,D,B ,F , ,N,C,50,0,1,0,26,,1748902,5427723,-41.2882113,174.7782341
Wellington City,HATAITAI ROAD,20,N, ,ARAWA ROAD,2651657,9/03/06,Thu,1330,EA,CN1C,129A ,M,R,D,B ,F , ,N,C,50,0,0,0,,,1750786,5426644,-41.2975762,174.8009901
Wellington City,HATAITAI ROAD,20,S, ,KONINI ROAD,2657075,23/12/06,Sat,1541,DA,CN1C,103A 131A ,M,E,D,B ,F , ,N,C,50,0,0,0,,,1750346,5426099,-41.3025651,174.7958718
Wellington City,HATTON ST,, ,I,HAURAKI ST,2611967,12/05/06,Fri,2027,DA,CS2C,103A 111A 131A 190A ,M,E,W,DO,L ,T,N,N,50,0,0,2,,,1746005,5428747,-41.27952073,174.7434073
Wellington City,HATTON ST,, ,I,KARORI ROAD,2650464,22/01/06,Sun,2144,CO,PS1C,130A 204A 400A ,M,R,D,DO,F ,T,S,N,50,0,0,0,,,1746113,5428399,-41.28263445,174.7447798
Wellington City,HAUMIA ST,, ,I,BURMA ROAD,2656477,30/11/06,Thu,912,HA,CE14,302A 375A ,,R,W,O ,L ,R,G,R,50,0,0,0,,,1750879,5434216,-41.22938533,174.8002265
Wellington City,HAUMIA ST,, ,I,FRASER AVENUE,2650276,28/01/06,Sat,56,BC,CS1C,103A 122A 514A ,,R,D,DO,F ,R,G,R,50,0,0,0,,,1751177,5434025,-41.23104935,174.8038277
Wellington City,HAWKER ST,50,N, ,DUKE ST,2653571,29/05/06,Mon,755,EA,CS1CC,129A 197A ,M,E,D,O ,F , ,N,N,50,0,0,0,,,1749722,5427100,-41.29366875,174.7881754
Wellington City,HAWKESTONE ST,100,E, ,PORTLAND CRESCENT,2613559,31/07/06,Mon,,PF,CE1E,520B 711B ,,R,D,DO,F , ,N,C,50,0,0,1,30,,1748894,5429192,-41.2749867,174.7777795
Wellington City,HAWTREY TERRACE,, ,I,CHORLEY GROVE,2652950,7/06/06,Wed,1630,DA,CE2,332A 350A ,F,E,D,B ,F ,T,N,C,50,0,0,0,,,1751650,5435816,-41.21483574,174.8090242
Wellington City,HAY ST,50,S, ,ORIENTAL PARADE,2653665,25/06/06,Sun,1100,QD,VN1C,611A 929 ,FHM,R,D,B ,F ,D,N,N,50,0,0,0,,,1750267,5427311,-41.29166776,174.7946294
Wellington City,HEATH ST,20,S, ,BRODERICK ROAD,2652219,26/04/06,Wed,2134,MO,CN1,402A 423A 427A ,FHK,R,D,DO,F , ,N,N,50,0,0,0,,,1751007,5434775,-41.22432854,174.8016148
Wellington City,HECTOR ST,20,N, ,BURNHAM ST,2656379,29/07/06,Sat,1617,EA,CS1C,130A ,M,R,D,B ,F , ,N,C,50,0,0,0,,,1753525,5423430,-41.32599586,174.8345001
Wellington City,HELSTON ROAD,, ,I,ARTHUR CARMAN ST,2654071,10/08/06,Thu,755,GD,CE1C,331A 358A ,,R,D,B ,F ,T,G,R,50,0,0,0,,,1751689,5435074,-41.22150895,174.8096734
Wellington City,HELSTON ROAD,100,S, ,BEAZLEY AVENUE,2654054,9/07/06,Sun,1457,DA,CS1,111A ,X,M,D,B ,F , ,N,C,50,0,0,0,,,1752175,5435608,-41.21660991,174.8153357
Wellington City,HELSTON ROAD,20,E, ,MIDDLETON ROAD,2657246,24/01/06,Tue,1015,FA,CE1C,331A ,,R,D,O ,F , ,N,C,50,0,0,0,,,1751550,5435165,-41.22071569,174.8079934
Wellington City,HELSTON ROAD,, ,I,MIDDLETON ROAD,2651236,27/03/06,Mon,1745,LB,CS1C,302A ,,R,D,B ,F ,R,G,R,50,0,0,0,,,1751535,5435177,-41.22061046,174.8078115
Wellington City,HELSTON ROAD,, ,I,STEWART DRIVE,2612964,24/09/06,Sun,2335,DA,MW1,103A 111A ,,E,W,DO,L ,T,G,P,50,0,0,1,,,1751812,5435049,-41.22171097,174.8111464
Wellington City,HILL ST,30,W, ,ECCLESTON HILL,2652132,5/05/06,Fri,740,LB,ME1C,303B 926 ,,R,D,O ,F ,D,N,N,50,0,0,0,,,1748786,5428979,-41.27692434,174.7765426
Wellington City,HILL ST,50,E, ,MOLESWORTH ST,2652134,15/05/06,Mon,730,GD,VE14,331A 930 ,,R,D,O ,F ,D,N,N,50,0,0,0,,,1748839,5428976,-41.27694159,174.7771759
Wellington City,HILL ST,15,W, ,MOLESWORTH ST,2655936,17/11/06,Fri,1400,MA,CW1C,387A ,M,R,D,O ,F , ,N,C,50,0,0,0,,,1748874,5428973,-41.27696215,174.7775944
Wellington City,HILL ST,30,W, ,MOLESWORTH ST,2656681,15/08/06,Tue,1815,MA,CE1C,373B ,,R,D,B ,F , ,N,C,50,0,0,0,,,1748889,5428972,-41.27696838,174.7777736
Wellington City,HILL ST,50,W, ,MOLESWORTH ST,2652603,22/05/06,Mon,1530,BA,4W1C,386A ,,R,D,B ,F , ,N,N,50,0,0,0,,,1748839,5428976,-41.27694159,174.7771759
Wellington City,HILL ST,100,W, ,MOLESWORTH ST,2654124,6/08/06,Sun,1015,MO,CE14,427A ,M,R,W,O ,L , , ,N,50,0,0,0,,,1748789,5428979,-41.27692379,174.7765784
Wellington City,HILL ST,150,E, ,TINAKORI ROAD,2612417,16/07/06,Sun,923,EA,CE1CC,386A ,M,R,W,B ,F , ,N,N,50,0,0,1,,,1748518,5428993,-41.27684762,174.7733407
Wellington City,HINAU ST,150,S, ,COLLINS AVENUE,2652908,26/06/06,Mon,614,EA,CN1V,102A 410A ,M,R,D,DO,F , ,N,C,50,0,0,0,,,1753774,5441964,-41.15908257,174.8328043
Wellington City,HINAU ST,20,N, ,KOWHAI ST,2655894,11/11/06,Sat,1200,EA,CN1C,410A ,M,R,D,B ,F , ,N,C,50,0,0,0,,,1753751,5441891,-41.15974417,174.8325486
Wellington City,HINAU ST,25,S, ,KOWHAI ST,2652416,26/05/06,Fri,1235,CC,CN1C,414A ,M,R,D,B ,F , ,N,C,50,0,0,0,,,1753738,5441849,-41.16012478,174.8324043
Wellington City,HINAU ST,50,S, ,KOWHAI ST,2653421,12/07/06,Wed,1900,CC,CS1C,136A 631A ,M,R,W,DO,H , ,N,C,50,0,0,0,,,1753730,5441825,-41.16034238,174.832315
Wellington City,HINAU ST,300,S, ,MCLELLAN ST,2654367,28/08/06,Mon,1530,EE,CS1C,374B ,M,R,D,B ,F , , ,C,50,0,0,0,,,1753739,5441853,-41.16008858,174.8324152
Wellington City,HOBART ST,20,S, ,CALEDONIA ST,2652663,7/04/06,Fri,1117,MD,XN1VC,371B 378B 839 929 ,MM,R,D,B ,F ,D,N,C,50,0,0,0,,,1751754,5423938,-41.32175751,174.8132215
Wellington City,HOBART ST,, ,I,CALEDONIA ST,2656237,7/11/06,Tue,1100,HA,CW2C,301B 375B ,,R,W,O ,M ,X,S,C,50,0,0,0,,,1751760,5423957,-41.32158532,174.8132884
Wellington City,HOLLAND ST,10,W, ,TORY ST,2655932,14/11/06,Tue,1600,MO,VW1C,386A ,M,R,W,O ,S ,T,N,N,50,0,0,0,,,1749081,5427038,-41.29434561,174.7805385
Wellington City,HOLLAND ST,50,W, ,TORY ST,2652460,21/05/06,Sun,1900,MO,CS1C,371A ,M,R,D,DO,F , ,N,C,50,0,0,0,,,1749044,5427054,-41.29420838,174.7800929
Wellington City,HOLLAND ST,50,W, ,TORY ST,2655436,26/09/06,Tue,1400,MG,CE1C,371B ,,R,W,O ,L , ,N,N,50,0,0,0,,,1749044,5427054,-41.29420838,174.7800929
Wellington City,HOLLAND ST,70,W, ,TORY ST,2656367,8/02/06,Wed,1000,EA,CE1C,386A ,M,R,D,B ,F , ,N,N,50,0,0,0,,,1749026,5427062,-41.29413968,174.7798761
Wellington City,HOLLOWAY ROAD,20,S, ,ARO ST,2654818,10/09/06,Sun,1239,BB,CS1CM,111A 181C 831 ,,M,D,B ,F , ,N,N,50,0,0,0,,,1747432,5427170,-41.29346003,174.7608208
Wellington City,HOLLOWAY ROAD,15,N, ,OLD BULLOCK ROAD,2652206,5/05/06,Fri,2145,MO,CN1C,386A ,M,E,D,DO,F , ,N,N,50,0,0,0,,,1747304,5427093,-41.29417668,174.7593114
Wellington City,HOLLYDALE GROVE,, ,I,HOLLYDALE ROAD,2653670,23/06/06,Fri,1605,JA,CW2C,309B ,,E,D,O ,F ,X,N,N,50,0,0,0,,,1751134,5436113,-41.21225824,174.8027984
Wellington City,HOPPER ST,10,N, ,ARLINGTON ST,2657189,19/12/06,Tue,1630,MO,CN1C,131A 386A 927 ,M,R,D,O ,F ,D,N,N,50,0,0,0,,,1748496,5426476,-41.29951338,174.7736919
Wellington City,HOPPER ST,10,S, ,WEBB ST,2655407,24/07/06,Mon,1000,EA,TS14,386A ,M,R,D,B ,F ,T,N,C,50,0,0,0,,,1748561,5426623,-41.29817791,174.7744321
Wellington City,HOPPER ST,, ,I,WEBB ST,2654658,23/09/06,Sat,1412,GF,CN1C,381B 387B ,,R,D,B ,F ,T,G,C,50,0,0,0,,,1748565,5426632,-41.29809615,174.7744776
Wellington City,HORNSEY ROAD,25,N, ,AUCKLAND TERRACE,2656493,26/11/06,Sun,2150,EA,BS1C,351A 370A ,M,M,D,DO,F , ,N,C,50,0,0,0,,,1749601,5423580,-41.32538302,174.7875967
Wellington City,HORNSEY ROAD,500,N, ,HOUGHTON BAY ROAD,2611639,22/03/06,Wed,1006,DB,CN1,111A 130A ,C,M,W,O ,L , ,N,C,50,0,0,1,,,1749486,5423275,-41.32815037,174.7862982
Wellington City,HOROKIWI ROAD WEST,40,E, ,BRACKEN ROAD,2656234,5/12/06,Tue,1827,GB,CE1C,158A 387A 927 ,,R,D,B ,F ,D,N,P,50,0,0,0,,,1752913,5434855,-41.22325031,174.8243237
Wellington City,HOUGHTON BAY ROAD,50,E, ,BUCKLEY ROAD,2611446,4/03/06,Sat,140,MO,TE1,103A 386A ,E,E,W,DN,L , ,N,C,50,0,0,1,,,1749237,5423041,-41.33030328,174.7833816
Wellington City,HOUGHTON BAY ROAD,140,E, ,BUCKLEY ROAD,2656277,15/09/06,Fri,245,EC,VW1,911,W,E,D,DF,F , ,N,C,50,0,0,0,,,1749319,5423007,-41.33059421,174.7843694
Wellington City,HOUGHTON BAY ROAD,15,N, ,HORNSEY ROAD,2653475,29/06/06,Thu,1800,DB,CN1,131A 358A ,EGT,M,D,DO,F , ,N,C,50,0,0,0,,,1749530,5422857,-41.3319056,174.7869266
Wellington City,HOUGHTON BAY ROAD,120,N, ,HUNGERFORD ROAD,2654910,10/09/06,Sun,930,MD,CN1V,110B 371B 929 ,,E,D,B ,F ,D,N,C,50,0,0,0,,,1749523,5422196,-41.3378581,174.7870057
Wellington City,HUGH ST,40,N, ,HOSPITAL ROAD,2656363,24/02/06,Fri,1430,QG,CS1,386A 406A ,J,R,D,O ,F , ,N,N,50,0,0,0,,,1748928,5425749,-41.30597926,174.7790275
Wellington City,HUGH ST,, ,I,HOSPITAL ROAD,2653441,20/06/06,Tue,430,QD,TE1,610A ,P,R,D,DO,F ,T,N,N,50,0,0,0,,,1748918,5425710,-41.30633224,174.7789176
Wellington City,HUNGERFORD ROAD,50,E, ,HOUGHTON BAY ROAD,2653500,27/05/06,Sat,300,CC,CW1CC,101A 120A 517A ,MP,E,W,DO,H , ,N,C,50,0,0,0,,,1749539,5422089,-41.33881848,174.7872232
Wellington City,HUNGERFORD ROAD,200,E, ,HOUGHTON BAY ROAD,2653312,7/05/06,Sun,230,QD,VW1C,103A ,M,E,D,DO,F , ,N,N,50,0,0,0,,,1749680,5422127,-41.33845018,174.7888982
Wellington City,HUNTER ST,15,E, ,CUSTOMHOUSE QUAY,2656361,4/07/06,Tue,1420,FB,ME1V,331A ,,R,D,O ,L , ,N,C,50,0,0,0,,,1748795,5428009,-41.28565604,174.776887
Wellington City,HUNTER ST,10,W, ,CUSTOMHOUSE QUAY,2653531,3/07/06,Mon,420,CB,CE1,414A ,S,R,W,DO,L ,T,T,C,50,0,0,0,,,1748772,5428019,-41.28557024,174.77661
Wellington City,HUNTER ST,30,W, ,CUSTOMHOUSE QUAY,2655342,2/10/06,Mon,1444,AA,CE1T,372A ,,E,W,O ,L , ,N,C,50,0,0,0,,,1748754,5428028,-41.28549253,174.776393
Wellington City,HUNTER ST,, ,I,CUSTOMHOUSE QUAY,2612394,3/06/06,Sat,237,HA,XE1C,112B 323B ,,R,D,DO,F ,X,T,C,50,0,1,0,,,1748781,5428015,-41.2856046,174.7767184
Wellington City,HUNTER ST,, ,I,FEATHERSTON ST,2656261,8/12/06,Fri,1100,EA,BE1C,386A ,M,R,W,O ,L ,T,G,N,30,0,0,0,,,1748708,5428049,-41.28531193,174.7758388
Wellington City,HUTCHISON ROAD,200,S, ,WALLACE ST,2657041,19/11/06,Sun,1345,DA,CS1,108A 195A ,C,E,D,B ,F , ,N,C,50,0,0,0,,,1748479,5425592,-41.30747555,174.7737047
Wellington City,HUTCHISON ROAD,, ,I,WALLACE ST SLIP,2652152,18/03/06,Sat,1330,LB,CE1B,303B 839 ,,R,D,O ,F ,T,G,C,50,0,0,0,,,1748597,5425589,-41.30748084,174.7751144
Wellington City,HUTCHISON ROAD,70,S, ,WRIGHT ST,2653717,15/07/06,Sat,230,DB,CS1,103A 386A ,C,S,W,DO,H , ,N,C,50,0,0,0,,,1748459,5425551,-41.30784837,174.7734759
Wellington City,HUTT ROAD,50,N, ,AOTEA QUAY,2655081,19/09/06,Tue,1725,MC,MN1C,151A 144B 372B ,,R,D,B ,F , ,N,P,70,0,0,0,,,1749627,5430519,-41.26290369,174.7862017
Wellington City,HUTT ROAD,100,N, ,AOTEA QUAY,2650492,16/01/06,Mon,45,DB,4S1,129A 130A ,B,E,D,DO,F , ,N,C,70,0,0,0,,,1749665,5430553,-41.26259054,174.7866467
Wellington City,HUTT ROAD,25,W, ,JARDEN MILE,2612845,7/09/06,Thu,744,ME,CN1C,303B 377B ,I,R,W,O ,L , ,N,R,100,0,0,1,,,1751909,5432186,-41.24746937,174.8130153
Wellington City,HUTT ROAD,300,W, ,JARDEN MILE,2612148,26/05/06,Fri,1735,AA,SN1C,300A 372A ,,R,W,TO,L , ,N,R,100,0,1,0,,53,1751702,5432006,-41.24912884,174.8105907
Wellington City,HUTT ROAD,, ,I,JARDEN MILE,2655681,15/11/06,Wed,830,FE,BN1C,181A 614A ,,E,D,B ,F ,X,T,C,100,0,0,0,,,1751926,5432204,-41.24730412,174.8132136
Wellington City,HUTT ROAD,, ,I,JARDEN MILE,2653763,30/07/06,Sun,625,DC,CE1,103A 410A ,P,E,D,DO,F ,M,T,R,100,0,0,0,,,1751926,5432204,-41.24730412,174.8132136
Wellington City,HUTT ROAD,300,N, ,KAIWHARAWHARA ROAD,2610062,27/07/06,Thu,1630,BC,CS1T,102A 121A ,,E,D,O ,F , ,N,P,70,1,0,0,,,1750138,5431031,-41.25819916,174.7921729
Wellington City,HUTT ROAD,, ,I,KAIWHARAWHARA ROAD,2656504,9/11/06,Thu,700,FE,CW14,181A ,,R,D,O ,F ,T,T,C,70,0,0,0,,,1749930,5430815,-41.26018251,174.7897443
Wellington City,HUTT ROAD,, ,I,NGAURANGA ON NBD,2656692,7/06/06,Wed,1000,FE,CE1C,331A ,,R,D,B ,F ,M,T,R,100,0,0,0,,,1751936,5432198,-41.24735626,174.8133344
Wellington City,HUTT ROAD,50,S, ,ONSLOW ROAD,2654344,16/06/06,Fri,745,FD,4S1C,331A ,,R,W,O ,L , , ,P,70,0,0,0,,,1750798,5431409,-41.254673,174.799954
Wellington City,HUTT ROAD,300,W, ,ONSLOW ROAD,2655028,19/09/06,Tue,1745,FC,CE1C,181A ,,R,W,DF,L , ,N,X,100,0,0,0,,,1750563,5431323,-41.2554911,174.7971716
Wellington City,HUTT ROAD,, ,I,ONSLOW ROAD,2612905,12/09/06,Tue,700,AO,CW1S,386A ,,R,D,B ,F ,T,T,R,70,0,1,0,,49,1750843,5431430,-41.25447553,174.8004857
Wellington City,HUTT ROAD,, ,I,ONSLOW ROAD,2612374,18/06/06,Sun,1950,JA,CN1C,322A 334A ,,R,W,DO,L ,Y,T,R,70,0,0,1,,,1750843,5431430,-41.25447553,174.8004857
Wellington City,HUTT ROAD,, ,I,ONSLOW ROAD,2653227,14/06/06,Wed,1730,AO,TN1T,386A 691A ,,R,D,TF,F ,T,T,R,70,0,0,0,,,1750843,5431430,-41.25447553,174.8004857
Wellington City,HUTT ROAD,50,E, ,RANGIORA AVENUE,2651018,14/02/06,Tue,756,FC,CS1X,331A ,,R,D,B ,FS, ,N,X,70,0,0,0,,,1750551,5431319,-41.25552935,174.7970294
Wellington City,HUTT ROAD,120,W, ,RANGIORA AVENUE,2611204,16/02/06,Thu,1745,JO,SE1C,308B 377B 839 927 ,,R,D,B ,F ,D,N,C,50,0,0,1,,36,1750401,5431241,-41.25625954,174.795259
Wellington City,HUTT ROAD,400,W, ,RANGIORA AVENUE,2613713,22/11/06,Wed,745,LB,SS1C,303B 375B 927 ,,R,D,O ,F ,D,N,C,70,0,0,1,,45,1750185,5431065,-41.25788431,174.7927253
Wellington City,HUTT ROAD,80,N, ,SAR ST,2652246,22/02/06,Wed,1636,MO,CS1C,371B 927 ,,R,D,B ,F ,D,N,P,50,0,0,0,,,1749323,5430161,-41.26618316,174.782662
Wellington City,HUTT ROAD,100,S, ,SAR ST,2613479,25/08/06,Fri,1540,KA,CN1C,308B 375B 927 ,,R,D,O ,F ,D,N,C,50,0,0,1,,,1749216,5430017,-41.26749943,174.7814204
Wellington City,HUTT ROAD,, ,I,SAR ST,2651053,3/04/06,Mon,930,LB,CN1C,302B 375B ,,R,D,O ,F ,T,G,C,50,0,0,0,,,1749272,5430100,-41.2667418,174.7820683