TLA NAME,CRASH ROAD,CRASH DIST,CRASH DIRN,INTSN,SIDE ROAD,CRASH ID,CRASH DATE,CRASH DOW,CRASH TIME,MVMT,VEHICLES,CAUSES,OBJECTS STRUCK,ROAD CURVE,ROAD WET,LIGHT,WTHRa,JUNC TYPE,TRAF CTRL,ROAD MARK,SPD LIM,CRASH FATAL CNT,CRASH SEV CNT,CRASH MIN CNT,PERS AGE1,PERS AGE2,EASTING,NORTHING,latitude,longitude
Wellington City,HUTT ROAD,180,S, ,SCHOOL ROAD,2656597,7/12/06,Thu,1228,EA,BS1T,129A 387A 927 ,Q,R,D,O ,F ,D,N,P,70,0,0,0,,,1749769,5430647,-41.26172494,174.7878646
Wellington City,HUTT ROAD,, ,I,SCHOOL ROAD,2652949,2/06/06,Fri,1455,LB,4N1C,303B 375B ,,R,D,B ,F ,T,N,L,70,0,0,0,,,1749894,5430775,-41.26054933,174.7893246
Wellington City,HUTT ROAD,100,N, ,THORNDON QUAY,2611765,21/02/06,Tue,1020,AA,CN1P,355A 381A ,,R,D,B ,F , ,N,C,70,0,1,0,,,1749265,5430091,-41.26682412,174.781987
Wellington City,HUTT ROAD,150,N, ,WESTMINSTER ST,2655922,6/11/06,Mon,1800,FC,TS14C,181A ,,R,D,B ,F , ,N,X,70,0,0,0,,,1750102,5430996,-41.25852096,174.791752
Wellington City,INGLIS ST,, ,I,DUNDAS ST,2651454,25/04/06,Tue,1600,HA,CS1C,302B ,,R,W,O ,L ,X,G,R,50,0,0,0,,,1753373,5423765,-41.32300874,174.8326002
Wellington City,IRA ST,, ,I,THE QUADRANT,2612462,20/06/06,Tue,1509,LB,SN1C,303B 375B ,,R,D,B ,F ,T,N,C,50,0,0,1,,51,1752307,5423741,-41.32342688,174.8198751
Wellington City,IRONSIDE ROAD,, ,I,ROTOITI ST,2650550,23/01/06,Mon,1330,KA,CW1C,309B 375B ,,R,D,B ,F ,T,N,C,50,0,0,0,,,1751316,5435247,-41.2200212,174.8051828
Wellington City,JARDEN MILE,80,W, ,MCCORMACK PLACE,2653902,21/07/06,Fri,1145,BB,CW1C,129A 198A 407A 817 842 ,,E,W,O ,LS, ,N,N,50,0,0,0,,,1751816,5432169,-41.2476399,174.8119101
Wellington City,JERVOIS QUAY,, ,I,GREY ST,2652176,3/05/06,Wed,840,FD,CN14C,331A ,,R,D,O ,F ,T,T,C,50,0,0,0,,,1748866,5428084,-41.28496769,174.7777161
Wellington City,JERVOIS QUAY,, ,I,GREY ST,2652198,29/04/06,Sat,1855,FE,BS1X,181A ,,R,D,DO,F ,T,T,C,50,0,0,0,,,1748866,5428084,-41.28496769,174.7777161
Wellington City,JERVOIS QUAY,25,N, ,HARRIS ST,2611220,24/01/06,Tue,1828,EE,SN1C,158A 374B ,Q,R,W,O ,L , ,N,R,50,0,0,1,,34,1748913,5427742,-41.2880382,174.7783608
Wellington City,JERVOIS QUAY,20,S, ,HARRIS ST,2654806,14/09/06,Thu,1710,FD,XS1C,181A ,,R,D,O ,F , ,T,C,50,0,0,0,,,1748919,5427697,-41.28844225,174.7784434
Wellington City,JERVOIS QUAY,20,S, ,HARRIS ST,2655021,15/09/06,Fri,2043,AC,TN1C,372A ,,E,D,DO,F , ,N,R,50,0,0,0,,,1748919,5427697,-41.28844225,174.7784434
Wellington City,JERVOIS QUAY,50,S, ,HARRIS ST,2653965,30/06/06,Fri,1210,FD,CN1CC,181A ,,R,D,B ,F , , ,C,50,0,0,0,,,1748923,5427668,-41.28870261,174.7784982
Wellington City,JERVOIS QUAY,15,N, ,HUNTER ST,2652144,15/02/06,Wed,804,EE,SN1C,158A 374B ,Q,R,D,B ,F , ,N,C,50,0,0,0,,45,1748879,5427999,-41.28573059,174.7778921
Wellington City,JERVOIS QUAY,, ,I,HUNTER ST,2650208,8/01/06,Sun,1514,FE,CN1CC,331A 191B 171C ,,R,D,B ,F ,X,T,R,50,0,0,0,,,1748881,5427984,-41.28586527,174.7779196
Wellington City,JERVOIS QUAY,, ,I,HUNTER ST,2611649,16/03/06,Thu,1400,JA,SN1CC,322B 423B ,,R,D,B ,F ,T,T,C,50,0,1,0,,28,1748881,5427984,-41.28586527,174.7779196
Wellington City,JERVOIS QUAY,, ,I,HUNTER ST,2654353,20/08/06,Sun,830,JA,XN1C,322B ,,R,D,O ,F ,X,T,C,50,0,0,0,,,1748881,5427984,-41.28586527,174.7779196
Wellington City,JERVOIS QUAY,, ,I,POST OFFICE SQUARE,2655437,29/08/06,Tue,1140,FE,CN1C,331A ,,R,D,B ,F ,M,T,C,50,0,0,0,,,1748866,5428084,-41.28496769,174.7777161
Wellington City,JERVOIS QUAY,, ,I,POST OFFICE SQUARE,2651555,23/03/06,Thu,1430,FD,TS1C,331A 387A ,,R,D,B ,F ,T,T,P,50,0,0,0,,,1748866,5428084,-41.28496769,174.7777161
Wellington City,JERVOIS QUAY,, ,I,WILLESTON ST,2652829,25/03/06,Sat,114,FE,CN1X,103A 331A ,,R,W,DO,L ,T,T,C,50,0,0,0,,,1748899,5427851,-41.28705941,174.778167
Wellington City,JOHN SIMS DRIVE,150,S, ,RAJKOT TERRACE,2655296,9/10/06,Mon,1655,DA,CE1,111A 133A ,CT,E,D,B ,F , ,N,C,50,0,0,0,,,1750588,5433741,-41.23371618,174.7968732
Wellington City,JOHN SIMS DRIVE,60,S, ,TRUSCOTT AVENUE,2652209,29/04/06,Sat,2030,FA,CN1C,135A 181A 801 ,,R,W,DO,H , ,N,N,50,0,0,0,,,1750259,5434339,-41.2283933,174.7928021
Wellington City,JOHN ST,10,W, ,ADELAIDE ROAD,2612953,28/09/06,Thu,2058,CA,ME1,135A 800 ,,R,W,DO,F ,X,T,C,50,0,0,1,,,1748822,5425610,-41.30725029,174.7777958
Wellington City,JOHN ST,10,W, ,ADELAIDE ROAD,2655929,25/09/06,Mon,1430,LB,CW1C,303B 375B 927 ,,R,D,O ,F ,D,N,N,50,0,0,0,,,1748822,5425610,-41.30725029,174.7777958
Wellington City,JOHN ST,10,E, ,HANSON ST,2657245,27/09/06,Wed,2210,FA,MW1C,331A 191B 604B ,,R,W,DO,H ,X,N,X,50,0,0,0,,,1748744,5425631,-41.3070756,174.7768594
Wellington City,JOHN ST,, ,I,HANSON ST,2654924,1/09/06,Fri,2120,DA,VE1C,111A ,M,R,D,DO,F ,T,G,R,50,0,0,0,,,1748734,5425630,-41.30708645,174.7767402
Wellington City,JOHN ST,, ,I,HANSON ST,2611903,1/04/06,Sat,1445,FA,SE1C,158A 386A ,,E,D,O ,F ,X,G,C,50,0,1,0,,42,1748734,5425630,-41.30708645,174.7767402
Wellington City,JOHN ST,15,W, ,TASMAN ST,2611958,8/05/06,Mon,750,NB,CE1E,110A 306A ,,E,D,O ,F , ,N,X,50,0,0,1,19,,1748711,5425624,-41.30714471,174.776467
Wellington City,JOHN ST,, ,I,WALLACE ST,2651235,15/02/06,Wed,2218,LB,CN1C,303B 375B ,,R,D,DO,F ,Y,G,L,50,0,0,0,,,1748696,5425620,-41.30718349,174.7762889
Wellington City,JOHNSONVILLE OFF NBD,80,S, ,JOHNSONVILLE ON SBD,2654233,20/07/06,Thu,2025,FD,CN1CC,111A ,,E,W,DO,H , ,N,N,50,0,0,0,,,1751517,5434408,-41.22753744,174.8077876
Wellington City,JOHNSONVILLE OFF SBD,100,S, ,SH 1N,2654318,10/08/06,Thu,1720,FD,CS1C,331A ,B,M,D,TN,F , ,N,L,100,0,0,0,,,1751761,5435291,-41.21954172,174.8104781
Wellington City,JOHNSONVILLE ON NBD,120,S, ,SH 1N,2655389,25/10/06,Wed,1700,FD,CN1CC,181A ,,R,D,B ,F , ,N,C,100,0,0,0,,,1751720,5435280,-41.21964844,174.8099919
Wellington City,JOHNSONVILLE ROAD,, ,I,BILL CUTTING PLACE,2654925,5/07/06,Wed,8,EO,CN1C,350A 691A 205B 514B 901 ,S,R,W,DO,HS,T,N,R,50,0,0,0,,,1751488,5434978,-41.22241093,174.8073004
Wellington City,JOHNSONVILLE ROAD,50,S, ,BRODERICK ROAD,2652015,5/04/06,Wed,1130,LB,CN1C,303B 377B 927 ,,R,D,B ,F ,D,N,C,50,0,0,0,,,1751475,5434669,-41.22519542,174.807222
Wellington City,JOHNSONVILLE ROAD,, ,I,BRODERICK ROAD,2655324,12/08/06,Sat,321,DA,VW2,103A 133A 925 ,S,R,D,DO,F ,D,T,R,50,0,0,0,,,1751483,5434719,-41.22474375,174.807305
Wellington City,JOHNSONVILLE ROAD,, ,I,BRODERICK ROAD,2650493,25/01/06,Wed,2101,LB,4S1C,303B ,,R,D,DN,F ,X,T,C,50,0,0,0,,,1751483,5434719,-41.22474375,174.807305
Wellington City,JOHNSONVILLE ROAD,, ,I,BRODERICK ROAD,2657264,1/12/06,Fri,1020,FO,TN14,610A ,,R,D,B ,F ,X,T,C,50,0,0,0,,,1751483,5434719,-41.22474375,174.807305
Wellington City,JOHNSONVILLE ROAD,, ,I,BRODERICK ROAD,2655537,5/10/06,Thu,1415,LB,CW2C,303B 379B ,,R,D,O ,S ,X,T,C,50,0,0,0,,,1751483,5434719,-41.22474375,174.807305
Wellington City,JOHNSONVILLE ROAD,, ,I,BRODERICK ROAD,2655950,10/09/06,Sun,200,MG,CN1C,371B ,,R,W,DO,S ,X,T,C,50,0,0,0,,,1751483,5434719,-41.22474375,174.807305
Wellington City,JOHNSONVILLE ROAD,, ,I,CORLETT ST,2655517,13/10/06,Fri,1315,LB,VN1C,303B ,,R,D,B ,F ,T,G,P,50,0,0,0,,,1751476,5434504,-41.22668079,174.8072749
Wellington City,JOHNSONVILLE ROAD,60,S, ,DISRAELI ST,2656134,21/06/06,Wed,1730,LB,SN1C,158A 303B 377B 901 926 ,,R,W,DO,H ,D,N,P,50,0,0,0,,,1751465,5434605,-41.22577351,174.8071186
Wellington City,JOHNSONVILLE ROAD,, ,I,DISRAELI ST,2613450,21/07/06,Fri,2216,JA,CS1C,691A 309B 313B ,,R,W,DO,HS,T,N,R,50,0,0,3,,,1751474,5434664,-41.22524062,174.8072113
Wellington City,JOHNSONVILLE ROAD,, ,I,FRASER AVENUE,2655562,26/09/06,Tue,1905,JA,4N1V,302B 382B ,,R,W,DO,L ,M,G,C,50,0,0,0,,,1751476,5434504,-41.22668079,174.8072749
Wellington City,JOHNSONVILLE ROAD,, ,I,FRASER AVENUE,2652832,15/05/06,Mon,1030,JA,BN1C,302B ,,R,W,O ,HS,T,G,C,50,0,0,0,,,1751476,5434504,-41.22668079,174.8072749
Wellington City,JOHNSONVILLE ROAD,30,S, ,MOOREFIELD ROAD,2656545,29/08/06,Tue,1312,EO,CN1T,370B 440B ,M,R,D,B ,F , ,N,C,50,0,0,0,,,1751497,5435020,-41.22203111,174.8073973
Wellington City,JOHNSONVILLE ROAD,, ,I,MOOREFIELD ROAD,2611081,12/01/06,Thu,1335,HA,MS2V,302A 375A ,,E,W,O ,L ,R,G,R,50,0,0,1,,,1751503,5435082,-41.22147177,174.8074535
Wellington City,JOHNSONVILLE ROAD,, ,I,MOOREFIELD ST,2652029,1/05/06,Mon,750,LB,CS1C,302A 382A ,,E,D,B ,F ,R,G,R,50,0,0,0,,,1751500,5435050,-41.22176044,174.8074257
Wellington City,JOHNSONVILLE ROAD,50,S, ,NORMAN LANE,2613158,20/10/06,Fri,835,NB,CS1E,713B 714B ,,R,D,O ,F , ,N,C,50,0,0,1,66,,1751486,5434882,-41.22327563,174.8073004
Wellington City,JOHNSONVILLE ROAD,50,S, ,NORMAN LANE,2613414,26/10/06,Thu,1445,GB,SS1C,158A 372B 925 ,,R,D,B ,F ,D,N,P,50,0,0,1,,30,1751486,5434882,-41.22327563,174.8073004
Wellington City,JOHNSONVILLE ROAD,, ,I,NORMAN LANE,2656689,7/08/06,Mon,927,MA,TW2C,202A 387A 373B ,,R,W,O ,L ,T,N,C,50,0,0,0,,,1751485,5434932,-41.22282565,174.807276
Wellington City,JOHNSTON ST,20,E, ,LAMBTON QUAY,2652212,4/05/06,Thu,950,MA,CE1T,371B ,,R,D,O ,F , ,N,C,50,0,0,0,,,1748732,5428357,-41.28253444,174.77605
Wellington City,KAIWHARAWHARA ROAD,200,W, ,HUTT ROAD,2652658,24/05/06,Wed,930,KB,CS1C,308B 375B 927 ,,E,D,B ,F ,D,N,C,50,0,0,0,,,1749791,5430958,-41.2589208,174.7880507
Wellington City,KAIWHARAWHARA ROAD,530,W, ,OLD PORIRUA ROAD,2612349,7/07/06,Fri,950,DA,SE1,135A 801 806 ,,M,W,O ,L , ,N,N,50,0,0,1,,37,1749186,5431099,-41.25776322,174.7807977
Wellington City,KARAKA BAY ROAD,30,S, ,FORTIFICATION ROAD,2655816,4/11/06,Sat,935,GB,CS14,333A 387A 381B ,,R,D,O ,F , ,N,C,50,0,0,0,,,1753411,5426522,-41.29817988,174.8323586
Wellington City,KARORI ROAD,20,E, ,BEAUCHAMP ST,2657183,8/12/06,Fri,1900,MO,CW1C,386A ,M,R,D,B ,F , ,N,N,50,0,0,0,,,1745472,5428171,-41.28480302,174.7371832
Wellington City,KARORI ROAD,30,W, ,CAMPBELL ST,2611871,12/01/06,Thu,1825,GB,SW1C,158A 333A 922 ,,R,D,B ,F ,D,N,C,50,0,0,1,,31,1745591,5428214,-41.28439442,174.7385934
Wellington City,KARORI ROAD,100,W, ,CAMPBELL ST,2611696,10/03/06,Fri,1440,CB,CW1CCC,130A 501A ,MMM,R,D,B ,F , ,N,C,50,0,0,1,,,1745525,5428190,-41.2846224,174.7378113
Wellington City,KARORI ROAD,, ,I,CAMPBELL ST,2612970,18/09/06,Mon,739,MA,CE14V,143A 300A 373A ,,R,D,B ,F ,T,G,C,50,0,0,1,,,1745619,5428224,-41.28429933,174.7389252
Wellington City,KARORI ROAD,30,E, ,CHAMBERLAIN ROAD,2652138,23/02/06,Thu,1255,MO,CW1,371A 420A 507A 929 ,P,R,W,O ,H ,D,N,C,50,0,0,0,,,1745378,5428137,-41.28512608,174.7360693
Wellington City,KARORI ROAD,, ,I,FANCOURT ST,2652154,22/03/06,Wed,820,BA,BW14,125A ,,R,W,O ,L ,Y,N,C,50,0,0,0,,,1745967,5428348,-41.28312004,174.7430493
Wellington City,KARORI ROAD,40,E, ,HATTON ST,2651382,16/03/06,Thu,1010,MO,CW1C,386A ,M,R,D,B ,F , ,N,C,50,0,0,0,,,1746150,5428412,-41.28251071,174.7452183
Wellington City,KARORI ROAD,50,E, ,HATTON ST,2654477,16/06/06,Fri,1100,EA,VE1C,129A ,M,R,W,O ,  , ,N,P,50,0,0,0,,,1746160,5428415,-41.28248189,174.7453369
Wellington City,KARORI ROAD,, ,I,MORLEY ST,2654389,18/08/06,Fri,1900,MA,CE1C,101B 373B 671B ,,R,D,DO,F ,T,G,C,50,0,0,0,,,1745048,5428017,-41.28626587,174.7321588
Wellington City,KARORI ROAD,60,W, ,NATALIE WAY,2656490,2/12/06,Sat,40,DA,CW1CC,103A ,FM,E,D,DO,F , ,N,R,50,0,0,0,,,1744608,5427953,-41.28692103,174.7269219
Wellington City,KARORI ROAD,, ,I,NEWCOMBE CRESCENT,2612087,17/05/06,Wed,815,FC,CW1C4,331A 363A 902 ,,R,D,B ,F ,T,N,X,50,0,0,2,,,1745831,5428298,-41.2835948,174.741438
Wellington City,KARORI ROAD,, ,I,OLD KARORI ROAD,2611877,8/02/06,Wed,640,JA,CE1V,302B 517B ,,E,D,TF,F ,T,G,P,50,0,0,1,,,1746645,5428577,-41.28093537,174.7510868
Wellington City,KARORI ROAD,30,E, ,PARKVALE ROAD,2613589,19/12/06,Tue,1200,NA,CE1E,370A 711B 712B ,,R,D,O ,F , ,N,P,50,0,0,1,21,,1745534,5428193,-41.28459377,174.737918
Wellington City,KARORI ROAD,30,E, ,PARKVALE ROAD,2652277,12/04/06,Wed,815,MO,BE14,386A 440B ,M,R,D,B ,F , ,N,C,50,0,0,0,,,1745534,5428193,-41.28459377,174.737918
Wellington City,KARORI ROAD,210,E, ,SOUTH KARORI ROAD,2653964,4/08/06,Fri,1730,GE,CW1C,160A 920 ,,E,D,TO,F ,D,N,P,50,0,0,0,,,1744438,5427921,-41.28723958,174.7249002
Wellington City,KARORI ROAD,, ,I,STANDEN ST,2650179,4/01/06,Wed,2350,DA,CW1,102A 131A 402A ,F,R,D,DO,F ,T,N,C,50,0,0,0,,,1746606,5428554,-41.28114954,174.7506269
Wellington City,KATE SHEPPARD PLACE,100,E, ,MOLESWORTH ST,2652273,26/01/06,Thu,1745,JA,ME1C,308B 926 ,,R,D,B ,F ,D,N,N,50,0,0,0,,,1748985,5428880,-41.277779,174.7789418
Wellington City,KAURI ST,, ,I,BROADWAY,2655359,12/10/06,Thu,2031,DA,CW2,122A ,PT,R,D,DO,F ,T,S,P,50,0,0,0,,,1751522,5423540,-41.32538443,174.81055
Wellington City,KELBURN PARADE,20,N, ,GLASGOW ST,2612655,10/04/06,Mon,2210,EA,PN1C,103A ,M,M,D,DO,F , ,N,C,50,0,0,1,,,1748009,5427625,-41.28925785,174.7675983
Wellington City,KELBURN PARADE,40,N, ,GLASGOW ST,2610002,3/01/06,Tue,130,PO,CS1K,101A 430A 105B 722B ,,R,D,DO,FS, ,N,P,50,1,0,0,23,,1748017,5427643,-41.28909432,174.7676894
Wellington City,KELBURN PARADE,50,S, ,GLASGOW ST,2654289,27/08/06,Sun,1553,MO,TN1T,386A ,M,R,D,B ,F , ,N,C,50,0,0,0,,,1747982,5427548,-41.28995607,174.7672947
Wellington City,KELBURN PARADE,40,S, ,SALAMANCA ROAD,2657170,22/09/06,Fri,2200,EA,CS1CC,358A ,MM,R,D,DO,F , ,N,C,50,0,0,0,,,1748121,5427873,-41.28700444,174.7688749
Wellington City,KEMP ST,120,E, ,TACY ST,2655927,30/09/06,Sat,2100,MG,CW1C,371B ,,R,D,DO,F , ,N,C,50,0,0,0,,,1750558,5424431,-41.31754309,174.7988158
Wellington City,KEMP ST,100,W, ,TROY ST,2652354,7/04/06,Fri,1120,MO,CW1C,371A 308B 929 ,,R,D,B ,F ,D,N,C,50,0,0,0,,,1750770,5424373,-41.31802567,174.8013619
Wellington City,KENMORE ST,40,S, ,HOROKIWI ROAD WEST,2651232,17/01/06,Tue,900,EA,CN1C,129A ,M,R,D,B ,F , ,N,N,50,0,0,0,,,1752965,5434835,-41.22342055,174.8249488
Wellington City,KENMORE ST,100,N, ,LINK ROAD,2613586,28/11/06,Tue,810,FD,CN1C,132A ,,R,D,B ,F , ,P,X,50,0,0,1,,,1753118,5434623,-41.22530031,174.8268264
Wellington City,KENSINGTON ST,15,S, ,ABEL SMITH ST,2655424,18/08/06,Fri,1455,PB,CN1E,512A ,,R,D,O ,F , ,N,C,50,0,0,0,40,,1748402,5426882,-41.29587527,174.7724707
Wellington City,KENT TERRACE,20,S, ,COURTENAY PLACE,2650484,18/01/06,Wed,2052,DA,CE1C,131A 404A 901 ,M,R,W,DO,H ,T,T,R,50,0,0,0,,,1749368,5427051,-41.2941755,174.7839615
Wellington City,KENT TERRACE,, ,I,COURTENAY PLACE,2654649,11/08/06,Fri,2300,FC,CE2C,181A 400A ,,R,D,DO,F ,X,T,N,50,0,0,0,,,1749376,5427069,-41.29401196,174.7840526
Wellington City,KENT TERRACE,20,S, ,HOME ST,2613182,21/04/06,Fri,1745,PF,SS1B,158A 443B 520B ,,R,D,DO,F ,T,N,R,50,0,1,1,,27,1749263,5426817,-41.29630172,174.7827654
Wellington City,KENT TERRACE,, ,I,MAJORIBANKS ST,2651575,9/04/06,Sun,1030,HA,CW2V,322B ,,R,D,O ,L ,X,T,R,50,0,0,0,,,1749376,5427069,-41.29401196,174.7840526
Wellington City,KENYA ST,100,S, ,CROFTON ROAD,2613151,28/07/06,Fri,1742,EA,CS1C,129A ,M,R,D,TF,F , ,N,C,50,0,0,1,,,1748532,5431685,-41.25260762,174.7728519
Wellington City,KENYA ST,100,N, ,TRELISSICK CRESCENT,2652140,19/04/06,Wed,1655,EE,CN1C,352B 374B ,Q,E,D,O ,F , ,N,C,50,0,0,0,,,1748402,5431416,-41.25505345,174.7713664
Wellington City,KENYA ST,250,N, ,TRELISSICK CRESCENT,2612085,10/06/06,Sat,830,LB,CS1C,303B 375B 929 ,,R,D,B ,F ,D,N,C,50,0,0,1,,,1748458,5431548,-41.2538547,174.7720024
Wellington City,KHANDALLAH ROAD,, ,I,COCKAYNE ROAD,2654583,30/06/06,Fri,2230,DA,CS2C,130A 371A ,IS,M,D,DO,F ,T,S,R,50,0,0,0,,,1749732,5432189,-41.24784848,174.7870446
Wellington City,KHANDALLAH ROAD,, ,I,NGATOTO ST,2611110,5/01/06,Thu,1630,GD,VW1CC,331A 352A 842 ,,R,D,O ,F ,T,G,C,50,0,0,1,,,1749299,5432360,-41.24638897,174.7818373
Wellington City,KILBIRNIE CRESCENT,, ,I,BAY ROAD,2655557,7/10/06,Sat,,LB,4W1C,303B ,,R,D,O ,F ,X,T, ,50,0,0,0,,,1750266,5424487,-41.31709336,174.7953149
Wellington City,KILBIRNIE CRESCENT,, ,I,CHILDERS TERRACE,2656022,10/11/06,Fri,1940,BB,4S1C,124A ,,E,D,TO,F ,T,N,P,50,0,0,0,,,1750163,5424590,-41.3161852,174.7940595
Wellington City,KILBIRNIE CRESCENT,30,N, ,DUNCAN TERRACE,2656180,14/09/06,Thu,627,EA,CN1C,103A ,IM,R,D,TO,F , ,N,R,50,0,0,0,,,1750066,5424764,-41.31463668,174.7928582
Wellington City,KILBIRNIE CRESCENT,, ,I,EVANS BAY PARADE,2652053,25/04/06,Tue,1910,DA,CN1,137A ,P,E,W,DO,H ,X,T,R,50,0,0,0,,,1750266,5424487,-41.31709336,174.7953149
Wellington City,KIPLING ST,80,N, ,ATUA ST,2652205,4/04/06,Tue,1145,EA,CN1C,386A ,Q,R,D,O ,F , ,N,C,50,0,0,0,,,1750675,5434576,-41.22618211,174.7977048
Wellington City,KIPLING ST,20,S, ,RUDYARD CRESCENT,2656244,7/09/06,Thu,1140,NB,CS1E,,,E,D,O ,F , ,N,N,50,0,0,0,,,1750705,5434599,-41.22596945,174.7980569
Wellington City,KITCHENER TERRACE,5,E, ,PLUMER ST,2655024,5/10/06,Thu,800,BA,CS1V,120A 351A ,,R,W,O ,LS,T,N,N,50,0,0,0,,,1751233,5433774,-41.23329873,174.8045577
Wellington City,LAKEWOOD AVENUE,50,S, ,ELLWOOD PLACE,2653203,4/06/06,Sun,1800,EA,CN1C,386A ,M,R,W,DO,L , ,N,N,50,0,0,0,,,1751443,5436836,-41.20569101,174.8063034
Wellington City,LAKEWOOD AVENUE,, ,I,WESTCHESTER DRIVE,2613808,14/12/06,Thu,425,DA,CE1,111A 514A ,FH,R,D,DO,F ,T,N,N,50,0,0,1,,,1751619,5437244,-41.20198467,174.8083005
Wellington City,LAMBTON QUAY,15,S, ,BALLANCE ST,2655938,31/10/06,Tue,1135,EA,BN1X,386A 387A ,Q,E,D,O ,F , ,N,R,50,0,0,0,,,1748743,5428632,-41.28005646,174.7761142
Wellington City,LAMBTON QUAY,20,S, ,BALLANCE ST,2652008,25/02/06,Sat,215,MO,CN1BC,137A 371A 402A 434C ,,E,D,DO,F , ,N,C,50,0,0,0,,,1748739,5428629,-41.28008421,174.7760671
Wellington City,LAMBTON QUAY,, ,I,BALLANCE ST,2611748,1/03/06,Wed,735,LB,SS1X,303B 375B ,,R,D,B ,F ,T,N,R,50,0,0,1,,41,1748753,5428643,-41.27995558,174.7762308
Wellington City,LAMBTON QUAY,, ,I,BALLANCE ST,2654351,19/07/06,Wed,1547,GC,VN1C,181A 171B ,,R,W,O ,L ,T,T,R,50,0,0,0,,,1748753,5428643,-41.27995558,174.7762308
Wellington City,LAMBTON QUAY,, ,I,BALLANCE ST,2612861,28/07/06,Fri,1035,KB,MS1C,191A 300B ,,M,D,B ,F ,T,N,R,50,0,0,1,,,1748753,5428643,-41.27995558,174.7762308
Wellington City,LAMBTON QUAY,, ,I,BALLANCE ST,2655941,6/11/06,Mon,1325,KB,BE1C,372A 375B ,,R,D,O ,F ,T,G,R,30,0,0,0,,,1748753,5428643,-41.27995558,174.7762308
Wellington City,LAMBTON QUAY,50,N, ,BOWEN ST,2651447,23/03/06,Thu,1145,MC,BN1C,170B 381B ,,R,W,O ,L , ,N,R,50,0,0,0,,,1748860,5428716,-41.27927862,174.7774901
Wellington City,LAMBTON QUAY,10,S, ,BOWEN ST,2655587,19/05/06,Fri,850,MO,BN1V,386A ,,R,D,B ,F ,X,T,R,50,0,0,0,,,1748811,5428682,-41.27959376,174.7769135
Wellington City,LAMBTON QUAY,, ,I,BOWEN ST,2651666,4/04/06,Tue,740,AA,VN1B,143A 159A ,,R,D,O ,F ,X,T,R,50,0,0,0,,,1748819,5428688,-41.27953827,174.7770076
Wellington City,LAMBTON QUAY,40,N, ,BRANDON ST,2611872,31/01/06,Tue,1708,NA,SN1E,712B 716B ,,R,D,O ,F , ,N,R,50,0,0,2,64,26,1748703,5428337,-41.28271985,174.7757088
Wellington City,LAMBTON QUAY,50,N, ,BRANDON ST,2655418,27/06/06,Tue,1738,AA,BN1C,372A ,,R,W,DO,L , ,N,R,30,0,0,0,,,1748706,5428346,-41.28263827,174.7757424
Wellington City,LAMBTON QUAY,, ,I,BRANDON ST,2656773,22/12/06,Fri,1020,AA,BS1V,372A ,,R,D,O ,F ,T,T,R,50,0,0,0,,,1748688,5428300,-41.28305574,174.7755388
Wellington City,LAMBTON QUAY,, ,I,FEATHERSTON ST,2653668,2/07/06,Sun,1645,KA,BE1C,209B ,,E,D,TF,F ,T,T,C,50,0,0,0,,,1748702,5428035,-41.28543908,174.7757706
Wellington City,LAMBTON QUAY,, ,I,GREY ST,2612452,25/07/06,Tue,807,NA,BS1E,711B ,,R,D,O ,F ,T,T,R,30,0,1,0,16,,1748675,5428151,-41.28439965,174.77542
Wellington City,LAMBTON QUAY,, ,I,HUNTER ST,2610066,13/08/06,Sun,1200,NC,BS1E,718B 720B ,,E,D,B ,F ,T,T,C,30,1,0,0,22,,1748702,5428035,-41.28543908,174.7757706
Wellington City,LAMBTON QUAY,25,N, ,JOHNSTON ST,2655417,7/07/06,Fri,1715,BA,SS1C,205A ,,R,D,O ,F , ,T,X,30,0,0,0,,,1748722,5428389,-41.28224817,174.7759228
Wellington City,LAMBTON QUAY,, ,I,MOLESWORTH ST,2613454,21/10/06,Sat,110,DB,CN1E,101A 111A ,JS,S,D,DO,F ,X,T,R,50,0,0,1,39,,1748937,5428771,-41.27876923,174.7783956
Wellington City,LAMBTON QUAY,, ,I,WARING TAYLOR ST,2613513,30/10/06,Mon,1725,KB,SN1C,176B 303B 512B 817 ,,R,D,O ,FS,T,N,R,50,0,0,1,,32,1748734,5428434,-41.28184081,174.7760551
Wellington City,LAMBTON QUAY,10,S, ,WHITMORE ST,2613469,20/11/06,Mon,1550,FE,BN1C,386A ,,R,D,B ,F ,X,T,R,50,0,0,1,,,1748811,5428682,-41.27959376,174.7769135
Wellington City,LAMBTON QUAY,20,S, ,WHITMORE ST,2657128,1/12/06,Fri,1713,MA,CS1B,373B ,,R,D,B ,F , ,N,R,50,0,0,0,,,1748802,5428676,-41.27964944,174.7768076
Wellington City,LANCASTER ST,, ,I,FLERS ST,2613800,20/06/06,Tue,2118,DA,CN1,111A 131A ,F,R,D,DO,F ,T,G,C,50,0,0,1,,,1746314,5428305,-41.2834444,174.7472015
Wellington City,LANDFILL ROAD,700,W, ,HAPPY VALLEY ROAD,2651606,25/01/06,Wed,1420,DA,CE1,103A 111A 130A ,P,M,W,O ,H , ,N,C,50,0,0,0,,,1746409,5422992,-41.33126304,174.7496141
Wellington City,LAURA AVENUE,, ,I,MORTIMER TERRACE,2611280,12/02/06,Sun,1529,AB,MW1C,122A 156A 817 831 ,,M,D,B ,F ,T,N,N,50,0,1,0,,,1747533,5426394,-41.3004283,174.7622146