TLA NAME,CRASH ROAD,CRASH DIST,CRASH DIRN,INTSN,SIDE ROAD,CRASH ID,CRASH DATE,CRASH DOW,CRASH TIME,MVMT,VEHICLES,CAUSES,OBJECTS STRUCK,ROAD CURVE,ROAD WET,LIGHT,WTHRa,JUNC TYPE,TRAF CTRL,ROAD MARK,SPD LIM,CRASH FATAL CNT,CRASH SEV CNT,CRASH MIN CNT,PERS AGE1,PERS AGE2,EASTING,NORTHING,latitude,longitude
Wellington City,LAVAUD ST,50,W, ,RUSSELL TERRACE,2656120,11/11/06,Sat,2355,EA,4W1C,101A ,M,R,D,DO,F , ,N,N,50,0,0,0,,,1748937,5423765,-41.32384033,174.7796209
Wellington City,LIARDET ST,500,E, ,BRITOMART ST,2613691,23/07/06,Sun,826,DA,CS1CO,102A 410A ,HMM,E,D,B ,F , ,N,C,50,0,0,1,,,1748171,5424790,-41.31475294,174.7702224
Wellington City,LIARDET ST,20,N, ,TRAVERS ST,2613451,12/11/06,Sun,1948,DB,CN1C,111A 132A 400A ,FHM,M,D,TF,F , ,N,C,50,0,0,1,,,1748173,5424742,-41.31518474,174.770258
Wellington City,LINDEN AVENUE,, ,I,MAIN ROAD,2611326,6/02/06,Mon,957,JA,SS1T,302B 375B ,,R,D,B ,F ,R,G,R,50,0,0,1,,40,1753489,5442221,-41.15682269,174.8293448
Wellington City,LOOKOUT ROAD,100,W, ,ALEXANDRA ROAD,2654292,9/08/06,Wed,2350,DA,CN1,111A 135A 804 ,ET,M,W,DN,L , ,N,N,50,0,0,0,,,1750578,5426916,-41.29516613,174.7984396
Wellington City,LORNE ST,50,N, ,TORY ST,2652278,13/04/06,Thu,1110,MA,CW1C,387A 371B ,,R,D,B ,F , ,N,N,50,0,0,0,,,1749093,5426923,-41.29537878,174.7807099
Wellington City,LUCKNOW TERRACE,30,E, ,SWANSEA ST,2652722,21/05/06,Sun,1207,EA,CE1C,129A 358A ,M,R,D,B ,F , ,N,N,50,0,0,0,,,1749527,5432165,-41.24810251,174.7846049
Wellington City,LUXFORD ST,50,E, ,ADELAIDE ROAD,2653520,20/04/06,Thu,1920,JA,CE1C,308B 377B 922 ,,R,D,DO,F ,D,N,P,50,0,0,0,,,1748635,5424212,-41.31987153,174.7759047
Wellington City,LYALL PARADE,40,E, ,FREYBERG ST,2655468,22/10/06,Sun,1735,ME,CW1C,303B 355B ,,R,W,O ,L , ,N,C,50,0,0,0,,,1750115,5423074,-41.32984315,174.7938606
Wellington City,LYALL PARADE,200,W, ,ONEPU ROAD,2656715,24/11/06,Fri,2155,CC,CW1,691A 844 871 ,I,R,D,DO,F , ,N,R,50,0,0,0,,,1750072,5423042,-41.33013927,174.7933549
Wellington City,LYALL PARADE,, ,I,ONEPU ROAD,2613111,24/10/06,Tue,1402,NC,CE1E,711B 901 903 ,,M,W,O ,HS,R,G,R,50,0,0,1,19,,1750241,5423160,-41.3290454,174.7953444
Wellington City,LYALL PARADE,, ,I,ONEPU ROAD,2613114,30/10/06,Mon,1520,DC,CS1E,133A 407A 423A ,FS,R,D,B ,F ,R,G,R,50,0,0,1,34,,1750244,5423148,-41.32915288,174.7953832
Wellington City,LYALL PARADE,200,E, ,QUEENS DRIVE,2613590,19/12/06,Tue,700,MB,TE1S,363A 372A ,,R,D,B ,F , ,N,P,50,0,0,1,,25,1750085,5423056,-41.3300108,174.7935068
Wellington City,MACDONALD CRESCENT,50,S, ,DIXON ST,2656928,18/12/06,Mon,1730,EA,CE1C,386A ,M,E,D,O ,F , ,N,C,50,0,0,0,,,1748429,5427427,-41.29096342,174.7726601
Wellington City,MACDONALD CRESCENT,, ,I,DIXON ST,2612777,10/06/06,Sat,1702,DA,CN1CC,121A 350A ,MM,M,D,DO,F ,T,N,C,50,0,0,1,,,1748454,5427469,-41.29058068,174.7729483
Wellington City,MACDONALD CRESCENT,10,E, ,THE TERRACE,2656271,29/08/06,Tue,1800,MA,CW1C,373B ,,R,D,TF,F ,T,N,C,50,0,0,0,,,1748313,5427466,-41.29063361,174.7712659
Wellington City,MACDONALD CRESCENT,15,E, ,THE TERRACE,2655900,16/12/06,Sat,730,EA,CW1C,,M,R,D,DO,F ,T,N,C,50,0,0,0,,,1748318,5427464,-41.2906507,174.7713261
Wellington City,MACDONALD CRESCENT,80,W, ,WILLIS ST,2656888,31/12/06,Sun,1700,MG,4W1C,400A 652A ,,R,W,O ,H , ,N,L,50,0,0,0,,,1748402,5427427,-41.29096839,174.7723378
Wellington City,MAHORA ST,100,S, ,RONGOTAI ROAD,2651883,13/04/06,Thu,1930,MO,4S1C,160A 387A ,,R,D,DO,F , ,N,C,50,0,0,0,,,1750417,5424247,-41.319226,174.7971775
Wellington City,MAIDA VALE ROAD,, ,I,CARLTON GORE ROAD,2652623,9/06/06,Fri,655,DB,CS2C,103A 131A ,M,E,D,O ,F ,T,N,C,50,0,0,0,,,1750845,5427671,-41.28831876,174.80144
Wellington City,MAIN ROAD,150,N, ,CAMBRIDGE ST,2650408,15/02/06,Wed,555,MO,CS1C,330A 371B ,,R,D,B ,F , ,N,C,50,0,0,0,,,1753092,5440756,-41.17008771,174.8249815
Wellington City,MAIN ROAD,5,S, ,ESSEX ST,2654279,22/08/06,Tue,1730,FC,CN1CC,331A ,,R,D,TF,F ,T,N,X,50,0,0,0,,,1753096,5440798,-41.16970881,174.8250186
Wellington City,MAIN ROAD,50,S, ,GEE ST,2655127,4/10/06,Wed,1802,FD,CN1CC,331A 353A ,,R,D,TF,F , ,N,C,50,0,0,0,,,1753670,5442586,-41.15350218,174.8314094
Wellington City,MAIN ROAD,, ,I,GEE ST,2652092,20/05/06,Sat,2203,BF,CW2C,133A 433A ,,R,D,DF,F ,T,G,P,50,0,0,0,,,1753694,5442630,-41.15310148,174.8316843
Wellington City,MAIN ROAD,20,N, ,LINCOLN AVENUE,2612602,11/08/06,Fri,1315,MC,CN1C,300B 372B ,,R,D,B ,F , ,N,C,50,0,0,1,,,1753104,5440956,-41.16828476,174.8250745
Wellington City,MAIN ROAD,150,N, ,LINDEN AVENUE,2653388,21/07/06,Fri,1619,EE,CN1C,374B ,Q,R,D,B ,F , ,N,P,50,0,0,0,,,1753559,5442358,-41.15557597,174.8301443
Wellington City,MAIN ROAD,200,S, ,LINDEN AVENUE,2653960,11/08/06,Fri,1230,GB,CS1C,158A 929 ,,R,D,O ,F ,D,N,C,50,0,0,0,,,1753397,5442049,-41.15838868,174.8282918
Wellington City,MAIN ROAD,30,S, ,LYNDHURST ROAD,2652475,26/05/06,Fri,750,MO,CN1V,372B 446B ,,R,D,O ,F , ,N,P,50,0,0,0,,,1753070,5440559,-41.17186553,174.8247686
Wellington City,MAIN ROAD,10,S, ,MCLELLAN ST,2611473,29/03/06,Wed,740,NA,VS1E,191A 700B 711B ,,R,D,O ,F ,T,G,X,50,0,0,1,37,,1753334,5441657,-41.16192992,174.8276394
Wellington City,MAIN ROAD,50,S, ,TAWA ST,2650621,1/02/06,Wed,1450,FC,4N1C,331A ,,R,D,B ,F , ,N,X,50,0,0,0,,,1753111,5440101,-41.17598134,174.8253716
Wellington City,MAJORIBANKS,, ,I,HAWKER ST,2657181,20/11/06,Mon,1100,DB,CS2C,353A 386A ,M,R,D,O ,F ,T,N,C,50,0,0,0,,,1749647,5426946,-41.29506918,174.787318
Wellington City,MAJORIBANKS ST,20,E, ,BROUGHAM ST,2650249,22/01/06,Sun,1730,EA,CE1CC,385A ,M,R,D,B ,F ,T,N,C,50,0,0,0,,,1749595,5426969,-41.29487174,174.7866915
Wellington City,MAJORIBANKS ST,20,E, ,KENT TERRACE,2613187,1/09/06,Fri,1930,NG,CW1E,371A ,,R,D,DO,F ,X,T,C,50,0,0,1,57,,1749394,5427061,-41.29408066,174.7842694
Wellington City,MAJORIBANKS ST,30,E, ,KENT TERRACE,2654035,6/08/06,Sun,117,FD,CW1X,103A 331A ,,R,D,DO,F ,X,T,C,50,0,0,0,,,1749403,5427057,-41.294115,174.7843779
Wellington City,MAJORIBANKS ST,, ,I,KENT TERRACE,2611651,4/03/06,Sat,17,NA,ME1EC,105B 711B 718B ,,R,W,DO,L ,X,T,N,50,0,1,1,18,,1749376,5427069,-41.29401196,174.7840526
Wellington City,MAJORIBANKS ST,30,E, ,ROXBURGH ST,2650482,28/01/06,Sat,1930,MO,CE1C,386A ,M,R,D,B ,F , ,N,N,50,0,0,0,,,1749473,5427025,-41.29439015,174.7852214
Wellington City,MAJORIBANKS ST,20,W, ,ROXBURGH ST,2656706,24/10/06,Tue,710,AC,CW1C,141A 372A 197B ,K,R,W,O ,S ,T,G,C,50,0,0,0,,,1749428,5427045,-41.29421842,174.7846792
Wellington City,MAJORIBANKS ST,, ,I,ROXBURGH ST,2650352,19/01/06,Thu,2340,QD,CE1C,428A 517A ,M,R,D,DO,F ,T,T,C,50,0,0,0,,,1749446,5427037,-41.29428711,174.7848961
Wellington City,MAKARA ROAD,1000,N, ,ALLINGTON ROAD,2653563,10/07/06,Mon,14,DA,CN1,195A ,V,M,W,DN,L , ,N,C,50,0,0,0,,,1743862,5428409,-41.28294861,174.7179092
Wellington City,MAKARA ROAD,300,N, ,KHOURI AVENUE,2650207,3/01/06,Tue,1604,BF,CN14,132A 632A ,,S,D,O ,FS, ,N,C,50,0,0,0,,,1744025,5428164,-41.28512546,174.7199127
Wellington City,MAKARA ROAD,60,S, ,KHOURI AVENUE,2654954,18/02/06,Sat,2330,DA,CN14,103A ,M,M,D,DO,F , ,N,C,50,0,0,0,,,1744155,5427942,-41.28710109,174.721517
Wellington City,MAKARA ROAD,2100,W, ,KHOURI AVENUE,2611046,14/01/06,Sat,8,DA,4S1,103A 111A ,C,S,D,DN,M , ,N,C,100,0,0,1,,,1743231,5428818,-41.27937824,174.7102812
Wellington City,MAKARA ROAD,3500,N, ,SOUTH KARORI ROAD,2654164,13/03/06,Mon,853,DB,CS1,358A ,P,S,D,B ,F , , ,C,100,0,0,0,,,1742733,5429388,-41.27433424,174.7042037
Wellington City,MAKARA ROAD,100,N, ,SOUTH MAKARA ROAD,2651054,12/02/06,Sun,205,DA,CN1,111A 403A ,F,E,D,DN,F , ,N,N,100,0,0,0,,,1742872,5430051,-41.26834014,174.7057072
Wellington City,MAKARA ROAD,400,N, ,SOUTH MAKARA ROAD,2612546,23/07/06,Sun,1315,BA,CN14,501A ,,R,D,B ,F , ,N,C,50,0,0,2,,,1743091,5430252,-41.26649161,174.7082735
Wellington City,MALVERN ROAD,100,N, ,FORT ST,2652643,4/05/06,Thu,1515,QD,CS1,428A ,CV,E,D,B ,F , ,N,N,50,0,0,0,,,1752113,5432575,-41.24392872,174.8153519
Wellington City,MANCHESTER ST,200,S, ,DANIELL ST,2654404,27/08/06,Sun,905,DB,CN1,357A 386A 410A ,S,M,D,B ,F , ,N,C,50,0,0,0,,,1749466,5424147,-41.32030316,174.7858449
Wellington City,MANCHESTER ST,500,W, ,SUTHERLAND ROAD,2652499,25/04/06,Tue,850,DA,BS1C,135A 800 ,M,S,W,O ,H , ,N,C,50,0,0,0,,,1749490,5424142,-41.32034373,174.7861328
Wellington City,MANNERS ST,15,E, ,CUBA ST,2655414,10/07/06,Mon,1615,MO,CE1M,371A ,M,R,D,O ,F , ,N,N,50,0,0,0,,,1748794,5427379,-41.29132839,174.777029
Wellington City,MANNERS ST,, ,I,TARANAKI ST,2656377,3/09/06,Sun,1429,MG,CE1B,353B 371B ,,R,D,B ,F ,X,T,R,50,0,0,0,,,1748949,5427248,-41.29247926,174.7789113
Wellington City,MANNERS ST,, ,I,TARANAKI ST,2613764,16/10/06,Mon,1228,NB,CE1E,718B ,,R,D,B ,F ,X,T,R,50,0,0,1,36,,1748949,5427248,-41.29247926,174.7789113
Wellington City,MANNERS ST,30,E, ,WILLIS ST,2654295,20/03/06,Mon,1730,NA,BW1E,370A 711B ,,R,D,O ,F , ,N,N,50,0,0,0,48,,1748618,5427598,-41.28938906,174.7748746
Wellington City,MANNERS ST,, ,I,WILLIS ST,2655187,6/10/06,Fri,1610,AC,VW1C,159A 381A ,,R,D,O ,F ,X,T,C,50,0,0,0,,,1748603,5427623,-41.28916673,174.7746894
Wellington City,MANNERS ST,, ,I,WILLIS ST,2656370,31/08/06,Thu,1400,GF,BW1C,124A 381A ,,R,D,B ,F ,X,T,C,50,0,0,0,,,1748603,5427623,-41.28916673,174.7746894
Wellington City,MANNERS ST,, ,I,WILLIS ST,2651836,6/03/06,Mon,1409,GF,4W1B,124B ,,R,D,B ,F ,X,T,C,50,0,0,0,,,1748603,5427623,-41.28916673,174.7746894
Wellington City,MANNERS ST,, ,I,WILLIS ST,2652130,22/05/06,Mon,1750,GF,BW1C,124A ,,R,D,TO,F ,X,T,C,50,0,0,0,,,1748603,5427623,-41.28916673,174.7746894
Wellington City,MANSFIELD ST,, ,I,RHODES ST,2656378,7/08/06,Mon,1100,NA,XN1,370A 383A ,,R,W,O ,H ,R,G,C,50,0,0,0,55,,1749049,5424545,-41.316797,174.7807673
Wellington City,MANSFIELD ST,20,S, ,ROY ST,2656018,21/11/06,Tue,1827,GE,CS1C,160A 929 ,,R,D,B ,F ,D,N,N,50,0,0,0,,,1749112,5424258,-41.31936932,174.78159
Wellington City,MANSFIELD ST,, ,I,ROY ST,2613782,20/12/06,Wed,2037,NO,CN1,350A 105B 711B ,,E,W,DO,H ,T,N,C,50,0,0,1,21,,1749108,5424278,-41.31918999,174.7815373
Wellington City,MARAVAL CRESCENT,50,W, ,GUADELOUPE CRESCENT,2655812,24/05/06,Wed,300,MO,XE1C,371A 385A ,M,R,D,DO,F , ,N,N,50,0,0,0,,,1752857,5436625,-41.207325,174.8232132
Wellington City,MAREWA ROAD,100,N, ,UPOKO ROAD,2655818,31/10/06,Tue,1620,EA,VN1C,353A 386A 403A ,M,R,D,BF,F , ,N, ,50,0,0,0,,,1750321,5426410,-41.29976972,174.7954965
Wellington City,MAREWA ROAD,100,N, ,UPOKO ROAD,2655548,14/09/06,Thu,830,EA,TS1C,386A ,M,M,D,B ,F , ,N, ,50,0,0,0,,,1750321,5426410,-41.29976972,174.7954965
Wellington City,MARINE PARADE,250,N, ,KAKARIKI ROAD,2656013,8/10/06,Sun,1348,DA,CN1C,501A ,M,E,D,B ,F , ,N,C,50,0,0,0,,,1752998,5424836,-41.31343762,174.8278521
Wellington City,MARION ST,50,S, ,SH 1N,2654093,14/08/06,Mon,832,MO,VS14,158A 387A ,,R,D,B ,F , ,N,C,50,0,0,0,,,1748715,5427008,-41.29468323,174.7761766
Wellington City,MARION ST,50,S, ,SH 1N,2653689,15/07/06,Sat,1240,MO,CN1C,308A 370A 300B 373B 926 ,,R,W,O ,L ,D,N,C,50,0,0,0,,,1748715,5427008,-41.29468323,174.7761766
Wellington City,MARION ST,80,N, ,SWAN LANE,2652600,5/06/06,Mon,1406,MO,CE1C,371A 372B ,,R,D,O ,F , ,N,C,50,0,0,0,,,1748745,5427074,-41.29408347,174.7765186
Wellington City,MARION ST,50,N, ,VIVIAN ST,2656272,11/08/06,Fri,1530,MO,CS1V,386A ,M,R,D,O ,F , ,N,C,50,0,0,0,,,1748715,5427008,-41.29468323,174.7761766
Wellington City,MARION ST,80,N, ,VIVIAN ST,2656263,2/08/06,Wed,1717,DB,VN1C,386A 926 ,M,R,D,TF,M ,D,N,C,50,0,0,0,,,1748727,5427035,-41.29443792,174.7763132
Wellington City,MARK AVENUE,70,S, ,CARONI WAY,2650926,4/02/06,Sat,2229,EA,CN1VC,129A 363A 423A ,MM,R,D,DO,F , ,N,C,50,0,0,0,,,1752728,5436664,-41.20699821,174.8216656
Wellington City,MARTIN SQUARE,110,E, ,TARANAKI/MARTIN SQ N,2657194,8/11/06,Wed,1500,EE,CS1T,444B 525B ,Q,R,D,B ,FS, ,N,N,50,0,0,0,,,1748793,5426703,-41.2974149,174.7771823
Wellington City,MARTIN SQUARE,90,E, ,TARANAKI/MARTIN SQS,2656686,14/08/06,Mon,1030,EA,TS1C,386A ,M,R,D,B ,F , ,N,N,50,0,0,0,,,1748781,5426676,-41.2976602,174.7770456
Wellington City,MAY ST,25,E, ,MOLESWORTH ST,2652486,27/04/06,Thu,1225,MO,TE1C,371A ,M,R,D,O ,F , ,N,N,50,0,0,0,,,1748933,5429341,-41.27363799,174.7782086
Wellington City,MEIN ST,5,W, ,COROMANDEL ST,2655912,12/12/06,Tue,1825,MO,CE1C,386A ,M,R,D,B ,F ,X,N,N,50,0,0,0,,,1749466,5425310,-41.30983225,174.7855591
Wellington City,MEIN ST,40,W, ,DANIELL ST,2652252,2/05/06,Tue,1330,BA,CE1C,125A ,,R,D,B ,F , ,N,C,50,0,0,0,,,1749091,5425230,-41.31062191,174.7811009
Wellington City,MEIN ST,, ,I,DANIELL ST,2612779,16/08/06,Wed,1550,LB,SW1C,382B ,,R,D,B ,F ,T,G,C,50,0,1,0,,36,1749130,5425238,-41.31054268,174.7815646
Wellington City,MEIN ST,, ,I,OWEN ST,2653666,30/06/06,Fri,1350,JA,CE1C,110A 378B 832 ,,R,D,O ,F ,X,G,L,50,0,0,0,,,1749300,5425272,-41.31020512,174.7835862
Wellington City,MEIN ST,30,E, ,RIDDIFORD ST,2655420,18/09/06,Mon,1530,EA,TE1C,386A ,M,R,D,O ,F , ,N,C,50,0,0,0,,,1748947,5425203,-41.31089161,174.779388
Wellington City,MEIN ST,300,E, ,RIDDIFORD ST,2656375,20/12/06,Wed,1230,JA,CE1C,308B 930 ,,R,W,O ,L ,D,N,C,50,0,0,0,,,1749212,5425254,-41.31038346,174.7825399
Wellington City,MELROSE ROAD,, ,I,SOUTHGATE ROAD,2652034,12/04/06,Wed,2020,JA,CS1C,113B 321B ,,M,D,DO,F ,T,S,C,50,0,0,0,,,1749030,5422251,-41.33745423,174.7811029
Wellington City,MERCER ST,, ,I,VICTORIA ST,2656923,16/11/06,Thu,2230,GF,BE1C,176A 372A ,,E,W,DO,L ,X,T,C,50,0,0,0,,,1748724,5427694,-41.28850521,174.7761164
Wellington City,MESSINES ROAD,, ,I,BRAITHWAITE ST,2654386,10/08/06,Thu,1133,BC,CW2C,121A 423A ,,E,D,B ,F ,T,G,C,50,0,0,0,,,1746422,5428225,-41.28414511,174.7485098
Wellington City,MIDDLETON ROAD,90,N, ,BURDENDALE GROVE,2611870,4/01/06,Wed,1800,DA,SN1C,135A 804 ,M,M,D,B ,F , ,N,C,50,0,0,1,,34,1751767,5435718,-41.21569615,174.8104436
Wellington City,MIDDLETON ROAD,100,N, ,CHURTON DRIVE,2651241,16/03/06,Thu,2336,DB,CN1,111A 130A ,G,E,D,DO,F , ,N,C,50,0,0,0,,,1751868,5436058,-41.21261605,174.8115634
Wellington City,MIDDLETON ROAD,190,N, ,GLENSIDE ROAD,2613430,4/11/06,Sat,1500,EA,SN14,410A ,M,R,D,B ,FS, ,N,C,50,0,1,0,,48,1752041,5436947,-41.20457956,174.8134049
Wellington City,MIDDLETON ROAD,40,N, ,HALSWATER DRIVE,2652010,11/04/06,Tue,2330,MO,BE1,386A 929 ,HX,R,W,DO,H ,D,N,C,50,0,0,0,,,1751907,5436631,-41.20744978,174.811886
Wellington City,MIDDLETON ROAD,100,N, ,HELSTON ROAD,2611690,3/02/06,Fri,1919,DA,BN1CC,130A 610A ,CM,E,D,O ,F , ,N,C,50,0,0,2,,,1751584,5435273,-41.21973695,174.808372
Wellington City,MIDDLETON ROAD,900,E, ,WESTCHESTER DRIVE EAST,2655025,24/08/06,Thu,2039,DB,CS1,111A 197A ,G,M,W,DN,L , ,N,L,80,0,0,0,,,1752735,5437663,-41.19800254,174.8214995
Wellington City,MINERVA ST,20,S, ,MEIN ST,2653467,20/04/06,Thu,300,EA,CN1C,386A ,Q,R,D,DO,F , ,N,N,50,0,0,0,,,1749060,5425204,-41.31086173,174.7807371
Wellington City,MIRAMAR AVENUE,, ,A,COBHAM DRIVE,2652641,22/05/06,Mon,1918,DB,CW1,111A 131A ,F,M,D,DO,F , ,N,R,50,0,0,0,,,1751637,5424734,-41.31461296,174.8116256
Wellington City,MIRAMAR AVENUE,, ,I,HOBART ST,2654434,26/08/06,Sat,1500,HA,CE1C,302A 351A ,,E,W,O ,L ,R,G,R,50,0,0,0,,,1752036,5424529,-41.3163835,174.8164415
Wellington City,MIRAMAR AVENUE,, ,I,HOBART ST,2656687,12/08/06,Sat,750,HA,CW1V,309A ,,R,D,O ,F ,R,G,C,50,0,0,0,,,1752048,5424521,-41.31645327,174.8165868
Wellington City,MIRAMAR AVENUE,, ,I,PARK ROAD,2652026,17/04/06,Mon,1920,HA,CE1C,302A ,,R,D,DO,L ,R,G,R,50,0,0,0,,,1752017,5424540,-41.31628805,174.8162119
Wellington City,MIRAMAR AVENUE,, ,I,SHELLY BAY ROAD,2652181,26/01/06,Thu,100,DC,CS2,102A 110A 358A ,C,R,D,DO,F ,T,G,C,50,0,0,0,,,1751636,5424734,-41.31461314,174.8116137
Wellington City,MIRAMAR AVENUE,, ,I,TAUHINU ROAD,2652361,14/05/06,Sun,110,JA,CE1V,103A 112A 602A ,,R,D,DO,F ,T,G,C,50,0,0,0,,,1751782,5424678,-41.31508986,174.8133711
Wellington City,MIRAMAR NORTH ROAD,100,W, ,PARK ROAD,2654091,16/06/06,Fri,750,AO,CS1V,372A ,,E,D,B ,F , ,N,C,50,0,0,0,,,1752374,5425288,-41.30948629,174.8202876
Wellington City,MITCHELL ST,80,S, ,KAREPA ST,2655553,22/09/06,Fri,1130,MG,CN1C,353B 371B ,,R,D,OF,F , ,N, ,50,0,0,0,,,1747213,5425558,-41.30801367,174.7585964
Wellington City,MOA POINT ROAD,100,W, ,BREAKER BAY ROAD,2654582,28/08/06,Mon,300,DA,CW1,111A 123A 130A ,T,M,D,DN,F , ,N,C,50,0,0,0,,,1752286,5421669,-41.3420854,174.8201437
Wellington City,MOA POINT ROAD,280,W, ,BREAKER BAY ROAD,2613693,8/04/06,Sat,1230,PA,4W1E,129A ,,E,D,B ,F , ,N,C,50,0,0,1,33,,1752129,5421686,-41.341962,174.8182638
Wellington City,MOA POINT ROAD,700,E, ,STEWART DUFF DRIVE,2653771,8/07/06,Sat,520,EA,CE1C,129A 378A 670B 861 ,M,R,W,DF,F , ,N,C,50,0,0,0,,,1751556,5421757,-41.34143075,174.8114008
Wellington City,MOA POINT ROAD,230,W, ,STEWART DUFF DRIVE,2653608,27/03/06,Mon,2130,DB,4S1,131A 817 ,G,M,W,DN,H , ,N,N,50,0,0,0,,,1751170,5422353,-41.33613734,174.8066412
Wellington City,MOA POINT ROAD,, ,I,STEWART DUFF DRIVE,2654956,4/09/06,Mon,710,AB,BE1C,157A ,,R,D,O ,F ,T,G,C,50,0,0,0,,,1751378,5422347,-41.33615232,174.8091273
Wellington City,MOLESWORTH ST,20,N, ,HAWKESTONE ST,2655400,12/10/06,Thu,1530,FA,CN1V,331A 387A 141B ,,R,D,B ,F ,X,G,C,50,0,0,0,,,1748901,5429212,-41.27480534,174.7778582
Wellington City,MOLESWORTH ST,50,N, ,HAWKESTONE ST,2652238,2/03/06,Thu,1410,MO,CS1C,371A 925 ,,R,D,OF,F ,D,N,N,50,0,0,0,,,1748903,5429242,-41.27453487,174.7778747
Wellington City,MOLESWORTH ST,15,S, ,HILL ST,2651609,27/03/06,Mon,810,AD,CN1,133A ,F,E,W,O ,L , ,N,C,50,0,0,0,,,1748888,5428957,-41.27710362,174.7777653
Wellington City,MOLESWORTH ST,50,S, ,HILL ST,2653488,6/06/06,Tue,900,EA,BN1C,386A ,M,R,D,B ,F , ,N,C,50,0,0,0,,,1748887,5428922,-41.27741893,174.777762
Wellington City,MOLESWORTH ST,, ,I,HILL ST,2656694,7/07/06,Fri,1846,AA,TN1C,386A ,,M,D,DO,F ,X,T,C,50,0,0,0,,,1748889,5428972,-41.27696838,174.7777736
Wellington City,MOLESWORTH ST,, ,I,HILL ST,2656350,14/08/06,Mon,1954,DB,CN1CC,111A 131A ,MM,R,W,DO,L ,X,G,C,50,0,0,0,,,1748889,5428972,-41.27696838,174.7777736
Wellington City,MOLESWORTH ST,, ,I,HILL ST,2655169,26/09/06,Tue,1455,HA,BN14X,322A ,,R,W,O ,L ,X,T,C,50,0,0,0,,,1748889,5428972,-41.27696838,174.7777736
Wellington City,MOLESWORTH ST,100,N, ,LITTLE PIPITEA ST,2650524,8/02/06,Wed,848,JC,4W1C,308A 926 ,,R,D,O ,F ,D,N,C,50,0,0,0,,,1748905,5429292,-41.27408433,174.7778864
Wellington City,MONORGAN ROAD,, ,I,BROADWAY,2612395,24/05/06,Wed,740,LB,SW1C,303B 375B ,,R,D,O ,F ,X,S,C,50,0,0,1,,38,1752142,5423554,-41.32514163,174.8179513
Wellington City,MOOREFIELD ROAD,50,S, ,BRODERICK ROAD,2612435,21/04/06,Fri,915,DB,CN1,133A 423A ,CET,E,D,B ,F , ,N,L,50,0,0,1,,,1751161,5434719,-41.22480397,174.8034651
Wellington City,MOOREFIELD ROAD,200,S, ,BRODERICK ROAD,2651576,4/03/06,Sat,1140,BF,CS1C,130A 501A 817 ,,E,D,O ,F , ,N,C,50,0,0,0,,,1751077,5434598,-41.22590907,174.8024934
Wellington City,MOOREFIELD ROAD,, ,I,BRODERICK ROAD,2655480,1/12/06,Fri,820,AA,CN1C,171A 372A 386A ,,R,D,BF,F ,X,T,C,50,0,0,0,,,1751177,5434767,-41.22436882,174.8036441
Wellington City,MOOREFIELD ROAD,, ,I,BRODERICK ROAD,2612629,10/07/06,Mon,1733,LB,TS1C,303B ,,R,D,TO,F ,X,T,C,50,0,0,1,,,1751177,5434767,-41.22436882,174.8036441
Wellington City,MOOREFIELD ROAD,25,N, ,FRANKMOORE AVENUE,2657142,19/12/06,Tue,1736,MA,VN1V,110A 331A 446B ,,R,D,O ,F , ,N,R,50,0,0,0,,,1751396,5435016,-41.22208602,174.8061939
Wellington City,MOOREFIELD ROAD,100,N, ,HAUMIA ST,2652611,25/05/06,Thu,1130,EA,CN1C,385A 386A ,Q,R,D,B ,F , ,N,C,50,0,0,0,,,1750946,5434301,-41.22860754,174.8010045
Wellington City,MOOREFIELD ROAD,, ,I,HAUMIA ST,2651919,2/05/06,Tue,1520,FC,CE2C,331A 353A ,,R,D,O ,F ,R,G,X,50,0,0,0,,,1750888,5434219,-41.22935664,174.8003331
Wellington City,MOOREFIELD ROAD,, ,I,HAUMIA ST,2653408,17/07/06,Mon,1505,KA,CS1C,302B ,,R,D,B ,F ,R,G,R,50,0,0,0,,,1750893,5434205,-41.22948176,174.8003962
Wellington City,MOOREFIELD ROAD,10,S, ,HELSTON ROAD,2652633,7/06/06,Wed,958,KA,VS1C,308B 927 ,,E,D,B ,F ,D,G,R,50,0,0,0,,,1751517,5435164,-41.22073087,174.8076001
Wellington City,MOOREFIELD ROAD,50,S, ,JOHNSONVILLE ROAD,2612153,10/06/06,Sat,1958,AO,CS1C,103A 386A ,,R,D,TO,F , ,N,C,50,0,0,1,,,1751442,5435046,-41.22180731,174.806735
Wellington City,MOOREFIELD ROAD,200,S, ,JOHNSONVILLE ROAD,2612700,3/07/06,Mon,1730,JA,SS1C,308B 375B 926 ,,R,W,DO,L ,D,N,C,50,0,0,1,,39,1751325,5434953,-41.22266652,174.8053629
Wellington City,MOOREFIELD ROAD,, ,I,JOHNSONVILLE ROAD,2657132,2/12/06,Sat,2145,HA,CS2C,302A ,,R,D,DO,F ,R,G,R,50,0,0,0,,,1751500,5435050,-41.22176044,174.8074257
Wellington City,MOOREFIELD ROAD,, ,I,JOHNSONVILLE ROAD,2612579,9/08/06,Wed,935,LB,VN2S,302A 375A ,,R,W,O ,L ,R,G,R,50,0,0,1,,14,1751500,5435050,-41.22176044,174.8074257