TLA NAME,CRASH ROAD,CRASH DIST,CRASH DIRN,INTSN,SIDE ROAD,CRASH ID,CRASH DATE,CRASH DOW,CRASH TIME,MVMT,VEHICLES,CAUSES,OBJECTS STRUCK,ROAD CURVE,ROAD WET,LIGHT,WTHRa,JUNC TYPE,TRAF CTRL,ROAD MARK,SPD LIM,CRASH FATAL CNT,CRASH SEV CNT,CRASH MIN CNT,PERS AGE1,PERS AGE2,EASTING,NORTHING,latitude,longitude
Wellington City,MOOREFIELD ROAD,, ,I,JOHNSONVILLE ROAD,2611682,13/04/06,Thu,1110,FB,CW1C,331A ,,E,D,B ,F ,R,G,R,50,0,0,1,,,1751503,5435087,-41.22142676,174.8074523
Wellington City,MOOREFIELD ROAD,20,S, ,WANAKA ST,2651229,23/03/06,Thu,700,EA,CN1C,129A 358A ,M,R,D,O ,F , ,N,C,50,0,0,0,,,1751254,5434885,-41.22329203,174.8045331
Wellington City,MORTIMER TERRACE,80,W, ,DURHAM CRESCENT,2655475,16/09/06,Sat,527,MO,CE1V,512A 514A 517A ,FP,M,D,DO,F , ,N,N,50,0,0,0,,,1747697,5426751,-41.29718405,174.764086
Wellington City,MORTIMER TERRACE,70,S, ,DURHAM ST,2654411,24/04/06,Mon,1750,MG,CS1C,,M,R,D,DO,F , ,N,N,50,0,0,0,,,1747601,5426627,-41.29831805,174.76297
Wellington City,MORTIMER TERRACE,120,N, ,LAURA AVENUE,2656926,2/12/06,Sat,14,EA,CN1C,386A ,M,M,D,DO,F , ,N,N,50,0,0,0,,,1747568,5426489,-41.29956657,174.7626095
Wellington City,MOUNT ALBERT ROAD,110,N, ,VOLGA ST,2653373,12/06/06,Mon,2215,DA,4N1,651A 652A ,C,M,D,DO,F , ,N,C,50,0,0,0,,,1748890,5423283,-41.32818863,174.7791776
Wellington City,MOUNT ALBERT ROAD,120,N, ,VOLGA ST,2612609,5/08/06,Sat,1202,BC,4S1C,111A 121A ,,S,D,B ,F , ,N,C,50,0,0,1,,,1748890,5423293,-41.3280986,174.7791751
Wellington City,MOXHAM AVENUE,20,S, ,TAPIRI ST,2657213,12/12/06,Tue,1429,CA,CN1CC,501A ,MM,R,D,B ,F , ,N,C,50,0,0,0,,,1750128,5425700,-41.30619802,174.7933675
Wellington City,MOXHAM AVENUE,10,N, ,TAURIMA ST,2612626,17/07/06,Mon,2330,NB,CN1E,306A 355A ,,R,D,DO,F ,T,N,X,50,0,0,1,19,,1750180,5425884,-41.30453173,174.793943
Wellington City,MOXHAM AVENUE,20,S, ,TAURIMA ST,2654125,24/07/06,Mon,1740,EA,BN1C,386A ,M,R,D,TO,F , , ,C,50,0,0,0,,,1750171,5425856,-41.3047855,174.7938424
Wellington City,MOXHAM AVENUE,, ,I,TAURIMA ST,2657039,30/11/06,Thu,2200,EA,BS1V,386A ,M,R,W,DO,L ,T,G,N,50,0,0,0,,,1750176,5425875,-41.30461351,174.7938974
Wellington City,MOXHAM AVENUE,20,S, ,WAITOA ROAD,2653479,14/06/06,Wed,1546,QO,VS1,425A ,PX,E,D,B ,F ,T,N,X,50,0,0,0,,,1750196,5425918,-41.30422264,174.7941256
Wellington City,MULGRAVE ST,20,S, ,AITKEN ST,2652127,17/05/06,Wed,1400,EA,CS1V,129A ,M,R,D,O ,F , ,N,C,50,0,0,0,,,1749063,5428943,-41.27719739,174.7798574
Wellington City,MULGRAVE ST,30,S, ,AITKEN ST,2654490,6/09/06,Wed,1410,EA,TN1C,386A ,M,R,D,O ,F , ,N,C,50,0,0,0,,,1749062,5428933,-41.27728761,174.7798479
Wellington City,MURPHY ST,30,S, ,TURNBULL ST,2654474,25/08/06,Fri,1445,AA,CS1V,372A 925 ,,R,D,B ,  ,D,N,N,50,0,0,0,,,1749008,5429256,-41.27438946,174.7791244
Wellington City,MURPHY ST,50,S, ,TURNBULL ST,2655353,5/10/06,Thu,1010,GC,CS1X,372A 671A 925 ,,R,D,O ,F ,D,N,C,50,0,0,0,,,1749015,5429237,-41.27455923,174.7792126
Wellington City,MYSORE ST,10,W, ,COCKAYNE ROAD,2655945,6/10/06,Fri,900,MO,CW1C,371A 386A 929 ,M,R,D,O ,F ,D,N,C,50,0,0,0,,,1749580,5431754,-41.25179313,174.7853379
Wellington City,NAIRN ST,50,S, ,BROOKLYN ROAD,2654085,30/05/06,Tue,2359,MO,CE1C,371A 929 ,M,R,D,DO,F ,D,N,C,50,0,0,0,,,1748194,5426686,-41.29767817,174.7700353
Wellington City,NAIRN ST,, ,I,MCALPINE AVENUE,2611868,13/05/06,Sat,1750,GE,CS1CCC,157A 387A ,MM,R,D,TF,F ,T,N,N,50,0,0,1,,,1748203,5426492,-41.29942319,174.7701899
Wellington City,NAIRN ST,50,S, ,WILLIS ST,2611930,1/03/06,Wed,1750,NA,CN1K,711B 727B ,,R,D,B ,F , ,N,C,50,0,0,1,10,,1748194,5426686,-41.29767817,174.7700353
Wellington City,NETHER GREEN CRESCENT,50,N, ,ERRIS ST,2652129,20/05/06,Sat,1515,QD,CN1C,428A ,M,E,D,B ,F , ,N,N,50,0,0,0,,,1750616,5435607,-41.21691054,174.796747
Wellington City,NEVAY ROAD,500,N, ,AWA ROAD,2657016,29/12/06,Fri,1255,BB,BS1C,123A 386A 434A ,,S,D,BF,F , ,N,C,50,0,0,0,,,1753106,5425405,-41.30829433,174.8289985
Wellington City,NEWLANDS OFF NBD,50,W, ,NEWLANDS ON NBD,2612713,6/08/06,Sun,1545,DA,4N1,131A ,,M,W,O ,L , ,N,C,80,0,0,1,,,1751489,5433882,-41.23227846,174.8075842
Wellington City,NEWLANDS OFF NBD,50,W, ,NEWLANDS ON NBD,2651839,18/01/06,Wed,1950,EO,CN1T,111A 121A ,M,M,W,TF,L , ,N,P,50,0,0,0,,,1751489,5433882,-41.23227846,174.8075842
Wellington City,NEWLANDS OFF NBD,70,W, ,NEWLANDS ON NBD,2611400,8/02/06,Wed,2345,DA,CN1,111A 135A 810 ,G,M,W,DO,F , ,N,C,80,0,0,1,,,1751477,5433866,-41.23242476,174.807445
Wellington City,NEWLANDS OFF NBD,70,W, ,NEWLANDS ON NBD,2611071,2/01/06,Mon,1121,DA,CN1,135A ,T,M,W,O ,H , ,N,C,80,0,0,1,,,1751477,5433866,-41.23242476,174.807445
Wellington City,NEWLANDS OFF SBD,150,S, ,SH 1N,2651259,31/03/06,Fri,1400,EO,TS1,686A ,B,E,D,B ,F , ,N,N,100,0,0,0,,,1751690,5434156,-41.22977387,174.8099133
Wellington City,NEWLANDS ON SBD,, ,I,NEWLANDS LOOP,2652684,25/05/06,Thu,15,KB,CS1T,302B 335B ,,E,D,DO,F ,Y,G,N,50,0,0,0,,,1751778,5433946,-41.23164807,174.811015
Wellington City,NEWLANDS ON SBD,30,S, ,NEWLANDS ROAD,2650407,10/01/06,Tue,1205,DB,TS1,136A 610A ,,E,D,B ,F , ,N,N,50,0,0,0,,,1751825,5433964,-41.23147719,174.8115711
Wellington City,NEWLANDS ROAD,, ,I,BRACKEN ROAD,2654095,16/08/06,Wed,2020,JA,CE1C,101B 302B ,,M,D,DF,F ,R,G,R,50,0,0,0,,,1752868,5434842,-41.22337586,174.8237903
Wellington City,NEWLANDS ROAD,, ,I,BRACKEN ROAD,2653967,31/07/06,Mon,740,KA,CE1T,302B 375B ,,R,W,TF,F ,R,G,R,50,0,0,0,,,1752868,5434842,-41.22337586,174.8237903
Wellington City,NEWLANDS ROAD,200,W, ,HOROKIWI ROAD WEST,2655925,2/12/06,Sat,855,FF,MW1C,331A 911 ,,R,D,B ,F , ,N,C,50,0,0,0,,,1752675,5434762,-41.22413256,174.8215089
Wellington City,NEWLANDS ROAD,100,E, ,HURRING PLACE,2652616,15/05/06,Mon,1830,MC,CE1C,372B 402B ,,E,W,DO,L , ,N,C,50,0,0,0,,,1752035,5434016,-41.23096958,174.8140626
Wellington City,NEWLANDS ROAD,80,W, ,HURRING PLACE,2654372,23/06/06,Fri,1930,EA,CE1B,441B 606B 801 ,M,E,W,DO,H , , ,L,50,0,0,0,,,1751865,5433973,-41.23138865,174.8120459
Wellington City,NEWLANDS ROAD,100,E, ,NEWLANDS OFF SBD,2657158,12/09/06,Tue,1715,EA,CE1C,358A ,M,R,D,DF,F , ,N,C,50,0,0,0,,,1751953,5433976,-41.23134512,174.8130946
Wellington City,NEWLANDS ROAD,300,E, ,NEWLANDS ON SBD,2612628,3/08/06,Thu,740,FD,CW1C,331A ,,R,W,O ,F , ,N,C,50,0,0,1,,,1752127,5434071,-41.2304571,174.8151461
Wellington City,NEWLANDS ROAD,100,W, ,WAKELY ROAD,2656478,22/11/06,Wed,2350,DA,CN1C,111A 131A ,M,M,D,DO,F , ,N,C,50,0,0,0,,,1752268,5434121,-41.2299804,174.8168152
Wellington City,NEWLANDS ROAD,, ,I,WAKELY ROAD,2655277,4/09/06,Mon,700,DA,CE1,132A 400A ,CK,E,W,O ,L ,T,G,C,50,0,0,0,,,1752367,5434126,-41.22991674,174.8179947
Wellington City,NEWLANDS ROAD,, ,I,WAKELY ROAD,2655090,18/08/06,Fri,1057,BC,CE1C,121A 352A ,,S,D,B ,F ,Y,N,L,50,0,0,0,,,1752367,5434126,-41.22991674,174.8179947
Wellington City,NEWLANDS ROAD,, ,I,WAKELY ROAD,2656190,11/11/06,Sat,1200,LA,TS1C,123A 403A ,,M,D,B ,F ,T,G,C,50,0,0,0,,,1752367,5434126,-41.22991674,174.8179947
Wellington City,NEWTOWN AVENUE,10,W, ,DANIELL ST,2653654,2/07/06,Sun,32,EA,VE1C,386A ,M,R,D,DO,F ,T,N,C,50,0,0,0,,,1749196,5424867,-41.31387073,174.7824437
Wellington City,NEWTOWN AVENUE,10,E, ,RIDDIFORD ST,2654858,22/08/06,Tue,1710,MO,VE1C,386A ,M,R,D,B ,F ,T,G,C,50,0,0,0,,,1749002,5424826,-41.31427573,174.7801371
Wellington City,NEWTOWN AVENUE,15,E, ,RIDDIFORD ST,2651553,24/03/06,Fri,1930,EE,CW1C,103A 386A 663B ,Q,R,D,TF,F , ,N,N,50,0,0,0,,,1749007,5424827,-41.3142658,174.7801966
Wellington City,NEWTOWN AVENUE,15,E, ,RIDDIFORD ST,2656554,5/11/06,Sun,1028,EA,VW1C,129A 443B ,M,R,D,B ,F ,T,N,N,50,0,0,0,,,1749007,5424827,-41.3142658,174.7801966
Wellington City,NEWTOWN AVENUE,30,E, ,RIDDIFORD ST,2652253,7/04/06,Fri,1230,EA,CW1C,129A ,M,R,D,B ,F , ,N,C,50,0,0,0,,,1749021,5424830,-41.31423621,174.780363
Wellington City,NEWTOWN AVENUE,, ,I,RIDDIFORD ST,2656245,24/08/06,Thu,1300,NA,CW1E,434A 510A ,,R,D,B ,F ,T,N,N,50,0,0,0,,,1748992,5424824,-41.31429558,174.7800182
Wellington City,NGAIO GORGE ROAD,200,E, ,PERTH ST,2652227,3/05/06,Wed,1030,MO,TW1C,371A 386A ,M,E,D,O ,F , ,N,L,50,0,0,0,,,1748579,5431172,-41.25721779,174.7735376
Wellington City,NGAURANGA ON NBD,, ,I,CENTENNIAL NBD,2652318,15/04/06,Sat,1515,AC,CN1C,386A ,,M,D,O ,F ,M,T,C,100,0,0,0,,,1751936,5432198,-41.24735626,174.8133344
Wellington City,NGAURANGA ON NBD,100,S, ,CENTENNIAL SBD,2613804,22/12/06,Fri,30,DA,CS1,103A 111A ,B,M,D,DO,F , ,N,N,100,0,0,1,,,1752006,5432132,-41.24793732,174.8141859
Wellington City,NGAURANGA ON NBD,30,S, ,SH 2,2654606,29/05/06,Mon,1130,FD,TS1V,181A ,,E,D,O ,F , ,N,N,100,0,0,0,,,1752224,5432365,-41.24579853,174.8167284
Wellington City,NICHOLSON ROAD,20,W, ,EVEREST ST,2654625,5/08/06,Sat,2210,EA,CN1C,103A ,M,E,D,DO,F , ,N,N,50,0,0,0,,,1750090,5432026,-41.24924966,174.7913554
Wellington City,NORMANBY ST,50,W, ,DANIELL ST,2611910,27/03/06,Mon,1755,NA,CW1E,712B ,,R,D,TF,F , ,N,N,50,0,0,1,12,,1749171,5424791,-41.31455961,174.7821638
Wellington City,NORMANBY ST,30,E, ,RIDDIFORD ST,2652280,18/04/06,Tue,1623,MD,CW1V,371B 927 ,,R,D,B ,F ,D,N,N,50,0,0,0,,,1749035,5424763,-41.31483685,174.7805466
Wellington City,NORMANBY ST,30,E, ,RIDDIFORD ST,2656790,21/12/06,Thu,1328,JA,CE1C,308B 926 ,,R,D,B ,F ,D,N,N,50,0,0,0,,,1749035,5424763,-41.31483685,174.7805466
Wellington City,NORNA CRESCENT,25,W, ,RAROA ROAD,2655618,24/10/06,Tue,1250,BC,CE1C,111A ,,S,W,O ,L ,T,G,N,50,0,0,0,,,1747212,5427553,-41.29005184,174.7581019
Wellington City,NORTHLAND ROAD,20,E, ,GOVERNOR ROAD,2651601,24/03/06,Fri,1944,MO,CE1C,440A 371B ,M,R,W,DO,L , ,N,C,50,0,0,0,,,1747154,5428304,-41.28330075,174.757228
Wellington City,NORTHLAND ROAD,15,E, ,WOBURN ROAD,2613512,17/11/06,Fri,1525,FA,VS1T,331A ,,E,W,O ,L , ,N,C,50,0,0,1,,,1747262,5428484,-41.28166042,174.7584736
Wellington City,OHARIU VALLEY ROAD,810,E, ,RIFLE RANGE ROAD,2654900,30/06/06,Fri,2200,DA,CW1,103A ,EF,M,D,DN,F , ,N,C,50,0,0,0,,,1749146,5435975,-41.21386947,174.7791293
Wellington City,OHARIU VALLEY ROAD,1100,E, ,RIFLE RANGE ROAD,2657180,13/12/06,Wed,1415,BF,BE1C,385A 386A 434A ,Q,M,D,B ,F , ,N,C,100,0,0,0,,,1749349,5436118,-41.21254453,174.7815148
Wellington City,OHIRO ROAD,25,S, ,ARO ST,2613129,17/08/06,Thu,2027,PO,CN1E,720B ,,M,D,DO,F , ,N,C,50,0,0,1,44,,1748146,5426861,-41.29611138,174.7694196
Wellington City,OHIRO ROAD,30,S, ,ARO ST,2651323,21/02/06,Tue,1900,EA,VN1C,102A 386A ,M,R,D,TO,F ,T,N,C,50,0,0,0,,,1748142,5426857,-41.29614812,174.7693728
Wellington City,OHIRO ROAD,150,S, ,ARO ST,2655558,31/10/06,Tue,1545,BD,CS1C,120A 378A 818 831 ,,M,D,B ,F , ,N,C,50,0,0,0,,,1748105,5426747,-41.2971453,174.7689579
Wellington City,OHIRO ROAD,200,S, ,ARO ST,2657072,1/07/06,Sat,113,MD,VN1V,103B 371B 929 ,,R,W,DO,F ,D,N,N,50,0,0,0,,,1748073,5426713,-41.29745729,174.7685841
Wellington City,OHIRO ROAD,, ,I,BORLASE ST,2655640,1/10/06,Sun,156,EA,CN1C4,129A 363A ,M,R,D,DO,F ,T,N,C,50,0,0,0,,,1747490,5425151,-41.3116275,174.7620026
Wellington City,OHIRO ROAD,700,N, ,BROOKLYN ROAD,2655636,3/11/06,Fri,27,DA,CN1,111A 132A ,C,M,D,DO,F , ,N,C,50,0,0,0,,,1748045,5426707,-41.29751644,174.7682513
Wellington City,OHIRO ROAD,50,S, ,HELEN ST,2656194,24/10/06,Tue,703,MD,VS1C,308B 370B 929 ,,M,W,O ,F ,D,N,C,50,0,0,0,,,1747653,5426053,-41.30347654,174.7637301
Wellington City,OHIRO ROAD,60,E, ,MAARAMA CRESCENT,2651322,21/02/06,Tue,1858,BC,VN1C,102A 121A ,,E,D,TO,F , ,N,C,50,0,0,0,,,1748093,5426724,-41.29735458,174.7688202
Wellington City,OHIRO ROAD,500,S, ,MAARAMA CRESCENT,2611301,6/02/06,Mon,340,DA,CS1,130A 412A ,P,M,D,DO,F , ,N,C,50,0,0,2,,,1747763,5426313,-41.3011155,174.7649803
Wellington City,OHIRO ROAD,, ,I,MCKINLEY CRESCENT,2656905,28/12/06,Thu,1349,DA,4W2,121A 133A ,P,E,D,B ,F ,T,G,C,50,0,0,0,,,1747596,5425718,-41.30650314,174.7631308
Wellington City,OHIRO ROAD,15,S, ,TAFT ST,2611907,27/01/06,Fri,1835,NA,CN1E,105B 711B ,,R,D,B ,F , ,N,C,50,0,0,1,15,,1747548,5425463,-41.30880781,174.7626195
Wellington City,OHIRO ROAD,120,S, ,TANERA CRESCENT,2653782,4/08/06,Fri,2230,DB,VN1,103A 111A ,ET,M,D,DO,F , ,N,C,50,0,0,0,,,1747733,5426237,-41.30180526,174.7646406
Wellington City,OHIRO ROAD,50,N, ,TODMAN ST,2657126,27/12/06,Wed,500,EC,CN1CCC,129A 631A ,MMM,R,W,DO,L , ,N,N,50,0,0,0,,,1747618,5425894,-41.3049145,174.7633507
Wellington City,OHIRO ROAD,, ,I,TODMAN ST,2652075,7/04/06,Fri,1815,LB,CN1C,303B 375B ,,R,D,DO,F ,X,T,C,50,0,0,0,,,1747614,5425844,-41.30536541,174.7633151
Wellington City,OLD KARORI ROAD,10,N, ,CHAYTOR ST,2655624,12/08/06,Sat,1920,GD,CN1C,103A 181A 929 ,,E,D,DO,F ,D,T,N,50,0,0,0,,,1746647,5428587,-41.28084498,174.7511083
Wellington City,OMEGA ST,, ,I,BLACK ROCK ROAD,2654656,14/08/06,Mon,1940,BB,TW1C,300A 370A 671A ,P,E,W,O ,F ,T,G,N,50,0,0,0,,,1752613,5434000,-41.23100479,174.8209599
Wellington City,ONEPU ROAD,15,N, ,RESOLUTION ST,2612139,27/04/06,Thu,1827,EE,SS1C,374B ,Q,R,D,DO,F , ,N,C,50,0,0,1,,47,1750256,5423713,-41.32406378,174.7953868
Wellington City,ONSLOW ROAD,140,S, ,HOMEBUSH ROAD,2613224,28/09/06,Thu,831,DA,CW1,131A 632A ,EFT,M,W,O ,M , ,N,C,50,0,0,1,,,1751173,5431708,-41.25191094,174.8043539
Wellington City,ONSLOW ROAD,200,N, ,HUTT ROAD,2654290,3/08/06,Thu,2130,DB,CN1C,111A 131A ,M,M,W,DO,L , ,N,C,50,0,0,0,,,1750943,5431562,-41.25326841,174.8016461
Wellington City,ONSLOW ROAD,1000,N, ,HUTT ROAD,2655351,9/07/06,Sun,2000,DA,CN1,103A 133A 135A 801 ,C,S,W,DO,L , ,N,N,50,0,0,0,,,1751181,5431837,-41.25074801,174.8044174
Wellington City,ONSLOW ROAD,1000,W, ,HUTT ROAD,2654347,11/08/06,Fri,35,DA,CN1,402A ,C,S,W,DO,F , , ,C,50,0,0,0,,,1751181,5431837,-41.25074801,174.8044174
Wellington City,ORANGI KAUPAPA ROAD,200,E, ,NORTHLAND ROAD,2656691,16/07/06,Sun,800,EA,TS1C,111A 818 ,M,E,W,O ,F , ,N,N,50,0,0,0,,,1747646,5428643,-41.28015874,174.7630184
Wellington City,ORDLEY GROVE,220,W, ,VICTORY CRESCENT,2612014,23/04/06,Sun,1703,CO,CN1CC,133A 427A ,M,R,D,TF,F , ,N,N,50,0,0,1,,,1752917,5441804,-41.16068516,174.8226348
Wellington City,ORIENTAL PARADE,30,E, ,BARING ST,2613115,29/09/06,Fri,825,EE,SW1V,374B ,M,R,D,B ,F , ,N,P,50,0,0,1,,44,1750318,5427372,-41.29110906,174.7952232
Wellington City,ORIENTAL PARADE,, ,I,CABLE ST,2613201,11/08/06,Fri,1348,KB,SS1X,300A ,,E,D,O ,F ,T,T,R,50,0,0,1,,46,1749487,5427226,-41.29257788,174.7853391
Wellington City,ORIENTAL PARADE,200,E, ,CARLTON GORE ROAD,2652762,2/06/06,Fri,1600,CB,CE14V,501A ,M,R,D,O ,F , ,N,P,50,0,0,0,,,1750873,5427810,-41.28706207,174.8017398
Wellington City,ORIENTAL PARADE,320,E, ,CARLTON GORE ROAD,2612359,9/05/06,Tue,930,DA,TE1,111A 682A ,,S,D,B ,F , ,N,C,50,0,0,1,,,1750961,5427881,-41.28640638,174.8027726
Wellington City,ORIENTAL PARADE,350,N, ,CARLTON GORE ROAD,2612279,27/05/06,Sat,5,BF,CW1C,111A 135A 351A 801 901 ,F,S,W,DO,H , ,N,C,50,0,1,2,,,1750982,5427901,-41.28622239,174.8030183
Wellington City,ORIENTAL PARADE,100,S, ,CARLTON GORE ROAD,2651055,15/02/06,Wed,1350,FD,TS1CX,181A 181B ,,R,D,B ,F , ,N,P,50,0,0,0,,,1750623,5427651,-41.28854028,174.798795
Wellington City,ORIENTAL PARADE,200,W, ,CARLTON GORE ROAD,2652196,27/04/06,Thu,1115,FD,TE1C,181A ,,R,D,B ,F , ,N,C,50,0,0,0,,,1750537,5427599,-41.2890245,174.7977813
Wellington City,ORIENTAL PARADE,400,W, ,CARLTON GORE ROAD,2613184,9/10/06,Mon,835,LB,SW1C,303B 353B 929 ,,R,W,O ,L ,D,N,C,50,0,0,1,,41,1750440,5427433,-41.29053713,174.7966644
Wellington City,ORIENTAL PARADE,120,N, ,GRASS ST,2650424,14/01/06,Sat,1930,FA,CN1C,331A ,,E,D,B ,F , ,N,P,50,0,0,0,,,1750477,5427503,-41.2899,174.7970888
Wellington City,ORIENTAL PARADE,50,E, ,HAY ST,2652410,13/05/06,Sat,1300,FD,CE1CC,331A 423A ,,R,D,B ,F , ,N,P,50,0,0,0,,,1750318,5427372,-41.29110906,174.7952232
Wellington City,ORIENTAL PARADE,, ,I,HAY ST,2652723,18/03/06,Sat,145,MO,CE1CC,103A 372A 514A ,M,E,D,DO,F ,T,N,C,50,0,0,0,,,1750269,5427361,-41.29121722,174.7946409
Wellington City,ORIENTAL PARADE,30,E, ,HERD ST,2656376,19/07/06,Wed,1430,MO,CE1C,387A 371B ,,R,W,O ,L , ,N,C,50,0,0,0,,,1749620,5427316,-41.29174293,174.7869047
Wellington City,ORIENTAL PARADE,50,N, ,HERD ST,2656931,31/12/06,Sun,2020,MA,CN1C,373A ,,R,W,TO,L , ,N,P,50,0,0,0,,,1749640,5427318,-41.29172122,174.787143
Wellington City,ORIENTAL PARADE,, ,I,HERD ST,2613485,11/11/06,Sat,1645,JA,CE1C,302B 386B ,,R,D,B ,F ,T,G,C,50,0,0,1,,,1749590,5427314,-41.2917665,174.7865471
Wellington City,ORIENTAL PARADE,50,N, ,KENT TERRACE,2612816,8/09/06,Fri,1715,EA,CS1B,350A 386A ,M,R,D,O ,F , ,N,C,50,0,0,1,,,1749467,5427198,-41.29283368,174.7851073
Wellington City,ORIENTAL PARADE,300,W, ,ORIENTAL TERRACE,2655499,18/06/06,Sun,4,MO,CW1C,101A 372A ,M,R,D,DO,F , ,N,C,50,0,0,0,,,1749900,5427393,-41.29099772,174.7902282
Wellington City,OSWALD CRESCENT,130,N, ,BRACKEN ROAD,2652871,7/06/06,Wed,1715,MC,CN1C,372B 378B 839 929 ,,R,D,DO,F ,D,N,N,50,0,0,0,,,1752923,5435084,-41.22118666,174.8243856
Wellington City,OTTAWA ROAD,15,N, ,AWARUA ST,2656938,4/10/06,Wed,1908,FD,4N1CC,181A ,,R,D,O ,F ,T,N,C,50,0,0,0,,,1748725,5432252,-41.24746714,174.7750162
Wellington City,OTTAWA ROAD,, ,I,AWARUA ST,2651692,26/04/06,Wed,700,JA,SN1C,302B 375B ,,R,D,O ,F ,R,G,R,50,0,0,0,,32,1748698,5432243,-41.24755314,174.7746963
Wellington City,OVERTOUN TERRACE,150,N, ,BUSACO ROAD,2612491,10/08/06,Thu,745,QA,CS1,521A ,P,E,D,O ,F , ,N,N,50,0,1,0,,,1750318,5425302,-41.30974597,174.7957345
Wellington City,OWHIRO BAY PARADE,60,E, ,HAPPY VALLEY ROAD,2613415,5/12/06,Tue,2211,PO,CE1E,386A 105B ,,R,D,DO,F , ,N,C,50,0,0,1,39,,1747217,5421455,-41.34495419,174.759638
Wellington City,OWHIRO BAY PARADE,200,W, ,HAPPY VALLEY ROAD,2650077,5/01/06,Thu,134,EA,VE1C,363A ,M,E,D,DO,F , ,N,C,50,0,0,0,,,1747006,5421451,-41.34502873,174.7571181
Wellington City,OWHIRO BAY PARADE,, ,I,HAPPY VALLEY ROAD,2654635,26/08/06,Sat,210,DC,CS1,194A ,G,E,D,DN,F ,T,N,N,50,0,0,0,,,1747184,5421504,-41.34451905,174.7592319
Wellington City,OXFORD ST,, ,I,CAMBRIDGE ST,2655593,28/09/06,Thu,1120,GB,CN1S,175A 873 ,,E,D,B ,F ,Y,G,L,50,0,0,0,,19,1753253,5440731,-41.17028237,174.826906
Wellington City,PADNELL CRESCENT,10,N, ,PELOROUS ST,2653769,19/06/06,Mon,1700,MO,CE1C,371A 440B 929 ,,R,D,TF,F ,D,N,C,50,0,0,0,,,1752417,5435158,-41.22061588,174.8183335
Wellington City,PADNELL CRESCENT,30,N, ,PELOROUS ST,2654385,9/09/06,Sat,13,DA,CN1C,103A 121A ,M,E,D,DO,F , , ,C,50,0,0,0,,,1752433,5435170,-41.22050483,174.8185212
Wellington City,PALLISER ROAD,200,E, ,BAYVIEW TERRACE,2655328,3/10/06,Tue,1615,BC,CW1V,111A 121A ,,S,D,O ,F , ,N,C,50,0,0,0,,,1750155,5427003,-41.29446164,174.7933684
Wellington City,PALM GROVE,60,W, ,ADELAIDE ROAD,2650356,17/01/06,Tue,1945,JA,CW1C,308B 929 ,,R,D,TF,F ,D,N,N,50,0,0,0,,,1748526,5424254,-41.31951347,174.7745927
Wellington City,PANAMA ST,30,E, ,LAMBTON QUAY,2657209,27/11/06,Mon,1800,EA,XE1C,386A ,M,R,D,O ,F , ,N,N,50,0,0,0,,,1748706,5428215,-41.28381772,174.7757743
Wellington City,PANAMA ST,, ,I,LAMBTON QUAY,2652156,16/03/06,Thu,2040,DB,MS2,131A ,J,E,D,DO,F ,T,N,N,50,0,0,0,,,1748679,5428227,-41.28371465,174.7754491
Wellington City,PARA ST,50,N, ,REX ST,2612635,14/06/06,Wed,850,EA,CN1C,363A 902 ,M,R,D,B ,F , ,N,P,50,0,0,2,,,1752535,5424866,-41.31325521,174.8223159
Wellington City,PARA ST,, ,I,REX ST,2657013,17/11/06,Fri,1727,LB,CN1C,303B 402B ,,R,W,O ,LS,T,G,P,50,0,0,0,,,1752495,5424836,-41.31353287,174.8218457
Wellington City,PARK ROAD,2,S, ,BYRON ST,2651316,26/04/06,Wed,845,EC,CS1,336A 402A ,S,R,D,O ,F ,T,P,X,50,0,0,0,,,1752145,5424747,-41.31440025,174.8176886
Wellington City,PARK ROAD,10,N, ,MIRAMAR AVENUE,2655904,22/08/06,Tue,1915,MA,CS1C,373B ,,R,D,TO,F ,M,N,C,50,0,0,0,,,1752023,5424548,-41.31621489,174.8162815
Wellington City,PARK ROAD,, ,I,MIRAMAR AVENUE,2613261,6/08/06,Sun,1813,HA,CE2C,302A ,,R,W,DO,L ,R,G,R,50,0,0,1,,,1752036,5424529,-41.3163835,174.8164415
Wellington City,PARK ROAD,, ,I,MIRAMAR AVENUE,2613569,5/07/06,Wed,725,NA,TN1E,306A 376A ,,R,W,TO,H ,T,N,X,50,0,0,1,30,,1752017,5424540,-41.31628805,174.8162119
Wellington City,PARK ROAD,100,S, ,REVANS ST,2611913,15/03/06,Wed,1500,JA,VN1C,308B 926 ,,R,D,B ,F ,D,N,C,50,0,0,1,,,1752531,5425500,-41.30754795,174.8221091
Wellington City,PARK ROAD,90,S, ,WHANGANUI ST,2655476,25/10/06,Wed,825,JA,CN1C,308B 378B 839 929 ,,R,D,O ,F ,D,N,C,50,0,0,0,,,1752513,5425439,-41.30810054,174.8219095
Wellington City,PARKVALE ROAD,50,N, ,KARORI ROAD,2655723,12/10/06,Thu,1600,MA,CS1V,371B ,,R,D,B ,F , ,N,C,50,0,0,0,,,1745490,5428230,-41.28426856,174.737384
Wellington City,PARKVALE ROAD,, ,I,KARORI ROAD,2652135,6/05/06,Sat,1730,FB,CS1C,181A ,,R,D,O ,F ,T,G,R,50,0,0,0,,,1745507,5428183,-41.28468867,174.7375981
Wellington City,PEMBROKE ROAD,90,E, ,MONMOUTH WAY,2613284,2/10/06,Mon,1100,DB,CS1,111A 402A ,FHP,S,W,O ,L , ,N,C,50,0,0,1,,,1747703,5429723,-41.2704245,174.7634369