TLA NAME,CRASH ROAD,CRASH DIST,CRASH DIRN,INTSN,SIDE ROAD,CRASH ID,CRASH DATE,CRASH DOW,CRASH TIME,MVMT,VEHICLES,CAUSES,OBJECTS STRUCK,ROAD CURVE,ROAD WET,LIGHT,WTHRa,JUNC TYPE,TRAF CTRL,ROAD MARK,SPD LIM,CRASH FATAL CNT,CRASH SEV CNT,CRASH MIN CNT,PERS AGE1,PERS AGE2,EASTING,NORTHING,latitude,longitude
Wellington City,PETER BUTTON PLACE,10,E, ,CUNLIFFE ST,2656739,29/12/06,Fri,2130,CB,CE1C,103A 386A ,M,R,D,DF,F ,T,N,N,50,0,0,0,,,1751094,5435834,-41.21477766,174.8023904
Wellington City,PHILLIP ST,100,N, ,BRODERICK ROAD,2651482,11/02/06,Sat,1500,EA,CN1C,129A ,M,R,D,B ,F , ,N,C,50,0,0,0,,,1751004,5434887,-41.22332071,174.8015514
Wellington City,PHILLIP ST,, ,I,BRODERICK ROAD,2654111,14/02/06,Tue,1730,MG,CS1C,402B ,,R,W,O ,L ,T,G,C,50,0,0,0,,,1750985,5434789,-41.22420659,174.801349
Wellington City,PHILLIP ST,, ,I,SLIP,2612842,14/09/06,Thu,835,NA,CS1E,350A 370A 710B ,,R,D,B ,F ,T,G,R,50,0,0,1,13,,1750989,5434819,-41.22393574,174.8013893
Wellington City,PIPITEA ST,150,W, ,MULGRAVE ST,2654431,16/06/06,Fri,1413,EA,TW1X,386A ,M,R,D,O ,F , ,N,N,50,0,0,0,,,1748911,5429138,-41.27546975,174.7779956
Wellington City,PIRIE ST,80,E, ,KENT TERRACE,2656227,13/11/06,Mon,1220,EA,TW1CC,386A ,MM,R,D,B ,F , ,N,C,50,0,0,0,,,1749294,5426690,-41.29743942,174.7831666
Wellington City,PLUNKET ST,, ,I,UPLAND ROAD,2652715,12/06/06,Mon,900,JA,XN24,112B 302B ,,R,W,O ,H ,T,G,C,50,0,0,0,,,1747520,5427696,-41.28870811,174.7617439
Wellington City,POLLEN ST,, ,I,TARAWERA ROAD,2657064,2/10/06,Mon,1515,MG,CS1T,371B ,,E,D,B ,F ,T,N,C,50,0,0,0,,,1751409,5434163,-41.22976349,174.8065604
Wellington City,PORT ST,30,S, ,STAFFORD ST,2652122,28/03/06,Tue,1150,QD,VS1C,428A ,M,R,D,O ,F , ,N,N,50,0,0,0,,,1749796,5426926,-41.29522161,174.7891017
Wellington City,QUEENS DRIVE,30,N, ,COUTTS ST,2652050,1/05/06,Mon,50,DA,CS1CC,132A ,M,M,W,DO,L , ,N,C,50,0,0,0,,,1750138,5424153,-41.32012431,174.7938688
Wellington City,QUEENS DRIVE,, ,I,ENDEAVOUR ST,2654296,19/08/06,Sat,415,BE,CS1C,132A ,,R,D,DO,F ,T,N,C,50,0,0,0,,,1750075,5423930,-41.32214377,174.7931715
Wellington City,QUEENS DRIVE,500,N, ,HUNGERFORD ROAD,2652635,2/06/06,Fri,1348,DA,CN1,111A 131A 400A ,FH,M,D,O ,F , ,N,C,50,0,0,0,,,1749845,5422697,-41.33328764,174.7907287
Wellington City,QUEENS DRIVE,400,S, ,HUNGERFORD ROAD,2656779,1/10/06,Sun,1845,AC,CE1C,132A 155A 159A ,,E,D,TN,F , ,N,L,50,0,0,0,,,1749858,5421857,-41.34084799,174.7910912
Wellington City,RAINE ST,10,N, ,KARORI ROAD,2650272,13/01/06,Fri,1000,MO,TS1C,371A 400A 925 ,,R,D,O ,F ,D,N,N,50,0,0,0,,,1745587,5428223,-41.2843141,174.7385435
Wellington City,RAMA CRESCENT,, ,I,KERALA WAY,2653667,20/06/06,Tue,843,BB,CN1C,111A 123A 378A 839 ,,M,W,B ,F ,T,N,N,50,0,0,0,,,1750030,5431424,-41.25468087,174.7907876
Wellington City,RANFURLY TERRACE,40,W, ,TASMAN ST,2654109,15/05/06,Mon,1130,MO,CW1C,386A ,M,R,W,O ,F , , ,C,50,0,0,0,,,1748768,5426256,-41.30144404,174.7769931
Wellington City,RANGIORA AVENUE,50,N, ,HUTT ROAD,2654352,13/08/06,Sun,905,QD,CS1,611A ,F,M,D,B ,F , , ,C,50,0,0,0,,,1750536,5431341,-41.25533407,174.796845
Wellington City,RANUI TERRACE,, ,I,MCLELLAN ST,2654277,22/08/06,Tue,1500,DA,CE2,131A 400A ,IS,R,D,B ,F ,T,G,R,50,0,0,0,,,1753804,5441525,-41.16302935,174.8332719
Wellington City,RAROA CRESCENT,, ,I,CHAYTOR ST,2657087,22/12/06,Fri,1236,FB,CW1C,331A ,,E,D,B ,F ,Y,G,C,50,0,0,0,,,1746887,5428152,-41.28471791,174.7540777
Wellington City,RAROA ROAD,15,E, ,CLUNY AVENUE,2657224,15/12/06,Fri,733,BF,CE14,121A ,,M,D,B ,F , ,N,C,50,0,0,0,,,1747142,5427640,-41.28928129,174.7572452
Wellington City,RAROA ROAD,, ,I,ENTRANCE ST,2612079,21/05/06,Sun,945,GD,CN1C,333A 378A 831 ,,S,D,B ,F ,T,N,C,50,0,0,1,,,1747429,5427249,-41.2927493,174.7607659
Wellington City,RAROA ROAD,50,S, ,MERTOUN TERRACE,2611468,21/02/06,Tue,1918,FA,VN1S,102A 386A ,,S,D,TF,F , ,N,C,50,0,0,1,,36,1747343,5427520,-41.29032505,174.7596736
Wellington City,RAROA ROAD,50,S, ,MOANA ROAD,2656267,27/08/06,Sun,100,DB,CS1C,101A 111A ,MF,M,W,DO,F , ,N,C,50,0,0,0,,,1747042,5427798,-41.28787695,174.7560134
Wellington City,RAROA ROAD,300,N, ,NORNA CRESCENT,2612083,6/04/06,Thu,753,AC,4N1P,159A ,,M,D,B ,F , ,N,C,50,0,1,0,,,1747045,5427709,-41.28867772,174.7560707
Wellington City,RAROA ROAD,500,S, ,NORNA CRESCENT,2652150,21/03/06,Tue,1350,EA,CN1C,350A ,MC,M,W,O ,L , ,N,C,50,0,0,0,,,1747315,5427252,-41.29274311,174.7594042
Wellington City,RATA ROAD,100,S, ,KAINUI ROAD,2650586,4/01/06,Wed,1120,QD,CS1C,420A 611A ,,E,D,B ,F , ,N,N,50,0,0,0,,,1750699,5426022,-41.30319251,174.8001055
Wellington City,RATA ROAD,50,N, ,REWA ROAD,2655947,2/11/06,Thu,1500,EA,VS1C,129A 197A 683A ,M,R,D,B ,F , ,N,N,50,0,0,0,,,1750647,5425882,-41.30446268,174.7995193
Wellington City,RAUKAWA ST,, ,I,NUKU ST,2612714,28/05/06,Sun,1437,BO,CN1V,120A 129B ,,E,D,O ,F ,T,N,C,50,0,0,1,,,1752069,5422944,-41.33064734,174.8172321
Wellington City,REDWOOD AVENUE,300,W, ,MAIN ROAD,2653792,11/08/06,Fri,2222,DB,CW14,102A 111A 131A ,M,M,D,DO,F , ,N,C,50,0,0,0,,,1752858,5439939,-41.17748764,174.8223973
Wellington City,REDWOOD AVENUE,, ,I,SURREY ST,2654454,31/08/06,Thu,1705,EO,TE2,385A ,S,R,D,B ,F ,R,N,R,50,0,0,0,,,1753230,5441012,-41.16775677,174.8265617
Wellington City,REX ST,50,N, ,PARK ROAD,2655518,12/10/06,Thu,1839,MC,CE1C,352B 372B ,,R,D,B ,F , ,N,N,50,0,0,0,,,1752235,5424990,-41.31219549,174.8187025
Wellington City,RIDDIFORD ST,15,S, ,ADELAIDE ROAD,2657173,29/10/06,Sun,1723,FD,CN1C,101A 331A ,,R,W,O ,H ,X,N,L,50,0,0,0,,,1748835,5425593,-41.30740095,174.7779552
Wellington City,RIDDIFORD ST,20,S, ,ADELAIDE ROAD,2656162,3/11/06,Fri,1518,AO,CS1C,300A ,,E,D,O ,F ,Y,N,R,50,0,0,0,,,1748836,5425588,-41.30744578,174.7779684
Wellington City,RIDDIFORD ST,100,S, ,ADELAIDE ROAD,2612521,26/05/06,Fri,1200,EE,SN1C,374B ,Q,R,D,B ,F , ,N,P,50,0,0,1,,43,1748852,5425510,-41.3081451,174.7781785
Wellington City,RIDDIFORD ST,30,N, ,CONSTABLE ST,2655258,11/10/06,Wed,1545,MA,CS1V,373B ,,R,D,B ,F , ,N,R,50,0,0,0,,,1748973,5424912,-41.31350679,174.7797698
Wellington City,RIDDIFORD ST,30,N, ,CONSTABLE ST,2611824,30/04/06,Sun,1440,NA,CN1E,712B ,,R,D,B ,F , ,N,P,50,0,0,1,79,,1748973,5424912,-41.31350679,174.7797698
Wellington City,RIDDIFORD ST,20,S, ,CONSTABLE ST,2654601,29/08/06,Tue,1230,FE,CN1C,331A ,,R,D,BF,F ,T,T,R,50,0,0,0,,,1748983,5424864,-41.31393711,174.7799009
Wellington City,RIDDIFORD ST,100,S, ,CONSTABLE ST,2655540,30/09/06,Sat,1720,MO,CN14,371A 386A ,M,R,D,TF,F , ,N,C,50,0,0,0,,,1749000,5424785,-41.31464524,174.7801233
Wellington City,RIDDIFORD ST,, ,I,CONSTABLE ST,2612846,2/09/06,Sat,1950,LB,MS1C,303B 375B ,,R,D,DO,F ,T,T,C,50,0,1,0,,,1748980,5424883,-41.3137666,174.7798605
Wellington City,RIDDIFORD ST,, ,I,CONSTABLE ST,2655502,24/10/06,Tue,2355,LB,MS1C,303B ,,R,D,DO,F ,T,T,R,50,0,0,0,,,1748980,5424883,-41.3137666,174.7798605
Wellington City,RIDDIFORD ST,, ,I,CONSTABLE ST,2654804,7/09/06,Thu,1750,DA,BW2C,440B ,,R,D,TF,F ,T,T,C,50,0,0,0,,,1748980,5424883,-41.3137666,174.7798605
Wellington City,RIDDIFORD ST,, ,I,CONSTABLE ST,2654657,14/09/06,Thu,1015,GO,CN14,386B ,,R,D,B ,F ,T,T,C,50,0,0,0,,,1748979,5424883,-41.31376678,174.7798485
Wellington City,RIDDIFORD ST,, ,I,CONSTABLE ST,2652420,19/03/06,Sun,1530,GD,CN1C,157A 160A 434A ,,R,D,O ,F ,T,T,P,50,0,0,0,,,1748979,5424883,-41.31376678,174.7798485
Wellington City,RIDDIFORD ST,5,N, ,EMMETT ST,2656255,20/12/06,Wed,1510,MO,CN1C,386A ,M,R,D,B ,F ,M,T,C,50,0,0,0,,,1748933,5425103,-41.31179453,174.7792453
Wellington City,RIDDIFORD ST,, ,I,EMMETT ST,2653592,16/06/06,Fri,920,MG,VS1C,371A ,,R,D,B ,F ,M,T,C,50,0,0,0,,,1748934,5425098,-41.31183936,174.7792585
Wellington City,RIDDIFORD ST,, ,I,GORDON ST,2612556,30/06/06,Fri,1355,LB,CN1C,303B 382B ,,R,D,O ,F ,T,G,C,50,0,0,1,,,1749029,5424646,-41.31589135,174.7805037
Wellington City,RIDDIFORD ST,20,S, ,GREEN ST,2655077,25/09/06,Mon,1430,MO,CS1C,386A ,M,R,D,B ,F , ,N,C,50,0,0,0,,,1748949,5425021,-41.31252986,174.7794565
Wellington City,RIDDIFORD ST,50,N, ,HALL ST,2611295,5/02/06,Sun,1940,EE,BN1C,385A 374B ,M,R,D,TF,F , ,N,C,50,0,1,0,,,1748907,5425250,-41.31047583,174.7788989
Wellington City,RIDDIFORD ST,20,S, ,HALL ST,2611165,18/01/06,Wed,1218,FE,VN1C,427A ,,R,W,O ,L ,X,T,C,50,0,0,1,,,1748920,5425181,-41.31109467,174.779071
Wellington City,RIDDIFORD ST,, ,I,HALL ST,2652763,2/06/06,Fri,1146,AA,BN14,372A ,,R,D,B ,F ,X,T,X,50,0,0,0,,,1748917,5425201,-41.31091515,174.7790303
Wellington City,RIDDIFORD ST,, ,A,HOSPITAL PED XING,2612073,18/05/06,Thu,1600,NA,SS1EC,711B 718B ,,R,D,B ,F , ,N,X,50,0,0,2,25,29,1748888,5425339,-41.30967804,174.7786502
Wellington City,RIDDIFORD ST,100,S, ,JOHN ST,2653487,26/05/06,Fri,1830,JA,CS1C,308B 920 ,,R,D,DO,F ,D,G,C,50,0,0,0,,,1748852,5425510,-41.3081451,174.7781785
Wellington City,RIDDIFORD ST,25,N, ,MEIN ST,2652625,10/06/06,Sat,1411,FD,CS1C4,331A ,,R,D,O ,F , ,N,C,50,0,0,0,,,1748912,5425225,-41.31069999,174.7789647
Wellington City,RIDDIFORD ST,20,S, ,MEIN ST,2613108,8/08/06,Tue,1015,NA,CN1E,711B ,,R,D,O ,F , ,N,R,50,0,1,0,44,,1748920,5425181,-41.31109467,174.779071
Wellington City,RIDDIFORD ST,, ,I,NEWTOWN AVENUE,2612636,17/07/06,Mon,1630,NG,CN1E,371A 730B ,,R,D,O ,F ,T,N,P,50,0,0,1,88,,1748992,5424824,-41.31429558,174.7800182
Wellington City,RIDDIFORD ST,, ,I,NORMANBY ST,2652275,22/04/06,Sat,2255,MO,CN1C,386A ,M,R,D,DO,F ,T,G,C,50,0,0,0,,,1749005,5424757,-41.31489641,174.7801899
Wellington City,RIDDIFORD ST,30,S, ,REGINA TERRACE,2654598,7/06/06,Wed,1745,FD,CS1C,181A ,,R,D,DO,F , ,N,C,50,0,0,0,,,1748898,5425293,-41.31009035,174.7787809
Wellington City,RIDDIFORD ST,15,N, ,RINTOUL ST,2652158,27/03/06,Mon,1545,MO,CN1V,331A 371B ,,R,D,O ,F , ,N,C,50,0,0,0,,,1748926,5425137,-41.31148971,174.7791534
Wellington City,RIDDIFORD ST,200,S, ,RINTOUL ST,2652766,1/06/06,Thu,1040,MA,TN1C,373B 402B ,,R,D,B ,F , ,N,C,50,0,0,0,,,1748970,5424927,-41.3133723,174.7797303
Wellington City,RIDDIFORD ST,, ,I,RINTOUL ST,2655703,24/10/06,Tue,2001,LB,CN1B,303B ,,R,W,DO,F ,Y,T,C,50,0,0,0,,,1748929,5425122,-41.31162421,174.7791929
Wellington City,RIDDIFORD ST,50,N, ,WILSON ST,2657206,28/11/06,Tue,800,ED,CN1T,387A 371B 820 843 ,Q,R,W,O ,H , ,N,R,50,0,0,0,,,1748950,5425018,-41.31255668,174.7794692
Wellington City,RINTOUL ST,30,N, ,BLYTHE ST,2611413,26/02/06,Sun,1830,DA,CW1CCE,111A 122A 929 ,MMM,R,D,O ,F , ,N,C,50,0,0,1,6,,1748784,5423929,-41.32239202,174.7777534
Wellington City,RINTOUL ST,80,N, ,GLENDAVAR ST,2652590,2/06/06,Fri,630,EA,CN1C,129A 350A 645A ,M,R,D,DO,F , ,N,C,50,0,0,0,,,1748791,5424068,-41.32113925,174.777803
Wellington City,RINTOUL ST,30,N, ,LUXFORD ST,2655555,7/09/06,Thu,2255,MD,VN1C,351A 443A 352B 371B ,Q,R,D,DO,F , ,N,C,50,0,0,0,,,1748802,5424230,-41.31967868,174.7778947
Wellington City,RINTOUL ST,20,S, ,RIDDIFORD ST,2653397,10/03/06,Fri,840,EA,BN1C,386A ,M,R,D,B ,F , ,N,C,50,0,0,0,,,1748924,5425103,-41.31179619,174.7791379
Wellington City,RINTOUL ST,80,S, ,RIDDIFORD ST,2655814,24/06/06,Sat,1030,KA,CN1C,308B 375B 929 ,,R,W,O ,L ,D,N,C,50,0,0,0,,,1748910,5425045,-41.31232098,174.7789849
Wellington City,RINTOUL ST,100,S, ,RIDDIFORD ST,2652657,22/05/06,Mon,1120,MO,CN1C,386A ,M,R,D,B ,F , ,N,N,50,0,0,0,,,1748905,5425025,-41.31250197,174.7789301
Wellington City,RINTOUL ST,, ,I,RIDDIFORD ST,2613647,18/12/06,Mon,1243,NC,CW1E,713B 718B ,,E,D,B ,F ,X,T,C,50,0,0,1,6,,1748929,5425122,-41.31162421,174.7791929
Wellington City,RINTOUL ST,120,N, ,STOKE ST,2653842,20/07/06,Thu,1300,MD,CN1C,371B 929 ,,R,W,O ,L ,D,N,C,50,0,0,0,,,1748882,5424932,-41.31334353,174.7786782
Wellington City,RINTOUL ST,30,S, ,STOKE ST,2650650,12/01/06,Thu,1121,EA,BS1CC,386A ,M,R,W,O ,H , ,N,N,50,0,0,0,,,1748846,5424786,-41.31466467,174.778284
Wellington City,ROBIESON ST,, ,I,THANE ROAD,2654178,16/06/06,Fri,1145,QD,4N1,428A ,EF,R,W,O ,H ,T,N,N,50,0,0,0,,,1750623,5426981,-41.29457251,174.7989607
Wellington City,RONGOTAI ROAD,, ,I,BAY ROAD,2655727,9/10/06,Mon,919,GB,BE1C,158B ,,E,W,OF,HS,X,T,C,50,0,0,0,,,1750241,5424398,-41.31789931,174.7950384
Wellington City,RONGOTAI ROAD,25,E, ,CHILDERS TERRACE,2655425,25/09/06,Mon,1630,LB,CW1C,371A ,,R,D,O ,F , ,N,R,50,0,0,0,,,1750150,5424422,-41.31770018,174.7939457
Wellington City,RONGOTAI ROAD,40,E, ,EVANS BAY PARADE,2653478,9/06/06,Fri,1430,GB,VE14,300B 381B 929 ,,E,D,B ,F ,D,N,R,50,0,0,0,,,1750430,5424359,-41.31821521,174.7973051
Wellington City,RONGOTAI ROAD,, ,I,MAHORA ST,2655394,12/10/06,Thu,830,HA,CN2C,302A 314A 151B ,,R,D,B ,F ,X,G,N,50,0,0,0,,,1750445,5424343,-41.31835646,174.7974882
Wellington City,RONGOTAI ROAD,, ,I,MAHORA ST,2650355,18/01/06,Wed,1620,LB,CW1C,303B ,,R,D,O ,F ,T,N,R,50,0,0,0,,,1750445,5424343,-41.31835646,174.7974882
Wellington City,RONGOTAI ROAD,, ,I,MAHORA ST,2650941,5/03/06,Sun,1600,LB,CW1C,303B ,,R,D,B ,FS,X,N,R,50,0,0,0,,,1750445,5424343,-41.31835646,174.7974882
Wellington City,RONGOTAI ROAD,60,W, ,ONEPU ROAD,2653546,23/05/06,Tue,1325,MO,BW14,300A 373A 926 ,,R,D,OF,L ,D,N,C,50,0,0,0,,,1750291,5424385,-41.31800704,174.7956387
Wellington City,RONGOTAI ROAD,, ,I,ONEPU ROAD,2613572,11/11/06,Sat,1142,LB,VN2C,303B 375B ,,E,D,O ,F ,X,T,P,50,0,0,1,,,1750346,5424365,-41.31817685,174.7963004
Wellington City,RONGOTAI ROAD,, ,I,ROSS ST,2655022,20/07/06,Thu,1455,MA,VE1C,373B 402B ,,R,W,O ,HS,T,N,R,50,0,0,0,,,1750545,5424327,-41.31848186,174.7986863
Wellington City,RONGOTAIROAD,, ,I,BAY ROAD,2654092,24/08/06,Thu,1140,KC,CS2C,305A ,,R,D,B ,F ,X,T,C,50,0,0,0,,,1750241,5424398,-41.31789931,174.7950384
Wellington City,ROSENEATH TERRACE,200,E, ,PALLISER ROAD,2656257,18/12/06,Mon,1910,BF,CS1X,111A 132A ,,E,D,B ,F , ,N,C,50,0,0,0,,,1750683,5427027,-41.29414716,174.7996656
Wellington City,ROXBURGH ST,20,N, ,MAJORIBANKS ST,2652068,9/04/06,Sun,1650,MD,CS1C,371B 378B 839 929 ,,R,D,O ,F ,D,N,N,50,0,0,0,,,1749459,5427052,-41.29414965,174.7850476
Wellington City,ROXBURGH ST,100,N, ,MAJORIBANKS ST,2651075,1/02/06,Wed,,MO,VS1C,386A ,M,R,D,B ,F , ,N,C,50,0,0,0,,,1749512,5427112,-41.29359963,174.7856656
Wellington City,RUSKIN ROAD,100,N, ,CHESTERTON ST,2654371,22/05/06,Mon,830,AC,TN1C,158A ,,R,D,B ,F , ,N,C,50,0,0,0,,,1752047,5434528,-41.2263576,174.8140783
Wellington City,RUSKIN ROAD,80,E, ,FITZPATRICK ST,2655944,17/11/06,Fri,2130,EA,CE1C,,M,S,W,DO,L , ,N,C,50,0,0,0,,,1752284,5434621,-41.22547572,174.8168814
Wellington City,RUSKIN ROAD,, ,I,SALFORD ST,2650544,28/01/06,Sat,1343,DA,CW2C,103A 124A ,M,M,D,B ,F ,Y,N,C,50,0,0,0,,,1752250,5434196,-41.22930854,174.8165819
Wellington City,RUSSELL TERRACE,5,S, ,WARIPORI ST,2655910,24/11/06,Fri,900,EA,CS1C,386A ,M,R,D,O ,F ,T,N,N,50,0,0,0,,,1749023,5424308,-41.3189356,174.7805149
Wellington City,RUSSELL TERRACE,15,S, ,WARIPORI ST,2612449,9/06/06,Fri,1530,NA,CN1E,105B ,,R,D,B ,F , ,N,C,50,0,0,1,30,,1749022,5424298,-41.31902582,174.7805054
Wellington City,SALAMANCA ROAD,40,S, ,CLERMONT TERRACE,2650517,14/01/06,Sat,1550,QD,CN1,611A ,ET,E,D,O ,F , ,N,N,50,0,0,0,,,1748263,5428367,-41.28253066,174.7704497
Wellington City,SALAMANCA ROAD,200,E, ,KELBURN PARADE,2651078,22/03/06,Wed,1645,KB,CW1C,308B 375B 927 ,,M,D,O ,L ,D,N,C,50,0,0,0,,,1748212,5427719,-41.28837428,174.7699987
Wellington City,SALAMANCA ROAD,150,N, ,KELBURN PARADE,2655403,24/10/06,Tue,820,MA,CN1T,150A 373B ,,E,W,O ,L , ,N,C,50,0,0,0,,,1748156,5428045,-41.28544942,174.7692509
Wellington City,SALAMANCA ROAD,20,W, ,THE TERRACE,2656408,26/11/06,Sun,2243,FA,CW14,414A 512B ,,M,D,DO,F , ,N,C,50,0,0,0,,,1748362,5427677,-41.28872487,174.7717994
Wellington City,SALFORD ST,20,N, ,NEWLANDS ROAD,2654072,8/07/06,Sat,800,BC,VN1C,121A 110B 817 ,,M,W,B ,F , ,N,C,50,0,0,0,,,1752374,5434213,-41.22913214,174.8180564
Wellington City,SAN SEBASTIAN ROAD,40,W, ,CLIFTON TERRACE,2652591,31/05/06,Wed,2350,QD,CE1C,428A ,M,R,W,DO,L , ,N,N,50,0,0,0,,,1748449,5428410,-41.28210934,174.7726593
Wellington City,SEATOUN HEIGHTS ROAD,100,S, ,AWA ROAD,2612672,22/08/06,Tue,1704,BB,CN1M,123A 839 ,,M,D,O ,F , ,N,C,50,0,0,1,,,1752886,5424901,-41.31287365,174.8264984
Wellington City,SEVERN ST,100,N, ,FROBISHER ST,2651003,12/01/06,Thu,322,CB,CS1,101A 110A 130A ,C,E,D,DO,F , ,N,C,50,0,0,0,,,1747573,5421655,-41.34308838,174.7638426
Wellington City,SEVERN ST,, ,I,MOSELLE ST,2653690,3/03/06,Fri,435,DB,CE2VCC,111A 131A ,MM,E,D,DO,F ,T,N,C,50,0,0,0,,,1747954,5421924,-41.3405966,174.7683289
Wellington City,SEVERN ST,120,N, ,WYE ST,2652161,7/03/06,Tue,2100,DA,CE1,110A 517A ,C,E,W,DO,L , ,N,C,50,0,0,0,,,1747751,5421794,-41.34180429,174.7659354
Wellington City,SH 1N,, ,I,BROADWAY,2655500,2/11/06,Thu,1430,AC,CN2C,372A 507A ,,R,D,B ,F ,R,G,R,50,0,0,0,,,1751468,5423504,-41.32571869,174.809914
Wellington City,SH 1N CALABAR,, ,I,BROADWAY,2653706,8/02/06,Wed,1300,DA,CW2,111A 131A ,S,R,W,O ,H ,R,G,R,50,0,0,0,,,1751468,5423504,-41.32571869,174.809914
Wellington City,SH 1N CALABAR,, ,I,COBHAM DRIVE,2656274,3/07/06,Mon,1610,FB,CS2C,181A 434A ,,R,D,B ,F ,R,G,C,50,0,0,0,,,1751447,5424535,-41.3164403,174.8094063
Wellington City,SH 1N CALABAR,, ,I,COBHAM DRIVE,2657014,21/11/06,Tue,1935,FB,CS2C,331A 353A ,,R,D,O ,F ,R,G,L,70,0,0,0,,,1751447,5424535,-41.3164403,174.8094063
Wellington City,SH 1N CALABAR,, ,I,COBHAM DRIVE,2653547,7/07/06,Fri,1815,FB,CW2CX,181A 191B 191C 387C ,,R,D,DO,S ,R,G,R,70,0,0,0,,,1751447,5424535,-41.3164403,174.8094063
Wellington City,SH 1N COBHAM,, ,I,TROY ST,2656476,17/08/06,Thu,1714,FB,CN2C,331A 170B ,,R,D,O ,F ,R,G,R,50,0,0,0,,,1750900,5424414,-41.31763222,174.8029042
Wellington City,SHELLY BAY ROAD,1030,N, ,ARANUI ST,2613573,16/12/06,Sat,5,DB,CS1,103A 111A ,C,E,D,DN,L , ,N,C,50,0,1,0,,,1752029,5425934,-41.3037353,174.8160068
Wellington City,SHERIDAN TERRACE,70,S, ,BARRIE ST,2652738,10/06/06,Sat,1943,DA,CN1CC,103A 131A ,M,E,D,DO,F , ,N,N,50,0,0,0,,,1751702,5434549,-41.22623329,174.8099588
Wellington City,SIMLA CRESCENT,50,N, ,KHANDALLAH ROAD,2653537,18/06/06,Sun,1654,GE,CN14,160A 387A 929 ,,E,D,O ,F ,D,N,C,50,0,0,0,,,1749473,5432363,-41.24632981,174.7839122
Wellington City,SLIP ROAD,30,W, ,HUTT ON NBD,2650467,18/01/06,Wed,2210,DB,CS1,111A 135A 632A 801 ,S,M,W,DO,L , ,N,C,80,0,0,0,,,1751969,5432232,-41.24704394,174.8137196
Wellington City,SOUTH KARORI ROAD,1890,S, ,HAZLEWOOD AVENUE S,2652413,30/04/06,Sun,730,DA,CS1,103A 357A 410A ,BZ,M,W,O ,L , ,N,N,50,0,0,0,,,1742988,5425709,-41.30741402,174.7081111
Wellington City,SOUTH KARORI ROAD,20,S, ,KARORI ROAD,2652330,7/05/06,Sun,1300,MC,CE1C,300B 372B ,,M,D,O ,F , ,N,P,50,0,0,0,,,1744320,5427741,-41.28888135,174.7235343
Wellington City,SOUTH KARORI ROAD,100,S, ,WOODHOUSE AVENUE,2654446,25/07/06,Tue,840,EA,CN1C,386A 645A ,M,E,W,B ,F , ,N,N,50,0,0,0,,,1744306,5427636,-41.28982924,174.723392
Wellington City,SOUTH MAKARA ROAD,4000,S, ,MAKARA ROAD,2657106,9/12/06,Sat,2020,DB,CS1,111A ,E,M,D,TN,F , ,N,C,50,0,0,0,,,1741339,5426789,-41.29798045,174.6881698
Wellington City,SOUTH MAKARA ROAD,3750,W, ,MAKARA ROAD,2612387,24/06/06,Sat,1335,DA,4S1,111A 131A ,CFV,M,W,O ,L , ,N,N,100,0,0,1,,,1741340,5427037,-41.29574732,174.6881242
Wellington City,SOUTHAMPTON ROAD,, ,I,STONE ST,2612860,26/08/06,Sat,1904,MB,CS2C,300B 372B ,,M,W,DO,LS,Y,N,C,50,0,0,1,,,1751783,5424297,-41.3185199,174.8134782
Wellington City,STEWART DRIVE,20,W, ,BRACKEN ROAD,2613274,16/08/06,Wed,1645,NB,4W1E,306A 351A ,,R,D,B ,F , ,N,X,50,0,0,1,14,,1752817,5434953,-41.22238612,174.8231544
Wellington City,STEWART DRIVE,30,W, ,BRACKEN ROAD,2613434,24/11/06,Fri,1830,NA,CW1K,204B 717B ,,R,D,B ,F , ,N,X,50,0,0,1,14,,1752807,5434955,-41.22237,174.8230347
Wellington City,STEWART DRIVE,50,W, ,FITZPATRICK ST,2650943,2/03/06,Thu,2110,EA,CE1C,129A ,M,M,D,DO,FS, ,N,P,50,0,0,0,,,1752251,5435124,-41.22095324,174.8163625
Wellington City,STEWART DRIVE,80,W, ,FITZPATRICK ST,2651860,16/04/06,Sun,650,DA,VE1C,103A ,M,M,D,DO,F , ,N,P,50,0,0,0,,,1752223,5435134,-41.22086848,174.8160261
Wellington City,STEWART DRIVE,50,E, ,PADNELL CRESCENT,2654108,25/05/06,Thu,705,QD,CW1,428A 929 ,EF,R,D,B ,F , , ,C,50,0,0,0,,,1752407,5435034,-41.22173418,174.8182451
Wellington City,STEWART DRIVE,, ,I,PADNELL CRESCENT,2613227,3/08/06,Thu,841,BF,CS2CCC,111A 132A ,MP,E,W,O ,L ,T,N,C,50,0,0,1,,,1752362,5435056,-41.22154458,174.8177031
Wellington City,STEWART DRIVE,100,W, ,PRITCHARD ST,2656347,8/12/06,Fri,2130,EA,CW1V,123A 901 ,M,E,W,DO,H , ,N,C,50,0,0,0,,,1752458,5435010,-41.22194065,174.8188593
Wellington City,STOUT ST,, ,I,BALLANCE ST,2656122,16/08/06,Wed,1736,HA,CN1V,302B 382B ,,R,D,DO,S ,X,G,C,50,0,0,0,,,1748819,5428545,-41.28082576,174.7770425
Wellington City,STOUT ST,, ,I,BALLANCE ST,2655705,29/09/06,Fri,931,HA,CE2V,302A 355A ,,R,D,B ,F ,X,G,C,50,0,0,0,,,1748819,5428545,-41.28082576,174.7770425