TLA NAME,CRASH ROAD,CRASH DIST,CRASH DIRN,INTSN,SIDE ROAD,CRASH ID,CRASH DATE,CRASH DOW,CRASH TIME,MVMT,VEHICLES,CAUSES,OBJECTS STRUCK,ROAD CURVE,ROAD WET,LIGHT,WTHRa,JUNC TYPE,TRAF CTRL,ROAD MARK,SPD LIM,CRASH FATAL CNT,CRASH SEV CNT,CRASH MIN CNT,PERS AGE1,PERS AGE2,EASTING,NORTHING,latitude,longitude
Wellington City,STRATHMORE AVENUE,, ,I,BROADWAY,2652569,15/05/06,Mon,1823,HA,4N2C,302A 375A 103B ,,R,W,DO,H ,R,G,R,50,0,0,0,,,1752330,5423610,-41.32460195,174.8201826
Wellington City,STRATHMORE AVENUE,20,N, ,KINGHORNE ST,2611925,7/03/06,Tue,830,NA,CN1E,713B 727B ,,R,D,B ,F , ,N,C,50,0,0,1,6,,1752353,5423311,-41.32728955,174.8205323
Wellington City,STRATHMORE AVENUE,30,S, ,TANNADYCE ST,2650485,9/02/06,Thu,1750,BD,CS1C,123A 121B ,,M,W,O ,L , ,N,C,50,0,0,0,,,1752486,5422944,-41.33056857,174.8222129
Wellington City,SUTHERLAND ROAD,, ,I,HORNSEY ROAD,2612086,7/04/06,Fri,2345,DB,CN2,103A 131A ,EFT,M,W,DO,L ,Y,N,C,50,0,0,1,,,1749706,5423722,-41.32408506,174.7888158
Wellington City,SYDENHAM ST,40,N, ,RANDWICK ROAD,2652725,21/05/06,Sun,320,CC,CN1,132A 195A ,CF,R,W,DO,L , ,N,C,50,0,0,0,,,1747094,5428687,-41.27986332,174.7564194
Wellington City,TACY ST,230,N, ,KEMP ST,2650409,15/02/06,Wed,1230,MO,TN1C,371A 927 ,M,M,D,B ,F ,D,N,N,50,0,0,0,,,1750608,5424619,-41.31584113,174.7993664
Wellington City,TAHI ST,20,E, ,TAUHINU ROAD,2652972,23/01/06,Mon,1130,AD,CE1C,112A 158A 387A ,,R,D,B ,F , ,N,C,50,0,0,0,,,1751867,5424775,-41.31420055,174.8143619
Wellington City,TAKAPU ROAD,150,E, ,JAMAICA DRIVE,2651270,16/02/06,Thu,1004,BB,CE1C,123A 386A ,C,M,D,B ,F , ,N,N,100,0,0,0,,,1754065,5439658,-41.17978903,174.836851
Wellington City,TAKAPU ROAD,, ,I,TAWA OFF SBD,2651750,24/03/06,Fri,2350,DB,CW1,133A 402A 403A ,P,M,W,DO,H ,X,S,R,100,0,0,0,,,1753701,5439145,-41.18447686,174.8326421
Wellington City,TAKAPU ROAD,, ,I,TAWA OFF SBD,2612401,2/08/06,Wed,655,HA,CW1C,301A 375A ,,E,W,DN,L ,X,S,N,100,0,0,1,,,1753701,5439145,-41.18447686,174.8326421
Wellington City,TAKAPU ROAD,, ,I,TAWA ON SBD,2612892,25/09/06,Mon,1038,DA,CW1,111A 131A ,ET,R,W,O ,M ,X,S,P,50,0,0,1,,,1753701,5439145,-41.18447686,174.8326421
Wellington City,TAKARAU GORGE ROAD,5000,N, ,MAKARA ROAD,2652765,1/06/06,Thu,300,DA,CN1,103A 135A 337A 804 ,F,S,W,DN,L , ,N,N,100,0,0,0,,,1747131,5434763,-41.22515069,174.7553955
Wellington City,TAKARAU GORGE ROAD,1500,S, ,RIFLE RANGE ROAD,2612931,12/08/06,Sat,1807,BB,CS14,111A 123A ,CF,S,D,TN,F , ,N,N,100,0,0,1,,,1747712,5435770,-41.21597818,174.7620807
Wellington City,TARANAKI ST,20,S, ,ABEL SMITH ST,2612069,27/05/06,Sat,1710,FD,CN1CC,331A ,,R,D,TF,F , ,N,C,50,0,0,1,,,1748713,5426736,-41.29713253,174.7762191
Wellington City,TARANAKI ST,, ,I,CABLE ST,2611047,2/01/06,Mon,2245,HA,CE2C,322B 355B ,,R,D,DO,FS,X,T,C,50,0,0,1,,,1749051,5427473,-41.29043466,174.7800739
Wellington City,TARANAKI ST,, ,I,CABLE ST,2650923,6/02/06,Mon,800,AC,4N1C,300A 372A ,,R,D,B ,F ,X,T,C,50,0,0,0,,,1749051,5427473,-41.29043466,174.7800739
Wellington City,TARANAKI ST,10,S, ,COURTENAY PLACE,2611911,25/03/06,Sat,411,NA,CS1E,105B 713B 718B ,,R,D,DO,F ,X,T,C,50,0,0,1,23,,1748945,5427239,-41.29256103,174.7788658
Wellington City,TARANAKI ST,15,S, ,COURTENAY PLACE,2656695,24/06/06,Sat,2200,KO,4S1X,385A ,,R,W,DO,F ,X,T,C,50,0,0,0,,,1748942,5427234,-41.2926066,174.7788312
Wellington City,TARANAKI ST,, ,I,COURTENAY PLACE,2656696,10/07/06,Mon,1505,NB,CS1K,718B ,,R,D,O ,F ,X,T,C,50,0,0,0,,,1748949,5427248,-41.29247926,174.7789113
Wellington City,TARANAKI ST,, ,I,COURTENAY PLACE,2611689,15/03/06,Wed,1805,NA,CS1E,105B 713B 718B ,,R,D,O ,F ,X,T,C,50,0,0,1,43,,1748949,5427248,-41.29247926,174.7789113
Wellington City,TARANAKI ST,, ,I,COURTENAY PLACE,2652619,27/05/06,Sat,2230,AA,CN1X,372A ,,R,D,DO,F ,X,T,C,50,0,0,0,,,1748949,5427248,-41.29247926,174.7789113
Wellington City,TARANAKI ST,20,N, ,GHUZNEE ST,2652126,15/05/06,Mon,2110,MA,VN1C,373B ,,R,W,DO,L , ,N,C,50,0,0,0,,,1748874,5427098,-41.29384361,174.7780527
Wellington City,TARANAKI ST,100,N, ,GHUZNEE ST,2652260,31/03/06,Fri,1600,MA,VN1C,371B ,,R,D,B ,F , ,N,R,50,0,0,0,,,1748912,5427168,-41.29320636,174.7784892
Wellington City,TARANAKI ST,, ,I,GHUZNEE ST,2654177,17/07/06,Mon,405,EC,CN1,129A 645A ,IP,R,W,DO,H ,T,T,R,50,0,0,0,,,1748866,5427080,-41.29400714,174.7779616
Wellington City,TARANAKI ST,30,S, ,HAINING ST,2650436,6/01/06,Fri,825,QD,CN1,428A ,S,R,D,O ,F , ,N,C,50,0,0,0,,,1748737,5426791,-41.29663292,174.7764922
Wellington City,TARANAKI ST,, ,I,HAINING ST,2656268,22/08/06,Tue,1730,JA,SS1C,382B 434B ,,R,D,TF,F ,T,G,C,50,0,0,0,,,1748749,5426818,-41.29638762,174.7766289
Wellington City,TARANAKI ST,, ,I,HALLEYS LANE,2656688,20/07/06,Thu,1830,GC,CN14,171B 372B ,,R,W,DO,L ,T,N,C,50,0,0,0,,,1748973,5427304,-41.29197064,174.7791841
Wellington City,TARANAKI ST,150,N, ,HANKEY ST,2651580,15/02/06,Wed,830,MC,VS1C,300A 372A ,,R,D,B ,F , ,N,C,50,0,0,0,,,1748568,5426400,-41.30018439,174.7745701
Wellington City,TARANAKI ST,, ,I,HANKEY ST,2654298,10/08/06,Thu,1940,BF,CN1C,130A 350A ,,E,D,DO,F ,X,T,R,50,0,0,0,,,1748506,5426263,-41.30142928,174.7738633
Wellington City,TARANAKI ST,, ,I,MARTIN SQUARE,2612678,28/07/06,Fri,1417,JA,CS1C,309B 375B ,,R,D,B ,F ,T,N,C,50,0,0,1,,,1748702,5426713,-41.29734164,174.7760934
Wellington City,TARANAKI ST,80,N, ,VIVIAN ST,2656917,12/12/06,Tue,1130,JA,TN1C,308B 353B 382B 927 ,,R,D,B ,F ,D,N,L,50,0,0,0,,,1748825,5426990,-41.29482501,174.7774941
Wellington City,TARANAKI ST,, ,I,WAKEFIELD ST,2655926,5/10/06,Thu,1245,MG,CS1V,353B 371B ,,R,D,O ,F ,M,T,C,50,0,0,0,,,1749013,5427391,-41.29117995,174.7796403
Wellington City,TARANAKI ST,, ,I,WAKEFIELD ST,2655029,16/09/06,Sat,2324,GB,CS1V,172B 340B ,,R,D,DO,F ,X,T,C,50,0,0,0,,,1749013,5427391,-41.29117995,174.7796403
Wellington City,TARANAKI ST,5,N, ,WEBB ST,2656705,19/11/06,Sun,100,FE,CN1C,331A ,,R,W,DO,L ,X,T,N,50,0,0,0,,,1748656,5426597,-41.29839451,174.7755726
Wellington City,TARANAKI ST,20,S, ,WEBB ST,2651087,28/02/06,Tue,1620,EE,VN1T,374B ,Q,R,D,O ,F , ,N,C,50,0,0,0,,,1748646,5426574,-41.29860343,174.7754588
Wellington City,TARANAKI ST,100,S, ,WEBB ST,2653330,25/05/06,Thu,1635,FD,CN1CC,331A 359A 181B ,,R,D,TF,F , ,N,C,50,0,0,0,,,1748613,5426501,-41.29926676,174.7750827
Wellington City,TARANAKI ST,, ,I,WEBB ST,2652216,20/03/06,Mon,1500,FE,BS1C,386A ,,R,D,B ,F ,T,T,R,50,0,0,0,,,1748654,5426592,-41.2984399,174.77555
Wellington City,TARANAKI ST,, ,I,WEBB ST,2657071,28/12/06,Thu,15,DB,CE2,103A 131A ,IS,R,W,DO,H ,T,T,R,50,0,0,0,,,1748654,5426592,-41.2984399,174.77555
Wellington City,TARANAKI ST,, ,I,WEBB ST,2653259,21/06/06,Wed,1428,CB,CS1CC,103A 129A ,MM,R,D,B ,F ,T,N,C,50,0,0,0,,,1748654,5426592,-41.2984399,174.77555
Wellington City,TARANAKI ST,20,N, ,WIGAN ST,2651456,11/04/06,Tue,2230,FA,CS1V,104A 181A ,,R,D,DO,F , ,N,C,50,0,0,0,,,1748753,5426828,-41.29629684,174.7766742
Wellington City,TARANAKI ST,, ,I,WIGAN ST,2654112,3/06/06,Sat,1426,JA,CN1V,300B 375B ,,R,D,B ,F ,T,T,C,50,0,0,0,,,1748745,5426809,-41.29646938,174.7765833
Wellington City,TARAWERA ROAD,40,S, ,DOMINION PARK ST,2611140,15/02/06,Wed,2220,DB,CN1,101A 111A 517A ,T,M,D,DO,F , ,N,N,50,0,0,2,,,1751291,5433957,-41.23164027,174.8052042
Wellington City,TASMAN ST,, ,I,JOHN ST,2654405,31/08/06,Thu,1030,MO,VN1C,371A ,M,R,D,B ,F ,T,N,R,50,0,0,0,,,1748696,5425620,-41.30718349,174.7762889
Wellington City,TASMAN ST,10,N, ,RUGBY ST,2650740,19/02/06,Sun,410,EA,CN1CC,103A 358A ,M,R,D,DO,F ,T,G,N,50,0,0,0,,,1748836,5426370,-41.30040511,174.7777771
Wellington City,TASMAN ST,10,S, ,YALE ROAD,2656020,5/11/06,Sun,240,EA,CS1C,131A ,M,E,D,DO,F ,T,N,N,50,0,0,0,,,1748719,5425889,-41.30475733,174.7764978
Wellington City,TAUHINU ROAD,15,S, ,BOOTH ST,2612393,10/06/06,Sat,1015,EA,CN1C,359A ,M,R,D,O ,F , ,N,C,50,0,0,1,,,1752064,5425068,-41.31152549,174.8166411
Wellington City,TAUHINU ROAD,15,N, ,TAHI ST,2654384,2/09/06,Sat,2000,JA,CN1C,308B 375B 929 ,,R,D,DO,F ,D,N,C,50,0,0,0,,,1751859,5424797,-41.31400399,174.8142609
Wellington City,TAUHINU ROAD,30,S, ,TAHI ST,2655440,14/08/06,Mon,615,GB,SN1C,183B 381B 926 ,,R,D,DO,FS,D,N,N,50,0,0,0,,,1751834,5424759,-41.31435081,174.8139719
Wellington City,TAWA OFF SBD,, ,I,TAKAPU ROAD,2655082,15/06/06,Thu,630,HA,VW2C,301A ,,R,W,DO,F ,X,S,N,100,0,0,0,,,1753701,5439145,-41.18447686,174.8326421
Wellington City,TAWA OFF SBD,, ,I,TAKAPU ROAD,2650206,11/01/06,Wed,725,HA,CS1C,301A 350A 375A ,,E,D,O ,F ,X,S,P,100,0,0,0,,,1753701,5439145,-41.18447686,174.8326421
Wellington City,TAWA OFF SBD,, ,I,TAKAPU ROAD,2652251,23/02/06,Thu,734,LB,CS1C,302B ,,R,D,B ,F ,X,G,C,100,0,0,0,,,1753701,5439145,-41.18447686,174.8326421
Wellington City,TAWA ON SBD,, ,I,TAKAPU ROAD,2611118,18/01/06,Wed,1300,DB,CW1,111A 135A 903 ,P,M,W,O ,L ,Y,S,N,50,0,0,1,,,1753739,5439120,-41.18469473,174.8331012
Wellington City,TAWA ST,40,E, ,MAIN ROAD,2655690,6/09/06,Wed,1600,JA,CW1C,308B 922 ,T,R,D,O ,F ,D, ,N,50,0,0,0,,,1753136,5440151,-41.17552645,174.825657
Wellington City,TAWA ST,, ,I,TAYLOR TERRACE,2654379,23/08/06,Wed,1532,FD,CE1C,331A ,,E,D,B ,F ,T,G,R,50,0,0,0,,,1753312,5440188,-41.17516005,174.8277449
Wellington City,TAYLOR TERRACE,200,S, ,DUNCAN ST,2612275,26/06/06,Mon,1530,MD,CS1CC,308B 929 ,M,R,W,O ,HS,D,N,N,50,0,0,1,,,1753346,5439999,-41.17685525,174.8281974
Wellington City,TAYLOR TERRACE,50,N, ,FLORIO TERRACE,2652077,16/04/06,Sun,1928,CB,CN1,130A 357A ,PT,R,D,DO,F , ,N,N,50,0,0,0,,,1753311,5439444,-41.18185874,174.8279193
Wellington City,TAYLOR TERRACE,25,S, ,FLORIO TERRACE,2650556,25/02/06,Sat,2240,DB,CS1,103A 111A ,,M,D,DO,F , ,N,N,50,0,0,0,,,1753350,5439383,-41.18240057,174.8283994
Wellington City,TERRACE OFF SBD,160,S, ,SH 1N,2656701,13/11/06,Mon,900,AG,TS1C,151A 170A 434A ,,E,D,O ,F , ,N,C,100,0,0,0,,,1748538,5428642,-41.28000416,174.773665
Wellington City,THANE ROAD,, ,I,ROBIESON ST,2655087,8/09/06,Fri,1425,JA,CN1C,302B 831 ,,E,D,B ,F ,T,G,C,50,0,0,0,,,1750623,5426981,-41.29457251,174.7989607
Wellington City,THE CRESCENT,40,N, ,GRAFTON ROAD,2656253,22/12/06,Fri,,EE,CN1X,105B 525B ,Q,R,D,TF,F , ,N,N,50,0,0,0,,,1750743,5427309,-41.29159702,174.8003121
Wellington City,THE ESPLANADE,200,E, ,BRIGHTON ST,2613149,24/10/06,Tue,1339,EA,CE1OV,129A 386A ,M,R,W,O ,L , ,N,C,50,0,0,1,,,1748532,5421509,-41.34422667,174.7753354
Wellington City,THE ESPLANADE,60,W, ,BRIGHTON ST,2610096,11/11/06,Sat,2355,CB,CE1,103A 110A 133A 403A ,FP,R,D,DF,F , ,N,C,50,1,0,1,,,1748356,5421629,-41.34317869,174.7732034
Wellington City,THE ESPLANADE,, ,I,REEF ST,2613027,7/09/06,Thu,1833,KA,SN1C,309B 375B ,,R,D,DO,F ,T,N,P,50,0,1,0,,22,1748304,5421598,-41.34346736,174.7725897
Wellington City,THE ESPLANADE,, ,I,REEF ST,2613203,23/09/06,Sat,1030,GB,SS1C,175B 372B ,,R,D,B ,F ,T,N,C,50,0,0,1,,27,1748304,5421598,-41.34346736,174.7725897
Wellington City,THE ESPLANADE,, ,I,REEF ST,2656776,18/11/06,Sat,1844,KA,CN1C,302B 402B 901 ,,E,W,O ,H ,T,G,C,50,0,0,0,,,1748304,5421598,-41.34346736,174.7725897
Wellington City,THE PARADE,100,N, ,AVON ST,2655820,27/10/06,Fri,1050,MA,CN1C,373B ,,R,D,O ,F , ,N,C,50,0,0,0,,,1748414,5422813,-41.332508,174.773607
Wellington City,THE PARADE,, ,I,HUMBER ST,2653788,7/06/06,Wed,918,HA,CS1C,301B 377B ,,R,D,B ,F ,X,S,C,50,0,0,0,,,1748199,5421925,-41.34054257,174.7712555
Wellington City,THE PARADE,, ,I,HUMBER ST,2653716,16/07/06,Sun,220,DA,CS1,103A 386A ,H,R,W,DO,F ,T,G,C,50,0,0,0,,,1748199,5421925,-41.34054257,174.7712555
Wellington City,THE PARADE,100,S, ,MEDWAY ST,2652030,6/05/06,Sat,1955,MG,CS1C,505A 512A ,,R,D,TF,F , ,N,C,50,0,0,0,,,1748373,5422454,-41.33574776,174.7732049
Wellington City,THE PARADE,, ,I,MEDWAY ST,2654244,12/06/06,Mon,654,JA,BN1TC,302B 375B ,,R,D,DO,F ,T,G,P,50,0,0,0,,,1748387,5422553,-41.33485385,174.773348
Wellington City,THE PARADE,, ,I,MERSEY ST,2651738,31/03/06,Fri,1854,JA,CS1C,602A 301B 375B 839 862 ,,R,D,DO,F ,X,S,C,50,0,0,0,,,1748318,5422293,-41.33720743,174.7725872
Wellington City,THE PARADE,120,S, ,TAMAR ST,2655550,16/09/06,Sat,905,EA,CN1C,386A ,M,R,D,B ,F , ,N,C,50,0,0,0,,,1748416,5422829,-41.33236358,174.773627
Wellington City,THE PARADE,, ,I,TAMAR ST,2612414,5/06/06,Mon,1340,LB,CN14,303B 351B 375B ,,R,D,B ,F ,X,G,P,50,0,0,1,,,1748427,5422949,-41.33128114,174.7737291
Wellington City,THE RIDGEWAY,30,N, ,FARNHAM ST,2656916,25/12/06,Mon,2344,DA,CS1C,111A ,IMP,E,D,DO,F , ,N,C,50,0,0,0,,,1747655,5424450,-41.31790874,174.7641431
Wellington City,THE RIDGEWAY,90,N, ,FARNHAM ST,2652239,22/04/06,Sat,40,DB,CN1,111A 134A ,CF,M,D,DO,F , , ,N,50,0,0,0,,,1747708,5424515,-41.31731381,174.7647602
Wellington City,THE RIGI,100,N, ,GLENMORE ST,2654773,26/08/06,Sat,1215,DA,CS1,135A 400A 801 ,EF,M,W,O ,H , ,N,C,50,0,0,0,,,1747238,5428123,-41.28491508,174.7582744
Wellington City,THE TERRACE,100,N, ,ABEL SMITH ST,2653491,7/03/06,Tue,100,EA,4S1C,386A ,M,R,W,DO,L , ,N,C,50,0,0,0,,,1748146,5427124,-41.29374346,174.7693556
Wellington City,THE TERRACE,15,S, ,AURORA TERRACE,2657140,19/12/06,Tue,1125,MD,SS1C,204A 110B 308B 376B 929 ,,R,D,B ,F ,D,N,C,50,0,0,0,,,1748653,5428491,-41.28134253,174.7750744
Wellington City,THE TERRACE,50,S, ,AURORA TERRACE,2654627,31/08/06,Thu,1735,MO,XN1X,371B ,,R,D,TF,F , ,N,C,50,0,0,0,,,1748646,5428457,-41.28164993,174.7749991
Wellington City,THE TERRACE,, ,I,AURORA TERRACE,2655995,23/06/06,Fri,440,DC,TS2CCC,613A ,MP,R,D,DO,F ,T,G,C,50,0,0,0,,,1748656,5428506,-41.28120692,174.7751065
Wellington City,THE TERRACE,, ,I,BOLTON ST,2612627,1/07/06,Sat,1155,MD,XS1C,308B 371B 927 ,,R,D,B ,F ,D,N,C,50,0,0,1,,,1748688,5428693,-41.27951738,174.7754428
Wellington City,THE TERRACE,10,S, ,BOWEN ST,2653779,30/06/06,Fri,1350,MO,VN1X,386A 446B 927 ,,R,D,O ,F ,D,N,N,50,0,0,0,,,1748699,5428765,-41.27886711,174.7755565
Wellington City,THE TERRACE,200,S, ,BOWEN ST,2654855,2/10/06,Mon,745,LB,CS1C,303B 382B 927 ,,R,W,O ,L ,D,N,C,50,0,0,0,,,1748668,5428577,-41.28056547,174.7752324
Wellington City,THE TERRACE,, ,I,DALMUIR LANE,2612455,17/07/06,Mon,1820,JA,PN1C,309B ,,R,W,DO,L ,T,N,N,50,0,0,1,,,1748620,5428304,-41.28303225,174.7747261
Wellington City,THE TERRACE,, ,I,DALMUIR LANE,2652213,3/04/06,Mon,1710,JA,SN1C,309B 375B ,,R,D,O ,FS,T,N,C,50,0,0,0,,21,1748620,5428304,-41.28303225,174.7747261
Wellington City,THE TERRACE,5,N, ,DIXON ST,2655441,27/06/06,Tue,1735,KB,CS1CC,308B 929 ,M,R,W,TO,L ,D,N,C,50,0,0,0,,,1748330,5427530,-41.29005426,174.7714533
Wellington City,THE TERRACE,100,N, ,EVERTON TERRACE,2611557,13/03/06,Mon,845,LB,XN1V,303B 927 ,,R,D,O ,F ,D,N,C,50,0,1,3,,,1748564,5428123,-41.28467218,174.7741019
Wellington City,THE TERRACE,30,S, ,EVERTON TERRACE,2652560,22/03/06,Wed,935,AA,CS1V,372A ,,R,W,O ,L , ,N,C,50,0,0,0,,,1748519,5428001,-41.28577888,174.7735945
Wellington City,THE TERRACE,, ,I,EVERTON TERRACE,2654383,11/08/06,Fri,1935,NF,CS1EE,307A 323A 376A ,,R,D,DO,F ,T,T,R,50,0,0,0,,,1748530,5428029,-41.28552476,174.773719
Wellington City,THE TERRACE,, ,I,GHUZNEE ST,2611293,14/02/06,Tue,854,JA,SS1C,302B 377B ,,M,D,B ,F ,T,G,C,50,0,0,1,,26,1748255,5427358,-41.29161664,174.7705998
Wellington City,THE TERRACE,, ,I,GHUZNEE ST,2652265,30/04/06,Sun,930,FA,CS1X,331A ,,R,W,DO,L ,T,N,C,50,0,0,0,,,1748255,5427358,-41.29161664,174.7705998
Wellington City,THE TERRACE,, ,I,GHUZNEE ST,2656492,6/12/06,Wed,1700,JA,CS1C,302A 335A ,,R,D,O ,F ,T,G,C,50,0,0,0,,,1748255,5427358,-41.29161664,174.7705998
Wellington City,THE TERRACE,5,S, ,SALAMANCA ROAD,2656273,5/09/06,Tue,1630,EA,XN1C,446B ,M,M,D,B ,F ,T,T,C,50,0,0,0,,,1748379,5427666,-41.28882079,174.772005
Wellington City,THE TERRACE,, ,I,SALAMANCA ROAD,2652406,16/05/06,Tue,1725,LB,XN1C,303B ,,R,D,DO,F ,T,T,C,50,0,0,0,,,1748381,5427671,-41.2887754,174.7720277
Wellington City,THE TERRACE,, ,I,SALAMANCA ROAD,2655951,12/11/06,Sun,1140,FB,CE2C,181A 427A ,,R,D,B ,F ,T,T,C,50,0,0,0,,,1748381,5427671,-41.2887754,174.7720277
Wellington City,THE TERRACE,60,N, ,TERRACE OFF SBD,2653895,6/07/06,Thu,1910,MA,VN1C,602A 373B ,,R,W,DO,F , ,N,C,50,0,0,0,,,1748596,5428220,-41.28379296,174.7744602
Wellington City,THE TERRACE,80,N, ,TERRACE OFF SBD,2655552,14/09/06,Thu,730,MG,XS1V,371B 386B ,Q,R,D,B ,F , ,N,N,50,0,0,0,,,1748602,5428239,-41.28362079,174.7745271
Wellington City,THE TERRACE,100,N, ,TERRACE OFF SBD,2655435,26/06/06,Mon,515,FD,CN1C,181A ,,R,W,DO,L , ,N,C,50,0,0,0,,,1748606,5428253,-41.283494,174.7745715
Wellington City,THE TERRACE,200,S, ,TERRACE OFF SBD,2656766,7/12/06,Thu,756,MO,CS1C,371A ,,R,D,O ,F , ,N,N,50,0,0,0,,,1748508,5427976,-41.28600599,174.7734693
Wellington City,THE TERRACE,, ,I,TERRACE OFF SBD,2653835,29/04/06,Sat,2202,GF,CE2C,124B ,,R,W,DO,L ,T,T,R,50,0,0,0,,,1748577,5428164,-41.28430065,174.774247
Wellington City,THE TERRACE,, ,I,TERRACE OFF SBD,2651183,26/02/06,Sun,2015,JA,CE1C,322B 334B ,,R,D,DO,F ,T,T,R,50,0,0,0,,,1748577,5428164,-41.28430065,174.774247
Wellington City,THOMPSON ST,, ,I,HANKEY ST,2612281,2/06/06,Fri,150,DC,CS1,103A 335A 514A ,C,R,D,DO,F ,T,G,C,50,0,1,0,,,1748230,5426386,-41.3003726,174.7705381
Wellington City,THOMPSON ST,, ,I,WEBB ST,2652445,23/05/06,Tue,1720,FB,CN1C,331A ,,R,W,DO,L ,T,S,P,50,0,0,0,,,1748356,5426726,-41.29728827,174.7719596
Wellington City,THORNDON QUAY,80,N, ,DAVIS ST,2611716,15/01/06,Sun,1205,MF,SN14,158A 381B 387B ,,R,D,B ,F , ,N,C,50,0,0,1,,40,1749355,5429315,-41.27379416,174.7832511
Wellington City,THORNDON QUAY,400,N, ,DAVIS ST,2653004,25/05/06,Thu,1808,FA,CN1,330A 352A ,,R,D,DO,F , ,N,N,50,0,0,0,,,1749233,5429611,-41.27115169,174.7817227
Wellington City,THORNDON QUAY,420,N, ,DAVIS ST,2655340,22/08/06,Tue,2200,CB,CN1,350A 650A ,H,R,D,DO,F , ,N,C,50,0,0,0,,,1749226,5429630,-41.27098192,174.7816345
Wellington City,THORNDON QUAY,100,S, ,DAVIS ST,2612711,11/08/06,Fri,820,LB,SS1V,303B 377B 927 ,,E,D,B ,F ,D,N,P,50,0,1,0,,51,1749360,5429150,-41.27527881,174.7833512
Wellington City,THORNDON QUAY,150,S, ,DAVIS ST,2613781,18/12/06,Mon,835,ME,SS1CS,158A 377B 158C 181C ,,R,D,B ,F , ,N,C,50,0,0,2,,42,1749326,5429114,-41.27560922,174.7829543
Wellington City,THORNDON QUAY,10,S, ,MOORE ST,2611814,7/03/06,Tue,1606,HA,VN1S,306A 355A ,,R,D,O ,F ,T,N,X,50,0,0,1,,20,1749212,5429053,-41.27617949,174.7816087
Wellington City,THORNDON QUAY,, ,I,MOORE ST,2612445,27/06/06,Tue,740,AD,MS1C,137A 150A 377B ,I,R,D,TF,F ,T,N,R,50,0,0,2,,,1749219,5429060,-41.27611518,174.7816905
Wellington City,THORNDON QUAY,30,N, ,MULGRAVE ST,2651799,8/04/06,Sat,1330,AA,CS1B,125A 129A ,,R,D,B ,F , ,N,C,50,0,0,0,,,1749099,5428859,-41.27794703,174.7803076
Wellington City,THORNDON QUAY,100,N, ,MULGRAVE ST,2651577,15/03/06,Wed,1120,JA,CS1C,308B 926 ,,R,D,B ,F ,D,N,P,50,0,0,0,,,1749128,5428923,-41.27736546,174.780638
Wellington City,TINAKORI ROAD,20,N, ,ASCOT ST,2652602,6/05/06,Sat,1750,DB,CW1C,124A 923 ,M,R,D,TO,F ,D,N,C,50,0,0,0,,,1748232,5428852,-41.27816966,174.7699617
Wellington City,TINAKORI ROAD,20,S, ,BOWEN ST,2612459,15/06/06,Thu,1820,FD,CS1CC,181A ,,R,D,DO,F ,T,T,C,50,0,0,2,,,1748155,5428765,-41.27896709,174.7690638
Wellington City,TINAKORI ROAD,50,S, ,BOWEN ST,2653457,14/06/06,Wed,830,FC,SN1C,331A ,,R,D,B ,F , ,N,X,50,0,0,0,,44,1748134,5428742,-41.27917802,174.7688188
Wellington City,TINAKORI ROAD,100,S, ,BOWEN ST,2612091,10/05/06,Wed,1625,FD,4N1CC,181A ,,R,D,O ,F , ,N,C,50,0,0,1,,,1748100,5428706,-41.27950839,174.7684217
Wellington City,TINAKORI ROAD,, ,I,BOWEN ST,2656002,13/12/06,Wed,1750,FE,CS1C,103A 331A ,,R,D,TO,F ,T,T,C,50,0,0,0,,,1748168,5428780,-41.27882965,174.7692153
Wellington City,TINAKORI ROAD,, ,I,HARRIETT ST,2656901,31/12/06,Sun,1553,DA,CN1,124A 353A ,S,R,W,O ,L ,X,T,R,50,0,0,0,,,1748452,5429090,-41.27598642,174.7725294
Wellington City,TINAKORI ROAD,, ,I,HAWKESTONE ST,2613109,5/10/06,Thu,1725,NA,CS1E,306A 353A 376A ,,R,D,B ,F ,T,G,X,50,0,0,1,31,,1748578,5429226,-41.27473877,174.774
Wellington City,TINAKORI ROAD,, ,I,HILL ST,2652761,4/06/06,Sun,237,EA,CN1C,129A 410A ,M,R,D,DO,F ,T,N,C,50,0,0,0,,,1748368,5429001,-41.27680316,174.7715485
Wellington City,TINAKORI ROAD,60,E, ,HOBSON ST,2655715,25/11/06,Sat,1845,MO,CN1C,929,M,R,D,TF,F ,D,N,C,50,0,0,0,,,1749069,5429756,-41.26987647,174.7797301
Wellington City,TINAKORI ROAD,, ,I,MOLESWORTH ST,2655401,21/08/06,Mon,1630,GA,BN2C,386A ,,R,D,O ,F ,X,T,R,50,0,0,0,,,1748884,5429555,-41.27172029,174.7775715
Wellington City,TINAKORI ROAD,, ,I,PARK ST,2650351,12/01/06,Thu,1330,HA,CE2C,,,R,W,O ,L ,X,T,C,50,0,0,0,,,1748883,5429555,-41.27172047,174.7775596
Wellington City,TINAKORI ROAD,, ,I,THORNDON QUAY,2656024,19/10/06,Thu,1020,KA,CN14,302B 375B ,,E,D,O ,F ,T,G,R,50,0,0,0,,,1749211,5430007,-41.26759039,174.7813632
Wellington City,TINAKORI ROAD,, ,I,THORNDON QUAY,2652355,15/05/06,Mon,1625,FB,CN14,331A 353A ,,R,W,O ,H ,Y,G,C,50,0,0,0,,,1749211,5430007,-41.26759039,174.7813632