TLA NAME,CRASH ROAD,CRASH DIST,CRASH DIRN,INTSN,SIDE ROAD,CRASH ID,CRASH DATE,CRASH DOW,CRASH TIME,MVMT,VEHICLES,CAUSES,OBJECTS STRUCK,ROAD CURVE,ROAD WET,LIGHT,WTHRa,JUNC TYPE,TRAF CTRL,ROAD MARK,SPD LIM,CRASH FATAL CNT,CRASH SEV CNT,CRASH MIN CNT,PERS AGE1,PERS AGE2,EASTING,NORTHING,latitude,longitude
Wellington City,TINAKORI ROAD,, ,I,TINAKORI OFF NBD,2652352,7/04/06,Fri,1515,DA,CW2C4,425A ,,R,D,O ,F ,X,T,C,50,0,0,0,,,1748452,5429090,-41.27598642,174.7725294
Wellington City,TINAKORI ROAD,25,N, ,UPTON TERRACE,2613186,13/07/06,Thu,1710,AD,CE1S,150A 183A 386A ,,R,D,TO,F ,T,N,C,50,0,1,0,,26,1748307,5428934,-41.2774176,174.7708368
Wellington City,TINAKORI ROAD,25,W, ,UPTON TERRACE,2655719,13/09/06,Wed,920,EA,TW1C,386A ,M,R,D,O ,F , ,N,C,50,0,0,0,,,1748272,5428897,-41.27775716,174.7704281
Wellington City,TIO TIO ROAD,100,N, ,BROADWAY,2652439,19/05/06,Fri,330,DA,CN1C,131A ,M,E,D,DO,F , ,N,C,50,0,0,0,,,1752608,5423764,-41.3231629,174.8234642
Wellington City,TIRANGI ROAD,, ,I,GEORGE BOLT ST,2657185,20/11/06,Mon,1000,GA,XS1C,181A 434A ,,R,D,O ,F ,T,N,C,50,0,0,0,,,1750823,5423443,-41.3263888,174.8022256
Wellington City,TODMAN ST,10,W, ,CHARLOTTE AVENUE,2655278,16/10/06,Mon,1330,EB,BE1V,386A ,M,E,D,B ,F ,T,N,C,50,0,0,0,,,1747518,5425777,-41.3059862,174.7621851
Wellington City,TODMAN ST,10,W, ,CHARLOTTE AVENUE,2613244,16/10/06,Mon,1326,QD,CE1C,428A ,HM,R,D,B ,F ,T,N,N,50,0,1,0,,,1747518,5425777,-41.3059862,174.7621851
Wellington City,TODMAN ST,10,W, ,CHARLOTTE AVENUE,2654631,3/09/06,Sun,1209,MO,CE1C,300B 371B ,,R,D,O ,F ,T,N,C,50,0,0,0,,,1747518,5425777,-41.3059862,174.7621851
Wellington City,TODMAN ST,100,S, ,MITCHELL ST,2653398,10/06/06,Sat,1942,DB,CS1C,132A ,M,M,D,DO,F , ,N,C,50,0,0,0,,,1747303,5425761,-41.30616954,174.7596219
Wellington City,TODMAN ST,400,W, ,OHIRO ROAD,2651445,21/03/06,Tue,1155,BF,VS1C,111A 135A 801 ,,M,W,O ,F , ,N,C,50,0,0,0,,,1747331,5425731,-41.30643453,174.7599635
Wellington City,TODMAN ST,, ,I,OHIRO ROAD,2612076,20/05/06,Sat,745,CA,PE1,132A 902 ,,R,D,B ,F ,X,T,C,50,0,0,1,,,1747614,5425845,-41.3053564,174.7633149
Wellington City,TORRENS TERRACE,, ,I,ARLINGTON ST,2657262,26/07/06,Wed,2027,DA,CW2,111A 517A ,FJ,E,D,DO,F ,T,N,N,50,0,0,0,,,1748425,5426496,-41.29934638,174.7728394
Wellington City,TORRENS TERRACE,, ,I,WEBB ST,2655431,29/09/06,Fri,1545,LB,CW1X,352A 371A ,,R,D,B ,F ,T,G,X,50,0,0,0,,,1748500,5426662,-41.29783801,174.7736943
Wellington City,TORRENS TERRACE,, ,I,WEBB ST,2611927,23/02/06,Thu,1630,NA,VN1E,353A 711B ,,R,D,B ,F ,T,G,C,50,0,0,1,61,,1748500,5426662,-41.29783801,174.7736943
Wellington City,TORY ST,20,N, ,BUCKLE ST,2651083,21/03/06,Tue,1415,QD,TE1CCC,610A 927 ,FM,R,D,O ,F ,D,N,N,50,0,0,0,,,1748885,5426572,-41.29857738,174.7783127
Wellington City,TORY ST,10,S, ,CABLE ST,2657081,12/11/06,Sun,1328,MO,CN1C,386B ,,R,D,B ,F ,T,T,C,50,0,0,0,,,1749237,5427348,-41.29152572,174.7823248
Wellington City,TORY ST,30,S, ,CABLE ST,2652142,22/04/06,Sat,1015,JA,CS1X,442B 927 ,,R,D,B ,F ,D,N,C,50,0,0,0,,,1749228,5427330,-41.29168945,174.7822218
Wellington City,TORY ST,, ,I,CABLE ST,2655952,12/11/06,Sun,1300,JC,CE2C,124A 386A ,,R,D,BN,F ,T,G,C,50,0,0,0,,,1749241,5427357,-41.29144395,174.7823704
Wellington City,TORY ST,, ,I,COLLEGE ST,2655426,31/08/06,Thu,1604,KB,CN1C,,,R,D,O ,F ,T,N,C,50,0,0,0,,,1749015,5426869,-41.29587937,174.779792
Wellington City,TORY ST,15,N, ,COURTENAY PLACE,2655525,29/09/06,Fri,1600,FD,4N1C,331A 352A ,,R,D,B ,F , ,N,C,50,0,0,0,,,1749142,5427152,-41.29330795,174.7812388
Wellington City,TORY ST,40,S, ,COURTENAY PLACE,2655813,20/09/06,Wed,735,EE,VN1C,525B ,Q,R,D,TF,F , ,N,C,50,0,0,0,,,1749119,5427102,-41.29376237,174.7809765
Wellington City,TORY ST,50,S, ,FORRESTERS LANE,2652411,4/05/06,Thu,1748,EE,CN1C,112A 129A 374B ,Q,R,W,DO,F , ,N,C,50,0,0,0,,,1749095,5427045,-41.29428,174.7807039
Wellington City,TORY ST,10,S, ,HAINING ST,2656364,24/06/06,Sat,2325,EA,4S1C,101A 386A ,M,R,D,DO,F ,T,N,C,50,0,0,0,,,1748947,5426717,-41.29726044,174.7790174
Wellington City,TORY ST,15,S, ,HOLLAND ST,2656683,17/07/06,Mon,1320,EA,TN1C,386A 403A ,Q,R,D,B ,F , ,N,C,50,0,0,0,,,1749084,5427020,-41.29450711,174.7805787
Wellington City,TORY ST,20,S, ,HOLLAND ST,2652115,19/03/06,Sun,1910,EA,BN1C,386A ,M,R,D,TO,F , ,N,C,50,0,0,0,,,1749082,5427016,-41.2945435,174.7805558
Wellington City,TORY ST,10,S, ,LORNE ST,2656265,11/08/06,Fri,1350,MB,CN1C,353B 382B ,,R,D,B ,F ,X,N,C,50,0,0,0,,,1749044,5426934,-41.2952888,174.7801223
Wellington City,TORY ST,40,S, ,LORNE ST,2652247,25/02/06,Sat,1310,EA,TS1C,385A 691A ,M,R,D,B ,F , ,N,C,50,0,0,0,,,1749032,5426907,-41.2955341,174.7799856
Wellington City,TORY ST,, ,I,LORNE ST,2653458,9/05/06,Tue,820,LB,SS1V,303B 375B ,,R,D,B ,F ,X,G,C,50,0,0,0,,23,1749048,5426943,-41.29520703,174.7801678
Wellington City,TORY ST,50,N, ,SH 1N,2656770,8/12/06,Fri,1315,LB,CS1V,158A 303B 314B 377B 927 ,,R,D,B ,F ,D,N,C,50,0,0,0,,,1749016,5426871,-41.29586118,174.7798034
Wellington City,TORY ST,25,N, ,TENNYSON ST,2652074,7/04/06,Fri,1045,EA,CS14,385A 402A ,M,R,D,B ,F , ,N,C,50,0,0,0,,,1749086,5427026,-41.29445272,174.7806011
Wellington City,TORY ST,10,S, ,TENNYSON ST,2653778,24/07/06,Mon,1607,NF,CE1E,370A 711B 926 ,,R,D,O ,F ,D,N,C,50,0,0,0,25,,1749072,5426994,-41.29474342,174.7804419
Wellington City,TORY ST,, ,I,TENNYSON ST,2655260,29/09/06,Fri,927,KA,CN1C,308B 926 ,,R,D,B ,F ,D,N,C,50,0,0,0,,,1749076,5427003,-41.29466165,174.7804874
Wellington City,TORY ST,50,N, ,WAKEFIELD ST,2657188,8/12/06,Fri,1140,MF,4N1C,373B ,,R,D,O ,F , ,N,C,50,0,0,0,,,1749226,5427325,-41.29173483,174.7821992
Wellington City,TORY ST,60,N, ,WAKEFIELD ST,2656684,8/07/06,Sat,2150,MA,CN1C,373B ,,R,D,DO,F , ,N,P,50,0,0,0,,,1749230,5427334,-41.29165306,174.7822447
Wellington City,TOTARA ROAD,250,E, ,NEVAY ROAD,2652183,27/04/06,Thu,2030,MO,CE1C,386A ,M,E,W,DO,L , ,N,N,50,0,0,0,,,1753047,5425854,-41.30426311,174.8281811
Wellington City,TOWNSEND ROAD,, ,I,AWA ROAD,2656260,8/12/06,Fri,645,BC,CN1C,120A 351A 386A ,,E,D,O ,F ,Y,N,N,50,0,0,0,,,1752735,5424865,-41.31322637,174.8247043
Wellington City,TOWNSEND ROAD,20,E, ,OTAKI ST,2656494,25/12/06,Mon,1505,BB,CS1C,111A 123A ,Q,M,D,B ,F , ,N,N,50,0,0,0,,,1752569,5424414,-41.31731822,174.8228353
Wellington City,TROY ST,20,S, ,COBHAM DRIVE,2652220,28/01/06,Sat,1300,FD,BN1C,331A ,,R,D,O ,F , ,N,R,50,0,0,0,,,1750900,5424399,-41.31776727,174.8029079
Wellington City,TROY ST,20,N, ,KEMP ST,2655939,28/09/06,Thu,1740,FB,CN1C,181A ,,E,D,O ,F , ,N,R,50,0,0,0,,,1750877,5424363,-41.31809569,174.8026422
Wellington City,TROY ST,, ,I,SH 1N COBHAM,2651814,10/03/06,Fri,1315,FB,4N1C,331A ,,R,D,B ,F ,R,G,R,70,0,0,0,,,1750900,5424414,-41.31763222,174.8029042
Wellington City,TULLY ST,15,W, ,KILBIRNIE CRESCENT,2655907,24/11/06,Fri,2050,MF,CE1C,373B ,M,E,D,DO,F , ,N,N,50,0,0,0,,,1750097,5424659,-41.31557626,174.7932543
Wellington City,UPLAND ROAD,, ,I,GLEN ROAD,2653261,10/04/06,Mon,1425,CC,CS2CCC,103A 122A ,,R,D,B ,F ,Y,G,C,50,0,0,0,,,1747836,5427752,-41.28814611,174.7655024
Wellington City,UPLAND ROAD,, ,I,GLEN ROAD,2652131,22/05/06,Mon,1430,GB,VN1C,158A 122B ,,R,D,B ,F ,Y,G,P,50,0,0,0,,,1747836,5427752,-41.28814611,174.7655024
Wellington City,UPLAND ROAD,20,N, ,GROVE ROAD,2652222,27/02/06,Mon,1815,EA,TN1C,129A 386A ,M,R,D,B ,F , ,N,C,50,0,0,0,,,1747802,5427696,-41.28865653,174.7651101
Wellington City,UPLAND ROAD,20,W, ,KOWHAI ROAD,2651889,17/04/06,Mon,1400,EA,4W1C,129A ,M,R,D,O ,F , ,N,C,50,0,0,0,,,1747462,5427831,-41.28750323,174.7610188
Wellington City,UPLAND ROAD,, ,I,KOWHAI ROAD,2611469,20/01/06,Fri,1830,FC,CS1C,331A 191B ,,R,D,B ,F ,T,N,X,50,0,0,1,,,1747471,5427813,-41.28766365,174.7611306
Wellington City,UPLAND ROAD,30,E, ,PLUNKET ST,2657103,5/11/06,Sun,1823,MO,CN1C,371A ,M,R,W,O ,L , ,N,C,50,0,0,0,,,1747539,5427673,-41.28891172,174.7619763
Wellington City,UPLAND ROAD,60,E, ,PLUNKET ST,2611914,3/03/06,Fri,1752,HA,SN1C,312A 363B ,,E,D,B ,F , ,N,X,50,0,0,1,,12,1747558,5427650,-41.28911532,174.7622086
Wellington City,UPLAND ROAD,60,W, ,ST MICHAELS CRESCENT,2650093,22/01/06,Sun,1815,MO,CE1C,385A ,M,E,D,B ,F , ,N,C,50,0,0,0,,,1747589,5427634,-41.28925371,174.7625826
Wellington City,UPLAND ROAD,, ,I,ST MICHAELS CRESCENT,2657225,11/12/06,Mon,1245,GC,CE1C,181A ,,R,D,B ,F ,T,G,C,50,0,0,0,,,1747648,5427640,-41.2891889,174.7632854
Wellington City,VICTORIA ST,20,N, ,ABEL SMITH ST,2655559,20/10/06,Fri,1315,AC,TS1C,372A 381A ,,R, ,B ,F ,X,T,C,50,0,0,0,,,1748373,5426935,-41.29540342,174.7721116
Wellington City,VICTORIA ST,, ,I,ABEL SMITH ST,2655503,24/10/06,Tue,1610,HA,CS1V,322A 350A 414A ,,R,W,TO,H ,X,T,C,50,0,0,0,,,1748365,5426917,-41.29556695,174.7720204
Wellington City,VICTORIA ST,15,S, ,DIXON ST,2652259,30/01/06,Mon,920,AA,CS1C,137A 372A ,,R,D,B ,F , ,N,C,50,0,0,0,,,1748633,5427374,-41.29140307,174.7751083
Wellington City,VICTORIA ST,, ,I,DIXON ST,2655908,20/12/06,Wed,1020,LB,CN1C,330A 353A 387B ,,R,W,O ,L ,X,T,C,50,0,0,0,,,1748643,5427385,-41.29130219,174.775225
Wellington City,VICTORIA ST,, ,I,DIXON ST,2656542,18/11/06,Sat,1130,FE,CW2C,181A ,,R,W,O ,H ,X,T,C,50,0,0,0,,,1748643,5427385,-41.29130219,174.775225
Wellington City,VICTORIA ST,, ,I,DIXON ST,2657026,28/12/06,Thu,35,HA,XW1C,322B ,,R,W,DO,L ,X,T,N,50,0,0,0,,,1748643,5427385,-41.29130219,174.775225
Wellington City,VICTORIA ST,, ,I,DIXON ST,2653204,12/06/06,Mon,2130,DA,TS1,131A 403A 687A ,,R,D,DO,F ,X,T,C,50,0,0,0,,,1748643,5427385,-41.29130219,174.775225
Wellington City,VICTORIA ST,40,N, ,GHUZNEE ST,2652137,28/02/06,Tue,930,GD,CS1C,331A 927 ,,R,D,O ,F ,D,N,C,50,0,0,0,,,1748555,5427266,-41.2923898,174.7742035
Wellington City,VICTORIA ST,25,S, ,HARRIS ST,2612971,29/09/06,Fri,1400,NA,CS1E,711B ,,R,W,O ,L , ,N,C,50,0,0,1,43,,1748752,5427763,-41.28787881,174.7764338
Wellington City,VICTORIA ST,50,S, ,HARRIS ST,2656250,22/12/06,Fri,1130,MO,4S1C,371A 386A ,M,R,D,B ,F , ,N,C,50,0,0,0,,,1748742,5427740,-41.28808773,174.7763201
Wellington City,VICTORIA ST,, ,I,MANNERS ST,2611862,8/03/06,Wed,2308,NB,CN1E,105B 713B 718B ,,M,D,DO,F ,Y,T,R,50,0,1,1,44,,1748686,5427488,-41.29036692,174.7757131
Wellington City,VICTORIA ST,, ,I,MERCER ST,2611933,5/04/06,Wed,2130,NB,TS1E,717B 718B ,,R,D,DO,F ,Y,T,X,50,0,1,0,19,,1748724,5427694,-41.28850521,174.7761164
Wellington City,VICTORIA ST,30,N, ,WEBB ST,2657030,20/12/06,Wed,845,AC,VS1T,372A 333B ,,R,D,O ,F , ,N,N,50,0,0,0,,,1748301,5426778,-41.2968302,174.7712903
Wellington City,VICTORIA ST,, ,I,WILLESTON ST,2656797,13/12/06,Wed,1555,GF,4W2C,172A 352A 817 ,,R,D,B ,F ,X,T,C,50,0,0,0,,,1748808,5427890,-41.28672505,174.7770712
Wellington City,VOLGA ST,50,W, ,HUDSON ST,2655887,24/11/06,Fri,803,BB,TS1C,123A 820 ,,M,D,B ,F , ,N,C,50,0,0,0,,,1748823,5422641,-41.33398117,174.7785346
Wellington City,WADE ST,, ,I,WELD ST,2653656,20/07/06,Thu,1610,FC,CW14,181A ,,R,W,O ,L ,T,N,X,50,0,0,0,,,1748528,5430389,-41.26427691,174.7731198
Wellington City,WADESTOWN ROAD,30,E, ,CECIL ROAD,2656161,12/06/06,Mon,245,MO,CN1C,512A ,,R,D,DO,F , ,N,C,50,0,0,0,,,1748701,5430668,-41.26173311,174.7751161
Wellington City,WADESTOWN ROAD,5,E, ,LYTTON ST,2613092,6/10/06,Fri,1653,DB,CN1,123A 351A ,S,E,D,B ,F ,Y,N,C,50,0,0,1,,,1748244,5430691,-41.26161,174.7696576
Wellington City,WADESTOWN ROAD,, ,I,LYTTON ST,2650749,30/01/06,Mon,1225,ED,CE1T,363A 386A 503A ,Q,R,D,B ,F ,T,N,C,50,0,0,0,,,1748239,5430693,-41.26159291,174.7695974
Wellington City,WAIKOWHAI ST,60,S, ,CROFTON ROAD,2653901,16/08/06,Wed,820,FD,CN1C,331A ,,E,D,O ,F , , ,C,50,0,0,0,,,1748502,5431879,-41.25086645,174.7724468
Wellington City,WAIKOWHAI ST,, ,I,CROFTON ROAD,2656254,20/12/06,Wed,1915,FB,CN1C,371B 420B ,,R,D,B ,F ,R,G,C,50,0,0,0,,,1748543,5431915,-41.25053479,174.7729271
Wellington City,WAIPAPA ROAD,100,S, ,ARAWA ROAD,2652224,4/03/06,Sat,1430,EA,CS1C,112A 130A ,M,R,D,OO,H , ,N,C,50,0,0,0,,,1750720,5426317,-41.30053261,174.8002831
Wellington City,WAIPAPA ROAD,60,N, ,HUIA ROAD,2652195,31/03/06,Fri,1754,MA,CN1C,373B ,,R,D,B ,F , ,N,C,50,0,0,0,,,1750616,5426192,-41.30167744,174.7990724
Wellington City,WAITOA ROAD,, ,I,HAPUA ST,2611674,24/03/06,Fri,1240,KA,BS1C,302B 375B ,,R,D,O ,  ,T,G,C,50,0,0,1,,,1750038,5426137,-41.3022803,174.7921852
Wellington City,WAITOA ROAD,100,S, ,HINAU ROAD,2657178,26/11/06,Sun,1300,MG,CS1C,371A 385A ,M,S,D,B ,F , ,N,C,50,0,0,0,,,1750107,5426041,-41.30313179,174.7930327
Wellington City,WAITOA ROAD,, ,I,WAITOA ST,2650347,19/01/06,Thu,400,DA,CE2CCC,103A 111A 131A ,MMM,R,D,DO,F ,T,N,C,50,0,0,0,,,1750434,5425831,-41.30496159,174.7969888
Wellington City,WAKEFIELD ST,20,N, ,ALLEN ST,2650857,27/01/06,Fri,1853,KA,VW1C,302B 382B ,,R,D,O ,F ,T,G,C,50,0,0,0,,,1749253,5427256,-41.29235108,174.7825384
Wellington City,WAKEFIELD ST,, ,I,ALLEN ST,2654819,18/09/06,Mon,1527,MO,CW24,371A ,,R,D,B ,F ,T,N,C,50,0,0,0,,,1749272,5427248,-41.29241959,174.7827672
Wellington City,WAKEFIELD ST,, ,I,BLAIR ST,2656256,19/11/06,Sun,2020,KA,CW1C,122B 372B ,,R,D,TF,L ,T,S,C,50,0,0,0,,,1749336,5427217,-41.29268686,174.7835388
Wellington City,WAKEFIELD ST,, ,I,CAMBRIDGE TERRACE,2655808,1/11/06,Wed,845,FA,XW1C,181A 353A 434A 191B ,,E,D,B ,F ,Y,N, ,50,0,0,0,,,1749394,5427177,-41.29303626,174.784241
Wellington City,WAKEFIELD ST,, ,I,CHAFFERS ST,2655498,26/10/06,Thu,810,KB,XW1X,321B ,,R,D,B ,F ,T,S,C,50,0,0,0,,,1749319,5427226,-41.29260897,174.7833336
Wellington City,WAKEFIELD ST,, ,I,CHAFFERS ST,2652263,19/04/06,Wed,1720,JA,CW1V,301B 387B ,,R,D,B ,F ,T,S,C,50,0,0,0,,,1749319,5427226,-41.29260897,174.7833336
Wellington City,WAKEFIELD ST,20,W, ,CUBA ST,2655248,16/10/06,Mon,1026,AA,CW1C,372A 377A ,,R,D,B ,F , ,N,C,50,0,0,0,,,1748827,5427542,-41.28985475,174.7773831
Wellington City,WAKEFIELD ST,, ,I,CUBA ST,2653544,17/06/06,Sat,2255,LB,CW1C,173A 303B 387B ,,R,W,DO,F ,T,T,C,50,0,0,0,,,1748841,5427528,-41.28997822,174.7775536
Wellington City,WAKEFIELD ST,15,E, ,OPERA HOUSE LANE,2613231,29/08/06,Tue,1830,JA,PW1C,308B 375B 926 ,,R,D,DO,F ,D,N,C,50,0,0,1,,,1748913,5427470,-41.29048714,174.7784273
Wellington City,WAKEFIELD ST,15,E, ,TARANAKI ST,2656703,17/10/06,Tue,1515,KB,CW1C,122B 386B 434B 922 ,,R,D,B ,F ,M,T,R,50,0,0,0,,,1749025,5427382,-41.29125877,174.7797858
Wellington City,WAKEFIELD ST,20,E, ,TARANAKI ST,2611294,10/02/06,Fri,1610,FD,VW1C,191A 351A 387A ,,R,D,O ,F , ,N,N,50,0,0,2,,,1749029,5427379,-41.29128504,174.7798343
Wellington City,WAKEFIELD ST,100,E, ,TARANAKI ST,2613773,15/11/06,Wed,1320,NA,CW1E,713B ,,R,D,B ,F , ,N,C,50,0,0,1,29,,1749092,5427330,-41.29171458,174.7805983
Wellington City,WAKEFIELD ST,30,W, ,TARANAKI ST,2656925,2/12/06,Sat,2035,FA,CW1C,181A 191B 446B ,,R,D,O ,F ,M,N,C,50,0,0,0,,,1748989,5427410,-41.29101332,174.7793492
Wellington City,WAKEFIELD ST,, ,I,TARANAKI ST,2612815,20/07/06,Thu,2140,ND,CW1E,307A 376A ,,R,D,DO,F ,X,T,C,50,0,0,1,66,,1749013,5427391,-41.29117995,174.7796403
Wellington City,WAKEFIELD ST,, ,I,TARANAKI ST,2657259,17/12/06,Sun,524,CA,CE1,103A 125A ,IP,R,W,DO,L ,X,T,R,50,0,0,0,,,1749013,5427391,-41.29117995,174.7796403
Wellington City,WAKEFIELD ST,, ,I,TARANAKI ST,2651988,20/01/06,Fri,2358,AA,CW1C,372A ,,R,D,DO,F ,M,T,C,50,0,0,0,,,1749013,5427391,-41.29117995,174.7796403
Wellington City,WAKEFIELD ST,5,W, ,TORY ST,2657025,22/12/06,Fri,1535,EA,BW1C,386A ,M,R,D,B ,F ,X,T,C,50,0,0,0,,,1749199,5427281,-41.29213597,174.7818876
Wellington City,WAKEFIELD ST,, ,I,TORY ST,2650853,8/02/06,Wed,1015,HA,CW1C,322A ,,R,W,O ,L ,X,T,C,50,0,0,0,,,1749204,5427279,-41.29215306,174.7819478
Wellington City,WAKEFIELD ST,, ,I,TORY ST,2651446,23/03/06,Thu,2045,HA,CW1C,322A 375A ,,R,D,DO,L ,X,T,C,50,0,0,0,,,1749204,5427279,-41.29215306,174.7819478
Wellington City,WAKEFIELD ST,, ,I,TORY ST,2653780,4/08/06,Fri,1527,GA,CW1C,331A 358A ,,R,D,O ,F ,X,T,C,50,0,0,0,,,1749204,5427279,-41.29215306,174.7819478
Wellington City,WAKEFIELD ST,, ,I,VICTORIA ST,2651813,15/03/06,Wed,1755,AC,CS1B,381A ,,E,D,O ,F ,T,T,C,50,0,0,0,,,1748725,5427666,-41.28875712,174.7761352
Wellington City,WALLACE ST,40,S, ,BIDWILL ST,2652076,29/03/06,Wed,637,GD,TN1C,125A 370A 926 ,,R,D,O ,F ,D,N,C,50,0,0,0,,,1748536,5426190,-41.30208101,174.7742393
Wellington City,WALLACE ST,, ,I,BIDWILL ST,2654670,24/08/06,Thu,1935,LB,CN1C,145A 386A 400A ,,R,W,DO,L ,X,T,C,50,0,0,0,,,1748521,5426227,-41.30175064,174.7740512
Wellington City,WALLACE ST,20,S, ,FINLAY TERRACE,2653512,5/06/06,Mon,1239,EA,CN1C,129A ,M,R,D,B ,F , ,N,L,50,0,0,0,,,1748592,5425969,-41.30406045,174.7749619
Wellington City,WALLACE ST,20,N, ,HARGREAVES ST,2653659,30/06/06,Fri,1730,FC,CS1C,331B ,,R,W,TO,L , ,N,X,50,0,0,0,,,1748578,5426066,-41.3031897,174.774771
Wellington City,WALLACE ST,50,N, ,HOWARD ST,2613645,1/12/06,Fri,915,NA,CS1E,370A 712B ,,R,D,O ,F , ,N,C,50,0,0,2,17,,1748599,5425918,-41.30451834,174.7750579
Wellington City,WALLACE ST,50,N, ,HOWARD ST,2650526,7/02/06,Tue,2130,FD,CN1C,181A ,,R,D,DO,F , ,N,L,50,0,0,0,,,1748599,5425918,-41.30451834,174.7750579
Wellington City,WALLACE ST,15,S, ,HOWARD ST,2654304,19/05/06,Fri,1600,FD,CS1C,112A 181A ,S,R,D,B ,F , , ,C,50,0,0,0,,,1748600,5425853,-41.30510338,174.7750857
Wellington City,WALLACE ST,30,N, ,HUTCHISON ROAD,2654812,7/09/06,Thu,2338,BA,CS1CCC,125A 410A ,M,R,D,DO,F , ,N,C,50,0,0,0,,,1748695,5425619,-41.30719268,174.7762772
Wellington City,WALLACE ST,100,S, ,ROLLESTON ST,2612473,24/05/06,Wed,729,NB,4N1E,306A 376A ,,R,W,O ,L , ,N,X,50,0,0,1,23,,1748581,5426041,-41.30341423,174.774813
Wellington City,WALLACE ST,, ,I,ROLLESTON ST,2655020,13/07/06,Thu,1245,DB,CE2CCC,131A 400A 423A ,MHF,R,D,B ,F ,T,G,C,50,0,0,0,,,1748557,5426138,-41.30254532,174.7745027
Wellington City,WALLACE ST,30,W, ,TASMAN ST,2651165,10/03/06,Fri,1045,FC,CW1C,331A ,,E,D,B ,F , ,N,X,50,0,0,0,,,1748687,5425615,-41.30723016,174.7761827
Wellington City,WARING TAYLOR ST,30,E, ,FEATHERSTON ST,2655914,12/12/06,Tue,1430,MF,CW1C,373B ,,R,D,B ,F ,T,T,N,50,0,0,0,,,1748885,5428365,-41.28243422,174.7778742
Wellington City,WARING TAYLOR ST,30,E, ,LAMBTON QUAY,2655809,10/11/06,Fri,1030,MO,CW1C,,M,R,D,B ,F , ,N,C,50,0,0,0,,,1748762,5428422,-41.28194369,174.7763922
Wellington City,WARING TAYLOR ST,50,E, ,LAMBTON QUAY,2653663,2/05/06,Tue,1330,MO,CW1C,370A 371B ,,R,D,B ,F , ,N,N,50,0,0,0,,,1748780,5428414,-41.2820124,174.776609
Wellington City,WASHINGTON AVENUE,, ,I,BROOKLYN ROAD,2651608,27/03/06,Mon,1210,JA,CN1C,302B 375B ,,R,D,B ,F ,T,G,C,50,0,0,0,,,1747874,5426138,-41.30267077,174.7663481
Wellington City,WASHINGTON AVENUE,, ,I,BROOKLYN ROAD,2655902,20/10/06,Fri,2150,DB,CW2C,111A 122A ,,R,D,DO,F ,T,G,C,50,0,0,0,,,1747874,5426138,-41.30267077,174.7663481
Wellington City,WASHINGTON AVENUE,40,S, ,CLEVELAND ST,2655538,10/10/06,Tue,820,MA,CN1C,373B ,,R,D,O ,F , ,N,C,50,0,0,0,,,1747901,5425819,-41.30553793,174.766748
Wellington City,WASHINGTON AVENUE,50,S, ,DORKING ROAD,2612576,4/07/06,Tue,1800,NA,CS1E,370A 712B 724B ,,E,W,DO,LS, ,N,C,50,0,0,1,63,,1747900,5425664,-41.30693365,174.7667737
Wellington City,WASHINGTON AVENUE,40,S, ,GARFIELD ST,2655935,11/12/06,Mon,2300,EA,CS1C,386A ,M,M,D,DO,F , ,N,C,50,0,0,0,,,1747900,5425584,-41.30765393,174.7667932
Wellington City,WATERLOO QUAY,, ,A,AOTEA QUAY,2651057,21/01/06,Sat,500,DB,CN1C,111A 431A ,G,M,D,TO,F , ,N,C,50,0,0,0,,,1749678,5429335,-41.2735543,174.7871009
Wellington City,WATERLOO QUAY,250,N, ,BUNNY ST,2613583,13/12/06,Wed,1640,FD,CN1CC,331A ,,R,D,B ,F , ,N,L,50,0,0,2,,,1749257,5428800,-41.27844905,174.7822077
Wellington City,WATERLOO QUAY,, ,I,BUNNY ST,2656489,14/12/06,Thu,606,FE,CN1C,103A 181A ,,R,D,B ,F ,X,T,R,50,0,0,0,,,1749102,5428604,-41.28024236,174.7804058
Wellington City,WATERLOO QUAY,, ,I,BUNNY ST,2611288,4/02/06,Sat,1505,FE,CN1C4,181A 331A 350A ,,R,D,B ,F ,X,T,L,50,0,0,1,,,1749102,5428604,-41.28024236,174.7804058
Wellington City,WATERLOO QUAY,40,S, ,HINEMOA ST,2656279,8/11/06,Wed,1645,JA,CN1C,308B 314B 377B 927 ,,R,D,O ,F ,D,N,C,50,0,0,0,,,1749385,5428963,-41.27695782,174.7836954
Wellington City,WATERLOO QUAY,, ,I,HINEMOA ST,2655497,2/10/06,Mon,1237,QG,TW2,429A ,S,R,W,O ,L ,X,T,R,50,0,0,0,,,1749409,5428994,-41.27667428,174.7839743
Wellington City,WATERLOO QUAY,, ,I,HINEMOA ST,2651234,22/03/06,Wed,1538,JC,CS1C,322A 334A ,,R,D,O ,F ,X,T,R,50,0,0,0,,,1749409,5428994,-41.27667428,174.7839743
Wellington City,WATERLOO QUAY,, ,I,HINEMOA ST,2611759,4/03/06,Sat,19,EO,CN1,103A 330A 350A ,IS,R,W,DO,HS,T,T,R,50,0,0,1,,,1749409,5428994,-41.27667428,174.7839743
Wellington City,WATERLOO QUAY,15,N, ,WHITMORE ST,2655718,19/10/06,Thu,830,EA,CN1T,386A ,M,R,D,O ,F , ,T,L,50,0,0,0,,,1748990,5428450,-41.28164956,174.7791067