TLA NAME,CRASH ROAD,CRASH DIST,CRASH DIRN,INTSN,SIDE ROAD,CRASH ID,CRASH DATE,CRASH DOW,CRASH TIME,MVMT,VEHICLES,CAUSES,OBJECTS STRUCK,ROAD CURVE,ROAD WET,LIGHT,WTHRa,JUNC TYPE,TRAF CTRL,ROAD MARK,SPD LIM,CRASH FATAL CNT,CRASH SEV CNT,CRASH MIN CNT,PERS AGE1,PERS AGE2,EASTING,NORTHING,latitude,longitude
Wellington City,WATERLOO QUAY,50,N, ,WHITMORE ST,2657070,23/11/06,Thu,840,FD,VS1CCC,386A 181B 180C ,,R,D,O ,F , ,N,C,50,0,0,0,,,1749011,5428478,-41.28139359,174.7793505
Wellington City,WATERLOO QUAY,90,N, ,WHITMORE ST,2653529,21/06/06,Wed,1110,MO,CN1C,386A ,M,R,D,B ,F , ,N,P,50,0,0,0,,,1749034,5428511,-41.28109223,174.7796169
Wellington City,WATERLOO QUAY,30,S, ,WHITMORE ST,2655262,25/09/06,Mon,1825,AO,PN14,151A 190B 357B ,,R,D,TF,F , ,N,C,50,0,0,0,,,1748999,5428462,-41.28153986,174.7792112
Wellington City,WATERLOO QUAY,, ,I,WHITMORE ST,2656555,7/11/06,Tue,1803,JA,CN1C,322A 355A ,,R,D,O ,F ,T,T,R,50,0,0,0,,,1748982,5428438,-41.28175908,174.7790141
Wellington City,WATERLOO QUAY,, ,I,WHITMORE ST,2655541,20/10/06,Fri,1730,KA,CS1C,322A 926 ,,M,D,BF,F ,X,T,R,50,0,0,0,,,1748982,5428438,-41.28175908,174.7790141
Wellington City,WATERLOO QUAY,, ,I,WHITMORE ST,2654982,22/10/06,Sun,1550,JA,VN1C,322A ,,S,W,O ,F ,X,T,R,50,0,0,0,,,1748982,5428438,-41.28175908,174.7790141
Wellington City,WATERLOO QUAY,, ,I,WHITMORE ST,2612458,12/07/06,Wed,2010,HA,CW2C,324B 926 ,,R,D,DO,F ,D,T,C,50,0,0,1,,,1748982,5428438,-41.28175908,174.7790141
Wellington City,WEBB ST,, ,I,HOPPER ST,2656771,27/12/06,Wed,1740,KB,CE1C,302B 382B ,,R,D,O ,F ,T,G,C,50,0,0,0,,,1748565,5426632,-41.29809615,174.7744776
Wellington City,WEBB ST,, ,I,TARANAKI ST,2655544,13/09/06,Wed,720,MG,CE1C,197B 371B ,,R,D,B ,F ,T,T,C,50,0,0,0,,,1748654,5426592,-41.2984399,174.77555
Wellington City,WEBB ST,10,E, ,VICTORIA ST,2655724,28/11/06,Tue,1730,FD,CW1V,427A ,,R,D,B ,F ,T,G,C,50,0,0,0,,,1748315,5426745,-41.29712474,174.7714654
Wellington City,WEBB ST,50,E, ,VICTORIA ST,2653657,22/07/06,Sat,1950,GA,CE1C,181A 929 ,,R,D,DO,F ,D,N,C,50,0,0,0,,,1748351,5426728,-41.29727118,174.7718994
Wellington City,WEBB ST,, ,I,VICTORIA ST,2655326,27/09/06,Wed,1400,KB,VW1T,302A 331B ,,R,D,O ,F ,T,G,C,50,0,0,0,,,1748276,5426763,-41.29696984,174.7709955
Wellington City,WEBB ST,, ,I,VICTORIA ST,2611902,19/05/06,Fri,1454,NA,CW1E,711B ,,R,D,B ,F ,T,G,R,50,0,0,1,64,,1748276,5426763,-41.29696984,174.7709955
Wellington City,WEBB ST,, ,I,WILLIS ST,2655030,19/09/06,Tue,2215,FB,CW1V,112A 331A ,,R,D,DO,F ,T,T,C,50,0,0,0,,,1748229,5426784,-41.2967894,174.7704292
Wellington City,WELD ST,30,S, ,WADE ST,2653897,20/06/06,Tue,1236,MO,CS1C,386A 929 ,M,R,D,B ,F ,D,N,N,50,0,0,0,,,1748519,5430360,-41.26453966,174.7730195
Wellington City,WELLINGTON ROAD,, ,I,CRAWFORD ROAD,2612726,3/08/06,Thu,800,JA,MS2C,302B 671B ,,E,D,O ,F ,R,G,R,50,0,1,0,,,1749784,5424941,-41.3130955,174.7894471
Wellington City,WESTCHESTER DRIVE,100,S, ,AMESBURY DRIVE,2650473,19/01/06,Thu,1236,EA,4S1CC,129A 350A ,M,R,D,B ,F , ,N,N,50,0,0,0,,,1751304,5437086,-41.20346614,174.8045845
Wellington City,WESTCHESTER DRIVE EAST,25,W, ,CHURTON PARK OFF NBD,2655239,3/05/06,Wed,805,MC,CW1V,372B ,,E,D,B ,F , ,N,L,50,0,0,0,,,1752597,5436985,-41.20413283,174.8200237
Wellington City,WESTCHESTER DRIVE EAST,, ,I,CHURTON PARK OFF NBD,2651379,18/04/06,Tue,1102,JA,CW1C,302B 350B 375B ,KS,R,D,B ,F ,T,G,R,50,0,0,0,,,1752620,5436975,-41.20421853,174.8203004
Wellington City,WHA ST,, ,I,FREYBERG ST,2656690,16/07/06,Sun,1500,QG,VN2C,666A ,M,E,D,B ,F ,X,S,C,50,0,0,0,,,1750094,5423527,-41.32576857,174.7934979
Wellington City,WHAREKAURI ST,50,N, ,AHURIRI ST,2656259,12/12/06,Tue,1000,QD,VN1C,350A 428A ,M,E,D,B ,F , ,N,N,50,0,0,0,,,1751861,5422293,-41.33654763,174.8149104
Wellington City,WHITMORE ST,20,W, ,CUSTOMHOUSE QUAY,2652351,3/04/06,Mon,825,MA,4E1T,373B ,,R,D,B ,F , ,N,N,50,0,0,0,,,1748970,5428454,-41.28161724,174.778867
Wellington City,WHITMORE ST,20,W, ,FEATHERSTON ST,2656249,22/12/06,Fri,1100,EE,CN1C,129A 170A 525B ,M,R,D,O ,F , ,N,C,50,0,0,0,,,1748912,5428538,-41.28087164,174.7781542
Wellington City,WHITMORE ST,10,S, ,LAMBTON QUAY,2611421,24/01/06,Tue,1205,NG,CN1E,350A 371A 730B ,,R,D,O ,F ,X,N,C,50,0,0,1,43,,1748824,5428679,-41.27961838,174.7770694
Wellington City,WHITMORE ST,, ,I,LAMBTON QUAY,2655721,5/09/06,Tue,910,GA,CN1C,181A ,,R,D,O ,F ,X,T,R,50,0,0,0,,,1748819,5428688,-41.27953827,174.7770076
Wellington City,WHITMORE ST,20,E, ,STOUT ST,2654301,24/08/06,Thu,1050,EE,XE1C,374B ,M,R,D,B ,F ,T,T,R,50,0,0,0,,,1748892,5428568,-41.28060523,174.7779082
Wellington City,WHITMORE ST,20,W, ,WATERLOO QUAY,2656040,1/11/06,Wed,1740,LO,CE1C,386B 927 ,,R,D,B ,F ,D,N,C,50,0,0,0,,,1748970,5428454,-41.28161724,174.778867
Wellington City,WIGAN ST,20,W, ,SH 1N,2650922,6/03/06,Mon,1320,MO,XW1C,386A ,,R,D,B ,F , ,N,C,50,0,0,0,,,1748727,5426817,-41.29640067,174.7763665
Wellington City,WILBERFORCE ST,, ,I,TOWNSEND ROAD,2657068,23/11/06,Thu,937,EO,TN1,385A ,HP,R,D,B ,F ,T,G,C,50,0,0,0,,,1752658,5423971,-41.32128978,174.8240093
Wellington City,WILFRED ST,120,S, ,CHESTER ROAD,2655263,26/09/06,Tue,2335,DA,CN1,410A ,CFT,M,W,DN,L , ,N,C,50,0,0,0,,,1752643,5440967,-41.16827265,174.819579
Wellington City,WILLESTON ST,, ,I,JERVOIS QUAY,2652151,14/03/06,Tue,1910,CB,CE1,133A 423A ,S,R,D,TF,F ,T,T,C,50,0,0,0,,,1748899,5427851,-41.28705941,174.778167
Wellington City,WILLESTON ST,50,W, ,VICTORIA ST,2654623,11/09/06,Mon,1540,EE,4W1C,374B ,M,R,D,B ,F , ,N,N,50,0,0,0,,,1748763,5427912,-41.28653527,174.7765287
Wellington City,WILLIS ST,, ,I,ABEL SMITH ST,2655244,23/10/06,Mon,350,DA,CS1,131A 201A 420A ,F,S,D,DO,F ,X,S,C,50,0,0,0,,,1748300,5426947,-41.2953088,174.7712372
Wellington City,WILLIS ST,, ,I,ABEL SMITH ST,2652424,21/04/06,Fri,2155,HA,CE2C,321A 350A 378A 817 830 ,,R,D,DO,F ,X,S,X,50,0,0,0,,,1748300,5426947,-41.2953088,174.7712372
Wellington City,WILLIS ST,, ,I,ABEL SMITH ST,2652139,24/04/06,Mon,1505,GC,CN1C,171B ,,R,D,B ,F ,X,S,C,50,0,0,0,,,1748300,5426947,-41.2953088,174.7712372
Wellington City,WILLIS ST,, ,I,ABEL SMITH ST,2611692,2/04/06,Sun,1154,HA,CS2C,301A 377A ,,R,D,O ,F ,X,S,X,50,0,0,1,,,1748300,5426947,-41.2953088,174.7712372
Wellington City,WILLIS ST,, ,I,ABEL SMITH ST,2654024,4/07/06,Tue,2144,HA,CE1C,321A 335A ,,R,W,DO,L ,X,S,C,50,0,0,0,,,1748300,5426947,-41.2953088,174.7712372
Wellington City,WILLIS ST,20,N, ,ARO ST,2613216,15/09/06,Fri,2320,NB,CN1E,306A 352A ,,R,D,DO,F , ,N,C,50,0,1,0,27,,1748259,5426858,-41.29611764,174.7707694
Wellington City,WILLIS ST,50,N, ,ARO ST,2653653,11/07/06,Tue,1020,GC,CN14,171B 372B 927 ,,R,D,O ,F , ,N,C,50,0,0,0,,,1748271,5426886,-41.29586334,174.7709058
Wellington City,WILLIS ST,50,N, ,ARO ST,2652758,16/06/06,Fri,1330,GC,CN1C,174B 372B 920 ,,R,D,O ,F ,D,N,C,50,0,0,0,,,1748271,5426886,-41.29586334,174.7709058
Wellington City,WILLIS ST,20,S, ,ARO ST,2611764,14/03/06,Tue,1250,FD,VN1CC,331A 353A 817 ,,R,D,B ,F , ,N,C,50,0,0,1,,,1748246,5426821,-41.29645315,174.7706232
Wellington City,WILLIS ST,, ,I,ARO ST,2654820,1/10/06,Sun,1541,FB,CW2C,181A 353A ,,R,D,O ,F ,T,G,R,50,0,0,0,,,1748250,5426840,-41.29628135,174.7706663
Wellington City,WILLIS ST,, ,I,ARO ST,2654630,4/09/06,Mon,1500,FB,VE2C,331A 353A ,,E,D,O ,F ,T,G,C,50,0,0,0,,,1748250,5426840,-41.29628135,174.7706663
Wellington City,WILLIS ST,50,N, ,DIXON ST,2653359,10/07/06,Mon,1650,MD,SN1C,204A 309A 926 ,,R,D,O ,F ,D,N,C,50,0,0,0,,,1748541,5427484,-41.29042962,174.7739832
Wellington City,WILLIS ST,15,S, ,DIXON ST,2654626,11/09/06,Mon,815,MA,4S1C,112A ,,R,D,B ,F , ,N,C,50,0,0,0,,,1748514,5427425,-41.2909658,174.7736753
Wellington City,WILLIS ST,30,S, ,DIXON ST,2613181,29/09/06,Fri,840,GC,CN1S,160B 333B 927 ,,R,D,B ,F ,D,N,C,50,0,0,1,,23,1748508,5427411,-41.29109295,174.7736071
Wellington City,WILLIS ST,50,S, ,DIXON ST,2654815,18/09/06,Mon,1555,MO,CN1C,371A 920 ,,R,D,B ,F ,D,N,C,50,0,0,0,,,1748500,5427393,-41.29125648,174.773516
Wellington City,WILLIS ST,100,S, ,DIXON ST,2653655,24/07/06,Mon,1354,EE,CN1C,374B ,M,R,W,O ,L , ,N,C,50,0,0,0,,,1748479,5427347,-41.29167451,174.7732765
Wellington City,WILLIS ST,, ,I,ELLERS AVENUE,2656067,17/11/06,Fri,1005,MD,XN1V,327A 371B ,,R,D,O ,F ,T,N,C,50,0,0,0,,,1748572,5427554,-41.28979368,174.7743362
Wellington City,WILLIS ST,30,N, ,GHUZNEE ST,2655412,9/08/06,Wed,915,FF,XS1V,331A 386A ,,R,W,O ,L ,M,T,C,50,0,0,0,,,1748458,5427299,-41.29211053,174.7730375
Wellington City,WILLIS ST,20,S, ,GHUZNEE ST,2655413,31/08/06,Thu,700,MO,CN1C,386A ,M,R,D,BF,F ,X,T,C,50,0,0,0,,,1748437,5427254,-41.29251955,174.7727978
Wellington City,WILLIS ST,30,S, ,GHUZNEE ST,2653527,31/05/06,Wed,1718,MO,CN1V,371A ,M,R,W,O ,L , ,N,N,50,0,0,0,,,1748433,5427244,-41.29261032,174.7727525
Wellington City,WILLIS ST,50,S, ,GHUZNEE ST,2653216,11/06/06,Sun,1200,EE,CN1V,374B ,M,R,D,B ,F , ,N,C,50,0,0,0,,,1748425,5427226,-41.29277385,174.7726614
Wellington City,WILLIS ST,70,S, ,GHUZNEE ST,2653260,28/03/06,Tue,950,FA,CN1C,181A 191B ,,R,D,O ,F , ,N,C,50,0,0,0,,,1748417,5427208,-41.29293739,174.7725703
Wellington City,WILLIS ST,, ,I,GHUZNEE ST,2656100,17/11/06,Fri,2216,FE,CN1C,101A 108A ,,S,W,DO,L ,M,T,C,50,0,0,0,,,1748446,5427272,-41.29235583,174.7729009
Wellington City,WILLIS ST,, ,I,LAMBTON QUAY,2650854,15/02/06,Wed,805,MG,CN1T,371B ,,R,D,B ,F ,T,T,C,50,0,0,0,,,1748740,5427923,-41.28644047,174.7762515
Wellington City,WILLIS ST,25,N, ,MANNERS ST,2656382,22/12/06,Fri,1345,AC,CN1C,372A 671A ,,R,D,B ,F , ,T,C,50,0,0,0,,,1748614,5427646,-41.28895763,174.7748151
Wellington City,WILLIS ST,5,S, ,MANNERS ST,2656246,8/08/06,Tue,1030,EA,CS1V,,M,R,D,B ,F ,X,T,C,50,0,0,0,,,1748601,5427619,-41.28920312,174.7746665
Wellington City,WILLIS ST,, ,I,MANNERS ST,2656101,21/11/06,Tue,1355,AC,BW2V,176A 372A ,,R,D,B ,F ,X,T,C,30,0,0,0,,,1748603,5427623,-41.28916673,174.7746894
Wellington City,WILLIS ST,, ,I,MANNERS ST,2612844,9/09/06,Sat,25,NF,CE1E,105B 713B ,,R,D,DO,F ,X,T,C,50,0,1,0,31,,1748603,5427623,-41.28916673,174.7746894
Wellington City,WILLIS ST,, ,I,MANNERS ST,2654349,12/07/06,Wed,1750,GF,CN1B,404A ,,M,W,DO,L ,X,T,C,50,0,0,0,,,1748603,5427623,-41.28916673,174.7746894
Wellington City,WILLIS ST,20,N, ,MERCER ST,2657179,24/11/06,Fri,2130,EA,BN1C,386A ,M,R,D,O ,F , ,N,C,50,0,0,0,,,1748661,5427745,-41.28805763,174.775352
Wellington City,WILLIS ST,20,N, ,MERCER ST,2611865,9/02/06,Thu,1623,NA,4N1E,711B 712B ,,R,D,O ,F , ,N,L,50,0,0,1,25,,1748661,5427745,-41.28805763,174.775352
Wellington City,WILLIS ST,, ,I,MERCER ST,2613478,7/09/06,Thu,1407,NB,CN1E,713B 718B ,,R,D,O ,F ,T,T,C,30,0,0,1,30,,1748653,5427727,-41.28822117,174.7752609
Wellington City,WILLIS ST,, ,I,PALMER ST,2650373,3/02/06,Fri,730,GA,MN1V,181A ,,R,W,O ,F ,T,G,C,50,0,0,0,,,1748277,5426898,-41.29575419,174.7709745
Wellington City,WILLIS ST,30,N, ,VIVIAN ST,2611928,22/04/06,Sat,2355,NA,CN1E,105B 711B ,,R,D,DO,F , ,N,C,50,0,0,1,21,,1748383,5427134,-41.2936099,174.7721824
Wellington City,WILLIS ST,50,N, ,VIVIAN ST,2657019,8/12/06,Fri,1100,AA,CN1C,144A 171A 372A 926 ,,R,W,O ,L ,D,N,C,50,0,0,0,,,1748392,5427152,-41.29344618,174.7722855
Wellington City,WILLIS ST,100,S, ,VIVIAN ST,2613384,25/08/06,Fri,154,EA,MN1C,125A 355A ,M,R,W,DO,L , ,N,C,50,0,0,1,,,1748330,5427015,-41.29469105,174.7715787
Wellington City,WILLIS ST,, ,I,WILLESTON ST,2613807,13/12/06,Wed,1410,NA,BS1E,370A 711B 718B ,,R,D,B ,F ,X,T,L,30,0,1,0,19,,1748740,5427923,-41.28644047,174.7762515
Wellington City,WINCHESTER ST,, ,A,FORE ST,2612814,14/07/06,Fri,1300,BB,CN1C,123A 378A 834 ,,S,W,O ,H , ,N,N,50,0,0,1,,,1749884,5431046,-41.25811125,174.7891387
Wellington City,WOODMAN DRIVE,15,N, ,PIKITANGA CLOSE,2650637,3/02/06,Fri,745,JA,VN1CC,308B 370B 839 929 ,HM,E,W,O ,L ,D,N,C,50,0,0,0,,,1753789,5440710,-41.17036994,174.8332978
Wellington City,WRIGHTS HILL ROAD,250,W, ,VOLTAIRE ST,2650483,27/01/06,Fri,2338,DA,CE1,111A 430A ,T,S,D,DN,F , ,N,C,50,0,0,0,,,1745678,5427238,-41.29316626,174.7398653
Wellington City,YULE ST,50,S, ,COUTTS ST,2656775,26/12/06,Tue,1400,MO,CW1,423A 929 ,H,R,D,O ,F ,D,N,N,50,0,0,0,,,1750549,5424022,-41.32122711,174.7988096
Wellington City,Z BYPASS CONSTRUCT SITE,70,S, ,KELVIN/ABEL SMITH,2656039,30/08/06,Wed,1625,MO,CE1C,512A 514B ,,R,W,O ,F , ,N,N,50,0,0,0,,,1748587,5426714,-41.29735381,174.7747203
Wellington City,Z CPK,, ,A,COROMANDEL/MEIN,2611808,28/03/06,Tue,1700,QD,VN1EC,611A ,,R,D,O ,F , ,N,N,50,0,1,0,29,,1749477,5425332,-41.30963214,174.785685
Wellington City,Z CPK,20,N, ,TORRENS/ARLINGTON,2650699,25/01/06,Wed,1720,MO,CE1C,371A ,,R,D,O ,F , ,N,N,50,0,0,0,,,1748438,5426502,-41.29928996,174.7729931
Wellington City,Z CPK AQUATIC CENTRE,, ,A,EVANS BAY/KILBIRNIE,2654240,23/08/06,Wed,1400,MO,CN1C,386A ,M,R,D,B ,F , ,N,N,50,0,0,0,,,1750364,5424472,-41.31721014,174.7964889
Wellington City,Z CPK AQUATIC CENTRE,, ,A,KILBIRNI/DUNCAN,2651881,18/03/06,Sat,1240,MO,CW1C,371A ,M,R,D,O ,F , ,N,N,50,0,0,0,,,1750145,5424675,-41.31542327,174.7938235
Wellington City,Z CPK BIG SAVE,, ,A,TORY/FREDERICK,2656772,23/12/06,Sat,1735,MO,CS1C,207A 371B ,,R,D,O ,F , ,N,N,50,0,0,0,,,1748997,5426750,-41.2969541,174.7796062
Wellington City,Z CPK BOWLING CLUB,40,N, ,PIRIE/BUS TUNNEL,2657055,14/12/06,Thu,1549,EC,BS1C,385A ,QX,R,D,O ,F , ,N,N,50,0,0,0,,,1749697,5426544,-41.29867926,174.7880137
Wellington City,Z CPK BUILDING,50,N, ,WILLIS/DIXON,2653363,10/03/06,Fri,1730,MO,CS1C,371A ,M,R,D,TF,F , ,N,N,50,0,0,0,,,1748564,5427487,-41.29039838,174.774257
Wellington City,Z CPK DICK SMITHS,100,S, ,JOHNSONVILLE/BRODERICK,2654048,11/08/06,Fri,1820,MO,CE1C,385A ,M,R,D,DO,F , ,N,R,50,0,0,0,,,1751489,5434615,-41.22567898,174.8074024
Wellington City,Z CPK DICK SMITHS,30,E, ,VIVIAN/TARANAKI,2654090,21/06/06,Wed,1615,MO,CN1C,371A ,M,R,D,O ,F , ,N,N,50,0,0,0,,,1748820,5426895,-41.29568126,174.7774577
Wellington City,Z CPK DRESSMART,, ,A,MAIN/REDWOOD,2657027,20/12/06,Wed,1300,MO,CE14,371A ,,R,D,B ,F , ,N,N,50,0,0,0,,,1753014,5439385,-41.18244608,174.8243947
Wellington City,Z CPK FREYBERG POOL,320,E, ,ORIENTAL/HERD,2656164,4/11/06,Sat,1852,MO,CE14,386A ,M,R,D,TO,F , ,N,N,50,0,0,0,,,1749864,5427473,-41.29028414,174.7897788
Wellington City,Z CPK FREYBERG POOL,320,E, ,ORIENTAL/HERD,2655924,26/09/06,Tue,735,EA,CE1C,386A ,M,R,D,O ,F , ,N,N,50,0,0,0,,,1749915,5427451,-41.29047274,174.790393
Wellington City,Z CPK HATAITAI PARK,, ,A,RUAHINE/GOA,2651191,12/03/06,Sun,939,MO,CE1,133A 423A ,E,E,W,O ,F , ,N,N,50,0,0,0,,,1749903,5425458,-41.30841867,174.7907407
Wellington City,Z CPK HOCKEY STDM,, ,A,MT ALBERT/RUSSELL,2613416,30/11/06,Thu,1450,MO,CS1,402A 423A ,F,R,D,B ,F , ,N,N,50,0,0,1,,,1749010,5423616,-41.32516834,174.7805292
Wellington City,Z CPK HOSPITAL,20,E, ,REGINA/RIDDIFORD,2653351,3/07/06,Mon,1150,MO,4N1C,350A 371A ,,R,D,O ,F , ,N,N,50,0,0,0,,,1748915,5425319,-41.30985312,174.7789775
Wellington City,Z CPK JAMES COOK HOTEL,, ,A,TERRACE/TERRACE OFF SBD,2653202,26/03/06,Sun,800,MO,CN1C,371A ,,R,D,O ,F , ,N,N,50,0,0,0,,,1748592,5428152,-41.28440593,174.774429
Wellington City,Z CPK JOHNSONVILLE SCHOOL,, ,A,OHARIU ROAD,2612441,25/06/06,Sun,1530,QA,CS1,521A ,,R,D,B ,F , ,N,N,50,0,0,1,,,1751344,5435350,-41.21908861,174.8054911
Wellington City,Z CPK JVILLE MALL,, ,A,GOTHIC/BRODERICK,2654592,2/05/06,Tue,1330,CO,CE1C,133A ,HM,R,D,B ,F , ,N,N,50,0,0,0,,,1751377,5434834,-41.2237282,174.8060125
Wellington City,Z CPK JVILLE MALL,, ,A,MOOREFIELD/GOTHIC,2654342,11/08/06,Fri,1230,MF,CS1C,371A 926 ,,R,D,B ,F , , ,N,10,0,0,0,,,1751389,5434959,-41.22260053,174.8061246
Wellington City,Z CPK JVILLE MALL,, ,A,MOOREFIELD/GOTHIC,2653966,14/06/06,Wed,1615,HA,CE1C,309A 358A ,,R,D,B ,F ,X,N,N,50,0,0,0,,,1751372,5434803,-41.22400824,174.8059605
Wellington City,Z CPK JVILLE MALL,50,W, ,MOOREFIELD/JOHNSONVILLE,2655294,21/09/06,Thu,1235,MO,CW1CC,386A 423A ,KM,R,D,B ,F , ,N,R,50,0,0,0,,,1751448,5435028,-41.22196825,174.806811
Wellington City,Z CPK KARORI MALL,40,N, ,RAINE/KARORI,2654599,10/10/06,Tue,1340,MO,CN1C,386A ,M,R,D,O ,F , ,N,N,50,0,0,0,,,1745542,5428284,-41.283773,174.7379918
Wellington City,Z CPK KFC,40,N, ,EVANS BAY/RONGOTAI,2653775,1/06/06,Thu,1900,MO,CN1C,371A 924 ,,E,D,DO,F , ,N,N,50,0,0,0,,,1750313,5424396,-41.3179039,174.7958987
Wellington City,Z CPK KOHUNGA REO,, ,A,COATES/MEXTED,2654692,14/09/06,Thu,830,MO,CW1C,386A ,M,R,D,O ,F , ,N,N,50,0,0,0,,,1754124,5442342,-41.15561286,174.8368788
Wellington City,Z CPK LIQUORLAND,40,W, ,CONSTABLE/DANIELL,2655549,11/09/06,Mon,1945,MO,CS1C,371A ,Q,E, ,DN,F , ,N,N,50,0,0,0,,,1748486,5422413,-41.33609609,174.7745648
Wellington City,Z CPK LOWER,1270,W, ,WRIGHTS HILL/VOLTAIRE,2655406,14/09/06,Thu,1630,EA,ME1C,110A 430A ,M,R,D,O ,F , ,N,N,50,0,0,0,,,1745251,5427282,-41.29284705,174.7347573
Wellington City,Z CPK LYCHGATE,, ,A,HALL/RIDDIFORD,2656814,13/12/06,Wed,1520,CO,CS1,133A 423A ,HT,R,D,B ,F , ,N,N,50,0,0,0,,,1748841,5425125,-41.31161344,174.7781414
Wellington City,Z CPK MCDONALDS,40,S, ,ADELAIDE/RUGBY,2653669,12/05/06,Fri,1915,MO,CE1X,380A ,M,R,D,DO,F , ,N,N,50,0,0,0,,,1748964,5426233,-41.30161496,174.7793388
Wellington City,Z CPK MEDICAL CENTRE,, ,A,MIRAMAR/STONE,2653645,6/07/06,Thu,1552,MO,4.00E+14,386A ,M,R,W,O ,HS, ,N,C,50,0,0,0,,,1751921,5424566,-41.31607205,174.815059
Wellington City,Z CPK MOOREFIELD,30,S, ,JOHNSONVILLE/NORMAN,2651961,12/03/06,Sun,1315,MO,CN1C,371A ,,R,D,O ,F , ,N,N,50,0,0,0,,,1751501,5434905,-41.22306575,174.8074735
Wellington City,Z CPK NATIONAL BANK,40,S, ,BILL CUTTING PLACE,2655918,7/12/06,Thu,1450,MO,CW1C,386A ,M,R,D,O ,F , ,N,N,50,0,0,0,,,1751441,5434968,-41.22250977,174.8067424
Wellington City,Z CPK NEW WORLD,, ,A,CABLE/CHAFFERS,2656859,26/11/06,Sun,1345,MO,CN1C,371A 386A ,M,R,D,O ,F , ,N,N,50,0,0,0,,,1749379,5427289,-41.29203066,174.7840344
Wellington City,Z CPK NEW WORLD,, ,A,CABLE/CHAFFERS,2654293,27/08/06,Sun,1400,MO,CS1C,102A 386A ,M,R,D,B ,F , ,N,N,50,0,0,0,,,1749368,5427253,-41.29235681,174.7839119
Wellington City,Z CPK NEW WORLD,, ,A,CABLE/CHAFFERS,2653648,13/08/06,Sun,1200,MO,CS1X,371A ,M,R,D,B ,F , ,N,N,50,0,0,0,,,1749389,5427254,-41.29234392,174.7841624
Wellington City,Z CPK NEW WORLD,, ,A,CHAFFERS/CABLE,2657023,3/12/06,Sun,1645,MO,CW1C,386A ,M,R,D,O ,F , ,N,N,50,0,0,0,,,1749355,5427226,-41.29260231,174.7837634
Wellington City,Z CPK NEW WORLD,, ,A,CHAFFERS/CABLE,2651319,26/03/06,Sun,1445,MO,CW1C,386A ,M,R,D,B ,F , ,N,N,50,0,0,0,,,1749359,5427262,-41.29227745,174.7838023
Wellington City,Z CPK NEW WORLD,, ,A,CHAFFERS/WAKEFIELD,2651880,18/03/06,Sat,225,MO,4S1C,371A ,,R,D,DO,F , ,N,N,50,0,0,0,,,1749428,5427238,-41.29248076,174.7846319
Wellington City,Z CPK NEW WORLD,30,W, ,DANIELL/NORMANBY,2652160,22/02/06,Wed,1300,MO,CE1CCC,400A 420A ,MMM,R,D,O ,F , ,N,N,50,0,0,0,,,1749188,5424824,-41.31425935,174.7823588
Wellington City,Z CPK NEW WORLD,50,W, ,MIRAMAR/STONE,2656371,8/07/06,Sat,1800,MO,CN1C,386A ,M,R,W,DO,L , ,N,N,50,0,0,0,,,1751880,5424580,-41.31595373,174.8145659
Wellington City,Z CPK QBA PARKING,, ,A,WEBB/CUBA,2656264,23/08/06,Wed,530,MO,TN1C,386A ,M,R,D,DO,F , ,N,N,50,0,0,0,,,1748419,5426659,-41.29787992,174.772728
Wellington City,Z CPK QUEENS WHARF,, ,A,CUSTOMHOUSE/WARING TAYLOR,2654429,1/08/06,Tue,915,MO,CN1T,387A 372B ,,R,D,B ,F , ,N,N,50,0,0,0,,,1748960,5428329,-41.28274451,174.7787782
Wellington City,Z CPK QUEENS WHARF,, ,A,JERVOIS QUAY,2651595,23/03/06,Thu,2032,MF,XN1C,351B 371B ,,R,W,DO,L , ,N,N,50,0,0,0,,,1748884,5428062,-41.28516245,174.7779364
Wellington City,Z CPK RLY STN,, ,A,BUNNY ST,2652153,10/03/06,Fri,957,MO,TE1X,371A ,M,R,D,B ,F , ,N,N,50,0,0,0,,,1749104,5428648,-41.27984584,174.7804189
Wellington City,Z CPK STADIUM ROAD,100,N, ,WATERLOO/HINEMOA,2650468,18/01/06,Wed,1120,JA,CN1C,308B 375B 926 ,,R,W,O ,HS,D,N,C,50,0,0,0,,,1749448,5429083,-41.27586576,174.7844179
Wellington City,Z CPK SUPERCHEAP,, ,A,TIRANGI/GEORGE BOLT,2655591,20/09/06,Wed,1614,MF,XS1C,331A 371B ,,R,D,O ,F , ,N,R,50,0,0,0,,,1750838,5423399,-41.32678214,174.8024157
Wellington City,Z CPK TAWA MEDICAL CENTRE,, ,A,REWA ST,2612534,11/08/06,Fri,1330,MO,CW1,501A ,H,R,D,B ,F ,T,N,N,50,0,0,1,,,1753059,5440838,-41.16935566,174.8245678
Wellington City,Z CPK TE PAPA,, ,A,CABLE/TORY,2652718,12/06/06,Mon,810,MO,4E1C,371A ,,R,W,O ,H , ,N,N,50,0,0,0,,,1749234,5427418,-41.29089604,174.7822719
Wellington City,Z CPK TELECOM,60,E, ,TORY/FORESTERS,2652245,27/02/06,Mon,1500,MO,CN1C,385A ,M,R,D,B ,F , ,N,N,50,0,0,0,,,1749132,5427056,-41.29417412,174.7811429
Wellington City,Z CPK THE MILL,30,N, ,VICTORIA/ABEL ST,2656248,16/01/06,Mon,1815,MO,CN1C,386A ,M,R,D,B ,F , ,N,N,50,0,0,0,,,1748388,5426932,-41.29542767,174.7722914
Wellington City,Z CPK THE WAREHOUSE,20,N, ,TIRANGI/GEORGE BOLT,2651882,26/02/06,Sun,1450,MO,CE14,371B ,,R,D,B ,F , ,N,N,50,0,0,0,,,1750883,5423469,-41.32614349,174.8029358