TLA NAME,CRASH ROAD,CRASH DIST,CRASH DIRN,INTSN,SIDE ROAD,CRASH ID,CRASH DATE,CRASH DOW,CRASH TIME,MVMT,VEHICLES,CAUSES,OBJECTS STRUCK,ROAD CURVE,ROAD WET,LIGHT,WTHRa,JUNC TYPE,TRAF CTRL,ROAD MARK,SPD LIM,CRASH FATAL CNT,CRASH SEV CNT,CRASH MIN CNT,PERS AGE1,PERS AGE2,EASTING,NORTHING,latitude,longitude
Wellington City,Z CPK VICTORIA UNI,200,S, ,KELBURN PARADE,2652221,27/02/06,Mon,,MO,CS1C,386A ,,R,D,O ,F , ,N,N,50,0,0,0,,,1748017,5427419,-41.2911111,174.7677439
Wellington City,Z CPK WAKEFIELD NEW WORLD,25,S, ,CABLE ST,2611926,10/02/06,Fri,2045,NB,CS1E,712B 713B ,,R,W,DO,H , ,N,N,50,0,0,1,18,,1749370,5427266,-41.2922394,174.7839326
Wellington City,Z CPK WAREHOUSE,100,S, ,JOHNSONVILLE/NORMAN,2656891,7/12/06,Thu,1015,MO,CW1C,371A ,,R,D,O ,F , ,N,N,50,0,0,0,,,1751506,5434896,-41.22314584,174.8075354
Wellington City,Z CPK WATERFRONT,60,E, ,WATERLOO/WHITMORE,2656276,1/09/06,Fri,830,MO,CN1C,371A 386A ,M,R,D,O ,F , ,N,N,50,0,0,0,,,1749025,5428447,-41.28167011,174.7795252
Wellington City,Z CPK WELLINGTON AIRPORT,, ,A,STEWART DUFF DRIVE,2652155,25/03/06,Sat,1335,MO,CS1C,302A ,,R,D,B ,F ,T,G,N,50,0,0,0,,,1751677,5423124,-41.32910062,174.812505
Wellington City,Z CPK WESTPAC STADIUM,100,N, ,WATERLOO/HINEMOA,2650525,30/01/06,Mon,1240,MC,CS1C,372B ,,R,D,B ,F , ,N,N,50,0,0,0,,,1749432,5429083,-41.27586872,174.7842269
Wellington City,Z CPK WGTN HOSPITAL,, ,A,HOSPITAL/RIDDIFORD,2654634,7/07/06,Fri,1100,MO,CN14,357A 387A 350B ,,E,D,B ,F , ,N,N,20,0,0,0,,,1749133,5425432,-41.30879547,174.7815529
Wellington City,Z CPK WOOLWORTHS,40,E, ,JOHNSONVILLE/BRODERICK,2656921,29/12/06,Fri,1220,MO,4W1C,386A ,M,R,D,B ,F , ,N,N,50,0,0,0,,,1751519,5434790,-41.22409777,174.8077167
Wellington City,Z CPK WOOLWORTHS,, ,A,JOHNSONVILLE/BRODERICK,2654171,7/07/06,Fri,1415,MO,CN1C,103A 110A ,,R,D,B ,F , , ,N,50,0,0,0,,,1751518,5434749,-41.22446709,174.807715
Wellington City,Z CPK YANS SUPERMARKET,, ,A,HOOPER/ ARLINGTON,2656697,15/07/06,Sat,1830,MO,4E1C,371A ,,R,W,TO,L , ,N,N,50,0,0,0,,,1748479,5426484,-41.29944448,174.773487
Wellington City,Z DWAY 153 MAIN,20,S, ,MAIN ROAD/ELENA,2650014,9/01/06,Mon,700,EA,CW1C,410A ,M,E,D,B ,F , ,N,N,50,0,0,0,,,1753045,5440459,-41.17277059,174.8244957
Wellington City,Z DWAY 313 THE TERRACE,50,S, ,TERRACE/GHUZNEE,2655905,7/11/06,Tue,2100,MO,4N1C,929,M,R,W,DO,L ,D,N,N,50,0,0,0,,,1748195,5427333,-41.29185274,174.7698897
Wellington City,Z DWAY 515 ADELAIDE ROAD,20,N, ,CHILKA ST,2652218,17/04/06,Mon,955,EA,CW1C,386A ,M,R,D,B ,F , ,N,N,50,0,0,0,,,1748569,5423975,-41.3220175,174.7751744
Wellington City,Z DWAY GORDON WILSON FLAT,20,S, ,TERRACE/MACDONALD,2656902,11/12/06,Mon,915,BC,CN1C,111A 121A 831 929 ,,S,D,B ,F ,D,N,N,50,0,0,0,,,1748248,5427428,-41.29098768,174.7704992
Wellington City,Z FCT BP,, ,A,HUTT/ HOROKIWI,2656479,5/11/06,Sun,1545,CO,4N1C,133A 410A ,HM,R,D,B ,F , ,N,N,100,0,0,0,,,1754045,5433881,-41.23180475,174.838068
Wellington City,Z FCT BP,, ,A,JOHNSONVILLE/DISRAELI,2653764,2/07/06,Sun,1240,FB,CW1C,181A 922 ,,R,D,O ,F ,D,N,P,50,0,0,0,,,1751492,5434641,-41.22544433,174.8074317
Wellington City,Z FCT BP,, ,A,MAIN/TAWA,2654368,29/07/06,Sat,1820,MO,CN1C,385A ,M,E,D,DO,F , ,N,N,50,0,0,0,,,1753103,5440143,-41.17560471,174.8252658
Wellington City,Z FCT BP,, ,A,TARANAKI/WAKEFIELD,2656247,16/09/06,Sat,2235,MO,CE1C,371A 387B ,,R,D,DO,F , ,N,N,50,0,0,0,,,1749046,5427401,-41.29108383,174.7800318
Wellington City,Z FCT BP,, ,A,TARANAKI/WAKEFIELD,2655675,22/10/06,Sun,1750,MO,CS1C,353A 371A ,,R,W,O ,H , ,N,N,50,0,0,0,,,1749035,5427395,-41.29113988,174.779902
Wellington City,Z FCT BP,, ,A,TARANAKI/WAKEFIELD,2652267,25/03/06,Sat,300,MO,CE1C,371A ,M,R,D,DO,F , ,N,N,50,0,0,0,,,1749044,5427407,-41.29103018,174.7800065
Wellington City,Z FCT SHELL,40,E, ,MIRAMAR/TAHINU,2612919,10/09/06,Sun,1245,MO,CS1EC,371A ,M,R,D,O ,F , ,N,N,50,0,0,1,27,,1751840,5424666,-41.31518698,174.8140667
Wellington City,Z FCT THE GATEWAY,100,S, ,JOHNSONVILLE/BRODERICK,2657186,19/10/06,Thu,1430,MG,VN1C,371A ,Q,R,D,O ,F , ,N,C,50,0,0,0,,,1751442,5434636,-41.22549871,174.8068367
Wellington City,Z GRENADA GROUNDS,, ,A,BUCCANEER PLACE,2612918,29/08/06,Tue,1632,MO,MN1E,402A 432A ,,R,D,O ,F , ,N,N,50,0,0,1,10,,1752574,5436766,-41.20610891,174.8198042
Wellington City,Z PLATFORM 9,30,W, ,WATERLOO QUAY,2655423,30/07/06,Sun,1620,MG,BN1X,371A 446B ,Q,R,D,O ,FS, ,N,N,50,0,0,0,,,1749168,5428725,-41.27914075,174.7811639
Wellington City,Z PRIVATE CPK AREA,130,N, ,CENTENNIALSBD/HUTT ROAD,2651496,6/03/06,Mon,930,EA,4E1C,386A ,M,R,D,B ,F , ,N,N,50,0,0,0,,,1751994,5432703,-41.24279867,174.8139005
Wellington City,Z PVT CPK,100,E, ,BURGESS/JOHNSONVILLE,2651214,22/02/06,Wed,1200,MO,CE1C,386A ,M,R,D,O ,F , ,N,N,50,0,0,0,,,1751763,5434990,-41.22225136,174.8105767
Wellington City,Z RED ROCKS ROAD,1000,W, ,OWHIRO BAY PARADE,2657018,1/12/06,Fri,1645,CA,4.00E+01,110A 138A 430A ,L,R,D,ON,F , ,N,N,50,0,0,0,,,1745903,5421320,-41.34640869,174.7439716
Wellington City,Z TRADE WAREHOUSE,200,N, ,TACY/KEMP,2655430,4/10/06,Wed,1107,EE,CW14,525B 903 ,M,R,W,O ,HS, ,N,N,50,0,0,0,,,1750569,5424612,-41.31591144,174.7989024
Wellington City,1N/1050/6.813,, ,A,COLLINS OBR,2612334,13/02/06,Mon,1548,FD,TS1CT,614A ,BC,R,D,B ,F , ,N,R,100,0,0,1,,,1754139,5441960,-41.15904929,174.8371536
Wellington City,1N/1050/6.856,2000,S, ,MUNGAVIN ON SBD,2611580,21/03/06,Tue,708,FD,VS1CC,135A 181A 901 ,,R,W,O ,H , ,N,R,100,0,0,3,,,1754122,5441921,-41.15940365,174.8369608
Wellington City,1N/1050/7.631,2000,N, ,TAWA OFF SBD,2651798,17/04/06,Mon,1120,CC,VS1,130A 687A ,G,R,D,O ,F , ,N,C,100,0,0,0,,,1753818,5441209,-41.16587176,174.833518
Wellington City,1N/1050/8.275,3500,S, ,MUNGAVIN OFF NBD,2651698,25/04/06,Tue,1255,CC,CN1,112A 132A 137A ,C,R,W,O ,L , ,N,R,100,0,0,0,,,1753614,5440601,-41.17138448,174.83124
Wellington City,1N/1050/8.614,1000,N, ,TAWA ON NBD,2655831,31/10/06,Tue,1630,FD,XN1C,181A ,,R,D,B ,F , ,N,R,100,0,0,0,,,1753549,5440268,-41.17439492,174.830549
Wellington City,1N/1050/8.764,850,N, ,TAWA ON NBD,2612783,24/08/06,Thu,2250,AC,CN1,111A 135A 402A ,G,E,W,DN,F , ,N,R,100,0,0,1,,,1753521,5440121,-41.17572371,174.8302522
Wellington City,1N/1050/9.014,600,N, ,TAWA ON NBD,2651167,23/02/06,Thu,800,AC,CN1C,372A 158B ,,R,D,O ,F , ,N,R,100,0,0,0,,,1753457,5439879,-41.17791465,174.8295502
Wellington City,1N/1050/9.114,500,N, ,TAWA ON NBD,2655165,3/10/06,Tue,1502,FD,CN1C,331A ,,R,D,O ,F , ,N,C,100,0,0,0,,,1753423,5439785,-41.1787674,174.8291686
Wellington City,1N/1050/9.601,30,N, ,TAWA OFF SBD,2653247,22/06/06,Thu,715,FD,CS1CC,331A 358A ,,M,W,O ,HS, ,N,R,100,0,0,0,,,1753512,5439337,-41.18278405,174.8303415
Wellington City,1N/1050/9.66,30,S, ,TAWA OFF SBD,2655898,17/11/06,Fri,2327,DA,VS1CC,135A 135C 823 ,PXL,M,W,DF,H , ,N,R,100,0,0,0,,,1753549,5439291,-41.18319119,174.830794
Wellington City,1N/1060/0.265,, ,I,TAWA ON SBD,2651479,5/03/06,Sun,1110,AA,VS1C,158A 381A ,,R,D,O ,F ,Y,N,R,100,0,0,0,,,1753635,5438783,-41.18774858,174.8319464
Wellington City,1N/1060/0.285,20,S, ,TAWA ON SBD,2650939,22/02/06,Wed,1600,AC,CS1C,300A 372A 400A ,,R,D,B ,F , ,N,C,100,0,0,0,,,1753629,5438765,-41.18791178,174.8318794
Wellington City,1N/1060/0.287,600,S, ,TAWA OFF SBD,2650273,25/01/06,Wed,1435,DA,VS1,135A 823 ,C,M,W,O ,H , ,N,C,100,0,0,0,,,1753629,5438763,-41.18792979,174.8318799
Wellington City,1N/1060/0.319,, ,A,TAWA OFF NBD,2656924,29/11/06,Wed,2100,QG,VN1C,682A ,D,R,D,DO,FS, ,N,C,100,0,0,0,,,1753602,5438733,-41.18820501,174.8315656
Wellington City,1N/1060/0.519,200,S, ,TAWA OFF NBD,2612652,11/07/06,Tue,2155,CA,CN1,130A ,DG,E,D,DO,F , ,N,R,100,0,0,1,,,1753546,5438541,-41.18994426,174.8309464
Wellington City,1N/1060/0.919,600,S, ,TAWA OFF NBD,2612142,5/06/06,Mon,445,AA,CN1,103A 402A ,C,E,W,DN,LS, ,N,R,100,0,0,2,,,1753455,5438154,-41.1934458,174.8299588
Wellington City,1N/1060/1.019,700,S, ,TAWA OFF NBD,2612475,22/05/06,Mon,2323,DB,CN1,410A ,CT,M,W,DN,F , ,N,C,100,0,1,0,,,1753392,5438078,-41.19414198,174.829227
Wellington City,1N/1060/2.005,30,N, ,CHURTON PARK OFF SBD,2653918,20/07/06,Thu,1355,CA,CS1T,112A 132A 632A 817 ,Q,R,W,O ,L , ,N,R,100,0,0,0,,,1752887,5437288,-41.20135011,174.8234051
Wellington City,1N/1060/2.335,300,S, ,CHURTON PARK OFF SBD,2653917,3/08/06,Thu,650,FD,CS1C,181A ,,R,W,DO,M , , ,C,100,0,0,0,,,1752734,5436997,-41.20399896,174.8216539
Wellington City,1N/1060/2.619,250,N, ,CHURTON PARK OFF NBD,2655080,20/10/06,Fri,730,CA,TN1,112A 903 ,,R,D,B ,FS, ,N,C,90,0,0,0,,,1752493,5436823,-41.20561097,174.8188243
Wellington City,1N/1060/3.069,200,S, ,CHURTON PARK OFF NBD,2650827,8/02/06,Wed,750,FD,CN1C,181A ,,R,D,O ,F , ,N,R,100,0,0,0,,,1752272,5436436,-41.20913687,174.816286
Wellington City,1N/1060/3.73,500,N, ,JOHNSONVILLE ON NBD,2656076,6/11/06,Mon,1855,CB,CN1,134A 137A ,T,R,W,TO,L , ,N,R,100,0,0,0,,,1751994,5435837,-41.21458215,174.8131206
Wellington City,1N/1060/3.83,400,N, ,JOHNSONVILLE ON NBD,2613651,9/12/06,Sat,1615,AA,CN1CV,177A 372A ,,R,D,B ,F , ,N,R,100,0,0,1,,,1751950,5435746,-41.21540972,174.8126186
Wellington City,1N/1060/3.88,350,N, ,JOHNSONVILLE OFF SBD,2651705,8/03/06,Wed,1435,FD,CS1C,103A 331A ,,R,D,B ,F , ,N,R,100,0,0,0,,,1751946,5435701,-41.21581562,174.8125821
Wellington City,1N/1060/3.93,300,N, ,JOHNSONVILLE ON NBD,2612923,16/09/06,Sat,600,CC,CN1,103A 402A 517A ,,R,D,TF,F , ,N,R,100,0,0,4,,,1751907,5435656,-41.21622809,174.8121283
Wellington City,1N/1060/3.93,300,N, ,JOHNSONVILLE ON NBD,2612368,14/06/06,Wed,1718,FD,CN1CC,112A 181A ,,R,D,DO,F , ,N,R,100,0,0,3,,,1751907,5435656,-41.21622809,174.8121283
Wellington City,1N/1060/3.93,300,N, ,JOHNSONVILLE ON NBD,2654917,29/04/06,Sat,1221,AO,CN1CC,300A 377A 378A 443C ,,R,W,O ,F , ,N,C,80,0,0,0,,,1751907,5435656,-41.21622809,174.8121283
Wellington City,1N/1060/4.33,100,S, ,JOHNSONVILLE OFF SBD,2652735,23/04/06,Sun,330,CA,4S1,130A 351A ,G,R,D,DO,F , ,N,C,100,0,0,0,,,1751748,5435296,-41.21949914,174.8103218
Wellington City,1N/1060/4.33,100,S, ,JOHNSONVILLE ON NBD,2657076,13/12/06,Wed,645,DB,CN1,136A 610A ,P,M,D,O ,F , ,N,R,80,0,0,0,,,1751735,5435295,-41.21951058,174.8101671
Wellington City,1N/1060/4.58,350,S, ,JOHNSONVILLE OFF SBD,2653200,18/04/06,Tue,1100,FF,VS1V,181A ,,S,D,O ,F , ,N,P,100,0,0,0,,,1751647,5435068,-41.22157085,174.8091741
Wellington City,1N/1060/4.892,500,N, ,JOHNSONVILLE OFF NBD,2655266,6/10/06,Fri,2140,FA,CN1C,331A 420B ,,E,D,DO,F , ,N,R,80,0,0,0,,,1751617,5434755,-41.22439453,174.808894
Wellington City,1N/1060/5.292,100,N, ,JOHNSONVILLE OFF NBD,2654046,12/07/06,Wed,2345,DA,CN1C,410A ,G,M,D,DO,F , ,N,R,100,0,0,0,,,1751550,5434368,-41.22789139,174.8081911
Wellington City,1N/1060/5.345,50,N, ,NEWLANDS OFF SBD,2655811,24/10/06,Tue,715,FD,CS1CC,191A 331A 181C ,,E,W,O ,L , ,N,R,80,0,0,0,,,1751580,5434322,-41.22829993,174.8085603
Wellington City,1N/1060/5.442,50,S, ,JOHNSONVILLE OFF NBD,2654554,26/08/06,Sat,1735,AD,CN1V,135A ,,R,W,TO,H , ,N,C,80,0,0,0,,,1751618,5434235,-41.2290761,174.809035
Wellington City,1N/1060/5.492,100,S, ,JOHNSONVILLE OFF NBD,2651688,19/03/06,Sun,1956,AA,CN1,111A 131A 632A ,G,E,W,DO,L , ,N,R,80,0,0,0,,,1751643,5434191,-41.22946756,174.8093441
Wellington City,1N/1060/5.492,100,S, ,JOHNSONVILLE OFF NBD,2651840,27/03/06,Mon,655,DB,CN1,111A 130A ,CG,M,W,O ,L , ,N,C,80,0,0,0,,,1751643,5434191,-41.22946756,174.8093441
Wellington City,1N/1060/5.492,100,S, ,JOHNSONVILLE OFF NBD,2652254,9/04/06,Sun,117,DB,VN1,130A 801 823 ,G,E,W,DO,H , ,N,R,80,0,0,0,,,1751643,5434191,-41.22946756,174.8093441
Wellington City,1N/1060/5.492,100,S, ,JOHNSONVILLE OFF NBD,2613110,6/07/06,Thu,1444,DB,VN1,135A 806 ,G,E,W,O ,H , ,N,C,80,0,0,1,,,1751643,5434191,-41.22946756,174.8093441
Wellington City,1N/1060/5.542,150,S, ,JOHNSONVILLE OFF NBD,2654740,2/10/06,Mon,845,DB,4N1,110A ,G,M,W,O ,L , ,N,R,80,0,0,0,,,1751668,5434148,-41.22985002,174.8096529
Wellington City,1N/1060/5.542,150,S, ,JOHNSONVILLE OFF NBD,2652662,12/01/06,Thu,1145,DB,4N1,111A 131A ,GS,E,W,O ,H , ,N,C,80,0,0,0,,,1751668,5434148,-41.22985002,174.8096529
Wellington City,1N/1060/5.592,200,S, ,JOHNSONVILLE OFF NBD,2650414,25/01/06,Wed,1610,FD,CN1C,181A ,,M,W,O ,H , ,N,C,80,0,0,0,,,1751686,5434101,-41.23026981,174.8098793
Wellington City,1N/1060/5.595,200,S, ,NEWLANDS OFF SBD,2654291,25/08/06,Fri,807,FD,CS1C,181A ,,E,D,O ,F , ,N,C,80,0,0,0,,,1751697,5434102,-41.23025874,174.8100102
Wellington City,1N/1060/5.607,150,N, ,JOHNSONVILLE ON SBD,2651231,22/03/06,Wed,830,FD,CS1CC,181A ,,R,W,O ,LS, ,N,C,100,0,0,0,,,1751699,5434090,-41.23036641,174.810037
Wellington City,1N/1060/5.632,240,S, ,JOHNSONVILLE OFF NBD,2613063,24/10/06,Tue,1736,DB,CN1,111A 135A 801 901 ,C,M,W,O ,HS, ,N,R,80,0,0,1,,,1751692,5434062,-41.23061981,174.8099605
Wellington City,1N/1060/5.642,250,S, ,JOHNSONVILLE OFF NBD,2654778,14/09/06,Thu,1450,FF,CN14,181A ,,E,D,O ,F , ,N,C,80,0,0,0,,,1751692,5434052,-41.23070985,174.809963
Wellington City,1N/1060/5.692,300,S, ,JOHNSONVILLE OFF NBD,2655063,12/05/06,Fri,1720,FD,CN1C,181A 507A ,,E,W,TO,H , ,N,C,80,0,0,0,,,1751687,5434002,-41.23116095,174.8099158
Wellington City,1N/1060/5.701,300,E, ,NEWLANDS ON SBD,2650349,16/01/06,Mon,745,FD,CS1C,112A 181A ,,R,D,B ,F , ,N,C,80,0,0,0,,,1751700,5433998,-41.23119453,174.8100718
Wellington City,1N/1060/5.757,, ,I,JOHNSONVILLE ON SBD,2653309,17/07/06,Mon,1005,QG,VS1,682A 687A ,,M,D,B ,F ,Y,N,C,80,0,0,0,,,1751683,5433943,-41.2316929,174.8098827
Wellington City,1N/1060/5.757,, ,I,JOHNSONVILLE ON SBD,2652274,24/04/06,Mon,1841,FA,TS1C,181A ,,E,D,DO,F ,Y,N,R,80,0,0,0,,,1751683,5433943,-41.2316929,174.8098827
Wellington City,1N/1060/5.772,15,S, ,JOHNSONVILLE ON SBD,2655704,7/07/06,Fri,915,DA,CS1C,351A 400A ,,M,W,B ,F , ,N,R,80,0,0,0,,,1751673,5433932,-41.23179381,174.8097662
Wellington City,1N/1060/5.792,400,S, ,JOHNSONVILLE OFF NBD,2657223,26/12/06,Tue,1241,DB,4N1,131A ,G,M,W,O ,LS, ,N,R,80,0,0,0,,,1751638,5433917,-41.23193543,174.8093525
Wellington City,1N/1060/5.888,, ,I,NEWLANDS ON NBD,2653726,6/07/06,Thu,1420,AC,CN1C,137A ,,E,W,O ,H ,Y,N,R,80,0,0,0,,,1751578,5433843,-41.23261292,174.8086553
Wellington City,1N/1060/5.918,30,S, ,NEWLANDS ON NBD,2613356,20/10/06,Fri,1700,FD,CN1C,181A ,,R,D,B ,F , ,N,R,80,0,0,1,,,1751559,5433820,-41.23282356,174.8084344
Wellington City,1N/1060/6,, ,I,NEWLANDS ON SBD,2653340,12/06/06,Mon,1316,AD,CS1C,130A 400A 420A ,C,E,W,O ,L ,Y,N,R,80,0,0,0,,,1751527,5433757,-41.23339677,174.8080684
Wellington City,1N/1060/6.051,50,S, ,NEWLANDS ON SBD,2656589,23/08/06,Wed,809,FD,CS1CC,132A 191B 181C ,,R,D,O ,F , ,N,R,100,0,0,0,,,1751494,5433719,-41.23374508,174.8076842
Wellington City,1N/1060/6.251,250,W, ,NEWLANDS ON SBD,2655408,23/08/06,Wed,755,FD,MS1C,181A ,,R,D,B ,F , ,N,C,80,0,0,0,,,1751365,5433566,-41.23514675,174.8061836
Wellington City,1N/1060/6.261,260,S, ,NEWLANDS ON SBD,2653526,23/05/06,Tue,720,FD,CS1C4,112A 135A 181B 801 ,,R,W,TF,H , ,N,R,80,0,0,0,,,1751359,5433558,-41.2352199,174.806114
Wellington City,1N/1060/6.343,100,S, ,NEWLANDS OFF NBD,2612694,17/08/06,Thu,1700,DA,4N1,130A 501A ,GP,E,D,B ,F , ,N,C,80,0,0,1,,,1751305,5433482,-41.23591426,174.8054888
Wellington City,1N/1060/6.401,400,S, ,NEWLANDS ON SBD,2652331,12/05/06,Fri,1920,DB,CS1,133A ,G,E,W,DO,L , ,N,R,80,0,0,0,,,1751303,5433431,-41.2363738,174.8054776
Wellington City,1N/1060/6.517,100,N, ,ABATTOIRS ROAD,2652052,13/05/06,Sat,1051,FA,CN14,331A ,G,E,W,O ,F , ,N,R,80,0,0,0,,,1751286,5433312,-41.23744839,174.8053043
Wellington City,1N/1060/6.617,, ,I,ABATTOIRS ROAD,2652404,9/05/06,Tue,1500,AB,CN1CT,,,M,D,O ,F ,T,N,R,80,0,0,0,,,1751312,5433216,-41.23830785,174.8056382
Wellington City,1N/1060/6.697,80,S, ,ABATTOIRS ROAD,2650280,18/01/06,Wed,1345,DA,CN1,110A 130A 800 ,G,E,W,O ,LS, ,N,R,80,0,0,0,,,1751359,5433151,-41.23888427,174.806215
Wellington City,1N/1060/6.717,100,S, ,ABATTOIRS ROAD,2653328,23/02/06,Thu,2016,AC,TN1C,372A 410A ,G,E,D,DO,F , ,N,R,80,0,0,0,,,1751373,5433137,-41.2390077,174.8063854
Wellington City,1N/1060/6.717,100,S, ,ABATTOIRS ROAD,2613793,27/12/06,Wed,1619,CA,CN1C,434A 137B 400B ,GIS,E,D,O ,F , ,N,R,80,0,0,1,,,1751373,5433137,-41.2390077,174.8063854
Wellington City,1N/1060/6.775,500,N, ,CENTENNIAL SBD,2655057,23/05/06,Tue,715,FD,4S1CCC,181A 180C ,,E,W,ON,H , ,N,C,80,0,0,0,,,1751434,5433106,-41.23927538,174.8071207
Wellington City,1N/1060/6.824,450,N, ,CENTENNIAL SBD,2652644,10/05/06,Wed,750,FD,CS1CCC,181A ,,E,D,O ,F , ,N,C,80,0,0,0,,,1751474,5433076,-41.23953799,174.8076052
Wellington City,1N/1060/6.875,400,N, ,CENTENNIAL SBD,2656098,15/11/06,Wed,904,FD,CS1CC,331A ,,E,W,O ,L , ,N,R,80,0,0,0,,,1751512,5433043,-41.23982799,174.8080667
Wellington City,1N/1060/6.901,900,S, ,NEWLANDS ON SBD,2613726,7/09/06,Thu,920,DB,TS1C,132A 615A ,,E,D,B ,F , ,N,R,80,0,0,1,,,1751531,5433026,-41.23997748,174.8082975
Wellington City,1N/1060/6.917,300,N, ,TYERS ROAD,2650177,5/01/06,Thu,1015,AC,4N1C,371A ,,E,D,B ,F , ,N,R,80,0,0,0,,,1751528,5433011,-41.2401131,174.8082655
Wellington City,1N/1060/6.974,300,W, ,CENTENNIAL SBD,2652360,23/05/06,Tue,1710,FD,CE1VCV,135A 181C 801 ,,E,W,DO,H , ,N,R,80,0,0,0,,,1751580,5432971,-41.24046349,174.8088957
Wellington City,1N/1060/6.975,300,W, ,CENTENNIAL SBD,2650566,10/02/06,Fri,900,FD,CS1C,181A ,,R,W,O ,L , ,N,C,100,0,0,0,,,1751580,5432971,-41.24046349,174.8088957
Wellington City,1N/1060/7.001,1000,S, ,NEWLANDS ON SBD,2611640,21/03/06,Tue,708,DA,4S1CCC,132A 181B ,,E,W,O ,H , ,N,C,100,0,0,2,,,1751596,5432950,-41.24064956,174.8090917
Wellington City,1N/1060/7.001,1000,S, ,NEWLANDS ON SBD,2655256,12/10/06,Thu,900,FD,CS1CC,181A 180C ,,R,D,O ,F , ,N,C,80,0,0,0,,,1751596,5432950,-41.24064956,174.8090917
Wellington City,1N/1060/7.017,200,N, ,TYERS ROAD,2653682,11/07/06,Tue,930,FO,VN14,331A 651B ,,E,D,O ,F , ,N,C,80,0,0,0,,,1751590,5432933,-41.24080374,174.8090244
Wellington City,1N/1060/7.067,150,N, ,TYERS ROAD,2612781,19/08/06,Sat,1234,AD,4N1T,137A 372B ,C,R,W,O ,L , ,N,R,80,0,0,1,,,1751620,5432893,-41.24115825,174.8093921
Wellington City,1N/1060/7.117,100,N, ,TYERS ROAD,2651068,27/03/06,Mon,1615,AA,TN1C,300A 372A ,G,R,D,B ,F , ,N,C,100,0,0,0,,,1751652,5432855,-41.24149438,174.8097833
Wellington City,1N/1060/7.117,100,N, ,TYERS ROAD,2612075,23/05/06,Tue,803,FO,VN1T,331A 359A ,,R,W,O ,H , ,N,C,80,0,0,1,,,1751652,5432855,-41.24149438,174.8097833
Wellington City,1N/1060/7.146,70,W, ,TYERS ROAD,2611929,18/01/06,Wed,1154,AD,CW1,135A 800 ,C,E,W,O ,HS, ,N,R,80,0,0,1,,,1751672,5432833,-41.2416887,174.8100273
Wellington City,1N/1060/7.174,100,N, ,CENTENNIAL SBD,2655062,23/06/06,Fri,1805,AA,CS1C,386A 507A ,,E,W,DO,LS, ,N,C,80,0,0,0,,,1751714,5432824,-41.24176185,174.8105305
Wellington City,1N/1060/7.174,100,W, ,CENTENNIAL SBD,2653644,4/07/06,Tue,724,FD,CS1CC,181A 180C ,,M,W,O ,L , ,N,C,80,0,0,0,,,1751714,5432824,-41.24176185,174.8105305
Wellington City,1N/1060/7.175,100,N, ,CENTENNIAL SBD,2654299,25/08/06,Fri,818,FD,CS1C,181A ,,E,D,O ,F , ,N,C,80,0,0,0,,,1751714,5432823,-41.24177085,174.8105308
Wellington City,1N/1060/7.211,150,N, ,CENTENNIAL NBD,2612810,29/05/06,Mon,730,FD,CN1C,181A ,,R,D,O ,F , ,N,C,100,0,0,1,,,1751725,5432796,-41.24201188,174.8106687
Wellington City,1N/1060/7.216,, ,I,TYERS ROAD,2652869,2/06/06,Fri,1645,AA,CW1C,372A ,G,E,D,O ,F ,T,N,R,80,0,0,0,,,1751729,5432793,-41.24203814,174.8107172
Wellington City,1N/1060/7.225,50,N, ,CENTENNIAL SBD,2654793,2/10/06,Mon,830,AC,BS1TC,112A 614A ,,R,W,O ,L , ,N,R,80,0,0,0,,,1751757,5432797,-41.24199687,174.8110502
Wellington City,1N/1060/7.254,20,N, ,CENTENNIAL SBD,2653477,29/05/06,Mon,730,FD,CS1C,181A ,,E,W,O ,F , ,N,C,80,0,0,0,,,1751783,5432784,-41.24210904,174.8113635
Wellington City,1N/1060/7.255,20,N, ,CENTENNIAL SBD,2655592,25/08/06,Fri,2323,DB,CS1,136A 631A ,G,M,W,DO,L , ,N,R,100,0,0,0,,,1751784,5432784,-41.24210885,174.8113755
Wellington City,1N/1060/7.256,1000,N, ,SH 2,2654089,15/08/06,Tue,1000,DA,CN1C,137A 372B ,G,E,D,B ,F , ,N,R,100,0,0,0,,,1751765,5432777,-41.24217544,174.8111506
Wellington City,1N/1060/7.266,50,S, ,TYERS ROAD,2613587,30/12/06,Sat,1610,AD,CW1,133A ,C,E,W,O ,L , ,N,R,80,0,0,1,,,1751774,5432772,-41.24221877,174.8112592
Wellington City,1N/1060/7.361,, ,I,CENTENNIAL NBD,2613252,25/10/06,Wed,653,DA,CN2,135A 806 ,G,E,W,O ,HS,Y,N,R,80,0,0,1,,,1751860,5432733,-41.24255375,174.8122947
Wellington City,1N/1060/7.374,100,S, ,CENTENNIAL SBD,2653403,24/06/06,Sat,115,DA,CS1,111A 135A 801 ,G,M,W,DO,L , ,N,C,80,0,0,0,,,1751890,5432731,-41.24256612,174.812653
Wellington City,1N/1060/7.456,800,N, ,SH 2,2657248,15/12/06,Fri,2340,AC,CN1C,103A 372A ,,R,D,DO,F , ,N,R,80,0,0,0,,,1751937,5432678,-41.24303447,174.8132268