TLA NAME,CRASH ROAD,CRASH DIST,CRASH DIRN,INTSN,SIDE ROAD,CRASH ID,CRASH DATE,CRASH DOW,CRASH TIME,MVMT,VEHICLES,CAUSES,OBJECTS STRUCK,ROAD CURVE,ROAD WET,LIGHT,WTHRa,JUNC TYPE,TRAF CTRL,ROAD MARK,SPD LIM,CRASH FATAL CNT,CRASH SEV CNT,CRASH MIN CNT,PERS AGE1,PERS AGE2,EASTING,NORTHING,latitude,longitude
Wellington City,1N/1060/7.797,500,N, ,SH 2,2650421,16/01/06,Mon,730,FD,CS1C,101A 181A ,,E,D,B ,F , ,N,C,100,0,0,0,,,1752075,5432366,-41.24581756,174.8149507
Wellington City,1N/1060/7.897,400,N, ,SH 2,2654475,3/08/06,Thu,927,FD,CS1C,111A 331A ,,E,W,O ,  , ,N,R,100,0,0,0,,,1752066,5432267,-41.24671059,174.814868
Wellington City,1N/1060/7.956,300,N, ,SH 2,2655504,22/10/06,Sun,858,DB,CN1,111A 135A 337A 806 ,G,E,W,O ,H , ,N,R,100,0,0,0,,,1751995,5432217,-41.2471741,174.8140335
Wellington City,1N/1060/8.097,200,N, ,SH 2,2655623,29/10/06,Sun,1215,AF,CS1,132A 407A ,G,E,W,O ,L , ,N,R,80,0,0,0,,,1751960,5432101,-41.24822507,174.8136449
Wellington City,1N/1060/8.216,40,N, ,SH 2,2654746,17/06/06,Sat,953,AD,CN1C,110A 151A 410A ,,E,D,B ,F , ,N,C,100,0,0,0,,,1751804,5432042,-41.24878557,174.8117986
Wellington City,1N/1060/8.256,, ,I,SH 2,2653555,4/07/06,Tue,1725,FD,CN1V,181A ,,R,W,TO,H ,Y,N,R,100,0,0,0,,,1751775,5432014,-41.24904311,174.8114596
Wellington City,1N/1060/8.297,, ,I,SH 2,2656481,13/12/06,Wed,856,FD,CS1C,181A ,,R,W,O ,L ,Y,N,R,100,0,0,0,,,1751791,5431996,-41.24920217,174.811655
Wellington City,1N/1060/8.297,, ,I,SH 2,2655819,2/11/06,Thu,750,KO,CS14,387A 386B 434B ,,E,D,B ,F ,Y,N,R,100,0,0,0,,,1751791,5431996,-41.24920217,174.811655
Wellington City,1N/1068/0.1,100,S, ,SH 2,2611217,26/01/06,Thu,1800,FD,CN1CC,181A ,,R,D,B ,F , ,N,R,100,0,0,1,,,1751695,5431955,-41.24958932,174.8105199
Wellington City,1N/1068/0.105,1000,S, ,CENTENNIAL NBD,2657069,15/11/06,Wed,355,DA,CN1,410A 801 ,G,E,W,DO,H , ,N,R,100,0,0,0,,,1751691,5431952,-41.24961709,174.8104729
Wellington City,1N/1068/0.14,140,S, ,SH 2,2653167,5/07/06,Wed,340,CA,CN1CC,132A ,,E,W,O ,LS, ,N,C,100,0,0,0,,,1751662,5431932,-41.24980259,174.810132
Wellington City,1N/1068/0.15,150,S, ,SH 2,2613731,20/11/06,Mon,1621,EA,PN1V,129A 356A ,Q,R,D,O ,F , ,N,R,100,0,1,0,,,1751654,5431926,-41.24985811,174.810038
Wellington City,1N/1068/0.2,200,S, ,SH 2,2655620,16/09/06,Sat,0,AC,4S1C,372A ,,R,D,DO,F , ,N,N,100,0,0,0,,,1751625,5431883,-41.2502507,174.8097027
Wellington City,1N/1068/0.2,200,S, ,SH 2,2654751,5/09/06,Tue,1620,AC,TS1C,372A 671A ,,R,D,B ,F , ,N,R,100,0,0,0,,,1751625,5431883,-41.2502507,174.8097027
Wellington City,1N/1068/0.3,300,S, ,SH 2,2613818,31/07/06,Mon,905,AC,TS1V,372A ,,R,W,O ,L , ,N,R,100,0,1,0,,,1751542,5431828,-41.25076145,174.8087262
Wellington City,1N/1068/0.3,300,S, ,SH 2,2654476,17/07/06,Mon,1136,AC,CS1C,112A 386A 431A ,,R,D,O ,  , ,N,R,100,0,0,0,,,1751542,5431828,-41.25076145,174.8087262
Wellington City,1N/1068/0.5,500,S, ,SH 2,2612456,19/07/06,Wed,1835,FD,CN1VC,181A 180C ,,E,W,DO,H , ,N,C,100,0,0,1,,,1751378,5431713,-41.25182756,174.8067983
Wellington City,1N/1068/0.5,500,S, ,SH 2,2655210,27/09/06,Wed,833,FD,CS1CC,181A 181B 132C ,,R,D,O ,F , ,N,R,100,0,0,0,,,1751389,5431701,-41.25193354,174.8069325
Wellington City,1N/1068/0.509,2000,N, ,AOTEA ON NBD,2656012,1/11/06,Wed,1318,QG,VN1BC,682A 827 ,,R,D,O ,F , ,N,R,100,0,0,0,,,1751372,5431706,-41.25189171,174.8067284
Wellington City,1N/1068/0.509,2000,N, ,AOTEA ON NBD,2656017,6/11/06,Mon,1035,DB,4N1,191A 615A 688A ,G,E,W,O ,L , ,N,R,100,0,0,0,,,1751372,5431706,-41.25189171,174.8067284
Wellington City,1N/1068/0.7,700,S, ,SH 2,2655026,18/09/06,Mon,1620,AA,CN1VC,181A 372A ,,R,D,O ,F , ,N,R,100,0,0,0,,,1751244,5431564,-41.25319414,174.8052366
Wellington City,1N/1068/0.7,700,S, ,SH 2,2653206,14/05/06,Sun,400,AD,CN1,137A 197A ,G,E,D,DO,F , ,N,C,100,0,0,0,,,1751244,5431564,-41.25319414,174.8052366
Wellington City,1N/1068/0.7,700,W, ,SH 2,2655017,26/09/06,Tue,1440,AC,TS1C,372A ,,E,W,O ,H , ,N,R,100,0,0,0,,,1751254,5431553,-41.25329131,174.8053586
Wellington City,1N/1068/0.8,800,S, ,SH 2,2612453,14/06/06,Wed,1745,FD,VN1T,110A 181A ,,E,D,DO,F , ,N,C,100,0,0,2,,,1751166,5431502,-41.25376694,174.8043214
Wellington City,1N/1068/0.95,950,S, ,SH 2,2654934,15/10/06,Sun,43,FF,CN1C,181A ,,E,D,DO,F , ,N,C,100,0,0,0,,,1751039,5431422,-41.25451095,174.8028261
Wellington City,1N/1068/1,1000,S, ,SH 2,2611412,25/01/06,Wed,1513,FD,CN14,181A ,,R,W,O ,H , ,N,R,100,0,0,2,,,1750995,5431398,-41.25473526,174.8023071
Wellington City,1N/1068/1,1000,S, ,SH 2,2653936,8/06/06,Thu,1740,FD,VN1CC,613A ,,R,D,DO,F , , ,C,100,0,0,0,,,1750995,5431398,-41.25473526,174.8023071
Wellington City,1N/1068/1.334,1500,N, ,AOTEA OFF SBD,2612434,29/05/06,Mon,1719,AA,CS14,197A 400B 407B ,G,R,D,TO,F , ,N,C,100,0,0,1,,,1750694,5431266,-41.25597988,174.7987486
Wellington City,1N/1068/1.709,800,N, ,AOTEA ON NBD,2654074,4/08/06,Fri,2145,CA,CN1,501A ,G,R,D,DO,F , ,N,R,100,0,0,0,,,1750359,5431092,-41.25760886,174.7947947
Wellington City,1N/1068/1.809,700,N, ,AOTEA ON NBD,2613646,26/12/06,Tue,847,AO,CN1C,372A 132B 137B ,G,E,W,O ,L , , ,R,100,0,0,1,,,1750282,5431028,-41.2581994,174.7938917
Wellington City,1N/1068/1.834,1000,N, ,AOTEA OFF SBD,2652967,9/04/06,Sun,330,DA,CS1,103A 110A ,G,E,W,DO,L , ,N,R,100,0,0,0,,,1750275,5430998,-41.25847081,174.7938156
Wellington City,1N/1068/1.834,1000,N, ,AOTEA OFF SBD,2651051,20/02/06,Mon,1710,AA,CS14,130A 504A ,G,R,D,B ,F , ,N,R,100,0,0,0,,,1750275,5430998,-41.25847081,174.7938156
Wellington City,1N/1068/2.009,500,N, ,AOTEA ON NBD,2611766,2/03/06,Thu,1717,FD,4N1CC,331A ,,E,D,B ,F , ,N,C,100,0,0,2,,,1750146,5430882,-41.25953918,174.792305
Wellington City,1N/1068/2.034,800,N, ,AOTEA OFF SBD,2611534,21/02/06,Tue,640,AA,CS1T,372A 381A ,G,E,D,O ,F , ,N,R,100,0,0,1,,,1750142,5430849,-41.25983704,174.7922654
Wellington City,1N/1068/2.109,400,N, ,AOTEA ON NBD,2613371,15/10/06,Sun,34,DA,CN1,103A 111A ,GX,E,W,DO,F , ,N,R,100,0,0,1,,,1750087,5430801,-41.26027942,174.791621
Wellington City,1N/1068/2.209,300,N, ,AOTEA ON NBD,2653556,26/06/06,Mon,1729,FD,CN1C,181A ,,R,D,DO,F , ,N,R,100,0,0,0,,,1750027,5430721,-41.26101083,174.7909248
Wellington City,1N/1068/2.209,300,N, ,AOTEA ON NBD,2656716,20/11/06,Mon,640,DA,CN1,108A 111A 410A ,G,E,D,B ,F , ,N,R,100,0,0,0,,,1750027,5430721,-41.26101083,174.7909248
Wellington City,1N/1068/2.259,250,N, ,AOTEA ON NBD,2651483,6/03/06,Mon,1500,AA,CN1C,372A 386B ,,E,D,B ,F , ,N,R,100,0,0,0,,,1749992,5430685,-41.26134145,174.790516
Wellington City,1N/1068/2.334,500,N, ,AOTEA OFF SBD,2653678,28/07/06,Fri,2210,DA,CS1,111A 131A 514A ,F,E,D,DO,F , ,N,C,100,0,0,0,,,1749940,5430631,-41.26183729,174.7899089
Wellington City,1N/1068/2.334,500,N, ,AOTEA OFF SBD,2656540,27/12/06,Wed,1715,DA,CS1,132A 903 ,G,E,D,B ,FS, ,N,C,100,0,0,0,,,1749940,5430631,-41.26183729,174.7899089
Wellington City,1N/1068/2.409,100,N, ,AOTEA ON NBD,2613727,25/11/06,Sat,329,DA,CN1,102A 137A ,G,M,D,DO,F , ,N,R,100,0,0,1,,,1749867,5430603,-41.26210293,174.7890447
Wellington City,1N/1068/2.509,, ,I,AOTEA ON NBD,2650565,22/02/06,Wed,2053,KA,CN1C,372B ,,R,D,DO,F ,Y,N,C,100,0,0,0,,,1749782,5430550,-41.26259587,174.7880435
Wellington City,1N/1068/2.534,300,N, ,AOTEA OFF SBD,2655274,13/10/06,Fri,1040,AC,TS1C,372A 671A ,G,R,D,B ,F , ,N,C,100,0,0,0,,,1749774,5430521,-41.26285845,174.7879552
Wellington City,1N/1068/2.559,50,S, ,AOTEA ON NBD,2655152,27/09/06,Wed,433,DA,CN1,111A 410A ,G,E,D,DN,F , ,N,C,100,0,0,0,,,1749748,5430513,-41.2629353,174.7876469
Wellington City,1N/1068/2.634,200,N, ,AOTEA OFF SBD,2650963,9/03/06,Thu,2320,AA,CS1C,386A 431A ,,R,D,DO,FS, ,N,R,100,0,0,0,,,1749711,5430443,-41.26357239,174.7872226
Wellington City,1N/1068/2.634,200,N, ,AOTEA OFF SBD,2655855,26/11/06,Sun,1740,CA,CS1,101A 130A ,G,R,D,B ,F , ,N,R,100,0,0,0,,,1749711,5430443,-41.26357239,174.7872226
Wellington City,1N/1068/2.729,220,S, ,AOTEA ON NBD,2652405,17/05/06,Wed,1830,FD,CN1CC,112A 331A ,,R,D,DO,F , ,N,C,100,0,0,0,,,1749645,5430378,-41.26416984,174.786451
Wellington City,1N/1068/2.834,, ,I,AOTEA OFF SBD,2653342,8/06/06,Thu,20,DB,CS1,111A 131A 505A ,S,M,W,DO,L ,Y,N,N,100,0,0,0,,,1749592,5430282,-41.26504399,174.7858422
Wellington City,1N/1068/2.854,20,S, ,AOTEA OFF SBD,2652314,13/04/06,Thu,830,AA,CS1V,197A ,,R,D,O ,F , ,N,C,100,0,0,0,,,1749579,5430267,-41.26518145,174.7856907
Wellington City,1N/1068/2.884,50,S, ,AOTEA OFF SBD,2612494,9/07/06,Sun,125,CB,CS1,105A 130A 524A ,G,R,D,DO,F , ,N,R,100,0,0,3,,,1749560,5430245,-41.26538304,174.7854694
Wellington City,1N/1068/3.5,200,N, ,MAY ON NBD,2655669,30/10/06,Mon,1843,QG,VN1,615A 687A ,,M,D,TF,F , ,N,R,100,0,0,0,,,1749170,5429772,-41.26971377,174.7809314
Wellington City,1N/1068/3.5,200,N, ,MAY ON NBD,2652121,21/03/06,Tue,1023,DB,CN1,135A 823 ,GL,E,W,O ,H , ,N,R,100,0,0,0,,,1749170,5429772,-41.26971377,174.7809314
Wellington City,1N/1068/3.573,50,N, ,HOBSON ST,2654334,13/07/06,Thu,1325,AC,TS1C,671A ,GT,E,D,B ,F , , ,C,100,0,0,0,,,1749129,5429708,-41.27029756,174.7804578
Wellington City,MAY ON NBD,, ,I,1N/1068/3.7,2656904,14/07/06,Fri,1309,FB,CN1C,331A 353A 191B ,,E,W,O ,H ,Y,N,R,100,0,0,0,,,1749021,5429640,-41.27092973,174.7791856
Wellington City,1N/1068/3.7,, ,I,MAY ON NBD,2654069,6/08/06,Sun,1346,AF,CN1,137A 372A ,G,E,W,O ,H ,Y,N,R,100,0,0,0,,,1749021,5429640,-41.27092973,174.7791856
Wellington City,1N/1068/3.7,, ,I,MAY ON NBD,2650298,12/01/06,Thu,1727,FA,CN2C,331A 353A 370A ,,R,D,B ,F ,Y,N,R,100,0,0,0,,,1749021,5429640,-41.27092973,174.7791856
Wellington City,1N/1068/4.003,140,N, ,TINAKORI ON NBD,2655381,21/06/06,Wed,1710,FD,CN1C4C,181A ,,R,W,TO,LS, ,N,C,100,0,0,0,,,1748805,5429428,-41.27287828,174.7766597
Wellington City,1N/1068/4.042,100,S, ,HAWKESTONE OFF SBD,2653394,25/05/06,Thu,835,FD,4S1CC,331A 350A ,,E,D,B ,F , ,N,C,100,0,0,0,,,1748789,5429388,-41.27324137,174.7764786
Wellington City,1N/1068/4.05,350,S, ,MAY ON NBD,2650411,27/01/06,Fri,2005,QG,4N1,406A ,G,R,D,TF,F , ,N,R,100,0,0,0,,,1748774,5429393,-41.27319912,174.7762983
Wellington City,1N/1068/4.083,60,N, ,TINAKORI ON NBD,2657221,22/12/06,Fri,100,DB,CN1,103A 110A ,KT,E,D,DO,F , ,N,R,100,0,0,0,,,1748751,5429369,-41.27341944,174.7760297
Wellington City,1N/1068/4.293,150,W, ,TINAKORI ON NBD,2653399,16/04/06,Sun,1230,FA,CN1C,181A ,,E,D,O ,F , ,N,C,100,0,0,0,,,1748609,5429214,-41.27484111,174.7743729
Wellington City,1N/1068/4.597,50,S, ,HAWKESTONE ON SBD,2613378,10/11/06,Fri,1948,DB,CS1,137A ,G,E,D,O ,F , ,N,R,100,0,0,1,,,1748521,5428922,-41.27748632,174.7733938
Wellington City,1N/1068/4.716,1000,N, ,NORTH PORTAL NBD,2656108,5/11/06,Sun,1424,CB,VN1,680A ,G,R,D,O ,F , ,N,R,100,0,0,0,,,1748508,5428817,-41.27843407,174.7732642
Wellington City,1N/1068/4.717,, ,I,TERRACE OFF SBD,2653715,17/07/06,Mon,823,FD,XS2CCC,331A 351A 423A ,,R,D,B ,F ,Y,N,R,100,0,0,0,,,1748525,5428802,-41.278566,174.7734708
Wellington City,1N/1068/4.717,, ,I,TERRACE OFF SBD,2651554,23/03/06,Thu,1203,AA,CS1CT,372A ,G,R,W,O ,L ,Y,N,P,100,0,0,0,,,1748525,5428802,-41.278566,174.7734708
Wellington City,1N/1068/4.846,5,N, ,TINAKORI OFF NBD,2657143,29/11/06,Wed,1757,AA,CN14,137A ,G,E,D,B ,F ,T,N,R,100,0,0,0,,,1748513,5428687,-41.2796036,174.7733556
Wellington City,1N/1068/4.874,300,N, ,CLIFTON ON NBD,2653228,18/04/06,Tue,1610,DB,VN1,130A 680A ,CG,E,D,O ,F , ,N,C,100,0,0,0,,,1748514,5428660,-41.27984651,174.7733741
Wellington City,1N/1068/4.901,50,S, ,TINAKORI OFF NBD,2652462,10/05/06,Wed,1620,EC,CN1,377A ,D,E,D,O ,F , ,N,R,100,0,0,0,,,1748516,5428632,-41.28009824,174.7734048
Wellington City,1N/1068/5.001,150,S, ,TINAKORI OFF NBD,2651869,3/05/06,Wed,1740,FD,CN1CC,110A 181A ,,R,W,DO,L , ,N,R,100,0,0,0,,,1748526,5428533,-41.28098775,174.7735483
Wellington City,1N/1068/5.001,150,S, ,TINAKORI OFF NBD,2650311,9/01/06,Mon,900,AD,CN1,130A ,G,E,D,B ,F , ,N,R,100,0,0,0,,,1748526,5428533,-41.28098775,174.7735483
Wellington City,1N/1068/5.001,150,S, ,TINAKORI OFF NBD,2651586,22/03/06,Wed,1935,DB,CN1,136A 631A ,G,E,W,DO,F , ,N,R,100,0,0,0,,,1748526,5428533,-41.28098775,174.7735483
Wellington City,1N/1068/5.001,150,S, ,TINAKORI OFF NBD,2611658,22/03/06,Wed,1936,FD,4N1CCC,331A 181B 181D ,,E,W,DO,F , ,N,R,100,0,0,4,,,1748526,5428533,-41.28098775,174.7735483
Wellington City,1N/1068/5.106,600,N, ,NORTH PORTAL SBD,2655058,6/08/06,Sun,1215,FD,4S1CC,181A ,,R,W,O ,H , ,N,R,100,0,0,0,,,1748551,5428415,-41.28204556,174.7738755
Wellington City,1N/1068/5.173,, ,A,CLIFTON ON NBD,2656073,18/10/06,Wed,810,AG,CN1C,159A 177A ,,R,D,B ,F , ,N,C,100,0,0,0,,,1748541,5428361,-41.28253359,174.7737693
Wellington City,1N/1068/5.206,500,N, ,NORTH PORTAL SBD,2653652,5/07/06,Wed,1725,AF,CS14C,140A 372A 181C ,GG,R,W,DO,L , ,N,C,100,0,0,0,,,1748547,5428315,-41.28294664,174.7738521
Wellington City,1N/1068/5.223,50,S, ,CLIFTON ON NBD,2652661,8/04/06,Sat,2047,AD,CN1C,137A 141A 372A ,,R,W,DO,L , ,N,R,100,0,0,0,,,1748537,5428311,-41.2829845,174.7737337
Wellington City,1N/1068/5.306,400,N, ,NORTH PORTAL SBD,2612407,29/06/06,Thu,1420,NB,TS1E,719B ,,E,D,O ,F , ,N,R,100,0,1,0,35,,1748521,5428219,-41.28381576,174.7735652
Wellington City,1N/1068/5.353,180,S, ,CLIFTON ON NBD,2652596,30/05/06,Tue,700,DB,CN1,136A 631A ,G,E,W,O ,F , ,N,C,100,0,0,0,,,1748498,5428188,-41.2840991,174.7732982
Wellington City,1N/1068/5.373,200,S, ,CLIFTON TERRACE,2653948,19/07/06,Wed,1740,AA,CN1C,300A 372A 671A ,,E,W,TO,L , , ,C,100,0,0,0,,,1748491,5428169,-41.28427145,174.7732193
Wellington City,1N/1068/5.416,300,N, ,NORTH PORTAL NBD,2652655,29/05/06,Mon,1435,CA,CN1,136A 668A ,,R,D,B ,F , ,N,C,100,0,0,0,,,1748474,5428130,-41.28462571,174.7730259
Wellington City,1N/1068/5.506,200,N, ,NORTH PORTAL SBD,2612963,17/08/06,Thu,900,FD,TS1CC,181A ,,E,D,B ,F , ,N,R,100,0,0,1,,,1748442,5428036,-41.28547792,174.7726669
Wellington City,1N/1068/5.506,200,N, ,NORTH PORTAL SBD,2655402,22/10/06,Sun,1500,FD,VS1CV,331A ,,R,W,O ,L , ,N,C,100,0,0,0,,,1748442,5428036,-41.28547792,174.7726669
Wellington City,1N/1068/5.606,100,N, ,NORTH PORTAL SBD,2612718,7/08/06,Mon,1005,FD,CS1CCC,181A ,GG,R,W,O ,H , ,N,N,100,0,0,3,,,1748403,5427944,-41.28631341,174.7722238
Wellington City,1N/1068/5.616,100,N, ,NORTH PORTAL NBD,2612472,16/07/06,Sun,1504,FD,CN14,331A ,,R,D,B ,F , ,N,C,100,0,0,2,,,1748394,5427947,-41.28628805,174.7721156
Wellington City,1N/1068/5.666,50,N, ,NORTH PORTAL NBD,2653807,14/08/06,Mon,1330,AA,CN1C,372A ,G,R,D,O ,L , ,N,R,100,0,0,0,,,1748376,5427900,-41.28671453,174.7719122
Wellington City,1N/1068/5.686,20,N, ,NORTH PORTAL SBD,2652136,7/05/06,Sun,1600,FD,CS1C,331A ,,R,W,TF,L , ,N,R,100,0,0,0,,,1748370,5427871,-41.28697673,174.7718476
Wellington City,1N/1068/5.711,, ,A,NORTH PORTAL SBD,2653939,11/05/06,Thu,1325,FD,CS1C,331A ,,R,D,B ,F , , ,R,100,0,0,0,,,1748364,5427857,-41.28710388,174.7717794
Wellington City,1N/1068/5.77,400,N, ,SOUTH PORTAL,2655478,7/08/06,Mon,1648,FD,CS1C4,181A ,,R,D,B ,F , ,N,L,100,0,0,0,,,1748352,5427789,-41.28771832,174.7716528
Wellington City,1N/1068/5.83,340,N, ,SOUTH PORTAL,2611989,27/03/06,Mon,1030,FD,CS1C,181A 337A 350A ,,E,D,B ,F , ,N,L,100,0,0,1,,,1748348,5427729,-41.28825927,174.7716196
Wellington City,1N/1068/5.851,150,S, ,NORTH PORTAL SBD,2655264,9/10/06,Mon,1054,FD,CS14C,181A ,,R,W,O ,L , ,N,L,100,0,0,0,,,1748348,5427708,-41.28844834,174.7716248
Wellington City,1N/1068/5.851,150,S, ,NORTH PORTAL SBD,2653534,16/06/06,Fri,2140,DB,4S1,501A ,B,E,D,DO,F , ,N,C,100,0,0,0,,,1748348,5427708,-41.28844834,174.7716248
Wellington City,1N/1068/5.861,150,S, ,NORTH PORTAL NBD,2654073,24/07/06,Mon,1529,FD,CN1CCC,331A ,,E,W,O ,HS, ,N,L,100,0,0,0,,,1748348,5427708,-41.28844834,174.7716248
Wellington City,1N/1068/5.97,200,N, ,SOUTH PORTAL,2654402,20/08/06,Sun,1615,FD,CS1C,331A 353A ,,R,D,O ,F , ,N,R,100,0,0,0,,,1748346,5427589,-41.28952012,174.7716299
Wellington City,1N/1068/6.07,100,N, ,SOUTH PORTAL,2612154,8/06/06,Thu,1636,AC,TN1C,300A 372A ,,R,D,DO,F , ,N,L,100,0,0,1,,,1748347,5427489,-41.29042028,174.7716662
Wellington City,1N/1068/6.11,60,N, ,SOUTH PORTAL,2613571,12/01/06,Thu,1732,AA,CN1M,353A 372A 181B 691B ,,R,D,O ,F , ,N,R,100,0,0,1,,,1748349,5427449,-41.29078005,174.7716998
Wellington City,1N/1068/6.12,350,N, ,WILLIS ST,2612934,10/09/06,Sun,1430,FD,CS1CV,111A 352A ,,E,D,B ,F , ,N,R,100,0,0,2,,,1748350,5427439,-41.2908699,174.7717142
Wellington City,1N/1075/0.001,, ,A,SOUTH PORTAL,2654332,16/06/06,Fri,1405,FD,CS14,331A ,,R,D,B ,F , , ,C,100,0,0,0,,,1748353,5427390,-41.29131052,174.7717619
Wellington City,1N/1075/0.03,30,S, ,SOUTH PORTAL,2651077,26/01/06,Thu,2248,DB,CS1,355A 400A ,G,E,D,DO,F , ,N,L,100,0,0,0,,,1748355,5427359,-41.29158926,174.7717933
Wellington City,1N/1075/0.05,50,S, ,SOUTH PORTAL,2655828,23/10/06,Mon,315,DB,CN1,133A 817 ,B,E,W,DO,L , ,N,C,100,0,0,0,,,1748351,5427340,-41.29176106,174.7717502
Wellington City,1N/1075/0.054,100,N, ,GHUZNEE ST,2653561,13/06/06,Tue,1709,FD,CS14,112A 181A ,,R,D,DO,L , ,N,L,100,0,0,0,,,1748376,5427340,-41.29175647,174.7720487
Wellington City,1N/1075/0.08,80,S, ,SOUTH PORTAL,2654581,28/08/06,Mon,1450,AC,CN1T,300A 386A ,,E,D,B ,F , ,N,C,100,0,0,0,,,1748347,5427310,-41.2920319,174.7717098
Wellington City,1N/1075/0.128,100,N, ,VIVIAN ST,2651049,12/01/06,Thu,2250,DA,CN1,111A 133A 817 ,G,M,D,DO,F , ,N,R,100,0,0,0,,,1748354,5427261,-41.29247179,174.7718053
Wellington City,1N/1075/0.128,100,N, ,VIVIAN ST,2611825,6/04/06,Thu,1628,AD,MN1C,111A 817 ,G,E,D,B ,F , ,N,R,100,0,0,1,,,1748354,5427261,-41.29247179,174.7718053
Wellington City,1N/1075/0.154,, ,I,GHUZNEE ST,2655554,24/09/06,Sun,2120,KA,CE2C,322A 101B 379B ,,R,D,DO,F ,M,T, ,50,0,0,0,,,1748446,5427272,-41.29235583,174.7729009
Wellington City,1N/1075/0.228,, ,I,VIVIAN ST,2652255,11/04/06,Tue,1900,LB,CS1V,323B 404B ,,R,D,DO,F ,X,T,R,50,0,0,0,,,1748331,5427165,-41.29334035,174.7715541
Wellington City,1N/1075/0.228,, ,I,VIVIAN ST,2653776,21/06/06,Wed,1956,GA,CS1C,181A ,,R,W,DO,H ,X,T,R,50,0,0,0,,,1748331,5427165,-41.29334035,174.7715541
Wellington City,1N/1075/0.277,, ,I,WILLIS ST,2655817,2/11/06,Thu,802,GF,TN2C,122A 372A ,,R,D,B ,F ,M,T,C,50,0,0,0,,,1748371,5427107,-41.29385519,174.7720458
Wellington City,1N/1075/0.277,, ,I,WILLIS ST,2650343,4/02/06,Sat,535,HA,XN2C,322B 353B ,,R,D,DO,F ,X,T,C,50,0,0,0,,,1748371,5427107,-41.29385519,174.7720458
Wellington City,1N/1075/0.277,, ,I,WILLIS ST,2656915,1/12/06,Fri,1000,GF,TN2C,124A ,,R,D,O ,F ,X,T,C,50,0,0,0,,,1748371,5427107,-41.29385519,174.7720458
Wellington City,1N/1075/0.277,, ,I,WILLIS ST,2656767,12/12/06,Tue,455,HA,CN2C,378A 379A 324B 817 839 ,,R,D,TO,F ,X,T,C,50,0,0,0,,,1748371,5427107,-41.29385519,174.7720458
Wellington City,1N/1075/0.277,, ,I,WILLIS ST,2656372,29/08/06,Tue,30,HA,CN2C,831,,R,D,DO,F ,X,T,C,50,0,0,0,,,1748371,5427107,-41.29385519,174.7720458
Wellington City,1N/1075/0.3,, ,I,WILLIS ST,2653941,27/07/06,Thu,1900,MG,CN1C,420B ,,R,D,DO,F ,X,T,C,50,0,0,0,,,1748371,5427107,-41.29385519,174.7720458
Wellington City,1N/1075/0.3,, ,I,WILLIS ST,2652502,3/06/06,Sat,1700,GC,CW1C,171B ,,R,D,TF,F ,T,T,C,50,0,0,0,,,1748371,5427107,-41.29385519,174.7720458
Wellington City,1N/1075/0.357,, ,I,VICTORIA ST N,2611794,25/01/06,Wed,1530,HA,CW14,313A 322B 375B 801 ,P,R,W,O ,H ,X,T,C,50,0,0,1,,,1748444,5427073,-41.29414789,174.7729255
Wellington City,1N/1075/0.372,15,E, ,VICTORIA ST,2655410,6/09/06,Wed,822,FD,TW1CC,181B 181C ,,R,D,B ,F ,X,T,C,50,0,0,0,,,1748457,5427066,-41.29420852,174.7730824
Wellington City,1N/1075/0.375,, ,I,VICTORIA SLIP,2656216,15/11/06,Wed,2020,DA,CS2,386A 926 ,S,R,D,TO,F ,T,N,C,50,0,0,0,,,1748459,5427065,-41.29421716,174.7731065
Wellington City,VICTORIA ST,, ,I,1N/1075/0.38,2657060,31/12/06,Sun,2310,HA,CW1C,322B 334B ,,R,W,DO,L ,X,T,C,50,0,0,0,,,1748444,5427073,-41.29414789,174.7729255
Wellington City,1N/1075/0.384,70,N, ,WILLIS ST,2656329,10/08/06,Thu,550,DA,CN1,130A 410A 817 ,FGV,M,W,DN,F , ,N,N,100,0,0,0,,,1748284,5427015,-41.2946995,174.7710296
Wellington City,1N/1075/0.452,25,W, ,BUTE ST,2610060,13/07/06,Thu,2045,NB,MW1E,105B 719B ,,R,D,DO,F , ,N,C,50,1,0,2,62,,1748509,5427042,-41.29441504,174.773709
Wellington City,1N/1075/0.459,100,W, ,CUBA ST,2654165,10/07/06,Mon,1120,GC,CW1C,372A 922 ,,R,D,B ,F ,D,N,C,50,0,0,0,,,1748515,5427040,-41.29443194,174.7737812
Wellington City,1N/1075/0.536,, ,I,CUBA ST,2611267,4/03/06,Sat,1541,FB,CW1C,331A 350A ,,R,D,O ,F ,X,T,C,50,0,0,1,,,1748607,5427000,-41.29477515,174.7748892
Wellington City,1N/1075/0.559,, ,I,CUBA ST,2652426,29/04/06,Sat,1830,HA,CN1CCV,322A 514A ,M,R,W,DO,F ,X,T,C,50,0,0,0,,,1748607,5427000,-41.29477515,174.7748892
Wellington City,1N/1075/0.654,, ,I,MARION ST,2652407,14/05/06,Sun,1250,MA,CW1C,300B 373B ,,R,D,O ,F ,T,N,C,50,0,0,0,,,1748694,5426962,-41.29510125,174.7759371