TLA NAME,CRASH ROAD,CRASH DIST,CRASH DIRN,INTSN,SIDE ROAD,CRASH ID,CRASH DATE,CRASH DOW,CRASH TIME,MVMT,VEHICLES,CAUSES,OBJECTS STRUCK,ROAD CURVE,ROAD WET,LIGHT,WTHRa,JUNC TYPE,TRAF CTRL,ROAD MARK,SPD LIM,CRASH FATAL CNT,CRASH SEV CNT,CRASH MIN CNT,PERS AGE1,PERS AGE2,EASTING,NORTHING,latitude,longitude
Wellington City,1N/1075/0.669,15,E, ,MARION ST,2653437,4/01/06,Wed,1215,MO,CW14,371A ,,R,D,O ,F , ,N,C,50,0,0,0,,,1748708,5426956,-41.2951527,174.7761057
Wellington City,1N/1075/0.679,, ,I,CUBA ST,2652427,29/04/06,Sat,1830,DA,CW1C,111A 514A 517A ,M,R,D,DO,F ,T,N,N,50,0,0,0,,,1748427,5426763,-41.29694209,174.7727982
Wellington City,1N/1075/0.706,20,E, ,KNIGGES AVENUE,2655539,7/10/06,Sat,1830,MA,CW1C,373B ,,R,D,O ,F , ,N,C,50,0,0,0,,,1748741,5426941,-41.29528167,174.7765033
Wellington City,1N/1075/0.739,, ,I,TARANAKI ST,2656920,22/12/06,Fri,1415,HA,CW1C,322A ,,R,D,O ,F ,X,T,C,50,0,0,0,,,1748792,5426917,-41.29548835,174.777118
Wellington City,TARANAKI ST,, ,I,VIVIAN ST,2650463,20/01/06,Fri,913,EA,TE2T,129A 353A ,M,R,D,B ,F ,X,T,C,50,0,0,0,,,1748792,5426917,-41.29548835,174.777118
Wellington City,TARANAKI ST,, ,I,VIVIAN ST,2613183,4/10/06,Wed,1630,NA,CN1E,713B 718B ,,R,D,O ,F ,X,T,R,50,0,0,1,20,,1748792,5426917,-41.29548835,174.777118
Wellington City,TARANAKI ST,, ,I,VIVIAN ST,2612053,24/01/06,Tue,1555,NA,CS1E,713B 718B ,,R,D,O ,F ,X,T,R,50,0,0,1,,,1748792,5426917,-41.29548835,174.777118
Wellington City,TARANAKI ST,, ,I,VIVIAN ST,2655398,18/07/06,Tue,1510,GO,BN1C,111A 122A 386A ,,R,D,O ,F ,X,T,R,50,0,0,0,,,1748792,5426917,-41.29548835,174.777118
Wellington City,TARANAKI ST,, ,I,VIVIAN ST,2653718,20/07/06,Thu,350,EC,CN1,103A ,FS,R,W,DO,H ,X,T,C,50,0,0,0,,,1748792,5426917,-41.29548835,174.777118
Wellington City,TARANAKI ST,, ,I,VIVIAN ST,2653473,3/05/06,Wed,2131,AA,CS1C,173B ,,R,W,DO,L ,X,T,C,50,0,0,0,,,1748792,5426917,-41.29548835,174.777118
Wellington City,CUBA ST,, ,I,ARTHUR ST,2652624,1/06/06,Thu,1809,JA,CS1X,309B 378B 839 ,,R,D,DO,F ,T,N,N,50,0,0,0,,,1748488,5426734,-41.29719197,174.7735335
Wellington City,1N/1075/0.769,30,S, ,TARANAKI/VIVIAN,2611767,4/02/06,Sat,1155,NA,CN1E,713B ,,R,D,B ,F , ,N,C,50,0,1,0,27,,1748819,5426905,-41.29559141,174.7774433
Wellington City,1N/1075/0.799,60,E, ,TARANAKI ST,2656369,30/07/06,Sun,1730,EE,CE1C,525B ,M,R,D,TO,F , ,N,C,50,0,0,0,,,1748847,5426892,-41.29570329,174.7777807
Wellington City,1N/1075/0.912,50,W, ,TORY ST,2653474,3/05/06,Wed,1430,EA,CE1C,386B 920 ,M,R,D,B ,F ,D,N,C,50,0,0,0,,,1748950,5426846,-41.29609845,174.7790216
Wellington City,1N/1075/0.936,, ,I,TARANAKI ST,2612578,27/05/06,Sat,2025,HA,CN24,309A 841 ,,R,D,DO,F ,X,T,R,50,0,0,1,,,1748678,5426647,-41.29794029,174.775823
Wellington City,1N/1075/0.936,, ,I,TARANAKI ST,2612074,27/05/06,Sat,625,JA,CS2C,322B ,,R,W,DO,L ,X,T,R,50,0,0,1,,,1748678,5426647,-41.29794029,174.775823
Wellington City,1N/1075/0.956,, ,I,TARANAKI ST,2657193,24/10/06,Tue,1638,GF,CW1C,171A 359A 371A ,,R,W,O ,L ,X,T,C,50,0,0,0,,,1748678,5426647,-41.29794029,174.775823
Wellington City,TARANAKI ST,, ,I,BUCKLE ST,2653770,8/07/06,Sat,300,JA,CS1C,104A 322A ,,R,W,DO,L ,X,T,R,50,0,0,0,,,1748678,5426647,-41.29794029,174.775823
Wellington City,TARANAKI ST,, ,I,BUCKLE ST,2654802,22/09/06,Fri,2005,FE,4S1X,181A 191B ,,R,D,DO,F ,X,T,R,50,0,0,0,,,1748678,5426647,-41.29794029,174.775823
Wellington City,1N/1075/0.962,, ,I,TORY ST,2612423,29/07/06,Sat,2200,DC,CS2C,101A 113A 322A 514A ,,R,D,DO,F ,X,T,C,50,0,1,2,,,1748996,5426825,-41.29627903,174.7795759
Wellington City,1N/1075/0.962,, ,I,TORY ST,2656270,31/07/06,Mon,1125,BC,VE1X,111A 663A ,,R,D,O ,F ,X,T,C,50,0,0,0,,,1748996,5426825,-41.29627903,174.7795759
Wellington City,1N/1075/1.056,, ,I,TARANAKI ST,2611879,10/05/06,Wed,1635,GF,MW1C,151A ,,R,D,O ,F ,X,T,C,50,0,0,1,,,1748678,5426647,-41.29794029,174.775823
Wellington City,1N/1075/1.056,, ,I,TARANAKI ST,2652157,22/03/06,Wed,1315,GB,CW1C,172B ,,R,W,O ,L ,X,T,C,50,0,0,0,,,1748678,5426647,-41.29794029,174.775823
Wellington City,1N/1075/1.056,, ,I,TARANAKI ST,2655717,13/10/06,Fri,1422,FE,CW2X,331A ,,R,D,B ,F ,X,T,C,50,0,0,0,,,1748678,5426647,-41.29794029,174.775823
Wellington City,1N/1075/1.071,15,E, ,TARANAKI ST,2657232,4/12/06,Mon,1615,AA,CW1CC,110B 434B ,Q,R,D,B ,F ,X,T,C,50,0,0,0,,,1748692,5426641,-41.29799173,174.7759916
Wellington City,1N/1075/1.099,80,E, ,VIVIAN/TORY,2612712,4/08/06,Fri,1750,FD,ME1C,112A 191A ,,R,D,DO,F , ,N,C,50,0,0,1,,,1749069,5426793,-41.29655366,174.7804553
Wellington City,1N/1075/1.119,25,W, ,LYNN ROAD,2611048,12/01/06,Thu,940,MO,CE1S,373A 201B 204B ,,R,D,O ,L , ,N,C,50,0,0,1,,22,1749087,5426785,-41.29662236,174.7806721
Wellington City,1N/1075/1.157,, ,I,TASMAN ST,2611259,8/02/06,Wed,1538,LB,CN2C,303B ,,R,W,O ,L ,X,T,C,50,0,0,3,,,1748879,5426552,-41.29875856,174.7782459
Wellington City,1N/1075/1.183,, ,I,CAMBRIDGE TERRACE,2613116,1/10/06,Sun,325,HA,CE1C,322B 352B ,,R,D,DO,F ,X,T,C,50,0,0,2,,,1749197,5426734,-41.29706121,174.7819978
Wellington City,1N/1075/1.21,30,W, ,CAMBRIDGE TERRACE,2655888,19/11/06,Sun,1930,AA,CE1C,372A ,,R,D,TO,F , ,N,C,50,0,0,0,,,1749170,5426747,-41.29694916,174.7816723
Wellington City,1N/1075/1.21,30,W, ,CAMBRIDGE TERRACE,2655722,21/10/06,Sat,1120,EA,CE1V,386A ,M,R,D,OF,F , ,T,C,50,0,0,0,,,1749170,5426747,-41.29694916,174.7816723
Wellington City,1N/1075/1.24,, ,I,CAMBRIDGE TERRACE,2655409,15/10/06,Sun,1115,FB,CE1X,181A 191B ,,R,D,O ,F ,X,T,C,50,0,0,0,,,1749197,5426734,-41.29706121,174.7819978
Wellington City,1N/1075/1.361,60,S, ,BUCKLE ST,2657045,14/12/06,Thu,730,FD,VN1CCC,359A ,,R,D,B ,F , ,N,C,50,0,0,0,,,1748950,5426433,-41.29981686,174.7791227
Wellington City,1N/1075/1.401,, ,I,BUCKLE ST,2654340,5/08/06,Sat,105,DA,CN1,137A ,K,M,D,DO,F ,T,N,C,50,0,0,0,,,1748975,5426488,-41.29931706,174.7794077
Wellington City,1N/1075/1.401,, ,I,BUCKLE ST,2650456,9/01/06,Mon,2031,AC,VN1C,381A ,,R,D,B ,F ,T,G,C,50,0,0,0,,,1748975,5426488,-41.29931706,174.7794077
Wellington City,1N/1075/1.421,20,S, ,BUCKLE ST,2650856,27/01/06,Fri,650,AC,CN1C,372A ,,R,D,TF,F , ,N,C,50,0,0,0,,,1748967,5426470,-41.2994806,174.7793166
Wellington City,1N/1075/1.426,160,S, ,PIRIE ST,2655348,25/09/06,Mon,1731,AC,VS1V,381A ,,R,D,O ,F , ,N,R,50,0,0,0,,,1749155,5426577,-41.29848251,174.7815349
Wellington City,1N/1075/1.426,25,S, ,BUCKLE ST,2652100,25/01/06,Wed,1635,AA,CN1X,372A ,,R,D,B ,F , ,N,C,50,0,0,0,,,1748965,5426465,-41.29952598,174.779294
Wellington City,1N/1075/1.431,30,S, ,BUCKLE ST,2655999,27/10/06,Fri,725,MO,CN1C,353A 385A 929 ,M,R,D,B ,F ,D,N,C,50,0,0,0,,,1748962,5426460,-41.29957155,174.7792594
Wellington City,1N/1075/1.451,50,S, ,BUCKLE ST,2655397,31/07/06,Mon,1910,AC,CN1C,372A 434A ,,M,D,DO,F , ,N,C,50,0,0,0,,,1748954,5426442,-41.29973509,174.7791683
Wellington City,1N/1075/1.468,100,N, ,ELLICE ST,2653923,13/07/06,Thu,1600,FD,4S1CC,181A 191C 920 ,,R,D,O ,F , , ,C,50,0,0,0,,,1749138,5426538,-41.29883678,174.7813415
Wellington City,1N/1075/1.499,, ,I,BELFAST ST,2653530,20/06/06,Tue,1340,GB,VW1M,372B ,,R,D,B ,F ,T,N,C,50,0,0,0,,,1748942,5426313,-41.30089875,174.7790566
Wellington City,1N/1075/1.515,20,N, ,BUCKLE ST,2651166,1/03/06,Wed,1520,FC,CS1C,331A ,,R,D,B ,F , ,N,X,50,0,0,0,,,1749108,5426464,-41.29950858,174.7810015
Wellington City,1N/1075/1.515,20,N, ,BUCKLE ST,2611300,3/03/06,Fri,1745,EE,SS1TB,374B 903 ,M,R,D,B ,FS, ,N,C,50,0,0,1,,56,1749108,5426464,-41.29950858,174.7810015
Wellington City,1N/1075/1.538,50,N, ,RUGBY ST,2650480,12/01/06,Thu,1800,AA,VN1C,191A 372A 353B ,,R,D,O ,F , ,N,C,50,0,0,0,,,1748918,5426363,-41.30045301,174.7787578
Wellington City,1N/1075/1.549,, ,I,ADELAIDE ROAD,2611221,7/01/06,Sat,112,DC,4N2C,103A ,FIS,R,D,DO,F ,T,G,R,50,0,0,1,,,1749005,5426284,-41.30114822,174.7798158
Wellington City,1N/1075/1.554,15,W, ,ADELAIDE ROAD,2657182,20/12/06,Wed,1740,AA,CW1V,353A 372A ,,R,D,B ,F , ,N,N,50,0,0,0,,,1748992,5426290,-41.3010966,174.7796592
Wellington City,1N/1075/1.555,20,E, ,BUCKLE ST,2657021,16/08/06,Wed,1720,FD,BS1V,331A 386A ,,R,D,TF,F ,R,N,C,50,0,0,0,,,1749133,5426438,-41.29973805,174.7813063
Wellington City,1N/1075/1.558,30,N, ,RUGBY ST,2651059,26/01/06,Thu,1200,FB,VN1V,181A 197B 927 ,,M,D,B ,F ,D,N,C,50,0,0,0,,,1748918,5426343,-41.30063308,174.7787627
Wellington City,1N/1075/1.568,, ,I,BUCKLE ST,2654348,30/07/06,Sun,245,DB,CS1,111A ,P,S,D,DO,F ,T,G,C,50,0,0,0,,,1749115,5426446,-41.29966935,174.7810894
Wellington City,1N/1075/1.568,, ,I,BUCKLE ST,2652214,21/04/06,Fri,1955,KB,CE2C,302A ,,M,D,DO,F ,T,G,R,50,0,0,0,,,1749115,5426446,-41.29966935,174.7810894
Wellington City,ADELAIDE ROAD,, ,I,1N/1075/1.569,2655564,31/10/06,Tue,350,GF,TN1C,176A 381B ,,R,W,DO,L ,T,G,C,50,0,0,0,,,1749006,5426284,-41.30114803,174.7798278
Wellington City,1N/1075/1.569,, ,I,ADELAIDE ROAD,2613802,8/07/06,Sat,300,DC,CN1,103A 112A ,F,R,D,DO,F ,T,G,R,50,0,1,1,,,1749006,5426284,-41.30114803,174.7798278
Wellington City,1N/1075/1.569,, ,I,ADELAIDE ROAD,2656124,10/11/06,Fri,2215,FC,CW1C,331A 352A ,,R,D,DO,F ,T,G,X,50,0,0,0,,,1749006,5426284,-41.30114803,174.7798278
Wellington City,1N/1075/1.569,, ,I,ADELAIDE ROAD,2656066,15/11/06,Wed,1545,FB,TN2C,181A ,,R,D,B ,F ,T,G,R,50,0,0,0,,,1749006,5426284,-41.30114803,174.7798278
Wellington City,1N/1075/1.569,, ,I,ADELAIDE ROAD,2654170,13/08/06,Sun,140,DC,CN2C,103A 113A ,FM,R,D,DO,F ,T,G,R,50,0,0,0,,,1749006,5426284,-41.30114803,174.7798278
Wellington City,1N/1075/1.569,, ,I,ADELAIDE ROAD,2611659,15/02/06,Wed,1830,NE,CW1E,306A 375A ,,R,D,B ,F ,T,G,X,50,0,0,1,44,,1749006,5426284,-41.30114803,174.7798278
Wellington City,1N/1075/1.578,10,N, ,RUGBY ST,2656927,5/12/06,Tue,100,EA,CW1C,111A 386A ,M,M,D,DO,F ,M,N,N,50,0,0,0,,,1748926,5426325,-41.30079366,174.7788626
Wellington City,1N/1075/1.584,20,W, ,ELLICE ST,2655836,27/11/06,Mon,1810,FD,CE1C,353A ,,E,W,O ,L , ,G,C,50,0,0,0,,,1749158,5426423,-41.29986848,174.7816085
Wellington City,1N/1075/1.588,, ,I,SH 1N SUSSEX,2655617,13/10/06,Fri,1900,DB,CW1C,353A ,M,E,D,B ,F ,T,G,R,50,0,0,0,,,1748932,5426317,-41.30086458,174.7789362
Wellington City,1N/1075/1.588,, ,I,SUSSEX ST,2612138,2/06/06,Fri,825,AA,MN1C,372A 111B ,,M,D,B ,F ,T,G,R,50,0,1,0,,,1748932,5426317,-41.30086458,174.7789362
Wellington City,1N/1075/1.588,, ,I,SUSSEX ST,2655673,25/08/06,Fri,2305,DA,CW1CCC,111A ,MM,E,W,DO,L ,T,G,C,50,0,0,0,,,1748932,5426317,-41.30086458,174.7789362
Wellington City,1N/1075/1.588,, ,I,SUSSEX ST,2654087,12/08/06,Sat,221,DA,CW1C,111A ,M,M,D,DO,F ,T,G,R,50,0,0,0,,,1748932,5426317,-41.30086458,174.7789362
Wellington City,1N/1075/1.604,, ,I,ELLICE ST,2654300,21/08/06,Mon,1800,AO,CS1V,380A 370B ,,S,D,DO,F ,T,G,C,50,0,0,0,,,1749169,5426406,-41.3000195,174.7817439
Wellington City,1N/1075/1.604,, ,I,ELLICE ST,2656269,2/07/06,Sun,834,KA,CE14,302B ,,E,D,O ,F ,T,G,C,50,0,0,0,,,1749169,5426406,-41.3000195,174.7817439
Wellington City,1N/1075/1.608,20,E, ,SUSSEX ST,2653719,16/06/06,Fri,2330,FA,CW1C,512A ,,R,D,DO,F ,R,N,C,50,0,0,0,,,1748950,5426309,-41.30093329,174.7791531
Wellington City,1N/1075/1.608,20,E, ,SUSSEX ST,2656774,22/12/06,Fri,1515,DA,CW1C,132A 331A ,,E,D,O ,F , ,N,C,50,0,0,0,,,1748950,5426309,-41.30093329,174.7791531
Wellington City,1N/1075/1.668,30,W, ,ADELAIDE ROAD,2611181,18/01/06,Wed,1650,FD,CW14,331A ,,E,W,O ,HS, ,N,C,50,0,0,1,,,1748978,5426297,-41.30103616,174.7794903
Wellington City,1N/1075/1.708,, ,I,PATERSON ST,2654913,2/10/06,Mon,750,DB,CS1,111A ,IS,M,W,O ,L ,T,T,R,50,0,0,0,,,1749158,5426341,-41.30060676,174.7816286
Wellington City,1N/1075/1.776,, ,I,RUGBY ST,2656368,23/07/06,Sun,2055,AC,CS1C,372A 381A 434A ,,M,D,DO,F ,T,N,C,50,0,0,0,,,1749106,5426254,-41.30139966,174.781029
Wellington City,1N/1075/1.796,20,N, ,RUGBY ST,2650533,6/02/06,Mon,900,EE,CS1C,137A 374B ,SQ,R,D,O ,F , ,G,R,50,0,0,0,,,1749122,5426266,-41.30128867,174.7812171
Wellington City,1N/1076/0.217,80,W, ,WEST PORTAL,2655933,18/10/06,Wed,1630,BE,VE1X,112A 130A ,,R,W,O ,L , ,N,C,50,0,0,0,,,1749350,5426226,-41.30160663,174.7839491
Wellington City,1N/1076/0.272,25,W, ,WEST PORTAL,2656676,29/11/06,Wed,1431,CB,CE1,632A 650A ,P,R,D,B ,F , ,N,L,50,0,0,0,,,1749399,5426202,-41.30181365,174.78454
Wellington City,1N/1076/0.297,, ,A,WEST PORTAL,2613714,15/12/06,Fri,1615,FD,CE1CC,181A 359A 434A ,,R,D,B ,F , ,N,C,50,0,0,1,,,1749422,5426191,-41.30190842,174.7848173
Wellington City,1N/1076/0.3,300,E, ,SLIP,2656768,11/12/06,Mon,1532,FD,CW1C,181A 191B ,,R,D,B ,F , ,N,L,50,0,0,0,,,1749424,5426189,-41.30192606,174.7848417
Wellington City,1N/1076/0.327,30,E, ,WEST PORTAL,2611934,24/03/06,Fri,2105,FD,ME1CC,103A 137A 331A ,,R,D,DO,F , ,N,L,50,0,0,1,,,1749449,5426178,-41.30202047,174.7851428
Wellington City,1N/1076/0.357,60,E, ,WEST PORTAL,2613072,7/08/06,Mon,1740,FD,CW1C,331A 358A ,,R,D,DO,F , ,N,C,50,0,0,2,,,1749476,5426165,-41.30213251,174.7854684
Wellington City,1N/1076/0.687,300,W, ,TAURIMA ST,2610073,29/08/06,Tue,58,FA,ME1XC,103A 110A 385A ,,R,D,DO,F , ,N,L,50,1,0,0,,,1749773,5426022,-41.30336492,174.7890496
Wellington City,1N/1076/0.898,, ,A,EAST PORTAL,2656475,18/11/06,Sat,1304,FD,CW1C,331A ,,R,W,O ,L , ,N,L,50,0,0,0,,,1749963,5425932,-41.30413993,174.7913402
Wellington City,1N/1076/0.912,15,E, ,EAST PORTAL,2656595,15/11/06,Wed,1700,FD,CW1CC,331A 350A ,,M,D,TF,F ,Y,N,C,50,0,0,0,,,1749976,5425925,-41.30420054,174.7914972
Wellington City,1N/1076/0.987,, ,I,TAURIMA ST,2650776,17/02/06,Fri,1940,JC,CW1C,302A 200B 336B ,,E,D,B ,F ,Y,G,C,50,0,0,0,,,1750042,5425889,-41.30451239,174.7922941
Wellington City,1N/1076/0.987,, ,I,TAURIMA ST,2650746,4/02/06,Sat,1748,JA,CE1C,302B 375B ,,M,D,B ,F ,Y,G,C,50,0,0,0,,,1750043,5425890,-41.3045032,174.7923058
Wellington City,1N/1076/0.987,, ,I,TAURIMA ST,2653812,13/07/06,Thu,210,DA,CE1,111A 131A ,FIS,M,D,DO,F ,T,N,R,50,0,0,0,,,1750043,5425890,-41.3045032,174.7923058
Wellington City,1N/1076/0.987,, ,I,TAURIMA ST,2653515,22/02/06,Wed,1745,KB,VW1C,,,E,D,B ,F ,Y,G,C,50,0,0,0,,,1750042,5425889,-41.30451239,174.7922941
Wellington City,1N/1076/1.002,15,E, ,TAURIMA ST,2654341,21/07/06,Fri,1955,MB,CE1X,,,M,W,DO,L , , ,L,50,0,0,0,,,1750052,5425877,-41.30461857,174.7924164
Wellington City,1N/1076/1.027,40,S, ,TAURIMA ST,2613480,16/08/06,Wed,1720,FD,CN1C,331A 358A ,,R,D,O ,F , ,N,L,50,0,0,1,,,1750067,5425858,-41.30478684,174.7926002
Wellington City,1N/1076/1.187,200,S, ,TAURIMA ST,2650889,21/01/06,Sat,2005,MC,CS1C,372B 404B ,,R,D,TF,F , ,N,C,70,0,0,0,,,1750056,5425703,-41.30618441,174.7925071
Wellington City,1N/1076/1.479,, ,I,GOA ST,2654070,9/08/06,Wed,2026,JA,CS1C,302B ,,R,W,DO,L ,T,G,C,70,0,0,0,,,1749971,5425424,-41.30871214,174.791561
Wellington City,1N/1076/1.479,, ,I,GOA ST,2653439,12/06/06,Mon,1540,KB,CN1C,375B ,,R,W,O ,L ,T,G,C,70,0,0,0,,,1749971,5425424,-41.30871214,174.791561
Wellington City,1N/1076/1.479,, ,I,GOA ST,2650812,15/02/06,Wed,805,FD,CN1C,331A 350A ,,R,D,B ,F ,T,G,L,70,0,0,0,,,1749971,5425424,-41.30871214,174.791561
Wellington City,1N/1076/1.775,60,N, ,WELLINGTON ROAD,2656488,16/08/06,Wed,1822,FD,CS1C,181A 190B ,,R,W,DO,F , ,N,C,70,0,0,0,,,1749881,5425142,-41.31126781,174.7905558
Wellington City,1N/1076/1.835,, ,I,RUAHINE ST,2651228,30/03/06,Thu,1303,LB,XW1C,304B ,,E,D,B ,F ,Y,G,R,50,0,0,0,,,1749873,5425084,-41.31179149,174.7904746
Wellington City,1N/1076/1.835,, ,I,RUAHINE ST,2655197,26/09/06,Tue,1440,DA,4N1C,135A 801 ,,M,W,O ,L ,Y,G,R,50,0,0,0,,,1749873,5425084,-41.31179149,174.7904746
Wellington City,1N/1076/1.835,, ,I,RUAHINE ST,2651946,24/04/06,Mon,2000,JA,CW1V,302B 375B ,,M,D,DO,F ,T,G,R,50,0,0,0,,,1749873,5425084,-41.31179149,174.7904746
Wellington City,1N/1076/1.835,, ,I,RUAHINE ST,2652123,4/01/06,Wed,1800,JA,CW1S,302B ,,E,W,O ,L ,Y,G,P,50,0,0,0,,15,1749873,5425084,-41.31179149,174.7904746
Wellington City,1N/1076/1.835,, ,I,RUAHINE ST,2652124,10/01/06,Tue,920,KC,CN2C,302A ,,M,D,B ,F ,Y,G,R,50,0,0,0,,,1749873,5425084,-41.31179149,174.7904746
Wellington City,1N/1076/1.911,, ,I,MOXHAM AVENUE,2655942,19/11/06,Sun,1545,FB,CE1X,181A 197B ,,R,D,B ,F ,T,N,C,50,0,0,0,,,1749941,5425068,-41.31192291,174.7912905
Wellington City,1N/1076/2.015,, ,I,WALMER ST,2655676,31/10/06,Tue,1840,FD,CE1X,331A 353A ,,R,D,B ,F ,T,G,C,50,0,0,0,,,1750029,5425063,-41.31195157,174.7923426
Wellington City,1N/1076/2.04,50,W, ,KILBIRNIE CRESCENT,2650353,18/01/06,Wed,957,FD,CW1C,331A 359A ,,R,W,TF,L , ,N,C,50,0,0,0,,,1750074,5425056,-41.31200622,174.7928816
Wellington City,1N/1076/2.11,, ,I,HAMILTON ROAD,2653781,7/08/06,Mon,1600,LB,CN2X,303B ,,R,W,O ,L ,X,T,R,50,0,0,0,,,1750123,5425048,-41.31206913,174.7934687
Wellington City,1N/1076/2.11,, ,I,HAMILTON ROAD,2654452,1/09/06,Fri,1715,BE,CE1C,132A ,I,R,D,B ,F ,X,T,R,50,0,0,0,,,1750123,5425048,-41.31206913,174.7934687
Wellington City,1N/1076/2.11,, ,I,HAMILTON ROAD,2657207,21/11/06,Tue,1600,AC,BS2C,386A 434A ,,R,D,B ,F ,X,T,L,50,0,0,0,,,1750123,5425048,-41.31206913,174.7934687
Wellington City,1N/1076/2.11,, ,I,KILBIRNIE CRESCENT,2656557,11/10/06,Wed,840,AA,CE1X,386A ,,R,D,B ,F ,X,T,C,50,0,0,0,,,1750123,5425048,-41.31206913,174.7934687
Wellington City,1N/1076/2.11,, ,I,HAMILTON ROAD,2653720,6/07/06,Thu,1500,FE,CW1X,181A ,,R,W,O ,HS,X,T,R,50,0,0,0,,,1750123,5425048,-41.31206913,174.7934687
Wellington City,1N/1076/2.244,30,W, ,EVANS BAY PARADE,2651230,10/02/06,Fri,825,FE,CE1C,181A ,,R,D,O ,F ,X,T,C,50,0,0,0,,,1750272,5425016,-41.31232949,174.7952559
Wellington City,1N/1076/2.285,10,W, ,EVANS BAY PARADE,2656707,2/11/06,Thu,800,FD,CW1C,331A 350A 385A ,,R,D,B ,  ,X,T,R,50,0,0,0,,,1750290,5425001,-41.31246118,174.7954745
Wellington City,1N/1076/2.295,, ,I,EVANS BAY PARADE,2652149,3/02/06,Fri,1247,MG,VW1V,420B ,,R,D,B ,F ,X,T,R,50,0,0,0,,,1750300,5425000,-41.31246832,174.7955942
Wellington City,1N/1076/2.295,, ,I,EVANS BAY PARADE,2655903,11/11/06,Sat,1545,AC,CW1C,372A ,,R,D,O ,F ,X,T,R,50,0,0,0,,,1750300,5425000,-41.31246832,174.7955942
Wellington City,1N/1076/2.295,, ,I,EVANS BAY PARADE,2654044,14/06/06,Wed,705,MG,CW1C,371B 512B ,,R,D,DO,F ,X,T,R,50,0,0,0,,,1750300,5425000,-41.31246832,174.7955942
Wellington City,1N/1076/2.295,, ,I,EVANS BAY PARADE,2654343,3/08/06,Thu,1741,LB,VW1C,322B 334B ,,R,D,TF,F ,X,T,R,50,0,0,0,,,1750300,5425000,-41.31246832,174.7955942
Wellington City,1N/1076/2.295,, ,I,EVANS BAY PARADE,2651887,8/01/06,Sun,1358,LB,CN2C,303B ,,R,D,B ,F ,X,T,R,50,0,0,0,,,1750300,5425000,-41.31246832,174.7955942
Wellington City,1N/1076/2.315,20,E, ,EVANS BAY PARADE,2655915,11/12/06,Mon,1100,AA,CW1V,372A ,,R,D,B ,F , ,N,N,50,0,0,0,,,1750320,5424996,-41.31250061,174.795834
Wellington City,1N/1076/2.378,100,E, ,EVANS BAY PARADE,2655327,2/10/06,Mon,2300,DA,CE1,111A 135A 801 ,P,E,W,DO,HS, ,N,R,70,0,0,0,,,1750398,5424989,-41.31254909,174.7967671
Wellington City,1N/1076/2.595,300,E, ,EVANS BAY PARADE,2651457,13/04/06,Thu,1900,CA,CW1T,130A 501A ,FM,R,D,DO,F , ,N,R,70,0,0,0,,,1750546,5424845,-41.31381796,174.79857
Wellington City,1N/1076/2.978,700,E, ,EVANS BAY PARADE,2611873,15/01/06,Sun,2000,CA,ME1,136A 651A 692A ,,R,D,O ,F , ,N,R,70,0,0,1,,,1750838,5424583,-41.31612227,174.8021219
Wellington City,1N/1076/3.004,100,W, ,TROY ST,2611399,20/03/06,Mon,810,AC,CW1M,135B 386B 801 ,,R,W,O ,L , ,N,R,70,0,0,1,,,1750851,5424550,-41.31641695,174.8022853
Wellington City,1N/1076/3.108,, ,I,TROY ST,2654663,13/09/06,Wed,2351,AD,CE1C,111A 132A ,X,E,D,DO,F ,R,G,R,70,0,0,0,,,1750931,5424492,-41.31692417,174.8032551
Wellington City,1N/1076/3.108,, ,I,TROY ST,2655434,29/09/06,Fri,1458,FB,CE1C,181A ,,R,D,B ,F ,R,G,R,50,0,0,0,,,1750931,5424492,-41.31692417,174.8032551
Wellington City,1N/1076/3.108,, ,I,TROY ST,2613267,10/11/06,Fri,1355,FB,VE1C,331A 353A ,,R,D,B ,F ,R,G,R,70,0,0,1,,,1750931,5424492,-41.31692417,174.8032551
Wellington City,1N/1076/3.108,, ,I,TROY ST,2657052,15/12/06,Fri,100,DB,CE1,102A 110A ,P,E,D,DO,F ,R,G,R,70,0,0,0,,,1750931,5424492,-41.31692417,174.8032551
Wellington City,1N/1076/3.108,, ,I,TROY ST,2654963,3/09/06,Sun,1403,FB,CE14,331A 350A ,,E,D,B ,F ,R,G,R,70,0,0,0,,,1750931,5424492,-41.31692417,174.8032551
Wellington City,1N/1076/3.108,, ,I,TROY ST,2652217,25/04/06,Tue,1200,FB,CW1C,112A 181A 405B ,,R,W,O ,H ,R,G,R,70,0,0,0,,,1750927,5424495,-41.31689791,174.8032065
Wellington City,1N/1076/3.141,, ,I,TROY ST,2656184,7/11/06,Tue,1117,DA,CW1,135A 801 ,IP,R,W,O ,L ,R,N,R,70,0,0,0,,,1750947,5424489,-41.31694818,174.8034469
Wellington City,1N/1076/3.154,, ,I,TROY ST,2657222,3/12/06,Sun,1508,FA,CW1C,124A 330A 402A ,,M,D,B ,F ,R,G,C,70,0,0,0,,,1750900,5424419,-41.31758721,174.802903
Wellington City,1N/1076/3.154,, ,I,TROY ST,2650522,28/01/06,Sat,1419,GE,CW1C,171B 375B ,,E,D,B ,F ,R,G,R,70,0,0,0,,,1750900,5424419,-41.31758721,174.802903