TLA NAME,CRASH ROAD,CRASH DIST,CRASH DIRN,INTSN,SIDE ROAD,CRASH ID,CRASH DATE,CRASH DOW,CRASH TIME,MVMT,VEHICLES,CAUSES,OBJECTS STRUCK,ROAD CURVE,ROAD WET,LIGHT,WTHRa,JUNC TYPE,TRAF CTRL,ROAD MARK,SPD LIM,CRASH FATAL CNT,CRASH SEV CNT,CRASH MIN CNT,PERS AGE1,PERS AGE2,EASTING,NORTHING,latitude,longitude
Wellington City,1N/1076/3.238,, ,I,TROY ST,2611265,1/03/06,Wed,2030,LB,4W1S,302A 370A 602B ,,R,D,DO,F ,R,G,R,70,0,0,1,,19,1750971,5424433,-41.31744787,174.8037474
Wellington City,1N/1076/3.238,, ,I,TROY ST,2613760,31/10/06,Tue,645,LB,VW1S,302A 375A ,,E,D,B ,F ,R,G,R,70,0,0,1,,33,1750971,5424433,-41.31744787,174.8037474
Wellington City,1N/1076/3.238,, ,I,TROY ST,2655257,12/10/06,Thu,1055,FB,4W1C,331A ,,E,D,B ,F ,R,G,R,70,0,0,0,,,1750975,5424435,-41.31742912,174.8037947
Wellington City,1N/1076/3.694,, ,I,CALABAR ROAD,2656547,2/10/06,Mon,930,GF,CE1C,111A 122A ,,E,D,O ,F ,R,G,R,70,0,0,0,,,1751444,5424532,-41.31646787,174.8093713
Wellington City,1N/1076/3.694,, ,I,CALABAR ROAD,2655515,21/10/06,Sat,30,DA,CE1,111A ,P,E,D,DO,F ,R,G,R,70,0,0,0,,,1751419,5424533,-41.31646356,174.8090725
Wellington City,1N/1076/3.747,, ,I,COBHAM DRIVE,2657136,31/12/06,Sun,2345,AA,VE14,372A ,,M,D,DO,FS,R,G,R,70,0,0,0,,,1751426,5424454,-41.3171735,174.8091757
Wellington City,1N/1076/3.78,, ,I,CALABAR ROAD,2613811,3/10/06,Tue,1045,LB,TN2V,302A 613A ,F,E,D,O ,F ,R,G,R,70,0,0,1,,,1751451,5424460,-41.31711479,174.8094728
Wellington City,1N/1076/3.81,30,S, ,COBHAM DRIVE,2652721,3/05/06,Wed,1905,CA,CN1CB,132A 137A 181A 191B ,,R,W,DO,L , ,N,L,70,0,0,0,,,1751453,5424430,-41.31738451,174.8095041
Wellington City,1N/1076/3.942,50,N, ,WEXFORD ROAD,2655376,28/05/06,Sun,329,CA,CS1,103A 112A 131A ,F,R,D,DO,F , ,N,L,70,0,0,0,,,1751443,5424299,-41.31856581,174.8094174
Wellington City,1N/1076/3.992,, ,I,CALABAR ROAD,2653085,2/05/06,Tue,1921,FB,CE1C,111A 181A ,,E,D,DO,F ,R,G,R,70,0,0,0,,,1751439,5424250,-41.31900772,174.8093818
Wellington City,1N/1076/3.992,, ,I,CALABAR ROAD,2652649,9/06/06,Fri,1815,KA,CE1C,302B ,,E,D,DO,F ,R,G,R,70,0,0,0,,,1751439,5424250,-41.31900772,174.8093818
Wellington City,1N/1076/3.992,, ,I,WEXFORD ROAD,2651036,26/02/06,Sun,1520,JA,XS1C,301B 387B ,,R,D,B ,F ,T,S,L,70,0,0,0,,,1751439,5424250,-41.31900772,174.8093818
Wellington City,1N/1076/4.181,, ,I,CALEDONIA ST,2655346,24/10/06,Tue,1106,JA,4S1C,302B 357B 375B ,,R,W,O ,HS,T,G,L,70,0,0,0,,,1751424,5424061,-41.32071215,174.8092497
Wellington City,1N/1076/4.181,, ,I,CALEDONIA ST,2650521,28/01/06,Sat,1515,KB,CN1B,176B 302B 386B ,,R,D,B ,F ,T,G,P,70,0,0,0,,,1751424,5424061,-41.32071215,174.8092497
Wellington City,1N/1076/4.181,, ,I,CALEDONIA ST,2613351,26/11/06,Sun,1229,JA,XS14,302B ,,R,W,O ,F ,T,G,L,70,0,0,2,,,1751424,5424061,-41.32071215,174.8092497
Wellington City,1N/1076/4.749,, ,I,BROADWAY,2656486,20/10/06,Fri,2144,FB,CS1C,331A ,,R,D,DO,F ,R,G,R,50,0,0,0,,,1751432,5423513,-41.32564442,174.8094818
Wellington City,2/962/12.886,200,S, ,HOROKIWI ROAD,2611391,22/02/06,Wed,900,FD,XS1VV,331A 353A 181C ,,R,D,B ,F , ,N,R,100,0,0,2,,,1755030,5434379,-41.22713299,174.8496888
Wellington City,2/962/12.896,200,S, ,HOROKIWI ROAD,2654288,23/08/06,Wed,1629,FD,4N1CC,331A ,,R,D,O ,F , ,N,C,100,0,0,0,,,1755021,5434389,-41.22704469,174.8495789
Wellington City,2/962/12.896,200,S, ,HOROKIWI ROAD,2611644,17/01/06,Tue,1655,FD,CN1CC,181A ,,R,D,B ,F , ,N,R,100,0,0,2,,,1755021,5434389,-41.22704469,174.8495789
Wellington City,2/962/12.978,290,W, ,HOROKIWI ROAD,2656119,29/11/06,Wed,1543,CA,4W1,615A 687A ,,R,D,B ,F , ,N,R,100,0,0,0,,,1754942,5434351,-41.22740194,174.8486465
Wellington City,2/962/12.986,300,W, ,HOROKIWI ROAD,2611725,18/04/06,Tue,813,FD,CW1T,181A ,,R,W,B ,F , ,N,R,100,0,0,1,,,1754934,5434349,-41.22742148,174.8485516
Wellington City,2/962/13.088,400,W, ,HOROKIWI ROAD,2655825,6/10/06,Fri,823,FD,VW1CC,181A ,,R,W,O ,L , ,N,C,100,0,0,0,,,1754837,5434318,-41.22771915,174.8474027
Wellington City,2/962/13.096,400,S, ,HOROKIWI ROAD,2611264,1/02/06,Wed,640,CA,CN1C,130A 190A 358A ,GD,R,D,O ,F , ,N,R,100,0,0,1,,,1754830,5434329,-41.22762145,174.8473164
Wellington City,2/962/13.175,1000,S, ,PETONE OFF NBD,2652647,17/05/06,Wed,1750,FD,CN1CCC,331A 359A ,,R,D,DO,F , ,N,R,100,0,0,0,,,1754755,5434305,-41.22785188,174.8464281
Wellington City,2/962/13.188,500,S, ,HOROKIWI ROAD,2653697,3/08/06,Thu,815,FD,VS1T,181A ,,R,W,O ,L , ,N,R,100,0,0,0,,,1754742,5434288,-41.22800742,174.8462774
Wellington City,2/962/13.188,500,W, ,HOROKIWI ROAD,2650813,21/02/06,Tue,915,FD,TW1VC,331A ,,R,D,B ,F , ,N,R,100,0,0,0,,,1754742,5434288,-41.22800742,174.8462774
Wellington City,2/962/13.188,500,W, ,HOROKIWI ROAD,2650985,21/03/06,Tue,1718,FD,CW1CCC,181A 180C 386D ,,R,W,O ,H , ,N,R,100,0,0,0,,,1754742,5434288,-41.22800742,174.8462774
Wellington City,2/962/13.238,550,W, ,HOROKIWI ROAD,2651453,21/02/06,Tue,920,FD,CW1C,181A ,,R,D,O ,F , ,N,R,100,0,0,0,,,1754694,5434273,-41.22815165,174.8457088
Wellington City,2/962/13.596,900,S, ,HOROKIWI ROAD,2656713,21/12/06,Thu,1800,FD,CN1CV,102A 181A 191B ,,M,D,B ,F , ,N,R,100,0,0,0,,,1754393,5434109,-41.22968567,174.8421607
Wellington City,2/962/13.671,200,N, ,SERVICE STN NTH,2656675,1/11/06,Wed,920,FD,TS1CC,181A 191B ,G,R,D,B ,F , ,N,R,100,0,0,0,,,1754350,5434049,-41.23023407,174.841663
Wellington City,2/962/13.686,1000,S, ,HOROKIWI ROAD,2651687,2/02/06,Thu,55,DB,CS1,103A 111A ,G,E,D,DO,F , ,N,R,100,0,0,0,,,1754343,5434019,-41.2305055,174.8415871
Wellington City,2/962/13.696,1000,S, ,HOROKIWI ROAD,2657249,24/12/06,Sun,30,FA,CN1X,370A ,G,E,D,DO,F , ,N,R,100,0,0,0,,,1754335,5434028,-41.230426,174.8414894
Wellington City,2/962/13.696,1000,W, ,HOROKIWI ROAD,2611641,26/01/06,Thu,910,DB,CE1,104A 130A 350A ,G,E,D,O ,F , ,N,R,100,0,0,1,,,1754335,5434028,-41.230426,174.8414894
Wellington City,2/962/13.741,2000,N, ,HUTT ON NBD,2653662,20/06/06,Tue,1720,FD,CN14C,331A 181C ,,R,D,TF,F , ,N,C,100,0,0,0,,,1754306,5433994,-41.23073764,174.8411522
Wellington City,2/962/13.821,50,N, ,SERVICE STN NTH,2651940,7/04/06,Fri,1824,FD,CN1VC,191B 386B 181C ,,R,D,DO,F , ,N,R,100,0,0,0,,,1754244,5433944,-41.23119963,174.8404254
Wellington City,2/962/14.088,1400,W, ,HOROKIWI ROAD,2653426,11/07/06,Tue,2030,DB,CW1,132A ,G,E,W,DO,L , ,N,R,100,0,0,0,,,1754003,5433816,-41.23239796,174.8375835
Wellington City,2/962/14.096,1400,W, ,HOROKIWI ROAD,2654245,25/06/06,Sun,116,DB,CN1,104A 131A ,G,E,W,DO,L , ,N,C,100,0,0,0,,,1753997,5433825,-41.23231807,174.8375097
Wellington City,2/962/14.23,, ,A,SERVICE STN STH,2656121,12/10/06,Thu,2230,AG,CN1C,103A 111A 159A ,G,E,D,DO,F , ,N,R,100,0,0,0,,,1753902,5433730,-41.23319146,174.8364006
Wellington City,2/962/14.28,50,S, ,SERVICE STN STH,2651941,7/04/06,Fri,1800,FD,4N14C,331A 351A ,,R,D,DO,F , ,N,R,100,0,0,0,,,1753869,5433692,-41.23353986,174.8360166
Wellington City,2/962/14.33,100,W, ,SERVICE STN STH,2653613,14/07/06,Fri,1645,FD,CN14,331A 353A ,,R,W,TF,L , ,N,C,100,0,0,0,,,1753836,5433655,-41.23387926,174.8356324
Wellington City,2/962/14.541,1200,E, ,HUTT ON NBD,2653427,5/07/06,Wed,650,FD,4.00E+14,331A ,,R,W,TO,H , ,N,R,100,0,0,0,,,1753686,5433508,-41.23523125,174.8338804
Wellington City,2/962/14.696,2000,W, ,HOROKIWI ROAD,2612088,18/05/06,Thu,1810,FD,CE1CCC,331A 353A ,,R,D,DO,F , ,N,R,100,0,0,2,,,1753562,5433413,-41.23611011,174.8324254
Wellington City,2/962/14.941,800,N, ,HUTT ON NBD,2653480,9/06/06,Fri,620,AA,CN14,181A 358A ,,R,W,DO,F , ,N,C,100,0,0,0,,,1753365,5433269,-41.23744396,174.8301119
Wellington City,2/962/15.241,500,N, ,HUTT ON NBD,2613739,27/06/06,Tue,1655,CB,CN1M,372A 170B ,,R,D,TF,F , ,N,R,100,0,0,1,,,1753129,5433084,-41.23915428,174.8273435
Wellington City,2/962/15.241,500,N, ,HUTT ON NBD,2654236,16/08/06,Wed,849,FD,CN1CCC,331A 353A 330D ,,R,W,B ,F , ,N,C,100,0,0,0,,,1753129,5433084,-41.23915428,174.8273435
Wellington City,2/962/15.43,1200,W, ,SERVICE STN STH,2652103,15/05/06,Mon,1721,FD,VE1C,331A 350A ,,R,W,TF,L , ,N,R,100,0,0,0,,,1752984,5432962,-41.24028013,174.8256446
Wellington City,2/962/15.591,150,N, ,HUTT ON NBD,2653921,23/06/06,Fri,1740,AA,4N1CC,159A 191A 181C ,,R,W,TO,L , , ,C,100,0,0,0,,,1752853,5432870,-41.2411332,174.8241051
Wellington City,2/962/15.741,, ,I,HUTT ON NBD,2650811,11/02/06,Sat,1239,FD,CE1CC,181A 180B ,,R,D,B ,F ,Y,N,R,100,0,0,0,,,1752729,5432784,-41.24193091,174.8226475
Wellington City,2/962/15.959,400,N, ,NGAURANGA ON NBD,2611916,17/05/06,Wed,844,CB,VW1,197A ,G,R,D,B ,F , ,N,R,100,0,0,1,,,1752554,5432639,-41.24326943,174.8205964
Wellington City,2/962/16.159,800,N, ,SH 1N,2655309,2/11/06,Thu,950,CC,CS1,358A 407A ,G,R,D,O ,F , ,N,R,100,0,0,0,,,1752392,5432523,-41.24434436,174.8186929
Wellington City,2/962/16.387,20,W, ,NGAURANGA ON NBD,2611648,16/02/06,Thu,836,FD,CW1CCC,181A 180C ,,R,D,O ,F , ,N,R,100,0,0,2,,,1752229,5432374,-41.24571656,174.8167858
Wellington City,2/962/16.441,700,S, ,HUTT ON NBD,2653343,15/07/06,Sat,1145,FD,CN1C,331A 358A ,,R,W,O ,L , ,N,R,100,0,0,0,,,1752185,5432347,-41.24596793,174.8162676
Wellington City,2/962/16.567,200,S, ,NGAURANGA ON NBD,2651697,20/03/06,Mon,815,AC,CS1,133A 402A 403A ,G,R,W,O ,LS, ,N,R,100,0,0,0,,,1752099,5432249,-41.24686644,174.8152662
Wellington City,2/962/16.62,350,N, ,SH 1N,2652593,23/05/06,Tue,1905,FD,CN1C,181A 386A ,,R,W,DO,F , ,N,R,100,0,0,0,,,1752052,5432227,-41.24707335,174.814711
Wellington City,2/962/16.67,300,N, ,SH 1N,2653833,5/07/06,Wed,740,FD,CN1CCC,181A 331C ,,E,W,O ,H , ,N,R,100,0,0,0,,,1752014,5432195,-41.2473686,174.8142656
Wellington City,2/962/16.72,250,N, ,HUTT ROAD,2653658,15/07/06,Sat,1930,FD,CN1CC,331A ,,R,W,DO,H , ,N,C,100,0,0,0,,,1751975,5432163,-41.24766404,174.8138084
Wellington City,2/962/16.72,250,E, ,SH 1N,2653777,7/07/06,Fri,840,FD,CN1C,112A 337A 832 ,,R,D,O ,F , ,N,R,100,0,0,0,,,1751975,5432163,-41.24766404,174.8138084
Wellington City,2/962/16.77,200,N, ,SH 1N,2654594,29/08/06,Tue,1711,FD,4N1X,112A 181A ,,R,D,O ,F , ,N,C,100,0,0,0,,,1751937,5432131,-41.24795929,174.813363
Wellington City,2/962/16.77,200,N, ,SH 1N,2654317,20/07/06,Thu,1304,AA,CN1V,671A 801 ,,R,W,O ,L , , ,C,100,0,0,0,,,1751937,5432131,-41.24795929,174.813363
Wellington City,2/962/16.817,150,N, ,SH 1N,2611908,22/05/06,Mon,838,FD,CW1C,181A ,,R,D,O ,F , ,N,R,100,0,0,1,,,1751906,5432091,-41.24832525,174.8130032
Wellington City,2/962/16.91,60,N, ,SH 1N,2654333,5/07/06,Wed,1445,FD,CN1C,331A 801 ,,R,W,O ,H , , ,R,100,0,0,0,,,1751826,5432045,-41.24875443,174.8120603
Wellington City,2/962/16.95,20,N, ,SH 1N,2654045,5/07/06,Wed,745,FD,CE1CCC,181A ,,R,W,O ,HS, ,N,R,100,0,0,0,,,1751793,5432023,-41.2489587,174.8116721
Wellington City,2/962/16.97,, ,I,HUTT ROAD,2613061,22/10/06,Sun,1445,CC,CS1CCC,137A ,G,R,W,O ,HS,Y,N,C,100,0,0,1,,,1751775,5432014,-41.24904311,174.8114596
Wellington City,ABEL SMITH ST,20,E, ,CUBA ST,2755228,26/06/07,Tue,1810,FD,CE1C,331A ,,R,D,DO,F , ,N,C,50,0,0,0,,,1748552,5426830,-41.29631586,174.7742741
Wellington City,ABEL SMITH ST,50,E, ,CUBA ST,2758020,21/12/07,Fri,1657,EA,VW14,129A ,M,R,D,B ,F , ,N,C,50,0,0,0,,,1748580,5426818,-41.29641875,174.7746113
Wellington City,ABEL SMITH ST,150,W, ,CUBA ST,2755217,15/06/07,Fri,1600,EA,CW1C,385A ,M,R,D,O ,F , ,N,C,50,0,0,0,,,1748398,5426901,-41.29570494,174.7724183
Wellington City,ABEL SMITH ST,20,W, ,TARANAKI ST,2751317,13/03/07,Tue,1400,MO,XW1C,371A 446A 927 ,,R,W,O ,L ,D,N,C,50,0,0,0,,,1748703,5426763,-41.29689128,174.7760932
Wellington City,ABEL SMITH ST,90,W, ,TARANAKI ST,2758035,8/12/07,Sat,2030,EA,CE1C,101A 385A 440B 920 ,M,R,D,DO,F ,D,N,C,50,0,0,0,,,1748639,5426792,-41.29664197,174.775322
Wellington City,ABEL SMITH ST,200,W, ,TARANAKI ST,2750996,3/02/07,Sat,800,EA,BW1V,386A ,M,R,D,DO,F , ,N,C,50,0,0,0,,,1748538,5426836,-41.29626441,174.7741055
Wellington City,ACCESS ROAD,30,N, ,BUNNY ST,2757925,31/12/07,Mon,1548,MO,XN1X,371A 386B ,,R,D,B ,F , ,N,N,50,0,0,0,,,1749045,5428687,-41.27950559,174.7797052
Wellington City,ACCESS ROAD,, ,I,BUNNY ST,2755496,1/09/07,Sat,2047,EO,BN1X,124A 386A ,Q,R,D,DO,F ,T,N,N,50,0,0,0,,,1749027,5428663,-41.279725,174.7794962
Wellington City,ACCESS ROAD,, ,I,BUNNY ST,2755213,29/08/07,Wed,750,MO,XN1X,371A 927 ,M,R,D,B ,F ,T,N,N,50,0,0,0,,,1749027,5428663,-41.279725,174.7794962
Wellington City,ACCESS ROAD,30,S, ,STEWART DUFF DRIVE,2757581,14/11/07,Wed,555,DA,CN1,102A 131A 412A ,P,E,W,TO,FS, ,N,N,50,0,0,0,,,1751624,5423313,-41.32740898,174.8118248
Wellington City,ACCESS ROAD,90,W, ,STEWART DUFF DRIVE,2752668,7/04/07,Sat,1720,DA,CN1,111A 131A ,F,R,D,O ,F , ,N,C,50,0,0,0,,,1751637,5422836,-41.33170106,174.8120991
Wellington City,ACCESS ROAD,, ,A,WELLINGTON AIR TERMINAL,2752732,10/04/07,Tue,755,EE,4N1C,374B ,Q,R,D,O ,F , ,N,C,50,0,0,0,,,1751652,5423153,-41.32884423,174.8121992
Wellington City,ACCESS ROAD,, ,A,WELLINGTON AIR TERMINAL,2750671,19/02/07,Mon,1625,EE,XN1X,374B ,M,R,D,B ,F , ,N,C,30,0,0,0,,,1751652,5423153,-41.32884423,174.8121992
Wellington City,ACCESS ROAD,, ,A,WELLINGTON AIR TERMINAL,2713275,2/10/07,Tue,1020,PF,XN1EC,520B 374C ,Q,R,D,B ,F , ,N,N,50,0,0,1,31,,1751652,5423153,-41.32884423,174.8121992
Wellington City,ACCESS ROAD,, ,A,WELLINGTON AIR TERMINAL,2757961,20/11/07,Tue,1950,EE,CN1X,374B ,Q,R,D,O ,F , ,N,P,50,0,0,0,,,1751652,5423153,-41.32884423,174.8121992
Wellington City,ADAMS TERRACE,10,N, ,ARO ST,2757412,11/11/07,Sun,955,DB,CS1,111A ,F,S,D,O ,F ,T,N,N,50,0,0,0,,,1747608,5427056,-41.29445427,174.7629495
Wellington City,ADAMS TERRACE,50,N, ,ARO ST,2755048,19/06/07,Tue,1115,MB,CS1C,382B ,,R,W,O ,F , ,N,N,50,0,0,0,,,1747622,5427086,-41.2941816,174.7631094
Wellington City,ADAMS TERRACE,100,N, ,ARO ST,2756800,3/10/07,Wed,1815,MO,CS1C,371A ,M,E,D,B ,F , ,N,N,50,0,0,0,,,1747653,5427125,-41.2938248,174.76347
Wellington City,ADAMS TERRACE,150,W, ,FAIRLIE TERRACE,2757949,14/12/07,Fri,1701,QD,CW1C,428A ,M,R,D,O ,F , ,N,N,50,0,0,0,,,1747772,5427222,-41.29292968,174.764867
Wellington City,ADELAIDE ROAD,15,N, ,ALFRED ST,2712968,11/06/07,Mon,1518,FD,VS1C,181A ,,R,D,B ,F , ,N,C,50,0,1,0,,,1748992,5426234,-41.30160079,174.7796729
Wellington City,ADELAIDE ROAD,, ,I,BRITOMART ST,2757790,10/12/07,Mon,1600,LB,4N1C,303B ,,R,D,B ,F ,X,T,C,50,0,0,0,,,1748579,5424122,-41.32069216,174.7752579
Wellington City,ADELAIDE ROAD,50,N, ,BROWN ST,2712959,21/06/07,Thu,1215,GB,PN14,209A 372B 922 ,,R,W,O ,F ,D,N,C,50,0,0,1,,,1748971,5426155,-41.30231593,174.7794415
Wellington City,ADELAIDE ROAD,40,N, ,CHILKA ST,2752935,30/03/07,Fri,1550,MD,CN1C,929,,R,D,B ,F ,D,N,C,50,0,0,0,,,1748570,5423995,-41.32183725,174.7751814
Wellington City,ADELAIDE ROAD,50,S, ,COLOMBO ST,2754107,7/07/07,Sat,645,CC,CS1CC,125A ,M,R,D,DO,F , ,N,C,50,0,0,0,,,1748687,5425025,-41.31254218,174.7763269
Wellington City,ADELAIDE ROAD,40,N, ,DOUGLAS ST,2713426,24/10/07,Wed,1825,GB,MN1C,158A 372B 924 ,,R,D,B ,F ,D,N,C,50,0,0,1,,,1748984,5426202,-41.30189037,174.7795852
Wellington City,ADELAIDE ROAD,50,N, ,DRUMMOND ST,2712894,28/07/07,Sat,1320,FD,CS1CC4,331A ,,R,W,O ,L , ,N,P,50,0,0,2,,,1748905,5425893,-41.30468701,174.7787176
Wellington City,ADELAIDE ROAD,, ,I,DRUMMOND ST,2711758,13/04/07,Fri,819,LB,CS1S,303A 314A 209B ,,R,W,O ,H ,X,S,P,50,0,0,1,,38,1748893,5425844,-41.30513039,174.7785863
Wellington City,ADELAIDE ROAD,, ,I,DRUMMOND ST,2711628,15/02/07,Thu,835,LB,PN1C,209A 303B 375B ,,R,D,O ,F ,X,S,C,50,0,0,2,,,1748893,5425844,-41.30513039,174.7785863
Wellington City,ADELAIDE ROAD,, ,I,DRUMMOND ST,2713328,20/10/07,Sat,1230,FD,CN1CC,331A 350A ,,R,D,B ,F ,X,S,C,50,0,0,1,,,1748893,5425844,-41.30513039,174.7785863
Wellington City,ADELAIDE ROAD,25,S, ,HALL ST,2751727,15/03/07,Thu,800,EA,BS1C,353A 386A ,M,R,D,B ,F ,X,T,C,50,0,0,0,,,1748735,5425222,-41.31075966,174.7768519
Wellington City,ADELAIDE ROAD,, ,I,HALL ST,2712334,5/06/07,Tue,2143,NA,PN1E,102A 322A 376A ,,R,D,DO,F ,X,T,C,50,0,0,2,29,,1748741,5425246,-41.31054247,174.7769177
Wellington City,ADELAIDE ROAD,5,N, ,HOSPITAL ROAD,2751722,22/03/07,Thu,1200,MG,CS1C,353B 371B ,,R,D,B ,F ,T,T,P,50,0,0,0,,,1748864,5425729,-41.30617114,174.7782682
Wellington City,ADELAIDE ROAD,10,N, ,HOSPITAL ROAD,2712958,22/05/07,Tue,1110,FE,CS1CC,331A ,,R,D,B ,F ,T,T,C,50,0,0,1,,,1748865,5425734,-41.30612593,174.7782789
Wellington City,ADELAIDE ROAD,, ,I,HOSPITAL ROAD,2753503,30/04/07,Mon,1650,FD,4N1C,331A 353A ,,R,W,O ,L ,T,T,C,50,0,0,0,,,1748863,5425724,-41.30621634,174.7782575
Wellington City,ADELAIDE ROAD,, ,I,HOSPITAL ROAD,2755038,23/06/07,Sat,1150,FE,CN1C,181A ,,R,D,B ,F ,T,T,C,50,0,0,0,,,1748863,5425724,-41.30621634,174.7782575
Wellington City,ADELAIDE ROAD,, ,I,HOSPITAL ROAD,2755650,25/08/07,Sat,1324,FD,CN1CCC,181A ,,R,D,B ,F ,T,T,P,50,0,0,0,,,1748863,5425724,-41.30621634,174.7782575
Wellington City,ADELAIDE ROAD,10,N, ,JOHN ST,2755736,20/09/07,Thu,1540,FD,CN1CC4,181A ,,E,D,B ,F ,X,T,R,50,0,0,0,,,1748834,5425617,-41.30718505,174.7779374
Wellington City,ADELAIDE ROAD,40,N, ,JOHN ST,2752457,15/05/07,Tue,1135,AO,CS1C,158A 514A ,P,R,D,B ,F , ,N,R,50,0,0,0,,,1748842,5425646,-41.30692248,174.7780258
Wellington City,ADELAIDE ROAD,150,N, ,JOHN ST,2711627,10/04/07,Tue,1906,CA,CN14VC,209A 431A 430D ,M,R,D,DO,F , ,N,P,50,0,0,1,,,1748870,5425753,-41.30595395,174.778334
Wellington City,ADELAIDE ROAD,, ,I,JOHN ST,2751743,13/03/07,Tue,730,FE,CN1C,101A 331A ,,R,D,O ,F ,X,T,C,50,0,0,0,,,1748832,5425608,-41.30726645,174.7779157
Wellington City,ADELAIDE ROAD,, ,I,JOHN ST,2757538,23/11/07,Fri,1026,AC,CS1B,386A 387A ,,R,D,B ,F ,X,T,R,50,0,0,0,,,1748832,5425608,-41.30726645,174.7779157
Wellington City,ADELAIDE ROAD,, ,I,JOHN ST,2755281,19/07/07,Thu,700,FE,XS1C,331A 351A ,,R,W,DO,L ,X,T,R,50,0,0,0,,,1748832,5425608,-41.30726645,174.7779157
Wellington City,ADELAIDE ROAD,50,N, ,KING ST,2754730,23/08/07,Thu,2150,AC,XN1C,141A 372A 671A ,,R,D,DO,F , ,N,C,50,0,0,0,,,1748950,5426068,-41.30310311,174.7792121
Wellington City,ADELAIDE ROAD,25,S, ,KING ST,2754712,13/08/07,Mon,1040,MC,CN1C,372B ,,R,W,O ,L , ,N,C,50,0,0,0,,,1748931,5425995,-41.30376386,174.7790031
Wellington City,ADELAIDE ROAD,, ,I,KING ST,2713922,13/12/07,Thu,1747,ND,VW2E,713B ,,R,W,O ,L ,T,G,C,50,0,0,1,20,,1748937,5426020,-41.30353767,174.7790686
Wellington City,ADELAIDE ROAD,, ,I,KING ST,2756571,20/09/07,Thu,844,LB,BN1C,303B ,,R,D,B ,F ,T,G,C,50,0,0,0,,,1748937,5426020,-41.30353767,174.7790686
Wellington City,ADELAIDE ROAD,, ,I,KING ST,2713713,28/10/07,Sun,940,LB,SN1C,303B 375B ,,R,D,O ,F ,T,G,P,50,0,1,0,,39,1748937,5426020,-41.30353767,174.7790686
Wellington City,ADELAIDE ROAD,80,S, ,LAVAUD ST,2757588,26/12/07,Wed,2335,MO,CS1C,371A 370B ,,R,D,DN,F , ,N,C,50,0,0,0,,,1748554,5423706,-41.32444218,174.775061
Wellington City,ADELAIDE ROAD,, ,I,LUXFORD ST,2757959,8/12/07,Sat,1515,GD,4N1C,331A ,,R,D,B ,F ,T,T,C,50,0,0,0,,,1748585,5424215,-41.31985374,174.7753068
Wellington City,ADELAIDE ROAD,, ,I,LUXFORD ST,2712966,23/03/07,Fri,2030,LB,SS1X,303B ,,R,D,DO,F ,T,T,C,50,0,0,1,,18,1748585,5424215,-41.31985374,174.7753068
Wellington City,ADELAIDE ROAD,, ,I,NIKAU ST,2712452,28/06/07,Thu,2109,LB,MS1C,303B 377B ,,R,D,DO,F ,T,N,C,50,0,0,2,,,1748777,5425389,-41.30924834,174.7773126
Wellington City,ADELAIDE ROAD,50,S, ,RIDDIFORD ST,2712019,7/05/07,Mon,1816,FD,CS1CC,102A 132A 181A ,,R,D,TO,F , ,N,C,50,0,0,1,,,1748820,5425559,-41.30770983,174.7777844
Wellington City,ADELAIDE ROAD,200,N, ,RUGBY ST,2751969,14/04/07,Sat,1950,LB,CN1C,303B 382B 922 ,,R,D,DO,F ,D,N,P,50,0,0,0,,,1748956,5426091,-41.30289492,174.7792781
Wellington City,ADELAIDE ROAD,10,S, ,RUGBY ST,2713139,26/08/07,Sun,1800,AO,CS1S,434A 357B ,,R,D,B ,F ,T,N,L,50,0,0,1,,34,1749003,5426275,-41.30122962,174.7797942
Wellington City,ADELAIDE ROAD,50,S, ,RUGBY ST,2751095,21/02/07,Wed,1657,LB,CN1C,209A 303B 924 ,,R,D,O ,F ,D,N,P,50,0,0,0,,,1748993,5426236,-41.3015826,174.7796843
Wellington City,ADELAIDE ROAD,50,S, ,RUGBY ST,2751731,14/02/07,Wed,1205,MB,CN1C,375B 382B 817 ,,R,D,B ,F , ,N,C,50,0,0,0,,,1748993,5426236,-41.3015826,174.7796843
Wellington City,ADELAIDE ROAD,100,S, ,RUGBY ST,2756224,3/11/07,Sat,1250,EO,CN1,330A 353A 924 ,J,R,D,O ,F ,D,N,N,50,0,0,0,,,1748980,5426188,-41.30201716,174.7795409
Wellington City,ADELAIDE ROAD,100,S, ,RUGBY ST,2752771,4/05/07,Fri,915,MC,CS1C,372B 377B ,,R,D,B ,F , ,N,C,50,0,0,0,,,1748980,5426188,-41.30201716,174.7795409
Wellington City,ADELAIDE ROAD,100,N, ,STOKE ST,2755762,14/03/07,Wed,2045,MO,4S14,101A 385A ,,R,W,DO,L , ,N,C,50,0,0,0,,,1748675,5424980,-41.31294955,174.7761946
Wellington City,ADELAIDE ROAD,25,S, ,STOKE ST,2755293,24/06/07,Sun,945,MO,CS1C,385A 929 ,M,R,D,O ,F ,D,N,C,50,0,0,0,,,1748640,5424843,-41.31418946,174.7758101