TLA NAME,CRASH ROAD,CRASH DIST,CRASH DIRN,INTSN,SIDE ROAD,CRASH ID,CRASH DATE,CRASH DOW,CRASH TIME,MVMT,VEHICLES,CAUSES,OBJECTS STRUCK,ROAD CURVE,ROAD WET,LIGHT,WTHRa,JUNC TYPE,TRAF CTRL,ROAD MARK,SPD LIM,CRASH FATAL CNT,CRASH SEV CNT,CRASH MIN CNT,PERS AGE1,PERS AGE2,EASTING,NORTHING,latitude,longitude
Wellington City,AGRA CRESCENT,, ,I,CASHMERE AVENUE,2757795,14/11/07,Wed,1050,LB,CS2C,113A ,,E,D,B ,F ,T,G,C,50,0,0,0,,,1750312,5432544,-41.24454464,174.7938761
Wellington City,AITKEN ST,, ,I,MOLESWORTH ST,2711596,12/03/07,Mon,1440,NF,BN2E,718B ,,R,D,B ,F ,X,T,C,50,0,1,0,37,,1748889,5428972,-41.27696838,174.7777736
Wellington City,AKAROA DRIVE,200,S, ,ARAMOANA PLACE,2757210,11/11/07,Sun,1510,EA,CS1C,181A ,M,M,D,B ,F , ,N,C,50,0,0,0,,,1752443,5425832,-41.30457552,174.8209752
Wellington City,ALEXANDRA MEMORIAL ROAD,100,S, ,ALEXANDRA LOOKOUT ROAD,2757876,30/11/07,Fri,810,MO,CN1C,371B ,,R,D,B ,F , ,N,N,50,0,0,0,,,1750187,5426735,-41.29686858,174.7938165
Wellington City,ALEXANDRA MEMORIAL ROAD,30,N, ,MT VIC LOOKOUT,2751243,9/02/07,Fri,1658,MO,CS1C,427A 502A ,M,M,D,B ,F , ,N,N,50,0,0,0,,,1750226,5426778,-41.29647418,174.7942715
Wellington City,ALEXANDRA ROAD,600,N, ,CONSTABLE ST,2755906,19/10/07,Fri,1746,DA,CN1,103A 400A 514A ,E,E,D,TF,F , ,N,C,50,0,0,0,,,1749664,5425510,-41.30799487,174.7878741
Wellington City,ALEXANDRA ROAD,960,N, ,CONSTABLE ST,2713151,18/07/07,Wed,2303,DA,CE1,111A 133A ,ET,M,D,DN,F , ,N,C,50,0,1,1,,,1749706,5425824,-41.30516002,174.7882983
Wellington City,ALEXANDRA ROAD,1120,N, ,CONSTABLE ST,2755495,10/09/07,Mon,130,DB,CN1,111A 402A ,C,M,W,DN,F , ,N,C,50,0,0,0,,,1749763,5425972,-41.30381694,174.7889425
Wellington City,ALEXANDRA ROAD,2000,N, ,CONSTABLE ST,2751501,9/02/07,Fri,2130,DA,CN1,332A 412A ,ET,S,W,DN,L , ,N,C,50,0,0,0,,,1750199,5426686,-41.29730751,174.7939719
Wellington City,ALEXANDRA ROAD,150,S, ,LOOKOUT ROAD,2757656,13/12/07,Thu,1250,CC,VS1,130A 358A ,C,R,D,O ,F , ,N,C,50,0,0,0,,,1750515,5426777,-41.29642934,174.7977219
Wellington City,ALEXANDRA ROAD,, ,I,UPOKO ROAD,2757778,20/11/07,Tue,1515,BC,CE1V,121A ,,S,D,B ,F ,T,N,C,50,0,0,0,,,1750304,5426650,-41.29761209,174.7952343
Wellington City,ALLEN ST,25,S, ,WAKEFIELD ST,2755582,22/09/07,Sat,240,MF,CN1C,103B 371B ,,R,D,DO,F , ,N,N,50,0,0,0,,,1749261,5427225,-41.2926287,174.7826415
Wellington City,AOTEA ON NBD,100,N, ,AOTEA QUAY,2756193,14/10/07,Sun,1100,DA,MW1,630A ,,M,D,B ,F , ,N,N,70,0,0,0,,,1749492,5430203,-41.26577377,174.7846683
Wellington City,AOTEA ON NBD,100,N, ,AOTEA QUAY,2713253,5/09/07,Wed,1900,DA,MN1,135A 806 ,,M,W,DO,F , ,N,N,70,0,0,1,,,1749492,5430203,-41.26577377,174.7846683
Wellington City,AOTEA ON NBD,40,W, ,AOTEA QUAY,2754528,27/07/07,Fri,1320,EC,TW1,386A ,B,R,D,B ,F , ,N,N,70,0,0,0,,,1749530,5430158,-41.26617189,174.7851328
Wellington City,AOTEA ON NBD,50,S, ,SH 1N,2754663,1/08/07,Wed,1744,EA,TN1C,386A 440B ,Q,R,D,DO,F , ,N,N,100,0,0,0,,,1749744,5430517,-41.26290002,174.7875982
Wellington City,AOTEA QUAY,10,S, ,AOTEA OFF SBD,2752375,10/04/07,Tue,1355,MC,CS1C,202B 372B ,,R,D,B ,FS,Y,N,L,70,0,0,0,,,1749563,5430067,-41.2669851,174.7855489
Wellington City,AOTEA QUAY,, ,I,AOTEA OFF SBD,2712711,26/07/07,Thu,1335,MC,4S1V,202B 372B ,F,R,D,B ,F ,Y,N,C,70,0,0,3,,,1749561,5430076,-41.26690443,174.7855228
Wellington City,AOTEA QUAY,20,S, ,AOTEA ON NBD,2751717,14/03/07,Wed,1620,KB,CS1V,308B 353B 375B 927 ,,R,W,O ,L ,D,N,P,70,0,0,0,,,1749555,5430104,-41.26665345,174.7854443
Wellington City,AOTEA QUAY,20,S, ,AOTEA ON NBD,2756666,29/10/07,Mon,1505,AC,CN1C,372A ,,E,D,B ,F , ,N,C,70,0,0,0,,,1749555,5430104,-41.26665345,174.7854443
Wellington City,AOTEA QUAY,30,S, ,AOTEA ON NBD,2752490,2/04/07,Mon,1700,FD,VN1CV,353A ,,R,D,B ,F , ,N,C,70,0,0,0,,,1749557,5430094,-41.26674311,174.7854707
Wellington City,AOTEA QUAY,100,S, ,AOTEA ON NBD,2756599,29/06/07,Fri,1750,JA,MN1V,308B 377B 927 ,,R,W,TO,F ,D,N,C,70,0,0,0,,,1749571,5430025,-41.26736176,174.7856547
Wellington City,AOTEA QUAY,100,S, ,AOTEA ON NBD,2756600,3/10/07,Wed,1700,FD,CN1C,331A ,,R,D,B ,F , ,N,L,70,0,0,0,,,1749571,5430025,-41.26736176,174.7856547
Wellington City,AOTEA QUAY,200,S, ,AOTEA ON NBD,2713743,14/11/07,Wed,1755,FD,CN14,181A 386A ,,R,D,B ,F , ,N,C,70,0,0,1,,,1749590,5429927,-41.26824058,174.7859054
Wellington City,AOTEA QUAY,350,S, ,AOTEA ON NBD,2711653,22/03/07,Thu,1351,AC,TN1C,357B 372B ,,R,D,B ,F , ,N,L,70,0,0,1,,,1749618,5429780,-41.2695589,174.7862756
Wellington City,AOTEA QUAY,500,S, ,AOTEA ON NBD,2712595,22/07/07,Sun,1044,FD,CW1CCC,112A 181A 191B ,,R,W,O ,F , ,N,L,70,0,0,2,,,1749647,5429633,-41.27087703,174.7866578
Wellington City,AOTEA QUAY,, ,I,AOTEA ON NBD,2755637,30/09/07,Sun,1020,KA,CN1C,309A ,,R,W,O ,L ,Y,N,R,70,0,0,0,,,1749546,5430121,-41.26650206,174.7853328
Wellington City,AOTEA QUAY,30,W, ,RLY YARD ENT S,2754678,10/08/07,Fri,1610,FD,CW1C,331A 191B ,,R,D,O ,S , ,N,C,70,0,0,0,,,1749632,5429703,-41.27024957,174.7864616
Wellington City,AOTEA QUAY,, ,A,RLY YARD ENT S,2757257,19/12/07,Wed,1051,FE,4N1C,181A ,,R,W,O ,L , ,T,C,70,0,0,0,,,1749638,5429674,-41.27050956,174.7865403
Wellington City,AOTEA QUAY,20,N, ,WATERLOO QUAY,2756493,5/11/07,Mon,2223,FD,VN1CC,110A ,,E,D,DO,F , ,N,C,50,0,0,0,,,1749683,5429354,-41.27338231,174.7871559
Wellington City,AOTEA QUAY,150,N, ,WATERLOO QUAY,2754215,23/07/07,Mon,1320,AC,TS1C,372A 671A ,F,R,D,B ,F , ,N,C,70,0,0,0,,,1749676,5429481,-41.27224018,174.7870412
Wellington City,APUKA ST,50,W, ,MITCHELL ST,2755747,2/08/07,Thu,2045,EA,BE1C,385A ,M,M,D,DO,F , ,N,C,50,0,0,0,,,1747344,5426207,-41.30214649,174.7600034
Wellington City,ARAWA ROAD,30,E, ,WAIPAPA ROAD,2756810,2/10/07,Tue,1735,MA,CW1C,110A ,,M,D,O ,F , ,N,N,50,0,0,0,,,1750813,5426396,-41.29980397,174.8013739
Wellington City,ARLINGTON ST,20,W, ,HOPPER ST,2711669,25/03/07,Sun,1740,NA,4E1E,711B 712B ,,R,D,B ,F ,T,S,N,50,0,0,1,30,,1748473,5426475,-41.29952662,174.7734176
Wellington City,ARO ST,, ,I,ADAMS TERRACE,2712949,25/07/07,Wed,2220,LB,SE1C,303B 375B ,,R,D,DO,F ,T,N,C,50,0,1,0,,36,1747600,5427050,-41.29450975,174.7628555
Wellington City,ARO ST,20,E, ,DEVON ST,2751778,20/03/07,Tue,1930,FD,CW1CC,423A 427A ,,R,D,DO,F , ,N,C,50,0,0,0,,,1747929,5426951,-41.29534087,174.7668071
Wellington City,ARO ST,, ,I,DURHAM ST,2713088,7/07/07,Sat,244,DA,CW1C,103A 111A ,C,R,D,DO,F ,T,G,C,50,0,5,0,,,1747660,5427000,-41.29494895,174.7635839
Wellington City,ARO ST,10,W, ,EPUNI ST,2711396,4/03/07,Sun,10,CA,CW1CC,103A 112A ,M,R,D,DO,F ,T,N,C,50,0,0,1,,,1747867,5426957,-41.29529821,174.7660655
Wellington City,ARO ST,100,E, ,HOLLOWAY ROAD,2757884,30/11/07,Fri,805,BC,CE1TC,121A 137B ,M,E,D,O ,F , ,N,C,50,0,0,0,,,1747524,5427102,-41.29405546,174.7619356
Wellington City,ARO ST,, ,I,OHIRO ROAD,2712805,18/07/07,Wed,1700,JA,MW1V,145A 302B ,,R,W,DO,L ,T,G,C,50,0,0,1,,,1748163,5426879,-41.29594619,174.7696182
Wellington City,ARO ST,, ,I,OHIRO ROAD,2712099,3/05/07,Thu,2000,GD,CE1C,133A 358A ,,R,D,DO,F ,T,G,C,50,0,0,2,,,1748163,5426879,-41.29594619,174.7696182
Wellington City,ARO ST,, ,I,WILLIS ST,2755561,29/07/07,Sun,1016,QG,TW1C,442A 446A 370B ,M,R,D,B ,F ,T,G,R,50,0,0,0,,,1748250,5426840,-41.29628135,174.7706663
Wellington City,ASHTON FITCHETT DRIVE,40,W, ,KAREPA ST,2757881,23/11/07,Fri,320,KB,CW1C,303B 929 ,,R,D,O ,F ,D,N,N,50,0,0,0,,,1747153,5425964,-41.3043692,174.7577817
Wellington City,ATUA ST,, ,I,BANNISTER AVENUE,2756631,11/09/07,Tue,800,HA,CE1C,321B ,,R,D,B ,F ,X,S,C,50,0,0,0,,,1750760,5434378,-41.22794896,174.7987673
Wellington City,AURORA TERRACE,20,W, ,THE TERRACE,2713917,11/12/07,Tue,1230,MO,CW1CEE,350A 423A ,M,E,D,B ,F , ,N,N,50,0,0,3,38,,1748636,5428509,-41.28118359,174.7748671
Wellington City,AURORA TERRACE,100,W, ,THE TERRACE,2755688,20/09/07,Thu,1122,QD,CW1C,428A 440A ,,R,D,B ,F , ,N,N,50,0,0,0,,,1748557,5428507,-41.28121614,174.7739247
Wellington City,AUSTIN ST,5,N, ,CLAREMONT GROVE,2756366,1/11/07,Thu,1742,MO,CN1V,103A 359A ,M,R,D,B ,F ,T,N,C,50,0,0,0,,,1749740,5426818,-41.29620436,174.7884597
Wellington City,AUSTIN ST,, ,I,ELIZABETH ST,2754529,24/07/07,Tue,800,MO,CN1C,510A ,,R,W,B ,F ,X,S,N,50,0,0,0,,,1749687,5426701,-41.29726759,174.7878557
Wellington City,AWA ROAD,30,W, ,TOTARA ROAD,2750515,3/02/07,Sat,1400,EA,CW1C,111A 131A ,M,M,D,B ,F , ,N,C,50,0,0,0,,,1752799,5425009,-41.31191779,174.8254324
Wellington City,AWARUA ST,120,S, ,IWI ST,2752857,23/05/07,Wed,1150,DA,CW1,137A 402A 407A ,EFT,S,W,O ,F , ,N,C,50,0,0,0,,,1748546,5432381,-41.24633859,174.7728495
Wellington City,AWARUA ST,50,W, ,OTTAWA ROAD,2756172,27/08/07,Mon,1010,EA,TW1C,386A ,M,R,D,O ,F , ,N,N,50,0,0,0,,,1748666,5432281,-41.24721689,174.7743053
Wellington City,BALFOUR ST,200,W, ,FARNHAM ST,2753096,19/05/07,Sat,100,EA,CW1C,386A ,M,E,D,DO,F , ,N,N,50,0,0,0,,,1747891,5424248,-41.3196842,174.7670106
Wellington City,BALFOUR ST,230,W, ,FARNHAM ST,2711668,16/03/07,Fri,1830,DB,MN1,135A 806 ,,M,D,B ,F , ,N,C,50,0,0,1,,,1747908,5424272,-41.319465,174.7672078
Wellington City,BALLANCE ST,, ,I,FEATHERSTON ST,2753173,20/05/07,Sun,1400,KA,CS2V,302B 352B ,,R,D,O ,F ,X,G,C,50,0,0,0,,,1748888,5428443,-41.2817314,174.777891
Wellington City,BANNISTER AVENUE,, ,I,BRODERICK ROAD,2712156,2/05/07,Wed,1215,BF,CE2C,111A 131A ,,R,D,O ,F ,T,G,C,50,0,0,1,,,1750922,5434770,-41.22438941,174.8006024
Wellington City,BARNARD ST,40,N, ,SAR ST,2712524,11/06/07,Mon,831,BC,SS1V,378A 610A 834 ,,M,W,O ,F , ,N,N,50,0,1,0,,47,1749626,5430688,-41.26138229,174.7861482
Wellington City,BASSETT ROAD,20,N, ,IRONSIDE ROAD,2757231,12/10/07,Fri,1515,FD,CS1C,181A ,,R,D,O ,F , ,N,C,50,0,0,0,,,1751499,5435238,-41.22006799,174.8073671
Wellington City,BAY ROAD,30,N, ,COUTTS ST,2755219,15/05/07,Tue,1130,MF,4S1C,370A 371B ,,R,D,B ,F , ,N,C,50,0,0,0,,,1750185,5424204,-41.31965638,174.7944175
Wellington City,BAY ROAD,10,N, ,RONGOTAI ROAD,2752803,8/05/07,Tue,845,MF,CN1V,373B ,,R,D,B ,F ,X,T,C,50,0,0,0,,,1750243,5424408,-41.31780891,174.7950598
Wellington City,BAY ROAD,30,N, ,RONGOTAI ROAD,2755050,1/06/07,Fri,1630,MO,XN1X,385A ,Q,R,W,O ,L , ,N,C,50,0,0,0,,,1750249,5424427,-41.31763673,174.7951267
Wellington City,BAY ROAD,15,S, ,RONGOTAI ROAD,2751641,25/01/07,Thu,1734,MF,CN1C,371B ,,R,D,B ,F , ,N,C,50,0,0,0,,,1750237,5424383,-41.31803511,174.7949943
Wellington City,BAY ROAD,30,S, ,RONGOTAI ROAD,2753430,27/06/07,Wed,2132,MF,CN1V,371B 671B ,,R,D,DO,F , ,N,C,50,0,0,0,,,1750233,5424369,-41.3181619,174.79495
Wellington City,BAY ROAD,50,S, ,RONGOTAI ROAD,2755717,13/09/07,Thu,1630,MF,CN14,353B 371B ,,R,D,O ,F , ,N,R,50,0,0,0,,,1750227,5424350,-41.31833408,174.794883
Wellington City,BAYLANDS DRIVE,100,S, ,BROOKER GROVE,2758002,19/12/07,Wed,1730,DA,CN1,103A 111A ,F,E,W,O ,L , ,N,N,50,0,0,0,,,1753320,5434559,-41.22583827,174.8292513
Wellington City,BAYLANDS DRIVE,40,N, ,SOMES CRESCENT,2754815,18/08/07,Sat,200,CB,CN1CC,103A 129A ,MM,R,D,DO,F , ,N,N,50,0,0,0,,,1753342,5434450,-41.22681546,174.829541
Wellington City,BEAUCHAMP ST,60,S, ,KARORI ROAD,2713681,23/11/07,Fri,2300,EC,CS1,351A ,IP,R,D,DO,F , ,N,R,50,0,0,3,,,1745473,5428107,-41.28537907,174.7372104
Wellington City,BEAZLEY AVENUE,20,E, ,MARK AVENUE,2751010,16/01/07,Tue,1820,QD,CS1,428A 929 ,F,R,D,B ,F ,D,N,N,50,0,0,0,,,1752415,5435848,-41.21440394,174.8181375
Wellington City,BEAZLEY AVENUE,, ,I,MARK AVENUE,2751524,17/02/07,Sat,1316,JA,CW1C,302A ,,E,D,B ,F ,T,G,C,50,0,0,0,,,1752401,5435862,-41.21428053,174.8179671
Wellington City,BELL ST,, ,I,ANTHONY ST,2755120,4/09/07,Tue,1302,MC,CE1V,372B ,,R,D,O ,L ,T,N,N,50,0,0,0,,,1754074,5442811,-41.15139978,174.8361653
Wellington City,BIDWILL ST,20,E, ,ANDERSON TERRACE,2756641,18/08/07,Sat,1300,BA,CE1C,386A ,,R,D,B ,F , ,N,N,50,0,0,0,,,1748304,5426165,-41.30234876,174.7714755
Wellington City,BIDWILL ST,50,E, ,BELL ROAD,2714141,1/10/07,Mon,2100,DB,CE1,101A 131A ,ET,E,D,DO,F , ,N,C,50,0,0,2,,,1748232,5426079,-41.30313629,174.7706368
Wellington City,BIDWILL ST,50,W, ,WALLACE ST,2750059,14/01/07,Sun,330,EA,CW1C,386A ,M,R,W,DO,H , ,N,N,50,0,0,0,,,1748473,5426212,-41.30189452,174.7734818
Wellington City,BIDWILL ST,, ,I,WALLACE ST,2755285,9/08/07,Thu,1010,MG,CE1C,371B ,,R,D,O ,F ,T,T,C,50,0,0,0,,,1748521,5426227,-41.30175064,174.7740512
Wellington City,BLACK ROCK ROAD,60,S, ,GLANMIRE ROAD,2756781,1/09/07,Sat,1100,EA,CN1C,386A ,M,E,D,B ,F , ,N,C,50,0,0,0,,,1752534,5434149,-41.2296782,174.8199805
Wellington City,BLACKBRIDGE ROAD,100,E, ,CHURCHILL DRIVE,2754086,14/07/07,Sat,915,EA,4E1C,363A 370A ,M,R,D,B ,F , ,N,C,50,0,0,0,,,1747785,5430626,-41.26227931,174.7641965
Wellington City,BLAIR ST,50,N, ,COURTENAY PLACE,2755229,12/08/07,Sun,2245,MO,CN1C,371A ,M,R,D,DO,F , ,N,C,50,0,0,0,,,1749302,5427138,-41.29340442,174.7831523
Wellington City,BLAIR ST,, ,I,COURTENAY PLACE,2712837,18/02/07,Sun,230,PO,CE1E,102A 371A 105B 722B ,,R,D,DN,F ,T,N,N,50,0,1,0,21,,1749281,5427092,-41.29382246,174.7829129
Wellington City,BLAIR ST,15,S, ,WAKEFIELD ST,2751319,26/02/07,Mon,1220,MF,CN1T,371B 839 ,,R,D,B ,FS, ,N,C,50,0,0,0,,,1749330,5427204,-41.29280501,174.7834703
Wellington City,BOMBAY ST,150,E, ,ACCESSWAY,2752806,29/03/07,Thu,1015,EA,CW1C,129A ,M,E,W,O ,L , ,N,C,50,0,0,0,,,1749254,5432032,-41.24935042,174.7813807
Wellington City,BOND ST,40,W, ,VICTORIA ST,2755939,16/10/07,Tue,1440,MG,CW1C,353B 371B ,,R,W,O ,L , ,N,C,50,0,0,0,,,1748684,5427624,-41.28914282,174.7756561
Wellington City,BOULCOTT ST,15,N, ,CHURCH ST,2755968,26/09/07,Wed,1655,MO,CS1C,386A ,M,R,D,O ,F , ,N,C,50,0,0,0,,,1748537,5427759,-41.28795441,174.7738684
Wellington City,BOULCOTT ST,30,E, ,GILMER TERRACE,2754302,9/07/07,Mon,2210,DA,CE1,110A 137A ,C,M,D,DO,H , ,N,R,50,0,0,0,,,1748594,5427947,-41.28625127,174.7745029
Wellington City,BOULCOTT ST,, ,I,MANNERS ST,2711059,22/01/07,Mon,1740,NB,CW1E,353A 719B 720B ,,R,D,B ,F ,X,T,C,50,0,0,1,,,1748603,5427623,-41.28916673,174.7746894
Wellington City,BOULCOTT ST,60,W, ,WILLIS ST,2711644,12/02/07,Mon,1305,NG,CW1E,371A 719B ,,R,D,O ,F , ,N,C,50,0,0,1,25,,1748572,5427675,-41.28870426,174.7743067
Wellington City,BOULD ST,140,S, ,HINDMARSH ST,2758060,4/12/07,Tue,1240,DA,CS1,110A 386A 423A 929 ,EK,R,D,O ,F ,D,N,C,50,0,0,0,,,1751207,5434483,-41.22692018,174.8040721
Wellington City,BOWEN ST,30,W, ,LAMBTON QUAY,2755711,5/09/07,Wed,155,DB,CW1,137A 197A ,F,M,W,DO,L , ,N,L,50,0,0,0,,,1748816,5428717,-41.27927772,174.7769647
Wellington City,BOWEN ST,, ,I,LAMBTON QUAY,2753396,4/07/07,Wed,2150,FE,CN1X,181A ,,R,W,DO,L ,X,T,C,50,0,0,0,,,1748819,5428688,-41.27953827,174.7770076
Wellington City,BOWEN ST,50,S, ,MUSEUM ST,2755263,18/07/07,Wed,834,AA,BW1V,372A ,,E,D,O ,F , ,N,C,50,0,0,0,,,1748767,5428763,-41.27887259,174.7763686
Wellington City,BOWEN ST,60,E, ,THE TERRACE,2755884,21/09/07,Fri,2348,BC,CW1X,121A 363A ,,E,D,TF,F , ,N,C,50,0,0,0,,,1748761,5428765,-41.27885569,174.7762965
Wellington City,BOWEN ST,100,W, ,THE TERRACE,2750498,30/01/07,Tue,1215,MA,CW1V,373B ,,E,D,B ,F , ,N,L,50,0,0,0,,,1748610,5428811,-41.27846933,174.7744831
Wellington City,BOWEN ST,100,W, ,THE TERRACE,2756662,30/10/07,Tue,820,MA,CW1C,373B ,,E,D,B ,F , ,N,L,50,0,0,0,,,1748610,5428811,-41.27846933,174.7744831
Wellington City,BOWEN ST,, ,I,THE TERRACE,2752607,4/04/07,Wed,815,AD,4W1C,155A 434A 170B 353B ,,R,D,B ,F ,T,T,C,50,0,0,0,,,1748701,5428774,-41.27878571,174.7755782
Wellington City,BOWEN ST,150,E, ,TINAKORI ROAD,2754328,28/05/07,Mon,1815,AC,BW1C,159A ,C,R,D,TO,F , ,N,C,50,0,0,0,,,1748309,5428729,-41.27926295,174.7709106
Wellington City,BOWEN ST,170,E, ,TINAKORI ROAD,2752725,14/04/07,Sat,545,DA,CW1,103A 351A 503A ,C,E,D,TO,F , ,N,C,50,0,0,0,,,1748328,5428726,-41.27928647,174.7711381
Wellington City,BOWES CRESCENT,50,S, ,SIDLAW ST,2757763,17/12/07,Mon,2230,MO,CS1C,371A ,M,R,D,DO,F , ,N,N,50,0,0,0,,,1752468,5422486,-41.33469542,174.8221128
Wellington City,BOX HILL,100,N, ,CLARK ST,2752855,14/05/07,Mon,829,GD,CN1C,331A 363A 930 ,,R,D,B ,F ,D,N,C,50,0,0,0,,,1750097,5432611,-41.24398135,174.791295
Wellington City,BOX HILL,20,N, ,WOODMANCOTE ROAD,2757540,11/12/07,Tue,1540,FD,CN1C,112A 331A 353A 817 ,,R,D,B ,F , ,S,C,50,0,0,0,,,1750122,5432672,-41.2434275,174.7915782
Wellington City,BRACKEN ROAD,20,N, ,HOROKIWI ROAD WEST,2758068,12/02/07,Mon,705,JA,CN14,308B 929 ,,R,D,O ,F ,D,N,C,50,0,0,0,,,1752862,5434861,-41.22320593,174.823714
Wellington City,BRACKEN ROAD,50,N, ,HOROKIWI ROAD WEST,2751314,28/02/07,Wed,1905,FC,CN1X,331A ,,R,D,O ,F , ,N,C,50,0,0,0,,,1752852,5434889,-41.22295572,174.8235878
Wellington City,BRACKEN ROAD,20,N, ,KAHIKATEA GROVE,2713457,30/10/07,Tue,1520,NA,4N1E,713B ,,R,D,B ,F , ,N,C,50,0,0,1,9,,1752799,5435306,-41.21921135,174.8228515
Wellington City,BRACKEN ROAD,, ,I,KAHIKATEA GROVE,2751750,17/02/07,Sat,1509,GA,CN1C,333A 352A 930 ,,E,D,B ,F ,D,N,X,50,0,0,0,,,1752808,5435288,-41.21937171,174.8229633
Wellington City,BRACKEN ROAD,, ,I,STEWART DRIVE,2753866,12/07/07,Thu,1840,JA,CN1C,302B ,,R,W,DO,L ,T,G,C,50,0,0,0,,,1752837,5434948,-41.22242736,174.8233942
Wellington City,BRACKEN ROAD,, ,I,TREBANN ST,2757343,1/11/07,Thu,2250,BF,CN1C,103A 131A ,,M,W,DO,L ,T,N,R,50,0,0,0,,,1752771,5435142,-41.22069318,174.8225586
Wellington City,BRAITHWAITE ST,, ,I,PONSONBY ROAD,2751738,14/02/07,Wed,1738,JA,CW1C,301B 353B ,,S,D,B ,F ,M,S,C,50,0,0,0,,,1746570,5428279,-41.28363206,174.7502634
Wellington City,BREAKER BAY ROAD,450,S, ,INGLIS ST,2756595,9/07/07,Mon,1015,EA,PN1C,204A 385A ,M,R,W,O ,F , ,N,C,50,0,0,0,,,1753083,5422742,-41.33227405,174.8293945
Wellington City,BREAKER BAY ROAD,1170,S, ,PASS OF BRANDA,2757206,11/11/07,Sun,1356,FA,4N1C,103A 112A ,,R,D,B ,F , ,N,C,50,0,0,0,,,1752621,5422340,-41.33598092,174.8239771
Wellington City,BRITOMART ST,10,S, ,FARNHAM ST,2754837,25/07/07,Wed,428,DB,CN1,103A 111A ,F,M,D,DO,F ,T,N,C,50,0,0,0,,,1748137,5424298,-41.31918887,174.7699363
Wellington City,BRITOMART ST,20,W, ,STANLEY ST,2755872,25/07/07,Wed,1335,EA,BE1C,386A ,M,E,D,DO,F , ,N,C,50,0,0,0,,,1748343,5424137,-41.32060056,174.7724357
Wellington City,BROADWAY,100,E, ,CAVENDISH SQUARE,2755210,19/07/07,Thu,1310,BF,CN1C,510A ,,E,D,B ,F , ,N,P,50,0,0,0,,,1752891,5423607,-41.32452278,174.8268835
Wellington City,BROADWAY,, ,I,CAVENDISH SQUARE,2758013,28/12/07,Fri,1605,MB,CW1C,382B ,,R,D,B ,F ,T,G,P,50,0,0,0,,,1752792,5423625,-41.32437949,174.8256966
Wellington City,BROADWAY,30,W, ,GLAMIS AVENUE,2754311,30/03/07,Fri,1900,MO,CE1CC,371A ,MM,R,D,TO,F , ,N,C,50,0,0,0,,,1752402,5423628,-41.32442629,174.821038
Wellington City,BROADWAY,50,W, ,GLAMIS AVENUE,2711013,19/01/07,Fri,1720,EE,SE1C,374B ,M,R,D,O ,F , ,N,P,50,0,0,1,,26,1752382,5423623,-41.32447508,174.8208004
Wellington City,BROADWAY,, ,A,HOBART ST,2753563,4/05/07,Fri,1915,MO,4W1C,371A 385A ,M,R,D,O ,F , ,N,N,50,0,0,0,,,1751632,5423541,-41.32535474,174.8118635
Wellington City,BROADWAY,, ,I,HOBART ST,2755178,27/01/07,Sat,1735,MG,CW1B,355B 371B ,,R,D,O ,F ,T,G,C,50,0,0,0,,,1751632,5423541,-41.32535474,174.8118635
Wellington City,BROADWAY,, ,I,HOBART ST,2753091,22/03/07,Thu,1715,JA,CE1M,302B ,,R,D,B ,F ,T,G,C,50,0,0,0,,,1751632,5423541,-41.32535474,174.8118635
Wellington City,BROADWAY,40,W, ,KAURI ST,2750056,2/01/07,Tue,1200,JA,CE1C,308B 927 ,,R,D,O ,F ,D,N,R,50,0,0,0,,,1751483,5423534,-41.32544577,174.8100857
Wellington City,BROADWAY,50,E, ,MONORGAN ROAD,2713299,18/06/07,Mon,2038,CB,CW1C,103A 357A ,M,R,D,DO,F , ,N,C,50,0,0,1,,,1752192,5423557,-41.32510518,174.8185477
Wellington City,BROADWAY,50,W, ,MONORGAN ROAD,2756909,2/11/07,Fri,1350,MC,CW1C,372B ,F,R,D,B ,F , ,N,C,50,0,0,0,,,1752093,5423554,-41.32515087,174.8173661
Wellington City,BROADWAY,, ,I,MONORGAN ROAD,2757594,13/09/07,Thu,1900,LB,CW1C,303B 353B ,,R,D,DO,F ,X,S,C,50,0,0,0,,,1752143,5423554,-41.32514144,174.8179633
Wellington City,BROADWAY,, ,I,MONORGAN ROAD,2714101,10/10/07,Wed,1842,DA,CE1,133A ,T,R,W,O ,L ,X,S,C,50,0,0,1,,,1752142,5423554,-41.32514163,174.8179513
Wellington City,BROADWAY,, ,I,STRATHMORE AVENUE,2755725,8/09/07,Sat,1930,LB,4W1C,302A 375A ,,R,D,DO,F ,R,G,R,50,0,0,0,,,1752348,5423615,-41.32455353,174.8203964
Wellington City,BROADWAY,20,E, ,WAYSIDE WEST,2755734,16/09/07,Sun,434,EA,CE1C4C,103A ,MM,R,D,DO,F , ,N,C,50,0,0,0,,,1751749,5423543,-41.32531472,174.8132604
Wellington City,BRODERICK ROAD,20,W, ,BANNISTER AVENUE,2754350,31/05/07,Thu,415,DB,VE1,103A 517A ,FH,E,D,DO,F , ,N,C,50,0,0,0,,,1750903,5434763,-41.22445598,174.8003776
Wellington City,BRODERICK ROAD,, ,I,CORTINA AVENUE,2756269,26/10/07,Fri,2230,DC,CS2,112A 321A 514A ,F,R,D,DO,F ,T,S,C,50,0,0,0,,,1750748,5434809,-41.22407071,174.7985179
Wellington City,BRODERICK ROAD,, ,I,GOTHIC ST,2756668,20/07/07,Fri,1235,JC,VS2C,302A ,,R,D,B ,F ,T,G,C,50,0,0,0,,,1751331,5434743,-41.22455611,174.8054865