TLA NAME,CRASH ROAD,CRASH DIST,CRASH DIRN,INTSN,SIDE ROAD,CRASH ID,CRASH DATE,CRASH DOW,CRASH TIME,MVMT,VEHICLES,CAUSES,OBJECTS STRUCK,ROAD CURVE,ROAD WET,LIGHT,WTHRa,JUNC TYPE,TRAF CTRL,ROAD MARK,SPD LIM,CRASH FATAL CNT,CRASH SEV CNT,CRASH MIN CNT,PERS AGE1,PERS AGE2,EASTING,NORTHING,latitude,longitude
Wellington City,BRODERICK ROAD,, ,I,HEATH ST,2751623,24/02/07,Sat,1115,FF,CW1C,331A ,,R,D,B ,F ,X,G,C,50,0,0,0,,,1751013,5434794,-41.22415635,174.8016817
Wellington City,BRODERICK ROAD,, ,I,JOHNSONVILLE ROAD,2712688,5/08/07,Sun,1530,FE,CE1C,434A 512A ,,R,D,O ,F ,T,T,R,50,0,0,1,,,1751483,5434719,-41.22474375,174.807305
Wellington City,BRODERICK ROAD,80,E, ,MOOREFIELD ROAD,2755881,11/09/07,Tue,1221,KB,4W1C,330B 375B 925 ,,R,D,B ,F ,D,N,C,50,0,0,0,,,1751256,5434755,-41.22446209,174.8045891
Wellington City,BRODERICK ROAD,, ,I,MOOREFIELD ROAD,2751631,19/02/07,Mon,1025,FE,CW1C,331A 387A ,,R,D,B ,F ,X,T,C,50,0,0,0,,,1751177,5434767,-41.22436882,174.8036441
Wellington City,BRODERICK ROAD,, ,I,MOOREFIELD ROAD,2755618,22/09/07,Sat,1210,GF,TS2V,122A 671A 333B 363B ,,S,D,B ,F ,X,T,C,50,0,0,0,,,1751177,5434767,-41.22436882,174.8036441
Wellington City,BRODERICK ROAD,, ,I,MOOREFIELD ROAD,2756917,31/08/07,Fri,1735,FE,CW1C,101A 331A ,,R,D,B ,F ,X,T,C,50,0,0,0,,,1751177,5434767,-41.22436882,174.8036441
Wellington City,BRODERICK ROAD,, ,I,OLD COACH ROAD,2757067,16/01/07,Tue,148,MG,CE1C,512A 514A ,,E,D,DO,F ,T,N,C,50,0,0,0,,,1750501,5435000,-41.22239704,174.7955253
Wellington City,BROOKLYN ROAD,100,S, ,NAIRN ST,2754994,21/05/07,Mon,1225,JA,CS1C,308B 375B 929 ,,R,D,O ,F ,D,N,R,50,0,0,0,,,1748121,5426691,-41.29764656,174.7691625
Wellington City,BROOKLYN ROAD,200,S, ,NAIRN ST N,2713140,6/09/07,Thu,1211,GA,TS1C,181A 191B 929 ,H,E,D,B ,F ,D,N,C,50,0,0,1,,,1748078,5426605,-41.29842874,174.7686701
Wellington City,BROOKLYN ROAD,50,N, ,NAIRN ST S,2713387,16/10/07,Tue,656,GC,VS1C,300B 372B 930 ,,R,D,B ,F ,D,N,C,50,0,0,1,,,1748124,5426334,-41.30086024,174.7692852
Wellington City,BROOKLYN ROAD,800,S, ,WEBB ST,2757516,23/12/07,Sun,1114,MA,CS1C,373B 377B ,,R,D,O ,F , ,N,L,50,0,0,0,,,1748087,5426053,-41.30339701,174.7689119
Wellington City,BROUGHAM ST,5,N, ,PATERSON ST,2711925,20/03/07,Tue,800,LB,SN1C,204A 351B 375B 930 ,,M,D,B ,F ,D,N,N,50,0,0,1,,52,1749262,5426284,-41.30110072,174.7828842
Wellington City,BROUGHAM ST,30,N, ,PIRIE ST,2751299,17/03/07,Sat,510,CC,CS1CC,101A 112A 517A ,M,R,D,DO,F , ,N,C,50,0,0,0,,,1749433,5426661,-41.29767479,174.7848332
Wellington City,BROUGHAM ST,40,N, ,PIRIE ST,2752943,16/04/07,Mon,1345,EA,VN1C,386A 403A ,M,E,D,O ,F , ,N,N,50,0,0,0,,,1749437,5426670,-41.29759302,174.7848788
Wellington City,BROUGHAM ST,, ,I,PIRIE ST,2751042,10/02/07,Sat,1655,HA,CW1X,304B ,,R,D,O ,F ,X,G,N,50,0,0,0,,,1749420,5426634,-41.29792029,174.7846846
Wellington City,BUCKLE ST,5,W, ,CAMBRIDGE TERRACE,2752623,21/03/07,Wed,648,AD,VE1C,111A 434A ,,M,D,B ,F ,T,N,C,50,0,0,0,,,1749046,5426477,-41.29940299,174.7802581
Wellington City,BUCKLE ST,40,E, ,SUSSEX ST,2750506,23/01/07,Tue,1530,AC,XE1C,372A ,,M,D,O ,F , ,N,C,50,0,0,0,,,1749014,5426492,-41.29927384,174.7798724
Wellington City,BUCKLEY ROAD,, ,I,SOUTHGATE ROAD,2751346,9/03/07,Fri,416,DA,CS14C,133A 412A ,M,E,W,DO,M ,T,N,N,50,0,0,0,,,1749179,5422874,-41.33181758,174.7827298
Wellington City,BUNNY ST,10,E, ,FEATHERSTON ST,2753719,20/04/07,Fri,1630,FE,CW1C,386A ,,R,D,B ,F ,T,T,R,50,0,0,0,,,1749006,5428679,-41.27958482,174.7792416
Wellington City,BUNNY ST,20,W, ,WATERLOO QUAY,2751405,26/03/07,Mon,1715,GB,SW1C,158A 353B 372B 926 ,,R,D,TF,F ,D,N,R,50,0,0,0,,33,1749086,5428616,-41.28013727,174.7802119
Wellington City,BURMA ROAD,, ,I,HAUMIA ST,2712422,23/06/07,Sat,1340,FB,CN1C,181A ,,R,D,B ,F ,R,G,R,50,0,0,1,,,1750877,5434200,-41.22952976,174.8002066
Wellington City,BURMA ROAD,60,N, ,JOHN SIMS DRIVE,2752601,10/05/07,Thu,1845,FD,CN14,181A ,,R,W,DO,L , ,N,L,50,0,0,0,,,1750691,5433550,-41.23541666,174.7981488
Wellington City,BURMA ROAD,25,S, ,JOHN SIMS DRIVE,2752335,25/04/07,Wed,1334,DB,CN1,335A 363A ,P,E,D,B ,F , ,N,R,50,0,0,0,,,1750688,5433465,-41.23618251,174.798134
Wellington City,BURMA ROAD,, ,I,JOHN SIMS DRIVE,2755723,31/08/07,Fri,1330,JA,4N1C,302B ,,R,D,B ,F ,T,G,C,50,0,0,0,,,1750688,5433490,-41.23595742,174.7981278
Wellington City,BURMA ROAD,, ,I,MALDIVE ST,2759009,18/09/07,Tue,1615,DA,CS1C,131A 507A ,C,E,D,B ,F ,T,N,C,50,0,0,0,,,1750628,5433201,-41.23857059,174.7974835
Wellington City,BURMA ROAD,, ,I,RANGOON ST,2751836,16/03/07,Fri,1955,BE,CS1C,101A 112A 634A ,,R,D,DO,F ,T,S,C,50,0,0,0,,,1750525,5433136,-41.23917499,174.796271
Wellington City,BURMA ROAD,, ,I,RANGOON ST,2713539,13/09/07,Thu,1225,JA,SS1C,309B ,,R,D,B ,F ,T,N,C,50,0,0,1,,39,1750525,5433136,-41.23917499,174.796271
Wellington City,BURMA ROAD,, ,I,RANGOON ST,2753226,24/05/07,Thu,829,LB,CS1C,303B 363B ,,R,D,B ,F ,T,S,C,50,0,0,0,,,1750525,5433136,-41.23917499,174.796271
Wellington City,BURNHAM ST,, ,I,INGLIS ST,2755768,4/09/07,Tue,1530,DA,CS24,111A 122A ,M,R,W,O ,L ,X,S,R,50,0,0,0,,,1753290,5423475,-41.32563543,174.8316821
Wellington City,BUTT ST,25,W, ,CLARENCE ST,2751615,3/03/07,Sat,100,EA,CW1C,386A ,M,E,D,B ,F , ,N,N,50,0,0,0,,,1747639,5425211,-41.31106003,174.7637673
Wellington City,CABLE ST,40,E, ,CHAFFERS ST,2755647,27/08/07,Mon,938,AA,CE1X,172A 372A 925 ,,R,D,B ,F ,D,N,C,50,0,0,0,,,1749390,5427291,-41.29201061,174.7841652
Wellington City,CABLE ST,30,W, ,CHAFFERS ST,2712350,23/05/07,Wed,800,AA,CE1M,143A 372A ,,R,W,O ,L , ,N,C,50,0,0,1,,,1749326,5427321,-41.29175235,174.7833939
Wellington City,CABLE ST,, ,I,CHAFFERS ST,2756911,12/11/07,Mon,1540,GC,CE1C,171B 372B ,,R,D,B ,F ,T,T,N,50,0,0,0,,,1749353,5427308,-41.2918644,174.7837194
Wellington City,CABLE ST,50,W, ,ORIENTAL PARADE,2750518,3/02/07,Sat,1600,AC,CE1C,381A ,,R,D,B ,F , ,N,C,50,0,0,0,,,1749452,5427261,-41.29226924,174.7849127
Wellington City,CABLE ST,25,W, ,TARANAKI ST,2712421,22/06/07,Fri,1330,NG,CE1EC,423A 730B ,M,R,D,O ,FS, ,N,N,50,0,0,1,75,,1749031,5427489,-41.2902943,174.7798312
Wellington City,CALCUTTA ST,100,S, ,COCKAYNE ROAD,2756656,11/08/07,Sat,2115,MO,CS1C,371A ,M,M,W,DO,L , ,N,C,50,0,0,0,,,1749728,5431857,-41.25083837,174.7870783
Wellington City,CALCUTTA ST,60,S, ,WARU ST,2756821,16/11/07,Fri,850,DB,CW1,505A 512A ,CGP,M,D,B ,F , ,N,N,50,0,0,0,,,1750008,5431675,-41.25242509,174.7904634
Wellington City,CALEDONIA ST,20,W, ,KAURI ST,2756807,13/08/07,Mon,1615,EA,CW1C,129A 353A ,M,R,D,O ,F , ,N,C,50,0,0,0,,,1751644,5423993,-41.32128303,174.811894
Wellington City,CALEDONIA ST,, ,I,KAURI ST,2712962,2/05/07,Wed,830,JA,CE1C,301B 382B ,,R,W,O ,F ,X,S,C,50,0,0,2,,,1751663,5423987,-41.32133348,174.8121225
Wellington City,CALEDONIA ST,200,E, ,SH 1N,2756843,23/11/07,Fri,739,MC,CE1C,372B 839 ,,R,D,B ,F , ,N,P,50,0,0,0,,,1751615,5424002,-41.32120745,174.8115455
Wellington City,CAMBRIAN ST,15,N, ,CUNLIFFE ST,2755770,18/09/07,Tue,845,MG,CN1C,371B 817 ,,R,D,O ,F , ,N,C,50,0,0,0,,,1751344,5436188,-41.21154374,174.8052836
Wellington City,CAMBRIDGE ST,40,N, ,MAIN ROAD,2755848,8/10/07,Mon,1450,MO,CE1,133A 423A ,H,R,D,O ,F , ,N,C,50,0,0,0,,,1753115,5440624,-41.17127181,174.8252885
Wellington City,CAMBRIDGE ST,20,E, ,SERVICE LANE,2756205,12/10/07,Fri,1800,DA,CW1,137A 331A 363A 902 929 ,FJ,E,D,B ,F ,D,N,C,50,0,0,0,,,1753152,5440653,-41.17100372,174.8257221
Wellington City,CAMBRIDGE TERRACE,30,N, ,BUCKLE ST,2757851,31/12/07,Mon,2305,DB,CS1,111A ,S,M,D,DO,F , ,N,C,50,0,0,0,,,1749079,5426483,-41.29934287,174.7806506
Wellington City,CAMBRIDGE TERRACE,30,N, ,BUCKLE ST,2713541,15/10/07,Mon,815,EE,SN1C,158A 520B ,Q,E,D,B ,F , ,N,X,50,0,0,1,,32,1749079,5426483,-41.29934287,174.7806506
Wellington City,CAMBRIDGE TERRACE,, ,I,BUCKLE ST,2712948,30/08/07,Thu,1553,DB,CN1BC,501A ,,E,D,O ,F ,T,N,R,50,0,1,0,,,1749051,5426475,-41.29942007,174.7803183
Wellington City,CAMBRIDGE TERRACE,, ,I,COURTENAY PLACE,2711961,4/05/07,Fri,30,DB,CE2C,103A 131A ,FM,R,D,DO,F ,X,T,C,50,0,0,1,,,1749351,5427078,-41.29393556,174.7837519
Wellington City,CAMBRIDGE TERRACE,, ,I,COURTENAY PLACE,2711457,15/03/07,Thu,525,NC,CE2E,102A 105B 711B 714B ,,R,W,DO,H ,X,N,X,50,0,0,1,27,,1749351,5427078,-41.29393556,174.7837519
Wellington City,CAMBRIDGE TERRACE,, ,I,COURTENAY PLACE,2755771,12/05/07,Sat,1300,LB,VN1C,325B ,,R,D,B ,F ,X,T,C,50,0,0,0,,,1749351,5427078,-41.29393556,174.7837519
Wellington City,CAMBRIDGE TERRACE,20,S, ,SH 1N VIVIAN,2755253,11/05/07,Fri,2330,AC,CN1C,372A ,,R,D,DO,F ,X,T,C,50,0,0,0,,,1749189,5426716,-41.29722475,174.7819067
Wellington City,CAMBRIDGE TERRACE,, ,I,TENNYSON ST,2757164,26/11/07,Mon,1420,FA,CN1C,181A 191B ,,R,D,B ,F ,T,T,C,50,0,0,0,,,1749276,5426909,-41.29547101,174.782898
Wellington City,CAMBRIDGE TERRACE,15,S, ,VIVIAN ST,2750939,19/02/07,Mon,1710,EE,CN1C,374B ,M,R,D,B ,F ,X,T,C,50,0,0,0,,,1749191,5426720,-41.29718837,174.7819296
Wellington City,CAMPBELL ST,50,N, ,BOURBON TERRACE,2756588,28/09/07,Fri,1817,EA,CS1C,129A ,M,E,D,O ,F , ,N,C,50,0,0,0,,,1746060,5427218,-41.2932773,174.7444304
Wellington City,CAMPBELL ST,, ,I,FIRTH TERRACE,2711757,16/04/07,Mon,1805,GE,MN1C,160A 333A ,,R,D,TO,F ,T,G,C,50,0,0,1,,,1745776,5427787,-41.28820558,174.7409038
Wellington City,CARLTON GORE ROAD,20,N, ,MAIDA VALE ROAD,2755765,29/09/07,Sat,1130,EA,CN1C,121A ,M,R,D,B ,F , ,N,C,50,0,0,0,,,1750843,5427691,-41.28813907,174.8014111
Wellington City,CARLTON GORE ROAD,10,N, ,ORIENTAL PARADE,2752613,6/05/07,Sun,,GD,CN1X,191A 355A 181B ,,M,D,DO,F ,T,G,L,50,0,0,0,,,1750717,5427707,-41.28801855,174.7999032
Wellington City,CARLTON GORE ROAD,, ,I,ORIENTAL PARADE,2713271,6/10/07,Sat,836,MA,SW1C,373B ,,E,W,O ,F ,Y,G,R,50,0,0,1,,50,1750709,5427702,-41.28806506,174.7998089
Wellington City,CARLUKE ST,, ,I,HILLVIEW CRESCENT,2752782,3/05/07,Thu,1524,MC,CW1C,372B ,,R,D,O ,F ,T,N,N,50,0,0,0,,,1752548,5435428,-41.21816029,174.8198281
Wellington City,CASHMERE AVENUE,, ,I,KAMLA WAY,2758059,7/12/07,Fri,1725,MO,CN1CCC,423A ,M,R,D,B ,F ,Y,N,C,50,0,0,0,,,1750565,5432315,-41.24655935,174.7969506
Wellington City,CATHERINE CRESCENT,50,N, ,WARREN ST,2757861,6/12/07,Thu,640,CC,CN1C,385A ,M,R,D,O ,F , ,N,N,50,0,0,0,,,1752343,5435698,-41.215768,174.8173164
Wellington City,CAVALRY CLOSE,30,W, ,WINSTON ST,2754649,21/07/07,Sat,1905,QD,4.00E+01,428A 929 ,H,R,W,DO,H ,D,N,N,50,0,0,0,,,1747792,5431205,-41.25706497,174.7641397
Wellington City,CECIL ROAD,160,S, ,WADE ST,2750591,29/01/07,Mon,1930,EA,CN1C,111A 386A ,M,M,D,O ,F , ,N,C,50,0,0,0,,,1748324,5430331,-41.26483659,174.7706997
Wellington City,CECIL ROAD,20,E, ,WELD ST,2752428,14/04/07,Sat,1530,CB,CE1C,129A 353A 402A ,FH,R,D,B ,F , ,N,C,50,0,0,0,,,1748598,5430567,-41.26266141,174.7739117
Wellington City,CENTENNIAL NBD,, ,I,HUTT ROAD,2756611,12/08/07,Sun,400,DA,CN1,136A 622A ,F,R,W,DO,F ,M,T,R,80,0,0,0,,,1751936,5432198,-41.24735626,174.8133344
Wellington City,CENTENNIAL SBD,290,N, ,CENTENNIAL SLIP ROAD,2753740,6/07/07,Fri,1810,AA,CS1C,370A ,,R,D,DO,F , ,N,R,80,0,0,0,,,1752021,5432597,-41.24374795,174.814249
Wellington City,CENTENNIAL SBD,40,S, ,GLOVER SLIP ROAD,2753119,6/06/07,Wed,1645,AA,VN1C,355A 372A 404A 387B ,,E,D,O ,F , ,N,R,80,0,0,0,,,1751964,5432706,-41.2427773,174.8135419
Wellington City,CENTENNIAL SBD,, ,I,GLOVER ST,2712284,17/04/07,Tue,800,HA,CS1C,303B 387B ,I,R,D,B ,F ,X,G,R,50,0,0,1,,,1751931,5432729,-41.24257643,174.8131426
Wellington City,CENTENNIAL SBD,, ,I,GLOVER ST,2714024,19/12/07,Wed,656,HA,CS1C,302B 375B ,,E,D,O ,L ,X,G,P,100,0,1,0,,,1751931,5432729,-41.24257643,174.8131426
Wellington City,CENTENNIAL SBD,, ,I,HUTT ON NBD,2711250,22/02/07,Thu,1740,GA,SS1V,387A 140B 192B ,,E,D,B ,F ,M,T,R,100,0,0,1,,56,1751936,5432198,-41.24735626,174.8133344
Wellington City,CENTENNIAL SBD,20,S, ,MALVERN ROAD,2753350,31/05/07,Thu,805,DA,CS1,501A ,G,E,D,B ,F , ,N,N,80,0,0,0,,,1752014,5432626,-41.24348817,174.8141583
Wellington City,CENTENNIAL SLIP ROAD,, ,I,HUTT ON NBD,2756512,31/10/07,Wed,650,FA,CS1C,181A 434A ,,E,D,O ,F ,T,N,R,100,0,0,0,,,1751997,5432223,-41.24711971,174.8140559
Wellington City,CENTRAL TERRACE,50,E, ,GLASGOW ST,2713152,11/09/07,Tue,1515,PF,4S1E,719B 721B ,,E,D,B ,F , ,N,C,50,0,1,0,19,,1747954,5427804,-41.28765631,174.7668983
Wellington City,CHAFFERS ST,, ,I,WAKEFIELD ST,2757871,23/12/07,Sun,2000,MG,CS1C,371B ,,R,D,B ,F ,T,S,C,50,0,0,0,,,1749319,5427226,-41.29260897,174.7833336
Wellington City,CHAFFERS ST,, ,I,WAKEFIELD ST,2753941,8/07/07,Sun,9,BB,CW2C,124A ,,R,W,DO,L ,T,S,C,50,0,0,0,,,1749319,5427226,-41.29260897,174.7833336
Wellington City,CHAMBERLAIN ROAD,150,N, ,DARWIN ST,2750228,7/01/07,Sun,1815,CC,CS1,130A 400A 407A ,C,R,D,O ,F , ,N,N,50,0,0,0,,,1745263,5428433,-41.28248169,174.734626
Wellington City,CHAYTOR ST,, ,I,BIRDWOOD ST,2712006,15/05/07,Tue,1745,NE,CN1E,307A 376A ,,R,D,DO,F ,X,T,C,50,0,0,1,62,,1746933,5427929,-41.28671733,174.7546806
Wellington City,CHAYTOR ST,, ,I,BIRDWOOD ST,2753426,13/06/07,Wed,2100,HA,CN1C,322B ,,E,W,DO,L ,X,T,C,50,0,0,0,,,1746933,5427929,-41.28671733,174.7546806
Wellington City,CHAYTOR ST,500,N, ,CURTIS ST,2753640,9/06/07,Sat,146,AC,VS1C,123A 372A 150B 209B ,,M,W,DO,F , ,N,L,50,0,0,0,,,1746680,5428547,-41.28119913,174.7515118
Wellington City,CHAYTOR ST,20,W, ,CURTIS ST,2711466,26/02/07,Mon,824,AC,CE1S,372A ,,E,D,O ,F ,T,N,R,50,0,0,1,,57,1746824,5428167,-41.28459431,174.7533221
Wellington City,CHAYTOR ST,, ,I,CURTIS ST,2757635,30/12/07,Sun,1900,DB,CS2,192A 402A 524A ,C,R,D,B ,F ,T,G,C,50,0,0,0,,,1746843,5428162,-41.28463587,174.7535501
Wellington City,CHAYTOR ST,, ,I,CURTIS ST,2754668,9/03/07,Fri,800,LB,CE1CC,158A 209A 303B 377B ,,E,D,O ,F ,T,G,P,50,0,0,0,,,1746843,5428162,-41.28463587,174.7535501
Wellington City,CHAYTOR ST,200,E, ,KARORI ROAD,2752789,10/05/07,Thu,1900,DA,CE1,135A 402A 901 ,PT,S,W,DO,H , ,N,C,50,0,0,0,,,1746753,5428441,-41.28214024,174.7524086
Wellington City,CHAYTOR ST,, ,I,NORTHLAND TUNNEL ROAD,2712374,24/03/07,Sat,555,LB,SS1T,303B 375B ,,M,D,DO,F ,Y,T,L,50,0,1,0,,23,1746934,5427912,-41.28687021,174.7546967
Wellington City,CHAYTOR ST,50,S, ,OLD KARORI ROAD,2711288,28/02/07,Wed,10,DB,TS1C,101A 111A 517A ,CM,M,D,DO,F , ,N,P,50,0,0,1,,,1746682,5428545,-41.28121677,174.7515362
Wellington City,CHAYTOR ST,, ,I,OLD KARORI ROAD,2751726,5/03/07,Mon,700,AC,CW1B,157A 159A ,,E,D,B ,F ,Y,T,R,50,0,0,0,,,1746645,5428577,-41.28093537,174.7510868
Wellington City,CHESTER ROAD,, ,I,WOODSTOCK TERRACE,2712598,4/08/07,Sat,2250,DA,CN1,103A 131A ,HT,M,W,DO,F ,T,G,C,50,0,0,1,,,1752497,5440702,-41.17068604,174.8179054
Wellington City,CHILDERS TERRACE,20,N, ,CRAWFORD ROAD,2750509,25/01/07,Thu,925,EE,CN1C,525B ,M,R,D,B ,F , ,N,N,50,0,0,0,,,1750110,5424412,-41.31779766,174.7934705
Wellington City,CHILDERS TERRACE,, ,I,CRAWFORD ROAD,2755220,6/07/07,Fri,1600,HA,4S2C,301A 378A 837 ,,M,W,O ,L ,X,S,C,50,0,0,0,,,1750110,5424432,-41.31761759,174.7934656
Wellington City,CHILDERS TERRACE,10,S, ,KILBIRNIE CRESCENT,2751642,20/01/07,Sat,1900,EA,CN1C,386A ,M,R,D,O ,F ,T,N,N,50,0,0,0,,,1750158,5424582,-41.31625816,174.7940017
Wellington City,CHILDERS TERRACE,, ,I,RONGOTAI ROAD,2750199,29/01/07,Mon,1423,FB,CN1C,181A ,,R,D,B ,F ,X,S,C,50,0,0,0,,,1750110,5424432,-41.31761759,174.7934656
Wellington City,CHILDERS TERRACE,, ,I,RONGOTAI ROAD,2711754,14/04/07,Sat,930,FB,CN1C,331A 358A ,,R,D,B ,F ,X,S,C,50,0,0,1,,,1750110,5424432,-41.31761759,174.7934656
Wellington City,CHORLEY GROVE,, ,I,HAWTREY TERRACE,2713492,10/11/07,Sat,0,DB,CE2,103A 111A ,FH,M,D,DO,F ,T,N,C,50,0,0,1,,,1751650,5435816,-41.21483574,174.8090242
Wellington City,CHURCHILL DRIVE,30,N, ,BLACKBRIDGE ROAD,2757575,16/05/07,Wed,2349,DB,CS1,116A 632A ,T,M,D,DO,F , ,N,P,50,0,0,0,,,1747700,5430600,-41.26252894,174.7631886
Wellington City,CHURCHILL DRIVE,50,N, ,BLACKBRIDGE ROAD,2754664,2/06/07,Sat,1,DA,VN1,103A 135A 801 ,C,E,W,DO,LS, ,N,C,50,0,0,0,,,1747707,5430618,-41.2623656,174.7632678
Wellington City,CHURCHILL DRIVE,60,S, ,BLACKBRIDGE ROAD,2750243,7/01/07,Sun,1330,DA,CS1,133A ,P,E,D,B ,F , ,N,C,50,0,0,0,,,1747712,5430511,-41.26332806,174.7633533
Wellington City,CHURCHILL DRIVE,500,S, ,BLACKBRIDGE ROAD,2753208,1/06/07,Fri,2245,DB,4S1,135A 801 ,C,E,W,DO,L , ,N,C,50,0,0,0,,,1747561,5430137,-41.26672298,174.7616421
Wellington City,CHURCHILL DRIVE,, ,I,BLACKBRIDGE ROAD,2758000,24/09/07,Mon,330,DB,CS1,131A 351A 517A ,C,E,W,DO,L ,T,G,C,50,0,0,0,,,1747702,5430570,-41.26279868,174.7632197
Wellington City,CHURCHILL DRIVE,, ,I,BLACKBRIDGE ROAD,2751089,20/02/07,Tue,900,JA,CS1C,302B 353B ,C,M,D,B ,F ,T,G,C,50,0,0,0,,,1747702,5430570,-41.26279868,174.7632197
Wellington City,CHURCHILL DRIVE,, ,I,CHARTWELL DRIVE,2754502,20/07/07,Fri,1430,DC,CE2,302A 423A ,IS,E,D,B ,F ,T,G,R,50,0,0,0,,,1747918,5431111,-41.25788825,174.7656659
Wellington City,CHURCHILL DRIVE,100,N, ,WILTON ROAD,2755676,2/08/07,Thu,1533,DB,CS1,129A 386A 410A ,C,E,D,B ,F , ,N,C,50,0,0,0,,,1747536,5430177,-41.26636741,174.7613341
Wellington City,CLEVELAND ST,40,E, ,OHIRO ROAD,2755282,12/06/07,Tue,1810,MO,CN1C,385A ,M,R,D,DO,F , ,N,C,50,0,0,0,,,1747652,5425856,-41.30525041,174.7637659
Wellington City,CLEVELAND ST,60,E, ,OHIRO ROAD,2754988,21/08/07,Tue,1848,EE,CE1X,374B 443B ,Q,R,D,DO,F , ,N,C,50,0,0,0,,,1747671,5425862,-41.30519291,174.7639913
Wellington City,CLIFTON TERRACE,, ,I,EVERTON TERRACE,2757573,7/12/07,Fri,1825,FE,CN1C,101A 331A ,,E,D,O ,F ,X,T,C,50,0,0,0,,,1748430,5428077,-41.28511099,174.7725136
Wellington City,CLUTHA AVENUE,220,S, ,NICHOLSON ROAD,2756404,13/08/07,Mon,1930,EA,BS14,350A 370A ,M,M,D,DO,F , ,N,C,50,0,0,0,,,1749809,5432052,-41.24906769,174.7879968
Wellington City,CLUTHA AVENUE,150,W, ,NICHOLSON ROAD,2751522,23/03/07,Fri,1734,FF,4E1CC,181A ,M,M,D,B ,F , ,N,N,50,0,0,0,,,1749868,5432087,-41.24874164,174.788692
Wellington City,CLYDE ST,, ,I,TAMAR ST,2755494,31/08/07,Fri,2155,DB,CN1V,111A 134A ,M,M,D,DN,F ,T,N,N,50,0,0,0,,,1748547,5422936,-41.33137608,174.7751656
Wellington City,COBHAM DRIVE,70,S, ,MIRAMAR AVENUE,2753566,18/04/07,Wed,1013,MA,4N1C,112A 373B ,,R,W,O ,LS, ,N,P,50,0,0,0,,,1751578,5424725,-41.31470507,174.8109233
Wellington City,COBHAM DRIVE,, ,I,MIRAMAR AVENUE,2757432,21/06/07,Thu,803,BF,CW1C,136A 650A ,GS,M,W,O ,L ,T,N,R,50,0,0,0,,,1751637,5424734,-41.31461296,174.8116256
Wellington City,COBHAM DRIVE,, ,I,MIRAMAR AVENUE,2755581,6/09/07,Thu,1739,DB,CW2,501A ,IS,R,D,B ,F ,T,N,R,50,0,0,0,,,1751637,5424734,-41.31461296,174.8116256
Wellington City,COBHAM DRIVE,30,N, ,SH 1N CALABAR,2755177,21/07/07,Sat,1510,MC,VS1C,372B ,,R,D,B ,F , ,N,R,70,0,0,0,,,1751464,5424554,-41.31626604,174.8096046
Wellington City,COBHAM DRIVE,100,N, ,SH 1N CALABAR,2753213,20/06/07,Wed,1536,EC,CN1,151A 514A ,FI,R,D,B ,F , ,N,R,70,0,0,0,,,1751507,5424609,-41.31576279,174.8101044
Wellington City,COCHRANE ST,5,S, ,GEORGE BOLT ST,2713332,15/04/07,Sun,1555,MO,CN1C,133A 371A 423A ,HMX,R,D,B ,F ,T,N,N,50,0,0,2,,,1750949,5423393,-41.32681538,174.8037429
Wellington City,COCKAYNE ROAD,60,E, ,ELLORA ST,2751967,2/04/07,Mon,728,EA,CW1T,363A ,M,M,D,B ,F , ,N,C,50,0,0,0,,,1749027,5431719,-41.25221039,174.7787491
Wellington City,COCKAYNE ROAD,, ,I,LUCKNOW TERRACE,2755651,23/08/07,Thu,1545,JA,VN1V,302B 375B ,,R,D,B ,F ,T,G,R,50,0,0,0,,,1749707,5432032,-41.24926666,174.7867848
Wellington City,COCKAYNE ROAD,300,W, ,PUNJAB ST,2755746,9/07/07,Mon,1826,MO,BW1C,120A 386A ,,M,W,DO,L , ,N,C,50,0,0,0,,,1749278,5431666,-41.25264126,174.7817566
Wellington City,COCKAYNE ROAD,, ,I,PUNJAB ST,2754814,2/08/07,Thu,1650,LB,4S1B,303B 375B ,,E,D,O ,F ,Y,N,C,50,0,0,0,,,1749530,5431744,-41.25189241,174.7847439
Wellington City,COLCHESTER CRESCENT,60,S, ,KINGSBRIDGE PLACE,2758038,17/06/07,Sun,1900,MO,CE1,103A 371A ,F,E,D,O ,F , ,N,N,50,0,0,0,,,1753235,5435140,-41.22062346,174.828092
Wellington City,COLLEGE ST,30,E, ,TORY ST,2751529,2/03/07,Fri,1008,MO,VW1C,386A 445B ,M,R,D,B ,F , ,N,C,50,0,0,0,,,1749042,5426856,-41.29599143,174.7801175
Wellington City,COLLEGE ST,40,E, ,TORY ST,2751528,13/03/07,Tue,1310,BA,TE1C,370A 671A ,,R,W,O ,L , ,N,N,50,0,0,0,,,1749051,5426852,-41.29602578,174.7802259
Wellington City,COLLEGE ST,, ,I,TORY ST,2751711,23/03/07,Fri,1953,JA,CS1C,382B ,,R,D,DO,F ,T,N,C,50,0,0,0,,,1749015,5426869,-41.29587937,174.779792
Wellington City,COLLINGWOOD ST,50,W, ,OTTAWA ROAD,2752237,16/03/07,Fri,1810,BB,CE1C,123A 400A ,,S,D,O ,F , ,N,C,50,0,0,0,,,1748540,5431977,-41.24997712,174.7728763
Wellington City,COLLINS AVENUE,15,E, ,BEAUCHAMP ST,2754126,28/06/07,Thu,1150,MA,CW1C,373B ,,R,D,O ,F , ,N,C,50,0,0,0,,,1753700,5442168,-41.15725991,174.8318716
Wellington City,COLLINS AVENUE,, ,I,HINAU ST,2712372,19/06/07,Tue,845,LB,CW1C,145A 300A ,,R,D,B ,F ,T,G,X,50,0,0,1,,,1753820,5442108,-41.15777736,174.8333162