TLA NAME,CRASH ROAD,CRASH DIST,CRASH DIRN,INTSN,SIDE ROAD,CRASH ID,CRASH DATE,CRASH DOW,CRASH TIME,MVMT,VEHICLES,CAUSES,OBJECTS STRUCK,ROAD CURVE,ROAD WET,LIGHT,WTHRa,JUNC TYPE,TRAF CTRL,ROAD MARK,SPD LIM,CRASH FATAL CNT,CRASH SEV CNT,CRASH MIN CNT,PERS AGE1,PERS AGE2,EASTING,NORTHING,latitude,longitude
Wellington City,COLWAY ST,50,E, ,OTTAWA ROAD,2756612,12/09/07,Wed,1505,EA,TW1C,385A ,Q,R,D,O ,F , ,N,C,50,0,0,0,,,1748772,5432227,-41.24768358,174.775583
Wellington City,CONNAUGHT TERRACE,150,E, ,WASHINGTON AVENUE,2756615,3/08/07,Fri,1540,BB,CE1C,111A 123A ,,E,D,B ,F , ,N,N,50,0,0,0,,,1747934,5425356,-41.30970049,174.7672546
Wellington City,CONSTABLE ST,15,W, ,ALEXANDRA ROAD,2752297,8/04/07,Sun,700,EA,CW1C,386A ,M,R,D,O ,F ,T,G,C,50,0,0,0,,,1749664,5424990,-41.31267661,174.7880021
Wellington City,CONSTABLE ST,20,W, ,COROMANDEL ST,2713940,24/10/07,Wed,1749,CB,CE1CCC,103A 423A ,M,R,D,B ,F , ,N,C,50,0,0,1,,,1749517,5424996,-41.31264986,174.7862452
Wellington City,CONSTABLE ST,, ,I,CRAWFORD ROAD,2753304,25/05/07,Fri,1936,LB,CE1C,302A 353A ,,E,D,DO,F ,R,G,R,50,0,0,0,,,1749713,5424979,-41.31276656,174.7885899
Wellington City,CONSTABLE ST,, ,I,CRAWFORD ST,2751393,10/03/07,Sat,1720,FB,4E1C,181A 387A 402A ,,E,D,B ,F ,R,G,R,50,0,0,0,,,1749713,5424979,-41.31276656,174.7885899
Wellington City,CONSTABLE ST,40,W, ,DANIELL ST,2757864,19/12/07,Wed,1010,JA,CE1C,308B 922 ,,R,W,O ,L ,D,N,C,50,0,0,0,,,1749154,5424920,-41.31340132,174.7819292
Wellington City,CONSTABLE ST,30,E, ,HIROPI ST,2756857,30/10/07,Tue,802,EE,4W1C,374B ,M,R,D,O ,F , ,N,C,50,0,0,0,,,1749474,5424989,-41.31272085,174.7857335
Wellington City,CONSTABLE ST,30,W, ,HIROPI ST,2713540,31/08/07,Fri,1025,PE,BW1E,703B ,,R,D,O ,F , ,N,C,50,0,0,1,,,1749416,5424976,-41.31284864,174.7850441
Wellington City,CONSTABLE ST,, ,I,HIROPI ST,2752835,16/05/07,Wed,1627,KB,CE1C,382B ,,R,D,TF,F ,T,N,C,50,0,0,0,,,1749445,5424982,-41.31278925,174.7853889
Wellington City,CONSTABLE ST,, ,I,HIROPI ST,2753950,25/06/07,Mon,1310,KA,CW1C,309B 375B ,,R,W,O ,L ,T,N,C,50,0,0,0,,,1749445,5424982,-41.31278925,174.7853889
Wellington City,CONSTABLE ST,10,W, ,OWEN ST,2711565,16/03/07,Fri,1604,NB,4W1E,306A 376A ,,R,D,B ,F ,X,S,X,50,0,0,1,14,,1749355,5424963,-41.31297698,174.7843188
Wellington City,CONSTABLE ST,, ,I,OWEN ST,2755251,25/07/07,Wed,2020,KA,CW1C,302B ,,R,D,TO,F ,X,T,C,50,0,0,0,,,1749365,5424965,-41.31295712,174.7844378
Wellington City,CONSTABLE ST,, ,I,OWEN ST,2714127,30/10/07,Tue,745,NA,CW1E,717B 835 ,,R,D,O ,F ,X,T,X,50,0,0,1,16,,1749365,5424965,-41.31295712,174.7844378
Wellington City,CONSTABLE ST,, ,I,OWEN ST,2713981,22/12/07,Sat,1449,NA,CW1E,306A 387A 717B ,,R,D,B ,F ,X,T,C,50,0,0,1,46,,1749365,5424965,-41.31295712,174.7844378
Wellington City,CONSTABLE ST,10,E, ,RIDDIFORD ST,2751620,26/02/07,Mon,1720,MC,CE1C,353A 372B ,,R,D,B ,F ,T,T,C,50,0,0,0,,,1748989,5424885,-41.31374693,174.7799674
Wellington City,CONSTABLE ST,30,E, ,RIDDIFORD ST,2756683,30/10/07,Tue,400,MO,CW1M,371A ,M,R,D,B ,F , ,N,C,50,0,0,0,,,1749009,5424889,-41.31370722,174.7802053
Wellington City,CONSTABLE ST,50,E, ,RIDDIFORD ST,2750430,12/02/07,Mon,1300,MA,CE1C,373B ,,R,D,O ,F , ,N,C,50,0,0,0,,,1749029,5424893,-41.31366751,174.7804431
Wellington City,CORLETT ST,40,E, ,HINDMARSH ST,2754717,1/05/07,Tue,850,BC,CE1C,111A 121A 402A ,,M,W,O ,LS, ,N,N,50,0,0,0,,,1751387,5434499,-41.22674247,174.8062147
Wellington City,COROMANDEL ST,25,N, ,COLVILLE ST,2750733,24/01/07,Wed,1940,JA,CS1C,308B 377B 839 929 ,,R,D,TF,F ,D,N,N,50,0,0,0,,,1749583,5424779,-41.31459135,174.7870867
Wellington City,COROMANDEL ST,100,S, ,CONSTABLE ST,2755720,5/09/07,Wed,1340,KB,CN1C,308B 832 929 ,,R,W,O ,L ,D,N,C,50,0,0,0,,,1749558,5424899,-41.31351558,174.7867587
Wellington City,CORTINA AVENUE,100,N, ,BRODERICK ROAD,2757933,16/12/07,Sun,1900,EA,CS1V,352A 370A ,M,R,D,B ,F , ,N,C,50,0,0,0,,,1750731,5434904,-41.22321855,174.7982917
Wellington City,CORTINA AVENUE,, ,I,DUGGAN PLACE,2713149,3/09/07,Mon,1229,JA,CN1C,112A 330A ,,R,D,O ,F ,T,N,C,50,0,0,1,,,1750512,5435358,-41.21917175,174.7955683
Wellington City,COURTENAY PLACE,30,E, ,ALLEN ST,2757752,16/11/07,Fri,1500,EA,BE1C,385A ,M,R,D,B ,F , ,N,R,50,0,0,0,,,1749239,5427101,-41.29374919,174.7824093
Wellington City,COURTENAY PLACE,40,E, ,ALLEN ST,2751714,27/03/07,Tue,2315,EA,BE1X,385A 434A ,Q,R,D,DO,F , ,N,R,50,0,0,0,,,1749248,5427099,-41.29376554,174.7825172
Wellington City,COURTENAY PLACE,40,E, ,ALLEN ST,2753505,29/04/07,Sun,200,MO,CE1C,371A 385A ,M,R,D,DO,F , ,N,C,50,0,0,0,,,1749248,5427099,-41.29376554,174.7825172
Wellington City,COURTENAY PLACE,10,W, ,ALLEN ST,2750197,17/01/07,Wed,2330,FC,CE1C,331A ,,R,D,DO,F ,T,N,X,50,0,0,0,,,1749200,5427111,-41.29366637,174.7819412
Wellington City,COURTENAY PLACE,50,W, ,ALLEN ST,2713134,18/09/07,Tue,2020,FC,XE1C,331A ,,R,D,DO,F , ,N,X,50,0,0,1,,,1749163,5427127,-41.29352915,174.7814956
Wellington City,COURTENAY PLACE,, ,I,ALLEN ST,2752296,29/01/07,Mon,1330,MA,CW1B,143B 373B 434B ,,R,D,B ,F ,T,N,R,50,0,0,0,,,1749209,5427107,-41.29370072,174.7820497
Wellington City,COURTENAY PLACE,, ,I,ALLEN ST,2711172,1/02/07,Thu,1700,GC,MW1C,171B 322B 434B ,,R,D,B ,F ,T,N,C,50,0,0,1,,,1749209,5427107,-41.29370072,174.7820497
Wellington City,COURTENAY PLACE,60,E, ,BLAIR ST,2757979,18/12/07,Tue,2240,MA,BW1X,385A ,Q,R,D,DO,F , ,N,R,50,0,0,0,,,1749340,5427080,-41.29391958,174.7836201
Wellington City,COURTENAY PLACE,15,W, ,BLAIR ST,2755297,27/06/07,Wed,300,MO,4E1X,371A 446B ,Q,R,D,DO,F , ,N,X,50,0,0,0,,,1749267,5427095,-41.29379804,174.782745
Wellington City,COURTENAY PLACE,40,W, ,BLAIR ST,2753501,4/05/07,Fri,1900,EA,BE1X,385A 434A ,Q,R,D,DO,F , ,N,R,50,0,0,0,,,1749242,5427100,-41.29375764,174.7824453
Wellington City,COURTENAY PLACE,, ,I,BLAIR ST,2752458,19/05/07,Sat,100,MA,CW1X,373B ,,R,D,DO,F ,T,N,R,50,0,0,0,,,1749281,5427092,-41.29382246,174.7829129
Wellington City,COURTENAY PLACE,, ,I,BLAIR ST,2755669,6/10/07,Sat,300,MC,XW1C,103B 112B 372B ,,R,D,DO,FS,T,N,R,50,0,0,0,,,1749281,5427092,-41.29382246,174.7829129
Wellington City,COURTENAY PLACE,20,W, ,CAMBRIDGE TERRACE,2754398,1/06/07,Fri,2149,FA,XE1C,181A 350A ,,R,D,DO,F , ,N,R,50,0,0,0,,,1749332,5427082,-41.29390306,174.7835241
Wellington City,COURTENAY PLACE,50,W, ,CAMBRIDGE TERRACE,2757984,22/12/07,Sat,300,MO,BW1X,385A 446B ,Q,R,D,DO,F , ,N,R,50,0,0,0,,,1749302,5427088,-41.29385459,174.7831645
Wellington City,COURTENAY PLACE,, ,I,CAMBRIDGE TERRACE,2753098,25/03/07,Sun,1500,EC,VE1,113A 306A 376A ,X,E,D,O ,F ,X,T,R,50,0,0,0,,,1749351,5427078,-41.29393556,174.7837519
Wellington City,COURTENAY PLACE,, ,I,CAMBRIDGE TERRACE,2754308,29/06/07,Fri,1730,KA,BW1C,375B ,,M,W,DO,F ,X,T,R,50,0,0,0,,,1749351,5427078,-41.29393556,174.7837519
Wellington City,COURTENAY PLACE,, ,I,CAMBRIDGE TERRACE,2752618,13/03/07,Tue,1150,DB,BE1C,385A 386A ,Q,R,D,O ,F ,X,T,R,50,0,0,0,,,1749351,5427078,-41.29393556,174.7837519
Wellington City,COURTENAY PLACE,20,E, ,TARANAKI ST,2755208,10/08/07,Fri,2102,FD,CW1X,103A 181A ,,R,D,DO,F , ,N,R,50,0,0,0,,,1748965,5427236,-41.29258434,174.7791053
Wellington City,COURTENAY PLACE,20,E, ,TARANAKI ST,2754512,17/07/07,Tue,2337,MG,4E1C,371A ,,R,D,DO,F , ,N,N,50,0,0,0,,,1748965,5427236,-41.29258434,174.7791053
Wellington City,COURTENAY PLACE,50,E, ,TARANAKI ST,2758048,26/10/07,Fri,2310,MO,CW1C,386A ,M,R,D,DO,F , ,N,N,50,0,0,0,,,1748989,5427218,-41.29274198,174.7793962
Wellington City,COURTENAY PLACE,50,E, ,TARANAKI ST,2756680,28/10/07,Sun,500,AA,CW14,372A ,,R,D,DO,F , ,N,P,50,0,0,0,,,1748989,5427218,-41.29274198,174.7793962
Wellington City,COURTENAY PLACE,50,E, ,TARANAKI ST,2752423,19/04/07,Thu,2345,FD,BW1X,181A ,,R,D,DO,F , ,N,L,50,0,0,0,,,1748989,5427218,-41.29274198,174.7793962
Wellington City,COURTENAY PLACE,50,E, ,TARANAKI ST,2752811,1/05/07,Tue,1005,EA,BE1X,386A ,Q,R,D,O ,F , ,N,R,50,0,0,0,,,1748989,5427218,-41.29274198,174.7793962
Wellington City,COURTENAY PLACE,150,N, ,TORY ST,2755261,6/06/07,Wed,820,EA,BW1C,385A ,M,R,D,O ,F , ,N,C,50,0,0,0,,,1749003,5427207,-41.29283843,174.779566
Wellington City,COURTENAY PLACE,15,W, ,TORY ST,2755275,27/07/07,Fri,2315,GA,BE1C,385A ,,R,D,DO,F ,X,T,C,50,0,0,0,,,1749122,5427145,-41.29337467,174.7810018
Wellington City,COURTENAY PLACE,20,W, ,TORY ST,2752752,11/05/07,Fri,2245,MO,CE1C,103A 386A ,M,R,D,DO,F , ,N,R,50,0,0,0,,,1749118,5427147,-41.2933574,174.7809535
Wellington City,COURTENAY PLACE,50,W, ,TORY ST,2751985,10/02/07,Sat,2240,MO,BW1X,386A 440B ,M,R,D,DO,F , ,N,R,50,0,0,0,,,1749090,5427159,-41.29325453,174.7806163
Wellington City,COURTENAY PLACE,50,W, ,TORY ST,2755875,10/04/07,Tue,1610,EA,BW1C,386A ,M,E,D,B ,F , ,N,C,50,0,0,0,,,1749090,5427159,-41.29325453,174.7806163
Wellington City,COURTENAY PLACE,80,W, ,TORY ST,2757880,16/10/07,Tue,1632,MO,BW1C,385A ,M,R,D,O ,F , ,N,R,50,0,0,0,,,1749063,5427171,-41.29315148,174.7802911
Wellington City,COURTENAY PLACE,100,W, ,TORY ST,2756813,19/10/07,Fri,1940,MO,BW1C,386A ,M,R,D,TO,F , ,N,R,50,0,0,0,,,1749044,5427179,-41.29308296,174.7800623
Wellington City,COURTENAY PLACE,100,W, ,TORY ST,2756601,18/07/07,Wed,1705,EA,BW1V,385A ,M,R,D,O ,F , ,N,R,50,0,0,0,,,1749044,5427179,-41.29308296,174.7800623
Wellington City,COURTENAY PLACE,100,W, ,TORY ST,2757221,25/11/07,Sun,1240,MO,BW14,386A ,Q,R,D,B ,F , ,N,R,50,0,0,0,,,1749044,5427179,-41.29308296,174.7800623
Wellington City,COURTENAY PLACE,100,W, ,TORY ST,2756219,25/07/07,Wed,1715,MA,CE1B,373B ,,R,D,TF,F , ,N,R,50,0,0,0,,,1749044,5427179,-41.29308296,174.7800623
Wellington City,COURTENAY PLACE,, ,I,TORY ST,2757539,8/12/07,Sat,133,GD,CE1X,181A 386A ,,R,D,DO,F ,X,T,R,50,0,0,0,,,1749136,5427139,-41.2934261,174.7811704
Wellington City,COURTENAY PLACE,, ,I,TORY ST,2713148,15/08/07,Wed,1615,HA,SE1C,322A 363A ,,R,D,B ,F ,X,T,R,50,0,0,1,,20,1749136,5427139,-41.2934261,174.7811704
Wellington City,COURTENAY PLACE,, ,I,TORY ST,2714074,15/06/07,Fri,2205,ND,CS2E,353A 376A ,,R,W,DO,L ,X,T,R,50,0,1,0,52,,1749136,5427139,-41.2934261,174.7811704
Wellington City,COURTENAY PLACE,, ,I,TORY ST,2756841,10/11/07,Sat,1630,MA,CE1C,386A 387A ,,R,D,B ,F ,X,T,R,50,0,0,0,,,1749136,5427139,-41.2934261,174.7811704
Wellington City,COURTENAY PLACE,, ,I,TORY ST,2712895,12/07/07,Thu,115,NB,XS2E,322A 105B ,,R,D,DO,F ,X,T,R,50,0,0,1,20,,1749136,5427139,-41.2934261,174.7811704
Wellington City,COURTENAY PLACE,, ,I,TORY ST,2756357,23/09/07,Sun,1,FE,CE14,181A ,,R,D,DO,F ,X,T,R,50,0,0,0,,,1749136,5427139,-41.2934261,174.7811704
Wellington City,COURTENAY PLACE,, ,I,TORY ST,2713223,18/08/07,Sat,1915,FE,CW1C,331A ,,R,D,DO,F ,X,T,R,50,0,0,1,,,1749136,5427139,-41.2934261,174.7811704
Wellington City,COURTENAY PLACE,, ,I,TORY ST,2711859,16/03/07,Fri,523,LB,SW1C,303B 375B ,,R,D,TO,F ,X,T,R,50,0,1,0,,21,1749136,5427139,-41.2934261,174.7811704
Wellington City,COURTENAY SLIP,15,E, ,TARANAKI ST,2757741,26/12/07,Wed,1210,MO,XW1C,386A ,M,R,D,B ,F , ,N,N,50,0,0,0,,,1748953,5427220,-41.29273061,174.7789659
Wellington City,COUTTS ST,, ,I,COUTTS ROAD,2754055,11/07/07,Wed,1950,HA,CE24,323B ,,R,W,DO,H ,X,T,R,50,0,0,0,,,1750286,5424148,-41.32014175,174.7956376
Wellington City,COUTTS ST,80,S, ,MAMARI ST,2753010,27/05/07,Sun,720,DA,CS1C,358A ,M,M,D,O ,F , ,N,C,50,0,0,0,,,1750835,5423923,-41.32206499,174.8022498
Wellington City,COUTTS ST,, ,I,MAMARI ST,2713794,8/12/07,Sat,617,DA,CE1,103A 111A 357A ,P,E,D,O ,F ,T,N,C,50,0,0,1,,,1750792,5423991,-41.32146081,174.8017194
Wellington City,COUTTS ST,20,E, ,ONEPU ROAD,2755837,9/10/07,Tue,1341,MO,4E1C,371A ,,R,D,B ,F , ,N,C,50,0,0,0,,,1750305,5424143,-41.32018323,174.7958657
Wellington City,COUTTS ST,50,E, ,ONEPU ROAD,2755727,22/09/07,Sat,1921,MO,CW1C,102A 371A ,M,R,D,DO,F , ,N,C,50,0,0,0,,,1750334,5424135,-41.32024985,174.796214
Wellington City,COUTTS ST,, ,I,ONEPU ROAD,2712577,1/07/07,Sun,1530,DA,BN2CB,111A 386A ,M,R,D,B ,F ,X,T,C,50,0,0,1,,,1750286,5424148,-41.32014175,174.7956376
Wellington City,COUTTS ST,20,E, ,SALEK ST,2750419,26/01/07,Fri,1905,MC,CW1C,372B 378B 831 839 ,,M,D,O ,F , ,N,C,50,0,0,0,,,1750755,5424015,-41.32125165,174.8012716
Wellington City,COUTTS ST,, ,I,SALEK ST,2711642,7/02/07,Wed,1750,LB,SE1C,303B 375B ,,R,D,B ,F ,T,N,C,50,0,0,1,,42,1750736,5424021,-41.32120118,174.8010432
Wellington City,COUTTS ST,, ,I,YULE ST,2756873,20/09/07,Thu,1710,HA,CN2V,302A 375A 503A ,FH,R,D,B ,F ,X,G,C,50,0,0,0,,,1750565,5424069,-41.32080097,174.7989891
Wellington City,CRANWELL ST,200,N, ,CHURTON DRIVE,2711521,10/03/07,Sat,1205,GO,SN1C,204A 370A 929 ,,E,D,B ,F ,D,N,N,50,0,0,1,,11,1751612,5436337,-41.21015209,174.8084419
Wellington City,CRAWFORD GREEN,10,S, ,WAYSIDE,2750196,12/01/07,Fri,2000,CB,CN1C,136A 517A 631A ,M,R,D,O ,F ,T,G,C,50,0,0,0,,,1751891,5423646,-41.32436066,174.8149306
Wellington City,CRAWFORD ROAD,100,E, ,DUNCAN TERRACE,2757434,28/08/07,Tue,419,DA,CE1C,332A ,MP,M,D,DO,F , ,N,R,50,0,0,0,,,1750027,5424602,-41.31610247,174.7924324
Wellington City,CRAWFORD ROAD,40,N, ,DUNCAN TERRACE,2755044,23/05/07,Wed,1905,MA,VN1C,373B ,,E,D,DO,F , ,N,C,50,0,0,0,,,1749901,5424635,-41.31582879,174.7909196
Wellington City,CRAWFORD ROAD,, ,I,DUNCAN TERRACE,2757481,1/12/07,Sat,1025,FC,CE1C,181A 191B 831 ,,M,D,B ,F ,T,N,X,50,0,0,0,,,1749941,5424631,-41.31585737,174.7913983
Wellington City,CRAWFORD ROAD,, ,I,DUNCAN TERRACE,2713166,16/09/07,Sun,750,BB,CW1C,111A 124A ,,R,D,O ,F ,T,N,C,50,0,1,2,,,1749941,5424631,-41.31585737,174.7913983
Wellington City,CRAWFORD ROAD,20,N, ,NAUGHTON TERRACE,2753352,12/06/07,Tue,940,DA,CS1,111A 400A ,F,M,D,B ,F , ,N,C,50,0,0,0,,,1750007,5424625,-41.31589912,174.7921879
Wellington City,CRAWFORD ROAD,, ,I,RONGOTAI ROAD,2752422,20/04/07,Fri,940,GB,VS2C,333A 387A 175B ,,R,D,O ,F ,X,G,P,50,0,0,0,,,1750110,5424432,-41.31761759,174.7934656
Wellington City,CRAWFORD ROAD,60,W, ,WELLINGTON ROAD,2756590,31/08/07,Fri,810,MA,CE1B,373B ,,M,D,B ,F , ,N,R,50,0,0,0,,,1749722,5424973,-41.31281891,174.7886988
Wellington City,CROFTON ROAD,, ,I,WAIKOWHAI ST,2755659,27/09/07,Thu,1415,AO,TN1C,122A ,,M,D,B ,F ,R,G,R,50,0,0,0,,,1748559,5431914,-41.25054085,174.7731183
Wellington City,CRUICKSHANK ST,30,W, ,ONEPU ROAD,2753212,14/06/07,Thu,1404,MO,CN1C,371A ,,R,D,B ,F , ,N,N,50,0,0,0,,,1750236,5424058,-41.32096137,174.7950627
Wellington City,CUBA ST,15,N, ,ABEL SMITH ST,2753088,14/05/07,Mon,1417,EE,CS1X,374B ,M,R,D,O ,F , ,N,C,50,0,0,0,,,1748540,5426852,-41.29611999,174.7741255
Wellington City,CUBA ST,20,S, ,GARRETT ST,2754843,2/08/07,Thu,725,QD,VN1C,428A ,M,R,W,O ,F , ,N,N,50,0,0,0,,,1748647,5427090,-41.29395747,174.7753448
Wellington City,CUBA ST,15,S, ,GHUZNEE ST,2757997,21/12/07,Fri,1650,EA,TN1V,385A ,M,R,D,B ,F , ,N,C,50,0,0,0,,,1748675,5427152,-41.2933941,174.7756639
Wellington City,CUBA ST,, ,I,GHUZNEE ST,2753638,2/02/07,Fri,2035,GO,CN1C,512A 514A ,,R,D,TF,F ,T,T,N,50,0,0,0,,,1748681,5427166,-41.29326695,174.7757321
Wellington City,CUBA ST,25,N, ,MANNERS ST,2753712,5/06/07,Tue,1350,MA,BS1C,143A 381A ,,R,D,O ,F , ,N,N,50,0,0,0,,,1748792,5427411,-41.29104065,174.7769973
Wellington City,CUBA ST,50,N, ,MANNERS ST,2753120,18/05/07,Fri,1815,MF,CS14,373B ,,R,D,TO,F , ,N,C,50,0,0,0,,,1748802,5427434,-41.29083173,174.777111
Wellington City,CUBA ST,70,N, ,VIVIAN ST,2753557,27/04/07,Fri,1015,EA,TN1C,386A ,M,R,W,O ,F , ,N,C,50,0,0,0,,,1748635,5427064,-41.29419377,174.7752079
Wellington City,CUBA ST,70,S, ,VIVIAN ST,2757784,10/12/07,Mon,1325,BA,TN1C,385A ,,R,D,O ,F , ,N,N,50,0,0,0,,,1748578,5426936,-41.29535671,174.7745586
Wellington City,CUBA ST,25,S, ,WAKEFIELD ST,2757689,28/12/07,Fri,1330,MO,CS1C,371A ,,R,D,O ,F , ,N,N,50,0,0,0,,,1748831,5427505,-41.29018714,174.7774399
Wellington City,CUBA ST,100,S, ,WAKEFIELD ST,2755268,4/08/07,Sat,1830,EA,CS1C,385A ,M,R,W,DO,L , ,N,N,50,0,0,0,,,1748802,5427436,-41.29081372,174.7771106
Wellington City,CUSTOMHOUSE QUAY,5,S, ,BRANDON ST,2711883,31/03/07,Sat,1250,GB,SN1C,191A 387A ,,R,D,B ,F ,T,N,L,50,0,0,1,,32,1748875,5428209,-41.2838406,174.777793
Wellington City,CUSTOMHOUSE QUAY,10,N, ,GREY ST,2757260,16/12/07,Sun,1000,MO,CN1X,371A ,,R,D,O ,F ,T,N,C,50,0,0,0,,,1748816,5428097,-41.28485986,174.7771161
Wellington City,CUSTOMHOUSE QUAY,15,S, ,HUNTER ST,2757794,26/11/07,Mon,1755,MO,VN1C,385A ,M,R,D,B ,F , ,N,C,50,0,0,0,,,1748775,5428001,-41.28573175,174.7766502
Wellington City,CUSTOMHOUSE QUAY,, ,I,HUNTER ST,2753803,22/06/07,Fri,1938,LB,CN1C,120A 336A 303B 387B ,,R,W,DO,L ,X,T,C,50,0,0,0,,,1748781,5428015,-41.2856046,174.7767184
Wellington City,CUSTOMHOUSE QUAY,, ,I,HUNTER ST,2757882,2/12/07,Sun,1720,KB,CN1C,322A 927 ,,E,D,B ,F ,D,T,R,50,0,0,0,,,1748781,5428015,-41.2856046,174.7767184
Wellington City,CUSTOMHOUSE QUAY,, ,I,HUNTER ST,2753991,23/06/07,Sat,1905,JA,CN1B,440A 124B ,,R,D,DO,F ,X,T,C,50,0,0,0,,,1748781,5428015,-41.2856046,174.7767184
Wellington City,CUSTOMHOUSE QUAY,, ,I,HUNTER ST,2711662,23/03/07,Fri,745,NF,VN1E,376A ,,R,D,B ,F ,X,T,C,50,0,0,1,35,,1748781,5428015,-41.2856046,174.7767184
Wellington City,CUSTOMHOUSE QUAY,, ,I,JERVOIS QUAY,2757755,25/11/07,Sun,850,FB,CN1V,331A 353A ,,R,D,B ,F ,Y,T,N,50,0,0,0,,,1748869,5428191,-41.28400377,174.7777258
Wellington City,CUSTOMHOUSE QUAY,10,S, ,JOHNSTON ST,2752763,5/05/07,Sat,1055,FE,CN14C,331A 352A 817 ,,R,D,O ,F ,T,T,R,50,0,0,0,,,1748902,5428269,-41.28329542,174.7781006
Wellington City,CUSTOMHOUSE QUAY,, ,I,JOHNSTON ST,2752612,16/03/07,Fri,1700,AC,CN1X,372A ,,R,D,B ,F ,T,T,R,50,0,0,0,,,1748906,5428279,-41.28320464,174.7781459
Wellington City,CUSTOMHOUSE QUAY,, ,I,JOHNSTON ST,2754149,4/07/07,Wed,705,JA,CN1C,322A 379B ,,R,W,O ,H ,T,T,R,50,0,0,0,,,1748906,5428279,-41.28320464,174.7781459
Wellington City,CUSTOMHOUSE QUAY,, ,I,JOHNSTON ST,2754211,12/07/07,Thu,1245,MG,VS1V,353A 371A ,,R,W,O ,L ,T,T,C,50,0,0,0,,,1748906,5428279,-41.28320464,174.7781459
Wellington City,CUSTOMHOUSE QUAY,, ,I,JOHNSTON ST,2756905,5/11/07,Mon,1105,JA,CN1C,322A ,,R,D,O ,F ,T,T,C,50,0,0,0,,,1748906,5428279,-41.28320464,174.7781459
Wellington City,CUSTOMHOUSE QUAY,, ,I,JOHNSTON ST,2755031,12/07/07,Thu,1205,JA,VN1X,322A ,,R,W,O ,H ,T,T,R,50,0,0,0,,,1748906,5428279,-41.28320464,174.7781459
Wellington City,CUSTOMHOUSE QUAY,15,N, ,LAMBTON QUAY,2711821,12/04/07,Thu,1720,NA,CN1E,712B ,,R,D,B ,F , ,N,N,50,0,0,1,18,,1748746,5427937,-41.28631331,174.7763197
Wellington City,CUSTOMHOUSE QUAY,, ,I,WARING TAYLOR ST,2757365,30/11/07,Fri,1108,FD,4W1CCC,181A 353A ,,R,D,B ,F ,T,T,R,50,0,0,0,,,1748934,5428342,-41.28263226,174.7784647
Wellington City,CUSTOMHOUSE QUAY,, ,I,WARING TAYLOR ST,2751566,29/03/07,Thu,1130,AC,CN1C,372A 817 ,,R,D,O ,F ,T,T,R,50,0,0,0,,,1748934,5428342,-41.28263226,174.7784647
Wellington City,CUSTOMHOUSE QUAY,, ,I,WHITMORE ST,2755041,16/05/07,Wed,1040,AC,XS1C,372A ,,R,D,B ,F ,T,T,R,50,0,0,0,,,1748962,5428411,-41.28200586,174.778782
Wellington City,CUSTOMHOUSE QUAY,, ,I,WILLESTON ST,2711067,4/01/07,Thu,905,NA,BS1E,359B 711B ,,R,D,B ,F ,X,T,C,30,0,1,0,44,,1748740,5427923,-41.28644047,174.7762515
Wellington City,CUSTOMHOUSE QUAY,, ,I,WILLESTON ST,2712222,22/05/07,Tue,830,NA,BS1E,711B 718B ,,R,D,B ,F ,X,T,C,30,0,1,0,46,,1748740,5427923,-41.28644047,174.7762515
Wellington City,DANIELL ST,5,S, ,CONSTABLE ST,2752810,6/05/07,Sun,1400,EA,VS1C,386A ,M,R,D,B ,F ,X,T,C,50,0,0,0,,,1749194,5424923,-41.31336691,174.7824061
Wellington City,DANIELL ST,, ,I,CONSTABLE ST,2755772,17/01/07,Wed,1910,FE,CN1C,101A 331A ,,R,D,O ,F ,X,T,C,50,0,0,0,,,1749193,5424928,-41.31332208,174.7823929
Wellington City,DANIELL ST,, ,I,DONALD MCLEAN ST,2755262,14/05/07,Mon,830,DB,TE2C,122A ,M,R,D,O ,F ,T,N,C,50,0,0,0,,,1749235,5424723,-41.31516,174.7829448
Wellington City,DANIELL ST,, ,I,DONALD MCLEAN ST,2754327,7/07/07,Sat,2326,BB,CS1C,124A 205A ,,R,W,DO,L ,T,N,C,50,0,0,0,,,1749235,5424723,-41.31516,174.7829448
Wellington City,DANIELL ST,, ,I,HARPER ST,2711472,23/01/07,Tue,1255,GE,SN1C,157A 160A 387A 144B ,,R,D,B ,F ,T,N,N,50,0,0,1,,34,1749228,5424761,-41.31481917,174.7828519
Wellington City,DANIELL ST,50,S, ,MEIN ST,2755223,14/06/07,Thu,900,EA,CS1C,385A ,M,R,W,O ,L , ,N,C,50,0,0,0,,,1749140,5425189,-41.310982,174.7816961
Wellington City,DANIELL ST,, ,I,NEWTOWN AVENUE,2750670,26/01/07,Fri,1245,JA,VN1C,301B ,,R,D,O ,F ,T,N,C,50,0,0,0,,,1749205,5424869,-41.31385106,174.7825507
Wellington City,DANIELL ST,30,N, ,NORMANBY ST,2755295,19/05/07,Sat,1415,MA,CN1C,373B ,,R,W,B ,F , ,N,C,50,0,0,0,,,1749213,5424831,-41.31419171,174.7826556
Wellington City,DANIELL ST,, ,I,RHODES ST,2756643,15/09/07,Sat,2335,JC,VE2C,302A ,,R,D,DO,F ,T,G,C,50,0,0,0,,,1749261,5424598,-41.31628061,174.783286
Wellington City,DAVIDSON CRESCENT,, ,I,TURKINGTON ST,2751679,13/02/07,Tue,1942,MO,CS1C,133A ,MP,E,D,O ,F ,T,N,N,50,0,0,0,,,1753175,5441397,-41.16430085,174.8258101