TLA NAME,CRASH ROAD,CRASH DIST,CRASH DIRN,INTSN,SIDE ROAD,CRASH ID,CRASH DATE,CRASH DOW,CRASH TIME,MVMT,VEHICLES,CAUSES,OBJECTS STRUCK,ROAD CURVE,ROAD WET,LIGHT,WTHRa,JUNC TYPE,TRAF CTRL,ROAD MARK,SPD LIM,CRASH FATAL CNT,CRASH SEV CNT,CRASH MIN CNT,PERS AGE1,PERS AGE2,EASTING,NORTHING,latitude,longitude
Wellington City,DAVIDSON CRESCENT,, ,I,TURKINGTON ST,2711280,7/01/07,Sun,1930,DB,CE1,103A 350A 423A ,P,M,D,B ,F ,T,N,C,50,0,1,0,,,1753175,5441397,-41.16430085,174.8258101
Wellington City,DEKKA ST,20,W, ,GANGES ROAD,2757655,18/12/07,Tue,1904,JA,CE1C,308B 378B 839 927 ,,R,W,O ,L ,D,N,C,50,0,0,0,,,1750083,5432253,-41.24720718,174.791216
Wellington City,DELHI CRESCENT,20,N, ,KARACHI CRESCENT,2751628,8/02/07,Thu,1810,BC,CN1CC,111A 431A 181C 431C ,,M,D,B ,F ,T,N,N,50,0,0,0,,,1750532,5432592,-41.24407155,174.7964886
Wellington City,DERWENT ST,20,N, ,MOSELLE ST,2756397,22/06/07,Fri,355,EA,CN1CC,103A ,M,R,W,DO,L , ,N,N,50,0,0,0,,,1748066,5421907,-41.34072908,174.769671
Wellington City,DEVON ST,100,N, ,ARO ST,2756648,17/08/07,Fri,1030,MG,CN1V,371B ,,E,D,O ,F , ,N,N,50,0,0,0,,,1747919,5427053,-41.29442434,174.766663
Wellington City,DEVON ST,210,E, ,FAIRLIE TERRACE,2753425,25/05/07,Fri,1000,BB,CN14,111A 123A ,,S,D,B ,F , ,N,N,50,0,0,0,,,1747933,5427115,-41.29386356,174.766815
Wellington City,DEVONSHIRE ROAD,20,W, ,APARIMA AVENUE,2712603,25/07/07,Wed,2112,CA,MW1,130A 514A ,,R,D,DO,F ,T,N,C,50,0,1,0,,,1752058,5423977,-41.32134912,174.8168423
Wellington City,DEVONSHIRE ROAD,20,W, ,ARGENTINE AVENUE,2756639,17/09/07,Mon,800,EA,CW1C,385A ,M,R,D,O ,F , ,N,N,50,0,0,0,,,1752187,5423985,-41.32125276,174.8183809
Wellington City,DISRAELI ST,40,E, ,JOHNSONVILLE ROAD,2753351,20/05/07,Sun,15,EA,VW1CC,386A 400A 443B ,M,R,D,DO,F , ,N,N,50,0,0,0,,,1751513,5434656,-41.22530535,174.8076784
Wellington City,DIXON ST,20,E, ,CUBA ST,2755453,22/09/07,Sat,630,EA,BW1C,386A 440B ,M,R,D,TF,F , ,N,C,50,0,0,0,,,1748775,5427325,-41.29181808,174.7768154
Wellington City,DIXON ST,60,E, ,CUBA ST,2712913,25/08/07,Sat,140,NA,CW1E,105B 712B 713B ,,R,D,DO,F , ,N,C,50,0,1,0,27,,1748812,5427308,-41.29196432,174.7772612
Wellington City,DIXON ST,20,W, ,EGMONT ST,2713245,29/09/07,Sat,2314,NB,BW1E,105B 514B 719B ,,R,D,DO,FS, ,N,C,50,0,1,0,26,,1748856,5427289,-41.29212727,174.7777911
Wellington City,DIXON ST,10,W, ,INGLEWOOD PLACE,2755997,5/07/07,Thu,220,EA,CW1C,129A 359A ,M,R,D,DO,F ,T,N,C,50,0,0,0,,,1748910,5427265,-41.29233339,174.7784416
Wellington City,DIXON ST,20,E, ,VICTORIA ST,2757219,18/11/07,Sun,445,EA,VW1X,129A 385A ,Q,R,D,TO,F , ,N,C,50,0,0,0,,,1748661,5427377,-41.2913709,174.7754418
Wellington City,DIXON ST,15,W, ,VICTORIA ST,2712911,24/08/07,Fri,2319,NA,CW1E,402A 105B 711B ,,R,D,DO,F , ,N,C,50,0,1,0,19,,1748629,5427391,-41.29125075,174.7750564
Wellington City,DIXON ST,, ,I,VICTORIA ST,2755642,16/09/07,Sun,1735,MO,CW1C,386A 920 ,,R,D,TO,F ,D,T,C,50,0,0,0,,,1748643,5427385,-41.29130219,174.775225
Wellington City,DIXON ST,, ,I,VICTORIA ST,2751661,6/03/07,Tue,1541,BA,VE1C,103A 201A ,,R,D,B ,F ,X,T,C,50,0,0,0,,,1748643,5427385,-41.29130219,174.775225
Wellington City,DIXON ST,30,W, ,WILLIS ST,2750511,9/02/07,Fri,2100,QD,CW1C,428A ,M,R,W,DO,L , ,N,N,50,0,0,0,,,1748493,5427451,-41.29073557,174.7734183
Wellington City,DIXON ST,, ,I,WILLIS ST,2751723,23/03/07,Fri,1520,JA,CW1C,363A 382B 902 930 ,,R,D,B ,F ,X,T,C,50,0,0,0,,,1748520,5427439,-41.29083864,174.7737435
Wellington City,DOCTOR TAYLOR TERRACE,30,N, ,BRODERICK ROAD,2752235,19/04/07,Thu,1802,EA,CS1C,386A ,M,R,D,TO,F , ,N,N,50,0,0,0,,,1751141,5434802,-41.22406042,174.8032061
Wellington City,DONALD MCLEAN ST,20,E, ,RIDDIFORD ST,2756657,27/08/07,Mon,0,MO,4W1C,371A ,M,R,D,B ,F , ,N,N,50,0,0,0,,,1749041,5424684,-41.315547,174.7806377
Wellington City,DONALD MCLEAN ST,40,E, ,RIDDIFORD ST,2752294,17/04/07,Tue,1700,MD,CE1V,387A 371B 926 ,,R,D,B ,F ,D,N,N,50,0,0,0,,,1749060,5424688,-41.31550748,174.7808636
Wellington City,DONALD ST,250,S, ,ELLERTON WAY,2755244,20/06/07,Wed,2200,EA,CN1CC,386A ,MM,M,W,DO,F , ,N,N,50,0,0,0,,,1746205,5427426,-41.2913783,174.7461115
Wellington City,DONALD ST,, ,I,FIRTH TERRACE,2754732,18/08/07,Sat,1532,JA,CN14C,302B 375B ,M,R,D,O ,F ,T,G,C,50,0,0,0,,,1746013,5427867,-41.28744246,174.7437137
Wellington City,DONALD ST,50,N, ,GIPPS ST,2712281,7/06/07,Thu,820,PO,KN1C,331A 440B 929 ,M,R,D,B ,F ,D,N,C,50,0,0,1,9,,1746028,5427827,-41.2877999,174.7439023
Wellington City,DONALD ST,30,S, ,KARORI ROAD,2757796,24/10/07,Wed,838,BA,BN14,125A ,,R,D,B ,F , ,N,C,50,0,0,0,,,1745870,5428280,-41.28374982,174.7419078
Wellington City,DRAGON ST,200,S, ,CASHEW ST,2757611,21/12/07,Fri,934,QG,TS1CC,666A 929 ,M,E,D,B ,F , ,N,N,50,0,0,0,,,1754280,5439112,-41.18466393,174.8395506
Wellington City,DRANSFIELD ST,20,W, ,LIARDET ST,2753154,24/05/07,Thu,2215,EA,4E1CC,103A 370A 412A ,MMF,E,D,DO,F , ,N,C,50,0,0,0,,,1748206,5425030,-41.31258568,174.7705819
Wellington City,DRUMMOND ST,10,W, ,ADELAIDE ROAD,2711339,20/02/07,Tue,2040,NF,CW1K,124A 710B 724B 860 ,,R,D,DN,F ,T,G,C,50,0,1,0,19,,1748883,5425846,-41.30511423,174.7784664
Wellington City,DRUMMOND ST,, ,I,TASMAN ST,2754165,7/06/07,Thu,645,CB,CE1C,129A 358A ,M,R,D,DN,F ,T,N,C,50,0,0,0,,,1748718,5425888,-41.30476652,174.7764861
Wellington City,DUNCAN ST,, ,I,MOOREFIELD ROAD,2712591,23/07/07,Mon,1805,NF,CW2E,306A 717B 724B ,,R,D,DO,F ,R,G,X,50,0,0,2,21,,1750892,5434217,-41.2293739,174.8003813
Wellington City,DUNCAN ST,150,S, ,STEPHEN ST,2711382,15/03/07,Thu,1330,CB,CS1,129A 358A ,P,R,D,B ,F , ,N,C,50,0,0,1,,,1753432,5440802,-41.16960927,174.829021
Wellington City,DUNCAN ST,500,S, ,STEPHEN ST,2712174,12/06/07,Tue,1220,MO,CW1,423A ,T,R,D,B ,F , ,N,N,50,0,0,2,,,1753330,5440473,-41.17259068,174.8278881
Wellington City,DUNCAN ST,, ,I,TAYLOR ST,2757835,30/01/07,Tue,1207,KA,CW2C,302B ,,E,D,B ,F ,R,G,R,50,0,0,0,,,1753311,5440188,-41.17516024,174.827733
Wellington City,DUNCAN TERRACE,, ,I,CRAWFORD ROAD,2713963,15/12/07,Sat,1040,BC,CE2C,111A 122A ,,E,D,B ,F ,T,N,N,50,0,0,1,,,1749941,5424631,-41.31585737,174.7913983
Wellington City,DUNCAN TERRACE,30,S, ,KOTINGA ST,2757874,5/12/07,Wed,2300,DB,VS1C,385A ,M,E,D,DO,F , ,N,N,50,0,0,0,,,1749839,5424288,-41.31896447,174.7902647
Wellington City,DUTHIE ST,, ,A,CROYDON ST,2757944,16/12/07,Sun,2208,DB,CW1C4,111A 410A ,MM,M,D,DO,F , ,N,C,50,0,0,0,,,1746270,5427526,-41.29046617,174.7468634
Wellington City,EARLS TERRACE,20,W, ,VOGEL ST,2757232,14/10/07,Sun,100,EA,VS1C,101A 371A ,M,E,W,DO,F , ,N,N,50,0,0,0,,,1749751,5427057,-41.29405051,174.7885322
Wellington City,EDEN ST,, ,I,DANUBE ST,2756835,24/10/07,Wed,2118,DB,CN1C,101A 122A ,M,E,D,DO,F ,T,N,R,50,0,0,0,,,1748339,5423140,-41.32957769,174.7726313
Wellington City,ELIZABETH ST,30,W, ,BROUGHAM ST,2711561,16/03/07,Fri,1325,PA,CW1K,722B ,,R,D,B ,F , ,N,C,50,0,1,0,21,,1749464,5426800,-41.29641758,174.7851692
Wellington City,ELIZABETH ST,, ,I,BROUGHAM ST,2752359,17/04/07,Tue,1144,BB,BE1C,124A ,,E,D,B ,F ,X,G,C,50,0,0,0,,,1749491,5426787,-41.29652963,174.7854947
Wellington City,ELIZABETH ST,, ,I,KENT TERRACE,2757233,28/08/07,Tue,1130,LB,CS2C,322A ,,R,D,O ,F ,X,T,R,50,0,0,0,,,1749292,5426881,-41.29572014,174.7830959
Wellington City,ELLICE ST,5,W, ,BROUGHAM ST,2753207,20/05/07,Sun,510,MO,XW1C4,612A ,MM,R,W,DO,L ,T,N,C,50,0,0,0,,,1749295,5426367,-41.30034733,174.7832578
Wellington City,EPUNI ST,15,N, ,MORTIMER TERRACE,2713613,21/07/07,Sat,1400,MD,PS1X,308B 371B 929 ,,R,D,O ,F ,D,N,N,50,0,0,1,,,1747811,5426726,-41.29738827,174.7654531
Wellington City,EVANS BAY PARADE,200,N, ,BELVEDERE ROAD,2713693,21/10/07,Sun,1344,MC,MS1C,373B 380B 833 ,,R,D,B ,F , ,N,C,50,0,0,2,,,1750594,5425704,-41.30607516,174.7989306
Wellington City,EVANS BAY PARADE,, ,I,BELVEDERE ROAD,2751614,3/03/07,Sat,1545,GB,CN1C,333A 387A ,,R,D,B ,F ,T,S,C,50,0,0,0,,,1750556,5425521,-41.30772986,174.7985221
Wellington City,EVANS BAY PARADE,120,N, ,MAIDA VALE ROAD,2711643,17/02/07,Sat,1607,EE,CS1S,374A ,Q,E,D,B ,F , ,N,C,50,0,1,0,,,1750931,5427256,-41.29203907,174.8025694
Wellington City,EVANS BAY PARADE,, ,A,ORIENTAL PARADE,2713203,17/06/07,Sun,1915,DB,CW1,111A 135A 800 ,C,S,W,TO,L , ,N,C,50,0,0,1,,,1751016,5427925,-41.28599995,174.8034182
Wellington City,EVANS BAY PARADE,100,S, ,PT JERNINGHAM,2714124,27/11/07,Tue,1700,AF,CS1S,510A ,,R,D,B ,F , ,N,C,50,0,0,1,,32,1751065,5427858,-41.28659401,174.8040197
Wellington City,EVANS BAY PARADE,280,S, ,PT JERNINGHAM,2756214,16/10/07,Tue,1010,CC,CS1C,125A 350A ,CM,R,D,O ,F , ,N,C,50,0,0,0,,,1751042,5427681,-41.2881919,174.803789
Wellington City,EVANS BAY PARADE,570,N, ,RATA ROAD,2711618,16/03/07,Fri,1810,JA,SS1C,308B 930 ,,E,D,TF,F ,D,N,C,50,0,0,1,,37,1751074,5426144,-41.30202398,174.8045524
Wellington City,EVANS BAY PARADE,100,N, ,WELLINGTON ROAD,2752619,5/04/07,Thu,1545,MA,CN1C,373B ,,E,D,B ,F , ,N,C,50,0,0,0,,,1750354,5425095,-41.31160295,174.7962155
Wellington City,EVANS BAY PARADE,200,N, ,WELLINGTON ROAD,2755767,13/08/07,Mon,900,FD,VN144,181A ,,M,W,O ,L , ,N,C,50,0,0,0,,,1750434,5425154,-41.31105684,174.7971562
Wellington City,EVANS BAY PARADE,1000,N, ,WELLINGTON ROAD,2713165,28/09/07,Fri,2008,DA,MN1,111A ,CK,M,D,DO,F , ,N,C,50,0,0,1,,,1750714,5425808,-41.30511641,174.8003376
Wellington City,EVANS BAY PARADE,100,S, ,WELLINGTON ROAD,2750817,28/02/07,Wed,632,GA,VS1C,181A 930 ,,R,D,O ,F ,D,N,C,50,0,0,0,,,1750294,5424900,-41.31336977,174.7955472
Wellington City,FALKIRK AVENUE,20,N, ,DUNDAS ST,2756671,31/08/07,Fri,1925,EA,CN1C,371A ,M,R,D,DO,F , ,N,C,50,0,0,0,,,1753260,5423818,-41.32255307,174.8312373
Wellington City,FARNHAM ST,200,E, ,HAVELOCK ST,2712018,6/05/07,Sun,1025,MA,CW1E,370A 712B 713B 726B 839 ,,M,D,O ,F , ,N,N,50,0,0,1,3,,1747740,5424316,-41.31909964,174.7651907
Wellington City,FARNHAM ST,5,S, ,HAVELOCK ST,2755687,14/09/07,Fri,850,MG,CS1T,371B ,,R,W,O ,L ,T,N,C,50,0,0,0,,,1747759,5424424,-41.31812379,174.7653914
Wellington City,FARNHAM ST,300,S, ,HAVELOCK ST,2754436,29/06/07,Fri,2130,CC,CN1C4,103A 125A ,M,R,W,DO,L , ,N,C,50,0,0,0,,,1747785,5424230,-41.31986569,174.7657491
Wellington City,FARNHAM ST,100,W, ,PRISCILLA CRESCENT,2753358,2/06/07,Sat,25,EA,CW1CC,103A 111A ,M,M,W,DF,H , ,N,C,50,0,0,0,,,1747963,5424125,-41.32077841,174.7679004
Wellington City,FARNHAM ST,, ,I,PRISCILLA CRESCENT,2714150,11/10/07,Thu,1315,KB,CN1C,321B ,,R,W,O ,L ,Y,S,C,50,0,1,0,,,1748029,5424199,-41.32010005,174.7686706
Wellington City,FEATHERSTON ST,, ,I,BALLANCE ST,2755234,17/08/07,Fri,1700,HA,CW2C,302A ,,R,D,O ,F ,X,G,C,50,0,0,0,,,1748888,5428443,-41.2817314,174.777891
Wellington City,FEATHERSTON ST,, ,I,BRANDON ST,2756603,26/07/07,Thu,1752,KA,VS1X,324A ,,R,D,TO,F ,X,T,C,50,0,0,0,,,1748799,5428249,-41.28349447,174.7768761
Wellington City,FEATHERSTON ST,, ,I,BRANDON ST,2712280,8/06/07,Fri,1600,NB,MS1E,137A 718B ,,R,D,O ,F ,X,T,C,50,0,0,2,36,,1748799,5428249,-41.28349447,174.7768761
Wellington City,FEATHERSTON ST,, ,I,BRANDON ST,2712912,3/09/07,Mon,1808,MA,SS1C,602A 373B ,,R,D,TO,F ,X,T,C,50,0,0,1,,26,1748799,5428249,-41.28349447,174.7768761
Wellington City,FEATHERSTON ST,, ,I,BRANDON ST,2755287,31/08/07,Fri,1500,MA,4W2X,373B ,,R,D,B ,F ,X,T,C,50,0,0,0,,,1748799,5428249,-41.28349447,174.7768761
Wellington City,FEATHERSTON ST,, ,I,BRANDON ST,2752438,2/05/07,Wed,930,AA,CS14,372A ,,R,W,O ,L ,X,T,C,50,0,0,0,,,1748799,5428249,-41.28349447,174.7768761
Wellington City,FEATHERSTON ST,, ,I,BRANDON ST,2752577,1/04/07,Sun,1015,DA,CW2,131A 201A 400A ,S,R,D,B ,F ,X,T,C,50,0,0,0,,,1748799,5428249,-41.28349447,174.7768761
Wellington City,FEATHERSTON ST,15,N, ,BUNNY ST,2712950,9/08/07,Thu,745,EE,SS1C,374B ,Q,R,D,O ,F ,X,T,C,50,0,0,2,,25,1749006,5428698,-41.27941375,174.779237
Wellington City,FEATHERSTON ST,, ,I,BUNNY ST,2755236,20/06/07,Wed,1700,KC,4S1X,305A ,,R,D,TF,F ,X,T,R,50,0,0,0,,,1748998,5428685,-41.27953227,174.7791447
Wellington City,FEATHERSTON ST,, ,I,BUNNY ST,2755212,23/08/07,Thu,12,JA,CS1C,322A 359A ,,R,D,B ,F ,X,T,R,50,0,0,0,,,1748998,5428685,-41.27953227,174.7791447
Wellington City,FEATHERSTON ST,15,N, ,GREY ST,2754993,1/09/07,Sat,830,MO,VN1C,201A 386A ,M,R,D,B ,F ,X,N,C,50,0,0,0,,,1748747,5428134,-41.28453945,174.7762835
Wellington City,FEATHERSTON ST,20,S, ,GREY ST,2757757,16/11/07,Fri,1000,EE,CS1V,374B ,Q,R,D,B ,F , ,N,C,50,0,0,0,,,1748733,5428103,-41.28482114,174.776124
Wellington City,FEATHERSTON ST,15,W, ,GREY ST,2757787,15/11/07,Thu,1154,MO,CE1X,120A 371A 386A ,Q,R,D,O ,F , ,N,C,50,0,0,0,,,1748735,5428107,-41.28478475,174.7761469
Wellington City,FEATHERSTON ST,, ,I,HUNTER ST,2754056,19/07/07,Thu,1005,KA,BE2C,309B 372B ,,E,D,B ,F ,T,T,C,50,0,0,0,,,1748708,5428049,-41.28531193,174.7758388
Wellington City,FEATHERSTON ST,30,N, ,JOHNSTON ST,2757889,23/11/07,Fri,1530,MO,VS1C,371A ,M,R,D,B ,F , ,N,C,50,0,0,0,,,1748840,5428340,-41.2826676,174.7773432
Wellington City,FEATHERSTON ST,, ,I,JOHNSTON ST,2711778,12/04/07,Thu,1930,MO,VS1C,350A 421A 520A ,M,R,D,DO,F ,X,T,C,50,0,0,1,,,1748828,5428312,-41.28292191,174.7772068
Wellington City,FEATHERSTON ST,, ,I,JOHNSTON ST,2712967,21/06/07,Thu,1745,GA,VS1C,331A ,,R,W,DO,L ,X,T,C,50,0,0,1,,,1748828,5428312,-41.28292191,174.7772068
Wellington City,FEATHERSTON ST,20,S, ,PANAMA ST,2750007,15/01/07,Mon,1715,AA,CN1P,372A ,,R,D,O ,F , ,N,C,50,0,0,0,,,1748762,5428167,-41.28423957,174.7764545
Wellington City,FEATHERSTON ST,40,S, ,WARING TAYLOR ST,2756626,3/09/07,Mon,1058,MO,VS1C,371A 512A ,M,R,D,B ,F , ,N,C,50,0,0,0,,,1748841,5428341,-41.28265841,174.7773549
Wellington City,FEATHERSTON ST,, ,I,WARING TAYLOR ST,2755254,14/07/07,Sat,1030,GC,CS14,171B ,,R,D,B ,F ,X,T,C,50,0,0,0,,,1748858,5428378,-41.28232215,174.7775488
Wellington City,FEATHERSTON ST,, ,I,WARING TAYLOR ST,2757673,24/12/07,Mon,1530,GC,4S1V,143A 372A ,,R,D,O ,F ,X,T,C,50,0,0,0,,,1748858,5428378,-41.28232215,174.7775488
Wellington City,FEATHERSTON ST,, ,I,WHITMORE ST,2753163,25/05/07,Fri,1730,HA,CW2C,322B 334B ,,R,D,TO,F ,X,T,R,50,0,0,0,,,1748923,5428522,-41.28101367,174.7782894
Wellington City,FERNWOOD COURT,30,S, ,WOODRIDGE DRIVE,2752397,1/05/07,Tue,1405,QD,CW1,428A ,P,E,D,B ,F , ,N,N,50,0,0,0,,,1753470,5435340,-41.21877827,174.8308439
Wellington City,FIONA GROVE,, ,I,RUTH GROVE,2757495,4/12/07,Tue,650,QD,VN24,611A ,,R,D,O ,F ,T,N,N,50,0,0,0,,,1744397,5427233,-41.29344146,174.7245739
Wellington City,FRANKMOORE AVENUE,20,W, ,MOOREFIELD ROAD,2756642,21/09/07,Fri,,EA,CE1C,385A ,M,R,W,O ,F , ,N,N,50,0,0,0,,,1751355,5435006,-41.22218373,174.8057075
Wellington City,FRANKMOORE AVENUE,80,W, ,MOOREFIELD ROAD,2751630,6/01/07,Sat,1600,EA,CE1C,386A ,M,R,D,O ,F , ,N,N,50,0,0,0,,,1751296,5435018,-41.22208672,174.805001
Wellington City,FRASER AVENUE,100,N, ,BURMA ROAD,2712216,14/06/07,Thu,1540,DB,CS1,111A ,P,M,D,O ,F , ,N,C,50,0,0,1,,,1750713,5433453,-41.23628589,174.7984351
Wellington City,FRASER AVENUE,100,S, ,HAUMIA ST,2756006,13/10/07,Sat,2212,DB,CS1,135A 402A 801 ,C,M,W,DN,L , ,N,C,50,0,0,0,,,1751143,5433934,-41.23187501,174.8034447
Wellington City,FRASER AVENUE,, ,I,RADNALL WAY,2757681,17/12/07,Mon,1453,JA,CS14,309A ,,E,D,B ,F ,T,N,C,50,0,0,0,,,1751223,5434140,-41.23000536,174.8043478
Wellington City,FROBISHER ST,260,S, ,MURCHISON ST,2711846,28/01/07,Sun,620,DA,CS1C,111A ,M,E,D,DO,F , ,N,N,50,0,1,0,,,1747688,5422095,-41.33910581,174.7651095
Wellington City,GANGES ROAD,10,E, ,AGRA CRESCENT,2756840,21/09/07,Fri,1410,MO,CN1CC,423A 507A 925 ,FM,R,D,B ,F ,D,N,C,50,0,0,0,,,1750041,5432347,-41.24636865,174.7906919
Wellington City,GANGES ROAD,15,S, ,AGRA CRESCENT,2757226,31/10/07,Wed,1100,MF,CS1C,371B ,,R,D,B ,F , ,N,N,50,0,0,0,,,1750043,5432343,-41.2464043,174.7907167
Wellington City,GANGES ROAD,15,W, ,DEKKA ST,2752460,10/05/07,Thu,845,MO,CE1,386A 407A ,HKS,R,W,O ,LS, ,N,N,50,0,0,0,,,1750092,5432275,-41.24700743,174.791318
Wellington City,GANGES ROAD,15,W, ,DEKKA ST,2756403,8/11/07,Thu,1939,MO,VN1,103A 420A ,P,R,D,TF,F , ,N,N,50,0,0,0,,,1750092,5432275,-41.24700743,174.791318
Wellington City,GARDEN ROAD,, ,I,BANK ROAD,2751108,25/01/07,Thu,1930,BC,CN1C,121A ,,S,D,TF,F ,Y,N,C,50,0,0,0,,,1747725,5428522,-41.28123372,174.7639906
Wellington City,GARDEN ROAD,60,N, ,GLENMORE ST,2752605,31/01/07,Wed,815,FF,VS1C,181A 387A ,,R,D,B ,F , ,N,N,50,0,0,0,,,1747688,5428464,-41.28176269,174.7635631
Wellington City,GARDEN ROAD,800,E, ,NORTHLAND ROAD,2751533,16/03/07,Fri,1720,BO,CN1C,111A ,,S,D,TF,F , ,N,N,50,0,0,0,,,1747718,5428495,-41.28147809,174.7639136
Wellington City,GARDEN ROAD,, ,I,ORANGI KAUPAPA ROAD,2751090,7/02/07,Wed,1955,BD,CE1C,370A 120B 831 839 ,,M,D,O ,F ,T,N,N,50,0,0,0,,,1747507,5428412,-41.28226396,174.7614153
Wellington City,GHUZNEE ST,, ,I,CUBA ST,2712951,10/08/07,Fri,1330,NA,4W1E,370A 713B 718B ,,R,D,O ,F ,T,T,C,50,0,0,1,22,,1748681,5427166,-41.29326695,174.7757321
Wellington City,GHUZNEE ST,, ,I,CUBA ST,2752373,27/04/07,Fri,1854,NB,CW1E,718B ,,R,D,DO,F ,T,T,C,50,0,0,0,23,,1748681,5427166,-41.29326695,174.7757321
Wellington City,GHUZNEE ST,, ,I,CUBA ST,2757220,26/11/07,Mon,1830,NA,CW1E,105B 718B ,,R,W,O ,F ,T,T,C,50,0,0,0,,,1748681,5427166,-41.29326695,174.7757321
Wellington City,GHUZNEE ST,, ,I,CUBA ST,2755166,9/09/07,Sun,140,MO,CE1X,370A 370B ,,R,D,DO,F ,T,T,C,50,0,0,0,,,1748681,5427166,-41.29326695,174.7757321
Wellington City,GHUZNEE ST,, ,I,CUBA ST,2714061,12/12/07,Wed,2305,NA,CE1E,105B 718B ,,R,D,DO,F ,T,T,C,50,0,0,1,19,,1748681,5427166,-41.29326695,174.7757321
Wellington City,GHUZNEE ST,, ,I,CUBA ST,2750213,1/01/07,Mon,430,MG,CN2C,371B ,,R,W,DO,H ,T,T,C,50,0,0,0,,,1748681,5427166,-41.29326695,174.7757321
Wellington City,GHUZNEE ST,, ,I,CUBA ST,2712606,30/06/07,Sat,615,NA,CW1E,330B 713B ,,R,W,O ,L ,T,T,C,50,0,0,1,31,,1748681,5427166,-41.29326695,174.7757321
Wellington City,GHUZNEE ST,, ,I,EGMONT ST,2755255,30/07/07,Mon,1720,KA,CE1C,309B ,,R,W,TO,F ,T,N,C,50,0,0,0,,,1748799,5427110,-41.2937494,174.7771544
Wellington City,GHUZNEE ST,, ,I,MARION ST,2711389,8/03/07,Thu,1120,GE,VE1C,382B 817 ,,R,D,B ,F ,T,G,C,50,0,0,1,,,1748769,5427126,-41.29361087,174.7767924
Wellington City,GHUZNEE ST,, ,I,THE TERRACE,2757625,22/12/07,Sat,1650,JA,CS1C,302A 335A ,,R,D,B ,F ,T,G,P,50,0,0,0,,,1748255,5427358,-41.29161664,174.7705998
Wellington City,GHUZNEE ST,, ,I,THE TERRACE,2711066,10/01/07,Wed,215,JA,CS2C,302A ,,R,W,DO,L ,T,G,C,50,0,0,1,,,1748255,5427358,-41.29161664,174.7705998
Wellington City,GHUZNEE ST,40,E, ,VICTORIA ST,2751344,27/02/07,Tue,1520,FD,CE1C,181A ,,R,D,B ,F , ,N,C,50,0,0,0,,,1748569,5427216,-41.2928374,174.7743829
Wellington City,GHUZNEE ST,60,E, ,VICTORIA ST,2750789,7/02/07,Wed,846,MD,VE1C,308A 371A 929 ,,R,D,B ,F ,D,N,N,50,0,0,0,,,1748587,5427208,-41.29290611,174.7745997
Wellington City,GHUZNEE ST,100,E, ,VICTORIA ST,2757214,1/10/07,Mon,1540,EE,CE1C,374B ,Q,R,D,O ,F , ,N,N,50,0,0,0,,,1748624,5427191,-41.29305236,174.7750455
Wellington City,GHUZNEE ST,15,N, ,VICTORIA ST,2751732,12/03/07,Mon,1700,FD,CN1C,181B ,,R,D,B ,F ,X,T,N,50,0,0,0,,,1748519,5427239,-41.29263952,174.7737804
Wellington City,GHUZNEE ST,20,W, ,VICTORIA ST,2756674,31/08/07,Fri,2000,MO,TE14,371A ,M,R,D,DO,F , ,N,C,50,0,0,0,,,1748514,5427241,-41.29262243,174.7737202
Wellington City,GHUZNEE ST,, ,I,VICTORIA ST,2754300,11/07/07,Wed,29,HA,VS1C,322A 350A ,,R,W,DO,L ,X,T,C,50,0,0,0,,,1748533,5427232,-41.29269997,174.7739492
Wellington City,GHUZNEE ST,, ,I,VICTORIA ST,2754078,5/07/07,Thu,1804,FE,CS1C,181A 191B ,,R,W,DO,L ,X,T,C,50,0,0,0,,,1748533,5427232,-41.29269997,174.7739492
Wellington City,GHUZNEE ST,, ,I,VICTORIA ST,2752401,2/05/07,Wed,2228,GA,CS2C,181A ,,R,W,DO,L ,X,T,C,50,0,0,0,,,1748533,5427232,-41.29269997,174.7739492
Wellington City,GHUZNEE ST,, ,I,VICTORIA ST,2711529,26/03/07,Mon,530,HA,4.00E+14,201B ,P,R,D,DO,F ,X,T,C,50,0,0,2,,,1748533,5427232,-41.29269997,174.7739492
Wellington City,GHUZNEE ST,, ,I,VICTORIA ST,2714006,13/12/07,Thu,2215,LB,MW1C,102A 303B 324B ,,R,D,DO,F ,X,T,C,50,0,1,0,,,1748533,5427232,-41.29269997,174.7739492
Wellington City,GHUZNEE ST,, ,I,VICTORIA ST,2713702,1/12/07,Sat,30,LB,PW1X,303B ,,R,D,DO,F ,X,T,N,50,0,0,1,,,1748533,5427232,-41.29269997,174.7739492
Wellington City,GHUZNEE ST,, ,I,VICTORIA ST,2751152,12/02/07,Mon,1115,AC,TE1C,372A ,,R,D,O ,F ,X,T,C,50,0,0,0,,,1748533,5427232,-41.29269997,174.7739492
Wellington City,GHUZNEE ST,, ,I,VICTORIA ST,2712220,6/05/07,Sun,1855,HA,CW1C,379A 324B ,,R,D,DO,F ,X,T,C,50,0,0,2,,,1748533,5427232,-41.29269997,174.7739492
Wellington City,GHUZNEE ST,5,E, ,WILLIS ST,2751718,14/03/07,Wed,1915,FD,CE1C,331B 353B ,,R,D,TF,F ,X,T,C,50,0,0,0,,,1748450,5427270,-41.29237311,174.7729491