TLA NAME,CRASH ROAD,CRASH DIST,CRASH DIRN,INTSN,SIDE ROAD,CRASH ID,CRASH DATE,CRASH DOW,CRASH TIME,MVMT,VEHICLES,CAUSES,OBJECTS STRUCK,ROAD CURVE,ROAD WET,LIGHT,WTHRa,JUNC TYPE,TRAF CTRL,ROAD MARK,SPD LIM,CRASH FATAL CNT,CRASH SEV CNT,CRASH MIN CNT,PERS AGE1,PERS AGE2,EASTING,NORTHING,latitude,longitude
Wellington City,GHUZNEE ST,, ,I,WILLIS ST,2754636,27/03/07,Tue,2235,HA,CE14,322B ,,R,W,DO,F ,X,T,C,50,0,0,0,,,1748446,5427272,-41.29235583,174.7729009
Wellington City,GHUZNEE ST,, ,I,WILLIS ST,2756618,26/09/07,Wed,1840,LB,ME1X,303B 375B ,,R,D,DO,F ,X,T,C,50,0,0,0,,,1748446,5427272,-41.29235583,174.7729009
Wellington City,GHUZNEE ST,, ,I,WILLIS ST,2756995,18/11/07,Sun,115,HA,CE1C,322B ,,R,D,DO,F ,X,T,C,50,0,0,0,,,1748446,5427272,-41.29235583,174.7729009
Wellington City,GHUZNEE ST,, ,I,WILLIS ST,2713370,31/05/07,Thu,30,EC,MW1,101A 341A 871 ,I,R,D,DO,F ,X,T,R,50,0,0,1,,,1748446,5427272,-41.29235583,174.7729009
Wellington City,GIRTON TERRACE,20,E, ,ADELAIDE ROAD,2756594,2/04/07,Mon,1340,MO,CN1C,370A ,M,R,D,B ,F , ,N,N,50,0,0,0,,,1748993,5426158,-41.30228486,174.7797034
Wellington City,GLADSTONE TERRACE,15,W, ,SALAMANCA ROAD,2755286,11/09/07,Tue,2330,EA,TE1C,385A ,M,E,D,DN,F , ,N,N,50,0,0,0,,,1748186,5428183,-41.28420144,174.7695754
Wellington City,GLANMIRE ROAD,40,E, ,ROBERT ST,2711751,17/04/07,Tue,815,EA,CE1V,363A 902 ,M,R,D,B ,F , ,N,C,50,0,0,1,,,1752694,5434414,-41.22726213,174.8218224
Wellington City,GLASGOW ST,, ,I,CENTRAL TERRACE,2751663,17/02/07,Sat,656,DB,VN1,103A ,C,E,D,TF,F ,X,G,C,50,0,0,0,,,1747938,5427846,-41.28728109,174.7666971
Wellington City,GLEN ROAD,, ,I,UPLAND ROAD,2755755,20/07/07,Fri,1105,MG,XN1C,371B 407B ,,R,D,O ,F ,T,G,C,50,0,0,0,,,1747836,5427752,-41.28814611,174.7655024
Wellington City,GLENMORE ST,150,N, ,GARDEN ROAD,2713279,22/09/07,Sat,1300,FD,CS14,331A 350A ,,R,D,B ,F , ,N,C,50,0,0,2,,,1747809,5428485,-41.28155148,174.7650022
Wellington City,GLENMORE ST,15,S, ,KARORI TUNNEL,2755729,25/09/07,Tue,2028,BC,CS14,121A ,,S,W,DO,L , ,N,C,50,0,0,0,,,1747068,5427837,-41.28752108,174.7563143
Wellington City,GLENMORE ST,20,S, ,KELBURN VIADUCT,2752336,24/04/07,Tue,830,MA,CN1M,331A 353A ,,R,D,O ,F , ,N,C,50,0,0,0,,,1747165,5427851,-41.28737735,174.7574688
Wellington City,GLENMORE ST,200,S, ,KELBURN VIADUCT,2757537,13/12/07,Thu,327,DA,CS1,103A 111A ,C,M,D,DO,F , ,N,C,50,0,0,0,,,1747167,5427715,-41.28860147,174.7575255
Wellington City,GLENMORE ST,, ,I,KELBURN VIADUCT,2754513,1/06/07,Fri,1310,DA,CE14,111A 402A ,M,E,W,O ,L ,R,G,P,50,0,0,0,,,1747168,5427873,-41.28717873,174.7574993
Wellington City,GLENMORE ST,20,S, ,NORTHLAND ROAD,2752071,26/04/07,Thu,1910,FB,CN1C,135A 181A 191B 801 ,,E,W,DO,L , ,N,C,50,0,0,0,,,1747120,5427887,-41.28706142,174.7569229
Wellington City,GLENMORE ST,50,S, ,NORTHLAND ROAD,2753493,4/05/07,Fri,2200,EA,CE1C,110A 386A ,M,E,D,DO,F , ,N,C,50,0,0,0,,,1747101,5427865,-41.28726296,174.7567014
Wellington City,GLENMORE ST,30,W, ,NORTHLAND ROAD,2755209,30/06/07,Sat,320,CC,CE1CC,103A 125A ,M,R,W,DO,L , ,N,C,50,0,0,0,,,1747114,5427880,-41.28712554,174.756853
Wellington City,GLENMORE ST,40,N, ,ORANGI KAUPAPA ROAD,2713908,2/12/07,Sun,2040,FC,CS1C,331A 359A ,,R,D,TO,F , ,N,X,50,0,0,2,,,1747609,5428312,-41.28314567,174.762657
Wellington City,GLENMORE ST,70,N, ,THE RIGI,2755675,22/08/07,Wed,2230,CC,CN1C,137A ,M,R,D,DO,F , ,N,C,50,0,0,0,,,1747326,5428073,-41.2853492,174.7593369
Wellington City,GLENMORE ST,300,S, ,TINAKORI ROAD,2751093,20/02/07,Tue,1505,EE,TN1C,374B ,M,R,D,B ,F , ,N,C,50,0,0,0,,,1747803,5428482,-41.28157959,174.7649313
Wellington City,GOLDIES BRAE,, ,I,GRANT ROAD,2757754,20/11/07,Tue,1741,KA,PS2C,302B ,,M,D,O ,F ,Y,G,C,50,0,0,0,,,1749028,5429983,-41.26784025,174.7791853
Wellington City,GORDON PLACE,40,N, ,GORDON ST,2752291,3/04/07,Tue,1355,MA,TN1C,445A 386B ,,R,D,B ,F , ,N,N,50,0,0,0,,,1748976,5424688,-41.315523,174.7798605
Wellington City,GRAFTON ROAD,100,S, ,PALLISER ROAD,2755749,24/07/07,Tue,1945,BD,4N1B,385B ,,E,D,O ,F , ,N,C,50,0,0,0,,,1750774,5427049,-41.29393209,174.8007465
Wellington City,GRAFTON ROAD,100,N, ,TE ANAU ROAD,2753886,24/06/07,Sun,1346,FA,CN1C,331A 831 ,,S,D,B ,F , ,N,C,50,0,0,0,,,1750904,5426817,-41.29599657,174.8023559
Wellington City,GRANT ROAD,40,S, ,FRANDI ST,2712105,30/01/07,Tue,1800,FA,CS1SC,353A 370A ,M,R,D,O ,F , ,N,C,50,0,0,1,,36,1749065,5429954,-41.26809452,174.7796339
Wellington City,GREEN ST,20,E, ,RIDDIFORD ST,2750764,9/02/07,Fri,1918,CC,CW1C,103A ,M,R,D,TF,F , ,N,C,50,0,0,0,,,1748965,5425044,-41.31231982,174.7796419
Wellington City,GREEN ST,, ,I,RIDDIFORD ST,2750512,8/02/07,Thu,1300,FB,CW1C,331A 427A ,,R,D,B ,F ,T,G,R,50,0,0,0,,,1748945,5425040,-41.31235953,174.7794041
Wellington City,GROSVENOR TERRACE,150,N, ,GRANT ROAD,2751525,4/04/07,Wed,2205,DA,CS1,111A 135A 801 810 ,F,M,W,DO,F , ,N,C,50,0,0,0,,,1749147,5430108,-41.26669286,174.7805748
Wellington City,HALL ST,30,E, ,ADELAIDE ROAD,2754167,27/06/07,Wed,1420,EE,CN1T,374B ,Q,R,D,O ,F , ,N,C,50,0,0,0,,,1748770,5425238,-41.31060915,174.7772659
Wellington City,HALL ST,, ,I,ADELAIDE ROAD,2757009,23/10/07,Tue,840,BA,CE1C,125A ,,R,D,O ,F ,X,T,C,50,0,0,0,,,1748741,5425246,-41.31054247,174.7769177
Wellington City,HALSWATER DRIVE,20,W, ,BURBANK CRESCENT,2752510,4/05/07,Fri,749,EA,CE1C,363A 902 ,M,M,D,B ,F , ,N,C,50,0,0,0,,,1751698,5436706,-41.20681372,174.8093757
Wellington City,HALSWATER DRIVE,50,W, ,LAKEWOOD AVENUE,2751779,15/03/07,Thu,806,EA,CE1CC,363A 902 ,M,R,D,B ,F , ,N,C,50,0,0,0,,,1751359,5436670,-41.20720129,174.8053431
Wellington City,HANIA ST,10,N, ,ELLICE ST,2757084,28/11/07,Wed,1216,MO,CS1O,386A ,,R,D,B ,F ,X,N,C,50,0,0,0,,,1749174,5426432,-41.29978449,174.7817973
Wellington City,HANIA ST,80,S, ,PIRIE ST,2753635,18/03/07,Sun,1910,ND,CS1E,383A 711B 920 ,,R,D,DO,F ,D,N,N,50,0,0,0,26,,1749257,5426619,-41.29808551,174.7827423
Wellington City,HANKEY ST,15,E, ,HOPPER ST,2755756,20/07/07,Fri,2300,MO,CW1CC,371A ,M,R,W,DO,L , ,N,N,50,0,0,0,,,1748435,5426295,-41.30115423,174.7730078
Wellington City,HANSON ST,200,N, ,HALL ST,2751402,8/03/07,Thu,1321,BA,CN1C,386A ,,R,D,B ,F , ,N,C,50,0,0,0,,,1748696,5425464,-41.30858802,174.776327
Wellington City,HANSON ST,200,S, ,HALL ST,2753183,15/03/07,Thu,700,EA,CS1C,103A 112A ,M,R,D,TO,F , ,N,N,50,0,0,0,,,1748599,5425076,-41.31209922,174.7752636
Wellington City,HANSON ST,, ,I,HALL ST,2714116,25/12/07,Tue,1350,DA,CW2,102A 111A 505A ,P,R,W,O ,F ,X,S,C,50,0,0,1,,,1748648,5425269,-41.31035253,174.7758015
Wellington City,HANSON ST,20,N, ,JOHN ST,2751633,13/01/07,Sat,1700,EA,CN1C,386A ,M,R,D,O ,F ,T,G,C,50,0,0,0,,,1748742,5425648,-41.30692291,174.7768313
Wellington City,HANSON ST,150,N, ,JOHN ST,2755622,26/09/07,Wed,1650,EE,CN1C,374B ,M,R,D,O ,F , ,N,C,50,0,0,0,,,1748775,5425774,-41.3057824,174.7771945
Wellington City,HANSON ST,20,S, ,JOHN ST,2751769,20/03/07,Tue,46,DB,CS1CCC,111A 386A 514A ,M,E,D,DO,F , ,N,N,50,0,0,0,,,1748733,5425610,-41.3072667,174.7767331
Wellington City,HANSON ST,, ,I,JOHN ST,2756566,25/10/07,Thu,1455,MO,CS1C,371A 927 ,M,R,D,O ,F ,D,T,C,50,0,0,0,,,1748734,5425630,-41.30708645,174.7767402
Wellington City,HANSON ST,15,S, ,SERVICE LANE,2756806,3/09/07,Mon,2100,MO,CS1C,385A ,M,R,D,DO,F , ,N,C,50,0,0,0,,,1748769,5425749,-41.30600859,174.777129
Wellington City,HAPPY VALLEY ROAD,, ,I,LANDFILL ROAD,2713272,3/07/07,Tue,913,DC,TE2,501A ,EFI,E,D,O ,F ,T,G,R,70,0,0,1,,,1747058,5422926,-41.33173914,174.7573822
Wellington City,HAPPY VALLEY ROAD,, ,I,LANDFILL ROAD,2752338,11/01/07,Thu,2359,DB,CS1,111A 332A 358A ,EFP,E,W,DO,L ,T,G,C,70,0,0,0,,,1747058,5422926,-41.33173914,174.7573822
Wellington City,HAPPY VALLEY ROAD,, ,I,MURCHISON ST,2757342,8/06/07,Fri,1500,EA,CS1C,129A 410A ,M,R,D,O ,F ,T,G,C,50,0,0,0,,,1747045,5422706,-41.33372227,174.7572802
Wellington City,HAPPY VALLEY ROAD,700,N, ,OWHIRO BAY PARADE,2712076,21/03/07,Wed,1603,LB,CS1M,929,,R,D,B ,F ,D,N,C,50,0,0,2,,,1747239,5422183,-41.33839566,174.7597243
Wellington City,HARRIS ST,10,W, ,JERVOIS QUAY,2752622,15/04/07,Sun,230,EA,CE1C,386A ,M,R,D,DO,F ,T,T,C,50,0,0,0,,,1748907,5427721,-41.28822838,174.7782943
Wellington City,HARRIS ST,20,E, ,VICTORIA ST,2755226,8/06/07,Fri,2000,MO,CE1C,371A 386A ,M,R,D,TO,F , ,N,C,50,0,0,0,,,1748780,5427778,-41.2877386,174.7767644
Wellington City,HARRIS ST,, ,I,VICTORIA ST,2712075,19/04/07,Thu,2235,DB,SS2C,105A 121A ,M,R,D,TO,F ,T,N,C,50,0,0,1,,40,1748762,5427786,-41.28766989,174.7765476
Wellington City,HATAITAI ROAD,50,S, ,GRAFTON ROAD,2758040,15/11/07,Thu,1735,BD,BS1C,386A ,,E,D,B ,F , ,N,N,50,0,0,0,,,1750831,5426698,-41.29708161,174.8015139
Wellington City,HATAITAI ROAD,60,S, ,KONINI ROAD,2756794,9/11/07,Fri,655,EA,CN1C,103A 385A ,M,E,D,B ,F , ,N,C,50,0,0,0,,,1750312,5426079,-41.3027515,174.7954708
Wellington City,HAWKESTONE ST,, ,I,TINAKORI ROAD,2754105,27/06/07,Wed,1714,GO,VW1C,386A ,,E,D,DO,F ,T,G,R,50,0,0,0,,,1748578,5429226,-41.27473877,174.774
Wellington City,HELSTON ROAD,, ,I,ARTHUR CARMAN ST,2751081,7/03/07,Wed,900,JA,CW1C,302B ,,R,D,O ,F ,T,G,L,50,0,0,0,,,1751689,5435074,-41.22150895,174.8096734
Wellington City,HELSTON ROAD,20,S, ,CYRIL WAY,2754197,23/06/07,Sat,1520,QG,CS1CCC,682A ,MQ,E,D,B ,F , ,N,C,50,0,0,0,,,1752007,5435403,-41.21848717,174.8133836
Wellington City,HELSTON ROAD,, ,I,MOOREFIELD ROAD,2757860,4/12/07,Tue,1515,KC,CW1C,302A ,,E,D,B ,F ,R,G,R,50,0,0,0,,,1751535,5435177,-41.22061046,174.8078115
Wellington City,HELSTON ROAD,, ,I,PETHERICK CRESCENT,2754728,15/08/07,Wed,715,JA,VE1C,309B 375B ,,R,D,O ,F ,T,N,C,50,0,0,0,,,1751742,5435064,-41.22158905,174.8103079
Wellington City,HELSTON ROAD,, ,I,STEWART DRIVE,2757891,3/12/07,Mon,1500,JA,CW1C,302B ,,E,D,B ,F ,Y,G,R,50,0,0,0,,,1751812,5435049,-41.22171097,174.8111464
Wellington City,HELSTON ROAD,, ,I,STEWART DRIVE,2712277,10/06/07,Sun,800,JA,SW1V,302B 375B 671B ,,E,D,O ,L ,Y,G,R,50,0,0,1,,43,1751812,5435049,-41.22171097,174.8111464
Wellington City,HELSTON ROAD,, ,I,STEWART DRIVE,2713691,25/10/07,Thu,820,LB,CW14,303B 375B ,,R,D,B ,F ,Y,G,P,50,0,0,1,,,1751812,5435049,-41.22171097,174.8111464
Wellington City,HILL ST,50,W, ,ECCLESTON HILL,2750593,10/02/07,Sat,1235,MO,CW1C,420A 428A ,,R,D,B ,F , ,N,N,50,0,0,0,,,1748766,5428980,-41.27691902,174.7763037
Wellington City,HILL ST,50,E, ,PARLIAMENT ST,2755046,3/07/07,Tue,1415,EA,CW1C,386A ,M,R,D,O ,F , ,N,C,50,0,0,0,,,1748457,5428997,-41.27682282,174.7726117
Wellington City,HILL ST,100,E, ,TINAKORI ROAD,2756694,7/11/07,Wed,2100,QD,CE1C,428A ,M,R,D,DO,F , ,N,C,50,0,0,0,,,1748468,5428996,-41.2768298,174.7727432
Wellington City,HINAU ROAD,60,S, ,WAITOA ROAD,2753122,23/03/07,Fri,1730,EA,CN1C,386A ,M,R,D,TN,F , ,N,N,50,0,0,0,,,1750027,5426066,-41.30292159,174.7920713
Wellington City,HINAU ST,, ,I,KOWHAI ST,2712060,18/05/07,Fri,1214,MD,CN1C,371B 839 930 ,IS,R,D,B ,F ,D,G,R,50,0,0,1,,,1753746,5441873,-41.15990718,174.8324936
Wellington City,HOBART ST,, ,I,BROADWAY,2755276,12/06/07,Tue,2010,JA,4S1B,309B ,,R,D,DO,F ,T,G,C,50,0,0,0,,,1751632,5423541,-41.32535474,174.8118635
Wellington City,HOBART ST,, ,I,BROADWAY,2756842,16/11/07,Fri,2030,BB,BW2C,124A 386A ,,E,D,TO,F ,T,G,C,50,0,0,0,,,1751632,5423541,-41.32535474,174.8118635
Wellington City,HOBART ST,50,S, ,MIRAMAR AVENUE,2754760,15/08/07,Wed,1045,MF,CS1C,330A 371B ,,R,D,O ,F , ,N,C,50,0,0,0,,,1752026,5424472,-41.31689857,174.8163363
Wellington City,HOBSON ST,, ,I,DAVIS ST,2750501,29/01/07,Mon,800,MD,CN1C,446A 371B 929 ,,M,D,O ,F ,D,N,C,50,0,0,0,,,1749279,5429196,-41.27487962,174.7823733
Wellington City,HOBSON ST,150,S, ,FITZHERBERT TERRACE,2757932,15/10/07,Mon,1530,MO,4S1C,386A ,M,E,W,O ,H , ,N,N,50,0,0,0,,,1749163,5429447,-41.27264119,174.7809275
Wellington City,HOBSON ST,15,S, ,HOBSON CRESCENT,2751745,7/03/07,Wed,2300,EA,CS1C,386A ,M,R,D,DO,F , ,N,C,50,0,0,0,,,1749215,5429333,-41.27365798,174.7815759
Wellington City,HOBSON ST,200,E, ,TINAKORI ROAD,2755646,8/08/07,Wed,1230,EA,CW1C,129A 358A 402A ,M,R,D,B ,F , ,N,C,50,0,0,0,,,1749121,5429540,-41.27181162,174.7804035
Wellington City,HOMEBUSH ROAD,500,E, ,ONSLOW ROAD,2758039,26/09/07,Wed,1745,BD,CN1B,121A 123B ,,M,D,TN,F , ,N,C,50,0,0,0,,,1751420,5432164,-41.24775918,174.8071874
Wellington City,HOPPER ST,40,N, ,ARLINGTON ST,2750519,2/02/07,Fri,1700,EA,CN1C,386A ,M,R,D,B ,F , ,N,N,50,0,0,0,,,1748508,5426503,-41.29926808,174.7738286
Wellington City,HOPPER ST,20,S, ,ARLINGTON ST,2755247,9/07/07,Mon,1015,MD,CN1V,308B 371B 929 ,,R,D,B ,F ,D,N,N,50,0,0,0,,,1748484,5426448,-41.29976769,174.7735555
Wellington City,HOPPER ST,110,S, ,WEBB ST,2754021,5/07/07,Thu,730,MO,VN1,386A ,H,R,D,DO,F , ,N,N,50,0,0,0,,,1748521,5426531,-41.29901359,174.773977
Wellington City,HOROKIWI ROAD,40,S, ,HILLCROFT ROAD,2712530,12/07/07,Thu,830,BB,4N1C,111A 123A 831 ,,S,W,O ,H , ,N,C,50,0,0,1,,,1755029,5437170,-41.20200525,174.8489689
Wellington City,HOROKIWI ROAD,100,S, ,LINCOLNSHIRE ROAD,2750323,16/01/07,Tue,905,DA,CN1,135A 137A 804 ,T,M,D,O ,F , ,N,C,50,0,0,0,,,1755029,5436549,-41.20759625,174.8491264
Wellington City,HOROKIWI ROAD,1000,N, ,SH 2,2713267,7/10/07,Sun,1220,DB,CS1,111A 135A 801 ,EG,S,W,O ,LS, ,N,C,50,0,0,3,,,1755002,5434928,-41.22219561,174.8492156
Wellington City,HOROKIWI ROAD,1610,N, ,SH 2,2756958,17/10/07,Wed,2144,DB,CS1,111A 402A ,G,S,D,DN,F , ,N,N,100,0,0,0,,,1755268,5435271,-41.21905652,174.8523003
Wellington City,HOROKIWI ROAD,1000,W, ,SH 2,2752215,15/04/07,Sun,2125,DB,CW1,111A 132A ,E,M,D,DN,F , ,N,C,50,0,0,0,,,1755002,5434928,-41.22219561,174.8492156
Wellington City,HOROKIWI ROAD,2000,W, ,SH 2,2756311,11/10/07,Thu,2316,DA,VS1,111A 135A 801 ,T,S,W,DN,LS, ,N,C,50,0,0,0,,,1755262,5435551,-41.21653679,174.8521576
Wellington City,HOSPITAL ROAD,, ,I,HUGH ST,2753153,24/05/07,Thu,1200,KB,4W1C,303B 375B ,,R,D,B ,F ,T,N,C,50,0,0,0,,,1748918,5425710,-41.30633224,174.7789176
Wellington City,HOUGHTON BAY ROAD,20,W, ,HORNSEY ROAD,2757767,10/11/07,Sat,1000,EA,CE1C,101A 385A ,M,R,D,B ,F , ,N,C,50,0,0,0,,,1749527,5422861,-41.33187014,174.7868898
Wellington City,HOUGHTON BAY ROAD,, ,I,HORNSEY ROAD,2757887,3/12/07,Mon,900,EA,VN1V,385A ,Q,E,D,O ,F ,T,G,N,50,0,0,0,,,1749542,5422847,-41.33199341,174.7870724
Wellington City,HOUGHTON BAY ROAD,, ,I,THE ESPLANADE,2713957,21/10/07,Sun,1237,GB,SE1C,142B 372B ,,R,D,B ,F ,T,N,P,50,0,1,0,,28,1749357,5421785,-41.34158924,174.7851238
Wellington City,HUMBER ST,, ,I,THE PARADE,2711667,22/03/07,Thu,750,FB,CE1C,181A 387A ,,R,D,B ,F ,X,G,C,50,0,0,1,,,1748199,5421925,-41.34054257,174.7712555
Wellington City,HUNGERFORD ROAD,50,E, ,HOUGHTON BAY ROAD,2756798,25/10/07,Thu,830,EA,CN1CC,363A 363C ,MM,R,D,B ,F , ,N,N,50,0,0,0,,,1749539,5422089,-41.33881848,174.7872232
Wellington City,HUNGERFORD ROAD,20,E, ,VIEW ROAD,2756851,18/11/07,Sun,2227,EA,CN1CC,103A ,MM,M,D,DN,F , ,N,N,50,0,0,0,,,1749759,5422081,-41.33884966,174.7898533
Wellington City,HUNTER ST,, ,I,CUSTOMHOUSE QUAY,2756315,21/10/07,Sun,915,HA,CE2C,322A 334A ,,R,D,B ,F ,X,T,N,50,0,0,0,,,1748781,5428015,-41.2856046,174.7767184
Wellington City,HUNTER ST,, ,I,CUSTOMHOUSE QUAY,2757870,26/12/07,Wed,1205,GC,XE1T,171B 372B ,,R,D,DO,F ,X,T,C,50,0,0,0,,,1748781,5428015,-41.2856046,174.7767184
Wellington City,HUNTER ST,20,E, ,LAMBTON QUAY,2713796,14/12/07,Fri,1007,AA,XE1S,372A 671A ,,R,D,B ,F , ,N,C,50,0,0,1,,22,1748726,5428041,-41.28538064,174.7760556
Wellington City,HUNTER ST,, ,I,VICTORIA ST,2755267,1/08/07,Wed,800,GC,XE1S,174B 382B ,,R,D,DO,F ,T,N,C,50,0,0,0,,,1748850,5427984,-41.28587099,174.7775496
Wellington City,HUTT ON NBD,20,N, ,CENTENNIAL SLIP ROAD,2712287,18/06/07,Mon,1644,FD,VN1C,427A ,,R,W,O ,L , ,N,C,100,0,0,1,,,1752013,5432234,-41.24701766,174.814244
Wellington City,HUTT ON NBD,, ,I,CENTENNIAL SLIP ROAD,2711179,31/01/07,Wed,745,KA,SE1C,372A ,,M,D,B ,F ,T,N,C,100,0,0,1,,38,1751997,5432223,-41.24711971,174.8140559
Wellington City,HUTT ROAD,50,N, ,AOTEA QUAY,2712188,6/02/07,Tue,1022,AA,MN1S,353A 372A 534B ,,R,D,B ,F , ,N,C,70,0,1,1,,36,1749627,5430519,-41.26290369,174.7862017
Wellington City,HUTT ROAD,60,S, ,JARDEN MILE,2756696,23/10/07,Tue,1945,AA,VN1C,386A ,,R,D,TF,F , ,N,R,100,0,0,0,,,1751883,5432162,-41.24769034,174.8127111
Wellington City,HUTT ROAD,100,W, ,JARDEN MILE,2757623,15/12/07,Sat,1150,FD,CE1CC,331A 350A ,,R,D,B ,F , , ,C,100,0,0,0,,,1751854,5432134,-41.24794788,174.8123722
Wellington City,HUTT ROAD,1000,N, ,KAIWHARAWHARA ROAD,2712369,28/03/07,Wed,724,KB,SN1V,308B 375B 927 ,,R,D,B ,F ,D,N,L,70,0,0,1,,45,1750734,5431379,-41.25495504,174.7991979
Wellington City,HUTT ROAD,15,W, ,KAIWHARAWHARA ROAD,2757690,28/12/07,Fri,1520,JA,CS1C,308B 375B 927 ,,R,D,B ,F ,D,N,R,50,0,0,0,,,1749920,5430804,-41.26028341,174.7896277
Wellington City,HUTT ROAD,100,W, ,KAIWHARAWHARA ROAD,2713999,19/12/07,Wed,1315,EC,MN1,370A ,DK,R,W,O ,L , ,N,C,70,0,0,1,,,1749863,5430741,-41.26086119,174.7889631
Wellington City,HUTT ROAD,, ,I,KAIWHARAWHARA ROAD,2754881,12/08/07,Sun,1345,FE,CS1C,181A 387A ,,R,D,O ,F ,T,T,C,70,0,0,0,,,1749930,5430815,-41.26018251,174.7897443
Wellington City,HUTT ROAD,300,S, ,ONSLOW ROAD,2757216,7/11/07,Wed,820,FD,CS1V,331A 922 ,,R,D,B ,F , ,N,C,70,0,0,0,,,1750563,5431323,-41.2554911,174.7971716
Wellington City,HUTT ROAD,50,W, ,ONSLOW ROAD,2753349,8/06/07,Fri,1751,MC,CN1C,382B ,,R,D,DO,F , ,N,P,70,0,0,0,,,1750798,5431409,-41.254673,174.799954
Wellington City,HUTT ROAD,, ,I,ONSLOW ROAD,2713516,4/06/07,Mon,1748,LB,CN1C,103A 322A ,,R,D,DO,F ,Y,T,R,70,0,1,1,,,1750843,5431430,-41.25447553,174.8004857
Wellington City,HUTT ROAD,, ,I,ONSLOW ROAD,2754817,28/06/07,Thu,1245,KB,TW1C,372B ,,E,D,O ,F ,Y,T,P,70,0,0,0,,,1750843,5431430,-41.25447553,174.8004857
Wellington City,HUTT ROAD,, ,I,ONSLOW ROAD,2754683,28/07/07,Sat,1930,DB,CW2,133A 135A 402A 801 ,C,R,W,DO,L ,Y,T,R,70,0,0,0,,,1750843,5431430,-41.25447553,174.8004857
Wellington City,HUTT ROAD,, ,I,ONSLOW ROAD,2757989,18/11/07,Sun,1703,CA,CW1,103A ,S,R,D,O ,F ,Y,T,R,70,0,0,0,,,1750843,5431430,-41.25447553,174.8004857
Wellington City,HUTT ROAD,, ,I,ONSLOW ROAD,2752063,17/03/07,Sat,1412,FE,CN1C,331A 387A ,,R,W,O ,L ,Y,T,R,70,0,0,0,,,1750843,5431430,-41.25447553,174.8004857
Wellington City,HUTT ROAD,, ,I,ONSLOW ROAD,2755909,8/10/07,Mon,2126,FE,TN1C,331A ,,R,D,DO,F ,Y,T,C,70,0,0,0,,,1750843,5431430,-41.25447553,174.8004857
Wellington City,HUTT ROAD,25,N, ,RANGIORA AVENUE,2713614,19/07/07,Thu,720,NB,VS1E,306A 376A 717B ,,R,W,O ,H , ,N,X,70,0,0,1,,,1750527,5431311,-41.25560585,174.796745
Wellington City,HUTT ROAD,30,N, ,RANGIORA AVENUE,2754134,20/07/07,Fri,854,FC,CW1C,331A 353A ,,R,W,O ,L , ,N,R,70,0,0,0,,,1750532,5431313,-41.25558691,174.7968042
Wellington City,HUTT ROAD,50,N, ,RANGIORA AVENUE,2756624,9/10/07,Tue,745,FC,CS1C,331A ,,R,D,O ,F , ,N,X,70,0,0,0,,,1750551,5431319,-41.25552935,174.7970294
Wellington City,HUTT ROAD,20,S, ,RANGIORA AVENUE,2712964,30/04/07,Mon,740,FD,CS1C,331A 927 ,,R,D,O ,F ,D,N,P,70,0,0,1,,,1750486,5431293,-41.25577554,174.7962603
Wellington City,HUTT ROAD,20,S, ,RANGIORA AVENUE,2713300,13/10/07,Sat,820,CB,CS1C,501A ,M,R,D,B ,F , ,N,P,70,0,0,1,,,1750486,5431293,-41.25577554,174.7962603
Wellington City,HUTT ROAD,40,S, ,RANGIORA AVENUE,2714072,7/11/07,Wed,1715,JO,SN1C,204A 308B 378B 830 927 ,,R,D,B ,F ,D,N,P,70,0,0,1,,48,1750469,5431284,-41.25585974,174.7960597
Wellington City,HUTT ROAD,150,W, ,RANGIORA AVENUE,2712983,9/09/07,Sun,1050,JO,SW1V,308B 927 ,,R,D,O ,F ,D,N,C,70,0,0,1,,39,1750376,5431224,-41.25641725,174.7949649
Wellington City,HUTT ROAD,400,N, ,SAR ST,2712888,17/08/07,Fri,813,NA,4S1E,372A 711B ,,R,W,O ,L , ,N,R,70,0,0,1,42,,1749532,5430403,-41.26396568,174.7850965
Wellington City,HUTT ROAD,, ,I,SCHOOL ROAD,2756677,15/10/07,Mon,1710,LB,CN14,158A 303B 377B ,,R,W,B ,L ,T,G,P,70,0,0,0,,,1749894,5430775,-41.26054933,174.7893246
Wellington City,HUTT ROAD,, ,I,SCHOOL ROAD,2752023,16/04/07,Mon,1015,LB,CN1CC,303B 377B ,M,R,D,B ,F ,T,G,P,70,0,0,0,,,1749894,5430775,-41.26054933,174.7893246
Wellington City,HUTT ROAD,, ,I,SCHOOL ROAD,2752762,22/05/07,Tue,1351,LB,XN1C,303B 314B 377B ,,R,D,B ,F ,T,G,C,70,0,0,0,,,1749894,5430775,-41.26054933,174.7893246
Wellington City,HUTT ROAD,50,N, ,TINAKORI ROAD,2757334,18/12/07,Tue,1130,FD,VS1C,181A 901 ,,R,W,O ,H , ,N,C,50,0,0,0,,,1749234,5430051,-41.26718999,174.7816269
Wellington City,HUTT ROAD,200,N, ,WESTMINSTER ST,2713543,26/07/07,Thu,800,LB,SW1V,303B 927 ,,R,D,B ,F ,D,N,C,70,0,0,1,,47,1750138,5431031,-41.25819916,174.7921729
Wellington City,HUTT ROAD,350,N, ,WESTMINSTER ST,2756793,26/09/07,Wed,1055,KA,4W1C,308B 920 ,,R,D,O ,L ,D,N,P,50,0,0,0,,,1750258,5431121,-41.25736655,174.7935825
Wellington City,HUTT ROAD,, ,I,WESTMINSTER ST,2751394,11/03/07,Sun,1130,KA,CS1C,303B 375B ,,R,D,B ,F ,T,N,P,70,0,0,0,,,1749995,5430891,-41.25948619,174.7905012