TLA NAME,CRASH ROAD,CRASH DIST,CRASH DIRN,INTSN,SIDE ROAD,CRASH ID,CRASH DATE,CRASH DOW,CRASH TIME,MVMT,VEHICLES,CAUSES,OBJECTS STRUCK,ROAD CURVE,ROAD WET,LIGHT,WTHRa,JUNC TYPE,TRAF CTRL,ROAD MARK,SPD LIM,CRASH FATAL CNT,CRASH SEV CNT,CRASH MIN CNT,PERS AGE1,PERS AGE2,EASTING,NORTHING,latitude,longitude
Wellington City,IMPERIAL TERRACE,50,S, ,RODRIGO ROAD,2756804,9/11/07,Fri,1030,EA,TN1C,385A ,M,M,D,B ,F , ,N,N,50,0,0,0,,,1750012,5424028,-41.32127317,174.7923949
Wellington City,INGLEWOOD PL,, ,I,TARANAKI ST,2751406,7/01/07,Sun,517,FA,CS2T,101A 111A 331A ,,R,D,TO,F ,T,N,N,50,0,0,0,,,1748908,5427161,-41.29327012,174.7784432
Wellington City,INGLEWOOD PLACE,40,S, ,DIXON ST,2755045,9/07/07,Mon,900,EA,CN1M,386A ,M,R,D,O ,L , ,N,N,50,0,0,0,,,1748903,5427224,-41.29270383,174.7783681
Wellington City,INGLIS ST,, ,I,DUNDAS ST,2712316,9/06/07,Sat,1636,HA,CE2C,302A 375A 112B 670B ,P,R,D,TF,F ,X,G,R,50,0,1,1,,,1753373,5423765,-41.32300874,174.8326002
Wellington City,INGLIS ST,, ,I,DUNDAS ST,2713968,1/12/07,Sat,1425,HA,CE2C,302A 335A ,,R,D,B ,F ,X,G,R,50,0,0,1,,,1753373,5423765,-41.32300874,174.8326002
Wellington City,INGLIS ST,, ,I,LUDLAM ST,2711788,11/04/07,Wed,940,HA,CE24,302A ,,R,D,B ,F ,X,G,N,50,0,0,1,,,1753333,5423629,-41.32424078,174.8321568
Wellington City,INGLIS ST,, ,I,MANTELL ST,2712800,5/03/07,Mon,350,DA,CS1,122A 332A 410A ,C,E,D,DO,F ,T,N,C,50,0,0,1,,,1753338,5423146,-41.32858833,174.8323384
Wellington City,INGLIS ST,15,N, ,RAWSON PLACE,2757995,9/11/07,Fri,810,EA,TN1C,385A ,M,R,D,B ,F , ,N,C,50,0,0,0,,,1753317,5423570,-41.324775,174.8319806
Wellington City,INVERLOCHY PLACE,60,N, ,ABEL SMITH ST,2752808,30/04/07,Mon,1300,EA,VS1V,386A ,M,R,D,O ,F , ,N,N,50,0,0,0,,,1748222,5427046,-41.29443178,174.7702819
Wellington City,IRA ST,10,N, ,DEVONSHIRE ROAD,2713569,19/11/07,Mon,1640,FA,CN1CC,112A 331A 358A 929 ,,R,D,B ,F ,D,N,C,50,0,0,1,,,1752338,5423976,-41.32130528,174.8201865
Wellington City,IRA ST,25,N, ,DEVONSHIRE ROAD,2713136,5/02/07,Mon,1622,EA,TN14,129A 350A 403A ,M,R,D,B ,F , ,N,C,50,0,0,1,,,1752339,5423991,-41.32117004,174.8201946
Wellington City,IRA ST,50,S, ,DEVONSHIRE ROAD,2755583,3/09/07,Mon,30,EA,CN1C,410A ,M,R,D,DO,F , ,N,N,50,0,0,0,,,1752329,5423916,-41.32184717,174.820094
Wellington City,IRA ST,, ,I,DEVONSHIRE ROAD,2750747,24/02/07,Sat,1444,HA,CN2C,302A 375A 112B ,,R,D,B ,F ,X,G,N,50,0,0,0,,,1752336,5423966,-41.32139569,174.8201651
Wellington City,IRA ST,, ,I,MIRAMAR AVENUE,2712767,3/06/07,Sun,30,DB,CS2,103A 111A 132A ,F,M,D,DO,F ,T,N,R,50,0,0,1,,,1752306,5424371,-41.31775506,174.8197053
Wellington City,IRA ST,, ,I,OTAKI ST,2711123,14/01/07,Sun,15,HA,CN1C,302B 502B ,,R,D,DO,F ,X,G,N,50,0,0,1,,,1752336,5423966,-41.32139569,174.8201651
Wellington City,IRA ST,90,N, ,THE QUADRANT,2752887,15/02/07,Thu,2130,EA,CN1C,102A 370A ,M,R,D,DO,F , ,N,C,50,0,0,0,,,1752316,5423830,-41.3226239,174.8199603
Wellington City,IRONSIDE ROAD,500,N, ,EARP ST,2711786,3/04/07,Tue,2007,BB,SE1X,205A ,,S,D,B ,F , ,N,C,50,0,0,1,,25,1750868,5435351,-41.21916849,174.799815
Wellington City,IRONSIDE ROAD,20,E, ,ERRIS ST,2713597,4/05/07,Fri,1755,BF,CE1V,101A 111A ,FP,M,D,DO,F , ,N,C,50,0,0,1,,,1750861,5435377,-41.2189357,174.7997251
Wellington City,IRONSIDE ROAD,80,S, ,ERRIS ST,2753264,26/05/07,Sat,820,DB,CS1,111A 400A ,EKT,M,D,O ,F , ,N,C,50,0,0,0,,,1750880,5435323,-41.21941834,174.799965
Wellington City,IRONSIDE ROAD,15,E, ,MORGAN ST,2712303,13/06/07,Wed,1455,NB,CE1E,359B 711B ,,R,W,O ,F , ,N,X,50,0,1,0,17,,1751391,5435235,-41.22011521,174.80608
Wellington City,JAMAICA DRIVE,, ,I,CARIBBEAN DRIVE,2756974,6/11/07,Tue,1420,MC,CS1C,150A 387A 372B ,,E,D,B ,F ,T,N,R,50,0,0,0,,,1754149,5439055,-41.18520205,174.8380038
Wellington City,JARDEN MILE,50,W, ,HUTT ROAD,2752279,21/03/07,Wed,1208,GD,CE1C,420A 428A ,M,E,D,B ,F , ,N,N,50,0,0,0,,,1751892,5432222,-41.24714844,174.8128036
Wellington City,JEAN BATTEN ST,100,N, ,RONGOTAI ROAD,2712135,4/05/07,Fri,1340,ED,TN1O,386A ,Q,R,D,B ,F , ,N,N,50,0,1,0,,,1751181,5424397,-41.31773265,174.8062641
Wellington City,JERVOIS QUAY,50,N, ,CABLE ST,2757862,14/12/07,Fri,300,FA,CS1X,331A 381A ,,R,W,DO,F , ,N,C,50,0,0,0,,,1748931,5427609,-41.28923234,174.7786082
Wellington City,JERVOIS QUAY,25,S, ,GREY ST,2750220,17/01/07,Wed,1445,AC,TN1C,370A 671A ,,R,D,O ,F , ,N,R,50,0,0,0,,,1748870,5428060,-41.28518304,174.7777697
Wellington City,JERVOIS QUAY,10,N, ,HARRIS ST,2753099,12/04/07,Thu,1410,FE,CN1C,331A ,,R,D,B ,F ,T,T,R,50,0,0,0,,,1748915,5427727,-41.28817288,174.7783883
Wellington City,JERVOIS QUAY,20,N, ,HARRIS ST,2757418,23/11/07,Fri,1145,MO,TN1,350A ,P,R,D,B ,F , ,N,C,50,0,0,0,,,1748914,5427737,-41.28808303,174.7783739
Wellington City,JERVOIS QUAY,, ,I,HARRIS ST,2755090,5/09/07,Wed,1500,FE,BS14,331A ,,R,D,O ,F ,T,T,R,50,0,0,0,,,1748916,5427717,-41.28826273,174.7784027
Wellington City,JERVOIS QUAY,, ,I,HARRIS ST,2713230,12/10/07,Fri,1432,FE,CS1VC,331A ,,R,W,O ,L ,T,T,R,50,0,0,1,,,1748916,5427717,-41.28826273,174.7784027
Wellington City,JERVOIS QUAY,, ,I,HARRIS ST,2752611,7/04/07,Sat,1430,FE,4N1C,181A ,,R,D,B ,F ,T,T,R,50,0,0,0,,,1748916,5427717,-41.28826273,174.7784027
Wellington City,JERVOIS QUAY,, ,I,HARRIS ST,2757223,30/10/07,Tue,800,GA,TN1C,331A ,,R,D,O ,F ,T,T,R,50,0,0,0,,,1748916,5427717,-41.28826273,174.7784027
Wellington City,JERVOIS QUAY,10,N, ,HUNTER ST,2712335,7/06/07,Thu,1313,FD,CS1V,331A 359A ,,R,D,B ,F ,T,T,R,50,0,0,1,,,1748880,5427994,-41.28577542,174.7779052
Wellington City,JERVOIS QUAY,30,S, ,HUNTER ST,2755030,11/06/07,Mon,700,FD,CN1C,181A ,,R,W,TO,F , ,N,R,50,0,0,0,,,1748885,5427954,-41.28613464,174.7779747
Wellington City,JERVOIS QUAY,, ,I,HUNTER ST,2755000,10/08/07,Fri,1259,JA,CN14,322B ,,R,D,B ,F ,T,T,C,50,0,0,0,,,1748881,5427984,-41.28586527,174.7779196
Wellington City,JERVOIS QUAY,, ,I,TARANAKI ST,2711953,4/05/07,Fri,1415,NA,XW1E,370A 713B 719B ,,R,D,B ,F ,M,T,C,50,0,1,0,29,,1749013,5427391,-41.29117995,174.7796403
Wellington City,JERVOIS QUAY,20,N, ,WAKEFIELD ST,2711251,22/02/07,Thu,1335,NA,CN1E,383A 710B 719B ,,E,D,O ,F ,M,T,C,50,0,0,1,25,,1749004,5427409,-41.29101955,174.7795285
Wellington City,JERVOIS QUAY,20,N, ,WILLESTON ST,2755274,31/07/07,Tue,805,FD,VS1C,331A ,,R,W,DO,L ,T,T,R,50,0,0,0,,,1748896,5427871,-41.28687989,174.7781263
Wellington City,JERVOIS QUAY,20,S, ,WILLESTON ST,2752603,15/03/07,Thu,1240,FD,CN1X,181A ,,R,D,B ,F ,T,T,R,50,0,0,0,,,1748902,5427831,-41.28723892,174.7782077
Wellington City,JERVOIS QUAY,, ,I,WILLESTON ST,2750286,19/01/07,Fri,1345,FD,CN1C,181A 191B ,,R,D,B ,F ,T,T,C,50,0,0,0,,,1748899,5427851,-41.28705941,174.778167
Wellington City,JERVOIS QUAY,, ,I,WILLESTON ST,2712838,14/08/07,Tue,1420,JA,CN1C,322A 334A ,,R,D,O ,F ,T,T,R,50,0,0,1,,,1748899,5427851,-41.28705941,174.778167
Wellington City,JERVOIS QUAY,, ,I,WILLESTON ST,2755862,29/09/07,Sat,2230,FD,CN1CC,331A 352A ,,R,D,DO,F ,T,T,R,50,0,0,0,,,1748899,5427851,-41.28705941,174.778167
Wellington City,JERVOIS QUAY,, ,I,WILLESTON ST,2713574,18/10/07,Thu,657,FE,CN14,427A 191B ,,R,W,O ,L ,T,T,R,50,0,0,1,,,1748899,5427851,-41.28705941,174.778167
Wellington City,JOHN ST,, ,I,HUTCHISON ST,2713455,17/10/07,Wed,1725,FC,4W1P,181A 357A ,,R,D,B ,F ,X,S,X,50,0,0,1,,,1748696,5425620,-41.30718349,174.7762889
Wellington City,JOHN ST,, ,I,RIDDIFORD ST,2756961,31/10/07,Wed,906,AC,CE1B,350A 372A ,,M,D,B ,F ,X,T,R,50,0,0,0,,,1748832,5425608,-41.30726645,174.7779157
Wellington City,JOHN ST,15,W, ,TASMAN ST,2750599,8/02/07,Thu,1725,FD,CE1C,331A ,,R,D,B ,F , ,N,C,50,0,0,0,,,1748711,5425624,-41.30714471,174.776467
Wellington City,JOHN ST,20,W, ,TASMAN ST,2756441,24/10/07,Wed,1415,FC,CW1C,331A 358A ,,E,D,B ,F , ,N,X,50,0,0,0,,,1748716,5425625,-41.30713479,174.7765265
Wellington City,JOHN ST,, ,I,TASMAN ST,2757914,28/07/07,Sat,1341,LB,CW1CC,205B 303B 181C ,,E,W,O ,L ,T,G,P,50,0,0,0,,,1748696,5425620,-41.30718349,174.7762889
Wellington City,JOHN ST,, ,I,TASMAN TST,2712190,28/03/07,Wed,1526,LB,SE1C,303B 375B ,,E,D,O ,F ,T,G,C,50,0,0,1,,19,1748696,5425620,-41.30718349,174.7762889
Wellington City,JOHNSONVILLE OFF SBD,100,S, ,SH 1N,2756651,7/10/07,Sun,1930,MG,CS1C,371B ,,E,W,TO,F , ,N,N,100,0,0,0,,,1751761,5435291,-41.21954172,174.8104781
Wellington City,JOHNSONVILLE ON SBD,20,N, ,NEWLANDS OFF SBD,2754108,12/07/07,Thu,1600,FD,VS1X,111A 181A ,,E,W,O ,L , ,N,N,50,0,0,0,,,1751714,5434045,-41.23076875,174.8102271
Wellington City,JOHNSONVILLE ROAD,40,S, ,BILL CUTTING PLACE,2757753,18/09/07,Tue,1205,MA,VN1C,385A ,,R,D,O ,F , ,N,P,50,0,0,0,,,1751485,5434938,-41.22277163,174.8072746
Wellington City,JOHNSONVILLE ROAD,20,N, ,BRODERICK ROAD,2753504,16/06/07,Sat,1045,AA,4S1C,372A ,,R,D,O ,F , ,N,C,50,0,0,0,,,1751485,5434739,-41.22456331,174.8073239
Wellington City,JOHNSONVILLE ROAD,30,N, ,BRODERICK ROAD,2711862,17/03/07,Sat,1742,NA,CS1E,713B 714B ,,R,W,TF,LS, ,N,C,50,0,0,1,52,,1751487,5434748,-41.2244819,174.8073455
Wellington City,JOHNSONVILLE ROAD,50,N, ,BRODERICK ROAD,2756801,2/11/07,Fri,1715,MO,CN1C,385A ,M,R,D,B ,F , ,N,C,50,0,0,0,,,1751488,5434768,-41.22430165,174.8073525
Wellington City,JOHNSONVILLE ROAD,50,S, ,BRODERICK ROAD,2757543,12/12/07,Wed,1626,LB,CN1C,303B 927 ,,R,D,O ,F ,D,N,P,50,0,0,0,,,1751475,5434669,-41.22519542,174.807222
Wellington City,JOHNSONVILLE ROAD,, ,I,BRODERICK ROAD,2754196,21/07/07,Sat,1738,AA,VS1C,372A ,,R,D,DO,F ,T,T,P,50,0,0,0,,,1751483,5434719,-41.22474375,174.807305
Wellington City,JOHNSONVILLE ROAD,, ,I,BRODERICK ROAD,2756473,25/10/07,Thu,2204,KC,CS1C,305A 927 ,,R,D,DO,F ,D,T,R,50,0,0,0,,,1751483,5434719,-41.22474375,174.807305
Wellington City,JOHNSONVILLE ROAD,50,N, ,CORLETT ST,2753024,26/05/07,Sat,1318,MO,CS1C,306A 386A 922 ,,E,D,O ,F ,D, ,P,50,0,0,0,,,1751458,5434551,-41.226261,174.8070485
Wellington City,JOHNSONVILLE ROAD,, ,I,CORLETT ST,2756906,14/10/07,Sun,1330,JA,CN1C,301B ,,E,D,B ,F ,T,S,C,50,0,0,0,,,1751476,5434504,-41.22668079,174.8072749
Wellington City,JOHNSONVILLE ROAD,, ,I,DISRAELI ST,2756312,1/06/07,Fri,1852,JA,CN1C,151A 308B 314B 377B 925 ,,R,D,DO,F ,D,N,C,50,0,0,0,,,1751474,5434664,-41.22524062,174.8072113
Wellington City,JOHNSONVILLE ROAD,, ,I,FRASER AVENUE,2755009,31/08/07,Fri,1850,JC,CN1C,302A ,,E,D,TO,F ,X,G,C,50,0,0,0,,,1751476,5434504,-41.22668079,174.8072749
Wellington City,JOHNSONVILLE ROAD,, ,I,FRASER AVENUE,2713612,31/08/07,Fri,1830,JC,CE2C,302A ,,E,D,DO,F ,X,G,C,50,0,0,1,,,1751476,5434504,-41.22668079,174.8072749
Wellington City,JOHNSONVILLE ROAD,, ,I,JOHNSONVILLE OFF SBD,2756559,4/11/07,Sun,1325,HA,4W2C,302A ,,E,D,B ,F ,R,G,R,50,0,0,0,,,1751518,5435072,-41.221559,174.8076348
Wellington City,JOHNSONVILLE ROAD,, ,I,JOHNSONVILLE OFF SBD,2751634,12/01/07,Fri,2040,AC,CS1C,372A 197B ,K,M,W,TO,M ,R,G,C,50,0,0,0,,,1751490,5435056,-41.22170829,174.8073049
Wellington City,JOHNSONVILLE ROAD,20,S, ,MOOREFIELD ROAD,2755743,19/07/07,Thu,1815,KA,CN1C,353A 308B 924 ,,R,D,DO,F ,D,N,R,50,0,0,0,,,1751498,5435030,-41.22194088,174.8074068
Wellington City,JOHNSONVILLE ROAD,, ,I,MOOREFIELD ROAD,2758053,26/01/07,Fri,1230,AO,CE2C,120A 507A ,,E,D,O ,F ,R,G,R,50,0,0,0,,,1751485,5435067,-41.22161019,174.8072426
Wellington City,JOHNSONVILLE ROAD,, ,I,MOOREFIELD ROAD,2756510,30/10/07,Tue,1625,KA,CS1C,302B 402B ,,E,D,O ,F ,R,G,R,50,0,0,0,,,1751485,5435067,-41.22161019,174.8072426
Wellington City,JOHNSONVILLE ROAD,, ,I,MOOREFIELD ROAD,2712077,12/05/07,Sat,1820,LB,CN1V,302A 353A 375A ,,M,D,TO,F ,R,G,R,50,0,0,3,,,1751500,5435050,-41.22176044,174.8074257
Wellington City,JOHNSONVILLE ROAD,, ,I,MOOREFIELD ROAD,2753209,7/04/07,Sat,2148,LB,CS1C,302A 375A ,,E,D,DO,F ,R,G,R,50,0,0,0,,,1751500,5435050,-41.22176044,174.8074257
Wellington City,JOHNSONVILLE ROAD,, ,I,MOOREFIELD ROAD,2754762,30/07/07,Mon,1630,DA,VS1C,111A 501A ,I,M,D,O ,F ,R,G,R,50,0,0,0,,,1751490,5435056,-41.22170829,174.8073049
Wellington City,JOHNSTON ST,15,E, ,FEATHERSTON ST,2757783,6/12/07,Thu,930,EA,CE1V,385A ,M,R,D,B ,F , ,N,C,50,0,0,0,,,1748842,5428306,-41.28297335,174.7773754
Wellington City,JOHNSTON ST,30,E, ,LAMBTON QUAY,2756803,14/11/07,Wed,1125,AC,VE1C,372A ,,R,D,O ,F , ,N,N,50,0,0,0,,,1748741,5428353,-41.2825688,174.7761584
Wellington City,KAIKOURA ST,70,S, ,AHAROA DRIVE,2711525,10/03/07,Sat,225,DB,CS1,410A ,T,E,D,DO,F , ,N,C,50,0,0,1,,,1752390,5426030,-41.30280289,174.8202928
Wellington City,KAIKOURA ST S,40,N, ,AKAROA DRIVE,2750586,24/02/07,Sat,2359,QD,CN1C,428A 929 ,M,R,D,DO,F ,D,N,C,50,0,0,0,,,1752161,5425544,-41.30722167,174.8176803
Wellington City,KANPUR ROAD,30,S, ,NALANDA CRESCENT,2756669,29/10/07,Mon,1515,BB,BN1V,123A 385A ,,E,D,B ,F , ,N,L,50,0,0,0,,,1750241,5433715,-41.2340148,174.792741
Wellington City,KARAKA BAY ROAD,80,S, ,ONEHUNGA ST,2751749,25/02/07,Sun,1655,AD,CS1S,129A 183A ,,R,D,B ,F , ,N,C,50,0,0,0,,,1753311,5425751,-41.30514031,174.8313591
Wellington City,KARAMU ST,50,N, ,CLAIRE ST,2756645,3/09/07,Mon,1150,QD,VE1C,428A ,M,M,D,B ,F , ,N,N,50,0,0,0,,,1748356,5432489,-41.2454011,174.7705567
Wellington City,KAREPA ST,40,S, ,ASHTON FITCHETT DRIVE,2713598,21/09/07,Fri,1230,GB,MN1C,158A 387A 929 ,,R,D,B ,F ,D,N,C,50,0,0,1,,,1747169,5425913,-41.30482546,174.7579851
Wellington City,KARORI ROAD,, ,I,BURROWS AVENUE,2757517,10/12/07,Mon,2053,CA,CE1,125A 351A ,I,R,D,TF,F ,T,N,R,50,0,0,0,,,1744946,5427986,-41.2865633,174.7309487
Wellington City,KARORI ROAD,20,E, ,CAMPBELL ST,2712834,7/08/07,Tue,1706,MC,PW1C,372B 377B ,,R,D,O ,F , ,N,C,50,0,1,0,,,1745638,5428230,-41.28424188,174.7391506
Wellington City,KARORI ROAD,5,E, ,CHAMBERLAIN ROAD,2713719,29/11/07,Thu,1600,MA,VE1CT,373B ,M,R,D,B ,F ,T,N,C,50,0,0,1,,,1745354,5428129,-41.28520243,174.7357847
Wellington City,KARORI ROAD,, ,I,CHAYTOR ST,2753869,28/06/07,Thu,1728,EA,TE1C,501A ,M,R,D,DO,FF,T,T,C,50,0,0,0,,,1746644,5428577,-41.28093556,174.7510749
Wellington City,KARORI ROAD,25,E, ,DONALD ST,2757789,14/11/07,Wed,1835,FD,CW1C,331A ,,R,D,B ,F , ,N,C,50,0,0,0,,,1745883,5428317,-41.28341434,174.7420541
Wellington City,KARORI ROAD,, ,I,DONALD ST,2751776,16/03/07,Fri,15,EC,CW1,120A 504A ,IP,R,D,DO,F ,T,T,R,50,0,0,0,,,1745860,5428309,-41.28349052,174.7417815
Wellington City,KARORI ROAD,30,E, ,EAGLE ST,2757847,24/12/07,Mon,1220,GD,CW1,428A ,H,R,D,O ,F , ,N,C,50,0,0,0,,,1745295,5428106,-41.28542013,174.735086
Wellington City,KARORI ROAD,20,W, ,EAGLE ST,2756513,2/11/07,Fri,855,EA,TW1C,129A ,M,R,D,O ,F , ,N,N,50,0,0,0,,,1745248,5428089,-41.28558165,174.734529
Wellington City,KARORI ROAD,180,W, ,EAGLE ST,2757768,6/12/07,Thu,2200,EA,TE1C,385A ,M,R,D,DO,F , ,N,C,50,0,0,0,,,1745097,5428034,-41.286104,174.7327397
Wellington City,KARORI ROAD,80,E, ,HATTON ST,2754331,18/07/07,Wed,1856,FE,CE1C,331A 352A ,,R,D,DO,F , ,T,C,50,0,0,0,,,1746188,5428425,-41.28238679,174.7456687
Wellington City,KARORI ROAD,40,W, ,LANCASTER ST,2751973,5/04/07,Thu,1859,FE,CW1C,103A 331A ,,R,D,DO,F , ,T,X,50,0,0,0,,,1746228,5428438,-41.2822625,174.746143
Wellington City,KARORI ROAD,, ,I,LANCASTER ST,2713170,30/08/07,Thu,1935,FC,CW1C,102A 181A ,,R,D,DO,F ,T,G,C,50,0,0,1,,,1746265,5428452,-41.28212974,174.7465813
Wellington City,KARORI ROAD,10,N, ,PARKVALE ROAD,2754065,28/06/07,Thu,1243,JA,CW1C,113A 402A 308B 314B 377B 922 ,,R,D,O ,F ,D,T,C,50,0,0,0,,,1745516,5428187,-41.28465103,174.7377046
Wellington City,KARORI ROAD,, ,I,STANDEN ST,2752495,8/05/07,Tue,1526,LB,VE14,303B 314B 377B ,,R,D,O ,F ,T,N,L,50,0,0,0,,,1746606,5428554,-41.28114954,174.7506269
Wellington City,KARORI ROAD,20,E, ,TRINGHAM ST,2752790,10/05/07,Thu,1620,FC,VW1M,112A 331A 353A ,,R,D,O ,F , ,N,X,50,0,0,0,,,1744737,5427958,-41.2868529,174.7284605
Wellington City,KARORI ROAD,20,W, ,TRINGHAM ST,2751527,15/03/07,Thu,855,MA,CW1C,373B ,,R,D,B ,F , ,N,C,50,0,0,0,,,1744697,5427953,-41.28690509,174.7279842
Wellington City,KARORI ROAD,50,W, ,TRINGHAM ST,2754662,2/08/07,Thu,2105,DB,CW1C,101A 386A ,M,M,D,DO,F , ,N,C,50,0,0,0,,,1744668,5427948,-41.2869553,174.7276393
Wellington City,KARORI ROAD,, ,I,TRINGHAM ST,2712454,11/06/07,Mon,720,KA,SE1X,302B 375B 671B ,,R,W,TF,L ,T,G,C,50,0,0,1,,58,1744717,5427956,-41.28687449,174.7282223
Wellington City,KARORI ROAD,, ,I,TRINGHAM ST,2755972,10/10/07,Wed,730,JA,CE1C,302B ,,R,W,O ,H ,T,G,C,50,0,0,0,,,1744717,5427956,-41.28687449,174.7282223
Wellington City,KARORI ROAD,, ,I,TRINGHAM ST,2756596,9/09/07,Sun,1200,GA,CN24,331A ,,R,D,B ,F ,T,G,X,50,0,0,0,,,1744717,5427956,-41.28687449,174.7282223
Wellington City,KELBURN PARADE,50,N, ,GLASGOW ST,2712276,25/05/07,Fri,814,EE,MN1C,151A 158A 374B 525B ,Q,R,D,B ,F , ,N,P,50,0,0,1,,,1748021,5427652,-41.28901256,174.767735
Wellington City,KELBURN PARADE,100,N, ,GLASGOW ST,2755741,12/07/07,Thu,1550,EA,BN1C,385A ,M,R,D,O ,F , ,N,C,50,0,0,0,,,1748042,5427698,-41.28859454,174.7679745
Wellington City,KELBURN PARADE,, ,I,SALAMANCA ROAD,2714001,27/11/07,Tue,1800,JA,SN1C,302B ,,M,D,B ,F ,Y,G,R,50,0,0,1,,28,1748148,5427897,-41.28678341,174.7691914
Wellington City,KELBURN PARADE,, ,I,SALAMANCA ROAD,2713634,3/11/07,Sat,1335,JA,SW2C,302B 375B ,,M,D,B ,F ,T,G,R,50,0,0,1,,35,1748148,5427897,-41.28678341,174.7691914
Wellington City,KELBURN VIADUCT,, ,I,GLENMORE ST,2751343,28/02/07,Wed,2040,LB,CW1C,302A 375A ,,E,D,DO,F ,R,G,R,50,0,0,0,,,1747179,5427876,-41.28714971,174.7576299
Wellington City,KENMORE ST,, ,I,BAYLANDS DRIVE,2753658,2/07/07,Mon,800,JA,CS1C,302B 387B ,,R,W,O ,L ,T,G,C,50,0,0,0,,,1753264,5434424,-41.22706432,174.8286174
Wellington City,KENMORE ST,, ,I,BAYLANDS DRIVE,2755726,6/09/07,Thu,1131,KB,CN1V,302B ,,E,D,B ,F ,T,G,C,50,0,0,0,,,1753264,5434424,-41.22706432,174.8286174
Wellington City,KENMORE ST,100,S, ,HOROKIWI ROAD WEST,2750214,6/01/07,Sat,905,QD,XS1B,527A 929 ,,M,D,B ,F ,D,N,N,50,0,0,0,,,1752990,5434780,-41.223911,174.8252607
Wellington City,KENT TERRACE,100,S, ,COURTENAY PLACE,2752833,13/05/07,Sun,407,CC,CS1B,101A 128A ,M,R,D,DO,F , ,N,R,50,0,0,0,,,1749335,5426978,-41.29483886,174.7835855
Wellington City,KENT TERRACE,100,S, ,EDGE HILL,2750450,18/01/07,Thu,1545,EE,CS1C,374B ,M,R,D,O ,F , ,N,C,50,0,0,0,,,1749268,5426828,-41.29620176,174.7828224
Wellington City,KENT TERRACE,20,N, ,HOME ST,2755225,9/06/07,Sat,1206,FD,CS1C,181A 353A ,,R,D,B ,F , ,N,N,50,0,0,0,,,1749279,5426854,-41.29596564,174.7829473
Wellington City,KENT TERRACE,10,S, ,HOME ST,2714034,26/12/07,Wed,1315,AC,CS1TC,372B ,HMH,R,D,B ,F ,T,N,C,50,0,0,2,,,1749267,5426826,-41.29621995,174.782811
Wellington City,KENT TERRACE,100,S, ,MAJORIBANKS ST,2754679,31/07/07,Tue,1742,EA,CS1C,129A 501A ,M,R,W,DO,L , ,N,R,50,0,0,0,,,1749335,5426978,-41.29483886,174.7835855
Wellington City,KENT TERRACE,15,N, ,PIRIE ST,2712368,9/06/07,Sat,33,FD,VS1C,103A 331A ,,R,D,DO,F , ,N,C,50,0,0,1,,,1749227,5426736,-41.29703766,174.7823555
Wellington City,KENTWOOD DRIVE,60,N, ,SUNNINGDALE LANE,2757592,21/12/07,Fri,1159,DA,VW1C,129A 135A 813 ,M,E,D,B ,F , ,N,N,50,0,0,0,,,1753418,5435520,-41.21716753,174.8301787
Wellington City,KENYA ST,100,N, ,TRELISSICK CRESCENT,2757788,21/09/07,Fri,830,MA,CS1B,373B ,,R,D,B ,F , ,N,C,50,0,0,0,,,1748402,5431416,-41.25505345,174.7713664
Wellington City,KENYA ST,, ,I,TRELISSICK ST,2752026,22/03/07,Thu,1545,EA,BN1C,197A ,M,M,D,B ,F ,T,G,C,50,0,0,0,,,1748383,5431323,-41.25589426,174.7711623
Wellington City,KHANDALLAH ROAD,30,E, ,COLWAY ST,2713692,20/10/07,Sat,1414,EE,CN1C,353A 374B ,Q,R,D,O ,F , ,N,C,50,0,0,1,,,1748751,5432277,-41.24723727,174.7753203
Wellington City,KHANDALLAH ROAD,15,N, ,COLWAY ST,2757920,27/11/07,Tue,1335,MO,TN1V,420A ,M,R,D,B ,F , ,N,C,50,0,0,0,,,1748741,5432266,-41.24733815,174.7752037
Wellington City,KHANDALLAH ROAD,, ,I,COLWAY ST,2713427,30/04/07,Mon,1530,GD,VN14,181A ,,R,W,O ,L ,T,G,C,50,0,0,1,,,1748730,5432255,-41.24743921,174.7750752
Wellington City,KHANDALLAH ROAD,20,W, ,TARIKAKA ST,2711659,14/03/07,Mon,1528,FD,4E1C,112A ,,R,D,B ,F , ,N,C,50,0,0,1,,,1748915,5432324,-41.24678391,174.7772653
Wellington City,KILBIRNIE CRESCENT,80,W, ,BAY ROAD,2755737,6/07/07,Fri,1205,MA,CE1C,373B ,,R,D,B ,F , ,N,C,50,0,0,0,,,1750207,5424538,-41.31664518,174.7945978
Wellington City,KILBIRNIE CRESCENT,20,N, ,CHILDERS TERRACE,2752777,11/04/07,Wed,1720,JA,CS1C,151A 156A 308B 314B 377B 927 ,,R,D,TF,F ,D,N,P,50,0,0,0,,,1750152,5424606,-41.3160432,174.7939242
Wellington City,KILBIRNIE CRESCENT,20,W, ,EVANS BAY PARADE,2712972,24/08/07,Fri,1311,EE,SN1C,374B ,M,R,D,B ,F , ,N,C,50,0,0,1,,54,1750248,5424496,-41.31701568,174.7950977
Wellington City,KILBIRNIE CRESCENT,25,S, ,WELLINGTON ROAD,2752494,3/05/07,Thu,2100,MD,XN1C,385B 817 929 ,,E,D,DO,F ,D,N,C,50,0,0,0,,,1750116,5425024,-41.31228651,174.7933911