TLA NAME,CRASH ROAD,CRASH DIST,CRASH DIRN,INTSN,SIDE ROAD,CRASH ID,CRASH DATE,CRASH DOW,CRASH TIME,MVMT,VEHICLES,CAUSES,OBJECTS STRUCK,ROAD CURVE,ROAD WET,LIGHT,WTHRa,JUNC TYPE,TRAF CTRL,ROAD MARK,SPD LIM,CRASH FATAL CNT,CRASH SEV CNT,CRASH MIN CNT,PERS AGE1,PERS AGE2,EASTING,NORTHING,latitude,longitude
Wellington City,KINGSFORD SMITH ST,15,N, ,LYALL PARADE,2753462,17/06/07,Sun,1636,MF,CN1C,331A 402A 371B ,,R,W,O ,L , ,N,R,50,0,0,0,,,1750645,5423277,-41.32791662,174.8001408
Wellington City,KINGSFORD SMITH ST,300,W, ,TIRANGI ROAD,2756933,25/09/07,Tue,2230,DA,4N1,111A ,C,S,W,DO,F , ,N,N,50,0,0,0,,,1750705,5423459,-41.32626682,174.8008123
Wellington City,KIPLING ST,50,W, ,BANNISTER AVENUE,2752432,30/04/07,Mon,345,DA,CN1,111A ,F,M,D,DO,F , ,N,N,50,0,0,0,,,1750829,5434651,-41.22547816,174.7995228
Wellington City,KOROMIKO ROAD,60,N, ,BROOMHILL ROAD,2755873,16/09/07,Sun,1745,BD,CS1X,110B 831 ,,M,D,B ,F , ,N,N,50,0,0,0,,,1747007,5427009,-41.29498712,174.7557861
Wellington City,KOWHAI ROAD,50,N, ,UPLAND ROAD,2754002,19/06/07,Tue,745,MO,CN1V,371A 645A 929 ,Q,R,W,O ,F , ,N,N,50,0,0,0,,,1747514,5427838,-41.2874307,174.7616379
Wellington City,LAMBTON QUAY,60,S, ,BALLANCE ST,2755179,26/07/07,Thu,1731,AA,BN1X,372A ,,E,D,DO,F , ,N,R,30,0,0,0,,,1748722,5428593,-41.28041147,174.775873
Wellington City,LAMBTON QUAY,, ,I,BALLANCE ST,2712347,29/03/07,Thu,1300,NA,CN1E,150A 204A 711B 712B ,,E,D,B ,F ,T,N,R,30,0,1,0,21,,1748753,5428643,-41.27995558,174.7762308
Wellington City,LAMBTON QUAY,, ,I,BALLANCE ST,2753657,13/06/07,Wed,1207,MA,BS1C,381B ,,R,D,O ,F ,T,N,N,50,0,0,0,,,1748753,5428643,-41.27995558,174.7762308
Wellington City,LAMBTON QUAY,, ,I,BOWEN ST,2713945,14/12/07,Fri,1600,LB,MN1B,303B 375B ,,R,D,B ,F ,X,T,C,50,0,0,1,,,1748819,5428688,-41.27953827,174.7770076
Wellington City,LAMBTON QUAY,, ,I,BOWEN ST,2750508,23/01/07,Tue,1745,AO,BN14,386A ,,R,D,B ,F ,X,T,C,50,0,0,0,,,1748819,5428688,-41.27953827,174.7770076
Wellington City,LAMBTON QUAY,, ,I,BOWEN ST,2752317,6/03/07,Tue,1730,AD,BN1C,129A 338A 385B ,Q,R,D,B ,F ,X,T,C,30,0,0,0,,,1748819,5428688,-41.27953827,174.7770076
Wellington City,LAMBTON QUAY,, ,I,BOWEN ST,2711139,21/01/07,Sun,620,DA,CW2,103A 111A ,P,R,D,O ,F ,X,T,R,50,0,0,1,,,1748819,5428688,-41.27953827,174.7770076
Wellington City,LAMBTON QUAY,10,S, ,BRANDON ST,2757433,27/11/07,Tue,1213,MA,BN1X,386A ,,R,D,B ,F ,T,N,C,50,0,0,0,,,1748685,5428290,-41.28314633,174.7755054
Wellington City,LAMBTON QUAY,40,E, ,BUNNY ST,2754922,4/08/07,Sat,2115,KA,BW1B,309B ,,R,W,DO,L , ,N,R,50,0,0,0,,,1748970,5428793,-41.27856507,174.7787841
Wellington City,LAMBTON QUAY,20,N, ,BUNNY ST,2712923,7/08/07,Tue,804,NA,BS1E,711B ,,R,D,B ,F , ,N,R,50,0,0,1,,,1748953,5428782,-41.27866724,174.7785839
Wellington City,LAMBTON QUAY,50,N, ,BUNNY ST,2713531,17/08/07,Fri,715,NA,BS1E,370A 711B ,,E,W,O ,L , ,N,R,50,0,0,1,17,,1748978,5428799,-41.27850957,174.7788781
Wellington City,LAMBTON QUAY,20,S, ,FARMERS LANE,2756592,19/05/07,Sat,1455,AA,BN1C,372A ,,E,D,B ,F , ,N,R,30,0,0,0,,,1748734,5428440,-41.28178679,174.7760536
Wellington City,LAMBTON QUAY,30,S, ,MASONS LANE,2755076,26/07/07,Thu,1008,MO,VN1C,434A 445A 440B ,,R,D,B ,F , ,N,R,30,0,0,0,,,1748721,5428583,-41.28050169,174.7758635
Wellington City,LAMBTON QUAY,20,S, ,STOUT ST,2753138,24/05/07,Thu,750,EA,VS1C,386A ,M,R,D,B ,F , ,N,R,30,0,0,0,,,1748731,5428469,-41.28152624,174.7760107
Wellington City,LAMBTON QUAY,20,N, ,WOODWARD ST,2750499,1/02/07,Thu,1505,AC,VN1B,372A ,,R,W,O ,F , ,N,R,30,0,0,0,,,1748734,5428424,-41.28193084,174.7760575
Wellington City,LAURENT PLACE,50,W, ,FARNHAM ST,2757967,1/08/07,Wed,1015,QD,VW1,428A ,T,R,W,B ,F , ,N,N,50,0,0,0,,,1747757,5423994,-41.32199564,174.765472
Wellington City,LEADLEY LANE,60,E, ,DAVIDSON CRESCENT,2756309,16/10/07,Tue,710,MA,CS1C,373B ,,R,D,TF,F , ,N,N,50,0,0,0,,,1753249,5441422,-41.16406179,174.8266855
Wellington City,LENNEL ROAD,, ,I,PITT ST,2751316,27/02/07,Tue,844,FD,VS1CV,331A 359A ,,E,D,B ,F ,X,N,C,50,0,0,0,,,1748749,5430672,-41.26168826,174.7756879
Wellington City,LERWICK TERRACE,20,W, ,QUEENS DRIVE,2757766,4/11/07,Sun,900,EA,CW1X,385A ,M,E,D,B ,F , ,N,C,50,0,0,0,,,1749989,5423767,-41.32362731,174.7921846
Wellington City,LERWICK TERRACE,20,W, ,QUEENS DRIVE,2757996,5/09/07,Wed,1845,EA,CE1C,385A ,M,E,D,O ,F , ,N,C,50,0,0,0,,,1749989,5423767,-41.32362731,174.7921846
Wellington City,LIARDET ST,, ,I,SHORT ST,2751638,8/02/07,Thu,810,FB,CN1V,420B ,,R,D,B ,F ,X,G,R,50,0,0,0,,,1748188,5425020,-41.31267902,174.7703694
Wellington City,LIVERPOOL ST,100,S, ,STRATHAVON ROAD,2757962,9/12/07,Sun,1830,MO,CS1C,371A 929 ,M,R,D,B ,F ,D,N,N,50,0,0,0,,,1751835,5423775,-41.32320979,174.8142295
Wellington City,LONSDALE CRESCENT,, ,I,RONGOTAI ROAD,2714014,23/12/07,Sun,1405,NA,CN1E,370A 713B 727B ,,R,D,B ,F ,T,N,N,50,0,0,1,3,,1750917,5424249,-41.31911458,174.8031482
Wellington City,LOWER WATT ST,, ,I,GROSVENOR TERRACE,2756437,3/11/07,Sat,1005,BA,CN1CC,423A 818 ,M,R,D,B ,F ,Y,N,N,50,0,0,0,,,1749105,5430215,-41.26573724,174.7800474
Wellington City,LUKES LANE,40,W, ,TARANAKI ST,2711840,15/02/07,Thu,2130,PA,TW1E,510A 520A ,,R,D,DO,F , ,N,N,50,0,0,1,23,,1748941,5427328,-41.29176046,174.7787963
Wellington City,LUXFORD ST,, ,I,RINTOUL ST,2755876,10/09/07,Mon,1655,BB,BS24,124A 386A ,,R,D,O ,F ,X,S,C,50,0,0,0,,,1748800,5424200,-41.31994915,174.7778781
Wellington City,LUXFORD ST,, ,I,RINTOUL ST,2754352,25/07/07,Wed,2102,KC,CN2CC,301A ,M,R,D,DO,F ,X,S,P,50,0,0,0,,,1748800,5424200,-41.31994915,174.7778781
Wellington City,LYALL PARADE,20,E, ,FREYBERG ST,2751619,3/03/07,Sat,1610,MA,CE1C,353A 386A 929 ,Q,R,D,B ,F ,D,N,C,50,0,0,0,,,1750098,5423063,-41.32994536,174.7936603
Wellington City,LYALL PARADE,, ,I,KINGSFORD SMITH ST,2753214,2/06/07,Sat,1542,MO,CW1T,133A ,FM,R,D,O ,F ,T,G,C,50,0,0,0,,,1750641,5423263,-41.32804342,174.8000965
Wellington City,LYALL PARADE,, ,I,QUEENS DRIVE,2711397,25/02/07,Sun,1150,GF,VS1S,150A 353A 370A ,T,R,D,B ,F ,R,G,R,50,0,0,1,,31,1749943,5422917,-41.33128868,174.791845
Wellington City,LYALL PARADE,150,S, ,RUA ST,2757762,17/11/07,Sat,1230,MC,CN1C,373B ,,R,D,B ,F , ,N,P,50,0,0,0,,,1749977,5422946,-41.33102126,174.7922439
Wellington City,MACDONALD CRESCENT,, ,I,DIXON ST,2750051,17/01/07,Wed,1017,DA,CN1C,111A 386A ,M,M,D,O ,F ,T,N,C,50,0,0,0,,,1748454,5427469,-41.29058068,174.7729483
Wellington City,MACDONALD CRESCENT,50,E, ,WILLIS ST,2755880,23/09/07,Sun,130,DA,CE1C,131A ,M,M,W,DN,F , ,N,C,50,0,0,0,,,1748429,5427427,-41.29096342,174.7726601
Wellington City,MAHOE ST,100,N, ,RAROA TERRACE,2756098,28/10/07,Sun,1240,CA,CW1C,103A ,M,R,D,B ,F , ,N,C,50,0,0,0,,,1754306,5441756,-41.16085421,174.8391944
Wellington City,MAHORA ST,10,S, ,RONGOTAI ROAD,2755971,30/09/07,Sun,1441,MO,CS1C,371A 387A 370B 927 ,,R,W,O ,L ,D,N,N,50,0,0,0,,,1750442,5424333,-41.31844706,174.7974548
Wellington City,MAHORA ST,15,S, ,RONGOTAI ROAD,2755227,23/07/07,Mon,1700,EA,CS1C,385A ,M,R,D,B ,F , ,N,C,50,0,0,0,,,1750440,5424328,-41.31849245,174.7974322
Wellington City,MAHORA ST,40,S, ,RONGOTAI ROAD,2754216,22/07/07,Sun,1600,KB,CN1C,308B 353B 375B 839 925 ,,R,D,O ,F ,D,N,C,50,0,0,0,,,1750433,5424304,-41.31870983,174.7973545
Wellington City,MAIDA VALE ROAD,20,N, ,GRAFTON ROAD,2711354,20/02/07,Tue,1520,BD,4S1C,120A 129B ,,M,D,B ,F ,Y,N,N,50,0,0,1,,,1750922,5427727,-41.28780019,174.8023452
Wellington City,MAIDA VALE ROAD,50,S, ,GRAFTON ROAD,2755712,28/08/07,Tue,904,BB,BS1C,120A 839 ,,S,W,O ,L , ,N,C,50,0,0,0,,,1750935,5427659,-41.28840998,174.8025172
Wellington City,MAIDA VALE ROAD,, ,I,GRAFTON ROAD,2751621,26/02/07,Mon,815,JC,CN2C,176A 375A 434A ,,M,D,B ,F ,Y,N,X,50,0,0,0,,,1750930,5427709,-41.28796075,174.8024452
Wellington City,MAIDA VALE ROAD,15,E, ,LINDUM TERRACE,2755970,27/09/07,Thu,2240,DA,CN1CC,130A 195A ,MM,E,D,DO,F , ,N,C,50,0,0,0,,,1750843,5427661,-41.28840917,174.8014186
Wellington City,MAIN ROAD,, ,I,CAMBRIDGE ST,2755124,31/08/07,Fri,1918,HA,CS1C,302A 375A ,,E,D,DO,F ,R,G,R,50,0,0,0,,,1753077,5440606,-41.17144105,174.8248402
Wellington City,MAIN ROAD,50,N, ,ESSEX ST,2753481,30/05/07,Wed,1659,MF,TS1C,387B ,,R,D,TF,F , ,N,X,50,0,0,0,,,1753098,5440853,-41.16921325,174.8250287
Wellington City,MAIN ROAD,260,S, ,FYVIE AVENUE,2753084,31/05/07,Thu,1044,GD,TN1C,331A 353A 929 ,,R,D,B ,F ,D,N,C,50,0,0,0,,,1753365,5441942,-41.15935809,174.8279374
Wellington City,MAIN ROAD,, ,I,FYVIE AVENUE,2756830,15/11/07,Thu,1025,KB,CS1C,302B 350B 375B ,,R,D,O ,F ,T,G,R,50,0,0,0,,,1753458,5442181,-41.15718869,174.8289855
Wellington City,MAIN ROAD,30,N, ,LYNDHURST ROAD,2757770,9/10/07,Tue,1605,FD,VN1CV,358A ,,R,D,O ,F , ,N,P,50,0,0,0,,,1753080,5440636,-41.17117038,174.8248685
Wellington City,MAIN ROAD,50,N, ,LYNDHURST ROAD,2755545,15/07/07,Sun,1032,MO,CS1V,371A ,,R,D,B ,F , ,N,C,50,0,0,0,,,1753082,5440656,-41.17098994,174.8248873
Wellington City,MAIN ROAD,, ,I,OXFORD ST,2712931,14/08/07,Tue,2157,BF,CW2C,103A 111A 514A ,,E,D,DO,F ,X,G,P,50,0,0,1,,,1753048,5440367,-41.17359834,174.8245544
Wellington City,MAIN ROAD,20,N, ,REDWOOD AVENUE,2755294,17/05/07,Thu,1205,FD,CS1C,331A 927 ,,R,D,B ,F ,D,N,C,50,0,0,0,,,1753118,5439983,-41.17704241,174.8254845
Wellington City,MAIN ROAD,30,N, ,REDWOOD AVENUE,2752377,19/04/07,Thu,1600,FB,CN1C,181A ,,R,D,B ,F , ,N,X,50,0,0,0,,,1753120,5439993,-41.176952,174.8255058
Wellington City,MAIN ROAD,20,S, ,REDWOOD AVENUE,2756290,29/10/07,Mon,1730,FD,CN1C,331A ,,R,D,O ,F , ,N,R,50,0,0,0,,,1753112,5439944,-41.17739468,174.8254228
Wellington City,MAIN ROAD,30,S, ,REDWOOD AVENUE,2753145,8/06/07,Fri,1510,MA,CN1C,373B ,,R,D,B ,F , ,N,C,50,0,0,0,,,1753110,5439934,-41.17748509,174.8254014
Wellington City,MAIN ROAD,30,S, ,REDWOOD AVENUE,2756250,5/10/07,Fri,1050,FA,CN1C,181A ,,R,D,B ,F , ,N,C,50,0,0,0,,,1752986,5439338,-41.18287452,174.8240727
Wellington City,MAIN ROAD,400,N, ,SUNRISE BOULEVARD,2752677,13/03/07,Tue,1515,EA,TN1C,386A ,M,R,D,O ,F , ,N,C,50,0,0,0,,,1752995,5439521,-41.18122521,174.8241342
Wellington City,MAIN ROAD,, ,I,SUNRISE BOULEVARD,2711473,14/01/07,Sun,855,LB,SN1V,303B 375B ,,R,W,O ,L ,T,G,C,50,0,1,0,,36,1753123,5439177,-41.18429819,174.8257457
Wellington City,MAIN ROAD,, ,I,SURREY ST,2755706,13/09/07,Thu,755,KB,CN1T,302B 375B ,,R,D,O ,F ,T,G,C,50,0,0,0,,,1753127,5441035,-41.16756915,174.8253287
Wellington City,MAIN ROAD,, ,I,SURREY ST,2752363,30/04/07,Mon,1615,JA,CS1C,302B 375B ,,R,W,O ,L ,T,G,C,50,0,0,0,,,1753127,5441035,-41.16756915,174.8253287
Wellington City,MAIN ROAD,, ,I,SURREY ST,2751551,2/04/07,Mon,1400,CB,CN1,130A ,F,R,D,O ,F ,T,G,C,50,0,0,0,,,1753127,5441035,-41.16756915,174.8253287
Wellington City,MAIN ROAD,, ,I,TAWA ST,2713752,13/11/07,Tue,50,CC,CN1,101A 410A ,F,R,D,DO,F ,R,G,R,50,0,0,1,,,1753082,5440147,-41.17557266,174.8250145
Wellington City,MAIN ROAD,100,N, ,VICTORY CRESCENT,2756855,18/11/07,Sun,1729,GC,CN1C,143B 372B 929 ,,R,D,B ,F ,D,N,P,50,0,0,0,,,1753214,5441212,-41.16595911,174.8263211
Wellington City,MAIN ROAD,50,S, ,VICTORY CRESCENT,2756305,5/07/07,Thu,1530,MA,CN1CC,381B 402B ,M,R,D,O ,F , ,N,P,50,0,0,0,,,1753144,5441080,-41.16716079,174.82552
Wellington City,MAIN ROAD,, ,I,VICTORY CRESCENT,2711535,6/03/07,Tue,2125,DC,CE2,302A 402A 407A ,FP,R,D,DO,F ,T,G,C,50,0,0,2,,,1753164,5441126,-41.16674285,174.8257468
Wellington City,MAIN ROAD,50,E, ,WILLOWBANK ROAD,2753634,8/07/07,Sun,520,CC,XE1,135A 802 ,G,R,I,DO,FF, ,N,C,50,0,0,0,,,1753269,5439034,-41.18555806,174.8275214
Wellington City,MAIN ROAD,40,W, ,WILLOWBANK ROAD,2755704,1/08/07,Wed,545,LB,CW1C,145A 303B 930 ,,R,W,DO,L ,D,N,P,50,0,0,0,,,1753278,5439029,-41.18560138,174.82763
Wellington City,MAJORIBANKS ST,10,W, ,BROUGHAM ST,2752477,26/04/07,Thu,800,BA,BE1C,132A 194A ,,R,D,O ,F ,T,G,C,50,0,0,0,,,1749568,5426981,-41.2947687,174.7863663
Wellington City,MAJORIBANKS ST,, ,I,BROUGHAM ST,2711634,28/02/07,Wed,1455,LB,SW1C,303B 375B ,,R,D,B ,F ,T,G,C,50,0,0,1,,20,1749577,5426977,-41.29480305,174.7864747
Wellington City,MAJORIBANKS ST,, ,I,HAWKER ST,2751627,19/02/07,Mon,730,KB,CE2C,302B 375B ,,R,D,B ,F ,T,G,C,50,0,0,0,,,1749647,5426946,-41.29506918,174.787318
Wellington City,MAJORIBANKS ST,5,E, ,LIPMAN ST,2712191,22/04/07,Sun,1215,NA,4W1E,383A 712B 719B 839 ,,R,D,O ,F ,T,N, ,50,0,0,1,60,,1749474,5427025,-41.29438997,174.7852333
Wellington City,MAJORIBANKS ST,, ,I,LIPMAN ST,2756907,10/11/07,Sat,1934,EA,CW1CC4,500A ,FMV,R,D,DF,F ,T,N,C,50,0,0,0,,,1749469,5427027,-41.29437289,174.7851731
Wellington City,MAJORIBANKS ST,, ,I,MAJORIBANK ST,2752687,19/05/07,Sat,1150,BB,CE2X,124A ,,R,D,B ,F ,T,G,C,50,0,0,0,,,1749577,5426977,-41.29480305,174.7864747
Wellington City,MAKARA ROAD,700,S, ,ESTUARY ST,2755896,28/09/07,Fri,1610,DA,CS1,110A 132A 804 ,EFT,M,D,B ,F , ,N,C,60,0,0,0,,,1743809,5434708,-41.22624318,174.7157914
Wellington City,MAKARA ROAD,1000,N, ,KHOURI AVENUE,2752765,12/05/07,Sat,1430,DA,CN1,111A ,CEF,S,D,B ,F , ,N,C,50,0,0,0,,,1743637,5428494,-41.28222335,174.7152035
Wellington City,MAKARA ROAD,720,N, ,MAKARA SUM,2753312,30/05/07,Wed,1345,DB,TE1,129A 386A ,FV,S,D,B ,F , ,N,C,100,0,0,0,,,1743405,5428678,-41.28060789,174.712391
Wellington City,MAKARA ROAD,530,N, ,SOUTH MAKARA ROAD,2714154,14/12/07,Fri,2130,DA,CN1,101A 111A ,FP,E,D,DO,F , ,N,C,50,0,1,1,,,1743172,5430352,-41.26557688,174.7092166
Wellington City,MAKARA ROAD,2000,S, ,SOUTH MAKARA ROAD,2758026,20/12/07,Thu,130,DA,VS1,103A ,FT,M,D,DN,F , ,N,C,50,0,0,0,,,1743268,5428673,-41.28067722,174.710757
Wellington City,MAKARA ROAD,3000,S, ,TAKARAU GORGE ROAD,2758012,22/12/07,Sat,330,DB,CN1,101A 410A ,F,E,D,DN,F , ,N,C,50,0,0,0,,,1743524,5430808,-41.2614087,174.7133097
Wellington City,MALVERN ROAD,, ,I,CENTENNIAL SBD,2757709,13/12/07,Thu,1110,FA,CS1C,111A 387A 182B ,,E,D,O ,F ,Y,N,N,100,0,0,0,,,1752009,5432645,-41.24331805,174.8140939
Wellington City,MANCHESTER ST,160,N, ,CAPRERA ST,2751988,14/04/07,Sat,1800,AO,CN1C,386A 514A ,,M,D,TF,F , ,N,C,50,0,0,0,,,1749501,5424135,-41.32040471,174.7862659
Wellington City,MANING LANE,20,E, ,VICTORIA ST,2755248,23/07/07,Mon,1530,EA,CW1C,385A ,M,R,D,O ,F , ,N,N,50,0,0,0,,,1748802,5427827,-41.28729338,174.777015
Wellington City,MANNERS ST,30,E, ,CUBA ST,2755034,30/05/07,Wed,1820,EA,VE1C,386A ,M,R,D,DO,F , ,N,N,50,0,0,0,,,1748806,5427369,-41.29141621,174.7771747
Wellington City,MANNERS ST,5,W, ,LUKES LANE,2755967,27/09/07,Thu,1500,MA,BE1X,351B 373B ,,R,D,O ,L ,M,N,N,50,0,0,0,,,1748885,5427305,-41.29197787,174.7781334
Wellington City,MANNERS ST,, ,I,TARANAKI ST,2713712,24/11/07,Sat,158,NA,CE1E,105B 718B ,,R,D,DO,F ,X,T,N,50,0,0,1,44,,1748949,5427248,-41.29247926,174.7789113
Wellington City,MANNERS ST,, ,I,TARANAKI ST,2754303,15/07/07,Sun,1540,FC,CE1V,351A ,,R,D,O ,F ,X,T,C,50,0,0,0,,,1748949,5427248,-41.29247926,174.7789113
Wellington City,MANNERS ST,20,W, ,VICTORIA ST,2751007,25/02/07,Sun,710,MO,CE1C,103A 386A ,,R,D,B ,F , ,N,C,50,0,0,0,,,1748675,5427505,-41.29021588,174.7755777
Wellington City,MANNERS ST,100,W, ,VICTORIA ST,2751395,11/03/07,Sun,1339,AC,VW1C,372A ,,R,D,B ,F , ,N,C,50,0,0,0,,,1748633,5427573,-41.28961138,174.7750597
Wellington City,MANNERS ST,, ,I,VICTORIA ST,2751297,25/02/07,Sun,710,DA,CS2V,103A 111A ,Q,R,D,TO,F ,X,T,R,50,0,0,0,,,1748686,5427488,-41.29036692,174.7757131
Wellington City,MANNERS ST,20,E, ,WILLIS ST,2757982,21/12/07,Fri,1400,MA,VW1B,373B 385B ,,R,D,B ,F , ,G,C,50,0,0,0,,,1748613,5427606,-41.28931795,174.7748129
Wellington City,MANNERS ST,50,E, ,WILLIS ST,2711322,14/02/07,Wed,1641,NA,CW1E,712B 713B ,,R,D,O ,F , ,N,C,50,0,0,1,33,,1748629,5427580,-41.2895491,174.7750103
Wellington City,MANNERS ST,80,E, ,WILLIS ST,2753804,26/04/07,Thu,1755,MO,BW1V,352A 373A ,,R,W,O ,L , ,N,C,50,0,0,0,,,1748644,5427555,-41.28977142,174.7751954
Wellington City,MANNERS ST,, ,I,WILLIS ST,2755640,20/09/07,Thu,1322,GO,VW1B,173A ,,R,D,B ,F ,X,T,C,30,0,0,0,,,1748603,5427623,-41.28916673,174.7746894
Wellington City,MANNERS ST,, ,I,WILLIS ST,2713419,8/06/07,Fri,805,FE,BW14,181A 191B ,,R,D,O ,F ,X,T,C,50,0,0,1,,,1748603,5427623,-41.28916673,174.7746894
Wellington City,MANNERS ST,, ,I,WILLIS ST,2756814,22/09/07,Sat,1000,GF,BW1V,124A ,,R,D,B ,F ,X,T,C,50,0,0,0,,,1748603,5427623,-41.28916673,174.7746894
Wellington City,MANSFIELD ST,5,N, ,ROY ST,2750510,26/01/07,Fri,730,MD,CN1C,308B 371B 929 ,,R,D,O ,F ,D,G,N,50,0,0,0,,,1749107,5424283,-41.31914516,174.7815242
Wellington City,MANSFIELD ST,20,S, ,ROY ST,2756795,13/09/07,Thu,2100,MO,4S1C,103A 371A ,M,R,D,O ,F , ,N,C,50,0,0,0,,,1749112,5424258,-41.31936932,174.78159
Wellington City,MANSFIELD ST,40,S, ,ROY ST,2752459,15/04/07,Sun,435,MO,CS1C,371A 386A ,M,R,D,DO,F , ,N,N,50,0,0,0,,,1749117,5424239,-41.31953946,174.7816544
Wellington City,MANSFIELD ST,, ,I,ROY ST,2757499,14/11/07,Wed,915,DC,CW2,111A ,CX,R,D,B ,F ,T,G,P,50,0,0,0,,,1749108,5424278,-41.31918999,174.7815373
Wellington City,MAREWA ROAD,50,N, ,UPOKO ROAD,2755738,21/07/07,Sat,1900,BA,CN1C,386A ,,M,W,DO,L , ,N,C,50,0,0,0,,,1750294,5426369,-41.30014389,174.7951843
Wellington City,MARION ST,30,S, ,GHUZNEE ST,2755026,11/07/07,Wed,1110,MO,CN1V,371A ,M,R,D,O ,F , ,N,C,50,0,0,0,,,1748756,5427099,-41.29385636,174.7766438
Wellington City,MARION ST,50,S, ,GHUZNEE ST,2752615,7/03/07,Wed,1654,MO,4S1,385A ,J,R,D,B ,F , ,N,C,50,0,0,0,,,1748748,5427081,-41.2940199,174.7765527
Wellington City,MARK AVENUE,30,S, ,TERRANCE GROVE,2751407,28/01/07,Sun,515,DA,CN1CC,103A 111A ,M,M,D,TO,F , ,N,C,50,0,0,0,,,1752245,5436126,-41.211933,174.8160413
Wellington City,MARK AVENUE,, ,I,TERRANCE GROVE,2756440,25/10/07,Thu,1800,GB,CN1C,181A 929 ,,R,D,B ,F ,D,N,C,50,0,0,0,,,1752247,5436156,-41.21166252,174.8160577
Wellington City,MARSDEN AVENUE,15,W, ,LANCASTER ST,2753497,25/05/07,Fri,930,EA,CW1C,385A ,M,R,D,B ,F , ,N,C,50,0,0,0,,,1746291,5428327,-41.28325048,174.7469217
Wellington City,MARTIN SQUARE,100,E, ,TARANAKI ST,2755938,16/10/07,Tue,1348,MO,CE14,386A 903 ,M,R,W,B ,LS, ,N,N,50,0,0,0,,,1748803,5426726,-41.29720598,174.7772961
Wellington City,MASSEY ROAD,1000,N, ,FORT BALLANCE ROAD,2712479,21/06/07,Thu,2200,DA,CS1,130A ,C,E,W,DN,LS, ,N,C,50,0,1,0,,,1753078,5427764,-41.28706115,174.8280709
Wellington City,MASSEY ROAD,700,S, ,FORT BALLANCE ROAD,2713502,17/08/07,Fri,2315,DB,CN1,101A 111A 351A ,PZ,E,D,DN,F , ,N,C,50,0,0,2,,,1753584,5426692,-41.29661644,174.8343811
Wellington City,MASSEY ROAD,280,S, ,PT HALSWELL,2755574,7/09/07,Fri,2008,DB,CN1,111A 402A ,C,M,D,DN,F , ,N,C,50,0,0,0,,,1752827,5427835,-41.28646948,174.8250571
Wellington City,MASSEY ROAD,200,N, ,SHELLY BAY ROAD,2712098,3/04/07,Tue,936,PO,CS1E,510A ,,E,D,B ,F , ,N,C,50,0,0,1,36,,1752619,5427434,-41.29011911,174.8226749
Wellington City,MATAI ROAD,, ,I,WAITOA ROAD,2752348,6/05/07,Sun,1640,DB,CE2C,131A 402A ,M,R,D,B ,F ,T,N,N,50,0,0,0,,,1750434,5425831,-41.30496159,174.7969888
Wellington City,MAUPUIA ROAD,30,S, ,AKAROA DRIVE,2755866,8/10/07,Mon,2217,EA,CN1C,111A 386A ,MC,E,D,DO,F , ,N,C,50,0,0,0,,,1751856,5425286,-41.30960197,174.814103
Wellington City,MAUPUIA ROAD,, ,I,AKAROA DRIVE,2750431,28/01/07,Sun,200,DA,CN1C,101A 111A ,M,M,D,DO,F ,T,G,C,50,0,0,0,,,1751856,5425289,-41.30957496,174.8141022
Wellington City,MAUPUIA ROAD,100,N, ,MIRAMAR AVENUE,2757749,20/12/07,Thu,2130,EA,CN1C,385A ,M,R,D,DO,F , ,N,C,50,0,0,0,,,1751754,5424806,-41.31394272,174.8130048
Wellington City,MAUPUIA ROAD,100,W, ,TAUHINU ROAD,2713339,10/09/07,Mon,1755,DB,CW1EV,101A 111A ,M,S,D,TF,F , ,N,C,50,0,0,1,24,,1752118,5425281,-41.30959763,174.8172326
Wellington City,MAUPUIA ROAD,170,W, ,TAUHINU ROAD,2756378,16/07/07,Mon,1920,EA,CW1C,370A 691A 831 ,M,S,D,DO,F , ,N,C,50,0,0,0,,,1752097,5425219,-41.31015979,174.8169974
Wellington City,MCGREGOR ST,20,W, ,TIRANGI ROAD,2755222,23/06/07,Sat,1220,MO,CE1CC,371A 385A ,M,R,D,B ,F , ,N,N,50,0,0,0,,,1750771,5423351,-41.32722683,174.8016274
Wellington City,MEIN ST,20,E, ,DANIELL ST,2754064,30/06/07,Sat,1940,CB,CW1CC,103A 129A ,M,R,W,DO,L , ,N,N,50,0,0,0,,,1749150,5425242,-41.31050297,174.7818025
Wellington City,MEIN ST,50,W, ,DANIELL ST,2756604,28/09/07,Fri,712,BA,XE1C,125A ,,R,D,B ,F , ,N,C,50,0,0,0,,,1749081,5425228,-41.31064177,174.780982
Wellington City,MEIN ST,30,W, ,OWEN ST,2756923,6/06/07,Wed,915,EA,TE1CCC,386A ,M,R,D,B ,F , ,N,C,50,0,0,0,,,1749271,5425266,-41.3102645,174.7832414
Wellington City,MEIN ST,, ,I,OWEN ST,2752489,5/04/07,Thu,700,HA,CS2M,302A 375A ,,R,D,B ,F ,X,G,C,50,0,0,0,,,1749300,5425272,-41.31020512,174.7835862
Wellington City,MEIN ST,50,E, ,RIDDIFORD ST,2752850,31/05/07,Thu,1720,JA,CE1C,308B 930 ,,R,D,O ,F ,D,N,C,50,0,0,0,,,1748966,5425207,-41.31085209,174.7796139
Wellington City,MEIN ST,50,E, ,RIDDIFORD ST,2756012,4/10/07,Thu,1940,CB,CE1CCC,136A 622A ,M,R,W,DO,L , ,N,C,50,0,0,0,,,1748966,5425207,-41.31085209,174.7796139