TLA NAME,CRASH ROAD,CRASH DIST,CRASH DIRN,INTSN,SIDE ROAD,CRASH ID,CRASH DATE,CRASH DOW,CRASH TIME,MVMT,VEHICLES,CAUSES,OBJECTS STRUCK,ROAD CURVE,ROAD WET,LIGHT,WTHRa,JUNC TYPE,TRAF CTRL,ROAD MARK,SPD LIM,CRASH FATAL CNT,CRASH SEV CNT,CRASH MIN CNT,PERS AGE1,PERS AGE2,EASTING,NORTHING,latitude,longitude
Wellington City,MEIN ST,, ,I,RIDDIFORD ST,2754170,21/06/07,Thu,955,BD,CS2CC,122A 124B ,,R,W,O ,F ,X,T,C,50,0,0,0,,,1748917,5425201,-41.31091515,174.7790303
Wellington City,MERSEY ST,, ,I,THE PARADE,2754491,21/07/07,Sat,1630,FB,CW1V,331A ,,R,D,B ,F ,X,S,N,50,0,0,0,,,1748318,5422292,-41.33721644,174.7725875
Wellington City,MESSINES ROAD,, ,I,PLYMOUTH ST,2713942,5/12/07,Wed,841,MB,SN1C,372B ,,E,D,B ,F ,T,N,C,50,0,0,1,,44,1746569,5427951,-41.28658542,174.7503304
Wellington City,MESSINES ROAD,, ,I,PLYMOUTH ST,2750663,31/01/07,Wed,1729,GB,MS1C,158A 387A 175B 929 ,,E,D,B ,F ,D,N,C,50,0,0,0,,,1746569,5427951,-41.28658542,174.7503304
Wellington City,MEXTED TERRACE,, ,A,TREMEWAN ST,2752532,25/05/07,Fri,900,BB,CS2C,123A 645A ,,S,D,B ,F , ,N,C,50,0,0,0,,,1754213,5442260,-41.15633422,174.8379596
Wellington City,MIDDLETON ROAD,, ,I,HALSWATER DRIVE,2713174,10/09/07,Mon,1750,LB,MS1C,303B 375B ,,E,D,B ,F ,T,S,C,50,0,1,0,,,1751917,5436593,-41.20779004,174.8120146
Wellington City,MIDDLETON ROAD,400,S, ,RICHMOND HILL,2713125,12/09/07,Wed,2020,DB,CN1,111A ,G,E,D,DN,F , ,N,L,70,0,0,2,,,1752941,5437909,-41.19574883,174.8238936
Wellington City,MIDDLETON ROAD,, ,I,WESTCHESTER DRIVE,2757885,8/12/07,Sat,1730,LB,XW1C,303B ,,E,D,O ,F ,T,G,R,50,0,0,0,,,1752251,5437033,-41.20376581,174.815887
Wellington City,MILES CRESCENT,20,S, ,LYNDFIELD LANE,2712282,31/03/07,Sat,1930,DB,CN1,132A 197A ,FT,E,W,DO,LS, ,N,N,50,0,0,1,,,1752517,5433665,-41.23403901,174.8198987
Wellington City,MILES CRESCENT,40,S, ,LYNDFIELD LANE,2757218,24/10/07,Wed,1450,EA,CS1C,929,Q,E,D,B ,F ,D,N,C,50,0,0,0,,,1752379,5433872,-41.23220133,174.8182011
Wellington City,MILES CRESCENT,70,S, ,LYNDFIELD LANE,2757990,8/12/07,Sat,2250,DB,CS1C,103A 120A 410A ,M,E,D,DO,F , ,N,N,50,0,0,0,,,1752372,5433843,-41.23246375,174.8181249
Wellington City,MILLS ROAD,, ,I,GOWRIE ST,2750602,11/02/07,Sun,1745,LB,CN1C,303B 355B 404B ,,R,D,B ,F ,T,N,C,50,0,0,0,,,1747832,5425201,-41.31111472,174.7660743
Wellington City,MILLS ROAD,200,S, ,VENNELL ST,2752831,1/06/07,Fri,1637,DA,CS1C,101A 111A ,FM,E,D,O ,LS, , ,C,50,0,0,0,,,1747763,5424718,-41.31547604,174.7653677
Wellington City,MILLS ROAD,10,N, ,VERONICA ST,2755175,4/09/07,Tue,1515,FC,CS1V,181A 191B ,,R,W,O ,F ,X,N,X,50,0,0,0,,,1747814,5425063,-41.3123605,174.7658929
Wellington City,MIRAMAR AVENUE,, ,I,CHELSEA ST,2757534,11/12/07,Tue,1245,LB,CN1C,301A ,,R,D,O ,F ,X,S,C,50,0,0,0,,,1752257,5424401,-41.31749422,174.8191127
Wellington City,MIRAMAR AVENUE,, ,I,MAUPUIA ROAD,2754104,4/07/07,Wed,1741,JA,CE1C,309B 375B ,,R,W,DO,L ,T,N,C,50,0,0,0,,,1751725,5424711,-41.31480348,174.8126822
Wellington City,MIRAMAR AVENUE,, ,I,MAUPUIA ROAD,2754813,28/07/07,Sat,1624,KB,CW1C,176B 303B ,,R,D,B ,F ,T,N,R,50,0,0,0,,,1751725,5424711,-41.31480348,174.8126822
Wellington City,MIRAMAR AVENUE,, ,I,PARA ST,2757498,3/12/07,Mon,1520,LB,VW1C,303B 377B ,,R,D,O ,F ,X,G,N,50,0,0,0,,,1752257,5424401,-41.31749422,174.8191127
Wellington City,MIRAMAR AVENUE,, ,I,PARK ROAD,2753175,2/06/07,Sat,1848,HA,CE1CC,302A ,,E,D,DO,F ,R,G,R,50,0,0,0,,,1752036,5424529,-41.3163835,174.8164415
Wellington City,MIRAMAR AVENUE,, ,I,PARK ROAD,2713458,6/11/07,Tue,2200,FA,PE1V,181A ,,E,D,DO,F ,R,G,R,50,0,1,0,,,1752042,5424532,-41.31635536,174.8165124
Wellington City,MIRAMAR AVENUE,, ,I,PORTSMOUTH ROAD,2751747,6/03/07,Tue,804,FB,4W1C,331A ,,R,D,B ,F ,R,N,R,50,0,0,0,,,1751783,5424677,-41.31509868,174.8133833
Wellington City,MIRAMAR AVENUE,, ,I,SHELLY BAY ROAD,2757964,27/12/07,Thu,2335,JA,CE1C,303B 602B ,,R,D,DO,F ,T,N,P,50,0,0,0,,,1751637,5424734,-41.31461296,174.8116256
Wellington City,MIRAMAR AVENUE,, ,I,SHELLY BAY ROAD,2751565,13/03/07,Tue,1500,BF,4E1B,111A 133A ,,M,W,O ,L ,T,N,C,50,0,0,0,,,1751637,5424734,-41.31461296,174.8116256
Wellington City,MIRAMAR AVENUE,40,E, ,STONE ST,2756915,16/11/07,Fri,1500,KC,CW1C,308A 300B 927 ,,R,D,B ,F ,D,N,C,50,0,0,0,,,1751984,5424559,-41.31612321,174.815813
Wellington City,MIRAMAR AVENUE,20,W, ,STONE ST,2751637,4/01/07,Thu,1735,LB,VW1C,145A 387A 387B 925 ,,R,D,B ,F ,D,N,R,50,0,0,0,,,1751932,5424589,-41.31586291,174.8151846
Wellington City,MIRAMAR AVENUE,, ,I,STONE ST,2754077,21/07/07,Sat,1600,JA,PW1C,302B 375B 839 ,,R,D,O ,F ,T,G,C,50,0,0,0,,,1751949,5424579,-41.31594974,174.8153901
Wellington City,MIRAMAR AVENUE,30,E, ,TAUHINU ROAD,2753917,11/07/07,Wed,1620,MC,CW1C,372B ,,R,W,O ,L , ,N,P,50,0,0,0,,,1751808,5424662,-41.31522902,174.8136856
Wellington City,MIRAMAR AVENUE,, ,I,TAUHINU ROAD,2713202,19/09/07,Wed,1742,HA,CS2S,302A 375A 902 ,,R,D,B ,F ,R,G,R,50,0,1,0,,35,1751782,5424678,-41.31508986,174.8133711
Wellington City,MIRAMAR AVENUE,, ,I,TAUHINU ROAD,2751071,1/03/07,Thu,1734,AC,TW1C,158A 170A ,,R,D,B ,F ,R,G,R,50,0,0,0,,,1751783,5424677,-41.31509868,174.8133833
Wellington City,MIRAMAR AVENUE,, ,I,TAUHINU ROAD,2756540,24/08/07,Fri,1620,FB,CE1C,331A 352A ,,R,D,B ,F ,R,G,R,50,0,0,0,,,1751782,5424678,-41.31508986,174.8133711
Wellington City,MIRAMAR NORTH ROAD,500,W, ,DARLINGTON ROAD,2753123,27/05/07,Sun,1400,EA,CN1C,386A ,M,R,D,B ,F , ,N,N,50,0,0,0,,,1752484,5425787,-41.30497291,174.821476
Wellington City,MIRO ST,80,W, ,BROADWAY,2711248,22/02/07,Thu,1530,AD,PS1S,204A 386A ,,E,D,O ,F , ,N,N,50,0,0,1,,,1751423,5423566,-41.32516894,174.8093611
Wellington City,MITCHELL ST,30,S, ,APUKA ST,2756629,20/09/07,Thu,820,MO,TS1C,371A ,M,R,D,B ,F , ,N,N,50,0,0,0,,,1747366,5426171,-41.3024666,174.7602748
Wellington City,MITCHELL ST,, ,I,ATLANTA GROVE,2752600,7/05/07,Mon,2020,MC,MS1C,382B ,,E,D,DO,F ,Y,N,N,50,0,0,0,,,1747192,5425320,-41.31016034,174.7584032
Wellington City,MOA POINT ROAD,, ,A,BREAKER BAY ROAD,2713714,10/11/07,Sat,1350,AC,VW1S,159A 197A ,,S,D,B ,F , ,N,C,50,0,0,1,,29,1752343,5421594,-41.34274986,174.8208434
Wellington City,MOA POINT ROAD,15,E, ,COCHRANE ST,2713506,30/06/07,Sat,1531,GD,CE14,386A 402A 926 ,,R,W,O ,L ,D,N,C,50,0,0,1,,,1750950,5423214,-41.32842678,174.8037993
Wellington City,MOA POINT ROAD,50,E, ,COCHRANE ST,2712157,13/02/07,Tue,1437,GD,VE1C,333A 902 926 ,,R,D,B ,F ,D,N,C,50,0,0,1,,,1750983,5423203,-41.32851963,174.8041962
Wellington City,MOA POINT ROAD,500,E, ,STEWART DUFF DRIVE,2755655,6/07/07,Fri,2000,DB,CE1,111A 135A 350A 801 ,F,M,W,DN,L , ,N,C,50,0,0,0,,,1751516,5421920,-41.33997075,174.8108823
Wellington City,MOA POINT ROAD,220,S, ,STEWART DUFF DRIVE,2712554,28/01/07,Sun,1224,JA,SN1PS,309B 920 ,,R,D,B ,F ,D,N,C,50,0,0,2,,22,1751517,5422179,-41.33763874,174.8108296
Wellington City,MOA POINT ROAD,700,S, ,STEWART DUFF DRIVE,2712769,21/08/07,Tue,1632,JA,CS1C,112A 308B 375B 927 ,,R,D,B ,F ,D,N,C,50,0,0,1,,,1751556,5421757,-41.34143075,174.8114008
Wellington City,MOFFITT ST,15,N, ,SHORT ST,2757230,16/09/07,Sun,1100,MO,CE1C,371A 929 ,M,R,D,B ,F ,D,N,N,50,0,0,0,,,1748144,5424998,-41.31288518,174.7698494
Wellington City,MOLESWORTH ST,15,S, ,KATE SHEPPARD PLACE,2756585,17/08/07,Fri,1600,EE,CN1X,374B ,Q,E,D,O ,F , ,N,N,50,0,0,0,,,1748890,5428871,-41.27787755,174.7778102
Wellington City,MOLESWORTH ST,, ,I,MAY ST,2757777,18/11/07,Sun,900,GD,CN1C,333A ,,R,D,B ,F ,Y,N,N,50,0,0,0,,,1748908,5429342,-41.2736336,174.77791
Wellington City,MOLESWORTH ST,30,N, ,PIPITEA ST,2756672,30/10/07,Tue,1530,MO,CN1C,385A 927 ,M,R,D,B ,F ,D,N,C,50,0,0,0,,,1748899,5429169,-41.27519286,174.7778448
Wellington City,MOLESWORTH ST,30,S, ,TINAKORI ROAD,2750363,7/02/07,Wed,745,MG,CN1T,371B ,,R,D,B ,F , ,N,N,50,0,0,0,,,1748906,5429535,-41.2718963,174.7778389
Wellington City,MONAGHAN AVENUE,, ,I,KARORI ROAD,2713138,4/09/07,Tue,1923,NF,CE2E,370A 724B 725B ,,R,W,DO,H ,T,N,C,50,0,0,1,75,,1745307,5428110,-41.28538196,174.7352283
Wellington City,MONORGAN ROAD,100,S, ,BROADWAY,2713678,9/02/07,Fri,2341,CB,VS1,410A ,T,R,D,DO,F , ,N,C,50,0,0,1,,,1752146,5423454,-41.32604119,174.8180241
Wellington City,MONORGAN ROAD,150,S, ,BROADWAY,2711860,3/04/07,Tue,1859,JA,MS14,600A 308B 920 ,,R,D,DO,F ,D,N,C,50,0,0,1,,,1752147,5423405,-41.32648216,174.8180484
Wellington City,MONORGAN ROAD,150,S, ,BROADWAY,2713495,23/10/07,Tue,1605,GC,MS1C,144B 372B 929 ,,R,D,B ,F ,D,N,N,50,0,0,1,,,1752147,5423405,-41.32648216,174.8180484
Wellington City,MONORGAN ROAD,300,S, ,BROADWAY,2752511,18/05/07,Fri,806,FD,VS1C,331A 355A ,,R,D,B ,F , ,N,C,50,0,0,0,,,1752152,5423255,-41.32783169,174.8181456
Wellington City,MONORGAN ROAD,100,N, ,RAUKAWA ST,2755015,13/03/07,Tue,1530,BA,CN1C,125A ,,R,D,B ,F , ,N,C,50,0,0,0,,,1752150,5423296,-41.32746294,174.8181115
Wellington City,MONORGAN ROAD,20,S, ,RAUKAWA ST,2756836,28/10/07,Sun,530,CC,CS1,102A 410A ,FT,R,D,TF,F , ,N,C,50,0,0,0,,,1752154,5423176,-41.32854256,174.8181893
Wellington City,MONTREAL GROVE,10,N, ,COLUMBIA WAY,2712308,17/05/07,Thu,924,EA,CN1T,129A 363A ,M,M,D,B ,F ,T,N,N,50,0,0,2,,,1747506,5423864,-41.32321204,174.7625059
Wellington City,MOOREFIELD ROAD,100,S, ,BRODERICK ROAD,2756665,18/10/07,Thu,1525,FD,CN14,181A ,,R,W,O ,F , ,N,C,50,0,0,0,,,1751138,5434676,-41.22519541,174.8032015
Wellington City,MOOREFIELD ROAD,, ,I,BRODERICK ROAD,2712318,18/05/07,Fri,1910,LB,CS1V,303B ,,R,D,DO,F ,X,T,P,50,0,1,1,,,1751177,5434767,-41.22436882,174.8036441
Wellington City,MOOREFIELD ROAD,15,S, ,HELSTON ROAD,2756652,11/05/07,Fri,1920,FC,CS1C,331A ,,E,W,DO,L , ,N,X,50,0,0,0,,,1751515,5435160,-41.22076726,174.8075772
Wellington City,MOOREFIELD ROAD,, ,I,HELSTON ROAD,2750418,1/02/07,Thu,800,KC,CW2V,302A 141B 176B ,,E,D,O ,FS,R,G,R,50,0,0,0,,,1751532,5435174,-41.22063803,174.8077765
Wellington City,MOOREFIELD ROAD,, ,I,JOHNSONVILLE ON NBD,2754206,30/06/07,Sat,1000,HA,CS1C,302A ,,R,W,O ,L ,R,G,R,50,0,0,0,,,1751503,5435082,-41.22147177,174.8074535
Wellington City,MOOREFIELD ROAD,, ,I,JOHNSONVILLE ROAD,2756168,24/10/07,Wed,1100,HA,CS24,302A 375A ,,R,D,B ,F ,R,G,R,50,0,0,0,,,1751500,5435050,-41.22176044,174.8074257
Wellington City,MOOREFIELD ROAD,, ,I,JOHNSONVILLE ROAD,2754841,15/08/07,Wed,1510,LB,CN1C,302A 359A ,,R,D,B ,F ,R,G,R,50,0,0,0,,,1751485,5435067,-41.22161019,174.8072426
Wellington City,MOOREFIELD ROAD,5,S, ,STEPHEN ST,2753215,22/06/07,Fri,1300,EA,CN1C,129A 358A ,M,R,D,B ,F ,T,N,C,50,0,0,0,,,1751003,5434393,-41.22776859,174.8016616
Wellington City,MOORHOUSE ST,, ,I,WADESTOWN ROAD,2753507,10/06/07,Sun,840,DB,CW1C,111A 431A ,M,R,D,DO,F ,T,N,N,50,0,0,0,,,1748824,5430456,-41.26361921,174.7766355
Wellington City,MORNINGTON ROAD,100,W, ,MILLS ROAD,2755037,7/06/07,Thu,630,EA,CN1C,330A ,M,E,D,DO,F , ,N,N,50,0,0,0,,,1747663,5424713,-41.31553937,174.7641748
Wellington City,MORTIMER TERRACE,20,W, ,EPUNI ST,2754805,6/08/07,Mon,834,MG,CS1C,201A 371A 831 ,,S,W,O ,L , ,N,N,50,0,0,0,,,1747787,5426720,-41.29744669,174.765168
Wellington City,MOUNT ALBERT ROAD,100,W, ,BUCKLEY ROAD,2712451,30/06/07,Sat,2313,BC,CS1X,111A 121A ,,S,W,DN,L , ,N,C,50,0,0,1,,,1749076,5423129,-41.32954078,174.781437
Wellington City,MOUNT PLEASANT ROAD,30,E, ,KOROMIKO ROAD,2755238,30/06/07,Sat,1230,BD,CE1C,110A 831 ,,M,W,O ,L , ,N,N,50,0,0,0,,,1747024,5426923,-41.29575833,174.7560098
Wellington City,MOUNT ST,, ,A,MCKENZIE TERRACE,2757960,13/11/07,Tue,1851,BD,CW1C,121A 818 ,,M,D,O ,F , ,N,N,50,0,0,0,,,1748265,5427680,-41.28871568,174.7706408
Wellington City,MOXHAM AVENUE,100,N, ,GOA ST,2751147,6/02/07,Tue,1924,MO,CS1C,403A 420A ,M,R,D,TF,F , ,N,C,50,0,0,0,,,1750074,5425500,-41.30800874,174.7927721
Wellington City,MOXHAM AVENUE,, ,I,GOA ST,2752025,10/02/07,Sat,2337,HA,CW2C,321A ,,R,D,DO,F ,X,S,C,50,0,0,0,,,1750046,5425404,-41.30887827,174.7924615
Wellington City,MOXHAM AVENUE,, ,I,GOA ST,2752856,19/04/07,Thu,1315,HA,CE2C,321A ,,R,D,B ,F ,X,S,C,50,0,0,0,,,1750046,5425404,-41.30887827,174.7924615
Wellington City,MOXHAM AVENUE,, ,I,GOA ST,2754400,22/07/07,Sun,325,HA,CS1X,103A 321B ,,R,W,DO,F ,X,S,C,50,0,0,0,,,1750046,5425404,-41.30887827,174.7924615
Wellington City,MOXHAM AVENUE,, ,I,KUPE ST,2756682,30/10/07,Tue,1205,DB,CS1,111A ,F,R,D,B ,F ,T,S,C,50,0,0,0,,,1750015,5425301,-41.30981137,174.7921167
Wellington City,MOXHAM AVENUE,50,N, ,RAUPO ST,2753083,24/05/07,Thu,730,EA,BS1V,129A 353A 386A ,M,R,D,B ,F , ,N,C,50,0,0,0,,,1750099,5425598,-41.30712176,174.7930464
Wellington City,MOXHAM AVENUE,, ,I,RAUPO ST,2755089,2/09/07,Sun,500,CB,CN1V,103A ,,R,D,DO,F ,T,N,C,50,0,0,0,,,1750088,5425549,-41.30756497,174.7929272
Wellington City,MOXHAM AVENUE,30,N, ,TAURIMA ST,2755298,16/05/07,Wed,1830,MO,4S1C,371A 385A ,M,R,D,TO,F , ,N,C,50,0,0,0,,,1750189,5425902,-41.304368,174.794046
Wellington City,MOXHAM AVENUE,5,S, ,TAURIMA ST,2756570,19/10/07,Fri,1645,MO,CS14,371B ,,R,D,B ,F ,T,N,C,50,0,0,0,,,1750175,5425870,-41.30465871,174.7938867
Wellington City,MOXHAM AVENUE,, ,I,TAURIMA ST,2712787,19/06/07,Tue,930,ND,CS2E,306A 645A 724B ,,R,D,B ,F ,T,G,X,50,0,0,1,58,,1750176,5425875,-41.30461351,174.7938974
Wellington City,MOXHAM AVENUE,, ,I,TAURIMA ST,2713327,14/10/07,Sun,230,DC,CE2,103A 113A 135A 801 ,FH,R,W,DO,HS,T,G,P,50,0,0,1,,,1750176,5425875,-41.30461351,174.7938974
Wellington City,MOXHAM AVENUE,, ,I,TAURIMA ST,2755215,16/07/07,Mon,800,DA,CS1C,131A ,M,R,D,DO,F ,T,G,C,50,0,0,0,,,1750176,5425875,-41.30461351,174.7938974
Wellington City,MOXHAM AVENUE,15,S, ,WAITOA ROAD,2752001,2/04/07,Mon,1230,QD,4W1V,428A ,,R,D,B ,F ,T,G,C,50,0,0,0,,,1750198,5425922,-41.30418625,174.7941485
Wellington City,MOXHAM AVENUE,, ,I,WAITOA ROAD,2755296,10/05/07,Thu,645,HA,CW2C,302B ,,R,W,DO,L ,X,G,X,50,0,0,0,,,1750204,5425936,-41.30405909,174.7942167
Wellington City,MOXHAM AVENUE,, ,I,WAITOA ROAD,2750559,19/02/07,Mon,830,BB,BE2C,124A ,,R,D,B ,F ,X,G,N,50,0,0,0,,,1750204,5425936,-41.30405909,174.7942167
Wellington City,MULGRAVE ST,, ,I,AITKEN ST,2711524,10/03/07,Sat,710,FE,CS1M,331B 358B 402B 817 ,,R,D,B ,F ,T,T,C,50,0,0,1,,,1749064,5428963,-41.27701713,174.7798644
Wellington City,MULGRAVE ST,, ,I,AITKEN ST,2753429,24/06/07,Sun,845,AA,CS1C,372A ,J,R,D,O ,F ,T,T,C,50,0,0,0,,,1749064,5428963,-41.27701713,174.7798644
Wellington City,MULGRAVE ST,, ,I,FEATHERSTON ST,2711302,5/02/07,Mon,924,JA,TN2X,322A 355A ,,R,D,B ,F ,T,T,C,50,0,1,0,,,1749083,5428834,-41.27817507,174.7801227
Wellington City,MULGRAVE ST,30,S, ,PIPITEA ST,2755291,18/04/07,Wed,1325,AA,CS1C,372A ,,E,W,OF,L , ,N,C,50,0,0,0,,,1749072,5429101,-41.27577318,174.7799261
Wellington City,MULGRAVE ST,30,N, ,THORNDON QUAY,2757785,21/10/07,Sun,1315,EA,CS1C,385A ,M,E,D,B ,F , ,N,C,50,0,0,0,,,1749068,5428860,-41.27794375,174.7799373
Wellington City,MYRTLE CRESCENT,180,S, ,DOUGLAS ST,2752481,5/03/07,Mon,2255,MO,CN14,386A ,M,R,D,DO,F , ,N,N,50,0,0,0,,,1748812,5426067,-41.30313757,174.7775646
Wellington City,NAGPUR TERRACE,90,N, ,KANPUR ROAD,2755638,21/07/07,Sat,1830,DA,4.00E+01,423A 929 ,HP,R,W,DO,H ,D,N,N,50,0,0,0,,,1750344,5433406,-41.23677773,174.7940455
Wellington City,NAIRN ST,180,S, ,BROOKLYN ROAD,2752804,30/04/07,Mon,1720,EA,CS1C,386A ,M,R,W,DO,L , ,N,C,50,0,0,0,,,1748213,5426432,-41.29996156,174.7703239
Wellington City,NAIRN ST,15,N, ,MCALPINE AVENUE,2751777,19/03/07,Mon,2030,MO,CN1TC,423A ,M,R,D,DO,F , ,N,C,50,0,0,0,,,1748200,5426507,-41.29928869,174.7701505
Wellington City,NAIRN ST,, ,I,MCALPINE AVENUE,2756556,28/10/07,Sun,1415,DA,CS1,133A 502A ,F,R,D,O ,F ,T,N,N,50,0,0,0,,,1748203,5426492,-41.29942319,174.7701899
Wellington City,NASSAU AVENUE,30,E, ,JAMAICA DRIVE,2757657,4/12/07,Tue,1629,MO,VS1C,386A ,M,R,D,B ,F , ,N,C,50,0,0,0,,,1754002,5438870,-41.18689562,174.8362984
Wellington City,NEWLANDS OFF NBD,50,W, ,NEWLANDS ON NBD,2753243,30/05/07,Wed,25,DA,CN1,133A ,B,M,D,DO,F , ,N,R,80,0,0,0,,,1751489,5433882,-41.23227846,174.8075842
Wellington City,NEWLANDS OFF SBD,100,S, ,JOHNSONVILLE ON SBD,2755964,7/10/07,Sun,1820,FD,VS1CC,181A 817 ,,E,W,DO,L , ,N,R,100,0,0,0,,,1751707,5434112,-41.23016683,174.810127
Wellington City,NEWLANDS OFF SBD,50,W, ,NEWLANDS ROAD,2754682,29/07/07,Sun,430,DB,CS1,111A 135A 402A 801 ,G,S,W,DO,L , ,N,N,50,0,0,0,,,1751803,5433971,-41.2314183,174.8113069
Wellington City,NEWLANDS OFF SBD,, ,I,NEWLANDS ROAD,2711429,16/01/07,Tue,1055,FD,CE1VC,331A 353A ,,E,D,B ,F ,Y,G,C,50,0,0,2,,,1751853,5433974,-41.2313819,174.8119025
Wellington City,NEWLANDS OFF SBD,70,S, ,SH 1N,2753905,26/06/07,Tue,1555,DB,CS1,108A 111A ,S,M,D,O ,F , ,N,N,50,0,0,0,,,1751646,5434222,-41.2291879,174.8093722
Wellington City,NEWLANDS ON NBD,40,W, ,SH 1N,2754228,28/04/07,Sat,930,DB,VS1,111A 337A 402A ,K,S,W,O ,LS, ,N,R,80,0,0,0,,,1751542,5433826,-41.23277273,174.8082302
Wellington City,NEWLANDS ROAD,80,W, ,BRACKEN ROAD,2753502,13/06/07,Wed,1750,MD,CW1C,371B 385B 927 ,M,R,D,TO,F ,D,N,C,50,0,0,0,,,1752787,5434802,-41.22375129,174.8228344
Wellington City,NEWLANDS ROAD,100,W, ,BRACKEN ROAD,2755289,10/05/07,Thu,1633,MO,CS1C,385A ,Q,R,D,TF,F , ,N,C,50,0,0,0,,,1752768,5434796,-41.2238089,174.8226094
Wellington City,NEWLANDS ROAD,, ,I,BRACKEN ROAD,2754195,17/07/07,Tue,913,JA,VE1C,113B 302B ,,E,D,O ,F ,R,G,R,50,0,0,0,,,1752868,5434842,-41.22337586,174.8237903
Wellington City,NEWLANDS ROAD,, ,I,BRACKEN ROAD,2713260,27/09/07,Thu,655,JA,4E1V,302B 375B ,,R,W,O ,L ,R,G,R,50,0,0,1,,,1752868,5434842,-41.22337586,174.8237903
Wellington City,NEWLANDS ROAD,50,E, ,HURRING PLACE,2750432,29/01/07,Mon,1620,MO,CE1V,371A 671A 929 ,M,R,D,B ,F ,D,N,C,50,0,0,0,,,1751992,5433990,-41.23121174,174.8135563
Wellington City,NEWLANDS ROAD,, ,I,HURRING PLACE,2752934,14/04/07,Sat,615,KB,CE1C,303B 430B ,,R,D,TO,F ,T,G,C,50,0,0,0,,,1751945,5433974,-41.23136463,174.8129997
Wellington City,NEWLANDS ROAD,10,S, ,SALFORD ST,2751102,24/02/07,Sat,1401,FD,CN1V,181A ,,R,D,B ,F ,T,N,C,50,0,0,0,,,1752391,5434206,-41.22919196,174.8182609
Wellington City,NEWLANDS ROAD,, ,I,SALFORD ST,2756916,17/11/07,Sat,1539,JA,CN1C,301B 375B ,,R,D,B ,F ,T,S,C,50,0,0,0,,,1752394,5434215,-41.22911036,174.8182944
Wellington City,NEWLANDS ROAD,, ,I,SALFORD ST,2757688,28/10/07,Sun,903,QD,CE2,420A 510A ,H,R,D,O ,F ,T,S,C,50,0,0,0,,,1752394,5434215,-41.22911036,174.8182944
Wellington City,NEWLANDS ROAD,, ,I,SALFORD ST,2753793,4/07/07,Wed,1034,JA,CN1C,301B 375B ,,R,D,O ,F ,T,S,C,50,0,0,0,,,1752394,5434215,-41.22911036,174.8182944
Wellington City,NEWLANDS ROAD,15,W, ,WAKELY ROAD,2754686,11/08/07,Sat,1225,GD,CW1C,181A 831 922 ,,S,W,O ,L ,D,N,P,50,0,0,0,,,1752352,5434128,-41.22990156,174.8178153
Wellington City,NEWLANDS ROAD,50,N, ,WESTLEIGH WAY,2751629,17/01/07,Wed,810,EA,TS1C,386B ,M,E,D,O ,F , ,N,C,50,0,0,0,,,1752527,5434636,-41.2252949,174.8197754
Wellington City,NEWTOWN AVENUE,50,E, ,RIDDIFORD ST,2754731,24/08/07,Fri,1230,EA,VW1V,129A ,M,R,D,B ,F , ,N,N,50,0,0,0,,,1749041,5424834,-41.3141965,174.7806009
Wellington City,NEWTOWN AVENUE,100,E, ,RIDDIFORD ST,2755636,2/08/07,Thu,1043,MO,XE1C,386A ,M,R,D,B ,F , ,N,N,50,0,0,0,,,1749090,5424844,-41.31409741,174.7811836
Wellington City,NGAIO GORGE ROAD,600,W, ,KAIWHARAWHARA ROD,2712681,17/07/07,Tue,811,MC,SE1C,151A 351B 372B ,,E,W,O ,L , ,N,L,50,0,0,1,,37,1748575,5431179,-41.2571555,174.7734882
Wellington City,NGAIO GORGE ROAD,30,E, ,PERTH ST,2752234,28/04/07,Sat,937,DA,4.00E+01,111A 132A ,C,M,W,O ,L , ,N,L,50,0,0,0,,,1748502,5431278,-41.25627757,174.7725931
Wellington City,NGAIO GORGE ROAD,220,E, ,PERTH ST,2756171,18/10/07,Thu,950,DA,CE1,111A 135A 801 ,C,M,W,O ,H , ,N,C,50,0,0,0,,,1748593,5431159,-41.25733226,174.7737078
Wellington City,NGAIO GORGE ROAD,400,E, ,PERTH ST,2754399,10/05/07,Thu,1920,DB,CE1,135A 800 ,G,S,W,DO,L , ,N,C,50,0,0,0,,,1748735,5431228,-41.2566849,174.7753852
Wellington City,NGAIO GORGE ROAD,400,E, ,PERTH ST,2757574,3/12/07,Mon,814,DB,CE1,137A 331A ,CK,E,D,O ,F , ,N,C,50,0,0,0,,,1748735,5431228,-41.2566849,174.7753852
Wellington City,NGAURANGA ON NBD,50,E, ,HUTT OFF SBD,2712836,16/08/07,Thu,1344,DA,SS1,111A 135A 804 ,C,S,D,B ,F , ,N,C,100,0,1,0,,44,1751986,5432138,-41.24788706,174.8139458
Wellington City,NGAURANGA ON NBD,30,E, ,HUTT ROAD N,2755288,8/06/07,Fri,1001,MG,CN14,371B ,,E,D,B ,F ,M,T,R,100,0,0,0,,,1752224,5432365,-41.24579853,174.8167284
Wellington City,NGAURANGA ON NBD,50,S, ,SH 2,2753446,1/07/07,Sun,828,DA,CS1,111A 135A 823 ,BI,S,W,O ,F , ,N,R,100,0,0,0,,,1752211,5432349,-41.24594503,174.8165773
Wellington City,NICHOLSON ROAD,20,S, ,AGRA CRESCENT,2754164,22/06/07,Fri,1908,MO,CS1CC,387A 372B ,,R,W,DO,L , ,N,C,50,0,0,0,,,1749968,5432326,-41.24657127,174.7898262
Wellington City,NORMAN LANE,20,E, ,JOHNSONVILLE ROAD,2755257,13/07/07,Fri,2100,MF,CE1C,371B ,,R,D,DO,F , ,N,N,50,0,0,0,,,1751504,5434928,-41.22285811,174.8075036