TLA NAME,CRASH ROAD,CRASH DIST,CRASH DIRN,INTSN,SIDE ROAD,CRASH ID,CRASH DATE,CRASH DOW,CRASH TIME,MVMT,VEHICLES,CAUSES,OBJECTS STRUCK,ROAD CURVE,ROAD WET,LIGHT,WTHRa,JUNC TYPE,TRAF CTRL,ROAD MARK,SPD LIM,CRASH FATAL CNT,CRASH SEV CNT,CRASH MIN CNT,PERS AGE1,PERS AGE2,EASTING,NORTHING,latitude,longitude
Wellington City,NORMANBY ST,30,E, ,RIDDIFORD ST,2757370,19/12/07,Wed,1430,KB,VW1V,308B 382B 927 ,,R,W,O ,L ,D,N,C,50,0,0,0,,,1749035,5424763,-41.31483685,174.7805466
Wellington City,NORMANBY ST,80,E, ,RIDDIFORD ST,2755258,22/06/07,Fri,1045,JA,CE1P,308B 925 ,,R,D,O ,F ,D,N,N,50,0,0,0,,,1749084,5424774,-41.31472875,174.7811291
Wellington City,NORTHLAND ROAD,, ,I,GARDEN ROAD,2753240,6/06/07,Wed,2035,KB,XE1C,302B 387B ,,R,D,DO,FS,T,G,C,50,0,0,0,,,1747185,5428305,-41.2832861,174.7575978
Wellington City,NORTHLAND ROAD,150,N, ,GLENMORE ST,2756661,7/09/07,Fri,2028,BC,CN1C,121A ,,E,D,DO,F , ,N,C,50,0,0,0,,,1747115,5428033,-41.28574782,174.756828
Wellington City,NORTHLAND ROAD,20,S, ,KAIHUIA ST,2755270,26/06/07,Tue,1815,BD,CS1B,120A 120B ,,M,D,DO,F , ,N,C,50,0,0,0,,,1747352,5428718,-41.27953717,174.7594912
Wellington City,NORTHLAND ROAD,50,N, ,NORTHLAND TUNNEL ROAD,2756586,20/08/07,Mon,1330,MA,VN1C,373B ,,R,D,O ,F , ,N,C,50,0,0,0,,,1747102,5428261,-41.28369738,174.7566177
Wellington City,NORTHLAND ROAD,200,S, ,NORTHLAND TUNNEL ROAD,2756632,20/09/07,Thu,810,EA,VN1C,385A ,M,E,D,O ,F , ,N,C,50,0,0,0,,,1747136,5428078,-41.28533883,174.7570678
Wellington City,NORTHLAND TUNNEL ROAD,50,N, ,PUTNAM ST,2757924,4/12/07,Tue,1135,BA,TN1T,125A 197B ,C,R,D,O ,F , ,N,L,50,0,0,0,,,1747003,5428166,-41.28457075,174.755459
Wellington City,NORWICH ST,200,S, ,WILTON ROAD,2757011,17/11/07,Sat,1305,DA,BS1,111A 131A ,CT,S,D,B ,F , ,N,N,50,0,0,0,,,1747847,5430287,-41.26532017,174.7650185
Wellington City,OBAN ST,110,N, ,BUCHANAN ST,2757530,4/12/07,Tue,2158,CA,CE1CC,103A ,M,R,D,DO,F , ,N,N,50,0,0,0,,,1748887,5430954,-41.25912387,174.7772656
Wellington City,OHARIU ROAD,50,S, ,BRANSCOMBE ST,2712564,5/03/07,Mon,1745,NB,VS1E,713B ,,R,D,B ,F , ,N,N,50,0,1,0,10,,1751109,5435683,-41.21613438,174.8026066
Wellington City,OHARIU ROAD,40,S, ,CLIFFORD ROAD,2756797,7/11/07,Wed,500,EA,CN1C,385A ,M,E,D,TN,F , ,N,C,50,0,0,0,,,1751121,5435429,-41.21841901,174.8028125
Wellington City,OHARIU ROAD,500,N, ,IRONSIDE ROAD,2752012,14/04/07,Sat,1100,BC,CN14,121A 502A ,,S,D,B ,F , ,N,C,50,0,0,0,,,1751043,5435826,-41.21485921,174.8017843
Wellington City,OHARIU VALLEY ROAD,1040,N, ,BOOM ROCK ROAD,2751670,12/03/07,Mon,1650,DA,CS1,134A 407A ,C,E,D,O ,FS, ,N,C,50,0,0,0,,,1750491,5439422,-41.18258545,174.7943179
Wellington City,OHARIU VALLEY ROAD,400,W, ,IRONSIDE ROAD,2712680,10/07/07,Tue,1608,BB,TE1C,123A ,,E,D,O ,F , ,N,C,100,0,0,1,,,1750544,5435957,-41.21377272,174.7958023
Wellington City,OHARIU VALLEY ROAD,1500,W, ,IRONSIDE ROAD,2711068,23/01/07,Tue,1917,DA,CW1,101A 111A ,F,M,D,O ,F , ,N,C,50,0,0,1,,,1749977,5436097,-41.21261749,174.7890075
Wellington City,OHARIU VALLEY ROAD,860,E, ,RIFLE RANGE ROAD,2755994,7/10/07,Sun,1450,DB,CW1,136A 622A ,C,M,W,O ,L , ,N,C,100,0,0,0,,,1749192,5435988,-41.21374394,174.7796746
Wellington City,OHARIU VALLEY ROAD,1700,N, ,RIFLE RANGE ROAD,2713150,29/07/07,Sun,1215,BC,SW1V,121A 831 ,,S,D,B ,F , ,N,C,50,0,1,0,,,1749418,5437899,-41.19649647,174.7819023
Wellington City,OHIRO ROAD,15,S, ,ARO ST,2757780,1/12/07,Sat,1150,EA,CN1C,385A ,Q,R,D,B ,F , ,N,C,50,0,0,0,,,1748152,5426868,-41.29604725,174.7694895
Wellington City,OHIRO ROAD,150,S, ,ARO ST,2753805,17/06/07,Sun,1325,MG,CS1V,371B 671B ,,R,W,B ,FS, ,N,C,50,0,0,0,,,1748105,5426747,-41.2971453,174.7689579
Wellington City,OHIRO ROAD,, ,I,ARO ST,2751748,1/03/07,Thu,815,FB,CN1C,331A ,,E,D,B ,F ,T,G,C,50,0,0,0,,,1748163,5426879,-41.29594619,174.7696182
Wellington City,OHIRO ROAD,, ,I,BROOKLYN ROAD,2711088,7/01/07,Sun,1800,KB,CN2S,302B 382B ,,E,D,TF,F ,T,G,C,50,0,1,0,,52,1747693,5426137,-41.30271293,174.7641873
Wellington City,OHIRO ROAD,, ,I,BROOKLYN ROAD,2712315,22/05/07,Tue,720,LB,CS1S,302A 375A ,,M,D,B ,FS,T,G,R,50,0,0,1,,39,1747693,5426137,-41.30271293,174.7641873
Wellington City,OHIRO ROAD,, ,I,BROOKLYN ROAD,2757008,21/11/07,Wed,1334,GA,TE1C,181A 142B 192B ,,M,D,B ,F ,T,G,C,50,0,0,0,,,1747693,5426137,-41.30271293,174.7641873
Wellington City,OHIRO ROAD,25,S, ,BUTT ST,2751233,2/03/07,Fri,550,EA,CN1C,410A ,M,E,D,TO,F , ,N,C,50,0,0,0,,,1747509,5425266,-41.31058863,174.7622016
Wellington City,OHIRO ROAD,100,S, ,BUTT ST,2753376,25/05/07,Fri,1506,EA,CS1C,129A ,M,R,D,B ,F , ,N,C,50,0,0,0,,,1747504,5425194,-41.31123779,174.7621593
Wellington City,OHIRO ROAD,400,S, ,BUTT ST,2754299,9/06/07,Sat,1300,EA,CS1C,358A ,M,R,D,B ,F , ,N,C,50,0,0,0,,,1747424,5424905,-41.31385442,174.7612741
Wellington City,OHIRO ROAD,, ,I,CLEVELAND ST,2758069,30/03/07,Fri,2229,MG,CS14,103B 371B 420B ,,R,W,DO,L ,X,T,C,50,0,0,0,,,1747614,5425845,-41.3053564,174.7633149
Wellington City,OHIRO ROAD,, ,I,LAURA AVENUE,2750057,9/01/07,Tue,1730,LB,CN14,303B ,,M,W,B ,L ,Y,G,C,50,0,0,0,,,1747783,5426342,-41.30085074,174.765212
Wellington City,OHIRO ROAD,50,E, ,MAARAMA CRESCENT,2752912,8/05/07,Tue,1503,BC,TS1VC,382A ,M,S,D,B ,F , ,N,N,50,0,0,0,,,1748085,5426718,-41.29741007,174.7687262
Wellington City,OHIRO ROAD,200,N, ,MAARAMA CRESCENT,2711364,29/01/07,Mon,1139,BC,CN1C,121A ,,M,D,B ,F , ,N,C,50,0,0,1,,,1748138,5426853,-41.29618487,174.7693261
Wellington City,OHIRO ROAD,, ,I,MCKINLEY CRESCENT,2711939,24/04/07,Tue,1355,JA,MS1C,302B 377B ,,R,D,B ,F ,T,G,C,50,0,0,1,,,1747596,5425718,-41.30650314,174.7631308
Wellington City,OHIRO ROAD,, ,I,MCKINLEY CRESCENT,2755284,22/07/07,Sun,1635,KB,CN1C,303B ,,R,D,TF,F ,T,G,C,50,0,0,0,,,1747596,5425718,-41.30650314,174.7631308
Wellington City,OHIRO ROAD,, ,I,TODMAN ST,2713169,15/09/07,Sat,1450,LB,CN1C,303B 375B ,,R,D,B ,F ,X,T,C,50,0,0,2,,,1747614,5425844,-41.30536541,174.7633151
Wellington City,OHIRO ROAD,, ,I,TODMAN ST,2753713,15/05/07,Tue,1811,BC,BE2C,111A 122A ,,M,D,DO,F ,X,T,C,50,0,0,0,,,1747614,5425845,-41.3053564,174.7633149
Wellington City,OLD KARORI ROAD,, ,I,ROSEHAUGH AVENUE,2751640,30/01/07,Tue,1450,KB,CS1C,301B 375B ,,E,D,B ,F ,Y,S,C,50,0,0,0,,,1746680,5428677,-41.28002866,174.7514805
Wellington City,OLD KARORI ROAD,50,N, ,WHITEHEAD ROAD,2752399,28/04/07,Sat,1801,BB,TN1C,123B ,,M,W,DO,F , ,N,C,50,0,0,0,,,1746773,5428725,-41.27957959,174.7525789
Wellington City,OLD PORIRUA ROAD,200,N, ,KAIWHARAWHARA ROAD,2756511,27/06/07,Wed,2330,DA,CS1,102A 111A 337A ,C,S,D,DN,F , ,N,N,50,0,0,0,,,1749496,5431122,-41.25749886,174.7844907
Wellington City,ONEPU ROAD,100,S, ,COUTTS ST,2754716,16/08/07,Thu,1140,FD,CS1C,423A ,,R,D,B ,F , ,N,C,50,0,0,0,,,1750265,5424050,-41.32102799,174.795411
Wellington City,ONEPU ROAD,, ,I,COUTTS ST,2752356,24/04/07,Tue,902,GF,CE2T,172A ,,R,D,B ,F ,X,T,C,50,0,0,0,,,1750286,5424148,-41.32014175,174.7956376
Wellington City,ONEPU ROAD,, ,I,COUTTS ST,2755626,23/09/07,Sun,2320,LB,PS1C,303B 375B 901 ,,R,W,DO,H ,X,T,C,50,0,0,0,,,1750285,5424148,-41.32014194,174.7956256
Wellington City,ONEPU ROAD,80,S, ,RONGOTAI ROAD,2751735,7/03/07,Wed,1700,MO,BS1C,371A ,M,R,D,B ,F , ,N,C,50,0,0,0,,,1750325,5424288,-41.31887402,174.7960687
Wellington City,ONEPU ROAD,, ,I,RONGOTAI ROAD,2753427,25/06/07,Mon,1720,LB,CS1C,303B 375B ,,R,W,DO,L ,X,T,R,50,0,0,0,,,1750346,5424365,-41.31817685,174.7963004
Wellington City,ONEPU ROAD,5,N, ,WHA ST,2757258,11/12/07,Tue,1408,MO,CN1C,371A ,,R,D,B ,F ,T,N,C,50,0,0,0,,,1750249,5423527,-41.3257397,174.7953492
Wellington City,ONEPU ROAD,10,N, ,WHA ST,2751446,23/03/07,Fri,1240,MO,TN1,371A ,H,R,D,B ,F ,T,N,P,50,0,0,0,,,1750249,5423532,-41.32569468,174.7953479
Wellington City,ONSLOW ROAD,100,N, ,HOMEBUSH ROAD,2755757,24/07/07,Tue,830,FD,CS1C,331A 191B ,,M,W,B ,F , ,N,C,50,0,0,0,,,1751192,5431905,-41.25013372,174.8045317
Wellington City,ONSLOW ROAD,200,N, ,HOMEBUSH ROAD,2712803,28/06/07,Thu,1425,DA,CN1,137A 407A ,P,S,D,O ,F , ,N,C,50,0,0,1,,,1751122,5431930,-41.24992173,174.8036905
Wellington City,ONSLOW ROAD,340,W, ,HOMEBUSH ROAD,2751774,4/04/07,Wed,1928,DA,CE1,102A 131A ,EP,M,W,DN,M , ,N,C,50,0,0,0,,,1751090,5432032,-41.24900936,174.8032834
Wellington City,ONSLOW ROAD,300,E, ,HUTT ROAD,2755264,28/07/07,Sat,1620,BB,BE1C,123A ,,S,W,O ,L , ,N,C,50,0,0,0,,,1750962,5431621,-41.25273367,174.8018582
Wellington City,ONSLOW ROAD,100,N, ,HUTT ROAD,2756059,15/07/07,Sun,1226,DB,CN1,111A 135A 801 ,G,S,W,O ,H , ,N,C,50,0,0,0,,,1750912,5431490,-41.25392245,174.8012941
Wellington City,ONSLOW ROAD,200,N, ,HUTT ROAD,2755624,27/09/07,Thu,950,DA,CS1,111A 135A 801 ,F,S,W,O ,H , ,N,C,50,0,0,0,,,1750943,5431562,-41.25326841,174.8016461
Wellington City,ONSLOW ROAD,480,N, ,HUTT ROAD,2753346,9/06/07,Sat,2300,DB,CN1,137A ,K,E,D,DO,F , ,N,C,50,0,0,0,,,1751063,5431697,-41.25203054,174.8030443
Wellington City,ONSLOW ROAD,840,N, ,HUTT ROAD,2756218,15/10/07,Mon,1530,DA,CS1,135A 801 ,EG,M,W,O ,L , ,N,C,50,0,0,0,,,1751177,5431708,-41.25191019,174.8044016
Wellington City,ONSLOW ROAD,400,W, ,HUTT ROAD,2757652,18/12/07,Tue,1700,DA,CE1,132A ,K,S,W,TF,F , ,N,C,50,0,0,0,,,1751045,5431619,-41.25273617,174.8028489
Wellington City,ONSLOW ROAD,60,N, ,LOHIA ST,2757494,22/11/07,Thu,834,FD,CN1C,331A 378A 817 831 ,,S,D,B ,F , ,N,C,50,0,0,0,,,1751080,5432026,-41.24906525,174.8031656
Wellington City,ORIEL AVENUE,20,S, ,REDWOOD AVENUE,2751882,12/03/07,Mon,1717,MD,CN1V,371B 645B 929 ,,E,D,B ,F ,D,N,R,50,0,0,0,,,1752764,5439375,-41.18258328,174.8214178
Wellington City,ORIENTAL PARADE,50,N, ,CABLE ST,2754719,23/08/07,Thu,745,MB,CS1C,314B 372B 377B ,,R,D,B ,F , ,N,C,50,0,0,0,,,1749528,5427255,-41.29230918,174.7858215
Wellington City,ORIENTAL PARADE,30,S, ,CABLE ST,2711171,7/01/07,Sun,1200,EE,SS1C,525B ,M,E,D,B ,F , ,N,R,50,0,0,1,,26,1749470,5427201,-41.29280611,174.7851423
Wellington City,ORIENTAL PARADE,50,S, ,CABLE ST,2713916,8/12/07,Sat,727,KA,SS1C,204A 308B 927 ,,R,D,O ,F ,D,N,N,50,0,0,1,,59,1749459,5427185,-41.2929522,174.7850149
Wellington City,ORIENTAL PARADE,, ,I,CABLE ST,2753877,28/01/07,Sun,1050,FA,CN1S,386A ,,R,D,B ,F ,T,T,C,50,0,0,0,,,1749487,5427226,-41.29257788,174.7853391
Wellington City,ORIENTAL PARADE,, ,I,CABLE ST,2712203,5/05/07,Sat,1536,MO,SE1C,201A 204A 309A 314B 353B 817 926 ,,R,D,B ,F ,D,T,R,50,0,0,1,,55,1749487,5427226,-41.29257788,174.7853391
Wellington City,ORIENTAL PARADE,300,E, ,CARLTON GORE ROAD,2753792,20/06/07,Wed,1332,MC,CW1V,372B ,,R,D,B ,F , ,N,C,50,0,0,0,,,1750943,5427873,-41.28648178,174.8025597
Wellington City,ORIENTAL PARADE,370,N, ,CARLTON GORE ROAD,2713893,19/11/07,Mon,740,BC,XW1C,121A ,,S,D,B ,F , ,N,C,50,0,0,1,,,1750996,5427916,-41.28608472,174.8031817
Wellington City,ORIENTAL PARADE,250,S, ,CARLTON GORE ROAD,2711952,26/01/07,Fri,1645,BA,CE1C,102A 129A 358A ,,R,D,B ,F , ,N,C,50,0,1,0,,,1750498,5427570,-41.28929286,174.7973229
Wellington City,ORIENTAL PARADE,60,W, ,CARLTON GORE ROAD,2713143,23/08/07,Thu,1640,FC,BW1C,331A 358A ,,R,D,B ,F , ,N,X,50,0,0,1,,,1750657,5427671,-41.28835387,174.7991959
Wellington City,ORIENTAL PARADE,80,W, ,CARLTON GORE ROAD,2755259,21/07/07,Sat,1100,MC,CW1C,372B ,,R,D,O ,F , ,N,P,50,0,0,0,,,1750640,5427661,-41.28844708,174.7989954
Wellington City,ORIENTAL PARADE,50,E, ,EVANS BAY PARADE,2753348,23/03/07,Fri,2359,DA,CE1,358A ,FGT,E,D,DO,F , ,N,C,50,0,0,0,,,1750977,5427896,-41.28626834,174.8029598
Wellington City,ORIENTAL PARADE,120,E, ,GRASS ST,2756996,18/11/07,Sun,1619,MA,PE1C,373B ,,R,D,B ,F , ,N,C,50,0,0,0,,,1750477,5427503,-41.2899,174.7970888
Wellington City,ORIENTAL PARADE,30,N, ,GRASS ST,2713675,20/11/07,Tue,1325,MO,CE1C,371A 370B ,,R,D,B ,F ,T,N,C,50,0,0,1,,,1750435,5427424,-41.29061909,174.796607
Wellington City,ORIENTAL PARADE,50,W, ,GRASS ST,2712258,25/04/07,Wed,1350,EE,SW1C,374B ,M,R,D,B ,F , ,N,P,50,0,1,0,,23,1750371,5427386,-41.29097315,174.7958524
Wellington City,ORIENTAL PARADE,50,E, ,HAY ST,2711944,12/02/07,Mon,1631,NA,VE1E,306A 378A 717B 839 ,,R,D,B ,F , ,N,X,50,0,0,1,18,,1750318,5427372,-41.29110906,174.7952232
Wellington City,ORIENTAL PARADE,20,W, ,HAY ST,2713420,29/07/07,Sun,1520,FC,CE1CC,331A ,,R,W,O ,L , ,N,C,50,0,0,1,,,1750250,5427357,-41.29125677,174.7944151
Wellington City,ORIENTAL PARADE,30,E, ,HERD ST,2713958,6/09/07,Thu,1645,AO,4E1S,434A 512A ,,R,D,B ,F , ,N,C,50,0,0,1,,42,1749620,5427316,-41.29174293,174.7869047
Wellington City,ORIENTAL PARADE,100,E, ,HERD ST,2753424,23/04/07,Mon,808,FC,CE1C,181A 350A ,,R,D,O ,F , ,N,X,50,0,0,0,,,1749690,5427321,-41.29168493,174.7877391
Wellington City,ORIENTAL PARADE,150,E, ,HERD ST,2713611,28/08/07,Tue,1340,AC,CE1S,386A 817 ,,R,D,O ,F , ,N,N,50,0,0,1,,37,1749740,5427325,-41.29163965,174.788335
Wellington City,ORIENTAL PARADE,300,E, ,HERD ST,2756593,12/05/07,Sat,1630,FD,CE1C,331A ,,R,D,B ,F , ,N,C,50,0,0,0,,,1749876,5427380,-41.29111922,174.7899449
Wellington City,ORIENTAL PARADE,490,E, ,HERD ST,2713535,26/10/07,Fri,1755,MC,SE1C,372B ,,R,D,TF,F , ,N,C,50,0,0,1,,38,1750040,5427402,-41.29089068,174.7918972
Wellington City,ORIENTAL PARADE,, ,I,HERD ST,2750819,14/02/07,Wed,845,KB,CW1X,314B 377B 831 ,,E,D,B ,F ,T,G,P,50,0,0,0,,,1749590,5427314,-41.2917665,174.7865471
Wellington City,ORIENTAL PARADE,, ,I,HERD ST,2713177,4/03/07,Sun,1200,DA,SN1C,128A ,,E,D,B ,F ,T,G,C,50,0,1,0,,57,1749590,5427314,-41.2917665,174.7865471
Wellington City,ORIENTAL PARADE,50,E, ,ORIENTAL TERRACE,2754714,11/08/07,Sat,1200,FC,4E1C,331A 352A ,,R,W,O ,H , ,N,X,50,0,0,0,,,1750224,5427352,-41.29130663,174.794106
Wellington City,ORIENTAL PARADE,200,E, ,ORIENTAL TERRACE,2751094,11/01/07,Thu,1330,MO,CE1C,333A ,,R,D,B ,F , ,N,C,50,0,0,0,,,1750370,5427385,-41.29098234,174.7958407
Wellington City,ORIENTAL PARADE,200,E, ,ORIENTAL TERRACE,2750941,17/02/07,Sat,1426,FC,CS1C,181A 191B ,,R,D,B ,F , ,N,X,50,0,0,0,,,1750370,5427385,-41.29098234,174.7958407
Wellington City,ORIENTAL PARADE,70,W, ,ORIENTAL TERRACE,2751298,4/02/07,Sun,200,DA,CE1C,111A 201A 514A ,FKM,E,D,DO,F , ,N,R,50,0,0,0,,,1750106,5427365,-41.29121154,174.7926942
Wellington City,ORIENTAL PARADE,70,W, ,ORIENTAL TERRACE,2752931,17/05/07,Thu,1025,EE,VW1C,374B ,M,R,D,B ,F , ,N,N,50,0,0,0,,,1750106,5427365,-41.29121154,174.7926942
Wellington City,ORIENTAL PARADE,, ,I,ORIENTAL TERRACE,2711795,19/03/07,Mon,842,MO,CW1S,372A ,,E,D,B ,F ,T,N,C,50,0,1,0,,24,1750174,5427350,-41.29133394,174.7935096
Wellington City,ORIENTAL TERRACE,, ,I,ORIENTAL PARADE,2750588,24/02/07,Sat,1010,KB,CW1C,303B 375B 835 ,,M,D,B ,F ,T,N,C,50,0,0,0,,,1750174,5427350,-41.29133394,174.7935096
Wellington City,ORISSA CRESCENT,150,S, ,RAJKOT TERRACE,2751532,17/03/07,Sat,1210,DA,CS1,132A ,K,E,D,O ,F , ,N,N,50,0,0,0,,,1750483,5433218,-41.23844452,174.7957498
Wellington City,OTAKI ST,, ,I,IRA ST,2751635,6/01/07,Sat,1135,HA,CN1C,302B ,,R,D,B ,S ,X,G,C,50,0,0,0,,,1752336,5423966,-41.32139569,174.8201651
Wellington City,OTTAWA ROAD,15,N, ,AWARUA ST,2711848,17/04/07,Tue,805,NB,CN1E,306A ,,E,D,B ,F ,T,N,X,50,0,0,1,41,,1748725,5432252,-41.24746714,174.7750162
Wellington City,OTTAWA ROAD,20,S, ,AWARUA ST,2755965,27/09/07,Thu,857,CB,4S1,501A ,H,R,W,O ,L , ,N,C,50,0,0,0,,,1748688,5432213,-41.24782508,174.7745844
Wellington City,OTTAWA ROAD,110,S, ,AWARUA ST,2712462,29/06/07,Fri,1415,DA,CS1,504A ,FPS,E,D,O ,F , ,N,C,50,0,0,1,,,1748685,5432123,-41.24863595,174.7745705
Wellington City,OTTAWA ROAD,, ,I,AWARUA ST,2756608,24/08/07,Fri,2000,LB,XN1C4,302A 181C ,,R,D,DO,F ,R,G,R,50,0,0,0,,,1748700,5432229,-41.24767882,174.7747236
Wellington City,OTTAWA ROAD,, ,I,COLLINGWOOD ST,2756516,15/10/07,Mon,2035,JA,CN1C,103A 302B 375B ,,E,D,DO,F ,R,G,R,50,0,0,0,,,1748559,5431914,-41.25054085,174.7731183
Wellington City,OWEN ST,, ,I,LAWRENCE ST,2755754,19/07/07,Thu,530,DA,CS1C,131A ,M,R,W,DO,L ,X,G,C,50,0,0,0,,,1749450,5424557,-41.31661475,174.785553
Wellington City,OWEN ST,, ,I,MEIN ST,2757986,26/12/07,Wed,1430,DA,CE2C,111A 131A ,FM,R,W,O ,M ,X,G,C,50,0,0,0,,,1749300,5425272,-41.31020512,174.7835862
Wellington City,OWEN ST,30,N, ,WILSON ST,2753095,22/04/07,Sun,500,EA,CS1C,112B ,M,R,D,DO,F , ,N,C,50,0,0,0,,,1749343,5425067,-41.31204285,174.78415
Wellington City,OWEN ST,, ,I,WILSON ST,2713951,11/06/07,Mon,1530,HA,CS1C,302B 335B 402B ,F,R,D,B ,F ,X,G,C,50,0,0,2,,,1749349,5425037,-41.31231184,174.784229
Wellington City,OWEN ST,, ,I,WILSON ST,2753939,28/06/07,Thu,915,HA,CE2C,302A 375A 832 839 ,,R,D,O ,F ,X,G,C,50,0,0,0,,,1749349,5425037,-41.31231184,174.784229
Wellington City,OWEN ST,, ,I,WILSON ST,2752398,30/04/07,Mon,1700,HA,CE2C,302A 378A 839 901 ,,R,W,O ,H ,X,G,C,50,0,0,0,,,1749349,5425037,-41.31231184,174.784229
Wellington City,OWHIRO BAY PARADE,, ,I,HAPPY VALLEY ROAD,2752852,13/05/07,Sun,230,DB,CS2,195A ,F,E,D,DO,FS,T,N,C,50,0,0,0,,,1747183,5421504,-41.34451924,174.7592199
Wellington City,OWHIRO BAY PARADE,, ,I,HAPPY VALLEY ROAD,2711564,25/03/07,Sun,1735,LB,CE1S,309A 375A ,,E,D,TF,F ,T,N,C,50,0,0,1,,15,1747184,5421504,-41.34451905,174.7592319
Wellington City,OWHIRO BAY ROAD,, ,I,HAPPY VALLEY ROAD,2714122,23/11/07,Fri,1340,DB,VS2,405A 423A ,H,E,D,B ,F ,T,G,C,50,0,0,1,,,1747183,5421504,-41.34451924,174.7592199
Wellington City,PALLISER ROAD,80,E, ,BAYVIEW TERRACE,2750685,17/01/07,Wed,2245,DB,CE1C,103A 111A 514A ,T,S,D,DO,F , ,N,N,50,0,0,0,,,1750083,5427090,-41.29369174,174.7924874
Wellington City,PALLISER ROAD,100,S, ,BAYVIEW TERRACE,2712067,4/04/07,Wed,813,AB,SW1B,111A 121A 197A ,,R,D,O ,F , ,N,C,50,0,1,0,,22,1750090,5427071,-41.2938615,174.7925757
Wellington City,PALLISER ROAD,, ,I,BAYVIEW TERRACE,2750000,17/01/07,Wed,2210,QD,CN1C,428A ,,E,D,DO,F ,T,N,C,50,0,0,0,,,1750019,5427130,-41.2933435,174.7917136
Wellington City,PALLISER ROAD,50,S, ,ROSENEATH TERRACE,2751531,25/02/07,Sun,1030,EA,CS1V,386A ,MX,R,D,B ,F , ,N,C,50,0,0,0,,,1750526,5427125,-41.29329413,174.7977672
Wellington City,PALLISER ROAD,200,W, ,ROSENEATH TERRACE,2752319,5/05/07,Sat,1245,BD,CS1C,386A 387B ,,S,D,O ,F , ,N,C,50,0,0,0,,,1750446,5427007,-41.29437144,174.7968413
Wellington City,PALLISER ROAD,, ,I,THANE ROAD,2756640,9/08/07,Thu,1325,MG,PW1T,371B 512B ,,R,D,B ,F ,Y,G,C,50,0,0,0,,,1750573,5427142,-41.29313231,174.798324
Wellington City,PARA ST,, ,I,ATHENS ST,2754314,12/05/07,Sat,2208,MO,VN1,512A 930 ,F,R,D,DO,F ,D,T,C,50,0,0,0,,,1752316,5424516,-41.31644771,174.8197884
Wellington City,PARA ST,50,S, ,BRUSSELS ST,2752791,8/05/07,Tue,1635,EA,CN1V,129A 351A ,M,R,D,TF,F , ,N,C,50,0,0,0,,,1752395,5424691,-41.31485723,174.820688
Wellington City,PARA ST,, ,I,REX ST,2713633,15/11/07,Thu,720,HA,SS1C,300B 375B 929 ,,R,D,O ,F ,D,N,C,50,0,0,1,,19,1752495,5424836,-41.31353287,174.8218457
Wellington City,PARK ROAD,30,N, ,MIRAMAR AVENUE,2750785,14/02/07,Wed,840,MO,CS1C,386A ,,R,D,B ,F , ,N,C,50,0,0,0,,,1752033,5424565,-41.31605995,174.8163967
Wellington City,PARK ROAD,40,N, ,MIRAMAR AVENUE,2753496,15/05/07,Tue,920,MB,CS1C,303B 382B ,M,R,D,O ,F , , ,R,50,0,0,0,,,1752038,5424574,-41.31597798,174.8164541
Wellington City,PARK ROAD,60,N, ,MIRAMAR AVENUE,2712963,14/05/07,Mon,830,MC,PN1C,372B ,,R,D,B ,F , ,N,C,50,0,0,1,,,1752049,5424591,-41.31582285,174.8165812
Wellington City,PARK ROAD,200,N, ,MIRAMAR NORTH ROAD,2712275,8/06/07,Fri,519,CB,CS1,358A ,J,R,D,DO,F , ,N,C,50,0,0,1,,,1752499,5425397,-41.30848132,174.8217529
Wellington City,PARK ROAD,, ,I,MIRAMAR NORTH ROAD,2713635,19/10/07,Fri,2325,JA,MN1C,137A 302B ,K,R,D,DO,F ,R,G,R,50,0,0,2,,,1752434,5425209,-41.31018621,174.8210239
Wellington City,PARK ROAD,, ,I,REX ST,2751300,15/03/07,Thu,1843,LB,CN1V,303B 375B ,,R,D,B ,F ,X,G,P,50,0,0,0,,,1752278,5424965,-41.31241245,174.8192222
Wellington City,PARK ROAD,, ,I,ROTHERHAM TERRACE,2711719,14/04/07,Sat,1105,HA,CW2C,302A 375A ,,R,D,B ,F ,X,G,C,50,0,0,1,,,1752344,5425065,-41.31149967,174.8199853
Wellington City,PARK ROAD,, ,I,ROTHERHAM TERRACE,2712831,18/07/07,Wed,1900,HA,CW2C,302A 335A 375A 841 861 ,,R,D,DF,F ,X,G,C,50,0,0,1,,,1752344,5425065,-41.31149967,174.8199853
Wellington City,PATANGA CRESCENT,60,W, ,GLENMORE ST,2711443,30/01/07,Tue,1906,DB,4S1,103A 111A ,FT,S,D,B ,F , ,N,N,50,0,0,1,,,1748022,5428696,-41.27961272,174.7674932
Wellington City,PEMBROKE ROAD,5,S, ,HUNTINGDON ST,2754349,17/07/07,Tue,930,JA,VN1C,308A 308B 929 ,,E,W,O ,F ,D,N,C,50,0,0,0,,,1747295,5429337,-41.27397437,174.7586612
Wellington City,PERCY DYETT DRIVE,150,N, ,SUNSHINE AVENUE,2711854,16/04/07,Mon,1515,EC,MS1,839,X,E,D,O ,F , ,N,C,50,0,0,1,,,1744485,5428445,-41.28251324,174.7253369
Wellington City,PERTH ST,150,N, ,NGAIO GORGE ROAD,2713918,20/11/07,Tue,805,FA,SS14,181A 191B ,,E,D,O ,F , ,N,C,50,0,0,1,,34,1748546,5431393,-41.25523408,174.77309