TLA NAME,CRASH ROAD,CRASH DIST,CRASH DIRN,INTSN,SIDE ROAD,CRASH ID,CRASH DATE,CRASH DOW,CRASH TIME,MVMT,VEHICLES,CAUSES,OBJECTS STRUCK,ROAD CURVE,ROAD WET,LIGHT,WTHRa,JUNC TYPE,TRAF CTRL,ROAD MARK,SPD LIM,CRASH FATAL CNT,CRASH SEV CNT,CRASH MIN CNT,PERS AGE1,PERS AGE2,EASTING,NORTHING,latitude,longitude
Wellington City,PHILLIP ST,170,S, ,FRANKMOORE AVENUE,2751526,26/02/07,Mon,1300,EA,CN14,386A ,M,R,D,B ,F , ,N,N,50,0,0,0,,,1751007,5434904,-41.22316709,174.8015829
Wellington City,PIPITEA ST,20,E, ,MOLESWORTH ST,2756606,2/10/07,Tue,1616,EA,CW1X,385A ,Q,R,D,O ,F , ,N,C,50,0,0,0,,,1748917,5429138,-41.27546865,174.7780672
Wellington City,PIPITEA ST,30,E, ,MOLESWORTH ST,2755621,26/09/07,Wed,1808,MO,CW1X,386A 440B ,M,R,D,TO,F , ,N,C,50,0,0,0,,,1748927,5429137,-41.27547581,174.7781868
Wellington City,PIPITEA ST,60,E, ,MOLESWORTH ST,2755750,20/07/07,Fri,1355,EA,TW1C,129A ,M,R,D,O ,F , ,N,C,50,0,0,0,,,1748957,5429135,-41.27548828,174.7785453
Wellington City,PIPITEA ST,30,W, ,MULGRAVE ST,2750416,26/01/07,Fri,1720,MO,CE1C,371B 386B 926 ,,R,D,B ,F ,D,N,C,50,0,0,0,,,1749031,5429131,-41.27551064,174.7794295
Wellington City,PIPITEA ST,, ,I,MURPHY ST,2753456,22/06/07,Fri,1415,HA,CS2C,322B ,,R,D,O ,F ,X,T,C,50,0,0,0,,,1749061,5429129,-41.27552312,174.779788
Wellington City,PIRIE ST,, ,I,BROUGHAM ST,2753097,30/03/07,Fri,815,HA,CW1C,302B ,,R,D,B ,F ,X,G,R,50,0,0,0,,,1749420,5426634,-41.29792029,174.7846846
Wellington City,PIRIE ST,30,E, ,HOME ST,2750503,28/01/07,Sun,2150,EA,CW1C,386A ,M,R,W,DO,H , ,N,N,50,0,0,0,,,1749317,5426680,-41.2975252,174.7834437
Wellington City,PIRIE ST,200,E, ,KENT TERRACE,2757892,3/12/07,Mon,940,LB,CW1CC,303B 382B 929 ,M,R,D,O ,F ,D,N,N,50,0,0,0,,,1749403,5426641,-41.29786042,174.78448
Wellington City,PIRIE ST,15,W, ,KENT TERRACE,2753126,2/06/07,Sat,1745,EA,CW1C,131A ,M,R,D,DO,F ,X,T,L,50,0,0,0,,,1749234,5426717,-41.29720743,174.7824437
Wellington City,PITT ST,150,N, ,WADESTOWN ROAD,2753654,5/07/07,Thu,2142,EA,CN1CC,103A 387A ,M,R,W,DO,F , ,N,N,50,0,0,0,,,1748792,5430816,-41.26038384,174.7761658
Wellington City,PLUNKET ST,, ,I,UPLAND ROAD,2752058,16/04/07,Mon,1520,MA,CW2CC,197A 407A 373B ,M,E,D,O ,F ,T,G,C,50,0,0,0,,,1747520,5427696,-41.28870811,174.7617439
Wellington City,PLUNKET ST,, ,I,UPLAND ROAD,2756658,5/09/07,Wed,2015,MC,CS1C,373B ,,E,W,DO,L ,T,G,C,50,0,0,0,,,1747520,5427696,-41.28870811,174.7617439
Wellington City,QUEENS DRIVE,, ,I,ENDEAVOUR ST,2711275,14/02/07,Wed,757,JA,MS1C,302B 375B 378B 831 ,,R,D,B ,F ,T,G,C,50,0,1,0,,,1750075,5423930,-41.32214377,174.7931715
Wellington City,QUEENS DRIVE,25,S, ,FREYBERG ST,2757675,8/09/07,Sat,1147,DA,CS144,103A 111A ,M,M,D,B ,F , ,N,C,50,0,0,0,,,1750060,5423843,-41.32292985,174.7930138
Wellington City,QUEENS DRIVE,80,S, ,SUTHERLAND ROAD,2754378,25/02/07,Sun,530,DA,CN1CC,103A 929 ,K,E,D,DO,F ,D,N,N,50,0,0,0,,,1749865,5422633,-41.33386013,174.7909833
Wellington City,QUEENS DRIVE,120,S, ,SUTHERLAND ROAD,2758063,19/11/07,Mon,745,EE,BS1C,353A 385A 520B ,Q,E,D,B ,F , ,N,C,50,0,0,0,,,1749873,5422594,-41.33420977,174.7910885
Wellington City,QUEENS DRIVE,100,N, ,TORU ST,2755745,14/04/07,Sat,1415,MC,CN1V,140B 372B ,,E,D,B ,F , ,N,C,50,0,0,0,,,1749962,5423375,-41.32716163,174.7919589
Wellington City,RAROA ROAD,80,N, ,IRVINE ST,2751733,11/03/07,Sun,1400,EA,CS1C,386A ,M,M,D,B ,F , ,N,C,50,0,0,0,,,1747320,5427239,-41.29285924,174.7594671
Wellington City,RAROA ROAD,100,S, ,MOANA ROAD,2757229,25/10/07,Thu,600,EA,CN1C,129A ,M,R,D,DO,F , ,N,C,50,0,0,0,,,1747062,5427756,-41.28825146,174.7562622
Wellington City,RAROA ROAD,300,E, ,MOUNT PLEASANT ROAD,2714062,18/11/07,Sun,1115,EA,CE1C,129A 353A ,M,E,D,B ,F , ,N,C,50,0,0,1,,,1747291,5427289,-41.29241436,174.7591088
Wellington City,RAROA ROAD,400,N, ,MOUNT PLEASANT ROAD,2750414,14/01/07,Sun,106,CC,CN1C,112A 125A 402A ,M,R,D,DO,F , ,N,C,50,0,0,0,,,1747333,5427370,-41.29167741,174.7595905
Wellington City,RAROA ROAD,40,S, ,NORNA CRESCENT,2755216,27/06/07,Wed,630,EA,TS1C,385A ,M,R,D,DO,F , ,N,N,50,0,0,0,,,1747218,5427535,-41.29021281,174.7581778
Wellington City,RAROA ROAD,20,S, ,PLUNKET ST,2750598,23/01/07,Tue,1300,EA,CE1C,121A 386A ,M,M,D,O ,F , ,N,C,50,0,0,0,,,1747238,5427617,-41.28947087,174.7583967
Wellington City,RAROA ROAD,20,S, ,PLUNKET ST,2711238,21/01/07,Sun,845,BC,CN14,102A 121A 501A ,,M,D,O ,F , ,N,C,50,0,0,2,,,1747238,5427617,-41.28947087,174.7583967
Wellington City,RAROA TERRACE,30,E, ,MAHOE ST,2713219,4/09/07,Tue,1514,NA,4E1E,713B ,,R,D,O ,F , ,N,N,50,0,1,0,8,,1754245,5441668,-41.16165811,174.8384898
Wellington City,RAUKAWA ST,20,N, ,NUKU ST,2713950,4/12/07,Tue,949,DA,CS1,414A ,P,E,D,O ,F , ,N,C,50,0,0,1,,,1752086,5422955,-41.3305451,174.8174324
Wellington City,RIDDIFORD ST,5,S, ,ADELAIDE ROAD,2753182,5/05/07,Sat,1304,AA,CN1B,387A ,,E,D,B ,F ,M,T,C,50,0,0,0,,,1748833,5425603,-41.30731129,174.7779289
Wellington City,RIDDIFORD ST,15,S, ,ADELAIDE ROAD,2712285,13/02/07,Tue,1910,MA,MS1CCC,103A 506A ,MM,E,D,O ,F ,X,T,P,50,0,0,1,,,1748835,5425593,-41.30740095,174.7779552
Wellington City,RIDDIFORD ST,70,S, ,ADELAIDE ROAD,2753806,19/06/07,Tue,1830,FD,CS1C,331A ,,R,D,DO,F , ,N,C,50,0,0,0,,,1748846,5425539,-41.30788511,174.7780998
Wellington City,RIDDIFORD ST,100,S, ,ADELAIDE ROAD,2750191,8/01/07,Mon,1420,FD,CN1C,614A ,,R,D,B ,F , ,N,C,50,0,0,0,,,1748852,5425510,-41.3081451,174.7781785
Wellington City,RIDDIFORD ST,150,S, ,ADELAIDE ROAD,2756508,2/11/07,Fri,1550,FD,CS1C,331A 352A ,,R,D,B ,F , ,N,L,50,0,0,0,,,1748863,5425461,-41.30858423,174.7783218
Wellington City,RIDDIFORD ST,250,S, ,ADELAIDE ROAD,2750505,19/01/07,Fri,1600,LB,PS1X,158A 303B 314B ,,R,D,B ,F , ,N,C,50,0,0,0,,,1748883,5425363,-41.30946288,174.7785846
Wellington City,RIDDIFORD ST,30,N, ,CONSTABLE ST,2751249,14/02/07,Wed,1600,MO,CN1C,386A ,M,R,D,B ,F , ,N,C,50,0,0,0,,,1748973,5424912,-41.31350679,174.7797698
Wellington City,RIDDIFORD ST,30,N, ,CONSTABLE ST,2756621,8/09/07,Sat,1742,MA,CS1X,372B ,,R,D,B ,F , ,N,R,50,0,0,0,,,1748973,5424912,-41.31350679,174.7797698
Wellington City,RIDDIFORD ST,20,S, ,CONSTABLE ST,2713286,27/09/07,Thu,808,LB,SN1C,158A 303B 314B 377B 924 ,,R,W,O ,L ,D,N,P,50,0,0,1,,48,1748983,5424864,-41.31393711,174.7799009
Wellington City,RIDDIFORD ST,30,S, ,CONSTABLE ST,2751392,23/02/07,Fri,1510,FD,CS1CC,112A ,,R,D,O ,F , ,N,C,50,0,0,0,,,1748986,5424854,-41.31402659,174.7799392
Wellington City,RIDDIFORD ST,100,S, ,CONSTABLE ST,2713779,14/09/07,Fri,1650,EE,SS1X,374B ,Q,R,D,B ,F , ,N,P,50,0,0,1,,32,1749000,5424785,-41.31464524,174.7801233
Wellington City,RIDDIFORD ST,, ,I,CONSTABLE ST,2751770,20/03/07,Tue,45,MO,CS1C,512A 514A ,,R,D,DO,F ,T,T,C,50,0,0,0,,,1748980,5424883,-41.3137666,174.7798605
Wellington City,RIDDIFORD ST,, ,I,CONSTABLE ST,2752940,15/03/07,Thu,1840,BE,CN1C,113A 137A 375A ,,R,D,B ,F ,T,T,C,50,0,0,0,,,1748979,5424883,-41.31376678,174.7798485
Wellington City,RIDDIFORD ST,20,N, ,DONALD MCLEAN ST,2753887,23/06/07,Sat,2220,MA,CS1C,373B ,,R,D,DO,F , ,N,C,50,0,0,0,,,1749017,5424699,-41.31541639,174.7803474
Wellington City,RIDDIFORD ST,25,N, ,GORDON ST,2756398,5/05/07,Sat,2220,EA,VN1CC,103A ,MM,R,D,DO,F , ,N,C,50,0,0,0,,,1749023,5424671,-41.31566737,174.7804259
Wellington City,RIDDIFORD ST,, ,I,GREEN ST,2754809,4/08/07,Sat,1423,MO,4S1C,371A ,M,R,D,B ,F ,T,G,C,50,0,0,0,,,1748945,5425040,-41.31235953,174.7794041
Wellington City,RIDDIFORD ST,20,S, ,HALL ST,2756514,28/10/07,Sun,1254,MC,CN1C,372B ,,R,D,B ,F , ,N,C,50,0,0,0,,,1748920,5425181,-41.31109467,174.779071
Wellington City,RIDDIFORD ST,25,S, ,JOHN ST,2752621,19/03/07,Mon,2130,FE,CN1C,181A ,,R,D,DO,F ,X,T,C,50,0,0,0,,,1748837,5425583,-41.30749062,174.7779815
Wellington City,RIDDIFORD ST,50,S, ,JOHN ST,2713718,1/12/07,Sat,1317,FD,CS1C,331A 358A ,,R,D,B ,F , ,N,C,50,0,0,1,,,1748842,5425559,-41.30770577,174.7780471
Wellington City,RIDDIFORD ST,100,N, ,MEIN ST,2751357,23/01/07,Tue,1615,FD,CS1C,181A 330A ,,R,D,B ,F , ,N,C,50,0,0,0,,,1748897,5425299,-41.31003651,174.7787675
Wellington City,RIDDIFORD ST,100,N, ,MEIN ST,2714131,27/12/07,Thu,2200,MC,MS1C,372B ,,R,D,DO,F , ,N,P,50,0,0,1,,,1748897,5425299,-41.31003651,174.7787675
Wellington City,RIDDIFORD ST,100,N, ,MEIN ST,2757758,19/11/07,Mon,1600,MO,CN14,371A ,Q,R,D,O ,F , ,N,C,50,0,0,0,,,1748897,5425299,-41.31003651,174.7787675
Wellington City,RIDDIFORD ST,5,S, ,NEWTOWN AVENUE,2751721,18/03/07,Sun,2030,JA,CN1C,308B 924 ,,R,D,DO,F ,D,N,R,50,0,0,0,,,1748993,5424819,-41.31434042,174.7800314
Wellington City,RIDDIFORD ST,50,N, ,NORMANBY ST,2713414,4/09/07,Tue,1028,LB,PN1C,303B 382B 924 ,,R,W,O ,L ,D,N,P,50,0,0,1,,,1748996,5424806,-41.3144569,174.7800704
Wellington City,RIDDIFORD ST,20,S, ,NORMANBY ST,2754836,27/04/07,Fri,940,MA,4N1C,373B ,,R,W,O ,L , ,N,P,50,0,0,0,,,1749009,5424738,-41.31506673,174.7802423
Wellington City,RIDDIFORD ST,40,N, ,REGINA TERRACE,2757879,26/10/07,Fri,1611,MA,CS1B,373B ,,R,D,B ,F , ,N,P,50,0,0,0,,,1748883,5425362,-41.30947188,174.7785849
Wellington City,RIDDIFORD ST,50,N, ,REGINA TERRACE,2757849,29/10/07,Mon,915,MO,CS1C,371A 500A ,M,R,D,B ,F , ,N,C,50,0,0,0,,,1748881,5425372,-41.30938222,174.7785586
Wellington City,RIDDIFORD ST,100,N, ,REGINA TERRACE,2758062,10/11/07,Sat,36,EA,CS1C,103A 129A 602A ,M,R,D,DO,F , ,N,C,50,0,0,0,,,1748871,5425421,-41.30894289,174.7784272
Wellington City,RIDDIFORD ST,15,N, ,RINTOUL ST,2713778,3/11/07,Sat,1130,MO,CS1C,385A ,M,R,D,B ,F ,Y,T,C,50,0,0,1,,,1748926,5425137,-41.31148971,174.7791534
Wellington City,RIDDIFORD ST,100,S, ,RINTOUL ST,2753565,30/05/07,Wed,1740,MO,CN1C,385A ,M,R,D,TO,F , ,N,C,50,0,0,0,,,1748949,5425024,-41.31250285,174.7794557
Wellington City,RIDDIFORD ST,, ,I,RINTOUL ST,2751534,12/03/07,Mon,1400,AA,CN1C,197A 381A ,,R,D,B ,F ,T,T,R,50,0,0,0,,,1748929,5425122,-41.31162421,174.7791929
Wellington City,RIDDIFORD ST,15,S, ,WILSON ST,2755739,21/07/07,Sat,1100,MO,CN1C,371A ,M,R,D,O ,F , ,N,C,50,0,0,0,,,1748964,5424955,-41.31312131,174.7796518
Wellington City,RINTOUL ST,40,S, ,BLYTHE ST,2755277,19/07/07,Thu,1914,EE,4S1C,374B ,Q,R,D,TO,F , ,N,C,50,0,0,0,,,1748780,5423859,-41.32302299,174.7777227
Wellington City,RINTOUL ST,, ,I,BLYTHE ST,2752369,24/02/07,Sat,2140,BC,CE2C4,103A 111A 122A ,M,R,D,DO,F ,T,N,C,50,0,0,0,,,1748783,5423899,-41.3226623,174.7777488
Wellington City,RINTOUL ST,60,N, ,BRIXHAM WAY,2757799,21/02/07,Wed,2000,EA,BS1C,386A ,M,R,D,DO,F , ,N,C,50,0,0,0,,,1748838,5424755,-41.31494525,174.7781961
Wellington City,RINTOUL ST,, ,A,BRIXHAM WAY,2751613,4/03/07,Sun,1340,MD,CS1C,308B 930 ,,R,D,BN,F ,D,N,C,50,0,0,0,,,1748828,5424696,-41.3154783,174.7780911
Wellington City,RINTOUL ST,40,S, ,COLOMBO ST,2754990,29/08/07,Wed,1625,LB,VN1V,303B 382B 929 ,,R,D,B ,F ,D,N,C,50,0,0,0,,,1748896,5424990,-41.31281875,174.7788312
Wellington City,RINTOUL ST,20,N, ,LUXFORD ST,2711962,30/04/07,Mon,845,NA,CS1E,370A 712B 713B ,,R,D,B ,F , ,N,C,50,0,0,1,12,,1748802,5424220,-41.31976871,174.7778971
Wellington City,RINTOUL ST,100,S, ,LUXFORD ST,2753517,11/06/07,Mon,1500,MA,CS1C,373B ,,R,D,O ,F , ,N,N,50,0,0,0,,,1748793,5424100,-41.32085078,174.777819
Wellington City,RINTOUL ST,30,S, ,RIDDIFORD ST,2755748,9/07/07,Mon,1530,EA,BS1C,385A ,M,R,D,O ,F , ,N,C,50,0,0,0,,,1748922,5425093,-41.3118866,174.7791164
Wellington City,RINTOUL ST,30,S, ,RIDDIFORD ST,2755766,23/07/07,Mon,1700,MG,CN1B,371B ,,R,D,OF,F , ,N,C,50,0,0,0,,,1748922,5425093,-41.3118866,174.7791164
Wellington City,RINTOUL ST,50,S, ,RIDDIFORD ST,2755233,14/06/07,Thu,1008,EA,BS1C,385A ,M,R,D,B ,F , ,N,C,50,0,0,0,,,1748917,5425074,-41.31205858,174.7790614
Wellington City,RINTOUL ST,15,S, ,STOKE ST,2756655,19/09/07,Wed,610,EA,CS1C,129A ,M,R,D,O ,F , ,N,C,50,0,0,0,,,1748849,5424801,-41.31452906,174.7783162
Wellington City,RINTOUL ST,, ,I,STOKE ST,2756323,10/06/07,Sun,830,JA,CN14,670A 309B 375B 402B ,,R,D,O ,F ,T,N,C,50,0,0,0,,,1748853,5424815,-41.31440228,174.7783605
Wellington City,RINTOUL ST,20,S, ,WARIPORI ST,2756582,17/08/07,Fri,1715,BA,CN1C,125A ,,R,D,TF,F , ,N,C,50,0,0,0,,,1748807,5424306,-41.31899349,174.7779358
Wellington City,RINTOUL ST,, ,I,WARIPORI ST,2751397,6/03/07,Tue,1445,FA,CS1C,181A 353A 817 ,,R,D,B ,F ,X,G,C,50,0,0,0,,,1748808,5424326,-41.31881324,174.7779428
Wellington City,ROAD TO WINDTURBINE,200,W, ,ASHTON FITCHETT DRIVE,2756179,5/05/07,Sat,1645,BF,CS1C,111A 131A ,,M,D,O ,F , ,N,N,50,0,0,0,,,1746509,5425926,-41.30482853,174.7501016
Wellington City,RODRIGO ROAD,50,E, ,DUNCAN TERRACE,2757493,30/09/07,Sun,530,DA,CE1CC,131A ,,M,W,TO,L , ,N,N,50,0,0,0,,,1749866,5424048,-41.32112025,174.7906463
Wellington City,ROLLESTON ST,150,W, ,WALLACE ST,2753714,12/05/07,Sat,2350,EA,CE1C,385A ,M,R,D,O ,F , ,N,C,50,0,0,0,,,1748415,5426091,-41.30299461,174.7728188
Wellington City,RONGOTAI ROAD,20,E, ,BAY ROAD,2757541,6/12/07,Thu,1345,FD,BW1X,386A ,,R,D,B ,F ,X,T,C,50,0,0,0,,,1750260,5424393,-41.31794079,174.7952665
Wellington City,RONGOTAI ROAD,15,W, ,BAY ROAD,2756597,19/09/07,Wed,1713,FD,CW1C,331A ,,R,D,O ,F , ,N,C,50,0,0,0,,,1750226,5424402,-41.31786609,174.7948582
Wellington City,RONGOTAI ROAD,40,W, ,BAY ROAD,2755769,29/06/07,Fri,1247,MG,4E1C,371B 430B ,,R,D,O ,F , ,N,C,50,0,0,0,,,1750202,5424408,-41.31781654,174.7945702
Wellington City,RONGOTAI ROAD,60,W, ,BAY ROAD,2752608,7/04/07,Sat,835,EE,CW1C,502B 525B ,M,R,D,B ,F , ,N,C,50,0,0,0,,,1750183,5424413,-41.31777507,174.794342
Wellington City,RONGOTAI ROAD,, ,I,BAY ROAD,2751725,17/02/07,Sat,1325,FE,CE1C,427A ,,R,D,B ,F ,X,T,C,50,0,0,0,,,1750241,5424398,-41.31789931,174.7950384
Wellington City,RONGOTAI ROAD,, ,I,BAY ROAD,2756563,25/10/07,Thu,1600,EA,BN2X,386A 440B ,Q,R,D,B ,F ,X,T,C,50,0,0,0,,,1750241,5424398,-41.31789931,174.7950384
Wellington City,RONGOTAI ROAD,20,E, ,CHILDERS TERRACE,2756583,31/08/07,Fri,1407,MO,VE1C,371A ,,R,D,B ,F , ,N,P,50,0,0,0,,,1750145,5424423,-41.31769211,174.7938858
Wellington City,RONGOTAI ROAD,, ,I,CHILDERS TERRACE,2753500,12/05/07,Sat,930,KB,CN2C,321B ,,E,D,O ,F ,X,S,C,50,0,0,0,,,1750110,5424432,-41.31761759,174.7934656
Wellington City,RONGOTAI ROAD,, ,I,CHILDERS TERRACE,2752380,27/04/07,Fri,1030,FD,CW1C,331A ,,R,D,B ,F ,X,S,C,50,0,0,0,,,1750110,5424432,-41.31761759,174.7934656
Wellington City,RONGOTAI ROAD,20,E, ,CRAWFORD,2756086,24/10/07,Wed,1300,MO,CE1M,386A ,M,R,D,O ,F , ,N,N,50,0,0,0,,,1750129,5424427,-41.31765907,174.7936937
Wellington City,RONGOTAI ROAD,20,E, ,ONEPU ROAD,2756625,27/09/07,Thu,1400,FD,CE1C,331A ,,R,W,O ,L , ,N,R,50,0,0,0,,,1750366,5424361,-41.31820914,174.7965403
Wellington City,RONGOTAI ROAD,50,E, ,ONEPU ROAD,2755666,21/09/07,Fri,1226,FD,XW1C,331A ,,R,D,B ,F , ,N,R,50,0,0,0,,,1750395,5424355,-41.31825775,174.7968881
Wellington City,RONGOTAI ROAD,20,W, ,ONEPU ROAD,2756062,24/09/07,Mon,1630,AA,TW1V,386A ,,R,D,O ,F , ,N,R,50,0,0,0,,,1750330,5424375,-41.3180898,174.7961069
Wellington City,RONGOTAI ROAD,, ,I,ONEPU ROAD,2754137,18/03/07,Sun,1215,MG,CS2C,371B ,,R,D,B ,F ,X,T,C,50,0,0,0,,,1750346,5424365,-41.31817685,174.7963004
Wellington City,RONGOTAI ROAD,, ,I,ONEPU ROAD,2756812,4/11/07,Sun,100,MG,CN2C,371B ,,R,W,DO,L ,X,T,R,50,0,0,0,,,1750346,5424365,-41.31817685,174.7963004
Wellington City,RONGOTAI ROAD,30,E, ,ROSS ST,2757056,21/09/07,Fri,740,GE,4E1T,387A 372B 929 ,,R,D,O ,F ,D,N,R,50,0,0,0,,,1750574,5424318,-41.31855747,174.7990349
Wellington City,RONGOTAI ROAD,20,E, ,TE WHITI ST,2754687,3/08/07,Fri,1510,MG,CN1V,353B 371B ,,R,D,O ,F , ,N,R,50,0,0,0,,,1750730,5424263,-41.31902351,174.8009115
Wellington City,RONGOTAI ROAD,, ,I,TROY ST,2754412,24/07/07,Tue,1748,FC,CW1CC,181A ,,R,D,TO,F ,X,N,X,50,0,0,0,,,1750811,5424252,-41.3191074,174.8018816
Wellington City,ROSCOE TERRACE,40,N, ,WADE ST,2757209,25/09/07,Tue,1910,EA,VN1C,385A ,M,R,W,DO,L , ,N,N,50,0,0,0,,,1748730,5430373,-41.26438381,174.7755341
Wellington City,ROSENEATH TERRACE,100,E, ,THANE ROAD,2755290,31/05/07,Thu,750,MO,CN1C,371A 929 ,,R,D,B ,F , ,N,N,50,0,0,0,,,1750681,5427050,-41.29394046,174.7996361
Wellington City,ROSS ST,, ,I,RONGOTAI ROAD,2754844,22/08/07,Wed,823,JA,CW2C,309B 377B ,,R,D,O ,F ,T,N,R,50,0,0,0,,,1750542,5424315,-41.31859046,174.7986535
Wellington City,ROTOITI ST,50,S, ,IRONSIDE ROAD,2757756,20/11/07,Tue,820,MO,VN1,371A ,F,R,D,O ,F , ,N,N,50,0,0,0,,,1751304,5435198,-41.22046461,174.8050518
Wellington City,ROXBURGH ST,, ,I,HAWKER ST,2711390,7/02/07,Wed,921,ND,XS2E,370A 702B 715B 817 839 ,,R,D,B ,F ,T,N,C,50,0,0,1,19,,1749733,5427109,-41.29358568,174.7883045
Wellington City,ROY ST,, ,I,DANIELL ST,2756487,1/11/07,Thu,1900,DA,CE1C,111A ,M,R,D,O ,F ,T,N,C,50,0,0,0,,,1749280,5424313,-41.31884305,174.7835828
Wellington City,RUSKIN ROAD,100,N, ,SALFORD ST,2756507,10/11/07,Sat,110,DB,CS1C,103A 111A ,KM,E,D,DO,F , ,N,N,50,0,0,0,,,1752316,5434265,-41.22867488,174.8173518
Wellington City,RUSKIN ROAD,300,N, ,SALFORD ST,2755043,29/06/07,Fri,1645,BB,VS1CC,121A 197A ,M,M,W,DO,L , ,N,C,50,0,0,0,,,1752295,5434408,-41.22739136,174.8170657
Wellington City,RUSSELL TERRACE,15,S, ,ANGUS AVENUE,2757235,18/11/07,Sun,1320,EA,CS1C,386A ,M,R,D,B ,F , ,N,C,50,0,0,0,,,1749016,5424211,-41.31981022,174.780455
Wellington City,RUSSELL TERRACE,, ,I,MANSFIELD ST,2713710,10/12/07,Mon,1910,JA,MS1C,302B 375B ,,E,D,TF,F ,R,G,C,50,0,0,1,,,1749043,5424557,-41.31669006,174.7806927
Wellington City,RUSSELL TERRACE,30,S, ,RIDDIFORD ST,2757992,10/12/07,Mon,1855,EA,CS1C,385A ,M,R,D,TF,F , ,N,C,50,0,0,0,,,1749036,5424513,-41.31708751,174.7806199
Wellington City,RUSSELL TERRACE,, ,I,RIDDIFORD ST,2752427,8/04/07,Sun,845,BC,CS1CC,122A 358A ,M,E,D,B ,F ,R,G,R,50,0,0,0,,,1749038,5424543,-41.31681704,174.7806364
Wellington City,RUSSELL TERRACE,, ,I,RIDDIFORD ST,2711761,14/04/07,Sat,1508,NA,CS1E,370A 712B ,,R,D,B ,F ,R,G,R,50,0,1,0,56,,1749038,5424543,-41.31681704,174.7806364
Wellington City,RUSSELL TERRACE,, ,I,WARIPORI ST,2712370,16/06/07,Sat,1330,LB,CN14C,321A 375A ,,R,W,O ,L ,T,S,P,50,0,0,1,,,1749023,5424313,-41.31889059,174.7805136
Wellington City,SALAMANCA ROAD,, ,I,KELBURN PARADE,2751105,7/03/07,Wed,34,BF,CN1X,111A 130A ,,S,D,DO,F ,Y,G,C,50,0,0,0,,,1748147,5427897,-41.28678359,174.7691795
Wellington City,SALAMANCA ROAD,, ,I,KELBURN PARADE,2751662,3/03/07,Sat,1820,JC,4N1C,303B 375B ,,S,D,B ,F ,Y,G,C,50,0,0,0,,,1748147,5427897,-41.28678359,174.7691795
Wellington City,SALAMANCA ROAD,, ,I,KELBURN PARADE,2754288,29/06/07,Fri,2037,LB,CS1C,113A 302A ,,M,W,DO,L ,Y,G,P,50,0,0,0,,,1748148,5427897,-41.28678341,174.7691914
Wellington City,SALAMANCA ROAD,, ,I,MOUNT ST,2755272,18/07/07,Wed,940,MO,CE1C,385A ,M,E,D,B ,F ,Y,N,C,50,0,0,0,,,1748315,5427668,-41.28881454,174.7712406
Wellington City,SALAMANCA ROAD,80,W, ,THE TERRACE,2753029,13/04/07,Fri,1836,BF,CW1C,111A ,EFH,E,D,DO,F , ,N,C,50,0,0,0,,,1748305,5427669,-41.28880737,174.771121
Wellington City,SALAMANCA ROAD,100,W, ,THE TERRACE,2757570,10/12/07,Mon,1051,EE,TE1V,129A 374B ,Q,E,D,O ,F , ,N,C,50,0,0,0,,,1748288,5427681,-41.28870246,174.7709151
Wellington City,SALEK ST,, ,I,COUTTS ST,2753940,13/07/07,Fri,1108,BB,TW2X,124A ,,R,D,B ,F ,T,N,P,50,0,0,0,,,1750736,5424021,-41.32120118,174.8010432
Wellington City,SALEK ST,, ,I,RONGOTAI ROAD,2757562,24/12/07,Mon,1512,HA,CW2C,301A 375A 402A ,,E,D,O ,FS,X,S,R,50,0,0,0,,,1750803,5424252,-41.3191089,174.801786
Wellington City,SALFORD ST,60,E, ,RUSKIN ROAD,2755894,22/09/07,Sat,2215,DB,CE1,103A 111A ,E,M,D,DO,F , ,N,C,50,0,0,0,,,1752309,5434185,-41.22939647,174.8172882
Wellington City,SAR ST,510,N, ,HUTT ROAD,2757915,16/11/07,Fri,1600,BC,CN1C,111A ,,M,D,B ,F , ,N,N,50,0,0,0,,,1749507,5430490,-41.263187,174.7847769
Wellington City,SAVILLE ROW,50,E, ,CLIFFORD ROAD,2751632,22/01/07,Mon,820,EA,TE1C,386A ,M,M,D,B ,F , ,N,R,50,0,0,0,,,1751440,5435776,-41.2152352,174.8065303
Wellington City,SEATOUN HEIGHTS ROAD,200,N, ,BEERE HAVEN ROAD,2713270,12/06/07,Tue,1735,EA,CN1C,129A 350A ,M,R,D,DO,F , ,N,N,50,0,0,1,,,1752828,5424237,-41.31886274,174.8259727
Wellington City,SEFTON ST,100,N, ,LENNEL ROAD,2756815,24/10/07,Wed,1450,MD,CN1C,308B 371B 507B 929 ,,E,D,B ,FS,D,N,N,50,0,0,0,,,1749058,5430466,-41.26348604,174.7794252
Wellington City,SEVERN ST,70,E, ,WYE ST,2711471,23/01/07,Tue,1330,QD,CW1E,428A 929 ,,E,D,B ,F ,D,N,C,50,0,0,1,71,,1747709,5421767,-41.34205508,174.7654402
Wellington City,SHANNON ST,25,S, ,MOELLER ST,2712687,12/07/07,Thu,2312,PO,XS1E,371A 105B 728B ,,R,W,DO,L , ,N,N,50,0,1,0,25,,1749965,5427205,-41.29267828,174.7910504
Wellington City,SHELLY BAY ROAD,300,N, ,MIRAMAR AVENUE,2756365,31/10/07,Wed,1130,EO,ON1,386A ,P,E,D,B ,F , ,N,C,50,0,0,0,,,1751715,5425021,-41.31201436,174.8124855
Wellington City,SIDLAW ST,30,E, ,AHURIRI ST,2755025,12/07/07,Thu,830,EA,CW1C,137A ,M,M,W,OF,L , ,N,N,50,0,0,0,,,1752336,5422553,-41.33411716,174.8205193