TLA NAME,CRASH ROAD,CRASH DIST,CRASH DIRN,INTSN,SIDE ROAD,CRASH ID,CRASH DATE,CRASH DOW,CRASH TIME,MVMT,VEHICLES,CAUSES,OBJECTS STRUCK,ROAD CURVE,ROAD WET,LIGHT,WTHRa,JUNC TYPE,TRAF CTRL,ROAD MARK,SPD LIM,CRASH FATAL CNT,CRASH SEV CNT,CRASH MIN CNT,PERS AGE1,PERS AGE2,EASTING,NORTHING,latitude,longitude
Wellington City,WADESTOWN ROAD,500,N, ,GRANT ROAD,2756676,15/10/07,Mon,1530,MO,4N1C,371A ,M,R,W,O ,H , ,N,C,50,0,0,0,,,1748914,5429999,-41.26771722,174.777821
Wellington City,WADESTOWN ROAD,, ,I,GRANT ROAD,2712456,12/06/07,Tue,1720,JA,SS1C,534A 602A ,,M,D,O ,F ,Y,G,C,50,0,0,1,,21,1748730,5429588,-41.27145154,174.7757256
Wellington City,WADESTOWN ROAD,30,E, ,PITT ST,2754088,28/06/07,Thu,1551,BC,CS1CC,121A ,M,M,D,O ,F , ,N,C,50,0,0,0,,,1748762,5430645,-41.26192897,174.7758496
Wellington City,WADESTOWN ROAD,150,E, ,PITT ST,2755053,16/05/07,Wed,2155,EA,CW14,358A ,M,M,D,DO,F , ,N,N,50,0,0,0,,,1748803,5430538,-41.26288479,174.7763649
Wellington City,WADESTOWN ROAD,50,W, ,PITT ST,2752942,10/05/07,Thu,1420,EA,TW1C,663A ,M,R,D,O ,S , ,N,C,50,0,0,0,,,1748701,5430668,-41.26173311,174.7751161
Wellington City,WAIKOWHAI ST,100,S, ,CROFTON ROAD,2711919,21/03/07,Wed,2150,DA,CS1,102A 111A 123A ,C,E,D,DO,F , ,N,C,50,0,0,1,,,1748480,5431846,-41.25116761,174.7721923
Wellington City,WAIKOWHAI ST,300,S, ,CROFTON ROAD,2757624,15/12/07,Sat,1805,FA,CS1C,333A 352A ,,E,D,B ,F , ,N,C,50,0,0,0,,,1748374,5431690,-41.25259162,174.7709657
Wellington City,WAIPAPA ROAD,300,N, ,WAITOA ROAD,2711861,1/04/07,Sun,1840,MO,CS1C,133A 929 ,MP,M,D,TO,F , ,N,C,50,0,0,1,,,1750542,5426075,-41.30274464,174.7982179
Wellington City,WAITOA ROAD,30,E, ,MOXHAM AVENUE,2755753,24/07/07,Tue,2200,MF,CW1C,371B ,,R,D,DO,F , ,N,C,50,0,0,0,,,1750231,5425923,-41.30417111,174.7945423
Wellington City,WAITOA ROAD,20,W, ,MOXHAM AVENUE,2756650,24/08/07,Fri,730,EA,CW1C,129A ,M,R,D,DO,F , ,N,C,50,0,0,0,,,1750186,5425945,-41.30398141,174.7939996
Wellington City,WAKEFIELD ST,20,W, ,ALLEN ST,2750601,9/02/07,Fri,2020,EA,CW1C,386A ,M,R,D,TO,F , ,N,C,50,0,0,0,,,1749253,5427256,-41.29235108,174.7825384
Wellington City,WAKEFIELD ST,30,W, ,ALLEN ST,2757215,4/11/07,Sun,1040,EA,CW1C,385A ,M,R,D,B ,F , ,N,C,50,0,0,0,,,1749244,5427261,-41.29230772,174.7824297
Wellington City,WAKEFIELD ST,20,W, ,BLAIR ST,2713580,11/11/07,Sun,1420,MO,CW1CC,331A ,M,R,D,B ,F , ,N,N,50,0,0,1,,,1749318,5427226,-41.29260916,174.7833217
Wellington City,WAKEFIELD ST,20,W, ,BLAIR ST,2750502,28/01/07,Sun,630,EA,CW1C,386A ,M,R,D,DO,F , ,N,C,50,0,0,0,,,1749318,5427226,-41.29260916,174.7833217
Wellington City,WAKEFIELD ST,, ,I,BLAIR ST,2712965,29/06/07,Fri,830,AB,BW1S,183A ,,R,D,B ,F ,T,T,C,50,0,0,1,,49,1749336,5427217,-41.29268686,174.7835388
Wellington City,WAKEFIELD ST,15,W, ,CAMBRIDGE TERRACE,2750603,14/02/07,Wed,2016,MA,4W1V,158B 373B 434B ,,R,D,B ,F , ,N,C,50,0,0,0,,,1749382,5427186,-41.29295745,174.7840955
Wellington City,WAKEFIELD ST,, ,I,CAMBRIDGE TERRACE,2713673,29/11/07,Thu,1617,DA,MS2T,132A 137A 372B ,,E,D,B ,F ,Y,N,C,50,0,0,1,,,1749394,5427177,-41.29303626,174.784241
Wellington City,WAKEFIELD ST,20,W, ,CHAFFERS ST,2756673,12/08/07,Sun,1630,FE,CE1C,331A ,,R,D,O ,F ,X,T,C,50,0,0,0,,,1749301,5427234,-41.29254027,174.7831168
Wellington City,WAKEFIELD ST,80,N, ,CUBA ST,2755897,10/10/07,Wed,1550,EA,TN1V,386A ,M,R,W,O ,L , ,N,C,80,0,0,0,,,1748786,5427586,-41.28946615,174.7768829
Wellington City,WAKEFIELD ST,50,W, ,CUBA ST,2755047,29/06/07,Fri,1445,EE,CW1C,374B ,Q,R,D,O ,F , ,N,C,50,0,0,0,,,1748807,5427564,-41.28966036,174.777139
Wellington City,WAKEFIELD ST,, ,I,CUBA ST,2754171,9/07/07,Mon,2037,LB,CW1C,303B 402B ,,R,W,DO,H ,T,T,C,50,0,0,0,,,1748841,5427528,-41.28997822,174.7775536
Wellington City,WAKEFIELD ST,, ,I,ORIENTAL PARADE,2751730,14/02/07,Wed,1630,GF,4S14,171A 381A ,,E,D,B ,F ,T,T,C,50,0,0,0,,,1749435,5427160,-41.29318173,174.7847346
Wellington City,WAKEFIELD ST,, ,I,ORIENTAL PARADE,2750594,7/02/07,Wed,930,FE,BW1C,353A 386A ,,E,D,B ,F ,T,T,N,50,0,0,0,,,1749435,5427160,-41.29318173,174.7847346
Wellington City,WAKEFIELD ST,20,E, ,TARANAKI ST,2712833,8/08/07,Wed,1900,NF,CS1E,370A 711B 718B 724B 922 ,,R,D,DO,F ,D,N,C,50,0,0,1,68,,1749029,5427379,-41.29128504,174.7798343
Wellington City,WAKEFIELD ST,, ,I,TARANAKI ST,2757653,29/09/07,Sat,536,AC,CW1X,372A ,,R,D,DO,F ,M,T,C,50,0,0,0,,,1749013,5427391,-41.29117995,174.7796403
Wellington City,WAKEFIELD ST,20,E, ,TORY ST,2752941,4/05/07,Fri,1300,AA,CW1S,372A ,,R,D,B ,F ,X,T,C,50,0,0,0,,,1749222,5427271,-41.29222176,174.7821647
Wellington City,WAKEFIELD ST,50,W, ,TORY ST,2755961,10/10/07,Wed,150,EE,4W1X,374B ,M,R,W,DO,L , ,N,C,50,0,0,0,,,1749158,5427299,-41.29198149,174.7813938
Wellington City,WAKEFIELD ST,50,W, ,TORY ST,2750434,31/01/07,Wed,1755,AA,CW1C,331A 353A ,,R,D,B ,F , ,N,C,50,0,0,0,,,1749158,5427299,-41.29198149,174.7813938
Wellington City,WAKEFIELD ST,100,W, ,TORY ST,2752853,25/03/07,Sun,10,CB,CW1CCC,103A 129A ,M,R,D,DO,F , ,N,C,50,0,0,0,,,1749112,5427318,-41.29181892,174.78084
Wellington City,WAKEFIELD ST,, ,I,TORY ST,2757670,21/12/07,Fri,1937,KB,CW1X,309B 323B ,,R,D,O ,F ,X,T,C,50,0,0,0,,,1749204,5427279,-41.29215306,174.7819478
Wellington City,WAKEFIELD ST,, ,I,TORY ST,2756839,28/10/07,Sun,620,FE,CW1C,331A 352A ,,R,D,O ,F ,X,T,C,50,0,0,0,,,1749204,5427279,-41.29215306,174.7819478
Wellington City,WAKEFIELD ST,, ,I,TORY ST,2757622,14/12/07,Fri,45,HA,CW1X,322A 351A 414A ,,R,W,DO,L ,X,T,C,50,0,0,0,,,1749204,5427279,-41.29215306,174.7819478
Wellington City,WAKEFIELD ST,40,E, ,VICTORIA ST,2711858,13/04/07,Fri,640,NG,CE1E,140A 372A 715B ,,R,D,DO,F , ,N,P,50,0,0,1,60,,1748744,5427632,-41.28905974,174.7763703
Wellington City,WAKEFIELD ST,60,E, ,VICTORIA ST,2756614,27/07/07,Fri,1530,MO,CW1C,371A 385A ,M,R,D,O ,F , ,N,C,50,0,0,0,,,1748757,5427616,-41.2892014,174.7765294
Wellington City,WALLACE ST,10,S, ,BIDWILL ST,2750193,10/01/07,Wed,1535,FE,CN1C,331A ,,R,W,O ,H ,T,T,C,50,0,0,0,,,1748524,5426218,-41.30183112,174.7740892
Wellington City,WALLACE ST,30,S, ,BIDWILL ST,2757724,21/11/07,Wed,1720,AO,VN1C,386A 691A ,,R,D,B ,F , ,N,C,50,0,0,0,,,1748532,5426200,-41.30199171,174.7741891
Wellington City,WALLACE ST,, ,I,BIDWILL ST,2757779,4/12/07,Tue,2300,DB,CN1C,122A ,M,R,D,DO,F ,T,T,C,50,0,0,0,,,1748521,5426227,-41.30175064,174.7740512
Wellington City,WALLACE ST,60,N, ,FINLAY TERRACE,2756681,23/10/07,Tue,2050,EA,BN1C,385A ,M,R,D,DO,F , ,N,C,50,0,0,0,,,1748580,5426048,-41.30335139,174.7747993
Wellington City,WALLACE ST,10,S, ,FINLAY TERRACE,2711085,9/01/07,Tue,1730,NB,CN1CE,194A 713C ,M,R,W,O ,L ,T,N,C,50,0,0,1,21,,1748590,5425979,-41.30397079,174.7749356
Wellington City,WALLACE ST,40,S, ,FINLAY TERRACE,2756436,7/10/07,Sun,643,CB,CN1CC,402A ,CM,R,D,O ,FS, ,N,C,50,0,0,0,,,1748595,5425950,-41.30423097,174.7750023
Wellington City,WALLACE ST,100,S, ,FINLAY TERRACE,2757748,10/12/07,Mon,1440,BA,BS1C,125A ,,R,D,B ,F , ,N,C,50,0,0,0,,,1748599,5425890,-41.30477044,174.7750648
Wellington City,WALLACE ST,15,N, ,HARGREAVES ST,2751820,12/04/07,Thu,1800,FD,CS1CC,181A ,,R,D,DN,FS, ,N,C,50,0,0,0,,,1748579,5426061,-41.30323453,174.7747842
Wellington City,WALLACE ST,50,N, ,HARGREAVES ST,2750942,17/02/07,Sat,850,FC,CS1B,331A 358A ,,R,D,B ,F , ,N,X,50,0,0,0,,,1748571,5426095,-41.30292989,174.7746804
Wellington City,WALLACE ST,50,N, ,HARGREAVES ST,2712922,20/06/07,Wed,1745,FD,CN1C,331A ,,R,D,DN,F , ,N,C,50,0,0,1,,,1748571,5426095,-41.30292989,174.7746804
Wellington City,WALLACE ST,50,N, ,HARGREAVES ST,2754684,24/07/07,Tue,1750,FC,CN1C,181A ,,R,D,DO,F , ,N,X,50,0,0,0,,,1748571,5426095,-41.30292989,174.7746804
Wellington City,WALLACE ST,50,S, ,HOWARD ST,2712796,6/08/07,Mon,850,NA,CS1E,711B ,,R,W,O ,L , ,N,L,50,0,0,1,29,,1748599,5425818,-41.30541868,174.7750823
Wellington City,WALLACE ST,100,S, ,HOWARD ST,2712143,24/05/07,Thu,1815,EE,SN1C,374B 862 ,M,R,D,DO,FS, ,N,C,50,0,0,1,,46,1748599,5425768,-41.30586885,174.7750946
Wellington City,WALLACE ST,, ,I,HOWARD ST,2755256,24/07/07,Tue,1500,JA,CN1C,308B 926 ,,R,D,B ,F ,D,S,C,50,0,0,0,,,1748600,5425868,-41.30496833,174.7750821
Wellington City,WALLACE ST,, ,I,HUTCHISON ROAD,2755273,19/07/07,Thu,1755,JO,CW1V,386B ,,R,D,DO,F ,Y,G,C,50,0,0,0,,,1748668,5425605,-41.3073237,174.7759582
Wellington City,WALLACE ST,, ,I,HUTCHISON ROAD,2755032,22/06/07,Fri,1845,JC,CW2C,302B ,,M,D,DO,F ,Y,G,C,50,0,0,0,,,1748600,5425609,-41.30730021,174.7751453
Wellington City,WALLACE ST,15,S, ,ROLLESTON ST,2713674,15/11/07,Thu,1706,JA,SS1V,308B 314B 377B 927 ,,R,D,B ,F ,D,N,C,50,0,1,0,,36,1748562,5426124,-41.30267045,174.7745658
Wellington City,WALLACE ST,40,S, ,ROLLESTON ST,2712579,20/07/07,Fri,1920,FC,CS1C,331A ,,R,W,DO,L , ,N,X,50,0,0,1,,,1748570,5426100,-41.30288506,174.7746672
Wellington City,WALLACE ST,, ,I,ROLLESTON ST,2751458,9/03/07,Fri,1750,FA,CN1CC,181A 181B 191C 352C ,,R,D,O ,F ,T,G,C,50,0,0,0,,,1748557,5426138,-41.30254532,174.7745027
Wellington City,WALLACE ST,40,W, ,TASMAN ST,2711555,17/03/07,Sat,1050,FC,CW1C,181A ,,R,W,O ,L , ,N,X,50,0,0,1,,,1748660,5425603,-41.30734318,174.7758632
Wellington City,WALLACE ST,50,N, ,WALLACE ST SLIP,2750717,10/01/07,Wed,1545,FD,CS1CC,331A 370A 832 ,,R,W,O ,L , ,N,C,50,0,0,0,,,1748600,5425659,-41.30685004,174.7751331
Wellington City,WALLACE ST,, ,I,WALLACE ST SLIP,2750521,13/01/07,Sat,1415,BF,CS1C,129A 507A ,,E,D,O ,F ,T,G,L,50,0,0,0,,,1748600,5425609,-41.30730021,174.7751453
Wellington City,WARIPORI ST,50,E, ,RINTOUL ST,2751088,8/02/07,Thu,2235,EA,CW1T,386A 400A ,Q,R,D,DO,F , ,N,C,50,0,0,0,,,1748858,5424323,-41.31883102,174.7785407
Wellington City,WARIPORI ST,30,W, ,RUSSELL TERRACE,2754827,31/07/07,Tue,2303,FA,CW14,112A 181A 191B ,,R,W,DO,L ,T,S,C,50,0,0,0,,,1748993,5424315,-41.31887812,174.7801549
Wellington City,WASHINGTON AVENUE,100,E, ,BROOKLYN ROAD,2752361,7/03/07,Wed,1944,DB,CN1VC,112A 132A ,M,S,D,TO,F , ,N,P,50,0,0,0,,,1747933,5426090,-41.30309213,174.7670642
Wellington City,WASHINGTON AVENUE,30,S, ,CLEVELAND ST,2755235,28/07/07,Sat,1230,EA,CN1C,385A ,M,E,D,O ,F , ,N,N,50,0,0,0,,,1747901,5425829,-41.3054479,174.7667455
Wellington City,WASHINGTON AVENUE,200,N, ,CONNAUGHT TERRACE,2752776,31/01/07,Wed,310,DA,CS1C,111A 407A 517A ,M,E,D,DO,F , ,N,C,50,0,0,0,,,1747875,5425546,-41.30800065,174.7665039
Wellington City,WASHINGTON AVENUE,40,S, ,DORKING ROAD,2754995,8/08/07,Wed,1434,MD,CS1V,137A 353A 929 ,F,R,D,B ,F ,D,N,C,50,0,0,0,,,1747900,5425674,-41.30684362,174.7667713
Wellington City,WASHINGTON AVENUE,, ,I,HEATON TERRACE,2754066,26/04/07,Thu,1451,MO,VS1C,355A 386A ,M,R,D,O ,F ,T,N,C,50,0,0,0,,,1747904,5425926,-41.30457401,174.7667578
Wellington City,WATERLOO QUAY,, ,A,AOTEA QUAY,2712020,26/04/07,Thu,1050,AD,CN1T,133A 381A ,,M,D,O ,F , ,N,L,50,0,0,1,,,1749678,5429335,-41.2735543,174.7871009
Wellington City,WATERLOO QUAY,, ,A,AOTEA QUAY,2754882,12/04/07,Thu,227,DB,CN1,103A 402A ,FP,E,W,DO,L , ,N,L,50,0,0,0,,,1749678,5429335,-41.2735543,174.7871009
Wellington City,WATERLOO QUAY,400,N, ,BUNNY ST,2757760,1/12/07,Sat,2127,JA,XN14,101B 308B 351B 927 ,,R,D,DO,F ,D,N,L,50,0,0,0,,,1749350,5428918,-41.27736945,174.7832888
Wellington City,WATERLOO QUAY,20,S, ,BUNNY ST,2751098,23/02/07,Fri,2135,FD,CN1X,181A ,,R,D,DO,F ,T,N,N,50,0,0,0,,,1749090,5428588,-41.28038863,174.7802665
Wellington City,WATERLOO QUAY,30,S, ,BUNNY ST,2754198,4/08/07,Sat,1820,CA,CS1,135A 901 ,I,R,W,DO,H , ,N,R,50,0,0,0,,,1749085,5428580,-41.28046158,174.7802088
Wellington City,WATERLOO QUAY,50,S, ,BUNNY ST,2712728,19/07/07,Thu,1242,FA,VN14,181A ,,R,D,B ,F , ,N,C,50,0,0,2,,,1749073,5428564,-41.28060785,174.7800694
Wellington City,WATERLOO QUAY,20,N, ,HINEMOA ST,2754286,28/06/07,Thu,408,KB,CS1C,308B 351B 930 ,,R,D,DO,F ,D,N,C,50,0,0,0,,,1749422,5429010,-41.27652782,174.7841255
Wellington City,WATERLOO QUAY,150,N, ,HINEMOA ST,2754826,31/07/07,Tue,1045,FD,4N1T,181A ,,R,D,O ,F , ,N,C,50,0,0,0,,,1749502,5429112,-41.27559466,174.7850552
Wellington City,WATERLOO QUAY,, ,I,HINEMOA ST,2752610,15/03/07,Thu,740,AD,TS1C,129A 353A 386A ,,R,D,B ,F ,T,T,C,50,0,0,0,,,1749409,5428994,-41.27667428,174.7839743
Wellington City,WATERLOO QUAY,, ,I,HINEMOA ST,2758001,19/12/07,Wed,835,HA,XW1C,170B 300B 850 ,,R,W,O ,L ,T,T,R,50,0,0,0,,,1749409,5428994,-41.27667428,174.7839743
Wellington City,WATERLOO QUAY,, ,A,RLY XING,2757928,28/12/07,Fri,1944,CC,4N1,104A 130A ,IKS,R,D,TF,F , ,N,R,50,0,0,0,,,1749563,5429189,-41.27489011,174.7857643
Wellington City,WATERLOO QUAY,, ,I,WHITMORE ST,2757781,5/11/07,Mon,930,JA,4N1C,322A ,,R,D,B ,F ,T,T,R,50,0,0,0,,,1748982,5428438,-41.28175908,174.7790141
Wellington City,WATERLOO QUAY,, ,I,WHITMORE ST,2756399,27/10/07,Sat,1520,LB,CN1C,324A ,,R,D,O ,F ,T,T,R,50,0,0,0,,,1748982,5428438,-41.28175908,174.7790141
Wellington City,WAVERTON TERRACE,, ,I,RADSTOCK GROVE,2713742,5/12/07,Wed,1015,MB,MS14,372B ,,E,D,B ,F ,T,N,C,50,0,0,1,,,1751107,5437010,-41.20418719,174.8022548
Wellington City,WEBB ST,, ,I,CUBA ST,2757368,14/12/07,Fri,1348,FC,CS2C,331A 353A ,,R,D,B ,F ,T,G,X,50,0,0,0,,,1748463,5426678,-41.29770076,174.7732487
Wellington City,WEBB ST,, ,I,HOPPER ST,2755176,28/08/07,Tue,2315,JA,CW14,309B 377B 402B ,,R,D,DO,F ,T,G,C,50,0,0,0,,,1748565,5426632,-41.29809615,174.7744776
Wellington City,WEBB ST,, ,I,HOPPER ST,2750058,10/01/07,Wed,1700,JC,CN2V,302A ,,R,D,OO,L ,T,G, ,50,0,0,0,,,1748565,5426632,-41.29809615,174.7744776
Wellington City,WEBB ST,, ,I,TARANAKI ST,2753210,11/06/07,Mon,915,FE,CE1C,113A 331A ,,R,W,O ,L ,T,T,C,50,0,0,0,,,1748654,5426592,-41.2984399,174.77555
Wellington City,WEBB ST,, ,I,THOMPSON ST,2756321,4/10/07,Thu,1757,KB,CE1C,301B ,,R,D,O ,F ,T,S,C,50,0,0,0,,,1748356,5426726,-41.29728827,174.7719596
Wellington City,WEBB ST,, ,I,THOMPSON ST,2713643,1/11/07,Thu,1607,KA,CW14,113B 301B ,,R,D,O ,F ,T,S,C,50,0,0,1,,,1748356,5426726,-41.29728827,174.7719596
Wellington City,WEBB ST,15,W, ,VICTORIA ST,2754729,22/08/07,Wed,810,AC,CW1V,372A 381A 671A ,,R,D,O ,F ,T,N,P,50,0,0,0,,,1748262,5426769,-41.29691839,174.7708269
Wellington City,WEKA ST,, ,I,CAMPERDOWN ROAD,2752933,12/03/07,Mon,1400,DB,CE1C,111A 131A 400A ,M,R,D,B ,F ,T,N,C,50,0,0,0,,,1752732,5425605,-41.30656459,174.8244827
Wellington City,WELLINGTON ROAD,, ,I,CRAWFORD ROAD,2754842,4/08/07,Sat,1926,JA,SS2C,602A 302B 375B ,,E,W,DO,L ,R,G,R,50,0,0,0,,,1749784,5424941,-41.3130955,174.7894471
Wellington City,WELLINGTON ROAD,, ,I,CRAWFORD ROAD,2712569,29/07/07,Sun,1950,LB,PE2C,302B 375B ,,E,W,DO,L ,R,G,R,50,0,1,0,,,1749774,5424942,-41.31308836,174.7893274
Wellington City,WESTCHESTER DRIVE,, ,I,LAKEWOOD AVENUE,2751453,16/03/07,Fri,2215,ND,CE1,376A 711B ,,R,D,DO,F ,T,N,P,50,0,0,0,,,1751619,5437244,-41.20198467,174.8083005
Wellington City,WHITMORE ST,, ,I,FEATHERSTON ST,2752292,9/04/07,Mon,2240,HA,VW1C,322A ,,R,D,DO,F ,X,T,C,50,0,0,0,,,1748923,5428522,-41.28101367,174.7782894
Wellington City,WHITMORE ST,, ,I,FEATHERSTON ST,2713646,14/11/07,Wed,850,NB,XW1E,713B 718B 725B ,,R,W,O ,LS,X,T,R,50,0,0,1,59,,1748923,5428522,-41.28101367,174.7782894
Wellington City,WHITMORE ST,, ,I,FEATHERSTON ST,2756628,20/09/07,Thu,1705,GA,CS2C,331A ,,R,D,B ,F ,X,T,C,50,0,0,0,,,1748923,5428522,-41.28101367,174.7782894
Wellington City,WHITMORE ST,15,W, ,LAMBTON QUAY,2753506,12/06/07,Tue,1620,AA,VW1C,372A ,,R,D,O ,F ,X,T,R,50,0,0,0,,,1748827,5428675,-41.27965384,174.7771062
Wellington City,WHITMORE ST,, ,I,LAMBTON QUAY,2750585,23/02/07,Fri,1536,FE,BN1C,181A 334A ,,R,D,O ,F ,X,T,C,50,0,0,0,,,1748819,5428688,-41.27953827,174.7770076
Wellington City,WHITMORE ST,, ,I,STOUT ST,2752400,29/04/07,Sun,1640,HA,CN14,322B ,,R,D,B ,F ,X,T,C,50,0,0,0,,,1748881,5428585,-41.2804542,174.7777727
Wellington City,WHITMORE ST,, ,I,STOUT ST,2753637,17/06/07,Sun,1743,HA,CN2C,313A 370A 334B 691B ,,R,W,DO,L ,X,T,R,50,0,0,0,,,1748881,5428585,-41.2804542,174.7777727
Wellington City,WHITMORE ST,, ,I,STOUT ST,2750229,18/01/07,Thu,722,HA,CE2C,322B ,F,R,D,B ,F ,X,T,P,50,0,0,0,,,1748881,5428585,-41.2804542,174.7777727
Wellington City,WILLESTON ST,, ,I,VICTORIA ST,2713258,5/10/07,Fri,800,HA,VW1C,322B 334B ,,R,D,B ,F ,X,T,C,50,0,0,1,,,1748808,5427890,-41.28672505,174.7770712
Wellington City,WILLIAM ST,15,N, ,WAITOA ROAD,2756173,2/10/07,Tue,1849,MO,CN1,133A 423A ,F,R,D,B ,F , ,N,N,50,0,0,0,,,1750275,5425887,-41.30448703,174.7950765
Wellington City,WILLIS ST,10,S, ,BOULCOTT ST,2753494,26/03/07,Mon,830,EA,BN1C,385A ,M,R,D,B ,F ,X,N,N,50,0,0,0,,,1748599,5427614,-41.2892485,174.7746438
Wellington City,WILLIS ST,50,S, ,BOULCOTT ST,2711321,16/02/07,Fri,1630,NA,CS1E,370A 712B ,,R,D,B ,F , ,N,C,50,0,0,1,26,,1748583,5427578,-41.28957557,174.7744616
Wellington City,WILLIS ST,, ,I,BOULCOTT ST,2757965,24/12/07,Mon,2012,FE,CN1V,181A ,,R,D,DO,F ,X,T,C,50,0,0,0,,,1748603,5427623,-41.28916673,174.7746894
Wellington City,WILLIS ST,, ,I,DIXON ST,2752295,15/02/07,Thu,1820,FE,CE1C,434A 512A ,,R,D,TO,F ,X,T,C,50,0,0,0,,,1748520,5427439,-41.29083864,174.7737435
Wellington City,WILLIS ST,, ,I,ELLERS AVENUE,2751622,24/02/07,Sat,2030,LB,CS1C,303B ,,R,D,DO,F ,T,N,C,50,0,0,0,,,1748572,5427554,-41.28979368,174.7743362
Wellington City,WILLIS ST,25,S, ,FLAGSTAFF LANE,2756602,16/08/07,Thu,1210,MO,4S1M,371A ,M,R,D,O ,F , ,N,N,50,0,0,0,,,1748562,5427532,-41.28999359,174.7742222
Wellington City,WILLIS ST,10,S, ,GHUZNEE ST,2753561,26/04/07,Thu,1720,MA,CN14,359A 387B 443B ,Q,R,D,O ,F ,X,T,C,50,0,0,0,,,1748442,5427263,-41.2924376,174.7728553
Wellington City,WILLIS ST,15,S, ,GHUZNEE ST,2750595,12/01/07,Fri,840,FD,CN1C,331A ,,R,D,O ,F , ,N,C,50,0,0,0,,,1748440,5427258,-41.29248299,174.7728327
Wellington City,WILLIS ST,25,S, ,GHUZNEE ST,2752316,2/04/07,Mon,1845,MG,CN1C,353B 371B ,Q,R,D,DO,F ,M,T,C,50,0,0,0,,,1748435,5427249,-41.29256494,174.7727752
Wellington City,WILLIS ST,30,S, ,GHUZNEE ST,2756664,6/11/07,Tue,1745,MA,CN1C,373B ,,R,D,TO,F , ,N,C,50,0,0,0,,,1748433,5427244,-41.29261032,174.7727525
Wellington City,WILLIS ST,40,S, ,GHUZNEE ST,2755269,14/06/07,Thu,810,AA,BN1C,372A ,,R,D,B ,F , ,N,C,50,0,0,0,,,1748429,5427235,-41.29269209,174.772707
Wellington City,WILLIS ST,15,S, ,LAMBTON QUAY,2713680,24/10/07,Wed,1740,NA,CN1E,713B 718B ,,R,D,B ,F ,X,T,L,30,0,0,1,30,,1748734,5427909,-41.28656762,174.7761833
Wellington City,WILLIS ST,20,S, ,LAMBTON QUAY,2712541,3/07/07,Tue,1616,NA,BS1E,370A 718B 719B ,,R,D,B ,F , ,N,C,30,0,0,1,34,,1748732,5427905,-41.286604,174.7761604
Wellington City,WILLIS ST,50,S, ,LAMBTON QUAY,2757782,3/12/07,Mon,1650,AC,VN1B,373B ,,R,D,B ,F , ,N,C,30,0,0,0,,,1748720,5427877,-41.28685831,174.776024
Wellington City,WILLIS ST,20,S, ,MANNERS ST,2756589,7/09/07,Fri,1415,EA,TS1C,129A ,M,R,D,B ,F , ,N,C,50,0,0,0,,,1748595,5427605,-41.28933027,174.7745983
Wellington City,WILLIS ST,, ,I,MANNERS ST,2754807,5/08/07,Sun,1229,FE,CN1C,181A ,,R,D,B ,F ,X,T,C,50,0,0,0,,,1748603,5427623,-41.28916673,174.7746894
Wellington City,WILLIS ST,, ,I,MANNERS ST,2751736,21/02/07,Wed,829,GF,TW2B,372A 434B ,,R,D,O ,F ,X,T,C,50,0,0,0,,,1748603,5427623,-41.28916673,174.7746894
Wellington City,WILLIS ST,, ,I,MERCER ST,2755278,28/05/07,Mon,900,FE,BS1S,331A 512A ,,R,D,B ,F ,T,T,R,30,0,0,0,,,1748653,5427727,-41.28822117,174.7752609
Wellington City,WILLIS ST,, ,I,WEBB ST,2753558,13/06/07,Wed,1525,AC,CN1C,170A 336A 850 ,,R,D,O ,F ,T,T,C,50,0,0,0,,,1748229,5426784,-41.2967894,174.7704292
Wellington City,WILLIS ST,20,S, ,WILLESTON ST,2750940,18/02/07,Sun,1930,FD,BN1C,386A ,,R,D,B ,F , ,N,L,50,0,0,0,,,1748732,5427905,-41.286604,174.7761604
Wellington City,WILLIS ST,, ,I,WILLESTON ST,2756509,30/10/07,Tue,1755,AO,CW1C,197A 353A 671A ,,E,D,O ,F ,X,T,N,50,0,0,0,,,1748740,5427923,-41.28644047,174.7762515
Wellington City,WILLOWBANK ROAD,200,S, ,MAIN ROAD,2750145,15/01/07,Mon,2250,DB,CN1,103A 111A ,,M,D,DO,F , ,N,C,50,0,0,0,,,1753328,5438824,-41.18743761,174.8282772
Wellington City,WILLOWBANK ROAD,400,S, ,MAIN ROAD,2712090,10/06/07,Sun,1225,MB,4N1C,372B 831 ,,M,D,B ,F , ,N,C,50,0,0,1,,,1753389,5438643,-41.18905566,174.8290496
Wellington City,WILTON ROAD,, ,I,GLOUCESTER ST,2752617,14/02/07,Wed,805,KB,CE1C,302B ,,R,D,B ,F ,T,G,C,50,0,0,0,,,1747166,5429976,-41.26824461,174.7569674
Wellington City,WILTON ROAD,, ,I,WARWICK ST,2711534,17/01/07,Wed,1320,JA,4W1X,301B 377B ,,R,D,B ,F ,T,S,C,50,0,1,0,,,1747395,5430005,-41.26794176,174.7596931
Wellington City,WOODRIDGE DRIVE,, ,I,CEDARWOOD ST,2751775,20/03/07,Tue,1855,DB,VW1,402A 423A 430A ,EJ,E,D,DO,F ,R,N,N,50,0,0,0,,,1753658,5435512,-41.21719403,174.8330423
Wellington City,Z CPK,50,W, ,ALPHA/CAMBRIDGE,2751166,16/02/07,Fri,1300,MO,CW1C,386A ,M,R,D,B ,F , ,N,N,50,0,0,0,,,1749259,5426991,-41.29473587,174.782675
Wellington City,Z CPK,, ,A,COUTTS/BAY,2750597,29/01/07,Mon,1020,MO,CS1C,386A ,M,E,D,B ,F , ,N,N,50,0,0,0,,,1750165,5424189,-41.31979516,174.7941824