TLA NAME,CRASH ROAD,CRASH DIST,CRASH DIRN,INTSN,SIDE ROAD,CRASH ID,CRASH DATE,CRASH DOW,CRASH TIME,MVMT,VEHICLES,CAUSES,OBJECTS STRUCK,ROAD CURVE,ROAD WET,LIGHT,WTHRa,JUNC TYPE,TRAF CTRL,ROAD MARK,SPD LIM,CRASH FATAL CNT,CRASH SEV CNT,CRASH MIN CNT,PERS AGE1,PERS AGE2,EASTING,NORTHING,latitude,longitude
Wellington City,Z CPK,350,S, ,STEWART DUFF/SH 1N,2757527,2/11/07,Fri,1825,MO,TN1C,371A ,M,R,D,TF,F , ,N,N,50,0,0,0,,,1751608,5423285,-41.32766408,174.8116407
Wellington City,Z CPK AIRPORT,, ,A,TOP LEVEL ACCESS ROAD,2757222,12/11/07,Mon,1030,MO,CS1C,385A ,M,R,D,O ,F , ,N,N,50,0,0,0,,,1751683,5423095,-41.32936058,174.8125839
Wellington City,Z CPK AIRPORT TAXI,, ,A,STEWART DUFF/ACCESS,2755752,6/08/07,Mon,653,NO,XS1X,371A ,Q,R,W,DO,L , ,N,N,50,0,0,0,,,1751667,5422861,-41.33147034,174.8124512
Wellington City,Z CPK ASIAN FOODMARKET,30,E, ,DONALD MCLEAN/RIDDIFORD,2753492,11/06/07,Mon,1242,MO,TS1C,371A ,,R,W,O ,F , ,N,N,50,0,0,0,,,1749079,5424680,-41.31557599,174.7810924
Wellington City,Z CPK ASTERON HOUSE,70,S, ,THE TERRACE/GLENCOE,2756659,19/10/07,Fri,1350,MO,CW1T,386A 440B ,M,R,D,B ,F , ,N,L,50,0,0,0,,,1748569,5428213,-41.28386095,174.7741396
Wellington City,Z CPK BUILDING,60,N, ,WILLIS/DIXON,2752807,19/03/07,Mon,1110,FA,CS1C,331A ,Q,R,D,O ,F , ,N,N,50,0,0,0,,,1748569,5427490,-41.29037045,174.774316
Wellington City,Z CPK COUNTDOWN,50,S, ,BILL CUTTING PLACE,2757227,2/11/07,Fri,1115,MO,VE1C,385A ,,E,D,O ,F , ,N,N,50,0,0,0,,,1751433,5434978,-41.22242123,174.8066446
Wellington City,Z CPK COUNTDOWN,, ,A,BRODERICK/GOTHIC,2752181,24/03/07,Sat,1835,MO,4N1C,371A ,M,R,D,TF,F , ,N,N,50,0,0,0,,,1751364,5434923,-41.22292933,174.8058354
Wellington City,Z CPK COUNTDOWN,, ,A,MOOREFIELD ROAD,2757963,19/12/07,Wed,1520,MO,CS1C,371A ,M,R,D,O ,L , ,N,N,50,0,0,0,,,1751414,5434996,-41.22226272,174.8064135
Wellington City,Z CPK COUNTDOWN,, ,A,MOOREFIELD/BILL CUTTING,2756808,20/09/07,Thu,1250,MO,CN1V,371A ,Q,R,D,B ,F , ,N,N,50,0,0,0,,,1751436,5435003,-41.22219558,174.8066741
Wellington City,Z CPK DICK SMITHS,50,E, ,VIVIAN/TARANAKI,2754500,26/07/07,Thu,1147,MO,VN1X,371A 927 ,,R,D,B ,F ,D,N,C,50,0,0,0,,,1748814,5426897,-41.29566436,174.7773856
Wellington City,Z CPK EVANS BAY MARINA,, ,A,EVANS BAY PARADE,2713089,30/07/07,Mon,1510,MO,CN1,402A 405A ,H,R,W,TN,H , ,N,N,50,0,0,1,,,1750437,5425108,-41.31147043,174.7972034
Wellington City,Z CPK FARMERS,, ,A,VICTORIA ST,2757497,3/11/07,Sat,2131,MO,CE1C,371A ,,R,D,DO,F , ,N,N,50,0,0,0,,,1748630,5427339,-41.29171874,174.775081
Wellington City,Z CPK FOWLER CENTRE,100,E, ,WAKEFIEKD/CUBA,2752614,5/04/07,Thu,1525,MO,CE1C,385A 386A ,M,E,D,O ,F , ,N,N,50,0,0,0,,,1748898,5427523,-41.29001272,174.7782353
Wellington City,Z CPK HOSPITAL,100,E, ,RIDDIFORD ST,2757074,27/11/07,Tue,1400,MO,CW1C,386A ,M,R,D,B ,F , ,N,N,50,0,0,0,,,1749088,5425461,-41.30854268,174.7810085
Wellington City,Z CPK JOHNSONVILLE MALL,50,N, ,GOTHIC/BRODERICK,2755237,23/06/07,Sat,1305,MO,CN1C,371A 371B ,,R,D,B ,F , ,N,N,50,0,0,0,,,1751342,5434850,-41.22359069,174.8055911
Wellington City,Z CPK JVILLE MALL,, ,A,BRODERICK/GOTHIC,2756620,18/08/07,Sat,1530,MO,CS1C,197A 370B ,,E,D,O ,F , ,N,C,50,0,0,0,,,1751370,5434835,-41.2237205,174.8059287
Wellington City,Z CPK JVILLE MALL,80,W, ,BRODERICK/JOHNSONVILLE,2752290,2/04/07,Mon,1416,MO,CN1C,371A 386A ,M,R,D,B ,F , ,N,N,50,0,0,0,,,1751383,5434788,-41.22414123,174.8060954
Wellington City,Z CPK JVILLE MALL,, ,A,GOTHIC ROAD,2755744,14/07/07,Sat,855,MO,CS1C,308B ,,R,D,B ,F , ,N,N,50,0,0,0,,,1751360,5434882,-41.22329921,174.8057978
Wellington City,Z CPK JVILLE MALL,, ,A,GOTHIC/BRODERICK,2756598,16/06/07,Sat,1206,MO,CN1C,385A ,M,R,W,O ,F , ,N,N,50,0,0,0,,,1751373,5434841,-41.22366592,174.805963
Wellington City,Z CPK JVILLE MALL,, ,A,GOTHIC/BRODERICK,2755760,14/08/07,Tue,1230,MO,CW1C,371B ,,R,D,O ,F , ,N,N,50,0,0,0,,,1751371,5434834,-41.22372932,174.8059409
Wellington City,Z CPK JVILLE MALL,180,N, ,MOOREFIELD/BRODERICK,2756302,11/10/07,Thu,1225,MO,CS1C,386A ,Q,R,W,O ,L , ,N,N,50,0,0,0,,,1751382,5434859,-41.22350218,174.8060659
Wellington City,Z CPK L3A JAMES SMITH,, ,A,WAKEFIELD ST,2755761,13/07/07,Fri,1840,MO,VE1C,385A ,M,R,D,TO,F , ,N,N,50,0,0,0,,,1748905,5427427,-41.29087576,174.7783423
Wellington City,Z CPK LOADED HOG,80,E, ,JERVOIS/PO SQUARE,2756858,8/09/07,Sat,5,EO,CE1,433A ,X,R,D,DO,F , ,N,N,50,0,0,0,,,1748994,5428115,-41.28466497,174.7792364
Wellington City,Z CPK LOADED HOG,, ,A,QUEENS WHARF,2757863,19/12/07,Wed,830,MO,CN1V,385A ,M,R,D,O ,F , ,N,N,50,0,0,0,,,1748953,5428234,-41.28360113,174.7787179
Wellington City,Z CPK MANFIELD FLATS,, ,A,MANSFIELD/ROY,2756009,9/09/07,Sun,515,MO,CS1,430A 517A ,H,R,D,DO,F , ,N,N,50,0,0,0,,,1749085,5424278,-41.31919424,174.7812626
Wellington City,Z CPK MICHAEL FOWLER,, ,A,WAKEFIELD ST,2755763,28/09/07,Fri,,MO,CS1C,371A ,,R,D,O ,F , ,N,R,50,0,0,0,,,1748909,5427525,-41.28999269,174.7783661
Wellington City,Z CPK MITRE 10,100,S, ,TORY/COURTENAY,2750517,4/02/07,Sun,400,MO,CN1C,386A ,M,E,D,DN,F , ,N,N,50,0,0,0,,,1749091,5427095,-41.29383056,174.7806439
Wellington City,Z CPK NEW WORLD,, ,A,CABLE/CHAFFERS,2755742,27/07/07,Fri,2045,MO,4W1C,385A ,Q,R,D,DO,F , ,N,N,50,0,0,0,,,1749363,5427264,-41.2922587,174.7838496
Wellington City,Z CPK NEW WORLD,, ,A,CHAFFERS ST,2750763,4/02/07,Sun,1745,MO,4E1C,386A ,M,R,D,B ,F , ,N,N,50,0,0,0,,,1749359,5427272,-41.29218741,174.7837998
Wellington City,Z CPK NEW WORLD,30,E, ,CHAFFERS/WAKEFIELD,2755245,27/05/07,Sun,1300,MO,CW14,371A ,,R,D,B ,F , ,N,C,50,0,0,0,,,1749360,5427264,-41.29225926,174.7838137
Wellington City,Z CPK NEW WORLD,30,E, ,CHAFFERS/WAKEFIELD,2755224,20/06/07,Wed,1230,MO,CN1C,385A ,M,R,D,B ,F , ,N,N,50,0,0,0,,,1749357,5427267,-41.2922328,174.7837772
Wellington City,Z CPK NEW WORLD,60,W, ,MIRAMAR/STONE,2753121,24/03/07,Sat,1415,MO,CW1C,386A ,M,R,D,B ,F , ,N,N,50,0,0,0,,,1751910,5424574,-41.3160021,174.8149256
Wellington City,Z CPK NEW WORLD,, ,A,MOLESWORTH ST,2750681,19/02/07,Mon,1750,MO,4S1C,371A ,,R,D,B ,F , ,N,N,50,0,0,0,,,1748943,5429248,-41.27447347,174.7783506
Wellington City,Z CPK NEW WORLD,100,E, ,WAKEFIELD/CHAFFERS,2753562,29/03/07,Thu,2030,MO,CW1C,371A ,,R,D,DO,F , ,N,N,50,0,0,0,,,1749362,5427271,-41.29219586,174.7838359
Wellington City,Z CPK NEW WORLD,, ,A,WAKEFIELD/CHAFFERS,2756805,19/10/07,Fri,1800,MG,CN1C,371B ,,R,D,B ,F , ,N,N,50,0,0,0,,,1749365,5427263,-41.29226733,174.7838737
Wellington City,Z CPK NEWLANDS SHOPS,100,N, ,BRACKEN/NEWLANDS,2755969,23/09/07,Sun,1303,MO,CS14,300A 375A ,,R,D,B ,F , ,N,N,50,0,0,0,,,1752813,5434931,-41.22258495,174.8231122
Wellington City,Z CPK NEWLANDS SHOPS,100,N, ,BRACKEN/NEWLANDS,2755648,26/08/07,Sun,1225,MO,CW1C,371A 402A 671A ,,R,D,B ,F , ,N,N,50,0,0,0,,,1752825,5434929,-41.22260069,174.8232558
Wellington City,Z CPK PAK N SAVE,60,S, ,RONGOTAI/MAHORA,2751734,10/03/07,Sat,1650,MO,CE14,371A 373B ,,R,D,BF,F , ,N,N,50,0,0,0,,,1750363,5424344,-41.31836275,174.7965087
Wellington City,Z CPK PAK N SAVE,, ,A,RONGOTAI/MAHORA,2752620,10/05/07,Thu,1530,MO,CN1C,371A ,,E,D,B ,F , ,N,N,50,0,0,0,,,1750408,5424324,-41.31853443,174.797051
Wellington City,Z CPK PAK N SAVE,, ,A,RONGOTAI/MAHORA,2713524,21/08/07,Tue,1045,NO,CS1E,371A ,,R,D,B ,F , ,N,N,50,0,0,1,,,1750373,5424336,-41.31843292,174.7966301
Wellington City,Z CPK PRESTON TAYLOR,, ,A,NGAURANGA,2757890,4/12/07,Tue,930,MO,CN1C,371A ,M,R,D,B ,F , ,N,N,50,0,0,0,,,1751811,5432216,-41.24721768,174.8118388
Wellington City,Z CPK RADFORDS,, ,A,TORY ST,2757585,24/11/07,Sat,1450,MO,VN1V,371A ,M,R,D,B ,F , ,N,N,50,0,0,0,,,1749092,5427091,-41.29386639,174.7806569
Wellington City,Z CPK RAILWAY STN,, ,A,PLATFORM 9/WATERLOO,2754612,29/06/07,Fri,1714,JO,CS1C,110A 201A 926 ,,R,W,O ,F ,D,N,N,50,0,0,0,,,1749176,5428753,-41.27888718,174.7812525
Wellington City,Z CPK RENTAL,, ,A,ACCESS ROAD/TERMINAL,2756270,31/10/07,Wed,1400,MO,CN1C,201A 309A ,,R,D,B ,F , ,N,N,50,0,0,0,,,1751634,5423079,-41.32951385,174.8120027
Wellington City,Z CPK RONGOTAI COLLEGE,, ,A,TITIRANGI ROAD,2755279,26/05/07,Sat,1230,MO,CS1C,371A ,M,R,D,B ,F , ,N,N,50,0,0,0,,,1750882,5423736,-41.32373981,174.8028575
Wellington City,Z CPK TE PAPA,, ,A,BARNETT/CABLE,2713795,7/12/07,Fri,1955,MO,CS1,350A 420A ,P,R,D,O ,F , ,N,N,50,0,0,1,,,1749310,5427368,-41.29133215,174.7831914
Wellington City,Z CPK TE PAPA,, ,A,CABLE ST,2757793,9/12/07,Sun,1525,MO,VW1C,371A ,M,R,D,O ,F , ,N,N,50,0,0,0,,,1749248,5427393,-41.29111853,174.7824451
Wellington City,Z CPK TELECOM,15,N, ,TORY/HOLLAND,2756627,3/07/07,Tue,1733,MO,CW1C,385A ,M,R,D,B ,F , ,N,N,50,0,0,0,,,1749117,5427050,-41.29423092,174.7809653
Wellington City,Z CPK THE WAREHOUSE,, ,A,BRODERICK/JOHNSONVILLE,2752625,30/03/07,Fri,1930,MO,CE1C,371A ,,R,W,O ,F , ,N,N,50,0,0,0,,,1751531,5434852,-41.22353731,174.8078444
Wellington City,Z CPK VICTORIA ST,60,S, ,VICTORIA/DIXON,2751165,26/02/07,Mon,930,MO,CN1C,386A ,M,R,D,B ,F , ,N,N,50,0,0,0,,,1748639,5427366,-41.29147399,174.7751819
Wellington City,Z CPK WAHINE MEMORIAL,, ,A,MOA POINT/BREAKER BAY,2756670,11/08/07,Sat,2240,EA,TS1C,370A 602A ,Q,R,D,DO,F , ,N,N,50,0,0,0,,,1752394,5421528,-41.34333443,174.8214693
Wellington City,Z CPK WELLINGTON AIRPORT,350,S, ,STEWART DUFF/SH 1N,2756333,17/09/07,Mon,925,MO,TS1C,371A ,M,E,D,B ,F , ,N,N,50,0,0,0,,,1751613,5423276,-41.32774417,174.8117027
Wellington City,Z CPK WILSON,70,N, ,VICTORIA /VIVIAN,2754297,12/07/07,Thu,810,MO,CN1C,150A 331A 926 ,,R,W,O ,L , ,N,N,50,0,0,0,,,1748449,5427127,-41.29366078,174.772972
Wellington City,Z CPK WOOLWORTH,, ,A,JOHNSONVILLE/BRODERICK,2757883,9/12/07,Sun,1200,MO,CN1C,386A 507A ,M,R,D,B ,F , ,N,N,50,0,0,0,,,1751513,5434774,-41.22424295,174.8076491
Wellington City,Z CPK WOOLWORTHS,, ,A,JOHNSONVILLE ROAD,2751780,24/03/07,Sat,1849,MO,CE1C,371A ,,R,D,DO,F , ,N,N,50,0,0,0,,,1751518,5434794,-41.22406194,174.8077038
Wellington City,Z CPK WOOLWORTHS,, ,A,JOHNSONVILLE/BRODERICK,2755214,24/08/07,Fri,1710,MO,CW14,420A 507A ,,R,W,TF,F , ,N,C,50,0,0,0,,,1751538,5434753,-41.22442734,174.8079525
Wellington City,Z CPK WOOLWORTHS,, ,A,JOHNSONVILLE/BRODERICK,2756616,13/09/07,Thu,1510,MO,CN14,371A ,M,R,D,B ,F , ,N,N,50,0,0,0,,,1751521,5434790,-41.22409739,174.8077406
Wellington City,Z CPK WOOLWORTHS,100,S, ,ONEPU/RONGOTAI,2755250,24/07/07,Tue,1200,MF,CW1C,359B 371B ,,R,D,B ,F , ,N,C,50,0,0,0,,,1750292,5424275,-41.31899722,174.7956778
Wellington City,Z CPK WORSER BAY Y/CLUB,, ,A,MARINE PARADE,2751318,18/03/07,Sun,1700,MO,CE1C,351A 371A ,,R,D,B ,F , ,N,N,50,0,0,0,,,1753172,5424935,-41.31251328,174.8299049
Wellington City,Z CPK YANS SUPERMARKET,20,N, ,HOPPER/ARLINGTON,2756097,15/10/07,Mon,1524,MO,CN1C,386A 400A ,M,R,D,O ,L , ,N,N,50,0,0,0,,,1748480,5426481,-41.29947131,174.7734997
Wellington City,Z CPK YANS SUPERMARKET,, ,A,HOPPER/ARLINGTON,2750225,18/01/07,Thu,1329,EE,CE1C,525B ,M,R,D,B ,F , ,N,N,50,0,0,0,,,1748483,5426498,-41.2993177,174.7735314
Wellington City,Z CUBA MALL,15,S, ,DIXON ST,2753087,11/03/07,Sun,148,CA,PS1,103A 517A 524A ,,R,D,DO,F , ,N,N,50,0,0,0,,,1748751,5427320,-41.29186752,174.7765301
Wellington City,Z DWAY,40,S, ,SEVERN/SOUTHERN CROSS,2752182,19/03/07,Mon,1140,MO,TE14,372A 929 ,M,R,D,B ,F ,D,N,N,50,0,0,0,,,1747595,5421693,-41.34274222,174.7640962
Wellington City,Z DWAY 176 CECIL,280,S, ,CECIL/EUSTON,2712326,8/06/07,Fri,947,NG,CE1E,383A 929 ,,R,D,O ,F ,D,N,N,50,0,0,2,73,,1748053,5429907,-41.26870378,174.767569
Wellington City,Z DWAY 20,50,E, ,CHELTENHAM/EVESHAM,2756787,21/04/07,Sat,2310,CO,TS1,103A 929 ,F,R,D,DO,F , ,N,N,50,0,0,0,,,1752067,5434157,-41.22969409,174.8144091
Wellington City,Z DWAY 21 AMAPUR,110,S, ,AMAPUR/NADIA,2753434,1/06/07,Fri,1420,CA,CS1,501A 929 ,F,R,D,B ,F ,D,N,N,50,0,0,0,,,1749239,5432444,-41.24564375,174.781101
Wellington City,Z DWAY 57 MESSINES,50,S, ,MESSINES/PLYMOUTH,2752222,10/05/07,Thu,850,MO,TE1C,371A 920 ,,E,W,O ,F , ,N,N,50,0,0,0,,,1746581,5427906,-41.2869884,174.7504844
Wellington City,Z DWAY 66 CORTINA AVENUE,30,N, ,CORTINA/DUGGAN,2757829,12/12/07,Wed,2030,MO,CS1,386A ,F,R,D,TO,F , ,N,N,50,0,0,0,,,1750489,5435377,-41.21900496,174.7952894
Wellington City,Z DWAY 8 KIWI,, ,A,KIWI CRESCENT,2756358,31/10/07,Wed,1605,MO,4N1C,512A ,M,R,D,O ,F , ,N,N,50,0,0,0,,,1752508,5440512,-41.17239462,174.8180838
Wellington City,Z DWAY LEAGUE PARK,, ,A,HANSON/STOKE,2757345,9/12/07,Sun,955,MO,CN1,386A 402A ,EJ,R,D,B ,F , ,N,N,50,0,0,0,,,1748545,5424929,-41.31343267,174.7746547
Wellington City,Z DWAY MCDONALDS,, ,A,MOOREFIELD/JOHNSONVILLE,2751639,5/02/07,Mon,900,DA,VS1,386A ,H,M,D,B ,F , ,N,N,50,0,0,0,,,1751482,5435047,-41.22179082,174.8072118
Wellington City,Z DWAY SPCA,, ,A,MANSFIELD ST,2753321,1/06/07,Fri,1133,FO,VE1C,181A 920 ,,R,W,O ,F , ,N,N,50,0,0,0,,,1749118,5424353,-41.31851289,174.7816384
Wellington City,Z EVANS BAY MARINA,50,E, ,EVANS BAY PARADE,2754054,10/07/07,Tue,1800,CO,4N1,130A ,E,R,W,DF,L , ,N,N,50,0,0,0,,,1750554,5425193,-41.31068332,174.7985794
Wellington City,Z FCT BP,, ,A,LUXFORD/ADELAIDE,2756322,19/09/07,Wed,1235,MO,CN1,386A 402A ,X,R,D,B ,F , ,N,N,50,0,0,0,,,1748594,5424221,-41.31979806,174.7754128
Wellington City,Z FCT BP,, ,A,TARANAKI/CABLE,2756011,8/10/07,Mon,1446,MO,CE1C,386A ,M,R,D,O ,F , ,N,C,50,0,0,0,,,1749051,5427424,-41.29087583,174.7800859
Wellington City,Z FCT BP,, ,A,TARANAKI/CABLE,2757638,19/12/07,Wed,910,MO,CN1X,371A ,Q,R,W,O ,L , ,N,C,50,0,0,0,,,1749058,5427418,-41.29092855,174.7801709
Wellington City,Z FCT BP,, ,A,TARANAKI/CABLE,2756060,6/10/07,Sat,2340,MO,XE1C,371A ,M,R,D,DO,F , ,N,N,50,0,0,0,,,1749048,5427420,-41.29091239,174.780051
Wellington City,Z FCT BP ROADMASTER,, ,A,WAKEFIELD/TARANAKI,2751411,4/03/07,Sun,539,MO,VE1,101A 517A ,F,R,D,DO,FS, ,N,N,50,0,0,0,,,1749040,5427407,-41.29103091,174.7799587
Wellington City,Z FCT BP ROADMASTER,, ,A,WAKEFIELD/TARANAKI,2750427,16/01/07,Tue,1546,MO,XE1,423A ,H,R,D,B ,F , ,N,N,50,0,0,0,,,1749033,5427400,-41.29109523,174.7798769
Wellington City,Z FCT CAPITAL GATEWAY,, ,A,THORNDON QUAY,2757750,22/10/07,Mon,1200,MO,CE1C,371A 385A ,M,R,D,B ,F , ,N,N,50,0,0,0,,,1749211,5429039,-41.27630573,174.7816002
Wellington City,Z FCT CHALLENGE,, ,A,BASSETT/OHARIU,2757212,11/11/07,Sun,900,MO,CN1C,371A ,,R,D,O ,F , ,N,N,50,0,0,0,,,1751498,5435432,-41.21832152,174.8073071
Wellington City,Z FCT COURIER POST,250,W, ,KAIWHARAWHARA/HUTT,2757786,12/09/07,Wed,1230,MO,CS1C,371A ,M,R,D,B ,F , ,N,N,50,0,0,0,,,1749726,5431045,-41.25814954,174.7872538
Wellington City,Z FCT SHELL,20,S, ,TARANAKI/MARTIN,2755260,16/06/07,Sat,315,MO,XS1C,371A ,M,R,D,DO,F , ,N,N,50,0,0,0,,,1748734,5426756,-41.29694859,174.776465
Wellington City,Z PRIVATE DWY,70,W, ,RAKAU/ARIKI,2751617,6/01/07,Sat,1600,MO,CW14,386A 434A 929 ,M,E,D,O ,F ,D,N,N,50,0,0,0,,,1750479,5426491,-41.29901101,174.7973628
Wellington City,Z PYLON ACCESS TRACK,2800,N, ,CHARTWELL DRIVE,2753004,29/03/07,Thu,1013,DA,4S1,111A 138A 402A ,E,S,D,O ,F , ,N,N,50,0,0,0,,,1747073,5431244,-41.25684499,174.7555517
Wellington City,Z QUEENS WHARF,100,E, ,JERVOIS QUAY,2755231,30/07/07,Mon,1715,BD,BE1X,120A 120B ,,S,W,O ,F , ,N,N,50,0,0,0,,,1749001,5428022,-41.285501,174.7793427
Wellington City,Z RED ROCKS,2100,W, ,OWHIRO/HAPPY VALLEY,2712288,5/02/07,Mon,1916,CO,4W1,138A ,,E,D,O ,F , ,N,N,50,0,0,2,,,1745507,5421064,-41.34878521,174.7393017
Wellington City,Z TERAWHITI STATION,2000,S, ,SOUTH MAKARA/MAKARA,2711182,6/01/07,Sat,1846,QO,4S1,330A ,E,R,D,B ,F , ,N,N,100,0,0,1,,,1740835,5425675,-41.30809888,174.6824103
Wellington City,ZOHRAB ST,30,S, ,TAPIRI ST,2751530,16/02/07,Fri,2010,MO,CS1C,110A 386A 610A ,M,R,D,TF,F , ,N,N,50,0,0,0,,,1750188,5425670,-41.30645696,174.7940913
Wellington City,1N/1050/6.356,1500,S, ,MUNGAVIN ON SBD,2712414,19/06/07,Tue,735,FD,CS1VV,331A ,,R,D,O ,F , ,N,R,100,0,0,1,,,1754338,5442371,-41.15531107,174.8394207
Wellington City,1N/1050/6.614,3000,N, ,TAWA ON NBD,2750974,10/03/07,Sat,20,AC,CN14,128A 353A 400A ,,R,D,DN,F , ,N,R,100,0,0,0,,,1754210,5442145,-41.15737017,174.8379528
Wellington City,1N/1050/6.813,, ,A,COLLINS OBR,2711282,23/02/07,Fri,640,CB,PS1,135A 158A 170A 812 ,,R,D,B ,F , ,N,R,100,0,0,1,,,1754139,5441960,-41.15904929,174.8371536
Wellington City,1N/1050/7.307,500,S, ,COLLINS OBR,2755066,25/08/07,Sat,20,CB,CN1,430A ,G,R,D,DN,F , ,N,R,100,0,0,0,,,1753932,5441510,-41.16314012,174.8348006
Wellington City,1N/1050/8.026,3170,S, ,MUNGAVIN ON SBD,2710067,13/08/07,Mon,905,FD,VS1T,106A 331A ,,R,W,O ,L , ,N,R,100,1,0,0,,,1753674,5440841,-41.1692123,174.8318947
Wellington City,1N/1050/8.614,1000,N, ,TAWA ON NBD,2755368,28/07/07,Sat,1130,AA,CN1C,137A 372A 634A ,CG,R,D,B ,F , ,N,R,100,0,0,0,,,1753549,5440268,-41.17439492,174.830549
Wellington City,1N/1050/9.581,50,N, ,TAWA OFF SBD,2712230,14/05/07,Mon,1246,BF,CS1VC,132A 137A ,G,E,D,O ,FS, ,N,C,100,0,2,4,,,1753499,5439353,-41.18264246,174.8301825
Wellington City,1N/1050/9.631,, ,A,TAWA OFF SBD,2711857,25/05/07,Fri,717,FD,4S1CC,181A ,,M,D,O ,F , ,N,N,100,0,0,1,,,1753531,5439314,-41.18298752,174.8305737
Wellington City,1N/1050/9.631,, ,I,TAWA OFF SBD,2711279,27/02/07,Tue,725,AA,CS1M,372A 170B ,,M,D,O ,F ,M,S,R,100,0,0,1,,,1753531,5439314,-41.18298752,174.8305737
Wellington City,1N/1060/0.219,100,N, ,TAWA OFF NBD,2757873,8/12/07,Sat,1015,AG,CN1C,431A ,,M,D,B ,F , ,N,C,100,0,0,0,,,1753633,5438828,-41.18734381,174.8319112
Wellington City,1N/1060/0.235,30,N, ,TAWA ON SBD,2750754,15/02/07,Thu,720,FD,CS1C,111A 331A 831 ,,M,D,O ,F ,Y,N,R,100,0,0,0,,,1753642,5438813,-41.18747716,174.8320223
Wellington City,1N/1060/0.319,, ,I,TAWA OFF NBD,2756739,13/10/07,Sat,340,DB,CN1,195A ,G,E,D,DO,F ,Y,N,R,100,0,0,0,,,1753602,5438733,-41.18820501,174.8315656
Wellington City,1N/1060/0.465,200,S, ,TAWA ON SBD,2755369,3/07/07,Tue,635,AC,TS14V,372A 671A 137C ,C,R,D,DN,F , ,N,R,100,0,0,0,,,1753577,5438592,-41.18947922,174.831303
Wellington City,1N/1060/0.519,200,S, ,TAWA OFF NBD,2711917,27/03/07,Tue,1633,FD,VN1CC,181A 352A 331C 350C ,,R,D,B ,F , ,N,R,100,0,0,1,,,1753546,5438541,-41.18994426,174.8309464
Wellington City,1N/1060/0.519,200,S, ,TAWA OFF NBD,2712896,24/08/07,Fri,450,DB,CN1CT,111A 331B ,C,E,D,DN,L , ,N,C,100,0,0,1,,,1753546,5438541,-41.18994426,174.8309464
Wellington City,1N/1060/0.619,300,S, ,TAWA OFF NBD,2713600,7/11/07,Wed,642,DB,VN1,137A ,C,E,D,B ,F , ,N,R,100,0,0,1,,,1753522,5438444,-41.19082213,174.8306847
Wellington City,1N/1060/0.765,500,S, ,TAWA ON SBD,2757129,10/11/07,Sat,2245,CC,CS1,402A 431A ,CG,R,D,DN,F , ,N,R,100,0,0,0,,,1753516,5438299,-41.19212875,174.8306495
Wellington City,1N/1060/0.819,500,S, ,TAWA OFF NBD,2711391,8/02/07,Thu,1922,CB,CN1C,136A 631A ,S,R,D,B ,F , ,N,C,100,0,0,2,,,1753489,5438247,-41.19260204,174.8303407
Wellington City,1N/1060/1.265,1000,S, ,TAWA ON SBD,2753925,3/07/07,Tue,636,FD,CS1CC,181A ,,E,D,O ,F , ,N,R,100,0,0,0,,,1753211,5437935,-41.19546372,174.8271054
Wellington City,1N/1060/1.265,1000,S, ,TAWA ON SBD,2758066,27/01/07,Sat,1317,DB,VS1,136A 652A ,C,E,D,B ,F , ,N,R,100,0,0,0,,,1753211,5437935,-41.19546372,174.8271054
Wellington City,1N/1060/1.826,200,N, ,CHURTON PARK ON NBD,2752368,9/05/07,Wed,1754,FD,CN1C,181A 353A ,,R,D,TO,F , ,N,R,100,0,0,0,,,1752935,5437455,-41.19983749,174.8239356
Wellington City,1N/1060/1.826,200,N, ,CHURTON PARK ON NBD,2756532,4/08/07,Sat,1820,EC,CN1CC,370A 181B ,D,M,W,DN,L , ,N,R,100,0,0,0,,,1752935,5437455,-41.19983749,174.8239356
Wellington City,1N/1060/1.946,80,N, ,CHURTON PARK ON NBD,2757046,1/11/07,Thu,720,CB,VN1,137A 407A ,ET,R,D,O ,F , ,N,R,100,0,0,0,,,1752893,5437343,-41.2008538,174.8234629
Wellington City,1N/1060/1.985,50,N, ,CHURTON PARK OFF SBD,2754838,17/08/07,Fri,726,FD,CS1C,112A 386A ,,R,W,O ,L , ,N,R,100,0,0,0,,,1752896,5437307,-41.20117735,174.8235077
Wellington City,1N/1060/2.026,, ,I,CHURTON PARK ON NBD,2756518,13/07/07,Fri,818,KA,TN1C,370A 372B ,,E,D,O ,F ,Y,N,R,100,0,0,0,,,1752860,5437270,-41.20151727,174.8230878
Wellington City,1N/1060/2.065,30,S, ,CHURTON PARK OFF SBD,2755722,3/09/07,Mon,724,FD,CS1CC,112A 181A ,,R,D,O ,F , ,N,R,100,0,0,0,,,1752862,5437234,-41.20184101,174.8231206
Wellington City,1N/1060/2.135,100,S, ,CHURTON PARK OFF SBD,2714010,24/09/07,Mon,828,DB,VS1,132A 831 ,CS,E,W,O ,L , ,N,C,100,0,0,1,,,1752832,5437171,-41.20241389,174.8227787
Wellington City,1N/1060/2.869,, ,I,CHURTON PARK OFF NBD,2756295,19/10/07,Fri,1245,CB,CN1,137A ,,R,D,O ,F ,Y,N,R,100,0,0,0,,,1752353,5436619,-41.20747402,174.8172061
Wellington City,1N/1060/2.869,20,S, ,CHURTON PARK ON SBD,2752179,15/04/07,Sun,1300,KA,CS1C,309B 434B ,,E,D,B ,F ,Y,N,R,100,0,0,0,,,1752371,5436617,-41.20748864,174.8174212