TLA NAME,CRASH ROAD,CRASH DIST,CRASH DIRN,INTSN,SIDE ROAD,CRASH ID,CRASH DATE,CRASH DOW,CRASH TIME,MVMT,VEHICLES,CAUSES,OBJECTS STRUCK,ROAD CURVE,ROAD WET,LIGHT,WTHRa,JUNC TYPE,TRAF CTRL,ROAD MARK,SPD LIM,CRASH FATAL CNT,CRASH SEV CNT,CRASH MIN CNT,PERS AGE1,PERS AGE2,EASTING,NORTHING,latitude,longitude
Wellington City,1N/1060/2.899,50,S, ,CHURTON PARK ON SBD,2753573,11/07/07,Wed,750,FD,CS1C,181A 330A ,,R,D,O ,F , ,N,R,100,0,0,0,,,1752358,5436590,-41.20773418,174.817273
Wellington City,1N/1060/2.919,50,S, ,CHURTON PARK OFF NBD,2757569,20/11/07,Tue,1528,FD,VN1CCC,181A 191B 817 841 ,,R,D,B ,F , ,N,R,100,0,0,0,,,1752333,5436573,-41.20789194,174.8169791
Wellington City,1N/1060/3.049,200,S, ,CHURTON PARK ON SBD,2754287,12/07/07,Thu,720,FD,CS1C,181A 353A ,,R,W,DO,L , ,N,C,100,0,0,0,,,1752295,5436454,-41.20897049,174.8165558
Wellington City,1N/1060/3.73,500,N, ,JOHNSONVILLE OFF SBD,2755614,10/09/07,Mon,859,CC,4S1,501A ,G,R,D,B ,F , ,N,R,100,0,0,0,,,1752011,5435836,-41.21458796,174.8133236
Wellington City,1N/1060/3.93,300,N, ,JOHNSONVILLE OFF SBD,2753439,10/06/07,Sun,1315,AD,CS1,130A 190A ,C,R,D,O ,F , ,N,R,100,0,0,0,,,1751924,5435656,-41.2162249,174.812331
Wellington City,1N/1060/3.93,300,N, ,JOHNSONVILLE OFF SBD,2753749,4/07/07,Wed,750,FD,CS1C,181A ,,R,W,O ,L , ,N,C,100,0,0,0,,,1751924,5435656,-41.2162249,174.812331
Wellington City,1N/1060/4.03,200,N, ,JOHNSONVILLE ON NBD,2754713,11/08/07,Sat,2049,FA,CN1C,386A ,,R,D,DO,F , ,N,R,100,0,0,0,,,1751864,5435566,-41.21704647,174.8116379
Wellington City,1N/1060/4.26,30,S, ,JOHNSONVILLE ON NBD,2754638,25/07/07,Wed,1320,FA,CN1C,181A 817 ,,R,D,B ,F , ,N,R,100,0,0,0,,,1751764,5435359,-41.21892893,174.810497
Wellington City,1N/1060/4.33,100,S, ,JOHNSONVILLE OFF SBD,2753305,13/03/07,Tue,2332,CA,CS1,137A 195A ,G,R,W,DF,L , ,N,C,100,0,0,0,,,1751748,5435296,-41.21949914,174.8103218
Wellington City,1N/1060/4.33,100,S, ,JOHNSONVILLE ON NBD,2754062,4/07/07,Wed,1605,FD,CN1VC,135A 181A 191B 801 ,,R,W,O ,H , ,N,R,80,0,0,0,,,1751735,5435295,-41.21951058,174.8101671
Wellington City,1N/1060/4.549,, ,A,HELSTON OBR,2755211,16/08/07,Thu,1620,AD,CN1,407A 423A ,G,R,D,B ,F , ,N,R,100,0,0,0,,,1751645,5435095,-41.22132813,174.8091435
Wellington City,1N/1060/4.706,150,S, ,HELSTON OBR,2754635,3/08/07,Fri,1343,AA,CS1C,137A 372A ,C,R,D,O ,F , ,N,C,100,0,0,0,,,1751633,5434943,-41.22269889,174.8090382
Wellington City,1N/1060/4.892,500,N, ,JOHNSONVILLE OFF NBD,2752278,7/04/07,Sat,1554,EC,CN1,370A ,D,R,D,B ,F , ,N,C,100,0,0,0,,,1751617,5434755,-41.22439453,174.808894
Wellington City,1N/1060/5.192,200,N, ,JOHNSONVILLE OFF NBD,2714068,12/12/07,Wed,1705,CB,CN1,412A ,G,R,D,B ,F , ,N,R,80,0,0,3,,,1751537,5434466,-41.2270115,174.8080117
Wellington City,1N/1060/5.242,150,N, ,JOHNSONVILLE OFF NBD,2755292,15/06/07,Fri,1745,DB,CN1,358A ,G,M,W,DO,L , ,N,R,50,0,0,0,,,1751539,5434417,-41.22745229,174.8080477
Wellington City,1N/1060/5.245,150,N, ,NEWLANDS OFF SBD,2756634,23/08/07,Thu,840,AA,BS1C,372A ,G,M,D,B ,F , ,N,R,100,0,0,0,,,1751548,5434416,-41.22745961,174.8081553
Wellington City,1N/1060/5.372,20,N, ,JOHNSONVILLE OFF NBD,2755042,20/06/07,Wed,1735,AG,CN14,386A ,,R,W,DO,L , ,N,R,100,0,0,0,,,1751585,5434296,-41.22853308,174.8086263
Wellington City,JOHNSONVILLE OFF NBD,, ,I,1N/1060/5.392,2713938,19/12/07,Wed,1450,FD,VN2C,112A ,,R,W,O ,L ,Y,N,R,100,0,0,1,,,1751594,5434278,-41.22869345,174.8087381
Wellington City,1N/1060/5.492,100,S, ,JOHNSONVILLE OFF NBD,2711378,15/02/07,Thu,1741,FD,CN1C,331A 401A ,,R,D,O ,F , ,N,C,80,0,0,1,,,1751643,5434191,-41.22946756,174.8093441
Wellington City,1N/1060/5.492,100,S, ,JOHNSONVILLE OFF NBD,2752784,23/05/07,Wed,1100,DB,VN1,111A 135A 801 ,G,M,W,O ,F , ,N,R,80,0,0,0,,,1751643,5434191,-41.22946756,174.8093441
Wellington City,1N/1060/5.592,200,S, ,JOHNSONVILLE OFF NBD,2753514,28/04/07,Sat,1829,DB,4N1C4,131A 181B ,C,M,W,DO,L , ,N,R,80,0,0,0,,,1751686,5434101,-41.23026981,174.8098793
Wellington City,1N/1060/5.592,200,S, ,JOHNSONVILLE OFF NBD,2753039,30/01/07,Tue,1917,FB,4N1,111A ,G,E,D,B ,F , ,N,R,80,0,0,0,,,1751686,5434101,-41.23026981,174.8098793
Wellington City,1N/1060/5.787,100,N, ,NEWLANDS ON NBD,2751773,13/03/07,Tue,2140,DB,4N1,131A ,,E,W,DO,H , ,N,C,100,0,0,0,,,1751641,5433920,-41.23190785,174.8093875
Wellington City,1N/1060/5.807,50,S, ,JOHNSONVILLE ON SBD,2752060,14/03/07,Wed,2310,AD,CS1,110A 135A 402A 801 ,G,R,W,DO,L , ,N,R,100,0,0,0,,,1751650,5433905,-41.23204122,174.8094986
Wellington City,1N/1060/5.807,50,S, ,JOHNSONVILLE ON SBD,2758006,18/12/07,Tue,1515,DA,CS1C,110A 135A 801 ,GG,E,W,O ,H , ,N,P,80,0,0,0,,,1751650,5433905,-41.23204122,174.8094986
Wellington City,1N/1060/5.895,500,S, ,NEWLANDS OFF SBD,2755716,13/09/07,Thu,1545,FF,CS1C,181A ,,E,D,B ,F , ,N,R,100,0,0,0,,,1751594,5433838,-41.23265494,174.8088474
Wellington City,1N/1060/6,, ,I,NEWLANDS ON SBD,2752402,2/05/07,Wed,934,DA,VS1V,132A 135A 352A 181B 801 ,G,R,W,O ,F ,Y,N,R,80,0,0,0,,,1751527,5433757,-41.23339677,174.8080684
Wellington City,1N/1060/6,, ,I,NEWLANDS ON SBD,2752339,2/05/07,Wed,841,AC,TS1C,372A ,,E,W,O ,L ,Y,N,R,80,0,0,0,,,1751527,5433757,-41.23339677,174.8080684
Wellington City,1N/1060/6.101,100,S, ,NEWLANDS ON SBD,2756646,3/10/07,Wed,645,FD,CS1CC,331A ,,E,W,O ,L , ,N,R,80,0,0,0,,,1751461,5433681,-41.23409339,174.8073001
Wellington City,1N/1060/6.101,100,S, ,NEWLANDS ON SBD,2712007,28/04/07,Sat,1150,CC,CS1,135A 806 901 ,GP,R,W,O ,H , ,N,R,80,0,1,0,,,1751461,5433681,-41.23409339,174.8073001
Wellington City,1N/1060/6.193,50,N, ,NEWLANDS OFF NBD,2756792,7/11/07,Wed,1700,AA,VN1C,372A ,,E,D,B ,F , ,N,R,80,0,0,0,,,1751383,5433609,-41.23475623,174.8063877
Wellington City,1N/1060/6.2,200,S, ,NEWLANDS ON SBD,2757707,18/12/07,Tue,1650,FD,CS1C,181A ,,E,W,O ,L , ,N,R,80,0,0,0,,,1751396,5433605,-41.23478981,174.8065437
Wellington City,1N/1060/6.201,200,S, ,NEWLANDS ON SBD,2713952,22/11/07,Thu,1500,CA,MS1,135A 688A 903 ,,R,D,B ,FS, ,N,R,80,0,0,1,,,1751397,5433605,-41.23478963,174.8065556
Wellington City,1N/1060/6.201,200,S, ,NEWLANDS ON SBD,2713865,22/11/07,Thu,1510,CA,MS1,688A 903 ,,R,D,B ,FS, ,N,R,80,0,0,1,,,1751397,5433605,-41.23478963,174.8065556
Wellington City,1N/1060/6.213,30,N, ,NEWLANDS OFF NBD,2756956,17/10/07,Wed,1515,FF,4N1VV,331A 132B 132C 830 ,,E,D,B ,F , ,N,R,80,0,0,0,,,1751370,5433593,-41.23490272,174.8062366
Wellington City,1N/1060/6.263,20,S, ,NEWLANDS OFF NBD,2752496,3/05/07,Thu,1040,DA,CN1,135A 807 ,G,E,W,O ,F , ,N,R,80,0,0,0,,,1751340,5433553,-41.23526847,174.8058887
Wellington City,1N/1060/6.293,50,S, ,NEWLANDS OFF NBD,2712310,15/06/07,Fri,1744,AA,CN1C,112A 386A ,,R,W,DO,L , ,N,R,80,0,0,1,,,1751324,5433528,-41.23549655,174.805704
Wellington City,1N/1060/6.301,300,S, ,NEWLANDS ON SBD,2752425,13/03/07,Tue,1624,FD,CS1V,181A ,,E,W,O ,M , ,N,R,80,0,0,0,,,1751338,5433524,-41.23552994,174.805872
Wellington City,1N/1060/6.341,340,S, ,NEWLANDS ON SBD,2756375,17/10/07,Wed,709,CB,CS1,135A 801 ,S,E,W,O ,L , ,N,R,80,0,0,0,,,1751322,5433488,-41.23585706,174.8056901
Wellington City,1N/1060/6.4,400,S, ,NEWLANDS ON SBD,2751345,13/03/07,Tue,1545,FD,CS1C,117A 370A 831 ,,M,W,O ,L , ,N,R,80,0,0,0,,,1751303,5433431,-41.2363738,174.8054776
Wellington City,1N/1060/6.443,200,S, ,NEWLANDS OFF NBD,2756521,5/11/07,Mon,1705,FD,CN1C,110A 181A ,,E,D,B ,F , ,N,R,80,0,0,0,,,1751284,5433385,-41.23679151,174.8052624
Wellington City,1N/1060/6.517,100,N, ,ABATTOIRS ROAD,2712543,4/07/07,Wed,1620,FD,CN1C,181A 191B 403B ,,E,W,O ,L , ,N,R,80,0,0,1,,,1751286,5433312,-41.23744839,174.8053043
Wellington City,1N/1060/6.597,20,N, ,ABATTOIRS ROAD,2756999,21/11/07,Wed,2030,FA,VN1C,386A 182B ,,R,D,O ,F , ,N,R,80,0,0,0,,,1751305,5433234,-41.2381471,174.8055503
Wellington City,1N/1060/6.637,20,E, ,ABATTOIRS ROAD,2751315,27/02/07,Tue,1705,AA,CN1C,372A 671A ,,E,D,O ,F , ,N,R,80,0,0,0,,,1751323,5433199,-41.23845885,174.8057737
Wellington City,1N/1060/6.667,50,S, ,ABATTOIRS ROAD,2750545,10/01/07,Wed,721,AD,CN1C,135A 801 901 ,CC,E,W,DO,H , ,N,R,80,0,0,0,,,1751340,5433174,-41.23868075,174.8059826
Wellington City,1N/1060/6.701,700,S, ,NEWLANDS ON SBD,2756063,13/10/07,Sat,1213,AA,CS1,137A 402A 407A ,G,E,D,B ,F , ,N,R,80,0,0,0,,,1751379,5433155,-41.23884452,174.8064525
Wellington City,1N/1060/6.717,100,S, ,ABATTOIRS ROAD,2752337,18/03/07,Sun,1105,AD,4N1,133A 135A 801 ,G,E,W,O ,L , ,N,R,80,0,0,0,,,1751373,5433137,-41.2390077,174.8063854
Wellington City,1N/1060/6.767,150,S, ,ABATTOIRS ROAD,2757013,23/11/07,Fri,1654,FD,VN1CC,132A 181C ,,R,D,B ,F , ,N,R,80,0,0,0,,,1751411,5433105,-41.23928869,174.8068466
Wellington City,1N/1060/6.775,500,N, ,CENTENNIAL SBD,2752168,30/03/07,Fri,1435,QG,TS14VC,682A ,DDD,E,D,B ,F , ,N,R,100,0,0,0,,,1751434,5433106,-41.23927538,174.8071207
Wellington City,1N/1060/6.775,500,N, ,CENTENNIAL SBD,2755759,7/08/07,Tue,800,AO,MS1C,385A ,,E,D,O ,F , ,N,R,100,0,0,0,,,1751434,5433106,-41.23927538,174.8071207
Wellington City,1N/1060/6.817,200,S, ,ABATTOIRS ROAD,2756010,4/10/07,Thu,945,FA,VN14,331A 358A ,,R,D,B ,F , ,N,R,80,0,0,0,,,1751452,5433077,-41.23953311,174.8073426
Wellington City,1N/1060/6.874,400,N, ,CENTENNIAL SBD,2755415,21/09/07,Fri,800,FD,CS1C,191A ,,E,D,B ,F , ,N,R,80,0,0,0,,,1751511,5433043,-41.23982817,174.8080548
Wellington City,1N/1060/6.875,400,N, ,CENTENNIAL SBD,2754160,2/07/07,Mon,755,FD,CS1C,331A 353A ,,E,D,O ,F , ,N,R,80,0,0,0,,,1751512,5433043,-41.23982799,174.8080667
Wellington City,1N/1060/6.917,300,N, ,TYERS ROAD,2752068,13/04/07,Fri,1111,DB,VN1C,135A 800 ,,E,W,O ,LS, ,N,R,80,0,0,0,,,1751528,5433011,-41.2401131,174.8082655
Wellington City,1N/1060/7.001,1000,S, ,NEWLANDS ON SBD,2711562,17/03/07,Sat,2220,DA,CS1,130A 632A ,G,E,W,DO,L , ,N,C,80,0,0,1,,,1751596,5432950,-41.24064956,174.8090917
Wellington City,1N/1060/7.017,200,N, ,TYERS ROAD,2750818,31/01/07,Wed,1620,FD,CN1CCV,181A 191B ,,R,D,B ,F , ,N,R,80,0,0,0,,,1751590,5432933,-41.24080374,174.8090244
Wellington City,1N/1060/7.024,250,N, ,CENTENNIAL SBD,2713533,17/08/07,Fri,730,DB,PS1,132A ,G,E,W,O ,L , ,N,R,80,0,0,1,,,1751611,5432932,-41.24080881,174.8092751
Wellington City,1N/1060/7.024,250,W, ,CENTENNIAL SBD,2755451,24/09/07,Mon,933,FD,4E1C,112A 191B ,G,R,W,O ,F , ,N,R,80,0,0,0,,,1751611,5432932,-41.24080881,174.8092751
Wellington City,1N/1060/7.067,150,N, ,TYERS ROAD,2752169,28/04/07,Sat,1425,DA,CN1CC,133A ,P,E,W,O ,L , ,N,R,80,0,0,0,,,1751620,5432893,-41.24115825,174.8093921
Wellington City,1N/1060/7.075,200,N, ,CENTENNIAL SBD,2711622,13/03/07,Tue,800,AA,4S1C,197A 386A ,,E,W,O ,L , ,N,C,80,0,0,1,,,1751642,5432892,-41.24116313,174.8096548
Wellington City,1N/1060/7.075,200,N, ,CENTENNIAL SBD,2711597,23/02/07,Fri,930,CA,MS1CC,135A 800 ,,R,W,O ,L , ,N,C,80,0,1,1,,,1751642,5432892,-41.24116313,174.8096548
Wellington City,1N/1060/7.075,200,W, ,CENTENNIAL SBD,2713330,18/10/07,Thu,1700,DA,MS1,135A 800 ,,E,W,B ,F , ,N,R,80,0,0,1,,,1751642,5432892,-41.24116313,174.8096548
Wellington City,1N/1060/7.094,180,W, ,CENTENNIAL SBD,2713298,10/10/07,Wed,715,FD,CE1CC,135A 181A 801 901 ,G,E,W,TO,H , ,N,R,80,0,0,1,,,1751655,5432877,-41.24129574,174.8098136
Wellington City,1N/1060/7.117,100,N, ,TYERS ROAD,2713915,11/12/07,Tue,1650,FD,MN14C,181A 191B ,,R,D,O ,F , ,N,R,80,0,1,0,,,1751652,5432855,-41.24149438,174.8097833
Wellington City,1N/1060/7.155,120,N, ,CENTENNIAL SBD,2753063,28/05/07,Mon,739,FD,CS1CCC,181A 111D ,,E,D,O ,F , ,N,R,80,0,0,0,,,1751697,5432834,-41.24167501,174.8103253
Wellington City,1N/1060/7.175,100,N, ,CENTENNIAL SBD,2714009,7/08/07,Tue,751,CB,TS1CC,613A ,CEF,E,D,B ,F , ,N,R,80,0,0,1,,,1751714,5432823,-41.24177085,174.8105308
Wellington City,1N/1060/7.175,100,N, ,CENTENNIAL SBD,2711038,2/01/07,Tue,945,CA,CS1,135A 801 ,G,E,W,O ,LS, ,N,C,100,0,0,1,,,1751714,5432823,-41.24177085,174.8105308
Wellington City,1N/1060/7.246,30,S, ,TYERS ROAD,2750344,10/01/07,Wed,1720,DB,4W1,135A 806 ,,E,W,O ,L , ,N,R,80,0,0,0,,,1751756,5432780,-41.24215012,174.8110425
Wellington City,1N/1060/7.259,15,W, ,CENTENNIAL SBD,2755665,7/09/07,Fri,737,FD,CS1CCT,181A 427B ,,E,D,B ,F ,T,G,R,80,0,0,0,,,1751788,5432782,-41.2421261,174.8114237
Wellington City,1N/1060/7.297,1000,N, ,SH 2,2755002,24/08/07,Fri,1852,FD,CS14,112A ,,R,D,DO,F , ,N,R,100,0,0,0,,,1751822,5432766,-41.24226377,174.8118332
Wellington City,1N/1060/7.299,25,S, ,CENTENNIAL SBD,2752374,28/04/07,Sat,2051,DA,CS1,111A 133A ,G,E,W,DO,F , ,N,R,100,0,0,0,,,1751824,5432765,-41.2422724,174.8118573
Wellington City,1N/1060/7.309,, ,A,NIMT OBR,2711896,17/03/07,Sat,1320,AG,CS1CC,372A 507A ,,R,W,O ,L , ,N,R,80,0,2,0,,,1751832,5432761,-41.24230691,174.8119537
Wellington City,1N/1060/7.361,, ,I,CENTENNIAL NBD,2752364,28/04/07,Sat,1700,KA,CN1C,372B 671B ,P,E,W,TN,L ,Y,N,R,100,0,0,0,,,1751860,5432733,-41.24255375,174.8122947
Wellington City,1N/1060/7.508,200,E, ,NIMT OBR,2712537,30/06/07,Sat,1451,DA,CE1C,135A 804 ,GG,E,W,O ,L , ,N,C,100,0,0,2,,,1751986,5432639,-41.24337639,174.8138211
Wellington City,1N/1060/7.508,200,S, ,NIMT OBR,2752602,19/04/07,Thu,1220,AA,CS1V,353A 372A ,,R,D,B ,F , ,N,R,100,0,0,0,,,1751986,5432639,-41.24337639,174.8138211
Wellington City,1N/1060/7.774,500,S, ,CENTENNIAL SBD,2758087,27/04/07,Fri,840,DA,4S1,131A 632A ,G,E,W,O ,L , ,N,R,100,0,0,0,,,1752073,5432389,-41.24561086,174.8149211
Wellington City,1N/1060/7.861,500,S, ,GLOVER ST,2753174,30/04/07,Mon,230,DB,CN1TL,125A 191B 801 ,G,M,W,TF,L , ,N,C,100,0,0,0,,,1752036,5432302,-41.24640111,174.8145014
Wellington City,1N/1060/7.874,600,S, ,CENTENNIAL SBD,2712924,13/08/07,Mon,750,FD,VS1XCC,132A 331A 663A 801 ,,E,W,O ,LS, ,N,R,100,0,0,2,,,1752070,5432289,-41.24651176,174.8149103
Wellington City,1N/1060/7.874,600,S, ,CENTENNIAL SBD,2751580,17/03/07,Sat,2110,DA,VS1,132A ,G,E,W,DO,L , ,N,C,100,0,0,0,,,1752070,5432289,-41.24651176,174.8149103
Wellington City,1N/1060/7.897,400,N, ,SH 2,2756788,17/10/07,Wed,706,DA,CS1C,400A 407A ,,E,D,O ,F , ,N,R,100,0,0,0,,,1752066,5432267,-41.24671059,174.814868
Wellington City,1N/1060/7.997,300,N, ,SH 2,2755020,10/08/07,Fri,1725,DA,VS1,111A 137A 337A ,G,E,D,O ,FS, ,N,R,80,0,0,0,,,1752026,5432176,-41.24753741,174.8144135
Wellington City,1N/1060/8.097,200,N, ,SH 2,2754152,2/07/07,Mon,820,FD,CS1C,181A ,,E,W,O ,F , ,N,R,80,0,0,0,,,1751960,5432101,-41.24822507,174.8136449
Wellington City,1N/1060/8.156,100,N, ,SH 2,2751821,4/04/07,Wed,852,FD,CN1C,112A 181A 110B 817 ,,R,D,B ,F , ,N,R,100,0,0,0,,,1751851,5432080,-41.24843462,174.8123498
Wellington City,1N/1060/8.197,100,N, ,SH 2,2712801,2/06/07,Sat,2000,FD,CS1CCC,116A 337A ,,M,D,DO,F , ,N,R,80,0,0,3,,,1751878,5432044,-41.24875367,174.8126809
Wellington City,1N/1060/8.256,, ,I,SH 2,2757668,25/12/07,Tue,1028,DB,CN1,135A 633A 801 ,G,M,W,O ,H ,Y,N,R,100,0,0,0,,,1751775,5432014,-41.24904311,174.8114596
Wellington City,1N/1060/8.256,, ,I,SH 2,2751873,19/04/07,Thu,1255,GO,TN1C,386A ,,E,D,O ,F ,Y,N,C,50,0,0,0,,,1751775,5432014,-41.24904311,174.8114596
Wellington City,1N/1060/8.297,, ,I,SH 2,2756679,23/10/07,Tue,715,AA,CS1T,381A ,,R,W,O ,L ,Y,N,R,100,0,0,0,,,1751791,5431996,-41.24920217,174.811655
Wellington City,1N/1068/0.01,10,S, ,SH 2,2753102,23/05/07,Wed,1140,CC,VN1,112A 133A ,G,R,W,O ,F ,Y,N,R,100,0,0,0,,,1751767,5432008,-41.24909863,174.8113657
Wellington City,1N/1068/0.02,20,S, ,SH 2,2752645,7/05/07,Mon,1810,FD,CN1C,181A 350A ,,R,D,DO,F , ,N,C,100,0,0,0,,,1751759,5432002,-41.24915416,174.8112717
Wellington City,1N/1068/0.03,30,S, ,SH 2,2755021,10/08/07,Fri,1649,AC,CS14,159A 386A ,G,R,D,B ,F , ,N,C,100,0,0,0,,,1751766,5431979,-41.24935992,174.8113609
Wellington City,1N/1068/0.07,70,S, ,SH 2,2713737,28/11/07,Wed,1812,FD,CN14,132A 181A ,,R,D,B ,F , ,N,R,100,0,0,1,,,1751719,5431973,-41.24942276,174.8108018
Wellington City,1N/1068/0.2,200,S, ,SH 2,2751046,25/01/07,Thu,1326,AC,CN14,386A ,,R,D,O ,F , ,N,R,100,0,0,0,,,1751613,5431898,-41.2501179,174.8095559
Wellington City,1N/1068/0.2,200,S, ,SH 2,2712453,4/07/07,Wed,1843,CB,CN1CC,132A 135A 801 901 ,,R,W,DO,HS, ,N,C,100,0,0,2,,,1751613,5431898,-41.2501179,174.8095559
Wellington City,1N/1068/0.3,300,S, ,SH 2,2751255,26/01/07,Fri,1739,AC,CN1V,386A ,,R,D,B ,F , ,N,R,100,0,0,0,,,1751531,5431840,-41.25065547,174.808592
Wellington City,1N/1068/0.4,400,S, ,SH 2,2756007,8/10/07,Mon,1839,AA,4N1,137A 372A ,G,R,D,B ,F , ,N,R,100,0,0,0,,,1751450,5431781,-41.25120184,174.8076404
Wellington City,1N/1068/0.5,500,S, ,SH 2,2753241,6/06/07,Wed,1536,FA,CN1C,181A 191B 198B ,D,R,D,O ,F , ,N,R,100,0,0,0,,,1751378,5431713,-41.25182756,174.8067983
Wellington City,1N/1068/0.5,500,W, ,SH 2,2756374,9/08/07,Thu,810,FD,CS1C,331A 353A ,,R,D,O ,F , ,N,C,100,0,0,0,,,1751389,5431701,-41.25193354,174.8069325
Wellington City,1N/1068/0.6,600,S, ,SH 2,2754313,16/07/07,Mon,1800,FD,CN1C,331A 353A ,,E,D,DO,F , ,N,R,100,0,0,0,,,1751312,5431637,-41.25252417,174.8060298
Wellington City,1N/1068/0.6,600,W, ,SH 2,2751292,25/01/07,Thu,1807,AC,VN1CC,181A 386A 132B 132C ,,E,D,O ,F , ,N,R,100,0,0,0,,,1751312,5431637,-41.25252417,174.8060298
Wellington City,1N/1068/0.834,2000,N, ,AOTEA OFF SBD,2712437,27/06/07,Wed,1500,AC,TS1C,372A 671A ,,R,D,O ,F , ,N,R,100,0,0,1,,,1751148,5431470,-41.25405842,174.8041146
Wellington City,1N/1068/1.19,1190,S, ,SH 2,2755346,11/09/07,Tue,1252,DA,CS1C,137A 372B ,,E,D,B ,F , ,N,R,100,0,0,0,,,1750828,5431321,-41.2554597,174.8003337
Wellington City,1N/1068/1.309,1200,N, ,AOTEA ON NBD,2713636,11/11/07,Sun,15,CA,CN1,103A 410A ,G,R,D,DO,F , ,N,R,100,0,0,1,,,1750706,5431290,-41.25576156,174.7988858
Wellington City,1N/1068/1.334,1500,N, ,AOTEA OFF SBD,2755775,22/09/07,Sat,1335,QG,TS1C,682A 341B ,D,E,D,B ,F , ,N,R,100,0,0,0,,,1750694,5431266,-41.25597988,174.7987486
Wellington City,1N/1068/1.509,1000,N, ,AOTEA ON NBD,2713651,5/11/07,Mon,1729,CA,MN14,135A 137A 177A 807 ,,R,D,B ,F , ,N,R,100,0,0,1,,,1750529,5431196,-41.25664086,174.7967973
Wellington City,1N/1068/1.509,1000,N, ,AOTEA ON NBD,2750734,16/01/07,Tue,745,AA,CN1C,130A 402A ,,M,D,B ,F , ,N,R,100,0,0,0,,,1750529,5431196,-41.25664086,174.7967973
Wellington City,1N/1068/1.909,600,N, ,AOTEA ON NBD,2752598,1/04/07,Sun,125,CA,CN1,682A ,,R,D,DO,F , ,N,C,100,0,0,0,,,1750211,5430958,-41.25884284,174.7930619
Wellington City,1N/1068/2.009,500,N, ,AOTEA ON NBD,2751283,10/03/07,Sat,1801,AA,CN1C,177A 381A ,G,R,D,B ,F , ,N,C,100,0,0,0,,,1750146,5430882,-41.25953918,174.792305
Wellington City,1N/1068/2.009,500,N, ,AOTEA ON NBD,2751291,23/01/07,Tue,1020,AC,CN1,137A 370A ,G,R,D,O ,F , ,N,R,100,0,0,0,,,1750146,5430882,-41.25953918,174.792305
Wellington City,1N/1068/2.034,800,N, ,AOTEA OFF SBD,2713312,24/03/07,Sat,455,DB,CS1C,111A 130A ,GG,E,D,DO,F , ,N,R,100,0,2,1,,,1750142,5430849,-41.25983704,174.7922654
Wellington City,1N/1068/2.109,400,N, ,AOTEA ON NBD,2752482,8/03/07,Thu,1725,FD,4N1C,181A 132B ,,E,D,O ,F , ,N,C,100,0,0,0,,,1750087,5430801,-41.26027942,174.791621
Wellington City,1N/1068/2.109,400,N, ,AOTEA ON NBD,2752854,17/04/07,Tue,211,DA,CN1,111A 402A ,G,E,D,DO,F , ,N,R,100,0,0,0,,,1750087,5430801,-41.26027942,174.791621
Wellington City,1N/1068/2.134,700,N, ,AOTEA OFF SBD,2751140,6/03/07,Tue,1030,EC,CS1T,682B ,D,R,D,B ,F , ,N,R,100,0,0,0,,,1750083,5430768,-41.26057727,174.7915814
Wellington City,1N/1068/2.209,300,N, ,AOTEA ON NBD,2712589,30/06/07,Sat,2203,AC,CN1C,112A ,GG,R,W,DO,F , ,N,R,100,0,0,1,,,1750027,5430721,-41.26101083,174.7909248
Wellington City,1N/1068/2.209,300,N, ,AOTEA ON NBD,2712225,24/05/07,Thu,1550,AC,TN1C,372A ,G,R,D,O ,F , ,N,R,100,0,1,0,,,1750027,5430721,-41.26101083,174.7909248
Wellington City,1N/1068/2.259,250,N, ,AOTEA ON NBD,2756520,31/10/07,Wed,1040,FD,CN1C,331A ,,E,D,B ,F , ,N,R,100,0,0,0,,,1749992,5430685,-41.26134145,174.790516
Wellington City,1N/1068/2.309,200,N, ,AOTEA ON NBD,2713212,19/09/07,Wed,1546,FD,CN1CCC,181A ,,R,D,B ,F , ,N,R,100,0,0,2,,,1749952,5430655,-41.26161898,174.7900461
Wellington City,1N/1068/2.309,200,N, ,AOTEA ON NBD,2756838,31/10/07,Wed,1032,DA,CN1,501A ,G,E,D,B ,FS, ,N,R,100,0,0,0,,,1749952,5430655,-41.26161898,174.7900461
Wellington City,1N/1068/2.359,150,N, ,AOTEA ON NBD,2752347,12/05/07,Sat,1224,CA,VN1C,137A 191B ,,R,D,B ,F , ,N,R,100,0,0,0,,,1749910,5430629,-41.26186086,174.7895514
Wellington City,1N/1068/2.409,100,N, ,AOTEA ON NBD,2752077,4/04/07,Wed,1615,QG,CN1C,682A ,,R,D,O ,F , ,N,R,100,0,0,0,,,1749867,5430603,-41.26210293,174.7890447
Wellington City,1N/1068/2.409,100,N, ,AOTEA ON NBD,2753946,29/05/07,Tue,1830,AA,XN1C,331A 386A ,,R,W,DO,F , ,N,R,100,0,0,0,,,1749867,5430603,-41.26210293,174.7890447
Wellington City,1N/1068/2.434,400,N, ,AOTEA OFF SBD,2712314,17/06/07,Sun,753,CA,CS1,102A 112A 135A 136A 801 ,G,E,W,O ,H , ,N,R,100,0,0,2,,,1749855,5430579,-41.26232123,174.7889074