TLA NAME,CRASH ROAD,CRASH DIST,CRASH DIRN,INTSN,SIDE ROAD,CRASH ID,CRASH DATE,CRASH DOW,CRASH TIME,MVMT,VEHICLES,CAUSES,OBJECTS STRUCK,ROAD CURVE,ROAD WET,LIGHT,WTHRa,JUNC TYPE,TRAF CTRL,ROAD MARK,SPD LIM,CRASH FATAL CNT,CRASH SEV CNT,CRASH MIN CNT,PERS AGE1,PERS AGE2,EASTING,NORTHING,latitude,longitude
Wellington City,1N/1068/2.459,50,N, ,AOTEA ON NBD,2713180,24/09/07,Mon,1719,AC,CN14X,372A ,G,R,W,O ,LS, ,N,R,100,0,0,1,,,1749824,5430577,-41.26234499,174.788538
Wellington City,1N/1068/2.459,50,N, ,AOTEA ON NBD,2713644,11/11/07,Sun,1630,AA,CN1,137A 372A 402A ,G,E,D,B ,F , ,N,C,100,0,0,1,,,1749824,5430577,-41.26234499,174.788538
Wellington City,1N/1068/2.529,20,S, ,AOTEA ON NBD,2753235,14/06/07,Thu,520,FD,CN1C,181A 353A 191B ,,R,D,TO,F , ,N,R,100,0,0,0,,,1749769,5430535,-41.26273333,174.7878921
Wellington City,1N/1068/2.534,300,N, ,AOTEA OFF SBD,2754681,30/07/07,Mon,715,FD,4S1V,135A 181A 191B 801 901 ,,R,W,DN,H , ,N,R,100,0,0,0,,,1749774,5430521,-41.26285845,174.7879552
Wellington City,1N/1068/2.559,50,W, ,AOTEA ON NBD,2752072,12/04/07,Thu,1639,FD,4N1CC,181A 191B ,,R,D,O ,F , ,N,R,100,0,0,0,,,1749748,5430513,-41.2629353,174.7876469
Wellington City,1N/1068/2.634,200,N, ,AOTEA OFF SBD,2755188,30/07/07,Mon,640,CB,CS1,501A ,G,R,W,DO,L , ,N,R,100,0,0,0,,,1749711,5430443,-41.26357239,174.7872226
Wellington City,1N/1068/2.734,100,N, ,AOTEA OFF SBD,2752781,11/05/07,Fri,2,DB,CS1,111A 431A ,G,E,W,DO,L , ,N,R,100,0,0,0,,,1749651,5430363,-41.26430378,174.7865263
Wellington City,1N/1068/2.734,100,N, ,AOTEA OFF SBD,2753030,14/06/07,Thu,1725,FD,CS1C,181A ,,R,D,DO,F , ,N,R,100,0,0,0,,,1749651,5430363,-41.26430378,174.7865263
Wellington City,1N/1068/2.734,100,N, ,AOTEA OFF SBD,2750716,10/01/07,Wed,1320,DA,CS1,135A 801 806 ,G,E,W,O ,H , ,N,R,100,0,0,0,,,1749651,5430363,-41.26430378,174.7865263
Wellington City,1N/1068/2.764,70,N, ,AOTEA OFF SBD,2712873,2/06/07,Sat,1852,FD,CS14CC,181A 191B ,,R,D,DO,F , ,N,R,100,0,0,1,,,1749635,5430338,-41.26453183,174.7863415
Wellington City,1N/1068/2.784,50,N, ,AOTEA OFF SBD,2757083,30/11/07,Fri,1040,FD,CS1C,331A 352A ,,R,D,B ,F , ,N,R,100,0,0,0,,,1749624,5430321,-41.26468693,174.7862144
Wellington City,AOTEA OFF SBD,, ,I,1N/1068/2.834,2754376,17/07/07,Tue,540,DB,CS1T,196B ,GG,M,W,DO,L ,Y,N,R,100,0,0,0,,,1749592,5430282,-41.26504399,174.7858422
Wellington City,1N/1068/2.834,, ,I,AOTEA OFF SBD,2711469,17/01/07,Wed,120,FA,CS1B,331A 359A ,,R,W,DO,M ,Y,N,C,80,0,1,0,,,1749592,5430282,-41.26504399,174.7858422
Wellington City,1N/1068/2.909,400,S, ,AOTEA ON NBD,2711241,25/01/07,Thu,2240,AA,CN1C,101A 112A 372A ,G,R,D,DO,F , ,N,R,100,0,0,1,,,1749536,5430235,-41.26547751,174.7851855
Wellington City,1N/1068/2.934,100,S, ,AOTEA OFF SBD,2752433,21/04/07,Sat,825,AC,CS1C,372A 671A ,,R,D,B ,F , ,N,R,100,0,0,0,,,1749527,5430207,-41.26573128,174.785085
Wellington City,1N/1068/3.334,500,S, ,AOTEA OFF SBD,2755099,25/07/07,Wed,635,AC,VS1C,372A ,,R,W,DO,L , ,N,R,100,0,0,0,,,1749278,5429894,-41.2685954,174.7821904
Wellington City,1N/1068/3.423,200,N, ,MURPHY OFF SBD,2756061,22/09/07,Sat,1740,AC,CS1,501A ,G,R,D,TF,F , ,N,R,100,0,0,0,,,1749226,5429822,-41.26925326,174.7815875
Wellington City,1N/1068/3.55,150,N, ,MAY ON NBD,2711918,14/03/07,Wed,1256,DB,CN1TC,135A 823 901 ,GG,E,W,O ,H , ,N,R,100,0,0,1,,,1749138,5429734,-41.27006181,174.7805589
Wellington City,1N/1068/3.717,1000,N, ,TERRACE OFF SBD,2752426,22/02/07,Thu,900,FD,CS1C,110A 181A ,,E,D,O ,F , ,N,R,100,0,0,0,,,1749016,5429619,-41.27111972,174.7791311
Wellington City,1N/1068/3.993,150,N, ,TINAKORI ON NBD,2714144,11/07/07,Wed,1717,CA,MN1,135A 801 ,,R,W,DO,LS, ,N,R,100,0,0,1,,,1748812,5429435,-41.27281397,174.7767416
Wellington City,1N/1068/4.043,100,N, ,TINAKORI ON NBD,2712730,29/07/07,Sun,1530,FD,CN1CCC,331A 377A ,,R,W,O ,L , ,N,R,100,0,0,1,,,1748778,5429398,-41.27315336,174.7763448
Wellington City,1N/1068/4.043,100,N, ,TINAKORI ON NBD,2712274,18/06/07,Mon,1740,FD,CN1CC,112A ,,R,W,DO,L , ,N,R,100,0,0,1,,,1748778,5429398,-41.27315336,174.7763448
Wellington City,1N/1068/4.203,60,S, ,TINAKORI ON NBD,2755311,19/09/07,Wed,1657,FD,CN1V,331A 352A ,,E,D,O ,F , ,N,R,100,0,0,0,,,1748669,5429282,-41.27421783,174.7750723
Wellington City,1N/1068/4.547,, ,I,HAWKESTONE ON SBD,2752188,21/03/07,Wed,813,KA,CS1C,309B 382B 434B ,,R,D,B ,F ,Y,N,R,100,0,0,0,,,1748522,5428972,-41.27703596,174.7733936
Wellington City,1N/1068/4.773,400,N, ,CLIFTON ON NBD,2750937,18/02/07,Sun,2100,FD,CN1CC,112A 181A 191B 817 ,,R,D,DO,F , ,N,R,100,0,0,0,,,1748510,5428760,-41.2789469,174.773302
Wellington City,1N/1068/4.851,, ,I,TINAKORI OFF NBD,2754063,22/06/07,Fri,230,DA,CN1,103A 111A ,JT,M,D,DO,F ,Y,N,R,100,0,0,0,,,1748513,5428682,-41.27964862,174.7733568
Wellington City,1N/1068/5.024,150,N, ,CLIFTON ON NBD,2756609,6/09/07,Thu,1750,EC,CN1,341A ,D,R,D,TF,F , ,N,C,100,0,0,0,,,1748528,5428511,-41.28118546,174.7735776
Wellington City,1N/1068/5.074,100,N, ,CLIFTON ON NBD,2752893,24/05/07,Thu,1749,FD,CN1C,331A ,,R,D,DO,L , ,N,R,100,0,0,0,,,1748534,5428461,-41.28163453,174.7736614
Wellington City,1N/1068/5.074,100,N, ,CLIFTON ON NBD,2712279,18/06/07,Mon,1741,FD,CN1C,427A ,,R,W,DO,L , ,N,C,100,0,0,2,,,1748534,5428461,-41.28163453,174.7736614
Wellington City,1N/1068/5.306,400,N, ,NORTH PORTAL SBD,2755907,13/10/07,Sat,1144,CA,VS1,130A 191A 400A ,G,R,D,B ,FS, ,N,R,100,0,0,0,,,1748521,5428219,-41.28381576,174.7735652
Wellington City,1N/1068/5.506,200,N, ,NORTH PORTAL SBD,2757572,15/12/07,Sat,1249,FD,CS1CCC,112A 191B ,,R,D,B ,F , ,N,R,100,0,0,0,,,1748442,5428036,-41.28547792,174.7726669
Wellington City,1N/1068/5.696,20,N, ,NORTH PORTAL NBD,2757533,24/02/07,Sat,2330,AO,CN14,181A 434A ,,E,D,DO,F , ,N,L,100,0,0,0,,,1748368,5427872,-41.28696809,174.7718235
Wellington City,1N/1068/6.07,100,N, ,SOUTH PORTAL,2750194,17/01/07,Wed,1435,FO,TS1CC,181A ,,R,D,O ,F , ,N,L,100,0,0,0,,,1748347,5427489,-41.29042028,174.7716662
Wellington City,1N/1068/6.12,50,N, ,SOUTH PORTAL,2750195,11/01/07,Thu,809,FD,4S1C,181A ,,R,D,B ,F , ,N,L,100,0,0,0,,,1748350,5427439,-41.2908699,174.7717142
Wellington City,1N/1075/0.001,, ,A,SOUTH PORTAL,2713536,18/10/07,Thu,600,DB,4N1,135A 801 ,,M,W,DO,H , ,N,L,100,0,0,1,,,1748353,5427390,-41.29131052,174.7717619
Wellington City,1N/1075/0.104,50,N, ,WILLIS ST,2756695,11/08/07,Sat,1231,FA,CS1C,181A ,,E,D,O ,F , ,N,C,50,0,0,0,,,1748415,5427309,-41.29202841,174.7725218
Wellington City,1N/1075/0.114,40,S, ,GHUZNEE ST,2752733,7/05/07,Mon,1240,GB,CN1S,372A 925 ,,R,D,B ,F ,D,N,C,50,0,0,0,,40,1748423,5427304,-41.29207195,174.7726185
Wellington City,1N/1075/0.139,15,W, ,WILLIS ST,2756811,18/09/07,Tue,1050,AG,ME1C,386A ,,R,W,O ,L , ,N,C,50,0,0,0,,,1748440,5427285,-41.29223989,174.7728261
Wellington City,1N/1075/0.154,, ,I,WILLIS ST,2751729,7/02/07,Wed,540,HA,CE1C,322A 350A ,,R,D,TF,F ,M,T,C,50,0,0,0,,,1748446,5427272,-41.29235583,174.7729009
Wellington City,1N/1075/0.205,, ,I,VIVIAN ST,2712839,26/03/07,Mon,1500,AA,VN1S,372A ,,R,D,B ,F ,X,T,C,50,0,0,1,,36,1748331,5427165,-41.29334035,174.7715541
Wellington City,1N/1075/0.208,20,N, ,VIVIAN ST,2750732,24/01/07,Wed,1635,FD,CS1C,331A 359A ,,R,D,B ,F ,X,T,R,50,0,0,0,,,1748332,5427185,-41.29316009,174.7715612
Wellington City,1N/1075/0.228,, ,I,VIVIAN ST,2712028,5/05/07,Sat,2315,FE,CS1C,331A ,,R,D,DO,F ,X,T,C,50,0,0,2,,,1748331,5427165,-41.29334035,174.7715541
Wellington City,1N/1075/0.228,, ,I,VIVIAN ST,2711820,18/04/07,Wed,430,HA,CS1C,113A 322A ,PS,R,W,DO,L ,X,T,R,50,0,2,0,,,1748331,5427165,-41.29334035,174.7715541
Wellington City,1N/1075/0.254,200,N, ,WILLIS ST,2711060,12/01/07,Fri,835,FA,CN1C,181A 817 ,,E,D,O ,F , ,N,C,80,0,0,1,,,1748302,5427143,-41.29354375,174.7712133
Wellington City,1N/1075/0.277,, ,I,WILLIS ST,2712371,16/06/07,Sat,2050,HA,CS2V,322A ,JS,R,W,DO,L ,X,T,C,50,0,0,1,,,1748371,5427107,-41.29385519,174.7720458
Wellington City,WILLIS ST,, ,I,1N/1075/0.277,2711849,16/04/07,Mon,810,GE,CN1C,331A ,,E,D,DO,F ,X,T,C,50,0,0,1,,,1748371,5427107,-41.29385519,174.7720458
Wellington City,1N/1075/0.3,, ,I,WILLIS ST,2713333,18/09/07,Tue,925,FE,TW1VC,614A ,,R,D,O ,F ,M,T,R,50,0,0,2,,,1748371,5427107,-41.29385519,174.7720458
Wellington City,1N/1075/0.3,, ,I,WILLIS ST,2753242,30/05/07,Wed,1445,FD,CW1CC,331A 363A ,,R,D,B ,F ,M,T,C,50,0,0,0,,,1748371,5427107,-41.29385519,174.7720458
Wellington City,1N/1075/0.3,, ,I,WILLIS ST,2751752,4/03/07,Sun,2300,AC,CW1C,141A 372A ,,E,D,DO,F ,M,T,C,50,0,0,0,,,1748371,5427107,-41.29385519,174.7720458
Wellington City,1N/1075/0.3,, ,I,WILLIS ST,2757467,29/12/07,Sat,2000,FE,4N1C,181A 440B ,,R,D,B ,F ,M,T,C,50,0,0,0,,,1748371,5427107,-41.29385519,174.7720458
Wellington City,1N/1075/0.357,, ,I,VICTORIA ST N,2754130,27/07/07,Fri,1900,NB,CW1,718B ,,R,D,DO,F ,X,T,R,50,0,0,0,,,1748444,5427073,-41.29414789,174.7729255
Wellington City,1N/1075/0.41,, ,I,WALTER ST,2756164,16/10/07,Tue,1935,FC,CE1C,181A 191B ,,R,D,O ,F ,T,N,C,50,0,0,0,,,1748491,5427050,-41.29434632,174.7734922
Wellington City,1N/1075/0.431,, ,I,ABEL SMITH ST,2757956,14/12/07,Fri,1715,GO,CN1C,172A ,,R,D,O ,F ,M,T,R,50,0,0,0,,,1748300,5426947,-41.2953088,174.7712372
Wellington City,1N/1075/0.431,, ,I,WILLIS ST,2710088,31/10/07,Wed,9,HA,CN1C,106A 103B 201B ,,R,D,DO,F ,M,T,C,50,1,1,0,,,1748300,5426947,-41.2953088,174.7712372
Wellington City,1N/1075/0.454,, ,I,WILLIS ST,2756647,24/09/07,Mon,1155,FE,CN2C,331A ,,R,D,O ,F ,M,T,N,50,0,0,0,,,1748300,5426947,-41.2953088,174.7712372
Wellington City,1N/1075/0.454,, ,I,WILLIS ST,2755721,4/09/07,Tue,2310,HA,XN2C,309A ,,R,D,DO,F ,M,T,C,50,0,0,0,,,1748300,5426947,-41.2953088,174.7712372
Wellington City,1N/1075/0.454,, ,I,WILLIS ST,2754806,7/08/07,Tue,540,HA,TN2V,322A 334A 350A ,,R,D,TO,F ,X,T,C,50,0,0,0,,,1748300,5426947,-41.2953088,174.7712372
Wellington City,1N/1075/0.474,20,E, ,BUTE ST,2757978,17/12/07,Mon,1224,KB,CE1C,331B 920 ,,R,D,O ,F ,D,N,C,50,0,0,0,,,1748551,5427025,-41.29456037,174.7742146
Wellington City,1N/1075/0.524,, ,I,VICTORIA ST,2756166,21/10/07,Sun,837,HA,4W1C,322B ,,R,D,B ,F ,X,T,C,50,0,0,0,,,1748338,5426862,-41.29606711,174.7717115
Wellington City,1N/1075/0.524,, ,I,VICTORIA ST,2753428,13/06/07,Wed,1121,FB,CW1CC,181A 191B 322C 691C ,,R,D,B ,F ,X,T,C,50,0,0,0,,,1748338,5426862,-41.29606711,174.7717115
Wellington City,1N/1075/0.524,, ,I,VICTORIA ST,2713175,10/08/07,Fri,2000,HA,CW1C,322A ,,R,D,TO,F ,X,T,C,50,0,0,1,,,1748338,5426862,-41.29606711,174.7717115
Wellington City,1N/1075/0.524,, ,I,VICTORIA ST,2750820,9/02/07,Fri,2348,HA,CW1C,322B ,,E,D,DO,F ,X,T,C,50,0,0,0,,,1748338,5426862,-41.29606711,174.7717115
Wellington City,1N/1075/0.524,, ,I,VICTORIA ST,2713939,24/12/07,Mon,719,HA,CW1C,322B ,,R,D,O ,F ,X,T,R,50,0,0,2,,,1748338,5426862,-41.29606711,174.7717115
Wellington City,1N/1075/0.524,, ,I,VICTORIA ST,2757082,1/12/07,Sat,115,HA,CW1C,322B 334B ,,R,D,DO,F ,X,T,C,50,0,0,0,,,1748338,5426862,-41.29606711,174.7717115
Wellington City,1N/1075/0.531,100,E, ,WILLIS ST,2750943,15/02/07,Thu,1845,AA,4W1C,386A ,,E,D,B ,F , ,N,C,50,0,0,0,,,1748341,5426856,-41.29612058,174.7717488
Wellington City,1N/1075/0.536,, ,I,CUBA ST,2713090,1/07/07,Sun,1735,ND,CN2E,307A 353A 724B ,,R,W,DO,L ,X,T,C,50,0,1,0,73,,1748607,5427000,-41.29477515,174.7748892
Wellington City,1N/1075/0.536,, ,I,CUBA ST,2757713,16/12/07,Sun,1325,NB,CE1E,376A 711B ,,R,D,B ,F ,X,T,C,50,0,0,0,,,1748607,5427000,-41.29477515,174.7748892
Wellington City,1N/1075/0.547,, ,I,VICTORIA ST,2711140,21/01/07,Sun,240,HA,CW1C,322B ,,R,D,DO,F ,X,T,R,50,0,0,1,,,1748338,5426862,-41.29606711,174.7717115
Wellington City,1N/1075/0.547,, ,I,VICTORIA ST,2752315,4/04/07,Wed,1650,KB,CW1C,386A 434A ,,E,W,O ,L ,X,T,C,50,0,0,0,,,1748338,5426862,-41.29606711,174.7717115
Wellington City,CUBA ST,, ,I,1N/1075/0.559,2755086,10/08/07,Fri,2130,MG,CN1V,352B 381B ,,R,D,DO,F ,X,T,R,50,0,0,0,,,1748607,5427000,-41.29477515,174.7748892
Wellington City,1N/1075/0.596,15,W, ,DUNLOP TERRACE,2752358,21/04/07,Sat,1311,FD,CE1C4C,331A 353A ,,R,D,B ,F , ,N,C,50,0,0,0,,,1748641,5426985,-41.29490394,174.7752988
Wellington City,MARION ST,, ,I,1N/1075/0.631,2750321,18/01/07,Thu,1416,GD,CS14,427A ,,R,D,B ,F ,T,G,C,50,0,0,0,,,1748694,5426962,-41.29510125,174.7759371
Wellington City,1N/1075/0.654,, ,I,MARION ST,2713523,3/10/07,Wed,845,JA,SE1XX,302B ,,R,W,O ,L ,T,G,C,50,0,0,1,,30,1748694,5426962,-41.29510125,174.7759371
Wellington City,1N/1075/0.679,, ,I,CUBA ST,2750043,1/01/07,Mon,1410,GF,CW1C,140A 171A ,,R,D,B ,F ,X,T,C,50,0,0,0,,,1748427,5426763,-41.29694209,174.7727982
Wellington City,1N/1075/0.726,, ,I,CUBA ST,2712832,31/07/07,Tue,1845,LB,SN2V,303B 375B ,,R,W,DO,L ,X,T,C,50,0,1,0,,35,1748488,5426734,-41.29719197,174.7735335
Wellington City,1N/1075/0.732,30,W, ,TARANAKI ST,2756644,2/10/07,Tue,1620,AA,CE1C,372A ,,R,D,O ,F , ,N,C,50,0,0,0,,,1748765,5426930,-41.29537628,174.7767925
Wellington City,1N/1075/0.739,, ,I,TARANAKI ST,2753125,30/04/07,Mon,1505,FE,CS2C,334A 387A ,,R,W,O ,L ,X,T,R,50,0,0,0,,,1748792,5426917,-41.29548835,174.777118
Wellington City,1N/1075/0.739,, ,I,TARANAKI ST,2755619,6/10/07,Sat,624,HA,CE1C,322B ,,R,W,DO,H ,X,T,R,50,0,0,0,,,1748792,5426917,-41.29548835,174.777118
Wellington City,1N/1075/0.739,, ,I,TARANAKI ST,2755871,21/08/07,Tue,1200,GC,CE1C,171A 372A ,,R,D,B ,F ,X,T,C,50,0,0,0,,,1748792,5426917,-41.29548835,174.777118
Wellington City,1N/1075/0.739,, ,I,TARANAKI ST,2754828,20/07/07,Fri,430,HA,CE1V,322B ,,R,D,DO,F ,X,T,C,50,0,0,0,,,1748792,5426917,-41.29548835,174.777118
Wellington City,1N/1075/0.742,20,W, ,TARANAKI ST,2713147,19/06/07,Tue,1330,NB,SE1E,711B 714B ,,R,D,B ,F , ,N,C,50,0,1,1,25,35,1748774,5426926,-41.29541064,174.776901
Wellington City,1N/1075/0.756,200,W, ,TARANAKI ST,2755966,2/10/07,Tue,1403,EE,CW1T,374A ,M,R,D,O ,F , ,N,N,50,0,0,0,,,1748497,5426731,-41.29721732,174.7736417
Wellington City,1N/1075/0.789,50,E, ,TARANAKI ST,2752599,27/03/07,Tue,1900,FD,CE1VC,181A ,,R,D,DO,F , ,N,C,50,0,0,0,,,1748837,5426897,-41.29566012,174.7776601
Wellington City,1N/1075/0.839,100,E, ,TARANAKI ST,2711482,11/03/07,Sun,1000,NO,CE1E,204A 371A 711B 730B ,,R,D,B ,F , ,N,C,50,0,0,1,57,,1748883,5426876,-41.29584071,174.7782144
Wellington City,1N/1075/0.912,50,W, ,TORY ST,2750053,17/01/07,Wed,650,FD,CE1C,181A ,,R,D,BF,F , ,N,C,50,0,0,0,,,1748950,5426846,-41.29609845,174.7790216
Wellington City,1N/1075/0.956,, ,I,TARANAKI ST,2753508,27/05/07,Sun,1249,GB,CN14,172B ,,R,D,B ,F ,X,T,C,50,0,0,0,,,1748678,5426647,-41.29794029,174.775823
Wellington City,1N/1075/0.956,, ,I,TARANAKI ST,2711087,3/01/07,Wed,1825,AA,CW1C,170A 340A 817 ,,R,D,O ,F ,X,T,C,50,0,0,1,,,1748678,5426647,-41.29794029,174.775823
Wellington City,1N/1075/0.962,, ,I,TORY ST,2711519,13/02/07,Tue,1750,GE,PE1C,160A ,,R,D,B ,F ,X,T,C,50,0,0,1,,,1748996,5426825,-41.29627903,174.7795759
Wellington City,1N/1075/1.019,, ,I,TORY ST,2757976,16/12/07,Sun,158,HA,VS24,101A 322A ,,R,D,DO,F ,X,T,C,50,0,0,0,,,1748996,5426825,-41.29627903,174.7795759
Wellington City,ARTHUR ST,15,W, ,TARANAKI ST,2754997,25/08/07,Sat,1720,FD,VW1CC,331A ,,R,D,O ,F , ,T,C,50,0,0,0,,,1748678,5426647,-41.29794029,174.775823
Wellington City,1N/1075/1.056,, ,I,TARANAKI ST,2754520,7/08/07,Tue,1637,FE,CW1C,427A ,,R,D,B ,F ,X,T,C,50,0,0,0,,,1748678,5426647,-41.29794029,174.775823
Wellington City,1N/1075/1.056,, ,I,TARANAKI ST,2757947,28/12/07,Fri,2021,BF,CW1C,101A 122A ,IS,R,D,B ,F ,X,T,R,50,0,0,0,,,1748678,5426647,-41.29794029,174.775823
Wellington City,1N/1075/1.056,, ,I,TARANAKI ST,2752872,19/05/07,Sat,1359,DA,CW1,363A 902 ,IP,R,D,B ,F ,X,T,R,50,0,0,0,,,1748678,5426647,-41.29794029,174.775823
Wellington City,1N/1075/1.056,, ,I,TARANAKI ST,2752832,8/05/07,Tue,1800,DA,CW1,124A 350A ,S,R,D,TO,F ,X,T,R,50,0,0,0,,,1748678,5426647,-41.29794029,174.775823
Wellington City,1N/1075/1.056,, ,I,TARANAKI ST,2753086,19/05/07,Sat,1404,DA,CW1,124A 363A 902 ,IP,R,D,B ,F ,X,T,R,50,0,0,0,,,1748678,5426647,-41.29794029,174.775823
Wellington City,1N/1075/1.056,, ,I,TARANAKI ST,2750507,23/01/07,Tue,2345,HA,CN2C,379A 387A 324B ,,R,D,DO,F ,X,T,R,50,0,0,0,,,1748678,5426647,-41.29794029,174.775823
Wellington City,1N/1075/1.056,, ,I,TARANAKI ST,2757993,31/12/07,Mon,1800,GF,CN2C,176A ,,R,D,B ,F ,X,T,C,50,0,0,0,,,1748679,5426647,-41.2979401,174.775835
Wellington City,TARANAKI ST,, ,I,BUCKLE ST,2750068,21/01/07,Sun,1215,FE,CN2C,181A ,,R,D,O ,F ,X,T,C,50,0,0,0,,,1748678,5426647,-41.29794029,174.775823
Wellington City,1N/1075/1.083,100,W, ,CAMBRIDGE TERRACE,2756610,16/08/07,Thu,1920,MA,VE1C,373B ,,R,D,DO,F , ,N,C,50,0,0,0,,,1749106,5426776,-41.29669988,174.7809011
Wellington City,1N/1075/1.086,30,E, ,TARANAKI ST,2755241,16/06/07,Sat,1230,FD,CW1C,331A ,,R,W,O ,H , ,N,C,50,0,0,0,,,1748706,5426634,-41.29805217,174.7761605
Wellington City,1N/1075/1.106,50,W, ,TARANAKI ST,2758061,10/11/07,Sat,52,FA,CW1C,103A 181A 602A ,,R,D,DO,F , ,N,C,50,0,0,0,,,1748724,5426626,-41.29812088,174.7763774
Wellington City,1N/1075/1.163,20,W, ,CAMBRIDGE TERRACE,2755774,17/08/07,Fri,1800,AA,CE1C,372A ,,R,W,DO,L ,X,T,C,50,0,0,0,,,1749179,5426742,-41.29699251,174.781781
Wellington City,1N/1075/1.177,, ,I,TORY ST,2755052,6/07/07,Fri,1800,GD,CS2V,171B 420B ,,R,W,DO,L ,X,T,C,50,0,0,0,,,1748879,5426552,-41.29875856,174.7782459
Wellington City,1N/1075/1.177,, ,I,TORY ST,2756924,30/10/07,Tue,1128,GD,CS24,181A ,,R,D,B ,F ,X,T,C,50,0,0,0,,,1748879,5426552,-41.29875856,174.7782459
Wellington City,CAMBRIDGE TERRACE,, ,I,1N/1075/1.183,2753491,10/06/07,Sun,730,HA,XE2C,322B ,,R,D,TO,F ,X,T,C,50,0,0,0,,,1749197,5426734,-41.29706121,174.7819978
Wellington City,CAMBRIDGE TERRACE,, ,I,1N/1075/1.183,2757217,20/10/07,Sat,2332,FE,CN1X,331A ,,R,D,DO,F ,X,T,C,50,0,0,0,,,1749197,5426734,-41.29706121,174.7819978
Wellington City,1N/1075/1.183,, ,I,CAMBRIDGE TERRACE,2754511,13/07/07,Fri,808,HA,CE1V,313A 322B 691B ,,R,D,O ,F ,X,T,R,50,0,0,0,,,1749197,5426734,-41.29706121,174.7819978
Wellington City,1N/1075/1.206,150,W, ,TARANAKI ST,2757747,22/09/07,Sat,1730,FD,CW1C,181A 434A ,,R,D,B ,F , ,N,C,50,0,0,0,,,1748814,5426583,-41.29849144,174.7774623
Wellington City,1N/1075/1.22,20,W, ,CAMBRIDGE TERRACE,2714063,21/11/07,Wed,825,EE,SE1C,374B ,Q,R,D,O ,F , ,N,C,50,0,0,1,,29,1749179,5426742,-41.29699251,174.781781
Wellington City,1N/1075/1.24,, ,I,CAMBRIDGE TERRACE,2757791,9/12/07,Sun,1336,AG,MN2C,177A ,,R,D,B ,F ,X,T,R,50,0,0,0,,,1749197,5426734,-41.29706121,174.7819978
Wellington City,1N/1075/1.266,, ,I,HOME ST,2713705,22/11/07,Thu,1830,CA,MS1C,112A 132A 372B ,,R,D,O ,F ,T,N,C,50,0,0,1,,,1749220,5426723,-41.29715599,174.7822751
Wellington City,1N/1075/1.266,, ,I,KENT TERRACE,2756997,19/11/07,Mon,1226,AC,TS2C,372A ,,R,D,B ,F ,X,T,C,50,0,0,0,,,1749220,5426723,-41.29715599,174.7822751
Wellington City,1N/1075/1.266,, ,I,KENT TERRACE,2751649,3/02/07,Sat,1335,AA,CE2C,138A 372A ,,R,D,B ,F ,X,T,C,50,0,0,0,,,1749220,5426723,-41.29715599,174.7822751
Wellington City,1N/1075/1.266,, ,I,PIRIE ST,2756697,17/10/07,Wed,634,KB,TS1C,322A 359A ,,R,D,O ,F ,X,T,R,50,0,0,0,,,1749220,5426723,-41.29715599,174.7822751
Wellington City,1N/1075/1.266,, ,I,KENT TERRACE,2753003,7/05/07,Mon,1440,GA,CE1V,331A ,,R,D,B ,F ,X,T,C,50,0,0,0,,,1749220,5426723,-41.29715599,174.7822751
Wellington City,1N/1075/1.277,, ,I,TASMAN ST,2757163,25/11/07,Sun,1250,FD,CW1C,331A 501A ,,R,D,B ,F ,X,T,C,50,0,0,0,,,1748879,5426553,-41.29874955,174.7782457
Wellington City,1N/1075/1.297,20,E, ,TORY ST,2712960,20/06/07,Wed,1500,AA,CW1X,512A ,,R,D,B ,F ,X,T,C,50,0,0,1,,,1748897,5426544,-41.29882726,174.7784628
Wellington City,1N/1075/1.301,, ,I,BUCKLE ST,2711480,13/03/07,Tue,1545,NC,CN1E,713B ,,R,W,O ,L ,T,N,C,50,0,0,1,18,,1748975,5426488,-41.29931706,174.7794077
Wellington City,1N/1075/1.301,, ,I,BUCKLE ST,2752318,3/03/07,Sat,2335,GF,CN1C,111A 122A 817 ,,M,D,DO,F ,T,N,R,50,0,0,0,,,1748975,5426488,-41.29931706,174.7794077
Wellington City,1N/1075/1.321,20,S, ,BUCKLE ST,2757868,17/12/07,Mon,1635,FD,4N1C,331A ,,R,D,O ,F , ,N,C,50,0,0,0,,,1748967,5426470,-41.2994806,174.7793166
Wellington City,1N/1075/1.327,50,E, ,TORY ST,2750015,8/01/07,Mon,1415,AC,CW14,386A ,,R,D,B ,F , ,N,C,50,0,0,0,,,1748925,5426532,-41.29893014,174.7788
Wellington City,1N/1075/1.328,260,E, ,RUGBY ST,2712770,20/08/07,Mon,1054,FD,CW1C4,112A 181A ,,R,D,O ,F , ,N,C,50,0,0,1,,,1748925,5426532,-41.29893014,174.7788
Wellington City,1N/1075/1.335,200,N, ,ELLICE ST,2755740,21/07/07,Sat,115,FA,CS1C,331A ,,R,W,DO,L , ,N,C,50,0,0,0,,,1749178,5426629,-41.29801008,174.7817967
Wellington City,1N/1075/1.341,60,W, ,SUSSEX ST,2750715,3/02/07,Sat,1440,AC,VW1C,372A ,,R,D,B ,F , ,N,C,50,0,0,0,,,1748937,5426526,-41.29898194,174.7789447