TLA NAME,CRASH ROAD,CRASH DIST,CRASH DIRN,INTSN,SIDE ROAD,CRASH ID,CRASH DATE,CRASH DOW,CRASH TIME,MVMT,VEHICLES,CAUSES,OBJECTS STRUCK,ROAD CURVE,ROAD WET,LIGHT,WTHRa,JUNC TYPE,TRAF CTRL,ROAD MARK,SPD LIM,CRASH FATAL CNT,CRASH SEV CNT,CRASH MIN CNT,PERS AGE1,PERS AGE2,EASTING,NORTHING,latitude,longitude
Wellington City,1N/1075/1.361,40,W, ,SUSSEX ST,2756256,13/10/07,Sat,2315,FA,CE1C,403A 427A ,,R,D,DO,F , ,N,C,50,0,0,0,,,1748955,5426518,-41.29905065,174.7791616
Wellington City,1N/1075/1.401,, ,I,BUCKLE ST,2755024,17/06/07,Sun,1800,FD,CN1CC,181A ,,M,W,DO,L ,T,N,C,50,0,0,0,,,1748975,5426488,-41.29931706,174.7794077
Wellington City,1N/1075/1.421,20,S, ,BUCKLE ST,2755240,12/05/07,Sat,1240,FD,CN1C,181A ,,R,D,B ,F , ,N,C,50,0,0,0,,,1748967,5426470,-41.2994806,174.7793166
Wellington City,1N/1075/1.431,30,S, ,BUCKLE ST,2753499,8/05/07,Tue,1700,FD,CN14,181A ,,R,W,O ,F , ,N,C,50,0,0,0,,,1748962,5426460,-41.29957155,174.7792594
Wellington City,1N/1075/1.441,40,S, ,BUCKLE ST,2755218,17/06/07,Sun,1840,FD,CN1C,181A ,,R,W,DO,M , ,N,C,50,0,0,0,,,1748958,5426451,-41.29965332,174.7792138
Wellington City,1N/1075/1.466,200,S, ,PIRIE ST,2751072,11/02/07,Sun,435,FO,XS1CC,512A ,M,R,D,DO,F , ,N,C,50,0,0,0,,,1749139,5426540,-41.29881859,174.7813529
Wellington City,1N/1075/1.468,100,N, ,ELLICE ST,2754999,15/08/07,Wed,1715,FD,CS1CC,181A ,,R,D,TO,F , ,N,R,50,0,0,0,,,1749138,5426538,-41.29883678,174.7813415
Wellington City,1N/1075/1.488,80,N, ,BUCKLE ST,2751234,19/02/07,Mon,1340,GB,BS1C,370A 387B 927 ,,R,D,O ,F ,D,N,N,50,0,0,0,,,1749129,5426520,-41.29900051,174.7812385
Wellington City,1N/1075/1.488,, ,I,SUSSEX ST,2756908,4/11/07,Sun,900,DA,CW1CC,135A 801 ,M,M,W,O ,L ,T,G,R,50,0,0,0,,,1748932,5426317,-41.30086458,174.7789362
Wellington City,1N/1075/1.501,100,S, ,BUCKLE ST,2755908,25/09/07,Tue,15,EA,CN1C,386A ,M,M,W,DO,H , ,N,C,50,0,0,0,,,1748932,5426397,-41.30014431,174.7789166
Wellington City,1N/1075/1.535,, ,I,BUCKLE ST,2751712,23/03/07,Fri,2150,KB,CE2V,170B 302B ,,M,D,DO,F ,T,G,N,50,0,0,0,,,1749115,5426446,-41.29966935,174.7810894
Wellington City,1N/1075/1.538,50,N, ,RUGBY ST,2751313,3/03/07,Sat,1314,CC,CN1,125A 358A ,F,R,D,B ,F , ,N,N,50,0,0,0,,,1748918,5426363,-41.30045301,174.7787578
Wellington City,1N/1075/1.549,, ,I,ADELAIDE ROAD,2712961,13/06/07,Wed,715,GF,TN2M,176A ,,E,W,DO,F ,T,T,R,50,0,0,1,,,1749005,5426284,-41.30114822,174.7798158
Wellington City,1N/1075/1.553,15,N, ,BUCKLE ST,2753089,28/04/07,Sat,1640,AA,CS1V,381A 434A ,,R,W,O ,L ,T,T,C,50,0,0,0,,,1749109,5426460,-41.29954441,174.7810144
Wellington City,1N/1075/1.568,, ,I,KENT TERRACE,2752616,8/03/07,Thu,1015,AA,CE1V,372A 434A ,,E,D,B ,F ,T,G,C,50,0,0,0,,,1749115,5426446,-41.29966935,174.7810894
Wellington City,1N/1075/1.568,, ,I,ELLICE ST,2751645,4/02/07,Sun,2130,EA,CS1C,197A 358A ,M,E,D,DO,F ,T,G,C,50,0,0,0,,,1749115,5426446,-41.29966935,174.7810894
Wellington City,1N/1075/1.569,100,W, ,ADELAIDE ROAD,2754718,26/07/07,Thu,1800,AC,4W1B,372A ,,M,D,TO,F , ,N,C,50,0,0,0,,,1748921,5426333,-41.30072256,174.778801
Wellington City,1N/1075/1.569,, ,I,ADELAIDE ROAD,2751396,3/03/07,Sat,1800,FC,VW1C,331A 353A ,,R,D,B ,F ,T,T,X,50,0,0,0,,,1749006,5426284,-41.30114803,174.7798278
Wellington City,1N/1075/1.569,, ,I,ADELAIDE ROAD,2753639,16/06/07,Sat,2230,KA,CW1C,322A ,,R,W,DO,L ,T,T,N,50,0,0,0,,,1749006,5426284,-41.30114803,174.7798278
Wellington City,1N/1075/1.569,, ,I,ADELAIDE ROAD,2751724,23/03/07,Fri,2115,KA,CW1C,302B 434B ,,R,D,DO,F ,T,T,X,50,0,0,0,,,1749006,5426284,-41.30114803,174.7798278
Wellington City,1N/1075/1.569,, ,I,ADELAIDE ROAD,2750055,20/01/07,Sat,2015,FB,CN2C,331A ,,R,D,TO,F ,T,T,R,50,0,0,0,,,1749006,5426284,-41.30114803,174.7798278
Wellington City,1N/1075/1.569,, ,I,ADELAIDE ROAD,2754411,23/06/07,Sat,1310,GF,TN2B,122B ,,R,D,B ,F ,T,T,C,50,0,0,0,,,1749006,5426284,-41.30114803,174.7798278
Wellington City,1N/1075/1.569,, ,I,ADELAIDE ROAD,2750516,4/02/07,Sun,1115,FB,CN2C,181A ,,R,D,B ,F ,T,T,X,50,0,0,0,,,1749006,5426284,-41.30114803,174.7798278
Wellington City,1N/1075/1.569,, ,I,ADELAIDE ROAD,2752936,23/03/07,Fri,1915,KA,CW1C,322A ,,M,D,O ,F ,T,T,R,50,0,0,0,,,1749006,5426284,-41.30114803,174.7798278
Wellington City,1N/1075/1.573,15,N, ,RUGBY ST,2712379,1/07/07,Sun,1627,DA,CN1CC,111A 131A ,FM,M,W,DO,L , ,N,N,50,0,0,2,,,1748923,5426329,-41.3007582,174.7788258
Wellington City,1N/1075/1.579,20,N, ,BELFAST ST,2755630,22/09/07,Sat,2321,FF,CW1C,181A 102B ,,E,D,DO,F , ,N,C,50,0,0,0,,,1748926,5426324,-41.30080266,174.7788629
Wellington City,1N/1075/1.588,, ,I,RUGBY ST,2753291,6/06/07,Wed,140,DA,CW2,124A ,P,R,D,DO,F ,T,N,C,50,0,0,0,,,1748932,5426317,-41.30086458,174.7789362
Wellington City,1N/1075/1.588,, ,I,RUGBY ST,2755652,28/08/07,Tue,2320,DA,CW1C,111A 133A ,MP,S,D,DO,F ,T,N,C,50,0,0,0,,,1748932,5426317,-41.30086458,174.7789362
Wellington City,1N/1075/1.588,, ,I,SUSSEX ST,2755598,13/07/07,Fri,2204,DA,CW1CC,111A 402A ,M,M,D,DO,F ,T,G,C,50,0,0,0,,,1748932,5426317,-41.30086458,174.7789362
Wellington City,1N/1075/1.596,20,S, ,ELLICE ST,2757563,19/12/07,Wed,1837,AA,VN1C,355A 372A ,,R,W,TF,L , ,N,C,50,0,0,0,,,1749166,5426414,-41.29994803,174.7817062
Wellington City,1N/1075/1.604,, ,I,ELLICE ST,2712423,27/05/07,Sun,1610,KA,CS14,309B ,,E,D,TF,F ,T,G,C,50,0,1,0,,,1749169,5426406,-41.3000195,174.7817439
Wellington City,1N/1075/1.61,, ,I,ELLICE ST,2750417,26/01/07,Fri,1944,KA,CW2C,309A 314A 377A ,,R,D,B ,F ,T,G,C,50,0,0,0,,,1749153,5426429,-41.29981538,174.7815473
Wellington City,1N/1075/1.624,20,S, ,ELLICE ST,2752331,11/04/07,Wed,1200,FD,CS1V,181A 191B ,,R,D,O ,F , ,N,R,50,0,0,0,,,1749173,5426387,-41.30018983,174.7817964
Wellington City,1N/1075/1.668,, ,I,SLIP ROAD,2755620,22/08/07,Wed,1750,HA,CS24,302A 386B ,,E,D,TO,F ,Y,G,L,50,0,0,0,,,1749174,5426377,-41.30027968,174.7818108
Wellington City,1N/1075/1.669,, ,I,ADELAIDE ROAD,2756802,15/10/07,Mon,1615,AA,CN24,176A ,,E,W,B ,L ,T,T,R,50,0,0,0,,,1749006,5426284,-41.30114803,174.7798278
Wellington City,1N/1075/1.669,, ,I,ADELAIDE ROAD,2755243,19/06/07,Tue,930,FE,CW1CC,331A ,,R,D,B ,F ,T,T,C,50,0,0,0,,,1749006,5426284,-41.30114803,174.7798278
Wellington City,1N/1075/1.684,15,E, ,ADELAIDE ROAD,2755773,25/08/07,Sat,1015,MD,CW1C,101B 371B 923 ,,R,D,O ,F ,D,N,C,50,0,0,0,,,1749019,5426278,-41.30119965,174.7799845
Wellington City,1N/1075/1.688,20,S, ,PATERSON ST,2756268,17/10/07,Wed,1514,MO,CS1C,371A ,M,R,D,B ,F , ,N,N,50,0,0,0,,,1749166,5426359,-41.30044322,174.7817197
Wellington City,1N/1075/1.699,30,E, ,ADELAIDE ROAD,2757888,29/11/07,Thu,1500,MA,CW1C,371B 385B ,,R,D,B ,F , ,N,C,50,0,0,0,,,1749033,5426272,-41.30125109,174.7801531
Wellington City,1N/1075/1.708,, ,I,PATERSON ST,2755239,19/07/07,Thu,1000,FA,VS1C,181A 387A ,,M,D,B ,F ,T,T,C,50,0,0,0,,,1749158,5426341,-41.30060676,174.7816286
Wellington City,1N/1075/1.708,, ,I,PATERSON ST,2754641,25/07/07,Wed,1755,AO,CS14,121A 434A ,,M,D,DO,F ,T,T,R,50,0,0,0,,,1749158,5426341,-41.30060676,174.7816286
Wellington City,1N/1075/1.708,, ,I,DUFFERIN ST,2756816,10/11/07,Sat,2305,AC,CW1C,124A 372A ,,M,D,DO,F ,T,T,R,50,0,0,0,,,1749158,5426341,-41.30060676,174.7816286
Wellington City,1N/1075/1.809,70,W, ,PATERSON ST,2751746,7/03/07,Wed,1300,EA,CE1C,386A ,Q,E,D,B ,F , ,N,C,50,0,0,0,,,1749129,5426277,-41.30118833,174.781298
Wellington City,1N/1075/1.816,40,N, ,RUGBY ST,2753518,11/06/07,Mon,910,AC,4S1B,386A ,,E,W,O ,L , ,N,C,50,0,0,0,,,1749132,5426283,-41.30113376,174.7813324
Wellington City,1N/1076/0.02,30,E, ,DUFFERIN ST E,2753659,14/06/07,Thu,811,FD,CE1C,331A 350A ,,E,W,O ,L , ,N,L,50,0,0,0,,,1749184,5426328,-41.30071899,174.7819422
Wellington City,1N/1076/0.03,40,E, ,DUFFERIN ST E,2752301,12/04/07,Thu,855,AA,XE1C,121A 386A ,,E,D,O ,F , ,N,R,50,0,0,0,,,1749193,5426323,-41.30076235,174.7820508
Wellington City,1N/1076/0.03,40,E, ,DUFFERIN ST E,2756957,19/10/07,Fri,1545,FD,CE1C,181A ,,E,D,O ,F , , ,C,50,0,0,0,,,1749193,5426323,-41.30076235,174.7820508
Wellington City,1N/1076/0.12,130,E, ,DUFFERIN ST E,2756918,24/11/07,Sat,20,GD,XE1C,181A 926 ,,E,D,DO,F ,D,N,L,50,0,0,0,,,1749263,5426269,-41.30123559,174.7828998
Wellington City,1N/1076/0.14,150,E, ,DUFFERIN ST E,2752914,1/06/07,Fri,1201,FD,TW1CCC,110A 331A 181D ,,R,W,O ,L , ,N,L,50,0,0,0,,,1749281,5426260,-41.30131329,174.7831169
Wellington City,1N/1076/0.14,150,E, ,DUFFERIN ST E,2750500,1/02/07,Thu,1345,FD,CW1C,427A ,,E,D,O ,F , ,N,C,50,0,0,0,,,1749281,5426260,-41.30131329,174.7831169
Wellington City,1N/1076/0.14,150,E, ,DUFFERIN ST E,2752834,30/04/07,Mon,1825,FD,CE1CCC,181A 181C 930 ,,R,W,DO,L ,D,N,L,50,0,0,0,,,1749281,5426260,-41.30131329,174.7831169
Wellington City,1N/1076/0.17,180,E, ,DUFFERIN ST E,2712529,1/07/07,Sun,1620,FD,CW14C,181A ,,R,W,DO,H , ,N,C,50,0,0,2,,,1749308,5426246,-41.30143434,174.7834427
Wellington City,1N/1076/0.19,200,E, ,DUFFERIN ST E,2712594,15/07/07,Sun,1051,BA,VE1V,410A ,,R,D,B ,F , ,N,L,50,0,0,4,,,1749326,5426238,-41.30150304,174.7836596
Wellington City,1N/1076/0.197,100,W, ,WEST PORTAL,2756950,23/10/07,Tue,1524,KA,VW14,308B 930 ,,R,D,B ,F ,D,N,C,50,0,0,0,,,1749332,5426235,-41.30152894,174.783732
Wellington City,1N/1076/0.24,250,E, ,DUFFERIN ST,2750955,13/02/07,Tue,1330,AA,CE1C,381A 151B ,,R,D,B ,F , ,N,L,50,0,0,0,,,1749371,5426216,-41.30169278,174.7842022
Wellington City,1N/1076/0.24,250,E, ,DUFFERIN ST E,2711514,8/03/07,Thu,915,FD,CW1X,181A ,,R,D,O ,F , ,N,L,50,0,0,1,,,1749371,5426216,-41.30169278,174.7842022
Wellington City,1N/1076/0.24,250,E, ,DUFFERIN ST E,2756515,4/11/07,Sun,30,AC,4E1C,103A 112A 372A ,,R,W,DO,L , ,N,C,50,0,0,0,,,1749371,5426216,-41.30169278,174.7842022
Wellington City,1N/1076/0.277,20,W, ,WEST PORTAL,2754468,4/07/07,Wed,1620,FD,CE1CC,181A ,,R,W,TF,L , ,N,C,50,0,0,0,,,1749404,5426199,-41.30183973,174.7846004
Wellington City,1N/1076/0.287,10,W, ,WEST PORTAL,2713207,22/09/07,Sat,1125,FD,CE1C,181A ,,R,D,B ,F , ,N,C,50,0,0,1,,,1749413,5426195,-41.30187408,174.7847088
Wellington City,1N/1076/0.297,, ,A,WEST PORTAL,2713494,28/10/07,Sun,510,CC,CE1,102A 358A ,C,R,D,DF,F , ,N,C,50,0,0,1,,,1749422,5426191,-41.30190842,174.7848173
Wellington City,1N/1076/0.3,300,E, ,SLIP,2712802,8/08/07,Wed,1745,FD,CW1CV,331A 353A 402A ,,R,D,TO,F , ,N,C,50,0,0,1,,,1749424,5426189,-41.30192606,174.7848417
Wellington City,1N/1076/0.317,20,E, ,WEST PORTAL,2711900,4/05/07,Fri,1900,FD,CW1CC,112A ,,R,D,DO,F , ,N,C,50,0,0,1,,,1749440,5426182,-41.30198612,174.7850344
Wellington City,1N/1076/0.337,40,E, ,WEST PORTAL,2713632,16/11/07,Fri,2145,NB,CW1E,105B 711B ,,R,D,DO,F , ,N,C,50,0,0,1,21,,1749458,5426174,-41.30205481,174.7852513
Wellington City,1N/1076/0.38,380,E, ,SLIP,2754169,7/07/07,Sat,1350,FD,CW1CCC,181A ,,R,D,DO,F , ,N,C,50,0,0,0,,,1749497,5426155,-41.30221865,174.7857216
Wellington City,1N/1076/0.45,450,E, ,SLIP,2753509,1/07/07,Sun,1625,FD,CW1C,135A 181A 191B 801 ,,R,W,O ,H , ,N,L,50,0,0,0,,,1749560,5426124,-41.30248608,174.7864814
Wellington City,1N/1076/0.497,200,E, ,WEST PORTAL,2712074,27/05/07,Sun,1518,FD,XW1CC4,331A 363A ,,R,D,B ,F , ,N,L,50,0,0,3,,,1749602,5426104,-41.30265837,174.7869877
Wellington City,1N/1076/0.597,300,E, ,WEST PORTAL,2712927,24/07/07,Tue,1734,FD,CW1CC,112A 181A ,,R,D,DO,F , ,N,C,50,0,0,1,,,1749692,5426061,-41.30302882,174.7880729
Wellington City,1N/1076/0.697,200,W, ,EAST PORTAL,2753309,30/05/07,Wed,1740,FD,CW1C,331A 501A ,,R,D,B ,F , ,N,L,50,0,0,0,,,1749783,5426018,-41.30339908,174.7891699
Wellington City,1N/1076/0.787,200,W, ,TAURIMA ST,2754804,9/08/07,Thu,1600,FD,CW1C,331A 350A 501A ,,R,D,O ,F , ,N,C,50,0,0,0,,,1749864,5425979,-41.30373517,174.7901466
Wellington City,1N/1076/0.898,, ,A,EAST PORTAL,2750513,8/02/07,Thu,1600,FD,CW1C,331A ,,E,D,B ,F , ,N,C,50,0,0,0,,,1749963,5425932,-41.30413993,174.7913402
Wellington City,1N/1076/0.917,20,E, ,EAST PORTAL,2712253,29/05/07,Tue,825,FD,CW1M,331A 351A ,,R,D,DO,F , ,N,C,50,0,0,1,,,1749981,5425923,-41.30421762,174.7915574
Wellington City,1N/1076/0.937,40,E, ,EAST PORTAL,2712126,17/05/07,Thu,1524,FD,CW1C,181A 402A ,,R,D,B ,F , ,N,C,50,0,0,1,,,1749998,5425913,-41.30430449,174.7917628
Wellington City,1N/1076/0.987,, ,I,TAURIMA ST,2756675,22/10/07,Mon,1445,KB,CW1C,176B 302B ,,E,D,O ,F ,T,G,C,50,0,0,0,,,1750042,5425889,-41.30451239,174.7922941
Wellington City,1N/1076/0.987,, ,I,TAURIMA ST,2753807,18/06/07,Mon,1505,JA,BE1C,302B 387B ,,M,W,O ,L ,T,G,C,50,0,0,0,,,1750043,5425890,-41.3045032,174.7923058
Wellington City,1N/1076/0.987,, ,I,TAURIMA ST,2754298,26/06/07,Tue,2055,JA,CS1C,302B 375B ,,M,D,DO,F ,T,G,R,50,0,0,0,,,1750043,5425890,-41.3045032,174.7923058
Wellington City,1N/1076/0.987,, ,I,RUAHINE ST,2713954,29/11/07,Thu,1800,BC,4E1CC,122A 353A ,,E,W,O ,L ,Y,G,C,50,0,0,2,,,1750043,5425890,-41.3045032,174.7923058
Wellington City,1N/1076/1.027,40,S, ,TAURIMA ST,2752809,24/04/07,Tue,1230,FD,VN1CC,331A 353A ,,E,D,B ,F , ,N,L,50,0,0,0,,,1750067,5425858,-41.30478684,174.7926002
Wellington City,1N/1076/1.237,250,S, ,TAURIMA ST,2711533,27/02/07,Tue,1640,AA,SN1X,372A ,,R,D,B ,F , ,N,L,70,0,0,1,,15,1750044,5425655,-41.3066188,174.7923757
Wellington City,1N/1076/1.379,100,N, ,GOA ST,2752932,18/05/07,Fri,1730,FD,CN1C,181A ,,R,D,DO,F , ,N,C,70,0,0,0,,,1750001,5425520,-41.30784225,174.7918955
Wellington City,1N/1076/1.479,, ,I,GOA ST,2757906,22/07/07,Sun,1541,BA,CS1C,137A ,FS,R,D,O ,F ,T,G,L,70,0,0,0,,,1749971,5425424,-41.30871214,174.791561
Wellington City,1N/1076/1.529,50,S, ,GOA ST,2752764,4/05/07,Fri,1424,FD,4S1X,331A ,,R,D,O ,F , ,N,C,70,0,0,0,,,1749956,5425377,-41.30913809,174.7913935
Wellington City,1N/1076/1.679,200,S, ,GOA ST,2712200,27/06/07,Wed,1156,FD,CS1CC,112A 331A 350A ,,R,D,B ,F , ,N,C,70,0,0,2,,,1749912,5425233,-41.31044275,174.7909036
Wellington City,1N/1076/1.785,50,N, ,WELLINGTON ROAD,2752277,29/03/07,Thu,1541,FD,CS1XV,181A ,,R,D,B ,F , ,N,L,70,0,0,0,,,1749878,5425133,-41.3113494,174.7905222
Wellington City,1N/1076/1.835,, ,I,WELLINGTON ROAD,2754685,26/07/07,Thu,2147,JC,4N2C,302A 375A ,,E,D,O ,F ,T,G,R,50,0,0,0,,,1749873,5425084,-41.31179149,174.7904746
Wellington City,1N/1076/1.835,, ,I,WELLINGTON ROAD,2755054,29/06/07,Fri,720,AF,CN1S,158B ,,M,D,TO,F ,T,G,R,50,0,0,0,,,1749873,5425084,-41.31179149,174.7904746
Wellington City,1N/1076/1.835,, ,I,WELLINGTON ROAD,2752570,7/03/07,Wed,2250,DB,CS1,111A 514A 517A ,HIS,M,D,DO,F ,T,G,R,50,0,0,0,,,1749873,5425084,-41.31179149,174.7904746
Wellington City,1N/1076/1.835,, ,I,WELLINGTON ROAD,2711522,13/03/07,Tue,2119,DB,CS1,104A 111A 632A 901 ,F,R,W,DO,HS,T,G,R,50,0,0,1,,,1749873,5425084,-41.31179149,174.7904746
Wellington City,1N/1076/1.835,, ,I,WELLINGTON ROAD,2756204,11/10/07,Thu,1255,DB,CS1,110A 402A ,FP,M,W,O ,L ,T,G,R,50,0,0,0,,,1749873,5425084,-41.31179149,174.7904746
Wellington City,1N/1076/1.835,, ,I,RUAHINE ST,2751009,10/02/07,Sat,820,DA,PW1,135A 806 ,,M,W,O ,M ,T,G,R,50,0,0,0,,,1749873,5425084,-41.31179149,174.7904746
Wellington City,1N/1076/1.835,, ,I,RUAHINE ST,2713645,13/11/07,Tue,1645,DA,CW1,135A 402A 801 ,CP,R,W,O ,F ,T,G,R,50,0,0,2,,,1749873,5425084,-41.31179149,174.7904746
Wellington City,1N/1076/1.835,, ,I,RUAHINE ST,2750227,10/01/07,Wed,654,DA,CW14,135A 197B 800 ,IK,M,W,O ,F ,T,G,R,50,0,0,0,,,1749873,5425084,-41.31179149,174.7904746
Wellington City,1N/1076/1.865,30,E, ,RUAHINE ST,2713532,28/10/07,Sun,1600,FD,4W1C,331A ,,R,W,B ,F , ,N,P,50,0,0,1,,,1749895,5425070,-41.31191345,174.7907407
Wellington City,1N/1076/2.015,, ,I,WALMER ST,2757010,5/11/07,Mon,948,LB,XE1C,303B 314B 377B ,,R,D,O ,F ,T,N,C,50,0,0,0,,,1750029,5425063,-41.31195157,174.7923426
Wellington City,1N/1076/2.03,80,W, ,KILBIRNIE CRESCENT,2752233,5/04/07,Thu,1330,FD,CW1CC,331A 350A ,,R,D,B ,F , ,N,C,50,0,0,0,,,1750044,5425060,-41.31197578,174.7925224
Wellington City,1N/1076/2.042,200,E, ,RUAHINE ST,2752938,21/04/07,Sat,1435,MA,CW14,381B 434B ,,R,D,B ,F , ,N,C,50,0,0,0,,,1750056,5425058,-41.31199156,174.7926662
Wellington City,1N/1076/2.065,50,E, ,WALMER ST,2750198,26/01/07,Fri,1430,FD,CW1C,181A 427A ,,R,D,B ,F , ,N,C,50,0,0,0,,,1750079,5425055,-41.31201429,174.7929416
Wellington City,1N/1076/2.07,40,W, ,KILBIRNIE CRESCENT,2757704,19/12/07,Wed,1633,FD,VW1C,331A 350A ,,R,W,O ,L , ,N,C,50,0,0,0,,,1750084,5425054,-41.31202236,174.7930016
Wellington City,1N/1076/2.08,30,W, ,KILBIRNIE CRESCENT,2750514,5/02/07,Mon,740,FD,CW1C,331A ,,R,D,B ,F , ,N,C,50,0,0,0,,,1750094,5425052,-41.31203851,174.7931215
Wellington City,1N/1076/2.09,20,W, ,KILBIRNIE CRESCENT,2752403,2/05/07,Wed,1050,AA,TW1C,381A ,,R,D,O ,F , ,N,C,50,0,0,0,,,1750104,5425051,-41.31204565,174.7932411
Wellington City,1N/1076/2.09,20,W, ,KILBIRNIE CRESCENT,2755230,18/08/07,Sat,1450,FD,CW1C,331A ,,E,D,O ,F , ,N,C,50,0,0,0,,,1750104,5425051,-41.31204565,174.7932411
Wellington City,1N/1076/2.094,, ,I,HAMILTON ROAD,2713975,24/12/07,Mon,1128,LB,BN2C,145A 303B ,,R,D,O ,F ,X,T,R,50,0,0,2,,,1750123,5425048,-41.31206913,174.7934687
Wellington City,1N/1076/2.11,, ,I,HAMILTON ROAD,2751739,9/02/07,Fri,840,DA,BW1C,386A ,,R,D,B ,F ,X,T,R,50,0,0,0,,,1750123,5425048,-41.31206913,174.7934687
Wellington City,1N/1076/2.11,, ,I,HAMILTON ROAD,2751215,17/03/07,Sat,1220,CB,CS2CC,135A 402A 823 ,M,R,W,O ,F ,X,T,C,50,0,0,0,,,1750123,5425048,-41.31206913,174.7934687
Wellington City,1N/1076/2.11,, ,I,KILBIRNIE CRESCENT,2712731,29/06/07,Fri,959,FA,XW1C,501A ,IP,R,D,O ,F ,X,T,R,50,0,0,1,,,1750123,5425048,-41.31206913,174.7934687
Wellington City,1N/1076/2.11,, ,I,KILBIRNIE CRESCENT,2751624,24/02/07,Sat,705,AA,CW1V,181A 353A 387A 197B ,,R,D,O ,F ,X,T,R,50,0,0,0,,,1750123,5425048,-41.31206913,174.7934687
Wellington City,1N/1076/2.11,, ,I,KILBIRNIE CRESCENT,2753515,21/06/07,Thu,1705,MB,CW1C,371B 400B ,,R,D,TF,L ,X,T,R,50,0,0,0,,,1750123,5425048,-41.31206913,174.7934687
Wellington City,1N/1076/2.15,40,E, ,KILBIRNIE CRESCENT,2755751,6/08/07,Mon,830,FD,CW14,371B 427B ,,R,W,O ,L , ,N,R,50,0,0,0,,,1750158,5425030,-41.31222467,174.7938911
Wellington City,1N/1076/2.275,20,W, ,EVANS BAY PARADE,2750592,3/02/07,Sat,100,FB,XW1C,331A ,,R,D,DO,F ,X,G,C,50,0,0,0,,,1750280,5425003,-41.31244504,174.7953546
Wellington City,EVANS BAY PARADE,, ,I,1N/1076/2.293,2757126,24/11/07,Sat,1400,GA,CS1C,181A 191B ,,R,D,B ,F ,X,T,R,50,0,0,0,,,1750302,5425012,-41.31235991,174.7956151
Wellington City,EVANS BAY PARADE,, ,I,1N/1076/2.293,2757259,17/12/07,Mon,1717,GA,CS1X,181A 387A ,,R,D,B ,F ,X,T,R,50,0,0,0,,,1750302,5425012,-41.31235991,174.7956151
Wellington City,1N/1076/2.293,, ,I,EVANS BAY PARADE,2750415,28/01/07,Sun,1600,FB,CS2C,331A 353A ,,E,D,B ,F ,X,T,R,50,0,0,0,,,1750302,5425012,-41.31235991,174.7956151
Wellington City,1N/1076/2.293,, ,I,EVANS BAY PARADE,2750587,24/02/07,Sat,1100,FB,VS2C,181A 191B ,,E,D,B ,F ,X,T,R,50,0,0,0,,,1750302,5425012,-41.31235991,174.7956151
Wellington City,1N/1076/2.293,, ,I,EVANS BAY PARADE,2711239,15/01/07,Mon,1545,LB,CE1C,323B ,,R,D,B ,F ,X,T,R,50,0,1,2,,,1750302,5425012,-41.31235991,174.7956151
Wellington City,1N/1076/2.293,, ,I,EVANS BAY PARADE,2757366,20/12/07,Thu,700,GA,4S2C,331B 353B ,,R,D,B ,F ,X,T,R,50,0,0,0,,,1750302,5425012,-41.31235991,174.7956151
Wellington City,1N/1076/2.293,, ,I,EVANS BAY PARADE,2755724,11/09/07,Tue,715,GA,MS24,353A 387A ,,E,D,B ,F ,X,T,R,50,0,0,0,,,1750302,5425012,-41.31235991,174.7956151
Wellington City,1N/1076/2.293,, ,I,EVANS BAY PARADE,2750052,11/01/07,Thu,1625,FE,CS2C,331A 353A ,,E,D,B ,F ,X,T,R,50,0,0,0,,,1750302,5425012,-41.31235991,174.7956151
Wellington City,1N/1076/2.295,, ,I,EVANS BAY PARADE,2711652,21/03/07,Wed,750,FE,CW1C,181A ,,R,D,B ,F ,X,T,R,50,0,0,1,,,1750300,5425000,-41.31246832,174.7955942
Wellington City,1N/1076/2.295,, ,I,EVANS BAY PARADE,2757057,10/10/07,Wed,2300,LB,VW1C,303B 323B ,,R,W,DO,L ,X,T,R,50,0,0,0,,,1750300,5425000,-41.31246832,174.7955942
Wellington City,1N/1076/2.345,50,E, ,EVANS BAY PARADE,2754715,10/08/07,Fri,1938,AA,VW1C,386A ,,R,D,DO,F , ,N,R,50,0,0,0,,,1750349,5424991,-41.31254022,174.7961815
Wellington City,1N/1076/2.478,200,E, ,EVANS BAY PARADE,2757435,3/05/07,Thu,1930,AC,VE1C,100A 159A ,,R,D,DO,F , ,N,R,70,0,0,0,,,1750477,5424928,-41.31308356,174.7977255
Wellington City,1N/1076/2.695,400,E, ,EVANS BAY PARADE,2753938,28/06/07,Thu,2248,FD,CW1CC,181A ,,R,W,DO,L , ,N,R,70,0,0,0,,,1750618,5424776,-41.31442575,174.7994469
Wellington City,1N/1076/3.058,50,W, ,TROY ST,2756633,23/08/07,Thu,730,AC,XE14,512B ,,R,D,B ,F , ,N,R,70,0,0,0,,,1750893,5424525,-41.31663417,174.8027931
Wellington City,1N/1076/3.074,30,W, ,TROY ST,2753711,30/04/07,Mon,1257,FD,CE1C,132A 135A 801 ,,R,W,DO,H ,R,G,R,70,0,0,0,,,1750891,5424496,-41.31689564,174.8027764
Wellington City,1N/1076/3.108,, ,I,TROY ST,2711943,21/04/07,Sat,1140,FB,CE14,331A 353A 614A 191B ,,E,D,B ,F ,R,G,R,70,0,0,1,,,1750931,5424492,-41.31692417,174.8032551