TLA NAME,CRASH ROAD,CRASH DIST,CRASH DIRN,INTSN,SIDE ROAD,CRASH ID,CRASH DATE,CRASH DOW,CRASH TIME,MVMT,VEHICLES,CAUSES,OBJECTS STRUCK,ROAD CURVE,ROAD WET,LIGHT,WTHRa,JUNC TYPE,TRAF CTRL,ROAD MARK,SPD LIM,CRASH FATAL CNT,CRASH SEV CNT,CRASH MIN CNT,PERS AGE1,PERS AGE2,EASTING,NORTHING,latitude,longitude
Wellington City,1N/1076/3.108,, ,I,TROY ST,2713901,3/12/07,Mon,701,AC,CE1S,159A 183A ,,E,D,B ,F ,R,G,R,70,0,1,0,,36,1750931,5424492,-41.31692417,174.8032551
Wellington City,1N/1076/3.108,, ,I,TROY ST,2752424,18/04/07,Wed,1809,AC,CE1V,111A 181A 197A ,,E,D,DO,F ,R,G,R,50,0,0,0,,,1750931,5424492,-41.31692417,174.8032551
Wellington City,1N/1076/3.108,, ,I,TROY ST,2752945,10/05/07,Thu,2100,FB,CE1C,331A 353A ,,R,W,DO,L ,R,G,R,70,0,0,0,,,1750931,5424492,-41.31692417,174.8032551
Wellington City,1N/1076/3.108,, ,I,TROY ST,2757012,23/11/07,Fri,1000,FB,CE14,331A 353A 402A ,,R,D,B ,F ,R,G,R,70,0,0,0,,,1750931,5424492,-41.31692417,174.8032551
Wellington City,1N/1076/3.108,, ,I,TROY ST,2757742,30/12/07,Sun,920,GC,XE1C,171B ,,E,D,B ,F ,R,G,R,70,0,0,0,,,1750931,5424492,-41.31692417,174.8032551
Wellington City,1N/1076/3.108,, ,I,TROY ST,2755271,18/07/07,Wed,1620,FB,CW1C,331A ,,R,D,O ,F ,R,G,R,70,0,0,0,,,1750927,5424495,-41.31689791,174.8032065
Wellington City,1N/1076/3.141,, ,I,TROY ST,2751837,6/04/07,Fri,2312,DB,CW1,111A 132A ,P,E,D,DO,F ,R,G,R,70,0,0,0,,,1750947,5424489,-41.31694818,174.8034469
Wellington City,1N/1076/3.238,, ,I,TROY ST,2713777,11/11/07,Sun,1510,FB,4W1C,181A ,,E,D,B ,F ,R,G,R,70,0,0,1,,,1750975,5424435,-41.31742912,174.8037947
Wellington City,1N/1076/3.238,, ,I,TROY ST,2756653,11/10/07,Thu,905,FB,CW1C,181A ,,E,W,O ,L ,R,G,R,70,0,0,0,,,1750975,5424435,-41.31742912,174.8037947
Wellington City,1N/1076/3.238,, ,I,TROY ST,2713135,6/09/07,Thu,852,FD,CW1C,331A 351A ,,R,D,O ,F ,R,G,C,70,0,0,1,,,1750989,5424442,-41.31736347,174.8039601
Wellington City,1N/1076/3.238,, ,I,TROY ST,2712544,1/07/07,Sun,1417,FB,CW1C,331A 353A ,,E,W,O ,L ,R,G,R,70,0,0,4,,,1750975,5424435,-41.31742912,174.8037947
Wellington City,1N/1076/3.238,, ,I,TROY ST,2712562,24/07/07,Tue,1615,LB,CW1V,302A 363A 902 ,F,E,D,B ,F ,R,G,R,70,0,0,1,,,1750971,5424433,-41.31744787,174.8037474
Wellington City,1N/1076/3.238,, ,I,TROY ST,2754929,23/08/07,Thu,1335,FB,CW1C,181A ,,R,D,O ,F ,R,G,R,70,0,0,0,,,1750975,5424435,-41.31742912,174.8037947
Wellington City,1N/1076/3.585,, ,I,CALABAR ROAD,2757866,22/12/07,Sat,1120,FB,4E1C,331A ,,R,D,B ,F ,R,G,R,70,0,0,0,,,1751392,5424522,-41.31656767,174.8087528
Wellington City,1N/1076/3.585,, ,I,CALABAR ROAD,2753211,4/06/07,Mon,1532,FB,CE1C,331A 353A ,,R,D,O ,F ,R,G,R,70,0,0,0,,,1751392,5424522,-41.31656767,174.8087528
Wellington City,1N/1076/3.638,400,E, ,TROY ST,2753821,28/05/07,Mon,1720,FD,CE1C,331A 351A ,,R,D,TO,F , ,N,C,70,0,0,0,,,1751362,5424490,-41.3168614,174.8084025
Wellington City,1N/1076/3.639,, ,I,COBHAM DRIVE,2713331,10/09/07,Mon,1655,KB,4S2E,302A 375A ,,R,D,B ,F ,R,G,C,50,0,1,0,35,,1751444,5424531,-41.31647687,174.8093715
Wellington City,1N/1076/3.694,, ,I,CALABAR ROAD,2752332,14/03/07,Wed,1610,KA,CE1C,302A ,,R,W,O ,L ,R,G,R,70,0,0,0,,,1751443,5424532,-41.31646806,174.8093593
Wellington City,1N/1076/3.694,, ,I,CALABAR ROAD,2711942,29/03/07,Thu,932,DA,XE1,122A ,KP,R,D,O ,F ,R,G,R,70,0,1,1,,,1751419,5424533,-41.31646356,174.8090725
Wellington City,1N/1076/3.747,, ,I,COBHAM DRIVE,2756008,12/10/07,Fri,1915,KC,XN1C,302A ,,E,D,TF,F ,R,G,R,70,0,0,0,,,1751451,5424460,-41.31711479,174.8094728
Wellington City,1N/1076/3.747,, ,I,CALABAR ROAD,2714064,14/12/07,Fri,1335,KC,CN2P,302A ,,E,D,O ,F ,R,G,R,70,0,0,1,,,1751451,5424460,-41.31711479,174.8094728
Wellington City,1N/1076/3.771,50,W, ,COBHAM DRIVE,2712323,25/03/07,Sun,142,CB,CE1,104A 132A 524A ,X,R,D,DO,F , ,N,R,70,0,1,1,,,1751453,5424410,-41.31756458,174.8095091
Wellington City,1N/1076/3.78,, ,I,CALABAR ROAD,2756619,26/08/07,Sun,1930,FB,CN2C,331A ,,R,D,DO,F ,R,G,R,70,0,0,0,,,1751451,5424455,-41.31715981,174.809474
Wellington City,1N/1076/3.78,, ,I,CALABAR ROAD,2755035,9/07/07,Mon,1320,KB,CS2C,176A 302A ,,M,W,O ,L ,R,G,R,50,0,0,0,,,1751451,5424460,-41.31711479,174.8094728
Wellington City,1N/1076/3.8,20,S, ,COBHAM DRIVE,2754676,13/08/07,Mon,1530,AC,CS1C,372A 197B ,K,R,W,O ,L , ,G,C,70,0,0,0,,,1751452,5424440,-41.31729467,174.8094897
Wellington City,1N/1076/3.821,100,W, ,COBHAM DRIVE,2754657,3/08/07,Fri,1310,CC,CE1,112A 125A ,KS,R,D,B ,F , ,N,R,70,0,0,0,,,1751449,5424361,-41.31800649,174.8094736
Wellington City,1N/1076/3.88,100,S, ,COBHAM DRIVE,2754501,11/05/07,Fri,2005,CB,CS1,133A 358A ,F,R,W,DO,L , ,N,C,70,0,0,0,,,1751449,5424361,-41.31800649,174.8094736
Wellington City,1N/1076/3.947,200,S, ,COBHAM DRIVE,2750816,22/02/07,Thu,1550,FD,CN1C,331A ,,R,D,B ,F , ,N,C,70,0,0,0,,,1751440,5424261,-41.3189085,174.809391
Wellington City,1N/1076/3.992,, ,I,WEXFORD ST,2756654,10/10/07,Wed,1020,GB,CW2T,145B 175B ,,R,W,O ,H ,T,G,C,70,0,0,0,,,1751439,5424250,-41.31900772,174.8093818
Wellington City,1N/1076/4.001,140,N, ,CALEDONIA ST,2751829,25/03/07,Sun,2115,EC,MN1,370A 820 ,X,R,D,DO,F , ,N,C,70,0,0,0,,,1751435,5424201,-41.31944963,174.8093462
Wellington City,1N/1076/4.141,, ,I,CALEDONIA ST,2756622,23/09/07,Sun,1115,FD,CW2C,331A ,,R,D,B ,F ,T,G,C,70,0,0,0,,,1751424,5424061,-41.32071215,174.8092497
Wellington City,1N/1076/4.181,, ,I,CALEDONIA ST,2751781,23/03/07,Fri,2000,JA,CS1C,302B 375B ,,R,D,TO,F ,T,G,C,70,0,0,0,,,1751424,5424061,-41.32071215,174.8092497
Wellington City,1N/1076/4.749,, ,I,BROADWAY,2756809,16/08/07,Thu,1400,FB,MS1X,331A ,,E,D,B ,F ,R,G,R,50,0,0,0,,,1751432,5423513,-41.32564442,174.8094818
Wellington City,2/962/12.888,200,S, ,HOROKIWI ROAD,2712286,11/06/07,Mon,718,FD,TS1CC,331A 353A ,,R,D,O ,F , ,N,R,100,0,0,1,,,1755028,5434378,-41.22714238,174.8496652
Wellington City,2/962/12.888,200,S, ,HOROKIWI ROAD,2711061,10/01/07,Wed,742,AD,MS1T,132A ,G,R,W,O ,L , ,N,C,100,0,0,1,,,1755028,5434378,-41.22714238,174.8496652
Wellington City,2/962/13.078,390,S, ,HOROKIWI ROAD,2750159,23/01/07,Tue,1753,EA,TS1C,129A 353A ,GM,R,D,B ,F , ,N,C,100,0,0,0,,,1754847,5434321,-41.22769022,174.8475212
Wellington City,2/962/13.088,400,W, ,HOROKIWI ROAD,2711608,9/03/07,Fri,35,CC,CW1,112A 130A ,G,R,D,DO,F , ,N,R,100,0,0,1,,,1754837,5434318,-41.22771915,174.8474027
Wellington City,2/962/13.196,500,W, ,HOROKIWI ROAD,2752826,7/06/07,Thu,1955,CC,TN1C,372A ,,R,D,DO,F , ,N,R,100,0,0,0,,,1754735,5434299,-41.22790972,174.8461911
Wellington City,2/962/13.271,600,N, ,SERVICE STN NTH,2756288,21/10/07,Sun,532,DA,CN1,103A 410A ,ST,E,D,TO,F , ,N,R,100,0,0,0,,,1754664,5434276,-41.22813037,174.8453502
Wellington City,2/962/13.288,600,S, ,HOROKIWI ROAD,2713982,25/12/07,Tue,1434,DB,CS1,121A 350A ,G,E,W,O ,L , ,N,R,100,0,0,1,,,1754646,5434258,-41.22829587,174.8451401
Wellington City,2/962/13.296,600,S, ,HOROKIWI ROAD,2757615,18/12/07,Tue,1205,FD,CN1C,181A ,,R,W,O ,H , ,N,R,100,0,0,0,,,1754640,5434269,-41.22819798,174.8450658
Wellington City,2/962/13.496,800,S, ,HOROKIWI ROAD,2750686,26/01/07,Fri,1630,FD,CN14,331A 358A 632A ,,R,D,B ,F , ,N,R,100,0,0,0,,,1754462,5434181,-41.22902427,174.8429653
Wellington City,2/962/13.671,200,N, ,SERVICE STN NTH,2753440,21/06/07,Thu,845,FD,CS1V,112A 181A 191B 817 ,,R,W,DO,F , ,N,R,100,0,0,0,,,1754350,5434049,-41.23023407,174.841663
Wellington City,2/962/13.688,1000,W, ,HOROKIWI ROAD,2758042,8/07/07,Sun,100,DB,CW1,103A 111A ,G,E,W,DO,L , ,N,C,100,0,0,0,,,1754342,5434018,-41.2305147,174.8415754
Wellington City,2/962/13.741,2000,N, ,HUTT ON NBD,2753042,30/05/07,Wed,800,FD,CN1C,181A 363A ,,R,D,B ,F , ,N,R,100,0,0,0,,,1754306,5433994,-41.23073764,174.8411522
Wellington City,2/962/13.741,2000,N, ,HUTT ON NBD,2753032,7/06/07,Thu,1800,FD,CS1C,181A 191B ,,R,D,DO,F , ,N,R,100,0,0,0,,,1754306,5433994,-41.23073764,174.8411522
Wellington City,2/962/13.971,100,S, ,SERVICE STN NTH,2751130,21/02/07,Wed,1618,CA,CW1,137A 381A ,,R,D,B ,F , ,N,R,100,0,0,0,,,1754108,5433881,-41.23179275,174.8388193
Wellington City,2/962/13.988,1300,W, ,HOROKIWI ROAD,2755266,3/08/07,Fri,810,AC,TW1V,372A ,,R,D,B ,F , ,N,R,100,0,0,0,,,1754091,5433863,-41.23195805,174.8386211
Wellington City,2/962/14.175,2000,S, ,PETONE OFF NBD,2750634,2/02/07,Fri,1800,FD,CN1C,331A 358A 645A ,,R,D,O ,F , ,N,R,100,0,0,0,,,1753939,5433771,-41.23281529,174.8368316
Wellington City,2/962/14.188,1500,S, ,HOROKIWI ROAD,2752515,29/03/07,Thu,1820,CA,CS1,130A 197A ,G,R,D,TO,F , ,N,R,100,0,0,0,,,1753931,5433746,-41.23304189,174.8367425
Wellington City,2/962/14.188,1500,W, ,HOROKIWI ROAD,2750067,6/01/07,Sat,1450,DB,CW1,130A 400A 903 ,G,E,D,B , S, ,N,C,100,0,0,0,,,1753931,5433746,-41.23304189,174.8367425
Wellington City,2/962/14.23,, ,A,SERVICE STN STH,2712187,20/05/07,Sun,51,NB,CE1E,370A 105B 713B 716B ,,E,D,DO,F , ,N,R,100,0,0,1,40,,1753902,5433730,-41.23319146,174.8364006
Wellington City,2/962/14.23,, ,A,SERVICE STN STH,2754424,20/07/07,Fri,1722,FD,CN1V,181A ,,R,W,TO,L , ,N,R,100,0,0,0,,,1753902,5433730,-41.23319146,174.8364006
Wellington City,2/962/14.238,1550,W, ,HOROKIWI ROAD,2711798,29/03/07,Thu,1140,CA,CW1,136A 660A ,G,R,D,B ,F , ,N,R,100,0,0,1,,,1753898,5433708,-41.23339029,174.8363585
Wellington City,2/962/14.288,1600,W, ,HOROKIWI ROAD,2750688,23/02/07,Fri,1030,FA,CW1CC,150A 353A 191C ,,R,W,O ,L , ,N,R,100,0,0,0,,,1753865,5433671,-41.23372969,174.8359742
Wellington City,2/962/14.388,1700,W, ,HOROKIWI ROAD,2713905,15/11/07,Thu,748,FD,CW1C,331A ,,R,D,B ,F , ,N,R,100,0,0,2,,,1753796,5433599,-41.23439105,174.8351694
Wellington City,2/962/14.53,300,S, ,SERVICE STN STH,2753942,27/06/07,Wed,2023,FD,VN1C,331A 353A 817 ,,R,D,DO,F , ,N,R,100,0,0,0,,,1753693,5433515,-41.2351669,174.8339621
Wellington City,2/962/14.73,500,S, ,SERVICE STN STH,2712215,29/05/07,Tue,1746,FD,CN1CCC,181A 359A ,,R,D,DO,F , ,N,R,100,0,0,1,,,1753535,5433393,-41.2362953,174.8321084
Wellington City,2/962/14.959,2000,N, ,SH 1N,2751618,2/03/07,Fri,815,FD,CS1C,181A 197B ,,R,D,B ,F , ,N,R,100,0,0,0,,,1753350,5433243,-41.23768089,174.8299395
Wellington City,2/962/14.969,2000,S, ,HUTT ROAD,2712309,21/06/07,Thu,833,FD,CS1V4C,181A ,,R,W,O ,F , ,N,R,100,0,0,2,,,1753342,5433252,-41.23760138,174.8298419
Wellington City,2/962/15.341,400,N, ,HUTT ON NBD,2711156,25/01/07,Thu,1300,AA,CN1T,371A 671A ,G,R,D,B ,F , ,N,R,100,0,1,0,,,1753055,5433017,-41.23977151,174.8264777
Wellington City,2/962/15.359,1000,E, ,NGAURANGA ON NBD,2754706,19/08/07,Sun,1720,CB,4S1,103A ,G,R,D,O ,F , ,N,R,100,0,0,0,,,1753039,5432992,-41.23999962,174.8262931
Wellington City,2/962/15.359,1000,N, ,NGAURANGA ON NBD,2712590,28/06/07,Thu,1115,EC,SS1T,331A ,M,R,D,O ,FS, ,N,R,100,0,0,1,,48,1753039,5432992,-41.23999962,174.8262931
Wellington City,2/962/15.541,200,N, ,HUTT ON NBD,2712411,24/06/07,Sun,1230,CA,CN1,136A 660A ,G,R,D,B ,F , ,N,R,100,0,0,1,,,1752894,5432899,-41.24086436,174.8245869
Wellington City,2/962/15.541,200,N, ,HUTT ON NBD,2756225,18/10/07,Thu,1634,FD,CN1CCC,181A ,,R,W,O ,LS, ,N,R,100,0,0,0,,,1752894,5432899,-41.24086436,174.8245869
Wellington City,2/962/15.641,100,N, ,HUTT ON NBD,2756068,4/10/07,Thu,1620,FD,VN14,112A 132A 331A ,,R,D,O ,F , ,N,R,100,0,0,0,,,1752812,5432841,-41.24140205,174.8236233
Wellington City,2/962/15.688,3000,S, ,HOROKIWI ROAD,2714049,21/12/07,Fri,28,CB,CS1,103A 358A ,G,R,D,DO,F , ,N,R,100,0,0,1,,,1752773,5432800,-41.24177855,174.8231684
Wellington City,2/962/15.688,3000,S, ,HOROKIWI ROAD,2754852,23/07/07,Mon,1233,CB,CS1,129A ,G,R,D,B ,F , ,N,R,100,0,0,0,,,1752773,5432800,-41.24177855,174.8231684
Wellington City,2/962/15.691,50,E, ,HUTT ON NBD,2752554,12/05/07,Sat,1315,AO,CN1C,370A ,,E,D,B ,F , ,N,R,100,0,0,0,,,1752771,5432813,-41.24166188,174.8231413
Wellington City,2/962/15.931,1700,W, ,SERVICE STN STH,2757352,4/12/07,Tue,2136,FD,CE1C,112A 181A 191B 352B ,,R,D,DO,F , ,N,R,100,0,0,0,,,1752577,5432672,-41.24296798,174.8208625
Wellington City,2/962/16.041,300,S, ,HUTT ON NBD,2712172,12/06/07,Tue,1712,FD,VN1C,181A ,,R,D,TO,F , ,N,R,100,0,0,1,,,1752487,5432607,-41.24357017,174.8198052
Wellington City,2/962/16.159,200,N, ,NGAURANGA ON NBD,2711520,5/03/07,Mon,822,FD,CS1C,331A 351A ,,R,D,B ,F , ,N,R,100,0,0,1,,,1752392,5432522,-41.24435336,174.8186932
Wellington City,2/962/16.359,, ,I,NGAURANGA ON NBD,2712726,13/08/07,Mon,754,FD,CS1CM,191A 135B 181B 801 ,,R,W,O ,L ,Y,N,R,100,0,0,1,,,1752244,5432387,-41.24559669,174.8169614
Wellington City,2/962/16.467,500,N, ,SH 1N,2754991,24/08/07,Fri,852,FD,CS1C,181A 191B ,,R,D,B ,F , ,N,R,100,0,0,0,,,1752172,5432319,-41.24622247,174.8161195
Wellington City,2/962/16.47,500,N, ,SH 1N,2754156,30/05/07,Wed,800,FD,CN1C,181A ,,R,D,O ,F , ,N,R,100,0,0,0,,,1752164,5432327,-41.24615195,174.8160221
Wellington City,2/962/16.517,150,S, ,NGAURANGA ON NBD,2757564,18/12/07,Tue,1215,AC,4S1CV4,135A 372A 901 ,GG,R,W,O ,H , ,N,R,100,0,0,0,,,1752136,5432284,-41.24654436,174.8156988
Wellington City,2/962/16.57,400,N, ,HUTT ROAD,2712578,16/07/07,Mon,1750,FD,4N1CCC,331A ,G,R,W,TN,L , ,N,R,100,0,0,1,,,1752091,5432259,-41.24677791,174.8151682
Wellington City,2/962/16.69,280,N, ,SH 1N,2752939,24/04/07,Tue,1730,FD,CN1C,331A ,,R,D,TO,F , ,N,C,100,0,0,0,,,1751999,5432182,-41.24748847,174.8140899
Wellington City,2/962/16.767,200,N, ,SH 1N,2713269,16/10/07,Tue,912,FD,4S1C4,423A 427A ,,R,D,B ,F , ,N,R,100,0,0,1,,,1751946,5432122,-41.24803863,174.8134726
Wellington City,2/962/16.77,200,N, ,SH 1N,2752565,23/03/07,Fri,1645,FD,CE1CC,181A ,,R,D,B ,F , ,N,R,100,0,0,0,,,1751937,5432131,-41.24795929,174.813363
Wellington City,2/962/16.87,100,N, ,SH 1N,2754166,4/07/07,Wed,1625,FD,CN1C,112A 331A ,,R,W,O ,HS, ,N,R,100,0,0,0,,,1751858,5432069,-41.24853234,174.8124361
Wellington City,2/962/16.927,40,E, ,SH 1N,2753560,23/04/07,Mon,800,FD,CW1C,331A 353A ,,R,D,O ,F , ,N,C,100,0,0,0,,,1751820,5432023,-41.24895363,174.8119942
Wellington City,2/962/16.97,, ,I,SH 1N,2713793,3/12/07,Mon,1802,FD,CN1CV,181A 423A 191B ,,R,D,B ,F ,Y,N,R,100,0,0,2,,,1751775,5432014,-41.24904311,174.8114596
Wellington City,ABEL SMITH ST,10,E, ,CUBA ST,2854781,4/09/08,Thu,2034,EE,CW1X,374B ,M,R,W,DO,L ,X,N,C,50,0,0,0,,,1748543,5426834,-41.2962815,174.7741657
Wellington City,ABEL SMITH ST,10,S, ,CUBA ST,2856005,15/10/08,Wed,2226,EA,CN1C,103A 194A ,M,R,D,DO,F ,X,S,C,50,0,0,0,,,1748543,5426834,-41.2962815,174.7741657
Wellington City,ACCESS ROAD,5,N, ,BUNNY ST,2856222,25/11/08,Tue,1336,MO,XS1X,371A ,Q,R,D,O ,FS,T,N,N,50,0,0,0,,,1749077,5428630,-41.28001288,174.780101
Wellington City,ACCESS ROAD,30,N, ,BUNNY ST,2852035,28/02/08,Thu,1452,MO,XN1X,386A ,Q,R,D,B ,F , ,N,N,50,0,0,0,,,1749045,5428687,-41.27950559,174.7797052
Wellington City,ACCESS ROAD,50,N, ,BUNNY ST,2853467,18/03/08,Tue,1100,MO,CN1X,386A ,Q,E,D,B ,F , ,N,N,50,0,0,0,,,1749057,5428700,-41.27938633,174.7798452
Wellington City,ACCESS ROAD,100,S, ,STEWART DUFF DRIVE,2853017,16/03/08,Sun,1535,MG,CN1C,371B ,,R,D,O ,F , ,N,N,50,0,0,0,,,1751641,5423246,-41.328009,174.8120446
Wellington City,ACCESS ROAD,250,S, ,STEWART DUFF DRIVE,2850993,24/01/08,Thu,1420,EE,XN1X,374B ,Q,R,D,B ,F , ,N,N,50,0,0,0,,,1751650,5423097,-41.32934878,174.8121893
Wellington City,ACCESS ROAD,, ,I,STEWART DUFF DRIVE,2851552,21/02/08,Thu,1610,FA,CN1C,181A ,,E,D,B ,F ,T,N,R,50,0,0,0,,,1751616,5423342,-41.32714939,174.811722
Wellington City,ACCESS ROAD,50,S, ,WELLINGTON AIR TERMINAL,2853998,6/07/08,Sun,750,FA,CN1X,103A 181A ,,R,D,O ,F , ,N,N,30,0,0,0,,,1751651,5423103,-41.32929458,174.8121997
Wellington City,ACCESS ROAD,, ,A,WELLINGTON AIR TERMINAL,2854264,29/07/08,Tue,740,AC,XN1X,372A 434B ,,R,D,O ,F , ,N,N,50,0,0,0,,,1751652,5423153,-41.32884423,174.8121992
Wellington City,ACCESS ROAD,, ,A,WELLINGTON AIR TERMINAL,2850123,18/01/08,Fri,1215,MO,VN1X,112A ,M,R,D,B ,F , ,N,C,50,0,0,0,,,1751663,5423152,-41.32885116,174.8123308
Wellington City,ADELAIDE ROAD,10,S, ,ALFRED ST,2812412,21/02/08,Thu,910,AO,BS1S,183A ,,R,D,O ,F ,T,G,C,50,0,1,0,,33,1748986,5426209,-41.30182698,174.7796074
Wellington City,ADELAIDE ROAD,, ,I,ALFRED ST,2854241,9/08/08,Sat,1451,JA,CN1C,308B 314B 377B 924 ,,R,D,O ,F ,D,G,P,50,0,0,0,,,1748989,5426219,-41.30173639,174.7796407
Wellington City,ADELAIDE ROAD,20,N, ,BRITOMART ST,2855702,3/08/08,Sun,1300,FD,CS1CC,331A ,,R,D,B ,F , ,N,C,50,0,0,0,,,1748580,5424142,-41.32051191,174.7752649
Wellington City,ADELAIDE ROAD,, ,I,BRITOMART ST,2850789,11/02/08,Mon,1930,LB,CN1C,303A 145B ,,R,D,B ,F ,X,T,C,50,0,0,0,,,1748579,5424122,-41.32069216,174.7752579
Wellington City,ADELAIDE ROAD,, ,I,BRITOMART ST,2853988,22/07/08,Tue,857,GO,TS1C,386A ,,R,D,O ,F ,X,T,C,50,0,0,0,,,1748579,5424122,-41.32069216,174.7752579
Wellington City,ADELAIDE ROAD,20,N, ,BROWN ST,2854596,17/06/08,Tue,820,GD,CS1C,385A 922 ,,R,W,O ,L ,D,N,P,50,0,0,0,,,1748964,5426126,-41.30257833,174.779365
Wellington City,ADELAIDE ROAD,, ,I,BROWN ST,2852036,22/01/08,Tue,1300,MC,CS1C,372B 671B ,,R,D,O ,F ,T,G,C,50,0,0,0,,,1748960,5426106,-41.30275913,174.7793221
Wellington City,ADELAIDE ROAD,30,N, ,DOUGLAS ST,2855350,24/07/08,Thu,1220,LB,CN1S,377B ,,R,D,O ,F ,T,N,N,50,0,0,0,,,1748981,5426192,-41.30198096,174.7795518
Wellington City,ADELAIDE ROAD,, ,I,DOUGLAS ST,2853881,16/07/08,Wed,820,GB,MN1C,333A 387A 402A ,,R,D,O ,F ,X,G,P,50,0,0,0,,,1748973,5426163,-41.30224354,174.7794634
Wellington City,ADELAIDE ROAD,350,N, ,DOVER ST,2811559,11/03/08,Tue,1500,MC,SS1C,143B 372B 402B ,,R,D,B ,F , ,N,P,50,0,0,1,,32,1748549,5423636,-41.32507334,174.7750184
Wellington City,ADELAIDE ROAD,20,N, ,DRUMMOND ST,2856004,23/09/08,Tue,1550,GB,BS1C,175B 927 ,,R,D,O ,F ,D,N,C,50,0,0,0,,,1748898,5425863,-41.30495841,174.7786414
Wellington City,ADELAIDE ROAD,300,N, ,DRUMMOND ST,2856387,31/07/08,Thu,852,AC,VN1S,372A ,K,R,W,O ,L , ,N,C,50,0,0,0,,53,1748966,5426135,-41.30249693,174.7793867
Wellington City,ADELAIDE ROAD,, ,I,DRUMMOND ST,2812666,17/05/08,Sat,1400,LB,PN1C,158A 314B 377B ,,R,D,B ,F ,X,S,P,50,0,1,0,,,1748893,5425844,-41.30513039,174.7785863
Wellington City,ADELAIDE ROAD,150,S, ,DUPPA ST,2852050,20/02/08,Wed,1948,MA,CN1C,371B ,,R,D,TF,F , ,N,C,50,0,0,0,,,1748553,5423681,-41.32466745,174.7750551
Wellington City,ADELAIDE ROAD,40,N, ,HALL ST,2812693,5/08/08,Tue,1805,NA,CN1E,370A 713B ,,R,D,DO,F , ,N,C,50,0,0,1,23,,1748751,5425285,-41.31018949,174.7770275
Wellington City,ADELAIDE ROAD,100,N, ,HALL ST,2851599,11/03/08,Tue,1400,EA,CN1CC,385A ,MM,R,D,B ,F , ,N,C,50,0,0,0,,,1748765,5425343,-41.30966471,174.7771805
Wellington City,ADELAIDE ROAD,150,N, ,HALL ST,2854773,20/04/08,Sun,1630,MO,VN1C,371A ,M,R,D,O ,F , ,N,C,50,0,0,0,,,1748777,5425392,-41.30922133,174.7773118
Wellington City,ADELAIDE ROAD,250,S, ,HALL ST,2850570,9/02/08,Sat,54,CB,CN1CCC,103A 108A ,M,R,D,DO,F , ,N,C,50,0,0,0,,,1748681,5425003,-41.31274136,174.7762606
Wellington City,ADELAIDE ROAD,, ,I,HALL ST,2856712,2/12/08,Tue,755,AA,CN1B,386A 402A ,PQ,R,D,O ,F ,X,T,C,50,0,0,0,,,1748741,5425246,-41.31054247,174.7769177
Wellington City,ADELAIDE ROAD,, ,I,HALL ST,2854636,30/07/08,Wed,1205,LB,CW2C,303B 375B ,,R,W,O ,L ,X,T,C,50,0,0,0,,,1748741,5425246,-41.31054247,174.7769177
Wellington City,ADELAIDE ROAD,, ,I,HALL ST,2854235,30/04/08,Wed,1715,MG,MS1C,371B 420B ,,R,W,B ,F ,X,T,C,50,0,0,0,,,1748741,5425246,-41.31054247,174.7769177
Wellington City,ADELAIDE ROAD,10,N, ,HOSPITAL ROAD,2855992,14/10/08,Tue,810,FD,CN1CV,181B ,,R,D,B ,F ,T,T,P,50,0,0,0,,,1748865,5425734,-41.30612593,174.7782789
Wellington City,ADELAIDE ROAD,20,N, ,HOSPITAL ROAD,2853478,19/04/08,Sat,1400,FD,CN1C,181A ,,R,D,O ,F , ,N,C,50,0,0,0,,,1748867,5425744,-41.30603553,174.7783003
Wellington City,ADELAIDE ROAD,30,N, ,HOSPITAL ROAD,2812459,26/04/08,Sat,1235,FD,CN1C,331A ,,R,D,B ,F , ,N,P,50,0,0,1,,,1748870,5425753,-41.30595395,174.778334
Wellington City,ADELAIDE ROAD,300,N, ,HOSPITAL ROAD,2813463,18/11/08,Tue,1740,FD,CN1CC,331A 358A ,,R,D,B ,F , ,N,P,50,0,0,1,,,1748936,5426015,-41.30358287,174.7790579
Wellington City,ADELAIDE ROAD,, ,I,HOSPITAL ROAD,2855993,14/08/08,Thu,2339,JA,PS1C,324B 375B ,,R,W,DO,L ,T,T,C,50,0,0,0,,,1748863,5425724,-41.30621634,174.7782575
Wellington City,ADELAIDE ROAD,25,N, ,JOHN ST,2811152,17/01/08,Thu,1322,FD,XS1CCC,331A ,,R,D,B ,F , ,N,C,50,0,0,1,,,1748838,5425632,-41.30704926,174.7779815
Wellington City,ADELAIDE ROAD,60,N, ,JOHN ST,2856368,5/10/08,Sun,1030,EA,CN1C,101A 129A ,M,R,D,DO,F , ,N,L,50,0,0,0,,,1748847,5425666,-41.30674149,174.7780806
Wellington City,ADELAIDE ROAD,100,N, ,JOHN ST,2856170,4/10/08,Sat,123,CB,CN1C,410A ,M,R,D,DO,F , ,N,C,50,0,0,0,,,1748857,5425704,-41.30639751,174.7781907