TLA NAME,CRASH ROAD,CRASH DIST,CRASH DIRN,INTSN,SIDE ROAD,CRASH ID,CRASH DATE,CRASH DOW,CRASH TIME,MVMT,VEHICLES,CAUSES,OBJECTS STRUCK,ROAD CURVE,ROAD WET,LIGHT,WTHRa,JUNC TYPE,TRAF CTRL,ROAD MARK,SPD LIM,CRASH FATAL CNT,CRASH SEV CNT,CRASH MIN CNT,PERS AGE1,PERS AGE2,EASTING,NORTHING,latitude,longitude
Wellington City,ADELAIDE ROAD,100,S, ,JOHN ST,2850345,10/01/08,Thu,715,EA,TN1VC,386A ,MM,R,D,B ,F , ,N,C,50,0,0,0,,,1748807,5425511,-41.3081444,174.7776409
Wellington City,ADELAIDE ROAD,400,S, ,JOHN ST,2853673,13/06/08,Fri,2325,EA,CN1C,330A 351A ,M,R,D,DN,F , ,N,C,50,0,0,0,,,1748735,5425220,-41.31077767,174.7768524
Wellington City,ADELAIDE ROAD,600,S, ,JOHN ST,2854003,25/07/08,Fri,2215,CA,CN1CCC,103A 130A ,M,R,D,DO,F , ,N,L,50,0,0,0,,,1748687,5425025,-41.31254218,174.7763269
Wellington City,ADELAIDE ROAD,, ,I,JOHN ST,2855873,2/07/08,Wed,1720,GA,VS1C,181A ,,E,D,O ,L ,X,T,C,50,0,0,0,,,1748832,5425608,-41.30726645,174.7779157
Wellington City,ADELAIDE ROAD,, ,I,JOHN ST,2812885,10/08/08,Sun,1845,LB,SN1C,303B ,,R,D,DO,F ,X,T,C,50,0,0,1,,26,1748832,5425608,-41.30726645,174.7779157
Wellington City,ADELAIDE ROAD,, ,I,JOHN ST,2812951,4/09/08,Thu,1255,NF,CS1E,307A 353A 410A ,,R,W,O ,H ,X,T,R,50,0,0,1,37,,1748832,5425608,-41.30726645,174.7779157
Wellington City,ADELAIDE ROAD,, ,I,JOHN ST,2850491,28/01/08,Mon,1500,MG,CS14,371B ,,R,D,B ,F ,X,T,C,50,0,0,0,,,1748832,5425608,-41.30726645,174.7779157
Wellington City,ADELAIDE ROAD,, ,I,JOHN ST,2853775,15/05/08,Thu,1815,GA,CN1C,181A ,,R,D,DO,F ,X,T,C,50,0,0,0,,,1748832,5425608,-41.30726645,174.7779157
Wellington City,ADELAIDE ROAD,, ,I,JOHN ST,2854338,15/08/08,Fri,2352,LB,XN1C,113A 303B 377B ,,R,D,DO,F ,X,T,C,50,0,0,0,,,1748832,5425608,-41.30726645,174.7779157
Wellington City,ADELAIDE ROAD,150,S, ,KING ST,2853884,18/07/08,Fri,1218,MO,BN1C,386A ,M,R,D,B ,F , ,N,P,50,0,0,0,,,1748900,5425874,-41.304859,174.7786626
Wellington City,ADELAIDE ROAD,100,N, ,LUXFORD ST,2811818,18/04/08,Fri,200,CB,CS1CC,103A 112A ,CM,R,D,DO,F , ,N,C,50,0,1,0,,,1748590,5424315,-41.31895248,174.7753421
Wellington City,ADELAIDE ROAD,20,S, ,LUXFORD ST,2851994,19/03/08,Wed,900,MA,CS1C,373B ,,R,D,O ,F ,X,N,C,50,0,0,0,,,1748583,5424195,-41.32003417,174.7752878
Wellington City,ADELAIDE ROAD,, ,I,LUXFORD ST,2851598,8/03/08,Sat,935,AC,CN1C,372A ,,R,D,B ,F ,T,T,C,50,0,0,0,,,1748585,5424215,-41.31985374,174.7753068
Wellington City,ADELAIDE ROAD,50,S, ,NIKAU ST,2857354,5/12/08,Fri,2025,MO,CN1C,103A 385A ,M,R,D,TF,F , ,N,C,50,0,0,0,,,1748765,5425340,-41.30969172,174.7771813
Wellington City,ADELAIDE ROAD,15,N, ,OXFORD ST,2853466,30/05/08,Fri,1545,MD,CN14,371B 927 ,,R,D,B ,F ,D,N,C,50,0,0,0,,,1748949,5426067,-41.3031123,174.7792004
Wellington City,ADELAIDE ROAD,, ,I,RIDDIFORD ST,2813106,4/09/08,Thu,1940,NA,XS1E,718B ,,R,W,DO,H ,X,T,R,50,0,0,1,23,,1748832,5425608,-41.30726645,174.7779157
Wellington City,ADELAIDE ROAD,50,S, ,RUGBY ST,2856377,15/11/08,Sat,1615,GB,PN1C,172B 372B 924 ,,R,D,B ,F ,D,N,C,50,0,0,0,,,1748993,5426236,-41.3015826,174.7796843
Wellington City,ADELAIDE ROAD,50,S, ,RUGBY ST,2854388,8/05/08,Thu,925,EA,CN1C,129A ,Q,R,D,B ,F , ,N,C,50,0,0,0,,,1748993,5426236,-41.3015826,174.7796843
Wellington City,ADELAIDE ROAD,200,S, ,RUGBY ST,2854597,5/07/08,Sat,800,AC,CN1C,381A ,,R,W,O ,F , ,N,P,50,0,0,0,,,1748956,5426091,-41.30289492,174.7792781
Wellington City,ADELAIDE ROAD,10,S, ,SH 1N,2851158,18/03/08,Tue,1334,AA,CS1C,372A ,,R,D,B ,F ,T,T,R,50,0,0,0,,,1749003,5426275,-41.30122962,174.7797942
Wellington City,ADELAIDE ROAD,50,S, ,SH 1N,2852424,24/04/08,Thu,1750,LB,PN1X,303B 377B 924 ,,R,D,O ,F ,D,N,C,50,0,0,0,,,1748993,5426236,-41.3015826,174.7796843
Wellington City,ADELAIDE ROAD,50,S, ,SH 1N,2852234,12/04/08,Sat,2315,DA,CS1C,133A 922 ,M,R,D,DO,F ,D,N,C,50,0,0,0,,,1748993,5426236,-41.3015826,174.7796843
Wellington City,ADELAIDE ROAD,100,S, ,SH 1N,2855425,11/10/08,Sat,1135,JA,CN1C,200B 309B 924 ,,R,D,B ,F ,D,N,C,50,0,0,0,,,1748980,5426188,-41.30201716,174.7795409
Wellington City,ADELAIDE ROAD,150,S, ,SH 1N,2856850,22/07/08,Tue,2301,JC,CE1C,203A 308A 372B 426B 924 ,F,R,W,DO,F ,D,N,C,50,0,0,0,,,1748968,5426139,-41.30246054,174.7794096
Wellington City,ADELAIDE ROAD,10,S, ,STOKE ST,2812549,18/04/08,Fri,1500,AC,VS1S,159A 183A ,,E,D,B ,F ,X,N,C,50,0,0,1,,44,1748643,5424857,-41.31406286,174.7758425
Wellington City,ADELAIDE ROAD,15,S, ,STOKE ST,2851957,12/04/08,Sat,135,EA,CN1C,386A ,M,R,D,DO,F ,X,G,C,50,0,0,0,,,1748646,5424869,-41.31395427,174.7758754
Wellington City,ADELAIDE ROAD,, ,I,STOKE ST,2853491,7/07/08,Mon,1814,KB,CN1C,303B 375B ,,R,D,DO,F ,T,N,C,50,0,0,0,,,1748646,5424867,-41.31397228,174.7758759
Wellington City,ADELAIDE ROAD,, ,I,STOKE ST,2813837,16/12/08,Tue,1400,GD,TN1C,331A ,,R,W,O ,L ,T,N,C,50,0,0,1,,,1748646,5424867,-41.31397228,174.7758759
Wellington City,ADELAIDE ROAD,, ,I,TORQUAY TERRACE,2811204,13/01/08,Sun,800,CC,CS1,103A 423A ,P,R,D,O ,F ,T,N,C,50,0,0,1,,,1748613,5424714,-41.31535588,174.7755192
Wellington City,AGRA CRESCENT,, ,I,CASHMERE AVENUE,2857373,4/12/08,Thu,2320,DC,CN2,136A 612A 614A ,P,E,D,DO,F ,T,G,C,50,0,0,0,,,1750312,5432544,-41.24454464,174.7938761
Wellington City,AITKEN ST,, ,I,MOLESWORTH ST,2812946,4/09/08,Thu,1611,NF,CN2E,718B ,,R,W,O ,L ,X,T,C,50,0,1,0,61,,1748889,5428972,-41.27696838,174.7777736
Wellington City,AKAROA DRIVE,, ,I,RANGITANE ST,2851596,5/03/08,Wed,1715,KB,CS1T,303B ,,M,D,O ,F ,T,N,C,50,0,0,0,,,1752125,5425466,-41.30793071,174.81727
Wellington City,ALBANY AVENUE,40,N, ,ARMOUR AVENUE,2853771,25/06/08,Wed,1130,MO,CN1C,385A ,M,R,D,DO,F , ,N,N,50,0,0,0,,,1749448,5426497,-41.29914857,174.7850526
Wellington City,ALEXANDRA ROAD,2000,N, ,CONSTABLE ST,2854687,22/08/08,Fri,1930,DA,CN1,111A ,F,M,D,O ,F , ,N,C,50,0,0,0,,,1750199,5426686,-41.29730751,174.7939719
Wellington City,ALEXANDRA ROAD,15,W, ,UPOKO ROAD,2851573,30/01/08,Wed,2330,DB,CE1CC,385A ,MM,M,D,B ,F , ,N,C,50,0,0,0,,,1750292,5426658,-41.2975423,174.7950891
Wellington City,ALEXANDRA ROAD,100,W, ,UPOKO ROAD,2812691,11/08/08,Mon,720,DA,PE1,135A 802 ,,M,I,DO,F , ,N,C,50,0,1,0,,,1750236,5426716,-41.29703053,174.7944062
Wellington City,ALLEN ST,30,N, ,COURTENAY PLACE,2851585,8/02/08,Fri,1930,MG,CN1C,371B ,,R,D,O ,F , ,N,N,50,0,0,0,,,1749221,5427134,-41.29345541,174.7821863
Wellington City,ALLEN ST,10,S, ,WAKEFIELD ST,2853125,22/05/08,Thu,1446,MO,CS1C,331A 371B ,,R,D,B ,F ,T,N,N,50,0,0,0,,,1749268,5427239,-41.29250136,174.7827216
Wellington City,ALLEN ST,30,S, ,WAKEFIELD ST,2854689,9/08/08,Sat,1413,MO,TN1C,371A ,,R,D,B ,F , ,N,N,50,0,0,0,,,1749259,5427220,-41.29267409,174.7826188
Wellington City,AMAPUR DRIVE,25,N, ,NADIA GROVE,2856777,17/12/08,Wed,1300,EA,CS1C,385A ,M,E,D,DO,F , ,N,C,50,0,0,0,,,1749283,5432569,-41.24451019,174.7815953
Wellington City,ANTICO ST,50,N, ,CAPRERA ST,2857181,28/12/08,Sun,2315,MO,MS1C,371A 929 ,M,E,D,DO,F ,D,N,N,50,0,0,0,,,1749642,5424037,-41.32126089,174.7879739
Wellington City,AOTEA ON NBD,15,N, ,SLIP ROAD,2854931,14/09/08,Sun,1710,DB,CN1B,103A 111A ,FM,E,D,B ,F , ,N,N,70,0,0,0,,,1749502,5430189,-41.26589797,174.7847911
Wellington City,AOTEA QUAY,5,S, ,AOTEA OFF SBD,2850444,24/01/08,Thu,1420,MC,4S14,359B 372B ,,R,D,B ,F ,T,N,L,70,0,0,0,,,1749562,5430072,-41.26694026,174.7855357
Wellington City,AOTEA QUAY,, ,I,AOTEA OFF SBD,2852300,16/05/08,Fri,725,AC,TS1C,141A 372A ,,R,D,TF,F ,T,N,C,70,0,0,0,,,1749561,5430076,-41.26690443,174.7855228
Wellington City,AOTEA QUAY,10,S, ,AOTEA ON NBD,2811315,18/02/08,Mon,710,FD,VS1XC,181A 355C ,,R,D,O ,F ,Y,N,C,70,0,0,2,,,1749550,5430113,-41.26657334,174.7853825
Wellington City,AOTEA QUAY,100,S, ,AOTEA ON NBD,2856286,6/11/08,Thu,1735,FD,4W1C,331A ,,R,D,TF,F , ,N,C,70,0,0,0,,,1749571,5430025,-41.26736176,174.7856547
Wellington City,AOTEA QUAY,, ,I,AOTEA ON NBD,2812215,1/05/08,Thu,1900,LB,CN1C,303B 387B 670B ,,R,D,DO,F ,T,N,R,70,0,0,1,,,1749546,5430121,-41.26650206,174.7853328
Wellington City,AOTEA QUAY,30,S, ,RLY YARD ENT S,2856709,16/12/08,Tue,2140,FE,CN1C,110A 331A 927 ,,R,W,DO,L ,D,T,C,50,0,0,0,,,1749645,5429642,-41.27079637,174.7866317
Wellington City,AOTEA QUAY,40,N, ,WATERLOO QUAY,2812738,22/06/08,Sun,200,DB,VN1,104A 131A ,G,S,D,DO,F , ,N,L,50,0,0,1,,,1749688,5429373,-41.27321032,174.7872109
Wellington City,AOTEA QUAY,220,N, ,WATERLOO QUAY,2854054,25/07/08,Fri,1730,QF,TS1C,660A ,P,R,D,TO,F , ,N,C,50,0,0,0,,,1749663,5429550,-41.27162135,174.7868691
Wellington City,AOTEA QUAY,500,N, ,WATERLOO QUAY,2811668,5/03/08,Wed,1750,FD,CN1C,181A ,,R,D,B ,F , ,N,L,70,0,0,3,,,1749610,5429825,-41.26915522,174.7861691
Wellington City,AOTEA QUAY,60,S, ,WATERLOO QUAY,2856725,5/11/08,Wed,2210,AC,CN1C,372A ,,E,D,DO,F , ,N,P,70,0,0,0,,,1749693,5429393,-41.27302933,174.7872657
Wellington City,AOTEA QUAY,, ,A,WATERLOO QUAY,2855803,12/09/08,Fri,1513,DA,TS1,682A ,G,M,D,B ,F , ,N,L,50,0,0,0,,,1749678,5429335,-41.2735543,174.7871009
Wellington City,ARAWA ROAD,, ,I,HOHIRIA ROAD,2855544,4/10/08,Sat,1424,QD,CE1,428A ,H,E,W,O ,L ,T,N,C,50,0,0,0,,,1750790,5426528,-41.29861983,174.8010666
Wellington City,ARIKI ROAD,100,N, ,RAKAU ROAD,2856947,23/12/08,Tue,1715,DB,CS1C,121A ,M,M,D,B ,F , ,N,N,50,0,0,0,,,1750562,5426595,-41.29805918,174.798328
Wellington City,ARO ST,, ,I,ADAMS TERRACE,2811858,27/03/08,Thu,1414,GD,TW1P,333A ,,R,D,B ,F ,T,N,C,50,0,0,1,,,1747600,5427050,-41.29450975,174.7628555
Wellington City,ARO ST,20,E, ,ALAMEDA TERRACE,2812098,30/04/08,Wed,1115,NA,CW1E,713B ,,R,D,O ,F , ,N,C,50,0,1,0,12,,1747994,5426945,-41.29538297,174.7675846
Wellington City,ARO ST,15,E, ,BOSTON TERRACE,2850181,23/01/08,Wed,727,AO,CE1CT,372A 671A 112B ,Q,R,D,B ,F , ,N,C,50,0,0,0,,,1748094,5426911,-41.29567075,174.7687867
Wellington City,ARO ST,10,E, ,DEVON ST,2812293,22/05/08,Thu,810,EE,SE1C,374B ,M,R,D,B ,F ,T,N,C,50,0,0,2,,35,1747919,5426952,-41.2953337,174.7666875
Wellington City,ARO ST,40,E, ,DEVON ST,2856795,3/12/08,Wed,845,EA,CW1C,129A ,M,R,D,O ,F , ,N,C,50,0,0,0,,,1747949,5426949,-41.29535521,174.7670464
Wellington City,ARO ST,100,E, ,DEVON ST,2812210,9/05/08,Fri,2350,PO,CE1E,105B 722B 817 ,,R,W,DO,L , ,N,C,50,0,0,1,21,,1748009,5426943,-41.29539823,174.7677641
Wellington City,ARO ST,50,N, ,DURHAM ST,2853647,10/06/08,Tue,1020,EA,CE1C,129A ,M,E,W,O ,F , ,N,C,50,0,0,0,,,1747624,5427035,-41.29464042,174.7631456
Wellington City,ARO ST,40,W, ,DURHAM ST,2850569,5/01/08,Sat,2359,DB,CW1CC,111A ,J,M,D,DO,F , ,N,C,50,0,0,0,,,1747633,5427029,-41.29469279,174.7632545
Wellington City,ARO ST,, ,I,DURHAM ST,2812051,15/03/08,Sat,610,DA,CW1,103A 133A ,C,E,D,DO,F ,T,G,C,50,0,0,1,,,1747660,5427000,-41.29494895,174.7635839
Wellington City,ARO ST,20,W, ,OHIRO ROAD,2856412,8/10/08,Wed,1618,GF,CS1T,158A 929 ,,R,D,B ,F ,D,N,C,50,0,0,0,,,1748145,5426888,-41.29586847,174.7694011
Wellington City,ARO ST,100,W, ,OHIRO ROAD,2852301,8/01/08,Tue,2210,CA,CS1C4,103A 517A ,M,R,D,DO,F , ,N,C,50,0,0,0,,,1748072,5426921,-41.29558475,174.7685216
Wellington City,ARO ST,, ,I,OHIRO ROAD,2857124,5/10/08,Sun,1700,MG,CE1C,371B 512B ,,R,D,O ,F ,T,G,C,50,0,0,0,,,1748163,5426879,-41.29594619,174.7696182
Wellington City,ARO ST,, ,I,ST JOHN ST,2855140,24/04/08,Thu,754,EA,CW1CCC,350A 386A ,MM,E,D,O ,F ,T,N,C,50,0,0,0,,,1748020,5426942,-41.29540521,174.7678957
Wellington City,ARO ST,, ,I,WILLIS ST,2853479,4/04/08,Fri,1840,GA,CE1C,331A 353A ,,R,D,TN,F ,T,G,R,50,0,0,0,,,1748250,5426840,-41.29628135,174.7706663
Wellington City,ASHTON FITCHETT DRIVE,500,W, ,KAREPA ST,2853890,13/07/08,Sun,1515,BF,CE1C,111A 400A ,,M,W,B ,F , ,N,N,30,0,0,0,,,1746784,5425879,-41.30520171,174.7533964
Wellington City,ASHTON FITCHETT DRIVE,250,S, ,WATERHOUSE DRIVE,2851893,10/01/08,Thu,1830,EA,CN1C,386A ,M,R,D,B ,F , ,N,N,50,0,0,0,,,1746818,5425582,-41.30786957,174.7538741
Wellington City,AURORA TERRACE,50,W, ,THE TERRACE,2855182,13/08/08,Wed,1745,QD,CE1C,611A ,M,R,D,DO,F , ,N,C,50,0,0,0,,,1748606,5428514,-41.2811441,174.7745078
Wellington City,AWA ROAD,, ,I,DARLINGTON ROAD,2852199,21/04/08,Mon,1830,FB,CW1C,181A 387A ,,R,D,DO,F ,T,G,C,50,0,0,0,,,1752560,5424884,-41.31308843,174.8226099
Wellington City,AWA ROAD,, ,I,PARA ST,2813131,17/07/08,Thu,715,GA,CW1C,110A 387A ,,E,W,O ,M ,T,G,R,50,0,0,2,,,1752560,5424884,-41.31308843,174.8226099
Wellington City,AWARUA ST,150,N, ,OTTAWA ROAD,2854663,12/08/08,Tue,1430,BC,CE1T,135A 806 ,,S,W,O ,F , ,N,C,50,0,0,0,,,1748598,5432355,-41.24656313,174.7734761
Wellington City,AWARUA ST,50,W, ,OTTAWA ROAD,2850246,11/01/08,Fri,1745,GE,4W1C,387A 174B 929 ,,R,D,B ,F ,D,N,N,50,0,0,0,,,1748666,5432281,-41.24721689,174.7743053
Wellington City,AWARUA ST,, ,I,OTTAWA ROAD,2813458,14/10/08,Tue,800,KB,CS1S,302A 370A ,,M,D,B ,F ,R,G,R,50,0,0,1,,,1748698,5432243,-41.24755314,174.7746963
Wellington City,AWARUA ST,15,E, ,ROTHSAY ROAD,2851905,5/04/08,Sat,235,EA,CE1CC,101A 385A ,M,R,D,DO,F , ,N,N,50,0,0,0,,,1748464,5432624,-41.2441658,174.7718122
Wellington City,AWARUA ST,20,E, ,ROTHSAY ROAD,2853336,5/04/08,Sat,220,EA,CE1C,385A ,M,E,W,DO,L , ,N,C,50,0,0,0,,,1748469,5432622,-41.24418289,174.7718723
Wellington City,AWARUA ST,100,W, ,ROTHSAY ROAD,2853327,2/05/08,Fri,2230,MO,CS1C,386A ,M,R,W,DO,F , ,N,N,50,0,0,0,,,1748358,5432668,-41.2437891,174.770537
Wellington City,BALLANCE ST,20,N, ,FEATHERSTON ST,2856366,10/07/08,Thu,700,EA,CN1M,386A ,M,R,D,B ,F , ,N,C,50,0,0,0,,,1748876,5428460,-41.28158055,174.7777436
Wellington City,BALLANCE ST,, ,I,FEATHERSTON ST,2855696,26/07/08,Sat,1050,LB,CW1C,303B 377B ,,R,W,O ,L ,X,G,C,50,0,0,0,,,1748888,5428443,-41.2817314,174.777891
Wellington City,BALLANCE ST,15,N, ,STOUT ST,2857183,22/12/08,Mon,1400,MO,XS1C,371A 370B ,,R,D,B ,F , ,N,C,50,0,0,0,,,1748811,5428558,-41.28071019,174.7769438
Wellington City,BARNETT ST,10,N, ,CABLE ST,2852236,13/04/08,Sun,1130,KB,CS1C,308B 377B 927 ,,R,D,B ,F ,D,N,N,50,0,0,0,,,1749272,5427357,-41.29143822,174.7827404
Wellington City,BARNETT ST,25,N, ,CABLE ST,2850994,2/03/08,Sun,1050,MO,4N1C,371A ,,R,D,O ,F ,T,N,N,50,0,0,0,,,1749278,5427371,-41.29131106,174.7828086
Wellington City,BASSETT ROAD,50,N, ,CLIFFORD ROAD,2854321,19/07/08,Sat,240,DB,XS1,351A 524A ,C,E,W,DO,H , ,N,N,50,0,0,0,,,1751594,5435593,-41.21685399,174.8084119
Wellington City,BASSETT ROAD,, ,I,IRONSIDE ROAD,2857356,19/12/08,Fri,2042,JA,XN1C,302B 375B ,,M,W,TF,L ,T,G,C,50,0,0,0,,,1751500,5435219,-41.22023887,174.8073838
Wellington City,BAY ROAD,40,S, ,RONGOTAI ROAD,2851891,1/03/08,Sat,,MO,4N1V,371A 385A ,M,E,W,DO,L , , ,N,50,0,0,0,,,1750230,5424359,-41.31825249,174.7949166
Wellington City,BAY ROAD,50,S, ,RONGOTAI ROAD,2811520,27/03/08,Thu,1345,PO,CN1,383A ,,R,D,B ,F , ,N,C,50,0,0,1,12,,1750227,5424350,-41.31833408,174.794883
Wellington City,BAY ROAD,100,S, ,RONGOTAI ROAD,2854238,16/05/08,Fri,1550,MF,CN1C,371A 502A ,,R,D,B ,F , ,N,C,50,0,0,0,,,1750213,5424302,-41.31876885,174.7947277
Wellington City,BAY ROAD,100,S, ,RONGOTAI ROAD,2856255,19/11/08,Wed,1000,MO,XS1C,371A ,,R,D,B ,F , ,N,C,50,0,0,0,,,1750213,5424302,-41.31876885,174.7947277
Wellington City,BAY ROAD,, ,I,RONGOTAI ROAD,2853515,10/03/08,Mon,840,GO,BS1C,170A ,,R,D,B ,F ,X,T,C,50,0,0,0,,,1750241,5424398,-41.31789931,174.7950384
Wellington City,BAY ROAD,, ,I,RONGOTAI ROAD,2853387,29/06/08,Sun,30,LB,CS14,103B 303B ,,R,D,DO,F ,X,T,C,50,0,0,0,,,1750241,5424398,-41.31789931,174.7950384
Wellington City,BEACH ST,, ,I,KNOLL ST,2854772,23/07/08,Wed,1845,DB,CS2C,111A 120A ,M,E,W,DF,L ,T,N,C,50,0,0,0,,,1747950,5421375,-41.3455402,174.7684148
Wellington City,BEAUCHAMP ST,25,S, ,COOK ST,2851894,17/01/08,Thu,1340,EA,CN1CV,385A 507A ,MM,R,D,B ,F , ,N,R,50,0,0,0,,,1745499,5428037,-41.28600464,174.7375375
Wellington City,BEAZLEY AVENUE,50,N, ,BEVERLEY GROVE,2854968,6/08/08,Wed,1800,MO,CW1C,371A 929 ,M,R,D,DO,F ,D,N,C,50,0,0,0,,,1752630,5435683,-41.21584898,174.8207422
Wellington City,BEAZLEY AVENUE,, ,I,MARK AVENUE,2855283,28/06/08,Sat,830,JC,CE1C,302A 382A ,,R,D,B ,F ,T,G,C,50,0,0,0,,,1752401,5435862,-41.21428053,174.8179671
Wellington City,BELL ST,50,N, ,ANTHONY ST,2811019,3/01/08,Thu,1310,MO,CN1,133A 423A 929 ,FT,E,D,B ,F ,D,N,C,50,0,0,1,,,1754111,5442845,-41.15108664,174.8365975
Wellington City,BELL ST,70,N, ,MEXTED TERRACE,2854510,5/09/08,Fri,2200,EA,CN14,386A ,M,R,D,DO,F , ,N,C,50,0,0,0,,,1753994,5442420,-41.15493529,174.8353106
Wellington City,BELL ST,280,N, ,MEXTED TERRACE,2851134,9/03/08,Sun,157,EA,CS1C,103A ,M,E,D,DO,F , ,N,N,50,0,0,0,,,1754061,5442619,-41.1531309,174.8360587
Wellington City,BELL ST,20,W, ,ROBERTS ST,2853572,12/07/08,Sat,1520,DB,CS1C,130A ,M,E,W,O ,L , ,N,C,50,0,0,0,,,1754154,5442878,-41.15078136,174.8371014
Wellington City,BELLRINGER CRESCENT,, ,I,BATCHELOR ST,2852957,7/05/08,Wed,1415,BB,CS14,111A 517A ,,S,W,O ,F ,Y,G,C,50,0,0,0,,,1752472,5434803,-41.2238017,174.8190779
Wellington City,BIDWILL ST,70,W, ,WALLACE ST,2855817,8/10/08,Wed,720,DA,4E1C,111A ,M,M,D,B ,F , ,N,N,50,0,0,0,,,1748454,5426205,-41.30196104,174.7732566
Wellington City,BILL CUTTING PLACE,10,W, ,JOHNSONVILLE ROAD,2857413,26/12/08,Fri,1616,GE,CW14,157A 922 ,,R,D,B ,F ,D,N,C,50,0,0,0,,,1751478,5434980,-41.2223948,174.8071807
Wellington City,BIRDWOOD ST,200,W, ,CHAYTOR ST,2856956,18/10/08,Sat,2300,DB,CS1C,103A 111A 197B ,CC,M,D,DO,F , ,N,C,50,0,0,0,,,1746832,5428033,-41.28579933,174.7534499
Wellington City,BLACKBRIDGE ROAD,100,E, ,CHURCHILL DRIVE,2812516,4/07/08,Fri,2123,EA,CW1V,102A 129A 601A ,M,R,W,DO,L , ,N,C,50,0,1,0,,,1747785,5430626,-41.26227931,174.7641965
Wellington City,BLACKBRIDGE ROAD,, ,I,CHURCHILL DRIVE,2813453,31/07/08,Thu,1750,FB,CW1C,331A ,,R,W,DO,F ,T,G,P,50,0,0,1,,,1747702,5430570,-41.26279868,174.7632197
Wellington City,BOND ST,, ,I,ST HILL ST,2853334,2/05/08,Fri,1645,MO,TN2C,371A ,,R,D,O ,F ,T,G,C,50,0,0,0,,,1748693,5427613,-41.2892402,174.7757662
Wellington City,BOND ST,, ,I,WILLIS ST,2856509,5/12/08,Fri,1720,MG,CW1C,420B ,,R,D,B ,F ,T,N,N,30,0,0,0,,,1748634,5427685,-41.28860281,174.7750443
Wellington City,BOSCOBEL LANE,30,N, ,MAIN ROAD,2850180,12/01/08,Sat,1610,MO,VS1C,111A 158A 387A ,,E,D,B ,F , ,N,N,50,0,0,0,,,1753309,5439049,-41.18541545,174.8279944
Wellington City,BOULCOTT ST,50,N, ,ATHOL CRESCENT,2856697,13/11/08,Thu,1129,MC,CN1C,371B 377B 839 927 ,,R,D,B ,F ,D,N,C,50,0,0,0,,,1748570,5427835,-41.28726407,174.7742438
Wellington City,BOULCOTT ST,100,N, ,CHURCH ST,2813422,24/09/08,Wed,1253,LB,SS1C,303B 927 ,,R,D,O ,FS,D,N,N,50,0,0,1,,18,1748571,5427837,-41.28724588,174.7742552
Wellington City,BOULCOTT ST,20,E, ,GILMER TERRACE,2812004,24/04/08,Thu,1059,NB,4E1E,205A ,,S,D,B ,F , ,N,R,50,0,0,1,36,,1748585,5427952,-41.28620791,174.7743943
Wellington City,BOULCOTT ST,40,E, ,GILMER TERRACE,2813519,1/10/08,Wed,750,JA,CE1C,926,,M,D,B ,F ,D,N,C,50,0,0,1,,,1748603,5427942,-41.28629463,174.7746116
Wellington City,BOULCOTT ST,20,W, ,WILLIS ST,2812694,29/07/08,Tue,1523,EE,XW1C,374B ,Q,R,D,O ,F , ,N,C,50,0,0,1,,,1748593,5427641,-41.28900651,174.7745656
Wellington City,BOULCOTT ST,100,W, ,WILLIS ST,2857282,24/11/08,Mon,1500,EA,CW1C,385A ,M,R,D,O ,F , ,N,C,50,0,0,0,,,1748552,5427710,-41.28839282,174.7740594
Wellington City,BOULD ST,20,S, ,BRODERICK ROAD,2813698,8/12/08,Mon,1609,NA,CN1E,370A 712B 713B ,,R,D,O ,F , ,N,N,50,0,0,1,5,,1751277,5434731,-41.22467425,174.8048455
Wellington City,BOWEN ST,30,W, ,BALLANTRAE PLACE,2811605,15/02/08,Fri,1451,MC,MS1CC,372B ,M,E,D,O ,F , ,N,C,50,0,0,1,,,1748444,5428853,-41.27812171,174.7724916
Wellington City,BOWEN ST,40,N, ,LAMBTON QUAY,2853024,26/04/08,Sat,2030,AB,BN1C,386A ,,E,D,DO,F , ,N,C,50,0,0,0,,,1748814,5428727,-41.27918806,174.7769384
Wellington City,BOWEN ST,, ,I,LAMBTON QUAY,2811030,5/01/08,Sat,815,DA,CE1,121A 350A ,P,E,D,B ,F ,X,T,C,50,0,0,1,,,1748819,5428688,-41.27953827,174.7770076
Wellington City,BOWEN ST,, ,I,LAMBTON QUAY,2856762,22/11/08,Sat,1113,EO,TE1VC,385A 686A ,J,R,D,B ,F ,X,T,C,50,0,0,0,,,1748819,5428688,-41.27953827,174.7770076
Wellington City,BOWEN ST,40,E, ,THE TERRACE,2852028,5/02/08,Tue,1800,LB,CW14,303B 314B 930 ,,E,D,O ,F ,D,N,L,50,0,0,0,,,1748741,5428768,-41.27883236,174.7760571
Wellington City,BOWEN ST,10,W, ,THE TERRACE,2811153,19/01/08,Sat,1100,NA,CE1E,711B 817 ,,E,D,B ,F ,T,T,C,50,0,0,1,15,,1748692,5428777,-41.27876035,174.7754701
Wellington City,BOWEN ST,, ,I,THE TERRACE,2857052,5/12/08,Fri,1446,JC,CN2C,386A ,,R,D,B ,F ,T,T,C,50,0,0,0,,,1748701,5428774,-41.27878571,174.7755782
Wellington City,BOWEN ST,300,E, ,TINAKORI ROAD,2812204,20/05/08,Tue,1042,BC,4E1B,121A 351A ,,M,D,B ,F , ,N,L,50,0,1,0,,,1748412,5428822,-41.2784067,174.7721173
Wellington City,BOWEN ST,, ,I,TINAKORI ROAD,2812377,11/06/08,Wed,720,ND,XN1E,124A 307A ,,R,D,O ,FF,T,T,C,50,0,0,1,43,,1748168,5428780,-41.27882965,174.7692153