TLA NAME,CRASH ROAD,CRASH DIST,CRASH DIRN,INTSN,SIDE ROAD,CRASH ID,CRASH DATE,CRASH DOW,CRASH TIME,MVMT,VEHICLES,CAUSES,OBJECTS STRUCK,ROAD CURVE,ROAD WET,LIGHT,WTHRa,JUNC TYPE,TRAF CTRL,ROAD MARK,SPD LIM,CRASH FATAL CNT,CRASH SEV CNT,CRASH MIN CNT,PERS AGE1,PERS AGE2,EASTING,NORTHING,latitude,longitude
Wellington City,BRACKEN ROAD,, ,I,KAHIKATEA GROVE,2811330,29/01/08,Tue,1703,BC,MW1C,122A 402A 930 ,,E,D,B ,F ,D,N,C,50,0,0,1,,,1752808,5435288,-41.21937171,174.8229633
Wellington City,BRACKEN ROAD,, ,I,NEWLANDS ROAD,2850346,17/01/08,Thu,1820,KA,CN2C,302B 363B 902 ,,E,D,B ,F ,R,G,R,50,0,0,0,,,1752868,5434842,-41.22337586,174.8237903
Wellington City,BRAITHWAITE ST,, ,I,MESSINES ROAD,2856957,9/12/08,Tue,1715,LB,CW1C,303B ,,R,D,B ,F ,T,N,C,50,0,0,0,,,1746422,5428225,-41.28414511,174.7485098
Wellington City,BRANDON ST,30,E, ,FEATHERSTON ST,2856488,5/11/08,Wed,1645,MF,XW1C,371B ,,R,D,B ,F , ,N,N,50,0,0,0,,,1748827,5428237,-41.28359735,174.7772132
Wellington City,BRANDON ST,20,E, ,LAMBTON QUAY,2853662,25/06/08,Wed,1121,MO,CW1V,386A 445B ,M,R,D,B ,F , ,N,N,50,0,0,0,,,1748706,5428292,-41.28312446,174.7757555
Wellington City,BREAKER BAY ROAD,800,S, ,MANTELL ST,2850905,17/02/08,Sun,314,DA,CS1,137A 402A ,P,M,D,DO,F , ,N,C,50,0,0,0,,,1752806,5422681,-41.3328758,174.8261012
Wellington City,BREAKER BAY ROAD,300,S, ,PASS OF BRANDA,2854265,22/04/08,Tue,1003,DA,CN1,130A 358A ,GT,E,D,B ,F , ,N,C,50,0,0,0,,,1753160,5422868,-41.33112503,174.8302824
Wellington City,BRITOMART ST,, ,I,FARNHAM ST,2856638,10/12/08,Wed,1924,JA,CN1C,309B 353B 375B ,,E,D,B ,F ,T,N,P,50,0,0,0,,,1748130,5424304,-41.31913614,174.7698512
Wellington City,BROADWAY,10,W, ,GLAMIS AVENUE,2852956,20/03/08,Thu,1035,MO,CW1C,386A ,M,R,D,B ,F ,T,N,C,50,0,0,0,,,1752421,5423633,-41.32437768,174.8212637
Wellington City,BROADWAY,, ,I,HOBART ST,2853640,25/06/08,Wed,900,FC,CW1C,331A 353A ,,R,D,B ,F ,T,G,C,50,0,0,0,,,1751632,5423541,-41.32535474,174.8118635
Wellington City,BROADWAY,, ,I,KAURI ST,2854361,24/07/08,Thu,1800,LB,CE1C,145A 303B 387B ,,R,W,DO,L ,T,G,P,50,0,0,0,,,1751522,5423540,-41.32538443,174.81055
Wellington City,BROADWAY,, ,I,MONORGAN ROAD,2813373,21/08/08,Thu,345,KB,CE1V,103A 301B 382B ,IP,E,D,DO,F ,X,S,R,50,0,1,0,,,1752142,5423554,-41.32514163,174.8179513
Wellington City,BROADWAY,100,S, ,SH 1N,2856818,25/12/08,Thu,1700,JA,CS1C,308B 922 ,,R,D,O ,F ,D,N,C,50,0,0,0,,,1751554,5423540,-41.32537841,174.8109322
Wellington City,BROADWAY,50,E, ,STRATHMORE AVENUE,2852195,21/04/08,Mon,1740,CA,CW1C,668A ,D,R,D,O ,F , ,N,R,50,0,0,0,,,1752397,5423627,-41.32443624,174.8209786
Wellington City,BROADWAY,, ,I,STRATHMORE AVENUE,2812217,19/05/08,Mon,650,HA,4E1V,302A 375A ,,R,D,TO,F ,R,G,R,50,0,0,1,,,1752348,5423615,-41.32455353,174.8203964
Wellington City,BROADWAY,, ,I,STRATHMORE AVENUE,2852739,5/04/08,Sat,1855,HA,XW1C,302A 113B 602B ,,E,W,DO,L ,R,G,R,50,0,0,0,,,1752348,5423615,-41.32455353,174.8203964
Wellington City,BROADWAY,, ,I,THE QUADRANT,2813132,27/06/08,Fri,1205,FD,CE1C,181A ,,R,D,B ,F ,X,G,X,50,0,0,1,,,1752142,5423554,-41.32514163,174.8179513
Wellington City,BROADWAY,, ,I,WAYSIDE WEST,2856168,10/11/08,Mon,240,CB,VW14CC,410A ,,R,D,DO,F ,T,N,P,50,0,0,0,,,1751729,5423543,-41.32531849,174.8130215
Wellington City,BRODERICK ROAD,20,W, ,DOCTOR TAYLOR TERRACE,2850320,15/01/08,Tue,2015,KB,CE1V,132A 170B 375B 920 ,,R,D,TF,F ,D,N,C,50,0,0,0,,,1751115,5434776,-41.22429937,174.8029025
Wellington City,BRODERICK ROAD,10,W, ,JOHNSONVILLE ROAD,2850339,25/01/08,Fri,1132,KA,CE1C,308B 423B 927 ,,R,D,B ,F ,D,T,R,50,0,0,0,,,1751473,5434720,-41.22473662,174.8071855
Wellington City,BRODERICK ROAD,30,W, ,JOHNSONVILLE ROAD,2856381,1/12/08,Mon,301,MO,TE1C,385A 920 ,,R,D,B ,F ,D,N,X,50,0,0,0,,,1751453,5434724,-41.22470435,174.806946
Wellington City,BRODERICK ROAD,50,W, ,JOHNSONVILLE ROAD,2854595,9/06/08,Mon,1150,FC,VW1C,181A ,,R,D,B ,F , ,N,X,50,0,0,0,,,1751433,5434727,-41.22468108,174.8067068
Wellington City,BRODERICK ROAD,, ,I,JOHNSONVILLE ROAD,2852882,4/06/08,Wed,1655,FE,VE1C,181A ,,R,D,TO,F ,T,T,R,50,0,0,0,,,1751483,5434719,-41.22474375,174.807305
Wellington City,BRODERICK ROAD,, ,I,JOHNSONVILLE ROAD,2856849,24/12/08,Wed,1329,LB,CW1C,303B 923 ,,R,W,O ,L ,D,T,R,50,0,0,0,,,1751483,5434719,-41.22474375,174.807305
Wellington City,BRODERICK ROAD,, ,I,JOHNSONVILLE ROAD,2853936,2/05/08,Fri,820,MG,CW1V,371B ,,R,W,O ,H ,T,T,R,50,0,0,0,,,1751483,5434719,-41.22474375,174.807305
Wellington City,BRODERICK ROAD,, ,I,JOHNSONVILLE ROAD,2856121,28/08/08,Thu,1530,GD,CE1C,331A ,,R,D,O ,F ,T,T,R,50,0,0,0,,,1751483,5434719,-41.22474375,174.807305
Wellington City,BRODERICK ROAD,50,W, ,MOOREFIELD ROAD,2856483,2/10/08,Thu,1915,MA,CW1C,373B ,,R,D,B ,F , ,N,N,50,0,0,0,,,1751127,5434774,-41.22431513,174.8030461
Wellington City,BRODERICK ROAD,, ,I,MOOREFIELD ROAD,2811208,11/01/08,Fri,1300,NA,CE1E,713B ,,R,D,O ,F ,X,T,C,50,0,0,1,16,,1751177,5434767,-41.22436882,174.8036441
Wellington City,BROOKLYN ROAD,100,N, ,BIDWILL ST,2853431,17/04/08,Thu,805,MC,CS1V,103B 372B ,,M,W,O ,L , ,N,R,50,0,0,0,,,1748153,5426170,-41.30233149,174.7696714
Wellington City,BROOKLYN ROAD,30,W, ,BIDWILL ST,2854569,1/07/08,Tue,1320,AC,VW1T,155A 159A ,,M,D,O ,F , ,N,L,50,0,0,0,,,1748093,5426058,-41.30335089,174.7689823
Wellington City,BROOKLYN ROAD,50,W, ,BIDWILL ST,2854643,21/08/08,Thu,1312,DA,CS1,131A 358A ,C,M,D,B ,F , ,N,L,50,0,0,0,,,1748075,5426052,-41.30340821,174.7687688
Wellington City,BROOKLYN ROAD,50,W, ,BIDWILL ST,2854083,22/07/08,Tue,1730,DB,CE1,111A 131A ,F,M,W,DO,H , ,N,R,50,0,0,0,,,1748075,5426052,-41.30340821,174.7687688
Wellington City,BROOKLYN ROAD,100,S, ,NAIRN ST,2850289,12/01/08,Sat,1705,GA,VS1C,333A 351A 920 ,,E,D,B ,F ,D,N,P,50,0,0,0,,,1748121,5426691,-41.29764656,174.7691625
Wellington City,BROOKLYN ROAD,40,W, ,NAIRN ST,2813763,8/11/08,Sat,1130,JA,SN1C,308B 927 ,,E,D,B ,F ,D,N,C,50,0,0,1,,33,1748166,5426727,-41.29731417,174.769691
Wellington City,BROOKLYN ROAD,, ,I,NAIRN ST,2812268,22/04/08,Tue,945,JA,CS1C,302B ,,M,D,O ,F ,T,G,C,50,0,0,1,,,1748205,5426734,-41.29724399,174.7701549
Wellington City,BROOKLYN ROAD,20,S, ,NAIRN ST S,2856696,17/12/08,Wed,1645,AA,CS1T,386A ,,E,D,O ,F , ,N,R,50,0,0,0,,,1748139,5426265,-41.30147873,174.7694811
Wellington City,BROOKLYN ROAD,40,S, ,NAIRN ST S,2854395,3/06/08,Tue,902,DB,CS1C,137A 195A 400A ,M,M,D,O ,F , ,N,P,50,0,0,0,,,1748143,5426246,-41.30164906,174.7695335
Wellington City,BROOKLYN ROAD,, ,I,NAIRN ST S,2857313,7/12/08,Sun,2100,AC,CS1C,372A ,,E,D,O ,F ,Y,G,C,50,0,0,0,,,1748136,5426285,-41.30129921,174.7694404
Wellington City,BROOKLYN ROAD,, ,I,OHIRO ROAD,2811922,31/03/08,Mon,735,DA,CN1,111A 135A 801 ,FP,M,W,TO,L ,T,G,R,50,0,0,1,,,1747693,5426137,-41.30271293,174.7641873
Wellington City,BROOKLYN ROAD,, ,I,OHIRO ROAD,2850277,8/01/08,Tue,1315,DA,CS1C,135A 130B 806 ,,M,W,O ,F ,T,G,R,50,0,0,0,,,1747693,5426137,-41.30271293,174.7641873
Wellington City,BROOKLYN ROAD,50,E, ,WASHINGTON AVENUE,2814036,20/11/08,Thu,2355,DB,PE1,103A 130A ,G,M,D,DO,F , ,N,C,50,0,1,0,,,1747919,5426159,-41.30247345,174.7668802
Wellington City,BROUGHAM ST,10,N, ,ELIZABETH ST,2856676,13/12/08,Sat,2240,EA,VS1C,129A 359A ,M,R,D,DO,FS,X,G,R,50,0,0,0,,,1749495,5426797,-41.29643885,174.78554
Wellington City,BROUGHAM ST,40,N, ,ELLICE ST,2856391,9/12/08,Tue,1201,EA,CN1C,385A ,M,R,W,DO,L , ,N,C,50,0,0,0,,,1749316,5426402,-41.30002833,174.7835
Wellington City,BROUGHAM ST,, ,I,MAJORIBANKS ST,2857271,28/09/08,Sun,1650,DA,CE2C,124A ,Q,R,D,B ,F ,T,G,C,50,0,0,0,,,1749577,5426977,-41.29480305,174.7864747
Wellington City,BROUGHAM ST,, ,I,PIRIE ST,2851337,14/01/08,Mon,800,HA,VE2S,302A 375A ,,R,D,O ,F ,X,G,P,50,0,0,0,,54,1749420,5426634,-41.29792029,174.7846846
Wellington City,BUCKLEY ROAD,110,N, ,BANN ST,2813641,4/10/08,Sat,1608,BC,BS1B,121A ,,M,D,O ,F , ,N,C,50,0,0,2,,,1749004,5421818,-41.34135749,174.7808986
Wellington City,BUNNY ST,, ,I,ACCESS ROAD,2813292,25/09/08,Thu,800,LB,SE1C,112A 370A 920 ,,R,D,B ,F ,T,N,C,50,0,0,2,,43,1749027,5428663,-41.279725,174.7794962
Wellington City,BUNNY ST,, ,I,ACCESS ROAD E,2853328,14/04/08,Mon,820,JO,SW1C,204A 927 ,,M,D,B ,F ,T,N,P,50,0,0,0,,,1749074,5428626,-41.28004945,174.7800662
Wellington City,BURMA ROAD,, ,I,FRASER AVENUE,2855481,28/04/08,Mon,1413,KA,TS1C,302B ,,E,D,O ,F ,Y,G,R,50,0,0,0,,,1750686,5433361,-41.23711923,174.7981358
Wellington City,BURMA ROAD,, ,I,FRASER AVENUE,2852205,29/01/08,Tue,900,FB,TS2V,331A ,,E,D,B ,F ,Y,G,R,50,0,0,0,,,1750686,5433362,-41.23711023,174.7981355
Wellington City,BURMA ROAD,200,S, ,HAUMIA ST,2813455,20/08/08,Wed,815,FC,CN1C,331A ,,R,D,O ,F , ,N,X,50,0,0,1,,,1750746,5434059,-41.23082366,174.7986791
Wellington City,BURMA ROAD,200,N, ,JOHN SIMS DRIVE,2811465,16/02/08,Sat,2105,JA,CS1C,308B 375B 927 ,,R,D,DN,F ,D,N,C,50,0,0,1,,,1750697,5433689,-41.23416406,174.798186
Wellington City,BURMA ROAD,, ,I,MALDIVE ST,2850786,30/01/08,Wed,848,DB,CN1,123A 350A ,KP,E,D,B ,F ,T,N,C,50,0,0,0,,,1750628,5433201,-41.23857059,174.7974835
Wellington City,BURMA ROAD,, ,I,RANGOON ST,2854604,12/06/08,Thu,840,FA,CN1C,331A 363A 902 ,,R,W,B ,L ,T,S,C,50,0,0,0,,,1750525,5433136,-41.23917499,174.796271
Wellington City,BURMA ROAD,15,S, ,STATION ROAD,2852434,23/05/08,Fri,810,FD,CN1C,181A ,,R,W,O ,LS, ,N,X,50,0,0,0,,,1750206,5432846,-41.2418453,174.7925374
Wellington City,BURROWS AVENUE,, ,I,BURROWS ST,2811464,19/02/08,Tue,15,DB,CS2,111A 402A 430A ,J,R,D,DO,F ,T,G,C,50,0,0,1,,,1744962,5427871,-41.28759585,174.731167
Wellington City,BURROWS AVENUE,, ,I,PIMBLE AVENUE,2855942,8/10/08,Wed,905,DA,CN1,111A 407A 423A ,CEF,R,D,B ,F ,T,N,N,50,0,0,0,,,1744977,5427777,-41.2884395,174.7313685
Wellington City,CABLE ST,5,E, ,CHAFFERS ST,2856823,29/11/08,Sat,115,GC,CE1C,171B 352B 402B 925 ,,R,D,DO,F ,D,N,N,50,0,0,0,,,1749358,5427305,-41.29189049,174.7837798
Wellington City,CABLE ST,20,E, ,CHAFFERS ST,2812489,20/06/08,Fri,1758,CA,PE1C,197A 370B ,,R,D,DO,F , ,N,C,50,0,0,1,,,1749371,5427299,-41.2919421,174.7839365
Wellington City,CABLE ST,40,E, ,CHAFFERS ST,2852993,30/05/08,Fri,1535,AC,CE1C,372A ,,R,D,B ,F , ,N,C,50,0,0,0,,,1749390,5427291,-41.29201061,174.7841652
Wellington City,CABLE ST,70,E, ,CHAFFERS ST,2812386,27/05/08,Tue,1732,FD,CE1C4,112A 181A 402A ,,R,W,O ,L , ,N,C,50,0,0,1,,,1749417,5427278,-41.29212266,174.7844907
Wellington City,CABLE ST,50,W, ,CHAFFERS ST,2856122,30/08/08,Sat,1925,AC,CE1C,372A ,,R,D,DO,F , ,N,C,50,0,0,0,,,1749308,5427329,-41.29168366,174.7831771
Wellington City,CABLE ST,, ,I,CHAFFERS ST,2855315,30/09/08,Tue,1435,EE,TE1C,374B 903 ,M,R,D,O ,FS,T,T,C,50,0,0,0,,,1749353,5427308,-41.2918644,174.7837194
Wellington City,CABLE ST,, ,I,CHAFFERS ST,2813415,7/10/08,Tue,1300,GC,ME1C,171B ,,R,W,O ,LS,T,T,C,50,0,0,2,,,1749353,5427308,-41.2918644,174.7837194
Wellington City,CABLE ST,, ,I,CHAFFERS ST,2852923,15/05/08,Thu,1836,GC,CE14,171B ,,R,D,DO,F ,T,T,C,50,0,0,0,,,1749353,5427308,-41.2918644,174.7837194
Wellington City,CABLE ST,, ,I,CHAFFERS ST,2853384,3/06/08,Tue,1410,GF,VE1V,171A 352A ,,R,D,O ,F ,T,T,C,50,0,0,0,,,1749353,5427308,-41.2918644,174.7837194
Wellington City,CABLE ST,40,W, ,ORIENTAL PARADE,2856477,1/11/08,Sat,1640,MO,TE1X,385A 925 ,Q,R,W,O ,S ,D,N,C,50,0,0,0,,,1749461,5427256,-41.29231259,174.7850214
Wellington City,CABLE ST,50,W, ,ORIENTAL PARADE,2856783,10/10/08,Fri,1246,MA,CE1C,373B ,,R,D,B ,F , ,N,C,50,0,0,0,,,1749452,5427261,-41.29226924,174.7849127
Wellington City,CABLE ST,30,E, ,TARANAKI ST,2811556,22/02/08,Fri,1626,AA,VE1M,372A 671A ,HX,R,D,O ,F , ,N,C,50,0,1,0,,,1749075,5427454,-41.29060129,174.780365
Wellington City,CABLE ST,20,W, ,TARANAKI ST,2852248,6/04/08,Sun,1553,AA,CE1C,372A ,,R,D,O ,F ,X,T,C,50,0,0,0,,,1749035,5427486,-41.29032057,174.7798797
Wellington City,CABLE ST,20,W, ,TARANAKI ST,2857187,28/12/08,Sun,1330,MG,CE1V,371B ,,R,D,B ,F , ,N,C,50,0,0,0,,,1749035,5427486,-41.29032057,174.7798797
Wellington City,CABLE ST,, ,I,TORY ST,2812182,8/05/08,Thu,1804,ND,XN2E,713B ,,R,D,TF,F ,T,T,C,50,0,0,1,39,,1749241,5427357,-41.29144395,174.7823704
Wellington City,CALEDONIA ST,, ,I,HOBART ST,2813831,21/12/08,Sun,330,BF,CW1C,111A 133A ,,R,D,DO,F ,X,S,R,50,0,0,2,,,1751760,5423957,-41.32158532,174.8132884
Wellington City,CALEDONIA ST,20,E, ,MIRO ST,2856357,4/09/08,Thu,710,MO,VW1C,370A 929 ,,R,W,O ,L ,D,N,N,50,0,0,0,,,1751583,5424012,-41.32112344,174.8111608
Wellington City,CALEDONIA ST,, ,I,MIRO ST,2812441,27/05/08,Tue,1930,CC,CE1,130A 517A ,F,R,W,DO,L ,T,N,C,50,0,0,1,,,1751564,5424018,-41.32107299,174.8109324
Wellington City,CALEDONIA ST,15,E, ,SH 1N,2856439,20/10/08,Mon,1430,MC,CE1C,387A 372B ,,R,D,O ,F , ,N,C,50,0,0,0,,,1751438,5424057,-41.32074554,174.8094179
Wellington City,CAMBRIAN ST,, ,I,JASONS PLACE,2855672,3/06/08,Tue,810,EA,CS1C,350A 370A 645A ,M,E,D,B ,F ,T,N,C,50,0,0,0,,,1751365,5436116,-41.21218806,174.8055518
Wellington City,CAMBRIDGE TERRACE,25,S, ,ALPHA ST,2855325,14/09/08,Sun,30,FD,CN1CX,331A 351A ,,R,D,DO,F , ,N,C,50,0,0,0,,,1749289,5426938,-41.2952075,174.7830461
Wellington City,CAMBRIDGE TERRACE,100,N, ,BUCKLE ST,2851565,7/01/08,Mon,1400,AA,CN1X,372A ,,R,D,B ,F , ,N,C,50,0,0,0,,,1749112,5426544,-41.29878757,174.7810296
Wellington City,CAMBRIDGE TERRACE,, ,I,FIFESHIRE AVENUE,2813918,23/10/08,Thu,,HA,SN1V,303B ,,R,W,O ,L ,X,N,R,50,0,0,1,,44,1749158,5426648,-41.29784271,174.7815533
Wellington City,CAMBRIDGE TERRACE,20,S, ,LORNE ST,2854406,23/07/08,Wed,845,AA,CN1CC,372A 671A ,M,R,W,O ,L , ,N,C,50,0,0,0,,,1749241,5426833,-41.29616174,174.7824988
Wellington City,CAMBRIDGE TERRACE,, ,I,LORNE ST,2857290,12/09/08,Fri,1740,KA,PN1C,176B ,,R,D,TF,F ,T,N,C,50,0,0,0,,,1749250,5426851,-41.29599801,174.7826019
Wellington City,CARLTON GORE ROAD,30,E, ,ORIENTAL PARADE,2813675,20/11/08,Thu,2130,DB,CN1CC4,103A 111A 351A ,MMM,S,D,DO,F , ,N,L,50,0,0,2,,,1750734,5427718,-41.28791634,174.8001034
Wellington City,CASHMERE AVENUE,20,S, ,RANUI CRESCENT,2856113,25/09/08,Thu,1708,EO,CS1,363A 370A 902 ,I,R,D,B ,F , ,N,X,50,0,0,0,,,1750593,5432272,-41.24694128,174.7972952
Wellington City,CASHMERE AVENUE,40,S, ,RANUI CRESCENT,2856510,11/12/08,Thu,1500,MO,BN1C,385A ,Q,R,D,O ,F , ,N,C,50,0,0,0,,,1750604,5432256,-41.24708329,174.7974304
Wellington City,CASHMERE AVENUE,, ,I,RAUMATI TERRACE,2856471,4/10/08,Sat,2130,BO,CS24,122A 503A ,,E,D,DO,F ,T,G,C,50,0,0,0,,,1750778,5432105,-41.24841037,174.7995434
Wellington City,CECIL ROAD,20,S, ,RANGIMARIE WAY,2852880,25/02/08,Mon,845,BD,TS1C,121A 123B 831 ,,S,D,O ,F , ,N,C,50,0,0,0,,,1748141,5430320,-41.2649692,174.7685187
Wellington City,CECIL ROAD,240,S, ,WADE ST,2813408,2/11/08,Sun,1420,BC,CW1C,123A ,,M,D,O ,F , ,N,C,50,0,0,2,,,1748270,5430316,-41.26498155,174.770059
Wellington City,CECIL ROAD,40,S, ,WADESTOWN ROAD,2854566,23/05/08,Fri,1935,BB,CN1C,123A ,,M,W,DO,L , ,N,C,50,0,0,0,,,1748639,5430639,-41.26200562,174.7743834
Wellington City,CENTENNIAL NBD,500,N, ,HUTT ROAD,2856847,12/12/08,Fri,1905,AC,CN1T,159A 386A 402A ,,E,D,O ,F , ,N,C,80,0,0,0,,,1751921,5432679,-41.24302847,174.8130357
Wellington City,CENTENNIAL NBD,10,N, ,JARDEN MILE,2811863,14/03/08,Fri,618,FD,VN1TV,181A ,,R,D,DO,F ,X,T,C,100,0,0,2,,,1751936,5432208,-41.24726622,174.8133319
Wellington City,CENTENNIAL NBD,100,N, ,JARDEN MILE,2811595,10/02/08,Sun,1835,FD,CN1VC,331A 647A ,,E,W,TF,L , ,N,R,100,0,0,3,,,1751945,5432297,-41.24646324,174.8134171
Wellington City,CENTENNIAL SBD,90,N, ,GLOVER SLIP ROAD,2854677,4/09/08,Thu,850,FD,CS14C,181A 135C 801 ,,E,W,O ,L , ,N,R,80,0,0,0,,,1751847,5432761,-41.2423041,174.8121326
Wellington City,CENTENNIAL SBD,, ,I,GLOVER SLIP ROAD,2812576,20/05/08,Tue,805,HA,SE1V,151A ,,E,D,O ,F ,T,G,P,100,0,1,0,,45,1751931,5432729,-41.24257643,174.8131426
Wellington City,CENTENNIAL SBD,30,S, ,GLOVER ST,2857339,7/11/08,Fri,1530,DA,TS1,135A 615A 905 ,G,E,W,O ,L , ,N,R,80,0,0,0,,,1751957,5432713,-41.24271559,174.8134567
Wellington City,CENTENNIAL SBD,100,N, ,JARDEN MILE,2856333,16/11/08,Sun,1235,GB,4S1V,172B 372B 925 ,,E,D,B ,F ,D,N,R,80,0,0,0,,,1751953,5432296,-41.24647074,174.8135128
Wellington City,CHAFFERS ST,, ,I,WAKEFIELD ST,2855706,9/05/08,Fri,1920,DA,CE2C,122A ,M,R,D,TO,M ,T,S,C,50,0,0,0,,,1749319,5427226,-41.29260897,174.7833336
Wellington City,CHARLOTTE AVENUE,, ,I,TODMAN ST,2853356,20/06/08,Fri,2328,DA,CN1C,111A 122A ,M,R,D,DO,F ,T,N,C,50,0,0,0,,,1747526,5425783,-41.30593071,174.7622792
Wellington City,CHAYTOR ST,15,N, ,BIRDWOOD ST,2812948,15/08/08,Fri,1742,FD,CN1C,331A ,,R,D,O ,F , ,N,C,50,0,0,1,,,1746933,5427944,-41.28658228,174.754677
Wellington City,CHAYTOR ST,, ,I,BIRDWOOD ST,2850299,25/01/08,Fri,1410,JA,CN1C,322A 334A ,,R,D,B ,F ,T,T,C,50,0,0,0,,,1746933,5427929,-41.28671733,174.7546806
Wellington City,CHAYTOR ST,, ,I,BIRDWOOD ST,2813673,12/08/08,Tue,1450,HA,CS1P,334A 352A ,,E,D,O ,F ,T,T,N,50,0,1,0,,,1746933,5427929,-41.28671733,174.7546806
Wellington City,CHAYTOR ST,, ,I,CURTIS ST,2855930,29/10/08,Wed,1855,JA,CE1C,302B 375B ,C,M,D,B ,F ,T,G,C,50,0,0,0,,,1746843,5428162,-41.28463587,174.7535501
Wellington City,CHAYTOR ST,, ,I,CURTIS ST,2853357,12/06/08,Thu,1650,FD,CE1C,181A ,,R,W,TF,M ,T,G,C,50,0,0,0,,,1746843,5428162,-41.28463587,174.7535501
Wellington City,CHAYTOR ST,, ,I,CURTIS ST,2856845,20/11/08,Thu,750,LB,CE1V,209A 377A 303B ,,E,D,B ,F ,T,G,C,50,0,0,0,,,1746843,5428162,-41.28463587,174.7535501
Wellington City,CHAYTOR ST,, ,I,CURTIS ST,2813237,1/08/08,Fri,745,LB,CE1P,158A ,,R,W,B ,F ,T,G,C,50,0,0,1,,,1746843,5428162,-41.28463587,174.7535501
Wellington City,CHAYTOR ST,50,S, ,OLD KARORI ROAD,2853566,8/07/08,Tue,1808,FD,CS1XC,331A ,,E,W,DO,L , ,N,C,50,0,0,0,,,1746682,5428545,-41.28121677,174.7515362
Wellington City,CHAYTOR ST,10,W, ,OLD KARORI ROAD,2856059,26/10/08,Sun,1510,DA,CS1,133A ,C,M,D,B ,F ,Y,T,P,50,0,0,0,,,1746654,5428573,-41.28096975,174.7511952
Wellington City,CHELTENHAM TERRACE,, ,I,CHELTENHAM ST,2811331,20/02/08,Wed,2133,DA,CS2,103A ,J,R,D,DO,F ,T,N,N,50,0,0,1,,,1752021,5434186,-41.22944164,174.8138533
Wellington City,CHELTENHAM TERRACE,20,S, ,EVESHAM PLACE,2853027,24/03/08,Mon,1535,MO,CW1C,371A 402A 929 ,M,E,D,B ,F ,D,N,N,50,0,0,0,,,1752038,5434177,-41.22951947,174.8140583
Wellington City,CHESTER ROAD,100,E, ,WILFRED ST,2856496,14/09/08,Sun,1435,DB,CE1,111A ,K,S,D,O ,F , ,N,N,50,0,0,0,,,1752656,5441174,-41.1664065,174.8196823
Wellington City,CHESTER ROAD,70,N, ,WILFRED ST,2852857,4/06/08,Wed,1155,MD,SS1C,371B 929 ,,R,W,O ,LS,D,N,N,50,0,0,0,,38,1752662,5441145,-41.16666647,174.8197611
Wellington City,CHILDERS TERRACE,40,N, ,COUTTS ST,2812411,18/06/08,Wed,843,GD,PN1C,181A 927 ,,E,D,B ,F ,D,N,C,50,0,1,0,,,1750122,5424214,-41.31957808,174.7936627
Wellington City,CHILDERS TERRACE,20,S, ,COUTTS ST,2856478,5/12/08,Fri,1345,MA,CS1X,373B ,,E,D,B ,F , ,N,C,50,0,0,0,,,1750134,5424198,-41.3197199,174.79381
Wellington City,CHILDERS TERRACE,100,S, ,RONGOTAI ROAD,2854603,5/06/08,Thu,1700,EA,CS14,385A 402A 926 ,M,R,D,TN,F , ,N,N,50,0,0,0,,,1750098,5424336,-41.31848414,174.793346
Wellington City,CHILDERS TERRACE,, ,I,RONGOTAI ROAD,2856001,8/11/08,Sat,1130,FB,CN1C,353A 387A ,,R,D,B ,F ,X,S,C,50,0,0,0,,,1750110,5424432,-41.31761759,174.7934656
Wellington City,CHURCHILL DRIVE,20,N, ,BLACKBRIDGE ROAD,2852098,29/04/08,Tue,920,DB,CN1,135A 403A 801 ,,M,W,O ,F ,T,N,C,50,0,0,0,,,1747701,5430590,-41.26261879,174.7632029
Wellington City,CHURCHILL DRIVE,500,N, ,BLACKBRIDGE ROAD,2855423,27/09/08,Sat,2000,DA,CN1,131A 402A ,C,M,W,DO,H , ,N,C,50,0,0,0,,,1747989,5430958,-41.2592528,174.7665501
Wellington City,CHURCHILL DRIVE,, ,I,BLACKBRIDGE ROAD,2851593,29/02/08,Fri,1825,JA,4S1X,302B ,,R,D,O ,F ,T,G,C,50,0,0,0,,,1747702,5430570,-41.26279868,174.7632197
Wellington City,CHURCHILL DRIVE,, ,I,CHARTWELL DRIVE,2856323,4/12/08,Thu,2105,DA,CN1,103A 195A ,F,E,D,DO,F ,T,G,R,50,0,0,0,,,1747918,5431110,-41.25789726,174.7656661
Wellington City,CHURTON PARK OFF NBD,, ,I,WESTCHESTER DRIVE EAST,2852651,25/03/08,Tue,1610,FB,CW1C,331A ,,E,D,B ,F ,X,G,R,50,0,0,0,,,1752620,5436975,-41.20421853,174.8203004
Wellington City,CHURTON PARK OFF SBD,, ,I,GRENADA DRIVE,2856560,12/12/08,Fri,805,HA,VW2C,375B ,,E,W,O ,L ,X,S,P,50,0,0,0,,,1752716,5436926,-41.2046416,174.8214571
Wellington City,CLEVELAND ST,, ,I,JEFFERSON ST,2850245,10/01/08,Thu,2009,GE,CE1V,160A 400A 920 ,,R,D,TF,F ,D,N,C,50,0,0,0,,,1747789,5425882,-41.30499124,174.7653954
Wellington City,CLEVELAND ST,50,E, ,OHIRO ROAD,2853113,10/04/08,Thu,1830,FA,CE1C,385A ,M,R,D,DO,F , ,N,C,50,0,0,0,,,1747662,5425859,-41.30522157,174.7638846
Wellington City,CLIFFORD ROAD,, ,I,BASSETT ROAD,2854463,23/08/08,Sat,943,DA,CN1,103A 111A ,T,M,D,B ,F ,T,S,C,50,0,0,0,,,1751569,5435551,-41.21723682,174.8081242