TLA NAME,CRASH ROAD,CRASH DIST,CRASH DIRN,INTSN,SIDE ROAD,CRASH ID,CRASH DATE,CRASH DOW,CRASH TIME,MVMT,VEHICLES,CAUSES,OBJECTS STRUCK,ROAD CURVE,ROAD WET,LIGHT,WTHRa,JUNC TYPE,TRAF CTRL,ROAD MARK,SPD LIM,CRASH FATAL CNT,CRASH SEV CNT,CRASH MIN CNT,PERS AGE1,PERS AGE2,EASTING,NORTHING,latitude,longitude
Wellington City,CLIFFORD ROAD,40,N, ,KERR GROVE,2851374,16/02/08,Sat,1904,DB,CS1C,101A 133A 135A ,HKM,M,D,O ,F , ,N,C,50,0,0,0,,,1751335,5435842,-41.21466061,174.805262
Wellington City,CLIFTON TERRACE,, ,I,EVERTON TERRACE,2854672,8/09/08,Mon,2113,DA,CW2,124A 863 ,IP,R,W,DO,L ,X,T,R,50,0,0,0,,,1748430,5428077,-41.28511099,174.7725136
Wellington City,CLUTHA AVENUE,100,N, ,COCKAYNE ROAD,2851098,2/03/08,Sun,1913,BB,BS1C,123A 839 ,,M,D,O ,F , ,N,C,50,0,0,0,,,1749797,5432074,-41.24887184,174.7878482
Wellington City,CLUTHA AVENUE,200,N, ,COCKAYNE ROAD,2853748,1/07/08,Tue,1940,DA,VW1V,130A 195A ,M,M,W,DO,F , ,N,C,50,0,0,0,,,1749871,5432091,-41.24870507,174.7887268
Wellington City,CLYDE ST,50,S, ,DEE ST,2853544,2/05/08,Fri,1930,QD,CE1CC,611A ,FM,E,W,DO,H , ,N,N,50,0,0,0,,,1748566,5423125,-41.32967094,174.7753463
Wellington City,COATES ST,, ,I,COLLINS AVENUE,2851439,11/03/08,Tue,1650,JA,CE1C,309B 378B 831 ,,M,D,B ,F ,T,S,C,50,0,0,0,,,1753939,5442082,-41.15798887,174.8347403
Wellington City,COBHAM DRIVE,, ,I,CALABAR ROAD,2857316,25/11/08,Tue,930,FB,4S1C,331A ,,E,D,O ,F ,R,G,R,50,0,0,0,,,1751447,5424535,-41.3164403,174.8094063
Wellington City,COBHAM DRIVE,60,S, ,SHELLY BAY ROAD,2856895,11/11/08,Tue,1900,AC,CS1C,372A 158B 434B ,,R,D,O ,FS, ,N,C,50,0,0,0,,,1751583,5424734,-41.31462311,174.8109808
Wellington City,COCKAYNE ROAD,50,N, ,AMBALA WAY,2856285,7/11/08,Fri,1630,DA,CS1,111A 135A 800 ,C,M,D,B ,F , ,N,C,50,0,0,0,,,1748886,5431593,-41.25337082,174.7770977
Wellington City,COCKAYNE ROAD,, ,I,CALCUTTA ST,2812325,29/05/08,Thu,1300,JA,CS1C,302B 375B ,,R,D,O ,F ,T,G,C,50,0,0,1,,,1749704,5431953,-41.24997849,174.7867684
Wellington City,COCKAYNE ROAD,40,S, ,LUCKNOW TERRACE,2851554,15/03/08,Sat,1540,MO,4N1C,103A 371A 930 ,M,R,D,B ,F ,D,N,C,50,0,0,0,,,1749713,5431993,-41.24961668,174.786866
Wellington City,COLERIDGE ST,25,S, ,MORNINGTON ROAD,2857426,3/12/08,Wed,218,MO,CS1C,386A 443B 444B ,M,R,D,DO,F , ,N,N,50,0,0,0,,,1747630,5424711,-41.31556342,174.7637812
Wellington City,COLLEGE ST,30,E, ,TORY ST,2855415,27/08/08,Wed,1113,EE,CW1C,374B ,M,R,D,B ,F , ,N,C,50,0,0,0,,,1749042,5426856,-41.29599143,174.7801175
Wellington City,COLLINGWOOD ST,50,N, ,OTTAWA ROAD,2856507,6/12/08,Sat,1955,BB,BS1C,123A 818 ,,M,D,O ,F , ,N,C,50,0,0,0,,,1748540,5431977,-41.24997712,174.7728763
Wellington City,COLLINS AVENUE,20,E, ,HINAU ST,2813066,21/08/08,Thu,845,NA,VW1E,713B ,,R,D,B ,F , ,N,C,50,0,0,1,10,,1753838,5442099,-41.15785497,174.8335329
Wellington City,COLLINS AVENUE,10,W, ,HINAU ST,2812696,22/07/08,Tue,727,NA,CW1E,306A 352A ,,R,W,O ,L ,T,N,X,50,0,1,0,56,,1753810,5442112,-41.15774324,174.833196
Wellington City,COLLINS AVENUE,30,W, ,HINAU ST,2852511,15/04/08,Tue,845,FC,CE1CCC,112A 331A ,,R,W,O ,L , ,N,X,50,0,0,0,,,1753793,5442121,-41.15766543,174.8329913
Wellington City,COLLINS AVENUE,, ,I,HINAU ST,2854750,19/07/08,Sat,2139,DA,VE1,131A ,IS,R,W,DO,L ,T,G,R,50,0,0,0,,,1753819,5442107,-41.15778655,174.8333045
Wellington City,CONNAUGHT TERRACE,230,E, ,WASHINGTON AVENUE,2855417,13/10/08,Mon,1320,DA,CE1C,137A 197A ,CFM,E,D,B ,F , ,N,N,50,0,0,0,,,1748009,5425346,-41.30977676,174.7681526
Wellington City,CONSTABLE ST,30,E, ,ALEXANDRA ROAD,2855344,14/08/08,Thu,1536,FD,CW1C,181A 191B ,,E,D,O ,F , , ,C,50,0,0,0,,,1749708,5424980,-41.31275848,174.7885299
Wellington City,CONSTABLE ST,50,E, ,COROMANDEL ST,2853014,14/03/08,Fri,1340,GD,CW1C,385A 927 ,,E,D,BN,F ,D,N,C,50,0,0,0,,,1749587,5424995,-41.31264588,174.7870813
Wellington City,CONSTABLE ST,50,E, ,COROMANDEL ST,2853365,7/03/08,Fri,815,EA,4W1CCC,386A ,MF,R,D,B ,F , ,N,C,50,0,0,0,,,1749587,5424995,-41.31264588,174.7870813
Wellington City,CONSTABLE ST,30,W, ,COROMANDEL ST,2855112,16/09/08,Tue,143,DB,CW14,130A 358A ,M,E,D,DO,F ,X,N,C,50,0,0,0,,,1749507,5424996,-41.31265171,174.7861258
Wellington City,CONSTABLE ST,, ,I,COROMANDEL ST,2857270,23/10/08,Thu,1300,LB,4E1C,303B 353B ,,R,D,O ,F ,X,T,C,50,0,0,0,,,1749537,5424997,-41.31263714,174.7864838
Wellington City,CONSTABLE ST,50,E, ,DANIELL ST,2855995,18/10/08,Sat,2356,EA,CE1CC,101A 358A ,M,R,D,DO,F , ,N,C,50,0,0,0,,,1749242,5424939,-41.31321398,174.7829754
Wellington City,CONSTABLE ST,50,E, ,DANIELL ST,2853462,15/06/08,Sun,1745,FA,CW1S,341A 534B 605B ,,R,D,DO,F , ,N,C,50,0,0,0,,33,1749242,5424939,-41.31321398,174.7829754
Wellington City,CONSTABLE ST,50,E, ,DANIELL ST,2854050,24/07/08,Thu,1530,QF,4W1C,429A ,M,R,W,O ,L , ,N,C,50,0,0,0,,,1749242,5424939,-41.31321398,174.7829754
Wellington City,CONSTABLE ST,50,E, ,DANIELL ST,2852372,19/04/08,Sat,1115,JA,4W14,308B 375B 839 923 ,,R,D,O ,F ,D,N,C,50,0,0,0,,,1749242,5424939,-41.31321398,174.7829754
Wellington City,CONSTABLE ST,20,W, ,DANIELL ST,2851646,31/03/08,Mon,1555,MD,CS1C,308B 377B 839 923 ,,R,D,B ,F ,D,N,C,50,0,0,0,,,1749173,5424924,-41.31336179,174.7821551
Wellington City,CONSTABLE ST,80,W, ,DANIELL ST,2856283,13/11/08,Thu,1355,MA,CW1X,386A ,,R,D,B ,F , ,N,C,50,0,0,0,,,1749115,5424912,-41.31348056,174.7814654
Wellington City,CONSTABLE ST,, ,I,DANIELL ST,2857272,23/06/08,Mon,1900,JA,CW1C,322A ,,R,D,DO,F ,X,T,C,50,0,0,0,,,1749193,5424928,-41.31332208,174.7823929
Wellington City,CONSTABLE ST,, ,I,DANIELL ST,2856782,29/11/08,Sat,1355,AC,BE1C,150A 385A ,,R,D,B ,F ,X,T,C,50,0,0,0,,,1749193,5424928,-41.31332208,174.7823929
Wellington City,CONSTABLE ST,, ,I,HIROPI ST,2855330,11/09/08,Thu,1900,MO,VE1C,371A 651A ,M,R,D,DO,F ,T,N,C,50,0,0,0,,,1749445,5424982,-41.31278925,174.7853889
Wellington City,CONSTABLE ST,, ,I,HIROPI ST,2857228,19/12/08,Fri,1047,FD,CW1C,181A ,,R,W,O ,F ,T,N,C,50,0,0,0,,,1749445,5424982,-41.31278925,174.7853889
Wellington City,CONSTABLE ST,, ,I,HIROPI ST,2855287,27/06/08,Fri,2125,DB,CW1CC,110A 122A ,M,R,W,DO,L ,T,N,C,50,0,0,0,,,1749445,5424982,-41.31278925,174.7853889
Wellington City,CONSTABLE ST,20,E, ,RIDDIFORD ST,2813842,12/12/08,Fri,2240,MC,MW1C,372B ,,R,D,DO,F , ,N,C,50,0,1,0,,,1748999,5424887,-41.31372708,174.7800864
Wellington City,CONSTABLE ST,20,E, ,RIDDIFORD ST,2852082,14/04/08,Mon,130,FD,CW1T,181A ,,R,D,O ,F , ,N,C,50,0,0,0,,,1748999,5424887,-41.31372708,174.7800864
Wellington City,CORTINA AVENUE,40,S, ,DUGGAN PLACE,2813627,26/10/08,Sun,1719,DA,MS1CC,103A ,,M,D,O ,F , ,N,N,50,0,0,1,,,1750543,5435333,-41.21939107,174.7959441
Wellington City,COURTENAY PLACE,15,E, ,ALLEN ST,2852654,28/02/08,Thu,1550,MO,VW1V,385A ,Q,R,D,B ,F ,T,N,R,50,0,0,0,,,1749223,5427100,-41.29376115,174.7822185
Wellington City,COURTENAY PLACE,, ,I,ALLEN ST,2813259,27/07/08,Sun,240,NA,XW1E,713B ,,R,W,DO,H ,T,N,X,50,0,0,1,25,,1749209,5427107,-41.29370072,174.7820497
Wellington City,COURTENAY PLACE,, ,I,ALLEN ST,2812851,4/09/08,Thu,230,PF,CE1X,103A 110A 129A ,Q,R,W,DO,L ,T,N,R,50,0,1,0,,,1749209,5427107,-41.29370072,174.7820497
Wellington City,COURTENAY PLACE,15,E, ,BLAIR ST,2812939,25/02/08,Mon,600,MC,ME1C,372B ,,R,D,B ,F , ,N,R,50,0,0,1,,,1749296,5427089,-41.29384669,174.7830927
Wellington City,COURTENAY PLACE,, ,I,BLAIR ST,2811836,6/03/08,Thu,1720,PO,BW1E,510A 720B ,,R,D,B ,F ,T,N,C,50,0,0,1,54,,1749281,5427092,-41.29382246,174.7829129
Wellington City,COURTENAY PLACE,30,W, ,CAMBRIDGE TERRACE,2851099,1/03/08,Sat,158,MO,XE1X,386A ,M,R,D,DO,F ,T,N,R,50,0,0,0,,,1749322,5427084,-41.2938869,174.7834043
Wellington City,COURTENAY PLACE,30,W, ,CAMBRIDGE TERRACE,2851700,11/02/08,Mon,1057,MO,CW1C,386A ,M,R,D,B ,F , ,N,C,50,0,0,0,,,1749322,5427084,-41.2938869,174.7834043
Wellington City,COURTENAY PLACE,, ,I,CAMBRIDGE TERRACE,2855802,16/09/08,Tue,255,QO,TE1X,386A ,M,R,D,DO,F ,X,T,C,50,0,0,0,,,1749351,5427078,-41.29393556,174.7837519
Wellington City,COURTENAY PLACE,20,E, ,TARANAKI ST,2851553,29/03/08,Sat,110,MC,XW1C,300B 372B ,,R,D,DO,F , ,N,R,50,0,0,0,,,1748965,5427236,-41.29258434,174.7791053
Wellington City,COURTENAY PLACE,25,E, ,TARANAKI ST,2854389,24/06/08,Tue,1500,AA,XW14,372A ,,R,W,O ,H , ,N,R,50,0,0,0,,,1748969,5427233,-41.29261062,174.7791538
Wellington City,COURTENAY PLACE,25,E, ,TARANAKI ST,2852441,24/05/08,Sat,1000,FD,BW14,331A ,,R,W,O ,L , ,N,R,50,0,0,0,,,1748969,5427233,-41.29261062,174.7791538
Wellington City,COURTENAY PLACE,50,E, ,TARANAKI ST,2857383,14/12/08,Sun,137,FA,CE1C,386A 691A ,,R,D,DO,F , ,N,R,50,0,0,0,,,1748989,5427218,-41.29274198,174.7793962
Wellington City,COURTENAY PLACE,90,E, ,TARANAKI ST,2855401,29/09/08,Mon,2115,FC,CW1X,181A ,,R,W,DO,F , ,N,X,50,0,0,0,,,1749021,5427194,-41.29295215,174.7797841
Wellington City,COURTENAY PLACE,100,E, ,TARANAKI ST,2851904,15/03/08,Sat,100,EE,BE1X,374B ,Q,R,D,DO,F , ,N,R,50,0,0,0,,,1749029,5427188,-41.2930047,174.779881
Wellington City,COURTENAY PLACE,, ,I,TARANAKI ST,2851557,16/03/08,Sun,230,FD,CE1C,103A 181A ,,R,D,DO,F ,X,T,C,50,0,0,0,,,1748949,5427248,-41.29247926,174.7789113
Wellington City,COURTENAY PLACE,, ,I,TARANAKI ST,2853939,23/05/08,Fri,1700,GA,CW1C,181A ,,R,W,O ,L ,X,T,R,50,0,0,0,,,1748949,5427248,-41.29247926,174.7789113
Wellington City,COURTENAY PLACE,, ,I,TARANAKI ST,2854402,8/08/08,Fri,2026,GA,XW1C,331A ,,R,W,DO,L ,X,T,C,50,0,0,0,,,1748949,5427248,-41.29247926,174.7789113
Wellington City,COURTENAY PLACE,, ,I,TARANAKI ST,2856139,1/10/08,Wed,1740,GD,CW2V,331A 191B ,,R,W,O ,L ,X,T,R,50,0,0,0,,,1748949,5427248,-41.29247926,174.7789113
Wellington City,COURTENAY PLACE,5,E, ,TORY ST,2853487,9/07/08,Wed,2000,MO,CE1C,103A 386A ,,R,D,DO,F ,X,T,C,50,0,0,0,,,1749140,5427137,-41.29344337,174.7812186
Wellington City,COURTENAY PLACE,10,E, ,TORY ST,2856322,1/08/08,Fri,2000,AC,XW1B,159A ,,R,W,O ,L ,X,T,R,50,0,0,0,,,1749145,5427135,-41.29346045,174.7812788
Wellington City,COURTENAY PLACE,20,E, ,TORY ST,2811242,17/01/08,Thu,20,NA,CW1E,713B ,,R,D,DO,F , ,N,R,50,0,0,1,18,,1749154,5427131,-41.2934948,174.7813872
Wellington City,COURTENAY PLACE,50,E, ,TORY ST,2856757,18/11/08,Tue,2147,AA,BW1V,357A 386A ,,R,D,DO,F , ,N,C,50,0,0,0,,,1749182,5427119,-41.29359767,174.7817244
Wellington City,COURTENAY PLACE,20,W, ,TORY ST,2857060,13/12/08,Sat,30,MA,4E1C,380A 386B ,,R,D,TF,F , ,N,N,50,0,0,0,,,1749118,5427147,-41.2933574,174.7809535
Wellington City,COURTENAY PLACE,40,W, ,TORY ST,2856479,14/11/08,Fri,1200,MA,CW1C,386A ,,R,D,B ,F , ,N,R,50,0,0,0,,,1749099,5427155,-41.29328888,174.7807247
Wellington City,COURTENAY PLACE,50,W, ,TORY ST,2851259,23/02/08,Sat,1830,MO,BW1X,386A 446B ,,R,D,B ,F , ,N,R,50,0,0,0,,,1749090,5427159,-41.29325453,174.7806163
Wellington City,COURTENAY PLACE,100,W, ,TORY ST,2855275,19/06/08,Thu,1550,MO,BW1C,385A ,M,R,D,B ,F , ,N,R,50,0,0,0,,,1749044,5427179,-41.29308296,174.7800623
Wellington City,COURTENAY PLACE,100,W, ,TORY ST,2850671,23/02/08,Sat,2015,EA,BW1C,386A ,M,R,D,DO,F , ,N,C,50,0,0,0,,,1749044,5427179,-41.29308296,174.7800623
Wellington City,COURTENAY PLACE,100,W, ,TORY ST,2856140,14/09/08,Sun,1400,MO,BW1C,386A ,M,R,D,B ,F , ,N,R,50,0,0,0,,,1749044,5427179,-41.29308296,174.7800623
Wellington City,COURTENAY PLACE,110,W, ,TORY ST,2853574,9/07/08,Wed,2221,MO,BE14,386A 446B ,M,R,D,DO,F , ,N,C,50,0,0,0,,,1749036,5427184,-41.29303942,174.7799656
Wellington City,COURTENAY PLACE,, ,I,TORY ST,2852101,16/02/08,Sat,720,HA,CS2V,322A 334A ,,R,D,B ,F ,X,T,C,50,0,0,0,,,1749136,5427139,-41.2934261,174.7811704
Wellington City,COURTENAY PLACE,, ,I,TORY ST,2857022,24/12/08,Wed,2358,LB,XW1C,303B 353B ,,R,W,DO,L ,X,T,R,50,0,0,0,,,1749136,5427139,-41.2934261,174.7811704
Wellington City,COUTTS ST,, ,I,BAY ROAD,2813672,6/11/08,Thu,1907,FA,CW1CC,103A ,M,R,D,O ,F ,T,G,P,50,0,0,1,,,1750178,5424175,-41.31991878,174.7943411
Wellington City,COUTTS ST,10,E, ,ONEPU ROAD,2856526,18/12/08,Thu,1310,FB,CE1C,181A 191B ,,R,D,B ,F ,X,T,C,50,0,0,0,,,1750295,5424145,-41.32016709,174.7957458
Wellington City,COUTTS ST,40,W, ,ROSS ST,2856482,7/10/08,Tue,1115,MF,CW1C,371B ,,R,D,O ,F , ,N,R,50,0,0,0,,,1750440,5424105,-41.32050018,174.7974873
Wellington City,COUTTS ST,, ,I,YULE ST,2851955,29/03/08,Sat,1540,GD,CW1C,333A 350A ,,R,W,O ,L ,X,G,C,50,0,0,0,,,1750565,5424069,-41.32080097,174.7989891
Wellington City,CRAWFORD ROAD,15,E, ,DUNCAN TERRACE,2856485,3/11/08,Mon,,MC,CN1V,372B 831 ,,M,D,O ,F , ,N,C,50,0,0,0,,,1749956,5424633,-41.31583657,174.7915769
Wellington City,CRAWFORD ROAD,150,E, ,DUNCAN TERRACE,2852502,21/01/08,Mon,2050,EA,CN1C,385A ,M,E,D,DO,F , ,N,C,50,0,0,0,,,1750058,5424563,-41.31644783,174.7928122
Wellington City,CRAWFORD ROAD,60,W, ,DUNCAN TERRACE,2854231,20/07/08,Sun,35,DB,4S1,103A 133A 423A ,FI,M,W,DO,L , ,N,R,50,0,0,0,,,1749882,5424640,-41.3157873,174.7906915
Wellington City,CRAWFORD ROAD,, ,I,NAUGHTON TERRACE,2811921,30/03/08,Sun,1715,DA,CS1,501A ,FP,E,D,O ,F ,T,N,C,50,0,0,1,,,1750021,5424611,-41.31602256,174.7923586
Wellington City,CRAWFORD ROAD,250,S, ,WELLINGTON ROAD,2856759,21/11/08,Fri,2214,DA,CS1CC,102A 111A 514A ,MM,E,D,DO,F , ,N,R,50,0,0,0,,,1749893,5424747,-41.3148219,174.7907965
Wellington City,CRAWFORD ROAD,15,W, ,WELLINGTON ROAD,2857317,31/10/08,Fri,515,AC,CS1C,158B 333B ,,R,D,DO,F , ,N,C,50,0,0,0,,,1749761,5424950,-41.31301874,174.7891702
Wellington City,CRAWFORD ROAD,, ,I,WELLINGTON ROAD,2853395,5/06/08,Thu,1603,JO,CS1C,305A 140B ,,E,D,O ,F ,R,G,R,50,0,0,0,,,1749784,5424941,-41.3130955,174.7894471
Wellington City,CRAWFORD ROAD,, ,I,WELLINGTON ROAD,2813648,7/12/08,Sun,1828,JA,SE14,302B 375B ,,E,D,B ,F ,R,G,R,50,0,1,0,,28,1749784,5424941,-41.3130955,174.7894471
Wellington City,CRAWFORD ROAD,, ,I,WELLINGTON ROAD,2852657,14/03/08,Fri,945,JA,CS1C,302B ,,E,D,O ,F ,R,G,R,50,0,0,0,,,1749784,5424941,-41.3130955,174.7894471
Wellington City,CRAWFORD ROAD,, ,I,WELLINGTON ROAD,2856389,2/08/08,Sat,1445,FB,CN1C,333A ,,E,D,B ,F ,R,G,R,50,0,0,0,,,1749780,5424928,-41.31321329,174.7894025
Wellington City,CRAWFORD ROAD,, ,I,WELLINGTON ROAD,2856393,12/11/08,Wed,721,MG,CN1T,420B ,,R,D,B ,F ,R,G,R,50,0,0,0,,,1749778,5424932,-41.31317765,174.7893776
Wellington City,CROYDON ST,, ,A,CAMPBELL ST,2856371,13/11/08,Thu,950,BB,CE1C,123A 137B ,K,S,D,B ,F , ,N,C,50,0,0,0,,,1746122,5427008,-41.29515683,174.745221
Wellington City,CUBA ST,40,N, ,ABEL SMITH ST,2857216,27/11/08,Thu,1945,MO,XN1C,385A ,M,R,D,O ,F , ,N,C,50,0,0,0,,,1748551,5426875,-41.29591089,174.7742512
Wellington City,CUBA ST,100,N, ,ABEL SMITH ST,2856159,3/11/08,Mon,1155,EE,CS1C,374B ,M,R,D,B ,F , ,N,C,50,0,0,0,,,1748575,5426929,-41.29542028,174.7745245
Wellington City,CUBA ST,20,S, ,GHUZNEE ST,2855475,28/09/08,Sun,1330,NA,CN1E,712B ,,R,D,B ,F , ,N,C,50,0,0,0,,,1748673,5427148,-41.29343048,174.775641
Wellington City,CUBA ST,, ,I,MANNERS ST,2857277,15/11/08,Sat,135,AC,CS1X,157A ,,M,D,DO,F ,T,T,N,50,0,0,0,,,1748783,5427388,-41.29124939,174.7768955
Wellington City,CUBA ST,20,N, ,VIVIAN ST,2813835,25/10/08,Sat,1200,EE,SN1C,512A 374B ,Q,R,D,B ,F , ,N,C,50,0,0,1,,,1748615,5427018,-41.29461161,174.7749803
Wellington City,CUBA ST,30,N, ,VIVIAN ST,2856353,20/09/08,Sat,500,MO,4S1M,371A ,M,R,D,O ,F , ,N,C,50,0,0,0,,,1748619,5427028,-41.29452084,174.7750256
Wellington City,CUBA ST,20,S, ,WAKEFIELD ST,2854577,25/08/08,Mon,1840,MO,CS1C,371A ,,R,W,DO,L , ,N,C,50,0,0,0,,,1748833,5427510,-41.29014175,174.7774625
Wellington City,CUBA ST,20,S, ,WAKEFIELD ST,2855871,25/08/08,Mon,1050,MO,VW1V,371A ,M,R,D,O ,F , ,N,C,50,0,0,0,,,1748833,5427510,-41.29014175,174.7774625
Wellington City,CUBA ST,20,S, ,WAKEFIELD ST,2854077,8/03/08,Sat,2357,MG,VS14,102B 371B 400B ,,R,D,DO,F , ,N,N,50,0,0,0,,,1748833,5427510,-41.29014175,174.7774625
Wellington City,CUBA ST,15,N, ,WEBB ST,2854236,28/04/08,Mon,,MO,CN1C,120A 386A ,M,R,D,DO,F ,T,G,C,50,0,0,0,,,1748469,5426692,-41.29757361,174.7733169
Wellington City,CUSTOMHOUSE QUAY,20,S, ,BALLANCE ST,2853765,29/04/08,Tue,1520,FD,4N1C,512A ,,R,D,O ,F ,T,T,R,50,0,0,0,,,1748955,5428393,-41.28216921,174.7787029
Wellington City,CUSTOMHOUSE QUAY,10,S, ,BRANDON ST,2856379,28/08/08,Thu,1700,FD,CN1C,181A ,,E,D,O ,F ,T,T,R,50,0,0,0,,,1748873,5428204,-41.28388599,174.7777704
Wellington City,CUSTOMHOUSE QUAY,15,S, ,BRANDON ST,2812308,5/06/08,Thu,1600,NB,VN1E,377A 711B ,,E,D,O ,F , ,N,R,50,0,0,1,,,1748871,5428199,-41.28393137,174.7777477
Wellington City,CUSTOMHOUSE QUAY,, ,I,BRANDON ST,2811624,8/02/08,Fri,810,NE,SN1E,370A ,,R,D,B ,F ,T,T,R,50,0,1,0,54,39,1748876,5428214,-41.2837954,174.7778037
Wellington City,CUSTOMHOUSE QUAY,, ,I,BRANDON ST,2812209,12/05/08,Mon,1040,AC,TN1X,372A 402A ,,E,W,O ,H ,T,T,R,50,0,0,1,,,1748876,5428214,-41.2837954,174.7778037
Wellington City,CUSTOMHOUSE QUAY,, ,I,BRANDON ST,2856050,14/10/08,Tue,1826,FE,VS1X,181A 387A ,,R,D,O ,F ,T,T,R,50,0,0,0,,,1748876,5428214,-41.2837954,174.7778037
Wellington City,CUSTOMHOUSE QUAY,, ,I,BRANDON ST,2851157,26/03/08,Wed,1105,FE,CS1C,112A 181A ,,R,D,B ,F ,T,T,R,50,0,0,0,,,1748876,5428214,-41.2837954,174.7778037
Wellington City,CUSTOMHOUSE QUAY,, ,I,BUNNY ST,2812099,21/05/08,Wed,900,EE,SN1C,374B ,Q,R,D,B ,F ,T,T,C,50,0,0,1,,43,1748962,5428411,-41.28200586,174.778782
Wellington City,CUSTOMHOUSE QUAY,15,S, ,GREY ST,2857026,12/09/08,Fri,900,MO,TW1C,371A 926 ,M,R,D,O ,F ,D,N,C,50,0,0,0,,,1748806,5428074,-41.28506879,174.7770024
Wellington City,CUSTOMHOUSE QUAY,15,N, ,HUNTER ST,2856780,12/08/08,Tue,1345,MO,CN1C,371A ,M,R,W,O ,L , ,N,C,50,0,0,0,,,1748787,5428029,-41.28547744,174.7767866
Wellington City,CUSTOMHOUSE QUAY,25,S, ,HUNTER ST,2857276,13/12/08,Sat,1530,MG,CN14,371B ,,R,D,B ,F , ,N,C,30,0,0,0,,,1748771,5427992,-41.28581352,174.7766047
Wellington City,CUSTOMHOUSE QUAY,, ,I,HUNTER ST,2856790,10/12/08,Wed,1600,AC,CN1X,173A ,,R,D,B ,F ,X,T,L,50,0,0,0,,,1748781,5428015,-41.2856046,174.7767184
Wellington City,CUSTOMHOUSE QUAY,, ,I,JERVOIS QUAY,2850785,15/02/08,Fri,1142,FB,CN1C,181A 387A ,,R,D,B ,F ,Y,T,N,50,0,0,0,,,1748869,5428191,-41.28400377,174.7777258
Wellington City,CUSTOMHOUSE QUAY,, ,I,JOHNSTON ST,2811240,9/02/08,Sat,829,JA,CN1C,322A 819 ,,R,D,O ,F ,T,T,C,50,0,1,0,,,1748906,5428279,-41.28320464,174.7781459
Wellington City,CUSTOMHOUSE QUAY,, ,I,JOHNSTON ST,2852735,19/02/08,Tue,1303,FE,XS1C,331A ,,R,D,B ,F ,T,T,R,50,0,0,0,,,1748906,5428279,-41.28320464,174.7781459
Wellington City,CUSTOMHOUSE QUAY,, ,I,JOHNSTON ST,2813454,1/08/08,Fri,1930,NC,CW2E,307A ,,R,W,DO,L ,T,T,R,50,0,0,1,,,1748906,5428278,-41.28321365,174.7781461
Wellington City,CUSTOMHOUSE QUAY,40,S, ,PANAMA ST,2852249,6/04/08,Sun,1050,MA,CS1C,371A ,,R,D,B ,F , ,N,R,50,0,0,0,,,1748825,5428117,-41.28467814,174.7772187
Wellington City,CUSTOMHOUSE QUAY,30,S, ,WHITMORE ST,2811031,5/01/08,Sat,1722,CB,CN1,129A 352A 402A ,J,R,D,O ,F , ,N,R,50,0,0,1,,,1748964,5428414,-41.28197848,174.7788052
Wellington City,CUSTOMHOUSE QUAY,, ,I,WILLESTON ST,2856784,23/10/08,Thu,1155,GD,TW2C,385A ,,R,D,O ,F ,X,T,C,50,0,0,0,,,1748740,5427923,-41.28644047,174.7762515
Wellington City,DANIELL ST,, ,I,CONSTABLE ST,2854671,27/08/08,Wed,1636,FE,CN1C,181A ,,R,D,O ,F ,X,T,C,50,0,0,0,,,1749193,5424928,-41.31332208,174.7823929
Wellington City,DANIELL ST,, ,I,CONSTABLE ST,2811942,4/04/08,Fri,1545,NA,4N1E,711B ,,R,W,O ,F ,X,T,C,50,0,0,1,12,,1749193,5424928,-41.31332208,174.7823929
Wellington City,DANIELL ST,, ,I,NORMANBY ST,2857217,21/10/08,Tue,750,DB,TE2C,122A 386A ,M,R,D,O ,F ,T,N,C,50,0,0,0,,,1749220,5424802,-41.31445151,174.7827463
Wellington City,DANIELL ST,30,N, ,WINGATE TERRACE,2856162,21/10/08,Tue,2230,MO,CN1C,386A 862 ,M,R,D,DO,F , ,N,C,50,0,0,0,,,1749284,5424489,-41.31725772,174.7835874
Wellington City,DARLINGTON ROAD,40,S, ,TOTARA TERRACE,2813231,21/09/08,Sun,1110,MO,SS14,204A 308B 378B 835 929 ,,R,D,O ,F ,D,N,N,50,0,0,1,,12,1752733,5425237,-41.30987757,174.824587
Wellington City,DAVIS ST,10,E, ,HOBSON ST,2852928,27/05/08,Tue,1250,QG,TW1C4,663A ,M,R,W,O ,L ,T,N,C,50,0,0,0,,,1749288,5429198,-41.27485995,174.7824802
Wellington City,DAVIS ST,15,S, ,THORNDON QUAY,2855271,31/07/08,Thu,830,EE,CN1C,374B ,Q,R,W,O ,L , ,N,N,50,0,0,0,,,1749374,5429237,-41.27449292,174.783497
Wellington City,DAWSON ST,20,E, ,ADELAIDE ROAD,2851897,31/01/08,Thu,1715,MG,CW1C,371B ,,R,D,B ,F , ,N,N,50,0,0,0,,,1748584,5423848,-41.32315817,174.7753846
Wellington City,DEKKA ST,30,W, ,GANGES ROAD,2853626,19/06/08,Thu,1759,LB,4E1C,303B 920 ,,R,D,TO,F ,D,N,C,50,0,0,0,,,1750074,5432249,-41.24724486,174.7911096
Wellington City,DERWENT ST,100,N, ,HUMBER ST,2813081,25/09/08,Thu,800,EA,CN1C,129A 358A ,M,R,D,B ,FF, ,N,P,50,0,0,1,,,1748117,5422061,-41.33933319,174.7702427
Wellington City,DERWENT ST,, ,I,HUMBER ST,2856489,3/12/08,Wed,1135,FA,CN1C,181A 191B 434B ,,R,D,O ,F ,T,G,R,50,0,0,0,,,1748085,5421966,-41.34019439,174.7698836