TLA NAME,CRASH ROAD,CRASH DIST,CRASH DIRN,INTSN,SIDE ROAD,CRASH ID,CRASH DATE,CRASH DOW,CRASH TIME,MVMT,VEHICLES,CAUSES,OBJECTS STRUCK,ROAD CURVE,ROAD WET,LIGHT,WTHRa,JUNC TYPE,TRAF CTRL,ROAD MARK,SPD LIM,CRASH FATAL CNT,CRASH SEV CNT,CRASH MIN CNT,PERS AGE1,PERS AGE2,EASTING,NORTHING,latitude,longitude
Wellington City,DERWENT ST,30,S, ,MERSEY ST,2856716,22/11/08,Sat,1700,CB,CN1C,414A ,M,R,D,B ,FS, ,N,C,50,0,0,0,,,1748197,5422298,-41.33718468,174.7711406
Wellington City,DERWENT ST,, ,I,MOSELLE ST,2856901,14/10/08,Tue,1951,DA,VS2,103A 111A 122A ,H,R,D,DO,F ,T,G,C,50,0,0,0,,,1748059,5421888,-41.34090143,174.769592
Wellington City,DERWENT ST,130,S, ,RIBBLE ST,2850503,22/01/08,Tue,1030,EE,SS1C,374B 903 ,Q,R,D,B ,FS, ,N,C,50,0,0,0,,,1748128,5422093,-41.33904306,174.7703663
Wellington City,DEVON ST,15,N, ,ARO ST,2853019,25/02/08,Mon,1415,MG,PS1V,371B ,,R,D,B ,F , ,N,C,50,0,0,0,,,1747911,5426968,-41.29519111,174.7665881
Wellington City,DEVON ST,200,N, ,ARO ST,2851901,18/01/08,Fri,1330,EA,TN1C,385A ,M,E,D,B ,F , ,N,N,50,0,0,0,,,1747937,5427149,-41.29355671,174.7668545
Wellington City,DEVON ST,100,E, ,FAIRLIE TERRACE,2852356,9/04/08,Wed,950,BC,CS1C,121A ,G,E,W,O ,L , ,N,N,50,0,0,0,,,1747915,5427188,-41.29320961,174.7665824
Wellington City,DEVONSHIRE ROAD,, ,I,HOBART ST,2853770,26/05/08,Mon,1000,HA,CW1C,301B ,,R,W,O ,F ,X,S,C,50,0,0,0,,,1751760,5423957,-41.32158532,174.8132884
Wellington City,DIXON ST,, ,A,CUBA ST,2855712,5/09/08,Fri,2230,FE,CW1V,331A ,,R,W,TO,L , ,T,C,50,0,0,0,,,1748757,5427333,-41.29174937,174.7765985
Wellington City,DIXON ST,, ,A,CUBA ST,2851344,14/03/08,Fri,1706,AO,CW1B,170A 209A 370A 372B ,,R,D,B ,F , ,T,C,50,0,0,0,,,1748757,5427333,-41.29174937,174.7765985
Wellington City,DIXON ST,15,W, ,TARANAKI ST,2854070,27/06/08,Fri,715,NB,VW1E,714B ,,R,W,O ,F , ,N,C,50,0,0,0,,,1748935,5427254,-41.29242782,174.7787427
Wellington City,DIXON ST,15,E, ,VICTORIA ST,2851469,16/03/08,Sun,245,MA,VW1X,373B 386B ,,R,D,DO,F , ,N,C,50,0,0,0,,,1748656,5427379,-41.29135382,174.7753816
Wellington City,DIXON ST,30,E, ,VICTORIA ST,2855880,30/07/08,Wed,2040,EA,BW1X,129A ,Q,R,W,DO,F , ,N,C,50,0,0,0,,,1748670,5427372,-41.29141426,174.7755505
Wellington City,DIXON ST,15,W, ,VICTORIA ST,2853533,7/07/08,Mon,2319,EA,4N14,102A 357A 512A ,M,R,D,DO,F , ,N,C,50,0,0,0,,,1748629,5427391,-41.29125075,174.7750564
Wellington City,DIXON ST,30,W, ,VICTORIA ST,2851586,10/02/08,Sun,2120,MO,4W1C,371A ,M,R,D,DO,L , ,N,C,50,0,0,0,,,1748615,5427397,-41.29119931,174.7748878
Wellington City,DIXON ST,, ,I,VICTORIA ST,2812554,12/07/08,Sat,923,ND,BW1E,718B ,,R,W,O ,L ,X,T,C,50,0,0,1,53,,1748643,5427385,-41.29130219,174.775225
Wellington City,DIXON ST,, ,I,VICTORIA ST,2850981,21/02/08,Thu,400,FE,VW1X,103A 181A ,,R,D,DO,F ,X,T,C,50,0,0,0,,,1748643,5427385,-41.29130219,174.775225
Wellington City,DIXON ST,20,E, ,WILLIS ST,2855893,10/10/08,Fri,2245,EE,4W1C,386A 374B ,M,R,D,DO,F , ,N,C,50,0,0,0,,,1748538,5427431,-41.29090736,174.7739603
Wellington City,DIXON ST,20,E, ,WILLIS ST,2850998,12/02/08,Tue,1004,EE,CW1C,374B ,M,R,W,O ,L , ,N,C,50,0,0,0,,,1748538,5427431,-41.29090736,174.7739603
Wellington City,DIXON ST,30,E, ,WILLIS ST,2812449,7/06/08,Sat,1336,AC,CW1CE,386A ,,R,D,B ,F , ,N,C,50,0,0,1,,,1748547,5427427,-41.29094172,174.7740687
Wellington City,DIXON ST,20,W, ,WILLIS ST,2856786,31/10/08,Fri,2120,FD,MW1C,110A ,,R,D,DO,F , ,N,C,50,0,0,0,,,1748502,5427447,-41.29076993,174.7735267
Wellington City,DIXON ST,, ,I,WILLIS ST,2857067,21/12/08,Sun,42,HA,CN2C,322A ,,R,W,DO,H ,X,T,C,50,0,0,0,,,1748520,5427439,-41.29083864,174.7737435
Wellington City,DOMANSKI CRESCENT,50,S, ,MURCHISON ST,2854130,13/07/08,Sun,830,DB,CS1,101A 111A 135A 801 901 ,,E,W,DO,H , ,N,C,50,0,0,0,,,1747264,5422470,-41.33580711,174.7599534
Wellington City,DOMANSKI CRESCENT,, ,I,MURCHISON ST,2812179,1/03/08,Sat,2334,DB,CW2,131A 400A ,EZ,M,W,DO,L ,Y,N,C,50,0,1,0,,,1747278,5422515,-41.33539939,174.7601097
Wellington City,DONALD MCLEAN ST,70,W, ,DANIELL ST,2855956,26/09/08,Fri,1208,BA,CE1C,125A ,,R,D,B ,F , ,N,C,50,0,0,0,,,1749166,5424709,-41.31529881,174.7821242
Wellington City,DORKING ROAD,50,W, ,ASQUITH TERRACE,2852184,1/04/08,Tue,1818,MO,TE1C,371A ,M,M,D,TF,F , ,N,N,50,0,0,0,,,1748085,5425725,-41.30635051,174.7689678
Wellington City,DRANSFIELD ST,15,E, ,LIARDET ST,2856977,26/12/08,Fri,2349,DA,CW1CC,111A 131A 359A ,M,E,D,DO,F ,X,G,R,50,0,0,0,,,1748201,5425028,-41.31260461,174.7705227
Wellington City,DUNCAN ST,100,S, ,MCLELLAN ST,2813265,13/09/08,Sat,2330,CB,CS1,103A 110A ,PT,R,D,DO,F , ,N,R,50,0,1,0,,,1753615,5441472,-41.16354236,174.8310335
Wellington City,DUNCAN ST,250,S, ,MCLELLAN ST,2850038,4/01/08,Fri,1230,BE,CS14,410A ,,R,D,B ,F , ,N,C,50,0,0,0,,,1753550,5441337,-41.16477013,174.8302929
Wellington City,DUNCAN ST,300,S, ,MCLENNAN ST,2854591,13/08/08,Wed,1220,EA,TS1C,386A ,M,R,D,O ,F , ,N,C,50,0,0,0,,,1753527,5441293,-41.16517063,174.8300299
Wellington City,DUNCAN ST,100,S, ,STEPHEN ST,2852925,2/04/08,Wed,827,MO,CN1C,385A ,M,R,D,O ,F , ,N,C,50,0,0,0,,,1753438,5440852,-41.16915797,174.82908
Wellington City,DUNCAN TERRACE,, ,I,KOTINGA ST,2854403,16/08/08,Sat,234,DB,CS2C,103A 131A ,M,E,D,DO,F ,T,N,N,50,0,0,0,,,1749861,5424305,-41.31880732,174.7905233
Wellington City,DUNCAN TERRACE,100,N, ,RODRIGO ROAD,2857322,23/11/08,Sun,2330,EA,CN1C,385A ,M,R,D,DO,F , ,N,L,50,0,0,0,,,1749833,5424104,-41.3206222,174.7902384
Wellington City,DUNDAS ST,, ,I,INGLIS ST,2854771,18/05/08,Sun,1510,LB,CN2C,303B ,,R,D,B ,F ,X,G,R,50,0,0,0,,,1753372,5423765,-41.32300894,174.8325882
Wellington City,EDEN ST,20,S, ,CAM ST,2851723,23/02/08,Sat,138,EA,CN1C,129A 352A ,M,R,D,DO,F , ,N,N,50,0,0,0,,,1748249,5422885,-41.33189012,174.7716185
Wellington City,EDEN ST,40,S, ,DEE ST,2850512,4/02/08,Mon,511,DB,CN1VCC,111A 514A 602A ,M,M,D,DO,F , ,N,C,50,0,0,0,,,1748335,5423156,-41.32943437,174.7725796
Wellington City,EDGE HILL,20,E, ,KENT TERRACE,2857123,24/12/08,Wed,1145,MO,CW1C,371A 370B 923 ,,R,W,O ,H ,D,N,N,50,0,0,0,,,1749327,5426911,-41.29544356,174.7835064
Wellington City,ELLICE ST,30,E, ,BROUGHAM ST,2857320,12/12/08,Fri,1230,MA,CE1C,373B ,,R,D,O ,F , ,N,N,50,0,0,0,,,1749327,5426353,-41.30046746,174.7836433
Wellington City,ELLICE ST,60,E, ,BROUGHAM ST,2813678,16/10/08,Thu,810,NB,CW1E,713B ,,R,D,O ,F , ,N,C,50,0,0,1,,,1749354,5426341,-41.3005705,174.7839686
Wellington City,ELLICE ST,, ,I,HANIA ST,2812198,20/05/08,Tue,1030,HA,CS1S,370A 112B 205B ,,R,D,B ,F ,T,G,R,50,0,1,0,,21,1749171,5426423,-41.29986607,174.7817637
Wellington City,ELLIOTT ST,, ,A,BANNISTER AVENUE,2853128,20/03/08,Thu,1615,DB,CE1X,111A 358A ,Q,M,D,B ,F , ,N,C,50,0,0,0,,,1750552,5434181,-41.22976137,174.7963353
Wellington City,EMMETT ST,100,E, ,RIDDIFORD ST,2851610,8/02/08,Fri,840,MG,CE1C,371B ,M,R,D,B ,F , ,N,N,50,0,0,0,,,1749031,5425120,-41.31162337,174.7804114
Wellington City,ERLESTOKE CRESCENT,, ,I,NESTON GROVE,2850384,11/01/08,Fri,2315,DA,CN1CC,133A ,M,R,D,DO,F ,T,N,N,50,0,0,0,,,1750871,5437399,-41.20072885,174.7993454
Wellington City,EVANS BAY PARADE,180,N, ,BELVEDERE ROAD,2811511,23/02/08,Sat,1045,EA,SN1C,350A 370A ,M,E,D,B ,F , ,N,C,50,0,0,1,,12,1750587,5425687,-41.30622953,174.7988512
Wellington City,EVANS BAY PARADE,, ,I,KEMP ST,2811667,3/03/08,Mon,1535,NC,MS1E,137A 711B ,,R,D,B ,F ,T,N,C,50,0,0,2,,,1750280,5424668,-41.31546115,174.7954374
Wellington City,EVANS BAY PARADE,100,N, ,KIO ROAD,2812863,17/08/08,Sun,8,PA,CN1E,129A 105B 701B ,,R,D,DO,F , ,N,C,50,0,0,1,36,,1751090,5426727,-41.29677207,174.8045987
Wellington City,EVANS BAY PARADE,180,N, ,MAIDA VALE ROAD,2811785,9/03/08,Sun,1425,DA,CN1,103A 111A ,HK,M,D,B ,F , ,N,C,50,0,0,4,,,1750960,5427307,-41.29157448,174.8029029
Wellington City,EVANS BAY PARADE,250,N, ,MAIDA VALE ROAD,2812307,18/05/08,Sun,1317,DA,MS1,130A ,K,S,D,B ,F , ,N,C,50,0,1,0,,,1751026,5427330,-41.29135505,174.8036851
Wellington City,EVANS BAY PARADE,500,N, ,MAIDA VALE ROAD,2811098,4/01/08,Fri,2020,BF,CS1C,111A ,,M,D,O ,F , ,N,C,50,0,2,0,,,1751006,5427554,-41.28934205,174.8033908
Wellington City,EVANS BAY PARADE,200,S, ,MAIDA VALE ROAD,2853283,15/06/08,Sun,1330,GE,CE1C,112A 331A 333A 929 ,CFX,R,D,B ,F ,D,N,C,50,0,0,0,,,1750995,5426972,-41.29458404,174.8034038
Wellington City,EVANS BAY PARADE,1500,S, ,MAIDA VALE ROAD,2812883,29/07/08,Tue,1650,EE,SS1C,374B ,Q,E,D,TO,F , ,N,C,50,0,1,0,,33,1750891,5425889,-41.30435406,174.8024308
Wellington City,EVANS BAY PARADE,200,E, ,ORIENTAL PARADE,2851272,2/03/08,Sun,1616,GE,CS1C,156A 160A 402A 929 ,,S,D,B ,F ,D,N,C,50,0,0,0,,,1751047,5427760,-41.2874797,174.8038291
Wellington City,EVANS BAY PARADE,300,E, ,RATA ROAD,2855713,27/06/08,Fri,850,MA,CN1B,373B ,,E,W,O ,L , ,N,R,50,0,0,0,,,1750932,5425915,-41.30411231,174.8029139
Wellington City,EVANS BAY PARADE,150,N, ,RATA ROAD,2813651,17/12/08,Wed,755,CA,PN1,135A 807 ,,R,W,O ,L , ,N,P,50,0,0,1,,,1750793,5425883,-41.3044264,174.8012622
Wellington City,EVANS BAY PARADE,600,N, ,RATA ROAD,2811765,25/01/08,Fri,1200,MD,SN1C,308B 927 ,,R,D,B ,F ,D,N,C,50,0,0,1,,,1751081,5426173,-41.30176158,174.8046288
Wellington City,EVANS BAY PARADE,150,S, ,RATA ROAD,2812129,26/04/08,Sat,1003,MD,CN1S,371A 839 929 ,,E,D,B ,F ,D,N,C,50,0,1,0,,27,1750591,5425698,-41.30612974,174.7988962
Wellington City,EVANS BAY PARADE,150,S, ,RATA ROAD,2854969,25/06/08,Wed,1550,FC,CS1C,331A ,,E,W,O ,L , ,N,X,50,0,0,0,,,1750591,5425698,-41.30612974,174.7988962
Wellington City,EVANS BAY PARADE,100,N, ,SH 1N,2856561,11/12/08,Thu,1626,GD,CN1C,331A 930 ,,R,D,B ,F ,D,N,C,50,0,0,0,,,1750354,5425095,-41.31160295,174.7962155
Wellington City,EVERTON TERRACE,30,W, ,THE TERRACE,2851921,12/03/08,Wed,1700,FD,4W1CC,331A 351A ,,R,D,B ,F , ,N,L,50,0,0,0,,,1748504,5428041,-41.2854215,174.7734057
Wellington City,EVERTON TERRACE,, ,I,THE TERRACE,2813916,7/07/08,Mon,1700,DC,CE1,501A ,P,R,D,TF,F ,T,T,C,50,0,0,1,,,1748531,5428029,-41.28552458,174.7737309
Wellington City,FARNHAM ST,120,E, ,HAVELOCK ST,2811864,31/03/08,Mon,1740,BF,MN1C,137A 123B ,,M,W,O ,F , ,N,C,50,0,0,1,,,1747791,5424346,-41.31882019,174.7657925
Wellington City,FARNHAM ST,220,W, ,PRISCILLA CRESCENT,2854805,15/08/08,Fri,1540,EA,BN1CV,386A 839 ,M,E,D,O ,F , ,N,C,50,0,0,0,,,1747857,5424078,-41.32122102,174.7666459
Wellington City,FEATHERSTON ST,40,N, ,BUNNY ST,2811572,7/03/08,Fri,803,EE,SS1C,374B ,Q,R,D,B ,F , ,N,C,50,0,0,1,,34,1749018,5428720,-41.27921346,174.7793748
Wellington City,FEATHERSTON ST,, ,I,HUNTER ST,2851825,24/04/08,Thu,1400,MA,4S1V,373B 442B 839 ,,R,D,B ,F ,T,T,C,50,0,0,0,,,1748708,5428049,-41.28531193,174.7758388
Wellington City,FEATHERSTON ST,15,N, ,JOHNSTON ST,2851290,7/03/08,Fri,1217,MA,CS1CC,386A ,,R,D,O ,F ,X,N,C,50,0,0,0,,,1748834,5428326,-41.28279476,174.777275
Wellington City,FEATHERSTON ST,, ,I,JOHNSTON ST,2854183,2/08/08,Sat,850,HA,TS1V,324B ,,R,D,O ,F ,X,T,C,50,0,0,0,,,1748828,5428312,-41.28292191,174.7772068
Wellington City,FEATHERSTON ST,, ,I,JOHNSTON ST,2813507,23/04/08,Wed,1645,NF,CN1E,307A 514A ,,R,D,B ,F ,X,T,N,50,0,0,1,29,,1748828,5428312,-41.28292191,174.7772068
Wellington City,FEATHERSTON ST,, ,I,MULGRAVE ST,2852252,10/04/08,Thu,1142,JA,CN1C,322A ,,R,D,B ,F ,T,T,R,50,0,0,0,,,1749083,5428834,-41.27817507,174.7801227
Wellington City,FEATHERSTON ST,, ,I,PANAMA ST,2854778,10/05/08,Sat,1105,MO,CE24,371B ,,R,W,O ,L ,X,T,C,50,0,0,0,,,1748770,5428185,-41.28407604,174.7765456
Wellington City,FEATHERSTON ST,, ,I,PANAMA ST,2856112,22/10/08,Wed,1303,AA,CS1X,353A 372A ,,R,D,O ,F ,X,T,C,50,0,0,0,,,1748770,5428185,-41.28407604,174.7765456
Wellington City,FEATHERSTON ST,, ,I,WARING TAYLOR ST,2854404,31/05/08,Sat,150,CB,CS1,103A 410A ,S,R,W,DO,F ,X,T,C,50,0,0,0,,,1748858,5428378,-41.28232215,174.7775488
Wellington City,FEATHERSTON ST,, ,I,WHITMORE ST,2852884,10/05/08,Sat,958,HA,CW2C,322A ,,R,W,O ,L ,X,T,C,50,0,0,0,,,1748923,5428522,-41.28101367,174.7782894
Wellington City,FEATHERSTON ST,, ,I,WHITMORE ST,2813794,20/11/08,Thu,1910,LB,SW1C,303B 375B ,,R,D,B ,F ,X,T,R,50,0,0,1,,44,1748923,5428522,-41.28101367,174.7782894
Wellington City,FEATHERSTON ST,, ,I,WHITMORE ST,2854841,21/08/08,Thu,1331,LB,CW2C,113A 303B 325B ,,R,D,B ,F ,X,T,P,50,0,0,0,,,1748923,5428522,-41.28101367,174.7782894
Wellington City,FERRY TERMINAL ACCESS ROA,, ,I,AOTEA QUAY,2857206,29/12/08,Mon,1646,FB,XS1C,331A ,,R,D,O ,F ,Y,G,N,70,0,0,0,,,1749545,5430179,-41.26598004,174.7853066
Wellington City,FINDLAY ST,100,N, ,LINDEN AVENUE,2852683,8/06/08,Sun,1545,MO,CS1C,371A 929 ,M,R,D,O ,F ,D,N,N,50,0,0,0,,,1753710,5442272,-41.15632166,174.8319647
Wellington City,FITZPATRICK ST,, ,I,SLOANE TERRACE,2811601,8/03/08,Sat,1425,DB,MS1,111A 433A 614A ,FH,S,D,B ,F ,T,N,C,50,0,0,1,,,1752188,5434914,-41.2228558,174.8156636
Wellington City,FITZPATRICK ST,350,S, ,STEWART DRIVE,2857315,31/10/08,Fri,2130,EA,4N1C,385A ,M,R,D,DO,F , ,N,N,50,0,0,0,,,1752235,5434802,-41.22385533,174.8162519
Wellington City,FORTUNATUS ST,, ,I,MANA ST,2855719,29/09/08,Mon,910,MO,TN1,386A ,P,S,D,O ,F ,T,N,C,50,0,0,0,,,1747889,5425116,-41.31186957,174.7667756
Wellington City,FRANKMOORE AVENUE,, ,I,DOCTOR TAYLOR TERRACE,2812492,15/03/08,Sat,415,DB,VN2,102A 111A 131A ,,R,D,DO,F ,T,G,C,50,0,0,1,,,1751194,5435039,-41.22191671,174.8037795
Wellington City,FRANKMOORE AVENUE,20,E, ,PHILLIP ST,2855286,8/08/08,Fri,800,MO,CN1C,371A 929 ,Q,R,W,O ,M , ,N,N,50,0,0,0,,,1751061,5435066,-41.22169846,174.8021868
Wellington City,FRASER AVENUE,100,S, ,HAUMIA ST,2855295,10/05/08,Sat,1250,BC,BS1C,121A 197B ,,M,W,O ,L , ,N,C,50,0,0,0,,,1751143,5433934,-41.23187501,174.8034447
Wellington City,FRASER AVENUE,220,S, ,HAUMIA ST,2852369,21/05/08,Wed,1258,DB,CS1,130A 514A 517A ,C,M,D,B ,F , ,N,C,50,0,0,0,,,1751051,5433887,-41.23231536,174.8023591
Wellington City,FRASER AVENUE,200,S, ,POLLEN ST,2856775,28/12/08,Sun,1400,EA,CS1C,129A ,M,M,D,B ,F , ,N,N,50,0,0,0,,,1751223,5434139,-41.23001436,174.8043481
Wellington City,FRASER AVENUE,, ,I,POLLEN ST,2850295,15/01/08,Tue,2034,JA,CS1C,309B 375B ,,E,D,O ,F ,T,N,C,50,0,0,0,,,1751362,5434265,-41.22885394,174.8059746
Wellington City,FREYBERG ST,130,S, ,TORU ST,2813076,5/09/08,Fri,2348,CB,CS1V,103A 112A 205A ,IM,R,D,DO,F , ,N,R,50,0,1,0,,,1750083,5423141,-41.32924589,174.7934619
Wellington City,FYVIE AVENUE,150,N, ,ST AIDANS WAY,2851449,2/04/08,Wed,2320,DB,CS1C,103A 121A ,,E,D,DO,F , ,N,N,50,0,0,0,,,1753237,5442086,-41.1580858,174.8263765
Wellington City,FYVIE AVENUE,, ,I,ST AIDANS WAY,2856878,23/12/08,Tue,1737,DC,CE2,112A ,F,R,D,B ,F ,T,N,C,50,0,0,0,,,1753267,5441942,-41.15937662,174.8267699
Wellington City,GANGES ROAD,, ,I,DEKKA ST,2812921,26/06/08,Thu,1535,NA,CE1E,370A 719B ,,R,W,O ,F ,T,N,C,50,0,0,1,78,,1750100,5432263,-41.24711399,174.7914164
Wellington City,GARDEN ROAD,500,W, ,BANK ROAD,2855534,18/10/08,Sat,300,DA,CN1,131A 358A ,F,M,D,DO,F , ,N,C,50,0,0,0,,,1747405,5428258,-41.28366913,174.7602351
Wellington City,GARDEN ROAD,100,S, ,ORANGI KAUPAPA ROAD,2855285,14/06/08,Sat,1300,EA,4N1C,129A ,M,M,D,B ,F , ,N,C,50,0,0,0,,,1747488,5428316,-41.28313177,174.7612117
Wellington City,GHUZNEE ST,20,E, ,CUBA ST,2852027,6/02/08,Wed,1135,MA,CE1C,373B ,,R,D,B ,F , ,N,C,50,0,0,0,,,1748699,5427158,-41.29333566,174.7759489
Wellington City,GHUZNEE ST,50,W, ,CUBA ST,2811977,30/04/08,Wed,2253,NA,CE1E,105B 711B 712B ,,R,W,DO,H , ,N,C,50,0,0,1,33,,1748635,5427186,-41.29309535,174.7751781
Wellington City,GHUZNEE ST,, ,I,CUBA ST,2811092,8/01/08,Tue,1041,NA,VW1E,711B ,,R,W,O ,L ,X,T,C,50,0,1,0,65,,1748681,5427166,-41.29326695,174.7757321
Wellington City,GHUZNEE ST,, ,I,CUBA ST,2856124,20/09/08,Sat,1025,DA,XN2C,122A ,Q,R,D,B ,F ,X,T,C,50,0,0,0,,,1748681,5427166,-41.29326695,174.7757321
Wellington City,GHUZNEE ST,, ,I,CUBA ST,2812919,2/09/08,Tue,1005,NA,VW1E,712B 718B ,,R,D,O ,F ,X,T,C,50,0,1,0,82,,1748681,5427166,-41.29326695,174.7757321
Wellington City,GHUZNEE ST,, ,I,CUBA ST,2812920,4/07/08,Fri,1905,NA,CW1E,711B 718B ,,R,W,DO,F ,X,T,C,50,0,0,1,26,,1748681,5427166,-41.29326695,174.7757321
Wellington City,GHUZNEE ST,, ,I,FURNESS LANE,2856493,25/10/08,Sat,1555,MD,CE1C,371B ,,R,W,O ,F ,T,N,C,50,0,0,0,,,1748833,5427095,-41.29387818,174.777564
Wellington City,GHUZNEE ST,10,E, ,MARION ST,2852384,19/04/08,Sat,1835,MC,CE1C,372B ,,R,D,DO,F ,T,N,C,50,0,0,0,,,1748778,5427121,-41.29365423,174.776901
Wellington City,GHUZNEE ST,60,W, ,MARION ST,2812800,2/08/08,Sat,1450,NB,VW1E,711B ,,R,D,O ,LS, ,N,C,50,0,0,1,18,,1748714,5427151,-41.29339592,174.7761297
Wellington City,GHUZNEE ST,, ,I,MARION ST,2855701,27/08/08,Wed,1045,KA,CW1C,110A 302B 382B ,,R,D,O ,L ,T,G,C,50,0,0,0,,,1748769,5427126,-41.29361087,174.7767924
Wellington City,GHUZNEE ST,, ,I,MARION ST,2852596,2/05/08,Fri,920,FD,CE14,331A ,,R,D,B ,F ,T,G,C,50,0,0,0,,,1748769,5427126,-41.29361087,174.7767924
Wellington City,GHUZNEE ST,, ,I,MARION ST,2813223,23/09/08,Tue,1120,JA,CW1C,302B 377B ,,R,W,O ,L ,T,G,R,50,0,0,1,,,1748769,5427126,-41.29361087,174.7767924
Wellington City,GHUZNEE ST,30,E, ,SLIP,2854848,28/07/08,Mon,1555,FB,4E1C,181A 512A ,,R,D,O ,F , ,N,C,50,0,0,0,,,1748590,5427206,-41.29292357,174.774636
Wellington City,GHUZNEE ST,50,E, ,SLIP,2852737,29/03/08,Sat,1600,EA,TW1V,385A ,M,R,D,O ,F , ,N,C,50,0,0,0,,,1748608,5427198,-41.29299228,174.7748528
Wellington City,GHUZNEE ST,20,W, ,TARANAKI ST,2853330,4/03/08,Tue,2015,FE,CE1C,333A ,,R,D,DN,L ,T,T,C,50,0,0,0,,,1748848,5427088,-41.29393844,174.7777448
Wellington City,GHUZNEE ST,20,W, ,TARANAKI ST,2812941,8/02/08,Fri,2200,MG,CE1C,371B ,,R,D,DO,F ,T,T,N,50,0,0,1,,,1748848,5427088,-41.29393844,174.7777448
Wellington City,GHUZNEE ST,, ,I,THE TERRACE,2853428,31/05/08,Sat,1608,JA,CS1C,302A 335A ,,R,D,O ,F ,T,G,C,50,0,0,0,,,1748255,5427358,-41.29161664,174.7705998
Wellington City,GHUZNEE ST,50,E, ,VICTORIA ST,2855697,26/07/08,Sat,2130,MO,CE1C,370B 382B 926 ,,R,W,DO,L ,D,N,C,50,0,0,0,,,1748578,5427212,-41.29287175,174.7744913
Wellington City,GHUZNEE ST,50,E, ,VICTORIA ST,2853888,17/07/08,Thu,1935,JA,CE1C,308B 351B 375B 927 ,,R,W,DO,L ,D,N,C,50,0,0,0,,,1748578,5427212,-41.29287175,174.7744913
Wellington City,GHUZNEE ST,, ,I,VICTORIA ST,2853934,21/04/08,Mon,1725,GA,4S2V,181A ,,R,D,TF,F ,X,T,C,50,0,0,0,,,1748533,5427232,-41.29269997,174.7739492
Wellington City,GHUZNEE ST,, ,I,VICTORIA ST,2852042,12/02/08,Tue,812,LB,VW1C,303B ,,R,D,B ,F ,X,T,C,50,0,0,0,,,1748533,5427232,-41.29269997,174.7739492
Wellington City,GHUZNEE ST,, ,I,VICTORIA ST,2852385,23/04/08,Wed,1205,LB,VW1C,302B ,,R,D,B ,F ,X,T,C,50,0,0,0,,,1748533,5427232,-41.29269997,174.7739492
Wellington City,GHUZNEE ST,, ,I,VICTORIA ST,2812181,7/05/08,Wed,2059,LB,MW1C,303B 353B ,,R,D,DO,F ,X,T,N,50,0,1,0,,,1748533,5427232,-41.29269997,174.7739492
Wellington City,GHUZNEE ST,20,W, ,WILLIS ST,2812180,6/05/08,Tue,1534,FA,CE14,331A 353A ,,R,D,B ,F , ,N,C,50,0,0,1,,,1748427,5427280,-41.2922873,174.7726721
Wellington City,GHUZNEE ST,, ,I,WILLIS ST,2812641,21/03/08,Fri,105,HA,VE1C,322B ,,R,D,DO,F ,X,T,C,50,0,0,3,,,1748446,5427272,-41.29235583,174.7729009
Wellington City,GILMER TERRACE,50,N, ,BOULCOTT ST,2813640,24/11/08,Mon,945,NA,XS1E,711B 712B ,,R,D,B ,F , ,N,N,50,0,1,0,31,,1748586,5428007,-41.28571253,174.7743928
Wellington City,GIRTON TERRACE,20,E, ,ADELAIDE ROAD,2857376,30/09/08,Tue,1714,CB,CW1,133A 433A ,H,R,D,B ,F , ,N,N,50,0,0,0,,,1748993,5426158,-41.30228486,174.7797034
Wellington City,GLAMIS AVENUE,10,N, ,BROADWAY,2856155,18/11/08,Tue,330,MO,CS1CC,514A ,M,R,D,DO,F ,T,N,C,50,0,0,0,,,1752433,5423626,-41.32443843,174.8214088
Wellington City,GLAMIS AVENUE,100,S, ,BROADWAY,2852247,19/04/08,Sat,1952,CC,CS1,103A 357A 359A ,F,R,W,TO,L , ,N,N,50,0,0,0,,,1752446,5423537,-41.32523726,174.8215863
Wellington City,GLANMIRE ROAD,15,E, ,BLACK ROCK ROAD,2852883,21/03/08,Fri,936,MD,CE1C,371B 831 929 ,,M,D,O ,F ,D,N,N,50,0,0,0,,,1752531,5434212,-41.22911155,174.819929
Wellington City,GLANMIRE ROAD,40,N, ,BLACK ROCK ROAD,2855282,27/07/08,Sun,951,LA,CN1V,110A 132A 929 ,,E,W,O ,L ,D,N,N,50,0,0,0,,,1752554,5434222,-41.22901718,174.8202008
Wellington City,GLASGOW ST,, ,I,CENTRAL TERRACE,2813832,24/12/08,Wed,1720,FB,CN1C4,101A 181A 831 ,,S,W,O ,L ,X,G,C,50,0,0,1,,,1747938,5427846,-41.28728109,174.7666971
Wellington City,GLASGOW ST,30,S, ,RAWHITI TERRACE,2811895,3/04/08,Thu,1615,MD,CS1C,331A 920 ,,M,D,B ,F ,D,N,C,50,0,0,1,,,1747974,5427781,-41.28785972,174.7671426
Wellington City,GLASGOW ST,50,S, ,RAWHITI TERRACE,2852210,4/03/08,Tue,1030,MO,CS1C,385A ,M,R,D,O ,F , ,N,C,50,0,0,0,,,1747981,5427762,-41.28802951,174.7672308
Wellington City,GLENMORE ST,50,S, ,COLLINS TERRACE,2856126,26/06/08,Thu,1200,EA,TS1C,129A ,M,R,D,B ,F , ,N,C,50,0,0,0,,,1747911,5428544,-41.28100159,174.7662053