TLA NAME,CRASH ROAD,CRASH DIST,CRASH DIRN,INTSN,SIDE ROAD,CRASH ID,CRASH DATE,CRASH DOW,CRASH TIME,MVMT,VEHICLES,CAUSES,OBJECTS STRUCK,ROAD CURVE,ROAD WET,LIGHT,WTHRa,JUNC TYPE,TRAF CTRL,ROAD MARK,SPD LIM,CRASH FATAL CNT,CRASH SEV CNT,CRASH MIN CNT,PERS AGE1,PERS AGE2,EASTING,NORTHING,latitude,longitude
Wellington City,GLENMORE ST,100,N, ,GARDEN ROAD,2813534,14/11/08,Fri,1215,MB,SN1X,355B 372B ,,R,D,B ,F , ,N,C,50,0,0,1,,51,1747766,5428459,-41.28179344,174.7644953
Wellington City,GLENMORE ST,200,N, ,GARDEN ROAD,2855511,6/10/08,Mon,1103,EE,TN1C,374B ,M,R,D,B ,F , ,N,C,50,0,0,0,,,1747852,5428510,-41.28131852,174.7655093
Wellington City,GLENMORE ST,, ,I,NORTHLAND ROAD,2857278,22/12/08,Mon,815,KA,CE1C,302B ,,M,D,B ,F ,M,G,C,50,0,0,0,,,1747137,5427898,-41.28695929,174.7571232
Wellington City,GLENMORE ST,10,N, ,ORANGI KAUPAPA ROAD,2813520,11/08/08,Mon,830,NA,CN1E,306A 902 ,,R,D,B ,F ,T,N,X,50,0,0,1,,,1747586,5428293,-41.28332094,174.762387
Wellington City,GLENMORE ST,30,N, ,ORANGI KAUPAPA ROAD,2851591,27/02/08,Wed,1200,EA,CS1C,129A ,M,R,D,B ,F , ,N,C,50,0,0,0,,,1747602,5428306,-41.28320097,174.7625749
Wellington City,GLENMORE ST,50,S, ,ORANGI KAUPAPA ROAD,2856136,24/08/08,Sun,800,MA,TS1B,373B ,,R,D,B ,F , ,N,C,50,0,0,0,,,1747541,5428254,-41.2836803,174.7618594
Wellington City,GLENMORE ST,50,S, ,ORANGI KAUPAPA ROAD,2855707,4/08/08,Mon,830,FD,CN1CC,331A ,,R,W,O ,F , ,N,C,50,0,0,0,,,1747541,5428254,-41.2836803,174.7618594
Wellington City,GOA ST,, ,I,MOXHAM AVENUE,2857370,6/02/08,Wed,1426,FB,CW1C,512A ,,R,D,B ,F ,X,S,C,50,0,0,0,,,1750046,5425404,-41.30887827,174.7924615
Wellington City,GRAFTON ROAD,150,S, ,PALLISER ROAD,2813266,31/08/08,Sun,1044,EA,CS1CC,111A 129A ,M,M,D,B ,F , ,N,C,50,0,0,2,,,1750773,5427002,-41.29435544,174.8007462
Wellington City,GRAFTON ROAD,200,S, ,PALLISER ROAD,2850300,13/01/08,Sun,1209,BA,CS1C,121A 386A 818 ,,M,D,O ,F , ,N,C,50,0,0,0,,,1750780,5426954,-41.29478629,174.8008417
Wellington City,GRAFTON ROAD,400,S, ,PALLISER ROAD,2854599,29/06/08,Sun,2155,BC,CS1X,120A 132A ,,M,W,DO,L , ,N,C,50,0,0,0,,,1750909,5426807,-41.29608567,174.8024181
Wellington City,GRAFTON ROAD,15,N, ,TE ANAU ROAD,2852106,28/03/08,Fri,2350,EC,CS1C,129A ,M,R,D,O ,L ,T,N,C,50,0,0,0,,,1750870,5426750,-41.29660615,174.8019666
Wellington City,GRAFTON ROAD,50,N, ,TE ANAU ROAD,2855424,27/09/08,Sat,150,EA,CS1C,102A 410A ,M,E,D,DO,F , ,N,C,50,0,0,0,,,1750893,5426777,-41.29635876,174.8022345
Wellington City,GRANT ROAD,100,N, ,HARRIETT ST,2856779,13/10/08,Mon,2030,EA,CS1C,129A ,M,R,D,DN,F , ,N,C,50,0,0,0,,,1748422,5429256,-41.27449735,174.7721309
Wellington City,GRANT ROAD,150,S, ,LOWER WATT ST,2857288,25/11/08,Tue,825,MA,BE1C,385A ,,M,D,O ,F , ,N,C,50,0,0,0,,,1749003,5429895,-41.26863717,174.7789085
Wellington City,GREER CRESCENT,20,W, ,FRANKLYN ROAD,2853511,12/07/08,Sat,1700,DB,CE1C,103A 205A ,M,E,D,O ,F , ,N,N,50,0,0,0,,,1752749,5441380,-41.16453428,174.820739
Wellington City,GREY ST,40,E, ,FEATHERSTON ST,2852084,25/03/08,Tue,1350,MO,CW1C,371A 386A ,M,R,D,O ,F , ,N,C,50,0,0,0,,,1748777,5428104,-41.28480403,174.7766489
Wellington City,GROSVENOR TERRACE,150,S, ,LOWER WATT ST,2857285,28/11/08,Fri,1900,EA,CN1C,385A ,M,R,D,TO,F , ,N,C,50,0,0,0,,,1749132,5430094,-41.26682167,174.7803992
Wellington City,GUILDFORD TERRACE,, ,I,HILL ST,2851481,17/03/08,Mon,854,MG,XW2C,181A 371B ,,R,D,O ,F ,T,N,N,50,0,0,0,,,1748678,5428984,-41.27689921,174.7752525
Wellington City,HAINING ST,100,W, ,TORY ST,2812203,27/03/08,Thu,1615,MA,4W1X4,112A 373B ,HM,R,D,B ,F , ,N,N,50,0,0,2,,,1748860,5426767,-41.29682632,174.7779665
Wellington City,HALL ST,50,E, ,ADELAIDE ROAD,2856394,20/11/08,Thu,1515,EE,CE1C,129A 374B ,M,R,D,B ,F , ,N,N,50,0,0,0,,,1748789,5425233,-41.31065066,174.777494
Wellington City,HALL ST,40,W, ,HANSON ST,2852154,2/04/08,Wed,1548,MD,VE1C,371B 387B 930 ,,R,D,B ,F ,D,N,N,50,0,0,0,,,1748609,5425279,-41.31026969,174.7753334
Wellington City,HALL ST,20,W, ,RIDDIFORD ST,2811982,14/03/08,Fri,1625,NA,CW1E,712B 713B ,,R,D,O ,F , ,N,C,50,0,1,0,10,,1748897,5425206,-41.31087383,174.7787902
Wellington City,HALLEWELL CRESCENT,70,E, ,OHARIU ROAD,2812383,6/06/08,Fri,1740,QD,VN1E,428A 929 ,,E,D,DN,FS,D,N,N,50,0,1,0,43,,1751151,5435593,-41.21693685,174.8031297
Wellington City,HALLEYS LANE,20,E, ,TARANAKI ST,2854407,29/07/08,Tue,1500,MO,VE1C,371A 671A 926 ,,R,D,O ,F ,D,N,N,50,0,0,0,,,1748989,5427293,-41.29206672,174.7793778
Wellington City,HALLEYS LANE,50,E, ,TARANAKI ST,2854319,13/07/08,Sun,140,MO,CW1,112A 371A ,X,R,D,DN,F , ,N,N,50,0,0,0,,,1749015,5427277,-41.29220598,174.7796921
Wellington City,HAMILTON ROAD,40,S, ,GOA ST,2856562,2/11/08,Sun,1857,BB,CN1CC,111A 123A 132A ,M,M,D,TF,F , ,N,C,50,0,0,0,,,1750103,5425347,-41.30938085,174.7931561
Wellington City,HAMILTON ROAD,30,N, ,WELLINGTON ROAD,2855292,6/07/08,Sun,1435,EA,BS1C,385A ,Q,R,D,B ,F , ,N,C,50,0,0,0,,,1750130,5425077,-41.31180673,174.7935452
Wellington City,HANSON ST,10,S, ,DRUMMOND ST,2855218,30/09/08,Tue,2020,EA,CS1C,386A ,M,R,D,DO,F ,X,N,N,50,0,0,0,,,1748796,5425857,-41.30503124,174.777425
Wellington City,HANSON ST,15,N, ,HALL ST,2856785,16/12/08,Tue,725,EA,XS14,129A ,M,R,D,O ,F , ,N,C,50,0,0,0,,,1748652,5425284,-41.31021675,174.7758456
Wellington City,HANSON ST,20,N, ,SERVICE LANE,2853987,1/08/08,Fri,1330,CA,CN1,130A 358A ,EF,R,W,O ,L , ,N,N,50,0,0,0,,,1748778,5425783,-41.30570081,174.7772281
Wellington City,HAPPY VALLEY ROAD,50,N, ,LANDFILL ROAD,2813291,9/10/08,Thu,624,DA,VN1,102A 400A 410A ,,M,D,TF,F , ,N,C,70,0,1,0,,,1747017,5422954,-41.33149452,174.7568857
Wellington City,HAPPY VALLEY ROAD,20,S, ,ROBERTSON ST,2856007,3/11/08,Mon,1445,CB,CN1T,103A 351A ,M,R,D,B ,F , ,N,C,50,0,0,0,,,1747224,5421592,-41.34371944,174.7596884
Wellington City,HARGREAVES ST,, ,I,WRIGHT ST,2854394,12/06/08,Thu,800,QD,CN1,420A 510A ,F,R,W,DO,F ,T,N,C,50,0,0,0,,,1748540,5426033,-41.30349381,174.7743254
Wellington City,HARRIS ST,40,W, ,JERVOIS QUAY,2856674,26/11/08,Wed,1425,MF,CE1C,353B 371B ,,R,D,O ,F , ,N,C,50,0,0,0,,,1748880,5427733,-41.28812532,174.777969
Wellington City,HARRIS ST,50,W, ,JERVOIS QUAY,2857378,30/10/08,Thu,1210,FB,4W1C,181A ,,R,D,B ,F , ,N,C,50,0,0,0,,,1748871,5427737,-41.28809096,174.7778606
Wellington City,HARRIS ST,50,W, ,JERVOIS QUAY,2853121,29/03/08,Sat,1800,MO,CE1C,385A ,M,R,W,O ,L , ,N,C,50,0,0,0,,,1748871,5427737,-41.28809096,174.7778606
Wellington City,HARRIS ST,20,E, ,VICTORIA ST,2854846,8/09/08,Mon,1910,MO,CW1C,371A 930 ,,R,W,DO,L ,D,N,C,50,0,0,0,,,1748780,5427778,-41.2877386,174.7767644
Wellington City,HATAITAI ROAD,15,N, ,ARAWA ROAD,2857319,17/11/08,Mon,1600,EA,4N1C,385A ,M,R,D,B ,F , ,N,C,50,0,0,0,,,1750783,5426640,-41.29761277,174.8009553
Wellington City,HATAITAI ROAD,30,N, ,KONINI ROAD,2856503,7/12/08,Sun,1830,MD,CN1C,308B 371B 929 ,,R,D,B ,F , ,N,C,50,0,0,0,,,1750387,5426128,-41.30229636,174.7963542
Wellington City,HATHAWAY AVENUE,380,S, ,ALLINGTON ROAD,2852359,6/04/08,Sun,34,DA,CS1,103A 111A 131A ,JPT,S,W,DO,L , ,N,N,50,0,0,0,,,1744135,5427297,-41.29291205,174.721431
Wellington City,HATTON ST,200,W, ,HAURAKI ST,2857410,13/11/08,Thu,1720,BF,CE1C,110A 132A ,,M,D,B ,F , ,N,N,50,0,0,0,,,1745858,5428646,-41.28045666,174.7416769
Wellington City,HATTON ST,, ,I,HAURAKI ST,2850379,22/01/08,Tue,1730,DB,CN24,111A 402A ,M,S,D,O ,F ,T,N,L,50,0,0,0,,,1746005,5428747,-41.27952073,174.7434073
Wellington City,HAUMIA ST,, ,I,BANNISTER AVENUE,2856675,26/12/08,Fri,1146,EA,CE1C,386A 402A 405A ,M,R,D,B ,F ,X,G,C,50,0,0,0,,,1750760,5434378,-41.22794896,174.7987673
Wellington City,HAUMIA ST,, ,I,FRASER AVENUE,2852649,21/05/08,Wed,,DB,CS2,111A ,KT,R,D,B ,F ,R,G, ,50,0,0,0,,,1751177,5434025,-41.23104935,174.8038277
Wellington City,HAWKER ST,50,E, ,ROXBURGH ST,2813564,3/11/08,Mon,930,NB,SW1E,386A 711B ,,R,D,O ,F , ,N,C,50,0,0,1,29,,1749773,5427140,-41.29329915,174.7887744
Wellington City,HAWKESTONE ST,, ,I,HAWKESTONE OFF SBD,2852425,8/04/08,Tue,1756,KA,CE1C,302B 375B ,I,R,D,TF,F ,T,G,R,50,0,0,0,,,1748697,5429207,-41.27488794,174.7754248
Wellington City,HAWKESTONE ST,15,W, ,MOLESWORTH ST,2855171,24/08/08,Sun,1150,EE,CE1C,374B ,M,R,W,O ,L , ,N,N,50,0,0,0,,,1748886,5429192,-41.27498818,174.7776841
Wellington City,HAWKESTONE ST,30,W, ,MOLESWORTH ST,2853326,27/03/08,Thu,1129,EA,TE1X,385A ,Q,R,D,B ,F , ,N,N,50,0,0,0,,,1748871,5429192,-41.27499094,174.777505
Wellington City,HAWKESTONE ST,80,W, ,MOLESWORTH ST,2850613,29/01/08,Tue,835,MO,VW1X,371A 927 ,,R,D,O ,F ,D,N,C,50,0,0,0,,,1748821,5429196,-41.27496414,174.7769073
Wellington City,HENRY ST,, ,I,SAMOA ST,2852898,31/05/08,Sat,2315,EA,VE1C,386A 443B ,M,E,D,DO,F ,T,N,N,50,0,0,0,,,1749914,5424957,-41.3129273,174.7909955
Wellington City,HILL ST,100,W, ,MOLESWORTH ST,2813850,5/12/08,Fri,1429,MO,CN1C4V,407A 423A 929 ,MP,R,D,B ,F ,D,N,N,50,0,0,1,,,1748789,5428979,-41.27692379,174.7765784
Wellington City,HINEMOA ST,40,S, ,WATERLOO QUAY,2853211,22/05/08,Thu,1547,GO,CE1T,386A 928 ,,R,D,B ,F ,D,N,N,50,0,0,0,,,1749441,5428970,-41.27688444,174.7843621
Wellington City,HINEMOA ST,, ,I,WATERLOO QUAY,2853374,3/06/08,Tue,615,QG,TW2,386A 683A ,P,R,D,DO,F ,T,T,R,50,0,0,0,,,1749409,5428994,-41.27667428,174.7839743
Wellington City,HOBART ST,20,N, ,CALEDONIA ST,2853639,7/07/08,Mon,1230,MO,CN1C,371B 929 ,,R,W,O ,L , ,N,R,50,0,0,0,,,1751766,5423976,-41.32141313,174.8133553
Wellington City,HOBART ST,, ,I,CHELSEA ST,2853516,1/07/08,Tue,842,HA,CN1C,302B 382B ,,E,D,B ,F ,X,G,C,50,0,0,0,,,1751879,5424221,-41.31918607,174.8146436
Wellington City,HOBART ST,20,N, ,KEDAH ST,2851572,21/01/08,Mon,1130,MO,CS1X,371A 929 ,,E,D,B ,F ,D,N,C,50,0,0,0,,,1751702,5423770,-41.32327984,174.8126424
Wellington City,HOBSON ST,20,N, ,DAVIS ST,2853548,21/06/08,Sat,900,EA,TS1C,385A ,M,R,D,B ,F , ,G,C,50,0,0,0,,,1749269,5429213,-41.27472841,174.7822498
Wellington City,HOLLIES CRESCENT,40,S, ,ELLIOTT ST,2857122,11/11/08,Tue,930,MO,CW1C,385A ,M,R,W,O ,L , ,N,N,50,0,0,0,,,1750376,5434344,-41.22832654,174.7941962
Wellington City,HOLLOWAY ROAD,, ,I,OLD BULLOCK ROAD,2857348,23/12/08,Tue,1330,DB,CW1C,110A 132A ,M,M,D,B ,F ,T,N,N,50,0,0,0,,,1747292,5427085,-41.29425089,174.7591701
Wellington City,HOPPER ST,80,S, ,WEBB ST,2855540,21/10/08,Tue,1605,EE,CN1C,386A ,M,R,D,O ,F , ,N,C,50,0,0,0,,,1748533,5426559,-41.29875929,174.7741134
Wellington City,HORNSEY ROAD,200,S, ,CARLTON ST,2854186,9/04/08,Wed,856,BB,VN14,404A 831 ,,S,W,O ,M , ,N,C,50,0,0,0,,,1749523,5423126,-41.329485,174.7867768
Wellington City,HORNSEY ROAD,230,N, ,HOUGHTON BAY ROAD,2852995,5/05/08,Mon,2020,DA,BN1,137A 818 ,P,M,D,DO,FS, ,N,C,50,0,0,0,,,1749481,5423056,-41.33012303,174.7862924
Wellington City,HOROKIWI ROAD,1140,N, ,SH 2,2812007,29/03/08,Sat,850,BF,4S1T,111A 132A ,,M,W,O ,L , ,N,C,50,0,0,1,,,1755052,5435052,-41.22106964,174.8497803
Wellington City,HOROKIWI ROAD WEST,, ,I,NEWLANDS ROAD,2813457,1/09/08,Mon,830,FB,CW1C,331A ,,R,D,O ,F ,R,G,R,50,0,0,1,,,1752883,5434838,-41.22340904,174.8239702
Wellington City,HOSPITAL ROAD,, ,I,ADELAIDE ROAD,2813114,11/09/08,Thu,1146,EO,CW1,353A 370A ,IP,R,W,O ,L ,T,T,R,50,0,0,1,,,1748863,5425724,-41.30621634,174.7782575
Wellington City,HUIA ROAD,10,E, ,HATAITAI ROAD,2856495,16/10/08,Thu,1000,MO,TW1C,385A ,M,R,D,B ,F ,Y,N,N,50,0,0,0,,,1750510,5426245,-41.30122004,174.7977938
Wellington City,HUMBER ST,20,E, ,THE PARADE,2851892,26/02/08,Tue,1345,MO,TE1C,371A ,Q,R,D,B ,F , ,N,C,50,0,0,0,,,1748218,5421919,-41.3405931,174.7714839
Wellington City,HUMBER ST,, ,I,THE PARADE,2852456,19/04/08,Sat,1430,HA,CE2CCC,302A 351A ,,R,D,O ,F ,X,G,P,50,0,0,0,,,1748199,5421925,-41.34054257,174.7712555
Wellington City,HUNTER ST,20,N, ,CUSTOMHOUSE QUAY,2812808,13/08/08,Wed,1535,MO,SE1C,333A ,,R,D,O ,F , ,N,C,50,0,0,1,,31,1748763,5428024,-41.28552688,174.7765014
Wellington City,HUNTER ST,, ,I,CUSTOMHOUSE QUAY,2812725,9/08/08,Sat,1805,HA,VE1C,322A 355A ,,R,W,DO,H ,X,T,C,50,0,0,1,,,1748781,5428015,-41.2856046,174.7767184
Wellington City,HUNTER ST,, ,I,CUSTOMHOUSE QUAY,2850162,7/01/08,Mon,1629,HA,4E2C,322B ,H,R,W,O ,H ,X,T,C,50,0,0,0,,,1748781,5428015,-41.2856046,174.7767184
Wellington City,HUNTER ST,, ,I,CUSTOMHOUSE QUAY,2811151,16/01/08,Wed,1305,NC,CS1E,307A 402A ,,R,D,B ,F ,X,T,C,50,0,0,1,28,,1748781,5428015,-41.2856046,174.7767184
Wellington City,HUNTER ST,, ,I,CUSTOMHOUSE QUAY,2812848,26/08/08,Tue,2056,NF,XS1E,307A ,,R,W,DO,L ,X,T,N,50,0,0,1,44,,1748781,5428015,-41.2856046,174.7767184
Wellington City,HUNTER ST,, ,I,FEATHERSTON ST,2853385,26/05/08,Mon,1107,KA,BE2C,176B 372B ,,M,W,O ,L ,T,T,C,50,0,0,0,,,1748708,5428049,-41.28531193,174.7758388
Wellington City,HUNTER ST,10,W, ,VICTORIA ST,2856111,20/10/08,Mon,1417,FA,CE1C,331A 353A ,,R,D,O ,F ,T,N,C,50,0,0,0,,,1748841,5427988,-41.28583663,174.7774412
Wellington City,HUNTER ST,10,W, ,VICTORIA ST,2853122,4/05/08,Sun,1230,MO,CE1C,434A 512A ,,R,D,O ,F ,T,N,C,50,0,0,0,,,1748841,5427988,-41.28583663,174.7774412
Wellington City,HUNTER ST,, ,I,VICTORIA ST,2856125,13/09/08,Sat,1200,FD,CE1C,331A ,,M,D,B ,F ,T,N,C,30,0,0,0,,,1748851,5427984,-41.2858708,174.7775615
Wellington City,HUNTER ST,, ,I,VICTORIA ST,2855433,28/09/08,Sun,1255,GO,CE1C,173A 340A 372A ,,R,D,B ,F ,T,N,C,50,0,0,0,,,1748851,5427984,-41.2858708,174.7775615
Wellington City,HUTCHISON ROAD,, ,I,WALLACE ST SLIP,2812792,20/07/08,Sun,1210,JA,CE1C,133B 302B ,,E,W,O ,L ,T,G,L,50,0,0,1,,,1748597,5425589,-41.30748084,174.7751144
Wellington City,HUTT ON NBD,40,S, ,SH 2,2812482,30/04/08,Wed,1754,FD,CN1CC,112A 181A ,,R,W,DO,L , ,N,R,100,0,0,1,,,1752696,5432762,-41.24213522,174.8222594
Wellington City,HUTT ROAD,50,E, ,AOTEA QUAY,2814041,19/05/08,Mon,1700,JO,SE1C,308B 927 ,,R,D,O ,F ,D,N,R,50,0,0,1,,23,1749627,5430519,-41.26290369,174.7862017
Wellington City,HUTT ROAD,, ,I,JARDEN MILE,2813437,16/09/08,Tue,1410,FD,TN1CCC,400A ,,R,D,B ,F ,M,T,R,80,0,0,1,,,1751926,5432204,-41.24730412,174.8132136
Wellington City,HUTT ROAD,, ,I,JARDEN MILE,2854582,28/08/08,Thu,1640,CA,SN1C,130A ,,R,D,B ,F ,M,T,C,100,0,0,0,,48,1751926,5432204,-41.24730412,174.8132136
Wellington City,HUTT ROAD,250,N, ,KAIWHARAWHARA ROAD,2811185,16/01/08,Wed,1712,KA,SN1C,308B 363B 839 902 927 ,,R,D,B ,F ,D,N,C,70,0,0,1,,40,1750102,5430996,-41.25852096,174.791752
Wellington City,HUTT ROAD,50,S, ,KAIWHARAWHARA ROAD,2853768,28/04/08,Mon,1740,KA,CS14,309B 927 ,,R,D,O ,F ,D,N,C,70,0,0,0,,,1749897,5430778,-41.26052176,174.7893597
Wellington City,HUTT ROAD,, ,I,KAIWHARAWHARA ROAD,2850301,2/02/08,Sat,1815,FE,4N1C,181A ,,R,D,B ,F ,T,T,R,70,0,0,0,,,1749930,5430815,-41.26018251,174.7897443
Wellington City,HUTT ROAD,, ,I,KAIWHARAWHARA ROAD,2812031,24/03/08,Mon,1245,FE,BW1C,181A 502A ,,R,D,B ,F ,T,T,R,70,0,0,1,,,1749930,5430815,-41.26018251,174.7897443
Wellington City,HUTT ROAD,, ,I,NGAURANGA ON NBD,2812144,26/01/08,Sat,558,AO,SS1B,128A ,,E,D,B ,F ,M,T,R,100,0,0,1,,52,1751936,5432198,-41.24735626,174.8133344
Wellington City,HUTT ROAD,100,S, ,ONSLOW ROAD,2812405,4/06/08,Wed,2104,GB,MS1C,372B 922 ,,E,D,DO,F ,D,N,P,70,0,0,1,,,1750752,5431387,-41.25487965,174.7994107
Wellington City,HUTT ROAD,, ,I,ONSLOW ROAD,2856792,6/12/08,Sat,1603,AC,CN1C,372A ,,R,D,B ,F ,T,T,R,60,0,0,0,,,1750843,5431430,-41.25447553,174.8004857
Wellington City,HUTT ROAD,, ,I,ONSLOW ROAD,2857034,8/08/08,Fri,1430,JA,TN1C,322B ,,E,W,O ,L ,T,T,R,50,0,0,0,,,1750843,5431430,-41.25447553,174.8004857
Wellington City,HUTT ROAD,100,S, ,RANGIORA AVENUE,2811975,27/02/08,Wed,815,GB,SS1C,372B 927 ,,E,D,B ,F ,D,N,C,70,0,0,1,,50,1750418,5431252,-41.25615734,174.7954591
Wellington City,HUTT ROAD,40,W, ,RANGIORA AVENUE,2812112,16/05/08,Fri,806,MD,SS1T,350A 308B 927 ,,R,D,B ,F ,D,N,C,70,0,0,1,,44,1750469,5431284,-41.25585974,174.7960597
Wellington City,HUTT ROAD,80,N, ,SAR ST,2852801,6/05/08,Tue,744,AO,SS1B,312A 372A ,,R,D,O ,F , ,N,P,50,0,0,0,,39,1749323,5430161,-41.26618316,174.782662
Wellington City,HUTT ROAD,200,N, ,SAR ST,2813915,14/10/08,Tue,1715,LB,PN1V,158A 303B 377B 927 ,,R,D,B ,F ,D,N,P,50,0,0,1,,,1749400,5430253,-41.26534061,174.7835582
Wellington City,HUTT ROAD,, ,I,TINAKORI ROAD,2852460,18/04/08,Fri,1434,KA,XN1C,302B 375B ,,E,D,O ,F ,Y,G,C,50,0,0,0,,,1749211,5430007,-41.26759039,174.7813632
Wellington City,INGLEWOOD PLACE,15,W, ,TARANAKI ST,2853123,23/05/08,Fri,2104,MO,XN1C,371B ,,R,W,DO,F , ,N,N,50,0,0,0,,,1748897,5427170,-41.29319112,174.7783097
Wellington City,INGLIS ST,, ,I,DUNDAS ST,2813258,5/10/08,Sun,1420,LB,SN1C,303B 382B ,,R,D,O ,F ,X,G,R,50,0,0,1,,48,1753372,5423765,-41.32300894,174.8325882
Wellington City,INGLIS ST,, ,I,DUNDAS ST,2813734,28/11/08,Fri,1110,CA,MS1C,137A 308B 355B 375B ,,R,D,B ,F ,X,G,R,50,0,0,1,,,1753372,5423765,-41.32300894,174.8325882
Wellington City,IRA ST,200,N, ,DEVONSHIRE ROAD,2811937,25/03/08,Tue,933,EA,CN1V,129A 354A ,M,R,D,O ,F , ,N,N,50,0,0,1,,,1752343,5424164,-41.31961173,174.8201991
Wellington City,IRA ST,, ,I,DEVONSHIRE ROAD,2811623,15/02/08,Fri,1705,HA,CN1C4,302B 353B 375B ,,R,W,O ,L ,X,G,C,50,0,1,1,,,1752336,5423966,-41.32139569,174.8201651
Wellington City,IRONSIDE ROAD,, ,I,BASSETT ROAD,2853353,4/06/08,Wed,1530,DA,CE1CC,113A 402A 423A ,MP,E,D,B ,F ,T,G,N,50,0,0,0,,,1751500,5435218,-41.22024787,174.807384
Wellington City,IRONSIDE ROAD,100,W, ,EARP ST,2852185,31/03/08,Mon,1645,DA,CE1C,111A 131A ,FM,M,W,O ,L , ,N,C,50,0,0,0,,,1751154,5435311,-41.21947525,174.8032352
Wellington City,IRONSIDE ROAD,130,W, ,EARP ST,2855491,24/09/08,Wed,945,EA,CE1C,650A ,M,M,D,O ,F , , ,C,50,0,0,0,,,1751136,5435336,-41.21925353,174.8030144
Wellington City,IRONSIDE ROAD,130,W, ,EARP ST,2813037,10/09/08,Wed,835,NB,CE1E,713B 722B ,,E,D,O ,F , ,N,C,50,0,0,1,8,,1751136,5435336,-41.21925353,174.8030144
Wellington City,IRONSIDE ROAD,260,W, ,EARP ST,2853724,28/06/08,Sat,1802,DB,CW1,111A 352A ,F,S,W,DO,L , ,N,C,50,0,0,0,,,1751017,5435386,-41.21882557,174.8015831
Wellington City,JAUNPUR CRESCENT,100,N, ,SIRSI TERRACE,2811447,22/02/08,Fri,1030,BA,4S1V,125A 386A ,,R,D,B ,F , ,N,N,50,0,0,1,,,1750156,5433595,-41.235111,174.7917567
Wellington City,JERVOIS QUAY,, ,I,CABLE ST,2855827,29/10/08,Wed,2305,DB,VS1C,103A 514A 517A ,HM,E,D,DO,F ,Y,N,R,50,0,0,0,,,1748938,5427559,-41.28968122,174.7787039
Wellington City,JERVOIS QUAY,15,S, ,CUSTOMHOUSE QUAY,2811573,5/03/08,Wed,825,EE,SN1C,204A 374B ,Q,E,W,O ,L , ,N,R,50,0,0,1,,41,1748867,5428177,-41.28413019,174.7777053
Wellington City,JERVOIS QUAY,30,S, ,CUSTOMHOUSE QUAY,2856119,5/08/08,Tue,1237,FD,CN1X,181A ,,E,D,B ,F , ,N,R,50,0,0,0,,,1748864,5428162,-41.28426579,174.7776732
Wellington City,JERVOIS QUAY,50,N, ,HARRIS ST,2813697,4/12/08,Thu,855,EE,SN1C,158A 374B ,Q,R,D,O ,F , ,N,R,50,0,0,1,,27,1748910,5427767,-41.28781367,174.7783188
Wellington City,JERVOIS QUAY,50,S, ,HARRIS ST,2854535,23/05/08,Fri,800,AA,TN1CV,137A 372A 137B 181C ,X,R,W,O ,H , ,N,R,50,0,0,0,,,1748923,5427668,-41.28870261,174.7784982
Wellington City,JERVOIS QUAY,, ,I,HARRIS ST,2812128,30/04/08,Wed,2120,KB,CS1C,322B ,,R,W,DO,H ,T,T,R,50,0,0,1,,,1748916,5427717,-41.28826273,174.7784027
Wellington City,JERVOIS QUAY,, ,I,HARRIS ST,2851227,10/03/08,Mon,2020,MA,PS1X,181A 387A ,,R,D,DO,F ,T,T,C,50,0,0,0,,,1748916,5427717,-41.28826273,174.7784027
Wellington City,JERVOIS QUAY,, ,I,HARRIS ST,2853849,5/07/08,Sat,1225,FD,CS1CC,181A ,,R,W,O ,F ,T,T,R,50,0,0,0,,,1748916,5427717,-41.28826273,174.7784027
Wellington City,JERVOIS QUAY,, ,I,HUNTER ST,2812574,18/07/08,Fri,837,FD,CS1CCC,331A 352A ,,R,W,O ,L ,T,T,N,50,0,0,1,,,1748881,5427984,-41.28586527,174.7779196
Wellington City,JERVOIS QUAY,, ,I,HUNTER ST,2855280,22/06/08,Sun,920,PO,VS1,512A 926 ,,R,W,O ,L ,D,T,R,50,0,0,0,,,1748881,5427984,-41.28586527,174.7779196
Wellington City,JERVOIS QUAY,, ,I,HUNTER ST,2853332,30/04/08,Wed,1200,GA,CS14,181A 191B 192B 200B 926 ,,R,D,B ,F ,D,T,R,50,0,0,0,,,1748881,5427984,-41.28586527,174.7779196
Wellington City,JERVOIS QUAY,20,W, ,TARANAKI ST,2852377,14/04/08,Mon,1455,FD,CE1C,331A 350A ,,R,W,O ,F , ,N,N,50,0,0,0,,,1749004,5427409,-41.29101955,174.7795285
Wellington City,JERVOIS QUAY,50,W, ,TARANAKI ST,2851887,29/02/08,Fri,1810,MO,CW1C,385A ,M,E,D,B ,F , ,N,N,50,0,0,0,,,1748991,5427436,-41.29077886,174.7793667
Wellington City,JERVOIS QUAY,, ,I,TARANAKI ST,2853676,8/07/08,Tue,1345,FA,PN1C,191B 359B 423B ,,R,D,B ,F ,M,T,C,50,0,0,0,,,1749013,5427391,-41.29117995,174.7796403
Wellington City,JERVOIS QUAY,, ,I,WILLESTON ST,2856408,22/11/08,Sat,1358,KA,CN14,322A 350A ,,R,D,B ,F ,T,T,R,50,0,0,0,,,1748899,5427851,-41.28705941,174.778167
Wellington City,JERVOIS QUAY,, ,I,WILLESTON ST,2852500,27/02/08,Wed,815,FE,CN1C,181A ,,R,D,B ,F ,T,T,R,50,0,0,0,,,1748899,5427851,-41.28705941,174.778167