TLA NAME,CRASH ROAD,CRASH DIST,CRASH DIRN,INTSN,SIDE ROAD,CRASH ID,CRASH DATE,CRASH DOW,CRASH TIME,MVMT,VEHICLES,CAUSES,OBJECTS STRUCK,ROAD CURVE,ROAD WET,LIGHT,WTHRa,JUNC TYPE,TRAF CTRL,ROAD MARK,SPD LIM,CRASH FATAL CNT,CRASH SEV CNT,CRASH MIN CNT,PERS AGE1,PERS AGE2,EASTING,NORTHING,latitude,longitude
Wellington City,JERVOIS QUAY,, ,I,WILLESTON ST,2853568,20/06/08,Fri,2218,FE,CN1X,102A 181A ,,R,D,DO,F ,T,T,C,50,0,0,0,,,1748899,5427851,-41.28705941,174.778167
Wellington City,JOHN ST,50,W, ,ADELAIDE ROAD,2853386,28/05/08,Wed,1030,MO,CN1C,371A 927 ,M,R,D,O ,F ,D,N,C,50,0,0,0,,,1748783,5425620,-41.30716745,174.7773277
Wellington City,JOHN ST,10,E, ,HANSON ST,2850340,24/01/08,Thu,906,FB,CW14,181A ,,R,D,B ,F ,X,G,C,50,0,0,0,,,1748744,5425631,-41.3070756,174.7768594
Wellington City,JOHN ST,, ,I,HANSON ST,2853518,16/06/08,Mon,1525,GF,TN2C,170B 333B ,,R,D,O ,F ,X,T,R,50,0,0,0,,,1748734,5425630,-41.30708645,174.7767402
Wellington City,JOHN ST,, ,I,HANSON ST,2856106,26/10/08,Sun,1316,DA,CE1C,131A 400A 517A ,M,R,D,B ,F ,X,T,R,50,0,0,0,,,1748734,5425630,-41.30708645,174.7767402
Wellington City,JOHN ST,, ,I,HUTCHISON ROAD,2813196,1/10/08,Wed,905,DA,PW1,121A 197A 400A ,F,M,D,B ,F ,T,N,C,50,0,0,1,,,1748696,5425620,-41.30718349,174.7762889
Wellington City,JOHN ST,, ,I,RIDDIFORD ST,2854580,4/09/08,Thu,234,BC,CN2C,103A 111A ,,E,W,DO,L ,X,T,L,50,0,0,0,,,1748832,5425608,-41.30726645,174.7779157
Wellington City,JOHN ST,30,W, ,TASMAN ST,2857129,7/11/08,Fri,1550,FC,4E1C,181A ,,R,W,O ,L , ,N,X,50,0,0,0,,,1748725,5425628,-41.30710612,174.7766332
Wellington City,JOHN ST,, ,I,TASMAN ST,2853940,31/05/08,Sat,1400,FB,CE1C,181A ,,R,D,B ,F ,T,G,R,50,0,0,0,,,1748696,5425620,-41.30718349,174.7762889
Wellington City,JOHNSONVILLE ROAD,50,N, ,BILL CUTTING PLACE,2852926,9/05/08,Fri,1755,KA,CS1C,308B 924 ,,E,W,DO,H ,D,G,R,50,0,0,0,,,1751497,5435027,-41.22196808,174.8073956
Wellington City,JOHNSONVILLE ROAD,10,N, ,BRODERICK ROAD,2855498,20/09/08,Sat,300,CC,CN1,103A ,K,R,D,DO,F ,T,T,C,50,0,0,0,,,1751484,5434729,-41.22465353,174.8073145
Wellington City,JOHNSONVILLE ROAD,20,N, ,BRODERICK ROAD,2852386,8/05/08,Thu,1150,MO,CN1C,386A ,M,R,D,B ,F , ,N,C,50,0,0,0,,,1751485,5434739,-41.22456331,174.8073239
Wellington City,JOHNSONVILLE ROAD,50,N, ,BRODERICK ROAD,2856373,13/11/08,Thu,1850,EA,CN1C,371A ,M,E,D,TO,F , ,N,C,50,0,0,0,,,1751488,5434768,-41.22430165,174.8073525
Wellington City,JOHNSONVILLE ROAD,50,N, ,BRODERICK ROAD,2857125,17/10/08,Fri,1410,MO,CS1C,385A ,M,E,D,O ,F , ,N,C,50,0,0,0,,,1751488,5434768,-41.22430165,174.8073525
Wellington City,JOHNSONVILLE ROAD,100,N, ,BRODERICK ROAD,2851719,25/02/08,Mon,1800,FD,CN1C,181A ,,M,D,O ,F , ,N,R,80,0,0,0,,,1751487,5434818,-41.22385166,174.8073282
Wellington City,JOHNSONVILLE ROAD,10,S, ,BRODERICK ROAD,2854575,21/08/08,Thu,1430,FD,TN1CT,331A ,,R,D,B ,F ,X,T,R,50,0,0,0,,,1751481,5434709,-41.22483416,174.8072836
Wellington City,JOHNSONVILLE ROAD,20,S, ,BRODERICK ROAD,2811943,26/04/08,Sat,725,CB,VN1,130A 352A ,P,R,D,TF,F , ,N,C,50,0,0,1,,,1751479,5434699,-41.22492457,174.8072623
Wellington City,JOHNSONVILLE ROAD,25,S, ,BRODERICK ROAD,2852332,19/05/08,Mon,1553,MO,CN1C,102A 386A ,M,R,D,B ,F , ,N,R,50,0,0,0,,,1751479,5434694,-41.22496958,174.8072635
Wellington City,JOHNSONVILLE ROAD,, ,I,BRODERICK ROAD,2852919,28/03/08,Fri,1210,LB,CW2C,303B 925 ,,R,D,B ,F ,D,T,C,50,0,0,0,,,1751483,5434719,-41.22474375,174.807305
Wellington City,JOHNSONVILLE ROAD,, ,I,BRODERICK ROAD,2854072,30/06/08,Mon,1400,AO,TN1C,386A 129B ,,R,D,O ,F ,T,T,C,50,0,0,0,,,1751483,5434719,-41.22474375,174.807305
Wellington City,JOHNSONVILLE ROAD,, ,I,BRODERICK ROAD,2850066,13/01/08,Sun,1845,GB,CW2T,172B 372B 817 ,,R,D,B ,F ,T,T,R,50,0,0,0,,,1751483,5434719,-41.22474375,174.807305
Wellington City,JOHNSONVILLE ROAD,, ,I,BURGESS ROAD,2813101,4/09/08,Thu,1850,NA,VN1E,712B 713B ,,R,W,DO,L ,R,T,C,50,0,0,1,13,,1751497,5435019,-41.22204011,174.8073976
Wellington City,JOHNSONVILLE ROAD,50,N, ,CORLETT ST,2813407,17/08/08,Sun,30,NA,CN1E,105B 713B ,,E,D,DO,F , ,N,C,50,0,0,1,17,,1751458,5434551,-41.226261,174.8070485
Wellington City,JOHNSONVILLE ROAD,, ,I,DISRAELI ST,2856940,26/09/08,Fri,1645,AA,CN1C,372A ,,R,D,B ,F ,T,N,P,50,0,0,0,,,1751474,5434664,-41.22524062,174.8072113
Wellington City,JOHNSONVILLE ROAD,30,W, ,FRASER AVENUE,2814037,18/12/08,Thu,810,FD,BN1CC,136A 653A ,,E,D,B ,F , ,N,N,100,0,0,1,,,1751465,5434532,-41.22643075,174.8071367
Wellington City,JOHNSONVILLE ROAD,, ,I,FRASER AVENUE,2850790,20/02/08,Wed,1810,JA,VN1C,309B 377B ,,R,D,B ,F ,T,G,P,50,0,0,0,,,1751476,5434504,-41.22668079,174.8072749
Wellington City,JOHNSONVILLE ROAD,, ,I,FRASER AVENUE,2852138,5/05/08,Mon,1520,JA,CN1V,302B 382B ,,E,D,O ,F ,T,G,R,50,0,0,0,,,1751476,5434504,-41.22668079,174.8072749
Wellington City,JOHNSONVILLE ROAD,, ,I,FRASER AVENUE,2853503,21/06/08,Sat,1750,KA,CN1C,302B ,,R,D,TO,F ,T,G,C,50,0,0,0,,,1751476,5434504,-41.22668079,174.8072749
Wellington City,JOHNSONVILLE ROAD,20,S, ,MOOREFIELD ROAD,2856380,10/10/08,Fri,1650,AA,CS1V,387A ,,R,D,O ,F , ,N,R,50,0,0,0,,,1751498,5435030,-41.22194088,174.8074068
Wellington City,JOHNSONVILLE ROAD,50,S, ,MOOREFIELD ROAD,2813200,24/09/08,Wed,936,FD,4N1C,181A 351A ,,R,W,O ,L , ,N,C,50,0,0,1,,,1751492,5435000,-41.22221211,174.8073427
Wellington City,JOHNSONVILLE ROAD,, ,I,MOOREFIELD ROAD,2852944,17/05/08,Sat,1938,LB,CN1C,302A 375A ,,R,W,DO,L ,R,G,R,50,0,0,0,,,1751500,5435050,-41.22176044,174.8074257
Wellington City,JOHNSONVILLE ROAD,, ,I,NORMAN LANE,2856770,2/12/08,Tue,1155,MO,CN1C,371A 387B ,,R,D,B ,F ,T,N,C,50,0,0,0,,,1751485,5434932,-41.22282565,174.807276
Wellington City,JOHNSONVILLE ROAD,, ,I,NORMAN LANE,2813136,25/06/08,Wed,1807,JA,CS1C,308B 330B 927 ,,R,W,DO,L ,D,N,C,50,0,0,1,,,1751485,5434932,-41.22282565,174.807276
Wellington City,KAHIKATEA GROVE,80,W, ,BRACKEN ROAD,2854131,5/08/08,Tue,835,MA,TW1C,351B 373B ,,R,D,O ,F , ,N,N,50,0,0,0,,,1752731,5435266,-41.21958432,174.8220507
Wellington City,KAIWHARAWHARA ROAD,40,W, ,HUTT ROAD,2853532,3/07/08,Thu,1653,MC,CW1X,150A 205A ,,R,D,TO,F , ,N,C,70,0,0,0,,,1749903,5430844,-41.25992642,174.789415
Wellington City,KAIWHARAWHARA ROAD,1010,W, ,HUTT ROAD,2854932,4/08/08,Mon,2228,DB,CS1,111A 135A 423A 801 ,EFP,S,W,DO,L , ,N,C,50,0,0,0,,,1749086,5431134,-41.25746655,174.779596
Wellington City,KAIWHARAWHARA ROAD,50,S, ,NGAIO GORGE ROAD,2852688,23/05/08,Fri,300,DA,CW1,111A 131A ,P,M,W,DO,L , ,N,C,50,0,0,0,,,1749077,5431143,-41.25738718,174.7794864
Wellington City,KAIWHARAWHARA ROAD,100,E, ,OLD PORIRUA ROAD,2853773,27/05/08,Tue,1415,MO,CE1C,371A 512A ,M,R,W,O ,L , ,N,C,50,0,0,0,,,1749738,5431008,-41.25848045,174.787406
Wellington City,KAIWHARAWHARA ROAD,200,W, ,OLD PORIRUA ROAD,2854847,5/09/08,Fri,1125,DB,CE1,111A 135A 801 ,C,M,W,O ,L , ,N,C,50,0,0,0,,,1749470,5431105,-41.25765672,174.7841847
Wellington City,KAIWHARAWHARA ROAD,, ,I,PICKERING ST,2852802,3/05/08,Sat,1005,LB,CE14,303B ,,R,W,O ,L ,T,N,C,50,0,0,0,,,1749901,5430845,-41.25991779,174.7893909
Wellington City,KARAKA BAY ROAD,1000,N, ,AWA ROAD,2856411,29/11/08,Sat,1615,EC,CN1,129A 386A ,X,R,D,B ,F , ,N,C,50,0,0,0,,,1753311,5425764,-41.30502327,174.8313558
Wellington City,KARORI ROAD,, ,I,BEAUCHAMP ST,2811861,26/03/08,Wed,1910,GB,SW1C,158A ,,R,D,DO,F ,T,G,C,50,0,1,0,,16,1745453,5428164,-41.28486947,174.7369581
Wellington City,KARORI ROAD,, ,I,BEAUCHAMP ST,2856817,9/12/08,Tue,756,GO,BE1C,386B ,,R,W,O ,H ,T,G,C,50,0,0,0,,,1745453,5428164,-41.28486947,174.7369581
Wellington City,KARORI ROAD,20,E, ,BURROWS AVENUE,2856917,4/10/08,Sat,30,CC,4W1C,101A 129A ,M,R,D,DO,F , ,N,C,50,0,0,0,,,1744965,5427992,-41.28650587,174.731174
Wellington City,KARORI ROAD,30,E, ,CAMPBELL ST,2811256,17/02/08,Sun,655,CA,CE1C,103A 112A 132A ,H,R,D,O ,F , ,N,C,50,0,0,2,,,1745647,5428234,-41.28420424,174.739257
Wellington City,KARORI ROAD,, ,I,CAMPBELL ST,2812733,11/08/08,Mon,2030,LB,SW1C,602A 303B 375B 862 ,,R,D,DO,F ,T,G,C,50,0,1,0,,40,1745619,5428224,-41.28429933,174.7389252
Wellington City,KARORI ROAD,, ,I,CHAMBERLAIN ROAD,2812491,25/06/08,Wed,1547,NA,CW1E,716B ,,R,W,O ,L ,T,G,P,50,0,1,0,36,,1745350,5428127,-41.28522115,174.7357375
Wellington City,KARORI ROAD,200,E, ,DONALD ST,2854392,21/05/08,Wed,1740,FD,CW1C,181A ,,R,D,TF,F , ,N,C,50,0,0,0,,,1746048,5428376,-41.2828533,174.7440094
Wellington City,KARORI ROAD,, ,I,DONALD ST,2851779,20/03/08,Thu,2322,LB,CW1C,303B 402B ,,R,D,DO,F ,T,T,C,50,0,0,0,,,1745860,5428309,-41.28349052,174.7417815
Wellington City,KARORI ROAD,20,E, ,FANCOURT ST,2811123,5/01/08,Sat,1740,FC,CW1C,181A 363A 902 ,,R,D,B ,F , ,N,X,50,0,0,1,,,1745986,5428355,-41.28305358,174.7432744
Wellington City,KARORI ROAD,110,E, ,FLERS ST,2856284,18/08/08,Mon,520,DA,VW1,410A ,P,E,D,DO,F , ,N,C,50,0,0,0,,,1746542,5428508,-41.28157532,174.7498741
Wellington City,KARORI ROAD,60,W, ,HATTON ST,2812581,23/07/08,Wed,1152,EA,CW1CC,354A 370A ,M,R,W,O ,H , ,N,L,50,0,0,1,,,1746056,5428379,-41.28282484,174.7441042
Wellington City,KARORI ROAD,100,W, ,HATTON ST,2850540,13/02/08,Wed,1455,FC,CW1CV,331A ,,R,D,B ,F , ,N,X,50,0,0,0,,,1746018,5428366,-41.28294876,174.7436537
Wellington City,KARORI ROAD,, ,I,HOMEWOOD AVENUE,2812590,13/07/08,Sun,1600,GD,CW1V,412A ,,E,D,B ,F ,T,N,C,50,0,0,2,,,1746377,5428490,-41.28176731,174.747909
Wellington City,KARORI ROAD,20,E, ,LANCASTER ST,2811666,26/02/08,Tue,1533,PC,4S1,308A 378A 927 ,,R,D,B ,F ,D,N,C,50,0,0,1,7,,1746284,5428458,-41.28207228,174.7468066
Wellington City,KARORI ROAD,, ,I,MORLEY ST,2851309,28/03/08,Fri,1710,JA,CW1C,302B 314B 377B ,,R,D,B ,F ,T,G,P,50,0,0,0,,,1745048,5428016,-41.28627487,174.7321591
Wellington City,KARORI ROAD,15,W, ,NEWCOMBE CRESCENT,2852732,14/04/08,Mon,728,FD,CE1C,331A 363A 902 ,,R,D,B ,F , ,N,C,50,0,0,0,,,1745817,5428293,-41.28364235,174.7412721
Wellington City,KARORI ROAD,40,E, ,PARKVALE ROAD,2855276,13/05/08,Tue,920,MA,CE1C,373B ,,R,D,B ,F , ,N,C,50,0,0,0,,,1745544,5428197,-41.28455595,174.7380364
Wellington City,KARORI ROAD,10,W, ,PARKVALE ROAD,2852214,25/01/08,Fri,1835,FE,CE1C,331A 363A ,,R,D,B ,F ,T,T,C,50,0,0,0,,,1745497,5428180,-41.28471748,174.7374795
Wellington City,KARORI ROAD,15,W, ,RAINE ST,2812938,2/01/08,Wed,1445,FA,VE1S,183A ,,R,D,B ,F , ,N,R,50,0,0,1,,32,1745576,5428209,-41.28444214,174.7384155
Wellington City,KARORI ROAD,30,W, ,RAINE ST,2811117,16/01/08,Wed,1925,AD,CE1S,101A 150A 400A ,,R,D,B ,F , ,N,C,50,0,0,1,,30,1745562,5428203,-41.28449868,174.7382498
Wellington City,KARORI ROAD,50,W, ,TRINGHAM ST,2850592,6/02/08,Wed,120,DA,CW1,130A 195A 400A ,F,E,D,DO,F , ,N,C,50,0,0,0,,,1744668,5427948,-41.2869553,174.7276393
Wellington City,KATE SHEPPARD PLACE,30,E, ,MULGRAVE ST,2851997,19/04/08,Sat,1545,JO,CW1C,201A 927 ,,R,D,O ,F ,D,N,N,50,0,0,0,,,1749033,5428877,-41.27779715,174.7795155
Wellington City,KAURI ST,80,N, ,BROADWAY,2856361,26/10/08,Sun,1630,MD,CN1C,929,,R,D,B ,F ,D,N,N,50,0,0,0,,,1751546,5423616,-41.32469567,174.8108177
Wellington City,KEDAH ST,, ,I,MIRO ST,2812740,7/08/08,Thu,1515,HA,CE1C,302A 375A ,,R,D,O ,F ,X,G,C,50,0,0,2,,,1751500,5423813,-41.32293068,174.8102192
Wellington City,KELBURN PARADE,100,N, ,FAIRLIE TERRACE,2813920,9/10/08,Thu,1305,BC,MS1C,120A ,,E,D,B ,F , ,N,N,50,0,0,1,,,1747956,5427453,-41.29081617,174.7670075
Wellington City,KELBURN PARADE,20,N, ,GLASGOW ST,2855277,13/06/08,Fri,1400,EA,CN1C,129A ,M,R,D,O ,F , ,N,C,50,0,0,0,,,1748009,5427625,-41.28925785,174.7675983
Wellington City,KELBURN PARADE,40,S, ,SALAMANCA ROAD,2811294,19/02/08,Tue,1738,MC,PS1C,372B ,,R,D,B ,F , ,N,P,50,0,0,1,,,1748121,5427873,-41.28700444,174.7688749
Wellington City,KELBURN PARADE,80,S, ,SALAMANCA ROAD,2852731,2/04/08,Wed,1610,MA,CE1C,371B 929 ,,M,D,B ,F ,D,N,C,50,0,0,0,,,1748104,5427836,-41.28734069,174.768681
Wellington City,KELBURN PARADE,200,S, ,SALAMANCA ROAD,2852955,22/05/08,Thu,1036,FD,4N1CC,331A 402A ,,R,D,B ,F , ,N,C,50,0,0,0,,,1748055,5427727,-41.28833106,174.7681226
Wellington City,KELBURN PARADE,, ,I,SALAMANCA ROAD,2852245,10/04/08,Thu,1520,PO,CS2K,375A 387A 722B ,,E,D,B ,F ,T,G,R,50,0,0,0,20,,1748148,5427897,-41.28678341,174.7691914
Wellington City,KELBURN PARADE,, ,I,SALAMANCA ROAD,2812665,13/05/08,Tue,1725,JC,SN1C,534A 602A 302B ,,M,D,TN,F ,T,G,C,50,0,0,1,,,1748148,5427897,-41.28678341,174.7691914
Wellington City,KELBURN VIADUCT,70,E, ,GLENMORE ST,2812304,24/05/08,Sat,1515,BC,CE1C,123A 350A ,,E,D,O ,F , ,N,L,50,0,0,1,,,1747248,5427890,-41.28701108,174.7584501
Wellington City,KELBURN VIADUCT,, ,I,GLENMORE ST,2854383,20/05/08,Tue,1400,JC,CE2C,302B ,,M,D,B ,F ,R,G,R,50,0,0,0,,,1747170,5427879,-41.28712434,174.7575217
Wellington City,KELBURN VIADUCT,, ,I,UPLAND ROAD,2813133,11/06/08,Wed,1910,KA,SW2C,302B ,,M,D,DO,F ,R,G,N,50,0,0,1,,27,1747254,5427892,-41.28699198,174.7585212
Wellington City,KEMP ST,20,E, ,EVANS BAY PARADE,2856715,9/11/08,Sun,1520,MO,CE1C,405A 423A ,M,R,D,B ,F , ,N,C,50,0,0,0,,,1750300,5424667,-41.31546643,174.7956765
Wellington City,KEMP ST,100,E, ,TACY ST,2851860,14/04/08,Mon,740,LB,CE1C,303B 375B 927 ,,R,D,B ,F ,D,N,C,50,0,0,0,,,1750539,5424436,-41.31750162,174.7985877
Wellington City,KEMP ST,100,N, ,TACY ST,2854100,30/04/08,Wed,1055,MA,CN1V,373B ,,R,D,B ,F , ,N,N,50,0,0,0,,,1750383,5424539,-41.31660338,174.7966993
Wellington City,KENMORE ST,50,S, ,HOROKIWI ROAD WEST,2813501,28/10/08,Tue,1215,EA,CN1CC,386A 504A ,M,R,D,O ,F , ,N,N,50,0,0,1,,,1752969,5434826,-41.22350082,174.8249987
Wellington City,KENMORE ST,, ,I,LINK ROAD,2855072,23/09/08,Tue,1540,FA,CN1C,112A 181A 632A ,,R,D,O ,FS,T,N,C,50,0,0,0,,,1753183,5434547,-41.22597226,174.8276206
Wellington City,KENT TERRACE,15,N, ,COURTENAY PLACE,2856776,18/12/08,Thu,1200,AA,CS1C,353A 372A ,,R,D,O ,F ,X,T,R,50,0,0,0,,,1749383,5427082,-41.29389362,174.784133
Wellington City,KENT TERRACE,20,S, ,EDGE HILL,2812980,5/09/08,Fri,1410,MO,VS1VE,420A 423A ,M,R,D,O ,FS, ,N,C,50,0,0,1,46,,1749301,5426901,-41.29553841,174.7831985
Wellington City,KENT TERRACE,, ,I,EDGE HILL,2857184,20/12/08,Sat,1500,GA,CS1C,181A ,,R,W,O ,L ,T,N,C,50,0,0,0,,,1749309,5426919,-41.29537487,174.7832895
Wellington City,KENT TERRACE,, ,I,EDGE HILL,2850572,28/01/08,Mon,1651,EE,CS1V,374B ,Q,R,D,B ,F ,T,N,C,50,0,0,0,,,1749309,5426919,-41.29537487,174.7832895
Wellington City,KENT TERRACE,100,S, ,ELIZABETH ST,2813765,11/10/08,Sat,2055,FB,CS1C,101A 331A 927 ,,R,D,DO,F ,D,N,C,50,0,0,1,,,1749251,5426790,-41.29654703,174.7826288
Wellington City,KENT TERRACE,, ,I,ELIZABETH ST,2811690,12/04/08,Sat,1415,QB,MS1,523A ,,R,D,B ,F ,X,T,C,50,0,0,1,,,1749292,5426881,-41.29572014,174.7830959
Wellington City,KENT TERRACE,50,S, ,MAJORIBANKS ST,2855974,18/10/08,Sat,1306,EE,VS14,374B ,Q,R,D,B ,F , ,N,C,50,0,0,0,,,1749356,5427024,-41.29442081,174.7838249
Wellington City,KENT TERRACE,, ,I,MAJORIBANKS ST,2811558,16/02/08,Sat,2220,NF,CE2E,375A 402A 105B 718B ,,R,D,DO,F ,X,T,C,50,0,1,0,21,,1749376,5427069,-41.29401196,174.7840526
Wellington City,KENT TERRACE,, ,I,MAJORIBANKS ST,2852505,12/03/08,Wed,2230,LB,CS1C,303B ,,R,D,DO,F ,X,T,R,50,0,0,0,,,1749376,5427069,-41.29401196,174.7840526
Wellington City,KENYA ST,, ,I,NGAIO GORGE ROAD,2854381,27/07/08,Sun,555,DA,TN1C,137A ,M,M,W,DO,H ,T,N,C,50,0,0,0,,,1748383,5431323,-41.25589426,174.7711623
Wellington City,KHANDALLAH ROAD,, ,I,COCKAYNE ROAD,2856383,18/09/08,Thu,1705,AC,CE1S,183A ,,M,W,OF,L ,T,S,P,50,0,0,0,,48,1749732,5432189,-41.24784848,174.7870446
Wellington City,KHANDALLAH ROAD,50,E, ,SIMLA CRESCENT,2813070,17/08/08,Sun,1205,EA,CE1C,129A 351A 358A ,M,E,D,B ,F , ,N,C,50,0,0,1,,,1749495,5432294,-41.24694698,174.7841916
Wellington City,KILBIRNIE CRESCENT,, ,I,CHILDERS TERRACE,2811681,11/03/08,Tue,807,JA,CE1C,308B 375B 920 ,,R,D,B ,F ,D,N,P,50,0,0,1,,,1750163,5424590,-41.3161852,174.7940595
Wellington City,KILBIRNIE CRESCENT,100,N, ,DUNCAN TERRACE,2856363,26/07/08,Sat,1500,MC,CN1C,181A ,,E,D,O ,F , ,N,R,50,0,0,0,,,1750062,5424833,-41.31401619,174.7927934
Wellington City,KILBIRNIE CRESCENT,20,W, ,EVANS BAY PARADE,2850513,23/01/08,Wed,1815,MC,4W1C,372A ,,R,D,B ,F , ,N,R,50,0,0,0,,,1750248,5424496,-41.31701568,174.7950977
Wellington City,KILBIRNIE CRESCENT,100,S, ,SH 1N,2851475,16/02/08,Sat,45,DA,CN1,102A 111A 514A ,FI,M,W,DO,L , ,N,R,50,0,0,0,,,1750093,5424952,-41.31293903,174.7931342
Wellington City,KILBIRNIE CRESCENT,20,S, ,TULLY ST,2854581,20/08/08,Wed,2351,EA,CS1C,358A ,M,R,D,DO,F , ,N,C,50,0,0,0,,,1750117,5424655,-41.31560855,174.7934941
Wellington City,KILBIRNIE CRESCENT,20,S, ,WELLINGTON ROAD,2852656,4/03/08,Tue,1645,AO,TN1V,385A ,,R,D,O ,F ,X,T,C,50,0,0,0,,,1750117,5425029,-41.31224131,174.7934018
Wellington City,KILBIRNIE CRESCENT,40,S, ,WELLINGTON ROAD,2856354,17/11/08,Mon,815,AA,CN1B,381A ,,R,W,O ,L , ,N,C,50,0,0,0,,,1750111,5425010,-41.31241349,174.7933348
Wellington City,KILBIRNIE CRESCENT,50,S, ,WELLINGTON ROAD,2812196,2/05/08,Fri,1745,MA,VS1C,373B ,IP,R,W,DO,H , ,N,R,50,0,0,1,,,1750108,5425000,-41.31250408,174.7933015
Wellington City,KING ST,, ,I,ADELAIDE ROAD,2856123,31/10/08,Fri,1910,GB,CE1C,158A ,,R,D,B ,F ,T,G,C,50,0,0,0,,,1748937,5426020,-41.30353767,174.7790686
Wellington City,KOROMIKO ROAD,100,N, ,OLD BULLOCK ROAD,2857275,17/12/08,Wed,1305,EA,TE1C,385A ,M,E,D,O ,F , ,N,N,50,0,0,0,,,1746997,5427039,-41.29471884,174.7556594
Wellington City,KUPE ST,5,E, ,HAMILTON ROAD,2856103,2/11/08,Sun,1054,MA,CE1CCC,370B ,M,R,D,O ,F ,T,N,C,50,0,0,0,,,1750087,5425229,-41.31044622,174.7929942
Wellington City,LADBROOKE DRIVE,740,E, ,WOODRIDGE DRIVE,2854129,8/08/08,Fri,2000,DB,CE1,111A 135A 801 ,F,R,W,DN,LS, ,N,N,50,0,0,0,,,1754224,5435037,-41.22136291,174.8399109
Wellington City,LAMBTON QUAY,30,E, ,BALLANCE ST,2813854,19/12/08,Fri,1508,NA,BN1E,711B ,,R,D,B ,F , ,N,C,50,0,1,0,30,,1748778,5428660,-41.27979792,174.7765251
Wellington City,LAMBTON QUAY,10,N, ,BALLANCE ST,2853989,31/07/08,Thu,1710,EA,BN1V,386A ,M,R,W,O ,L ,T,G,R,50,0,0,0,,,1748762,5428648,-41.27990891,174.776337
Wellington City,LAMBTON QUAY,30,S, ,BALLANCE ST,2811203,25/01/08,Fri,1630,EE,BN1X,374B ,M,R,D,B ,F , ,N,C,50,0,0,1,,,1748733,5428621,-41.28015734,174.7759975
Wellington City,LAMBTON QUAY,50,S, ,BOWEN ST,2854120,30/07/08,Wed,910,MA,VN1X,373B ,,R,W,O ,F , ,N,N,50,0,0,0,,,1748778,5428659,-41.27980692,174.7765253
Wellington City,LAMBTON QUAY,, ,I,BOWEN ST,2811146,18/01/08,Fri,1959,HA,CE2C,322B ,,R,D,TO,F ,X,T,R,50,0,0,2,,,1748819,5428688,-41.27953827,174.7770076
Wellington City,LAMBTON QUAY,, ,I,BOWEN ST,2852593,30/04/08,Wed,2002,HA,XE2C,322B ,,R,W,DO,H ,X,T,R,50,0,0,0,,,1748819,5428688,-41.27953827,174.7770076
Wellington City,LAMBTON QUAY,10,S, ,BRANDON ST,2855442,2/10/08,Thu,937,MO,BN1V,386B 410B ,,R,D,B ,F ,T,N,C,30,0,0,0,,,1748685,5428290,-41.28314633,174.7755054
Wellington City,LAMBTON QUAY,20,N, ,HUNTER ST,2813538,11/11/08,Tue,1400,NA,BS1E,711B ,,R,D,B ,F , ,N,C,50,0,0,1,31,,1748696,5428054,-41.28526912,174.7756943
Wellington City,LAMBTON QUAY,70,N, ,HUNTER ST,2851477,26/03/08,Wed,826,EA,BN1V,386A 443B ,QG,R,D,B ,F , ,N,P,30,0,0,0,,,1748682,5428102,-41.28483953,174.7755155
Wellington City,LAMBTON QUAY,30,N, ,PANAMA ST,2853325,22/03/08,Sat,1400,EA,CN1C,129A ,M,R,D,B ,F , ,T,R,50,0,0,0,,,1748680,5428257,-41.28344437,174.7754538
Wellington City,LAMBTON QUAY,50,S, ,PLIMMERS STEPS,2851379,22/02/08,Fri,1015,MO,VN1C,386A ,M,R,D,B ,F , ,N,N,30,0,0,0,,,1748729,5427953,-41.28617239,174.7761129
Wellington City,LAMBTON QUAY,150,N, ,STOUT ST,2857182,23/12/08,Tue,1200,EA,BS14,386A ,M,R,D,B ,F , ,N,R,30,0,0,0,,,1748742,5428632,-41.28005665,174.7761022
Wellington City,LAMBTON QUAY,40,S, ,STOUT ST,2850492,28/01/08,Mon,1621,AC,XN1B,372A ,,R,D,B ,F , ,N,R,30,0,0,0,,,1748733,5428449,-41.28170594,174.7760395
Wellington City,LAMBTON QUAY,40,N, ,WHITMORE ST,2853792,8/07/08,Tue,1240,MO,XS1C,420A ,M,R,D,B ,F , ,N,R,50,0,0,0,,,1748852,5428711,-41.27932511,174.7773958
Wellington City,LAMBTON QUAY,, ,I,WHITMORE ST,2854053,10/07/08,Thu,1100,KA,BS1C,353A 370A ,,R,D,O ,F ,X,T,C,30,0,0,0,,,1748819,5428688,-41.27953827,174.7770076
Wellington City,LAMBTON QUAY,, ,I,WHITMORE ST,2850948,24/02/08,Sun,16,GO,BN1C,171B 336B 372B ,,R,D,DO,F ,X,T,R,50,0,0,0,,,1748819,5428688,-41.27953827,174.7770076
Wellington City,LANDFILL ROAD,350,W, ,HAPPY VALLEY ROAD,2856758,20/11/08,Thu,2143,DA,CE1,111A 400A ,X,M,D,DO,F , ,N,N,50,0,0,0,,,1746720,5422938,-41.33169269,174.753342
Wellington City,LAVAUD ST,50,E, ,ADELAIDE ROAD,2852443,16/04/08,Wed,1806,EA,CE1C,386A ,M,R,W,DO,L , ,N,N,50,0,0,0,,,1748609,5423783,-41.32373878,174.775699
Wellington City,LEWER ST,30,S, ,CAMPBELL ST,2811862,18/03/08,Tue,710,AC,BW1SC,183A 434A ,M,R,D,TF,F , ,N,C,50,0,0,1,,44,1745658,5428032,-41.28602099,174.7394366