TLA NAME,CRASH ROAD,CRASH DIST,CRASH DIRN,INTSN,SIDE ROAD,CRASH ID,CRASH DATE,CRASH DOW,CRASH TIME,MVMT,VEHICLES,CAUSES,OBJECTS STRUCK,ROAD CURVE,ROAD WET,LIGHT,WTHRa,JUNC TYPE,TRAF CTRL,ROAD MARK,SPD LIM,CRASH FATAL CNT,CRASH SEV CNT,CRASH MIN CNT,PERS AGE1,PERS AGE2,EASTING,NORTHING,latitude,longitude
Wellington City,LIARDET ST,100,N, ,TRAVERS ST,2853020,22/02/08,Fri,1700,EA,XN1C,129A ,M,R,D,B ,F , ,N,C,50,0,0,0,,,1748170,5424822,-41.31446501,174.7702027
Wellington City,LIARDET ST,20,S, ,TRAVERS ST,2852004,1/04/08,Tue,1132,DA,CS1,111A 358A 407A ,HX,E,D,O ,F , ,N,C,50,0,0,0,,,1748176,5424702,-41.31554432,174.7703036
Wellington City,LINDEN AVENUE,30,E, ,FINDLAY ST,2856172,26/11/08,Wed,700,MO,TE1C,428A ,M,R,D,O ,F , ,N,C,50,0,0,0,,,1753659,5442187,-41.15709661,174.8313784
Wellington City,LINDUM TERRACE,50,S, ,MAIDA VALE ROAD,2850335,26/01/08,Sat,2120,QO,CS1,103A 425A ,E,E,D,DO,F , ,N,N,50,0,0,0,,,1750858,5427693,-41.28811826,174.8015897
Wellington City,LITTLE PIPITEA ST,, ,I,MURPHY ST,2856288,24/09/08,Wed,605,JA,TS1C,303B 375B ,,R,W,TO,F ,T,N,C,50,0,0,0,,,1749037,5429184,-41.27503235,174.7794881
Wellington City,LORNE ST,30,E, ,TORY ST,2813768,3/09/08,Wed,1915,MC,PE1C,373B ,,R,D,TO,F , ,N,N,50,0,0,1,,,1749075,5426931,-41.29531008,174.7804931
Wellington City,LORNE ST,60,E, ,TORY ST,2856006,6/08/08,Wed,30,CB,CW1CC,129A ,M,R,D,DO,F , ,N,C,50,0,0,0,,,1749103,5426919,-41.29541295,174.7808303
Wellington City,LORNE ST,, ,I,TORY ST,2814003,13/08/08,Wed,845,MO,TW1,385A ,R,R,D,B ,F ,X,G,C,50,0,0,1,,,1749048,5426943,-41.29520703,174.7801678
Wellington City,LUDLAM ST,, ,I,MONRO ST,2850991,4/02/08,Mon,1201,HA,4E1C,302A 353A 375A 853 ,,R,D,O ,F ,X,G,R,50,0,0,0,,,1753449,5423599,-41.3244888,174.8335497
Wellington City,LUKES LANE,50,W, ,TARANAKI ST,2856282,17/11/08,Mon,1600,MF,XS1V,371B 839 ,,M,D,B ,F , ,N,N,50,0,0,0,,,1748933,5427334,-41.29170791,174.7786993
Wellington City,LYALL PARADE,10,W, ,ONEPU ROAD,2851474,26/02/08,Tue,1326,MO,TE1V,421A ,M,R,D,B ,F ,R,G,R,50,0,0,0,,,1750230,5423146,-41.32917349,174.7952164
Wellington City,LYALL PARADE,50,W, ,RUA ST,2854782,25/07/08,Fri,950,GC,CW1C,174B 355B 372B ,,R,D,O ,FS, ,N,R,50,0,0,0,,,1750050,5423014,-41.33039545,174.7930991
Wellington City,LYALL PARADE,70,W, ,TIRANGI ROAD,2850573,29/01/08,Tue,1905,JA,SW1P,403B 929 ,,R,D,B ,F ,D,N,C,50,0,0,0,,31,1750693,5423268,-41.32798868,174.8007163
Wellington City,MAARAMA CRESCENT,30,W, ,OHIRO ROAD,2855884,15/07/08,Tue,1000,EA,TW1C,385A 818 ,M,M,D,B ,F , ,N,N,50,0,0,0,,,1748045,5426731,-41.29730036,174.7682455
Wellington City,MACDONALD CRESCENT,50,W, ,DIXON ST,2855480,9/09/08,Tue,740,BB,CW1C,123A ,,M,W,O ,H , ,N,C,50,0,0,0,,,1748429,5427427,-41.29096342,174.7726601
Wellington City,MACDONALD CRESCENT,30,E, ,THE TERRACE,2856787,20/12/08,Sat,1720,MA,CW1C,181A 371B ,,R,W,O ,L , ,N,C,50,0,0,0,,,1748332,5427458,-41.29070215,174.7714947
Wellington City,MADRAS ST,50,W, ,GURKHA CRESCENT,2812637,11/07/08,Fri,1505,BB,CW1C,111A 123A ,,S,D,O ,F , ,N,C,50,0,0,1,,,1750905,5432581,-41.24410106,174.8009407
Wellington City,MAGINNITY ST,20,S, ,BALLANCE ST,2856481,16/10/08,Thu,900,MO,CN1M,385A ,M,R,D,O ,F , ,N,C,50,0,0,0,,,1748846,5428468,-41.28151405,174.7773836
Wellington City,MAGINNITY ST,, ,I,BALLANCE ST,2855290,11/07/08,Fri,1258,DB,CN2C,122A ,Q,R,D,O ,F ,T,N,N,50,0,0,0,,,1748863,5428479,-41.28141188,174.7775838
Wellington City,MAHORA ST,100,N, ,COUTTS ST,2852215,28/04/08,Mon,1100,MO,CS1C,371A ,M,R,D,B ,F , ,N,C,50,0,0,0,,,1750408,5424218,-41.31948878,174.7970772
Wellington City,MAHORA ST,50,N, ,RONGOTAI ROAD,2811476,31/01/08,Thu,1929,MO,TS1EX,371A 730B 440C ,M,R,D,B ,F , ,N,N,50,0,0,1,51,,1750434,5424306,-41.31869164,174.797366
Wellington City,MAHORA ST,30,S, ,RONGOTAI ROAD,2851563,2/01/08,Wed,1400,GD,CS1C,387A 371B ,,R,D,B ,F ,M,N,C,50,0,0,0,,,1750436,5424314,-41.31861924,174.7973879
Wellington City,MAHORA ST,30,S, ,RONGOTAI ROAD,2812324,6/05/08,Tue,1244,AB,4S14,112A 153A 377A ,,R,D,O ,F , ,N,C,50,0,0,1,,,1750436,5424314,-41.31861924,174.7973879
Wellington City,MAIDA VALE ROAD,40,N, ,GRAFTON ROAD,2856375,31/10/08,Fri,2330,EA,CE1C,101A ,M,M,W,DO,L , ,N,C,50,0,0,0,,,1750914,5427746,-41.28763062,174.802245
Wellington City,MAIDA VALE ROAD,150,S, ,THE CRESCENT,2855801,17/09/08,Wed,1516,BO,CN1C,111A 402A ,C,E,D,O ,F , ,N,N,50,0,0,0,,,1750919,5427734,-41.28773772,174.8023077
Wellington City,MAIN ROAD,10,N, ,CAMBRIDGE ST,2856076,1/11/08,Sat,1240,MO,VS1C,386A ,M,R,D,B ,F ,X,N,C,50,0,0,0,,,1753078,5440616,-41.17135083,174.8248496
Wellington City,MAIN ROAD,30,N, ,CAMBRIDGE ST,2853935,29/05/08,Thu,1015,MF,CN1V,371B ,,R,D,B ,F , ,N,C,50,0,0,0,,,1753080,5440636,-41.17117038,174.8248685
Wellington City,MAIN ROAD,50,N, ,CAMBRIDGE ST,2856781,22/12/08,Mon,1000,MO,CE1C,371A ,,R,D,B ,F , ,N,C,50,0,0,0,,,1753082,5440656,-41.17098994,174.8248873
Wellington City,MAIN ROAD,, ,I,CAMBRIDGE ST,2853715,10/07/08,Thu,1645,LB,SS1C,302A ,,R,D,B ,F ,R,G,R,50,0,0,0,,28,1753077,5440606,-41.17144105,174.8248402
Wellington City,MAIN ROAD,100,S, ,ELENA PLACE,2855911,25/10/08,Sat,1823,GC,CS1C,372B 929 ,,R,D,O ,F ,D,N,C,50,0,0,0,,,1753050,5440383,-41.1734539,174.8245742
Wellington City,MAIN ROAD,10,N, ,ESSEX ST,2811724,5/04/08,Sat,1135,MO,SN1C,158A 372B ,,R,W,O ,L ,T,G,C,50,0,0,1,,40,1753096,5440813,-41.16957376,174.8250149
Wellington City,MAIN ROAD,40,N, ,ESSEX ST,2852501,13/01/08,Sun,1758,FB,CW1C,181A 927 ,,R,D,B ,F ,D, ,L,50,0,0,0,,,1753098,5440843,-41.16930328,174.8250312
Wellington City,MAIN ROAD,80,S, ,ESSEX ST,2857347,13/08/08,Wed,1540,MO,CN1C,351A 371A 385A ,Q,R,D,B ,F , ,N,C,50,0,0,0,,,1753088,5440723,-41.17038558,174.824942
Wellington City,MAIN ROAD,10,S, ,LINCOLN AVENUE,2855155,23/09/08,Tue,820,MC,CN1C,371B ,,R,D,O ,F ,T,G,R,50,0,0,0,,,1753102,5440926,-41.16855524,174.8250581
Wellington City,MAIN ROAD,, ,I,LINDEN AVENUE,2850635,3/02/08,Sun,612,KB,CN1C,113A 302A ,,R,D,O ,F ,R,G,R,50,0,0,0,,,1753498,5442235,-41.15669493,174.8294485
Wellington City,MAIN ROAD,, ,I,LYNDHURST ROAD,2853923,4/08/08,Mon,1825,HA,CS1C,302A 375A ,,R,W,DO,L ,R,G,R,50,0,0,0,,,1753077,5440606,-41.17144105,174.8248402
Wellington City,MAIN ROAD,, ,I,LYNDHURST ROAD,2856858,4/12/08,Thu,1515,KA,CN1C,302B ,,R,D,B ,F ,R,G,R,50,0,0,0,,,1753066,5440595,-41.17154216,174.8247119
Wellington City,MAIN ROAD,, ,I,LYNDHURST ROAD,2856033,19/11/08,Wed,1800,LB,CN1C,302A 375A ,,R,D,B ,F ,R,G,R,50,0,0,0,,,1753073,5440589,-41.17159486,174.8247968
Wellington City,MAIN ROAD,, ,I,OXFORD ST,2852046,18/03/08,Tue,1445,GO,CN1C,157A 158A 387A ,,R,D,B ,F ,T,G,C,50,0,0,0,,,1753048,5440367,-41.17359834,174.8245544
Wellington City,MAIN ROAD,170,N, ,REDWOOD AVENUE,2852546,21/05/08,Wed,1630,AA,VN14,158A 381A ,,R,D,B ,F , ,N,P,50,0,0,0,,,1752997,5439532,-41.18112579,174.8241553
Wellington City,MAIN ROAD,30,S, ,REDWOOD AVENUE,2811838,2/05/08,Fri,1455,BC,CW14,120A 927 ,,R,D,O ,L ,D,G,R,50,0,0,1,,,1752986,5439338,-41.18287452,174.8240727
Wellington City,MAIN ROAD,40,S, ,REDWOOD AVENUE,2812974,30/08/08,Sat,1705,JA,SS1C,302B 927 ,,R,D,TF,F ,D,G,C,50,0,0,1,,29,1752993,5439330,-41.18294523,174.8241581
Wellington City,MAIN ROAD,180,S, ,REDWOOD AVENUE,2855526,2/10/08,Thu,705,MC,4S14,372B ,,R,D,O ,F , ,N,P,50,0,0,0,,,1753086,5439786,-41.17882213,174.8251524
Wellington City,MAIN ROAD,, ,I,REDWOOD AVENUE,2852074,12/05/08,Mon,720,FB,TS1C,135A 181A 801 ,,R,W,O ,L ,R,G,R,50,0,0,0,,,1752975,5439365,-41.18263351,174.8239349
Wellington City,MAIN ROAD,50,N, ,SUNRISE BOULEVARD,2854522,22/08/08,Fri,645,EA,TN1C,386A 683A ,M,R,D,TO,F , ,N,C,50,0,0,0,,,1753089,5439214,-41.18397149,174.8253312
Wellington City,MAIN ROAD,80,S, ,SURREY ST,2852743,9/06/08,Mon,1000,MC,CS1T,358B 372B ,,R,D,B ,F , ,N,N,50,0,0,0,,,1753104,5440959,-41.16825775,174.8250737
Wellington City,MAIN ROAD,50,N, ,THE DRIVE,2855949,8/11/08,Sat,2136,EA,CN1C,385A 433B ,M,R,D,DO,F , ,N,C,50,0,0,0,,,1753070,5440210,-41.17500771,174.8248558
Wellington City,MAIN ROAD,30,N, ,WALL PLACE,2857423,20/11/08,Thu,1630,EA,VS1C,386A ,Q,E,D,B ,F , ,N,C,50,0,0,0,,,1753729,5442785,-41.15169932,174.8320624
Wellington City,MAIRANGI ROAD,200,S, ,MARGARET ST,2851159,29/02/08,Fri,1950,EA,CN1C,386A ,M,M,D,DN,F , ,N,C,50,0,0,0,,,1748328,5430473,-41.26355735,174.7707129
Wellington City,MAJORIBANKS ST,, ,I,EARLS TERRACE,2851580,3/02/08,Sun,1800,DB,CE1C,385A ,M,R,D,B ,F ,T,G,N,50,0,0,0,,,1749693,5426925,-41.29524972,174.7878723
Wellington City,MAKARA ROAD,500,S, ,ESTUARY ST,2812990,7/02/08,Thu,2246,DA,CN1,111A 402A ,,M,D,DN,F , ,N,C,50,0,1,2,,,1743698,5434872,-41.22478628,174.7144291
Wellington City,MAKARA ROAD,120,N, ,SOUTH MAKARA ROAD,2854469,23/04/08,Wed,2242,BC,CS1C,103A 351A ,,E,D,DN,F , ,N,C,50,0,0,0,,,1742881,5430069,-41.26817648,174.7058104
Wellington City,MAKARA ROAD,1000,N, ,TAKARAU GORGE ROAD,2854807,3/09/08,Wed,2105,DB,CS1,111A 131A ,,M,D,DN,F , ,N,C,50,0,0,0,,,1743533,5433810,-41.23437765,174.7127109
Wellington City,MAKARA ROAD,250,N, ,TERAWHITI TERRACE,2855543,9/10/08,Thu,1934,BB,CS14,102A 205A 404A ,,S,D,DO,FS, ,N,C,50,0,0,0,,,1744017,5428175,-41.28502785,174.7198146
Wellington City,MANING LANE,20,S, ,VICTORIA ST,2853543,2/05/08,Fri,1915,MO,CS1C,371A 927 ,M,R,W,DO,L ,D,N,N,50,0,0,0,,,1748802,5427827,-41.28729338,174.777015
Wellington City,MANNERS ST,, ,I,MANNERS T,2850628,8/02/08,Fri,1500,GE,CN2B,173A ,,R,D,B ,F ,X,T,C,30,0,0,0,,,1748603,5427623,-41.28916673,174.7746894
Wellington City,MANNERS ST,30,W, ,TARANAKI ST,2856486,12/10/08,Sun,1200,FD,CE1C,330A 385A ,,R,D,O ,F , ,N,C,50,0,0,0,,,1748928,5427269,-41.29229406,174.7786555
Wellington City,MANNERS ST,70,W, ,TARANAKI ST,2851502,19/03/08,Wed,1149,MA,4E1X,381B ,,R,D,O ,F , ,N,R,50,0,0,0,,,1748897,5427295,-41.29206569,174.7782791
Wellington City,MANNERS ST,, ,I,TARANAKI ST,2856508,26/11/08,Wed,930,FA,VE14,385A ,,R,D,B ,F ,X,T,R,50,0,0,0,,,1748949,5427248,-41.29247926,174.7789113
Wellington City,MANNERS ST,, ,I,VICTORIA ST,2851900,5/01/08,Sat,857,KC,XS2C,176A ,,R,D,B ,F ,X,T,R,50,0,0,0,,,1748686,5427488,-41.29036692,174.7757131
Wellington City,MANNERS ST,20,E, ,WILLIS ST,2853028,29/02/08,Fri,1400,FA,BW1V,370A ,,R,D,O ,F ,X,T,C,50,0,0,0,,,1748613,5427606,-41.28931795,174.7748129
Wellington City,MANNERS ST,50,E, ,WILLIS ST,2855213,8/10/08,Wed,1716,MG,CW1B,371B ,,R,D,O ,F , ,N,C,50,0,0,0,,,1748629,5427580,-41.2895491,174.7750103
Wellington City,MANNERS ST,15,S, ,WILLIS ST,2812212,20/02/08,Wed,1240,MA,SE1B,373B ,,R,D,B ,F , ,N,N,50,0,0,1,,28,1748611,5427611,-41.2892733,174.7747878
Wellington City,MANNERS ST,, ,I,WILLIS ST,2855874,17/07/08,Thu,1413,GF,BW1V,176A ,,R,D,O ,F ,X,T,C,30,0,0,0,,,1748603,5427623,-41.28916673,174.7746894
Wellington City,MANNERS ST,, ,I,WILLIS ST,2856388,19/09/08,Fri,1330,MG,CS2C,371B ,,E,D,O ,F ,X,T,C,30,0,0,0,,,1748603,5427623,-41.28916673,174.7746894
Wellington City,MANNERS ST,, ,I,WILLIS ST,2811974,17/05/08,Sat,2314,NA,CW1EE,105B 718B 713C ,,R,D,DO,F ,X,T,C,50,0,0,2,17,,1748603,5427623,-41.28916673,174.7746894
Wellington City,MANNERS ST,, ,I,WILLIS ST,2813836,12/09/08,Fri,810,GO,CW1B,373A 172B ,,R,D,O ,F ,X,T,N,50,0,0,1,,,1748603,5427623,-41.28916673,174.7746894
Wellington City,MANNERS ST,, ,I,WILLIS ST,2856892,26/11/08,Wed,2230,AC,CW1B,159A 190A ,,R,D,DO,F ,X,T,C,50,0,0,0,,,1748603,5427623,-41.28916673,174.7746894
Wellington City,MANSFIELD ST,20,S, ,RHODES ST,2855080,28/09/08,Sun,1350,EE,CS1C,374B ,M,R,D,B ,F , ,N,C,50,0,0,0,,,1749054,5424525,-41.31697614,174.7808319
Wellington City,MANSFIELD ST,20,S, ,RIDDIFORD ST,2812446,28/06/08,Sat,1800,NB,CS1E,105B 724B ,,R,D,DO,F , ,N,C,50,0,0,1,32,,1749054,5424525,-41.31697614,174.7808319
Wellington City,MANSFIELD ST,10,N, ,ROY ST,2855323,21/09/08,Sun,1108,MO,CW1,133A 400A 420A 929 ,CH,R,D,O ,F ,D,N,C,50,0,0,0,,,1749106,5424288,-41.31910033,174.781511
Wellington City,MANSFIELD ST,100,N, ,ROY ST,2856484,14/08/08,Thu,1930,BA,CS1C,125A ,,R,W,DO,L , ,N,C,50,0,0,0,,,1749087,5424376,-41.31831154,174.7812625
Wellington City,MANSFIELD ST,15,S, ,ROY ST,2853567,26/06/08,Thu,1433,MO,CS1C,120A 371B ,,R,D,O ,F , ,N,N,50,0,0,0,,,1749111,5424263,-41.31932449,174.7815768
Wellington City,MARAVAL CRESCENT,30,W, ,GUADELOUPE CRESCENT,2855289,12/07/08,Sat,1130,MO,CW1C,385A ,M,R,W,O ,L , ,N,N,50,0,0,0,,,1752876,5436631,-41.20726739,174.8234382
Wellington City,MARINE PARADE,25,S, ,AWA ROAD,2850982,17/03/08,Mon,900,BA,CN1B,129A 352A ,,R,D,B ,F , ,N,C,50,0,0,0,,,1753106,5424908,-41.3127689,174.8291236
Wellington City,MARION ST,20,N, ,VIVIAN ST,2853339,18/04/08,Fri,1125,MO,4N1C,385A ,Q,R,D,B ,F , ,N,N,50,0,0,0,,,1748702,5426980,-41.29493772,174.7760282
Wellington City,MARK AVENUE,, ,I,TERRANCE GROVE,2853220,29/06/08,Sun,1209,GD,CN1C,181A ,,R,W,O ,S ,T,N,C,50,0,0,0,,,1752247,5436156,-41.21166252,174.8160577
Wellington City,MARK AVENUE,, ,I,TRINIDAD CRESCENT,2855079,2/10/08,Thu,1045,HA,CS24,309A 382A ,,R,D,B ,F ,X,N,C,50,0,0,0,,,1752860,5436730,-41.20637908,174.8232227
Wellington City,MARTIN SQUARE,30,E, ,TARANAKI ST,2856369,14/08/08,Thu,1650,MO,CW1T,663B ,Q,R,W,O ,L , ,N,N,50,0,0,0,,,1748757,5426762,-41.29689033,174.7767381
Wellington City,MASSEY ROAD,280,E, ,FORT BALLANCE ROAD,2811672,22/02/08,Fri,955,DB,CN1,103A ,CT,M,D,B ,F , ,N,C,50,0,0,1,,,1753696,5426976,-41.29403822,174.8356464
Wellington City,MASSEY ROAD,50,N, ,FORT BALLANCE ROAD,2852945,15/03/08,Sat,200,DA,CN1,131A ,C,M,D,DO,F , ,N,C,50,0,0,0,,,1753430,5427150,-41.29252228,174.8324272
Wellington City,MASSEY ROAD,200,N, ,FORTIFICATION ROAD,2856397,7/12/08,Sun,1930,DB,CE1,111A 402A 430A ,C,S,W,TN,F , ,N,C,50,0,0,0,,,1753514,5426701,-41.29654873,174.8335431
Wellington City,MATAI ST,, ,I,RANUI TERRACE,2856149,24/06/08,Tue,1430,MG,VW1C,353A 371A ,,R,D,O ,F ,T,G,C,50,0,0,0,,,1753930,5441868,-41.15991729,174.8346869
Wellington City,MAUPUIA ROAD,100,N, ,MIRAMAR AVENUE,2812214,24/05/08,Sat,710,CC,VN1,104A 410A ,EH,R,D,B ,F , ,N,C,50,0,0,1,,,1751754,5424806,-41.31394272,174.8130048
Wellington City,MCKINLEY CRESCENT,50,S, ,GARFIELD ST,2813970,8/10/08,Wed,1730,CB,CW1CC,112A 130A ,FM,R,D,B ,F , ,N,N,50,0,0,1,,,1747697,5425630,-41.30727696,174.7643581
Wellington City,MCLINTOCK ST,30,S, ,MEADOWCROFT GROVE,2813320,3/09/08,Wed,1520,DA,CS1,110A 402A ,T,E,D,B ,F , ,N,C,50,0,0,1,,,1750374,5434636,-41.22569791,174.7941005
Wellington City,MCLINTOCK ST,100,S, ,NORWOOD PLACE,2856458,24/11/08,Mon,1120,QD,TE1,428A ,CFH,R,W,O ,L , ,N,N,50,0,0,0,,,1750211,5434902,-41.22333326,174.7920913
Wellington City,MEDWAY ST,20,W, ,DERWENT ST,2850983,1/03/08,Sat,30,DA,CW1,103A 131A ,F,S,D,DO,F , ,N,C,50,0,0,0,,,1748265,5422567,-41.33475026,174.7718872
Wellington City,MEIN ST,, ,I,DANIELL ST,2857031,25/12/08,Thu,2330,AE,CE1C,103A 112A 170A ,,R,D,DO,F ,T,N,C,50,0,0,0,,,1749130,5425238,-41.31054268,174.7815646
Wellington City,MEIN ST,, ,I,DANIELL ST,2855885,17/09/08,Wed,850,LB,CW1C,303B 353B ,,R,D,O ,F ,T,N,C,50,0,0,0,,,1749130,5425238,-41.31054268,174.7815646
Wellington City,MEIN ST,40,W, ,OWEN ST,2814033,13/12/08,Sat,238,BA,CE1TVC,112A 125A 430A ,M,R,D,DO,F , ,N,L,50,0,1,2,,,1749261,5425264,-41.31028436,174.7831225
Wellington City,MEIN ST,30,E, ,RIDDIFORD ST,2812944,9/04/08,Wed,810,FF,SE1CC,181A 191B 374C ,,R,D,O ,F , ,N,C,50,0,0,1,,,1748947,5425203,-41.31089161,174.779388
Wellington City,MEIN ST,50,E, ,RIDDIFORD ST,2853941,22/06/08,Sun,845,KA,VE1C,308B 926 ,,R,W,O ,HS,D,N,C,50,0,0,0,,,1748966,5425207,-41.31085209,174.7796139
Wellington City,MEIN ST,150,E, ,RIDDIFORD ST,2854256,19/08/08,Tue,1100,MO,CW1C,386A ,M,R,D,B ,F , ,N,N,50,0,0,0,,,1749064,5425225,-41.31067192,174.7807797
Wellington City,MELBOURNE ROAD,40,S, ,DEE ST,2855887,14/08/08,Thu,1810,BA,CN1C,120A 818 ,,R,D,DO,F , ,N,N,50,0,0,0,,,1748653,5423125,-41.3296549,174.7763855
Wellington City,MELROSE ROAD,10,S, ,WITHAM ST,2813508,26/10/08,Sun,425,DA,CN1,102A 111A 430A 502A ,,E,W,DO,F ,T,N,C,50,0,0,1,,,1749004,5422314,-41.33689183,174.7807769
Wellington City,MEXTED TERRACE,, ,A,TREMEWAN ST,2856932,26/12/08,Fri,500,DB,CE1,410A ,CT,M,D,DO,F , ,N,C,50,0,0,0,,,1754213,5442260,-41.15633422,174.8379596
Wellington City,MIDDLETON ROAD,, ,I,BASSETT ROAD,2855281,23/05/08,Fri,1740,GF,CN1C,172A ,,E,W,TO,L ,R,G,R,50,0,0,0,,,1751531,5435191,-41.22048516,174.8077603
Wellington City,MIDDLETON ROAD,, ,I,CHURTON DRIVE,2855994,21/10/08,Tue,2311,FA,CS1V,434A 512A ,,E,D,DO,F ,T,G,C,50,0,0,0,,,1751849,5435960,-41.21350195,174.8113612
Wellington City,MIDDLETON ROAD,40,N, ,GLENSIDE ROAD,2811226,14/02/08,Thu,1000,DA,CN1C,104A 111A ,FTX,M,D,B ,F , ,N,C,50,0,0,1,,,1751928,5436848,-41.20549211,174.8120824
Wellington City,MIDDLETON ROAD,60,N, ,GLENSIDE ROAD,2813497,17/11/08,Mon,1140,MD,MS1C,371B 671B 928 ,,E,W,O ,L ,D,N,P,50,0,0,1,,,1751944,5436861,-41.20537206,174.8122699
Wellington City,MIDDLETON ROAD,10,S, ,GLENSIDE ROAD,2854780,13/04/08,Sun,537,DB,CS1,410A ,CT,E,D,DO,F ,T,N,C,50,0,0,0,,,1751896,5436813,-41.20581323,174.8117096
Wellington City,MIDDLETON ROAD,, ,I,HALSWATER DRIVE,2813199,9/10/08,Thu,1054,JC,TE2C,301A 375A ,,E,D,O ,F ,T,S,R,50,0,0,1,,,1751917,5436593,-41.20779004,174.8120146
Wellington City,MIDDLETON ROAD,, ,I,HALSWATER DRIVE,2812942,16/05/08,Fri,1817,LB,PN1C,303B ,,R,D,DO,F ,T,S,P,50,0,0,1,,,1751917,5436593,-41.20779004,174.8120146
Wellington City,MIDDLETON ROAD,, ,I,HELSTON ROAD,2851597,6/03/08,Thu,1730,HA,CS1C,302A ,,E,D,B ,F ,R,G,R,50,0,0,0,,,1751531,5435191,-41.22048516,174.8077603
Wellington City,MIDDLETON ROAD,100,S, ,RICHMOND HILL,2856287,8/10/08,Wed,1300,BC,4N1T,121A 358A ,,M,D,O ,F , ,N,L,70,0,0,0,,,1753135,5438128,-41.19374044,174.8261512
Wellington City,MIDDLETON ROAD,300,S, ,RICHMOND HILL,2855533,25/10/08,Sat,0,DA,CN1,103A 129A ,V,E,W,DN,L , ,N,L,70,0,0,0,,,1753006,5437978,-41.19511533,174.8246511
Wellington City,MIDDLETON ROAD,100,N, ,ROWELLS ROAD,2851984,13/03/08,Thu,1220,FD,CS1CC,181A ,,R,D,B ,F , ,N,L,70,0,0,0,,,1752501,5437181,-41.20238626,174.8188304
Wellington City,MIDDLETON ROAD,150,N, ,ROWELLS ROAD,2811547,12/01/08,Sat,1700,DA,CN1,102A 111A ,C,E,D,B ,F , ,N,C,70,0,1,0,,,1752515,5437229,-41.20195146,174.8189853
Wellington City,MIDDLETON ROAD,250,N, ,ROWELLS ROAD,2811114,5/01/08,Sat,2350,DB,CN1,103A 433A ,C,M,D,DN,F , ,N,P,70,0,0,1,,,1752578,5437306,-41.20124633,174.8197171
Wellington City,MIDDLETON ROAD,260,N, ,ROWELLS ROAD,2812533,8/07/08,Tue,1533,DB,CN1,111A 136A 634A ,C,M,D,O ,F , ,N,L,70,0,0,1,,,1752585,5437313,-41.20118199,174.8197988
Wellington City,MIDDLETON ROAD,, ,I,WESTCHESTER DRIVE,2811122,13/01/08,Sun,1300,KA,SW1C,375B 402B ,,M,D,O ,F ,T,G,R,50,0,0,1,,41,1752251,5437033,-41.20376581,174.815887
Wellington City,MILES CRESCENT,140,W, ,LYNDFIELD LANE,2856824,13/12/08,Sat,606,CB,CN1,116A 135A 804 ,P,R,D,TO,F , ,N,N,50,0,0,0,,,1752414,5433681,-41.23391437,174.8186662
Wellington City,MILLS ROAD,25,S, ,FORTUNATUS ST,2857081,28/12/08,Sun,1900,QD,4S1CC,420A 428A ,MM,R,D,B ,F , ,N,C,50,0,0,0,,,1747809,5425029,-41.31266753,174.7658415
Wellington City,MILLS ROAD,30,N, ,VERONICA ST,2855348,9/07/08,Wed,1100,MG,CN1B,181A 428B ,,R,D,O ,F , ,N,C,50,0,0,0,,,1747817,5425083,-41.31217988,174.7659239
Wellington City,MIRAMAR AVENUE,, ,I,CHELSEA ST,2812133,1/02/08,Fri,1335,HA,SW1X,301B ,,R,D,B ,F ,X,S,C,50,0,0,1,,31,1752257,5424400,-41.31750322,174.8191129
Wellington City,MIRAMAR AVENUE,, ,I,IRA ST,2850575,26/01/08,Sat,1430,DB,CN2,103A 131A ,IS,M,D,O ,F ,T,N,R,50,0,0,0,,,1752306,5424371,-41.31775506,174.8197053
Wellington City,MIRAMAR AVENUE,, ,I,PARK ROAD,2811917,24/04/08,Thu,2041,HA,CE1C,101A 302A 375A ,,R,D,DO,F ,R,G,R,50,0,0,1,,,1752036,5424529,-41.3163835,174.8164415
Wellington City,MIRAMAR AVENUE,30,E, ,STONE ST,2855703,10/07/08,Thu,1320,EA,CE1C,385A ,M,R,D,B ,F , ,N,C,50,0,0,0,,,1751975,5424564,-41.31607989,174.8157043
Wellington City,MIRAMAR AVENUE,10,W, ,STONE ST,2851551,16/03/08,Sun,1305,MC,4E1C,372B ,,R,D,O ,F ,T,N,P,50,0,0,0,,,1751941,5424584,-41.31590623,174.8152933
Wellington City,MIRAMAR AVENUE,100,E, ,TAUHINU ROAD,2813137,27/06/08,Fri,1725,JA,SE1C,308B 642B 922 ,,R,W,DO,L ,D,N,P,50,0,0,1,,45,1751869,5424627,-41.31553265,174.8144228
Wellington City,MIRAMAR AVENUE,20,W, ,TAUHINU ROAD,2813179,20/09/08,Sat,1812,FD,CE1V4,181A ,,R,D,O ,F , ,N,C,50,0,0,1,,,1751765,5424688,-41.31500303,174.8131656
Wellington City,MIRAMAR AVENUE,, ,I,TAUHINU ROAD,2856000,16/10/08,Thu,2114,HA,CW1C,302A 375A ,,R,W,DO,L ,R,G,R,50,0,0,0,,,1751783,5424677,-41.31509868,174.8133833
Wellington City,MIRAMAR AVENUE,, ,I,TAUHINU ROAD,2856791,14/12/08,Sun,1710,FB,CW1C,181A ,,R,D,O ,F ,R,G,R,50,0,0,0,,,1751783,5424677,-41.31509868,174.8133833
Wellington City,MITCHELL ST,50,S, ,APUKA ST,2853547,3/06/08,Tue,1830,EA,BN1C,129A ,M,M,D,TO,F , ,N,N,50,0,0,0,,,1747351,5426157,-41.30259538,174.7600991