TLA NAME,CRASH ROAD,CRASH DIST,CRASH DIRN,INTSN,SIDE ROAD,CRASH ID,CRASH DATE,CRASH DOW,CRASH TIME,MVMT,VEHICLES,CAUSES,OBJECTS STRUCK,ROAD CURVE,ROAD WET,LIGHT,WTHRa,JUNC TYPE,TRAF CTRL,ROAD MARK,SPD LIM,CRASH FATAL CNT,CRASH SEV CNT,CRASH MIN CNT,PERS AGE1,PERS AGE2,EASTING,NORTHING,latitude,longitude
Wellington City,MITCHELL ST,80,N, ,HOOVER ST,2855943,16/10/08,Thu,2230,EA,CS1C,385A ,M,M,W,DO,F , ,N,C,50,0,0,0,,,1747228,5425529,-41.30827204,174.7587825
Wellington City,MITCHELL ST,20,N, ,ST LOUIS PLACE,2813621,17/11/08,Mon,1115,MC,4S1C,372B 832 ,,R,W,O ,LS, ,N,C,50,0,0,1,,,1747140,5425140,-41.31179046,174.7578258
Wellington City,MITCHELL ST,200,S, ,VIRGINIA GROVE,2853766,2/06/08,Mon,1530,AC,VN1C,152A ,,S,D,O ,F , ,N,N,50,0,0,0,,,1747070,5424852,-41.31439623,174.7570596
Wellington City,MOA POINT ROAD,50,E, ,COCHRANE ST,2854598,7/06/08,Sat,1125,GE,ME1C,144B 372B 926 ,,R,D,B ,F ,D,N,C,50,0,0,0,,,1750983,5423203,-41.32851963,174.8041962
Wellington City,MOA POINT ROAD,1100,E, ,STEWART DUFF DRIVE,2813766,12/11/08,Wed,1430,AC,4W1S,156A 159A 831 ,,M,D,B ,F , ,N,C,50,0,0,1,,42,1751911,5421630,-41.34250731,174.8156735
Wellington City,MOA POINT ROAD,400,S, ,STEWART DUFF DRIVE,2812847,2/09/08,Tue,2310,CB,CS1,501A ,X,R,D,DN,F , ,N,C,50,0,0,1,,,1751537,5422018,-41.33908449,174.8111087
Wellington City,MOLESWORTH ST,25,S, ,AITKEN ST,2812973,5/09/08,Fri,2122,NA,CN1E,711B ,,R,W,DO,L , ,N,C,80,0,0,1,85,,1748888,5428947,-41.27719366,174.7777678
Wellington City,MOLESWORTH ST,, ,I,HAWKESTONE ST,2852056,17/04/08,Thu,1725,PO,VN1E,117A 352A 720B ,,R,W,TO,H ,X,G,C,50,0,0,0,46,,1748901,5429192,-41.27498541,174.7778631
Wellington City,MOLESWORTH ST,, ,I,HAWKESTONE ST,2852411,17/04/08,Thu,1720,HA,CE2C,302A 314A 377A ,,R,W,O ,H ,X,G,C,50,0,0,0,,,1748901,5429192,-41.27498541,174.7778631
Wellington City,MOLESWORTH ST,, ,I,LAMBTON QUAY,2811290,12/02/08,Tue,756,ND,BS2E,324A ,,R,D,O ,F ,X,T,R,50,0,0,1,28,,1748937,5428771,-41.27876923,174.7783956
Wellington City,MOLESWORTH ST,30,S, ,MAY ST,2856505,15/12/08,Mon,1250,AA,VN14,372A ,,R,D,B ,F , ,N,C,50,0,0,0,,,1748906,5429312,-41.27390407,174.7778934
Wellington City,MOLESWORTH ST,15,S, ,PIPITEA ST,2855499,11/10/08,Sat,5,CC,CN1,103A ,JS,R,D,DO,F , ,N,C,50,0,0,0,,,1748896,5429124,-41.27559857,174.77782
Wellington City,MOLESWORTH ST,, ,I,PIPITEA ST,2850160,1/01/08,Tue,408,DA,CW2,410A 517A ,J,R,D,DO,F ,T,G,C,50,0,0,0,,,1748897,5429139,-41.27546333,174.7778283
Wellington City,MONORGAN ROAD,40,S, ,BROADWAY,2856137,24/09/08,Wed,830,FD,CN1CC,331A ,,R,D,O ,F , ,N,C,50,0,0,0,,,1752144,5423514,-41.32550138,174.8179852
Wellington City,MONORGAN ROAD,100,S, ,RAUKAWA ST,2851029,11/01/08,Fri,50,DA,CN1,111A 358A ,KX,M,D,DO,F , ,N,C,50,0,0,0,,,1752156,5423096,-41.32926244,174.8182332
Wellington City,MONORGAN ROAD,, ,I,WALDEN ST,2813420,7/09/08,Sun,600,DB,CS1,103A ,EP,E,D,DO,F ,T,N,C,50,0,0,1,,,1752205,5422968,-41.3304056,174.8188505
Wellington City,MONTGOMERY AVENUE,100,W, ,PENLINGTON PLACE,2856504,14/12/08,Sun,255,EA,CN1C,101A 129A ,M,E,D,DO,F , ,N,C,50,0,0,0,,,1744640,5428848,-41.278857,174.7270913
Wellington City,MOOREFIELD ROAD,100,S, ,BRODERICK ROAD,2852765,26/05/08,Mon,1600,FD,CN1V,181A ,,R,W,O ,L , ,N,C,50,0,0,0,,,1751138,5434676,-41.22519541,174.8032015
Wellington City,MOOREFIELD ROAD,, ,I,FRANKMOORE AVENUE,2811231,6/02/08,Wed,1932,KB,CS1CCC,103B 302B ,,R,D,O ,F ,T,G,C,50,0,0,1,,,1751375,5435002,-41.222216,174.805947
Wellington City,MOOREFIELD ROAD,, ,I,GOTHIC ST,2852097,17/04/08,Thu,1503,JA,CS1V,309B 375B ,,R,W,O ,L ,T,N,C,50,0,0,0,,,1751266,5434901,-41.22314573,174.8046722
Wellington City,MOOREFIELD ROAD,, ,I,JOHNSONVILLE ON NBD,2812692,5/08/08,Tue,930,HA,CS1C,302A 375A 671A ,,E,W,B ,F ,R,G,R,50,0,0,1,,,1751503,5435082,-41.22147177,174.8074535
Wellington City,MOOREFIELD ROAD,150,S, ,JOHNSONVILLE ROAD,2857273,14/10/08,Tue,1515,KB,CN14,308B 925 ,,R,D,B ,F ,D,N,P,50,0,0,0,,,1751362,5434986,-41.22236249,174.8057959
Wellington City,MOOREFIELD ROAD,, ,I,JOHNSONVILLE ROAD,2812737,14/08/08,Thu,805,HA,CS1V,302A 375A ,,E,D,O ,F ,R,G,R,50,0,0,1,,,1751503,5435082,-41.22147177,174.8074535
Wellington City,MOOREFIELD ROAD,, ,I,JOHNSONVILLE ROAD,2857369,29/11/08,Sat,2154,HA,CN2C,103A 302A ,,E,D,DO,F ,R,G,R,50,0,0,0,,,1751500,5435050,-41.22176044,174.8074257
Wellington City,MOOREFIELD ROAD,, ,I,JOHNSONVILLE ROAD,2853015,21/02/08,Thu,701,FD,CS1C,331A ,,E,D,B ,F ,R,G,R,50,0,0,0,,,1751504,5435102,-41.22129152,174.8074605
Wellington City,MOOREFIELD ROAD,, ,I,JOHNSONVILLE ROAD,2853124,6/06/08,Fri,900,LB,CS1C,302A ,,R,D,B ,F ,R,G,R,50,0,0,0,,,1751503,5435082,-41.22147177,174.8074535
Wellington City,MOOREFIELD ROAD,, ,I,JOHNSONVILLE ROAD,2852626,20/05/08,Tue,140,AA,4N1C,300A 381A ,,R,D,B ,F ,R,G,R,50,0,0,0,,,1751492,5435078,-41.22150985,174.8073233
Wellington City,MOOREFIELD ROAD,, ,I,JOHNSONVILLE ROAD,2852232,10/04/08,Thu,1108,LB,CS1C,302A 375A ,,E,D,B ,F ,R,G,R,50,0,0,0,,,1751503,5435082,-41.22147177,174.8074535
Wellington City,MOOREFIELD ROAD,100,E, ,TRAFALGAR ST,2852863,28/05/08,Wed,1730,JA,CS1C,308B 922 ,,R,D,TO,F ,D,N,C,50,0,0,0,,,1751458,5435057,-41.22170528,174.8069231
Wellington City,MORNINGTON ROAD,, ,I,MILLS ROAD,2854684,14/08/08,Thu,10,CB,VE1C,103A 137A 434B ,SX,R,D,DO,F ,T,G,C,50,0,0,0,,,1747759,5424686,-41.31576488,174.7653277
Wellington City,MORTIMER TERRACE,15,S, ,DURHAM CRESCENT,2857083,27/11/08,Thu,2225,EA,CN1CC,386A ,CMM,M,D,DO,F , ,N,N,50,0,0,0,,,1747755,5426770,-41.29700237,174.7647738
Wellington City,MOUNT ALBERT ROAD,130,N, ,VOLGA ST,2853375,22/06/08,Sun,1555,BC,CS1C,103A 121A ,,S,D,O ,F , ,N,C,50,0,0,0,,,1748890,5423303,-41.32800857,174.7791727
Wellington City,MOUNT PLEASANT ROAD,, ,I,KOROMIKO ROAD,2813978,25/12/08,Thu,1320,BD,CS2C,122A 123B ,,E,W,O ,L ,T,N,N,50,0,0,1,,,1746994,5426927,-41.29572778,174.7556507
Wellington City,MOXHAM AVENUE,50,N, ,KUPE ST,2812194,14/05/08,Wed,1610,AA,SS1L,372A ,,R,D,O ,F , ,N,C,50,0,0,1,,63,1750030,5425349,-41.30937643,174.792284
Wellington City,MOXHAM AVENUE,, ,I,KUPE ST,2852107,17/04/08,Thu,2300,DA,CW14,111A 140A ,MP,R,W,DO,F ,T,S,C,50,0,0,0,,,1750015,5425301,-41.30981137,174.7921167
Wellington City,MOXHAM AVENUE,100,S, ,RAUPO ST,2812403,22/02/08,Fri,1900,GC,BS1CC,381B 929 ,M,R,D,O ,F ,D,N,C,50,0,2,0,,,1750060,5425453,-41.3084345,174.7926165
Wellington City,MOXHAM AVENUE,50,S, ,TAPIRI ST,2812517,13/07/08,Sun,550,NB,CS1E,105B 711B ,,R,D,DO,F , ,N,C,50,0,0,1,19,,1750120,5425671,-41.30646061,174.7932792
Wellington City,MOXHAM AVENUE,, ,I,TAPIRI ST,2851559,13/03/08,Thu,1045,LB,BS1C,303B 355B 375B ,,R,D,B ,F ,X,S,N,50,0,0,0,,,1750133,5425720,-41.30601703,174.7934223
Wellington City,MOXHAM AVENUE,, ,I,TAURIMA ST,2851888,23/01/08,Wed,1145,GD,4S1C,385A ,,R,D,B ,F ,T,G,C,50,0,0,0,,,1750176,5425875,-41.30461351,174.7938974
Wellington City,MOXHAM AVENUE,20,S, ,WAITOA ROAD,2852206,21/02/08,Thu,1900,EE,CN1X,374B ,Q,R,D,B ,F , ,N,C,50,0,0,0,,,1750196,5425918,-41.30422264,174.7941256
Wellington City,MOXHAM AVENUE,, ,I,WAITOA ROAD,2854387,30/04/08,Wed,1940,MG,CN1C,371B ,,R,W,DO,L ,X,G,X,50,0,0,0,,,1750204,5425936,-41.30405909,174.7942167
Wellington City,MOXHAM AVENUE,10,N, ,WELLINGTON ROAD,2856332,28/11/08,Fri,1352,EA,TS1C,386A ,M,R,D,B ,F ,T,N,C,50,0,0,0,,,1749944,5425077,-41.31184132,174.7913241
Wellington City,MULGRAVE ST,40,N, ,AITKEN ST,2854042,30/07/08,Wed,1910,EA,CS1C,359A 386A ,M,R,W,DO,F , ,N,C,50,0,0,0,,,1749066,5429003,-41.27665663,174.7798785
Wellington City,MULGRAVE ST,, ,I,AITKEN ST,2814038,11/09/08,Thu,910,NF,VS1E,376A ,,R,W,O ,F ,T,T,C,50,0,0,1,49,,1749064,5428963,-41.27701713,174.7798644
Wellington City,MULGRAVE ST,, ,I,AITKEN ST,2856825,17/12/08,Wed,832,FE,CS1C,331A 355A ,,R,D,O ,F ,T,T,N,50,0,0,0,,,1749064,5428963,-41.27701713,174.7798644
Wellington City,MULGRAVE ST,, ,I,PIPITEA ST,2813433,10/10/08,Fri,810,HA,XW1S,322A 350A ,,R,D,B ,F ,X,T,C,50,0,0,1,,37,1749061,5429129,-41.27552312,174.779788
Wellington City,MULGRAVE ST,, ,I,PIPITEA ST,2812424,17/04/08,Thu,820,LB,CW1C,303B ,,R,W,O ,L ,X,T,C,50,0,0,1,,,1749061,5429129,-41.27552312,174.779788
Wellington City,MURPHY ST,, ,I,PIPITEA ST,2853016,22/03/08,Sat,1350,GC,CS1C,171B ,,E,D,O ,F ,X,T,C,50,0,0,0,,,1749061,5429129,-41.27552312,174.779788
Wellington City,NALANDA CRESCENT,100,N, ,KANPUR ROAD,2855695,21/07/08,Mon,1200,EA,CW1C,385A ,M,R,D,B ,F , ,N,N,50,0,0,0,,,1750216,5433824,-41.23303807,174.792416
Wellington City,NEVAY ROAD,70,S, ,TOTARA ROAD,2855519,9/09/08,Tue,1425,BB,BN1V,123A 839 ,,M,D,O ,F , ,N,N,50,0,0,0,,,1753112,5425874,-41.30407071,174.8289521
Wellington City,NEWLANDS OFF NBD,70,W, ,NEWLANDS ON NBD,2811976,1/05/08,Thu,1842,DA,MN1,111A ,P,M,D,DO,F , ,N,R,80,0,0,1,,,1751477,5433866,-41.23242476,174.807445
Wellington City,NEWLANDS OFF NBD,70,W, ,NEWLANDS ON NBD,2857171,24/12/08,Wed,1245,DA,4N1,111A ,ET,M,W,O ,L , ,N,C,50,0,0,0,,,1751477,5433866,-41.23242476,174.807445
Wellington City,NEWLANDS OFF NBD,70,W, ,NEWLANDS ON NBD,2813899,27/12/08,Sat,1031,DA,CN1,111A ,G,M,W,O ,L , ,N,R,80,0,1,1,,,1751477,5433866,-41.23242476,174.807445
Wellington City,NEWLANDS OFF SBD,50,S, ,JOHNSONVILLE ON SBD,2812943,7/04/08,Mon,740,AO,SS1V,158A ,,E,D,O ,F , ,N,R,80,0,0,1,,,1751689,5434158,-41.22975605,174.8099009
Wellington City,NEWLANDS OFF SBD,, ,A,JOHNSONVILLE ON SBD,2853252,26/05/08,Mon,1122,FA,VS1C,181A ,,E,W,O ,L , ,N,C,50,0,0,0,,,1751716,5434065,-41.2305883,174.810246
Wellington City,NEWLANDS OFF SBD,, ,I,NEWLANDS ROAD,2813650,24/11/08,Mon,1529,FB,BS1V,331A 353A ,,E,D,O ,F ,Y,G,P,50,0,0,1,,,1751853,5433974,-41.2313819,174.8119025
Wellington City,NEWLANDS ON NBD,30,W, ,NEWLANDS OFF NBD,2851780,21/03/08,Fri,215,DB,CW1,350A 420A ,G,S,D,DO,F , ,N,N,50,0,0,0,,,1751508,5433886,-41.23223889,174.8078098
Wellington City,NEWLANDS ROAD,, ,I,SALFORD ST,2856774,12/08/08,Tue,1253,JA,CN1C,301B 353B ,,R,W,O ,L ,T,S,C,50,0,0,0,,,1752394,5434215,-41.22911036,174.8182944
Wellington City,NEWLANDS ROAD,200,N, ,STELLA GROVE,2813138,22/06/08,Sun,1730,MD,MN1C,308B 929 ,,E,W,DO,L ,D, ,C,50,0,0,1,,,1752592,5434713,-41.22458938,174.8205313
Wellington City,NEWLANDS ROAD,200,N, ,STELLA GROVE,2854093,24/07/08,Thu,1436,GE,CN1C,160A 929 ,,R,W,O ,LS,D,N,C,50,0,0,0,,,1752592,5434713,-41.22458938,174.8205313
Wellington City,NEWLANDS ROAD,50,N, ,WAKELY ROAD,2812354,21/04/08,Mon,816,EA,CN1T,129A 363A ,M,R,D,B ,F , ,N,C,50,0,0,2,,,1752381,5434174,-41.22948195,174.8181496
Wellington City,NEWTOWN AVENUE,, ,I,DANIELL ST,2857005,29/12/08,Mon,1000,EA,VE1C,385A ,M,R,D,B ,F ,T,N,N,50,0,0,0,,,1749205,5424869,-41.31385106,174.7825507
Wellington City,NEWTOWN AVENUE,50,E, ,RIDDIFORD ST,2852897,12/06/08,Thu,1410,MO,VE1C,386A 443B ,M,R,D,O ,F , ,N,N,50,0,0,0,,,1749041,5424834,-41.3141965,174.7806009
Wellington City,NEWTOWN AVENUE,50,E, ,RIDDIFORD ST,2857281,27/12/08,Sat,1400,MO,XW1C,371A ,Q,R,D,B ,F , ,N,N,50,0,0,0,,,1749041,5424834,-41.3141965,174.7806009
Wellington City,NGAIO GORGE ROAD,90,E, ,PERTH ST,2811694,5/04/08,Sat,2124,DA,VE1,111A 131A ,C,S,W,DO,H , ,N,L,50,0,0,1,,,1748557,5431274,-41.25630347,174.7732503
Wellington City,NGAIO GORGE ROAD,100,E, ,PERTH ST,2853269,27/05/08,Tue,600,DA,CE1,111A 135A 801 ,EG,E,W,DO,L , ,N,C,50,0,0,0,,,1748562,5431266,-41.25637458,174.7733119
Wellington City,NGAIO GORGE ROAD,230,E, ,PERTH ST,2811207,13/02/08,Wed,2245,AD,CW1,102A 155A 402A ,EP,S,D,DO,F , ,N,L,50,0,1,3,,,1748602,5431154,-41.25737562,174.7738164
Wellington City,NGAIO GORGE ROAD,400,E, ,PERTH ST,2854843,1/08/08,Fri,430,DA,CE1,135A 801 ,V,M,W,DO,H , ,N,C,50,0,0,0,,,1748735,5431228,-41.2566849,174.7753852
Wellington City,NGAURANGA ON NBD,, ,I,HUTT ROAD,2856671,29/11/08,Sat,1010,GF,TW1C,124A 671A ,,R,D,B ,F ,M,T,R,50,0,0,0,,,1751936,5432198,-41.24735626,174.8133344
Wellington City,NGAURANGA ON NBD,50,E, ,JARDEN MILE,2813866,27/12/08,Sat,330,DA,CS1,111A ,C,S,D,DO,F , ,N,N,100,0,0,1,,,1751967,5432159,-41.24770156,174.8137139
Wellington City,NGAURANGA ON NBD,50,S, ,SH 2,2813571,7/08/08,Thu,715,DB,CW1,501A ,G,E,D,B ,F , ,N,N,100,0,0,1,,,1752211,5432349,-41.24594503,174.8165773
Wellington City,NORMANBY ST,, ,I,NORMANBY ROAD,2855434,15/09/08,Mon,1920,GF,CW2C,387A ,,R,D,DO,F ,T,G,N,50,0,0,0,,,1749005,5424757,-41.31489641,174.7801899
Wellington City,NORTHLAND ROAD,30,E, ,FARM ROAD,2851568,15/01/08,Tue,1725,PO,BE1E,380A 720B ,,R,D,B ,F , ,N,C,50,0,0,0,,,1747164,5428305,-41.28328992,174.7573471
Wellington City,NORTHLAND ROAD,, ,I,HARBOUR VIEW ROAD,2852423,9/05/08,Fri,1535,EA,CN14,197A ,M,M,D,O ,F ,T,N,C,50,0,0,0,,,1747356,5428653,-41.28012168,174.7595547
Wellington City,NORTHLAND TUNNEL ROAD,, ,I,NORTHLAND ROAD,2813674,31/10/08,Fri,2153,JA,CS1CC,111A 137A 440B ,BC,E,D,DO,F ,T,G,C,50,0,0,1,,,1747066,5428226,-41.28401906,174.7561965
Wellington City,NORTHLAND TUNNEL ROAD,, ,I,RAROA CRESCENT,2811209,23/01/08,Wed,1023,HA,CN2V,301A 375A ,C,R,D,B ,F ,X,S,C,50,0,0,2,,,1746949,5428030,-41.28580506,174.7548472
Wellington City,NORWAY ST,50,N, ,ENTRANCE ST,2851895,5/01/08,Sat,1920,MD,CS1C,308B 371B 929 ,,R,D,O ,F ,D,N,L,50,0,0,0,,,1747421,5427363,-41.29172436,174.7606427
Wellington City,OHARIU VALLEY ROAD,930,N, ,BOOM ROCK ROAD,2811475,21/01/08,Mon,1830,DB,CS1,111A 135A 801 ,,M,W,TN,L , ,N,N,50,0,0,1,,,1750396,5439412,-41.18269312,174.7931882
Wellington City,OHARIU VALLEY ROAD,4000,E, ,IRONSIDE ROAD,2813414,19/10/08,Sun,1740,DA,ME1,135A 804 ,F,S,D,B ,F , ,N,C,50,0,1,0,,,1748794,5436895,-41.20565096,174.7747084
Wellington City,OHARIU VALLEY ROAD,1170,E, ,RIFLE RANGE ROAD,2853668,27/06/08,Fri,2320,CC,CN1,132A 400A ,CF,R,W,DN,L , ,N,N,50,0,0,0,,,1749405,5436116,-41.2125522,174.7821829
Wellington City,OHARIU VALLEY ROAD,1500,S, ,RIFLE RANGE ROAD,2853678,6/06/08,Fri,25,DB,CS1,102A 111A 410A ,EF,M,D,DN,FS, ,N,N,50,0,0,0,,,1749673,5436099,-41.21265575,174.7853825
Wellington City,OHARIU VALLEY ROAD,800,W, ,RIFLE RANGE ROAD,2851896,17/01/08,Thu,1900,DA,CW1,111A ,CF,S,D,B ,F , ,N,N,50,0,0,0,,,1748947,5437146,-41.20336293,174.7764712
Wellington City,OHIRO ROAD,200,S, ,ARO ST,2853337,1/04/08,Tue,1710,BO,TS1C,385A ,,M,D,O ,F , ,N,N,50,0,0,0,,,1748073,5426713,-41.29745729,174.7685841
Wellington City,OHIRO ROAD,, ,I,ARO ST,2853969,23/07/08,Wed,854,BB,TS1X,123A 129B 839 ,,R,W,O ,F ,T,G,C,50,0,0,0,,,1748163,5426879,-41.29594619,174.7696182
Wellington City,OHIRO ROAD,40,S, ,BUTT ST,2855412,1/10/08,Wed,1139,EA,4S1C4,386A ,M,E,D,B ,F , ,N,C,50,0,0,0,,,1747510,5425252,-41.31071449,174.7622169
Wellington City,OHIRO ROAD,20,N, ,CLEVELAND ST,2813135,20/06/08,Fri,1515,NB,CN1E,713B ,,R,D,O ,F , ,N,C,50,0,0,1,,,1747612,5425864,-41.3051857,174.7632864
Wellington City,OHIRO ROAD,50,S, ,MAARAMA CRESCENT,2814082,31/10/08,Fri,2350,DA,CN1,104A 111A 132A ,C,M,D,DO,F , ,N,N,50,0,0,1,,,1748014,5426663,-41.29791828,174.7678919
Wellington City,OHIRO ROAD,260,S, ,STOCK ST,2813521,1/11/08,Sat,500,CA,CS14,136A 651A ,M,R,D,DO,F , ,N,C,50,0,0,1,,,1747395,5424592,-41.31667781,174.7610037
Wellington City,OHIRO ROAD,50,N, ,TANERA CRESCENT N,2811918,29/03/08,Sat,2320,DA,CS1,135A 801 901 ,ET,M,W,DN,H , ,N,C,50,0,0,1,,,1747820,5426375,-41.30054684,174.7656458
Wellington City,OHIRO ROAD,, ,I,TODMAN ST,2813129,17/06/08,Tue,745,LB,MN1C,303B 377B ,,R,W,O ,M ,X,T,C,50,0,0,1,,,1747614,5425844,-41.30536541,174.7633151
Wellington City,OLD PORIRUA ROAD,200,S, ,CAPTAIN EDWARD DANIELL DR,2854779,27/06/08,Fri,745,BD,CE1V,110A ,,E,W,O ,L , ,N,N,50,0,0,0,,,1749074,5431337,-41.25564106,174.7794032
Wellington City,OLD PORIRUA ROAD,400,W, ,KAIWHARAWHARA ROAD,2851473,31/03/08,Mon,1826,BD,CE1C,123A 132A 121B 831 ,,S,W,TN,L , ,N,N,50,0,0,0,,,1749399,5431221,-41.25662545,174.7833091
Wellington City,OLIVIA CRESCENT,20,S, ,HAMPTON HILL ROAD,2811334,22/02/08,Fri,1700,MO,4S1E,308B 929 ,,S,D,B ,F ,D,N,C,50,0,1,0,7,,1752779,5441148,-41.16661742,174.8211543
Wellington City,OLIVIA CRESCENT,150,W, ,HAMPTON HILL ROAD,2856930,29/12/08,Mon,,EA,CN1C,386A ,M,M,W,TO,L , ,N,N,50,0,0,0,,,1752717,5441064,-41.16738539,174.8204365
Wellington City,ONEPU ROAD,60,N, ,APU CRESCENT,2850504,28/01/08,Mon,1709,MA,CS1C,359B 373B ,,R,D,B ,F , ,N,C,50,0,0,0,,,1750247,5423398,-41.3269015,174.7953572
Wellington City,ONEPU ROAD,30,S, ,COCKBURN ST,2811210,1/01/08,Tue,1800,MB,CS1C,102A 372B 902 ,,R,D,B ,F , ,N,C,50,0,0,1,,,1750262,5423936,-41.32205493,174.7954033
Wellington City,ONEPU ROAD,200,N, ,COUTTS ST,2850576,7/02/08,Thu,1653,GE,BS14,144B 355B 372B ,,R,D,B ,F , ,N,C,50,0,0,0,,,1750339,5424340,-41.31840324,174.796223
Wellington City,ONEPU ROAD,, ,I,EVANS BAY PARADE,2811516,25/02/08,Mon,1633,LB,CS2C,303B ,,R,D,B ,F ,X,T,R,50,0,0,1,,,1750348,5424370,-41.31813146,174.7963231
Wellington City,ONEPU ROAD,100,N, ,LYALL PARADE,2852807,11/05/08,Sun,1713,EA,CN1C,350A 370A ,M,R,W,TF,F , ,N,C,50,0,0,0,,,1750243,5423260,-41.3281447,174.7953435
Wellington City,ONEPU ROAD,, ,I,LYALL PARADE,2813559,19/07/08,Sat,247,DC,CS1,103A 514A ,CFI,R,W,DO,LS,T,G,R,50,0,0,1,,,1750247,5423159,-41.32905328,174.7954163
Wellington City,ONEPU ROAD,40,S, ,RONGOTAI ROAD,2856848,12/12/08,Fri,1440,FD,XN1C,181A ,,R,D,O ,F , ,N,C,50,0,0,0,,,1750335,5424326,-41.31853003,174.7961787
Wellington City,ONEPU ROAD,40,S, ,RONGOTAI ROAD,2854776,11/04/08,Fri,920,MO,CS1M,371A ,M,R,D,O ,F , ,N,C,50,0,0,0,,,1750335,5424326,-41.31853003,174.7961787
Wellington City,ONEPU ROAD,50,S, ,RONGOTAI ROAD,2857268,28/10/08,Tue,1700,JA,VN1C,151A 377B 926 ,,R,D,B ,F ,D,N,P,50,0,0,0,,,1750333,5424316,-41.31862044,174.7961573
Wellington City,ONEPU ROAD,50,S, ,RONGOTAI ROAD,2812583,8/07/08,Tue,1045,MA,CN1CC,405A 524A 373B ,,R,D,B ,F , ,N,P,50,0,0,2,,,1750333,5424316,-41.31862044,174.7961573
Wellington City,ONSLOW ROAD,300,S, ,HOMEBUSH ROAD,2813880,22/12/08,Mon,930,PO,TS1E,111A 351A ,,S,D,B ,F , ,N,C,50,0,1,0,67,,1751120,5431856,-41.25058835,174.8036849
Wellington City,ONSLOW ROAD,, ,I,HOMEBUSH ROAD,2850603,8/02/08,Fri,1545,LB,CS1C,303B ,,E,D,B ,F ,T,N,C,50,0,0,0,,,1751189,5431815,-41.25094459,174.8045182
Wellington City,ONSLOW ROAD,400,E, ,HUTT ROAD,2850498,6/02/08,Wed,1755,BB,BE1C,123A ,,M,D,O ,F , ,N,C,50,0,0,0,,,1751045,5431619,-41.25273617,174.8028489
Wellington City,ONSLOW ROAD,150,N, ,HUTT ROAD,2856754,20/12/08,Sat,1310,BF,CN1C,137A 402A 407A ,FT,S,W,O ,H , ,N,C,50,0,0,0,,,1750950,5431523,-41.25361824,174.8017393
Wellington City,ONSLOW ROAD,50,E, ,LOHIA ST,2856133,26/08/08,Tue,145,BB,4S1C,123A ,,M,D,DO,F , ,N,C,50,0,0,0,,,1751107,5431941,-41.24982549,174.8035088
Wellington City,ONSLOW ROAD,10,N, ,LOHIA ST,2812524,7/06/08,Sat,816,FF,CS1VT,370A 442B 831 ,,S,D,O ,FS,T,G,C,50,0,0,1,,,1751066,5431982,-41.24946402,174.8030095
Wellington City,ORANGI KAUPAPA ROAD,200,N, ,BEDFORD ST,2855278,31/08/08,Sun,1600,MO,CN1C,371A ,M,R,D,O ,F , ,N,C,50,0,0,0,,,1747576,5429156,-41.27555272,174.7620586
Wellington City,ORIENTAL PARADE,50,E, ,CABLE ST,2853398,21/06/08,Sat,1406,MC,CE1C,372B ,,R,D,B ,F , ,N,P,50,0,0,0,,,1749528,5427255,-41.29230918,174.7858215
Wellington City,ORIENTAL PARADE,200,E, ,CABLE ST,2853876,15/07/08,Tue,1321,FD,CE1C,181A 410A ,,E,D,B ,F , ,N,P,50,0,0,0,,,1749654,5427319,-41.29170962,174.7873098
Wellington City,ORIENTAL PARADE,230,E, ,CABLE ST,2812294,15/06/08,Sun,1059,GE,SE1C,160A 920 ,,R,D,O ,F ,D,N,C,50,0,0,1,,43,1749684,5427321,-41.29168605,174.7876675
Wellington City,ORIENTAL PARADE,15,E, ,CARLTON GORE ROAD,2857374,8/11/08,Sat,2355,DA,4W1C,358A ,HIM,E,D,DO,F ,Y,G,R,50,0,0,0,,,1750718,5427714,-41.28795534,174.7999134
Wellington City,ORIENTAL PARADE,240,S, ,CARLTON GORE ROAD,2854621,19/08/08,Tue,1100,QG,VE1,400A 620A ,F,E,D,O ,F , ,N,C,50,0,0,0,,,1750503,5427579,-41.2892109,174.7973804
Wellington City,ORIENTAL PARADE,20,W, ,CARLTON GORE ROAD,2812550,14/07/08,Mon,1842,EA,CW1C,129A 359A ,M,M,D,TF,F , ,N,C,50,0,0,1,,,1750691,5427691,-41.28816746,174.7995968
Wellington City,ORIENTAL PARADE,50,W, ,CARLTON GORE ROAD,2855808,9/10/08,Thu,1500,MC,CN1V,140B 372B ,,R,D,B ,F , ,N,P,50,0,0,0,,,1750666,5427676,-41.28830717,174.7993021
Wellington City,ORIENTAL PARADE,100,W, ,CARLTON GORE ROAD,2813620,27/10/08,Mon,1234,FC,CW1M,331A 351A ,,E,D,B ,F , ,N,X,50,0,0,2,,,1750623,5427651,-41.28854028,174.798795
Wellington City,ORIENTAL PARADE,260,W, ,CARLTON GORE ROAD,2811232,20/01/08,Sun,824,EA,BW1T,386A ,M,R,D,B ,F , ,N,C,50,0,1,1,,,1750495,5427561,-41.28937445,174.7972893
Wellington City,ORIENTAL PARADE,50,E, ,GRASS ST,2854056,31/07/08,Thu,1435,MC,CE1C,372B ,,R,W,O ,L , ,N,C,50,0,0,0,,,1750445,5427441,-41.29046417,174.7967221
Wellington City,ORIENTAL PARADE,100,E, ,GRASS ST,2856256,22/11/08,Sat,20,DB,CW1,101A ,FJ,E,D,DO,F , ,N,C,50,0,0,0,,,1750470,5427484,-41.29007237,174.7970099