TLA NAME,CRASH ROAD,CRASH DIST,CRASH DIRN,INTSN,SIDE ROAD,CRASH ID,CRASH DATE,CRASH DOW,CRASH TIME,MVMT,VEHICLES,CAUSES,OBJECTS STRUCK,ROAD CURVE,ROAD WET,LIGHT,WTHRa,JUNC TYPE,TRAF CTRL,ROAD MARK,SPD LIM,CRASH FATAL CNT,CRASH SEV CNT,CRASH MIN CNT,PERS AGE1,PERS AGE2,EASTING,NORTHING,latitude,longitude
Wellington City,ORIENTAL PARADE,100,E, ,GRASS ST,2812101,20/04/08,Sun,1400,MO,CE1C,331A 352A ,,E,D,B ,F , ,N,C,50,0,0,2,,,1750470,5427484,-41.29007237,174.7970099
Wellington City,ORIENTAL PARADE,50,W, ,GRASS ST,2852005,21/03/08,Fri,1500,MA,CW1C,373B ,,R,D,B ,F , ,N,C,50,0,0,0,,,1750371,5427386,-41.29097315,174.7958524
Wellington City,ORIENTAL PARADE,20,E, ,HAY ST,2812197,17/05/08,Sat,1400,FC,CE1C,331A ,,R,D,B ,F , ,N,X,50,0,0,1,,,1750289,5427364,-41.29118649,174.7948789
Wellington City,ORIENTAL PARADE,60,E, ,HAY ST,2813884,31/07/08,Thu,2040,MC,BE1C,102B 372B 901 ,,R,W,DO,H , ,N,C,50,0,0,1,,,1750328,5427374,-41.29108919,174.795342
Wellington City,ORIENTAL PARADE,30,W, ,HAY ST,2813393,6/11/08,Thu,1300,MF,SE1C,330A 403A ,,R,D,B ,F , ,N,C,50,0,0,1,,,1750240,5427355,-41.29127664,174.7942962
Wellington City,ORIENTAL PARADE,50,W, ,HAY ST,2813680,21/09/08,Sun,1415,MA,SE1C,372B ,,R,D,B ,F , ,N,C,50,0,0,1,,20,1750220,5427352,-41.29130737,174.7940582
Wellington City,ORIENTAL PARADE,100,E, ,HERD ST,2813321,25/08/08,Mon,1915,NB,CW1,306A 645A ,,R,W,DO,L , ,N,X,50,0,0,1,24,,1749690,5427321,-41.29168493,174.7877391
Wellington City,ORIENTAL PARADE,220,E, ,HERD ST,2813487,11/11/08,Tue,1412,FC,CW1C,181A 191B ,,R,D,O ,F , ,N,X,50,0,0,1,,,1749807,5427340,-41.29149217,174.7891311
Wellington City,ORIENTAL PARADE,360,E, ,HERD ST,2856410,3/12/08,Wed,816,FC,CN1C,331A 358A 387A ,,R,D,O ,F , ,N,X,50,0,0,0,,,1749929,5427408,-41.29085729,174.7905707
Wellington City,ORIENTAL PARADE,, ,I,ORIENTAL TERRACE,2855997,31/10/08,Fri,1705,FD,CW1C,181A 402A ,,E,D,B ,F ,T,N,P,50,0,0,0,,,1750174,5427350,-41.29133394,174.7935096
Wellington City,ORIENTAL PARADE,300,E, ,WAKEFIELD ST,2857172,14/12/08,Sun,1830,MF,CE1C,110A 331A ,,R,D,B ,F , ,N,P,50,0,0,0,,,1749669,5427320,-41.29169783,174.7874887
Wellington City,OTTAWA ROAD,100,S, ,AWARUA ST,2853946,5/07/08,Sat,1115,GD,VS1C,331A 352A 922 ,,E,D,B ,F , ,N,X,50,0,0,0,,,1748686,5432133,-41.24854573,174.77458
Wellington City,OTTAWA ROAD,10,S, ,COLWAY ST,2813499,21/10/08,Tue,1005,FD,CS1VC,181A ,,E,D,O ,F ,X,N,R,50,0,0,1,,,1748722,5432250,-41.2474857,174.7749809
Wellington City,OWEN ST,, ,I,CONSTABLE ST,2813383,12/11/08,Wed,1301,HA,VS1X,323B 334B 375B ,,R,D,B ,F ,X,T,C,50,0,0,1,,,1749365,5424965,-41.31295712,174.7844378
Wellington City,OWEN ST,, ,I,WILSON ST,2811646,15/03/08,Sat,1140,KB,CS1C,302B 363B 902 ,,R,D,B ,F ,X,G,C,50,0,0,2,,,1749349,5425037,-41.31231184,174.784229
Wellington City,OWEN ST,, ,I,WILSON ST,2812211,9/05/08,Fri,1217,JA,CS14,302B 375B 839 ,,R,D,B ,F ,X,G,C,50,0,0,1,,,1749349,5425037,-41.31231184,174.784229
Wellington City,OWHIRO BAY PARADE,440,S, ,HAPPY VALLEY ROAD,2813314,21/09/08,Sun,540,QG,CE1C,103A 620A 103B ,,R,D,TN,F , ,N,N,50,0,0,1,,,1747341,5421139,-41.34777661,174.7611962
Wellington City,OWHIRO BAY PARADE,700,W, ,HAPPY VALLEY ROAD,2813535,15/10/08,Wed,5,FA,MW1M,102A 181A 103B 191B ,,E,D,DO,F , ,N,C,50,0,2,0,,,1746676,5421083,-41.34840215,174.7532644
Wellington City,OXFORD ST,15,E, ,MAIN ROAD,2852861,5/06/08,Thu,1825,MO,4W1C,371A ,,R,D,DO,F , ,N,N,50,0,0,0,,,1753060,5440375,-41.17352404,174.8246954
Wellington City,OXFORD ST,40,E, ,MAIN ROAD,2852681,21/05/08,Wed,1505,MO,CW1C,386A ,M,R,D,B ,F , ,N,C,50,0,0,0,,,1753080,5440391,-41.17337621,174.8249297
Wellington City,OXFORD ST,80,S, ,SURREY ST,2813013,20/09/08,Sat,1330,GB,SN1C,158A 370A 929 ,,R,D,O ,F ,D,N,C,50,0,0,1,,44,1753223,5440925,-41.16854139,174.8265001
Wellington City,OXFORD ST,, ,I,SURREY ST,2850464,2/02/08,Sat,1505,HA,CE2S,309A 671A ,,R,D,B ,F ,R,G,R,50,0,0,0,,,1753211,5441016,-41.16772435,174.8263343
Wellington City,PADDINGTON GROVE,50,E, ,BUXTON AVENUE,2854673,17/08/08,Sun,1707,QD,CE1,428A ,X,R,W,TO,L , ,N,C,50,0,0,0,,,1743822,5428111,-41.28563885,174.7175021
Wellington City,PALLISER ROAD,300,E, ,BAYVIEW TERRACE,2857127,16/11/08,Sun,1413,BB,BE1C,123A 690A ,,S,D,B ,F , ,N,C,50,0,0,0,,,1750228,5427058,-41.29395287,174.7942263
Wellington City,PALLISER ROAD,310,S, ,BAYVIEW TERRACE,2813828,13/12/08,Sat,1210,BF,ME1C,137A 121B ,,S,D,B ,F , ,N,C,50,0,0,1,,,1750235,5427065,-41.29388854,174.7943081
Wellington City,PALLISER ROAD,300,W, ,GRAFTON ROAD,2855886,19/08/08,Tue,1430,MO,VE1C,371A 929 ,,M,D,B ,F ,D,N,N,50,0,0,0,,,1750574,5427143,-41.29312312,174.7983357
Wellington City,PALLISER ROAD,20,N, ,ROSENEATH TERRACE,2811980,22/02/08,Fri,1450,DA,PS1,137A 402A ,,E,D,B ,F ,T,G,C,50,0,0,1,,,1750586,5427157,-41.29299483,174.7984755
Wellington City,PANAMA ST,5,W, ,FEATHERSTON ST,2850338,25/01/08,Fri,1815,MF,XE1C,371B ,,R,D,B ,F ,X,T,N,50,0,0,0,,,1748766,5428187,-41.28405877,174.7764973
Wellington City,PARK ROAD,15,N, ,MIRAMAR AVENUE,2854642,25/08/08,Mon,1445,FC,CS1C,331A ,,R,W,O ,M ,R,G,X,50,0,0,0,,,1752040,5424547,-41.31622069,174.8164848
Wellington City,PARK ROAD,20,S, ,PURIRI ST,2855828,17/10/08,Fri,558,CA,CS14,110A 402A ,M,R,W,DO,L ,R,G,C,50,0,0,0,,,1752397,5425153,-41.31069738,174.8205961
Wellington City,PARK ROAD,50,S, ,REX ST,2853366,8/06/08,Sun,1715,FA,BS1C,112A 181A ,,R,D,TF,F , ,N,C,50,0,0,0,,,1752252,5424922,-41.3128045,174.8189225
Wellington City,PARK ROAD,, ,I,ROTHERHAM TERRACE,2851253,27/02/08,Wed,1200,HA,CN1C,302B 375B ,,R,D,B ,F ,X,G,C,50,0,0,0,,,1752344,5425065,-41.31149967,174.8199853
Wellington City,PARK ROAD,15,S, ,WHANGANUI ST,2856476,14/07/08,Mon,1800,EA,CN1C,385A ,M,E,D,TO,F , ,N,C,50,0,0,0,,,1752534,5425511,-41.30744834,174.8221422
Wellington City,PARK ROAD,, ,I,WHANGANUI ST,2851836,20/03/08,Thu,1700,EA,CN14,137A 402A ,M,R,D,B ,F ,T,N,C,50,0,0,0,,,1752539,5425525,-41.30732135,174.8221984
Wellington City,PARKVALE ROAD,50,N, ,KARORI ROAD,2851903,10/03/08,Mon,1350,MO,CN1C,385A ,M,R,D,B ,F , ,N,C,50,0,0,0,,,1745490,5428230,-41.28426856,174.737384
Wellington City,PERTH ST,, ,I,ARMITAGE ST,2853545,18/04/08,Fri,1715,JA,4W1C,113A ,,M,D,O ,F ,T,N,C,50,0,0,0,,,1748760,5431432,-41.25484358,174.7756337
Wellington City,PERTH ST,50,S, ,NGAIO GORGE ROAD,2852237,1/05/08,Thu,1735,BC,CS1C,122A 358A ,,E,D,B ,F , ,N,C,50,0,0,0,,,1748505,5431303,-41.25605193,174.7726228
Wellington City,PHILLIP ST,20,N, ,BRODERICK ROAD,2853524,31/03/08,Mon,1230,MC,CN1C,372B 839 ,,R,D,O ,F , ,N,C,50,0,0,0,,,1750988,5434808,-41.22403497,174.8013801
Wellington City,PIPITEA ST,20,E, ,MOLESWORTH ST,2854683,26/08/08,Tue,1256,MA,TW1X,385A ,,R,D,O ,F , ,N,C,50,0,0,0,,,1748917,5429138,-41.27546865,174.7780672
Wellington City,PIPITEA ST,20,W, ,MULGRAVE ST,2855698,7/08/08,Thu,143,MO,4E1C,371A 385A ,M,R,D,DO,F , ,N,C,50,0,0,0,,,1749041,5429130,-41.2755178,174.779549
Wellington City,PIRIE ST,, ,I,AUSTIN ST,2812744,28/06/08,Sat,2255,HA,XW2C,321A 410A ,,R,W,DO,H ,X,S,C,50,0,0,3,,,1749617,5426546,-41.29867609,174.7870582
Wellington City,PIRIE ST,, ,I,AUSTIN ST,2856329,2/12/08,Tue,1915,HA,BW1C,301B 378B ,,R,D,TF,F ,X,S,C,50,0,0,0,,,1749617,5426546,-41.29867609,174.7870582
Wellington City,PIRIE ST,, ,I,BROUGHAM ST,2855273,18/06/08,Wed,815,HA,BE1C,,,R,D,O ,F ,X,G,R,50,0,0,0,,,1749420,5426634,-41.29792029,174.7846846
Wellington City,PIRIE ST,50,E, ,KENT TERRACE,2812989,15/09/08,Mon,1604,NB,4E1E,711B ,,R,D,O ,FS, ,N,N,50,0,0,1,15,,1749266,5426703,-41.29732756,174.7828292
Wellington City,POONA ST,15,W, ,OMAR ST,2857010,20/12/08,Sat,1015,PC,CN1E,371A 929 ,,E,D,O ,F ,D,N,N,50,0,0,0,,,1750446,5432965,-41.24072927,174.7953708
Wellington City,PROCTOR LANE,, ,I,PEMBROKE ST,2813816,26/11/08,Wed,1455,NB,CS1,378A 719B 835 ,,R,D,B ,F ,T,N,N,50,0,0,1,74,,1752782,5439739,-41.17930265,174.8215415
Wellington City,PUTNAM LINK ROAD,100,S, ,NORTHLAND ROAD,2852940,16/05/08,Fri,2030,DA,CS1,123A 402A ,C,S,D,DO,F , ,N,N,50,0,0,0,,,1746977,5428089,-41.28526875,174.7551672
Wellington City,QUEENS DRIVE,40,N, ,HUNGERFORD ROAD,2853267,20/01/08,Sun,554,DA,CS1,111A 402A ,FS,M,D,TF,F , ,N,L,50,0,0,0,,,1749967,5422263,-41.33717238,174.7922931
Wellington City,QUEENS DRIVE,, ,I,HUNGERFORD ROAD,2856448,30/10/08,Thu,1918,JA,MN1C,209B 377B ,,E,D,O ,FS,T,G,R,50,0,0,0,,,1749965,5422170,-41.33801006,174.7922922
Wellington City,QUEENS DRIVE,100,S, ,LERWICK TERRACE,2857284,27/11/08,Thu,237,DA,CN1C,131A ,MS,E,D,O ,F , ,N,C,50,0,0,0,,,1749990,5423660,-41.32459048,174.792223
Wellington City,QUEENS DRIVE,, ,I,RUA ST,2813846,29/10/08,Wed,1527,LB,MN1C,303B 353B 375B ,,R,W,O ,L ,X,G,P,50,0,0,1,,,1749940,5423059,-41.33001077,174.7917741
Wellington City,QUEENS DRIVE,, ,I,RUA ST,2854578,31/08/08,Sun,2130,LB,CN1C,303B 382B 402B ,,R,D,DO,F ,X,G,C,50,0,0,0,,,1749940,5423059,-41.33001077,174.7917741
Wellington City,QUEENS DRIVE,, ,I,TAVISTOCK ROAD,2856475,9/10/08,Thu,730,KB,CS1C,303B 375B ,,R,D,B ,F ,T,S,C,50,0,0,0,,,1749998,5423537,-41.3256964,174.7923489
Wellington City,QUEENS DRIVE,400,E, ,THE ESPLANADE,2812884,9/08/08,Sat,141,DB,CE1,103A 111A ,,M,W,DN,L , ,N,C,50,0,1,0,,,1749915,5421482,-41.34421362,174.7918647
Wellington City,QUEENS DRIVE,, ,I,TORU ST,2853473,6/04/08,Sun,900,GE,CN1C,144B 372B ,,R,W,O ,F ,T,N,C,50,0,0,0,,,1749948,5423275,-41.32806457,174.7918164
Wellington City,RAINE ST,15,N, ,KARORI ROAD,2855347,21/07/08,Mon,1120,EE,CS1C,374B ,Q,R,D,O ,F , ,N,C,50,0,0,0,,,1745586,5428228,-41.28426927,174.7385303
Wellington City,RAINE ST,50,N, ,KARORI ROAD,2850183,3/01/08,Thu,1033,MO,4N1V,371B 925 ,,R,D,B ,F ,D,N,N,50,0,0,0,,,1745575,5428261,-41.28397413,174.7383912
Wellington City,RAJKOT TERRACE,70,N, ,KANPUR ROAD,2812793,21/08/08,Thu,810,QD,CN1E,428A 720B 929 ,,R,D,B ,F ,D,N,N,50,0,1,0,44,,1750498,5433534,-41.23559665,174.7958508
Wellington City,RAKAU ROAD,30,W, ,ARIKI ROAD,2855416,12/09/08,Fri,2230,EA,CN1V,111A 386A ,MP,M,D,DO,F , ,N,C,50,0,0,0,,,1750519,5426491,-41.29900355,174.7978404
Wellington City,RAKAU ROAD,100,S, ,HEPARA ST,2854594,9/08/08,Sat,1130,MA,CN1C,373B ,,M,D,O ,F , ,N,L,50,0,0,0,,,1750474,5426462,-41.29927303,174.7973103
Wellington City,RAKAU ROAD,20,N, ,MAREWA ROAD,2856844,17/02/08,Sun,1515,DA,CS1C,103A ,M,M,D,O ,F , ,N,N,50,0,0,0,,,1750147,5426345,-41.30038733,174.7934352
Wellington City,RANGIORA AVENUE,50,S, ,SOVEREIGN POINT,2854678,6/06/08,Fri,510,EA,CN1O,103A ,MH,R,W,DO,L , ,N,N,50,0,0,0,,,1750549,5431498,-41.25391811,174.7969614
Wellington City,RAROA CRESCENT,50,S, ,CHAYTOR ST,2810035,18/05/08,Sun,400,DA,CS1,111A 198A 386A ,CF,M,D,DO,F , ,N,C,50,1,2,2,,,1746924,5428122,-41.28498128,174.7545266
Wellington City,RAROA CRESCENT,, ,I,CHAYTOR ST,2813991,29/12/08,Mon,1505,JA,BS1C,386B ,,E,D,B ,F ,T,G,C,50,0,0,1,,,1746887,5428152,-41.28471791,174.7540777
Wellington City,RAROA CRESCENT,, ,I,NORTHLAND TUNNEL ROAD,2812582,20/07/08,Sun,1420,LB,CS1C,303B ,,R,D,O ,F ,X,S,C,50,0,0,2,,,1746949,5428030,-41.28580506,174.7548472
Wellington City,RAROA CRESCENT,, ,I,NORTHLAND TUNNEL ROAD,2852585,7/04/08,Mon,1620,GB,VN1C,158A 387A ,,E,D,O ,M ,X,S,C,50,0,0,0,,,1746949,5428030,-41.28580506,174.7548472
Wellington City,RAROA ROAD,, ,I,FAIRVIEW CRESCENT,2856107,27/10/08,Mon,52,EA,VW1C,103A 357A ,M,M,D,DO,F ,T,N,C,50,0,0,0,,,1747189,5427649,-41.28919169,174.7578041
Wellington City,RAROA ROAD,150,N, ,HARROLD ST,2857068,23/12/08,Tue,425,DB,CE1,111A ,F,M,D,TO,F , ,N,C,50,0,0,0,,,1747385,5427499,-41.29050646,174.7601801
Wellington City,RAROA ROAD,30,S, ,IRVINE ST,2857165,25/12/08,Thu,1850,EA,CS1C,353A ,M,E,D,O ,F , ,N,C,50,0,0,0,,,1747269,5427152,-41.29365185,174.7588793
Wellington City,RAROA ROAD,50,E, ,MOUNT PLEASANT ROAD,2812588,16/06/08,Mon,2125,BF,CE1C,131A ,C,M,W,DO,M , ,N,C,50,0,0,1,,,1747193,5427132,-41.29384579,174.7579768
Wellington City,RAROA ROAD,100,E, ,MOUNT PLEASANT ROAD,2855875,16/09/08,Tue,1100,FA,VE1C,181A 434A ,,E,D,B ,F , ,N,C,50,0,0,0,,,1747238,5427151,-41.29366651,174.7585094
Wellington City,RAROA ROAD,150,E, ,MOUNT PLEASANT ROAD,2853605,13/07/08,Sun,1503,DB,CN1,103A 111A 131A ,C,E,W,B ,F , ,N,C,50,0,0,0,,,1747283,5427164,-41.29354126,174.7590435
Wellington City,RAROA ROAD,50,S, ,PLUNKET ST,2854237,25/04/08,Fri,1550,BB,VS1C,103A 120A ,,M,D,B ,F , ,N,C,50,0,0,0,,,1747228,5427589,-41.28972479,174.7582841
Wellington City,RAUKAWA ST,120,S, ,TAIAROA ST,2850330,23/01/08,Wed,1745,MO,CN1C,371A 370B 926 ,,R,D,O ,F ,D,N,C,50,0,0,0,,,1751993,5422718,-41.33269639,174.8163809
Wellington City,REDWOOD AVENUE,30,N, ,MCKEEFRY GROVE,2850110,2/01/08,Wed,1400,MO,CS1C,371A 929 ,M,R,D,B ,F ,D,N,N,50,0,0,0,,,1752838,5439838,-41.17840076,174.8221841
Wellington City,REEF ST,, ,I,THE ESPLANADE,2850285,6/01/08,Sun,1918,DB,CE2,132A 400A ,K,R,D,B ,F ,T,N,C,50,0,0,0,,,1748304,5421598,-41.34346736,174.7725897
Wellington City,REX ST,100,W, ,PARK ROAD,2811388,17/03/08,Mon,1310,NA,4W1E,713B 726B ,,R,D,B ,F , ,N,C,50,0,0,1,4,,1752193,5425015,-41.31197834,174.8181947
Wellington City,RIDDIFORD ST,15,S, ,ADELAIDE ROAD,2854970,30/07/08,Wed,1128,FD,4N1V,181A 502A ,,R,W,O ,L ,M,T,C,50,0,0,0,,,1748835,5425593,-41.30740095,174.7779552
Wellington City,RIDDIFORD ST,15,S, ,ADELAIDE ROAD,2856867,11/11/08,Tue,1759,AA,BS1C,381A 402B ,,R,D,O ,F ,X,T,C,50,0,0,0,,,1748835,5425593,-41.30740095,174.7779552
Wellington City,RIDDIFORD ST,100,S, ,ADELAIDE ROAD,2853948,10/07/08,Thu,1905,AA,CN1B,386A ,,R,D,DO,F , ,N,P,50,0,0,0,,,1748852,5425510,-41.3081451,174.7781785
Wellington City,RIDDIFORD ST,200,S, ,ADELAIDE ROAD,2854685,26/08/08,Tue,1550,EE,XN1C,374B ,Q,R,W,TN,L , ,N,C,50,0,0,0,,,1748873,5425412,-41.30902356,174.7784532
Wellington City,RIDDIFORD ST,, ,I,ADELAIDE ROAD,2854777,28/06/08,Sat,1900,FE,CN1C,331A ,,R,D,TF,F ,X,T,R,50,0,0,0,,,1748832,5425608,-41.30726645,174.7779157
Wellington City,RIDDIFORD ST,50,N, ,CONSTABLE ST,2853022,4/03/08,Tue,1450,MA,CN1C,373B ,,R,D,B ,F , ,N,C,50,0,0,0,,,1748969,5424932,-41.31332746,174.7797171
Wellington City,RIDDIFORD ST,100,N, ,CONSTABLE ST,2853767,7/05/08,Wed,2040,FD,CN1C,331A ,,R,D,DO,F , ,N,C,50,0,0,0,,,1748958,5424981,-41.31288833,174.7795737
Wellington City,RIDDIFORD ST,, ,I,CONSTABLE ST,2853887,11/07/08,Fri,1113,FE,CN1C,331A 358A ,,R,D,B ,F ,T,T,C,50,0,0,0,,,1748979,5424883,-41.31376678,174.7798485
Wellington City,RIDDIFORD ST,, ,I,CONSTABLE ST,2812213,9/05/08,Fri,831,NB,VS1E,712B 713B 718B ,,R,D,O ,F ,T,T,C,50,0,0,1,14,,1748980,5424883,-41.3137666,174.7798605
Wellington City,RIDDIFORD ST,20,N, ,DONALD MCLEAN ST,2812925,30/08/08,Sat,1650,EE,SS1X,374B ,Q,R,D,O ,F , ,N,C,50,0,0,1,,16,1749017,5424699,-41.31541639,174.7803474
Wellington City,RIDDIFORD ST,20,S, ,GREEN ST,2857011,22/12/08,Mon,1200,MO,CS1C,371A ,M,R,D,B ,F , ,N,C,50,0,0,0,,,1748949,5425021,-41.31252986,174.7794565
Wellington City,RIDDIFORD ST,20,N, ,HALL ST,2851248,12/02/08,Tue,1110,LB,CN1C,135A 377B 801 927 ,,R,W,B ,F ,D,N,C,50,0,0,0,,,1748913,5425221,-41.31073582,174.7789776
Wellington City,RIDDIFORD ST,50,N, ,HALL ST,2857218,25/08/08,Mon,1830,FA,BS1S,512A ,,R,W,DO,L , ,N,C,50,0,0,0,,34,1748907,5425250,-41.31047583,174.7788989
Wellington City,RIDDIFORD ST,, ,I,HALL ST,2812798,28/07/08,Mon,1021,HA,VN1V,322A 334A ,,R,D,O ,F ,X,T,C,50,0,0,1,,,1748917,5425201,-41.31091515,174.7790303
Wellington City,RIDDIFORD ST,, ,I,HALL ST,2812413,25/03/08,Tue,1525,NF,CS1E,718B ,,R,D,O ,F ,X,T,C,50,0,0,1,16,,1748917,5425201,-41.31091515,174.7790303
Wellington City,RIDDIFORD ST,20,S, ,JOHN ST,2854240,19/05/08,Mon,1045,CB,CN1CC,354A ,MQ,R,D,B ,F , ,N,P,50,0,0,0,,,1748836,5425588,-41.30744578,174.7779684
Wellington City,RIDDIFORD ST,, ,I,MEIN ST,2854101,29/04/08,Tue,1600,FE,4N1C,181A ,,R,D,O ,F ,X,T,N,50,0,0,0,,,1748917,5425201,-41.31091515,174.7790303
Wellington City,RIDDIFORD ST,, ,I,MEIN ST,2853468,24/05/08,Sat,1110,FE,4S1C,386A ,,R,W,O ,L ,X,T,C,50,0,0,0,,,1748917,5425201,-41.31091515,174.7790303
Wellington City,RIDDIFORD ST,, ,I,MEIN ST,2812654,2/05/08,Fri,1817,FB,VN1C,181A ,,R,W,DO,L ,X,T,C,50,0,0,1,,,1748917,5425201,-41.31091515,174.7790303
Wellington City,RIDDIFORD ST,20,S, ,NEWTOWN AVENUE,2855075,28/08/08,Thu,1655,MG,CN1C,434A 512A ,,R,D,B ,F , ,N,R,50,0,0,0,,,1748996,5424804,-41.31447491,174.7800709
Wellington City,RIDDIFORD ST,, ,I,NORMANBY ST,2812092,28/04/08,Mon,1800,JA,MS1C,302B 375B ,,R,W,TO,L ,T,G,R,50,0,0,1,,,1749005,5424757,-41.31489641,174.7801899
Wellington City,RIDDIFORD ST,, ,I,PENROSE AVENUE,2850380,19/01/08,Sat,1308,FD,CS1C,181A 357A 359A ,,R,D,B ,F ,T,N,R,50,0,0,0,,,1748903,5425269,-41.31030551,174.7788465
Wellington City,RIDDIFORD ST,50,N, ,REGINA TERRACE,2854390,28/04/08,Mon,1640,KB,TS1C,385A 920 ,,R,D,O ,F ,D,N,C,50,0,0,0,,,1748881,5425372,-41.30938222,174.7785586
Wellington City,RIDDIFORD ST,15,N, ,RINTOUL ST,2853317,20/03/08,Thu,1110,AA,TN1C,150A 372A ,,R,D,B ,F , ,N,C,50,0,0,0,,,1748926,5425137,-41.31148971,174.7791534
Wellington City,RIDDIFORD ST,50,S, ,RINTOUL ST,2852504,28/02/08,Thu,1400,MA,VN1V,373B ,,R,D,B ,F , ,N,C,50,0,0,0,,,1748939,5425073,-41.31206353,174.7793243
Wellington City,RIDDIFORD ST,100,S, ,RINTOUL ST,2855973,11/10/08,Sat,2230,GE,CS1C,160A 372B ,,R,D,DO,F , ,N,R,50,0,0,0,,,1748949,5425024,-41.31250285,174.7794557
Wellington City,RIDDIFORD ST,, ,I,RINTOUL ST,2812093,1/05/08,Thu,307,DA,CS1,103A 111A 131A ,P,R,W,DO,H ,T,T,C,50,0,0,1,,,1748929,5425122,-41.31162421,174.7791929
Wellington City,RINTOUL ST,15,N, ,COLOMBO ST,2855829,12/10/08,Sun,326,EA,CN1CC,101A 410A 601A ,M,R,D,DO,F , ,N,C,50,0,0,0,,,1748909,5425043,-41.31233917,174.7789734
Wellington City,RINTOUL ST,, ,I,LAVAUD ST,2814053,19/09/08,Fri,2238,DC,CS1,103A 110A ,F,R,D,DO,F ,T,N,N,50,0,0,1,,,1748774,5423774,-41.32378939,174.7776719
Wellington City,RINTOUL ST,25,N, ,LUXFORD ST,2854182,23/07/08,Wed,1932,EA,CN1C,386A 402A ,M,R,W,DO,L , ,N,C,50,0,0,0,,,1748802,5424225,-41.31972369,174.7778959
Wellington City,RINTOUL ST,, ,I,LUXFORD ST,2851781,21/04/08,Mon,1224,MO,CN2C,373B ,,R,D,B ,F ,X,S,C,50,0,0,0,,,1748800,5424200,-41.31994915,174.7778781
Wellington City,RINTOUL ST,20,S, ,RIDDIFORD ST,2851558,11/03/08,Tue,1645,MO,CN1C,386A ,M,R,D,B ,F , ,N,C,50,0,0,0,,,1748924,5425103,-41.31179619,174.7791379
Wellington City,RINTOUL ST,60,S, ,RIDDIFORD ST,2852796,8/05/08,Thu,1530,EA,CS1VC,386A ,M,R,D,B ,F , ,N,C,50,0,0,0,,,1748914,5425064,-41.31214917,174.779028
Wellington City,RINTOUL ST,100,N, ,STOKE ST,2855889,26/09/08,Fri,1600,CA,CS1,133A 353A 423A ,F,E,D,B ,F , ,N,C,50,0,0,0,,,1748877,5424912,-41.31352452,174.7786234
Wellington City,RINTOUL ST,60,S, ,WARIPORI ST,2812555,28/06/08,Sat,1820,EA,CS1C,129A 351A 423A ,M,R,D,DO,FS, ,N,C,50,0,0,1,,,1748804,5424266,-41.31935418,174.7779098
Wellington City,ROBERTSON ST,25,E, ,HAPPY VALLEY ROAD,2855310,2/05/08,Fri,1755,EA,VW1C,385A ,M,R,W,O ,L , ,N,C,50,0,0,0,,,1747256,5421603,-41.34361456,174.7600681
Wellington City,RONGOTAI ROAD,, ,I,BAY ROAD,2856451,12/11/08,Wed,848,MA,CW1B,373B ,,R,D,B ,F ,X,T,C,50,0,0,0,,,1750240,5424398,-41.3178995,174.7950264
Wellington City,RONGOTAI ROAD,, ,I,BAY ROAD,2855414,30/09/08,Tue,1154,FE,CW1C,181A ,,R,D,B ,F ,X,T,C,50,0,0,0,,,1750240,5424398,-41.3178995,174.7950264
Wellington City,RONGOTAI ROAD,, ,I,BAY ROAD,2851471,28/03/08,Fri,1635,FD,CE1CC,331A 353A ,,R,D,B ,F ,X,T,C,50,0,0,0,,,1750241,5424398,-41.31789931,174.7950384
Wellington City,RONGOTAI ROAD,, ,I,CHILDERS TERRACE,2855999,4/11/08,Tue,1005,FB,VS2C,181A 353A 387A ,,R,W,O ,L ,X,S,C,50,0,0,0,,,1750125,5424428,-41.31765081,174.7936457
Wellington City,RONGOTAI ROAD,, ,I,EVANS BAY PARADE,2811669,4/02/08,Mon,2100,DA,VW1,136A 631A ,P,R,W,DO,H ,X,T,R,50,0,0,1,,,1750348,5424376,-41.31807744,174.7963216
Wellington City,RONGOTAI ROAD,, ,I,MAHORA ST,2853241,26/06/08,Thu,1205,JA,CW1C,302B 375B ,,R,D,B ,F ,T,G,C,50,0,0,0,,,1750445,5424343,-41.31835646,174.7974882
Wellington City,RONGOTAI ROAD,15,S, ,SALEK ST,2854104,27/05/08,Tue,800,MA,CS1C,110A 353A 373B 926 ,,E,W,O ,L ,D,N,C,50,0,0,0,,,1750814,5424238,-41.31923289,174.8019209
Wellington City,RONGOTAI ROAD,50,W, ,SALEK ST,2852183,28/04/08,Mon,1415,FC,CW1C,358A 420A ,,R,W,O ,F , ,N,X,50,0,0,0,,,1750752,5424258,-41.31906441,174.8011755
Wellington City,RONGOTAI ROAD,, ,I,SALEK ST,2852059,17/02/08,Sun,1050,HA,CW2C,301A 387A 112B 402B ,,R,D,B ,F ,X,S,R,50,0,0,0,,,1750801,5424246,-41.31916329,174.8017636
Wellington City,RONGOTAI ROAD,30,W, ,TROY ST,2813456,19/07/08,Sat,1205,MO,CE1C,303B ,,R,D,O ,F ,M,G,X,50,0,0,1,,,1750771,5424265,-41.31899784,174.8014007
Wellington City,RONGOTAI ROAD,, ,I,YULE ST,2812853,4/09/08,Thu,1118,JC,VE1C,124A ,,R,D,O ,L ,X,G,C,50,0,0,1,,,1750625,5424291,-41.31879104,174.7996506
Wellington City,ROSENEATH TERRACE,, ,I,ROSENEATH ROAD,2857009,18/12/08,Thu,720,DB,CW2,102A 410A ,CJP,S,D,B ,F ,Y,N,N,50,0,0,0,,,1750573,5427142,-41.29313231,174.798324