TLA NAME,CRASH ROAD,CRASH DIST,CRASH DIRN,INTSN,SIDE ROAD,CRASH ID,CRASH DATE,CRASH DOW,CRASH TIME,MVMT,VEHICLES,CAUSES,OBJECTS STRUCK,ROAD CURVE,ROAD WET,LIGHT,WTHRa,JUNC TYPE,TRAF CTRL,ROAD MARK,SPD LIM,CRASH FATAL CNT,CRASH SEV CNT,CRASH MIN CNT,PERS AGE1,PERS AGE2,EASTING,NORTHING,latitude,longitude
Wellington City,ROSS ST,25,N, ,COUTTS ST,2850990,5/02/08,Tue,1920,EA,BN14C,358A ,MM,R,D,O ,F , ,N,C,50,0,0,0,,,1750484,5424117,-41.32038393,174.7980098
Wellington City,ROSS ST,50,S, ,COUTTS ST,2854602,9/07/08,Wed,1245,MO,BS1C,385A ,M,R,D,B ,F , ,N,C,50,0,0,0,,,1750463,5424046,-41.32102708,174.7977766
Wellington City,ROXBURGH ST,, ,I,CAROLINE ST,2811649,3/04/08,Thu,735,LB,SS1C,303B 375B ,,R,D,TF,F ,T,N,N,50,0,0,1,,29,1749512,5427111,-41.29360864,174.7856658
Wellington City,ROXBURGH ST,200,W, ,HAWKER ST,2855711,25/07/08,Fri,1900,EA,VW1C,385A ,M,M,D,DO,F , ,N,C,50,0,0,0,,,1749611,5427230,-41.29251889,174.7868184
Wellington City,ROXBURGH ST,200,N, ,MAJORIBANKS ST,2853882,18/07/08,Fri,1030,MA,CS1C,373B ,,R,D,O ,F , ,N,N,50,0,0,0,,,1749575,5427189,-41.2928947,174.7863987
Wellington City,ROY ST,, ,I,DANIELL ST,2852271,13/04/08,Sun,1009,DB,CN2,110A 402A 431A ,I,R,D,B ,F ,T,N,R,50,0,0,0,,,1749319,5424322,-41.3187548,174.7840464
Wellington City,ROY ST,30,E, ,MANSFIELD ST,2811648,13/02/08,Wed,937,NG,VW1E,371A 730B ,,R,D,O ,F , ,N,R,50,0,1,0,85,,1749138,5424284,-41.31913042,174.7818941
Wellington City,RUSSELL TERRACE,, ,I,HERALD ST,2850609,10/02/08,Sun,1440,LB,CN1C,303B 375B ,,R,D,O ,F ,T,S,C,50,0,0,0,,,1749009,5424098,-41.3208289,174.7803991
Wellington City,RUSSELL TERRACE,10,S, ,RIDDIFORD ST,2857082,9/11/08,Sun,630,CA,CS1C,101A ,M,R,D,O ,F ,R,N,R,50,0,0,0,,,1749037,5424533,-41.31690725,174.7806269
Wellington City,RUSSELL TERRACE,50,S, ,RIDDIFORD ST,2856480,4/11/08,Tue,1900,JA,CN1C,308B 839 927 ,,R,W,O ,L ,D,N,C,50,0,0,0,,,1749034,5424493,-41.31726794,174.7806009
Wellington City,RUSSELL TERRACE,, ,I,RIDDIFORD ST,2854078,9/08/08,Sat,1024,DA,4S2CCC,131A 407A ,KM,E,W,O ,L ,R,G,R,50,0,0,0,,,1749047,5424556,-41.31669833,174.7807407
Wellington City,RUSSELL TERRACE,, ,I,WARIPORI ST,2850655,1/02/08,Fri,1525,LB,TN1X,301A ,S,R,D,B ,F ,T,S,R,50,0,0,0,,,1749023,5424313,-41.31889059,174.7805136
Wellington City,SAFARI CRESCENT,, ,I,OLD COACH ROAD,2851419,28/01/08,Mon,1152,DB,CS1C,111A 402A ,M,R,D,B ,F ,T,N,N,50,0,0,0,,,1750459,5435059,-41.22187364,174.79501
Wellington City,SALAMANCA ROAD,20,N, ,KELBURN PARADE,2854386,13/07/08,Sun,1500,MO,CN1C,371A 386A ,Q,E,D,O ,F ,Y,G,C,50,0,0,0,,,1748144,5427917,-41.28660407,174.7691388
Wellington City,SALAMANCA ROAD,200,N, ,KELBURN PARADE,2855296,24/07/08,Thu,1230,EA,CS1CC,197A ,M,M,W,O ,L , ,N,C,50,0,0,0,,,1748164,5428094,-41.28500678,174.7693344
Wellington City,SALAMANCA ROAD,200,N, ,KELBURN PARADE,2813849,29/12/08,Mon,1515,BB,BS1P,123A 132B 402B ,C,M,D,B ,F , ,N,C,50,0,0,1,,,1748164,5428094,-41.28500678,174.7693344
Wellington City,SALAMANCA ROAD,, ,I,KELBURN PARADE,2812003,11/04/08,Fri,900,LB,CN1S,302A 375A ,,M,D,O ,F ,T,G,R,50,0,0,1,,31,1748147,5427897,-41.28678359,174.7691795
Wellington City,SALAMANCA ROAD,25,W, ,THE TERRACE,2851402,11/03/08,Tue,903,MA,BW1C,373A ,,M,D,B ,F , ,N,C,50,0,0,0,,,1748358,5427679,-41.2887076,174.7717512
Wellington City,SALAMANCA ROAD,200,W, ,THE TERRACE,2850999,16/02/08,Sat,2040,BC,CW1C,404A ,,M,W,DO,L , ,N,C,50,0,0,0,,,1748201,5427726,-41.28831327,174.7698656
Wellington City,SAR ST,, ,I,HUTT ROAD,2851258,27/02/08,Wed,900,DA,CN1C4,111A 124A 137A ,MM,R,D,B ,F ,T,N,N,50,0,0,0,,,1749272,5430100,-41.2667418,174.7820683
Wellington City,SEVERN ST,50,N, ,DENNIS WAY,2856653,22/11/08,Sat,1640,EA,CS1C,386A 402A ,M,E,D,O ,F , ,N,C,50,0,0,0,,,1747434,5421338,-41.34596791,174.762259
Wellington City,SH 1N KARO,, ,I,CUBA ST,2855270,26/05/08,Mon,1415,MA,CN2C,322A ,,R,W,O ,F ,X,T,C,50,0,0,0,,,1748488,5426734,-41.29719197,174.7735335
Wellington City,SHELLY BAY ROAD,2950,N, ,MIRAMAR AVENUE,2855426,10/10/08,Fri,1140,MO,CN14,110A 181A 350A ,Q,R,D,B ,F , ,N,N,50,0,0,0,,,1752569,5427045,-41.29363081,174.8221755
Wellington City,SIDLAW ST,5,E, ,MONORGAN ROAD,2853331,12/03/08,Wed,2045,MG,CS14,371B ,,R,D,DO,F ,Y,G,N,50,0,0,0,,,1752376,5422876,-41.33120158,174.8209161
Wellington City,SIDLAW ST,100,S, ,MONORGAN ROAD,2856438,9/11/08,Sun,2300,DB,CN1CCC,101A 111A ,MMM,M,D,DO,F , ,N,C,50,0,0,0,,,1752364,5422791,-41.33196912,174.820794
Wellington City,SILVERBIRCH GROVE,20,E, ,MIDDLETON ROAD,2851645,24/02/08,Sun,2200,MO,CW1C,371A 929 ,M,M,D,DO,F ,D,N,C,50,0,0,0,,,1751830,5435793,-41.21500908,174.8111761
Wellington City,SILVERSTREAM ROAD,, ,I,SPENCER ST,2851274,15/03/08,Sat,1810,JA,CN1C,309B 402B 423B ,,M,D,B ,F ,T,N,C,50,0,0,0,,,1747830,5431462,-41.25474411,174.7645308
Wellington City,SILVERSTREAM ROAD,100,W, ,THATCHER CRESCENT,2856472,12/11/08,Wed,1200,EA,CE1C,129A 442B ,Q,M,D,B ,F , ,N,C,50,0,0,0,,,1747868,5431513,-41.25427797,174.7649718
Wellington City,SOUTH KARORI ROAD,1700,S, ,HAZLEWOOD AVENUE S,2814065,19/10/08,Sun,117,DB,4S1,103A 111A 132A ,TX,E,D,DN,F , ,N,N,50,0,1,0,,,1743068,5425863,-41.30601326,174.7090302
Wellington City,SOUTH KARORI ROAD,20,S, ,KARORI ROAD,2812306,23/05/08,Fri,554,LB,MN1C,303B 382B 929 ,,R,W,DO,L ,D,N,N,50,0,1,0,,,1744320,5427741,-41.28888135,174.7235343
Wellington City,SOUTHGATE ROAD,, ,I,RYDAL PLACE,2850997,5/03/08,Wed,822,BA,CN1C,402A 501A ,,R,W,O ,L ,T,N,P,50,0,0,0,,,1749128,5422506,-41.33514025,174.782211
Wellington City,ST MICHAELS CRESCENT,, ,I,UPLAND ROAD,2850947,15/02/08,Fri,856,DB,4W2,133A 501A 920 ,H,R,D,O ,F ,D,N,N,50,0,0,0,,,1747648,5427640,-41.2891889,174.7632854
Wellington City,STAFFORD ST,15,W, ,PORT ST,2857366,18/12/08,Thu,1000,MO,TW1C,371A 385A ,M,R,D,B ,F , ,N,N,50,0,0,0,,,1749794,5426959,-41.29492487,174.7890697
Wellington City,STEWART DRIVE,, ,I,BATCHELOR ST,2850164,15/01/08,Tue,1330,MC,CE1C,372B ,,R,W,O ,L ,T,N,C,50,0,0,0,,,1752721,5434974,-41.22221518,174.8220044
Wellington City,STEWART DRIVE,50,W, ,TED GILBERD PLACE,2853469,17/04/08,Thu,1115,MD,CE1C,308B 371B 929 ,,R,W,O ,L ,D,N,C,50,0,0,0,,,1752147,5435039,-41.22173809,174.8151435
Wellington City,STEWART DUFF DRIVE,20,N, ,ACCESS ROAD,2853399,1/07/08,Tue,1810,AC,XS1X,173A 176B 926 ,,R,D,O ,F ,D,N,N,50,0,0,0,,,1751708,5422871,-41.33137259,174.8129384
Wellington City,STEWART DUFF DRIVE,900,S, ,CALABAR ROAD,2854845,16/09/08,Tue,1201,AA,CS1X,355A 371A 926 ,,E,D,B ,FS,D,N,C,50,0,0,0,,,1751690,5422737,-41.33258241,174.8127569
Wellington City,STEWART DUFF DRIVE,, ,I,MOA POINT ROAD,2813833,5/12/08,Fri,1413,BF,CE1C,131A ,,R,W,O ,F ,T,G,C,50,0,0,1,,,1751378,5422347,-41.33615232,174.8091273
Wellington City,STOUT ST,, ,I,LAMBTON QUAY,2855536,7/10/08,Tue,748,MO,ON24,386A ,,R,W,O ,HS,T,T,N,30,0,0,0,,,1748729,5428488,-41.28135554,174.7759822
Wellington City,STRATHMORE AVENUE,, ,I,ELPHINSTONE AVENUE,2852197,9/04/08,Wed,810,MG,VS1T,371B ,,R,D,O ,F ,T,N,C,50,0,0,0,,,1752432,5423028,-41.32982252,174.8215468
Wellington City,STRATHMORE AVENUE,10,N, ,KINGHORNE ST,2811205,4/02/08,Mon,1140,NA,CS1E,712B ,,R,W,O ,L ,T,N,C,50,0,1,0,9,,1752353,5423301,-41.32737959,174.8205348
Wellington City,SUNHAVEN DRIVE,, ,I,FERNHAVEN GROVE,2811422,1/03/08,Sat,1650,JC,CE14,309B 375B ,,E,W,O ,H ,X,N,N,50,0,0,1,,,1753730,5434537,-41.22595854,174.8341461
Wellington City,SUNHAVEN DRIVE,90,E, ,SOMES CRESCENT,2852034,23/01/08,Wed,2006,EA,CW1C,386A ,M,E,D,DN,F , ,N,N,50,0,0,0,,,1753644,5434475,-41.22653308,174.8331362
Wellington City,SUTHERLAND CRESCENT,250,S, ,MANCHESTER ST,2813804,7/12/08,Sun,1722,DA,CS1VC,111A 131A 500A ,M,M,D,B ,F , ,N,C,50,0,0,1,,,1749567,5423745,-41.32390378,174.78715
Wellington City,SUTHERLAND CRESCENT,50,S, ,SUTHERLAND ROAD,2856320,15/07/08,Tue,2305,EA,CS1V,111A 862 ,CM,E,D,DO,F , ,N,N,50,0,0,0,,,1749701,5423831,-41.32310462,174.7887292
Wellington City,SUTHERLAND ROAD,80,S, ,BELLA VISTA,2852268,24/04/08,Thu,634,DB,CS1,103A 111A 131A ,C,M,D,TF,F , ,N,N,50,0,0,0,,,1749700,5423591,-41.32526561,174.7887764
Wellington City,TAKAPU ROAD,, ,I,BING LUCAS DRIVE,2812456,7/05/08,Wed,830,JA,CN1C,302B ,,R,D,B ,F ,T,G,P,50,0,0,1,,,1753912,5439494,-41.18129465,174.8350689
Wellington City,TAKAPU ROAD,200,N, ,JAMAICA DRIVE,2855644,20/09/08,Sat,2312,BB,CN1C,120A 402A 403A ,,E,D,DN,F , ,N,C,70,0,0,0,,,1754105,5439687,-41.17952033,174.8373203
Wellington City,TAKAPU ROAD,40,E, ,TAWA OFF NBD,2850488,26/01/08,Sat,2308,FA,CE1C,181A 402A 191B ,,R,D,DO,F , ,N,C,100,0,0,0,,,1753644,5439033,-41.18549604,174.8319909
Wellington City,TAKAPU ROAD,, ,I,TAWA OFF SBD,2851187,22/03/08,Sat,640,HA,TS1C,301A 387A 145B ,,E,D,DO,F ,X,S,C,50,0,0,0,,,1753701,5439145,-41.18447686,174.8326421
Wellington City,TAKAPU ROAD,, ,I,TAWA ON NBD,2856228,28/11/08,Fri,1015,LB,ME1C,303B ,,E,D,B ,F ,R,N,C,100,0,0,0,,,1753606,5439045,-41.18539521,174.831535
Wellington City,TAKARAU GORGE ROAD,300,S, ,MAKARA ROAD,2811118,15/01/08,Tue,115,DA,CS1,111A 134A 812 ,C,M,D,DN,FS, ,N,N,50,0,0,1,,,1744269,5433306,-41.23878462,174.7216086
Wellington City,TAKARAU GORGE ROAD,1000,W, ,RIFLE RANGE ROAD,2851247,16/03/08,Sun,950,AD,CE1,111A 135A 804 ,C,M,D,B ,FS, ,N,N,100,0,0,0,,,1748086,5435951,-41.21428018,174.7664964
Wellington City,TAKATIMU WAY,80,S, ,BRODERICK ROAD,2856673,14/09/08,Sun,20,MO,CN1,386A 402A 929 ,F,R,D,DO,F ,D,N,N,50,0,0,0,,,1751183,5434680,-41.22515099,174.8037371
Wellington City,TANERA CRESCENT,50,N, ,HELEN ST,2853025,27/04/08,Sun,100,QD,CN1C,428A ,M,R,D,DO,F , ,N,N,50,0,0,0,,,1747655,5426150,-41.30260284,174.7637304
Wellington City,TARANAKI ST,, ,I,ABEL SMITH ST,2856494,4/11/08,Tue,2015,LB,CN1C,303B 387B ,,R,W,DO,HS,T,S,C,50,0,0,0,,,1748721,5426755,-41.29695999,174.77631
Wellington City,TARANAKI ST,, ,I,ABEL SMITH ST,2852246,9/04/08,Wed,1940,FE,CS1C,181A 386A ,,R,W,TO,F ,T,S,P,50,0,0,0,,,1748721,5426755,-41.29695999,174.77631
Wellington City,TARANAKI ST,, ,I,BIDWILL ST,2855961,15/09/08,Mon,1600,FE,CN1V,181A ,,R,D,B ,F ,T,T,C,50,0,0,0,,,1748506,5426263,-41.30142928,174.7738633
Wellington City,TARANAKI ST,100,N, ,BUCKLE ST,2854178,5/08/08,Tue,1540,JA,CS1V,314B 377B 922 ,,R,D,B ,F ,D,N,P,50,0,0,0,,,1748714,5426739,-41.29710534,174.7762304
Wellington City,TARANAKI ST,20,E, ,COURTENAY PLACE,2852233,10/04/08,Thu,1918,MC,4N1C,181A 372B ,,R,D,DO,F , ,G,X,50,0,0,0,,,1748957,5427266,-41.29231572,174.7790024
Wellington City,TARANAKI ST,80,N, ,COURTENAY PLACE,2851576,31/01/08,Thu,1015,AC,TN1C,372A ,,R,D,B ,F , ,N,C,50,0,0,0,,,1748981,5427321,-41.2918161,174.7792755
Wellington City,TARANAKI ST,10,S, ,COURTENAY PLACE,2854242,8/08/08,Fri,2115,MO,BS14,386A ,M,R,D,DO,F ,X,T,C,50,0,0,0,,,1748945,5427239,-41.29256103,174.7788658
Wellington City,TARANAKI ST,20,S, ,COURTENAY PLACE,2810083,16/12/08,Tue,2150,NA,CS1E,350A 403A 714B 731B ,,R,D,DO,F ,X,T,P,50,1,0,0,70,,1748940,5427229,-41.29265198,174.7788085
Wellington City,TARANAKI ST,25,S, ,COURTENAY PLACE,2854385,6/04/08,Sun,1430,FA,CN1C,386A ,,R,D,O ,F ,X,T,R,50,0,0,0,,,1748938,5427225,-41.29268836,174.7787856
Wellington City,TARANAKI ST,30,S, ,COURTENAY PLACE,2856342,24/10/08,Fri,2220,MO,CN1C,102A 371A ,M,R,W,DO,L , ,N,N,50,0,0,0,,,1748936,5427220,-41.29273375,174.778763
Wellington City,TARANAKI ST,, ,I,DIXON ST,2811206,31/01/08,Thu,2241,NE,CN1E,370A 713B 718B ,,R,D,DO,F ,M,T,C,50,0,0,1,34,,1748949,5427248,-41.29247926,174.7789113
Wellington City,TARANAKI ST,25,N, ,GHUZNEE ST,2855413,6/08/08,Wed,1828,MO,XS14C,400A 420A ,M,R,D,DO,F , ,N,C,50,0,0,0,,,1748876,5427102,-41.29380722,174.7780756
Wellington City,TARANAKI ST,15,S, ,GHUZNEE ST,2811664,5/02/08,Tue,750,EE,SN1C,151A 374B ,Q,R,D,O ,F , ,N,R,50,0,0,1,,33,1748860,5427066,-41.2941343,174.7778934
Wellington City,TARANAKI ST,, ,I,GHUZNEE ST,2813424,17/10/08,Fri,810,NC,4N2E,307A 732B ,,R,D,O ,F ,T,T,R,50,0,0,1,21,,1748866,5427080,-41.29400714,174.7779616
Wellington City,TARANAKI ST,40,N, ,HANKEY ST,2812455,16/06/08,Mon,1610,NB,CN1E,713B ,,E,D,O ,F , ,N,C,50,0,0,1,14,,1748522,5426300,-41.3010932,174.7740453
Wellington City,TARANAKI ST,, ,I,LUKES LANE,2812922,21/08/08,Thu,1315,LB,TN1M,309B 377B ,,R,D,B ,F ,T,N,C,50,0,0,1,,,1748973,5427304,-41.29197064,174.7791841
Wellington City,TARANAKI ST,, ,I,LUKES LANE,2856756,5/12/08,Fri,2145,GD,CS1C,331A 353A ,,R,D,DO,F ,T,N,P,50,0,0,0,,,1748973,5427304,-41.29197064,174.7791841
Wellington City,TARANAKI ST,, ,I,MARTIN SQUARE,2855361,22/09/08,Mon,1705,LB,CS1C,314B 377B ,,R,D,B ,F ,T,N,C,50,0,0,0,,,1748702,5426713,-41.29734164,174.7760934
Wellington City,TARANAKI ST,, ,I,MARTIN SQUARE N,2853389,28/02/08,Thu,1715,JA,VS1C,150A 309B 377B ,,R,D,B ,F ,T,N,P,50,0,0,0,,,1748729,5426774,-41.29678745,174.7764009
Wellington City,TARANAKI ST,40,N, ,VIVIAN ST,2852198,5/04/08,Sat,1224,AA,XN1V,372A ,,R,W,O ,L , ,N,R,50,0,0,0,,,1748808,5426954,-41.29515227,174.7773
Wellington City,TARANAKI ST,25,S, ,VIVIAN ST,2855346,1/09/08,Mon,815,EE,SN1C,158A 374B ,Q,R,D,B ,F , ,N,R,50,0,0,0,,,1748782,5426894,-41.29569727,174.7770043
Wellington City,TARANAKI ST,40,S, ,WAKEFIELD ST,2850623,1/02/08,Fri,1530,MO,CS1CCV,355A 386A ,MMM,R,D,B ,F , ,N,C,50,0,0,0,,,1748996,5427355,-41.29150722,174.7794462
Wellington City,TARANAKI ST,20,S, ,WEBB ST,2857194,16/12/08,Tue,1253,AA,CS1T,372A ,,R,D,O ,H ,T,T,C,50,0,0,0,,,1748646,5426574,-41.29860343,174.7754588
Wellington City,TARANAKI ST,20,S, ,WEBB ST,2856386,23/10/08,Thu,715,AA,BS1C,372A ,,R,D,B ,F ,T,T,C,50,0,0,0,,,1748646,5426574,-41.29860343,174.7754588
Wellington City,TARANAKI ST,40,S, ,WEBB ST,2855370,23/09/08,Tue,1554,FD,CN1C,181A ,,R,D,B ,F , ,N,C,50,0,0,0,,,1748637,5426556,-41.29876715,174.7753558
Wellington City,TARANAKI ST,40,S, ,WEBB ST,2852017,3/05/08,Sat,1140,FA,CS1C,181A ,,R,D,O ,F , ,N,C,50,0,0,0,,,1748637,5426556,-41.29876715,174.7753558
Wellington City,TARANAKI ST,100,S, ,WEBB ST,2856706,4/12/08,Thu,1645,MO,CN1C,312B 371B 927 ,,R,D,O ,F , ,N,C,50,0,0,0,,,1748613,5426501,-41.29926676,174.7750827
Wellington City,TARANAKI ST,100,S, ,WEBB ST,2853772,25/05/08,Sun,1135,FC,CS1CE,181A 191B 717C ,,R,W,O ,L , ,N,X,50,0,0,0,,,1748613,5426501,-41.29926676,174.7750827
Wellington City,TARANAKI ST,120,S, ,WEBB ST,2852684,6/05/08,Tue,1738,AA,CS1C,151A 359A 381A ,,R,D,TO,F , ,N,C,50,0,0,0,,,1748605,5426483,-41.29943029,174.7749916
Wellington City,TARANAKI ST,150,S, ,WEBB ST,2856116,5/07/08,Sat,1245,MB,CN1C,382B ,,R,W,O ,L , ,N,C,50,0,0,0,,,1748593,5426455,-41.2996846,174.7748551
Wellington City,TARANAKI ST,180,S, ,WEBB ST,2812924,26/08/08,Tue,1950,NB,CN1E,306A 370A 901 ,,R,W,DO,H , ,N,X,50,0,0,1,31,,1748581,5426428,-41.2999299,174.7747185
Wellington City,TARANAKI ST,, ,I,WEBB ST,2857287,21/10/08,Tue,1700,MA,CN1V,373B 446B ,,R,D,B ,F ,T,T,C,50,0,0,0,,,1748654,5426592,-41.2984399,174.77555
Wellington City,TARANAKI ST,, ,I,WEBB ST,2852188,5/04/08,Sat,1615,FE,CN1C,331A 350A 400A ,,R,W,O ,L ,T,T,C,50,0,0,0,,,1748654,5426592,-41.2984399,174.77555
Wellington City,TARANAKI ST,, ,I,WEBB ST,2851476,22/03/08,Sat,1110,LB,CN1C,303B 386B ,,R,D,O ,F ,T,T,C,50,0,0,0,,,1748654,5426592,-41.2984399,174.77555
Wellington City,TARANAKI ST,, ,I,WEBB ST,2850907,9/02/08,Sat,1550,FD,CS14,331A 350A ,,R,D,B ,F ,T,T,C,50,0,0,0,,,1748654,5426592,-41.2984399,174.77555
Wellington City,TARANAKI ST,, ,I,WEBB ST,2811650,12/03/08,Wed,817,GF,CE2S,170B ,K,R,D,B ,F ,T,T,C,50,0,0,1,,32,1748654,5426592,-41.2984399,174.77555
Wellington City,TARANAKI ST,, ,I,YORK ST,2855324,18/08/08,Mon,652,MG,CS1C,371A 440A ,,R,D,O ,FS,X,N,L,50,0,0,0,,,1748909,5427160,-41.29327894,174.7784554
Wellington City,TASMAN ST,100,N, ,BUCKLE ST,2856384,3/10/08,Fri,2000,EA,CN1C,129A ,M,R,D,DO,F , ,N,C,50,0,0,0,,,1748856,5426455,-41.29963613,174.7779951
Wellington City,TASMAN ST,, ,I,JOHN ST,2856160,28/10/08,Tue,1445,FO,XS1C,420A ,,R,D,B ,F ,T,G,R,50,0,0,0,,,1748696,5425620,-41.30718349,174.7762889
Wellington City,TASMAN ST,10,S, ,SH 1N,2856321,2/12/08,Tue,836,EA,TN1C,386A ,M,R,D,O ,F ,X,T,C,50,0,0,0,,,1748877,5426543,-41.29883996,174.7782243
Wellington City,TASMAN ST,100,S, ,SH 1N,2855717,21/07/08,Mon,754,EA,CN1C,370A 645A 647A ,M,R,D,B ,F , ,N,C,50,0,0,0,,,1748856,5426455,-41.29963613,174.7779951
Wellington City,TAUHINU ROAD,, ,I,BRUSSELS ST,2855673,11/10/08,Sat,2025,CB,XS1,501A ,FH,R,D,DO,F ,T,N,C,50,0,0,0,,,1751992,5424988,-41.31225932,174.8158014
Wellington City,TAUHINU ROAD,, ,I,ROTHERHAM TERRACE,2852736,25/01/08,Fri,1835,JC,CW2C,309B ,,R,D,B ,F ,T,N,C,50,0,0,0,,,1752136,5425187,-41.31044054,174.8174711
Wellington City,TAUHINU ROAD,, ,I,TAHI ST,2813113,22/09/08,Mon,1515,CB,SS1,385A 400A ,K,R,D,B ,F ,T,G,C,50,0,1,0,,35,1751850,5424785,-41.31411372,174.8141564
Wellington City,TAURIMA ST,50,E, ,RUAHINE ST,2854775,14/06/08,Sat,1420,MO,VW1C,385A 929 ,,R,D,B ,F ,D,N,C,50,0,0,0,,,1750093,5425890,-41.3044939,174.7929027
Wellington City,TAVISTOCK ROAD,15,E, ,BUCKINGHAM ST,2855272,29/06/08,Sun,1655,MG,CE1V,371B 817 ,,M,W,DO,F , ,N,N,50,0,0,0,,,1749877,5423561,-41.32550282,174.7908978
Wellington City,THE ESPLANADE,200,S, ,BEACH ST,2811740,7/02/08,Thu,1756,CC,CW1,103A 504A ,CI,R,D,B , F, , ,C,50,0,1,1,,,1747958,5421157,-41.34750147,174.7685635
Wellington City,THE ESPLANADE,100,E, ,BRIGHTON ST,2852915,2/05/08,Fri,1628,BC,CE1T,111A 121A 402A ,,M,D,O ,F , ,N,C,50,0,0,0,,,1748461,5421576,-41.34363653,174.7744708
Wellington City,THE ESPLANADE,250,E, ,HOUGHTON BAY ROAD,2811632,12/02/08,Tue,1539,BB,4W1C,103A 123A ,,E,D,B ,F , ,N,C,50,0,0,1,,,1749556,5421621,-41.34302888,174.7875415
Wellington City,THE ESPLANADE,250,W, ,HOUGHTON BAY ROAD,2812589,1/07/08,Tue,830,AO,TE1S,183A 386A ,,S,D,O ,F , ,N,C,50,0,1,0,,43,1749191,5421630,-41.34301551,174.7831787
Wellington City,THE ESPLANADE,400,E, ,SEVERN ST,2857121,23/10/08,Thu,2355,EA,4W1O,101A 129A ,M,R,W,DO,F , ,N,C,50,0,0,0,,,1747735,5421085,-41.34819064,174.7659167
Wellington City,THE PARADE,15,N, ,AVON ST,2857293,16/09/08,Tue,1439,MB,XS14,372B ,,R,D,B ,F , ,N,C,50,0,0,0,,,1748406,5422728,-41.33327476,174.7735322
Wellington City,THE PARADE,50,S, ,AVON ST,2813529,23/10/08,Thu,2205,MO,CW1,101A 423A ,P,R,D,DO,F , ,N,C,50,0,0,1,,,1748398,5422664,-41.33385245,174.7734523
Wellington City,THE PARADE,60,N, ,DEE ST,2856002,24/10/08,Fri,2306,EA,CS1C,103A 129A ,M,R,D,DO,F , ,N,C,50,0,0,0,,,1748463,5423243,-41.32862752,174.7740872
Wellington City,THE PARADE,, ,I,DEE ST,2812799,25/07/08,Fri,2312,GE,CN1X,387A ,I,M,D,DO,F ,R,G,R,50,0,0,1,,,1748452,5423184,-41.32916074,174.7739703
Wellington City,THE PARADE,, ,I,DEE ST,2812988,26/08/08,Tue,1705,FA,CS1S,181A 387A 602B ,,R,W,O ,L ,R,G,R,50,0,0,1,,40,1748452,5423184,-41.32916074,174.7739703
Wellington City,THE PARADE,, ,I,DOVER ST,2812032,14/04/08,Mon,45,CA,CS1CC,112A 130A 400A ,MFM,R,D,DO,F ,T,N,R,50,0,0,1,,,1748478,5423294,-41.32816558,174.7742539
Wellington City,THE PARADE,110,S, ,HUMBER ST,2812095,25/04/08,Fri,1854,LB,MN1V,400A 303B 929 ,,R,D,DO,F ,D,N,C,50,0,1,1,,,1748164,5421821,-41.34148536,174.7708627
Wellington City,THE PARADE,20,N, ,MEDWAY ST,2811234,15/01/08,Tue,1130,FB,CN1C,331A 353A ,,R,D,O ,F , ,N,C,50,0,0,2,,,1748388,5422573,-41.3346736,174.773355
Wellington City,THE PARADE,30,N, ,MEDWAY ST,2854103,25/04/08,Fri,1805,MF,XN1C,371B 839 ,,R,D,TO,F , ,N,N,50,0,0,0,,,1748389,5422583,-41.33458338,174.7733646
Wellington City,THE PARADE,50,N, ,MEDWAY ST,2856491,25/11/08,Tue,1000,MO,CN1C,385A ,Q,R,D,B ,F , ,N,C,50,0,0,0,,,1748391,5422603,-41.33440295,174.7733836
Wellington City,THE PARADE,60,S, ,MEDWAY ST,2853251,21/05/08,Wed,1217,GE,VS14,150A 387A 929 ,,E,D,B ,F ,D,N,P,50,0,0,0,,,1748381,5422493,-41.33539516,174.773291
Wellington City,THE PARADE,, ,I,MEDWAY ST,2856670,13/12/08,Sat,1526,MO,BS1S,434A 512A ,,R,D,B ,F ,T,S,P,50,0,0,0,,46,1748386,5422553,-41.33485404,174.773336
Wellington City,THE PARADE,, ,I,MERSEY ST,2856941,19/12/08,Fri,745,AC,BN1C,145A 372A ,M,R,D,O ,F ,X,S,N,50,0,0,0,,,1748318,5422292,-41.33721644,174.7725875
Wellington City,THE PARADE,20,S, ,REEF ST,2856330,27/08/08,Wed,628,EC,CS1,103A 410A ,X,R,D,TF,F , ,N,C,50,0,0,0,,,1748100,5421641,-41.34311774,174.7701421
Wellington City,THE PARADE,, ,I,REEF ST,2813036,10/09/08,Wed,1410,ND,TW2E,306A 353A ,,R,D,O ,F ,T,N,X,50,0,0,1,87,,1748107,5421660,-41.34294539,174.770221
Wellington City,THE PARADE,20,S, ,TRENT ST,2857128,23/12/08,Tue,1220,MC,CS1X,373B ,,R,D,B ,F , ,N,P,50,0,0,0,,,1748142,5421755,-41.34208363,174.770616
Wellington City,THE RIDGEWAY,, ,I,FARNHAM ST,2813942,26/05/08,Mon,1510,FC,CS1C,181A ,,R,W,O ,L ,X,G,C,50,0,0,1,,,1747652,5424445,-41.31795431,174.7641085
Wellington City,THE TERRACE,20,N, ,AURORA TERRACE,2853789,31/07/08,Thu,1030,EA,TN1C,386A ,M,R,D,O ,F , ,N,C,50,0,0,0,,,1748659,5428526,-41.2810263,174.7751375