TLA NAME,CRASH ROAD,CRASH DIST,CRASH DIRN,INTSN,SIDE ROAD,CRASH ID,CRASH DATE,CRASH DOW,CRASH TIME,MVMT,VEHICLES,CAUSES,OBJECTS STRUCK,ROAD CURVE,ROAD WET,LIGHT,WTHRa,JUNC TYPE,TRAF CTRL,ROAD MARK,SPD LIM,CRASH FATAL CNT,CRASH SEV CNT,CRASH MIN CNT,PERS AGE1,PERS AGE2,EASTING,NORTHING,latitude,longitude
Wellington City,THE TERRACE,10,S, ,AURORA TERRACE,2811546,27/02/08,Wed,1500,MB,SS1X,372B ,,R,D,B ,F ,T,N,C,50,0,0,1,,29,1748654,5428496,-41.28129732,174.7750851
Wellington City,THE TERRACE,, ,I,AURORA TERRACE,2852590,26/05/08,Mon,1705,MO,BS1C,370A 446B ,M,R,W,TO,L ,T,N,C,50,0,0,0,,,1748655,5428506,-41.28120711,174.7750946
Wellington City,THE TERRACE,, ,I,AURORA TERRACE,2853351,26/05/08,Mon,1635,MA,VN1X,373B ,,R,D,O ,F ,T,N,L,50,0,0,0,,,1748655,5428506,-41.28120711,174.7750946
Wellington City,THE TERRACE,, ,I,DIXON ST,2851857,20/03/08,Thu,1749,FD,CS1CC,427A ,,R,D,O ,F ,T,N,C,50,0,0,0,,,1748329,5427525,-41.29009946,174.7714425
Wellington City,THE TERRACE,30,S, ,EVERTON TERRACE,2813416,11/09/08,Thu,35,MC,MS1C,140B 372B ,,R,D,DO,F , ,N,C,50,0,0,1,,,1748519,5428001,-41.28577888,174.7735945
Wellington City,THE TERRACE,, ,I,EVERTON TERRACE,2857269,25/10/08,Sat,1930,CA,MN1,135A 800 817 ,,R,W,TO,L ,T,T,N,50,0,0,0,,,1748531,5428029,-41.28552458,174.7737309
Wellington City,THE TERRACE,150,S, ,GHUZNEE ST,2853453,9/06/08,Mon,832,MO,XN1X,371A 930 ,,R,D,B ,F ,D,N,C,50,0,0,0,,,1748194,5427221,-41.29286132,174.769905
Wellington City,THE TERRACE,20,S, ,MACDONALD CRESCENT,2812097,23/04/08,Wed,1500,NB,CS1E,112A 713B 817 ,,R,D,B ,F , ,N,N,50,0,0,2,86,,1748296,5427452,-41.29076278,174.7710664
Wellington City,THE TERRACE,, ,I,MACDONALD CRESCENT,2811916,6/04/08,Sun,2,JA,SS1X,602A 301B 387B ,,R,W,DN,L ,T,S,C,50,0,1,0,,28,1748304,5427470,-41.29059925,174.7711575
Wellington City,THE TERRACE,, ,I,MACDONALD CRESCENT,2812950,12/02/08,Tue,818,JA,SS1C,301B ,,R,D,O ,F ,T,S,C,50,0,1,0,,53,1748304,5427470,-41.29059925,174.7711575
Wellington City,THE TERRACE,100,N, ,SALAMANCA ROAD,2812199,20/05/08,Tue,2045,CB,MN1CC,403A ,MM,R,D,DO,F , ,N,C,50,0,0,1,,,1748414,5427765,-41.28792301,174.7723987
Wellington City,THE TERRACE,50,S, ,SALAMANCA ROAD,2850577,30/01/08,Wed,1100,MO,CW1C,371A ,M,R,D,B ,F , ,N,C,50,0,0,0,,,1748365,5427623,-41.28921051,174.7718484
Wellington City,THE TERRACE,, ,I,SALAMANCA ROAD,2856164,18/10/08,Sat,1235,DA,4.00E+02,124A 351A 359A ,S,R,D,B ,F ,T,T,R,50,0,0,0,,,1748381,5427671,-41.2887754,174.7720277
Wellington City,THE TERRACE,, ,I,SALAMANCA ROAD,2853464,28/06/08,Sat,230,FE,CS1X,101A 181A ,,R,W,DO,L ,T,T,C,50,0,0,0,,,1748381,5427671,-41.2887754,174.7720277
Wellington City,THE TERRACE,50,N, ,TERRACE OFF SBD,2851592,28/02/08,Thu,1615,EE,BS1X,374B ,Q,R,D,B ,F , ,N,C,50,0,0,0,,,1748593,5428211,-41.28387454,174.7744266
Wellington City,THE TERRACE,100,N, ,TERRACE OFF SBD,2852222,28/03/08,Fri,2000,GD,MN1C,181A 402A 929 ,,R,D,DO,F ,D,N,C,50,0,0,0,,,1748606,5428253,-41.283494,174.7745715
Wellington City,THE TERRACE,, ,I,TERRACE OFF SBD,2855881,24/08/08,Sun,1020,MB,CS1C,176B 202B ,,R,W,O ,F ,T,T,R,50,0,0,0,,,1748577,5428164,-41.28430065,174.774247
Wellington City,THOMPSON ST,, ,I,HANKEY ST,2813077,27/09/08,Sat,23,DA,CS1,103A 410A ,CP,E,D,DO,F ,X,G,C,50,0,0,1,,,1748230,5426385,-41.3003816,174.7705384
Wellington City,THOMPSON ST,, ,I,HANKEY ST,2850686,23/01/08,Wed,950,BC,TN2C,122A 302A 375A ,,R,D,B ,F ,X,G,C,50,0,0,0,,,1748230,5426385,-41.3003816,174.7705384
Wellington City,THOMPSON ST,30,S, ,WEBB ST,2857188,25/11/08,Tue,840,MO,TN1C,385A ,,R,D,O ,F , ,N,N,50,0,0,0,,,1748344,5426699,-41.29753357,174.7718229
Wellington City,THORNDON QUAY,50,N, ,DAVIS ST,2811621,11/03/08,Tue,1705,MC,MN1C,372B ,,R,D,B ,F , ,N,L,50,0,0,1,,,1749367,5429288,-41.27403504,174.783401
Wellington City,THORNDON QUAY,100,N, ,DAVIS ST,2811670,7/02/08,Thu,1815,MA,SN14,372B ,,R,D,B ,F , ,N,C,50,0,0,1,,28,1749346,5429334,-41.27362476,174.7831391
Wellington City,THORNDON QUAY,150,N, ,DAVIS ST,2811665,26/02/08,Tue,830,GB,SS1V,372B ,,R,D,B ,F , ,N,C,50,0,0,1,,34,1749326,5429379,-41.2732233,174.7828894
Wellington City,THORNDON QUAY,210,N, ,DAVIS ST,2851388,4/02/08,Mon,1618,MO,CS1V,371B ,,R,D,O ,F , ,N,L,50,0,0,0,,,1749301,5429434,-41.27273274,174.7825775
Wellington City,THORNDON QUAY,370,N, ,DAVIS ST,2852218,9/05/08,Fri,830,MC,SS14,151A 372B ,,R,D,B ,F , ,N,L,50,0,0,0,,,1749243,5429583,-41.27140194,174.7818489
Wellington City,THORNDON QUAY,420,N, ,DAVIS ST,2812137,5/05/08,Mon,1220,MO,CN1C,332A ,,R,W,O ,L , ,N,C,50,0,0,1,,,1749226,5429630,-41.27098192,174.7816345
Wellington City,THORNDON QUAY,, ,I,DAVIS ST,2812064,20/02/08,Wed,745,KA,SN1C,309B ,,E,D,B ,F ,T,G,C,50,0,0,1,,57,1749388,5429243,-41.27443631,174.7836626
Wellington City,THORNDON QUAY,100,S, ,HUTT ROAD,2813498,26/09/08,Fri,900,JA,SS1C,102B 308B 375B 927 ,,R,D,O ,F ,D,N,C,50,0,0,1,,34,1749182,5429911,-41.26846008,174.7810406
Wellington City,THORNDON QUAY,20,N, ,MOORE ST,2812741,11/08/08,Mon,829,FC,SS1V,331A 353A ,,R,D,B ,F , ,N,X,50,0,0,1,,46,1749237,5429068,-41.27603982,174.7819034
Wellington City,THORNDON QUAY,40,S, ,MOORE ST,2813677,5/10/08,Sun,1104,JA,SS1C,204A 925 ,,R,D,O ,F ,D,N,C,50,0,0,1,,,1749189,5429033,-41.27636381,174.7813391
Wellington City,THORNDON QUAY,, ,I,MOORE ST,2812918,1/09/08,Mon,848,FC,MN1C,331A ,,E,D,B ,F ,T,N,X,50,0,0,1,,,1749219,5429060,-41.27611518,174.7816905
Wellington City,THORNDON QUAY,, ,I,MULGRAVE ST,2854357,23/03/08,Sun,1430,JA,CN1C,322B ,,R,D,B ,F ,T,T,R,50,0,0,0,,,1749083,5428834,-41.27817507,174.7801227
Wellington City,THORNDON QUAY,, ,I,MULGRAVE ST,2852119,31/03/08,Mon,1100,KB,CS1V,322B 355B ,,E,W,O ,L ,T,T,R,50,0,0,0,,,1749083,5428834,-41.27817507,174.7801227
Wellington City,THORNDON QUAY,100,S, ,SH 1N,2811972,3/04/08,Thu,1525,CA,PN1T,129A 132A 370A ,,R,D,B ,F , ,N,C,50,0,0,1,,,1749182,5429911,-41.26846008,174.7810406
Wellington City,THORNDON QUAY,120,S, ,TINAKORI ROAD,2853376,13/05/08,Tue,1407,QD,TN1C,428A ,MSX,R,D,B ,F , ,N,L,50,0,0,0,,,1749178,5429891,-41.26864088,174.7809978
Wellington City,THORNDON QUAY,150,S, ,TINAKORI ROAD,2852954,30/05/08,Fri,1556,MC,CS1V,372B ,,E,D,B ,F , ,N,C,50,0,0,0,,,1749174,5429862,-41.26890272,174.7809572
Wellington City,THORNDON QUAY,200,S, ,TINAKORI ROAD,2813384,17/10/08,Fri,1620,DA,PW1C,131A 402A ,M,R,D,O ,F , ,N,L,50,0,0,1,,,1749172,5429812,-41.26935327,174.7809455
Wellington City,THORNDON QUAY,700,S, ,TINAKORI ROAD,2857126,23/10/08,Thu,1000,MF,CS1V,110A 331A ,,R,W,O ,F , ,N,N,50,0,0,0,,,1749342,5429343,-41.27354447,174.7830891
Wellington City,THULE ST,, ,I,NORWAY ST,2853268,19/06/08,Thu,322,DC,CS2C,103A 113A ,M,R,D,DO,F ,T,N,N,50,0,0,0,,,1747410,5427314,-41.29216755,174.7605233
Wellington City,THURLEIGH GROVE,50,W, ,EPSOM WAY,2856115,30/08/08,Sat,1615,QD,VE1C,428A ,FMT,E,D,O ,F , ,N,N,50,0,0,0,,,1744038,5427743,-41.28891371,174.7201675
Wellington City,TINAKORI ROAD,50,N, ,BOWEN ST,2852921,16/05/08,Fri,1125,EA,CN1CC,129A 197A ,M,R,D,B ,F , ,N,C,50,0,0,0,,,1748201,5428817,-41.27849047,174.7696002
Wellington City,TINAKORI ROAD,60,N, ,BOWEN ST,2812094,9/05/08,Fri,1830,NA,CN1E,370A 715B ,,R,W,O ,H , ,N,C,50,0,0,1,54,,1748208,5428824,-41.27842616,174.769682
Wellington City,TINAKORI ROAD,100,N, ,BOWEN ST,2811663,20/02/08,Wed,1425,EE,CN1CE,385A 410A 721C ,Q,R,D,B ,F , ,N,C,50,0,0,1,43,,1748234,5428854,-41.27815128,174.769985
Wellington City,TINAKORI ROAD,15,S, ,GEORGE ST,2853774,16/05/08,Fri,930,FD,CN1C,181A 604B ,,R,D,O ,F , ,N,C,50,0,0,0,,,1748727,5429388,-41.27325279,174.7757386
Wellington City,TINAKORI ROAD,, ,I,GLENBERVIE TERRACE,2811981,27/05/08,Tue,1825,GC,MS1C,351A 372A 373A ,,R,W,DO,L ,T,N,C,50,0,0,1,,,1748324,5428951,-41.27726142,174.7710356
Wellington City,TINAKORI ROAD,, ,I,HARRIETT ST,2813484,24/10/08,Fri,1856,LB,CS1C,102A 303B 402B ,,R,W,O ,L ,X,T,P,50,0,0,1,,,1748452,5429090,-41.27598642,174.7725294
Wellington City,TINAKORI ROAD,, ,I,HARRIETT ST,2813427,8/10/08,Wed,750,NB,4N1E,377B 713B 718B ,,R,D,O ,F ,X,T,X,50,0,1,0,30,,1748452,5429090,-41.27598642,174.7725294
Wellington City,TINAKORI ROAD,, ,I,HARRIETT ST,2851958,27/03/08,Thu,1645,LB,CN1C,303B ,,R,D,B ,F ,X,T,C,50,0,0,0,,,1748452,5429090,-41.27598642,174.7725294
Wellington City,TINAKORI ROAD,20,N, ,HAWKESTONE ST,2812892,25/06/08,Wed,1730,NB,CN1E,306A ,,R,W,TF,HS, ,N,X,50,0,0,1,,,1748591,5429241,-41.27460133,174.7741515
Wellington City,TINAKORI ROAD,50,N, ,HAWKESTONE ST,2853760,12/05/08,Mon,2330,EA,CS1C,129A ,M,R,D,DO,F , ,N,C,50,0,0,0,,,1748612,5429263,-41.27439939,174.7743967
Wellington City,TINAKORI ROAD,150,S, ,PARK ST,2851671,14/04/08,Mon,2016,GD,CS1C,181A 930 ,,R,W,DO,F ,D,N,C,80,0,0,0,,,1748780,5429447,-41.27271182,174.7763567
Wellington City,TINAKORI ROAD,, ,I,ST MARY ST,2855284,29/05/08,Thu,750,GB,CN1C,172B 192B 356B ,,R,D,O ,F ,T,N,C,50,0,0,0,,,1748141,5428750,-41.27910471,174.7689004
Wellington City,TINAKORI ROAD,300,W, ,THORNDON QUAY,2850630,12/02/08,Tue,1710,EA,CN1C,386A 920 ,M,E,D,B ,F ,D,N,C,50,0,0,0,,,1749069,5429756,-41.26987647,174.7797301
Wellington City,TINAKORI ROAD,, ,I,TINAKORI OFF NBD,2853745,4/07/08,Fri,1949,CB,CS1C,322A 350A 402A ,I,R,W,DO,L ,X,T,R,50,0,0,0,,,1748452,5429090,-41.27598642,174.7725294
Wellington City,TINAKORI ROAD,, ,I,TORLESS TERRACE,2855800,29/10/08,Wed,1325,MC,XN1C,372B ,,R,D,O ,F ,T,N,C,50,0,0,0,,,1748505,5429147,-41.27546347,174.773148
Wellington City,TINAKORI ROAD,50,S, ,UPTON TERRACE,2812745,24/07/08,Thu,825,MC,SN1C,353B 373B 402B ,,R,D,O ,FS, ,N,C,50,0,0,1,,36,1748256,5428878,-41.27793116,174.7702418
Wellington City,TIO TIO ROAD,300,N, ,BROADWAY,2854400,4/08/08,Mon,2110,MO,VN1C,371A 929 ,M,M,D,DN,F ,D,N,N,50,0,0,0,,,1752732,5423696,-41.32375163,174.8249622
Wellington City,TIRANGI ROAD,20,S, ,GEORGE BOLT ST,2852804,11/05/08,Sun,1230,MO,CS1C,371A ,,R,D,B ,F , ,N,N,50,0,0,0,,,1750816,5423424,-41.32656117,174.8021467
Wellington City,TIRANGI ROAD,50,N, ,LONSDALE CRESCENT,2813639,3/10/08,Fri,915,MG,CN1V,112A 371B 832 844 ,,R,D,B ,F , ,N,N,50,0,0,1,,,1751001,5423915,-41.32210595,174.8042343
Wellington City,TIRANGI ROAD,30,N, ,MCGREGOR ST,2855878,9/07/08,Wed,1110,GD,CN1C,331A 927 ,,R,D,B ,F ,D,N,C,50,0,0,0,,,1750799,5423373,-41.32702352,174.8019563
Wellington City,TIRANGI ROAD,, ,I,MCGREGOR ST,2811515,26/02/08,Tue,1916,CC,CN1,504A ,HS,R,D,TF,F ,T,S,P,50,0,0,1,,,1750790,5423344,-41.3272863,174.801856
Wellington City,TODMAN ST,100,S, ,CHARLOTTE AVENUE,2855293,18/07/08,Fri,2306,EA,CN1C,129A ,M,R,W,DO,L , ,N,N,50,0,0,0,,,1747445,5425725,-41.30646772,174.7613261
Wellington City,TORY ST,40,S, ,COLLEGE ST,2855320,5/03/08,Wed,1405,EA,CS1C,129A ,M,R,D,B ,F , ,N,C,50,0,0,0,,,1748999,5426832,-41.29621545,174.77961
Wellington City,TORY ST,50,N, ,COURTENAY PLACE,2855363,19/10/08,Sun,1230,MA,CS1C,373B 671B ,,R,D,O ,F , ,N,C,50,0,0,0,,,1749158,5427184,-41.29301688,174.781422
Wellington City,TORY ST,100,N, ,COURTENAY PLACE,2856117,6/10/08,Mon,1620,EA,VN1V,129A ,M,R,D,B ,F , ,N,C,50,0,0,0,,,1749180,5427229,-41.29260766,174.7816736
Wellington City,TORY ST,15,S, ,COURTENAY PLACE,2856141,24/08/08,Sun,1640,MG,CN1C,371B ,,R,W,TF,H ,X,T,C,50,0,0,0,,,1749130,5427125,-41.29355326,174.7811022
Wellington City,TORY ST,20,S, ,COURTENAY PLACE,2853440,29/06/08,Sun,200,EE,CN1C,374B ,M,R,W,DO,H , ,N,C,50,0,0,0,,,1749128,5427121,-41.29358964,174.7810793
Wellington City,TORY ST,20,S, ,COURTENAY PLACE,2851902,28/01/08,Mon,1900,EE,CN1C,374B ,Q,R,D,O ,F , ,N,C,50,0,0,0,,,1749128,5427121,-41.29358964,174.7810793
Wellington City,TORY ST,50,S, ,COURTENAY PLACE,2813626,3/10/08,Fri,1450,PA,XS1E,129A 721B ,,R,D,B ,F , ,N,C,50,0,0,1,25,,1749115,5427093,-41.29384414,174.7809309
Wellington City,TORY ST,, ,I,COURTENAY PLACE,2852800,10/05/08,Sat,1300,MO,CN1X,371A ,,R,W,O ,L ,X,T,C,50,0,0,0,,,1749136,5427139,-41.2934261,174.7811704
Wellington City,TORY ST,, ,I,COURTENAY PLACE,2812949,6/09/08,Sat,2200,GD,CS1X,331A 387A ,,R,D,DO,F ,X,T,C,50,0,0,1,,,1749136,5427139,-41.2934261,174.7811704
Wellington City,TORY ST,, ,I,FORRESTERS LANE,2851858,20/03/08,Thu,1412,MO,CN1T,204A 386A ,,R,D,B ,F ,T,N,C,50,0,0,0,,,1749114,5427091,-41.29386233,174.7809195
Wellington City,TORY ST,60,S, ,FRANCIS PLACE,2857006,6/11/08,Thu,920,GB,CS14,142B 372B 927 ,,R,D,B ,F , ,N,C,50,0,0,0,,,1748910,5426635,-41.29800555,174.7785957
Wellington City,TORY ST,, ,I,HAINING ST,2812195,13/05/08,Tue,1510,LB,MN1C,534A 602A 303B 375B ,,R,D,B ,F ,T,N,C,50,0,0,1,,,1748951,5426726,-41.29717868,174.7790629
Wellington City,TORY ST,, ,I,HOLLAND ST,2853358,12/06/08,Thu,1703,EE,CS1X,374B ,Q,R,D,DO,F ,T,N,C,50,0,0,0,,,1749090,5427034,-41.29437996,174.7806469
Wellington City,TORY ST,, ,I,JESSIE ST,2856134,28/08/08,Thu,1820,HA,CS1C,300B ,,R,D,TO,F ,T,N,C,50,0,0,0,,,1749020,5426880,-41.29577941,174.779849
Wellington City,TORY ST,15,S, ,LORNE ST,2853350,11/06/08,Wed,843,EA,TS14CC,129A 386A ,MM,R,D,B ,F , ,N,C,50,0,0,0,,,1749042,5426930,-41.29532518,174.7800994
Wellington City,TORY ST,, ,I,LORNE ST,2857007,26/12/08,Fri,1100,JA,4S14,302B 410B ,,R,D,B ,F ,X,G,C,50,0,0,0,,,1749048,5426943,-41.29520703,174.7801678
Wellington City,TORY ST,, ,I,TASMAN ST,2811518,5/03/08,Wed,1645,FB,VS1C,331A ,,R,D,B ,F ,X,N,C,50,0,0,1,,,1748879,5426552,-41.29875856,174.7782459
Wellington City,TORY ST,, ,I,TENNYSON ST,2850682,14/02/08,Thu,1707,EA,CS1X,386A 446B ,Q,R,D,O ,F ,T,G,C,50,0,0,0,,,1749076,5427003,-41.29466165,174.7804874
Wellington City,TORY ST,50,N, ,WAKEFIELD ST,2856635,11/12/08,Thu,1415,EA,TN1C,112A 129A ,MX,R,D,B ,F , ,N,N,50,0,0,0,,,1749226,5427325,-41.29173483,174.7821992
Wellington City,TORY ST,, ,I,WAKEFIELD ST,2811239,1/02/08,Fri,1455,LB,MN14,303B ,,R,D,B ,F ,X,T,C,50,0,0,1,,,1749204,5427279,-41.29215306,174.7819478
Wellington City,TORY ST,, ,I,WAKEFIELD ST,2850501,16/01/08,Wed,1700,FE,4N1C,181A ,,R,D,O ,F ,X,T,N,50,0,0,0,,,1749204,5427279,-41.29215306,174.7819478
Wellington City,TOTARA ROAD,80,W, ,NEVAY ROAD,2811786,9/03/08,Sun,330,DB,CE1,131A 400A ,C,S,D,DO,F , ,N,C,50,0,0,1,,,1753072,5425947,-41.30342107,174.8284562
Wellington City,TROY ST,, ,I,SH 1N,2852370,14/04/08,Mon,1617,FB,CN1C,331A 353A ,,M,D,O ,F ,R,G,R,70,0,0,0,,,1750900,5424414,-41.31763222,174.8029042
Wellington City,TRUSCOTT AVENUE,, ,I,ELLIOTT ST,2851733,2/02/08,Sat,2208,EA,CE1C,136A 660A ,MS,E,D,DO,F ,T,N,C,50,0,0,0,,,1750343,5434443,-41.22744134,174.7937783
Wellington City,UPLAND ROAD,, ,I,BOUNDARY ROAD,2812734,12/08/08,Tue,2125,NB,CN1E,505B 506B ,,E,W,DO,L ,T,N,C,50,0,0,1,18,,1747436,5427884,-41.28703079,174.7606957
Wellington City,UPLAND ROAD,50,N, ,GLASGOW ST,2855864,26/03/08,Wed,1000,MO,CN1C,386A ,M,R,D,O ,F , ,N,C,50,0,0,0,,,1747903,5427905,-41.2867563,174.766265
Wellington City,UPLAND ROAD,200,E, ,GLENMORE ST,2851053,8/03/08,Sat,3,CB,CW1,102A 136A 631A ,F,R,D,DO,F , ,N,C,50,0,0,0,,,1747338,5427972,-41.28625637,174.7595046
Wellington City,UPLAND ROAD,50,N, ,KELBURN VIADUCT,2852213,10/03/08,Mon,1140,EA,TW1C,386A ,Q,E,D,B ,F , ,N,C,50,0,0,0,,,1747288,5427928,-41.28666165,174.7589184
Wellington City,UPLAND ROAD,30,N, ,KOWHAI ROAD,2856511,10/12/08,Wed,1503,EA,CN1C,129A ,Q,R,D,O ,F , ,N,C,50,0,0,0,,,1747458,5427840,-41.28742293,174.7609689
Wellington City,UPLAND ROAD,80,E, ,PLUNKET ST,2813643,11/11/08,Tue,1229,MO,VW1S,421A 434A ,,E,D,O ,F , ,N,R,50,0,0,1,,51,1747571,5427634,-41.289257,174.7623677
Wellington City,UPLAND ROAD,, ,I,PLUNKET ST,2812005,9/04/08,Wed,2249,FD,CW1C,181A ,,R,D,DO,F ,T,G,C,50,0,0,1,,,1747520,5427696,-41.28870811,174.7617439
Wellington City,UPLAND ROAD,50,E, ,ST MICHAELS CRESCENT,2855882,15/09/08,Mon,1055,MO,CW1P,385A ,M,R,D,O ,F , ,N,R,50,0,0,0,,,1747698,5427641,-41.28917075,174.763882
Wellington City,UPLAND ROAD,80,W, ,ST MICHAELS CRESCENT,2856843,22/12/08,Mon,1630,MO,CW1C,423A 507A ,M,R,D,B ,F , ,N,P,50,0,0,0,,,1747570,5427635,-41.28924818,174.7623555
Wellington City,VASANTA AVENUE,150,E, ,GAYA GROVE,2853764,24/07/08,Thu,800,BC,CN1V,121A ,,M,W,O ,L , ,N,N,50,0,0,0,,,1748784,5432929,-41.2413609,174.775555
Wellington City,VICTORIA ST,15,N, ,ABEL SMITH ST,2811463,9/02/08,Sat,1252,NB,CS1E,712B 713B 714B ,,R,D,O ,F ,X,T,P,50,0,0,1,13,,1748371,5426930,-41.29544881,174.7720889
Wellington City,VICTORIA ST,, ,I,ABEL SMITH ST,2853474,21/04/08,Mon,1510,FD,CS1C,331A 191B 359B ,,R,D,B ,F ,X,T,C,50,0,0,0,,,1748365,5426917,-41.29556695,174.7720204
Wellington City,VICTORIA ST,, ,I,BOND ST,2856636,14/12/08,Sun,1145,GC,CS1C,171B 372B ,,R,D,B ,F ,X,G,N,50,0,0,0,,,1748711,5427594,-41.28940795,174.7759857
Wellington City,VICTORIA ST,, ,I,BOND ST,2851656,22/02/08,Fri,1130,GC,CS1C,171B 372B ,,R,D,B ,F ,X,G,C,50,0,0,0,,,1748711,5427594,-41.28940795,174.7759857
Wellington City,VICTORIA ST,10,N, ,DIXON ST,2856395,16/11/08,Sun,145,MO,XS1X,371A ,,R,D,DO,F ,X,T,P,50,0,0,0,,,1748649,5427393,-41.29122906,174.7752947
Wellington City,VICTORIA ST,50,S, ,DIXON ST,2857008,23/12/08,Tue,1555,EA,TN14,129A ,M,R,D,B ,F , ,N,C,50,0,0,0,,,1748611,5427346,-41.29165922,174.7748525
Wellington City,VICTORIA ST,, ,I,DIXON ST,2812720,23/06/08,Mon,1740,AC,BS1S,183A ,,R,W,DO,L ,X,T,C,50,0,0,1,,36,1748643,5427385,-41.29130219,174.775225
Wellington City,VICTORIA ST,20,N, ,GHUZNEE ST,2852242,23/04/08,Wed,2058,AA,CS1C,170A 852 ,,R,D,DO,F , ,N,L,50,0,0,0,,,1748544,5427249,-41.29254488,174.7740764
Wellington City,VICTORIA ST,40,N, ,GHUZNEE ST,2853021,29/03/08,Sat,1230,MO,CN1C,387A 371B 927 ,,R,W,O ,L ,D,N,C,50,0,0,0,,,1748555,5427266,-41.2923898,174.7742035
Wellington City,VICTORIA ST,50,N, ,GHUZNEE ST,2853879,9/07/08,Wed,1600,MO,VS1X,386A ,M,E,D,O ,F , ,N,N,50,0,0,0,,,1748560,5427274,-41.29231685,174.7742613
Wellington City,VICTORIA ST,50,N, ,GHUZNEE ST,2852397,14/03/08,Fri,1330,MC,VS1C,102B 140B 372B ,,R,D,B ,F , ,N,C,50,0,0,0,,,1748560,5427274,-41.29231685,174.7742613
Wellington City,VICTORIA ST,, ,I,GHUZNEE ST,2854391,22/06/08,Sun,1235,FE,4S1C,181A ,,R,D,O ,F ,X,T,C,50,0,0,0,,,1748533,5427232,-41.29269997,174.7739492
Wellington City,VICTORIA ST,, ,I,GHUZNEE ST,2852117,30/03/08,Sun,1400,KC,CW2C,176A 372A ,,R,W,O ,L ,X,T,C,50,0,0,0,,,1748533,5427232,-41.29269997,174.7739492
Wellington City,VICTORIA ST,, ,I,GHUZNEE ST,2854686,25/08/08,Mon,2155,GB,XE1C,172B ,,R,D,DO,F ,X,T,C,50,0,0,0,,,1748533,5427232,-41.29269997,174.7739492
Wellington City,VICTORIA ST,30,S, ,HARRIS ST,2856132,1/09/08,Mon,1320,MA,CS1C,373B ,,R,D,B ,F , ,N,C,50,0,0,0,,,1748750,5427758,-41.2879242,174.7764112
Wellington City,VICTORIA ST,, ,I,HUNTER ST,2853476,17/04/08,Thu,1000,DA,CE2C,122A ,M,E,W,DO,L ,T,N,C,50,0,0,0,,,1748850,5427984,-41.28587099,174.7775496
Wellington City,VICTORIA ST,40,S, ,KARO DRIVE,2854396,29/07/08,Tue,631,AA,TS1X,372A 671A ,,R,W,DO,F , ,N,C,50,0,0,0,,,1748322,5426826,-41.29639417,174.7715293
Wellington City,VICTORIA ST,, ,I,MANNERS ST,2856902,11/11/08,Tue,1013,KC,BN1C,176B ,,R,D,O ,F ,X,T,R,50,0,0,0,,,1748686,5427489,-41.29035791,174.7757129
Wellington City,VICTORIA ST,, ,I,MANNERS ST,2853664,26/05/08,Mon,1006,AC,VN1B,159A ,,R,W,O ,L ,X,T,C,50,0,0,0,,,1748686,5427488,-41.29036692,174.7757131
Wellington City,VICTORIA ST,, ,I,MANNERS ST,2812063,19/02/08,Tue,1615,ND,CS1E,718B ,,M,D,B ,F ,X,T,R,50,0,0,1,,,1748686,5427488,-41.29036692,174.7757131
Wellington City,VICTORIA ST,, ,I,MANNERS ST,2856356,17/10/08,Fri,1838,KC,CN1C,176B ,,E,D,B ,F ,X,T,R,50,0,0,0,,,1748686,5427489,-41.29035791,174.7757129
Wellington City,VICTORIA ST,, ,I,MANNERS ST,2813792,8/12/08,Mon,802,EE,SS1C,158A 525B ,Q,R,D,O ,F ,X,T,R,50,0,0,1,,20,1748686,5427488,-41.29036692,174.7757131
Wellington City,VICTORIA ST,, ,I,MERCER ST,2852096,7/03/08,Fri,2050,FE,CS1C,386A 402A ,,R,D,DO,F ,T,T,C,50,0,0,0,,,1748724,5427694,-41.28850521,174.7761164
Wellington City,VICTORIA ST,, ,I,MERCER ST,2854082,12/07/08,Sat,14,EO,CE2C,101A 386A 410A 370B ,S,E,W,DO,HS,T,T,C,50,0,0,0,,,1748724,5427694,-41.28850521,174.7761164
Wellington City,VICTORIA ST,20,S, ,VIVIAN ST,2813679,28/10/08,Tue,1810,AO,VS1S,183A ,,R,D,O ,F , ,N,C,50,0,0,1,,24,1748434,5427055,-41.29431179,174.7728105
Wellington City,VICTORIA ST,, ,I,WAKEFIELD ST,2853471,12/04/08,Sat,1314,AC,CS1C,372A ,,E,D,B ,F ,T,T,R,50,0,0,0,,,1748725,5427666,-41.28875712,174.7761352
Wellington City,VICTORIA ST,10,N, ,WILLESTON ST,2854320,14/08/08,Thu,1355,MA,CS1C,373B ,,R,D,B ,F ,X,T,C,50,0,0,0,,,1748812,5427899,-41.28664328,174.7771168
Wellington City,VICTORY AVENUE,, ,I,TOBRUK ST,2811673,4/04/08,Fri,851,BF,SW1L,111A 132A ,,M,D,O ,F ,Y,N,C,50,0,1,0,,11,1744778,5428568,-41.2813533,174.7288049
Wellington City,VICTORY CRESCENT,50,S, ,DAVIDSON CRESCENT,2853029,5/06/08,Thu,1850,DA,CN1,111A 430A ,FP,R,D,O ,F , ,N,C,50,0,0,0,,,1752957,5441552,-41.16294648,174.8231742