TLA NAME,CRASH ROAD,CRASH DIST,CRASH DIRN,INTSN,SIDE ROAD,CRASH ID,CRASH DATE,CRASH DOW,CRASH TIME,MVMT,VEHICLES,CAUSES,OBJECTS STRUCK,ROAD CURVE,ROAD WET,LIGHT,WTHRa,JUNC TYPE,TRAF CTRL,ROAD MARK,SPD LIM,CRASH FATAL CNT,CRASH SEV CNT,CRASH MIN CNT,PERS AGE1,PERS AGE2,EASTING,NORTHING,latitude,longitude
Wellington City,VICTORY CRESCENT,200,S, ,WAKEFIELD TERRACE,2853535,3/07/08,Thu,310,MA,CN1C,386A ,,M,D,O ,L , ,P,C,50,0,0,0,,,1752997,5441317,-41.16505473,174.8237094
Wellington City,VIEW ROAD,, ,I,HOUGHTON BAY ROAD,2852062,8/04/08,Tue,840,DB,CS2,101A 111A ,FT,E,D,O ,F ,T,G,N,50,0,0,0,,,1749645,5422742,-41.33291964,174.7883286
Wellington City,VOLGA ST,100,S, ,HUDSON ST,2853242,30/05/08,Fri,2300,DB,CN1,101A ,F,E,D,DF,F , ,N,N,50,0,0,0,,,1748786,5422608,-41.33428511,174.7781007
Wellington City,VOLGA ST,200,S, ,MOUNT ALBERT ROAD,2856437,6/11/08,Thu,902,BF,CS1C,111A ,,S,D,B ,F , ,N,N,50,0,0,0,,,1749042,5423070,-41.33007826,174.7810453
Wellington City,WADESTOWN ROAD,20,E, ,MARQUIS ST,2854132,26/06/08,Thu,928,CB,TW1CC,137A 386C ,M,R,D,B ,F , ,N,C,50,0,0,0,,,1748519,5430689,-41.26157751,174.7729394
Wellington City,WADESTOWN ROAD,200,S, ,ORCHARD ST,2850756,19/02/08,Tue,1715,EA,CS1C,353B 370B ,M,R,D,B ,F , ,N,N,50,0,0,0,,,1748919,5430066,-41.26711306,174.7778643
Wellington City,WADESTOWN ROAD,300,S, ,ORCHARD ST,2813134,15/08/08,Fri,1200,BC,CS1C,110A 121A ,,E,W,O ,L , ,N,C,50,0,0,1,,,1748907,5429993,-41.26777253,174.777739
Wellington City,WADESTOWN ROAD,, ,I,PITT ST,2856473,8/11/08,Sat,1515,DA,CE1C,131A ,M,R,D,B ,F ,M,G,C,50,0,0,0,,,1748749,5430672,-41.26168826,174.7756879
Wellington City,WADESTOWN ROAD,250,N, ,SEFTON ST,2813115,14/09/08,Sun,200,DB,CN1,103A 111A ,EGT,M,D,DO,F , ,N,C,50,0,0,3,,,1748860,5430454,-41.26363058,174.7770655
Wellington City,WAIKATO ST,, ,I,TAMAR ST,2851575,30/01/08,Wed,1430,MG,VW2X,371B ,,R,D,B ,F ,T,N,N,50,0,0,0,,,1748345,5422956,-41.33123321,174.7727479
Wellington City,WAIKOWHAI ST,300,N, ,SILVERSTREAM ROAD,2812597,21/07/08,Mon,1522,GD,CN1V,181A 929 ,,R,D,B ,F ,D,N,C,50,0,0,3,,,1748329,5431622,-41.25321212,174.7704454
Wellington City,WAIPAPA ROAD,150,N, ,WAITOA ROAD,2857294,11/08/08,Mon,1230,EC,CS1,341A ,X,M,W,O ,L , ,N,C,50,0,0,0,,,1750435,5425984,-41.3035839,174.7969629
Wellington City,WAIWERA CRESCENT,50,E, ,AKAROA DRIVE,2857314,21/11/08,Fri,2040,MO,CW1C,371A ,M,E,D,TO,F , ,N,N,50,0,0,0,,,1752146,5425408,-41.30844894,174.8175352
Wellington City,WAKEFIELD ST,, ,I,BARNETT ST,2811908,10/04/08,Thu,2037,AO,CE1P,129A 355A ,,R,D,DO,F ,T,T,R,50,0,0,1,,,1749204,5427279,-41.29215306,174.7819478
Wellington City,WAKEFIELD ST,, ,I,BLAIR ST,2852887,21/05/08,Wed,1253,FE,CW1C,423A 504A ,,R,D,B ,F ,T,T,X,50,0,0,0,,,1749336,5427217,-41.29268686,174.7835388
Wellington City,WAKEFIELD ST,20,W, ,CHAFFERS ST,2853793,11/07/08,Fri,2222,GC,XW1C,171B 372B ,,R,W,DO,H , ,N,C,50,0,0,0,,,1749301,5427234,-41.29254027,174.7831168
Wellington City,WAKEFIELD ST,, ,I,CHAFFERS ST,2855439,12/10/08,Sun,1047,KO,4W1C,386B ,,R,D,B ,F ,T,S,C,50,0,0,0,,,1749319,5427226,-41.29260897,174.7833336
Wellington City,WAKEFIELD ST,, ,I,CHAFFERS ST,2854027,31/07/08,Thu,717,JO,CS2C,200A 301A 386A ,,R,W,O ,H ,T,S,C,50,0,0,0,,,1749319,5427226,-41.29260897,174.7833336
Wellington City,WAKEFIELD ST,20,W, ,CUBA ST,2856370,28/06/08,Sat,2345,FD,CE1C,181A ,,R,W,DO,L ,T,T,C,50,0,0,0,,,1748827,5427542,-41.28985475,174.7773831
Wellington City,WAKEFIELD ST,, ,I,CUBA ST,2850238,19/01/08,Sat,1505,AC,CE1M,372A 671A ,,R,D,B ,F ,T,T,C,50,0,0,0,,,1748841,5427528,-41.28997822,174.7775536
Wellington City,WAKEFIELD ST,10,E, ,TARANAKI ST,2812743,10/08/08,Sun,1245,AC,CW1S,372A ,,R,D,B ,F ,X,T,C,50,0,0,1,,27,1749021,5427385,-41.2912325,174.7797373
Wellington City,WAKEFIELD ST,100,E, ,TARANAKI ST,2854978,7/09/08,Sun,55,AC,CW1C,434A ,P,E,D,DO,F , ,N,C,50,0,0,0,,,1749092,5427330,-41.29171458,174.7805983
Wellington City,WAKEFIELD ST,20,W, ,TARANAKI ST,2813941,9/12/08,Tue,1832,NB,CW1E,713B ,,R,D,O ,F , ,N,L,50,0,1,0,25,,1748997,5427403,-41.29107487,174.7794464
Wellington City,WAKEFIELD ST,100,W, ,TARANAKI ST,2854600,22/07/08,Tue,1805,GD,4E1C,181A 926 ,,R,W,DO,L ,D,N,C,50,0,0,0,,,1748934,5427453,-41.29063632,174.7786821
Wellington City,WAKEFIELD ST,, ,I,TARANAKI ST,2852162,3/04/08,Thu,1545,FE,CW1M,181A 350A ,,E,D,B ,F ,M,T,C,50,0,0,0,,,1749013,5427391,-41.29117995,174.7796403
Wellington City,WAKEFIELD ST,, ,I,TARANAKI ST,2855545,5/10/08,Sun,30,GF,4W1T,172A 353A 387A ,,E,D,DO,F ,M,T,N,50,0,0,0,,,1749013,5427391,-41.29117995,174.7796403
Wellington City,WAKEFIELD ST,50,W, ,TORY ST,2856378,24/07/08,Thu,905,AC,BW1X,385A ,,R,D,O ,FS, ,N,N,50,0,0,0,,,1749158,5427299,-41.29198149,174.7813938
Wellington City,WAKEFIELD ST,, ,I,TORY ST,2857422,12/11/08,Wed,1948,FE,CW1C,387A ,,R,D,B ,F ,X,T,C,50,0,0,0,,,1749204,5427279,-41.29215306,174.7819478
Wellington City,WAKEFIELD ST,, ,I,TORY ST,2813649,28/11/08,Fri,24,FE,4W1C,359A 387A ,,R,D,DO,F ,X,T,C,50,0,0,2,,,1749204,5427279,-41.29215306,174.7819478
Wellington City,WAKEFIELD ST,20,E, ,VICTORIA ST,2812742,11/08/08,Mon,1248,NA,XW1E,306A 351A ,,R,D,O ,F , ,N,X,50,0,1,0,40,,1748734,5427649,-41.28890852,174.7762468
Wellington City,WALLACE ST,20,N, ,ACCESSWAY,2813432,11/09/08,Thu,1610,GE,MN1C,155A 333A 929 ,,R,D,O ,F ,D,N,L,50,0,0,1,,,1748599,5425919,-41.30450934,174.7750577
Wellington City,WALLACE ST,20,S, ,BIDWILL ST,2851322,7/03/08,Fri,1021,FD,CN1C,181A 191B ,,R,D,B ,F , ,N,P,50,0,0,0,,,1748528,5426209,-41.30191141,174.7741392
Wellington City,WALLACE ST,, ,I,BIDWILL ST,2854401,3/06/08,Tue,1900,FD,CS1C,181A 930 ,,R,D,B ,F ,T,T,C,50,0,0,0,,,1748521,5426228,-41.30174164,174.7740509
Wellington City,WALLACE ST,20,N, ,FINLAY TERRACE,2855339,19/09/08,Fri,1723,FF,CS1VC,181A 191B ,,E,D,O ,F , ,N,L,50,0,0,0,,,1748586,5426009,-41.30370142,174.7748805
Wellington City,WALLACE ST,30,S, ,FINLAY TERRACE,2853338,9/05/08,Fri,1050,FD,CN1C,181A ,,R,W,DO,F , ,N,C,50,0,0,0,,,1748594,5425959,-41.30415012,174.7749882
Wellington City,WALLACE ST,50,S, ,FINLAY TERRACE,2812001,9/05/08,Fri,1815,NB,CN1EC,370A 711B ,M,R,W,DO,H , ,N,C,50,0,0,1,18,,1748597,5425940,-41.30432063,174.7750287
Wellington City,WALLACE ST,20,N, ,HARGREAVES ST,2851479,1/03/08,Sat,1908,FC,CS1C,181A 387A ,,R,W,O ,H , ,N,X,50,0,0,0,,,1748578,5426066,-41.3031897,174.774771
Wellington City,WALLACE ST,30,N, ,HARGREAVES ST,2812632,30/07/08,Wed,1809,FC,MN1C,331A 350A 191B ,,E,W,DO,L , ,N,X,50,0,0,1,,,1748576,5426075,-41.30310904,174.774745
Wellington City,WALLACE ST,50,N, ,HARGREAVES ST,2813764,18/08/08,Mon,1530,JA,SS1C,308B 351B 926 ,,R,D,B ,F ,D,N,C,50,0,0,1,,13,1748571,5426095,-41.30292989,174.7746804
Wellington City,WALLACE ST,15,S, ,HARGREAVES ST,2812447,15/06/08,Sun,2245,FC,CS1C,181A ,,R,D,DO,F , ,N,X,50,0,0,1,,,1748583,5426031,-41.3035039,174.7748393
Wellington City,WALLACE ST,, ,I,HARGREAVES ST,2854844,1/08/08,Fri,1410,GB,VS1X,387A 175B 352B 930 ,,R,D,O ,F ,D,G,X,50,0,0,0,,,1748581,5426046,-41.30336922,174.7748117
Wellington City,WALLACE ST,, ,I,HOWARD ST,2855700,6/09/08,Sat,900,JA,CS1C,301B ,,R,W,O ,L ,T,S,C,50,0,0,0,,,1748600,5425868,-41.30496833,174.7750821
Wellington City,WALLACE ST,150,N, ,JOHN ST,2851567,14/01/08,Mon,1700,FD,BN1VC,331A ,,R,D,B ,F , ,N,C,50,0,0,0,,,1748600,5425650,-41.30693107,174.7751353
Wellington City,WALLACE ST,15,N, ,ROLLESTON ST,2856396,29/11/08,Sat,1945,MA,VS1C,373B ,,R,D,O ,F ,T,N,C,50,0,0,0,,,1748552,5426152,-41.30242019,174.7744396
Wellington City,WALLACE ST,30,N, ,ROLLESTON ST,2853213,21/04/08,Mon,910,EA,CN1C,386A ,M,R,D,O ,F , ,N,C,50,0,0,0,,,1748546,5426166,-41.30229525,174.7743646
Wellington City,WALLACE ST,10,S, ,ROLLESTON ST,2856049,13/06/08,Fri,345,DA,CS1,103A 410A ,FJ,M,W,DO,L ,T,N,C,50,0,0,0,,,1748560,5426128,-41.3026348,174.774541
Wellington City,WALLACE ST,20,S, ,ROLLESTON ST,2813202,29/08/08,Fri,1935,FC,CS1CC,132A 181A ,,R,D,TO,F , ,N,X,50,0,0,1,,,1748563,5426119,-41.30271528,174.774579
Wellington City,WALLACE ST,20,S, ,ROLLESTON ST,2812183,8/05/08,Thu,753,FD,CS1C,331A 352A ,,R,D,B ,F , ,N,C,50,0,0,1,,,1748563,5426119,-41.30271528,174.774579
Wellington City,WALLACE ST,50,S, ,ROLLESTON ST,2813537,31/10/08,Fri,1615,FD,VS1C,112A 181A ,,R,D,B ,F , ,N,X,50,0,0,1,,,1748573,5426090,-41.30297454,174.7747055
Wellington City,WALLACE ST,50,S, ,ROLLESTON ST,2855462,22/09/08,Mon,1105,FC,CS1C,181A ,,R,D,B ,F , ,N,X,50,0,0,0,,,1748573,5426090,-41.30297454,174.7747055
Wellington City,WALLACE ST,, ,I,TASMAN ST,2854612,10/08/08,Sun,1554,GB,CE1C,181A ,,R,D,O ,F ,T,G,C,50,0,0,0,,,1748696,5425620,-41.30718349,174.7762889
Wellington City,WALLACE ST,10,E, ,WALLACE ST SLIP,2853661,30/06/08,Mon,705,FA,CW1C,331A ,,E,D,O ,F ,T,N,L,50,0,0,0,,,1748607,5425602,-41.30736195,174.7752306
Wellington City,WARING TAYLOR ST,, ,I,FEATHERSTON ST,2853470,20/04/08,Sun,1350,MG,CW14,371B ,,R,D,O ,F ,X,T,N,50,0,0,0,,,1748858,5428378,-41.28232215,174.7775488
Wellington City,WARING TAYLOR ST,15,E, ,LAMBTON QUAY,2856120,15/08/08,Fri,1515,MO,XW1X,371A ,,R,D,O ,F ,Y,G,P,50,0,0,0,,,1748748,5428428,-41.28189225,174.7762236
Wellington City,WARING TAYLOR ST,10,W, ,MAGINNITY ST,2851556,12/03/08,Wed,1430,MF,CW1C,371B ,,R,D,B ,F ,T,N,N,50,0,0,0,,,1748786,5428411,-41.28203831,174.7766814
Wellington City,WARU ST,, ,I,WHITU ST,2854318,6/08/08,Wed,1454,CB,4S1C,137A 375B 839 ,ST,R,D,B ,F ,T,G,C,50,0,0,0,,,1749781,5431572,-41.25339454,174.7877806
Wellington City,WASHINGTON AVENUE,, ,I,CLEVELAND ST,2854393,10/07/08,Thu,1400,BA,4N1C,120A 410A ,,R,D,B ,F ,T,S,C,50,0,0,0,,,1747900,5425859,-41.30517798,174.7667263
Wellington City,WASHINGTON AVENUE,100,N, ,CONNAUGHT TERRACE,2851647,30/03/08,Sun,500,DA,CS14C,103A ,M,E,D,DO,F , ,N,C,50,0,0,0,,,1747835,5425460,-41.30878227,174.7660472
Wellington City,WASHINGTON AVENUE,, ,I,DORKING ROAD,2856763,22/12/08,Mon,202,DB,CS1,103A 131A ,P,R,D,DO,F ,T,N,C,50,0,0,0,,,1747902,5425714,-41.30648311,174.7667854
Wellington City,WASHINGTON AVENUE,20,N, ,GARFIELD ST,2850624,11/02/08,Mon,900,MO,BS1C,351B 371B ,,R,W,O ,F , ,N,C,50,0,0,0,,,1747899,5425644,-41.30711391,174.7667666
Wellington City,WATERLOO QUAY,100,S, ,AOTEA QUAY,2850683,15/02/08,Fri,1739,FD,4N1V4,181A ,,R,W,O ,L , ,N,C,50,0,0,0,,,1749616,5429256,-41.27427706,174.7863804
Wellington City,WATERLOO QUAY,30,N, ,BUNNY ST,2852655,17/02/08,Sun,815,AO,CS1X,129A ,,R,D,B ,F , ,N,L,50,0,0,0,,,1749121,5428627,-41.28003177,174.7806269
Wellington City,WATERLOO QUAY,300,N, ,BUNNY ST,2853475,15/04/08,Tue,1000,AC,TN1C,372A 137B ,,R,D,B ,F , ,N,C,50,0,0,0,,,1749288,5428839,-41.27809219,174.7825682
Wellington City,WATERLOO QUAY,, ,I,BUNNY ST,2812490,8/07/08,Tue,1715,HA,CW24,322B 353B ,,R,D,TF,F ,T,T,R,50,0,0,1,,,1749102,5428604,-41.28024236,174.7804058
Wellington City,WATERLOO QUAY,, ,I,BUNNY ST,2853333,19/03/08,Wed,1840,AC,TN1C,176A 928 ,,R,D,B ,F ,D,T,C,50,0,0,0,,,1749102,5428604,-41.28024236,174.7804058
Wellington City,WATERLOO QUAY,90,S, ,CORNWELL ST,2811927,31/03/08,Mon,851,FD,CS14V,135A 801 ,,R,W,O ,L , ,N,L,50,0,0,1,,,1749524,5429139,-41.2753475,174.7853112
Wellington City,WATERLOO QUAY,100,N, ,HINEMOA ST,2853880,10/07/08,Thu,1800,FD,CN1CC,331A 351A ,,R,D,DO,F , ,N,C,50,0,0,0,,,1749471,5429073,-41.27595154,174.7846948
Wellington City,WATERLOO QUAY,, ,I,HINEMOA ST,2857421,25/07/08,Fri,1830,EC,CN1,103A ,IS,R,D,DO,F ,T,T,R,50,0,0,0,,,1749409,5428994,-41.27667428,174.7839743
Wellington City,WATERLOO QUAY,, ,I,HINEMOA ST,2855931,25/07/08,Fri,1945,FF,CN1C,331A ,,R,D,DO,F ,T,T,C,50,0,0,0,,,1749409,5428994,-41.27667428,174.7839743
Wellington City,WATERLOO QUAY,, ,I,WHITMORE ST,2813438,8/11/08,Sat,1723,FE,CN1C,181A 191B ,,R,D,B ,F ,X,T,C,50,0,0,1,,,1748982,5428438,-41.28175908,174.7790141
Wellington City,WEBB ST,, ,I,BROOKLYN ROAD,2855932,10/10/08,Fri,2015,GF,CW2T,386A 386B ,,R,D,O ,F ,T,T,N,50,0,0,0,,,1748205,5426734,-41.29724399,174.7701549
Wellington City,WEBB ST,30,W, ,HOPPER ST,2813919,17/10/08,Fri,1840,AA,SE1C,372A ,,R,D,O ,F , ,N,C,50,0,1,0,,27,1748538,5426644,-41.29799308,174.7741524
Wellington City,WEBB ST,, ,I,THOMPSON ST,2852653,16/02/08,Sat,1148,DO,BE1C,385A ,M,R,D,B ,F ,T,S,C,50,0,0,0,,,1748356,5426726,-41.29728827,174.7719596
Wellington City,WEKA ST,200,S, ,MIRAMAR NORTH ROAD,2813885,15/12/08,Mon,25,QB,VS1S,523B 693B ,,R,D,DO,F , ,N,N,50,0,1,0,,17,1752744,5425885,-41.30404142,174.8245557
Wellington City,WELD ST,, ,I,WADE ST,2813257,11/10/08,Sat,45,DB,CE1C,103A 400A 650A ,EM,S,D,DO,F ,X,N,N,50,0,0,1,,,1748528,5430389,-41.26427691,174.7731198
Wellington City,WELLINGTON ROAD,30,W, ,RUAHINE ST,2854601,2/07/08,Wed,1710,BF,CW1C,121A ,,M,W,O ,L , ,N,C,50,0,0,0,,,1749848,5425067,-41.3119492,174.7901803
Wellington City,WEST VIEW GROVE,190,W, ,WILBERFORCE ST,2851906,24/03/08,Mon,1450,MO,CE1C,371A 832 929 ,,E,D,B ,F ,D,N,N,50,0,0,0,,,1752403,5423685,-41.32391292,174.8210357
Wellington City,WESTCHESTER DRIVE,40,S, ,HALSWATER DRIVE,2855274,22/07/08,Tue,1820,EA,CE1C,129A ,M,R,W,DO,L , ,N,N,50,0,0,0,,,1751147,5436712,-41.20686275,174.8028053
Wellington City,WESTCHESTER DRIVE EAST,, ,I,CHURTON PARK OFF NBD,2852124,5/04/08,Sat,2109,DA,CN2,113A 402A ,FP,R,W,DO,L ,X,G,R,50,0,0,0,,,1752620,5436975,-41.20421853,174.8203004
Wellington City,WEXFORD ROAD,, ,I,HOBART ST,2812956,2/09/08,Tue,1230,FB,CE1C,331A 353A ,,R,D,B ,F ,X,G,P,50,0,0,1,,,1751879,5424221,-41.31918607,174.8146436
Wellington City,WHA ST,, ,I,ONEPU ROAD,2811387,11/03/08,Tue,742,NF,CS1E,306A 358A 376A ,,R,D,B ,F ,T,G,X,50,0,0,1,26,,1750249,5423522,-41.32578472,174.7953504
Wellington City,WHITEHEAD ROAD,50,E, ,OLD KARORI ROAD,2850899,22/03/08,Sat,2332,EA,BE1C,350A ,M,E,D,DO,F , ,N,N,50,0,0,0,,,1746845,5428672,-41.28004369,174.7534511
Wellington City,WHITMORE ST,, ,I,FEATHERSTON ST,2811625,17/03/08,Mon,858,FA,XE1S,183A ,,R,D,B ,F ,X,T,R,50,0,0,1,,21,1748923,5428522,-41.28101367,174.7782894
Wellington City,WHITMORE ST,, ,I,FEATHERSTON ST,2811923,31/03/08,Mon,645,GF,MS2V,171A ,,R,W,DO,L ,X,T,C,50,0,0,1,,,1748923,5428522,-41.28101367,174.7782894
Wellington City,WHITMORE ST,, ,I,FEATHERSTON ST,2813038,15/09/08,Mon,1716,LB,MS1C,324A ,,R,D,O ,F ,X,T,P,50,0,0,1,,,1748923,5428522,-41.28101367,174.7782894
Wellington City,WHITMORE ST,, ,I,STOUT ST,2813177,30/07/08,Wed,1700,LB,ME1V,145A 303B 387B ,,R,W,O ,L ,X,T,C,50,0,0,1,,,1748881,5428585,-41.2804542,174.7777727
Wellington City,WHITMORE ST,30,W, ,WATERLOO QUAY,2813810,8/10/08,Wed,1230,NA,CW1E,370A 713B 922 ,,R,D,O ,F ,D,N,R,50,0,0,1,38,,1748965,5428462,-41.28154613,174.7788054
Wellington City,WILLIS ST,15,N, ,ABEL SMITH ST,2856492,8/10/08,Wed,1525,AC,4N1C,372A ,,R,D,B ,F , ,N,N,50,0,0,0,,,1748306,5426960,-41.29519065,174.7713056
Wellington City,WILLIS ST,, ,I,ARO ST,2850377,23/01/08,Wed,1351,AC,VN14,372A 671A ,,R,D,B ,F ,T,G,R,50,0,0,0,,,1748250,5426840,-41.29628135,174.7706663
Wellington City,WILLIS ST,, ,I,BOND ST,2856409,28/11/08,Fri,1539,KB,VN1X,303B ,,R,D,B ,F ,T,N,C,30,0,0,0,,,1748634,5427684,-41.28861182,174.7750446
Wellington City,WILLIS ST,, ,I,BOND ST,2853937,5/05/08,Mon,830,KB,VN1X,176B 303B ,,R,D,O ,F ,T,N,C,30,0,0,0,,,1748634,5427684,-41.28861182,174.7750446
Wellington City,WILLIS ST,15,S, ,BOULCOTT ST,2856778,11/06/08,Wed,1330,EA,TS1V,385A ,M,R,D,B ,F ,X,T,C,50,0,0,0,,,1748597,5427610,-41.28928488,174.774621
Wellington City,WILLIS ST,50,N, ,DIXON ST,2851962,26/03/08,Wed,1220,MO,XS1C,370A 929 ,,R,D,B ,F ,D,N,C,50,0,0,0,,,1748541,5427484,-41.29042962,174.7739832
Wellington City,WILLIS ST,80,S, ,DIXON ST,2856431,24/11/08,Mon,1402,EE,CS1C,358B 374B ,M,R,W,O ,L , ,N,C,50,0,0,0,,,1748487,5427365,-41.29151097,174.7733676
Wellington City,WILLIS ST,50,N, ,GHUZNEE ST,2855294,6/06/08,Fri,2100,EE,XN1C,374B ,Q,R,D,DO,F , ,N,C,50,0,0,0,,,1748466,5427318,-41.291938,174.7731284
Wellington City,WILLIS ST,, ,I,GHUZNEE ST,2857283,29/11/08,Sat,1500,AO,CN1C,372A 512A ,,R,D,B ,F ,X,T,R,50,0,0,0,,,1748446,5427272,-41.29235583,174.7729009
Wellington City,WILLIS ST,, ,I,GHUZNEE ST,2853889,16/07/08,Wed,1605,HA,CN1C,322A 353A ,,R,D,B ,F ,X,T,C,50,0,0,0,,,1748446,5427272,-41.29235583,174.7729009
Wellington City,WILLIS ST,50,S, ,KARO DRIVE,2812862,13/07/08,Sun,200,CA,CN1,103A ,P,R,D,DO,F , ,N,N,50,0,1,1,,,1748278,5426901,-41.295727,174.7709857
Wellington City,WILLIS ST,20,S, ,LAMBTON QUAY,2813908,5/09/08,Fri,1710,FE,BN1M,331A ,,R,D,O ,F ,X,T,C,30,0,0,1,,,1748732,5427905,-41.286604,174.7761604
Wellington City,WILLIS ST,20,S, ,LAMBTON QUAY,2812385,3/06/08,Tue,850,NA,CN1E,370A 712B 713B ,,R,D,B ,F , ,N,L,30,0,0,1,39,,1748732,5427905,-41.286604,174.7761604
Wellington City,WILLIS ST,, ,I,LAMBTON QUAY,2856474,16/09/08,Tue,1410,MO,BN1,129A ,P,E,D,O ,F ,X,T,N,30,0,0,0,,,1748740,5427923,-41.28644047,174.7762515
Wellington City,WILLIS ST,20,S, ,MANNERS ST,2812404,5/06/08,Thu,1317,PE,4S1E,386A ,,R,D,O ,F , ,N,C,50,0,0,1,25,,1748595,5427605,-41.28933027,174.7745983
Wellington City,WILLIS ST,, ,I,MANNERS ST,2853248,13/06/08,Fri,1225,FE,VW2C,331A 353A ,,R,D,O ,F ,X,T,C,50,0,0,0,,,1748603,5427623,-41.28916673,174.7746894
Wellington City,WILLIS ST,15,N, ,MERCER ST,2855879,24/10/08,Fri,2144,EE,CN1C,374B ,Q,R,W,DO,F , ,N,C,30,0,0,0,,,1748659,5427741,-41.28809402,174.7753291
Wellington City,WILLIS ST,20,N, ,MERCER ST,2856490,3/12/08,Wed,700,EA,BN1V,129A ,Q,R,D,B ,F , ,N,L,30,0,0,0,,,1748661,5427745,-41.28805763,174.775352
Wellington City,WILLIS ST,30,N, ,MERCER ST,2852803,8/05/08,Thu,1143,EA,VS1B,331A ,Q,R,D,B ,F , ,N,C,30,0,0,0,,,1748665,5427754,-41.28797587,174.7753975
Wellington City,WILLIS ST,50,N, ,MERCER ST,2857120,16/10/08,Thu,1750,FD,BN1X,181A ,,R,D,ON,F , ,N,C,30,0,0,0,,,1748673,5427773,-41.28780333,174.7754884
Wellington City,WILLIS ST,60,N, ,MERCER ST,2813981,19/12/08,Fri,1540,NA,BS1E,711B ,,R,D,B ,F , ,N,C,30,0,0,1,46,,1748677,5427782,-41.28772156,174.7755339
Wellington City,WILLIS ST,, ,I,MERCER ST,2853810,16/07/08,Wed,320,EA,BS1V,385A ,M,R,D,DO,F ,T,T,C,50,0,0,0,,,1748653,5427727,-41.28822117,174.7752609
Wellington City,WILLIS ST,15,S, ,PALMER ST,2857226,19/09/08,Fri,1030,MD,CN1C,308B 371B 927 ,,R,D,O ,F , ,N,C,50,0,0,0,,,1748271,5426885,-41.29587234,174.7709061
Wellington City,WILLIS ST,15,N, ,SH 1N KARO,2855402,30/09/08,Tue,1620,AC,CN1X,351A 370A ,,E,D,O ,F , ,N,C,50,0,0,0,,,1748306,5426960,-41.29519065,174.7713056
Wellington City,WILLIS ST,70,N, ,VIVIAN ST,2813282,23/04/08,Wed,2330,CB,ON1,103A ,K,R,D,DO,F , ,N,C,50,0,1,1,,,1748400,5427170,-41.29328265,174.7723766
Wellington City,WILLIS ST,, ,I,WEBB ST,2854001,23/07/08,Wed,1700,GF,CW2C,120A 122B 852 ,,R,W,DO,H ,T,T,C,50,0,0,0,,,1748229,5426784,-41.2967894,174.7704292
Wellington City,WILLIS ST,5,S, ,WILLESTON ST,2813594,19/11/08,Wed,1740,NA,BS1E,711B 732B ,,R,D,B ,F ,X,N,L,30,0,1,0,25,,1748738,5427918,-41.28648585,174.7762288
Wellington City,WILLIS ST,80,S, ,WILLESTON ST,2813315,16/06/08,Mon,1300,QF,BS1,191A ,,R,D,B ,F , ,N,C,50,0,1,0,,,1748707,5427850,-41.2871038,174.7758754
Wellington City,WILSON ST,30,E, ,RIDDIFORD ST,2853949,22/07/08,Tue,1516,MO,CE1C,355A 371A 926 ,,R,D,O ,F ,D,N,N,50,0,0,0,,,1748990,5424975,-41.31293644,174.7799573
Wellington City,WILSON ST,, ,I,RIDDIFORD ST,2856392,2/10/08,Thu,1527,EA,CN2V,122A 446B ,M,R,D,B ,F ,T,N,N,50,0,0,0,,,1748961,5424969,-41.31299582,174.7796125
Wellington City,WILTON ROAD,80,N, ,NORWICH ST,2852733,15/03/08,Sat,930,EA,BS1C,385A ,M,R,D,O ,F , ,N,C,50,0,0,0,,,1747787,5430391,-41.26439478,174.7642774
Wellington City,WILTON ROAD,, ,I,NORWICH ST,2811676,13/02/08,Wed,2012,NA,CE1E,711B ,,M,D,TF,F ,Y,N,C,50,0,0,1,15,,1747777,5430311,-41.26511689,174.7641774
Wellington City,WILTON ROAD,, ,I,SURREY ST,2853606,27/06/08,Fri,800,GD,CN14,110A ,,R,W,O ,F ,T,N,C,50,0,0,0,,,1746983,5429657,-41.27115007,174.7548605
Wellington City,WILTON ROAD,, ,I,SURREY ST,2851699,4/03/08,Tue,1120,GD,CN1C,181A ,,E,D,O ,F ,T,N,C,50,0,0,0,,,1746983,5429657,-41.27115007,174.7548605
Wellington City,WOODMAN DRIVE,240,S, ,COLONIAL GROVE,2852850,14/06/08,Sat,118,EA,CN1C,386A ,M,E,D,DO,F , ,N,C,50,0,0,0,,,1754153,5441049,-41.16724867,174.8375495
Wellington City,WOODMAN DRIVE,350,N, ,PIKITANGA CLOSE,2813061,3/08/08,Sun,1223,DA,CS1,195A 403A 410A ,F,E,W,O ,L , ,N,C,50,0,0,1,,,1753956,5440962,-41.1680694,174.8352242
Wellington City,WOODMAN DRIVE,, ,I,RAROA TERRACE,2857232,16/11/08,Sun,30,EA,CN1C,101A 132A 402A ,M,R,D,DO,F ,M,N,C,50,0,0,0,,,1754408,5441313,-41.16482327,174.8405212
Wellington City,WRIGHTS HILL ROAD,30,N, ,CAMPBELL ST,2856851,8/11/08,Sat,2121,DB,CS1,101A 358A ,KS,M,D,DN,F , ,N,C,50,0,0,0,,,1746053,5427144,-41.29394483,174.7443646
Wellington City,Z CONTAINER YARD,150,E, ,WATERLOO/HINEMOA,2814052,3/12/08,Wed,1920,HA,OS1V,309A 378A ,,R,D,TF,F , ,N,N,50,0,1,0,,,1749578,5428819,-41.27821859,174.7860342