TLA NAME,CRASH ROAD,CRASH DIST,CRASH DIRN,INTSN,SIDE ROAD,CRASH ID,CRASH DATE,CRASH DOW,CRASH TIME,MVMT,VEHICLES,CAUSES,OBJECTS STRUCK,ROAD CURVE,ROAD WET,LIGHT,WTHRa,JUNC TYPE,TRAF CTRL,ROAD MARK,SPD LIM,CRASH FATAL CNT,CRASH SEV CNT,CRASH MIN CNT,PERS AGE1,PERS AGE2,EASTING,NORTHING,latitude,longitude
Wellington City,Z CPK,, ,A,BARNETT/CABLE,2856822,21/12/08,Sun,435,MO,CN1,353A 386A 426A ,P,R,D,DO,F , ,N,N,50,0,0,0,,,1749336,5427386,-41.29116528,174.7834973
Wellington City,Z CPK BUNNINGS,, ,A,JOHN ST,2850284,9/01/08,Wed,1205,MO,CN1V,371A ,M,R,D,B ,F , ,N,N,50,0,0,0,,,1748814,5425603,-41.30731479,174.777702
Wellington City,Z CPK CIVIC VIDEO,, ,A,MIRAMAR AVENUE,2855675,20/09/08,Sat,1202,MO,CE1,133A 423A ,H,R,D,B ,F , ,N,N,50,0,0,0,,,1751901,5424641,-41.31540058,174.8148014
Wellington City,Z CPK COUNTDOWN,, ,A,MOOREFIELD ROAD,2850161,14/01/08,Mon,1722,MO,CE1C,386A ,M,R,D,B ,F , ,N,P,50,0,0,0,,,1751398,5434978,-41.22242778,174.8062272
Wellington City,Z CPK FUJITSU HSE,100,N, ,TERRACE/TERRACE OFF,2854102,26/05/08,Mon,1000,MO,VN1C,371A 386A ,Q,R,W,O ,L , ,N,N,50,0,0,0,,,1748604,5428210,-41.28388152,174.7745581
Wellington City,Z CPK GRACE NEILL BLOCK,, ,A,ADELAIDE ROAD,2850350,9/02/08,Sat,1215,MO,CN1C,386A ,,R,D,O ,F , ,N,N,50,0,0,0,,,1749019,5425510,-41.30811427,174.7801726
Wellington City,Z CPK HOCKEY STADIUM,, ,A,MT ALBERT,2813793,8/12/08,Mon,1557,MO,CE1,133A 402A 405A ,IT,R,D,O ,F , ,N,R,50,0,0,2,,,1749005,5423581,-41.32548438,174.7804781
Wellington City,Z CPK HOSPITAL,40,N, ,MEIN ST,2855279,3/05/08,Sat,800,MO,CN1C,385A ,M,R,D,O ,F , ,N,N,50,0,0,0,,,1749046,5425281,-41.31017106,174.7805511
Wellington City,Z CPK JOHNSONVILLE MALL,, ,A,GOTHIC/BRODERICK,2853023,21/04/08,Mon,1125,MO,CN1C,446A 371B ,Q,R,D,O ,F , ,N,N,50,0,0,0,,,1751371,5434850,-41.22358527,174.8059369
Wellington City,Z CPK JVILLE MALL,, ,A,BRODERICK/GOTHIC,2851569,15/01/08,Tue,1030,MO,CW1C,371B ,,E,D,O ,F , ,N,N,50,0,0,0,,,1751383,5434852,-41.22356501,174.8060796
Wellington City,Z CPK MAINLY HUNTING,50,N, ,PICKERING/KAIWHARAWHARA,2853284,15/05/08,Thu,1200,MO,TN1C,371A ,M,R,D,B ,F , ,N,N,50,0,0,0,,,1749932,5430885,-41.2595519,174.789751
Wellington City,Z CPK MCDONALDS,, ,A,RIDDIFORD ST,2853430,25/05/08,Sun,2045,MO,CN1C,371A ,,R,D,DO,L , ,N,N,50,0,0,0,,,1748964,5424809,-41.31443581,174.7796875
Wellington City,Z CPK MERCURE HOTEL,, ,A,WILLIS ST,2854243,8/08/08,Fri,2005,MO,4N1C,386A 402A ,M,R,W,DO,L , ,N,N,50,0,0,0,,,1748260,5426826,-41.29640556,174.7707891
Wellington City,Z CPK MICHAEL FOWLER CENT,200,W, ,WAKEFIELD/TARANAKI,2853223,20/06/08,Fri,2012,MO,CE1C,103A 371A ,M,R,D,DO,F , ,N,N,50,0,0,0,,,1748875,5427527,-41.28998095,174.7779597
Wellington City,Z CPK NEW WORLD,, ,A,CHAFFERS/WAKEFIELD,2851564,5/01/08,Sat,1320,MO,VW1C,371A ,M,R,D,B ,F , ,N,N,50,0,0,0,,,1749361,5427270,-41.29220505,174.7838242
Wellington City,Z CPK NEW WORLD,, ,A,WAKEFIELD/CHAFFERS,2851571,20/01/08,Sun,1545,MG,CE1C,371B ,,R,D,B ,F , ,N,N,50,0,0,0,,,1749363,5427265,-41.2922497,174.7838493
Wellington City,Z CPK NEW WORLD,, ,A,WAKEFIELD/CHAFFERS,2855422,12/07/08,Sat,1920,MO,CS1C,371A ,M,R,D,DO,F , ,N,N,50,0,0,0,,,1749374,5427250,-41.29238271,174.7839843
Wellington City,Z CPK NEWLANDS MALL,, ,A,BRACKEN /NEWLANDS,2852025,29/01/08,Tue,1535,MO,CS1C,371A ,,R,D,B ,F , ,N,N,50,0,0,0,,,1752814,5434906,-41.22280984,174.8231304
Wellington City,Z CPK NEWLANDS SHOPPING C,, ,A,NEWLANDS ROAD,2855078,19/09/08,Fri,1203,MO,CW1C,386A ,,R,D,O ,F , ,N,P,50,0,0,0,,,1752754,5434864,-41.22319931,174.8224254
Wellington City,Z CPK NEWTOWN PARK,50,S, ,MANSFIELD/ROY,2851129,12/03/08,Wed,1130,MO,TE1C,371A ,M,R,D,B ,F , ,N,N,50,0,0,0,,,1749120,5424221,-41.31970097,174.7816946
Wellington City,Z CPK PAK N SAVE,, ,A,RONGOTAI ROAD,2850978,16/02/08,Sat,1544,MO,VS1V,386A 926 ,,R,W,O ,L , ,N,N,50,0,0,0,,,1750356,5424342,-41.31838207,174.7964256
Wellington City,Z CPK PAK N SAVE,, ,A,RONGOTAI/ONEPU,2851579,2/02/08,Sat,1130,MO,CW1C,371B ,,R,D,O ,F , ,N,X,50,0,0,0,,,1750372,5424329,-41.31849612,174.7966198
Wellington City,Z CPK PALMERS GARDEN,, ,A,PARK ROAD,2853347,26/05/08,Mon,1610,MO,CN14,423A 507A ,FM,R,W,O ,H , ,N,N,50,0,0,0,,,1752441,5425333,-41.30906849,174.8210764
Wellington City,Z CPK PRESTONS,, ,A,ARLINGTON/TORRENS,2850074,7/01/08,Mon,1422,MO,CS1C,386A ,M,R,W,O ,L , ,N,N,50,0,0,0,,,1748432,5426498,-41.29932708,174.7729225
Wellington City,Z CPK QUEENS WHARF,, ,A,WATERLOO/BUNNY,2852333,14/04/08,Mon,1030,GF,TN1X,158B 926 ,,E,D,O ,F ,D,T,N,50,0,0,0,,,1749104,5428602,-41.28025999,174.7804301
Wellington City,Z CPK RONALD MCDONALD HSE,150,S, ,RIDDIFORD/ADELAIDE,2850608,8/02/08,Fri,836,MO,CS1C,371A ,,R,D,B ,F , ,N,N,50,0,0,0,,,1748857,5425404,-41.30909854,174.7782641
Wellington City,Z CPK ROWENA LODGE,, ,A,115 BROUGHTON ST,2855400,23/09/08,Tue,530,MO,VS1C,425A 690A ,M,R,D,TN,F , ,N,N,50,0,0,0,,,1749408,5426397,-41.30005632,174.7845996
Wellington City,Z CPK SHOW BUILDIN,, ,A,HUTCHISON ROAD,2852503,28/02/08,Thu,1830,MO,CW1C,371B ,,R,D,TN,F , ,N,N,50,0,0,0,,,1748549,5425569,-41.30766974,174.7745461
Wellington City,Z CPK ST CATHERINES,, ,A,UPPER BOURKE ST,2855314,16/09/08,Tue,1537,EE,4S1C,374B ,Q,R,D,B ,F , ,N,N,50,0,0,0,,,1750052,5424437,-41.31758337,174.7927717
Wellington City,Z CPK TE HOPAI,, ,A,HOSPITAL ROAD,2814042,27/10/08,Mon,1108,MO,CS1,427A 650A ,FT,R,D,B ,F , ,N,N,50,0,0,1,,,1748967,5425679,-41.3066023,174.7795103
Wellington City,Z CPK W/HOUSE STATIONERY,, ,A,VICTORIA ST,2853218,8/05/08,Thu,945,MO,CN1V,386A 400A ,M,R,D,O ,F , ,N,N,50,0,0,0,,,1748540,5427266,-41.29239256,174.7740245
Wellington City,Z CPK WGTN RLY STN,, ,A,BUNNY ST,2850788,9/02/08,Sat,2130,MO,XS1C,371A ,,R,D,DO,F , ,N,N,50,0,0,0,,,1749108,5428664,-41.27970104,174.7804627
Wellington City,Z CPK WOOLWORTHS,, ,A,JOHNSONVILLE,2851566,11/01/08,Fri,1900,MO,CW1C,385A ,M,R,D,B ,F , ,N,N,50,0,0,0,,,1751521,5434768,-41.22429547,174.807746
Wellington City,Z CPK WOOLWORTHS,, ,A,JOHNSONVILLE ROAD,2857186,20/12/08,Sat,1100,MO,CS1C,370A 371B ,,R,W,O ,L , ,N,N,100,0,0,0,,,1751534,5434785,-41.22413998,174.8078968
Wellington City,Z CPK WOOLWORTHS,40,S, ,JOHNSONVILLE/NORMAN,2851202,6/03/08,Thu,2030,MO,CS14,103A 181A ,,R,D,DO,F , ,N,N,50,0,0,0,,,1751532,5434873,-41.22334805,174.8078511
Wellington City,Z CPK WOOLWORTHS,, ,A,OXFORD SST,2852227,29/04/08,Tue,944,MO,CN1C,423A 507A ,M,R,W,O ,F , ,N,N,50,0,0,0,,,1753216,5440808,-41.16959611,174.8264459
Wellington City,Z CPK WOOLWORTHS,50,N, ,OXFORD/MELVILLE,2851106,5/03/08,Wed,1700,MO,CN1C,371A ,,R,D,B ,F , ,N,N,50,0,0,0,,,1753228,5440771,-41.16992696,174.8265982
Wellington City,Z CPK WOOLWORTHS,100,N, ,OXFORD/MELVILLE,2851199,15/03/08,Sat,1330,MO,4E1C,386A ,M,R,D,B ,F , ,N,N,50,0,0,0,,,1753215,5440787,-41.16978537,174.8264393
Wellington City,Z DWAY,50,W, ,THE TERRACE,2851468,10/02/08,Sun,1515,MO,4N1C,371A 929 ,,R,W,O ,L , ,N,N,50,0,0,0,,,1748260,5427440,-41.29087744,174.7706396
Wellington City,Z DWAY 10 RAWSON,50,E, ,RAWSON/BEAUCHAMP,2853686,1/04/08,Tue,1134,PO,CS1E,421A 721B 929 ,F,R,D,O ,F , ,N,N,50,0,0,0,,,1753636,5441873,-41.15992803,174.8311831
Wellington City,Z DWAY 103,, ,A,ENDEAVOUR ST,2853519,5/07/08,Sat,1319,MO,CS1C,371A 929 ,M,R,D,B ,F ,D,N,N,50,0,0,0,,,1750622,5423706,-41.32405852,174.7997598
Wellington City,Z DWAY 2 MITCHELL ST,5,W, ,APUKA ST,2851074,5/01/08,Sat,2352,QO,CN1,105A 428A 929 ,EG,R,D,DO,FS,T,N,N,50,0,0,0,,,1747377,5426190,-41.30229352,174.7604015
Wellington City,Z DWAY 5,, ,A,HOPPER ST,2853569,22/06/08,Sun,1455,MO,4S1,386A ,H,R,D,O ,F , ,N,C,50,0,0,0,,,1748551,5426615,-41.29825178,174.7743147
Wellington City,Z DWAY JVILLE MALL,40,N, ,MOOREFIELD/WANAKA,2855693,9/10/08,Thu,1440,MO,TE1C,386A 926 ,,R,D,B ,F , ,N,N,50,0,0,0,,,1751303,5434916,-41.22300376,174.8051097
Wellington City,Z DWAY MCDONALDS,, ,A,ADELAIDE ROAD,2853947,13/07/08,Sun,640,MO,CE1C,103B 371B ,,R,D,DO,F , ,N,N,50,0,0,0,,,1748963,5426217,-41.3017592,174.7793308
Wellington City,Z DWAY RENARD DISTRIBUTOR,260,N, ,NGAURANGA/GLOVER,2856161,25/08/08,Mon,1245,MO,4N1X,386A 374B 927 ,Q,R,W,O ,L ,D,N,N,50,0,0,0,,,1751975,5432882,-41.24119065,174.8136293
Wellington City,Z DWAY SPCA,40,E, ,MANSFIELD ROAD,2856948,24/12/08,Wed,1300,MO,TN14,371A ,M,R,D,O ,F , ,N,N,50,0,0,0,,,1749181,5424370,-41.31834818,174.7823865
Wellington City,Z FCT BP,, ,A,MAIN ROAD,2855391,3/07/08,Thu,1530,MO,CS1C,371A 446A ,,R,D,B ,F , ,N,C,50,0,0,0,,,1753102,5440142,-41.1756139,174.8252541
Wellington City,Z FCT BP,100,S, ,MAIN/THE DRIVE,2852680,21/05/08,Wed,950,EA,CE14,386A ,M,R,D,B ,F , ,N,N,50,0,0,0,,,1753107,5440137,-41.17565797,174.8253149
Wellington City,Z FCT BP,, ,A,NEWLANDS/WAKELY,2851583,8/02/08,Fri,1800,EA,4E1M,370A ,M,R,D,TO,F , ,N,N,50,0,0,0,,,1752341,5434138,-41.2298136,174.8176816
Wellington City,Z FCT BP,, ,A,PARK/TINAKORI,2856497,10/09/08,Wed,1550,MO,CW1C,385A ,M,R,D,O ,F , ,N,N,50,0,0,0,,,1748871,5429556,-41.27171368,174.7774161
Wellington City,Z FCT CALTEX,, ,A,ADELAIDE ROAD,2855492,16/10/08,Thu,330,MO,CE1,371A ,S,R,D,DO,F , , ,N,50,0,0,0,,,1748946,5426137,-41.30248261,174.7791474
Wellington City,Z FCT CALTEX,, ,A,BROADWAY,2852597,20/05/08,Tue,1932,MO,CN1C,371B ,,R,D,DO,F , ,N,N,50,0,0,0,,,1751499,5423507,-41.32568585,174.8102835
Wellington City,Z FCT DOCTORS,, ,A,STONE ST,2856135,17/09/08,Wed,1005,EA,CS1C,386A ,M,R,D,B ,F , ,N,L,50,0,0,0,,,1751873,5424476,-41.31689138,174.8145083
Wellington City,Z FCT MOBIL,, ,A,JOHNSONVILLE ROAD,2851323,7/03/08,Fri,1750,GB,CE1C,353A 386A ,,R,D,B ,F , ,N,C,50,0,0,0,,,1751481,5435034,-41.22190805,174.8072031
Wellington City,Z FCT REPCO,50,N, ,SH 1N/BUCKLE,2852026,6/01/08,Sun,1500,MO,CN1C,371A ,M,R,D,O ,F , ,N,N,50,0,0,0,,,1749142,5426519,-41.29900711,174.7813939
Wellington City,Z FCT SHELL,, ,A,TARANAKI/MARTIN SQUARE,2856793,4/12/08,Thu,1530,MO,TN1C,371A ,M,R,D,B ,F , ,N,R,50,0,0,0,,,1748729,5426751,-41.29699453,174.7764065
Wellington City,Z FCT SHELL,, ,A,WATERLOO/WHITMORE,2811979,29/02/08,Fri,1500,NA,VN1E,711B ,,R,D,B ,F , ,N,N,50,0,1,0,65,,1748963,5428439,-41.28175358,174.7787871
Wellington City,Z FCT SUPERCHEAP AUTOS,, ,A,TURANGI/GEORGE BOLT,2850718,22/01/08,Tue,1030,MO,VW1C,371A 370B ,,R,D,B ,F , ,N,N,50,0,0,0,,,1750820,5423387,-41.32689355,174.8022037
Wellington City,Z FERRY TERMINAL,160,E, ,FERRY TERMINUS ACCESS RD,2854379,28/07/08,Mon,1850,FA,4N1C,130A 504A ,H,R,D,DO,F , ,N,C,50,0,0,0,,,1749786,5430439,-41.26359451,174.7881185
Wellington City,Z HATAITAI PARK,200,W, ,RUAHINE ST,2813988,29/11/08,Sat,2145,CA,CS1,103A ,CF,R,D,DO,F , ,N,N,50,0,1,0,,,1749967,5425565,-41.30744342,174.7914785
Wellington City,Z HOSPITAL ACCESS ROAD,300,E, ,MEIN/RIDDIFORD,2854933,4/09/08,Thu,925,MO,CE1C,371A 446A ,,R,W,O ,L , ,N,R,50,0,0,0,,,1749106,5425409,-41.30900753,174.7812361
Wellington City,Z PLATFORM 9,40,W, ,WATERLOO QUAY,2857289,25/10/08,Sat,1100,MO,TN1V,371A 385A ,M,R,D,B ,F , ,N,N,50,0,0,0,,,1749151,5428704,-41.27933296,174.7809661
Wellington City,Z SERVICE LANE,50,W, ,GHUZNEE/WILLIS,2850337,25/01/08,Fri,1815,KB,CN1C,303B 375B 920 ,,R,D,B ,F ,D,N,N,50,0,0,0,,,1748384,5427258,-41.29249328,174.7721642
Wellington City,Z TAXI RANK,50,N, ,STEWART DUFF/ACCESS,2852037,17/03/08,Mon,1025,MO,XS1X,371A 386B ,,E,D,O ,F , ,N,P,50,0,0,0,,,1751694,5422890,-41.33120417,174.8127665
Wellington City,1N/1050/6.629,800,N, ,PED SUBWAY,2856753,24/12/08,Wed,1317,FD,CN1C,181A 191B ,,R,W,O ,H , ,N,R,100,0,0,0,,,1754203,5442132,-41.15748855,174.8378727
Wellington City,1N/1050/6.856,2000,S, ,MUNGAVIN ON SBD,2852053,9/04/08,Wed,1140,AC,TS1C,372A 671A ,G,M,D,B ,F , ,N,R,100,0,0,0,,,1754122,5441921,-41.15940365,174.8369608
Wellington City,1N/1050/7.059,7000,S, ,PAREMATA LINK STH,2850467,29/01/08,Tue,1900,DB,CN1,136A 631A ,T,E,D,B ,F , ,N,R,100,0,0,0,,,1754029,5441739,-41.16105993,174.8358987
Wellington City,1N/1050/7.307,500,S, ,COLLINS OBR,2850231,14/01/08,Mon,1730,FD,CN1V,181A 358A 691B ,,R,D,B ,F , ,N,R,100,0,0,0,,,1753932,5441510,-41.16314012,174.8348006
Wellington City,1N/1050/7.631,2000,N, ,TAWA OFF SBD,2854963,24/09/08,Wed,758,FD,VS1CC,181A 191B ,,R,W,O ,L , ,N,R,100,0,0,0,,,1753818,5441209,-41.16587176,174.833518
Wellington City,1N/1050/8.519,1090,S, ,PED SUBWAY,2855525,7/10/08,Tue,330,CA,CS1,195A ,C,R,W,DN,H , ,N,R,100,0,0,0,,,1753581,5440357,-41.17358756,174.8309079
Wellington City,1N/1050/8.814,800,N, ,TAWA ON NBD,2813107,4/09/08,Thu,1705,AG,4N1,111A 177A ,G,E,W,O ,LS, ,N,R,100,0,0,1,,,1753511,5440072,-41.17616677,174.8301453
Wellington City,1N/1050/9.114,500,N, ,TAWA ON NBD,2854665,4/09/08,Thu,250,DA,VN1,101A 410A ,G,E,D,DN,F , ,N,R,100,0,0,0,,,1753423,5439785,-41.1787674,174.8291686
Wellington City,1N/1050/9.267,1000,N, ,TAWA OFF NBD,2852627,21/05/08,Wed,1555,AC,CN1C,902,,E,D,B ,F , ,N,R,100,0,0,0,,,1753379,5439639,-41.18009022,174.8286808
Wellington City,1N/1050/9.281,350,N, ,TAWA OFF SBD,2852611,17/05/08,Sat,658,DB,CS1,111A 410A ,BGR,M,D,TN,F , ,N,R,100,0,0,0,,,1753390,5439622,-41.18024119,174.8288162
Wellington City,1N/1050/9.381,250,N, ,TAWA OFF SBD,2851776,15/04/08,Tue,205,DB,CS1,111A 517A ,G,E,W,DN,F , ,N,R,100,0,0,0,,,1753398,5439523,-41.18113101,174.8289363
Wellington City,1N/1050/9.431,200,N, ,TAWA OFF SBD,2852003,20/04/08,Sun,1853,AA,CS1C4,331A 377A 817 843 ,,R,D,DO,F , ,N,R,100,0,0,0,,,1753415,5439476,-41.18155095,174.8291507
Wellington City,1N/1050/9.73,100,S, ,TAWA OFF SBD,2850293,11/02/08,Mon,450,DA,VS1,135A 801 823 ,CL,M,W,DO,H , ,N,R,100,0,0,0,,,1753591,5439235,-41.18368742,174.8313085
Wellington City,1N/1060/0.015,250,N, ,TAWA ON SBD,2855945,29/10/08,Wed,747,FD,CS1C,181A ,,E,D,O ,F , ,N,R,100,0,0,0,,,1753678,5439029,-41.18552561,174.8323971
Wellington City,1N/1060/0.215,50,N, ,TAWA ON SBD,2853348,5/07/08,Sat,2116,DA,CS1,111A 402A ,G,M,W,DO,L , ,N,R,100,0,0,0,,,1753647,5438832,-41.18730514,174.8320771
Wellington City,1N/1060/0.219,100,N, ,TAWA OFF NBD,2854739,9/09/08,Tue,1214,DB,CN1,111A 135A 801 ,,M,W,O ,L , ,N,P,100,0,0,0,,,1753633,5438828,-41.18734381,174.8319112
Wellington City,1N/1060/0.285,20,S, ,TAWA ON SBD,2852768,29/05/08,Thu,740,FD,CS1CCC,181A ,,R,D,B ,F , ,N,R,100,0,0,0,,,1753629,5438765,-41.18791178,174.8318794
Wellington City,1N/1060/0.365,100,S, ,TAWA ON SBD,2851460,11/04/08,Fri,725,FD,VS1CC,112A 132A ,,R,D,O ,F , ,N,R,100,0,0,0,,,1753606,5438688,-41.1886094,174.8316246
Wellington City,1N/1060/0.619,300,S, ,TAWA OFF NBD,2853902,29/06/08,Sun,942,DA,CN1,135A 801 823 ,C,E,W,O ,H , ,N,C,100,0,0,0,,,1753522,5438444,-41.19082213,174.8306847
Wellington City,1N/1060/0.765,500,S, ,TAWA ON SBD,2850067,18/01/08,Fri,1230,EC,CS1C,370A 668B ,D,E,D,B ,F , ,N,R,100,0,0,0,,,1753516,5438299,-41.19212875,174.8306495
Wellington City,1N/1060/1.035,1000,N, ,CHURTON PARK OFF SBD,2850390,19/01/08,Sat,1300,AA,CS1C,372A ,,R,D,B ,F , ,N,R,80,0,0,0,,,1753402,5438063,-41.19427514,174.8293499
Wellington City,1N/1060/1.226,800,N, ,CHURTON PARK ON NBD,2853429,28/05/08,Wed,802,FD,CN1T,112A 132A 137A ,,R,D,O ,M , ,N,R,100,0,0,0,,,1753220,5437963,-41.19520992,174.8272056
Wellington City,1N/1060/1.569,1300,N, ,CHURTON PARK OFF NBD,2853528,29/06/08,Sun,958,FD,CN1CC,181A ,,E,W,O ,H , ,N,C,100,0,0,0,,,1753002,5437703,-41.197592,174.8246722
Wellington City,1N/1060/1.635,400,N, ,CHURTON PARK OFF SBD,2811188,6/02/08,Wed,1321,DB,CS1,108A 130A ,C,E,D,B ,F , ,N,R,100,0,0,1,,,1752994,5437641,-41.19815172,174.8245923
Wellington City,1N/1060/1.869,1000,N, ,CHURTON PARK OFF NBD,2856250,6/12/08,Sat,545,CA,CN1,103A ,G,R,D,B ,F , ,N,R,100,0,0,0,,,1752923,5437414,-41.20020889,174.8238028
Wellington City,1N/1060/2.026,, ,I,CHURTON PARK ON NBD,2812388,9/04/08,Wed,118,DB,CN1,410A ,G,E,W,DO,L ,Y,N,R,100,0,0,1,,,1752860,5437270,-41.20151727,174.8230878
Wellington City,1N/1060/2.035,, ,I,CHURTON PARK OFF SBD,2853058,13/06/08,Fri,715,FD,CS1C,181A ,,R,W,O ,H ,Y,N,R,100,0,0,0,,,1752875,5437261,-41.20159547,174.8232688
Wellington City,1N/1060/2.116,90,S, ,CHURTON PARK ON NBD,2813867,22/12/08,Mon,2027,AD,CN1,137A 181A ,G,R,D,TN,F , ,N,R,100,0,0,1,,,1752823,5437188,-41.20226253,174.8226672
Wellington City,1N/1060/2.319,2000,S, ,TAWA OFF NBD,2852886,29/04/08,Tue,449,CC,CN1C,112A 431A ,C,R,W,DO,F , ,N,R,100,0,0,0,,,1752726,5437010,-41.20388343,174.8215553
Wellington City,1N/1060/2.819,50,N, ,CHURTON PARK OFF NBD,2810048,19/07/08,Sat,253,DA,CN1,111A 400A 532A 630A ,C,E,W,DO,H , ,N,R,100,1,1,3,,,1752375,5436664,-41.20706473,174.8174572
Wellington City,1N/1060/2.819,50,N, ,CHURTON PARK OFF NBD,2813992,24/12/08,Wed,1450,FD,CN1C,331A ,,E,W,O ,H , ,N,R,100,0,0,5,,,1752375,5436664,-41.20706473,174.8174572
Wellington City,1N/1060/2.899,50,S, ,CHURTON PARK ON SBD,2853833,1/08/08,Fri,745,FD,CS1CC,181A ,,R,W,O ,M , ,N,R,100,0,0,0,,,1752358,5436590,-41.20773418,174.817273
Wellington City,1N/1060/2.969,100,S, ,CHURTON PARK OFF NBD,2853401,13/01/08,Sun,1540,AA,CN1C,103A 110A 200A ,G,E,D,O ,F , ,N,R,100,0,0,0,,,1752312,5436527,-41.20831004,174.8167402
Wellington City,1N/1060/2.999,150,S, ,CHURTON PARK ON SBD,2857204,4/11/08,Tue,1221,FD,VS1CC,331A ,,E,D,O ,H , ,N,R,100,0,0,0,,,1752316,5436499,-41.20856139,174.8167949
Wellington City,1N/1060/3.049,200,S, ,CHURTON PARK ON SBD,2851273,20/03/08,Thu,700,FD,VS1C,112A 191B ,,R,W,DO,L , ,N,R,100,0,0,0,,,1752295,5436454,-41.20897049,174.8165558
Wellington City,1N/1060/3.169,300,S, ,CHURTON PARK OFF NBD,2853735,4/07/08,Fri,820,FD,4N1CC,331A 350A 112C 817 ,,R,D,B ,F , ,N,R,100,0,0,0,,,1752231,5436345,-41.20996389,174.8158199
Wellington City,1N/1060/3.23,1000,N, ,JOHNSONVILLE OFF SBD,2855345,29/07/08,Tue,650,CC,CS1,129A 353A ,G,R,W,DN,L , ,N,R,100,0,0,0,,,1752220,5436290,-41.21046115,174.8157024
Wellington City,1N/1060/3.43,800,N, ,JOHNSONVILLE OFF SBD,2812695,1/06/08,Sun,2120,BA,CS1C,205A 901 ,,R,W,DN,HS, ,N,R,100,0,0,2,,,1752140,5436107,-41.2121238,174.8147942
Wellington City,1N/1060/3.83,400,N, ,JOHNSONVILLE OFF SBD,2856360,21/09/08,Sun,1345,AA,4S1C,370B 434B ,,R,D,O ,F , ,N,R,100,0,0,0,,,1751968,5435746,-41.21540634,174.8128332
Wellington City,1N/1060/3.83,400,N, ,JOHNSONVILLE ON NBD,2812791,26/05/08,Mon,1547,AF,4N1T,112A 137A 331A 137B ,E,R,W,O ,F , ,N,R,100,0,0,2,,,1751950,5435746,-41.21540972,174.8126186
Wellington City,1N/1060/4.03,200,N, ,JOHNSONVILLE OFF SBD,2813851,17/10/08,Fri,1232,CB,CS1,351A 407A ,G,R,D,B ,F , ,N,R,100,0,0,1,,,1751881,5435565,-41.21705228,174.8118409
Wellington City,1N/1060/4.18,50,N, ,JOHNSONVILLE OFF SBD,2854949,27/08/08,Wed,1700,FD,CS1C,181A 191B ,,R,W,O ,L , ,N,R,100,0,0,0,,,1751816,5435430,-41.21827993,174.8110994
Wellington City,1N/1060/4.23,, ,I,JOHNSONVILLE ON NBD,2854378,27/06/08,Fri,1030,GB,TN2C,132A 331A 817 ,,R,D,O ,F ,Y,N,N,100,0,0,0,,,1751777,5435386,-41.2186834,174.8106453
Wellington City,1N/1060/4.26,30,S, ,JOHNSONVILLE ON NBD,2854902,18/09/08,Thu,1720,FD,CN1C,181A ,,R,W,TF,L , ,N,R,100,0,0,0,,,1751764,5435359,-41.21892893,174.810497
Wellington City,1N/1060/4.549,, ,A,HELSTON OBR,2812448,27/05/08,Tue,1219,FD,CN1CVC,110A 331A 832 ,,E,W,O ,F , ,N,R,100,0,0,3,,,1751645,5435095,-41.22132813,174.8091435
Wellington City,1N/1060/4.63,400,S, ,JOHNSONVILLE ON NBD,2854370,27/06/08,Fri,1150,FD,VN1C,331A 350A 817 ,,R,D,O ,F , ,N,C,100,0,0,0,,,1751628,5435017,-41.22203358,174.8089602
Wellington City,1N/1060/5.092,300,N, ,JOHNSONVILLE OFF NBD,2813452,18/09/08,Thu,1734,FD,CN1CV,112A 181A ,,R,W,O ,L , ,N,R,80,0,0,2,,,1751559,5434564,-41.22612504,174.8082498
Wellington City,1N/1060/5.257,500,N, ,JOHNSONVILLE ON SBD,2856104,7/10/08,Tue,820,FD,4S1C,181A ,,R,W,O ,H , ,N,R,100,0,0,0,,,1751550,5434404,-41.22756727,174.8081821
Wellington City,1N/1060/5.292,100,N, ,JOHNSONVILLE OFF NBD,2856921,16/12/08,Tue,2140,AD,CN1,197A 402A 407A ,G,R,D,TO,F , ,N,R,100,0,0,0,,,1751550,5434368,-41.22789139,174.8081911
Wellington City,1N/1060/5.345,50,N, ,NEWLANDS OFF SBD,2856839,15/12/08,Mon,540,DA,CS1,111A ,GKP,E,D,O ,F , ,N,R,80,0,0,0,,,1751580,5434322,-41.22829993,174.8085603
Wellington City,1N/1060/5.37,25,N, ,NEWLANDS OFF SBD,2851426,8/03/08,Sat,900,DB,CS1,136A 631A ,G,M,D,B ,F , ,N,R,80,0,0,0,,,1751592,5434300,-41.22849575,174.8087088
Wellington City,1N/1060/5.392,, ,I,JOHNSONVILLE OFF NBD,2853285,23/05/08,Fri,1537,FD,4N1CC,112A 181A ,G,R,W,O ,L ,T,N,R,80,0,0,0,,,1751594,5434278,-41.22869345,174.8087381
Wellington City,1N/1060/5.442,50,S, ,JOHNSONVILLE OFF NBD,2853927,20/07/08,Sun,1030,AA,TN1CC,372A 137B ,,E,D,O ,F , ,N,R,80,0,0,0,,,1751618,5434235,-41.2290761,174.809035
Wellington City,1N/1060/5.465,70,S, ,NEWLANDS OFF SBD,2855804,7/10/08,Tue,843,FD,CS1C,181A 191B ,,E,W,O ,LS, ,N,R,80,0,0,0,,,1751640,5434218,-41.22922504,174.8093016