TLA NAME,CRASH ROAD,CRASH DIST,CRASH DIRN,INTSN,SIDE ROAD,CRASH ID,CRASH DATE,CRASH DOW,CRASH TIME,MVMT,VEHICLES,CAUSES,OBJECTS STRUCK,ROAD CURVE,ROAD WET,LIGHT,WTHRa,JUNC TYPE,TRAF CTRL,ROAD MARK,SPD LIM,CRASH FATAL CNT,CRASH SEV CNT,CRASH MIN CNT,PERS AGE1,PERS AGE2,EASTING,NORTHING,latitude,longitude
Wellington City,1N/1060/6,, ,I,NEWLANDS ON SBD,2856500,9/12/08,Tue,815,KA,TS1C,184B ,,R,W,O ,H ,T,N,R,80,0,0,0,,,1751527,5433757,-41.23339677,174.8080684
Wellington City,1N/1060/6.03,30,S, ,NEWLANDS ON SBD,2855077,25/09/08,Thu,625,AA,CS1C,372A ,,E,D,B ,F , ,N,R,80,0,0,0,,,1751507,5433734,-41.23360759,174.8078356
Wellington City,1N/1060/6.051,50,S, ,NEWLANDS ON SBD,2852927,12/05/08,Mon,648,FD,VS1CCC,181A 191B ,,E,W,O ,H , ,N,R,80,0,0,0,,,1751494,5433719,-41.23374508,174.8076842
Wellington City,1N/1060/6.15,150,S, ,NEWLANDS ON SBD,2856376,14/10/08,Tue,1330,AA,CS1C,372A 817 ,,R,D,B ,F , ,N,R,50,0,0,0,,,1751429,5433643,-41.23444151,174.8069279
Wellington City,1N/1060/6.201,200,S, ,NEWLANDS ON SBD,2854105,26/05/08,Mon,1645,AA,VS1C,372A ,,R,D,TN,F , ,N,R,80,0,0,0,,,1751397,5433605,-41.23478963,174.8065556
Wellington City,1N/1060/6.201,200,S, ,NEWLANDS ON SBD,2852316,16/04/08,Wed,655,FD,CS1CC,181A ,,R,W,DO,H , ,N,R,80,0,0,0,,,1751397,5433605,-41.23478963,174.8065556
Wellington City,1N/1060/6.3,300,S, ,NEWLANDS ON SBD,2854397,9/08/08,Sat,810,AA,CS14,372A 400A ,GG,E,D,O ,F , ,N,C,80,0,0,0,,,1751338,5433524,-41.23552994,174.805872
Wellington City,1N/1060/6.301,300,S, ,NEWLANDS ON SBD,2850254,31/01/08,Thu,735,AD,VS1C,130A 524A ,,E,D,B ,F , ,N,R,80,0,0,0,,,1751338,5433524,-41.23552994,174.805872
Wellington City,1N/1060/6.343,100,S, ,NEWLANDS OFF NBD,2856678,26/11/08,Wed,1535,FD,4N14,181A 191B 651B ,,M,D,B ,F , ,N,R,80,0,0,0,,,1751305,5433482,-41.23591426,174.8054888
Wellington City,1N/1060/6.343,100,S, ,NEWLANDS OFF NBD,2850163,14/01/08,Mon,1448,AA,CN1C,372A ,,R,D,B ,FS, ,N,R,80,0,0,0,,,1751305,5433482,-41.23591426,174.8054888
Wellington City,1N/1060/6.667,50,S, ,ABATTOIRS ROAD,2851478,30/03/08,Sun,1225,DA,CN1CV,111A 135A 801 ,GS,M,W,O ,L , ,N,R,80,0,0,0,,,1751340,5433174,-41.23868075,174.8059826
Wellington City,1N/1060/6.743,500,S, ,NEWLANDS OFF NBD,2852024,15/01/08,Tue,1600,AA,CN1C,372A ,G,E,D,B ,F , ,N,R,80,0,0,0,,,1751392,5433119,-41.2391662,174.8066165
Wellington City,1N/1060/6.825,450,N, ,CENTENNIAL SBD,2853590,20/06/08,Fri,1349,AC,TS1C,370A 671A ,G,E,D,O ,F , ,N,L,80,0,0,0,,,1751474,5433075,-41.239547,174.8076055
Wellington City,1N/1060/6.861,500,N, ,CENTENNIAL NBD,2850534,10/02/08,Sun,630,FD,CN1C,181A ,,E,W,TF,L , ,N,R,80,0,0,0,,,1751486,5433048,-41.23978784,174.8077553
Wellington City,1N/1060/6.917,300,N, ,TYERS ROAD,2853490,18/06/08,Wed,1440,FD,CN1T,363A 370A 902 ,,E,D,B ,F , ,N,R,80,0,0,0,,,1751528,5433011,-41.2401131,174.8082655
Wellington City,1N/1060/6.917,300,N, ,TYERS ROAD,2855119,21/08/08,Thu,1622,AA,CN1V,181A 197A 372A ,G,E,D,B ,F , ,N,C,80,0,0,0,,,1751528,5433011,-41.2401131,174.8082655
Wellington City,1N/1060/6.924,350,N, ,CENTENNIAL SBD,2811820,17/04/08,Thu,1800,DB,VS1CCC,111A 135A 197B 801 901 ,G,E,W,DO,H , ,N,R,80,0,0,2,,,1751549,5433010,-41.24011817,174.8085162
Wellington City,1N/1060/6.942,700,S, ,NEWLANDS OFF NBD,2850659,10/02/08,Sun,1814,AF,CN1,103A 137A ,G,R,W,O ,L , ,N,N,80,0,0,0,,,1751545,5432993,-41.24027197,174.8084727
Wellington City,1N/1060/7,1000,S, ,NEWLANDS ON SBD,2854930,21/08/08,Thu,730,QO,TS1E,668A ,,M,D,B ,F , ,N,R,80,0,0,0,,,1751596,5432950,-41.24064956,174.8090917
Wellington City,1N/1060/7.017,200,N, ,LOWER TYERS ROAD,2856677,12/12/08,Fri,720,DA,CN1,111A 132A ,P,E,W,O ,F , ,N,R,80,0,0,0,,,1751590,5432933,-41.24080374,174.8090244
Wellington City,1N/1060/7.017,200,N, ,TYERS ROAD,2856721,20/12/08,Sat,2334,DB,4N1,103A ,G,E,W,DO,L , ,N,R,80,0,0,0,,,1751590,5432933,-41.24080374,174.8090244
Wellington City,1N/1060/7.017,200,N, ,TYERS ROAD,2852244,9/04/08,Wed,1653,FD,CN1CCC,181A ,,R,D,O ,F , ,N,R,80,0,0,0,,,1751590,5432933,-41.24080374,174.8090244
Wellington City,1N/1060/7.017,200,N, ,TYERS ROAD,2854676,3/08/08,Sun,105,CB,CN1,111A 135A 801 901 ,C,R,W,DO,H , ,N,R,80,0,0,0,,,1751590,5432933,-41.24080374,174.8090244
Wellington City,1N/1060/7.074,200,N, ,CENTENNIAL SBD,2812689,5/08/08,Tue,710,FD,VE1C,111A 181A ,,E,W,O ,F , ,N,R,100,0,0,3,,,1751642,5432892,-41.24116313,174.8096548
Wellington City,1N/1060/7.075,200,N, ,CENTENNIAL SBD,2856506,5/12/08,Fri,837,AC,TS1S,183A ,,E,D,O ,F , ,N,R,100,0,0,0,,44,1751642,5432892,-41.24116313,174.8096548
Wellington City,1N/1060/7.075,200,N, ,CENTENNIAL SBD,2855288,31/07/08,Thu,830,FA,MS1C,385A ,,E,W,O ,H , ,N,R,50,0,0,0,,,1751642,5432892,-41.24116313,174.8096548
Wellington City,1N/1060/7.075,200,N, ,CENTENNIAL SBD,2855349,27/06/08,Fri,900,AA,CS1C,196A 372A ,G,E,W,O ,F , ,N,R,80,0,0,0,,,1751642,5432892,-41.24116313,174.8096548
Wellington City,1N/1060/7.075,200,W, ,CENTENNIAL SBD,2853215,4/06/08,Wed,1924,FD,CS1CC,181A ,,E,W,DO,L , ,N,R,80,0,0,0,,,1751642,5432892,-41.24116313,174.8096548
Wellington City,1N/1060/7.114,160,N, ,CENTENNIAL SBD,2854928,26/08/08,Tue,905,DB,TS1C,111A 135A 801 901 ,,E,W,O ,H , ,N,R,80,0,0,0,,,1751668,5432862,-41.24142835,174.8099724
Wellington City,1N/1060/7.167,50,N, ,TYERS ROAD,2857203,23/10/08,Thu,950,DA,VN1,137A ,CG,E,W,O ,L , ,N,R,80,0,0,0,,,1751687,5432819,-41.24181193,174.8102097
Wellington City,1N/1060/7.175,100,N, ,CENTENNIAL SBD,2856883,16/12/08,Tue,1528,FD,CS1CB,181A 191B 198B 821 ,,R,D,O ,F , ,N,R,100,0,0,0,,,1751714,5432823,-41.24177085,174.8105308
Wellington City,1N/1060/7.176,40,N, ,TYERS ROAD,2852591,17/04/08,Thu,1927,AC,VW1V,111A 135A 801 ,G,E,W,DO,L , ,N,R,80,0,0,0,,,1751695,5432814,-41.24185545,174.8103064
Wellington City,1N/1060/7.214,60,N, ,CENTENNIAL SBD,2812858,8/09/08,Mon,1345,CB,MS1,132A 181A ,G,R,W,O ,H , ,N,R,80,0,0,1,,,1751748,5432803,-41.24194454,174.8109413
Wellington City,1N/1060/7.216,, ,I,TYERS ROAD,2852595,1/05/08,Thu,700,DA,CW1T,110A 135A 801 ,,E,W,O ,H ,T,N,R,80,0,0,0,,,1751729,5432793,-41.24203814,174.8107172
Wellington City,1N/1060/7.216,, ,I,TYERS ROAD,2854806,2/09/08,Tue,2035,DB,CN1,111A 131A ,IS,M,D,DO,F ,T,N,R,100,0,0,0,,,1751729,5432793,-41.24203814,174.8107172
Wellington City,1N/1060/7.216,, ,I,TYERS ROAD,2855443,6/10/08,Mon,1516,FD,CN1C,112A 181A ,,R,D,O ,F ,T,N,R,80,0,0,0,,,1751729,5432793,-41.24203814,174.8107172
Wellington City,1N/1060/7.225,50,N, ,CENTENNIAL SBD,2856358,4/09/08,Thu,845,FD,CS1C,181A 353A ,,E,D,O ,F , ,N,R,80,0,0,0,,,1751757,5432797,-41.24199687,174.8110502
Wellington City,1N/1060/7.225,50,N, ,CENTENNIAL SBD,2855877,28/08/08,Thu,735,FD,CS1C,181A ,,E,D,O ,F , ,N,R,80,0,0,0,,,1751757,5432797,-41.24199687,174.8110502
Wellington City,1N/1060/7.225,50,N, ,CENTENNIAL SBD,2813176,7/10/08,Tue,752,FD,CS14,331A 353A ,,E,W,O ,H , ,N,R,80,0,0,1,,,1751757,5432797,-41.24199687,174.8110502
Wellington City,1N/1060/7.266,50,S, ,TYERS ROAD,2855137,30/09/08,Tue,1707,AC,TN1CC,372A 671A ,,E,D,B ,F , ,N,R,80,0,0,0,,,1751774,5432772,-41.24221877,174.8112592
Wellington City,1N/1060/7.274,, ,I,CENTENNIAL SBD,2813272,9/09/08,Tue,835,AO,4E1M,372A 370B ,,E,D,O ,F ,T,N,P,100,0,0,1,,,1751801,5432776,-41.24217768,174.8115802
Wellington City,1N/1060/7.374,100,S, ,CENTENNIAL SBD,2813387,7/08/08,Thu,520,DA,VS1,135A 801 ,G,E,W,DO,H , ,N,R,100,0,0,1,,,1751890,5432731,-41.24256612,174.812653
Wellington City,1N/1060/7.756,500,N, ,SH 2,2857177,20/12/08,Sat,2355,DB,CN1C,132A 801 ,,E,W,DO,H , ,N,R,80,0,0,0,,,1752049,5432406,-41.24546232,174.8146306
Wellington City,1N/1060/7.947,350,N, ,SH 2,2813448,10/05/08,Sat,500,DA,CS1,110A 134A ,G,E,W,DO,H , ,N,R,100,0,0,3,,,1752050,5432220,-41.24713675,174.8146889
Wellington City,1N/1060/8.196,60,E, ,WILLIS ST,2813428,14/10/08,Tue,1905,NA,CW1E,713B ,,R,D,TO,F , ,N,C,50,0,0,1,,,1751819,5432055,-41.24866571,174.8119743
Wellington City,1N/1068/0.1,100,S, ,SH 2,2851920,18/04/08,Fri,1200,CB,TS1C,372A ,,R,D,B ,F , ,N,R,100,0,0,0,,,1751708,5431940,-41.24972194,174.8106787
Wellington City,1N/1068/0.1,100,S, ,SH 2,2850602,29/01/08,Tue,707,AC,4S1CC,370A ,GD,R,D,O ,F , ,N,R,100,0,0,0,,,1751708,5431940,-41.24972194,174.8106787
Wellington City,1N/1068/0.1,100,S, ,SH 2,2851584,8/02/08,Fri,1415,FA,CN1V,381A ,,R,D,B ,F , ,N,R,100,0,0,0,,,1751695,5431955,-41.24958932,174.8105199
Wellington City,1N/1068/0.2,200,S, ,SH 2,2812205,4/04/08,Fri,133,AA,CS1,103A 111A ,G,E,D,DO,F , ,N,R,100,0,1,2,,,1751625,5431883,-41.2502507,174.8097027
Wellington City,1N/1068/0.3,300,S, ,SH 2,2855170,30/09/08,Tue,835,FD,VS14V,181A ,,R,W,O ,L , ,N,R,100,0,0,0,,,1751542,5431828,-41.25076145,174.8087262
Wellington City,1N/1068/0.709,1800,N, ,AOTEA ON NBD,2853329,8/05/08,Thu,1620,AA,CN1C,359A ,G,R,D,B ,F , ,N,R,100,0,0,0,,,1751237,5431558,-41.25324947,174.8051546
Wellington City,1N/1068/0.8,800,S, ,SH 2,2856449,18/11/08,Tue,1612,DB,CN1,131A 402A ,G,E,W,O ,L , ,N,R,100,0,0,0,,,1751166,5431502,-41.25376694,174.8043214
Wellington City,1N/1068/0.8,800,S, ,SH 2,2812739,22/06/08,Sun,100,DB,VN1,101A ,G,E,D,DO,F , ,N,R,100,0,0,1,,,1751166,5431502,-41.25376694,174.8043214
Wellington City,1N/1068/0.834,2000,N, ,AOTEA OFF SBD,2812088,7/05/08,Wed,810,AA,4S1M,159A 381A ,G,R,D,B ,F , ,N,R,100,0,0,1,,,1751148,5431470,-41.25405842,174.8041146
Wellington City,1N/1068/0.834,2000,N, ,AOTEA QUAY,2856105,11/11/08,Tue,1035,AO,CS1C,386A ,,R,D,B ,F , ,N,R,100,0,0,0,,,1751148,5431470,-41.25405842,174.8041146
Wellington City,1N/1068/1,1000,S, ,SH 2,2857360,18/11/08,Tue,1815,AO,MN1C,151A 385A ,,R,D,B ,F , ,N,R,100,0,0,0,,,1750995,5431398,-41.25473526,174.8023071
Wellington City,1N/1068/1,1000,S, ,SH 2,2853970,13/07/08,Sun,1142,CB,CS1,400A 405A ,G,R,D,O ,F , ,N,R,100,0,0,0,,,1751006,5431385,-41.25485024,174.8024415
Wellington City,1N/1068/1.009,1500,N, ,AOTEA ON NBD,2812638,8/06/08,Sun,315,FA,CN1C,102A 112A 386A ,GG,R,W,DO,L , ,N,R,100,0,0,1,,,1750986,5431395,-41.25476395,174.8022004
Wellington City,1N/1068/1.334,1500,N, ,AOTEA OFF SBD,2857312,24/10/08,Fri,830,FD,CS1C,181A ,,R,W,O ,F , ,N,R,100,0,0,0,,,1750694,5431266,-41.25597988,174.7987486
Wellington City,1N/1068/1.509,1000,N, ,AOTEA ON NBD,2812633,30/07/08,Wed,1650,FD,CN1CC,181A ,,E,W,TO,L , ,N,R,100,0,0,1,,,1750529,5431196,-41.25664086,174.7967973
Wellington City,1N/1068/1.709,800,N, ,AOTEA ON NBD,2857149,18/12/08,Thu,416,MO,CN1,130A 402A ,G,R,D,DO,F , ,N,R,100,0,0,0,,,1750359,5431092,-41.25760886,174.7947947
Wellington City,1N/1068/1.834,1000,N, ,AOTEA OFF SBD,2850184,3/01/08,Thu,1909,AA,CS14,372A ,,E,D,B ,F , ,N,R,100,0,0,0,,,1750275,5430998,-41.25847081,174.7938156
Wellington City,1N/1068/1.909,600,N, ,AOTEA ON NBD,2855418,14/10/08,Tue,1145,QG,CN1C,682A 370B ,Q,E,D,O ,F , ,N,R,100,0,0,0,,,1750211,5430958,-41.25884284,174.7930619
Wellington City,1N/1068/2.009,500,N, ,AOTEA ON NBD,2852243,9/04/08,Wed,1325,FD,CN1C,181A 191B 817 ,,R,D,O ,F , ,N,R,100,0,0,0,,,1750146,5430882,-41.25953918,174.792305
Wellington City,1N/1068/2.059,450,N, ,AOTEA ON NBD,2811919,28/03/08,Fri,1444,DB,CN1,501A ,G,E,D,B ,F , ,N,R,100,0,0,1,,,1750116,5430841,-41.25991389,174.7919572
Wellington City,1N/1068/2.209,300,N, ,AOTEA ON NBD,2852588,23/05/08,Fri,2245,DA,CN1C4,103A 111A 632A 137C ,G,E,W,DO,L , ,N,R,100,0,0,0,,,1750027,5430721,-41.26101083,174.7909248
Wellington City,1N/1068/2.234,600,N, ,AOTEA OFF SBD,2811233,22/01/08,Tue,2030,AD,CS1,102A 135A 801 ,G,E,W,DO,L , ,N,R,100,0,1,0,,,1750020,5430690,-41.26129124,174.7908489
Wellington City,1N/1068/2.309,200,N, ,AOTEA ON NBD,2811833,19/02/08,Tue,2310,AG,CN1X,103A 112A 631A ,G,R,D,DO,F , ,N,P,100,0,0,1,,,1749952,5430655,-41.26161898,174.7900461
Wellington City,1N/1068/2.334,500,E, ,AOTEA OFF SBD,2851742,7/03/08,Fri,1245,DA,TS1,135A 903 ,GP,M,D,B ,FS, ,N,R,100,0,0,0,,,1749940,5430631,-41.26183729,174.7899089
Wellington City,1N/1068/2.334,500,N, ,AOTEA OFF SBD,2856341,7/11/08,Fri,111,DB,CS1,111A 517A ,G,E,W,DO,F , ,N,R,100,0,0,0,,,1749940,5430631,-41.26183729,174.7899089
Wellington City,1N/1068/2.434,400,N, ,AOTEA OFF SBD,2854473,23/07/08,Wed,1858,CA,CS1X,111A 431A ,G,E,W,DO,LS, ,N,R,100,0,0,0,,,1749855,5430579,-41.26232123,174.7889074
Wellington City,1N/1068/2.509,, ,I,AOTEA ON NBD,2811429,16/02/08,Sat,730,CC,4N1,137A 363A ,G,R,D,B ,F ,T,N,R,100,0,0,1,,,1749782,5430550,-41.26259587,174.7880435
Wellington City,1N/1068/2.509,, ,I,AOTEA ON NBD,2812688,2/08/08,Sat,10,DA,CN1,198A 407A ,G,E,W,DO,L ,T,N,R,100,0,0,1,,,1749782,5430550,-41.26259587,174.7880435
Wellington City,1N/1068/2.509,, ,I,AOTEA ON NBD,2854619,29/08/08,Fri,2144,BO,CN14,201A 514A 602A ,,R,D,DO,F ,T,N,R,100,0,0,0,,,1749782,5430550,-41.26259587,174.7880435
Wellington City,1N/1068/2.514,320,N, ,AOTEA OFF SBD,2812762,12/07/08,Sat,2244,DB,CS1,104A 111A 131A ,G,E,W,DO,F , ,N,C,100,0,0,1,,,1749789,5430534,-41.26273863,174.788131
Wellington City,1N/1068/2.534,300,N, ,AOTEA OFF SBD,2855709,19/07/08,Sat,945,DA,CS1,111A 135A 801 ,G,E,W,O ,H , ,N,R,100,0,0,0,,,1749774,5430521,-41.26285845,174.7879552
Wellington City,1N/1068/2.534,300,N, ,AOTEA OFF SBD,2851878,18/03/08,Tue,2105,AC,CS1T,103A 372A ,,R,D,DO,F , ,N,R,100,0,0,0,,,1749774,5430521,-41.26285845,174.7879552
Wellington City,1N/1068/2.559,50,S, ,AOTEA ON NBD,2851130,5/03/08,Wed,1700,AA,CN1C,372A ,,R,D,B ,F , ,N,R,100,0,0,0,,,1749748,5430513,-41.2629353,174.7876469
Wellington City,1N/1068/2.584,250,E, ,AOTEA OFF SBD,2810064,25/10/08,Sat,2155,DB,CS1,111A 131A 532A ,G,E,W,DO,L , ,N,R,100,2,0,1,,,1749741,5430484,-41.26319769,174.7875705
Wellington City,1N/1068/2.634,200,N, ,AOTEA OFF SBD,2853270,29/05/08,Thu,853,FD,TS1CC,501A ,,R,D,B ,F , ,N,R,100,0,0,0,,,1749711,5430443,-41.26357239,174.7872226
Wellington City,1N/1068/2.634,200,N, ,AOTEA OFF SBD,2852513,20/05/08,Tue,1240,AA,CS14,372A 671A ,G,R,D,O ,F , ,N,R,100,0,0,0,,,1749711,5430443,-41.26357239,174.7872226
Wellington City,1N/1068/2.634,200,N, ,AOTEA QUAY,2813572,7/11/08,Fri,149,EB,CS1CT,103A 331A ,Q,R,W,DO,F , ,N,R,100,0,0,1,,,1749711,5430443,-41.26357239,174.7872226
Wellington City,1N/1068/2.684,150,E, ,AOTEA OFF SBD,2812801,13/08/08,Wed,1505,FA,CS1T,112A 331A 359A 817 ,,R,D,O ,F , ,N,R,100,0,0,1,,,1749682,5430403,-41.2639379,174.7868864
Wellington City,1N/1068/2.784,50,N, ,AOTEA OFF SBD,2813198,7/08/08,Thu,459,FA,CS1V,512A 517A ,G,E,D,DO,F , ,N,R,100,0,0,1,,,1749624,5430321,-41.26468693,174.7862144
Wellington City,1N/1068/2.784,50,N, ,AOTEA OFF SBD,2854031,1/08/08,Fri,2250,DA,CS1,130A 400A 407A ,G,E,W,DO,L , ,N,R,100,0,0,0,,,1749624,5430321,-41.26468693,174.7862144
Wellington City,AOTEA OFF SBD,, ,I,1N/1068/2.834,2812727,19/07/08,Sat,7,DB,CS2,111A ,G,E,W,DO,L ,Y,N,N,100,0,0,1,,,1749592,5430282,-41.26504399,174.7858422
Wellington City,1N/1068/2.984,150,S, ,AOTEA OFF SBD,2855975,17/10/08,Fri,919,CA,4S1C,137A ,,R,D,O ,F , ,N,C,100,0,0,0,,,1749494,5430169,-41.26607951,174.7847005
Wellington City,1N/1068/3.62,80,N, ,MAY ON NBD,2853126,23/05/08,Fri,1118,AA,CN1C,381A 817 ,,R,W,O ,L , ,N,R,100,0,0,0,,,1749084,5429689,-41.27047694,174.7799255
Wellington City,1N/1068/3.63,70,N, ,MAY ON NBD,2851310,7/03/08,Fri,1630,FD,CN1C,331A 352A ,,R,D,O ,F , ,N,R,100,0,0,0,,,1749076,5429683,-41.27053243,174.7798315
Wellington City,1N/1068/3.7,, ,I,MAY ON NBD,2853214,23/05/08,Fri,1046,FD,CN1C,370A 817 ,,R,W,O ,L ,Y,N,R,100,0,0,0,,,1749021,5429640,-41.27092973,174.7791856
Wellington City,1N/1068/3.803,340,N, ,TINAKORI ON NBD,2852378,15/04/08,Tue,1100,AF,CN1,137A 817 ,G,R,W,O ,H , ,N,R,100,0,0,0,,,1748941,5429574,-41.27153871,174.7782471
Wellington City,1N/1068/3.922,20,N, ,HAWKESTONE OFF SBD,2852029,26/02/08,Tue,825,FA,TS1C,181A 385A ,,R,D,B ,F , ,N,R,100,0,0,0,,,1748870,5429476,-41.27243414,174.7774237
Wellington City,1N/1068/4,300,S, ,MAY ON NBD,2853997,23/07/08,Wed,1716,AA,CN1X,110A 380A 645A ,,E,W,TF,H , ,N,R,100,0,0,0,,,1748808,5429430,-41.27285972,174.776695
Wellington City,1N/1068/4.113,30,N, ,TINAKORI ON NBD,2813368,18/10/08,Sat,800,DB,CN1VE,103A 132A ,JM,E,D,B ,F ,Y,N,R,100,0,1,0,,,1748730,5429348,-41.27361238,174.7757842
Wellington City,1N/1068/4.143,, ,I,TINAKORI ON NBD,2812376,23/05/08,Fri,1130,FD,CN1CC,111A 331A 817 ,,E,W,O ,L ,Y,N,R,100,0,0,1,,,1748709,5429326,-41.27381432,174.775539
Wellington City,1N/1068/4.527,20,N, ,HAWKESTONE ON SBD,2854798,10/09/08,Wed,1540,FD,4S1C,110A 181A ,,E,W,O ,F , ,N,R,100,0,0,0,,,1748524,5428992,-41.27685552,174.7734125
Wellington City,1N/1068/4.651,200,N, ,TINAKORI OFF NBD,2857351,22/11/08,Sat,1145,CA,CN1,135A 662A 683A 903 ,,R,D,B ,FS, ,N,R,100,0,0,0,,,1748504,5428882,-41.27784958,174.7732007
Wellington City,1N/1068/4.697,20,N, ,TERRACE OFF SBD,2850989,24/02/08,Sun,1700,FA,CS1C,132A 181A 402A 191B 801 ,,R,W,O ,L ,Y,N,R,100,0,0,0,,,1748524,5428822,-41.27838611,174.773454
Wellington City,1N/1068/4.717,, ,A,TERRACE OFF SBD,2857185,22/12/08,Mon,1240,AO,VS1C,386A 372B ,,R,D,B ,F , ,N,R,100,0,0,0,,,1748525,5428802,-41.278566,174.7734708
Wellington City,1N/1068/4.717,, ,I,TERRACE OFF SBD,2856435,13/11/08,Thu,1850,AC,CS1C,372A ,,E,D,B ,F ,Y,N,R,100,0,0,0,,,1748525,5428802,-41.278566,174.7734708
Wellington City,1N/1068/4.901,50,S, ,TINAKORI OFF NBD,2856751,16/10/08,Thu,1620,AA,CN1C,372A 671A 180B ,,R,D,B ,F , ,N,R,100,0,0,0,,,1748516,5428632,-41.28009824,174.7734048
Wellington City,1N/1068/4.911,60,S, ,TINAKORI OFF NBD,2856436,12/11/08,Wed,1723,FD,CN1C,111A 632A ,,E,D,B ,F , ,N,R,100,0,0,0,,,1748517,5428623,-41.28017909,174.773419
Wellington City,1N/1068/4.917,200,S, ,TERRACE OFF SBD,2811831,17/01/08,Thu,745,FD,CS14,181A ,,R,D,B ,F , ,N,R,100,0,0,1,,,1748529,5428602,-41.28036596,174.7735673
Wellington City,1N/1068/4.931,80,S, ,TINAKORI OFF NBD,2851953,16/04/08,Wed,2216,FD,XN1C,181A ,,R,D,DO,F , ,N,R,100,0,0,0,,,1748519,5428603,-41.28035879,174.7734477
Wellington City,1N/1068/4.951,100,S, ,TINAKORI OFF NBD,2850685,14/02/08,Thu,1550,AC,CN1T,381A ,,R,D,O ,F , ,N,R,100,0,0,0,,,1748521,5428583,-41.2805385,174.7734765
Wellington City,1N/1068/4.974,200,N, ,CLIFTON ON NBD,2812780,8/03/08,Sat,411,DB,CN1,103A 111A ,G,E,D,DO,F , ,N,R,100,0,0,5,,,1748524,5428561,-41.28073602,174.7735176
Wellington City,1N/1068/5.044,130,N, ,CLIFTON ON NBD,2854929,4/09/08,Thu,1720,AA,CN1C,137A 135B 801 ,,E,W,DN,L , ,N,R,100,0,0,0,,,1748531,5428491,-41.28136498,174.7736182
Wellington City,1N/1068/5.101,250,S, ,TINAKORI OFF NBD,2855704,28/07/08,Mon,1945,AA,VN1C,110A 372A ,,R,D,DN,F , ,N,R,80,0,0,0,,,1748537,5428434,-41.28187707,174.7737038
Wellington City,1N/1068/5.124,50,N, ,CLIFTON TERRACE,2856842,24/12/08,Wed,1745,AD,VN1,103A 112A 159A 901 ,G,R,W,O ,H , ,N,R,100,0,0,0,,,1748539,5428411,-41.28208378,174.7737332
Wellington City,1N/1068/5.173,, ,I,CLIFTON ON NBD,2856846,7/07/08,Mon,2145,FD,CN1CC,331A 353A 181C 817 ,,E,D,DO,F ,T,N,R,100,0,0,0,,,1748541,5428361,-41.28253359,174.7737693
Wellington City,1N/1068/5.203,1000,N, ,KARO DR,2855520,24/09/08,Wed,945,AC,TN1C,372A 671A ,,E,D,O ,FS, ,N,L,80,0,0,0,,,1748540,5428332,-41.28279487,174.7737644
Wellington City,1N/1068/5.217,500,S, ,TERRACE OFF SBD,2855872,10/07/08,Thu,915,AC,4S1V,159A ,,E,D,B ,F , ,N,R,100,0,0,0,,,1748546,5428304,-41.28304587,174.7738429
Wellington City,1N/1068/5.406,300,N, ,NORTH PORTAL SBD,2854797,8/09/08,Mon,1745,FD,CS1V,110A 181A ,,E,W,O ,L , ,N,R,80,0,0,0,,,1748482,5428127,-41.28465125,174.7731221
Wellington City,1N/1068/5.406,300,N, ,NORTH PORTAL SBD,2853439,6/07/08,Sun,1405,AA,CS1C,372A 671A ,,R,D,O ,F , ,N,R,100,0,0,0,,,1748482,5428127,-41.28465125,174.7731221
Wellington City,1N/1068/5.506,200,N, ,NORTH PORTAL SBD,2853530,17/06/08,Tue,1004,FD,TS1CV,181A ,,R,D,O ,F , ,N,R,100,0,0,0,,,1748442,5428036,-41.28547792,174.7726669
Wellington City,1N/1068/5.517,800,S, ,TERRACE OFF SBD,2813805,24/12/08,Wed,1330,FD,VS1CC4,331A 351A ,,E,W,O ,H , ,N,R,80,0,0,2,,,1748437,5428025,-41.28557788,174.7726099
Wellington City,1N/1068/5.606,100,N, ,NORTH PORTAL SBD,2850378,23/01/08,Wed,1800,FD,CS1CC,331A 359A ,,R,D,B ,F , ,N,R,100,0,0,0,,,1748403,5427944,-41.28631341,174.7722238
Wellington City,1N/1068/5.831,130,S, ,NORTH PORTAL SBD,2813767,9/12/08,Tue,900,FD,CS1VT,331A 181B ,,E,D,O ,H , ,N,L,80,0,0,1,,,1748348,5427728,-41.28826827,174.7716199
Wellington City,1N/1068/5.89,280,N, ,SOUTH PORTAL,2854947,14/09/08,Sun,1845,FD,CN1C,181A 191B ,,R,D,DN,F , ,N,N,80,0,0,0,,,1748348,5427669,-41.28879947,174.7716343
Wellington City,1N/1068/5.97,200,N, ,SOUTH PORTAL,2812783,17/05/08,Sat,1216,QG,4S1MC,130A 665A 181C ,,R,D,O ,F , ,N,L,80,0,1,0,,,1748346,5427589,-41.28952012,174.7716299
Wellington City,1N/1068/6.07,400,N, ,WILLIS ST,2850792,11/02/08,Mon,1015,BF,4S14,631A ,,M,D,O ,F , ,N,L,100,0,0,0,,,1748347,5427489,-41.29042028,174.7716662