TLA NAME,CRASH ROAD,CRASH DIST,CRASH DIRN,INTSN,SIDE ROAD,CRASH ID,CRASH DATE,CRASH DOW,CRASH TIME,MVMT,VEHICLES,CAUSES,OBJECTS STRUCK,ROAD CURVE,ROAD WET,LIGHT,WTHRa,JUNC TYPE,TRAF CTRL,ROAD MARK,SPD LIM,CRASH FATAL CNT,CRASH SEV CNT,CRASH MIN CNT,PERS AGE1,PERS AGE2,EASTING,NORTHING,latitude,longitude
Wellington City,1N/1068/6.12,50,N, ,SOUTH PORTAL,2813293,27/09/08,Sat,2058,BC,CN1CC,121A 191B 181C ,B,E,D,DN,H , ,N,L,80,0,0,2,,,1748350,5427439,-41.2908699,174.7717142
Wellington City,1N/1068/6.13,40,N, ,SOUTH PORTAL,2856704,12/12/08,Fri,1723,FD,CS1CC,112A 181C ,,R,W,O ,L , ,N,L,80,0,0,0,,,1748351,5427429,-41.29095975,174.7717285
Wellington City,1N/1068/6.153,50,N, ,KARO DRIVE,2857025,19/12/08,Fri,1005,FA,4N1C,181A 403B 422B 651B ,,E,W,O ,L , ,N,C,80,0,0,0,,,1748352,5427416,-41.29107662,174.7717436
Wellington City,1N/1068/6.165,5,N, ,SOUTH PORTAL,2853279,21/06/08,Sat,1255,FD,CS14,181A ,,R,D,B ,F , ,N,L,80,0,0,0,,,1748353,5427394,-41.29127451,174.7717609
Wellington City,1N/1075/0.02,20,S, ,SOUTH PORTAL,2851153,8/03/08,Sat,1440,FD,CS1CC,181A 351A ,,E,D,B ,F , ,N,L,80,0,0,0,,,1748355,5427369,-41.29149923,174.7717909
Wellington City,1N/1075/0.1,100,S, ,SOUTH PORTAL,2850631,11/02/08,Mon,1810,FD,CS1C,331A 351A ,,E,D,B ,F , ,N,R,100,0,0,0,,,1748357,5427289,-41.29221914,174.7718343
Wellington City,1N/1075/0.124,30,W, ,WILLIS ST,2851889,21/02/08,Thu,,FD,4E1C,331A ,,R,D,B ,F ,X,T,C,50,0,0,0,,,1748431,5427297,-41.29213351,174.7727157
Wellington City,1N/1075/0.205,, ,I,VIVIAN ST,2852182,5/04/08,Sat,210,GF,CN1C,102A 176A 400A ,,R,W,DO,L ,X,T,C,50,0,0,0,,,1748331,5427165,-41.29334035,174.7715541
Wellington City,1N/1075/0.228,, ,I,VIVIAN ST,2850113,7/01/08,Mon,2201,KB,CS1C,322A 330A ,,R,W,DO,L ,X,T,R,50,0,0,0,,,1748331,5427165,-41.29334035,174.7715541
Wellington City,1N/1075/0.255,50,S, ,VIVIAN ST,2850979,15/03/08,Sat,100,MC,XS1X,372A ,,R,D,DO,F , ,N,C,50,0,0,0,,,1748355,5427122,-41.29372308,174.7718511
Wellington City,1N/1075/0.277,, ,I,WILLIS ST,2853663,25/06/08,Wed,1245,DB,CE1,110A 132A 514A ,IS,E,D,O ,F ,X,T,R,50,0,0,0,,,1748371,5427107,-41.29385519,174.7720458
Wellington City,1N/1075/0.35,50,E, ,WILLIS ST,2853477,17/04/08,Thu,2230,FD,CW1C,181A ,,R,W,DO,L , ,N,C,50,0,0,0,,,1748416,5427085,-41.294045,174.7725883
Wellington City,1N/1075/0.357,, ,I,VICTORIA ST,2813039,15/09/08,Mon,1426,GA,CS2C,331A ,,R,D,O ,F ,X,T,R,50,0,0,1,,,1748444,5427073,-41.29414789,174.7729255
Wellington City,1N/1075/0.357,, ,I,VICTORIA ST,2855806,30/10/08,Thu,1940,HA,CS2C,322B ,,R,D,B ,F ,X,T,C,50,0,0,0,,,1748444,5427073,-41.29414789,174.7729255
Wellington City,VICTORIA ST,, ,I,VIVIAN ST,2852209,28/02/08,Thu,1700,AC,CS1CC,372A 137B ,,R,D,O ,F ,X,T,C,50,0,0,0,,,1748444,5427073,-41.29414789,174.7729255
Wellington City,1N/1075/0.41,, ,I,WALTER ST,2856169,3/11/08,Mon,1200,AC,TE1V,372A 671A ,,R,D,B ,F ,T,N,C,50,0,0,0,,,1748491,5427050,-41.29434632,174.7734922
Wellington City,1N/1075/0.431,, ,I,WILLIS ST,2853999,3/08/08,Sun,1425,FD,CN1C,181A ,,R,D,O ,F ,X,T,C,50,0,0,0,,,1748300,5426947,-41.2953088,174.7712372
Wellington City,1N/1075/0.431,, ,I,WILLIS ST,2813417,19/10/08,Sun,300,DA,CN1,103A 136A 631A ,HJ,E,D,DO,F ,X,T,C,50,0,0,1,,,1748300,5426947,-41.2953088,174.7712372
Wellington City,1N/1075/0.454,, ,I,WILLIS ST,2857014,26/11/08,Wed,925,AA,CN2T,372A 402A 671B ,,R,D,O ,F ,X,T,C,50,0,0,0,,,1748300,5426947,-41.2953088,174.7712372
Wellington City,1N/1075/0.516,20,W, ,CUBA ST,2853795,5/06/08,Thu,1530,FD,CS1V,331A ,,R,D,B ,F , ,N,C,50,0,0,0,,,1748589,5427008,-41.29470643,174.7746724
Wellington City,VICTORIA ST,, ,I,1N/1075/0.524,2813193,21/09/08,Sun,1214,DA,CS1CCC,102A 131A 501A ,,E,D,O ,F ,X,T,C,50,0,0,1,,,1748338,5426862,-41.29606711,174.7717115
Wellington City,1N/1075/0.536,, ,I,CUBA ST,2851589,15/02/08,Fri,1700,NA,CE1E,718B ,,R,D,O ,F ,X,T,C,50,0,0,0,,,1748607,5427000,-41.29477515,174.7748892
Wellington City,1N/1075/0.536,, ,I,CUBA ST,2813665,6/12/08,Sat,1530,FD,ME1C,113A 181A 402A ,,R,D,B ,F ,X,T,P,50,0,0,1,,,1748607,5427000,-41.29477515,174.7748892
Wellington City,1N/1075/0.547,, ,I,VICTORIA ST,2853883,23/07/08,Wed,1452,FE,TS2C,181A ,,R,W,O ,HS,X,T,C,50,0,0,0,,,1748338,5426862,-41.29606711,174.7717115
Wellington City,1N/1075/0.611,, ,I,DUNLOP TERRACE,2852929,9/05/08,Fri,1734,QD,CS2,428A ,H,R,W,DO,H ,T,G,C,50,0,0,0,,,1748655,5426979,-41.29495538,174.7754674
Wellington City,1N/1075/0.616,15,W, ,MARION ST,2856789,12/12/08,Fri,1710,FD,CE1C,181A ,,R,W,O ,L , ,N,C,50,0,0,0,,,1748680,5426968,-41.29504981,174.7757685
Wellington City,1N/1075/0.663,, ,I,KNIGGES AVENUE,2855699,2/08/08,Sat,1940,GC,CE1C,171B 372B ,,R,W,DO,L ,T,N,C,50,0,0,0,,,1748723,5426949,-41.29521296,174.7762865
Wellington City,1N/1075/0.679,, ,I,CUBA ST,2813319,26/05/08,Mon,930,HA,CW1T,322B ,,R,W,O ,L ,X,T,C,50,0,0,1,,,1748427,5426763,-41.29694209,174.7727982
Wellington City,1N/1075/0.679,, ,I,CUBA ST,2850298,14/01/08,Mon,852,AA,VW1C,359A 372A ,,R,D,B ,F ,X,T,C,50,0,0,0,,,1748427,5426763,-41.29694209,174.7727982
Wellington City,1N/1075/0.679,, ,I,CUBA ST,2852885,14/06/08,Sat,1425,GC,TW1C,355A 372A ,,R,D,O ,F ,X,T,C,50,0,0,0,,,1748427,5426763,-41.29694209,174.7727982
Wellington City,1N/1075/0.739,, ,I,TARANAKI ST,2852108,26/03/08,Wed,353,HA,VS2C,101A 322A ,,R,D,DO,F ,X,T,R,50,0,0,0,,,1748792,5426917,-41.29548835,174.777118
Wellington City,1N/1075/0.739,, ,I,TARANAKI ST,2811978,21/01/08,Mon,2020,HA,4E1C,103B 322B ,S,R,D,O ,F ,X,T,C,50,0,0,1,,,1748792,5426917,-41.29548835,174.777118
Wellington City,1N/1075/0.739,, ,I,TARANAKI ST,2855996,12/10/08,Sun,809,CB,CE1,103A 410A ,P,R,D,B ,F ,X,T,C,50,0,0,0,,,1748792,5426917,-41.29548835,174.777118
Wellington City,1N/1075/0.739,, ,I,TARANAKI ST,2811674,25/03/08,Tue,2305,HA,CW1C,103B ,J,R,D,DO,F ,X,T,R,50,0,0,2,,,1748792,5426917,-41.29548835,174.777118
Wellington City,TARANAKI ST,, ,I,1N/1075/0.739,2813419,10/10/08,Fri,2038,NB,CS1E,713B ,,R,D,DO,F ,X,T,R,50,0,0,1,20,,1748792,5426917,-41.29548835,174.777118
Wellington City,TARANAKI ST,, ,I,1N/1075/0.739,2813207,2/09/08,Tue,2255,MG,PS1C,371B ,,R,D,DO,F ,X,T,C,50,0,0,2,,,1748792,5426917,-41.29548835,174.777118
Wellington City,1N/1075/0.789,50,E, ,TARANAKI ST,2851594,1/03/08,Sat,1515,GC,CE14,174B 372B 927 ,,R,W,O ,L ,D,N,C,50,0,0,0,,,1748837,5426897,-41.29566012,174.7776601
Wellington City,1N/1075/0.936,, ,I,TARANAKI ST,2812653,28/02/08,Thu,645,LB,SN2C,303B ,,R,D,TO,F ,X,T,C,50,0,0,1,,42,1748678,5426647,-41.29794029,174.775823
Wellington City,1N/1075/0.942,20,W, ,TORY ST,2813762,11/12/08,Thu,1730,FD,XE1C,331A ,,R,D,O ,F , ,N,C,50,0,0,1,,,1748978,5426833,-41.29621033,174.7793591
Wellington City,1N/1075/0.956,, ,I,TARANAKI ST,2854121,26/07/08,Sat,1830,AA,CS24,340A 387A 852 ,,R,W,DO,L ,X,T,C,50,0,0,0,,,1748678,5426647,-41.29794029,174.775823
Wellington City,1N/1075/0.956,, ,I,TARANAKI ST,2853945,24/04/08,Thu,1350,FE,XW1C,331A ,,R,D,B ,F ,X,T,C,50,0,0,0,,,1748678,5426647,-41.29794029,174.775823
Wellington City,1N/1075/0.956,, ,I,TARANAKI ST,2852734,3/04/08,Thu,1530,FE,VS2C,331A ,,R,D,B ,F ,X,T,R,50,0,0,0,,,1748678,5426647,-41.29794029,174.775823
Wellington City,1N/1075/0.962,, ,I,TORY ST,2811428,19/02/08,Tue,1100,NB,CE1E,711B ,,R,D,B ,F ,X,T,C,50,0,0,1,30,,1748996,5426825,-41.29627903,174.7795759
Wellington City,1N/1075/0.962,, ,I,TORY ST,2856385,29/09/08,Mon,1354,GA,VS2C,371B 420B ,,R,W,O ,L ,X,T,C,50,0,0,0,,,1748996,5426825,-41.29627903,174.7795759
Wellington City,1N/1075/0.986,30,E, ,TARANAKI ST,2855073,26/09/08,Fri,2235,MO,CW1C,102A 386A 402A ,,R,D,DO,F , ,N,C,50,0,0,0,,,1748706,5426634,-41.29805217,174.7761605
Wellington City,1N/1075/1.012,50,E, ,TORY ST,2855535,7/10/08,Tue,1245,FD,TE1V,331A ,,R,W,O ,LS, ,N,C,50,0,0,0,,,1749042,5426805,-41.29645061,174.78013
Wellington City,1N/1075/1.012,50,E, ,TORY ST,2813617,6/12/08,Sat,1203,FD,4E14C,331A 353A ,,R,D,B ,F , ,N,C,50,0,0,3,,,1749042,5426805,-41.29645061,174.78013
Wellington City,1N/1075/1.024,5,E, ,TORY ST,2812639,18/07/08,Fri,1655,FD,VE1XCC,181A ,,R,D,O ,F ,X,T,C,50,0,0,3,,,1749000,5426823,-41.2962963,174.7796242
Wellington City,1N/1075/1.056,, ,I,TARANAKI ST,2852506,24/03/08,Mon,1340,FE,CW1C,331A ,,R,D,B ,F ,X,T,C,50,0,0,0,,,1748678,5426647,-41.29794029,174.775823
Wellington City,1N/1075/1.056,, ,I,TARANAKI ST,2850571,15/01/08,Tue,1050,HA,CW1C,322B 402B ,,R,D,B ,F ,X,T,C,50,0,0,0,,,1748678,5426647,-41.29794029,174.775823
Wellington City,1N/1075/1.056,, ,I,TARANAKI ST,2851581,4/02/08,Mon,945,LB,CN2C,303B 370B ,,R,W,O ,L ,X,T,R,50,0,0,0,,,1748678,5426647,-41.29794029,174.775823
Wellington City,TARANAKI ST,, ,I,1N/1075/1.056,2852211,4/02/08,Mon,934,LB,CN1C,303B ,,R,W,O ,L ,X,T,R,50,0,0,0,,,1748679,5426647,-41.2979401,174.775835
Wellington City,1N/1075/1.087,, ,I,LYNN ROAD,2856639,29/11/08,Sat,1034,AA,CE1C,372A ,,R,D,B ,F ,T,N,C,50,0,0,0,,,1749110,5426775,-41.29670815,174.7809491
Wellington City,1N/1075/1.157,20,W, ,TORY ST,2855986,15/10/08,Wed,1625,FD,CW1C,181A 359A ,,R,D,O ,F , ,N,C,50,0,0,0,,,1748861,5426561,-41.29868085,174.7780288
Wellington City,1N/1075/1.167,10,W, ,TORY ST,2855542,3/10/08,Fri,1641,FD,4W1X,181A ,,R,D,B ,F ,X,T,N,50,0,0,0,,,1748870,5426557,-41.2987152,174.7781373
Wellington City,1N/1075/1.177,, ,I,TORY ST,2853367,24/06/08,Tue,1857,LB,CN2C,303B 323B ,,R,W,DO,L ,X,T,C,50,0,0,0,,,1748879,5426552,-41.29875856,174.7782459
Wellington City,1N/1075/1.202,25,E, ,TORY ST,2855419,29/09/08,Mon,820,FE,MW1C,386A ,,R,D,O ,FS, ,T,C,50,0,0,0,,,1748902,5426542,-41.29884435,174.778523
Wellington City,KENT TERRACE,, ,I,PIRIE ST,2856163,22/08/08,Fri,1158,LB,CS1CC,691A 377B ,PM,R,D,B ,F ,X,T,C,50,0,0,0,,,1749220,5426723,-41.29715599,174.7822751
Wellington City,KENT TERRACE,, ,I,PIRIE ST,2856355,28/09/08,Sun,1555,FE,CS1C,331A ,,R,D,B ,F ,X,T,R,50,0,0,0,,,1749220,5426723,-41.29715599,174.7822751
Wellington City,KENT TERRACE,, ,I,PIRIE ST,2854784,5/08/08,Tue,1245,GF,TS1C,158B ,,R,D,B ,F ,X,T,C,50,0,0,0,,,1749220,5426723,-41.29715599,174.7822751
Wellington City,KENT TERRACE,, ,I,PIRIE ST,2854239,10/08/08,Sun,1850,LB,CS1V,323B ,,R,D,DO,F ,X,T,R,50,0,0,0,,,1749220,5426723,-41.29715599,174.7822751
Wellington City,CAMBRIDGE TERRACE,, ,I,1N/1075/1.24,2811819,21/03/08,Fri,759,HA,CE2C,322B ,PP,R,D,O ,F ,X,T,C,50,0,0,1,,,1749197,5426734,-41.29706121,174.7819978
Wellington City,1N/1075/1.24,, ,I,CAMBRIDGE TERRACE,2851342,28/03/08,Fri,1415,AA,VN2C,386A ,,R,D,B ,F ,X,T,C,50,0,0,0,,,1749197,5426734,-41.29706121,174.7819978
Wellington City,KENT TERRACE,, ,I,PIRIE ST,2850995,11/03/08,Tue,1520,AO,TS1C,129A 386A ,,R,D,O ,FS,X,T,C,50,0,0,0,,,1749220,5426723,-41.29715599,174.7822751
Wellington City,1N/1075/1.266,, ,I,KENT TERRACE,2852241,9/04/08,Wed,1456,AA,BS2C,387A ,,R,D,B ,F ,T,G,C,50,0,0,0,,,1749220,5426723,-41.29715599,174.7822751
Wellington City,1N/1075/1.266,, ,I,KENT TERRACE,2853670,18/07/08,Fri,405,KB,TS2C,370A 378B 691B 817 839 ,,R,W,DO,F ,X,T,R,50,0,0,0,,,1749220,5426723,-41.29715599,174.7822751
Wellington City,1N/1075/1.267,10,W, ,TASMAN ST,2811944,4/04/08,Fri,1825,FD,CW1CC,427A ,,R,D,O ,F ,X,T,C,50,0,0,1,,,1748870,5426557,-41.2987152,174.7781373
Wellington City,1N/1075/1.277,, ,I,TASMAN ST,2811924,1/04/08,Tue,1725,NA,PW1E,718B ,,R,D,B ,F ,X,T,C,50,0,0,1,11,,1748879,5426552,-41.29875856,174.7782459
Wellington City,1N/1075/1.301,, ,I,BUCKLE ST,2857286,31/10/08,Fri,1550,FD,VN1V,331A ,,R,D,B ,F ,T,N,R,50,0,0,0,,,1748975,5426488,-41.29931706,174.7794077
Wellington City,1N/1075/1.301,, ,I,BUCKLE ST,2857321,19/11/08,Wed,1645,AA,XN1CC,372A 191B 181C ,,M,D,B ,F ,T,N,C,50,0,0,0,,,1748975,5426488,-41.29931706,174.7794077
Wellington City,1N/1075/1.301,, ,I,BUCKLE ST,2811747,1/03/08,Sat,2335,NF,CN1E,190A 715B ,,R,D,DO,F ,T,N,R,50,0,0,1,,,1748975,5426488,-41.29931706,174.7794077
Wellington City,1N/1075/1.307,30,E, ,TORY ST,2851228,8/03/08,Sat,1845,FD,CW1V,386A ,,R,D,O ,F , ,N,C,50,0,0,0,,,1748907,5426540,-41.29886143,174.7785832
Wellington City,1N/1075/1.316,50,S, ,PIRIE ST,2852652,8/03/08,Sat,1900,FD,CS1C,181A ,,R,D,TO,F , ,N,C,50,0,0,0,,,1749200,5426677,-41.29757385,174.7820476
Wellington City,1N/1075/1.321,20,S, ,BUCKLE ST,2853488,29/06/08,Sun,2030,EA,CN1C,129A ,M,R,W,DO,L , ,N,C,50,0,0,0,,,1748967,5426470,-41.2994806,174.7793166
Wellington City,1N/1075/1.351,50,S, ,BUCKLE ST,2854579,31/08/08,Sun,15,DA,CW1CC,111A 431A ,M,M,D,DO,F , ,N,C,50,0,0,0,,,1748954,5426442,-41.29973509,174.7791683
Wellington City,1N/1075/1.351,50,S, ,BUCKLE ST,2812893,9/06/08,Mon,824,AA,SN1C,381A ,,E,D,B ,F , ,N,C,50,0,0,1,,34,1748954,5426442,-41.29973509,174.7791683
Wellington City,1N/1075/1.351,50,S, ,BUCKLE ST,2857201,9/10/08,Thu,800,AC,TN1C,372A ,,R,D,B ,F , ,N,C,50,0,0,0,,,1748954,5426442,-41.29973509,174.7791683
Wellington City,1N/1075/1.401,, ,I,BUCKLE ST,2812202,2/06/08,Mon,1119,DA,CN1,402A 423A 902 ,F,S,W,O ,H ,T,N,C,50,0,0,1,,,1748975,5426488,-41.29931706,174.7794077
Wellington City,1N/1075/1.445,90,N, ,BUCKLE ST,2811647,19/02/08,Tue,1414,MO,CS1T,201A 377A 920 ,S,R,D,B ,F , ,N,R,50,0,0,1,,,1749133,5426529,-41.29891874,174.781284
Wellington City,1N/1075/1.458,30,N, ,RUGBY ST,2813642,15/11/08,Sat,1312,FD,4N1CC,181A 191A ,,E,D,O ,FS, ,N,X,50,0,0,1,,,1748918,5426343,-41.30063308,174.7787627
Wellington City,1N/1075/1.469,100,W, ,ADELAIDE ROAD,2856352,16/11/08,Sun,2335,DA,CN1C,111A ,M,M,W,DO,L , ,N,C,50,0,0,0,,,1748921,5426333,-41.30072256,174.778801
Wellington City,1N/1075/1.488,, ,I,SUSSEX ST,2813619,22/11/08,Sat,2315,DA,CW1CC,111A 135A 801 ,MM,M,W,DO,L ,T,G,R,50,0,0,1,,,1748932,5426317,-41.30086458,174.7789362
Wellington City,1N/1075/1.488,, ,I,SUSSEX ST,2852134,9/04/08,Wed,530,DA,CW1,111A 403A 430A ,F,R,W,DO,L ,T,G,R,50,0,0,0,,,1748932,5426317,-41.30086458,174.7789362
Wellington City,1N/1075/1.528,60,N, ,RUGBY ST,2853655,27/06/08,Fri,728,FD,CN1CC,112A 181A ,,R,W,O ,L , ,N,C,50,0,0,0,,,1748921,5426373,-41.30036242,174.7787912
Wellington City,1N/1075/1.563,25,N, ,RUGBY ST,2851644,9/02/08,Sat,9,DA,CN1,103A 111A 131A ,F,E,D,DO,F , ,N,C,50,0,0,0,,,1748919,5426338,-41.30067791,174.7787759
Wellington City,ADELAIDE ROAD,, ,I,1N/1075/1.569,2857318,27/11/08,Thu,1915,FE,CN1C,331A ,,R,D,B ,F ,T,T,R,50,0,0,0,,,1749006,5426284,-41.30114803,174.7798278
Wellington City,ADELAIDE ROAD,, ,I,1N/1075/1.569,2856138,10/10/08,Fri,1030,AC,4N1C,372A ,,E,D,B ,F ,T,T,R,50,0,0,0,,,1749006,5426284,-41.30114803,174.7798278
Wellington City,1N/1075/1.569,, ,I,ADELAIDE ROAD,2855825,1/09/08,Mon,2010,KA,CW1X,322A ,,R,D,DO,F ,T,T,C,50,0,0,0,,,1749006,5426284,-41.30114803,174.7798278
Wellington City,1N/1075/1.569,, ,I,ADELAIDE ROAD,2856498,10/10/08,Fri,1300,KA,CW1C,322A ,,R,D,B ,F ,T,T,R,50,0,0,0,,,1749006,5426284,-41.30114803,174.7798278
Wellington City,1N/1075/1.569,, ,I,ADELAIDE ROAD,2856364,21/08/08,Thu,1430,GF,4N2V,176A ,,R,D,B ,F ,T,T,R,50,0,0,0,,,1749006,5426284,-41.30114803,174.7798278
Wellington City,1N/1075/1.569,, ,I,ADELAIDE ROAD,2856374,9/05/08,Fri,1545,FE,CW1C,181A ,,R,D,B ,F ,T,T,R,50,0,0,0,,,1749006,5426284,-41.30114803,174.7798278
Wellington City,1N/1075/1.569,, ,I,ADELAIDE ROAD,2856372,6/11/08,Thu,1500,GF,VW1C,159A 172A ,,E,D,O ,F ,T,T,P,50,0,0,0,,,1749006,5426284,-41.30114803,174.7798278
Wellington City,1N/1075/1.569,, ,I,ADELAIDE ROAD,2857015,2/12/08,Tue,2010,FE,CN2C,112A 181A 427A ,,R,D,TF,F ,T,T,C,50,0,0,0,,,1749006,5426284,-41.30114803,174.7798278
Wellington City,1N/1075/1.569,, ,I,ADELAIDE ROAD,2857012,22/12/08,Mon,830,FE,4N1C,331A 427A ,,R,D,B ,F ,T,T,R,50,0,0,0,,,1749006,5426284,-41.30114803,174.7798278
Wellington City,1N/1075/1.569,, ,I,ADELAIDE ROAD,2853397,5/06/08,Thu,840,GF,TN2V,370A ,,E,D,B ,F ,T,T,C,50,0,0,0,,,1749006,5426284,-41.30114803,174.7798278
Wellington City,1N/1075/1.569,, ,I,ADELAIDE ROAD,2854076,21/07/08,Mon,954,KA,VW1C,322A 334A ,,R,D,B ,F ,T,T,C,50,0,0,0,,,1749006,5426284,-41.30114803,174.7798278
Wellington City,1N/1075/1.569,, ,I,ADELAIDE ROAD,2854181,8/08/08,Fri,2345,FE,CW1C,113A ,,R,D,DO,F ,T,T,R,50,0,0,0,,,1749006,5426284,-41.30114803,174.7798278
Wellington City,1N/1075/1.578,10,N, ,RUGBY ST,2852099,24/04/08,Thu,1650,FD,CS1CC,331A 352A ,,R,D,O ,F ,T,N,C,50,0,0,0,,,1748926,5426325,-41.30079366,174.7788626
Wellington City,1N/1075/1.579,10,E, ,ADELAIDE ROAD,2857061,15/12/08,Mon,1701,FD,4W14,331A ,,E,W,O ,L ,T,T,C,50,0,0,0,,,1749015,5426280,-41.30118238,174.7799362
Wellington City,1N/1075/1.588,, ,I,SUSSEX ST,2853761,27/04/08,Sun,230,DA,CW1V,111A 131A 431A ,M,M,W,DO,L ,T,G,R,50,0,0,0,,,1748932,5426317,-41.30086458,174.7789362
Wellington City,1N/1075/1.588,, ,I,SUSSEX ST,2853254,8/06/08,Sun,200,DA,CW14CC,111A 131A ,MMM,M,D,DO,F ,T,G,R,50,0,0,0,,,1748932,5426317,-41.30086458,174.7789362
Wellington City,1N/1075/1.588,, ,I,RUGBY ST,2854088,27/07/08,Sun,823,DA,CW2C,132A ,,M,W,O ,L ,T,G,R,50,0,0,0,,,1748932,5426317,-41.30086458,174.7789362
Wellington City,1N/1075/1.599,30,E, ,ADELAIDE ROAD,2855343,27/07/08,Sun,1045,AC,CE1V,372A ,,R,W,O ,L , ,N,C,50,0,0,0,,,1749033,5426272,-41.30125109,174.7801531
Wellington City,1N/1075/1.604,, ,I,ELLICE ST,2852346,27/01/08,Sun,1140,KC,CW2S,302A ,,M,D,B ,F ,T,G,C,50,0,0,0,,30,1749169,5426406,-41.3000195,174.7817439
Wellington City,1N/1075/1.621,30,N, ,PATERSON ST,2855705,15/05/08,Thu,845,AA,LS1C,170A 372A ,,E,D,B ,F , ,T,C,50,0,0,0,,,1749170,5426368,-41.30036145,174.7817652
Wellington City,1N/1075/1.651,, ,I,DUFFERIN ST,2857173,29/12/08,Mon,2057,AC,CE1C,372A 671A ,,E,W,TO,L ,T,T,C,50,0,0,0,,,1749158,5426341,-41.30060676,174.7816286
Wellington City,1N/1075/1.651,, ,I,DUFFERIN ST,2813834,6/11/08,Thu,935,FE,4W1C,331A 351A ,,R,D,B ,F ,T,T,R,50,0,0,1,,,1749158,5426341,-41.30060676,174.7816286
Wellington City,1N/1075/1.654,15,W, ,ADELAIDE ROAD,2852930,19/05/08,Mon,600,CB,CW1CC,354A ,MM,R,D,DO,F , ,N,C,50,0,0,0,,,1748992,5426290,-41.3010966,174.7796592
Wellington City,1N/1075/1.654,15,W, ,ADELAIDE ROAD,2812423,25/03/08,Tue,1730,AC,CW1C,372A ,,E,D,B ,F , ,N,R,50,0,0,1,,,1748992,5426290,-41.3010966,174.7796592
Wellington City,ADELAIDE ROAD,, ,I,1N/1075/1.669,2853026,19/05/08,Mon,1745,AC,CN1C,176A ,,E,D,DO,F ,T,T,R,50,0,0,0,,,1749005,5426284,-41.30114822,174.7798158
Wellington City,1N/1075/1.699,30,E, ,ADELAIDE ROAD,2851890,24/01/08,Thu,1445,AC,CW1C,172A 385A ,,R,D,B ,F , ,N,N,50,0,0,0,,,1749033,5426272,-41.30125109,174.7801531
Wellington City,1N/1075/1.708,, ,I,PATERSON ST,2853776,24/07/08,Thu,844,GO,LS1C,122A ,,E,D,B ,F ,T,T,R,50,0,0,0,,,1749157,5426341,-41.30060694,174.7816166
Wellington City,1N/1076/0,10,E, ,DUFFERIN ST E,2855659,20/10/08,Mon,720,AA,CE1CV,372A 671A ,,M,D,O ,F ,R,N,R,50,0,0,0,,,1749166,5426337,-41.30064129,174.781725
Wellington City,1N/1076/0.02,20,E, ,SLIP,2855353,23/10/08,Thu,1220,DB,CE1V,137A 372B ,K,E,D,B ,F , ,N,L,50,0,0,0,,,1749184,5426328,-41.30071899,174.7819422
Wellington City,1N/1076/0.04,50,E, ,DUFFERIN ST E,2854948,9/09/08,Tue,952,FD,CW1CC,331A 351A ,,R,W,O ,L , ,N,C,50,0,0,0,,,1749202,5426319,-41.3007967,174.7821593
Wellington City,1N/1076/0.071,80,E, ,DUFFERIN/PATERSON,2851928,4/04/08,Fri,1556,BC,TE14,414A ,,E,D,O ,F , ,N,L,50,0,0,0,,,1749227,5426301,-41.30095414,174.7824622
Wellington City,1N/1076/0.09,100,E, ,DUFFERIN ST E,2854762,26/08/08,Tue,954,AC,VE1T,381A ,,R,D,O ,F , ,N,L,50,0,0,0,,,1749241,5426287,-41.30107759,174.7826327
Wellington City,1N/1076/0.09,100,E, ,DUFFERIN ST E,2854141,6/08/08,Wed,950,FD,CW1CC,331A 359A 330C ,,R,D,O ,F , ,N,L,50,0,0,0,,,1749241,5426287,-41.30107759,174.7826327
Wellington City,1N/1076/0.19,200,E, ,DUFFERIN ST E,2857274,14/12/08,Sun,1230,AC,BE1C,385A ,,E,D,B ,F , ,N,L,50,0,0,0,,,1749326,5426238,-41.30150304,174.7836596
Wellington City,1N/1076/0.197,100,W, ,WEST PORTAL,2855988,10/10/08,Fri,1653,FD,VW1C,331A ,,R,D,B ,F , ,N,L,50,0,0,0,,,1749332,5426235,-41.30152894,174.783732
Wellington City,1N/1076/0.24,250,E, ,DUFFERIN ST E,2851588,11/02/08,Mon,1500,GD,XE1C,331A 930 ,,R,D,B ,F ,D,N,C,50,0,0,0,,,1749371,5426216,-41.30169278,174.7842022
Wellington City,1N/1076/0.247,50,W, ,WEST PORTAL,2852208,10/01/08,Thu,715,AC,CE14,155A ,,R,D,O ,F , ,N,L,50,0,0,0,,,1749377,5426213,-41.30171868,174.7842746
Wellington City,1N/1076/0.297,, ,A,WEST PORTAL,2854199,1/08/08,Fri,1225,FD,CW1M,181A ,,R,D,O ,L , ,N,C,50,0,0,0,,,1749422,5426191,-41.30190842,174.7848173
Wellington City,1N/1076/0.3,300,E, ,SLIP,2856407,4/08/08,Mon,1400,FD,CE1C,181A 691A 191B ,,R,W,O ,L , ,N,L,50,0,0,0,,,1749424,5426189,-41.30192606,174.7848417
Wellington City,1N/1076/0.317,20,E, ,WEST PORTAL,2852260,5/04/08,Sat,1150,FD,CW1CC,112A 331A ,,R,W,O ,L , ,N,C,50,0,0,0,,,1749440,5426182,-41.30198612,174.7850344
Wellington City,1N/1076/0.447,150,E, ,WEST PORTAL,2812802,24/07/08,Thu,715,BE,CE14C,120A 501A 137B ,,R,D,O ,F , ,N,C,50,0,0,1,,,1749557,5426126,-41.30246863,174.7864451