TLA NAME,CRASH ROAD,CRASH DIST,CRASH DIRN,INTSN,SIDE ROAD,CRASH ID,CRASH DATE,CRASH DOW,CRASH TIME,MVMT,VEHICLES,CAUSES,OBJECTS STRUCK,ROAD CURVE,ROAD WET,LIGHT,WTHRa,JUNC TYPE,TRAF CTRL,ROAD MARK,SPD LIM,CRASH FATAL CNT,CRASH SEV CNT,CRASH MIN CNT,PERS AGE1,PERS AGE2,EASTING,NORTHING,latitude,longitude
Wellington City,1N/1076/0.497,200,E, ,WEST PORTAL,2852767,7/05/08,Wed,900,FD,CW1C,181A ,,R,D,B ,F , ,N,L,50,0,0,0,,,1749602,5426104,-41.30265837,174.7869877
Wellington City,1N/1076/0.687,300,W, ,TAURIMA ST,2851859,19/03/08,Wed,1600,FD,VW14CV,331A ,,R,D,O ,F , ,N,L,50,0,0,0,,,1749773,5426022,-41.30336492,174.7890496
Wellington City,1N/1076/0.787,200,W, ,TAURIMA ST,2855362,22/09/08,Mon,1524,FD,CW14,181A 350A ,T,R,D,B ,F , ,N,L,50,0,0,0,,,1749864,5425979,-41.30373517,174.7901466
Wellington City,1N/1076/0.867,30,W, ,EAST PORTAL,2851849,10/04/08,Thu,809,FD,4W1CC,331A 356A ,,R,D,B ,F , ,N,L,50,0,0,0,,,1749936,5425944,-41.30403691,174.7910149
Wellington City,1N/1076/0.898,, ,A,EAST PORTAL,2851741,10/02/08,Sun,1636,FD,CW1C4,181A ,,R,W,O ,L , ,N,C,50,0,0,0,,,1749963,5425932,-41.30413993,174.7913402
Wellington City,1N/1076/0.927,30,E, ,EAST PORTAL,2854195,31/05/08,Sat,1455,FD,CW1C,181A ,,E,W,O ,L ,Y,N,C,50,0,0,0,,,1749989,5425918,-41.30426115,174.7916541
Wellington City,1N/1076/0.957,30,W, ,TAURIMA ST,2853461,22/06/08,Sun,925,BF,CE1C,501A ,CGS,E,W,O ,L , ,N,R,50,0,0,0,,,1750016,5425904,-41.30438217,174.7919799
Wellington City,1N/1076/0.987,, ,I,TAURIMA ST,2811510,7/03/08,Fri,227,DA,CS1,103A 111A ,CF,E,D,DO,F ,T,G,C,70,0,0,1,,,1750043,5425890,-41.3045032,174.7923058
Wellington City,1N/1076/0.987,, ,I,TAURIMA ST,2813194,26/07/08,Sat,2030,JA,PE1C,102B 302B 375B ,,M,W,DO,L ,T,G,P,50,0,1,0,,,1750043,5425890,-41.3045032,174.7923058
Wellington City,1N/1076/0.987,, ,I,TAURIMA ST,2850992,26/02/08,Tue,503,KB,CW1C,386A ,,E,D,TF,F ,T,G,C,50,0,0,0,,,1750042,5425889,-41.30451239,174.7922941
Wellington City,1N/1076/1.037,50,W, ,TAURIMA ST,2850500,22/01/08,Tue,,AA,CW1V,372A ,,R,D,B ,F , ,N,C,50,0,0,0,,,1750073,5425850,-41.30485775,174.7926738
Wellington City,1N/1076/1.087,100,S, ,TAURIMA ST,2811514,1/03/08,Sat,2144,DA,CS1,130A ,EFT,E,W,DO,H , ,N,L,70,0,0,1,,,1750078,5425801,-41.30529799,174.7927456
Wellington City,1N/1076/1.379,100,N, ,GOA ST,2852116,28/03/08,Fri,915,EA,CS1C,136A 631A ,M,R,D,B ,F , ,N,L,70,0,0,0,,,1750001,5425520,-41.30784225,174.7918955
Wellington City,1N/1076/1.449,30,N, ,GOA ST,2811120,13/01/08,Sun,1527,FD,4S1CC,331A 132B 181B 191C 434C ,,R,D,O ,F , ,N,R,70,0,0,1,,,1749980,5425453,-41.30844937,174.7916613
Wellington City,1N/1076/1.469,10,N, ,GOA ST,2813536,1/11/08,Sat,1348,FD,CS1CC,181A 350A ,,R,W,O ,LS,T,N,P,70,0,0,2,,,1749974,5425434,-41.30862155,174.7915943
Wellington City,1N/1076/1.479,, ,I,GOA ST,2812648,9/07/08,Wed,2010,HA,CE24,101A 302A 930 ,,R,D,DO,F ,D,G,C,70,0,0,2,,,1749971,5425424,-41.30871214,174.791561
Wellington City,1N/1076/1.479,, ,I,GOA ST,2856367,9/08/08,Sat,1430,KB,CN1CC,191A 302B 181C ,,R,D,O ,F ,T,G,C,70,0,0,0,,,1749971,5425424,-41.30871214,174.791561
Wellington City,1N/1076/1.479,, ,I,GOA ST,2852157,5/05/08,Mon,1815,GA,4S1C,331A ,,R,D,DO,F ,T,G,C,70,0,0,0,,,1749971,5425424,-41.30871214,174.791561
Wellington City,1N/1076/1.489,10,S, ,GOA ST,2812634,4/08/08,Mon,900,FD,CS1X4,181A 180C ,,R,W,B ,F ,T,N,P,70,0,0,1,,,1749968,5425415,-41.30879373,174.7915274
Wellington City,1N/1076/1.735,100,N, ,WELLINGTON ROAD,2852931,17/05/08,Sat,1538,FD,4N1C,331A 359A ,,R,D,B ,F , ,N,C,70,0,0,0,,,1749894,5425180,-41.31092327,174.7907017
Wellington City,1N/1076/1.735,100,S, ,WELLINGTON ROAD,2855998,14/10/08,Tue,905,FD,BS1CX,331A ,,R,D,B ,F , ,N,C,70,0,0,0,,,1749894,5425180,-41.31092327,174.7907017
Wellington City,1N/1076/1.785,50,N, ,WELLINGTON ROD,2854064,3/05/08,Sat,1330,FD,CN1XC,331A ,,R,D,B ,F , ,N,L,70,0,0,0,,,1749878,5425133,-41.3113494,174.7905222
Wellington City,1N/1076/1.805,30,S, ,WELLINGTON ROAD,2850787,21/02/08,Thu,1428,FD,CS1C,181A 191B ,,R,D,O ,F , ,N,C,70,0,0,0,,,1749871,5425114,-41.31152177,174.7904433
Wellington City,1N/1076/1.835,, ,I,RUAHINE ST,2812102,18/04/08,Fri,1410,GA,CW1C,181A ,,M,D,O ,F ,T,G,R,50,0,0,1,,,1749873,5425084,-41.31179149,174.7904746
Wellington City,1N/1076/1.835,, ,I,WELLINGTON ROAD,2813406,8/09/08,Mon,1250,LB,CW1C,302B ,,M,W,O ,L ,T,G,R,50,0,0,1,,,1749873,5425084,-41.31179149,174.7904746
Wellington City,1N/1076/1.835,, ,I,WELLINGTON ROAD,2814030,14/10/08,Tue,1745,AC,CW1S,183B ,,R,D,B ,F ,T,G,C,50,0,0,1,,31,1749873,5425084,-41.31179149,174.7904746
Wellington City,1N/1076/1.835,, ,I,WELLINGTON ROAD,2856637,11/12/08,Thu,1653,JC,CS1C,302A 355A 382A ,,E,D,O ,F ,T,G,P,50,0,0,0,,,1749873,5425084,-41.31179149,174.7904746
Wellington City,1N/1076/1.835,, ,I,RUAHINE ST,2853542,3/06/08,Tue,1804,GA,CW1C,181A ,,M,D,DO,F ,T,G,R,50,0,0,0,,,1749873,5425084,-41.31179149,174.7904746
Wellington City,1N/1076/1.835,, ,I,RUAHINE ST,2813940,18/12/08,Thu,1330,KB,CW1S,302B 382B ,,M,D,B ,F ,T,G,R,50,0,0,1,,21,1749873,5425084,-41.31179149,174.7904746
Wellington City,1N/1076/1.835,, ,I,RUAHINE ST,2850684,15/02/08,Fri,1032,JA,CW1C,302B 382B ,,M,D,B ,F ,T,G,R,50,0,0,0,,,1749873,5425084,-41.31179149,174.7904746
Wellington City,1N/1076/1.835,, ,I,RUAHINE ST,2811202,9/01/08,Wed,510,DA,CW1,131A 400A 403A ,,M,W,TO,F ,T,G,R,50,0,0,1,,,1749873,5425084,-41.31179149,174.7904746
Wellington City,1N/1076/1.835,, ,I,RUAHINE ST,2856640,9/12/08,Tue,800,FO,CW1C,420A ,,E,D,O ,F ,T,G,C,50,0,0,0,,,1749873,5425084,-41.31179149,174.7904746
Wellington City,1N/1076/1.845,10,E, ,RUAHINE ST,2856058,23/10/08,Thu,1242,FA,CE1X,181A ,,E,D,B ,F ,T,G,R,50,0,0,0,,,1749878,5425076,-41.31186259,174.7905363
Wellington City,1N/1076/1.875,40,E, ,RUAHINE ST,2811079,16/01/08,Wed,820,FD,CW1XC,331A ,,R,D,B ,F , ,N,R,50,0,0,1,,,1749905,5425070,-41.3119116,174.7908602
Wellington City,1N/1076/1.926,, ,I,MOXHAM AVENUE,2852186,27/03/08,Thu,902,FD,XW1XX,181A ,,R,D,B ,F ,T,N,C,50,0,0,0,,,1749941,5425068,-41.31192291,174.7912905
Wellington City,1N/1076/2.015,, ,I,WALMER ST,2812323,26/05/08,Mon,1933,FD,CW1C,112A 181A ,,R,W,DO,H ,T,N,C,50,0,0,1,,,1750029,5425063,-41.31195157,174.7923426
Wellington City,1N/1076/2.03,80,W, ,KILBIRNIE CRESCENT,2854022,9/07/08,Wed,910,FD,CW1CC,331A 358A ,,R,D,O ,F , ,N,C,50,0,0,0,,,1750044,5425060,-41.31197578,174.7925224
Wellington City,1N/1076/2.08,30,W, ,KILBIRNIE CRESCENT,2853472,4/05/08,Sun,1140,AA,CW1C,387A 181B ,,E,D,O ,F , ,N,L,50,0,0,0,,,1750094,5425052,-41.31203851,174.7931215
Wellington City,1N/1076/2.09,20,W, ,KILBIRNIE CRESCENT,2854405,17/08/08,Sun,1620,FD,CW14,181A ,,R,D,O ,F , ,N,C,50,0,0,0,,,1750104,5425051,-41.31204565,174.7932411
Wellington City,1N/1076/2.11,, ,I,KILBIRNIE CRESCENT,2850980,17/03/08,Mon,2230,LB,CW1C,303B 382B 402B ,P,R,D,DO,F ,X,T,C,50,0,0,0,,,1750123,5425048,-41.31206913,174.7934687
Wellington City,1N/1076/2.11,, ,I,KILBIRNIE CRESCENT,2855805,22/10/08,Wed,2055,LB,CW1C,303B ,,R,W,DO,H ,X,T,R,50,0,0,0,,,1750123,5425048,-41.31206913,174.7934687
Wellington City,1N/1076/2.11,, ,I,KILBIRNIE CRESCENT,2812450,28/06/08,Sat,2247,LB,CW1C,101A 303B 400B ,,R,W,DO,L ,X,T,C,50,0,0,1,,,1750123,5425048,-41.31206913,174.7934687
Wellington City,1N/1076/2.11,, ,I,KILBIRNIE CRESCENT,2813934,19/12/08,Fri,1825,FE,4W1C,331A 350A ,,R,D,O ,FS,X,T,R,50,0,0,1,,,1750123,5425048,-41.31206913,174.7934687
Wellington City,1N/1076/2.11,, ,I,KILBIRNIE CRESCENT,2852594,24/04/08,Thu,1055,HA,XW1C,181B 197B 322B ,,R,D,B ,F ,X,T,R,50,0,0,0,,,1750123,5425048,-41.31206913,174.7934687
Wellington City,1N/1076/2.11,, ,I,KILBIRNIE CRESCENT,2853769,24/05/08,Sat,1925,GA,CN24,331A 353A ,,E,W,DO,L ,X,T,R,50,0,0,0,,,1750123,5425048,-41.31206913,174.7934687
Wellington City,1N/1076/2.195,100,W, ,EVANS BAY PARADE,2850988,7/03/08,Fri,1610,FD,4W1CC,331A 350A ,,R,D,O ,F , ,N,C,70,0,0,0,,,1750201,5425016,-41.31234271,174.794408
Wellington City,EVANS BAY PARADE,, ,I,1N/1076/2.293,2856672,5/12/08,Fri,1930,FB,CS1X,331A 353A 387A ,,R,D,B ,F ,X,T,R,70,0,0,0,,,1750302,5425012,-41.31235991,174.7956151
Wellington City,1N/1076/2.293,, ,I,EVANS BAY PARADE,2856390,5/12/08,Fri,1445,GA,CS24,331A 353A ,,E,D,B ,F ,X,T,R,50,0,0,0,,,1750302,5425012,-41.31235991,174.7956151
Wellington City,1N/1076/2.293,, ,I,EVANS BAY PARADE,2853848,12/07/08,Sat,1650,FB,4S2C,331A ,,R,W,O ,F ,X,T,R,50,0,0,0,,,1750302,5425012,-41.31235991,174.7956151
Wellington City,1N/1076/2.295,, ,I,EVANS BAY PARADE,2811554,9/03/08,Sun,1225,FD,CW1C4,331A 352A 817 ,,R,D,B ,F ,X,T,C,50,0,0,2,,,1750300,5425000,-41.31246832,174.7955942
Wellington City,1N/1076/2.295,, ,I,EVANS BAY PARADE,2852355,19/04/08,Sat,1150,FE,CW1C,331A ,,R,W,O ,L ,X,T,N,50,0,0,0,,,1750300,5425000,-41.31246832,174.7955942
Wellington City,1N/1076/2.295,, ,I,EVANS BAY PARADE,2855972,26/10/08,Sun,1044,LB,CW1C,323B ,,R,D,O ,F ,X,T,R,50,0,0,0,,,1750300,5425000,-41.31246832,174.7955942
Wellington City,1N/1076/2.295,, ,I,EVANS BAY PARADE,2853546,10/05/08,Sat,1050,GA,VN2C,331A 352A ,,E,W,O ,L ,X,T,R,50,0,0,0,,,1750300,5425000,-41.31246832,174.7955942
Wellington City,1N/1076/2.295,, ,I,EVANS BAY ROAD,2850906,18/02/08,Mon,1241,LB,VN2V,303B 375B ,,R,D,B ,F ,X,T,R,50,0,0,0,,,1750300,5425000,-41.31246832,174.7955942
Wellington City,1N/1076/2.295,, ,I,EVANS BAY PARADE,2851480,6/04/08,Sun,25,LB,CN2C,303B 382B ,,R,W,DO,L ,X,T,R,50,0,0,0,,,1750300,5425000,-41.31246832,174.7955942
Wellington City,1N/1076/2.358,80,E, ,EVANS BAY PARADE,2855694,24/07/08,Thu,200,AA,VE1C,372A ,,E,D,DO,F , ,N,R,70,0,0,0,,,1750380,5424997,-41.31248042,174.7965502
Wellington City,1N/1076/3.104,, ,I,TROY ST,2813699,19/10/08,Sun,1050,DC,CN2,501A ,IPS,E,D,B ,F ,R,G,R,70,0,1,3,,,1750889,5424441,-41.31739119,174.8027662
Wellington City,1N/1076/3.104,, ,I,TROY ST,2850949,14/02/08,Thu,1730,FA,CN1C,181A 387A 372B ,,R,D,B ,F ,R,G,R,70,0,0,0,,,1750891,5424466,-41.31716574,174.8027838
Wellington City,1N/1076/3.108,, ,I,TROY ST,2851983,21/03/08,Fri,2226,CA,CE1C,113A 132A ,IK,E,D,DO,F ,R,G,R,70,0,0,0,,,1750931,5424492,-41.31692417,174.8032551
Wellington City,1N/1076/3.238,, ,I,TROY ST,2811362,17/02/08,Sun,1605,FB,VW1V,331A ,,R,D,O ,F ,R,G,R,70,0,0,2,,,1750975,5424435,-41.31742912,174.8037947
Wellington City,1N/1076/3.238,, ,I,TROY ST,2854041,31/07/08,Thu,1305,FB,CW1C,181A 353A ,,R,W,O ,L ,R,G,R,70,0,0,0,,,1750975,5424435,-41.31742912,174.8037947
Wellington City,1N/1076/3.238,, ,I,TROY ST,2852589,3/03/08,Mon,1350,FB,CW1C4,181A 159B 191C ,,R,D,O ,F ,R,G,R,70,0,0,0,,,1750975,5424435,-41.31742912,174.8037947
Wellington City,1N/1076/3.238,, ,I,TROY ST,2852371,8/05/08,Thu,1910,FB,CW1C,331A ,,R,D,DO,F ,R,G,R,70,0,0,0,,,1750975,5424435,-41.31742912,174.8037947
Wellington City,1N/1076/3.288,50,E, ,TROY ST,2811860,27/04/08,Sun,1200,MD,SW1V,308B 378B 837 926 ,,R,W,O ,F ,D,N,P,70,0,0,2,,47,1751018,5424448,-41.31730403,174.8043049
Wellington City,1N/1076/3.485,100,W, ,CALABAR ROAD,2813616,6/11/08,Thu,1300,PO,CE1E,434A 512A ,,R,D,B ,F , ,N,C,70,0,0,1,42,,1751299,5424506,-41.31672917,174.8076462
Wellington City,1N/1076/3.694,, ,I,COBHAM DRIVE,2812667,20/05/08,Tue,2230,GC,CN2S,312B ,,M,D,DO,F ,R,G,R,70,0,0,1,,,1751444,5424531,-41.31647687,174.8093715
Wellington City,1N/1076/3.717,, ,I,CALABAR ROAD,2853127,26/05/08,Mon,1925,EB,CW1B,370A ,Q,E,W,DO,H ,R,G,R,50,0,0,0,,,1751422,5424454,-41.31717426,174.809128
Wellington City,1N/1076/3.745,, ,A,SH 1N COBHAM DRIVE,2854783,24/08/08,Sun,1850,FB,CN1X,103A 351A ,,E,W,DO,L ,R,G,R,70,0,0,0,,,1751449,5424460,-41.31711517,174.8094489
Wellington City,1N/1076/3.747,, ,I,COBHAM DRIVE,2856434,24/10/08,Fri,2120,AC,CW1C,191A 372A ,,R,W,DO,L ,R,G,R,70,0,0,0,,,1751426,5424454,-41.3171735,174.8091757
Wellington City,1N/1076/3.747,, ,I,COBHAM DRIVE,2856331,9/12/08,Tue,830,AC,4N1X,372A 387A 357B ,,R,D,O ,M ,R,G,R,50,0,0,0,,,1751426,5424454,-41.3171735,174.8091757
Wellington City,1N/1076/3.747,, ,I,COBHAM DRIVE,2852920,10/05/08,Sat,205,DC,CN1,111A 135A 801 901 ,IPX,E,W,DO,HS,R,G,R,70,0,0,0,,,1751426,5424454,-41.3171735,174.8091757
Wellington City,1N/1076/3.747,, ,I,COBHAM DRIVE,2851578,1/02/08,Fri,830,AC,CS1C,372A ,K,M,D,O ,F ,R,G,R,70,0,0,0,,,1751426,5424454,-41.3171735,174.8091757
Wellington City,1N/1076/3.958,, ,I,WEXFORD ROAD,2811145,17/01/08,Thu,1308,GD,CN1CC,112A 331A 363A ,,R,D,B ,F ,T,S,L,50,0,0,2,,,1751439,5424250,-41.31900772,174.8093818
Wellington City,1N/1076/3.992,, ,I,WEXFORD ROAD,2810033,15/05/08,Thu,1904,JA,MS1P,106A 301B 832 837 ,,R,D,TO,F ,T,S,L,70,1,1,0,,,1751439,5424250,-41.31900772,174.8093818
Wellington City,1N/1076/3.992,, ,I,CALABAR ROAD,2856432,11/11/08,Tue,1315,AC,CS2C,353A 372A ,,M,D,B ,F ,R,G,R,70,0,0,0,,,1751439,5424250,-41.31900772,174.8093818
Wellington City,1N/1076/4.002,50,S, ,WEXFORD ROAD,2811834,29/01/08,Tue,2200,CB,SS1,130A ,X,R,D,DO,F , ,N,C,70,0,1,0,,48,1751435,5424200,-41.31945864,174.8093465
Wellington City,1N/1076/4.061,80,N, ,CALEDONIA ST,2852922,14/05/08,Wed,1515,AO,SS1C,120A 183B ,,R,D,B ,F , ,N,C,70,0,0,0,,18,1751431,5424141,-41.31999058,174.8093134
Wellington City,1N/1076/4.147,, ,I,CALEDONIA ST,2812940,5/04/08,Sat,1132,KB,PN1B,176B ,,R,W,O ,L ,T,G,C,70,0,0,1,,,1751424,5424061,-41.32071215,174.8092497
Wellington City,1N/1076/4.23,, ,I,PARALLEL ACCESS,2854133,8/08/08,Fri,1708,KA,CS1C,302B 382B ,,E,W,O ,LS,R,G,R,70,0,0,0,,,1751420,5424012,-41.32115406,174.8092142
Wellington City,1N/1076/4.341,, ,A,KEDAH ST,2855708,15/07/08,Tue,1810,JA,CS1C,301B 377B ,,R,D,DO,F ,T,S,C,50,0,0,0,,,1751406,5423843,-41.32267824,174.8090891
Wellington City,1N/1076/4.659,90,N, ,BROADWAY,2853489,3/07/08,Thu,110,EB,XN1C,370B 410B ,M,R,W,DO,F , ,N,L,70,0,0,0,,,1751390,5423584,-41.32501308,174.8089625
Wellington City,1N/1076/4.669,80,N, ,BROADWAY,2850996,22/02/08,Fri,1705,FA,CN1C,181A 191B 434B ,,R,D,O ,F , ,N,C,70,0,0,0,,,1751392,5423574,-41.32510274,174.8089889
Wellington City,1N/1076/4.69,, ,I,BROADWAY,2855710,9/08/08,Sat,1030,AO,VN1C,372A ,,E,W,O ,H ,R,G,R,50,0,0,0,,,1751436,5423510,-41.32567068,174.8095303
Wellington City,2/962/12.875,700,W, ,PETONE OFF NBD,2856118,8/09/08,Mon,1630,FD,VE1CC,181A ,,R,W,O ,L , ,N,R,100,0,0,0,,,1755041,5434395,-41.22698684,174.8498159
Wellington City,2/962/12.888,200,S, ,HOROKIWI ROAD,2813197,18/09/08,Thu,840,AC,4S1T,197A 371A ,,R,W,O ,L , ,N,R,100,0,0,1,,,1755028,5434378,-41.22714238,174.8496652
Wellington City,2/962/12.888,200,S, ,HOROKIWI ROAD,2813795,11/12/08,Thu,730,EA,SS1C,170A 331A ,M,R,D,B ,F , ,N,R,100,0,1,0,,42,1755028,5434378,-41.22714238,174.8496652
Wellington City,2/962/12.888,200,W, ,HOROKIWI ROAD,2854662,12/03/08,Wed,730,FD,TW1C,181A ,,R,D,B ,F , ,N,R,100,0,0,0,,,1755028,5434378,-41.22714238,174.8496652
Wellington City,2/962/12.988,300,S, ,HOROKIWI ROAD,2854353,13/08/08,Wed,916,FD,CS1V,181A 191B ,,R,D,O ,F , ,N,R,100,0,0,0,,,1754932,5434348,-41.22743087,174.848528
Wellington City,2/962/12.988,300,W, ,HOROKIWI ROAD,2854411,21/08/08,Thu,1118,FD,VW1X,112A 402A ,,R,D,B ,F , ,N,R,100,0,0,0,,,1754932,5434348,-41.22743087,174.848528
Wellington City,2/962/13.096,400,S, ,HOROKIWI ROAD,2811675,10/04/08,Thu,1700,FD,CN14,181A ,,R,D,TF,F , ,N,R,100,0,0,2,,,1754830,5434329,-41.22762145,174.8473164
Wellington City,2/962/13.096,400,S, ,HOROKIWI ROAD,2850385,17/01/08,Thu,1730,FD,CN14,181A 191B ,,R,D,B ,F , ,N,R,100,0,0,0,,,1754830,5434329,-41.22762145,174.8473164
Wellington City,2/962/13.169,1000,S, ,PETONE ON SBD,2852953,12/05/08,Mon,909,DB,CS1C,111A 132A 407A ,,M,W,O ,L , ,N,R,100,0,0,0,,,1754760,5434294,-41.22794996,174.8464905
Wellington City,2/962/13.188,500,S, ,HOROKIWI ROAD,2853082,4/06/08,Wed,2300,CC,CS1,111A 632A ,G,E,D,DO,F , ,N,C,100,0,0,0,,,1754742,5434288,-41.22800742,174.8462774
Wellington City,2/962/13.188,500,S, ,HOROKIWI ROAD,2812872,27/08/08,Wed,1120,CA,CS1,137A ,G,R,W,O ,F , ,N,R,100,0,0,2,,,1754742,5434288,-41.22800742,174.8462774
Wellington City,2/962/13.188,500,S, ,HOROKIWI ROAD,2854558,25/08/08,Mon,1845,DB,CS1C,137A 111B 159B ,,E,W,DO,LS, ,N,R,100,0,0,0,,,1754742,5434288,-41.22800742,174.8462774
Wellington City,2/962/13.196,500,S, ,HOROKIWI ROAD,2811990,15/05/08,Thu,810,AA,VN1CC,331A 372A ,,R,D,B ,F , ,N,R,100,0,1,1,,,1754735,5434299,-41.22790972,174.8461911
Wellington City,2/962/13.196,500,S, ,HOROKIWI ROAD,2854466,2/08/08,Sat,155,FA,CN1C,386A ,,R,D,DO,F , ,N,R,100,0,0,0,,,1754735,5434299,-41.22790972,174.8461911
Wellington City,2/962/13.196,500,S, ,HOROKIWI ROAD,2813927,14/10/08,Tue,1800,AA,VN1MC,372A ,,R,D,B ,F , ,N,R,100,0,0,1,,,1754735,5434299,-41.22790972,174.8461911
Wellington City,2/962/13.196,500,W, ,HOROKIWI ROAD,2853861,22/07/08,Tue,1701,FD,CE1CC,112A ,,R,W,TF,H , ,N,R,100,0,0,0,,,1754735,5434299,-41.22790972,174.8461911
Wellington City,2/962/13.388,700,W, ,HOROKIWI ROAD,2812497,28/06/08,Sat,800,EB,TS1V,129A ,M,E,W,B ,F , ,N,C,100,0,0,1,,,1754552,5434225,-41.22861094,174.8440275
Wellington City,2/962/13.521,350,E, ,SERVICE STN NTH,2850680,16/02/08,Sat,2150,CC,CN1C,112A 135A 137B 801 ,GG,R,W,DO,L , ,N,R,100,0,0,0,,,1754444,5434165,-41.22917176,174.8427547
Wellington City,2/962/13.571,300,E, ,SERVICE STN NTH,2856750,23/12/08,Tue,2356,DB,CE1,103A 111A ,ST,E,D,DN,F , ,N,R,100,0,0,0,,,1754409,5434130,-41.22949355,174.8423462
Wellington City,2/962/13.596,900,S, ,HOROKIWI ROAD,2856243,20/11/08,Thu,240,CB,CN1,359A ,GP,R,D,DO,F , ,N,R,100,0,0,0,,,1754393,5434109,-41.22968567,174.8421607
Wellington City,2/962/13.688,1000,S, ,HOROKIWI ROAD,2856803,12/10/08,Sun,354,CC,4S1,103A 414A ,G,R,D,DO,F , ,N,R,100,0,0,0,,,1754342,5434018,-41.2305147,174.8415754
Wellington City,2/962/13.688,1000,S, ,HOROKIWI ROAD,2855432,28/09/08,Sun,1300,AA,CS1V,372A 432B ,,E,D,B ,F , ,N,R,100,0,0,0,,,1754342,5434018,-41.2305147,174.8415754
Wellington City,2/962/13.696,1000,S, ,HOROKIWI ROAD,2850386,17/01/08,Thu,1806,FD,CN1CC,331A 350A ,,R,D,B ,F , ,N,R,100,0,0,0,,,1754335,5434028,-41.230426,174.8414894
Wellington City,2/962/13.696,1000,W, ,HOROKIWI ROAD,2857250,17/06/08,Tue,1800,FD,CE1C,181A ,,R,D,O ,F , ,N,R,100,0,0,0,,,1754335,5434028,-41.230426,174.8414894
Wellington City,2/962/13.718,1030,W, ,HOROKIWI ROAD,2812854,4/09/08,Thu,210,DA,CS1,103A 111A ,FG,E,W,DO,L , ,N,R,100,0,0,1,,,1754321,5433996,-41.23071678,174.8413306
Wellington City,2/962/14.08,150,N, ,SERVICE STN STH,2853557,5/06/08,Thu,833,FD,CN1CV,110A 363A 902 ,,E,D,B ,F , ,N,R,100,0,0,0,,,1754010,5433833,-41.23224357,174.8376627
Wellington City,2/962/14.146,1450,W, ,HOROKIWI ROAD,2852086,12/04/08,Sat,1430,DA,CN1,129A ,X,E,D,O ,F , ,N,R,100,0,0,0,,,1753959,5433792,-41.23262241,174.8370648
Wellington City,2/962/14.27,40,W, ,SERVICE STN STH,2812790,22/05/08,Thu,737,BE,CN1V,104A 130A 351A 631A ,C,R,D,B ,F , ,N,R,100,0,0,1,,,1753876,5433700,-41.2334665,174.8360981
Wellington City,2/962/14.359,2000,E, ,NGAURANGA ON NBD,2854384,19/04/08,Sat,1108,QG,4W1C,682A ,D,E,W,O ,L , ,N,R,100,0,0,0,,,1753817,5433618,-41.23421599,174.8354151
Wellington City,2/962/14.496,1800,W, ,HOROKIWI ROAD,2813882,12/11/08,Wed,1710,AA,CE1B,372A ,,E,D,O ,F , ,N,R,100,0,0,1,,,1753719,5433537,-41.23496388,174.8342667
Wellington City,2/962/14.688,2000,S, ,HOROKIWI ROAD,2851275,2/03/08,Sun,115,AD,CS1,133A 135A 402A 801 ,G,E,W,DO,L , ,N,R,100,0,0,0,,,1753569,5433404,-41.23618981,174.8325111
Wellington City,2/962/14.688,2000,W, ,HOROKIWI ROAD,2811176,7/02/08,Thu,730,FD,4S1CC,132A 331A ,,R,D,B ,F , ,N,R,100,0,0,2,,,1753569,5433404,-41.23618981,174.8325111
Wellington City,2/962/14.97,2000,N, ,SH 1N,2813440,15/10/08,Wed,744,FD,CN14C,181A 191B ,G,R,D,O ,F , ,N,R,100,0,0,1,,,1753342,5433252,-41.23760138,174.8298419
Wellington City,2/962/15.169,3000,S, ,PETONE ON SBD,2854002,4/08/08,Mon,1202,QG,TS1V,137B 198B ,G,R,D,O ,F , ,N,R,100,0,0,0,,,1753183,5433117,-41.23884695,174.8279793
Wellington City,2/962/15.169,3000,S, ,PETONE ON SBD,2851324,1/03/08,Sat,1800,CB,CS1,129A 358A ,S,R,W,O ,L , ,N,R,100,0,0,0,,,1753183,5433117,-41.23884695,174.8279793
Wellington City,2/962/15.169,3000,S, ,PETONE ON SBD,2814048,27/10/08,Mon,1322,FA,CW1C,512A ,G,R,D,B ,F , ,N,R,100,0,0,1,,,1753183,5433117,-41.23884695,174.8279793
Wellington City,2/962/15.359,1000,E, ,NGAURANGA ON NBD,2850829,14/01/08,Mon,1735,FD,CE1C,181A ,,R,D,B ,F , ,N,C,100,0,0,0,,,1753039,5432992,-41.23999962,174.8262931
Wellington City,2/962/15.359,1000,E, ,NGAURANGA ON NBD,2811119,14/01/08,Mon,1738,FD,4.00E+144,181A ,,R,D,B ,F , ,N,R,100,0,0,1,,,1753039,5432992,-41.23999962,174.8262931
Wellington City,2/962/15.379,980,N, ,NGAURANGA ON NBD,2852334,20/04/08,Sun,530,AC,XS1C,376A ,G,E,W,DO,F , ,N,R,100,0,0,0,,,1753023,5432980,-41.24011069,174.8261053