TLA NAME,CRASH ROAD,CRASH DIST,CRASH DIRN,INTSN,SIDE ROAD,CRASH ID,CRASH DATE,CRASH DOW,CRASH TIME,MVMT,VEHICLES,CAUSES,OBJECTS STRUCK,ROAD CURVE,ROAD WET,LIGHT,WTHRa,JUNC TYPE,TRAF CTRL,ROAD MARK,SPD LIM,CRASH FATAL CNT,CRASH SEV CNT,CRASH MIN CNT,PERS AGE1,PERS AGE2,EASTING,NORTHING,latitude,longitude
Wellington City,HUTT ON NBD,, ,I,2/962/15.741,2850235,24/01/08,Thu,1200,FA,CN1T,353A 386A ,,E,D,B ,F ,Y,N,R,80,0,0,0,,,1752729,5432784,-41.24193091,174.8226475
Wellington City,2/962/15.741,, ,I,HUTT ON NBD,2813694,15/12/08,Mon,1035,FD,VN1C,181A 191B ,,R,D,B ,F ,Y,N,R,100,0,0,2,,,1752729,5432784,-41.24193091,174.8226475
Wellington City,2/962/15.791,50,S, ,HUTT ON NBD,2851590,20/02/08,Wed,1812,AA,VE1C,372A ,,R,D,O ,F , ,N,R,100,0,0,0,,,1752688,5432755,-41.24219975,174.8221657
Wellington City,2/962/16.059,900,N, ,SH 1N,2812454,23/06/08,Mon,1249,CA,TS1,133A 410A 423A ,FG,R,W,O ,H , ,N,R,100,0,1,0,,,1752473,5432582,-41.24379789,174.8196444
Wellington City,2/962/16.159,200,N, ,NGAURANGA ON NBD,2856748,16/12/08,Tue,15,CB,CS1,135A 401A 901 923 ,G,R,W,DO,H , ,N,R,100,0,0,0,,,1752392,5432522,-41.24435336,174.8186932
Wellington City,2/962/16.47,500,N, ,SH 1N,2812804,14/08/08,Thu,1850,FD,CN1CC,181A 181C ,,E,W,DO,L , ,N,R,100,0,0,3,,,1752164,5432327,-41.24615195,174.8160221
Wellington City,2/962/16.52,450,N, ,SH 1N,2812452,19/06/08,Thu,2037,AA,CN1VTC,372A 400A 671A ,G,R,D,DO,F , ,N,R,100,0,0,1,,,1752128,5432293,-41.24646484,174.8156011
Wellington City,2/962/16.717,250,N, ,SH 1N,2854557,26/08/08,Tue,1440,CB,CS1T,137A 630B ,,R,W,O ,LS, ,N,R,100,0,0,0,,,1751984,5432154,-41.24774338,174.813918
Wellington City,2/962/16.817,150,E, ,SH 1N,2851577,31/01/08,Thu,815,FD,CW1C,331A ,,R,D,B ,F , ,N,N,50,0,0,0,,,1751906,5432091,-41.24832525,174.8130032
Wellington City,2/962/16.82,150,N, ,SH 1N,2813075,12/09/08,Fri,1654,FD,CN1C,112A 331A 353A ,,R,D,B ,F , ,N,R,100,0,0,1,,,1751898,5432100,-41.24824572,174.8129055
Wellington City,2/962/16.87,100,N, ,SH 1N,2813711,22/12/08,Mon,1700,FD,VN1C,181A ,G,R,D,B ,F , ,N,R,100,0,0,1,,,1751858,5432069,-41.24853234,174.8124361
Wellington City,2/962/16.87,100,N, ,SH 1N,2853746,1/07/08,Tue,835,FD,CN1C,331A 363A ,,R,D,B ,F , ,N,R,100,0,0,0,,,1751858,5432069,-41.24853234,174.8124361
Wellington City,2/962/16.97,, ,A,HUTT ROAD,2811868,1/04/08,Tue,1755,AA,MN1C,372B ,,R,D,B ,F ,Y,N,P,100,0,1,0,,,1751775,5432014,-41.24904311,174.8114596
Wellington City,ABEL SMITH ST,20,E, ,CUBA ST,2952941,9/05/09,Sat,410,CB,CW1C,101A 512A ,M,R,D,DO,F , ,N,N,50,0,0,0,,,1748552,5426830,-41.29631586,174.7742741
Wellington City,ABEL SMITH ST,20,E, ,CUBA ST,2956946,29/12/09,Tue,1440,EE,CE1C,374B ,Q,R,D,B ,F , ,N,C,50,0,0,0,,,1748552,5426830,-41.29631586,174.7742741
Wellington City,ABEL SMITH ST,, ,I,KENSINGTON ST,2912149,29/05/09,Fri,1705,NA,XE1E,712B 713B 839 ,,R,D,O ,F ,T,N,C,50,0,1,0,20,,1748409,5426896,-41.29574794,174.7725508
Wellington City,ABEL SMITH ST,50,W, ,WILLIS ST,2955850,6/11/09,Fri,,MO,CN1C,350A 371A 671A 929 ,,R,D,B ,F ,D,N,C,50,0,0,0,,,1748254,5426967,-41.29513718,174.7706831
Wellington City,ABILENE CRESCENT,100,E, ,SILVERTON PLACE,2955277,25/07/09,Sat,2135,CA,CE14,385A ,M,R,D,DO,F , ,N,C,50,0,0,0,,,1751376,5436381,-41.2098001,174.8056173
Wellington City,ACCESS ROAD,60,N, ,BUNNY ST,2951380,24/01/09,Sat,1900,EA,XE1C,512A 440B ,Q,R,D,B ,F , ,N,N,50,0,0,0,,,1749065,5428694,-41.27943888,174.7799422
Wellington City,ACCESS ROAD,30,N, ,BUNNY ST W,2954499,28/07/09,Tue,1038,MO,XN1X,371A 386B 926 ,,R,D,O ,F ,D,N,N,50,0,0,0,,,1749045,5428687,-41.27950559,174.7797052
Wellington City,ACCESS ROAD,40,N, ,BUNNY ST W,2953887,17/06/09,Wed,1845,MO,XE1C,371A 440B ,Q,M,D,DO,F , ,N,N,50,0,0,0,,,1749050,5428695,-41.27943264,174.7797629
Wellington City,ACCESS ROAD,350,S, ,FREIGHT DRIVE,2955622,19/10/09,Mon,1002,MO,XW1X,370A 370B ,,R,D,B ,F , ,N,R,50,0,0,0,,,1751640,5422998,-41.33024198,174.8120945
Wellington City,ACCESS ROAD,, ,A,WELLINGTON AIR TERMINAL,2911432,26/02/09,Thu,803,FC,CN1C,331A 353A ,,R,D,B ,F , ,N,X,50,0,0,1,,,1751652,5423153,-41.32884423,174.8121992
Wellington City,ADELAIDE ROAD,, ,I,AKATEA ST,2954474,27/07/09,Mon,1810,DA,CE2B,122A ,M,R,D,DO,F ,T,N,C,50,0,0,0,,,1748565,5423874,-41.32292758,174.7751513
Wellington City,ADELAIDE ROAD,, ,I,AKATEA ST,2951485,20/02/09,Fri,1529,CA,CN1V,137A 191A ,,R,W,O ,L ,T,N,C,50,0,0,0,,,1748565,5423875,-41.32291858,174.7751511
Wellington City,ADELAIDE ROAD,5,N, ,ALFRED ST,2912971,28/02/09,Sat,1150,KC,CN1S,309A 375A 924 ,,R,D,O ,F ,D,N,C,50,0,0,1,,,1748990,5426224,-41.30169119,174.7796514
Wellington City,ADELAIDE ROAD,20,S, ,ALFRED ST,2953074,25/05/09,Mon,2125,MC,PS1C,372B 645B ,,R,W,DO,LS, ,N,P,50,0,0,0,,,1748983,5426200,-41.30190857,174.7795737
Wellington City,ADELAIDE ROAD,30,S, ,ALFRED ST,2950709,20/01/09,Tue,1045,EA,TS1C,129A ,M,R,D,B ,F , ,N,C,50,0,0,0,,,1748981,5426190,-41.30199897,174.7795523
Wellington City,ADELAIDE ROAD,, ,I,ALFRED ST,2953206,25/05/09,Mon,1356,MO,BS1C,353A 373A 402B ,,R,W,O ,L ,T,G,C,50,0,0,0,,,1748989,5426219,-41.30173639,174.7796407
Wellington City,ADELAIDE ROAD,, ,I,BRITOMART ST,2912621,21/07/09,Tue,1840,ND,CE2E,307A 724B ,,R,W,TO,L ,X,T,P,50,0,0,1,22,,1748579,5424122,-41.32069216,174.7752579
Wellington City,ADELAIDE ROAD,, ,I,BRITOMART ST,2953738,30/06/09,Tue,1030,DB,VN1C,111A ,M,R,D,O ,F ,X,T,C,50,0,0,0,,,1748579,5424122,-41.32069216,174.7752579
Wellington City,ADELAIDE ROAD,30,N, ,BROOMHEDGE ST,2953630,8/07/09,Wed,1650,KA,CS1C,308B 927 ,,R,D,TN,F ,D,N,P,50,0,0,0,,,1748923,5425963,-41.30405345,174.7789154
Wellington City,ADELAIDE ROAD,30,S, ,BROOMHEDGE ST,2956198,27/07/09,Mon,1345,MA,VN1CC,381B ,M,R,D,O ,F , ,N,C,50,0,0,0,,,1748908,5425905,-41.30457842,174.7787505
Wellington City,ADELAIDE ROAD,10,N, ,BROWN ST,2956432,26/11/09,Thu,2255,CB,CS1CC,103A 137A ,MP,R,D,DO,F ,T,N,C,50,0,0,0,,,1748962,5426116,-41.30266873,174.7793436
Wellington City,ADELAIDE ROAD,15,S, ,BROWN ST,2956203,21/11/09,Sat,1420,FD,CN1CC,331A 353A ,,R,D,O ,F , ,N,C,50,0,0,0,,,1748956,5426092,-41.30288592,174.7792778
Wellington City,ADELAIDE ROAD,, ,I,BROWN ST,2956136,30/09/09,Wed,1710,AC,CS1CC,159A 191B 353C 922 ,,R,D,O ,F ,D,G,C,50,0,0,0,,,1748960,5426106,-41.30275913,174.7793221
Wellington City,ADELAIDE ROAD,20,N, ,CHILKA ST,2953426,7/04/09,Tue,820,MO,BN1C,386A 403A ,M,R,D,O ,F , ,N,C,50,0,0,0,,,1748569,5423975,-41.3220175,174.7751744
Wellington City,ADELAIDE ROAD,60,S, ,COLOMBO ST,2956065,27/10/09,Tue,1210,EA,CS1C,385A ,M,R,D,B ,F , ,N,C,50,0,0,0,,,1748684,5425015,-41.31263277,174.7762935
Wellington City,ADELAIDE ROAD,100,S, ,COLOMBO ST,2951080,27/02/09,Fri,1930,EA,CN1C,386A ,M,R,D,DO,F , ,N,C,50,0,0,0,,,1748674,5424977,-41.31297674,174.7761834
Wellington City,ADELAIDE ROAD,20,N, ,DOUGLAS ST,2912644,25/06/09,Thu,926,LB,MN1C,303B 375B 924 ,,R,D,O ,F ,D,N,P,50,0,0,1,,,1748979,5426182,-41.30207137,174.7795304
Wellington City,ADELAIDE ROAD,, ,I,DOUGLAS ST,2954598,6/08/09,Thu,1810,FD,CN1C,331A 358A ,,R,D,DO,F ,X,G,C,50,0,0,0,,,1748973,5426163,-41.30224354,174.7794634
Wellington City,ADELAIDE ROAD,100,N, ,DOVER ST,2913314,12/11/09,Thu,1913,NB,CS1E,713B 727B ,,R,D,TF,F , ,N,P,50,0,0,1,4,,1748504,5423390,-41.32729647,174.774541
Wellington City,ADELAIDE ROAD,60,N, ,DRUMMOND ST,2954762,5/08/09,Wed,1820,MO,CN1,130A ,P,R,D,TO,F , ,T,X,50,0,0,0,,,1748908,5425902,-41.30460543,174.7787512
Wellington City,ADELAIDE ROAD,, ,I,DRUMMOND ST,2911787,25/02/09,Wed,1036,LB,SN1C,303B ,,R,D,B ,F ,X,S,C,50,0,0,1,,29,1748893,5425844,-41.30513039,174.7785863
Wellington City,ADELAIDE ROAD,10,N, ,HALL ST,2952613,13/05/09,Wed,802,EA,TS1CCC,197A ,M,R,D,B ,F ,X,G,C,50,0,0,0,,,1748743,5425256,-41.31045207,174.7769391
Wellington City,ADELAIDE ROAD,30,N, ,HOSPITAL ROAD,2953623,9/07/09,Thu,1400,MC,VN1X,372B ,,R,D,O ,F , ,N,P,50,0,0,0,,,1748870,5425753,-41.30595395,174.778334
Wellington City,ADELAIDE ROAD,, ,I,HOSPITAL ROAD,2950434,16/01/09,Fri,924,LB,CS1V,303B 387B ,,R,D,B ,F ,T,T,P,50,0,0,0,,,1748863,5425724,-41.30621634,174.7782575
Wellington City,ADELAIDE ROAD,100,S, ,JOHN ST,2953960,11/07/09,Sat,920,MC,CN1C,372B ,,R,D,B ,F , ,N,C,50,0,0,0,,,1748807,5425511,-41.3081444,174.7776409
Wellington City,ADELAIDE ROAD,, ,I,JOHN ST,2953413,25/04/09,Sat,450,MG,MN1V,371B ,,R,D,DO,F ,X,T,C,50,0,0,0,,,1748832,5425608,-41.30726645,174.7779157
Wellington City,ADELAIDE ROAD,, ,I,KING ST,2912744,20/08/09,Thu,1710,LB,SS1C,303B 377B ,,R,D,TF,F ,T,G,P,50,0,0,1,,25,1748937,5426020,-41.30353767,174.7790686
Wellington City,ADELAIDE ROAD,, ,I,KING ST,2952931,21/05/09,Thu,2021,FD,CN1CC,331A 352A 331C 352C ,,R,D,DO,F ,T,G,P,50,0,0,0,,,1748937,5426020,-41.30353767,174.7790686
Wellington City,ADELAIDE ROAD,30,S, ,LAVAUD ST,2913680,21/12/09,Mon,1746,NA,BS1E,711B 716B ,,R,D,B ,F , ,N,L,50,0,1,0,56,,1748557,5423756,-41.32399146,174.7750846
Wellington City,ADELAIDE ROAD,100,S, ,LAVAUD ST,2952646,25/04/09,Sat,920,KB,CN1C,308B 377B 839 920 ,,R,D,B ,F ,D,N,L,50,0,0,0,,,1748553,5423686,-41.32462243,174.7750539
Wellington City,ADELAIDE ROAD,20,N, ,LUXFORD ST,2912964,5/08/09,Wed,1710,EE,SS1T,158A 374B ,Q,R,D,B ,F ,T,T,C,50,0,0,1,,47,1748586,5424235,-41.31967349,174.7753139
Wellington City,ADELAIDE ROAD,30,S, ,LUXFORD ST,2953748,15/05/09,Fri,1000,MO,4S1V,371A 385A ,M,R,W,O ,L , ,N,R,50,0,0,0,,,1748583,5424185,-41.32012421,174.7752903
Wellington City,ADELAIDE ROAD,60,S, ,MUDGES TERRACE,2951920,3/03/09,Tue,1107,MD,CS1TC,387A 371B 181C 929 ,,R,D,B ,F ,D,N,C,50,0,0,0,,,1748617,5424754,-41.31499501,174.7755572
Wellington City,ADELAIDE ROAD,, ,I,RIDDIFORD ST,2952341,25/05/09,Mon,1750,NA,PS1E,718B ,,R,W,TO,L ,X,T,C,50,0,0,0,,,1748832,5425608,-41.30726645,174.7779157
Wellington City,ADELAIDE ROAD,80,S, ,SH 1N,2956389,4/11/09,Wed,1539,EA,BN1C,386A ,M,R,D,O ,F , ,N,C,50,0,0,0,,,1748985,5426207,-41.30184517,174.7795959
Wellington City,ADELAIDE ROAD,90,S, ,SH 1N,2911978,20/04/09,Mon,1300,LB,SN1C,158A 377A 924 ,,R,W,O ,L ,D,N,C,50,0,0,1,,26,1748983,5426197,-41.30193558,174.7795745
Wellington City,ADELAIDE ROAD,100,N, ,STOKE ST,2952933,25/01/09,Sun,1530,CB,CS1VCC,101A 195A ,MM,R,D,B ,F , ,N,C,50,0,0,0,,,1748675,5424980,-41.31294955,174.7761946
Wellington City,ADELAIDE ROAD,, ,I,STOKE ST,2912372,9/06/09,Tue,825,JA,SN1C,309B 378B 839 ,,R,D,O ,F ,T,N,C,80,0,0,1,,31,1748650,5424883,-41.31382748,174.7759198
Wellington City,ADELAIDE ROAD,, ,I,STOKE ST,2913308,8/10/09,Thu,817,LB,SN1C,303B 353B ,,R,D,O ,F ,T,N,C,50,0,0,1,,22,1748650,5424883,-41.31382748,174.7759198
Wellington City,ADELAIDE ROAD,, ,I,STOKE ST,2953431,2/07/09,Thu,725,JA,CS1C,309A 375A ,,R,D,B ,F ,T,N,C,50,0,0,0,,,1748646,5424867,-41.31397228,174.7758759
Wellington City,ADELAIDE ROAD,, ,I,STOKE ST,2951343,20/02/09,Fri,1800,JC,CE24,124B ,,R,D,O ,F ,T,N,C,50,0,0,0,,,1748646,5424867,-41.31397228,174.7758759
Wellington City,ADELAIDE ROAD,100,S, ,TORQUAY TERRACE,2952359,24/04/09,Fri,755,MG,CW1T,371B 929 ,,R,D,B ,F ,D,N,N,50,0,0,0,,,1748607,5424615,-41.31624832,174.7754718
Wellington City,AHURIRI ST,300,E, ,KEKERENGA ST,2954338,6/08/09,Thu,837,BA,BW1C,125A 125B 402B 839 ,,R,D,B ,F , ,N,C,50,0,0,0,,,1752247,5422449,-41.33507031,174.8194822
Wellington City,AITKEN ST,60,E, ,MOLESWORTH ST,2953908,17/04/09,Fri,830,MO,CE1M,371A ,M,R,D,B ,F , ,N,P,50,0,0,0,,,1748949,5428969,-41.27698433,174.7784904
Wellington City,AITKEN ST,, ,I,MOLESWORTH ST,2952191,9/04/09,Thu,1145,CC,CW1,507A ,S,R,D,O ,F ,X,T,C,50,0,0,0,,,1748889,5428972,-41.27696838,174.7777736
Wellington City,AKAROA DRIVE,180,S, ,ARAMOANA PLACE,2912808,21/08/09,Fri,845,NA,TN1E,831 929 ,,M,D,B ,F ,D,N,C,50,0,0,1,16,,1752453,5425849,-41.30442057,174.8210903
Wellington City,AKAROA DRIVE,50,S, ,WAIWERA CRESCENT,2953963,27/07/09,Mon,1500,EA,CS1V,386A 500A ,M,E,D,O ,F , ,N,C,50,0,0,0,,,1752064,5425356,-41.30893257,174.8165691
Wellington City,ALBANY AVENUE,50,N, ,ARMOUR AVENUE,2955059,13/06/09,Sat,30,MO,CN1C,101A 385A ,M,R,D,DO,F , ,N,N,50,0,0,0,,,1749453,5426506,-41.29906662,174.78511
Wellington City,ALEXANDRA LOOKOUT ROAD,20,E, ,ALEXANDRA MEMORIAL ROAD,2953740,23/05/09,Sat,1130,MO,CS1C,371A ,,E,W,O ,LS, ,N,N,50,0,0,0,,,1750281,5426790,-41.2963559,174.7949252
Wellington City,ALEXANDRA MEMORIAL ROAD,80,S, ,ALEXANDRA LOOKOUT ROAD,2953921,6/06/09,Sat,1315,MO,4W1C,371A ,M,R,D,B ,F , ,N,C,50,0,0,0,,,1750201,5426750,-41.29673093,174.79398
Wellington City,ALEXANDRA ROAD,1000,N, ,CONSTABLE ST,2913228,9/09/09,Wed,1423,BC,CN1C,404A ,,M,D,B ,F , ,N,N,50,0,0,2,,,1749715,5425862,-41.30481622,174.7883964
Wellington City,ALEXANDRA ROAD,50,S, ,LOOKOUT ROAD,2952377,13/05/09,Wed,2240,DA,CN1,132A 423A 502A ,E,E,D,DN,FF, ,N,C,50,0,0,0,,,1750572,5426844,-41.29581549,174.7983858
Wellington City,ALLEN ST,50,E, ,COURTENAY PLACE,2953808,5/07/09,Sun,220,MO,CN1X,371A ,,R,W,DO,L , ,N,N,50,0,0,0,,,1749229,5427153,-41.29328286,174.7822771
Wellington City,ALLEN ST,50,N, ,COURTENAY PLACE,2955366,19/10/09,Mon,2100,MO,VN1C,371A ,M,R,D,DO,F , ,N,N,50,0,0,0,,,1749229,5427153,-41.29328286,174.7822771
Wellington City,ALLEN ST,100,S, ,WAKEFIELD ST,2952937,9/05/09,Sat,1240,MO,CE1V,371A 902 ,M,R,D,B ,F , ,N,N,50,0,0,0,,,1749231,5427156,-41.29325548,174.7823003
Wellington City,ALLEN ST,, ,I,WAKEFIELD ST,2956161,23/11/09,Mon,1125,EA,TS1T,386A 444B ,M,R,D,O ,F ,T,N,N,50,0,0,0,,,1749272,5427248,-41.29241959,174.7827672
Wellington City,ALLINGTON ROAD,200,W, ,SWADEL WAY,2950431,8/01/09,Thu,815,MO,CS1,423A 929 ,F,M,D,B ,F ,D,N,N,50,0,0,0,,,1743770,5427597,-41.29027603,174.7170028
Wellington City,AMESBURY DRIVE,, ,I,ERLESTOKE CRESCENT,2953310,25/05/09,Mon,2130,EA,CS1C,385A ,M,R,W,DO,L ,T,N,N,50,0,0,0,,,1751038,5437592,-41.19896005,174.8012885
Wellington City,AOTEA ON NBD,30,S, ,SH 1N,2953036,27/04/09,Mon,758,DA,CW1,111A 135A 801 901 ,G,E,W,O ,H , ,N,N,100,0,0,0,,,1749760,5430530,-41.26278001,174.7877859
Wellington City,AOTEA ON NBD,, ,I,SLIP ROAD,2955411,4/10/09,Sun,1311,FB,CN1CC,181A 181B 191C ,,E,W,O ,L ,T,G,R,70,0,0,0,,,1749511,5430178,-41.26599534,174.7849011
Wellington City,AOTEA QUAY,40,S, ,AOTEA ON NBD,2912388,4/06/09,Thu,1700,JA,MW1C,375B 927 ,,R,D,TO,F ,D,N,R,70,0,0,1,,,1749559,5430084,-41.26683278,174.785497
Wellington City,AOTEA QUAY,400,S, ,HUTT ROAD,2912206,5/06/09,Fri,230,DB,CN1,103A 111A 400A ,,M,D,DO,F , ,N,C,50,0,0,2,,,1749544,5430126,-41.26645741,174.7853077
Wellington City,APU CRESCENT,20,E, ,ONEPU ROAD,2953430,29/05/09,Fri,237,CC,CW1CC,104A 112A ,M,R,W,DO,L , ,N,N,50,0,0,0,,,1750268,5423451,-41.32642041,174.7955949
Wellington City,APUKA ST,300,N, ,HELEN ST,2952602,25/04/09,Sat,1829,BB,CN1C,123A ,,S,D,TF,F , ,N,C,50,0,0,0,,,1747357,5426210,-41.3021171,174.7601579
Wellington City,ARAWA ROAD,50,S, ,HOHIRIA ROAD,2912924,6/09/09,Sun,920,MC,CS1CC,372B 386B ,M,E,D,B ,F , ,N,C,50,0,0,2,,,1750814,5426484,-41.29901149,174.801364
Wellington City,ARO ST,40,E, ,DEVON ST,2911346,21/02/09,Sat,1720,FD,CE1C,331A ,,R,D,B ,F , ,N,C,50,0,0,2,,,1747949,5426949,-41.29535521,174.7670464
Wellington City,ARO ST,20,E, ,EPUNI ST,2952357,12/03/09,Thu,1730,MO,CW1C,371A ,Q,R,D,B ,F , ,N,C,50,0,0,0,,,1747897,5426954,-41.29531972,174.7664244
Wellington City,ARO ST,, ,I,EPUNI ST,2951381,17/01/09,Sat,1100,MO,TS2C,371A ,M,R,D,O ,F ,T,G,C,50,0,0,0,,,1747877,5426956,-41.29530538,174.7661851
Wellington City,ARO ST,, ,I,OHIRO ROAD,2954782,21/08/09,Fri,1409,EO,TE1,135A 814 ,P,R,W,B ,F ,T,G,C,50,0,0,0,,,1748163,5426879,-41.29594619,174.7696182
Wellington City,ARO ST,, ,I,OHIRO ROAD,2911832,1/04/09,Wed,839,NF,CE1E,711B ,,E,D,DO,F ,T,G,C,50,0,0,2,23,,1748163,5426879,-41.29594619,174.7696182
Wellington City,ARO ST,, ,I,WILLIS ST,2951553,2/04/09,Thu,1300,GA,CE1C,331A ,,E,D,B ,F ,T,G,R,50,0,0,0,,,1748250,5426840,-41.29628135,174.7706663
Wellington City,ASHTON FITCHETT DRIVE,20,N, ,WATERHOUSE DRIVE,2957137,19/12/09,Sat,2010,AB,CS1C,156A 402A 904 ,,E,D,O ,M , ,N,C,50,0,0,0,,,1746772,5425845,-41.30551001,174.7532613
Wellington City,ASQUITH TERRACE,60,S, ,DORKING ROAD,2953316,3/05/09,Sun,2200,EA,CS1C,385A ,M,E,D,DO,F , ,N,N,50,0,0,0,,,1748125,5425656,-41.3069644,174.7694622
Wellington City,AURORA TERRACE,40,W, ,THE TERRACE,2954676,3/06/09,Wed,1510,MO,CE1C,101A 385A ,M,R,D,B ,F , ,N,C,50,0,0,0,,,1748616,5428512,-41.28116026,174.7746276
Wellington City,AUSTIN ST,20,N, ,CLAREMONT GROVE,2957124,20/08/09,Thu,1955,EA,CN1C,359A ,M,R,D,DO,F , ,N,C,50,0,0,0,,,1749746,5426831,-41.2960862,174.7885281
Wellington City,AUSTIN ST,15,N, ,DERBY ST,2913104,5/08/09,Wed,1849,NB,CN1E,370A 712B 713B ,,R,D,DN,F , ,N,C,50,0,1,0,12,,1749562,5426425,-41.2997757,174.7864313
Wellington City,AWARUA ST,, ,I,FOX ST,2912293,4/06/09,Thu,905,FB,VW1M,331A 351A ,,E,D,O ,F ,Y,S,C,50,0,0,1,,,1748547,5432536,-41.24494286,174.7728237
Wellington City,BALFOUR ST,220,N, ,FARNHAM ST,2951700,13/03/09,Fri,1112,DA,CS1,111A 132A 621A ,FT,S,D,B ,F , ,N,C,50,0,0,0,,,1747902,5424264,-41.31953812,174.7671381
Wellington City,BALLANTRAE PLACE,220,N, ,BOWEN ST,2951714,3/03/09,Tue,906,QD,VE1C4,428A ,FM,M,W,O ,F , ,N,N,50,0,0,0,,,1748623,5428926,-41.27743154,174.7746102
Wellington City,BANNISTER AVENUE,100,S, ,BRODERICK ROAD,2954998,20/05/09,Wed,1720,EA,VN1V,129A ,M,R,D,B ,F , ,N,C,50,0,0,0,,,1750890,5434675,-41.22525071,174.8002443
Wellington City,BANNISTER AVENUE,15,N, ,HAUMIA ST,2911385,10/03/09,Tue,1730,MD,CN1S,308B 726B 927 ,,R,D,B ,F ,D,N,C,50,0,0,1,,,1750771,5434388,-41.22785688,174.798896
Wellington City,BANNISTER AVENUE,, ,I,HAUMIA ST,2912202,5/05/09,Tue,1530,HA,CN2P,321B 402B ,,R,D,B ,F ,X,G,C,50,0,0,2,,,1750760,5434378,-41.22794896,174.7987673
Wellington City,BARNARD ST,80,N, ,SAR ST,2954415,20/07/09,Mon,1540,EE,CN1T,374B ,Q,R,D,O ,F , ,N,N,50,0,0,0,,,1749647,5430718,-41.2611083,174.7863915
Wellington City,BASSETT ROAD,, ,I,CLIFFORD ROAD,2952935,9/05/09,Sat,1300,GD,CN1C,331A ,,M,D,B ,F ,T,S,C,50,0,0,0,,,1751569,5435551,-41.21723682,174.8081242
Wellington City,BASSETT ROAD,, ,I,OHARIU ROAD,2954363,24/08/09,Mon,635,NB,CE2E,713B ,,R,W,DO,L ,T,N,C,50,0,0,0,,,1751506,5435417,-41.21845507,174.8074062
Wellington City,BATCHELOR ST,, ,I,STEWART DRIVE,2956968,19/12/09,Sat,1600,FB,CN1X,331A ,,R,D,O ,L ,T,N,N,50,0,0,0,,,1752721,5434974,-41.22221518,174.8220044
Wellington City,BAY ROAD,15,S, ,RONGOTAI ROAD,2953922,20/06/09,Sat,1230,MF,CN1C,371B ,,R,W,TO,L , ,N,N,50,0,0,0,,,1750237,5424384,-41.3180261,174.7949941
Wellington City,BAY ROAD,25,S, ,RONGOTAI ROAD,2952193,18/04/09,Sat,910,MO,CS1C,351A 371A ,M,R,D,B ,F , ,N,C,50,0,0,0,,,1750234,5424374,-41.3181167,174.7949607
Wellington City,BAY ROAD,30,S, ,RONGOTAI ROAD,2952161,7/05/09,Thu,1625,MO,CS1M,386A ,M,R,D,O ,F , ,N,C,50,0,0,0,,,1750233,5424369,-41.3181619,174.79495
Wellington City,BAY ROAD,40,S, ,RONGOTAI ROAD,2950280,22/01/09,Thu,1210,MF,CS1V,371B ,,R,D,O ,F , ,N,C,50,0,0,0,,,1750230,5424359,-41.31825249,174.7949166
Wellington City,BAYLANDS DRIVE,100,W, ,CHEYNE WALK,2951915,26/02/09,Thu,1637,QD,CW1C,428A ,M,R,D,B ,F , ,N,C,50,0,0,0,,,1753320,5434559,-41.22583827,174.8292513
Wellington City,BEAZLEY AVENUE,, ,I,JAY ST,2950799,11/02/09,Wed,1710,JA,CS1C,309B 375B ,,E,D,O ,F ,T,N,C,50,0,0,0,,,1752627,5435760,-41.21515629,174.8206872
Wellington City,BEAZLEY AVENUE,, ,I,MARK AVENUE,2955219,5/10/09,Mon,1030,JA,CN1T,309B 353B 375B ,,M,W,O ,L ,T,G,X,50,0,0,0,,,1752401,5435862,-41.21428053,174.8179671
Wellington City,BIDWILL ST,150,W, ,WALLACE ST,2953323,6/05/09,Wed,845,MD,ME1C,151A 929 ,,R,W,O ,L ,D,N,N,50,0,0,0,,,1748378,5426180,-41.30220011,174.7723553
Wellington City,BLAIR ST,20,N, ,COURTENAY PLACE,2956633,23/12/09,Wed,1943,MF,CN1C,103B 371B ,,R,D,O ,F , ,N,N,50,0,0,0,,,1749290,5427110,-41.29365873,174.7830159
Wellington City,BLAIR ST,20,N, ,COURTENAY PLACE,2954364,16/05/09,Sat,130,MO,CN1P,371A ,,R,W,DO,L , ,N,N,50,0,0,0,,,1749290,5427110,-41.29365873,174.7830159
Wellington City,BOULCOTT ST,, ,I,BOULCOTT SLIP,2954371,3/07/09,Fri,1600,KA,CE1C,309B ,,R,D,O ,F ,Y,N,C,50,0,0,0,,,1748535,5427977,-41.28599202,174.7737913
Wellington City,BOULCOTT ST,30,N, ,CHURCH ST,2953621,5/05/09,Tue,1630,GD,CS1V,331A 920 ,,R,D,B ,F ,D,N,C,50,0,0,0,,,1748543,5427773,-41.28782726,174.7739366
Wellington City,BOULCOTT ST,100,N, ,CHURCH ST,2913253,18/10/09,Sun,12,NB,CN1E,105B 109B 711B ,,R,W,DO,L , ,N,C,50,0,0,1,19,,1748571,5427837,-41.28724588,174.7742552
Wellington City,BOULCOTT ST,100,N, ,CHURCH ST,2954063,5/05/09,Tue,1657,GD,4S1C,331A 926 ,,R,D,O ,F ,D,N,C,50,0,0,0,,,1748571,5427837,-41.28724588,174.7742552
Wellington City,BOULCOTT ST,15,S, ,CHURCH ST,2955982,27/10/09,Tue,1829,EE,CN1C,374B 903 ,M,E,D,TF,FS, ,N,C,50,0,0,0,,,1748539,5427732,-41.28819714,174.7738988
Wellington City,BOULCOTT ST,50,E, ,GILMER TERRACE,2950896,9/03/09,Mon,1305,JA,SS1C,308B 926 ,,M,D,B ,F ,D,N,C,50,0,0,0,,,1748609,5427935,-41.28635655,174.7746849