TLA NAME,CRASH ROAD,CRASH DIST,CRASH DIRN,INTSN,SIDE ROAD,CRASH ID,CRASH DATE,CRASH DOW,CRASH TIME,MVMT,VEHICLES,CAUSES,OBJECTS STRUCK,ROAD CURVE,ROAD WET,LIGHT,WTHRa,JUNC TYPE,TRAF CTRL,ROAD MARK,SPD LIM,CRASH FATAL CNT,CRASH SEV CNT,CRASH MIN CNT,PERS AGE1,PERS AGE2,EASTING,NORTHING,latitude,longitude
Wellington City,BOULCOTT ST,, ,I,OREILY AVENUE,2955853,5/11/09,Thu,1715,JA,MW1C,309B 314B 402B ,,R,D,B ,F ,T,N,C,50,0,0,0,,,1748582,5427659,-41.28884647,174.7744299
Wellington City,BOULCOTT ST,20,W, ,WILLIS ST,2952260,23/03/09,Mon,830,AO,CE1C,129A ,,R,D,B ,F , ,N,C,50,0,0,0,,,1748593,5427641,-41.28900651,174.7745656
Wellington City,BOULCOTT ST,20,W, ,WILLIS ST,2950596,29/01/09,Thu,1710,FD,XE1C,386A ,,R,D,B ,F , ,N,C,50,0,0,0,,,1748593,5427641,-41.28900651,174.7745656
Wellington City,BOULCOTT ST,30,W, ,WILLIS ST,2951127,15/01/09,Thu,1135,EA,TW1C,385A ,M,R,D,B ,F , ,N,C,50,0,0,0,,,1748588,5427649,-41.28893541,174.774504
Wellington City,BOULCOTT ST,100,W, ,WILLIS ST,2956433,1/10/09,Thu,858,AO,TS1X,197A 386A ,,R,D,B ,F , ,N,C,50,0,0,0,,,1748552,5427710,-41.28839282,174.7740594
Wellington City,BOWEN ST,30,W, ,LAMBTON QUAY,2954675,17/06/09,Wed,1545,AC,XE1C,372A ,,E,D,O ,F , ,N,L,50,0,0,0,,,1748816,5428717,-41.27927772,174.7769647
Wellington City,BOWEN ST,20,E, ,THE TERRACE,2954367,22/05/09,Fri,853,FD,CW1V,181A 512A ,,R,W,O ,L ,T,T,C,50,0,0,0,,,1748721,5428772,-41.27880003,174.7758174
Wellington City,BOWEN ST,, ,I,THE TERRACE,2911052,14/01/09,Wed,1729,JA,CW1C,322A 330A 401A ,,R,D,B ,F ,T,T,C,50,0,0,1,,,1748701,5428774,-41.27878571,174.7755782
Wellington City,BOX HILL,100,S, ,BARODA ST,2953382,24/04/09,Fri,1420,GB,SS1C,151A 158A 817 929 ,,R,D,B ,F ,D,N,C,50,0,0,0,,,1750147,5432727,-41.24292767,174.7918629
Wellington City,BOX HILL,, ,I,CLARK ST,2956325,20/11/09,Fri,745,FC,VS1C,181A ,,R,D,B ,F ,T,P,X,50,0,0,0,,,1750048,5432524,-41.24477374,174.7907319
Wellington City,BOX HILL,, ,I,STATION ROD,2951836,18/03/09,Wed,1812,FC,CS1C,181A ,,R,W,O ,F ,T,N,X,50,0,0,0,,,1750199,5432833,-41.24196364,174.7924571
Wellington City,BRACKEN ROAD,50,E, ,BEAZLEY AVENUE,2911344,2/03/09,Mon,1635,BB,CE1CV,123A 191B 331C ,,M,D,O ,F , ,N,C,50,0,0,1,,,1752728,5435471,-41.2177392,174.8219637
Wellington City,BRACKEN ROAD,50,N, ,NEWLANDS ROAD,2912737,17/08/09,Mon,2009,BC,CN1C,120A 120B 352B 925 ,,R,D,DO,F ,D,N,C,50,0,0,1,,,1752852,5434889,-41.22295572,174.8235878
Wellington City,BRACKEN ROAD,, ,I,NEWLANDS ROAD,2953070,26/05/09,Tue,835,KA,CE2C,302B 375B ,,E,W,O ,F ,R,G,R,50,0,0,0,,,1752868,5434842,-41.22337586,174.8237903
Wellington City,BRACKEN ROAD,140,N, ,STEWART DRIVE,2953525,21/06/09,Sun,2005,EA,4S1CC,103A ,M,E,D,DO,FS, ,N,C,50,0,0,0,,,1752795,5435077,-41.22127386,174.8228611
Wellington City,BRITOMART ST,100,S, ,FARNHAM ST,2950706,22/02/09,Sun,1830,MO,CS1C,371A 385A ,M,E,D,TF,F , ,N,C,50,0,0,0,,,1748190,5424230,-41.31979137,174.7705858
Wellington City,BRITOMART ST,170,E, ,STANLEY ST,2956635,21/12/09,Mon,1755,CB,4.00E+01,111A 517A ,F,M,D,O ,F , ,N,C,50,0,0,0,,,1748532,5424125,-41.32067381,174.7746958
Wellington City,BRITOMART ST,, ,I,STANLEY ST,2911952,30/04/09,Thu,915,JA,CE1C,302B 377B 839 ,,R,W,O ,L ,X,G,C,50,0,0,1,,,1748362,5424136,-41.32060607,174.7726629
Wellington City,BROADWAY,20,W, ,GLAMIS AVENUE,2950657,9/02/09,Mon,1010,MO,CW1M,353A 371A ,,R,D,O ,F , ,N,C,50,0,0,0,,,1752412,5423630,-41.32440639,174.821157
Wellington City,BROADWAY,60,W, ,HOBART ST,2953637,31/05/09,Sun,1500,FD,CW1VC,353A ,,R,W,O ,LS, ,N,C,50,0,0,0,,,1751572,5423540,-41.32537503,174.8111471
Wellington City,BROADWAY,, ,I,IRA ST,2912283,8/06/09,Mon,1920,HA,VW1M,302A 375A ,,R,D,DO,F ,R,G,R,50,0,0,1,,,1752348,5423615,-41.32455353,174.8203964
Wellington City,BROADWAY,, ,I,MONORGAN ROAD,2911870,28/04/09,Tue,1555,NA,CW1E,306A 377A ,,R,D,O ,F ,X,S,X,50,0,0,1,14,,1752143,5423554,-41.32514144,174.8179633
Wellington City,BROADWAY,, ,I,SLIP,2955953,11/11/09,Wed,2135,DB,CW1,103A ,I,E,D,DO,F ,R,G,R,50,0,0,0,,,1751477,5423533,-41.3254559,174.8100143
Wellington City,BROADWAY,, ,I,STRATHMORE AVENUE,2953428,6/06/09,Sat,950,HA,CN24,302A 375A ,,R,D,B ,F ,R,G,R,50,0,0,0,,,1752343,5423606,-41.32463551,174.8203389
Wellington City,BROADWAY,, ,I,STRATHMORE AVENUE,2951978,29/03/09,Sun,1350,LB,CW1C,302A 382A ,,R,D,B ,F ,R,G,R,50,0,0,0,,,1752348,5423615,-41.32455353,174.8203964
Wellington City,BROADWAY,50,E, ,TIO TIO ROAD,2954787,27/08/09,Thu,937,DA,CE1C,111A 402A ,HM,E,D,B ,F , ,N,C,50,0,0,0,,,1752620,5423677,-41.3239439,174.8236293
Wellington City,BROADWAY,, ,I,TIO TIO ROAD,2912611,3/07/09,Fri,1050,JA,SE1C,302B ,,R,D,O ,F ,T,G,C,50,0,1,0,,48,1752570,5423673,-41.32398937,174.8230332
Wellington City,BRODERICK ROAD,, ,I,BANNISTER AVENUE,2955731,21/10/09,Wed,1130,JA,CW1C,302B 375B ,,R,D,O ,F ,T,G,C,50,0,0,0,,,1750922,5434770,-41.22438941,174.8006024
Wellington City,BRODERICK ROAD,50,E, ,GOTHIC ST,2954531,22/07/09,Wed,1110,KB,4W1C,308B 926 ,,R,D,B ,F ,D,G,C,50,0,0,0,,,1751381,5434735,-41.22461879,174.8060847
Wellington City,BRODERICK ROAD,30,W, ,GOTHIC ST,2950098,6/01/09,Tue,1045,KB,CW1C,308B 926 ,,R,D,B ,F ,D,N,C,50,0,0,0,,,1751302,5434747,-41.22452552,174.8051396
Wellington City,BRODERICK ROAD,40,E, ,HEATH ST,2955213,19/09/09,Sat,1938,GD,CW1C,331A 191B 929 ,,R,D,DO,F ,D,N,C,50,0,0,0,,,1751052,5434787,-41.2242121,174.8021485
Wellington City,BRODERICK ROAD,, ,I,PHILLIP ST,2912270,14/05/09,Thu,820,NA,CE1E,711B ,,R,D,B ,F ,T,G,C,50,0,0,1,12,,1750985,5434789,-41.22420659,174.801349
Wellington City,BRODERICK ROAD,60,N, ,TRUSCOTT AVENUE,2953427,4/06/09,Thu,925,EA,CN1C,363A 645A 902 ,M,R,W,B ,FF, ,N,N,50,0,0,0,,,1750587,5434813,-41.22406468,174.7965969
Wellington City,BROOKLYN ROAD,150,S, ,BIDWILL ST,2954288,29/06/09,Mon,840,FA,CN1C4,112A 181A 197A ,M,R,W,O ,L , ,N,C,50,0,0,0,,,1748013,5426117,-41.30283436,174.7680128
Wellington City,BROOKLYN ROAD,, ,I,BIDWILL ST,2957132,5/09/09,Sat,2345,DA,VN1,101A 111A ,F,M,D,DO,F ,T,G,P,40,0,0,0,,,1748117,5426076,-41.30318442,174.7692645
Wellington City,BROOKLYN ROAD,20,N, ,FRANKLIN AVENUE,2957134,23/12/09,Wed,1217,AC,VS1TC,156A 205A 137B ,M,M,W,B ,F , ,N,R,50,0,0,0,,,1748121,5426691,-41.29764656,174.7691625
Wellington City,BROOKLYN ROAD,50,E, ,WASHINGTON AVENUE,2953721,6/06/09,Sat,127,DA,CE1,101A 111A ,G,S,W,DO,L , ,N,C,50,0,0,0,,,1747919,5426159,-41.30247345,174.7668802
Wellington City,BROOKLYN ROAD,, ,I,WASHINGTON AVENUE,2953315,29/06/09,Mon,1050,JA,CS1C,302B ,,E,W,O ,L ,T,G,P,50,0,0,0,,,1747874,5426138,-41.30267077,174.7663481
Wellington City,BROOKLYN ROAD,, ,I,WASHINGTON AVENUE,2910088,13/11/09,Fri,830,PA,BE1E,701B 732B ,,E,D,B ,F ,T,G,R,50,1,0,0,42,,1747874,5426138,-41.30267077,174.7663481
Wellington City,BROOKLYN ROAD,, ,I,WASHINGTON AVENUE,2913167,15/08/09,Sat,541,DB,MN2C,103A 131A 102B ,,E,W,DO,F ,T,G,R,50,0,1,0,,,1747874,5426138,-41.30267077,174.7663481
Wellington City,BROUGHAM ST,50,S, ,ARMOUR AVENUE,2952416,30/04/09,Thu,938,MA,CN1C,143B 373B ,,R,W,O ,L , ,N,N,50,0,0,0,,,1749337,5426448,-41.29961029,174.7837394
Wellington City,BROUGHAM ST,, ,I,ARMOUR AVENUE,2956117,1/10/09,Thu,1215,JA,CS1C,112A 517A 309B 402B 405B ,,R,D,B ,F ,T,N,C,50,0,0,0,,,1749357,5426494,-41.29919243,174.7839669
Wellington City,BROUGHAM ST,, ,I,MOIR ST,2956514,4/12/09,Fri,1032,JA,CN1C,309B 375B ,,R,D,B ,F ,T,N,C,50,0,0,0,,,1749326,5426423,-41.29983741,174.7836142
Wellington City,BROUGHAM ST,, ,I,MOIR ST,2950438,10/01/09,Sat,1310,KA,CN1C,309A 378A 839 ,,R,W,O ,F ,T,N,C,50,0,0,0,,,1749326,5426423,-41.29983741,174.7836142
Wellington City,BROUGHAM ST,, ,I,PIRIE ST,2912727,30/07/09,Thu,1540,HA,CW1TCC,309A ,,R,D,B ,F ,X,G,R,50,0,0,1,,,1749420,5426634,-41.29792029,174.7846846
Wellington City,BUCKLEY ROAD,100,S, ,MELROSE ROAD,2956536,18/11/09,Wed,1943,BC,BS1C,121A 818 ,,E,D,B ,F , ,N,C,50,0,0,0,,,1749001,5421849,-41.34107894,174.7808551
Wellington City,BUNNY ST,10,E, ,FEATHERSTON ST,2951290,21/02/09,Sat,122,LB,SE1C,314B 377B 920 ,,R,D,B ,F ,D,N,R,50,0,0,0,,,1749006,5428679,-41.27958482,174.7792416
Wellington City,BUNNY ST,, ,I,FEATHERSTON ST,2911536,26/02/09,Thu,1644,FE,PW1C,181A 387A 614A ,,R,D,B ,F ,X,T,R,50,0,0,1,,,1748998,5428685,-41.27953227,174.7791447
Wellington City,BURGESS ROAD,20,E, ,JOHNSONVILLE ROAD,2913229,30/10/09,Fri,1835,CA,ME1,133A ,,R,D,O ,F , ,N,N,50,0,1,0,,,1751516,5435015,-41.22207257,174.8076251
Wellington City,BURMA ROAD,, ,I,BARODA ST,2913774,30/12/09,Wed,1235,NA,4S1E,306A ,,R,D,B ,F ,T,G,X,50,0,0,1,17,,1750199,5432833,-41.24196364,174.7924571
Wellington City,BURMA ROAD,50,S, ,HAUMIA ST,2911220,31/01/09,Sat,1558,FC,CN1CC,331A 423A ,,R,D,B ,F , ,N,X,50,0,0,1,,,1750841,5434172,-41.22978857,174.7997842
Wellington City,BURMA ROAD,150,S, ,HAUMIA ST,2953037,25/05/09,Mon,1226,FB,CN1C,135A 181A 191B 801 ,,R,W,O ,H , ,N,X,50,0,0,0,,,1750773,5434101,-41.23044049,174.7989907
Wellington City,BURMA ROAD,, ,I,JOHN SIMS DRIVE,2912375,28/04/09,Tue,800,KA,TN1S,113B 302B 375B ,,R,D,O ,F ,T,G,L,50,0,0,1,,25,1750688,5433490,-41.23595742,174.7981278
Wellington City,BURMA ROAD,50,N, ,RANGOON ST,2951551,14/03/09,Sat,2010,FA,CS1C,181A 101B 191B ,,R,D,DO,F , ,N,C,50,0,0,0,,,1750567,5433163,-41.23892408,174.7967653
Wellington City,BURMA ROAD,, ,I,STATION ROAD,2952379,11/04/09,Sat,1920,JC,CW2C,301A ,,R,D,TF,F ,T,S,C,50,0,0,0,,,1750199,5432833,-41.24196364,174.7924571
Wellington City,BURMA ROAD,, ,I,STATION ROAD,2955900,15/11/09,Sun,1427,JA,CS1CC,301B 377B ,CM,R,D,O ,F ,T,S,C,50,0,0,0,,,1750199,5432833,-41.24196364,174.7924571
Wellington City,CABLE ST,10,W, ,CHAFFERS ST,2911228,25/01/09,Sun,1540,AA,CE1P,372A ,,R,D,B ,F ,T,N,C,50,0,0,1,,,1749344,5427312,-41.29183005,174.783611
Wellington City,CABLE ST,30,W, ,CHAFFERS ST,2950758,17/02/09,Tue,1725,FD,CE1CC,331A 387A ,,R,D,B ,F , ,N,N,50,0,0,0,,,1749326,5427321,-41.29175235,174.7833939
Wellington City,CABLE ST,, ,I,CHAFFERS ST,2957067,26/11/09,Thu,2245,DA,CE1CC,137A 197A ,MS,R,D,DO,F ,T,T,C,50,0,0,0,,,1749353,5427308,-41.2918644,174.7837194
Wellington City,CABLE ST,, ,I,CHAFFERS ST,2953991,9/04/09,Thu,1200,AA,CE1V,371A ,,R,D,B ,F ,T,T,C,50,0,0,0,,,1749353,5427308,-41.2918644,174.7837194
Wellington City,CABLE ST,10,W, ,ORIENTAL PARADE,2912269,29/05/09,Fri,1335,FD,CE1CV,407A 423A 427A ,,E,D,B ,F ,T,T,C,50,0,0,1,,,1749481,5427233,-41.29251596,174.7852658
Wellington City,CABLE ST,, ,I,ORIENTAL PARADE,2956156,2/12/09,Wed,1325,AO,TE1V,179A ,,R,W,O ,F ,T,T,C,50,0,0,0,,,1749487,5427226,-41.29257788,174.7853391
Wellington City,CABLE ST,, ,I,ORIENTAL PARADE,2951157,6/03/09,Fri,1655,FC,CE1C,331A ,,E,W,O ,L ,T,T,X,50,0,0,0,,,1749487,5427226,-41.29257788,174.7853391
Wellington City,CABLE ST,80,E, ,TARANAKI ST,2912667,30/06/09,Tue,910,CA,ME1C,132A 137A 308B 922 ,,R,W,O ,L ,D,N,C,50,0,0,1,,,1749114,5427424,-41.29086419,174.7808379
Wellington City,CABLE ST,100,W, ,TARANAKI ST,2951636,16/03/09,Mon,1745,MA,CE1C,350B 386B ,,R,D,O ,F , ,N,C,50,0,0,0,,,1748973,5427535,-41.28989084,174.7791276
Wellington City,CABLE ST,, ,I,TARANAKI ST,2954343,16/08/09,Sun,2118,HA,CE1C,103B 322B ,,R,W,DO,H ,X,T,C,50,0,0,0,,,1749051,5427473,-41.29043466,174.7800739
Wellington City,CABLE ST,, ,I,TARANAKI ST,2911314,31/01/09,Sat,1413,NA,CE1E,322A 353A ,,R,D,B ,F ,X,T,C,50,0,1,0,11,,1749051,5427473,-41.29043466,174.7800739
Wellington City,CABLE ST,30,E, ,TORY ST,2911313,5/02/09,Thu,600,FA,CE1S,103A 330A 534B 605B ,,R,D,DO,F , ,N,C,50,0,0,1,,27,1749269,5427347,-41.29152881,174.7827071
Wellington City,CABLE ST,, ,I,TORY ST,2954473,1/08/09,Sat,1055,JA,CE1C,302B ,,R,D,O ,F ,T,T,C,50,0,0,0,,,1749241,5427357,-41.29144395,174.7823704
Wellington City,CABLE ST,, ,I,TORY ST,2953297,24/05/09,Sun,1110,KB,XE1C,302B 353B 375B ,,R,W,O ,L ,T,T,C,50,0,0,0,,,1749241,5427357,-41.29144395,174.7823704
Wellington City,CALEDONIA ST,, ,I,KAURI ST,2954788,26/08/09,Wed,1220,HA,CE1C,301B 321B ,,R,D,B ,F ,X,S,C,50,0,0,0,,,1751663,5423987,-41.32133348,174.8121225
Wellington City,CALEDONIA ST,, ,I,KAURI ST,2913315,21/11/09,Sat,1900,HA,CN2C,301A 375A ,,R,W,O ,L ,X,S,C,50,0,0,1,,,1751663,5423987,-41.32133348,174.8121225
Wellington City,CAMBRIDGE TERRACE,, ,I,BARKER ST,2950606,7/01/09,Wed,1734,AC,CN1CC,372A 137B ,M,R,D,O ,F ,T,N,N,50,0,0,0,,,1749129,5426582,-41.2984423,174.7812233
Wellington City,CAMBRIDGE TERRACE,, ,I,ELIZABETH ST,2950967,7/02/09,Sat,2223,DA,CW2,103A 386A ,S,R,D,DO,F ,T,T,R,50,0,0,0,,,1749269,5426894,-41.29560735,174.7828182
Wellington City,CAMBRIDGE TERRACE,, ,I,ELIZABETH ST,2950616,30/01/09,Fri,1655,KB,MN1C,322B ,,R,D,B ,F ,T,T,C,50,0,0,0,,,1749269,5426894,-41.29560735,174.7828182
Wellington City,CAMBRIDGE TERRACE,10,E, ,FIFESHIRE AVENUE,2953961,31/07/09,Fri,2116,MB,CN1C,303B 370B ,,R,D,DO,F ,T,N,P,50,0,0,0,,,1749162,5426657,-41.29776094,174.7815989
Wellington City,CAMBRIDGE TERRACE,20,S, ,VIVIAN ST,2913454,3/12/09,Thu,830,EE,SN1V,129A 374B ,Q,R,D,O ,F , ,N,C,50,0,0,1,,27,1749189,5426716,-41.29722475,174.7819067
Wellington City,CAMBRIDGE TERRACE,30,S, ,WAKEFIELD ST,2952930,8/02/09,Sun,530,MA,CN1X,381B ,,R,W,DO,F , ,N,C,50,0,0,0,,,1749386,5427149,-41.29328984,174.7841523
Wellington City,CARDIGAN WAY,15,S, ,PEMBROKE ROAD,2955710,11/09/09,Fri,915,BB,XN14,123A ,,M,D,O ,L , ,N,N,50,0,0,0,,,1747542,5429659,-41.27103015,174.7615311
Wellington City,CARLTON GORE ROAD,50,N, ,ORIENTAL PARADE,2951402,5/03/09,Thu,2142,FA,BN1X,111A 181A 434A 191B ,,E,D,DO,F , ,N,C,50,0,0,0,,,1750750,5427730,-41.28780531,174.8002914
Wellington City,CASHMERE AVENUE,50,E, ,AGRA CRESCENT,2950796,8/03/09,Sun,300,EA,CE1T,517A ,M,R,D,DO,F , ,N,N,50,0,0,0,,,1750341,5432513,-41.24481835,174.7942297
Wellington City,CASHMERE AVENUE,, ,I,DELHI CRESCENT,2953154,27/05/09,Wed,1500,LB,CS1C,303B ,,E,D,B ,F ,T,G,C,50,0,0,0,,,1750316,5432592,-41.24411173,174.793912
Wellington City,CASHMERE AVENUE,70,E, ,MANDALAY TERRACE,2954781,15/01/09,Thu,1730,BC,CE14,102A 121A 386A ,,M,D,O ,F , ,N,C,50,0,0,0,,,1750818,5432089,-41.24854696,174.8000245
Wellington City,CASHMERE AVENUE,, ,I,RANUI CRESCENT,2951893,6/03/09,Fri,2348,CA,CN1,358A ,C,R,W,DO,L ,X,G,C,50,0,0,0,,,1750662,5432194,-41.24763069,174.7981376
Wellington City,CENTENNIAL NBD,, ,I,JARDEN MILE,2912445,21/06/09,Sun,115,DB,4N1,101A 133A 351A ,C,E,W,DO,F ,M,T,C,80,0,0,4,,,1751936,5432198,-41.24735626,174.8133344
Wellington City,CENTENNIAL NBD,50,S, ,SH 1N,2954794,17/08/09,Mon,1850,AD,CN1T,386A ,CG,E,D,DO,F , ,N,C,80,0,0,0,,,1751899,5432701,-41.24283453,174.8127678
Wellington City,CENTENNIAL NBD,, ,I,SLIP ROAD,2950750,17/02/09,Tue,1020,GC,CN1C,174B 372B ,,R,D,B ,F ,T,N,R,80,0,0,0,,,1751978,5432494,-41.24468338,174.8137617
Wellington City,CENTENNIAL SBD,120,S, ,MALVERN ROAD,2951287,20/02/09,Fri,513,DA,VS1,136A 632A ,G,E,W,DO,H , ,N,R,80,0,0,0,,,1752017,5432528,-41.24436993,174.8142185
Wellington City,CENTENNIAL SBD,150,N, ,TYERS ROAD,2955662,22/10/09,Thu,1930,AA,CN1C,353A 375A ,,R,D,O ,F , ,N,R,80,0,0,0,,,1751942,5432723,-41.24262838,174.8132753
Wellington City,CHARTWELL DRIVE,150,W, ,CHURCHILL DRIVE,2955648,23/08/09,Sun,2015,GE,4W1C,181A 357A 410A 140B 929 ,,E,D,DN,F ,D,N,C,50,0,0,0,,,1747825,5430993,-41.25896769,174.7645848
Wellington City,CHAYTOR ST,20,S, ,CURTIS ST,2953465,17/07/09,Fri,1450,FB,CN1C,181A ,,E,D,O ,F ,T,G,C,50,0,0,0,,,1746863,5428157,-41.28467725,174.7537901
Wellington City,CHAYTOR ST,100,S, ,CURTIS ST,2912786,22/08/09,Sat,630,DA,CN1,410A ,F,E,D,DO,F , ,N,C,50,0,0,1,,,1746921,5428109,-41.28509887,174.754494
Wellington City,CHAYTOR ST,, ,I,CURTIS ST,2953947,22/07/09,Wed,800,LB,CE1C,209A 303B 377B ,,R,D,O ,F ,T,G,C,50,0,0,0,,,1746843,5428162,-41.28463587,174.7535501
Wellington City,CHAYTOR ST,, ,I,CURTIS ST,2950690,4/02/09,Wed,1810,GB,BE1V,372B ,,E,W,O ,LS,T,G,C,50,0,0,0,,,1746843,5428162,-41.28463587,174.7535501
Wellington City,CHELMSFORD ST,100,S, ,CLAIRE ST,2950649,20/01/09,Tue,1645,EA,CS1C,351A ,M,S,D,O ,F , ,N,C,50,0,0,0,,,1748324,5432374,-41.24644238,174.7702029
Wellington City,CHELSEA ST,60,E, ,APARIMA AVENUE,2953424,5/06/09,Fri,1326,MO,CS1C,423A 507A 929 ,HMH,R,D,B ,F ,D,N,R,50,0,0,0,,,1752072,5424315,-41.3183034,174.8169249
Wellington City,CHESTERTON ST,200,S, ,BURGESS ROAD,2954062,8/05/09,Fri,1420,EA,CE1C,129A ,Q,R,W,O ,L , ,N,N,50,0,0,0,,,1751841,5434746,-41.22443355,174.8115675
Wellington City,CHURCH ST,15,W, ,BOULCOTT ST,2956676,24/11/09,Tue,1550,MO,CW1C,386A 402A 926 ,Q,R,D,B ,F ,D,N,N,50,0,0,0,,,1748518,5427751,-41.28802993,174.7736435
Wellington City,CHURCH ST,60,E, ,THE TERRACE,2951928,19/03/09,Thu,915,MD,CW1C,371A 920 ,,R,D,O ,F , ,N,N,50,0,0,0,,,1748481,5427766,-41.28790169,174.7731982
Wellington City,CHURCHILL DRIVE,150,S, ,CHARTWELL DRIVE,2953918,8/06/09,Mon,515,FA,CN1C,331A 929 ,,E,D,TN,F , ,N,C,50,0,0,0,,,1747996,5430987,-41.25899041,174.7666266
Wellington City,CHURCHILL DRIVE,200,S, ,CHARTWELL DRIVE,2911716,21/03/09,Sat,1905,BF,CN1C,111A 400A ,K,M,W,TO,L , ,N,L,50,0,0,2,,,1747983,5430940,-41.25941596,174.7664829
Wellington City,CHURCHILL DRIVE,, ,I,SILVERSTREAM ROAD,2953923,9/06/09,Tue,2045,FA,CS1C,181A ,,E,W,DN,L ,R,G,R,50,0,0,0,,,1747959,5431489,-41.25447741,174.7660633
Wellington City,CHURCHILL DRIVE,80,N, ,WILTON BUSH ROAD,2955225,9/07/09,Thu,1510,DA,CN1,111A 402A ,ET,M,W,O ,L , ,N,C,50,0,0,0,,,1747712,5430631,-41.26224764,174.7633243
Wellington City,CHURCHILL DRIVE,200,S, ,WILTON ROAD,2913238,15/09/09,Tue,1550,NA,CN1E,713B 729B ,,E,D,O ,F , ,N,C,50,0,0,1,11,,1747576,5430269,-41.26553178,174.7617891
Wellington City,CHURTON PARK ON NBD,100,N, ,WESTCHESTER DRIVE EAST,2956279,30/11/09,Mon,1640,FD,VN1C,331A ,,E,W,O ,L , ,N,N,50,0,0,0,,,1752706,5437026,-41.20374315,174.8213129
Wellington City,CLEVELAND ST,150,E, ,OHIRO ROAD,2953907,27/06/09,Sat,1400,MO,CW1C,385A ,M,R,D,O ,F , ,N,C,50,0,0,0,,,1747758,5425884,-41.30497891,174.7650248
Wellington City,CLIFTON TERRACE,, ,I,EVERTON TERRACE,2953056,29/04/09,Wed,1010,FB,VN1C,181A ,,R,D,O ,F ,X,T,C,50,0,0,0,,,1748430,5428077,-41.28511099,174.7725136
Wellington City,CLUTHA AVENUE,, ,I,NICHOLSON ROAD,2911604,15/03/09,Sun,1900,HA,CE1C,302B 375B ,,R,D,B ,F ,X,G,R,50,0,0,1,,,1749957,5432206,-41.24765372,174.7897245
Wellington City,CLYDE ST,, ,I,AVON ST,2951135,10/03/09,Tue,1800,HA,CW2C,302A ,,R,D,O ,F ,X,G,C,50,0,0,0,,,1748521,5422700,-41.33350567,174.7749127
Wellington City,COCHRANE ST,15,S, ,GEORGE BOLT ST,2950656,27/01/09,Tue,1600,MO,CS14,423A 507A ,FM,R,D,B ,F , ,N,N,50,0,0,0,,,1750948,5423383,-41.3269056,174.8037335
Wellington City,COCKAYNE ROAD,100,S, ,BOX HILL,2953916,21/04/09,Tue,1340,FC,CS1C,331A ,,R,D,B ,F , ,N,X,50,0,0,0,,,1749868,5432353,-41.24634672,174.7886267
Wellington City,COCKAYNE ROAD,15,W, ,NICHOLSON ROAD,2956158,30/11/09,Mon,1530,FC,CW1C,181A ,,R,W,O ,L , ,N,X,50,0,0,0,,,1749945,5432389,-41.24600832,174.7895364
Wellington City,COLLINS AVENUE,, ,I,COATES ST,2954777,22/08/09,Sat,755,JA,CE1C,301B ,,R,D,O ,F ,T,S,C,50,0,0,0,,,1753939,5442082,-41.15798887,174.8347403
Wellington City,COLLINS AVENUE,, ,I,HANDYSIDE ST,2955256,24/10/09,Sat,1810,JA,XW1C,301B ,,R,D,O ,F ,T,S,C,50,0,0,0,,,1753871,5442082,-41.15800177,174.8339303
Wellington City,COLLINS AVENUE,30,W, ,HINAU ST,2911598,1/04/09,Wed,1534,JA,CE1C,927,,R,D,B ,  ,D,N,C,50,0,0,1,,,1753793,5442121,-41.15766543,174.8329913
Wellington City,COLLINS AVENUE,50,W, ,HINAU ST,2912212,4/06/09,Thu,856,GD,VE1C,181A 927 ,,R,D,B ,F ,D,N,C,50,0,0,1,,,1753775,5442130,-41.15758782,174.8327746
Wellington City,COLLINS AVENUE,, ,A,WOODMAN DRIVE,2950605,6/02/09,Fri,2252,DA,CS1C,104A 111A ,M,M,D,DO,F , ,N,C,50,0,0,0,,,1754574,5441465,-41.16342314,174.8424605
Wellington City,COLOMBO ST,, ,I,RINTOUL ST,2951196,14/02/09,Sat,1725,MG,VE1CC,371A 684A ,M,R,D,B ,F ,T,N,N,50,0,0,0,,,1748906,5425028,-41.31247477,174.7789413
Wellington City,COLVILLE ST,10,E, ,COROMANDEL ST,2911513,7/03/09,Sat,1319,CA,MW1,132A 400A 420A ,,R,D,B ,F ,T,N,N,50,0,1,0,,,1749598,5424756,-41.31479564,174.7872715
Wellington City,COLVILLE ST,15,E, ,PAEROA ST,2911909,9/04/09,Thu,1230,PE,CE1EV,130A 420A ,M,E,D,O ,F , ,N,N,50,0,0,1,27,,1749737,5424782,-41.31453576,174.788925
Wellington City,CONNAUGHT TERRACE,150,E, ,WASHINGTON AVENUE,2951555,9/04/09,Thu,2200,EA,CE1C,385A ,M,E,D,DO,F , ,N,N,50,0,0,0,,,1747934,5425356,-41.30970049,174.7672546
Wellington City,CONSTABLE ST,20,W, ,COROMANDEL ST,2911945,8/05/09,Fri,1757,FA,CW1C,102A 181A 427A ,,R,W,DO,H , ,N,C,50,0,0,1,,,1749517,5424996,-41.31264986,174.7862452
Wellington City,CONSTABLE ST,, ,I,COROMANDEL ST,2956400,19/09/09,Sat,930,HA,CW1C,375B ,,R,D,B ,F ,X,T,N,50,0,0,0,,,1749537,5424997,-41.31263714,174.7864838