TLA NAME,CRASH ROAD,CRASH DIST,CRASH DIRN,INTSN,SIDE ROAD,CRASH ID,CRASH DATE,CRASH DOW,CRASH TIME,MVMT,VEHICLES,CAUSES,OBJECTS STRUCK,ROAD CURVE,ROAD WET,LIGHT,WTHRa,JUNC TYPE,TRAF CTRL,ROAD MARK,SPD LIM,CRASH FATAL CNT,CRASH SEV CNT,CRASH MIN CNT,PERS AGE1,PERS AGE2,EASTING,NORTHING,latitude,longitude
Wellington City,CONSTABLE ST,, ,I,COROMANDEL ST,2953464,11/07/09,Sat,1200,GA,CN2C,331A ,,R,D,B ,F ,X,T,C,50,0,0,0,,,1749537,5424997,-41.31263714,174.7864838
Wellington City,CONSTABLE ST,10,E, ,DANIELL ST,2913226,29/08/09,Sat,2027,FE,CW1CC,331A 353A ,,R,D,DO,F ,X,T,C,50,0,0,1,,,1749203,5424930,-41.31330222,174.7825119
Wellington City,CONSTABLE ST,20,W, ,DANIELL ST,2953717,25/06/09,Thu,1431,EA,BW1VC,386A 817 ,MM,R,D,O ,F , ,N,C,50,0,0,0,,,1749173,5424924,-41.31336179,174.7821551
Wellington City,CONSTABLE ST,40,W, ,DANIELL ST,2950442,8/01/09,Thu,2022,EA,CW1C,129A ,M,R,D,TO,F , ,N,C,50,0,0,0,,,1749154,5424920,-41.31340132,174.7819292
Wellington City,CONSTABLE ST,, ,I,DANIELL ST,2953806,25/07/09,Sat,1740,LB,XS2C,303B ,,R,D,O ,FS,X,T,R,40,0,0,0,,,1749193,5424928,-41.31332208,174.7823929
Wellington City,CONSTABLE ST,, ,I,DANIELL ST,2912158,26/05/09,Tue,946,HA,CS2C,322A ,P,R,W,O ,F ,X,T,C,50,0,0,1,,,1749193,5424928,-41.31332208,174.7823929
Wellington City,CONSTABLE ST,, ,I,DANIELL ST,2952188,19/04/09,Sun,1555,BF,CW1CC,501A ,G,R,D,O ,F ,X,T,C,50,0,0,0,,,1749193,5424928,-41.31332208,174.7823929
Wellington City,CONSTABLE ST,, ,I,DANIELL ST,2951056,8/02/09,Sun,815,GO,CE1C,386A ,,R,D,B ,F ,X,T,C,50,0,0,0,,,1749193,5424928,-41.31332208,174.7823929
Wellington City,CONSTABLE ST,, ,I,HIROPI ST,2956125,9/10/09,Fri,2000,BB,CE1C,124A ,,R,W,DO,L ,T,N,C,50,0,0,0,,,1749445,5424982,-41.31278925,174.7853889
Wellington City,CONSTABLE ST,, ,I,HIROPI ST,2956987,10/12/09,Thu,726,FB,CE1C,331A 350A ,,R,D,O ,F ,T,N,C,50,0,0,0,,,1749445,5424982,-41.31278925,174.7853889
Wellington City,CONSTABLE ST,15,E, ,OWEN ST,2952049,10/04/09,Fri,1550,FD,CW1C,331A 363A ,,R,D,B ,F , ,N,C,40,0,0,0,,,1749379,5424968,-41.31292752,174.7846042
Wellington City,CONSTABLE ST,100,W, ,OWEN ST,2912329,21/06/09,Sun,1540,FD,CW1CCC,331A 352A ,,R,D,O ,F , ,N,C,50,0,0,2,,,1749267,5424944,-41.31316433,174.7832727
Wellington City,CONSTABLE ST,100,W, ,RIDDIFORD ST,2952378,9/05/09,Sat,1220,MG,CW1V,386B ,,R,D,B ,F , ,N,C,40,0,0,0,,,1749078,5424904,-41.31355942,174.7810256
Wellington City,CONSTABLE ST,, ,I,RIDDIFORD ST,2951894,20/03/09,Fri,1259,EA,4W1X,386A ,Q,R,D,O ,F ,T,T,C,40,0,0,0,,,1748980,5424883,-41.3137666,174.7798605
Wellington City,CONSTABLE ST,, ,I,RIDDIFORD ST,2956615,25/12/09,Fri,2040,JC,CN2C,124A 322A ,,R,D,TO,F ,T,T,R,40,0,0,0,,,1748979,5424883,-41.31376678,174.7798485
Wellington City,CORLETT ST,, ,I,HINDMARSH ST,2957180,25/10/09,Sun,1514,BC,CS2C,111A 400A ,,E,D,B ,F ,T,N,C,50,0,0,0,,,1751347,5434503,-41.22671394,174.8057367
Wellington City,COROMANDEL ST,, ,I,WILSON ST,2956513,23/11/09,Mon,1240,JA,TN1C,309B 402B 613B ,,R,D,B ,F ,T,N,C,50,0,0,0,,,1749520,5425075,-41.31193803,174.7862616
Wellington City,COURTENAY PLACE,20,E, ,ALLEN ST,2956048,4/09/09,Fri,1815,CC,XE1,133A 403A 427A ,IP,R,D,TO,F , ,N,R,50,0,0,0,,,1749229,5427103,-41.29373303,174.7822894
Wellington City,COURTENAY PLACE,30,E, ,ALLEN ST,2954061,28/07/09,Tue,1445,EE,CW1C,374B ,Q,R,D,B ,F , ,N,N,50,0,0,0,,,1749236,5427094,-41.29381277,174.7823752
Wellington City,COURTENAY PLACE,, ,I,ALLEN ST,2953450,11/06/09,Thu,1752,FA,CS2X,181A 190B ,,R,D,DO,L ,T,N,C,50,0,0,0,,,1749209,5427107,-41.29370072,174.7820497
Wellington City,COURTENAY PLACE,, ,I,ALLEN ST,2952047,3/05/09,Sun,100,MB,XE1X,382B ,,R,D,DO,F ,T,N,R,50,0,0,0,,,1749209,5427107,-41.29370072,174.7820497
Wellington City,COURTENAY PLACE,5,W, ,BLAIR ST,2956044,10/09/09,Thu,820,NA,XW1K,351A 376A ,,R,D,O ,F ,T,N,X,50,0,0,0,,,1749277,5427093,-41.29381419,174.7828649
Wellington City,COURTENAY PLACE,, ,I,BLAIR ST,2911676,22/03/09,Sun,50,NA,CE1E,105B 713B ,,R,D,DO,F ,T,N,C,50,0,0,1,21,,1749281,5427092,-41.29382246,174.7829129
Wellington City,COURTENAY PLACE,, ,I,BLAIR ST,2952605,14/05/09,Thu,350,CB,CS2X,103A 353A 446B ,,R,D,DO,F ,T,N,N,50,0,0,0,,,1749281,5427092,-41.29382246,174.7829129
Wellington City,COURTENAY PLACE,20,E, ,CAMBRIDGE TERRACE,2952272,9/04/09,Thu,1357,MO,XE1C,371B ,,R,D,O ,F , ,N,C,50,0,0,0,,,1749332,5427082,-41.29390306,174.7835241
Wellington City,COURTENAY PLACE,20,W, ,CAMBRIDGE TERRACE,2956088,19/09/09,Sat,2318,FC,CW1C,331A 353A ,,R,D,DO,F , ,N,X,50,0,0,0,,,1749336,5427073,-41.29398335,174.7835741
Wellington City,COURTENAY PLACE,100,W, ,CAMBRIDGE TERRACE,2953200,25/05/09,Mon,1207,MO,4W1C,371A ,,R,W,O ,L , ,N,P,50,0,0,0,,,1749275,5427074,-41.29398563,174.7828456
Wellington City,COURTENAY PLACE,10,E, ,TARANAKI ST,2911873,21/04/09,Tue,1241,NB,CW1E,713B ,,R,D,B ,F ,X,T,C,50,0,0,1,19,,1748957,5427242,-41.2925318,174.7790083
Wellington City,COURTENAY PLACE,15,E, ,TARANAKI ST,2955852,7/11/09,Sat,1955,AO,CW14,386A ,,R,D,TO,F , ,N,R,50,0,0,0,,,1748961,5427239,-41.29255807,174.7790568
Wellington City,COURTENAY PLACE,30,E, ,TARANAKI ST,2954584,13/08/09,Thu,910,FD,BE1X,387A ,,R,D,O ,F , ,N,C,50,0,0,0,,,1748973,5427230,-41.29263689,174.7792022
Wellington City,COURTENAY PLACE,40,E, ,TARANAKI ST,2953120,23/05/09,Sat,722,CC,CW1V,103A ,M,R,D,O ,FS, ,N,N,50,0,0,0,,,1748981,5427224,-41.29268943,174.7792992
Wellington City,COURTENAY PLACE,50,E, ,TARANAKI ST,2952957,14/01/09,Wed,2249,MO,CE1CC,386A 402A ,M,R,D,DO,F , ,N,R,50,0,0,0,,,1748989,5427218,-41.29274198,174.7793962
Wellington City,COURTENAY PLACE,50,E, ,TARANAKI ST,2952351,30/05/09,Sat,2230,MA,CE1C,373B ,,R,D,DO,F , ,N,R,50,0,0,0,,,1748989,5427218,-41.29274198,174.7793962
Wellington City,COURTENAY PLACE,250,E, ,TARANAKI ST,2956216,11/10/09,Sun,1655,FC,XW1C,331A ,,R,D,B ,F , ,N,X,50,0,0,0,,,1749165,5427126,-41.29353779,174.7815197
Wellington City,COURTENAY PLACE,, ,I,TARANAKI ST,2956013,12/09/09,Sat,2325,EE,CN1C,525A ,Q,R,D,DO,F ,X,T,R,50,0,0,0,,,1748949,5427248,-41.29247926,174.7789113
Wellington City,COURTENAY PLACE,, ,I,TARANAKI ST,2951483,8/03/09,Sun,1530,MG,XW14,371B 386B ,,R,D,B ,F ,X,T,R,50,0,0,0,,,1748949,5427248,-41.29247926,174.7789113
Wellington City,COURTENAY PLACE,15,E, ,TORY ST,2950711,13/02/09,Fri,1800,GA,BW1C,385A ,,R,D,O ,F ,X,N,R,50,0,0,0,,,1749150,5427133,-41.29347753,174.781339
Wellington City,COURTENAY PLACE,100,E, ,TORY ST,2952409,2/04/09,Thu,1708,EA,BW1C,386A ,M,R,D,B ,F , ,N,R,50,0,0,0,,,1749227,5427098,-41.29377842,174.7822667
Wellington City,COURTENAY PLACE,10,W, ,TORY ST,2954600,13/08/09,Thu,820,MA,BE1V,300B 387B ,,R,D,O ,F ,X,T,C,50,0,0,0,,,1749127,5427143,-41.29339175,174.7810619
Wellington City,COURTENAY PLACE,100,W, ,TORY ST,2950415,1/02/09,Sun,1250,EA,BW1C,385A ,M,R,D,O ,F , ,N,R,50,0,0,0,,,1749044,5427179,-41.29308296,174.7800623
Wellington City,COURTENAY PLACE,100,W, ,TORY ST,2952183,26/04/09,Sun,235,EA,BW1C,386A 445B ,M,R,D,DO,F , ,N,R,50,0,0,0,,,1749044,5427179,-41.29308296,174.7800623
Wellington City,COUTTS ST,100,E, ,MAMARI ST,2953441,26/06/09,Fri,1538,MA,CE1V,381B ,,R,D,B ,F , ,N,C,50,0,0,0,,,1750845,5423906,-41.32221617,174.8023735
Wellington City,COUTTS ST,, ,I,TIRANGI ROAD,2956674,15/11/09,Sun,1530,DA,CW1,402A 403A 422A ,F,E,D,B ,F ,R,G,R,50,0,0,0,,,1750969,5423769,-41.32342642,174.8038884
Wellington City,COUTTS ST,, ,I,YULE ST,2950647,28/01/09,Wed,1810,MB,CW1V,102B 372B 402B ,,R,D,B ,F ,X,G,C,50,0,0,0,,,1750565,5424069,-41.32080097,174.7989891
Wellington City,CRAWFORD ROAD,, ,I,WELLINGTON ROAD,2951493,20/02/09,Fri,908,JA,CS1C,302B 375B 402B ,,E,W,O ,H ,R,G,R,50,0,0,0,,,1749784,5424941,-41.3130955,174.7894471
Wellington City,CRAWFORD ROAD,, ,I,WELLINGTON ROAD,2956162,24/11/09,Tue,1240,JA,CS1C,302B ,,R,D,O ,F ,R,G,R,50,0,0,0,,,1749784,5424941,-41.3130955,174.7894471
Wellington City,CRAWFORD ROAD,, ,I,WELLINGTON ROAD,2953156,27/05/09,Wed,605,KB,CN1C,302A 427A ,,R,W,DO,L ,R,G,R,50,0,0,0,,,1749778,5424932,-41.31317765,174.7893776
Wellington City,CRIEFF ST,100,S, ,GLENMORE ST,2950432,20/01/09,Tue,1729,QD,TE1CC,428A 800 ,M,R,D,B ,F , ,N,N,50,0,0,0,,,1747355,5428178,-41.28439854,174.7596576
Wellington City,CROYDON ST,100,N, ,CAMPBELL ST,2950717,25/02/09,Wed,2100,EA,CS1C,385A ,M,E,D,O ,F , ,N,C,50,0,0,0,,,1746168,5427090,-41.29441021,174.7457505
Wellington City,CROYDON ST,270,S, ,VERSAILLES ST,2953959,8/07/09,Wed,1129,MC,CN1C,372B ,,R,W,O ,L , ,N,C,50,0,0,0,,,1746201,5427150,-41.29386402,174.74613
Wellington City,CUBA ST,10,N, ,ABEL SMITH ST,2955857,6/10/09,Tue,1905,EE,CN1C,374B ,Q,R,D,O ,F ,X,S,C,50,0,0,0,,,1748538,5426847,-41.29616538,174.7741028
Wellington City,CUBA ST,50,N, ,ABEL SMITH ST,2952353,30/05/09,Sat,930,MO,TN1C,386A 927 ,M,R,D,O ,F ,D,N,C,50,0,0,0,,,1748555,5426884,-41.29582912,174.7742968
Wellington City,CUBA ST,80,N, ,ABEL SMITH ST,2911602,26/03/09,Thu,1405,EE,4N1CE,374B 446B ,Q,R,D,B ,F , ,N,C,50,0,0,2,29,,1748567,5426911,-41.29558382,174.7744334
Wellington City,CUBA ST,100,N, ,ABEL SMITH ST,2955958,3/10/09,Sat,1230,EE,CN1C,355A 374B ,Q,R,D,B ,F , ,N,C,50,0,0,0,,,1748575,5426929,-41.29542028,174.7745245
Wellington City,CUBA ST,20,S, ,ABEL SMITH ST,2953804,3/07/09,Fri,1554,EE,CN1V,359B 374B ,M,R,D,O ,F , ,N,C,50,0,0,0,,,1748526,5426820,-41.29641068,174.7739662
Wellington City,CUBA ST,15,N, ,MANNERS ST,2954369,14/05/09,Thu,1340,MF,CS14,371B ,,R,D,B ,F , ,N,N,50,0,0,0,,,1748788,5427402,-41.29112242,174.7769517
Wellington City,CUBA ST,80,S, ,SH 1N VIVIAN,2913173,27/09/09,Sun,1918,NB,CN1E,713B ,,R,D,TO,F , ,N,C,50,0,0,1,,,1748574,5426927,-41.29543847,174.7745131
Wellington City,CUBA ST,5,S, ,WAKEFIELD ST,2953924,19/06/09,Fri,2210,MO,VS1C,385A ,M,R,W,O ,L ,T,N,C,50,0,0,0,,,1748839,5427524,-41.2900146,174.7775307
Wellington City,CURTIS ST,30,N, ,CHAYTOR ST,2953737,3/07/09,Fri,1030,EA,TN1C,129A ,M,R,D,B ,F , ,N,C,50,0,0,0,,,1746842,5428192,-41.28436595,174.753531
Wellington City,CURTIS ST,250,N, ,CHAYTOR ST,2954521,21/08/09,Fri,1908,DA,CN1C,137A 370B 831 929 ,K,E,D,DO,F ,D,N,L,50,0,0,0,,,1746842,5428403,-41.2824662,174.7534801
Wellington City,CUSTOMHOUSE QUAY,, ,I,GREY ST,2951885,24/03/09,Tue,2025,FB,CN1C,331A 351A ,,R,D,DO,F ,X,G,R,50,0,0,0,,,1748812,5428088,-41.28494163,174.7770706
Wellington City,CUSTOMHOUSE QUAY,, ,I,GREY ST,2955204,11/09/09,Fri,1715,KB,CS1C,302B 375B ,,R,W,O ,L ,X,G,N,50,0,0,0,,,1748812,5428088,-41.28494163,174.7770706
Wellington City,CUSTOMHOUSE QUAY,, ,I,JERVOIS QUAY,2950719,19/01/09,Mon,1230,GB,CN1V,331A 353A ,,R,W,O ,H ,Y,T,R,50,0,0,0,,,1748869,5428191,-41.28400377,174.7777258
Wellington City,CUSTOMHOUSE QUAY,, ,I,JOHNSTON ST,2951729,24/01/09,Sat,1030,JA,CN1C,322A 353A ,,R,D,O ,F ,T,T,R,50,0,0,0,,,1748906,5428278,-41.28321365,174.7781461
Wellington City,CUSTOMHOUSE QUAY,30,N, ,WARING TAYLOR ST,2951078,25/01/09,Sun,1200,EE,VN1C,353A 370A ,M,R,D,B ,F , ,N,C,50,0,0,0,,,1748945,5428370,-41.28237814,174.7785891
Wellington City,CUSTOMHOUSE QUAY,60,N, ,WHITMORE ST,2954498,31/07/09,Fri,1536,EE,4N1C,374B ,M,R,D,O ,F , ,N,C,50,0,0,0,,,1748952,5428386,-41.28223279,174.7786688
Wellington City,CUSTOMHOUSE QUAY,, ,I,WHITMORE ST,2950417,29/01/09,Thu,810,MG,CN24,371B 926 ,,E,D,O ,F ,D,T,R,50,0,0,0,,,1748982,5428438,-41.28175908,174.7790141
Wellington City,CUSTOMHOUSE QUAY,, ,I,WILLESTON ST,2952928,14/02/09,Sat,1250,GO,BW24,372A 386A ,,R,D,O ,F ,X,T,N,50,0,0,0,,,1748740,5427923,-41.28644047,174.7762515
Wellington City,DANIELL ST,, ,I,CONSTABLE ST,2956411,14/11/09,Sat,1806,AO,4N1C,372A 324B ,,R,D,O ,F ,X,T,C,50,0,0,0,,,1749193,5424928,-41.31332208,174.7823929
Wellington City,DANIELL ST,15,S, ,DONALD MCLEAN ST,2953322,1/05/09,Fri,830,MO,TS1C,386A 403A 927 ,M,R,W,O ,L ,D,N,N,50,0,0,0,,,1749238,5424708,-41.3152945,174.7829843
Wellington City,DANIELL ST,25,S, ,NEWTOWN AVENUE,2950097,1/01/09,Thu,,MO,CS1C,371A ,M,R,D,DO,F , ,N,C,50,0,0,0,,,1749211,5424844,-41.31407503,174.7826285
Wellington City,DANIELL ST,, ,I,NORMANBY ST,2956984,21/12/09,Mon,500,MO,CN1C,101A 422A ,M,R,D,DO,F ,T,N,C,50,0,0,0,,,1749219,5424802,-41.31445169,174.7827343
Wellington City,DANIELL ST,40,N, ,RHODES ST,2956430,2/12/09,Wed,1800,EE,CN1V,374B ,Q,R,D,O ,F , ,N,C,50,0,0,0,,,1749253,5424637,-41.31593096,174.7831808
Wellington City,DANIELL ST,20,S, ,RHODES ST,2912788,19/08/09,Wed,1030,NA,CS1E,370A 711B 732B ,,R,D,B ,F , ,N,C,50,0,0,1,68,,1749265,5424578,-41.31645994,174.7833386
Wellington City,DANIELL ST,, ,I,RHODES ST,2955822,30/10/09,Fri,924,KB,CS1V,302B 375B 403B 839 ,,R,W,O ,L ,T,G,N,50,0,0,0,,,1749261,5424598,-41.31628061,174.783286
Wellington City,DANIELL ST,, ,I,RHODES ST,2952442,20/02/09,Fri,1524,JA,CN1C,302B 377B ,,R,W,O ,L ,T,G,C,40,0,0,0,,,1749261,5424598,-41.31628061,174.783286
Wellington City,DARLINGTON ROAD,, ,I,CAMPERDOWN ROAD,2954654,18/08/09,Tue,1700,MD,CN1C,371B 929 ,,R,D,O ,F ,D,G,C,50,0,0,0,,,1752850,5425570,-41.30685735,174.8259004
Wellington City,DARLINGTON ROAD,, ,I,CAMPERDOWN ROAD,2956026,7/09/09,Mon,739,HA,PS1C,302B 375B ,,R,D,O ,F ,X,G,C,50,0,0,0,,,1752850,5425570,-41.30685735,174.8259004
Wellington City,DARLINGTON ROAD,, ,I,CAMPERDOWN ROAD,2953158,11/06/09,Thu,2043,HA,CE2C,302A ,,R,D,DO,F ,X,G,C,50,0,0,0,,,1752848,5425570,-41.30685773,174.8258765
Wellington City,DARLINGTON ROAD,10,S, ,DARLINGTON TERRACE,2953055,23/05/09,Sat,1157,JA,CN1C,308B 375B 400B 929 ,,R,W,O ,L ,D,N,C,50,0,0,0,,,1752783,5425372,-41.30865267,174.8251501
Wellington City,DARLINGTON ROAD,60,N, ,PURIRI ST,2913525,21/12/09,Mon,2150,PO,CS1E,434A 105B 722B ,,R,D,DO,F , ,N,C,50,0,1,0,22,,1752677,5425078,-41.31131967,174.8239583
Wellington City,DARLINGTON ROAD,, ,I,ROTHERHAM ROAD,2954212,24/05/09,Sun,1110,KB,VS1C,302A ,,E,D,O ,L ,T,G,R,50,0,0,0,,,1752600,5424914,-41.31281076,174.82308
Wellington City,DEVON ST,100,N, ,ESSEX ST,2955694,7/09/09,Mon,1544,BB,CS1C,123A 351A ,,S,D,O ,F , ,N,N,50,0,0,0,,,1747932,5427103,-41.29397179,174.766806
Wellington City,DEVONSHIRE ROAD,, ,I,HOBART ST,2952414,15/05/09,Fri,2225,HA,VE1X,301B ,,R,D,DO,F ,X,S,X,50,0,0,0,,,1751760,5423957,-41.32158532,174.8132884
Wellington City,DEVONSHIRE ROAD,, ,I,PARALLEL ACCESS,2910096,23/12/09,Wed,1729,DC,CN2,106A 501A ,P,R,D,B ,F ,T,N,C,50,1,0,0,,,1752051,5423977,-41.32135044,174.8167587
Wellington City,DISRAELI ST,30,E, ,JOHNSONVILLE ROAD,2955062,9/10/09,Fri,2335,MO,VW1C,371A ,Q,R,W,DN,H , ,N,N,50,0,0,0,,,1751503,5434658,-41.22528921,174.8075586
Wellington City,DIXON ST,, ,I,CHRISTESON LANE,2912647,22/06/09,Mon,650,ND,CN1E,306A 376A 410A 724B 862 901 926 ,,R,W,DO,H ,T,N,C,50,0,0,1,23,,1748683,5427366,-41.29146589,174.7757071
Wellington City,DIXON ST,, ,I,CUBA ST,2913265,16/11/09,Mon,1400,NB,BW1E,718B ,,R,D,B ,F ,X,T,C,50,0,0,1,37,,1748757,5427333,-41.29174937,174.7765985
Wellington City,DIXON ST,, ,I,CUBA ST,2956619,22/12/09,Tue,1547,AA,BE1V,322B ,,R,D,B ,F ,X,T,C,50,0,0,0,,,1748757,5427333,-41.29174937,174.7765985
Wellington City,DIXON ST,, ,I,MACDONALD CRESCENT,2952407,5/02/09,Thu,444,JC,XW1T,333A 386A 929 ,,E,D,DO,F ,D,N,C,50,0,0,0,,,1748454,5427469,-41.29058068,174.7729483
Wellington City,DIXON ST,, ,I,TARANAKI ST,2954742,31/07/09,Fri,1345,GF,TN2X,172A ,,R,D,O ,F ,M,T,R,50,0,0,0,,,1748949,5427248,-41.29247926,174.7789113
Wellington City,DIXON ST,, ,I,VICTORIA ST,2911373,15/02/09,Sun,1039,JA,SS1C,386A ,,R,D,B ,F ,X,T,C,50,0,0,1,,31,1748643,5427385,-41.29130219,174.775225
Wellington City,DIXON ST,30,E, ,WILLIS ST,2951557,14/03/09,Sat,1400,MA,CW1C,120B 371B ,,R,D,O ,F , ,N,C,50,0,0,0,,,1748547,5427427,-41.29094172,174.7740687
Wellington City,DIXON ST,10,W, ,WILLIS ST,2953439,3/06/09,Wed,1537,EE,XW1C,370A 351B 374B ,Q,R,D,B ,F ,X,T,C,50,0,0,0,,,1748511,5427443,-41.29080429,174.7736351
Wellington City,DIXON ST,20,W, ,WILLIS ST,2953472,7/06/09,Sun,1430,FB,PW1C,181A ,,R,D,O ,F , ,N,C,50,0,0,0,,,1748502,5427447,-41.29076993,174.7735267
Wellington City,DOMINION PARK ST,100,E, ,TARAWERA ROAD,2952596,23/04/09,Thu,2146,MO,CS1,386A 402A 929 ,ET,M,D,DN,F ,D,N,N,50,0,0,0,,,1751372,5433929,-41.23187721,174.8061771
Wellington City,DUNCAN ST,50,S, ,MCLELLAN ST,2951348,30/03/09,Mon,1525,FD,CN1C,181A 191B ,,R,D,B ,F , ,N,L,50,0,0,0,,,1753630,5441520,-41.16310736,174.8312002
Wellington City,DUNDAS ST,, ,I,INGLIS ST,2953435,13/06/09,Sat,1559,HA,CS24,302B 355B 375B ,,R,W,O ,L ,X,G,R,50,0,0,0,,,1753372,5423765,-41.32300894,174.8325882
Wellington City,DUNDAS ST,, ,I,INGLIS ST,2950743,4/02/09,Wed,905,HA,CE1C,302A 330A ,,R,D,B ,F ,X,G,R,50,0,0,0,,,1753373,5423765,-41.32300874,174.8326002
Wellington City,DUNLOP TERRACE,50,S, ,VIVIAN ST,2953203,16/05/09,Sat,1448,EE,XN1T,374B ,M,R,W,O ,LS, ,N,N,50,0,0,0,,,1748634,5426933,-41.29537341,174.7752279
Wellington City,EDINBURGH TERRACE,30,W, ,RUSSELL TERRACE,2950792,31/01/09,Sat,1803,MG,CN1X,371B ,,S,D,B ,F , ,N,N,50,0,0,0,,,1748964,5423817,-41.32336716,174.7799306
Wellington City,ELLICE ST,, ,I,BROUGHAM ST,2955706,25/08/09,Tue,2130,HA,XW1C,321B ,,R,W,DO,L ,X,S,C,50,0,0,0,,,1749299,5426365,-41.3003646,174.7833061
Wellington City,ELLICE ST,50,E, ,HANIA ST,2911607,19/03/09,Thu,2215,EA,CW1CE,402A 423A ,M,R,D,DO,F , ,N,C,50,0,0,1,33,,1749216,5426402,-41.30004683,174.7823061
Wellington City,EVANS BAY PARADE,60,S, ,KIO ROAD,2911460,23/02/09,Mon,1035,MC,MS14,381B ,,E,D,B ,F , ,N,C,50,0,0,1,,,1751118,5426591,-41.29799127,174.8049668
Wellington City,EVANS BAY PARADE,450,N, ,MAIDA VALE ROAD,2955215,25/06/09,Thu,1129,MC,VN1C,372B ,,R,D,B ,F , ,N,C,50,0,0,0,,,1750995,5427506,-41.28977627,174.8032714
Wellington City,EVANS BAY PARADE,400,S, ,MAIDA VALE ROAD,2912157,10/04/09,Fri,950,MC,MN1C,372B ,,R,D,B ,F , ,N,C,50,0,0,1,,,1751150,5426845,-41.29569844,174.8052857
Wellington City,EVANS BAY PARADE,150,S, ,ORIENTAL PARADE,2913498,9/11/09,Mon,817,FD,CN1CCX,331A ,,R,D,O ,F , ,N,C,50,0,0,1,,,1751059,5427808,-41.2870453,174.8039604
Wellington City,EVANS BAY PARADE,400,N, ,RATA ROAD,2912331,17/06/09,Wed,830,MC,MN1C,372B 402B ,,R,D,O ,F , ,N,C,50,0,1,0,,,1750982,5426002,-41.30331967,174.8034893
Wellington City,EVANS BAY PARADE,500,N, ,RATA ROAD,2913665,28/12/09,Mon,1312,JO,SN1C,204A 308B 378B 835 929 ,,R,D,O ,F ,D,N,C,50,0,0,1,,46,1751032,5426089,-41.30252703,174.8040647
Wellington City,EVANS BAY PARADE,100,S, ,RATA ROAD,2911869,13/03/09,Fri,830,MD,SN1C,382B 929 ,,M,D,B ,F ,D,N,C,50,0,0,1,,36,1750619,5425739,-41.30575538,174.7992204
Wellington City,EVANS BAY PARADE,50,W, ,TACY ST,2913230,27/09/09,Sun,1500,NA,4S1,370A 713B ,,R,D,O ,F , ,N,N,50,0,0,1,8,,1750354,5424401,-41.31785124,174.7963871
Wellington City,EVANS BAY PARADE,350,N, ,WELLINGTON ROAD,2956457,22/11/09,Sun,45,DB,CS1,111A 135A 801 ,F,E,W,TO,L , ,N,C,50,0,0,0,,,1750472,5425278,-41.30993334,174.7975793
Wellington City,EVANS BAY PARADE,50,S, ,WELLINGTON ROAD,2911723,18/03/09,Wed,751,EA,SS1C,137A 352A ,Q,R,D,B ,F , ,N,C,50,0,0,1,,38,1750297,5424950,-41.31291905,174.7955707
Wellington City,FAIRLIE TERRACE,100,S, ,KELBURN PARADE,2950614,18/02/09,Wed,1730,EA,CN1C,371A ,Q,R,D,B ,F , ,N,N,50,0,0,0,,,1747917,5427293,-41.29226387,174.7665808
Wellington City,FAIRLIE TERRACE,100,S, ,KELBURN PARADE,2955368,24/10/09,Sat,1100,MO,CN1C,386A ,M,R,D,B ,F , ,N,N,50,0,0,0,,,1747917,5427293,-41.29226387,174.7665808
Wellington City,FAIRLIE TERRACE,60,N, ,LANDCROSS ST,2957099,24/11/09,Tue,1520,BO,CS1C,386A 818 ,,M,D,O ,F , ,N,N,50,0,0,0,,,1747881,5427194,-41.29316181,174.7661751
Wellington City,FARM ROAD,, ,I,NORFOLK ST,2954375,21/08/09,Fri,1930,MG,CN1C,181A 371B ,,R,D,DO,F ,T,N,N,50,0,0,0,,,1747121,5428426,-41.28220833,174.7568047
Wellington City,FEATHERSTON ST,20,S, ,BALLANCE ST,2956583,16/12/09,Wed,1255,MO,CS1C,371A ,,R,D,B ,F , ,N,C,50,0,0,0,,,1748879,5428425,-41.28189512,174.7777879
Wellington City,FEATHERSTON ST,20,S, ,BALLANCE ST,2951486,7/03/09,Sat,1447,MO,CS1C,403A 423A ,MS,R,D,B ,F , ,N,C,50,0,0,0,,,1748879,5428425,-41.28189512,174.7777879
Wellington City,FEATHERSTON ST,, ,I,BALLANCE ST,2954048,17/07/09,Fri,1335,LB,XW2V,302B 375B ,,R,D,O ,F ,X,G,C,50,0,0,0,,,1748888,5428443,-41.2817314,174.777891
Wellington City,FEATHERSTON ST,, ,I,BRANDON ST,2954996,7/09/09,Mon,955,GC,CS1X,174B 373B ,,R,D,B ,F ,X,T,C,50,0,0,0,,,1748799,5428249,-41.28349447,174.7768761
Wellington City,FEATHERSTON ST,30,N, ,BUNNY ST,2951979,9/04/09,Thu,2343,AG,CS1C,177A ,,R,D,DO,F , ,N,C,50,0,0,0,,,1749013,5428711,-41.27929542,174.7793174
Wellington City,FEATHERSTON ST,50,N, ,BUNNY ST,2912507,11/06/09,Thu,735,AC,BS1S,372A ,,R,D,O ,F , ,N,C,50,0,0,1,,40,1749024,5428728,-41.27914033,174.7794445
Wellington City,FEATHERSTON ST,, ,I,HUNTER ST,2912442,25/06/09,Thu,735,NB,SS1E,718B ,,R,D,B ,F ,T,T,C,50,0,1,1,35,46,1748708,5428049,-41.28531193,174.7758388
Wellington City,FEATHERSTON ST,, ,I,JOHNSTON ST,2955867,1/11/09,Sun,1635,HA,CS1C,324A ,,R,D,B ,F ,X,T,C,50,0,0,0,,,1748828,5428312,-41.28292191,174.7772068