TLA NAME,CRASH ROAD,CRASH DIST,CRASH DIRN,INTSN,SIDE ROAD,CRASH ID,CRASH DATE,CRASH DOW,CRASH TIME,MVMT,VEHICLES,CAUSES,OBJECTS STRUCK,ROAD CURVE,ROAD WET,LIGHT,WTHRa,JUNC TYPE,TRAF CTRL,ROAD MARK,SPD LIM,CRASH FATAL CNT,CRASH SEV CNT,CRASH MIN CNT,PERS AGE1,PERS AGE2,EASTING,NORTHING,latitude,longitude
Wellington City,FEATHERSTON ST,50,N, ,WHITMORE ST,2951548,26/03/09,Thu,715,EE,SS1V,158A 374B ,Q,R,D,TF,F , ,N, ,50,0,0,0,,,1748946,5428567,-41.28060427,174.7785529
Wellington City,FEATHERSTON ST,, ,I,WHITMORE ST,2950189,1/01/09,Thu,1150,HA,CS14,322A 402A 403A ,,R,D,B ,F ,X,T,C,50,0,0,0,,,1748923,5428522,-41.28101367,174.7782894
Wellington City,FERNHILL TERRACE,200,N, ,PITT ST,2951136,1/03/09,Sun,1330,MO,CN1M,385A 929 ,M,R,D,B ,F ,D,N,N,50,0,0,0,,,1748721,5430890,-41.25973066,174.7753006
Wellington City,FERRY ST,, ,I,DUNDAS ST,2913164,14/10/09,Wed,1530,LB,CS1C,302A ,,M,W,O ,H ,X,G,C,50,0,0,1,,,1753071,5423850,-41.32230087,174.828972
Wellington City,FERRY TERMINAL ACCESS ROA,15,E, ,AOTEA QUAY,2912810,24/04/09,Fri,100,DB,CW1,131A 350A ,C,R,W,DN,L , ,N,R,50,0,0,1,,,1749545,5430194,-41.26584499,174.7853029
Wellington City,FITZGERALD PLACE,20,S, ,HAZLEWOOD AVENUE,2951623,7/01/09,Wed,745,QG,TS14,386A 683A ,M,R,D,O ,F , ,N,N,50,0,0,0,,,1744348,5426791,-41.29742986,174.7240938
Wellington City,FITZPATRICK ST,, ,I,SLOANE TERRACE,2911010,12/01/09,Mon,845,DA,MW1,122A 402A ,,E,D,O ,F ,T,N,C,50,0,1,0,,,1752188,5434914,-41.2228558,174.8156636
Wellington City,FORRES ST,, ,I,INGLIS ST,2955724,17/09/09,Thu,1545,HA,CE1X,302B 363B 375B 902 ,,R,D,B ,F ,X,G,C,50,0,0,0,,,1753405,5423881,-41.3219583,174.8329531
Wellington City,FOX ST,25,E, ,VASANTA AVENUE,2950708,15/01/09,Thu,1820,EA,4W1C,137A ,M,M,D,B ,F , ,N,N,50,0,0,0,,,1748655,5432682,-41.2436085,174.7740764
Wellington City,FRANKMOORE AVENUE,50,W, ,MOOREFIELD ROAD,2950712,19/02/09,Thu,1430,MO,CN1V,371A ,M,R,D,B ,F , ,N,N,50,0,0,0,,,1751326,5435012,-41.22213513,174.8053602
Wellington City,FRANKMOORE AVENUE,20,E, ,ROTOITI ST,2951554,10/03/09,Tue,1425,MO,CN1C,371A 927 ,M,R,D,O ,F ,D,N,C,50,0,0,0,,,1751280,5435021,-41.2220627,174.8048094
Wellington City,FRANKMOORE AVENUE,, ,I,ROTOITI ST,2955278,7/10/09,Wed,1810,BO,VW1C,205A 818 839 ,,R,D,O ,F ,T,N,C,50,0,0,0,,,1751260,5435025,-41.22203043,174.80457
Wellington City,FRASER AVENUE,500,N, ,BURMA ROAD,2912161,26/04/09,Sun,1150,BF,CN1C,111A 132A 135A 402A 801 ,,S,W,O ,L , ,N,C,50,0,1,2,,,1750887,5433758,-41.2335074,174.8004351
Wellington City,FRASER AVENUE,, ,I,BURMA ROAD,2951725,16/01/09,Fri,1240,GB,4S1T,157A 158A 351A 175B ,,R,D,O ,F ,Y,G,P,50,0,0,0,,,1750686,5433362,-41.23711023,174.7981355
Wellington City,FRASER AVENUE,80,S, ,JOHNSONVILLE ROAD,2953088,14/06/09,Sun,230,DA,CS1C,101A 131A ,M,E,D,DO,F , ,N,C,50,0,0,0,,,1751461,5434427,-41.22737686,174.8071151
Wellington City,FREYBERG ST,, ,I,LYALL PARADE,2951341,11/03/09,Wed,1715,FB,CS1C,331A ,,M,D,B ,F ,T,G,C,50,0,0,0,,,1750081,5423053,-41.33003855,174.7934597
Wellington City,FREYBERG ST,120,N, ,WHA ST,2954383,6/08/09,Thu,1500,MC,TS1C,372B ,,R,D,B ,F , ,N,P,50,0,0,0,,,1750097,5423647,-41.32468761,174.7935041
Wellington City,FREYBERG ST,50,S, ,WHA ST,2951183,1/03/09,Sun,1730,CC,CN1C,423A 501A ,M,R,D,B ,F , ,N,P,50,0,0,0,,,1750093,5423477,-41.32621892,174.7934983
Wellington City,FRIEND ST,, ,I,HATTON ST,2911471,12/03/09,Thu,2230,HA,CW1CC,103A ,M,E,D,DN,F ,T,G,C,50,0,0,1,,,1746008,5428597,-41.28087073,174.743479
Wellington City,FYVIE AVENUE,170,N, ,ST AIDANS WAY,2952945,10/05/09,Sun,420,DB,CS14,103A 111A ,T,E,D,DO,F , ,N,C,50,0,0,0,,,1753242,5442105,-41.15791379,174.8264313
Wellington City,GANGES ROAD,30,S, ,AGRA CRESCENT,2913082,2/09/09,Wed,1040,MO,CS1,423A ,H,R,D,B ,F , ,N,C,50,0,0,1,,,1750052,5432331,-41.24651067,174.790827
Wellington City,GANGES ROAD,50,S, ,AGRA CRESCENT,2911467,28/01/09,Wed,1835,LB,SN1C,534A 303B 375B 925 ,,R,D,B ,F ,D,N,C,50,0,0,1,,63,1750064,5432315,-41.24665249,174.7909741
Wellington City,GARDEN ROAD,200,S, ,GLENMORE ST,2956434,7/11/09,Sat,1830,BD,CS1X,121A 123B 818 ,,M,D,B ,F , ,N,C,50,0,0,0,,,1747684,5428487,-41.28155634,174.7635097
Wellington City,GARDEN ROAD,80,E, ,ORANGI KAUPAPA ROAD,2952004,22/03/09,Sun,1317,BD,CN1C,110A 818 820 ,,M,D,O ,F , ,N,N,50,0,0,0,,,1747584,5428410,-41.2822679,174.7623348
Wellington City,GARDEN ROAD,100,S, ,ORANGI KAUPAPA ROAD,2913232,12/09/09,Sat,1235,BB,CW1C,125A 135A 801 ,,M,W,O ,L , ,N,N,50,0,0,2,,,1747488,5428316,-41.28313177,174.7612117
Wellington City,GHUZNEE ST,20,W, ,CUBA ST,2912151,10/06/09,Wed,1632,NA,4W1E,711B 723B ,,R,W,TO,L , ,N,C,50,0,0,1,23,,1748663,5427174,-41.29319824,174.7755153
Wellington City,GHUZNEE ST,20,W, ,CUBA ST,2951156,7/03/09,Sat,245,MO,CE1M,371A ,M,R,D,B ,F , ,N,C,50,0,0,0,,,1748663,5427174,-41.29319824,174.7755153
Wellington City,GHUZNEE ST,100,W, ,CUBA ST,2956030,26/09/09,Sat,1420,EE,CE14,374B ,M,R,D,B ,F , ,N,C,50,0,0,0,,,1748590,5427206,-41.29292357,174.774636
Wellington City,GHUZNEE ST,100,W, ,CUBA ST,2911836,27/03/09,Fri,645,MC,SE1C,372B 671B ,,R,D,TO,F , ,N,C,50,0,0,1,,41,1748590,5427206,-41.29292357,174.774636
Wellington City,GHUZNEE ST,, ,I,CUBA ST,2912339,13/06/09,Sat,1332,NA,CW1E,711B ,,R,D,O ,F ,X,T,C,50,0,0,1,15,,1748681,5427166,-41.29326695,174.7757321
Wellington City,GHUZNEE ST,, ,I,CUBA ST,2911629,6/03/09,Fri,1157,FD,4E1C,112A ,,R,D,O ,F ,X,T,C,50,0,0,2,,,1748681,5427166,-41.29326695,174.7757321
Wellington City,GHUZNEE ST,20,E, ,MARION ST,2913416,7/09/09,Mon,1320,NA,CW1E,713B ,,R,D,O ,FS, ,N,C,50,0,0,1,19,,1748786,5427117,-41.29368877,174.7769975
Wellington City,GHUZNEE ST,20,E, ,MARION ST,2951552,6/03/09,Fri,1850,LB,CE1C,303B 377B 920 ,,R,W,O ,L ,D,N,C,50,0,0,0,,,1748786,5427117,-41.29368877,174.7769975
Wellington City,GHUZNEE ST,50,W, ,MARION ST,2955212,28/08/09,Fri,1801,EA,CW1C,350A 501A ,M,R,D,DO,F , ,N,C,50,0,0,0,,,1748723,5427147,-41.29343028,174.7762381
Wellington City,GHUZNEE ST,, ,I,TARANAKI ST,2912542,1/07/09,Wed,2016,NC,CN2E,307A 376A 645A ,,R,D,DO,F ,T,T,R,50,0,0,1,,,1748866,5427080,-41.29400714,174.7779616
Wellington City,GHUZNEE ST,, ,I,THE TERRACE,2955894,11/09/09,Fri,2052,FB,CW1VC,113A 181A ,,R,D,O ,F ,T,G,C,50,0,0,0,,,1748255,5427358,-41.29161664,174.7705998
Wellington City,GHUZNEE ST,50,E, ,VICTORIA ST,2956935,30/11/09,Mon,1700,FD,CE1X,181A 901 ,,R,W,O ,H , ,N,C,50,0,0,0,,,1748578,5427212,-41.29287175,174.7744913
Wellington City,GHUZNEE ST,15,W, ,VICTORIA ST,2956956,19/12/09,Sat,2234,EE,XE1C,374B 903 ,Q,R,D,DO,FS,X,T,C,50,0,0,0,,,1748519,5427239,-41.29263952,174.7737804
Wellington City,GHUZNEE ST,, ,I,VICTORIA ST,2912273,27/05/09,Wed,1627,GB,4E1S,204B 300B ,,R,D,O ,F ,X,T,C,50,0,0,1,,7,1748533,5427232,-41.29269997,174.7739492
Wellington City,GHUZNEE ST,, ,I,VICTORIA ST,2956052,30/09/09,Wed,1245,MO,CE1C,112A ,,R,D,O ,F ,X,T,C,50,0,0,0,,,1748533,5427232,-41.29269997,174.7739492
Wellington City,GILMER TERRACE,5,N, ,BOULCOTT ST,2951137,5/03/09,Thu,1710,MO,XN1C,385A 446B ,Q,R,D,O ,F ,T,N,C,50,0,0,0,,,1748569,5427965,-41.28609381,174.7742001
Wellington City,GLANMIRE ROAD,40,S, ,KENMORE ST,2954395,4/08/09,Tue,1140,DA,CN1,111A 135A 402A 801 ,G,M,W,O ,L , ,N,C,50,0,0,0,,,1753068,5434211,-41.22901913,174.8263334
Wellington City,GLANMIRE ROAD,50,S, ,ROBERT ST,2951397,14/03/09,Sat,1400,DA,CS1,103A ,K,M,D,B ,F , ,N,C,50,0,0,0,,,1752613,5434375,-41.22762855,174.8208662
Wellington City,GLANMIRE ROAD,200,W, ,ROBERT ST,2953443,19/04/09,Sun,710,DB,VS1C,103A 111A 132A ,CMP,M,D,O ,F , ,N,C,50,0,0,0,,,1752556,5434247,-41.22879172,174.8202184
Wellington City,GLASGOW ST,100,N, ,KELBURN PARADE,2911631,9/03/09,Mon,840,MA,SS1C,158A 140B 373B ,,E,W,O ,H , ,N,P,50,0,0,1,,31,1747967,5427693,-41.28865331,174.7670804
Wellington City,GLASGOW ST,, ,I,RAWHITI TERRACE,2954158,14/07/09,Tue,1845,NB,CE1E,713B ,,M,W,DO,L ,T,N,C,50,0,0,0,21,,1747965,5427809,-41.28760927,174.7670284
Wellington City,GLENMORE ST,20,N, ,COLLINS TERRACE,2951935,19/03/09,Thu,2230,MO,CS1X,371B 927 ,,R,D,DO,F ,D,N,N,50,0,0,0,,,1747971,5428579,-41.28067548,174.7669129
Wellington City,GLENMORE ST,60,N, ,CRIEFF ST,2913664,28/12/09,Mon,1110,EA,CN1C,129A 350A ,M,R,D,O ,F , ,N,C,50,0,0,1,,,1747409,5428141,-41.28472181,174.7603112
Wellington City,GLENMORE ST,100,S, ,GARDEN ROAD,2952415,24/05/09,Sun,718,DB,4S14CC,103A 359A ,MMM,M,W,O ,L , ,N,C,50,0,0,0,,,1747622,5428325,-41.28302625,174.762809
Wellington City,GLENMORE ST,30,S, ,NORTHLAND ROAD,2953456,11/03/09,Wed,1820,MB,CN1C,382B ,,E,D,O ,F , ,N,C,50,0,0,0,,,1747114,5427880,-41.28712554,174.756853
Wellington City,GLENMORE ST,30,S, ,NORTHLAND ROAD,2953460,26/04/09,Sun,1425,FC,CN1C,181A ,,R,W,O ,L , ,N,X,50,0,0,0,,,1747114,5427880,-41.28712554,174.756853
Wellington City,GLENMORE ST,20,W, ,NORTHLAND ROAD,2953321,20/04/09,Mon,1400,FC,CW14,181A ,,R,W,O ,H , ,N,X,50,0,0,0,,,1747120,5427887,-41.28706142,174.7569229
Wellington City,GLENMORE ST,, ,I,ORANGI KAUPAPA ROAD,2911393,4/02/09,Wed,808,FC,CN1C,181A 132B ,,R,D,O ,F ,T,N,X,50,0,0,2,,,1747578,5428287,-41.28337643,174.762293
Wellington City,GLENMORE ST,40,S, ,THE RIGI N,2950798,24/02/09,Tue,1942,DB,CS1,111A 514A ,P,E,D,TO,F , ,N,C,50,0,0,0,,,1747238,5428008,-41.28595049,174.7583022
Wellington City,GRAFTON ROAD,30,N, ,THE CRESCENT N,2954763,12/09/09,Sat,619,BC,4S1CC,104A 121A ,M,M,W,O ,F , ,N,L,50,0,0,0,,,1750889,5427563,-41.2892829,174.801992
Wellington City,GRANT ROAD,50,S, ,GROSVENOR TERRACE,2955978,12/09/09,Sat,1015,DB,CS1,111A 132A ,F,M,W,O ,L , ,N,C,50,0,0,0,,,1749028,5429989,-41.26778623,174.7791838
Wellington City,GRENADA DRIVE,, ,I,CHURTON PARK OFF SBD,2955412,21/10/09,Wed,1205,HA,CW1V,321B ,,E,D,B ,F ,X,S,R,50,0,0,0,,,1752716,5436926,-41.2046416,174.8214571
Wellington City,GRENADA DRIVE,, ,I,CHURTON PARK ON SBD,2955220,25/09/09,Fri,800,LB,CW1C,303B 387B ,,E,W,O ,L ,X,S,C,50,0,0,0,,,1752716,5436926,-41.2046416,174.8214571
Wellington City,GREYFRIARS CRESCENT,200,W, ,ST BENETS PLACE,2954447,5/08/09,Wed,32,MO,CW1,402A 517A 929 ,H,R,D,DO,F ,D,N,C,50,0,0,0,,,1752362,5439568,-41.18092131,174.816579
Wellington City,HAINING ST,, ,I,TARANAKI ST,2912378,28/04/09,Tue,1705,KA,SS1X,301B 375B ,,R,D,O ,F ,T,S,C,50,0,0,1,,25,1748749,5426818,-41.29638762,174.7766289
Wellington City,HALSWATER DRIVE,50,N, ,DORMAR PLACE,2911788,2/04/09,Thu,1832,BC,CW1C,103A 121A ,,E,D,TF,F , ,N,C,50,0,0,2,,,1751800,5436673,-41.20709171,174.8105999
Wellington City,HALSWATER DRIVE,30,S, ,DORMAR PLACE,2913384,1/12/09,Tue,1100,DB,CN1,135A 801 ,F,M,W,O ,H , ,N,C,50,0,0,1,,,1751852,5436620,-41.20755914,174.811233
Wellington City,HANSON ST,50,S, ,DRUMMOND ST,2952376,21/05/09,Thu,1612,MO,CS1,423A 427A ,F,R,D,O ,F , ,N,N,50,0,0,0,,,1748786,5425818,-41.30538422,174.7773151
Wellington City,HANSON ST,, ,I,DRUMMOND ST,2955202,23/07/09,Thu,2329,MG,CS1C,103B 371B ,,R,W,DO,F ,M,M,C,50,0,0,0,,,1748798,5425867,-41.30494084,174.7774464
Wellington City,HANSON ST,, ,I,JOHN ST,2955297,21/08/09,Fri,2000,HA,CW2C,302B 375B ,,E,D,DO,F ,X,T,C,50,0,0,0,,,1748734,5425630,-41.30708645,174.7767402
Wellington City,HANSON ST,, ,I,JOHN ST,2950705,19/02/09,Thu,1015,DA,CE2C,122A ,M,E,D,B ,F ,X,T,C,50,0,0,0,,,1748734,5425630,-41.30708645,174.7767402
Wellington City,HAPPY VALLEY ROAD,200,S, ,BATA PLACE,2955298,7/08/09,Fri,1540,EO,TS1,330A 929 ,P,R,D,O ,F ,D,N,C,50,0,0,0,,,1747238,5421628,-41.34339276,174.759847
Wellington City,HAPPY VALLEY ROAD,50,N, ,LANDFILL ROAD,2912248,24/05/09,Sun,1600,DB,CS1,135A 823 ,,M,W,O ,HS, ,N,C,70,0,0,1,,,1747017,5422954,-41.33149452,174.7568857
Wellington City,HAPPY VALLEY ROAD,100,N, ,LANDFILL ROAD,2913763,17/12/09,Thu,836,DA,CS1,359A 412A ,X,E,D,B ,F , ,N,C,70,0,0,1,,,1747020,5422998,-41.33109782,174.7569109
Wellington City,HAPPY VALLEY ROAD,200,N, ,LANDFILL ROAD,2953208,7/06/09,Sun,1300,CB,VN1,410A ,T,R,D,B ,F , ,N,C,50,0,0,0,,,1747047,5423095,-41.33021956,174.7572099
Wellington City,HAPPY VALLEY ROAD,500,S, ,LANDFILL ROAD,2913526,29/12/09,Tue,2158,DB,CS1,137A ,D,E,D,DO,F , ,N,C,70,0,0,1,,,1747118,5422455,-41.33596882,174.758213
Wellington City,HARRIS ST,20,E, ,JERVOIS QUAY,2955705,25/08/09,Tue,1120,MO,CW1C,386A ,M,R,D,B ,F , ,N,C,50,0,0,0,,,1748898,5427725,-41.28819403,174.7781859
Wellington City,HARRIS ST,50,W, ,JERVOIS QUAY,2956990,4/12/09,Fri,1340,MB,VE14,372B ,,R,D,O ,F , ,N,C,50,0,0,0,,,1748871,5427737,-41.28809096,174.7778606
Wellington City,HARRISON ST,, ,I,CLEVELAND ST,2956011,3/11/09,Tue,1900,MO,BW14,386A 181B ,,R,D,B ,F ,X,N,N,50,0,0,0,,,1747780,5425882,-41.30499289,174.7652879
Wellington City,HATAITAI BUS TUNNEL,300,E, ,PIRIE ST,2913424,10/06/09,Wed,1643,PO,BW1E,505B 713B 726B ,,R,W,DO,L , ,N,N,30,0,0,1,45,,1749914,5426278,-41.30103388,174.79067
Wellington City,HATAITAI ROAD,, ,I,KONINI ROAD,2952599,24/04/09,Fri,1845,MO,CS1C,102A 386A ,M,E,D,DO,F ,Y,N,C,50,0,0,0,,,1750364,5426110,-41.30246271,174.796084
Wellington City,HATAITAI ROAD,, ,I,TE ANAU ROAD,2956034,4/09/09,Fri,1200,JA,4S14,309B 363B 902 ,,R,D,B ,F ,T,N,C,50,0,0,0,,,1750827,5426692,-41.29713638,174.8014677
Wellington City,HATAITAI ROAD,, ,I,WAITOA ROAD,2911218,20/01/09,Tue,1237,NF,VE2E,306A 353A ,,R,D,B ,F ,X,G,X,50,0,0,1,78,,1750204,5425936,-41.30405909,174.7942167
Wellington City,HAWKER ST,50,N, ,MAJORIBANKS ST,2955217,12/09/09,Sat,40,EA,CN1CC,103A 402A ,MM,R,W,DO,L , ,N,C,50,0,0,0,,,1749668,5426991,-41.29466013,174.7875576
Wellington City,HAWKER ST,100,N, ,ROXBURGH ST,2953314,13/05/09,Wed,900,CC,CS1C,130A ,FM,R,D,O ,F , ,N,C,50,0,0,0,,,1749812,5427171,-41.29301281,174.7892324
Wellington City,HAWKESTONE OFF SBD,, ,I,HAWKESTONE ST,2953874,21/07/09,Tue,750,FB,CS1C,181A 353A 387A ,,R,D,O ,F ,T,G,R,50,0,0,0,,,1748697,5429207,-41.27488794,174.7754248
Wellington City,HAWKESTONE ON SBD,40,S, ,HAWKESTONE ST,2955378,28/09/09,Mon,1355,CB,CS1,132A 181A ,FK,R,W,O ,H , ,N,N,100,0,0,0,,,1748637,5429180,-41.27514208,174.7747153
Wellington City,HAWTREY TERRACE,150,E, ,CHORLEY GROVE,2956579,13/09/09,Sun,117,MO,CW1C,103A 371A ,M,R,D,DO,F , ,N,C,50,0,0,0,,,1751672,5435831,-41.21469657,174.8092828
Wellington City,HELSTON ROAD,100,W, ,PAPARANGI CRESCENT,2952619,19/04/09,Sun,1205,DB,CW1C,402A 501A ,M,M,D,B ,F , ,N,C,50,0,0,0,,,1752258,5435499,-41.21757567,174.8163525
Wellington City,HELSTON ROAD,100,N, ,STEWART DRIVE,2953311,24/05/09,Sun,100,EA,CN1C,101A 385A ,M,E,D,DO,F , ,N,C,50,0,0,0,,,1751714,5435069,-41.22154928,174.8099728
Wellington City,HELSTON ROAD,, ,I,STEWART DRIVE,2951398,17/02/09,Tue,848,LB,CW1V,303B 375B ,,E,D,B ,F ,T,G,C,50,0,0,0,,,1751812,5435049,-41.22171097,174.8111464
Wellington City,HINAU ST,, ,I,KOWHAI ST,2912101,3/06/09,Wed,1744,FC,VN1C,181A ,,R,D,TO,F ,T,G,X,50,0,0,1,,,1753745,5441873,-41.15990737,174.8324817
Wellington City,HINDMARSH ST,, ,I,HINDMARSH ROAD,2912053,2/05/09,Sat,1316,BC,MS2V,194A ,,M,D,B ,F ,Y,N,C,50,0,0,1,,,1751348,5434503,-41.22671375,174.8057486
Wellington City,HINEMOA ST,50,E, ,WATERLOO QUAY,2952482,17/04/09,Fri,1000,FO,VE1X,181A 420B ,Q,R,D,O ,F , ,N,C,50,0,0,0,,,1749448,5428963,-41.27694617,174.7844473
Wellington City,HIROPI ST,100,S, ,CONSTABLE ST,2954365,5/07/09,Sun,1545,MF,CN1C,371B ,,R,D,O ,F , ,N,N,40,0,0,0,,,1749466,5424884,-41.31366768,174.7856637
Wellington City,HOLLAND ST,100,W, ,TORY ST,2953620,23/06/09,Tue,2120,MO,TE1C,386A ,M,R,D,DO,F , ,N,N,50,0,0,0,,,1748998,5427074,-41.29403681,174.7795389
Wellington City,HOLLOWAY ROAD,70,W, ,ARO ST,2956740,11/12/09,Fri,1800,BF,CN1C,103A 110A 132A ,,E,D,TF,F , ,N,N,50,0,0,0,,,1747386,5427161,-41.29354947,174.7602738
Wellington City,HOMEBUSH ROAD,170,E, ,BENARES ST,2953151,24/05/09,Sun,410,DA,VS1,111A 517A ,C,M,W,DO,HS, ,N,C,50,0,0,0,,,1751513,5432283,-41.24667036,174.8082673
Wellington City,HOPPER ST,30,S, ,WEBB ST,2955074,5/10/09,Mon,1540,BA,CN1C,125A 386A 125B 386B ,,R,D,O ,F , ,N,N,50,0,0,0,,,1748553,5426604,-41.29835045,174.7743412
Wellington City,HOPPER ST,, ,I,WEBB ST,2951503,21/02/09,Sat,1705,MG,CN1C,371B ,,R,D,B ,F ,T,G,C,50,0,0,0,,,1748566,5426632,-41.29809596,174.7744896
Wellington City,HOROKIWI ROAD,2000,W, ,SH 2,2911465,6/03/09,Fri,1655,BC,4W1V,121A 404A ,,M,W,O ,L , ,N,C,50,0,0,1,,,1755262,5435551,-41.21653679,174.8521576
Wellington City,HOROKIWI ROAD WEST,, ,I,KENMORE ST,2956141,13/09/09,Sun,915,DC,CN1V,613A ,MT,R,D,B ,F ,T,G,C,50,0,0,0,,,1752948,5434871,-41.22309964,174.8247371
Wellington City,HOSPITAL ROAD,300,E, ,HUGH ST,2953743,11/03/09,Wed,930,MG,CE1T,371B ,,M,D,B ,F , ,N,C,50,0,0,0,,,1749253,5425585,-41.30739576,174.7829482
Wellington City,HOUGHTON BAY ROAD,, ,I,HORNSEY ROAD,2950443,28/01/09,Wed,1852,BC,CN1C,121A ,,M,D,B ,F ,T,G,L,50,0,0,0,,,1749542,5422847,-41.33199341,174.7870724
Wellington City,HOUGHTON BAY ROAD,30,N, ,VIEW ROAD,2953715,27/06/09,Sat,1455,QD,CS1,611A ,F,S,D,B ,F , ,N,C,50,0,0,0,,,1749645,5422772,-41.33264954,174.7883212
Wellington City,HOUGHTON BAY ROAD,, ,I,VIEW ROAD,2913174,3/09/09,Thu,745,JA,SS1C,302B 375B ,,R,D,B ,F ,T,G,C,50,0,0,1,,26,1749645,5422742,-41.33291964,174.7883286
Wellington City,HUNGERFORD ROAD,200,W, ,QUEENS DRIVE,2952344,25/05/09,Mon,2030,EA,CE1C,129A ,M,M,W,DO,H , ,N,N,50,0,0,0,,,1749826,5422034,-41.33926036,174.7906652
Wellington City,HUNTER ST,50,E, ,CUSTOMHOUSE QUAY,2956985,15/10/09,Thu,824,MO,CE1,404A 423A ,H,R,D,O ,F , ,N,C,50,0,0,0,,,1748827,5427995,-41.28577619,174.7772724
Wellington City,HUNTER ST,5,W, ,CUSTOMHOUSE QUAY,2953209,30/05/09,Sat,1335,FE,CW1C,181A ,,R,D,O ,F ,X,T,C,50,0,0,0,,,1748776,5428017,-41.28558751,174.7766582
Wellington City,HUNTER ST,, ,I,CUSTOMHOUSE QUAY,2950281,3/01/09,Sat,1750,HA,CE1C,322B ,,R,D,TF,F ,X,T,C,30,0,0,0,,,1748781,5428015,-41.2856046,174.7767184
Wellington City,HURRING PLACE,, ,I,NEWLANDS ROAD,2951560,1/04/09,Wed,1700,GA,VN1C,331A 353A ,,R,D,B ,F ,T,G,C,50,0,0,0,,,1751945,5433974,-41.23136463,174.8129997
Wellington City,HUTCHISON ROAD,20,W, ,WRIGHT ST,2954751,27/07/09,Mon,2044,BO,CE1C,205A 355A 400A 831 ,,E,D,DO,F , ,N,C,50,0,0,0,,,1748480,5425593,-41.30746636,174.7737164
Wellington City,HUTT OFF SBD,, ,I,HUTT ROAD,2955947,12/11/09,Thu,1508,FE,CS1C,331A 353A ,,E,D,B ,F ,T,T,C,50,0,0,0,,,1751915,5432174,-41.24757628,174.8130899
Wellington City,HUTT ON NBD,50,N, ,CENTENNIAL SLIP ROAD,2913541,26/12/09,Sat,1610,QB,CN1E,357B 522B ,,E,D,O ,F , ,N,C,80,0,0,1,19,,1752039,5432250,-41.24686872,174.8145502
Wellington City,HUTT ROAD,250,N, ,AOTEA QUAY,2912923,20/08/09,Thu,900,FD,TS1VB,331A 350A 181C ,,R,D,B ,F , ,N,C,60,0,0,1,,,1749776,5430653,-41.26166963,174.7879466
Wellington City,HUTT ROAD,300,S, ,JARDEN MILE,2912160,21/05/09,Thu,1545,CC,4N1,501A ,PT,R,D,O ,F , ,N,C,80,0,0,1,,,1751702,5432006,-41.24912884,174.8105907
Wellington City,HUTT ROAD,20,S, ,KAIWHARAWHARA ROAD,2912922,29/05/09,Fri,1730,AA,CN1M,372A 671A ,,R,D,DO,F ,T,T,C,60,0,0,1,,,1749917,5430800,-41.26031998,174.7895929
Wellington City,HUTT ROAD,30,S, ,KAIWHARAWHARA ROAD,2912444,18/06/09,Thu,1734,JO,CN1S,308A 375A 926 ,,R,D,DO,F ,D,S,C,60,0,1,0,,26,1749910,5430793,-41.2603843,174.7895111
Wellington City,HUTT ROAD,80,S, ,KAIWHARAWHARA ROAD,2954607,26/08/09,Wed,1710,KO,SN1C,301B 353B 927 ,,R,D,TF,F ,D,S,N,60,0,0,0,,,1749876,5430756,-41.26072373,174.7891145
Wellington City,HUTT ROAD,100,S, ,KAIWHARAWHARA ROAD,2953290,17/06/09,Wed,1800,FD,CN1V,386A ,,R,D,DO,F , ,N,C,60,0,0,0,,,1749863,5430741,-41.26086119,174.7889631
Wellington City,HUTT ROAD,1000,S, ,KAIWHARAWHARA ROAD,2954344,20/07/09,Mon,1619,MC,CN1C,372B ,,R,D,O ,F , ,N,C,50,0,0,0,,,1749257,5430080,-41.26692464,174.7818942
Wellington City,HUTT ROAD,200,S, ,ONSLOW ROAD,2952923,4/05/09,Mon,745,FC,CN1C,135B 331B 358B 801 902 ,,R,W,B ,L , ,N,C,60,0,0,0,,,1750658,5431353,-41.25520329,174.7982976
Wellington City,HUTT ROAD,150,W, ,ONSLOW ROAD,2913313,6/08/09,Thu,820,MC,MW1C,372B ,,R,D,B ,F , ,N,P,60,0,0,1,,,1750706,5431369,-41.25505029,174.7988663
Wellington City,HUTT ROAD,, ,I,ONSLOW ROAD,2955696,23/08/09,Sun,1048,KB,CW1S,300B 372B 404B ,,E,D,B ,F ,T,T,C,60,0,0,0,,,1750843,5431430,-41.25447553,174.8004857
Wellington City,HUTT ROAD,20,E, ,RANGIORA AVENUE,2953059,12/06/09,Fri,842,FC,VN1C4,181A ,,E,D,O ,L , ,N,X,100,0,0,0,,,1750523,5431310,-41.25561559,174.7966976
Wellington City,HUTT ROAD,100,E, ,RANGIORA AVENUE,2912993,25/09/09,Fri,910,FC,CS1C,181A ,,R,W,O ,L , ,N,X,60,0,0,1,,,1750599,5431334,-41.25538535,174.7975984
Wellington City,HUTT ROAD,30,N, ,RANGIORA AVENUE,2954451,3/08/09,Mon,916,FC,4S1C,112A 331A 353A ,,R,D,B ,F , ,N,X,60,0,0,0,,,1750532,5431313,-41.25558691,174.7968042
Wellington City,HUTT ROAD,130,W, ,RANGIORA AVENUE,2912661,9/03/09,Mon,750,LB,SS1C,303B 375B 927 ,,R,D,O ,F ,D,N,P,70,0,0,1,,24,1750393,5431235,-41.25631505,174.7951651