TLA NAME,CRASH ROAD,CRASH DIST,CRASH DIRN,INTSN,SIDE ROAD,CRASH ID,CRASH DATE,CRASH DOW,CRASH TIME,MVMT,VEHICLES,CAUSES,OBJECTS STRUCK,ROAD CURVE,ROAD WET,LIGHT,WTHRa,JUNC TYPE,TRAF CTRL,ROAD MARK,SPD LIM,CRASH FATAL CNT,CRASH SEV CNT,CRASH MIN CNT,PERS AGE1,PERS AGE2,EASTING,NORTHING,latitude,longitude
Wellington City,HUTT ROAD,, ,I,RANGIORA AVENUE,2912332,11/07/09,Sat,1605,AA,4E1P,372A 671A ,,R,D,TF,F ,M,N,C,50,0,0,1,,,1750504,5431303,-41.25568216,174.7964726
Wellington City,HUTT ROAD,, ,I,RANGIORA AVENUE,2955406,19/10/09,Mon,220,JO,SN1C,309B 927 ,,R,D,O ,F ,D,N,C,50,0,0,0,,,1750504,5431303,-41.25568216,174.7964726
Wellington City,HUTT ROAD,100,N, ,SAR ST,2954414,2/08/09,Sun,826,MG,TN1C,371A 387B ,,R,D,O ,F , ,N,P,50,0,0,0,,,1749336,5430176,-41.26604571,174.7828134
Wellington City,HUTT ROAD,800,N, ,SAR ST,2952939,18/05/09,Mon,1415,JA,CN1CC,308B 377B 839 927 ,M,R,D,O ,F ,D,N,P,50,0,0,0,,,1749812,5430686,-41.26136584,174.7883681
Wellington City,HUTT ROAD,30,S, ,SAR ST,2911185,20/01/09,Tue,1738,JO,SN1C,303B 378B 835 927 ,,R,D,B ,F ,D,N,C,50,0,0,1,,46,1749253,5430076,-41.26696139,174.7818475
Wellington City,HUTT ROAD,40,S, ,SCHOOL ROAD,2913586,24/11/09,Tue,1627,JO,SN14,303B 308B 387B 927 ,,R,D,B ,F ,D,N,N,60,0,0,1,,43,1749867,5430746,-41.26081544,174.7890096
Wellington City,HUTT ROAD,100,S, ,SCHOOL ROAD,2950664,30/01/09,Fri,1805,FD,CN1C,181A 191B ,,R,D,B ,F , ,N,P,60,0,0,0,,,1749827,5430701,-41.26122801,174.7885434
Wellington City,HUTT ROAD,, ,I,SCHOOL ROAD,2911150,8/01/09,Thu,1707,LB,SN1C,314B 377B ,,R,D,B ,F ,T,G,C,60,0,0,1,,43,1749894,5430775,-41.26054933,174.7893246
Wellington City,HUTT ROAD,, ,I,SCHOOL ROAD,2957092,22/12/09,Tue,1746,LB,SN1C,314B 377B ,,R,D,TF,F ,T,G,N,60,0,0,0,,,1749894,5430775,-41.26054933,174.7893246
Wellington City,HUTT ROAD,, ,I,SCHOOL ROAD,2911962,1/04/09,Wed,1730,LB,MN1C,132A 303B 314B 375B ,,R,D,B ,F ,T,G,C,60,0,0,1,,,1749894,5430775,-41.26054933,174.7893246
Wellington City,HUTT ROAD,100,N, ,TINAKORI ROAD,2950654,29/01/09,Thu,1255,JA,MN1C,308B 378B 839 927 ,,R,D,B ,FS,D,N,P,50,0,0,0,,,1749265,5430091,-41.26682412,174.781987
Wellington City,HUTT ROAD,, ,I,TINAKORI ROAD,2953958,13/07/09,Mon,1422,LB,CN1C,302B 387B ,,E,D,O ,F ,Y,G,R,50,0,0,0,,,1749211,5430007,-41.26759039,174.7813632
Wellington City,HUTT ROAD,140,N, ,WESTMINSTER ST,2913754,17/10/09,Sat,1126,FA,CS1CCC,102A 112A 505A ,,R,D,O ,F , ,N,R,60,0,5,0,,,1750094,5430989,-41.25858547,174.7916583
Wellington City,HUTT ROAD,300,N, ,WESTMINSTER ST,2913005,18/09/09,Fri,820,LB,SW14,303B 314B 377B 927 ,,R,D,O ,F ,D,N,C,60,0,0,1,,40,1750218,5431090,-41.25765309,174.7931129
Wellington City,HUTT ROAD,400,N, ,WESTMINSTER ST,2955680,24/07/09,Fri,1700,MO,SW1C,512A ,,R,D,O ,F , ,N,L,60,0,0,0,,,1750295,5431154,-41.25706256,174.7940158
Wellington City,HUTT ROAD,, ,I,WESTMINSTER ST,2911222,12/02/09,Thu,1735,JA,CS14,314B 353B 375B ,,R,W,O ,H ,T,N,R,50,0,0,1,,,1749995,5430891,-41.25948619,174.7905012
Wellington City,INGLEWOOD PLACE,30,S, ,DIXON ST,2953469,8/07/09,Wed,1245,MO,TN1C,371A ,Q,R,W,O ,F , ,N,N,50,0,0,0,,,1748907,5427233,-41.29262206,174.7784136
Wellington City,INGLIS ST,300,S, ,BURNHAM ST,2953066,23/05/09,Sat,1206,FA,CS14,181A 831 ,,M,W,O ,L , ,N,C,50,0,0,0,,,1753306,5423200,-41.32810825,174.8319425
Wellington City,INGLIS ST,, ,I,BURNHAM ST,2950278,26/01/09,Mon,1800,HA,CW2C,321A 507A ,,R,D,O ,F ,X,S,C,50,0,0,0,,,1753290,5423475,-41.32563543,174.8316821
Wellington City,INGLIS ST,, ,I,DUNDAS ST,2954346,17/07/09,Fri,2018,HA,CS1C,302B 862 ,,R,D,DO,F ,X,G,C,50,0,0,0,,,1753373,5423765,-41.32300874,174.8326002
Wellington City,INGLIS ST,, ,I,DUNDAS ST,2950759,14/02/09,Sat,1515,HA,VE2C,302A 427A ,,R,D,B ,F ,X,G,R,50,0,0,0,,,1753373,5423765,-41.32300874,174.8326002
Wellington City,INGLIS ST,, ,I,DUNDAS ST,2953468,24/03/09,Tue,1520,FB,CN1C,181A ,,R,D,B ,F ,X,G,R,50,0,0,0,,,1753372,5423765,-41.32300894,174.8325882
Wellington City,INGLIS ST,, ,I,FORRES ST,2951886,25/03/09,Wed,1733,KB,CN1C,302B 375B ,,R,D,B ,F ,X,G,C,50,0,0,0,,,1753405,5423881,-41.3219583,174.8329531
Wellington City,INGLIS ST,, ,I,LUDLAM ST,2954771,14/09/09,Mon,1110,HA,CW2C,302A 375A ,,R,D,O ,FS,X,G,R,50,0,0,0,,,1753333,5423629,-41.32424078,174.8321568
Wellington City,IRA ST,200,N, ,BROADWAY,2950194,8/01/09,Thu,2020,CB,CN1C,514A ,M,R,D,TF,F , ,N,C,50,0,0,0,,,1752315,5423818,-41.32273212,174.8199514
Wellington City,IRA ST,250,N, ,DEVONSHIRE ROAD,2956966,27/12/09,Sun,9,AD,CN1VC,103A 111A 402A ,MM,E,D,DO,F , ,N,C,50,0,0,0,,,1752334,5424213,-41.31917228,174.8200793
Wellington City,IRA ST,100,S, ,MIRAMAR AVENUE,2953746,26/05/09,Tue,2020,EC,CN14,125A ,M,R,D,DO,L , ,N,C,50,0,0,0,,,1752324,5424272,-41.31864298,174.8199451
Wellington City,IRONSIDE ROAD,, ,I,BASSETT ROAD,2950968,4/03/09,Wed,1200,KB,MS1C,302B 375B 507B ,,E,D,B ,F ,T,G,C,50,0,0,0,,,1751500,5435219,-41.22023887,174.8073838
Wellington City,IRONSIDE ROAD,, ,I,BASSETT ROAD,2953461,12/04/09,Sun,1415,JA,CN2C,302B ,,E,D,B ,F ,T,G,C,50,0,0,0,,,1751500,5435219,-41.22023887,174.8073838
Wellington City,IRONSIDE ROAD,120,S, ,ERRIS ST,2956995,26/11/09,Thu,740,BC,CE1V,121A 423A 427A ,,M,D,TF,F , ,N,C,50,0,0,0,,,1750914,5435321,-41.21943001,174.8003709
Wellington City,IRONSIDE ROAD,, ,I,ROTOITI ST,2912327,15/06/09,Mon,1745,JA,SW1C,602A ,,R,D,DO,F ,T,N,C,50,0,0,1,,23,1751316,5435247,-41.2200212,174.8051828
Wellington City,JERVOIS QUAY,, ,I,HARRIS ST,2953745,10/06/09,Wed,1650,FE,PS1X,181A ,,R,W,TO,L ,T,T,R,50,0,0,0,,,1748916,5427717,-41.28826273,174.7784027
Wellington City,JERVOIS QUAY,, ,I,HARRIS ST,2910102,23/12/09,Wed,226,BA,4N1C,103A 205A 602A ,,R,D,DO,F ,T,T,R,50,1,1,1,,,1748916,5427717,-41.28826273,174.7784027
Wellington City,JERVOIS QUAY,, ,I,HARRIS ST,2953302,22/05/09,Fri,930,FE,CS1C,191A 135B 321B 901 ,,R,W,TF,H ,T,T,C,50,0,0,0,,,1748916,5427717,-41.28826273,174.7784027
Wellington City,JERVOIS QUAY,, ,I,POST OFFICE SQUARE,2911479,12/03/09,Thu,600,LB,XN1M,322A ,,R,D,DO,F ,T,T,R,50,0,0,1,,,1748866,5428084,-41.28496769,174.7777161
Wellington City,JERVOIS QUAY,50,W, ,TARANAKI ST,2953213,8/06/09,Mon,1608,AA,CW1C,372A ,,R,D,O ,F , ,N,C,50,0,0,0,,,1748991,5427436,-41.29077886,174.7793667
Wellington City,JERVOIS QUAY,, ,I,TARANAKI ST,2951889,20/03/09,Fri,1108,GF,CN1T,173A ,,M,D,O ,F ,M,T,C,50,0,0,0,,,1749013,5427391,-41.29117995,174.7796403
Wellington City,JERVOIS QUAY,100,N, ,WAKEFIELD ST,2913305,11/10/09,Sun,948,FE,4N1M,181A 387A 403B ,,R,D,B ,F , ,N,C,50,0,0,1,,,1748968,5427480,-41.29038695,174.7790814
Wellington City,JERVOIS QUAY,, ,I,WILLESTON ST,2953455,2/07/09,Thu,340,FE,XN1X,331A ,,R,D,DO,F ,T,T,R,50,0,0,0,,,1748899,5427851,-41.28705941,174.778167
Wellington City,JOHN SIMS DRIVE,, ,I,BURMA ROAD,2913396,13/11/09,Fri,1640,JA,MN1C,302B 382B ,,R,D,O ,F ,T,G,R,50,0,0,1,,,1750688,5433490,-41.23595742,174.7981278
Wellington City,JOHN SIMS DRIVE,15,N, ,MARJORY CLOSE,2911892,22/05/09,Fri,2015,DC,MN1,110A 330A ,C,R,D,O ,F ,T,N,N,50,0,1,0,,,1750268,5434020,-41.23126373,174.792988
Wellington City,JOHN ST,20,W, ,ADELAIDE ROAD,2950745,3/02/09,Tue,1910,FD,VW1X,331A 352A ,,R,D,B ,F , ,N,L,50,0,0,0,,,1748812,5425613,-41.30722512,174.7776757
Wellington City,JOHN ST,, ,I,ADELAIDE ROAD,2913569,30/11/09,Mon,921,AO,TE1C,175A ,,R,W,O ,L ,X,T,C,50,0,0,1,,,1748832,5425608,-41.30726645,174.7779157
Wellington City,JOHN ST,, ,I,HANSON ST,2954293,16/07/09,Thu,1729,LB,MW1C,303B ,,E,W,DO,L ,X,T,C,50,0,0,0,,,1748734,5425630,-41.30708645,174.7767402
Wellington City,JOHN ST,, ,I,HANSON ST,2952601,24/04/09,Fri,1643,LB,PE1C,303B 377B ,,R,D,O ,F ,X,T,C,50,0,0,0,,,1748734,5425630,-41.30708645,174.7767402
Wellington City,JOHN ST,, ,I,HANSON ST,2956903,18/11/09,Wed,813,GE,CE1C,160A ,,E,W,O ,F ,X,T,L,50,0,0,0,,,1748734,5425630,-41.30708645,174.7767402
Wellington City,JOHN ST,, ,I,HANSON ST,2911442,23/02/09,Mon,1700,FE,CE1C,385A ,,E,D,B ,F ,X,T,C,50,0,0,1,,,1748734,5425630,-41.30708645,174.7767402
Wellington City,JOHN ST,30,W, ,TASMAN ST,2953327,12/06/09,Fri,2330,FC,CE1C,331A 410A ,,R,W,DO,L , ,N,X,50,0,0,0,,,1748725,5425628,-41.30710612,174.7766332
Wellington City,JOHN ST,, ,I,TASMAN ST,2952942,6/05/09,Wed,1424,FD,CE1V,181A 191B 901 ,,E,W,O ,H ,T,G,C,50,0,0,0,,,1748696,5425620,-41.30718349,174.7762889
Wellington City,JOHN ST,, ,I,TASMAN ST,2953425,19/05/09,Tue,2340,GB,XE1C,175B 181B 929 ,,E,D,DO,F ,T,G,R,50,0,0,0,,,1748696,5425620,-41.30718349,174.7762889
Wellington City,JOHNSONVILLE OFF NBD,30,S, ,FRASER AVENUE,2911343,14/01/09,Wed,1650,FD,CN1C,181A ,,R,D,B ,F , ,N,N,80,0,0,1,,,1751494,5434453,-41.22713659,174.8075022
Wellington City,JOHNSONVILLE OFF SBD,, ,I,JOHNSONVILLE ROAD,2911125,7/02/09,Sat,1830,FB,CS1C,331A ,,R,D,B ,F ,R,G,R,50,0,0,1,,,1751521,5435075,-41.22153143,174.8076699
Wellington City,JOHNSONVILLE ROAD,20,N, ,BRODERICK ROAD,2911946,4/02/09,Wed,2005,MA,MN14,381B ,,R,D,TF,F , ,N,C,50,0,0,1,,,1751485,5434739,-41.22456331,174.8073239
Wellington City,JOHNSONVILLE ROAD,20,N, ,BRODERICK ROAD,2912623,23/06/09,Tue,1254,FE,CN1CC,423A ,,R,D,B ,F , ,T,C,50,0,0,1,,,1751485,5434739,-41.22456331,174.8073239
Wellington City,JOHNSONVILLE ROAD,30,N, ,BRODERICK ROAD,2952679,30/04/09,Thu,2130,EA,CN1C,385A ,M,R,W,DO,L , ,N,C,50,0,0,0,,,1751487,5434748,-41.2244819,174.8073455
Wellington City,JOHNSONVILLE ROAD,50,N, ,BRODERICK ROAD,2956087,10/10/09,Sat,1427,MO,CS1C,160A 402A 372B ,,R,D,B ,F , ,N,P,50,0,0,0,,,1751488,5434768,-41.22430165,174.8073525
Wellington City,JOHNSONVILLE ROAD,50,N, ,BRODERICK ROAD,2952617,22/04/09,Wed,1940,MC,CS1C,160A 372B ,,R,D,DO,F , ,N,P,50,0,0,0,,,1751488,5434768,-41.22430165,174.8073525
Wellington City,JOHNSONVILLE ROAD,150,N, ,BRODERICK ROAD,2954510,3/08/09,Mon,1513,MO,BS1X,386A ,M,R,D,B ,F , ,N,C,50,0,0,0,,,1751486,5434868,-41.22340168,174.8073038
Wellington City,JOHNSONVILLE ROAD,10,S, ,BRODERICK ROAD,2954657,16/08/09,Sun,1825,EA,CN1C,370A ,M,R,W,DO,LS,T,T,C,50,0,0,0,,,1751481,5434709,-41.22483416,174.8072836
Wellington City,JOHNSONVILLE ROAD,15,S, ,BRODERICK ROAD,2951969,1/04/09,Wed,1835,EE,CN1C,351B 374B ,M,R,D,O ,F , ,N,C,50,0,0,0,,,1751480,5434704,-41.22487936,174.807273
Wellington City,JOHNSONVILLE ROAD,, ,I,BRODERICK ROAD,2953741,28/04/09,Tue,1810,GO,TS1V,385A ,,R,D,DO,F ,T,T,R,50,0,0,0,,,1751483,5434719,-41.22474375,174.807305
Wellington City,JOHNSONVILLE ROAD,, ,I,BRODERICK ROAD,2912377,6/06/09,Sat,1900,NA,VN1E,370A 713B 726B ,,R,D,DO,F ,T,T,R,50,0,0,1,10,,1751483,5434719,-41.22474375,174.807305
Wellington City,JOHNSONVILLE ROAD,, ,I,BRODERICK ROAD,2952347,27/05/09,Wed,1730,GO,TS1C,371A 386A ,,R,D,DO,F ,T,T,P,50,0,0,0,,,1751483,5434719,-41.22474375,174.807305
Wellington City,JOHNSONVILLE ROAD,100,N, ,CORLETT ST,2954334,20/07/09,Mon,935,JA,4N1C,308B 375B 922 ,,R,D,B ,F ,D,N,C,50,0,0,0,,,1751465,5434600,-41.22581852,174.8071199
Wellington City,JOHNSONVILLE ROAD,, ,I,FRASER AVENUE,2913667,4/12/09,Fri,1400,JA,CN1C,302B 353B 387B ,,E,D,B ,F ,T,G,C,50,0,0,1,,,1751476,5434504,-41.22668079,174.8072749
Wellington City,JOHNSONVILLE ROAD,, ,I,FRASER AVENUE,2952401,9/03/09,Mon,830,JC,CN1C,302B 375B ,,E,W,O ,L ,T,G,C,50,0,0,0,,,1751476,5434504,-41.22668079,174.8072749
Wellington City,JOHNSONVILLE ROAD,, ,I,FRASER AVENUE,2952413,23/05/09,Sat,1327,JO,CN2C,302A 377A ,,R,W,O ,F ,T,G,N,50,0,0,0,,,1751476,5434504,-41.22668079,174.8072749
Wellington City,JOHNSONVILLE ROAD,, ,I,FRASER AVENUE,2913196,17/10/09,Sat,1412,FB,4N1V,111A ,,R,D,O ,F ,T,G,C,50,0,0,1,,,1751476,5434504,-41.22668079,174.8072749
Wellington City,JOHNSONVILLE ROAD,50,N, ,MOOREFIELD ROAD,2956580,18/12/09,Fri,1945,MC,VS1C,372B ,,R,D,TF,F , ,N,C,50,0,0,0,,,1751492,5435000,-41.22221211,174.8073427
Wellington City,JOHNSONVILLE ROAD,, ,I,MOOREFIELD ROAD,2912324,20/07/09,Mon,642,LB,CN1S,302A ,,E,D,DO,F ,R,G,R,50,0,0,1,,30,1751500,5435050,-41.22176044,174.8074257
Wellington City,JOHNSONVILLE ROAD,, ,I,MOOREFIELD ROAD,2911443,17/03/09,Tue,1800,LB,MN1C,302A ,,E,D,B ,F ,R,G,C,50,0,0,1,,,1751500,5435050,-41.22176044,174.8074257
Wellington City,JOHNSTON ST,50,E, ,LAMBTON QUAY,2953414,28/05/09,Thu,1645,MD,CE14,371B 920 ,,R,D,O ,F ,D,N,N,50,0,0,0,,,1748759,5428344,-41.28264651,174.7763755
Wellington City,JULIA PLACE,50,N, ,LARSEN CRESCENT,2912267,21/06/09,Sun,1645,MO,CE1CEE,358A 371A 402A 929 ,Q,R,D,O ,F ,D,N,N,50,0,0,3,39,,1752363,5440228,-41.17497886,174.8164267
Wellington City,KABUL ST,250,W, ,PUNJAB ST,2912371,23/06/09,Tue,830,MO,CN1,423A 507A ,H,R,D,B ,F , ,N,R,50,0,0,1,,,1749444,5431425,-41.25478042,174.783796
Wellington City,KAIWHARAWHARA ROAD,500,N, ,HUTT ROAD,2953275,30/04/09,Thu,1548,DB,CN14,135A 801 901 ,FM,S,W,O ,H , ,N,C,50,0,0,0,,,1749541,5431090,-41.25777864,174.7850355
Wellington City,KAIWHARAWHARA ROAD,200,W, ,HUTT ROAD,2913721,20/07/09,Mon,1845,AO,CN1S,372A ,,R,D,TF,F , ,N,C,50,0,0,1,,56,1749791,5430958,-41.2589208,174.7880507
Wellington City,KAIWHARAWHARA ROAD,40,E, ,OLD PORIRUA ROAD,2911441,13/01/09,Tue,1725,BB,CE1C,120A 358A ,,E,D,B ,F , ,N,C,50,0,0,1,,,1749695,5431050,-41.25811027,174.7868827
Wellington City,KAIWHARAWHARA ROAD,200,W, ,OLD PORIRUA ROAD,2911746,6/03/09,Fri,1538,BF,TS1C,111A 130A ,C,M,W,O ,L , ,N,C,50,0,0,1,,,1749470,5431105,-41.25765672,174.7841847
Wellington City,KAIWHARAWHARA ROAD,200,W, ,OLD PORIRUA ROAD,2955468,26/08/09,Wed,717,DB,CE1,358A ,C,M,D,O ,F , ,N,C,50,0,0,0,,,1749470,5431105,-41.25765672,174.7841847
Wellington City,KAIWHARAWHARA ROAD,470,W, ,OLD PORIRUA ROAD,2953072,21/06/09,Sun,52,DA,4W1,103A 400A 602A ,GT,S,D,DO,F , ,N,L,50,0,0,0,,,1749223,5431052,-41.25817955,174.7812506
Wellington City,KAIWHARAWHARA ROAD,600,W, ,OLD PORIRUA ROAD,2951431,28/02/09,Sat,1745,DB,4W1,111A 132A 135A 801 807 ,EP,M,W,O ,L , ,N,L,50,0,0,0,,,1749120,5431121,-41.25757732,174.7800048
Wellington City,KARORI ROAD,, ,I,BEAUCHAMP ST,2957195,25/10/09,Sun,1538,MA,CE1C,373B ,,R,D,O ,F ,T,G,P,50,0,0,0,,,1745452,5428164,-41.28486965,174.7369462
Wellington City,KARORI ROAD,, ,I,CAMPBELL ST,2954520,16/08/09,Sun,0,DA,CE1,103A 423A ,P,R,W,DO,L ,T,G,C,50,0,0,0,,,1745619,5428224,-41.28429933,174.7389252
Wellington City,KARORI ROAD,15,E, ,CHAMBERLAIN ROAD,2950888,26/04/09,Sun,1720,KA,CE1C,303B ,,R,W,O ,L ,T,N,C,50,0,0,0,,,1745364,5428132,-41.28517362,174.7359034
Wellington City,KARORI ROAD,200,S, ,CHAYTOR ST,2952095,4/04/09,Sat,245,DA,CN1,332A ,C,M,D,DO,F , ,N,C,50,0,0,0,,,1746470,5428495,-41.28170543,174.7490178
Wellington City,KARORI ROAD,50,W, ,EAGLE ST,2956739,12/12/09,Sat,1915,FC,CW1C,331A 363A 902 ,,R,D,B ,F , ,N,C,50,0,0,0,,,1745220,5428078,-41.28568573,174.7341974
Wellington City,KARORI ROAD,15,E, ,FANCOURT ST,2912645,31/01/09,Sat,1040,FD,CE1CC,181A 350A ,,R,D,B ,F , ,N,C,50,0,0,1,,,1745981,5428353,-41.2830725,174.7432152
Wellington City,KARORI ROAD,80,E, ,HATTON ST,2955381,20/10/09,Tue,1450,FD,CE1C,181A ,,R,D,B ,F , ,T,C,50,0,0,0,,,1746188,5428425,-41.28238679,174.7456687
Wellington City,KARORI ROAD,50,W, ,HATTON ST,2913222,10/09/09,Thu,815,FC,VW1C,181A 363A 902 ,,R,D,B ,F , ,N,X,50,0,0,1,,,1746065,5428382,-41.2827962,174.7442109
Wellington City,KARORI ROAD,60,W, ,LANCASTER ST,2956090,5/11/09,Thu,1850,MC,CW1C,330B 372B ,,R,D,TF,F , ,N,C,50,0,0,0,,,1746209,5428432,-41.28231996,174.7459177
Wellington City,KARORI ROAD,70,W, ,LANCASTER ST,2912114,24/03/09,Tue,810,FA,VE1M,331A ,,R,D,B ,F , ,N,P,50,0,1,0,,,1746199,5428429,-41.28234878,174.745799
Wellington City,KARORI ROAD,, ,I,LANCASTER ST,2954289,21/07/09,Tue,935,KB,CE1C,302B 375B ,,R,D,O ,F ,T,G,P,50,0,0,0,,,1746265,5428451,-41.28213875,174.7465815
Wellington City,KARORI ROAD,, ,I,LANCASTER ST,2912616,20/07/09,Mon,820,GD,CE1CV,331A 358A ,,R,D,B ,F ,T,G,P,50,0,0,1,,,1746265,5428451,-41.28213875,174.7465815
Wellington City,KARORI ROAD,20,W, ,NEWCOMBE CRESCENT,2913116,9/10/09,Fri,1045,FD,VE1CV,181A ,,R,W,O ,H , ,N,C,50,0,0,1,,,1745812,5428292,-41.28365225,174.7412126
Wellington City,KARORI ROAD,, ,I,NEWCOMBE CRESCENT,2953237,4/06/09,Thu,900,AC,BE1C,386A ,,R,D,B ,F ,T,T,P,50,0,0,0,,,1745831,5428298,-41.2835948,174.741438
Wellington City,KARORI ROAD,, ,I,NOTTINGHAM ST,2954492,25/07/09,Sat,1225,JA,CE1C,302B 375B ,,E,D,B ,F ,T,G,P,50,0,0,0,,,1746516,5428498,-41.28167007,174.7495661
Wellington City,KARORI ROAD,100,W, ,RAINE ST,2912383,9/07/09,Thu,1818,NA,CE1E,712B 713B ,,R,W,DO,L , ,N,C,50,0,0,1,10,,1745496,5428179,-41.28472667,174.7374678
Wellington City,KARORI ROAD,, ,I,RICHMOND AVENUE,2950279,27/01/09,Tue,1000,JA,CW1C,301B ,,R,D,O ,F ,T,S,C,50,0,0,0,,,1744853,5427971,-41.28671505,174.7298421
Wellington City,KARORI ROAD,, ,I,RICHMOND AVENUE,2950714,23/02/09,Mon,1600,FB,CN2C,331A ,,R,D,B ,F ,T,S,C,50,0,0,0,,,1744853,5427971,-41.28671505,174.7298421
Wellington City,KARORI ROAD,100,E, ,SOUTH KARORI ROAD,2956217,9/11/09,Mon,903,AC,CE1C,159A 357A ,,R,W,O ,L , ,N,P,50,0,0,0,,,1744364,5427844,-41.28794611,174.7240351
Wellington City,KARORI ROAD,30,W, ,TRINGHAM ST,2912533,10/07/09,Fri,2300,MC,CE1C,372B ,,M,D,DO,F , ,N,P,50,0,0,1,,,1744687,5427951,-41.28692489,174.7278653
Wellington City,KARORI TUNNEL,20,E, ,CHAYTOR ST,2911506,19/02/09,Thu,1400,AO,VW1S,370A ,,R,D,B ,F , ,N,L,50,0,0,1,,19,1746959,5427866,-41.28727982,174.7550062
Wellington City,KELBURN PARADE,40,N, ,FAIRLIE TERRACE,2950736,5/03/09,Thu,1115,EE,CN1C,374B ,Q,S,D,O ,F , ,N,N,50,0,0,0,,,1747925,5427409,-41.291218,174.7666481
Wellington City,KELBURN PARADE,50,N, ,GLASGOW ST,2952382,9/05/09,Sat,2145,EE,CS1C,374B ,M,R,W,DO,L , ,N,R,50,0,0,0,,,1748021,5427652,-41.28901256,174.767735
Wellington City,KELBURN PARADE,50,S, ,GLASGOW ST,2952665,27/05/09,Wed,955,MO,CN1C,370A ,,M,W,O ,L , ,N,C,50,0,0,0,,,1747982,5427548,-41.28995607,174.7672947
Wellington City,KELBURN PARADE,100,S, ,GLASGOW ST,2951158,9/03/09,Mon,1230,MO,CN1C,423A ,M,R,D,B ,F , ,N,C,50,0,0,0,,,1747970,5427500,-41.29039044,174.7671632
Wellington City,KELBURN PARADE,, ,I,GLASGOW ST,2954669,8/09/09,Tue,1115,FB,4S1C,181A ,,R,D,B ,F ,R,G,P,50,0,0,0,,,1748002,5427611,-41.28938518,174.7675182
Wellington City,KELBURN PARADE,20,S, ,SALAMANCA ROAD,2956035,15/09/09,Tue,2235,EA,XN1C,129A ,M,R,D,DO,F , ,N,P,50,0,0,0,,,1748130,5427890,-41.28684973,174.7689782
Wellington City,KELBURN PARADE,40,S, ,SALAMANCA ROAD,2955723,7/10/09,Wed,1640,FD,CS1C,181A 422B ,,R,D,B ,F , ,N,C,50,0,0,0,,,1748121,5427873,-41.28700444,174.7688749
Wellington City,KELBURN PARADE,50,S, ,SALAMANCA ROAD,2954370,13/08/09,Thu,1400,EA,CS1C,129A 351A ,M,R,D,B ,F , ,N,C,50,0,0,0,,,1748117,5427864,-41.28708621,174.7688294
Wellington City,KELBURN PARADE,100,S, ,SALAMANCA ROAD,2912184,15/05/09,Fri,1425,MA,MS14,373B 377B ,,R,D,O ,F , ,N,P,50,0,0,1,,,1748096,5427818,-41.28750422,174.7685899
Wellington City,KELBURN PARADE,150,S, ,SALAMANCA ROAD,2955058,16/03/09,Mon,1319,FC,CS14,331A ,,R,D,B ,F , ,N,C,50,0,0,0,,,1748075,5427773,-41.28791323,174.7683502
Wellington City,KELBURN PARADE,, ,I,SALAMANCA ROAD,2952062,25/02/09,Wed,1030,JC,CN1C,302B 375B 386B ,,M,D,O ,F ,T,G,R,50,0,0,0,,,1748148,5427897,-41.28678341,174.7691914
Wellington City,KEMP ST,200,E, ,EVANS BAY PARADE,2956319,1/12/09,Tue,2205,FA,CN1C,357A 512A ,,S,D,DO,F , ,N,C,50,0,0,0,,,1750371,5424560,-41.31641655,174.7965508
Wellington City,KENT TERRACE,50,N, ,ELIZABETH ST,2954360,13/05/09,Wed,1900,AC,CS1M,372A ,,R,D,DO,F , ,N,C,50,0,0,0,,,1749312,5426927,-41.29530228,174.7833234
Wellington City,KENT TERRACE,, ,I,ELIZABETH ST,2912702,15/07/09,Wed,1800,FD,CS1CC,403A 423A ,,R,D,DO,F ,X,T,C,50,0,0,1,,,1749292,5426881,-41.29572014,174.7830959
Wellington City,KENT TERRACE,50,N, ,MAJORIBANKS ST,2956969,3/11/09,Tue,1323,MO,VS1C,373A ,,R,D,B ,F , ,N,C,50,0,0,0,,,1749398,5427114,-41.29360273,174.7843042
Wellington City,KENT TERRACE,, ,I,MAJORIBANKS ST,2911065,25/01/09,Sun,440,DA,VE2B,133A ,,R,D,DO,F ,X,T,R,50,0,0,2,,,1749376,5427069,-41.29401196,174.7840526
Wellington City,KENT TERRACE,20,N, ,PIRIE ST,2911717,15/01/09,Thu,1320,AC,CS1M,372A ,,R,D,B ,F , ,N,R,50,0,0,1,,,1749229,5426741,-41.29699227,174.7823781
Wellington City,KHANDALLAH ROAD,, ,I,COCKAYNE ROAD,2913730,21/11/09,Sat,930,DA,4S2E,111A 131A ,F,M,W,O ,L ,T,S,L,50,0,0,1,52,,1749732,5432189,-41.24784848,174.7870446
Wellington City,KHANDALLAH ROAD,, ,I,SIMLA CRESCENT,2955987,11/09/09,Fri,1550,FC,CN1C,331A 402A ,,R,W,O ,L ,X,G,X,50,0,0,0,,,1749452,5432318,-41.24673885,174.7836727
Wellington City,KHOURI AVENUE,100,E, ,MAKARA ROAD,2953805,6/07/09,Mon,2102,DB,CE14,645A ,M,E,D,DO,FF, ,N,N,50,0,0,0,,,1744183,5428072,-41.2859256,174.7218205
Wellington City,KILBIRNIE CRESCENT,10,N, ,DUNCAN TERRACE,2956067,20/10/09,Tue,902,JA,CS1C,308B 375B 839 927 ,,R,D,O ,F ,D,N,C,50,0,0,0,,,1750069,5424745,-41.31480718,174.7928987