TLA NAME,CRASH ROAD,CRASH DIST,CRASH DIRN,INTSN,SIDE ROAD,CRASH ID,CRASH DATE,CRASH DOW,CRASH TIME,MVMT,VEHICLES,CAUSES,OBJECTS STRUCK,ROAD CURVE,ROAD WET,LIGHT,WTHRa,JUNC TYPE,TRAF CTRL,ROAD MARK,SPD LIM,CRASH FATAL CNT,CRASH SEV CNT,CRASH MIN CNT,PERS AGE1,PERS AGE2,EASTING,NORTHING,latitude,longitude
Wellington City,KILBIRNIE CRESCENT,10,N, ,TULLY ST,2911348,5/03/09,Thu,1545,EE,SN1C,374B ,Q,R,D,B ,F ,T,N,C,50,0,0,1,,,1750101,5424680,-41.31538644,174.7932969
Wellington City,KILBIRNIE CRESCENT,10,N, ,VALLANCE ST,2953201,27/05/09,Wed,820,MA,CN1C,143B 373B ,,R,W,O ,L ,T,N,P,50,0,0,0,,,1750060,5424825,-41.31408859,174.7927715
Wellington City,KING ST,50,N, ,DRUMMOND ST,2950887,27/04/09,Mon,1100,MD,TN1C,385A 927 ,M,E,W,O ,L ,D,N,C,50,0,0,0,,,1748831,5425904,-41.30460163,174.7778314
Wellington City,KINGHORNE ST,, ,I,KINGHORNE ROAD,2951446,11/03/09,Wed,1330,JA,4E2C,309B ,,E,D,O ,F ,T,N,C,50,0,0,0,,,1752431,5423294,-41.32742786,174.8214681
Wellington City,KINGSTON HEIGHTS ROAD,60,E, ,THE RIDGEWAY,2950154,3/01/09,Sat,50,DB,CN1CV,103A 359A ,MM,M,D,DO,F , ,N,N,50,0,0,0,,,1747659,5424079,-41.3212483,174.764281
Wellington City,KOPU ROAD,50,N, ,ROSE ST,2955210,6/10/09,Tue,905,NO,CS1,110A 204A ,V,E,W,O ,F , ,N,N,50,0,0,0,,,1748067,5426710,-41.2974854,174.7685132
Wellington City,LAMBTON QUAY,, ,I,BALLANCE ST,2953155,26/05/09,Tue,1835,KC,CS1X,305A ,,E,W,DO,L ,T,N,C,30,0,0,0,,,1748753,5428643,-41.27995558,174.7762308
Wellington City,LAMBTON QUAY,, ,I,BOWEN ST,2912691,24/07/09,Fri,1840,HA,CE2C,322B ,,R,D,DO,F ,X,T,C,50,0,0,2,,,1748819,5428688,-41.27953827,174.7770076
Wellington City,LAMBTON QUAY,15,N, ,BUNNY ST,2911872,14/04/09,Tue,1615,NA,BN1E,711B 714B 732B ,,R,D,O ,F , ,N,N,30,0,0,1,39,,1748949,5428779,-41.27869499,174.7785369
Wellington City,LAMBTON QUAY,15,N, ,JOHNSTON ST,2956520,27/11/09,Fri,1630,MO,CN1X,371A 386A ,M,R,D,B ,FS, ,N,R,30,0,0,0,,,1748719,5428379,-41.28233876,174.7758895
Wellington City,LAMBTON QUAY,, ,I,JOHNSTON ST,2956582,15/12/09,Tue,1501,AA,BN1X,386A ,,R,D,B ,F ,T,N,R,30,0,0,0,,,1748714,5428365,-41.28246573,174.7758332
Wellington City,LAMBTON QUAY,, ,I,JOHNSTON ST,2955281,5/09/09,Sat,1108,GF,CN1V,370A ,,R,D,B ,F ,T,N,C,50,0,0,0,,,1748714,5428365,-41.28246573,174.7758332
Wellington City,LAMBTON QUAY,, ,I,MOLESWORTH ST,2955576,28/09/09,Mon,1134,DB,4N1,131A 351A ,S,R,W,O ,H ,X,T,C,50,0,0,0,,,1748937,5428771,-41.27876923,174.7783956
Wellington City,LAMBTON QUAY,, ,I,WHITMORE ST,2911062,7/01/09,Wed,740,CA,SE2,661A ,,R,D,O ,F ,X,T,N,50,0,0,1,,47,1748819,5428688,-41.27953827,174.7770076
Wellington City,LAMBTON QUAY,, ,I,WHITMORE ST,2950444,9/01/09,Fri,1755,AO,BN1B,129A ,,R,D,O ,F ,X,T,C,30,0,0,0,,,1748819,5428688,-41.27953827,174.7770076
Wellington City,LEEDS ST,30,N, ,GHUZNEE ST,2956979,2/11/09,Mon,2125,MO,CS1C,512A 357B 445B ,M,R,D,DO,F ,T,N,N,50,0,0,0,,,1748767,5427160,-41.29330512,174.7767602
Wellington City,LENNEL ROAD,60,W, ,BARNARD ST,2911871,12/04/09,Sun,1400,DB,BN1,131A ,CKP,M,D,B ,F , ,N,L,50,0,0,1,,,1749186,5430339,-41.26460586,174.7809836
Wellington City,LENNEL ROAD,50,E, ,SEFTON ST,2955973,24/10/09,Sat,1620,QG,CE1P,666A ,CX,R,D,O ,F , ,N,L,50,0,0,0,,,1749036,5430381,-41.26425539,174.7791835
Wellington City,LIARDET ST,, ,I,BRITOMART ST,2912380,11/06/09,Thu,1720,LB,MN1C,534A 303B 375B 832 ,,R,D,DO,F ,T,G,R,50,0,0,1,,,1748130,5424304,-41.31913614,174.7698512
Wellington City,LIARDET ST,, ,I,DRANSFIELD ST,2953473,6/06/09,Sat,1625,JA,PW2C,302B ,,R,D,B ,F ,X,G,P,50,0,0,0,,,1748188,5425021,-41.31267002,174.7703692
Wellington City,LIPMAN ST,, ,I,MAJORIBANKS ST,2953289,5/06/09,Fri,200,DB,CW2CC,101A 111A 122A ,MM,R,D,DO,F ,T,N,N,50,0,0,0,,,1749469,5427027,-41.29437289,174.7851731
Wellington City,LONGCROFT TERRACE,20,E, ,KENMORE ST,2953087,21/06/09,Sun,2010,EA,4E1C,103A ,M,E,D,DO,F , ,N,N,50,0,0,0,,,1753109,5434662,-41.22495088,174.8267093
Wellington City,LONGMONT TERRACE,70,N, ,ASHFIELD GROVE,2951977,31/03/09,Tue,930,EA,TN1C,385A 671A 929 ,M,E,D,O ,F ,D,N,N,50,0,0,0,,,1751840,5437146,-41.2028256,174.8109593
Wellington City,LONSDALE CRESCENT,40,W, ,TIRANGI ROAD,2911511,9/03/09,Mon,1320,NB,CW1E,500B 713B ,,R,D,B ,F , ,N,N,50,0,1,0,30,,1750963,5423886,-41.32237416,174.8037877
Wellington City,LOOKOUT ROAD,250,W, ,THANE ROAD,2953744,14/07/09,Tue,,EA,CE1V,129A ,M,E,W,O ,L , ,N,C,50,0,0,0,,,1750489,5426896,-41.29536279,174.7973821
Wellington City,LUCKNOW TERRACE,, ,I,SIMLA CRESCENT,2956181,2/12/09,Wed,1215,GD,VN1C,331A ,,R,W,O ,H ,T,N,C,50,0,0,0,,,1749452,5432318,-41.24673885,174.7836727
Wellington City,LYALL PARADE,30,W, ,FREYBERG ST,2913747,23/12/09,Wed,1800,CB,CW1C,501A ,IM,R,D,B ,FS, ,N,R,50,0,0,1,,,1750063,5423030,-41.33024898,174.7932504
Wellington City,LYALL PARADE,, ,I,FREYBERG ST,2911605,20/03/09,Fri,2330,CA,PW1,103A ,I,R,D,DO,F ,T,G,R,50,0,0,1,,,1750081,5423053,-41.33003855,174.7934597
Wellington City,LYALL PARADE,, ,I,KINGSFORD SMITH ST,2953035,26/04/09,Sun,1300,JA,CE1C,302B 375B 402B 901 ,,R,W,O ,H ,T,G,C,50,0,0,0,,,1750641,5423263,-41.32804342,174.8000965
Wellington City,LYALL PARADE,10,E, ,ONEPU ROAD,2950670,26/01/09,Mon,1850,FA,VE1C,181A 191B 352B ,,R,D,B ,F ,R,G,R,50,0,0,0,,,1750259,5423157,-41.32906905,174.7955601
Wellington City,LYALL PARADE,130,W, ,ONEPU ROAD,2911507,26/03/09,Thu,1536,MF,MW14,371B ,,R,D,B ,F , ,N,C,50,0,1,0,,,1750129,5423082,-41.32976852,174.7940259
Wellington City,MAARAMA CRESCENT,10,N, ,OHIRO ROAD,2955280,5/09/09,Sat,55,DA,CN1CC,103A 205A ,MM,E,D,DO,F ,T,N,N,50,0,0,0,,,1748035,5426716,-41.29743725,174.7681297
Wellington City,MACAULAY ST,20,S, ,BURGESS ROAD,2951128,16/01/09,Fri,1530,EA,CN1C,385A ,M,R,D,B ,F , ,N,N,50,0,0,0,,,1751648,5434969,-41.22246199,174.8092106
Wellington City,MACDONALD CRESCENT,20,E, ,THE TERRACE,2956537,5/12/09,Sat,2015,BA,CW1C,125A 353A 818 ,,R,D,TF,F , ,N,C,50,0,0,0,,,1748323,5427462,-41.29066779,174.7713863
Wellington City,MACDONALD CRESCENT,120,E, ,THE TERRACE,2951490,19/03/09,Thu,200,BD,CW1X,123A 121B 817 ,,M,W,DO,L , ,N,C,50,0,0,0,,,1748414,5427422,-41.2910112,174.7724823
Wellington City,MADRAS ST,290,E, ,DELHI CRESCENT,2955257,24/09/09,Thu,1520,BO,CW1C,111A 378A 402A 818 834 839 ,,S,W,O ,L , ,N, ,50,0,0,0,,,1750639,5432761,-41.24253004,174.7977233
Wellington City,MAGINNITY ST,20,N, ,WARING TAYLOR ST,2956451,11/11/09,Wed,1400,MO,CN1C,371A ,M,R,D,B ,F , ,N,C,50,0,0,0,,,1748804,5428425,-41.28190894,174.7768928
Wellington City,MAGINNITY ST,40,N, ,WARING TAYLOR ST,2951352,13/01/09,Tue,1530,MO,TS1C,371A 927 ,Q,R,D,B ,F ,D,N,N,50,0,0,0,,,1748812,5428444,-41.2817364,174.7769836
Wellington City,MAHORA ST,20,S, ,RONGOTAI ROAD,2952597,25/04/09,Sat,1430,KA,VN1C,308B 375B 839 925 ,,R,D,O ,F ,D,N,C,50,0,0,0,,,1750439,5424323,-41.31853765,174.7974215
Wellington City,MAHORA ST,100,S, ,RONGOTAI ROAD,2952814,20/05/09,Wed,1605,ME,VN1C,303B 382B 402B ,,R,D,O ,F , ,N,C,50,0,0,0,,,1750417,5424247,-41.319226,174.7971775
Wellington City,MAIDA VALE ROAD,100,N, ,EVANS BAY PARADE,2954450,17/08/09,Mon,1647,BC,CS1C,121A ,,M,D,O ,F , ,N,N,50,0,0,0,,,1750890,5427195,-41.29259593,174.8020951
Wellington City,MAIN ROAD,, ,I,BOSCOBEL LANE E,2956607,28/11/09,Sat,1531,GD,CE1C,111A 331A ,,E,W,O ,L ,X,G,C,50,0,0,0,,,1753316,5439020,-41.18567522,174.8280851
Wellington City,MAIN ROAD,100,S, ,LINCOLN AVENUE,2955000,18/07/09,Sat,1820,MO,CS1C,386A ,,R,D,DO,F , ,N,P,50,0,0,0,,,1753098,5440836,-41.1693663,174.825033
Wellington City,MAIN ROAD,20,S, ,LINDEN AVENUE,2952497,19/05/09,Tue,1620,MC,CS1C,372B ,,R,D,O ,F , ,N,C,50,0,0,0,,,1753477,5442206,-41.15696001,174.8292056
Wellington City,MAIN ROAD,, ,I,LINDEN AVENUE,2951131,23/01/09,Fri,1155,FD,VS1C,181A ,,E,D,B ,F ,R,G,R,50,0,0,0,,,1753508,5442252,-41.15653998,174.8295633
Wellington City,MAIN ROAD,15,S, ,MCLELLAN ST,2913728,13/11/09,Fri,1545,NA,CS1E,306A 717B ,,R,D,O ,F , ,N,X,50,0,0,1,13,,1753334,5441652,-41.16197494,174.8276407
Wellington City,MAIN ROAD,, ,I,MCLELLAN ST,2952787,3/04/09,Fri,1532,JA,CS1C,302B 352B 375B ,,E,D,O ,F ,T,G,C,50,0,0,0,,,1753333,5441667,-41.16184008,174.827625
Wellington City,MAIN ROAD,200,S, ,REDWOOD AVENUE,2955754,20/09/09,Sun,220,EA,CN1C,103A 129A ,M,R,D,DO,F , ,N,C,50,0,0,0,,,1753083,5439766,-41.17900276,174.8251217
Wellington City,MAIN ROAD,200,S, ,REDWOOD AVENUE N,2956933,16/11/09,Mon,1214,EA,4S1CC,129A 352A ,MM,R,D,B ,F , ,N,C,50,0,0,0,,,1753083,5439766,-41.17900276,174.8251217
Wellington City,MAIN ROAD,200,N, ,REDWOOD AVENUE S,2954720,13/09/09,Sun,1859,BC,CS1C,103A 121A ,,E,D,DO,F , ,N,P,50,0,0,0,,,1753003,5439561,-41.18086356,174.8242196
Wellington City,MAIN ROAD,, ,I,SUNRISE BOULEVARD,2911643,21/04/09,Tue,820,JA,MW1C,302B 377B ,,R,D,O ,F ,T,G,C,50,0,0,1,,,1753123,5439177,-41.18429819,174.8257457
Wellington City,MAIN ROAD,, ,I,TAWA ST,2950159,16/01/09,Fri,1030,GO,CW2T,158A 402A ,,R,D,B ,F ,R,G,R,50,0,0,0,,,1753095,5440154,-41.17550718,174.8251677
Wellington City,MAIN ROAD,300,S, ,VICTORY CRESCENT,2911103,11/01/09,Sun,2314,DA,CN1,103A 514A ,CIS,E,D,DO,F , ,N,R,50,0,0,2,,,1753098,5440838,-41.1693483,174.8250325
Wellington City,MAIN ROAD,, ,I,WILLOWBANK ROAD,2950423,13/02/09,Fri,825,LB,CW1C,303B ,,E,D,O ,F ,X,G,C,50,0,0,0,,,1753316,5439020,-41.18567522,174.8280851
Wellington City,MAJORIBANKS ST,40,E, ,KENT TERRACE,2951140,26/02/09,Thu,1105,MO,CW1X,385A ,M,R,D,B ,F , ,N,C,50,0,0,0,,,1749412,5427052,-41.29415835,174.7844865
Wellington City,MAKARA ROAD,200,N, ,ALLINGTON ROAD,2956054,28/08/09,Fri,912,DB,4N1,130A 350A ,C,M,D,O ,F , ,N,C,50,0,0,0,,,1744190,5427906,-41.28741897,174.7219433
Wellington City,MAKARA ROAD,2090,S, ,ALLINGTON ROAD,2911976,8/04/09,Wed,1503,DA,MS1,136A ,CS,M,D,B ,F , ,N,C,50,0,0,1,,,1743287,5428651,-41.28087194,174.7109889
Wellington City,MAKARA ROAD,400,E, ,SOUTH MAKARA ROAD,2913326,24/11/09,Tue,827,DB,CN1,135A 801 ,CF,E,W,O ,L , ,N,C,50,0,0,1,,,1743091,5430252,-41.26649161,174.7082735
Wellington City,MAKARA ROAD,1000,N, ,TAKARAU GORGE ROAD,2954997,5/08/09,Wed,845,BA,TS1V,110A 386A ,,E,D,B ,F , ,N,N,50,0,0,0,,,1743533,5433810,-41.23437765,174.7127109
Wellington City,MAKARA ROAD,350,S, ,TAKARAU GORGE ROAD,2952483,18/04/09,Sat,1049,DB,VN1,137A 197A ,C,E,D,B ,F , ,N,C,50,0,0,0,,,1743868,5432890,-41.24260164,174.7169234
Wellington City,MALLARD GROVE,50,E, ,LAKEWOOD AVENUE,2953915,20/05/09,Wed,1030,QD,ON1C,610A 903 ,M,M,D,O ,FS, ,N,N,50,0,0,0,,,1751467,5436724,-41.2066949,174.8066173
Wellington City,MANCHESTER ST,, ,I,CAPRERA ST,2911509,11/03/09,Wed,1130,DB,CN1,133A 423A ,C,S,D,O ,F ,T,N,C,50,0,0,1,,,1749556,5424022,-41.32141189,174.7869505
Wellington City,MANING LANE,25,E, ,VICTORIA ST,2953463,5/06/09,Fri,1300,MD,XW1C,308B 920 ,,R,D,B ,F ,D,N,N,50,0,0,0,,,1748807,5427825,-41.28731046,174.7770752
Wellington City,MANNERS ST,20,W, ,LUKES LANE,2953453,9/06/09,Tue,1702,EE,BE1X,374B ,M,R,W,DO,L , ,N,N,50,0,0,0,,,1748873,5427314,-41.29189905,174.7779879
Wellington City,MANNERS ST,30,E, ,WILLIS ST,2912370,12/06/09,Fri,1522,NA,CW1E,711B 712B ,,R,D,O ,F , ,N,C,50,0,1,0,17,,1748618,5427598,-41.28938906,174.7748746
Wellington City,MANNERS ST,, ,I,WILLIS ST,2952620,24/04/09,Fri,1753,GF,CW2B,122A 176A ,,R,D,DO,F ,X,T,C,50,0,0,0,,,1748603,5427623,-41.28916673,174.7746894
Wellington City,MANSFIELD ST,50,S, ,HORNER ST,2955276,10/09/09,Thu,1654,MO,CS1,386A 930 ,H,R,D,TF,F ,D,N,C,50,0,0,0,,,1749079,5424413,-41.3179799,174.7811579
Wellington City,MANSFIELD ST,50,N, ,ROY ST,2954357,13/06/09,Sat,1200,EA,BN14,129A ,M,R,W,O ,F , ,N,C,50,0,0,0,,,1749098,5424327,-41.31875068,174.7814059
Wellington City,MANSFIELD ST,, ,I,ROY ST,2955921,25/09/09,Fri,730,DA,CW2CCC,358A ,MM,R,W,O ,F ,T,G,R,50,0,0,0,,,1749108,5424278,-41.31918999,174.7815373
Wellington City,MARINE PARADE,30,N, ,FERRY ST,2913500,16/11/09,Mon,1230,MC,MN1V,372B ,,E,D,B ,F , ,N,P,50,0,1,0,,,1753099,5424212,-41.31903641,174.8292153
Wellington City,MARINE PARADE,20,N, ,PINELANDS AVENUE,2911686,20/01/09,Tue,1951,DA,CN1,111A ,KP,M,D,O ,F , ,N,C,50,0,0,2,,,1753105,5424205,-41.3190983,174.8292887
Wellington City,MARION ST,50,S, ,GHUZNEE ST,2952674,19/04/09,Sun,1200,MO,CE1C,372A 386A ,M,R,D,DO,F , ,N,C,50,0,0,0,,,1748748,5427081,-41.2940199,174.7765527
Wellington City,MARION ST,100,S, ,GHUZNEE ST,2954667,21/08/09,Fri,1445,MF,CS1C,371B ,,R,D,B ,F , ,N,C,50,0,0,0,,,1748727,5427035,-41.29443792,174.7763132
Wellington City,MARK AVENUE,20,E, ,TANIA WAY,2951976,11/03/09,Wed,125,EA,TW1CC,137A ,MM,R,D,DO,F , ,N,N,50,0,0,0,,,1752282,5436070,-41.21243023,174.8164964
Wellington City,MARK AVENUE,, ,I,TANIA WAY,2952770,2/05/09,Sat,1737,DB,CS1C,111A 402A ,M,M,D,TF,F ,T,N,C,50,0,0,0,,,1752264,5436077,-41.21237059,174.8162801
Wellington City,MARSDEN AVENUE,100,W, ,LANCASTER ST,2912610,8/04/09,Wed,1525,EA,TE1C,129A ,Q,R,D,O ,F , ,N,N,50,0,0,1,,,1746210,5428300,-41.28350825,174.7459613
Wellington City,MARTIN SQUARE,5,E, ,TARANAKI ST,2950412,29/01/09,Thu,1100,MG,VE14,371B ,,R,D,O ,F ,T,N,R,50,0,0,0,,,1748707,5426711,-41.29735872,174.7761536
Wellington City,MASSEY ROAD,480,N, ,FORT BALLANCE ROAD,2956112,27/09/09,Sun,1936,DA,CS1,111A 332A 402A ,C,S,D,DN,FS, ,N,C,50,0,0,0,,,1753493,5427532,-41.28907109,174.8330829
Wellington City,MASSEY ROAD,360,N, ,FORTIFICATION ROAD,2956636,13/12/09,Sun,55,DA,CS1,134A 402A ,Z,E,W,DN,L , ,N,C,50,0,0,0,,,1753671,5426675,-41.29675293,174.835424
Wellington City,MASSEY ROAD,650,N, ,SHELLY BAY ROAD,2956994,25/12/09,Fri,100,DA,CS1,101A 111A 410A 517A ,,M,D,DN,F , ,N,C,50,0,0,0,,,1752821,5427827,-41.28654264,174.8249875
Wellington City,MAY ST,40,E, ,MOLESWORTH ST,2955799,7/09/09,Mon,1358,MF,CE1V,371B ,,R,D,B ,F , ,N,N,50,0,0,0,,,1748948,5429340,-41.27364423,174.7783878
Wellington City,MCCOLL ST,, ,I,KRULL ST,2954672,8/07/09,Wed,930,LB,VN14,303B ,,R,D,O ,L ,T,N,C,50,0,0,0,,,1748106,5424884,-41.31391855,174.7694233
Wellington City,MEDWAY ST,, ,I,LEITH AVENUE,2913511,20/11/09,Fri,844,BC,SE1C,111A ,,M,D,B ,F ,Y,N,C,50,0,0,1,,10,1748224,5422572,-41.33471278,174.7713963
Wellington City,MEIN ST,15,E, ,DANIELL ST,2955061,11/06/09,Thu,1000,EA,VE1C,129A ,M,R,D,O ,F , ,N,C,40,0,0,0,,,1749145,5425241,-41.31051289,174.781743
Wellington City,MEIN ST,150,E, ,RIDDIFORD ST,2953308,12/05/09,Tue,1245,JA,CE1V,308B 353B 926 ,,R,D,B ,F ,D,N,C,50,0,0,0,,,1749064,5425225,-41.31067192,174.7807797
Wellington City,MELROSE ROAD,40,S, ,ALBERT ST,2911538,21/02/09,Sat,108,DB,CE1,103A 111A 358A ,F,M,W,DN,L , ,N,R,50,0,1,2,,,1748719,5422174,-41.33820494,174.7774066
Wellington City,MERCER ST,, ,I,VICTORIA ST,2953953,27/05/09,Wed,843,FE,4E1C,181A ,,R,W,O ,L ,T,T,C,50,0,0,0,,,1748724,5427694,-41.28850521,174.7761164
Wellington City,MERCER ST,20,E, ,WILLIS ST,2953638,2/06/09,Tue,1800,MF,CE1V,371B ,,E,D,TN,F , ,N,N,50,0,0,0,,,1748671,5427719,-41.28828988,174.7754777
Wellington City,MERSEY ST,, ,I,DERWENT ST,2956616,25/11/09,Wed,1932,DB,CS2CC,358A 402A ,M,R,D,TF,F ,T,N,P,50,0,0,0,,,1748207,5422327,-41.33692174,174.771253
Wellington City,MIDDLETON ROAD,20,N, ,GLENSIDE ROAD,2913678,13/12/09,Sun,1425,EA,CN1C,129A 330A 507A ,M,E,D,O ,FS, ,N,C,50,0,0,1,,,1751913,5436835,-41.20561196,174.8119068
Wellington City,MIDDLETON ROAD,150,S, ,HALSWATER DRIVE,2955793,13/11/09,Fri,1214,DA,CN1,130A 332A ,CK,E,D,B ,F , ,N,C,50,0,0,0,,,1751927,5436444,-41.20912967,174.8121709
Wellington City,MIDDLETON ROAD,460,N, ,ROWELLS ROAD,2951840,17/04/09,Fri,312,DB,CS1,101A 111A ,F,E,D,DN,F , ,N,C,80,0,0,0,,,1752627,5437506,-41.19943643,174.8202513
Wellington City,MIDDLETON ROAD,80,N, ,SILVERBIRCH GROVE,2911459,18/02/09,Wed,1530,DB,MN1,132A 402A ,,E,D,B ,F , ,N,C,50,0,0,1,,,1751832,5435884,-41.21418939,174.8111774
Wellington City,MIDDLETON ROAD,, ,I,WESTCHESTER DRIVE EAST,2912675,3/08/09,Mon,1556,JA,CN1T,302B 613B ,,R,D,B ,F ,T,G,P,50,0,0,1,,,1752251,5437033,-41.20376581,174.815887
Wellington City,MIDDLETON ROAD,600,S, ,WILLOWBANK ROAD,2911275,4/03/09,Wed,800,FA,SS1S,181A 191B ,,R,D,B ,F , ,N,C,70,0,0,2,,33,1753118,5438108,-41.19392373,174.8259535
Wellington City,MIRAMAR AVENUE,50,W, ,HOBART ST,2954263,23/07/09,Thu,1525,MO,CW1V,371A 645A 440B 645B 930 ,M,R,W,O ,H ,D,N,R,50,0,0,0,,,1751993,5424554,-41.31616653,174.8159218
Wellington City,MIRAMAR AVENUE,, ,I,HOBART ST,2912750,21/07/09,Tue,830,HA,CN2P,302A 352A 375A ,,R,D,O ,F ,R,G,R,50,0,0,1,,,1752041,5424518,-41.31648159,174.816504
Wellington City,MIRAMAR AVENUE,10,E, ,PARK ROAD,2954754,30/07/09,Thu,1500,MO,CE1C,371A 370B 927 ,,R,D,B ,F ,D,N,C,50,0,0,0,,,1752026,5424535,-41.31633137,174.8163206
Wellington City,MIRAMAR AVENUE,20,E, ,PARK ROAD,2912789,21/08/09,Fri,1815,NA,CS1E,370A 712B 713B 839 926 ,,R,D,DO,F ,D,N,N,50,0,1,0,8,,1752035,5424530,-41.31637469,174.8164293
Wellington City,MIRAMAR AVENUE,25,W, ,PARK ROAD,2912330,2/05/09,Sat,1750,MD,CW1C,371B 929 ,,R,D,TO,F ,D,N,R,50,0,0,1,,,1751996,5424552,-41.31618397,174.8159581
Wellington City,MIRAMAR AVENUE,50,E, ,STONE ST,2953467,3/04/09,Fri,1850,KA,CE1C,353B 370B 927 ,,R,D,O ,F ,D,N,R,50,0,0,0,,,1751993,5424554,-41.31616653,174.8159218
Wellington City,MIRAMAR AVENUE,40,W, ,STONE ST,2955891,27/03/09,Fri,1230,KB,CE1C,308B 927 ,,R,D,O ,F ,D,N,C,50,0,0,0,,,1751915,5424600,-41.31576707,174.8149788
Wellington City,MIRAMAR AVENUE,100,W, ,STONE ST,2957144,11/12/09,Fri,2300,EC,CE1,103A 341A 602A ,IS,R,D,DO,FS, ,N,R,50,0,0,0,,,1751863,5424630,-41.31550677,174.8143504
Wellington City,MIRAMAR AVENUE,100,E, ,TAUHINU ROAD,2955943,28/11/09,Sat,1724,KB,VW1C,308B 375B 925 ,,R,D,O ,F ,D,N,P,50,0,0,0,,,1751869,5424627,-41.31553265,174.8144228
Wellington City,MIRAMAR AVENUE,200,E, ,TAUHINU ROAD,2911468,4/02/09,Wed,1838,LB,SE1C,303B 402B 922 ,,R,D,O ,F ,D,N,N,50,0,0,1,,39,1751955,5424576,-41.31597562,174.8154625
Wellington City,MIRAMAR AVENUE,, ,I,TAUHINU ROAD,2913567,9/12/09,Wed,738,JA,SE1C,302B 375B ,,R,D,O ,F ,R,G,R,50,0,0,1,,59,1751782,5424678,-41.31508986,174.8133711
Wellington City,MIRAMAR NORTH ROAD,200,N, ,WEKA ST,2953639,1/08/09,Sat,1010,EA,CN1C,385A ,M,R,D,O ,F , ,N,C,50,0,0,0,,,1752671,5426015,-41.30288482,174.8236515
Wellington City,MOA POINT ROAD,100,E, ,COCHRANE ST,2955885,27/09/09,Sun,630,DA,CE1,103A 111A ,F,M,D,O ,F , ,N,P,50,0,0,0,,,1751030,5423187,-41.32865488,174.8047615
Wellington City,MOA POINT ROAD,40,E, ,TIRANGI ROAD,2913270,13/11/09,Fri,1350,NA,CW1E,105B 711B 712B ,,R,D,B ,F , ,N,C,50,0,0,1,31,,1750823,5423257,-41.32806341,174.8022718
Wellington City,MOLESWORTH ST,30,N, ,AITKEN ST,2950894,29/01/09,Thu,1425,AA,BN1X,158A 372A ,,R,D,O ,F , ,N,C,50,0,0,0,,,1748890,5429002,-41.2766981,174.7777782
Wellington City,MOLESWORTH ST,, ,I,AITKEN ST,2911721,2/03/09,Mon,1133,NF,XN1E,307A 671A ,,R,D,B ,F ,X,T,C,50,0,0,1,58,,1748889,5428972,-41.27696838,174.7777736
Wellington City,MOLESWORTH ST,100,N, ,HAWKESTONE ST,2950610,21/02/09,Sat,1155,MO,CN1C,371A 927 ,,R,D,B ,F ,D,N,C,50,0,0,0,,,1748905,5429292,-41.27408433,174.7778864
Wellington City,MOLESWORTH ST,50,S, ,HAWKESTONE ST,2953939,7/08/09,Fri,1345,GD,BN1C,181A 927 ,,R,D,B ,F ,D,N,C,50,0,0,0,,,1748897,5429142,-41.27543632,174.7778275
Wellington City,MOLESWORTH ST,, ,I,HILL ST,2912625,10/07/09,Fri,702,HA,TE2C,108A 322A ,,R,D,DO,F ,X,T,C,50,0,0,1,,,1748889,5428972,-41.27696838,174.7777736
Wellington City,MOLESWORTH ST,20,N, ,PIPITEA ST,2951489,26/02/09,Thu,1646,MO,CN1C,427A ,M,R,D,O ,F , ,N,C,50,0,0,0,,,1748898,5429159,-41.27528308,174.7778353
Wellington City,MOLESWORTH ST,200,S, ,TINAKORI ROAD,2956064,30/07/09,Thu,805,MA,BN1C,372A 373A 387A ,,R,D,O ,F , ,N,C,50,0,0,0,,,1748909,5429367,-41.27340833,174.7779158
Wellington City,MONORGAN ROAD,100,S, ,BROADWAY,2951043,10/02/09,Tue,1526,GA,CN1C,333A 350A 929 ,H,R,D,O ,F ,D,N,C,50,0,0,0,,,1752146,5423454,-41.32604119,174.8180241
Wellington City,MONORGAN ROAD,, ,I,BROADWAY,2912247,4/06/09,Thu,1645,KA,MW2C,301B ,,R,D,O ,F ,X,S,C,50,0,0,1,,,1752143,5423554,-41.32514144,174.8179633
Wellington City,MOOREFIELD ROAD,, ,I,BRODERICK ROAD,2912628,18/07/09,Sat,2310,LB,CS1C,303B 382B ,,R,D,DO,F ,X,T,C,50,0,0,2,,,1751177,5434767,-41.22436882,174.8036441
Wellington City,MOOREFIELD ROAD,40,N, ,FRANKMOORE AVENUE,2912671,3/08/09,Mon,900,FC,4S1C,331A 352A ,,R,D,B ,F , ,N,C,50,0,0,1,,,1751408,5435024,-41.22201175,174.806335
Wellington City,MOOREFIELD ROAD,50,S, ,FRANKMOORE AVENUE,2952988,19/06/09,Fri,710,CA,CW1,645A ,G,R,D,B ,FF, ,N,X,50,0,0,0,,,1751340,5434966,-41.22254667,174.8055385
Wellington City,MOOREFIELD ROAD,50,N, ,HAUMIA ST,2954472,15/06/09,Mon,1513,MO,CW1C,371A 353B 929 ,,R,D,B ,F ,D,N,C,50,0,0,0,,,1750919,5434259,-41.22899072,174.8006929
Wellington City,MOOREFIELD ROAD,40,W, ,JOHNSONVILLE ROAD,2951634,15/03/09,Sun,2048,LB,4W1C,145A 303B 387B 922 ,,R,D,DO,F ,D,N,C,50,0,0,0,,,1751450,5435051,-41.2217608,174.8068292