TLA NAME,CRASH ROAD,CRASH DIST,CRASH DIRN,INTSN,SIDE ROAD,CRASH ID,CRASH DATE,CRASH DOW,CRASH TIME,MVMT,VEHICLES,CAUSES,OBJECTS STRUCK,ROAD CURVE,ROAD WET,LIGHT,WTHRa,JUNC TYPE,TRAF CTRL,ROAD MARK,SPD LIM,CRASH FATAL CNT,CRASH SEV CNT,CRASH MIN CNT,PERS AGE1,PERS AGE2,EASTING,NORTHING,latitude,longitude
Wellington City,MOOREFIELD ROAD,, ,I,JOHNSONVILLE ROAD,2912778,13/08/09,Thu,1655,LB,VN2P,302A ,,E,D,B ,F ,R,G,R,50,0,0,1,,,1751500,5435050,-41.22176044,174.8074257
Wellington City,MOOREFIELD ROAD,, ,I,JOHNSONVILLE ROAD,2953914,27/04/09,Mon,1745,HA,CS1C,302A ,,E,W,TO,L ,R,G,R,50,0,0,0,,,1751503,5435082,-41.22147177,174.8074535
Wellington City,MOOREFIELD ROAD,, ,I,MIDDLETON ROAD,2954159,14/07/09,Tue,1445,HA,CS2C,302A ,,E,W,O ,H ,R,G,R,50,0,0,0,,,1751531,5435191,-41.22048516,174.8077603
Wellington City,MOOREFIELD ROAD,100,N, ,TRAFALGAR ST,2952013,21/01/09,Wed,1500,GB,CN14,158A 927 ,,R,D,O ,F ,D,N,C,50,0,0,0,,,1751458,5435057,-41.22170528,174.8069231
Wellington City,MOOREFIELD ROAD,, ,I,WANAKA ST,2913225,23/08/09,Sun,1100,GA,CS1C,181A 191B ,,R,D,O ,F ,T,G,C,50,0,0,1,,,1751266,5434901,-41.22314573,174.8046722
Wellington City,MORGAN ST,50,N, ,IRONSIDE ROAD,2956275,19/11/09,Thu,903,MO,CS14,371A 371B 920 ,,R,D,B ,F ,D,N,C,50,0,0,0,,,1751384,5435287,-41.21964834,174.8059837
Wellington City,MOUNT ALBERT ROAD,200,S, ,LAVAUD ST,2950931,6/05/09,Wed,600,BD,CS14,120A 129B 901 ,,M,W,O ,H , ,N,C,50,0,0,0,,,1748930,5423587,-41.32544422,174.7795809
Wellington City,MOUNT ALBERT ROAD,660,S, ,LAVAUD ST,2950874,6/04/09,Mon,30,DA,CN1,103A ,P,M,D,DO,F , ,N,C,50,0,0,0,,,1748892,5423260,-41.32839534,174.7792071
Wellington City,MOUNT ALBERT ROAD,20,N, ,VOLGA ST,2952603,29/04/09,Wed,857,BC,CS1T,111A 132A ,,S,W,B ,F , ,N,C,50,0,0,0,,,1748955,5423264,-41.32834769,174.7799586
Wellington City,MOUNT ALBERT ROAD,100,W, ,VOLGA ST,2954522,22/08/09,Sat,1853,BD,XS1C,121A 123B ,,S,D,DO,F , ,N,C,50,0,0,0,,,1748890,5423273,-41.32827867,174.77918
Wellington City,MOXHAM AVENUE,40,S, ,GOA ST,2913107,18/09/09,Fri,2205,EA,CN1CCC,102A 112A ,CHM,R,W,DO,F , ,N,C,50,0,0,1,,,1750035,5425365,-41.30923144,174.7923397
Wellington City,MOXHAM AVENUE,80,S, ,TAPIRI ST,2953214,4/05/09,Mon,1524,EA,4N1CC,386A ,MM,R,D,B ,F , ,N,C,50,0,0,0,,,1750111,5425643,-41.30671438,174.7931786
Wellington City,MOXHAM AVENUE,, ,I,WAITOA ROAD,2951050,26/02/09,Thu,915,EA,4N1C,386A ,M,E,D,B ,F ,X,G,C,50,0,0,0,,,1750204,5425936,-41.30405909,174.7942167
Wellington City,MULGRAVE ST,, ,I,PIPITEA ST,2950433,17/01/09,Sat,1400,GC,TS1C,171B 372B ,,R,D,O ,F ,X,T,C,50,0,0,0,,,1749061,5429129,-41.27552312,174.779788
Wellington City,MULGRAVE ST,, ,I,THORNDON ST,2951772,10/04/09,Fri,30,KB,VS1X,303B 920 ,,E,D,DO,F ,D,T,C,50,0,0,0,,,1749083,5428834,-41.27817507,174.7801227
Wellington City,MURPHY ST,30,N, ,LITTLE PIPITEA ST,2952607,17/05/09,Sun,128,DB,CS1,101A 927 ,X,R,D,DO,F ,D,N,N,50,0,0,0,,,1749026,5429212,-41.27478229,174.77935
Wellington City,MURPHY ST,50,E, ,MURPHY OFF SBD,2952441,3/04/09,Fri,1705,FC,CS1C,331A ,,R,D,B ,F , ,N,R,50,0,0,0,,,1748949,5429399,-41.27311284,174.7783853
Wellington City,MURPHY ST,, ,I,PIPITEA ST,2953448,10/06/09,Wed,1423,GC,CS1C,174B ,,R,W,O ,L ,X,T,C,50,0,0,0,,,1749061,5429129,-41.27552312,174.779788
Wellington City,MURPHY ST,10,S, ,TURNBULL ST,2955916,11/09/09,Fri,1524,FA,CS1C,331A 353A ,,R,W,O ,L ,T,T,C,50,0,0,0,,,1749000,5429274,-41.27422887,174.7790245
Wellington City,NAIRN ST,20,S, ,HANKEY ST,2952273,28/03/09,Sat,1001,BA,CS1C,205A 400A ,,R,D,B ,F , ,N,C,50,0,0,0,,,1748208,5426367,-41.3005477,174.7702801
Wellington City,NEVAY ROAD,300,S, ,TOTARA ROAD,2912025,30/04/09,Thu,840,BD,BS1C,120A 191B 818 ,,M,W,O ,F , ,N,C,50,0,0,1,,,1753126,5425664,-41.30595872,174.8291721
Wellington City,NEWLANDS OFF NBD,250,N, ,SH 1N,2957156,28/11/09,Sat,2315,DA,CN1,102A 131A ,P,M,W,DO,L , ,N,N,80,0,0,0,,,1751470,5433786,-41.23314635,174.8073814
Wellington City,NEWLANDS OFF SBD,80,S, ,JOHNSONVILLE ON SBD,2956977,22/11/09,Sun,955,DB,CS1,131A 423A ,I,M,D,O ,F , ,N,R,80,0,0,0,,,1751723,5433986,-41.23129826,174.8103491
Wellington City,NEWLANDS ROAD,100,N, ,BLACK ROCK ROAD,2952418,20/04/09,Mon,1810,EA,CS1C,358A 370A ,M,E,D,DO,F , ,N,C,50,0,0,0,,,1752457,5434388,-41.22754092,174.8190026
Wellington City,NEWLANDS ROAD,400,N, ,BLACK ROCK ROAD,2954011,4/08/09,Tue,2100,EA,VN1C,350A 410A ,M,E,W,DO,L , ,N,C,50,0,0,0,,,1752554,5434668,-41.2250017,174.8200894
Wellington City,NEWLANDS ROAD,80,S, ,BRACKEN ROAD,2953714,29/06/09,Mon,1457,EA,BS1C,129A 386A ,M,R,W,O ,L , ,N,C,50,0,0,0,,,1752787,5434802,-41.22375129,174.8228344
Wellington City,NEWLANDS ROAD,, ,I,HURRING PLACE,2953207,3/06/09,Wed,1640,LB,CW1C,303B 382B ,,R,D,O ,F ,T,G,C,50,0,0,0,,,1751945,5433974,-41.23136463,174.8129997
Wellington City,NEWLANDS ROAD,200,E, ,NEWLANDS ON SBD,2950744,16/02/09,Mon,1655,EA,XE1C,330A 387A ,M,R,W,O ,H , ,N,C,50,0,0,0,,,1752042,5434020,-41.23093225,174.8141451
Wellington City,NEWLANDS ROAD,20,N, ,STELLA GROVE,2951286,18/02/09,Wed,1710,MC,CN1C,381B ,,R,D,B ,F , ,N,C,50,0,0,0,,,1752501,5434561,-41.22597505,174.8194841
Wellington City,NEWLANDS ROAD,10,N, ,WAKELY ROAD,2956577,1/12/09,Tue,1508,FB,4E1C,181A 191B 929 ,,E,D,B ,F ,D,N,P,50,0,0,0,,,1752370,5434136,-41.22982615,174.8180279
Wellington City,NEWLANDS ROAD,50,W, ,WAKELY ROAD,2953287,30/06/09,Tue,1110,EA,TE1C,350A ,M,R,W,O ,L , ,N,C,50,0,0,0,,,1752317,5434128,-41.22990815,174.8173979
Wellington City,NEWLANDS ROAD,50,W, ,WAKELY ROAD,2912566,15/07/09,Wed,1720,FD,4E1C,181A ,,E,D,DO,F , ,N,C,50,0,0,2,,,1752317,5434128,-41.22990815,174.8173979
Wellington City,NGAIO GORGE ROAD,100,W, ,KAIWHARAWHARA ROAD,2912334,21/07/09,Tue,1615,DB,MW1,130A 903 ,,M,D,O ,FS, ,N,C,50,0,0,1,,,1749002,5431252,-41.25641963,174.7785649
Wellington City,NGAIO GORGE ROAD,, ,I,KENYA ST,2956168,14/11/09,Sat,1434,DA,CW1,358A ,FS,E,D,B ,F ,T,N,C,50,0,0,0,,,1748383,5431323,-41.25589426,174.7711623
Wellington City,NGAIO GORGE ROAD,450,E, ,PERTH ST,2913318,11/11/09,Wed,1555,DB,CW1,111A 193A 817 ,C,E,W,O ,F , ,N,L,50,0,0,1,,,1748774,5431259,-41.25639861,174.775843
Wellington City,NGAIO GORGE ROAD,200,E, ,TRELISSICK CRESCENT,2956965,19/12/09,Sat,1645,BF,4W1C,111A 135A 801 ,,M,W,O ,L , ,N,L,50,0,0,0,,,1748570,5431186,-41.25709339,174.7734268
Wellington City,NGAURANGA ON NBD,100,E, ,HUTT ROAD N,2956538,10/12/09,Thu,1825,AA,CS1C,386A ,,S,D,O ,F , ,N,C,100,0,0,0,,,1752179,5432311,-41.24629318,174.816205
Wellington City,NORMANBY ST,40,E, ,RIDDIFORD ST,2952660,4/04/09,Sat,1135,EA,TE1C,353A 386A ,M,R,D,B ,F , ,N,C,50,0,0,0,,,1749045,5424765,-41.31481699,174.7806656
Wellington City,NORTHLAND ROAD,20,E, ,FARM ROAD,2950890,19/03/09,Thu,1955,MA,CE1B,373B ,,E,D,TO,F , ,N,C,50,0,0,0,,,1747154,5428304,-41.28330075,174.757228
Wellington City,NORTHLAND ROAD,, ,I,FARM ROAD,2956997,22/12/09,Tue,1650,JC,CW1C,302A 330A 402A ,,E,D,B ,F ,T,G,C,50,0,0,0,,,1747138,5428294,-41.2833937,174.7570395
Wellington City,NORTHLAND ROAD,60,N, ,RANDWICK ROAD,2952066,4/02/09,Wed,1255,EA,BN14C,331A 387A 407A ,M,E,W,O ,L , ,N,C,50,0,0,0,,,1747241,5428382,-41.28258261,174.7582476
Wellington City,NORTHLAND ROAD,, ,I,RANDWICK ROAD,2953713,28/06/09,Sun,919,MO,CN1C,423A ,FMT,M,D,O ,M ,Y,S,C,50,0,0,0,,,1747242,5428324,-41.28310464,174.7582736
Wellington City,NORTHLAND ROAD,60,E, ,WOBURN ROAD,2956032,22/10/09,Thu,1450,GA,VE1C,331A 929 ,F,E,D,B ,F ,D,N,C,50,0,0,0,,,1747307,5428491,-41.28158919,174.759009
Wellington City,NORTHLAND TUNNEL ROAD,, ,I,PUTNAM LINK ROAD,2913729,19/12/09,Sat,1100,JA,MS1C,301B 837 ,,E,D,B ,F ,T,S,C,50,0,0,1,,,1746969,5428129,-41.28491007,174.7550621
Wellington City,OHARIU VALLEY ROAD,150,N, ,CORTINA AVENUE,2913676,6/12/09,Sun,1428,BC,CW1T,121A 132A 351A 402A ,C,M,D,O ,F , ,N,L,50,0,0,1,,,1750544,5435956,-41.21378173,174.7958026
Wellington City,OHARIU VALLEY ROAD,550,N, ,CORTINA AVENUE,2953307,12/05/09,Tue,2300,DA,4S1,195A ,CT,S,D,DO,F , ,N,C,50,0,0,0,,,1750444,5436208,-41.21153144,174.7945482
Wellington City,OHARIU VALLEY ROAD,1000,W, ,RIFLE RANGE ROAD,2954769,14/08/09,Fri,52,DA,CW1,111A 430A ,F,M,D,DN,F , ,N,C,50,0,0,0,,,1749050,5437317,-41.20180436,174.7776575
Wellington City,OHIRO ROAD,10,S, ,ARO ST,2950435,12/01/09,Mon,2250,DB,CN1CC,131A ,MM,E,D,DN,F ,T,N,N,50,0,0,0,,,1748156,5426872,-41.2960105,174.7695363
Wellington City,OHIRO ROAD,180,S, ,ARO ST,2954327,18/06/09,Thu,1720,MO,TN1C,386A ,Q,E,D,TO,F , ,N,C,50,0,0,0,,,1748091,5426721,-41.29738196,174.7687971
Wellington City,OHIRO ROAD,30,E, ,MAARAMA CRESCENT,2955203,3/09/09,Thu,650,BC,CN1XC,121A 137A ,M,M,D,B ,F , ,N,C,50,0,0,0,,,1748067,5426710,-41.2974854,174.7685132
Wellington City,OHIRO ROAD,50,S, ,MAARAMA CRESCENT,2951034,27/02/09,Fri,925,BF,MN1CS,111A 514A ,K,M,D,B ,F , ,N,C,50,0,0,0,,,1748014,5426663,-41.29791828,174.7678919
Wellington City,OHIRO ROAD,100,S, ,MAARAMA CRESCENT,2912687,8/08/09,Sat,1900,DA,CN1,111A 132A ,CT,M,D,DO,F , ,N,C,50,0,1,0,,,1747991,5426618,-41.29832766,174.7676283
Wellington City,OHIRO ROAD,, ,I,MCKINLEY CRESCENT,2912154,14/05/09,Thu,1313,GB,SS1C,157A 158A 372B ,,R,D,B ,F ,T,G,C,50,0,0,1,,21,1747596,5425718,-41.30650314,174.7631308
Wellington City,OHIRO ROAD,, ,I,TAFT ST,2956321,5/12/09,Sat,852,JA,CS1C,302B 378B 839 ,,R,D,O ,F ,X,G,C,50,0,0,0,,,1747551,5425478,-41.30867221,174.7626517
Wellington City,OHIRO ROAD,, ,I,TANERA CRESCENT,2956980,8/11/09,Sun,2056,GE,CN1C,150A 402A 193B 402B ,,R,D,DO,F ,Y,N,C,50,0,0,0,,,1747783,5426342,-41.30085074,174.765212
Wellington City,OLD PORIRUA ROAD,200,W, ,KAIWHARAWHARA ROAD,2956901,28/11/09,Sat,1640,BD,CE1C,129A 129B 818 ,,S,D,B ,F , ,N,N,50,0,0,0,,,1749496,5431122,-41.25749886,174.7844907
Wellington City,ONEPU ROAD,30,N, ,COCKBURN ST,2952059,19/03/09,Thu,1043,GO,CN1B,380A 926 ,,M,D,B ,F ,D,N,C,50,0,0,0,,,1750264,5423996,-41.32151436,174.7954124
Wellington City,ONEPU ROAD,, ,I,ENDEAVOUR ST,2950609,10/01/09,Sat,1151,JA,CS1C,301B 386B ,,M,W,O ,H ,X,S,P,50,0,0,0,,,1750257,5423826,-41.32304622,174.7953708
Wellington City,ONEPU ROAD,, ,I,EVANS BAY PARADE,2952419,24/04/09,Fri,1244,LB,CS2C,303B ,P,R,D,O ,F ,X,T,P,50,0,0,0,,,1750348,5424370,-41.31813146,174.7963231
Wellington City,ONEPU ROAD,20,S, ,RONGOTAI ROAD,2953917,10/01/09,Sat,1415,JA,4S1C,120A 150A 926 ,,R,D,O ,F ,D,N,C,50,0,0,0,,,1750341,5424345,-41.31835785,174.7962457
Wellington City,ONEPU ROAD,80,S, ,RONGOTAI ROAD,2912629,18/07/09,Sat,1250,FD,SN1C,331A ,,R,D,B ,F , ,N,P,50,0,0,1,,51,1750325,5424288,-41.31887402,174.7960687
Wellington City,ONEPU ROAD,, ,I,RONGOTAI ROAD,2955739,31/10/09,Sat,745,LB,CS1C,303B ,,R,D,O ,F ,X,T,C,50,0,0,0,,,1750346,5424365,-41.31817685,174.7963004
Wellington City,ONSLOW ROAD,500,N, ,HUTT ROAD,2912739,28/07/09,Tue,1940,BE,CS1C,135A 820 ,D,R,W,DO,F , ,N,C,50,0,0,1,,,1751067,5431716,-41.25185873,174.8030873
Wellington City,ONSLOW ROAD,840,N, ,HUTT ROAD,2951432,28/02/09,Sat,1835,DA,CN1,111A 135A 801 ,C,S,W,O ,L , ,N,C,50,0,0,0,,,1751177,5431708,-41.25191019,174.8044016
Wellington City,ONSLOW ROAD,20,S, ,LOHIA ST,2955737,16/10/09,Fri,50,BC,CS1X,111A 121A ,,E,W,DO,L , ,N,C,50,0,0,0,,,1751082,5431958,-41.24967711,174.8032063
Wellington City,ORIENTAL PARADE,50,E, ,BARING ST,2955707,3/09/09,Thu,820,MO,CW1M,158B ,K,R,D,B ,F , ,N,P,50,0,0,0,,,1750338,5427377,-41.29106032,174.7954607
Wellington City,ORIENTAL PARADE,50,E, ,BARING ST,2950221,7/01/09,Wed,1130,EE,SE1V,374B ,M,R,D,B ,FS, ,N,C,50,0,0,0,,,1750338,5427377,-41.29106032,174.7954607
Wellington City,ORIENTAL PARADE,50,E, ,BARING ST,2911257,25/01/09,Sun,1400,GE,ME1C,181A 193B ,,R,D,B ,F , ,N,R,50,0,0,1,,,1750338,5427377,-41.29106032,174.7954607
Wellington City,ORIENTAL PARADE,50,S, ,CABLE ST,2955985,17/09/09,Thu,1512,AC,CS1C,372A ,,R,D,B ,F , ,N,C,50,0,0,0,,,1749459,5427185,-41.2929522,174.7850149
Wellington City,ORIENTAL PARADE,100,W, ,CARLTON GORE ROAD,2952259,30/03/09,Mon,1100,ME,CE14,175B 372B ,,R,D,B ,F , ,N,P,50,0,0,0,,,1750623,5427651,-41.28854028,174.798795
Wellington City,ORIENTAL PARADE,200,N, ,GRASS ST,2956324,1/10/09,Thu,917,MC,XN1T,372B ,,E,D,B ,F , ,N,C,50,0,0,0,,,1750502,5427579,-41.28921109,174.7973684
Wellington City,ORIENTAL PARADE,150,W, ,HAY ST,2913435,14/08/09,Fri,715,CB,MW1,103A 132A ,P,E,D,B ,F , ,N,X,50,0,0,1,,,1750121,5427357,-41.29128077,174.7928752
Wellington City,ORIENTAL PARADE,200,W, ,HAY ST,2913199,29/10/09,Thu,2120,MO,CE1S,103A 141A 372A ,,R,D,DO,F , ,N,P,50,0,0,1,,4,1750077,5427381,-41.29107288,174.7923441
Wellington City,ORIENTAL PARADE,80,E, ,HERD ST,2951445,11/03/09,Wed,915,MO,XW1C,331A 353A ,,R,D,O ,F , ,N,P,50,0,0,0,,,1749670,5427320,-41.29169765,174.7875006
Wellington City,ORIENTAL PARADE,100,E, ,HERD ST,2952468,18/04/09,Sat,1432,FO,CE1C,181A ,,R,D,B ,F , ,N,C,50,0,0,0,,,1749690,5427321,-41.29168493,174.7877391
Wellington City,ORIENTAL PARADE,200,E, ,HERD ST,2953619,20/06/09,Sat,803,MF,CE1C,371B ,,R,D,O ,L , ,N,P,50,0,0,0,,,1749789,5427330,-41.29158554,174.7889187
Wellington City,ORIENTAL PARADE,220,E, ,HERD ST,2951847,18/03/09,Wed,842,MO,CE1V,158A 372B ,,E,D,B ,F , ,N,P,50,0,0,0,,,1749807,5427340,-41.29149217,174.7891311
Wellington City,ORIENTAL PARADE,350,E, ,HERD ST,2951963,22/04/09,Wed,1815,GB,4W1C,158A 929 ,,R,D,TF,F ,D,N,C,50,0,0,0,,,1749920,5427404,-41.29089497,174.7904643
Wellington City,ORIENTAL PARADE,420,E, ,HERD ST,2955093,1/08/09,Sat,149,DA,CN1C,111A 351A ,M,S,D,O ,F , ,N,R,50,0,0,0,,,1749985,5427426,-41.29068482,174.7912348
Wellington City,ORIENTAL PARADE,430,E, ,HERD ST,2953247,25/06/09,Thu,1236,MC,CE1C,372B ,,R,D,O ,F , ,N,C,50,0,0,0,,,1749995,5427426,-41.29068296,174.7913541
Wellington City,ORIENTAL PARADE,30,S, ,HERD ST,2912193,21/06/09,Sun,8,MF,CN1C,331A 352A 382B ,,E,D,DO,F , ,N,C,50,0,0,2,,,1749568,5427294,-41.29195064,174.7862894
Wellington City,ORIENTAL PARADE,10,W, ,HERD ST,2950751,19/02/09,Thu,901,AC,CW1C4,372A 386A ,,E,D,B ,F ,T,N,C,50,0,0,0,,,1749583,5427308,-41.29182181,174.786465
Wellington City,ORIENTAL PARADE,30,W, ,HERD ST,2955692,9/09/09,Wed,1117,MO,VE1VC,370A ,M,R,D,O ,F , ,N,P,50,0,0,0,,,1749568,5427294,-41.29195064,174.7862894
Wellington City,ORIENTAL PARADE,25,N, ,HOOD ST,2956068,16/10/09,Fri,1430,MO,CN1C,372A 387B ,,R,D,B ,F , ,N,C,50,0,0,0,,,1749542,5427269,-41.29218054,174.7859851
Wellington City,ORIENTAL PARADE,25,W, ,ORIENTAL TERRACE,2912440,7/07/09,Tue,1636,FC,CW1C,331A ,,E,D,O ,L , ,N,X,50,0,0,1,,,1750149,5427353,-41.29131158,174.7932104
Wellington City,ORIENTAL PARADE,200,W, ,ORIENTAL TERRACE,2951441,15/03/09,Sun,1620,MC,ME1C,151A ,,R,D,O ,F , ,N,P,50,0,0,0,,,1749992,5427426,-41.29068352,174.7913183
Wellington City,ORISSA CRESCENT,, ,I,RAJKOT TERRACE,2953440,24/06/09,Wed,800,JA,CW1C,309B 363B 645B 902 ,,M,D,B ,F ,T,N,R,50,0,0,0,,,1750563,5433343,-41.2373042,174.7966732
Wellington City,OVERTOUN TERRACE,40,S, ,HAMILTON ROAD,2950704,21/02/09,Sat,1100,EA,CN1C,385A ,M,E,D,B ,F , ,N,N,50,0,0,0,,,1750405,5425729,-41.30588534,174.7966677
Wellington City,OWEN ST,, ,I,CONSTABLE ST,2952186,1/05/09,Fri,1700,DB,CE2CC,103A ,M,R,D,O ,F ,X,T,C,40,0,0,0,,,1749365,5424965,-41.31295712,174.7844378
Wellington City,OWEN ST,, ,I,MEIN ST,2952098,5/04/09,Sun,1440,QD,CS1CCC,428A ,,R,D,O ,F ,X,G,C,50,0,0,0,,,1749300,5425272,-41.31020512,174.7835862
Wellington City,OWEN ST,, ,I,WILSON ST,2952606,24/05/09,Sun,1906,HA,CE2V,302A 335A 375A 839 901 ,,R,W,DO,H ,X,G,C,40,0,0,0,,,1749349,5425037,-41.31231184,174.784229
Wellington City,OWEN ST,, ,I,WILSON ST,2953071,8/05/09,Fri,1551,HA,CS1C,302B ,,R,D,O ,F ,X,G,C,50,0,0,0,,,1749349,5425037,-41.31231184,174.784229
Wellington City,PALLISER ROAD,100,W, ,ROSENEATH TERRACE,2950411,8/02/09,Sun,2330,EA,CW1C,385A ,M,E,D,DO,F , ,N,C,50,0,0,0,,,1750500,5427089,-41.2936231,174.7974657
Wellington City,PALLISER ROAD,150,W, ,ROSENEATH TERRACE,2951350,16/03/09,Mon,300,EA,CW1C,101A 385A ,M,E,D,DO,F , ,N,P,50,0,0,0,,,1750480,5427045,-41.29402297,174.7972378
Wellington City,PALLISER ROAD,60,E, ,WALKWAY,2913257,20/09/09,Sun,118,DB,CN1,103A 111A ,EG,M,D,DN,F , ,N,C,50,0,0,2,,,1750086,5427083,-41.2937542,174.792525
Wellington City,PALMER ST,30,W, ,WILLIS ST,2953962,11/03/09,Wed,2145,EA,CW1C,386A ,M,R,D,DO,F , ,N,N,50,0,0,0,,,1748249,5426911,-41.29564229,174.7706371
Wellington City,PALMER ST,, ,I,WILLIS ST,2955893,9/11/09,Mon,1508,CA,CE1X,137A 353A ,,R,D,O ,F ,T,N,N,50,0,0,0,,,1748277,5426898,-41.29575419,174.7709745
Wellington City,PANAMA ST,5,N, ,CUSTOMHOUSE QUAY,2954523,7/08/09,Fri,1150,MF,CE1C,371B ,,R,D,O ,F ,T,T,C,50,0,0,0,,,1748837,5428155,-41.28433379,174.7773526
Wellington City,PANAMA ST,15,E, ,FEATHERSTON ST,2954376,29/08/09,Sat,1520,MF,CE1C,331A ,,R,D,B ,F , ,N,N,50,0,0,0,,,1748784,5428179,-41.28412748,174.7767142
Wellington City,PANAMA ST,30,W, ,FEATHERSTON ST,2953629,13/03/09,Fri,1155,MA,XE1C,371B ,,R,D,O ,F ,T,N,N,30,0,0,0,,,1748743,5428198,-41.28396397,174.7762201
Wellington City,PANAMA ST,30,W, ,FEATHERSTON ST,2951549,21/03/09,Sat,1006,MA,CE1C,371B ,,R,D,B ,F , ,N,C,30,0,0,0,,,1748743,5428198,-41.28396397,174.7762201
Wellington City,PANAMA ST,, ,I,FEATHERSTON ST,2951415,14/03/09,Sat,900,MO,CS1C,371A ,,R,D,O ,F ,X,T,N,50,0,0,0,,,1748770,5428185,-41.28407604,174.7765456
Wellington City,PARATU WAY,30,E, ,SIGNALLERS GROVE,2951124,8/02/09,Sun,1500,EA,4E1C,129A 512A ,M,E,D,B ,F , ,N,N,50,0,0,0,,,1753001,5423131,-41.3287874,174.8283171
Wellington City,PARK ROAD,15,N, ,MIRAMAR/HOBART,2957126,19/10/09,Mon,1241,MO,BS1C,386A ,Q,R,D,B ,F , ,N,C,50,0,0,0,,,1752040,5424547,-41.31622069,174.8164848
Wellington City,PARK ROAD,50,S, ,ROTHERHAM TERRACE,2956532,9/12/09,Wed,1210,MO,TS1CC,371A 386A 402A ,MM,R,D,B ,F , ,N,N,50,0,0,0,,,1752316,5425023,-41.31188309,174.8196614
Wellington City,PARK ROAD,15,S, ,TAHI ST,2952352,12/05/09,Tue,1600,GC,CN1C,372B ,,R,D,O ,F ,T,N,R,50,0,0,0,,,1752075,5424635,-41.31542181,174.8168807
Wellington City,PARK ROAD,50,S, ,TAHI ST,2912281,23/06/09,Tue,1400,MC,CN1C,353A 372B ,,R,D,B ,F , ,N,C,50,0,0,2,,,1752057,5424605,-41.3156953,174.8166733
Wellington City,PARK ROAD,50,S, ,TAHI ST,2912048,16/05/09,Sat,1840,AC,CN1C,159A ,,R,W,DO,LS, ,N,C,50,0,0,1,,,1752057,5424605,-41.3156953,174.8166733
Wellington City,PATERSON ST,50,W, ,AUSTIN ST,2956042,30/10/09,Fri,847,KA,CW1C,375B 930 ,,R,W,O ,L ,D,N,N,50,0,0,0,,,1749410,5426210,-41.30173958,174.7846693
Wellington City,PEMBROKE ROAD,90,E, ,MONMOUTH WAY,2913212,5/10/09,Mon,2203,DB,CN1C,111A 130A ,,E,D,DO,F , ,N,C,50,0,0,1,,,1747703,5429723,-41.2704245,174.7634369
Wellington City,PIPITEA ST,, ,I,MULGRAVE ST,2955983,20/09/09,Sun,1540,LB,CW14,303B 353B ,,R,D,B ,F ,X,T,C,50,0,0,0,,,1749061,5429129,-41.27552312,174.779788
Wellington City,PIPITEA ST,, ,I,MURPHY ST,2951443,10/03/09,Tue,1815,LB,CW1C,303B ,,R,D,O ,F ,X,T,C,50,0,0,0,,,1749061,5429129,-41.27552312,174.779788
Wellington City,PIRIE ST,, ,I,AUSTIN ST,2951888,11/04/09,Sat,830,HA,CW1C,301B 378B 839 ,,R,D,O ,F ,X,S,C,50,0,0,0,,,1749617,5426546,-41.29867609,174.7870582
Wellington City,PIRIE ST,, ,I,AUSTIN ST,2912441,6/07/09,Mon,1440,HA,BE1C,301B 375B ,,R,D,B ,F ,X,S,C,50,0,0,1,,,1749617,5426546,-41.29867609,174.7870582
Wellington City,PIRIE ST,30,W, ,BROUGHAM ST,2955695,6/09/09,Sun,1550,EE,CW1C,363A 386A 902 ,M,R,D,B ,F , ,N,N,50,0,0,0,,,1749393,5426646,-41.29781725,174.7843594
Wellington City,PIRIE ST,, ,I,BROUGHAM ST,2913502,5/12/09,Sat,1820,HA,CW1C,113B 302B ,C,R,D,B ,F ,X,G,C,50,0,0,1,,,1749420,5426634,-41.29792029,174.7846846
Wellington City,PLUNKET ST,100,N, ,RAROA ROAD,2951155,7/03/09,Sat,2330,EA,CW1C,129A ,M,M,D,DN,F , ,N,N,50,0,0,0,,,1747327,5427675,-41.28893243,174.7594451
Wellington City,PROSPECT TERRACE,100,S, ,WOODLAND ROAD,2954394,25/07/09,Sat,2342,CB,VS1CC,101A ,,R,D,DO,F , ,N,N,50,0,0,0,,,1750844,5434898,-41.22325152,174.7996407
Wellington City,QUEBEC ST,20,S, ,MONTREAL GROVE,2913677,10/11/09,Tue,1245,MA,CS1C,373B 377B 831 839 ,,M,D,O ,F , ,N,C,50,0,0,2,,,1747579,5423870,-41.32314466,174.7633763
Wellington City,QUEENS DRIVE,, ,I,COUTTS ST,2956953,29/12/09,Tue,1218,JC,CW2C,302A 375A ,,E,W,O ,L ,T,G,P,50,0,0,0,,,1750145,5424182,-41.31986191,174.7939453
Wellington City,QUEENS DRIVE,, ,I,FREYBERG ST,2952190,2/04/09,Thu,1823,DA,CS1C,111A 131A ,M,E,D,O ,F ,Y,N,P,50,0,0,0,,,1750076,5423862,-41.32275581,174.7932002
Wellington City,QUEENS DRIVE,50,N, ,HUNGERFORD ROAD,2913079,19/07/09,Sun,309,DA,CS1,103A ,P,E,D,DO,F , ,N,C,50,0,1,2,,,1749966,5422220,-41.3375597,174.7922918
Wellington City,QUEENS DRIVE,20,S, ,HUNGERFORD ROAD,2912426,30/03/09,Mon,1740,JA,SS1C,308B 926 ,,R,D,B ,F ,D,N,C,50,0,0,1,,55,1749976,5422154,-41.33815206,174.7924275
Wellington City,QUEENS DRIVE,100,S, ,LYALL PARADE,2913285,10/11/09,Tue,1510,EC,SS1,330A 350A 903 ,X,R,D,B ,FS, ,N,P,50,0,1,0,,47,1749890,5422816,-41.33220788,174.7912368