TLA NAME,CRASH ROAD,CRASH DIST,CRASH DIRN,INTSN,SIDE ROAD,CRASH ID,CRASH DATE,CRASH DOW,CRASH TIME,MVMT,VEHICLES,CAUSES,OBJECTS STRUCK,ROAD CURVE,ROAD WET,LIGHT,WTHRa,JUNC TYPE,TRAF CTRL,ROAD MARK,SPD LIM,CRASH FATAL CNT,CRASH SEV CNT,CRASH MIN CNT,PERS AGE1,PERS AGE2,EASTING,NORTHING,latitude,longitude
Wellington City,QUEENS DRIVE,20,N, ,SLIP,2950615,12/02/09,Thu,1907,FD,CN1C,331A ,,E,W,DO,L , ,N,R,50,0,0,0,,,1749967,5422243,-41.33735244,174.792298
Wellington City,QUEENS DRIVE,, ,I,SUTHERLAND ROAD,2955915,5/10/09,Mon,1653,JA,CN1C,302B 375B ,,E,W,O ,L ,Y,G,R,50,0,0,0,,,1749842,5422709,-41.33318015,174.7906899
Wellington City,QUEENS DRIVE,15,S, ,WHA ST,2912659,30/06/09,Tue,2156,DA,CS1C,103A 111A 352A 831 ,M,M,W,DO,L ,T,N,C,50,0,0,1,,,1749992,5423516,-41.32588659,174.7922824
Wellington City,QUIGLEY ST,, ,I,ARCHBOLD ST,2955091,17/09/09,Thu,803,QD,4W2,428A ,F,R,D,O ,F ,T,N,C,50,0,0,0,,,1752282,5434861,-41.22331529,174.8167977
Wellington City,RAINE ST,30,N, ,KARORI ROAD,2952146,6/04/09,Mon,910,MO,TN1V,371A ,M,R,D,B ,F , ,N,C,50,0,0,0,,,1745581,5428242,-41.28414412,174.7384673
Wellington City,RANGOON ST,30,E, ,BURMA ROAD,2913501,8/11/09,Sun,810,CB,CE1,103A 410A ,C,R,D,O ,F , ,N,C,50,0,0,1,,,1750540,5433110,-41.23940628,174.7964563
Wellington City,RANGOON ST,, ,I,GURKHA CRESCENT,2955578,13/10/09,Tue,1745,EA,TE1C,386A 443B ,M,E,D,O ,F ,T,N,N,50,0,0,0,,,1750846,5432739,-41.24268953,174.8001979
Wellington City,RANGOON ST,130,S, ,SHORTLAND ST,2951881,14/04/09,Tue,820,BB,CN1C,386A ,,S,D,B ,F , ,N,N,50,0,0,0,,,1750665,5432842,-41.24179592,174.7980134
Wellington City,RAROA CRESCENT,, ,I,NORTHLAND TUNNEL ROAD,2952184,10/04/09,Fri,1826,JA,CS1C,301B 402B ,,R,D,DF,F ,X,S,C,50,0,0,0,,,1746949,5428030,-41.28580506,174.7548472
Wellington City,RAROA CRESCENT,, ,I,NORTHLAND TUNNEL ROAD,2912274,9/05/09,Sat,1105,LB,CS1C,303B 375B ,,E,D,B ,F ,X,S,C,50,0,0,2,,,1746949,5428030,-41.28580506,174.7548472
Wellington City,RAROA ROAD,, ,I,HOLLOWAY ROAD,2951831,23/03/09,Mon,1637,DA,BE2,403A ,C,E,D,O ,F ,T,G,C,50,0,0,0,,,1747452,5427169,-41.29346538,174.7610598
Wellington City,RAROA ROAD,15,N, ,NORNA CRESCENT,2953803,3/07/09,Fri,1757,BB,TN1V,386A 839 ,,E,D,DO,F , ,N,C,50,0,0,0,,,1747228,5427589,-41.28972479,174.7582841
Wellington City,RHODES ST,70,E, ,RIDDIFORD ST,2951230,6/03/09,Fri,2246,CB,CE1VOC,103A ,MM,R,W,DO,L , ,N,N,50,0,0,0,,,1749118,5424567,-41.31658617,174.7815859
Wellington City,RIDDIFORD ST,50,S, ,ADELAIDE ROAD,2956938,17/12/09,Thu,1607,FE,4N1C,181A 926 ,,R,D,O ,F ,D,N,C,50,0,0,0,,,1748842,5425559,-41.30770577,174.7780471
Wellington City,RIDDIFORD ST,100,S, ,ADELAIDE ROAD,2954743,26/07/09,Sun,1745,JA,CS1C,351A 927 ,,R,D,DO,F , ,N,L,50,0,0,0,,,1748852,5425510,-41.3081451,174.7781785
Wellington City,RIDDIFORD ST,150,S, ,ADELAIDE ROAD,2953313,1/06/09,Mon,1410,MO,CS1C,385A ,M,R,D,O ,F , ,N,P,50,0,0,0,,,1748863,5425461,-41.30858423,174.7783218
Wellington City,RIDDIFORD ST,50,N, ,CONSTABLE ST,2951214,18/02/09,Wed,1335,MA,TS1C,181A ,,R,D,B ,F , ,N,P,40,0,0,0,,,1748969,5424932,-41.31332746,174.7797171
Wellington City,RIDDIFORD ST,, ,I,CONSTABLE ST,2957157,21/12/09,Mon,1252,FE,CS14,181A ,,R,D,B ,F ,T,T,C,50,0,0,0,,,1748980,5424883,-41.3137666,174.7798605
Wellington City,RIDDIFORD ST,15,N, ,EMMETT ST,2951293,19/02/09,Thu,1757,MA,4S1C,373B 671B ,,R,D,B ,F , ,N,C,40,0,0,0,,,1748931,5425113,-41.31170487,174.779219
Wellington City,RIDDIFORD ST,30,S, ,EMMETT ST,2953411,3/02/09,Tue,1225,MO,CS1P,371A ,M,R,D,B ,F , ,N,C,40,0,0,0,,,1748940,5425069,-41.31209935,174.7793372
Wellington City,RIDDIFORD ST,, ,I,GREEN ST,2952405,24/03/09,Tue,1627,GO,4N1C,157A 386A ,,R,D,B ,F ,T,G,C,40,0,0,0,,,1748945,5425040,-41.31235953,174.7794041
Wellington City,RIDDIFORD ST,, ,I,HALL ST,2956967,9/10/09,Fri,650,HA,CN1C,322A ,,R,D,O ,L ,X,T,C,40,0,0,0,,,1748917,5425201,-41.31091515,174.7790303
Wellington City,RIDDIFORD ST,120,S, ,HOWELL AVENUE,2955796,23/08/09,Sun,1450,AO,CN1M,158A 357A 357B ,,R,D,B ,F , ,N,C,50,0,0,0,,,1748861,5425467,-41.30853058,174.7782965
Wellington City,RIDDIFORD ST,20,N, ,MEIN ST,2955887,13/10/09,Tue,1100,KA,CS1V,308B 353B 920 ,,R,D,B ,F ,D,G,C,50,0,0,0,,,1748913,5425221,-41.31073582,174.7789776
Wellington City,RIDDIFORD ST,20,S, ,MEIN ST,2913522,15/12/09,Tue,2017,FD,CS1CC,181A ,,R,D,O ,F , ,N,C,50,0,0,1,,,1748920,5425181,-41.31109467,174.779071
Wellington City,RIDDIFORD ST,, ,I,MEIN ST,2952936,20/04/09,Mon,700,HA,VN1C,322A ,,R,W,O ,L ,X,T,P,50,0,0,0,,,1748917,5425201,-41.31091515,174.7790303
Wellington City,RIDDIFORD ST,20,S, ,NEWTOWN AVENUE,2951130,24/02/09,Tue,2013,MO,CS1M,371A 385A ,M,R,D,B ,F , ,N,R,40,0,0,0,,,1748996,5424804,-41.31447491,174.7800709
Wellington City,RIDDIFORD ST,20,N, ,NORMANBY ST,2950277,21/01/09,Wed,1215,MG,CS1C,371B ,,R,D,B ,F , ,N,C,50,0,0,0,,,1749001,5424777,-41.31471708,174.7801372
Wellington City,RIDDIFORD ST,50,N, ,NORMANBY ST,2954695,12/08/09,Wed,1810,GE,MS1C,150A 924 ,,R,D,DO,F ,D,N,P,40,0,0,0,,,1748996,5424806,-41.3144569,174.7800704
Wellington City,RIDDIFORD ST,30,S, ,NORMANBY ST,2950445,24/01/09,Sat,1032,MC,CS1C,330A ,,R,D,B ,F , ,N,P,50,0,0,0,,,1749011,5424728,-41.3151564,174.7802686
Wellington City,RIDDIFORD ST,, ,I,REGINA TERRACE,2955211,22/09/09,Tue,1657,JA,CS1C,303B 314B 930 ,,R,D,O ,F ,T,G,C,50,0,0,0,,,1748891,5425323,-41.30982154,174.77869
Wellington City,RIDDIFORD ST,, ,I,REGINA TERRACE,2912382,6/05/09,Wed,725,NB,CN1E,302A 725B ,,R,W,O ,F ,T,G,P,50,0,1,0,57,,1748891,5425323,-41.30982154,174.77869
Wellington City,RIDDIFORD ST,, ,I,REGINA TERRACE,2913274,31/10/09,Sat,1120,FD,CN1C,331A ,,R,D,B ,F ,T,G,P,50,0,0,4,,,1748891,5425323,-41.30982154,174.77869
Wellington City,RIDDIFORD ST,, ,I,RINTOUL ST,2950691,27/01/09,Tue,1952,JA,CN1C,322A 334A ,,R,D,TF,F ,T,T,C,50,0,0,0,,,1748929,5425122,-41.31162421,174.7791929
Wellington City,RIDDIFORD ST,, ,I,RINTOUL ST,2954358,28/06/09,Sun,1715,FE,CN1C,331A ,,R,D,TF,F ,T,T,C,40,0,0,0,,,1748929,5425122,-41.31162421,174.7791929
Wellington City,RIDDIFORD ST,, ,I,RINTOUL ST,2955872,4/11/09,Wed,1625,FD,CS1CV,181A ,,R,D,O ,F ,T,T,C,50,0,0,0,,,1748929,5425122,-41.31162421,174.7791929
Wellington City,RIDDIFORD ST,20,S, ,WILSON ST,2952358,21/05/09,Thu,1330,EE,CN1C,374B ,Q,R,D,B ,F , ,N,C,50,0,0,0,,,1748965,5424950,-41.31316614,174.7796649
Wellington City,RIDDIFORD ST,, ,I,WILSON ST,2951613,16/03/09,Mon,1500,GA,CS1C,181A ,,R,D,O ,F ,T,N,R,50,0,0,0,,,1748961,5424969,-41.31299582,174.7796125
Wellington City,RIMU ST,40,N, ,HAMPTON HILL ROAD,2951129,9/03/09,Mon,1500,MO,CW14,385A ,M,E,D,B ,F , ,N,N,50,0,0,0,,,1752943,5441168,-41.16640643,174.8231033
Wellington City,RINTOUL ST,, ,I,BLYTHE ST,2953150,27/03/09,Fri,1540,HA,CS1C,300B 929 ,,R,D,B ,F ,D,N,C,50,0,0,0,,,1748783,5423899,-41.3226623,174.7777488
Wellington City,RINTOUL ST,, ,I,BLYTHE ST,2911911,7/04/09,Tue,2109,JA,VE2C,309A 382A ,,R,D,DO,F ,T,N,C,50,0,0,1,,,1748782,5423899,-41.32266249,174.7777368
Wellington City,RINTOUL ST,15,N, ,BRIXHAM WAY,2911535,15/02/09,Sun,1610,GE,CS1CC,160A 387A 929 ,M,R,D,B ,F ,D,N,C,50,0,0,1,,,1748830,5424711,-41.31534288,174.7781113
Wellington City,RINTOUL ST,15,N, ,COLOMBO ST,2956581,18/12/09,Fri,1600,MO,CN1C,386A ,,R,D,O ,F , ,N,C,50,0,0,0,,,1748909,5425043,-41.31233917,174.7789734
Wellington City,RINTOUL ST,50,S, ,LUXFORD ST,2951974,19/02/09,Thu,1745,MD,CS1C,308B 371B 929 ,,R,D,O ,F ,D,N,C,50,0,0,0,,,1748797,5424150,-41.32039987,174.7778545
Wellington City,RINTOUL ST,, ,I,LUXFORD ST,2950710,22/02/09,Sun,300,EA,CS1C,101A 385A ,M,R,D,DO,F ,X,S,P,50,0,0,0,,,1748800,5424200,-41.31994915,174.7778781
Wellington City,RINTOUL ST,, ,I,LUXFORD ST,2957131,19/12/09,Sat,1413,JC,CE2T,111B 124B ,,R,D,B ,F ,X,S,C,50,0,0,0,,,1748800,5424200,-41.31994915,174.7778781
Wellington City,RINTOUL ST,, ,I,LUXFORD ST,2953801,2/07/09,Thu,1735,KA,CN1X,301A ,,R,W,DO,L ,X,S,C,50,0,0,0,,,1748800,5424200,-41.31994915,174.7778781
Wellington City,RINTOUL ST,100,N, ,MILLWARD ST,2950700,4/02/09,Wed,800,EA,TS1C,385A ,M,R,D,O ,F , ,N,C,50,0,0,0,,,1748890,5424964,-41.31305394,174.7787659
Wellington City,RINTOUL ST,30,S, ,MILLWARD ST,2950886,24/04/09,Fri,1030,EA,CS1C,129A ,M,R,D,B ,F , ,N,C,50,0,0,0,,,1748859,5424838,-41.31419409,174.7784266
Wellington City,RINTOUL ST,, ,I,STOKE ST,2953736,30/04/09,Thu,1600,LA,BN1X,125A ,,R,W,O ,H ,T,N,C,50,0,0,0,,,1748853,5424815,-41.31440228,174.7783605
Wellington City,ROBERTSON ST,50,E, ,HAPPY VALLEY ROAD,2954668,10/09/09,Thu,930,MG,CE14,371B ,,R,D,B ,F , ,N,C,50,0,0,0,,,1747280,5421597,-41.34366419,174.7603563
Wellington City,ROLLESTON ST,60,W, ,WALLACE ST,2953718,23/07/09,Thu,100,QD,CN1C,611A ,M,R,D,DO,F , ,N,C,50,0,0,0,,,1748500,5426119,-41.30272688,174.7738268
Wellington City,RONGOTAI ROAD,40,E, ,BAY ROAD,2954368,26/05/09,Tue,1405,MA,TW1V,373B ,,R,D,O ,F , ,N,L,50,0,0,0,,,1750279,5424388,-41.31798227,174.7954946
Wellington City,RONGOTAI ROAD,50,E, ,CHILDERS TERRACE,2951619,9/04/09,Thu,2005,MO,CE1C,386A ,M,R,D,TO,F , ,N,C,50,0,0,0,,,1750174,5424415,-41.31775873,174.794234
Wellington City,RONGOTAI ROAD,, ,I,MAHORA ST,2953319,9/05/09,Sat,1518,FC,CW14,353A ,,R,D,O ,F ,T,G,X,50,0,0,0,,,1750445,5424343,-41.31835646,174.7974882
Wellington City,RONGOTAI ROAD,, ,I,MAHORA ST,2912155,19/05/09,Tue,820,NB,VW1E,161A 306A 377A ,,R,D,O ,F ,T,G,X,50,0,0,1,45,,1750445,5424343,-41.31835646,174.7974882
Wellington City,RONGOTAI ROAD,25,W, ,ONEPU ROAD,2950720,19/02/09,Thu,1302,GB,CW1C,158A 927 ,,R,D,B ,F ,D,N,C,50,0,0,0,,,1750325,5424376,-41.31808173,174.7960469
Wellington City,RONGOTAI ROAD,10,E, ,TE WHITI ST,2955551,12/09/09,Sat,223,EA,CW1C,103A 359A ,M,R,W,DO,L ,T,N,R,50,0,0,0,,,1750721,5424265,-41.31900719,174.8008035
Wellington City,ROSENEATH TERRACE,250,S, ,THANE ROAD,2954582,27/07/09,Mon,853,EA,CS1C,386A 402A ,M,R,D,O ,F , ,N,C,50,0,0,0,,,1750718,5426913,-41.29516701,174.8001117
Wellington City,ROSS ST,30,S, ,RONGOTAI ROAD,2911406,18/02/09,Wed,1806,HO,4S1S,377A 312B 370B ,,R,D,TF,F ,T,N,C,50,0,0,1,,9,1750533,5424286,-41.31885323,174.7985532
Wellington City,ROTHERHAM TERRACE,10,W, ,PARK ROAD,2953075,17/06/09,Wed,1519,MO,VE1C,353A 371A ,M,R,D,B ,F ,T,N,N,50,0,0,0,,,1752336,5425070,-41.31145617,174.8198885
Wellington City,ROWELLS ROAD,80,N, ,MIDDLETON ROAD,2951442,19/03/09,Thu,1024,BD,TN14,123A 129B ,,S,D,O ,F , ,N,N,50,0,0,0,,,1752525,5437122,-41.20291294,174.8191312
Wellington City,ROXBURGH ST,50,N, ,MAJORIBANKS ST,2955216,12/09/09,Sat,30,MO,CS1C,103A 410A ,M,R,W,DO,L , ,N,N,50,0,0,0,,,1749478,5427075,-41.29393906,174.7852688
Wellington City,ROXBURGH ST,50,N, ,MAJORIBANKS ST,2912052,16/01/09,Fri,1700,GE,MN1C,160A 387A 929 ,,R,D,B ,F ,D,N,C,50,0,0,1,,,1749478,5427075,-41.29393906,174.7852688
Wellington City,ROXBURGH ST,10,W, ,PRINCE ST,2953634,30/03/09,Mon,1300,EA,TE14,386A ,M,M,D,B ,F ,Y,N,N,50,0,0,0,,,1749640,5427232,-41.29249551,174.7871641
Wellington City,ROY ST,, ,I,ROMNEY SQUARE,2956486,3/12/09,Thu,1940,KB,CS1C,303B 375B 832 ,,R,D,TF,F ,T,N,C,50,0,0,0,,,1752895,5440717,-41.17047602,174.8226439
Wellington City,RUA ST,, ,I,QUEENS DRIVE,2953067,11/05/09,Mon,1838,HA,CE1C,302A ,,R,W,DO,L ,X,G,C,50,0,0,0,,,1749940,5423059,-41.33001077,174.7917741
Wellington City,RUSSELL TERRACE,30,S, ,HERALD ST,2953064,10/05/09,Sun,245,MA,CN1CC,382B ,M,R,D,DO,F , ,N,C,50,0,0,0,,,1749007,5424068,-41.32109937,174.7803826
Wellington City,RUSSELL TERRACE,, ,I,HERALD ST,2911865,22/04/09,Wed,1611,JA,VN1M,321B 514B ,,R,D,O ,F ,T,S,C,50,0,0,1,,,1749009,5424098,-41.3208289,174.7803991
Wellington City,RUSSELL TERRACE,, ,I,RIDDIFORD ST,2956066,10/10/09,Sat,1101,DB,CN1,613A ,,E,W,O ,LS,R,G,P,50,0,0,0,,,1749035,5424552,-41.31673656,174.7805984
Wellington City,RUSSELL TERRACE,, ,I,WARIPORI ST,2951349,21/03/09,Sat,910,LB,CN1C,301A ,,R,D,B ,F ,T,S,R,50,0,0,0,,,1749023,5424313,-41.31889059,174.7805136
Wellington City,SALAMANCA ROAD,, ,I,KELBURN PARADE,2953742,13/03/09,Fri,716,LA,TN2C,123A ,,M,W,O ,L ,T,G,P,50,0,0,0,,,1748148,5427897,-41.28678341,174.7691914
Wellington City,SALFORD ST,200,E, ,RUSKIN ROAD W,2954502,20/07/09,Mon,1739,DB,CS1C,133A ,M,M,D,DO,F , ,N,C,50,0,0,0,,,1752145,5434540,-41.22623114,174.815244
Wellington City,SAR ST,600,N, ,HUTT ROAD,2951185,12/02/09,Thu,428,DB,CN1,103A 121A 410A ,K,M,D,DO,F , ,N,C,50,0,0,0,,,1749445,5430548,-41.26267627,174.7840229
Wellington City,SCARBOROUGH TERRACE,15,E, ,AUSTIN ST S,2952934,7/05/09,Thu,1300,QD,CW14,612A ,M,R,D,B ,F , ,N,C,50,0,0,0,,,1749531,5426321,-41.30071779,174.7860867
Wellington City,SEFTON ST,, ,I,LENNEL ROAD,2953452,7/06/09,Sun,927,DA,CS1,108A 410A ,P,E,D,O ,F ,X,S,L,50,0,0,0,,,1748988,5430394,-41.2641472,174.7786075
Wellington City,SEVERN ST,40,N, ,FROBISHER ST,2956160,28/10/09,Wed,1544,EA,CN1T,386A 507A ,M,R,D,O ,F , ,N,C,50,0,0,0,,,1747544,5421602,-41.34357087,174.7635091
Wellington City,SEVERN ST,, ,I,FROBISHER ST,2913266,8/11/09,Sun,910,CC,CN1,358A ,F,R,D,B ,F ,T,N,C,50,0,0,1,,,1747525,5421567,-41.34388947,174.7632906
Wellington City,SH 1N KARO,, ,I,CUBA ST,2912425,3/07/09,Fri,1800,NF,CS2E,307A 718B ,,R,D,DO,F ,X,T,C,50,0,0,1,,,1748488,5426734,-41.29719197,174.7735335
Wellington City,SHANNON ST,50,S, ,MOELLER ST,2955218,12/09/09,Sat,50,CC,CS1CC,103A 120A ,M,R,W,DO,L , ,N,N,50,0,0,0,,,1749945,5427189,-41.29282605,174.7908156
Wellington City,SHELLY BAY ROAD,730,N, ,ARANUI ST,2911961,4/04/09,Sat,2155,PA,VN1E,137A 108B 500B 702B ,,R,D,DN,F , ,N,C,50,0,0,1,59,,1751911,5425670,-41.30613438,174.8146638
Wellington City,SHELLY BAY ROAD,700,S, ,RNZAF BASE GATE S,2911843,12/05/09,Tue,1845,FA,CN1S,129A ,E,E,D,DN,F , ,N,C,50,0,0,1,,25,1752149,5426303,-41.30039049,174.8173472
Wellington City,SLIP,20,S, ,VICTORIA ST,2952354,27/05/09,Wed,1430,CO,PS1V,385A ,K,R,D,O ,F , ,N,N,50,0,0,0,,,1748580,5427289,-41.29217812,174.7744964
Wellington City,SLIP,, ,I,VICTORIA ST,2953466,3/04/09,Fri,1240,MG,CS2C,371B ,,E,D,B ,F ,Y,N,C,50,0,0,0,,,1748584,5427309,-41.29199732,174.7745392
Wellington City,SLIP,20,N, ,VIVIAN ST,2951556,3/04/09,Fri,2040,MO,CS14,371A 385A ,M,R,D,DN,F , ,N,N,50,0,0,0,,,1748468,5427083,-41.29405344,174.7732096
Wellington City,SOUTH MAKARA ROAD,1850,S, ,MAKARA ROAD,2953911,14/04/09,Tue,913,GC,CN1V,193B 372B 929 ,,E,D,B ,F ,D,N,P,50,0,0,0,,,1741906,5428602,-41.28155699,174.6945168
Wellington City,SOUTHGATE ROAD,80,S, ,BUCKLEY ROAD,2956318,27/11/09,Fri,925,QD,VS1,428A 929 ,FX,E,D,B ,F ,D,N,C,50,0,0,0,,,1749133,5422810,-41.3324023,174.7821961
Wellington City,STEWART DRIVE,, ,I,FITZPATRICK ST,2911339,21/01/09,Wed,1200,BB,CE1C,124A ,,E,D,O ,F ,T,G,C,50,0,0,3,,,1752292,5435097,-41.22118862,174.8168581
Wellington City,STEWART DRIVE,5,N, ,HELSTON ROAD,2954285,23/07/09,Thu,1751,LB,CS1C,303B 382B 930 ,,R,W,DO,L ,D,N,R,50,0,0,0,,,1751816,5435046,-41.22173723,174.8111948
Wellington City,STEWART DRIVE,, ,I,PADNELL CRESCENT,2956578,2/12/09,Wed,1546,JA,CE1C,302B 353B 375B ,,R,W,O ,F ,X,G,C,50,0,0,0,,,1752362,5435056,-41.22154458,174.8177031
Wellington City,STEWART DUFF DRIVE,, ,I,ACCESS ROAD,2952840,16/06/09,Tue,850,MG,CS14,371B 684B ,,R,D,TO,F ,T,N,C,50,0,0,0,,,1751706,5422851,-41.33155303,174.8129196
Wellington City,STEWART DUFF DRIVE,20,S, ,ACCESS ROAD S,2912046,23/04/09,Thu,225,CB,CS1,112A 198A 410A ,F,R,D,DN,F , ,N,R,50,0,0,1,,,1751703,5422831,-41.33173366,174.8128887
Wellington City,STEWART DUFF DRIVE,30,S, ,BROADWAY,2952598,23/04/09,Thu,910,AC,XS1C,372A 671A ,,E,D,O ,F , ,N,C,50,0,0,0,,,1751489,5423477,-41.32595783,174.8101715
Wellington City,STEWART DUFF DRIVE,, ,I,MOA POINT ROAD,2955944,4/11/09,Wed,1630,FB,CS14,331A ,,R,D,O ,F ,T,G,C,50,0,0,0,,,1751378,5422348,-41.33614331,174.8091271
Wellington City,STOKE ST,20,W, ,RINTOUL ST,2954296,14/07/09,Tue,1920,MO,VE1CC,135A 800 ,MM,R,W,DO,L ,T,N,C,50,0,0,0,,,1748834,5424820,-41.31436077,174.7781324
Wellington City,STONE ST,40,S, ,MIRAMAR AVENUE,2912360,4/06/09,Thu,1400,DA,CS1,423A 507A 925 ,P,R,D,B ,F ,D,N,N,50,0,0,1,,,1751929,5424545,-41.31625961,174.8151598
Wellington City,STRATHMORE AVENUE,50,S, ,ACCESSWAY,2912660,22/05/09,Fri,2150,AF,CS1CV,103A 108A 110A 150A ,M,R,D,DO,F , ,N,C,50,0,0,1,,,1752406,5423078,-41.32937727,174.8212237
Wellington City,STRATHMORE AVENUE,, ,I,SIDLAW ST,2912159,12/05/09,Tue,1530,JA,CW1C,302B 375B 902 ,,E,D,B ,F ,T,G,P,50,0,1,3,,,1752405,5422870,-41.33125012,174.821264
Wellington City,SUTHERLAND ROAD,30,S, ,HORNSEY ROAD,2950703,25/02/09,Wed,835,FA,CN1C,331A ,,M,W,DO,L , ,N,N,50,0,0,0,,,1749704,5423693,-41.32434652,174.7887991
Wellington City,SUTHERLAND ROAD,, ,I,HORNSEY ROAD,2954374,26/05/09,Tue,855,JA,CN1C,301B ,,E,W,O ,L ,T,S,C,50,0,0,0,,,1749706,5423723,-41.32407605,174.7888156
Wellington City,SUTHERLAND ROAD,30,N, ,TAVISTOCK ROAD,2951249,2/02/09,Mon,1817,QD,CS1,428A ,EF,M,D,O ,F , ,N,N,50,0,0,0,,,1749707,5423578,-41.32538135,174.7888632
Wellington City,TACY ST,20,N, ,KEMP ST,2951042,10/02/09,Tue,1215,EA,CS1C,386A ,M,R,D,B ,FF, ,N,N,50,0,0,0,,,1750460,5424472,-41.31719224,174.7976354
Wellington City,TAFT ST,20,E, ,OHIRO ROAD,2955073,16/09/09,Wed,905,AO,CE1T,158A 387A 370B ,,R,D,O ,F , ,N,N,50,0,0,0,,,1747571,5425476,-41.30868655,174.762891
Wellington City,TAIAROA ST,80,N, ,TUKANAE ST,2956348,14/11/09,Sat,1908,GO,CS1V,151A 929 ,,R,D,O ,F ,D,N,N,50,0,0,0,,,1752074,5422604,-41.33370748,174.8173769
Wellington City,TAKAPU ROAD,, ,I,BING LUCAS DRIVE,2912148,17/06/09,Wed,1400,JA,CN1C,302B 375B ,,R,D,B ,F ,T,G,C,50,0,0,1,,,1753912,5439494,-41.18129465,174.8350689
Wellington City,TAKAPU ROAD,, ,I,JAMAICA DRIVE,2912679,31/07/09,Fri,820,LB,VS1C,303B 377B ,,R,D,O ,F ,T,G,C,70,0,1,1,,,1753962,5439552,-41.18076296,174.8356502
Wellington City,TAKARAU GORGE ROAD,2800,E, ,MAKARA ROAD,2956664,22/12/09,Tue,1730,BB,CN1V,102A 123A ,,S,D,B ,F , ,N,C,50,0,0,0,,,1745645,5434699,-41.22599579,174.7376894
Wellington City,TAKARAU GORGE ROAD,2000,N, ,MAKARA ROAD,2953636,9/04/09,Thu,1740,BB,VE1C,123A ,,S,D,TN,F , ,N,C,60,0,0,0,,,1745100,5434439,-41.22843469,174.7312516
Wellington City,TAKARAU GORGE ROAD,1500,S, ,RIFLE RANGE ROAD,2953286,6/03/09,Fri,2230,DA,CN1,101A 111A ,F,M,D,DN,F , ,N,N,100,0,0,0,,,1747712,5435770,-41.21597818,174.7620807
Wellington City,TAKARAU GORGE ROAD,3380,W, ,RIFLE RANGE ROAD,2951921,14/03/09,Sat,900,BD,4W1C,102A 121A 120B 818 830 ,,M,W,O ,F , ,N,C,60,0,0,0,,,1746845,5434362,-41.22881311,174.7520812
Wellington City,TARANAKI ST,10,N, ,ABEL SMITH ST,2912192,4/02/09,Wed,1613,LB,PS1C,303B 314B 377B 922 ,,R,W,O ,H ,D,N,C,50,0,0,1,,,1748725,5426764,-41.29687822,174.7763556
Wellington City,TARANAKI ST,15,S, ,ABEL SMITH ST,2912078,20/05/09,Wed,1717,NA,VS1E,711B ,,R,D,DO,F , ,N,C,50,0,0,1,,,1748715,5426741,-41.29708715,174.7762418
Wellington City,TARANAKI ST,, ,I,ABEL SMITH ST,2913317,5/11/09,Thu,1840,HA,CN1C,303B 353B 922 ,,R,D,B ,F ,T,S,P,50,0,0,1,,,1748721,5426755,-41.29695999,174.77631
Wellington City,TARANAKI ST,50,S, ,BUCKLE ST,2950426,9/02/09,Mon,1524,FD,VS1C,181A 351A ,,R,D,O ,F , ,N,C,50,0,0,0,,,1748658,5426601,-41.29835813,174.7755955
Wellington City,TARANAKI ST,, ,I,CABLE ST,2952159,22/04/09,Wed,800,FE,VN1C,331A ,,R,D,B ,F ,X,T,C,50,0,0,0,,,1749051,5427473,-41.29043466,174.7800739
Wellington City,TARANAKI ST,, ,I,CABLE ST,2954599,6/08/09,Thu,1756,GF,CS2C,122A 124B ,,R,D,TF,F ,X,T,C,50,0,0,0,,,1749051,5427473,-41.29043466,174.7800739
Wellington City,TARANAKI ST,, ,I,COURTENAY PLACE,2911510,8/03/09,Sun,46,NA,CS1E,718B ,,R,D,DO,F ,X,T,R,50,0,0,1,17,,1748949,5427248,-41.29247926,174.7789113
Wellington City,TARANAKI ST,, ,I,COURTENAY PLACE,2955069,18/02/09,Wed,2030,MG,CS1V,371B ,,R,D,TO,F ,X,T,R,50,0,0,0,,,1748949,5427248,-41.29247926,174.7789113
Wellington City,TARANAKI ST,10,S, ,DIXON ST,2954315,1/08/09,Sat,2340,MC,XN1C,372B 632B ,,R,D,DO,F ,X,T,C,50,0,0,0,,,1748945,5427239,-41.29256103,174.7788658
Wellington City,TARANAKI ST,30,S, ,GHUZNEE ST,2911720,29/03/09,Sun,2005,GD,PS1C,181A 927 ,,R,D,DO,F ,D,N,P,50,0,0,1,,,1748853,5427052,-41.29426164,174.7778133
Wellington City,TARANAKI ST,, ,I,HALLEYS LANE,2956618,24/12/09,Thu,1847,JA,CS1C,309B 375B 839 ,,R,D,B ,F ,T,N,P,50,0,0,0,,,1748973,5427304,-41.29197064,174.7791841
Wellington City,TARANAKI ST,50,S, ,HILL LANE,2912123,2/03/09,Mon,1307,NA,XS1E,370A 505B 713B ,,R,D,B ,F , ,N,C,50,0,0,1,12,,1748552,5426364,-41.30051146,174.7743879
Wellington City,TARANAKI ST,, ,I,HILL LANE,2951040,10/02/09,Tue,1850,JA,CS1C,309B ,,R,W,O ,L ,T,N,C,50,0,0,0,,,1748573,5426410,-41.30009344,174.7746273
Wellington City,TARANAKI ST,, ,I,INGLEWOOD PLACE,2913080,20/09/09,Sun,1347,LB,SN1C,303B 375B ,,R,D,B ,F ,T,N,L,50,0,0,1,,26,1748908,5427160,-41.29327912,174.7784434