TLA NAME,CRASH ROAD,CRASH DIST,CRASH DIRN,INTSN,SIDE ROAD,CRASH ID,CRASH DATE,CRASH DOW,CRASH TIME,MVMT,VEHICLES,CAUSES,OBJECTS STRUCK,ROAD CURVE,ROAD WET,LIGHT,WTHRa,JUNC TYPE,TRAF CTRL,ROAD MARK,SPD LIM,CRASH FATAL CNT,CRASH SEV CNT,CRASH MIN CNT,PERS AGE1,PERS AGE2,EASTING,NORTHING,latitude,longitude
Wellington City,TARANAKI ST,, ,I,JESSIE ST,2956622,20/11/09,Fri,1231,LB,VS1X,303B 314B 377B ,,R,D,B ,F ,T,N,P,50,0,0,0,,,1748816,5426970,-41.29500674,174.7773916
Wellington City,TARANAKI ST,20,N, ,VIVIAN ST,2953920,20/05/09,Wed,1120,EE,CN1C,374B ,Q,R,D,B ,FS,X,T,C,50,0,0,0,,,1748800,5426935,-41.29532481,174.7772091
Wellington City,TARANAKI ST,, ,I,WAKEFIELD ST,2955801,12/09/09,Sat,1235,JA,CS1C,308B 375B 922 ,,R,W,O ,L ,D,T,L,50,0,0,0,,,1749013,5427391,-41.29117995,174.7796403
Wellington City,TARANAKI ST,, ,I,WAKEFIELD ST,2953068,6/06/09,Sat,39,DB,CW2,131A 135A 691A ,S,R,D,DO,F ,M,T,R,50,0,0,0,,,1749013,5427391,-41.29117995,174.7796403
Wellington City,TARANAKI ST,10,S, ,WEBB ST,2953063,6/05/09,Wed,1530,MA,CS1B,300B 373B ,,R,W,O ,H ,T,N,C,50,0,0,0,,,1748650,5426583,-41.29852166,174.7755044
Wellington City,TARANAKI ST,15,S, ,WEBB ST,2952417,22/04/09,Wed,820,FD,OS1C,331A 352A ,,R,D,B ,F , ,N,C,50,0,0,0,,,1748648,5426579,-41.29855805,174.7754815
Wellington City,TARANAKI ST,20,S, ,WEBB ST,2950612,30/01/09,Fri,1730,AA,VS14,110A 158A 372A ,,R,D,B ,F ,T,T,C,50,0,0,0,,,1748646,5426574,-41.29860343,174.7754588
Wellington City,TARANAKI ST,150,S, ,WEBB ST,2953412,3/07/09,Fri,845,FD,VS1V,331A ,,R,W,O ,L , ,N,C,50,0,0,0,,,1748593,5426455,-41.2996846,174.7748551
Wellington City,TARANAKI ST,190,S, ,WEBB ST,2913436,2/09/09,Wed,1445,NB,VN1E,306A 376A ,,R,D,B ,F , ,N,X,50,0,1,0,59,,1748577,5426419,-41.30001167,174.7746729
Wellington City,TARANAKI ST,300,S, ,WEBB ST,2957125,22/12/09,Tue,348,EA,CS1CC,101A 330A ,MM,R,D,DO,F , ,N,C,50,0,0,0,,,1748531,5426319,-41.30092048,174.7741481
Wellington City,TARANAKI ST,, ,I,WEBB ST,2950893,12/03/09,Thu,1915,MD,CN1V,308B 371B 929 ,,R,D,DO,F ,D,T,R,50,0,0,0,,,1748654,5426592,-41.2984399,174.77555
Wellington City,TASMAN ST,40,N, ,COOMBE ST,2912428,19/05/09,Tue,700,LB,SN1C,602A 303B 926 ,,R,D,DO,F ,D,N,C,50,0,0,1,,,1748765,5426075,-41.30307421,174.7770015
Wellington City,TASMAN ST,5,N, ,HOWARD ST,2950441,21/01/09,Wed,1912,QD,CS1,610A 910 ,H,R,D,TF,F ,T,N,C,50,0,0,0,,,1748709,5425865,-41.30497525,174.7763842
Wellington City,TASMAN ST,50,S, ,RUGBY ST,2911315,5/02/09,Thu,842,FC,CN1P,181A 420A ,,R,D,B ,F , ,N,X,50,0,0,1,,,1748823,5426312,-41.30092971,174.7776361
Wellington City,TASMAN ST,60,S, ,SH 1N BUCKLE,2956738,8/12/09,Tue,1210,EA,CN1CCC,129A ,M,R,D,O ,F , ,N,C,50,0,0,0,,,1748865,5426494,-41.29928334,174.778093
Wellington City,TAURIMA ST,, ,I,MOXHAM AVENUE,2955209,20/08/09,Thu,1244,GA,CE1C,331A 380A ,,R,D,B ,F ,T,G,X,50,0,0,0,,,1750176,5425875,-41.30461351,174.7938974
Wellington City,TAWA OFF NBD,, ,I,TAKAPU ROAD,2956518,11/12/09,Fri,1002,FB,TN1C,111A 135A 807 ,,E,W,O ,F ,R,G,R,50,0,0,0,,,1753600,5439017,-41.18564844,174.8314705
Wellington City,TAWA OFF NBD,, ,I,TAKAPU ROAD,2957128,29/12/09,Tue,1500,FB,CN1C,181A ,,R,W,O ,H ,R,G,N,50,0,0,0,,,1753600,5439017,-41.18564844,174.8314705
Wellington City,TAWA OFF NBD,, ,I,TAKAPU ROAD,2952345,27/04/09,Mon,1900,FB,CN1C,331A 353A 817 ,,E,W,DO,L ,R,G,N,100,0,0,0,,,1753598,5439022,-41.1856038,174.8314454
Wellington City,TAWA OFF NBD,, ,I,TAKAPU ROAD,2911597,3/04/09,Fri,1526,FD,VN1CC,331A 351A 817 ,,M,D,O ,F ,R,G,N,50,0,0,1,,,1753607,5439004,-41.18576416,174.8315572
Wellington City,TAWA OFF SBD,, ,I,TAKAPU ROAD,2952762,13/06/09,Sat,2300,BO,CN1C,201A ,,M,W,DO,L ,X,S,N,70,0,0,0,,,1753701,5439145,-41.18447686,174.8326421
Wellington City,TAYLOR TERRACE,800,S, ,DUNCAN ST,2955102,13/09/09,Sun,37,EA,CS1CC,103A 359A ,MM,R,D,DO,F , ,N,N,50,0,0,0,,,1753323,5439416,-41.18210857,174.8280693
Wellington City,TENNYSON ST,200,W, ,CAMBRIDGE TERRACE,2953722,27/06/09,Sat,1840,MA,CW1C,386B ,,R,D,TF,F , ,N,N,50,0,0,0,,,1749094,5426993,-41.29474836,174.7807047
Wellington City,TERRACE OFF SBD,50,N, ,THE TERRACE,2911386,5/03/09,Thu,850,FD,CS1C,181A ,,M,D,O ,F , ,N,C,100,0,0,1,,,1748543,5428188,-41.28409082,174.7738354
Wellington City,THAMES ST,, ,I,CLYDE ST,2954770,10/07/09,Fri,2235,DB,CN2,122A 402A ,P,R,D,DO,F ,X,G,N,50,0,0,0,,,1748502,5422501,-41.33530085,174.7747344
Wellington City,THANE ROAD,20,S, ,ROSENEATH TERRACE,2953422,10/07/09,Fri,2212,DB,CS14,103A 111A ,M,S,D,DN,F , ,N,C,50,0,0,0,,,1750647,5427125,-41.29327156,174.7992116
Wellington City,THE DRIVE,, ,I,MAIN ROAD,2912649,27/07/09,Mon,815,HA,4S2S,302A 375A ,,E,D,O ,F ,R,G,R,50,0,0,1,,15,1753082,5440161,-41.17544661,174.825011
Wellington City,THE ESPLANADE,100,S, ,HOUGHTON BAY ROAD,2911630,29/03/09,Sun,1520,AC,CN1S,183A 370B ,,E,D,B ,F , ,N,C,50,0,0,1,,53,1749455,5421723,-41.34212928,174.7863098
Wellington City,THE ESPLANADE,200,W, ,HOUGHTON BAY ROAD,2913236,29/08/09,Sat,1645,AC,VW1S,159A 381A ,,M,D,B ,F , ,N,C,50,0,0,1,,49,1749225,5421655,-41.34278413,174.7835788
Wellington City,THE ESPLANADE,450,E, ,SEVERN ST,2952261,17/05/09,Sun,400,EA,CE1V,101A 129A ,M,R,W,DO,L , ,N,L,50,0,0,0,,,1747784,5421097,-41.34807361,174.7664992
Wellington City,THE PARADE,80,S, ,DEE ST,2911508,10/03/09,Tue,925,CA,CS1C,358A 503A ,M,R,D,B ,F , ,N,C,50,0,0,2,,,1748443,5423105,-41.32987367,174.7738821
Wellington City,THE PARADE,30,S, ,MEDWAY ST,2912521,6/07/09,Mon,1514,MA,CN14,373B ,,R,D,B ,F , ,N,C,50,0,0,2,,,1748384,5422523,-41.33512451,174.7733195
Wellington City,THE PARADE,, ,I,MERSEY ST,2911227,20/01/09,Tue,1420,HA,CN1C,301B 375B ,,R,D,B ,F ,X,S,C,50,0,0,2,,,1748318,5422292,-41.33721644,174.7725875
Wellington City,THE PARADE,, ,I,TRENT ST,2954291,22/07/09,Wed,1345,JA,CS1V,309B 387B ,,R,D,O ,F ,T,N,P,50,0,0,0,,,1748149,5421773,-41.34192028,174.7706952
Wellington City,THE PARADE,, ,I,TRENT ST,2954656,17/07/09,Fri,800,JA,TS1C,303B 645B ,,R,W,O ,F ,T,N,P,50,0,0,0,,,1748149,5421773,-41.34192028,174.7706952
Wellington City,THE RIDGEWAY,50,S, ,MORNINGTON ROAD,2911793,25/03/09,Wed,1510,NA,CN1E,350B 711B ,,R,D,B ,F , ,N,C,50,0,0,1,13,,1747751,5424637,-41.31620752,174.7652441
Wellington City,THE RIGI,200,N, ,GLENMORE ST,2950371,19/01/09,Mon,727,QD,CN1,611A ,F,M,D,O ,F , ,N,N,50,0,0,0,,,1747197,5428077,-41.28533672,174.7577961
Wellington City,THE TERRACE,30,N, ,AURORA TERRACE,2950220,8/01/09,Thu,1300,MO,CN1C,386A ,M,R,D,B ,F , ,N,C,50,0,0,0,,,1748660,5428536,-41.28093608,174.7751469
Wellington City,THE TERRACE,30,N, ,AURORA TERRACE,2951689,27/02/09,Fri,1140,MO,CS14,386A ,M,R,D,B ,F , ,N,C,50,0,0,0,,,1748660,5428536,-41.28093608,174.7751469
Wellington City,THE TERRACE,, ,I,AURORA TERRACE,2911274,12/02/09,Thu,825,ND,XE2E,370A 711B ,,R,W,O ,L ,T,N,C,50,0,0,1,,,1748656,5428506,-41.28120692,174.7751065
Wellington City,THE TERRACE,, ,I,AURORA TERRACE,2912749,5/08/09,Wed,650,NA,MS1E,711B 712B ,,R,D,TF,F ,T,N,C,50,0,1,1,58,,1748655,5428506,-41.28120711,174.7750946
Wellington City,THE TERRACE,15,N, ,BOULCOTT SLIP,2950738,8/03/09,Sun,1330,MA,CS1C,373B ,,R,D,B ,F , ,N,R,50,0,0,0,,,1748549,5428080,-41.28506209,174.7739333
Wellington City,THE TERRACE,200,S, ,EVERTON TERRACE,2913258,7/10/09,Wed,850,GE,MS1C,160A 929 ,,R,D,O ,F ,D,N,C,50,0,0,1,,,1748450,5427845,-41.28719611,174.7728089
Wellington City,THE TERRACE,20,N, ,MACDONALD CRESCENT,2952932,20/05/09,Wed,856,EA,CN1X,330A 350A ,M,R,D,O ,F ,T,N,C,50,0,0,0,,,1748312,5427488,-41.29043572,174.7712486
Wellington City,THE TERRACE,20,S, ,MACDONALD CRESCENT,2912517,9/07/09,Thu,834,NA,SS1E,711B ,,R,D,O ,F ,T,N,C,50,0,1,1,86,26,1748296,5427452,-41.29076278,174.7710664
Wellington City,THE TERRACE,30,S, ,MACDONALD CRESCENT,2951395,12/02/09,Thu,1008,JA,CS1CC,308B 353B 377B 929 ,M,R,W,O ,H ,D,N,C,50,0,0,0,,,1748292,5427443,-41.29084455,174.7710208
Wellington City,THE TERRACE,, ,I,MACDONALD CRESCENT,2956027,25/09/09,Fri,1935,JA,XS1C,301B ,,R,W,DO,L ,T,S,C,50,0,0,0,,,1748304,5427470,-41.29059925,174.7711575
Wellington City,THE TERRACE,, ,I,MACDONALD CRESCENT,2952940,20/05/09,Wed,850,JA,CS1C,301B 377B ,,R,D,O ,F ,T,S,C,50,0,0,0,,,1748304,5427470,-41.29059925,174.7711575
Wellington City,THE TERRACE,, ,I,MACDONALD CRESCENT,2955902,12/09/09,Sat,1553,DA,CW2CC,133A 135A 801 ,MM,R,W,O ,L ,T,S,C,50,0,0,0,,,1748304,5427470,-41.29059925,174.7711575
Wellington City,THE TERRACE,100,S, ,SALAMANCA ROAD,2955719,30/10/09,Fri,1606,MO,CN1C,353A 386A ,M,R,D,B ,F , ,N,C,50,0,0,0,,,1748348,5427576,-41.2896368,174.7716569
Wellington City,THE TERRACE,, ,I,SALAMANCA ROAD,2955660,13/10/09,Tue,2228,LB,CN1C,303B ,,R,D,DO,F ,T,T,C,50,0,0,0,,,1748381,5427671,-41.2887754,174.7720277
Wellington City,THE TERRACE,, ,I,SALAMANCA ROAD,2955222,15/08/09,Sat,1120,DA,CE1C,111A 402A ,IQ,R,D,B ,F ,T,T,R,50,0,0,0,,,1748381,5427671,-41.2887754,174.7720277
Wellington City,THE TERRACE,15,N, ,SHELL LANE,2953454,9/06/09,Tue,1048,MA,TS1C,353B 373B ,,R,D,O ,F , ,N,C,50,0,0,0,,,1748631,5428370,-41.28243599,174.7748413
Wellington City,THE TERRACE,20,S, ,SHELL LANE,2950613,19/02/09,Thu,1815,MO,CS1C,385A 387A ,,R,D,B ,F , ,N,C,50,0,0,0,,,1748626,5428335,-41.28275204,174.7747902
Wellington City,THE TERRACE,, ,I,SHELL LANE,2955697,1/09/09,Tue,1210,MO,CS1C,371A 181B ,,R,D,B ,F ,T,N,C,50,0,0,0,,,1748629,5428355,-41.28257142,174.7748211
Wellington City,THE TERRACE,20,N, ,TERRACE OFF SBD,2953058,27/04/09,Mon,1359,MO,TS1C,371A ,M,R,W,O ,L , ,N,C,50,0,0,0,,,1748583,5428182,-41.28413748,174.7743143
Wellington City,THE TERRACE,50,N, ,TERRACE OFF SBD,2956899,4/12/09,Fri,1215,GE,TS1C,387A 372B 927 ,,R,D,B ,F ,D,N,C,50,0,0,0,,,1748593,5428211,-41.28387454,174.7744266
Wellington City,THE TERRACE,20,S, ,TERRACE OFF SBD,2953073,27/04/09,Mon,1421,FA,CS1V,181A ,,R,W,O ,L ,T,N,C,50,0,0,0,,,1748571,5428145,-41.28447282,174.7741801
Wellington City,THE TERRACE,300,S, ,TERRACE OFF SBD,2912126,9/05/09,Sat,1225,GE,MS1C,160A 929 ,,R,D,B ,F ,D,N,C,50,0,0,1,,,1748465,5427879,-41.28688724,174.7729797
Wellington City,THE TERRACE,, ,I,TERRACE OFF SBD,2952604,26/04/09,Sun,1810,MB,XS1CC,372B ,I,R,W,DO,L ,T,T,R,50,0,0,0,,,1748577,5428164,-41.28430065,174.774247
Wellington City,THE TERRACE,, ,I,TERRACE OFF SBD,2953103,24/04/09,Fri,1109,MD,CN1X,387A 371B 927 ,,R,D,O ,F ,D,T,C,50,0,0,0,,,1748577,5428164,-41.28430065,174.774247
Wellington City,THOMPSON ST,100,N, ,NAIRN ST,2953457,24/04/09,Fri,1830,EE,CN1C,385A ,Q,R,D,DO,F , ,N,C,50,0,0,0,,,1748259,5426471,-41.29960198,174.7708636
Wellington City,THOMPSON ST,100,N, ,NAIRN ST,2953444,6/06/09,Sat,916,BA,TN1C,386A ,,R,D,B ,F , ,N,C,50,0,0,0,,,1748259,5426471,-41.29960198,174.7708636
Wellington City,THOMPSON ST,20,S, ,WEBB ST,2954090,24/07/09,Fri,1530,EA,CN1C,386A ,M,R,D,B ,F , ,N,N,50,0,0,0,,,1748348,5426708,-41.2974518,174.7718684
Wellington City,THORNDON QUAY,140,N, ,DAVIS ST,2912531,7/07/09,Tue,1625,MO,CN1S,372A 158B 333B ,,E,D,O ,F , ,N,C,50,0,0,1,,45,1749330,5429370,-41.2733036,174.7829393
Wellington City,THORNDON QUAY,250,N, ,DAVIS ST,2913273,28/10/09,Wed,820,MO,SS1C,158A 377B ,,R,D,B ,F , ,N,C,50,0,0,1,,46,1749284,5429470,-41.27241176,174.7823658
Wellington City,THORNDON QUAY,250,N, ,DAVIS ST,2951802,11/02/09,Wed,900,MO,CS1V,385A ,M,R,D,O ,F , ,N,C,50,0,0,0,,,1749284,5429470,-41.27241176,174.7823658
Wellington City,THORNDON QUAY,50,W, ,DAVIS ST,2954585,11/08/09,Tue,1015,FA,VS1V,181A 191B ,,R,D,B ,F , ,N,L,50,0,0,0,,,1749367,5429288,-41.27403504,174.783401
Wellington City,THORNDON QUAY,150,S, ,MOORE ST,2913004,24/09/09,Thu,850,JA,BS14,191A 308B 314B 930 ,,E,D,O ,F ,D,N,C,50,0,0,1,,,1749135,5428940,-41.27721111,174.7807174
Wellington City,THORNDON QUAY,, ,I,MULGRAVE ST,2911359,7/03/09,Sat,2359,JA,CN1C,103B 113B 322B ,,E,W,DO,L ,T,T,R,50,0,1,3,,,1749083,5428834,-41.27817507,174.7801227
Wellington City,THORNDON QUAY,20,S, ,MURPHY ST,2911148,13/01/09,Tue,800,AD,SS1C,427A ,,R,D,B ,F , ,N,R,50,0,0,1,,30,1749204,5429046,-41.276244,174.7815149
Wellington City,THORNDON QUAY,, ,I,TINAKORI ROAD,2912646,13/05/09,Wed,1429,LB,SN1C,303B 351B ,,E,D,B ,F ,T,G,P,50,0,0,1,,39,1749211,5430006,-41.26759939,174.7813634
Wellington City,TINAKORI OFF NBD,, ,I,TINAKORI ROAD,2956507,21/11/09,Sat,5,DA,CN1,103A 131A 357A ,S,R,D,DO,F ,X,T,C,50,0,0,0,,,1748452,5429090,-41.27598642,174.7725294
Wellington City,TINAKORI ROAD,60,N, ,BOWEN ST,2950735,7/03/09,Sat,1230,EA,TN1C,385A ,M,R,D,B ,F , ,N,C,50,0,0,0,,,1748208,5428824,-41.27842616,174.769682
Wellington City,TINAKORI ROAD,100,N, ,BOWEN ST,2950891,20/01/09,Tue,1300,EA,TS1C,386A ,M,R,D,B ,F , ,N,C,50,0,0,0,,,1748234,5428854,-41.27815128,174.769985
Wellington City,TINAKORI ROAD,150,N, ,BOWEN ST,2953069,15/05/09,Fri,2150,KB,CS1XC,308B 927 ,M,R,W,DO,L ,D,N,C,50,0,0,0,,,1748268,5428892,-41.27780291,174.7703816
Wellington City,TINAKORI ROAD,, ,I,BOWEN ST,2955170,7/10/09,Wed,1735,MO,SW1C,377A ,,R,D,O ,F ,T,T,C,50,0,0,0,,,1748168,5428780,-41.27882965,174.7692153
Wellington City,TINAKORI ROAD,, ,I,HARRIETT ST,2951285,16/02/09,Mon,2058,LB,CS1CX,323B ,,R,D,TO,F ,X,T,P,50,0,0,0,,,1748452,5429090,-41.27598642,174.7725294
Wellington City,TINAKORI ROAD,10,N, ,HAWKESTONE ST,2912047,10/02/09,Tue,2158,GA,CN1C,112A 331A 358A ,,R,W,DO,L ,T,G,C,50,0,0,1,,,1748585,5429233,-41.27467446,174.7740818
Wellington City,TINAKORI ROAD,10,N, ,HAWKESTONE ST,2951559,8/04/09,Wed,1100,FC,CN1T,331A 353A ,,R,D,B ,F ,T,G,X,50,0,0,0,,,1748585,5429233,-41.27467446,174.7740818
Wellington City,TINAKORI ROAD,, ,I,MOLESWORTH ST,2956062,28/10/09,Wed,711,FB,CS14,181A ,,R,D,B ,F ,X,T,C,50,0,0,0,,,1748883,5429555,-41.27172047,174.7775596
Wellington City,TINAKORI ROAD,30,N, ,MURRAYFIELD DRIVE,2912529,23/06/09,Tue,802,EE,SW1C,374B ,M,R,D,B ,F , ,N,C,50,0,1,0,,22,1749049,5429734,-41.27007824,174.7794968
Wellington City,TINAKORI ROAD,20,S, ,NEWMAN TERRACE,2956535,16/12/09,Wed,1230,EA,CS1T,386A 818 ,M,R,D,B ,F , ,N,C,50,0,0,0,,,1749141,5429840,-41.26910689,174.7805687
Wellington City,TINAKORI ROAD,, ,I,PARK ST,2956322,8/11/09,Sun,30,HA,CN1X,322A 410A ,,R,D,DO,F ,X,T,C,50,0,0,0,,,1748884,5429555,-41.27172029,174.7775715
Wellington City,TINAKORI ROAD,5,S, ,ST MARY ST,2952428,25/02/09,Wed,1602,MO,CS1CC4,110A 385A 427A ,MM,R,D,B ,F ,T,N,C,50,0,0,0,,,1748138,5428746,-41.27914128,174.7688655
Wellington City,TINAKORI ROAD,, ,I,TINAKORI OFF NBD,2911102,19/01/09,Mon,1211,DA,CW2C,131A 403A ,,R,W,O ,H ,X,T,L,50,0,0,1,,,1748452,5429090,-41.27598642,174.7725294
Wellington City,TINAKORI ROAD,, ,I,TINAKORI ON NBD,2912249,3/05/09,Sun,2145,LB,VS1C,322A ,,R,D,DO,F ,X,T,C,50,0,0,1,,,1748452,5429090,-41.27598642,174.7725294
Wellington City,TINAKORI ROAD,, ,I,UPTON TERRACE,2912152,9/06/09,Tue,1959,BA,CS1V,129A 402A ,,R,W,DO,L ,T,N,C,50,0,0,1,,,1748289,5428916,-41.27758297,174.7706264
Wellington City,TIO TIO ROAD,50,N, ,BROADWAY,2950282,11/01/09,Sun,1425,BD,CW1C,110A ,,M,D,O ,F , ,N,N,50,0,0,0,,,1752587,5423720,-41.32356301,174.8232244
Wellington City,TIRANGI ROAD,100,S, ,COUTTS ST,2956215,14/10/09,Wed,1655,MC,CS1V,372B ,,R,W,O ,LS, ,N,P,50,0,0,0,,,1750911,5423687,-41.32417554,174.8032161
Wellington City,TIRANGI ROAD,30,S, ,KINGSFORD SMITH ST,2953318,5/02/09,Thu,1500,EA,CS1C,137A ,Q,R,D,B ,F , ,N,C,50,0,0,0,,,1750865,5423563,-41.32530055,174.8026974
Wellington City,TIRANGI ROAD,, ,I,MCGREGOR ST,2912369,30/05/09,Sat,1640,JA,4S1C,145A 308B 378B 839 927 ,,R,D,TF,F ,D,S,P,50,0,0,1,,,1750790,5423344,-41.3272863,174.801856
Wellington City,TORY ST,, ,I,COLLEGE ST,2913106,25/09/09,Fri,1600,NA,CW1E,353A 376A 715B ,,R,D,O ,F ,T,N,C,50,0,0,1,35,,1749015,5426869,-41.29587937,174.779792
Wellington City,TORY ST,15,N, ,COURTENAY PLACE,2953643,27/07/09,Mon,1530,MO,CN1C,386A ,M,R,D,B ,F , ,N,C,50,0,0,0,,,1749142,5427152,-41.29330795,174.7812388
Wellington City,TORY ST,80,N, ,COURTENAY PLACE,2950749,1/01/09,Thu,1350,MO,CS1,423A ,H,R,D,B ,F , ,N,N,50,0,0,0,,,1749171,5427211,-41.29277139,174.7815705
Wellington City,TORY ST,, ,I,COURTENAY PLACE,2912443,26/06/09,Fri,1914,NA,SS1E,322A ,,R,D,DO,F ,X,T,C,50,0,1,1,31,49,1749136,5427139,-41.2934261,174.7811704
Wellington City,TORY ST,, ,I,COURTENAY PLACE,2950741,3/02/09,Tue,2308,LB,CS1C,303B 350B ,,R,D,DO,F ,X,T,C,50,0,0,0,,,1749136,5427139,-41.2934261,174.7811704
Wellington City,TORY ST,5,S, ,FORRESTERS LANE,2956142,27/11/09,Fri,1140,EE,CS1C,374B ,M,R,D,B ,F ,M,N,C,50,0,0,0,,,1749112,5427087,-41.29389871,174.7808966
Wellington City,TORY ST,, ,I,FRANKVILLE TERRACE,2912376,22/06/09,Mon,1225,GD,CS1P,181A 387A 930 ,,R,W,O ,L ,T,N,C,50,0,0,1,,,1748906,5426626,-41.29808732,174.7785502
Wellington City,TORY ST,10,N, ,HAINING ST,2956523,11/12/09,Fri,1700,EE,4N1C,374B ,M,R,D,O ,F ,T,N,C,50,0,0,0,,,1748955,5426735,-41.29709691,174.7791085
Wellington City,TORY ST,, ,I,HAINING ST,2953204,10/05/09,Sun,1540,EA,CS1C,197A 308A 927 ,M,R,D,O ,F ,D,N,C,50,0,0,0,,,1748951,5426726,-41.29717868,174.7790629
Wellington City,TORY ST,, ,I,LORNE ST,2952410,2/04/09,Thu,1627,KB,CN1C,302B 375B ,,R,D,B ,F ,X,G,C,50,0,0,0,,,1749048,5426943,-41.29520703,174.7801678
Wellington City,TORY ST,10,N, ,SH 1N,2955971,16/10/09,Fri,1915,FE,CS1CC,103A 181A ,,R,D,TF,F ,X,T,C,50,0,0,0,,,1749000,5426834,-41.29619726,174.7796215
Wellington City,TORY ST,, ,I,TENNYSON ST,2953296,13/06/09,Sat,1630,EE,CN1X,374B 446B ,Q,R,W,O ,L ,T,G,P,50,0,0,0,,,1749076,5427003,-41.29466165,174.7804874
Wellington City,TORY ST,, ,I,TENNYSON ST,2954139,16/08/09,Sun,1645,EE,4N1C,374B ,Q,R,D,O ,F ,T,G,P,50,0,0,0,,,1749076,5427003,-41.29466165,174.7804874
Wellington City,TORY ST,30,S, ,WAKEFIELD ST,2956159,6/11/09,Fri,1357,FA,VN1C,181A ,,R,D,B ,F , ,N,C,50,0,0,0,,,1749191,5427252,-41.29239855,174.7817992
Wellington City,TORY ST,50,S, ,WAKEFIELD ST,2956126,19/09/09,Sat,1522,EE,CS1C,374B ,Q,R,D,B ,F , ,N,C,50,0,0,0,,,1749182,5427234,-41.29256228,174.7816962
Wellington City,TOWNSEND ROAD,200,S, ,WILBERFORCE ST,2911718,31/03/09,Tue,10,DB,CE1,103A 111A ,EH,S,D,DO,F , ,N,N,50,0,0,1,,,1752770,5423944,-41.32151165,174.8253537
Wellington City,TRENT ST,30,W, ,THE PARADE,2955908,25/09/09,Fri,1610,BA,CW1C,125A 386A 125B 386B ,,R,W,O ,L , ,N,N,50,0,0,0,,,1748177,5421764,-41.34199617,174.7710319
Wellington City,TROY ST,50,N, ,RONGOTAI ROAD,2950372,8/01/09,Thu,904,FD,CS1C,181A ,,E,D,B ,F , ,N,R,50,0,0,0,,,1750844,5424288,-41.31877711,174.8022667
Wellington City,TROY ST,, ,I,SH 1N,2950437,12/01/09,Mon,2130,FB,CN1C,331A 353A 387A ,,R,D,DO,F ,R,G,R,50,0,0,0,,,1750900,5424414,-41.31763222,174.8029042
Wellington City,TRUSCOTT AVENUE,, ,I,BRODERICK ROAD,2954494,24/08/09,Mon,1230,DA,CW1,111A 430A ,K,M,D,B ,F ,R,G,R,50,0,0,0,,,1750599,5434758,-41.22455764,174.7967536
Wellington City,UPLAND ROAD,70,N, ,BOUNDARY ROAD,2951265,5/02/09,Thu,1610,BC,CN1C,121A 150A ,,M,D,B ,F , ,N,C,50,0,0,0,,,1747396,5427941,-41.28652489,174.7602044
Wellington City,UPLAND ROAD,100,N, ,BOUNDARY ROAD,2953292,23/05/09,Sat,1428,BB,BE1C,123A ,,M,W,O ,L , ,N,C,50,0,0,0,,,1747372,5427960,-41.28635821,174.7599133
Wellington City,UPLAND ROAD,, ,I,BOUNDARY ROAD,2912595,23/07/09,Thu,1030,EA,CW1TC,108A 370A ,M,R,W,O ,L ,T,N,C,50,0,0,1,,,1747436,5427884,-41.28703079,174.7606957
Wellington City,UPLAND ROAD,, ,I,GLASGOW ST,2956174,5/11/09,Thu,1126,FC,PN1C,331A ,,R,D,O ,F ,R,G,X,50,0,0,0,,,1747877,5427849,-41.28726526,174.7659682
Wellington City,UPLAND ROAD,15,N, ,KOWHAI ROAD,2911673,18/04/09,Sat,1615,BD,XN1C,121A ,,M,D,B ,F , ,N,C,50,0,0,2,,,1747464,5427827,-41.28753888,174.7610437
Wellington City,UPLAND ROAD,20,N, ,NORTH TERRACE,2956021,1/11/09,Sun,430,MO,CS1CC,512A 514A 517A ,QS,E,D,DO,F , ,N,R,50,0,0,0,,,1747954,5428020,-41.28571155,174.7668458
Wellington City,UPLAND ROAD,60,E, ,PLUNKET ST,2954519,28/07/09,Tue,1350,MO,CN1C,371A 929 ,,R,D,O ,F ,D,N,C,50,0,0,0,,,1747558,5427650,-41.28911532,174.7622086
Wellington City,UPLAND ROAD,60,N, ,PLUNKET ST,2913760,29/11/09,Sun,1242,EA,CN1C4C,386A ,M,R,D,B ,F , ,N,C,50,0,1,1,,,1747497,5427751,-41.28821712,174.761456
Wellington City,UPLAND ROAD,15,W, ,PLUNKET ST,2911613,14/03/09,Sat,1342,EE,SS1C,374B ,Q,R,D,O ,F , ,N,C,50,0,0,1,,47,1747514,5427710,-41.28858315,174.7616689
Wellington City,UPLAND ROAD,, ,I,PLUNKET ST,2950748,8/02/09,Sun,1330,FA,CW1C,112A 181A ,,R,D,B ,F ,T,G,C,50,0,0,0,,,1747520,5427696,-41.28870811,174.7617439
Wellington City,VICTORIA ST,50,N, ,ABEL SMITH ST,2951134,2/03/09,Mon,1700,MO,CE1C,387A 371B 920 ,,R,D,O ,F ,D,N,C,50,0,0,0,,,1748386,5426962,-41.29515794,174.7722602
Wellington City,VICTORIA ST,, ,I,BOND ST,2912063,20/03/09,Fri,1031,GD,4S1X,191B ,,R,D,O ,F ,X,G,C,50,0,0,1,,,1748711,5427594,-41.28940795,174.7759857
Wellington City,VICTORIA ST,20,N, ,CHEWS LANE,2952350,26/05/09,Tue,,EA,CS1V,386A ,M,R,W,O ,LS, ,N,C,50,0,0,0,,,1748770,5427804,-41.28750635,174.7766387