TLA NAME,CRASH ROAD,CRASH DIST,CRASH DIRN,INTSN,SIDE ROAD,CRASH ID,CRASH DATE,CRASH DOW,CRASH TIME,MVMT,VEHICLES,CAUSES,OBJECTS STRUCK,ROAD CURVE,ROAD WET,LIGHT,WTHRa,JUNC TYPE,TRAF CTRL,ROAD MARK,SPD LIM,CRASH FATAL CNT,CRASH SEV CNT,CRASH MIN CNT,PERS AGE1,PERS AGE2,EASTING,NORTHING,latitude,longitude
Wellington City,VICTORIA ST,, ,I,DIXON ST,2953303,1/06/09,Mon,1800,HA,CW2C,322A ,,R,D,DO,F ,X,T,N,50,0,0,0,,,1748643,5427385,-41.29130219,174.775225
Wellington City,VICTORIA ST,, ,I,EDWARD ST,2912381,29/05/09,Fri,707,LB,SN1V,303B 375B ,,R,D,TF,F ,T,N,P,50,0,0,1,,35,1748670,5427424,-41.29094608,174.7755378
Wellington City,VICTORIA ST,, ,I,EDWARD ST,2953751,6/04/09,Mon,1600,LB,SN1C,303B ,,R,W,O ,H ,T,N,C,50,0,0,0,,,1748670,5427424,-41.29094608,174.7755378
Wellington City,VICTORIA ST,50,N, ,GHUZNEE ST,2954655,15/08/09,Sat,2243,QD,CW1C,611A ,M,R,D,DO,F , ,N,N,50,0,0,0,,,1748560,5427274,-41.29231685,174.7742613
Wellington City,VICTORIA ST,, ,I,GHUZNEE ST,2954497,30/08/09,Sun,750,HA,CS1C,322A ,,R,D,O ,F ,X,T,C,50,0,0,0,,,1748533,5427232,-41.29269997,174.7739492
Wellington City,VICTORIA ST,, ,I,GHUZNEE ST,2956323,5/12/09,Sat,1440,FE,TS1C,331A 353A 443B ,,R,D,B ,F ,X,T,C,50,0,0,0,,,1748533,5427232,-41.29269997,174.7739492
Wellington City,VICTORIA ST,15,S, ,HARRIS ST,2911276,30/01/09,Fri,2215,FA,MS1M,130A 380A ,,R,D,DO,F ,T,T,C,50,0,1,1,,,1748756,5427772,-41.28779704,174.7764794
Wellington City,VICTORIA ST,20,S, ,MANNERS ST,2950895,24/03/09,Tue,1430,EA,VS1C,385A 512A ,Q,R,D,B ,F , ,N,C,50,0,0,0,,,1748685,5427469,-41.29053817,174.7757058
Wellington City,VICTORIA ST,, ,I,MANNERS ST,2954537,16/08/09,Sun,127,DB,CN1,103A 111A ,IST,E,W,DO,F ,X,T,R,50,0,0,0,,,1748686,5427488,-41.29036692,174.7757131
Wellington City,VICTORIA ST,60,S, ,SH 1N VIVIAN,2954566,7/08/09,Fri,1533,AO,VS1C,129A ,,R,D,B ,F , ,N,C,50,0,0,0,,,1748415,5427020,-41.29463041,174.7725922
Wellington City,VICTORIA ST,30,S, ,VIVIAN ST,2950409,11/01/09,Sun,1035,MO,CS1C,385A ,Q,R,D,O ,F , ,N,C,50,0,0,0,,,1748429,5427047,-41.29438474,174.7727528
Wellington City,VICTORIA ST,20,S, ,WAKEFIELD ST,2955064,22/09/09,Tue,1640,MA,CS1C,387A 371B ,,R,D,B ,F , ,N,C,50,0,0,0,,,1748721,5427647,-41.28892892,174.7760921
Wellington City,VICTORIA ST,, ,I,WAKEFIELD ST,2913000,30/10/09,Fri,1510,NA,CS1E,718B 726B ,,E,D,B ,F ,T,T,C,50,0,0,1,4,,1748725,5427666,-41.28875712,174.7761352
Wellington City,VICTORIA ST,, ,I,WAKEFIELD ST,2912676,3/08/09,Mon,1745,GB,SS1X,175B 372B ,,E,D,TO,F ,T,T,P,50,0,1,0,,38,1748725,5427666,-41.28875712,174.7761352
Wellington City,VICTORIA ST,, ,I,WAKEFIELD ST,2951191,11/02/09,Wed,1755,KA,CS1C,309B 372B ,,R,D,O ,F ,T,T,C,50,0,0,0,,,1748725,5427666,-41.28875712,174.7761352
Wellington City,VICTORIA ST,, ,I,WEBB ST,2913224,11/10/09,Sun,735,DB,CS1CCC,111A 131A ,MM,R,D,B ,F ,T,G,R,50,0,0,1,,,1748306,5426749,-41.29709038,174.771357
Wellington City,VICTORY CRESCENT,200,N, ,MAIN ROAD,2950859,20/04/09,Mon,1121,DA,CS1,111A 403A ,CK,E,W,O ,L , ,N,C,50,0,0,0,,,1753035,5441267,-41.16549773,174.8241747
Wellington City,VIEW ROAD,200,N, ,HUNGERFORD ROAD,2956214,8/11/09,Sun,1531,FA,CS1X,181A ,,E,D,B ,F , ,N,C,50,0,0,0,,,1749761,5422283,-41.33703062,174.7898273
Wellington City,VOLGA ST,250,S, ,MOUNT ALBERT ROAD,2953104,17/04/09,Fri,1030,CC,TS1C,129A ,M,R,D,O ,F , ,N,N,50,0,0,0,,,1749037,5423021,-41.33052035,174.7809976
Wellington City,WADESTOWN ROAD,40,S, ,LESLIE ST,2950797,28/02/09,Sat,330,DB,CE1,407A 410A ,C,E,D,DO,F , ,N,C,50,0,0,0,,,1748535,5430677,-41.26168261,174.7731332
Wellington City,WADESTOWN ROAD,50,S, ,LESLIE ST,2956059,24/08/09,Mon,1754,FD,MS1MC,111A ,,E,D,TF,F , ,N,C,50,0,0,0,,,1748544,5430673,-41.26171697,174.7732416
Wellington City,WADESTOWN ROAD,200,S, ,ORCHARD ST,2912657,24/06/09,Wed,835,EA,CS1C,137A 420A ,M,M,W,O ,F , ,N,C,50,0,0,1,,,1748860,5430407,-41.26405375,174.777077
Wellington City,WAIAPU ROAD,200,S, ,CHAYTOR ST,2951184,19/02/09,Thu,1050,BB,TN14,123A 386A ,,M,D,B ,F , ,N,C,50,0,0,0,,,1746871,5427735,-41.2884753,174.7539873
Wellington City,WAIKOWHAI ST,, ,I,CHURCHILL DRIVE,2911940,14/03/09,Sat,130,KA,PN1C,308B 927 ,,E,D,DO,F ,D,G,R,50,0,1,0,,,1748073,5431486,-41.25448354,174.7674242
Wellington City,WAIKOWHAI ST,, ,I,CROFTON ROAD,2951132,13/02/09,Fri,1745,GD,VE1C,385A ,,E,D,O ,F ,R,G,R,50,0,0,0,,,1748547,5431917,-41.25051605,174.7729744
Wellington City,WAIKOWHAI ST,, ,I,CROFTON ROAD,2912043,27/04/09,Mon,1305,LB,VN1M,302A 375A 836 901 ,,E,W,O ,H ,R,G,R,50,0,0,1,,,1748547,5431917,-41.25051605,174.7729744
Wellington City,WAITOA ROAD,40,S, ,HINAU ROAD,2950454,29/01/09,Thu,1130,EA,CS1C,386A ,M,M,D,B ,F , ,N,C,50,0,0,0,,,1750081,5426094,-41.30265945,174.7927092
Wellington City,WAITOA ROAD,10,W, ,MOXHAM AVENUE,2955274,9/09/09,Wed,1340,MO,TE1C,371A ,M,R,D,O ,F ,X,N,C,50,0,0,0,,,1750195,5425940,-41.30402475,174.7941083
Wellington City,WAITOA ROAD,20,W, ,MOXHAM AVENUE,2954250,22/07/09,Wed,1006,EA,BW1V,386A 445B ,M,R,D,B ,F , ,N,C,50,0,0,0,,,1750186,5425945,-41.30398141,174.7939996
Wellington City,WAITOA ROAD,20,W, ,MOXHAM AVENUE,2953906,15/01/09,Thu,1700,EA,BW1C,385A ,M,R,D,B ,F , ,N,C,50,0,0,0,,,1750186,5425945,-41.30398141,174.7939996
Wellington City,WAITOA ROAD,80,W, ,MOXHAM AVENUE,2956993,31/12/09,Thu,2215,DA,CN1C,402A ,KM,E,D,DO,F , ,N,C,50,0,0,0,,,1750133,5425972,-41.30374818,174.7933601
Wellington City,WAITOA ROAD,, ,I,WAIPAPA ROAD,2951492,1/03/09,Sun,2237,MO,CE1C,101A 371A ,MP,R,D,DO,F ,T,G,C,50,0,0,0,,,1750334,5425877,-41.30456608,174.7957834
Wellington City,WAKEFIELD ST,30,W, ,ALLEN ST,2953529,21/06/09,Sun,5,AA,CW1C,372A 112B ,,R,D,DO,F , ,N,N,50,0,0,0,,,1749244,5427261,-41.29230772,174.7824297
Wellington City,WAKEFIELD ST,50,W, ,BLAIR ST,2912564,8/06/09,Mon,1320,AA,CW1S,176A ,,M,D,O ,F , ,N,C,50,0,0,1,,48,1749291,5427239,-41.29249711,174.7829962
Wellington City,WAKEFIELD ST,, ,I,CHAFFERS ST,2955365,16/07/09,Thu,1335,GA,CS2C,201B 371B ,,R,D,B ,F ,T,S,C,50,0,0,0,,,1749319,5427226,-41.29260897,174.7833336
Wellington City,WAKEFIELD ST,, ,I,CHAFFERS ST,2952342,25/05/09,Mon,2237,BO,CS2C,336A ,,R,W,DO,H ,T,S,C,50,0,0,0,,,1749319,5427226,-41.29260897,174.7833336
Wellington City,WAKEFIELD ST,, ,I,CHAFFERS ST,2954433,19/08/09,Wed,1735,KB,XW1C,301B 382B ,,R,D,TF,F ,T,S,N,50,0,0,0,,,1749319,5427226,-41.29260897,174.7833336
Wellington City,WAKEFIELD ST,10,W, ,CUBA ST,2950707,23/02/09,Mon,1240,LB,CE1X,303B 314B 927 ,,R,D,B ,F ,D,N,C,50,0,0,0,,,1748834,5427535,-41.28991648,174.7774684
Wellington City,WAKEFIELD ST,20,W, ,CUBA ST,2951401,2/03/09,Mon,1120,EE,CE1C,374B 443B ,M,R,D,B ,F , ,N,C,50,0,0,0,,,1748827,5427542,-41.28985475,174.7773831
Wellington City,WAKEFIELD ST,, ,I,CUBA ST,2955959,12/11/09,Thu,1640,LB,MW1C,303B 375B ,,R,D,O ,F ,T,T,P,50,0,0,0,,,1748841,5427528,-41.28997822,174.7775536
Wellington City,WAKEFIELD ST,100,W, ,TARANAKI ST,2911404,6/02/09,Fri,2110,NA,CW1E,711B ,,R,D,DO,F , ,N,C,50,0,0,1,18,,1748934,5427453,-41.29063632,174.7786821
Wellington City,WAKEFIELD ST,20,E, ,TORY ST,2912427,4/06/09,Thu,815,AC,BW1S,372A ,,R,D,B ,F , ,N,C,50,0,0,1,,22,1749222,5427271,-41.29222176,174.7821647
Wellington City,WAKEFIELD ST,10,W, ,TORY ST,2955979,29/10/09,Thu,1815,AA,CW1C,197A 372A 407A ,,R,D,B ,F ,X,N,C,50,0,0,0,,,1749195,5427283,-41.29211871,174.7818394
Wellington City,WAKEFIELD ST,110,W, ,TORY ST,2952610,5/03/09,Thu,1810,MA,CW1V,359B 373B ,,E,D,O ,F , ,N,C,50,0,0,0,,,1749103,5427322,-41.29178457,174.7807316
Wellington City,WAKEFIELD ST,, ,I,TORY ST,2955224,4/10/09,Sun,1125,HA,CW1C,300A 691A 313B 330B 375B ,,R,D,O ,F ,X,T,C,50,0,0,0,,,1749204,5427279,-41.29215306,174.7819478
Wellington City,WAKEFIELD TERRACE,70,W, ,VICTORY CRESCENT,2957103,31/10/09,Sat,1900,EA,CE14CC,110A 357A ,MM,R,D,TF,F , ,N,N,50,0,0,0,,,1752880,5441503,-41.16340217,174.8222691
Wellington City,WALL PLACE,, ,I,MAIN ROAD,2951638,23/02/09,Mon,1135,FB,VW1C,353A 387A ,,R,D,B ,F ,T,G,C,50,0,0,0,,,1753719,5442757,-41.15195331,174.8319503
Wellington City,WALLACE ST,20,N, ,BIDWILL ST,2953432,4/06/09,Thu,1255,AA,VS1C,386A ,,E,D,B ,F ,X,T,R,50,0,0,0,,,1748513,5426246,-41.30158105,174.773951
Wellington City,WALLACE ST,50,S, ,BIDWILL ST,2955975,2/11/09,Mon,829,FD,CS1C,331A 352A 930 ,,R,D,O ,F ,D,N,P,50,0,0,0,,,1748540,5426181,-41.3021613,174.7742893
Wellington City,WALLACE ST,20,N, ,HARGREAVES ST,2950737,9/02/09,Mon,930,EA,TN1C,385A 817 ,M,E,D,O ,F , ,N,L,50,0,0,0,,,1748578,5426066,-41.3031897,174.774771
Wellington City,WALLACE ST,, ,I,HARGREAVES ST,2954583,12/08/09,Wed,1042,GB,PS1V,158A 175B 817 927 ,,R,D,B ,F ,D,G,P,50,0,0,0,,,1748581,5426046,-41.30336922,174.7748117
Wellington City,WALLACE ST,40,S, ,ROLLESTON ST,2951041,21/02/09,Sat,1920,FA,4N1X,103A 423A ,,R,D,O ,F , ,N,C,50,0,0,0,,,1748570,5426100,-41.30288506,174.7746672
Wellington City,WALLACE ST,, ,I,ROLLESTON ST,2912319,12/06/09,Fri,2115,FC,CS1V,331A 358A ,,E,W,DO,F ,T,G,X,50,0,0,2,,,1748557,5426138,-41.30254532,174.7745027
Wellington City,WALLACE ST,, ,I,ROLLESTON ST,2953330,27/04/09,Mon,948,FD,CS1CC,181A ,,R,W,O ,L ,T,G,P,50,0,0,0,,,1748557,5426138,-41.30254532,174.7745027
Wellington City,WARU ST,20,N, ,WHITU ST,2953298,24/06/09,Wed,1020,EA,CS1O,363A 902 ,MXP,R,D,B ,F , ,N,C,50,0,0,0,,,1749797,5431584,-41.25328353,174.7879685
Wellington City,WARWICK ST,25,N, ,GLOUCESTER ST,2953970,6/08/09,Thu,640,QG,CS1CC,510A ,MM,R,D,DN,F , ,N,N,50,0,0,0,,,1747388,5429910,-41.26879837,174.7596326
Wellington City,WASHINGTON AVENUE,15,N, ,CLEVELAND ST,2953212,5/06/09,Fri,2044,EA,4N1V,386A ,M,R,D,DO,F , ,N,C,50,0,0,0,,,1747901,5425874,-41.30504274,174.7667346
Wellington City,WASHINGTON AVENUE,50,S, ,CONNAUGHT TERRACE,2950651,1/02/09,Sun,320,DA,CN1CC,131A ,,E,D,DO,F , ,N,C,50,0,0,0,,,1747820,5425341,-41.30985644,174.765897
Wellington City,WATERLOO QUAY,100,N, ,BUNNY ST,2912567,13/07/09,Mon,1740,MO,MN1C,205A 370A 927 ,,R,D,DO,F ,D,N,R,50,0,0,1,,,1749164,5428682,-41.27952864,174.7811267
Wellington City,WATERLOO QUAY,250,N, ,BUNNY ST,2956932,9/11/09,Mon,1700,JA,CN1C,151A 308B 314B 377B 927 ,,R,D,O ,F ,D,N,L,50,0,0,0,,,1749257,5428800,-41.27844905,174.7822077
Wellington City,WATERLOO QUAY,20,S, ,BUNNY ST,2956947,30/11/09,Mon,1726,FD,CN1C,331A 358A ,,R,W,TF,L , ,T,C,50,0,0,0,,,1749090,5428588,-41.28038863,174.7802665
Wellington City,WATERLOO QUAY,, ,I,BUNNY ST,2956157,1/12/09,Tue,740,AO,CS1T,386A ,,R,W,O ,L ,T,T,R,50,0,0,0,,,1749102,5428604,-41.28024236,174.7804058
Wellington City,WATERLOO QUAY,30,N, ,HINEMOA ST,2952195,8/04/09,Wed,1650,FD,4S1C,331A 363A 902 ,,R,D,B ,F , ,N,R,50,0,0,0,,,1749428,5429018,-41.27645468,174.7841952
Wellington City,WATERLOO QUAY,, ,I,HINEMOA ST,2950650,28/01/09,Wed,1655,AO,CN1C,407A 372B ,,R,D,B ,F ,T,T,C,50,0,0,0,,,1749409,5428994,-41.27667428,174.7839743
Wellington City,WATERLOO QUAY,, ,I,HINEMOA ST,2950263,12/01/09,Mon,1128,FE,4S14,331A 817 ,,R,D,B ,F ,T,T,P,50,0,0,0,,,1749409,5428994,-41.27667428,174.7839743
Wellington City,WATERLOO QUAY,, ,A,RLY XING,2913533,25/12/09,Fri,1020,CA,SS1,135A 810 ,,R,D,O ,F , ,T,R,50,0,0,1,,49,1749563,5429189,-41.27489011,174.7857643
Wellington City,WEBB ST,, ,I,CUBA ST,2912624,20/07/09,Mon,836,GD,VE1C,331A ,,R,D,B ,F ,T,G,P,50,0,0,1,,,1748463,5426678,-41.29770076,174.7732487
Wellington City,WEBB ST,, ,I,CUBA ST,2950752,28/02/09,Sat,1300,JA,CE1C,309B 355B 404B 840 ,,R,W,O ,F ,T,G,C,50,0,0,0,,,1748463,5426678,-41.29770076,174.7732487
Wellington City,WEBB ST,, ,I,HOPPER ST,2950086,13/01/09,Tue,645,AE,4E1M,125A ,,R,D,O ,F ,T,G,C,50,0,0,0,,,1748566,5426632,-41.29809596,174.7744896
Wellington City,WEBB ST,, ,I,TORRENS TERRACE,2911722,30/03/09,Mon,2141,PA,CE1K,702B 722B ,,R,D,DO,F ,T,N,P,50,0,0,1,19,,1748500,5426662,-41.29783801,174.7736943
Wellington City,WEBB ST,, ,I,TORRENS TERRACE,2912288,2/06/09,Tue,1025,MD,CS1CC,308A 423A 927 ,,R,D,B ,F ,D,N,C,50,0,0,1,,,1748500,5426662,-41.29783801,174.7736943
Wellington City,WELD ST,, ,I,CECIL ROAD,2956119,12/10/09,Mon,1450,CA,CN1,133A 423A ,P,R,D,B ,F ,X,G,C,50,0,0,0,,,1748578,5430565,-41.2626831,174.7736736
Wellington City,WELLINGTON ROAD,, ,I,CRAWFORD ROAD,2955056,8/07/09,Wed,1630,FB,4S2C,331A ,,E,D,O ,F ,R,G,R,50,0,0,0,,,1749769,5424944,-41.31307128,174.7892672
Wellington City,WELLINGTON ROAD,, ,I,CRAWFORD ROAD,2912918,9/07/09,Thu,1919,JA,SW2C,720A ,,E,W,DO,F ,R,G,R,50,0,0,1,,32,1749774,5424942,-41.31308836,174.7893274
Wellington City,WELLINGTON ROAD,, ,I,CRAWFORD ST,2955060,10/07/09,Fri,1755,LB,CS2C,302A 144B ,,S,D,DO,F ,R,G,R,50,0,0,0,,,1749774,5424942,-41.31308836,174.7893274
Wellington City,WESTCHESTER DRIVE EAST,, ,I,CHURTON PARK OFF NBD,2953497,7/06/09,Sun,1240,KB,CE1C,302B 375B ,,E,D,O ,F ,X,G,C,50,0,0,0,,,1752620,5436975,-41.20421853,174.8203004
Wellington City,WHITMORE ST,10,E, ,FEATHERSTON ST,2951403,6/03/09,Fri,1300,EE,CW1C,374B ,M,R,D,B ,F ,X,T,R,50,0,0,0,,,1748929,5428514,-41.28108459,174.778363
Wellington City,WHITMORE ST,80,W, ,STOUT ST,2954373,16/05/09,Sat,1650,MB,CW1X,382B 507B ,,R,D,TF,F , ,N,R,50,0,0,0,,,1748840,5428654,-41.27984052,174.7772665
Wellington City,WHITMORE ST,, ,I,STOUT ST,2912062,24/05/09,Sun,1050,HA,CS1C,322B 350B ,,R,W,O ,LS,X,T,C,50,0,0,1,,,1748881,5428585,-41.2804542,174.7777727
Wellington City,WIGAN ST,50,W, ,TARANAKI ST,2952600,25/04/09,Sat,745,MO,TW1C,124A 386A 927 ,M,R,D,O ,F ,D,N,N,50,0,0,0,,,1748699,5426830,-41.29628879,174.776029
Wellington City,WILLESTON ST,30,E, ,VICTORIA ST,2951558,9/04/09,Thu,815,LO,VE1C,371A 926 ,,R,W,O ,F ,D,N,C,50,0,0,0,,,1748835,5427878,-41.28682812,174.7773965
Wellington City,WILLIS ST,15,S, ,ARO ST,2952096,1/04/09,Wed,850,AA,CN1T,372A ,,R,D,O ,F , ,N,X,50,0,0,0,,,1748248,5426825,-41.29641677,174.7706461
Wellington City,WILLIS ST,10,S, ,BOULCOTT ST,2953720,16/07/09,Thu,1407,EE,CS1C,374B ,Q,R,D,O ,F ,X,T,L,50,0,0,0,,,1748599,5427614,-41.2892485,174.7746438
Wellington City,WILLIS ST,20,S, ,BOULCOTT ST,2953910,21/04/09,Tue,815,EE,XS1C,374A ,Q,R,D,B ,F , ,N,C,50,0,0,0,,,1748595,5427605,-41.28933027,174.7745983
Wellington City,WILLIS ST,10,S, ,CHEWS LANE,2950635,27/01/09,Tue,1218,MA,CN1C,373B 839 ,,R,W,O ,L ,T,N,L,30,0,0,0,,,1748689,5427808,-41.28748526,174.7756708
Wellington City,WILLIS ST,50,N, ,DIXON ST,2951125,26/01/09,Mon,1320,FD,CN1M,512A ,,R,D,B ,F , ,N,C,50,0,0,0,,,1748541,5427484,-41.29042962,174.7739832
Wellington City,WILLIS ST,50,S, ,DIXON ST,2954012,1/08/09,Sat,1846,EA,CS1C,129A 358A ,M,R,D,DO,F , ,N,C,50,0,0,0,,,1748500,5427393,-41.29125648,174.773516
Wellington City,WILLIS ST,200,S, ,DIXON ST,2913263,10/11/09,Tue,825,LB,PN1C,151A 158A 930 ,,R,D,B ,F ,D,N,C,50,0,0,1,,,1748439,5427256,-41.29250118,174.7728212
Wellington City,WILLIS ST,, ,I,DIXON ST,2952651,28/05/09,Thu,1200,MG,CN14,371B ,,R,D,O ,F ,X,T,C,50,0,0,0,,,1748520,5427439,-41.29083864,174.7737435
Wellington City,WILLIS ST,, ,I,FLAGSTAFF LANE,2953919,22/04/09,Wed,2230,EA,CS1C,129A ,M,R,D,DO,F ,T,N,C,50,0,0,0,,,1748574,5427559,-41.28974829,174.7743588
Wellington City,WILLIS ST,50,S, ,GHUZNEE ST,2953039,25/06/09,Thu,1810,KA,CN1C,308B 926 ,,R,D,DO,F ,D,N,C,50,0,0,0,,,1748425,5427226,-41.29277385,174.7726614
Wellington City,WILLIS ST,, ,I,GHUZNEE ST,2911254,9/02/09,Mon,638,HA,CE2M,322B ,,R,W,O ,M ,X,T,C,50,0,0,1,,,1748446,5427272,-41.29235583,174.7729009
Wellington City,WILLIS ST,, ,I,GHUZNEE ST,2911149,30/01/09,Fri,1600,FA,CN1S,331A ,,R,D,B ,F ,X,T,R,50,0,0,1,,24,1748446,5427272,-41.29235583,174.7729009
Wellington City,WILLIS ST,20,S, ,LAMBTON QUAY,2913666,18/12/09,Fri,1815,NA,XN1E,711B 714B ,,R,D,O ,F ,X,T,C,30,0,0,1,62,,1748732,5427905,-41.286604,174.7761604
Wellington City,WILLIS ST,30,S, ,LAMBTON QUAY,2953627,14/05/09,Thu,1348,AC,CN1B,434B ,,R,D,O ,F , ,N,L,30,0,0,0,,,1748728,5427895,-41.28669478,174.7761151
Wellington City,WILLIS ST,, ,I,LAMBTON QUAY,2956028,21/09/09,Mon,1257,AC,VN1B,387A ,,R,D,O ,F ,X,T,N,30,0,0,0,,,1748740,5427923,-41.28644047,174.7762515
Wellington City,WILLIS ST,15,N, ,MANNERS ST,2953288,12/06/09,Fri,1256,AC,CN1B,159A 209A ,,R,D,B ,F ,X,T,C,30,0,0,0,,,1748610,5427637,-41.2890394,174.7747695
Wellington City,WILLIS ST,, ,I,MANNERS ST,2956152,3/12/09,Thu,1815,GE,VW1B,173A ,,R,D,O ,F ,X,T,C,50,0,0,0,,,1748603,5427623,-41.28916673,174.7746894
Wellington City,WILLIS ST,, ,I,MANNERS ST,2956412,23/11/09,Mon,1648,AC,VW2B,159A 387A ,,R,D,O ,F ,X,T,C,50,0,0,0,,,1748603,5427623,-41.28916673,174.7746894
Wellington City,WILLIS ST,20,N, ,MERCER ST,2954589,1/08/09,Sat,1313,MO,4N1V,386A 404A ,M,R,D,O ,F , ,N,C,30,0,0,0,,,1748661,5427745,-41.28805763,174.775352
Wellington City,WILLIS ST,, ,I,MERCER ST,2956167,8/11/09,Sun,25,FE,CN1C,358A 427A ,,R,D,DO,F ,T,T,R,50,0,0,0,,,1748653,5427727,-41.28822117,174.7752609
Wellington City,WILLIS ST,30,N, ,SH 1N,2952189,17/04/09,Fri,1046,EA,VN1B,386A ,Q,R,D,O ,F , ,N,C,50,0,0,0,,,1748383,5427134,-41.2936099,174.7721824
Wellington City,WILLIS ST,, ,I,WEBB ST,2951550,8/03/09,Sun,835,AC,CN1C,372A ,,R,D,B ,F ,T,T,C,50,0,0,0,,,1748229,5426784,-41.2967894,174.7704292
Wellington City,WILSON ST,100,W, ,DANIELL ST,2954671,28/04/09,Tue,1415,EE,CE1C,374B ,Q,R,D,O ,F , ,N,N,40,0,0,0,,,1749080,5424994,-41.31274875,174.7810274
Wellington City,WILSON ST,, ,I,OWEN ST,2955742,8/09/09,Tue,1759,HA,CW1C,302A 375A ,,R,D,TO,F ,X,G,N,50,0,0,0,,,1749349,5425037,-41.31231184,174.784229
Wellington City,WILSON ST,20,E, ,RIDDIFORD ST,2950969,5/02/09,Thu,1125,MO,4E1C,371A 442B 446B ,,R,D,B ,F , ,N,N,50,0,0,0,,,1748980,5424973,-41.31295629,174.7798384
Wellington City,WILTON ROAD,50,S, ,CHURCHILL DRIVE,2951181,6/03/09,Fri,1030,BB,CN1C,123A 410A ,,M,D,O ,F , ,N,C,50,0,0,0,,,1747562,5430061,-41.26740707,174.7616724
Wellington City,WILTON ROAD,, ,I,HAMPSHIRE AVENUE,2950598,17/02/09,Tue,710,JA,CN1C,113A 378B 831 ,,E,D,O ,F ,T,N,C,50,0,0,0,,,1746968,5429716,-41.27062158,174.7546673
Wellington City,WILTON ROAD,, ,I,SURREY ST,2956521,2/12/09,Wed,845,GD,BN1C,333A ,,E,W,O ,L ,T,N,C,50,0,0,0,,,1746983,5429657,-41.27115007,174.7548605
Wellington City,WILTON ROAD,, ,I,WARWICK ST,2911603,26/02/09,Thu,1805,JA,4W1C,301B 363B 378B 839 902 ,,E,D,B ,F ,T,S,C,50,0,0,1,,,1747395,5430005,-41.26794176,174.7596931
Wellington City,WILTON ROAD,20,S, ,WORCESTER ST,2950436,21/01/09,Wed,1904,AD,CN1,110A 153A 156A 831 ,KPS,E,D,B ,F , ,N,C,50,0,0,0,,,1747054,5429324,-41.27413533,174.7557882
Wellington City,WOODHOUSE AVENUE,40,E, ,SOUTH KARORI ROAD,2954366,8/05/09,Fri,1125,EA,VW1C,385A ,M,R,W,O ,L , ,N,C,50,0,0,0,,,1744362,5427733,-41.28894587,174.7240375
Wellington City,WOODMANCOTE ROAD,50,N, ,BOX HILL,2953326,17/04/09,Fri,1500,CC,CS1C,129A ,M,R,D,B ,F , ,N,N,50,0,0,0,,,1750079,5432689,-41.24328242,174.7910611
Wellington City,WRIGHT ST,20,N, ,HUTCHISON ROAD,2956312,20/11/09,Fri,1930,MA,CS1C,373B ,,R,D,O ,F ,T,N,C,50,0,0,0,,,1748498,5425625,-41.30717494,174.7739235
Wellington City,YULE ST,, ,I,COUTTS ST,2953062,25/04/09,Sat,1425,HA,CN1C,302A 386A ,,R,D,O ,F ,X,G,C,50,0,0,0,,,1750565,5424069,-41.32080097,174.7989891
Wellington City,Z ALLEWAY,, ,A,HOLLAND ST,2953400,6/06/09,Sat,215,MO,CS1,103A 371A ,H,R,D,DO,F , ,N,N,50,0,0,0,,,1749005,5427115,-41.29366638,174.7796124
Wellington City,Z CPK ADELAIDE MOTEL,120,S, ,ADELAIDE/JOHN,2913395,27/11/09,Fri,838,MO,4N1E,420A ,,R,D,B ,F , ,N,N,50,0,0,1,24,,1748811,5425486,-41.30836874,174.7776948
Wellington City,Z CPK ARLINGTON APTS,, ,A,HOPPER ST,2951892,4/03/09,Wed,827,MO,4E1V,371A ,Q,R,D,B ,F , ,N,N,50,0,0,0,,,1748449,5426438,-41.29986416,174.7731401
Wellington City,Z CPK BALLANTRAE,, ,A,BALLANTRAE PLACE,2952938,21/05/09,Thu,923,MO,CS1C,387A ,,R,D,DN,F , ,N,N,50,0,0,0,,,1748589,5428912,-41.27756384,174.7742078
Wellington City,Z CPK BLUEBRIDGE TERMINAL,, ,A,WATERLOO QUAY,2956017,30/10/09,Fri,1118,QD,TN1,428A ,P,R,D,B ,F , ,N,N,50,0,0,0,,,1749107,5428600,-41.28027745,174.7804664
Wellington City,Z CPK HATAITAI PARK,, ,A,RUAHINE ST,2911907,20/03/09,Fri,0,CO,CS1,433A ,ET,R,D,DN,F , ,N,N,70,0,0,2,,,1749892,5425886,-41.30456728,174.7905039
Wellington City,Z CPK JOHNSONVILLE MALL,, ,A,GOTHIC/BRODERICK,2953901,16/08/09,Sun,1210,MF,VN1C,371B ,,R,W,O ,F , ,N,N,10,0,0,0,,,1751373,5434860,-41.22349486,174.8059583
Wellington City,Z CPK JOHNSONVILLE MALL,50,S, ,MOOREFIELD ROAD,2953622,15/04/09,Wed,1755,MO,CS1B,386B ,,R,D,O ,F , ,N,N,50,0,0,0,,,1751335,5434935,-41.22282671,174.8054866
Wellington City,Z CPK LOMBARD BLDG,40,S, ,BOND/LOMBARD,2955372,3/10/09,Sat,1900,MO,CS1C,103A 371A ,JM,R,D,O ,F , ,N,N,50,0,0,0,,,1748743,5427538,-41.28990624,174.7763813
Wellington City,Z CPK MARKET DIRECT,200,S, ,JAMAICA /TAKAPU,2952489,14/05/09,Thu,710,QD,CS1,428A 927 ,F,R,D,B ,F ,D,N,C,50,0,0,0,,,1754104,5439412,-41.18199643,174.8373776