TLA NAME,CRASH ROAD,CRASH DIST,CRASH DIRN,INTSN,SIDE ROAD,CRASH ID,CRASH DATE,CRASH DOW,CRASH TIME,MVMT,VEHICLES,CAUSES,OBJECTS STRUCK,ROAD CURVE,ROAD WET,LIGHT,WTHRa,JUNC TYPE,TRAF CTRL,ROAD MARK,SPD LIM,CRASH FATAL CNT,CRASH SEV CNT,CRASH MIN CNT,PERS AGE1,PERS AGE2,EASTING,NORTHING,latitude,longitude
Wellington City,Z CPK NEW WORLD,, ,A,MEDWAY ST,2913455,30/11/09,Mon,930,NB,CE1E,370A 711B 839 ,,R,W,O ,L , ,N,C,50,0,0,1,42,,1748334,5422572,-41.33469254,174.7727102
Wellington City,Z CPK NEW WORLD,, ,A,MIRAMAR AVENUE,2912615,18/07/09,Sat,1600,MO,PE1C,131A 402A ,M,R,D,B ,F , ,N,N,50,0,0,1,,,1751860,5424568,-41.31606553,174.81433
Wellington City,Z CPK PACIFIC RADIOLOGY,, ,A,MOOREFIELD/JOHNSONVILLE,2950046,7/01/09,Wed,1345,MO,TN1,371A ,P,E,D,O ,F , ,N,N,50,0,0,0,,,1751488,5435081,-41.22148358,174.8072749
Wellington City,Z CPK PAK N SAVE,, ,A,RONGOTAI/ONEPU,2953800,27/06/09,Sat,1440,CO,CE1C,501A ,,R,D,O ,F , ,N,N,50,0,0,0,,,1750379,5424330,-41.31848582,174.7967032
Wellington City,Z CPK SUPERCHEAP AUTOS,80,N, ,TIRANGI/LYALL PARADE,2953065,25/05/09,Mon,1119,MO,CS1C,371A ,,E,W,O ,HS, ,N,N,50,0,0,0,,,1750811,5423363,-41.32711131,174.8021021
Wellington City,Z CPK SUPERMARKET,90,S, ,GANGES/AGRA,2912532,28/07/09,Tue,1135,MO,CS1CEC,423A ,,R,W,O ,L , ,N,N,50,0,0,1,35,,1750070,5432273,-41.24702952,174.791056
Wellington City,Z CPK TE PAPA,, ,A,CABLE ST,2951327,21/02/09,Sat,1848,FB,XS1C,331A 927 ,,R,D,B ,F , ,G,N,50,0,0,0,,,1749153,5427413,-41.29095602,174.7813062
Wellington City,Z CPK THE WAREHOUSE,, ,A,TIRANGI ROAD,2951444,11/03/09,Wed,1505,MO,CN1C,302A ,,R,D,O ,F , ,G,N,50,0,0,0,,,1750910,5423440,-41.32639953,174.8032654
Wellington City,Z CPK WELLINGTON AIRPORT,350,S, ,STEWART DUFF/FREIGHT DR,2912534,9/06/09,Tue,1123,MO,CS1CC,423A ,KMM,R,W,O ,L , ,N,R,50,0,0,1,,,1751704,5423286,-41.32763702,174.8127871
Wellington City,Z CPK WGTN HOSPITAL,, ,A,RIDDIFORD ST,2950440,13/01/09,Tue,1435,QD,CS1C,357A 428A ,M,R,D,B ,F , ,N,N,50,0,0,0,,,1748995,5425429,-41.30884798,174.7799058
Wellington City,Z CPK WOOLWORTHS,, ,A,JOHNSONVILLE ROAD,2954458,17/03/09,Tue,505,MO,CE1,386A 410A 671A ,P,R,D,DO,F , ,N,N,50,0,0,0,,,1751518,5434791,-41.22408895,174.8077045
Wellington City,Z DWAY 40A,80,S, ,BRACKEN/TREBANN,2950439,10/01/09,Sat,1515,MO,CS1C,371A 386A 929 ,M,R,D,O ,F , ,N,N,50,0,0,0,,,1752786,5435106,-41.22101447,174.8227465
Wellington City,Z DWAY 65 STEWART,30,W, ,STEWART/FITZPATRICK,2911517,6/03/09,Fri,820,PO,CS1E,727B 730B 929 ,,R,D,O ,F ,D,N,N,50,0,1,0,1,,1752267,5435113,-41.22104927,174.816556
Wellington City,Z DWAY BURGER KING,, ,A,JOHNSONVILLE ROAD,2951178,29/01/09,Thu,1400,FA,CW1C,181A ,,R,D,O ,F , ,N,N,50,0,0,0,,,1751435,5434554,-41.2262383,174.8067735
Wellington City,Z DWAY CAPITAL GATEWAY,150,W, ,NEWLANDS ROAD,2957184,3/09/09,Thu,140,DB,CE1,103A 359A ,ET,M,D,DO,F , ,N,N,50,0,0,0,,,1751782,5434018,-41.23099908,174.8110448
Wellington City,Z DWAY KFC,, ,A,BURGESS ROAD,2953716,10/07/09,Fri,2100,MO,CE1V,103A 358A 924 ,,R,D,DO,F , ,N,N,50,0,0,0,,,1751529,5435052,-41.22173701,174.807771
Wellington City,Z DWAY NO 70,40,N, ,NAIRN/MCALPINE,2911697,28/03/09,Sat,1612,FB,SN1C,130A ,,E,D,B ,F , ,N,N,50,0,0,1,,38,1748187,5426533,-41.29905699,174.7699889
Wellington City,Z DWAY ONGLEY CRES,90,E, ,ONGLEY/CECIL,2912940,16/09/09,Wed,1621,MO,CW1,133A 427A ,FH,R,D,O ,F , ,N,N,50,0,0,1,,,1753687,5441011,-41.16767927,174.8320069
Wellington City,Z DWAY PLATFORM 9,40,W, ,WATERLOO QUAY,2951133,6/02/09,Fri,730,MG,XN1V,371B ,,R,D,O ,F , ,N,N,50,0,0,0,,,1749168,5428723,-41.27915876,174.7811644
Wellington City,Z DWAY PLATFORM 9 EXIT,80,S, ,WATERLOO/HINEMOA,2951931,22/03/09,Sun,1400,MO,4E1C,371A ,,R,D,O ,FS, ,N,N,50,0,0,0,,,1749382,5428972,-41.27687735,174.7836574
Wellington City,Z DWAY WGTN COLLEGE,400,S, ,PATERSON ST,2911786,19/03/09,Thu,1540,MO,CN1E,371A 722B ,,E,D,B ,F , ,N,N,20,0,0,1,12,,1749276,5426027,-41.303412,174.7831144
Wellington City,Z FCT BP,, ,A,TARANAKI/CABLE,2954493,21/07/09,Tue,1004,MO,BN1V,386A 445B ,Q,R,D,B ,F , ,N,N,50,0,0,0,,,1749043,5427411,-41.29099435,174.7799936
Wellington City,Z FCT BP,, ,A,WAKEFIELD/TARANAKI,2953048,23/04/09,Thu,135,MO,CW1C,371A ,M,R,D,DO,F , ,N,N,50,0,0,0,,,1749033,5427400,-41.29109523,174.7798769
Wellington City,Z FCT CALTEX,, ,A,ADELAIDE/BROWN,2956029,21/09/09,Mon,1315,MO,CS1V,371A 387A ,Q,R,D,B ,F , ,N,N,50,0,0,0,,,1748949,5426110,-41.30272515,174.7791898
Wellington City,Z FCT CALTEX,40,S, ,MAIN/ESSEX,2952661,2/06/09,Tue,945,CO,CS1C,133A 423A 922 ,HM,R,D,B ,F ,D,N,N,50,0,0,0,,,1753075,5440782,-41.16985683,174.8247724
Wellington City,Z FCT HUNTER BLDG,, ,A,KELBURN PARADE,2912914,30/07/09,Thu,1130,MO,VS1C,371A ,Q,R,D,B ,F , ,N,N,50,0,0,1,,,1748096,5427737,-41.2882335,174.7686096
Wellington City,Z FCT MOBIL,, ,A,EVANS BAY PDE/BAY RD,2957133,26/11/09,Thu,2224,MO,VS1C,101A 385A ,M,R,D,DO,F ,X,N,N,50,0,0,0,,,1750289,5424454,-41.31738618,174.7955977
Wellington City,Z FCT MOBIL,, ,A,MOOREFIELD/JOHNSONVILLE,2954461,6/06/09,Sat,1915,MO,4E1CC,427A ,,R,D,DO,F , ,N,N,50,0,0,0,,,1751482,5435046,-41.22179983,174.807212
Wellington City,Z FCT SHELL,, ,A,WHITMORE/CUSTOMHOUSE,2953635,11/02/09,Wed,1933,MG,CN1C,371B 922 ,,R,D,TF,F , ,N,N,50,0,0,0,,,1748959,5428447,-41.28168229,174.7787374
Wellington City,Z MAKARA CEMETERY,150,W, ,MAKARA ROAD,2911345,21/01/09,Wed,110,DA,CS1,359A ,X,R,D,DN,F , ,N,N,50,0,0,1,,,1742631,5429575,-41.27266855,174.7029426
Wellington City,Z REFUSE STATION,, ,A,LANDFILL ROAD,2950702,3/01/09,Sat,1325,MO,CW1C,371A 512A ,,R,D,O ,F , ,N,N,20,0,0,0,,,1746055,5423779,-41.32424148,174.7451965
Wellington City,Z WESTCHESTER DRVE,100,N, ,MARK AVENUE,2951698,14/03/09,Sat,1125,DB,CS1,111A 138A 402A 817 ,G,E,D,B ,F , ,N,N,50,0,0,0,,,1753287,5437306,-41.20111243,174.8281689
Wellington City,1N/1050/9.131,500,N, ,TAWA OFF SBD,2911375,28/01/09,Wed,440,CB,CS1,103A 410A ,C,R,D,DN,F , ,N,R,100,0,1,0,,,1753429,5439766,-41.17893733,174.8292448
Wellington City,1N/1050/9.214,400,N, ,TAWA ON NBD,2956419,16/12/09,Wed,1310,FD,CN1C,331A ,,R,D,B ,F , ,N,R,100,0,0,0,,,1753391,5439690,-41.17962878,174.828811
Wellington City,1N/1050/9.314,300,N, ,TAWA ON NBD,2953419,16/07/09,Thu,1640,FD,VN1C4,111A 181A ,,E,D,B ,F , ,N,R,100,0,0,0,,,1753378,5439592,-41.18051357,174.8286807
Wellington City,1N/1050/9.314,300,N, ,TAWA ON NBD,2912145,12/06/09,Fri,1510,AA,CN1C,372A 377A 817 901 ,G,E,W,O ,H , ,N,R,100,0,0,1,,,1753378,5439592,-41.18051357,174.8286807
Wellington City,1N/1050/9.601,30,N, ,TAWA OFF SBD,2913499,10/12/09,Thu,2321,DB,CS1,101A 111A 514A ,G,E,D,DO,F , ,N,R,100,0,0,1,,,1753512,5439337,-41.18278405,174.8303415
Wellington City,1N/1060/0.265,, ,A,TAWA ON SBD,2911751,23/03/09,Mon,836,AO,VS1MC,372A 177B ,G,E,W,O ,F , ,N,R,100,0,1,0,,,1753635,5438783,-41.18774858,174.8319464
Wellington City,1N/1060/0.365,100,S, ,TAWA ON SBD,2956844,3/12/09,Thu,745,FD,CS1C,181A ,,E,D,O ,F , ,N,R,100,0,0,0,,,1753606,5438688,-41.1886094,174.8316246
Wellington City,1N/1060/0.419,100,S, ,TAWA OFF NBD,2952101,21/03/09,Sat,1708,FD,CN1CC,181A 110B 181B 110C 181C 901 ,,E,W,O ,H , ,N,R,100,0,0,0,,,1753574,5438637,-41.18907464,174.831256
Wellington City,1N/1060/0.469,150,S, ,TAWA OFF NBD,2951961,22/04/09,Wed,720,FA,CN1C,181A ,,R,D,O ,F , ,N,R,100,0,0,0,,,1753560,5438589,-41.18950945,174.8311012
Wellington City,1N/1060/1.226,800,N, ,CHURTON PARK ON NBD,2913750,1/07/09,Wed,2159,ED,CN1T,442B 817 825 831 ,Q,E,D,DN,F , ,N,C,100,0,0,1,,,1753220,5437963,-41.19520992,174.8272056
Wellington City,1N/1060/1.226,800,N, ,CHURTON PARK ON NBD,2954768,23/08/09,Sun,642,DA,CN1,414A ,C,E,D,TN,F , ,N,C,100,0,0,0,,,1753220,5437963,-41.19520992,174.8272056
Wellington City,1N/1060/1.265,1000,S, ,TAWA ON SBD,2955003,25/08/09,Tue,2035,DB,CS1,134A 135A 901 ,CG,M,W,DN,HS, ,N,R,100,0,0,0,,,1753211,5437935,-41.19546372,174.8271054
Wellington City,1N/1060/1.276,750,N, ,CHURTON PARK ON NBD,2954270,3/07/09,Fri,1000,CA,CN1C,132A 331A 800 831 ,,M,W,O ,F , ,N,R,100,0,0,0,,,1753180,5437932,-41.19549659,174.8267366
Wellington City,1N/1060/1.319,1000,S, ,TAWA OFF NBD,2952381,20/04/09,Mon,1407,FD,CN1C,331A 353A 817 ,,R,W,O ,L , ,N,R,100,0,0,0,,,1753148,5437904,-41.19575474,174.8263622
Wellington City,1N/1060/1.319,1000,S, ,TAWA OFF NBD,2956960,13/12/09,Sun,1335,CC,CN1,381A 407A ,C,R,D,O ,F , ,N,R,100,0,0,0,,,1753148,5437904,-41.19575474,174.8263622
Wellington City,1N/1060/1.626,400,N, ,CHURTON PARK ON NBD,2912783,15/08/09,Sat,854,CC,CN1,137A ,EF,R,W,O ,F , ,N,R,100,0,1,0,,,1752979,5437650,-41.19807353,174.8244113
Wellington City,1N/1060/1.826,200,N, ,CHURTON PARK ON NBD,2956031,24/10/09,Sat,1455,FA,4N1C,331A 184B ,,E,D,B ,F , ,N,C,100,0,0,0,,,1752935,5437455,-41.19983749,174.8239356
Wellington City,1N/1060/1.835,200,N, ,CHURTON PARK OFF SBD,2912297,7/05/09,Thu,710,FD,CS1C,181A ,,R,W,TN,L , ,N,C,100,0,0,1,,,1752949,5437446,-41.19991588,174.8241047
Wellington City,1N/1060/1.835,200,N, ,CHURTON PARK OFF SBD,2955877,23/10/09,Fri,700,CA,CS1,130A 420A ,G,R,W,O ,L , ,N,R,100,0,0,0,,,1752949,5437446,-41.19991588,174.8241047
Wellington City,1N/1060/2.005,30,N, ,CHURTON PARK OFF SBD,2951291,12/03/09,Thu,810,AO,MS1C,132A 151A ,,R,D,B ,F , ,N,R,100,0,0,0,,,1752887,5437288,-41.20135011,174.8234051
Wellington City,1N/1060/2.499,350,N, ,CHURTON PARK ON SBD,2953263,19/06/09,Fri,1113,AO,TS1C,387A ,,R,D,B ,F , ,N,R,100,0,0,0,,,1752608,5436891,-41.20497708,174.8201783
Wellington City,1N/1060/2.769,100,N, ,CHURTON PARK OFF NBD,2952786,9/06/09,Tue,1506,QG,VN1CC,341B 370C ,D,E,W,O ,F , ,N,R,100,0,0,0,,,1752398,5436708,-41.20666425,174.8177204
Wellington City,1N/1060/2.769,100,N, ,CHURTON PARK OFF NBD,2953086,25/05/09,Mon,850,CA,4N1C,132A 137A 817 ,,R,W,O ,L , ,N,R,100,0,0,0,,,1752398,5436708,-41.20666425,174.8177204
Wellington City,1N/1060/2.769,100,N, ,CHURTON PARK OFF NBD,2953614,15/06/09,Mon,627,FA,CN1V,331A ,,R,D,DN,F , ,N,R,100,0,0,0,,,1752398,5436708,-41.20666425,174.8177204
Wellington City,1N/1060/2.849,, ,A,CHURTON PARK ON SBD,2952187,8/05/09,Fri,657,FD,CS14,331A ,,R,W,O ,L , ,N,R,100,0,0,0,,,1752380,5436635,-41.20732488,174.817524
Wellington City,1N/1060/2.969,100,S, ,CHURTON PARK OFF NBD,2955726,25/07/09,Sat,754,AD,CN1,130A 402A ,G,R,D,B ,F , ,N,C,100,0,0,0,,,1752312,5436527,-41.20831004,174.8167402
Wellington City,1N/1060/3.035,1000,S, ,CHURTON PARK OFF SBD,2956134,19/10/09,Mon,2209,AA,4S1C,181A 372A ,,R,D,DO,F , ,N,C,100,0,0,0,,,1752301,5436467,-41.20885232,174.8166241
Wellington City,1N/1060/3.149,300,S, ,CHURTON PARK ON SBD,2952992,22/05/09,Fri,1002,FD,CS14V,112A 135A 181A 801 ,,R,W,O ,L , ,N,R,100,0,0,0,,,1752253,5436363,-41.20979769,174.8160777
Wellington City,1N/1060/3.23,1000,N, ,JOHNSONVILLE OFF SBD,2951854,25/03/09,Wed,545,AC,4S1C,434A ,,R,W,DO,L , ,N,R,100,0,0,0,,,1752220,5436290,-41.21046115,174.8157024
Wellington City,1N/1060/3.366,3700,S, ,TAWA ON NBD,2913387,9/09/09,Wed,1440,DB,CN1,410A ,C,E,D,B ,F , ,N,R,100,0,1,1,,,1752150,5436165,-41.21159973,174.814899
Wellington City,1N/1060/3.43,800,N, ,JOHNSONVILLE OFF SBD,2951962,27/04/09,Mon,900,FD,CS1C,181A ,,R,W,O ,H , ,N,C,100,0,0,0,,,1752140,5436107,-41.2121238,174.8147942
Wellington City,1N/1060/3.549,700,S, ,CHURTON PARK ON SBD,2953421,11/06/09,Thu,730,FD,4S1VC,181A 191B ,,R,W,O ,L , ,N,R,100,0,0,0,,,1752089,5435998,-41.21311476,174.8142132
Wellington City,1N/1060/3.73,500,N, ,JOHNSONVILLE ON NBD,2913565,2/12/09,Wed,2144,CA,MN1,135A 801 ,,R,W,DN,L , ,N,R,100,0,0,1,,,1751994,5435837,-41.21458215,174.8131206
Wellington City,1N/1060/3.869,1000,S, ,CHURTON PARK OFF NBD,2956036,8/10/09,Thu,1730,AA,MN1C,181A 191B ,,R,W,O ,L , ,N,R,100,0,0,0,,,1751933,5435711,-41.21572803,174.8124246
Wellington City,1N/1060/4.18,50,N, ,JOHNSONVILLE ON NBD,2913765,16/12/09,Wed,1710,FD,CN1CM,331A 158C ,,R,D,B ,F , ,N,R,100,0,0,1,,,1751799,5435431,-41.21827412,174.8108964
Wellington City,1N/1060/4.18,50,N, ,JOHNSONVILLE ON NBD,2952524,8/05/09,Fri,1720,FD,CN1C,135A 181A 191B 801 ,,R,W,TO,L , ,N,C,100,0,0,0,,,1751799,5435431,-41.21827412,174.8108964
Wellington City,1N/1060/4.19,40,N, ,JOHNSONVILLE OFF SBD,2912419,30/06/09,Tue,650,FD,CS1C,135A 181A 801 ,,R,W,DN,L , ,N,R,100,0,0,1,,,1751811,5435421,-41.2183619,174.811042
Wellington City,1N/1060/4.2,30,N, ,JOHNSONVILLE OFF SBD,2952201,22/05/09,Fri,630,FD,TS1C,331A 358A 645A ,,R,W,O ,L , ,N,R,100,0,0,0,,,1751807,5435412,-41.21844368,174.8109965
Wellington City,1N/1060/4.33,100,S, ,JOHNSONVILLE ON NBD,2953346,3/06/09,Wed,1820,FD,4N1C,331A ,,E,D,DO,F , ,N,R,80,0,0,0,,,1751735,5435295,-41.21951058,174.8101671
Wellington City,1N/1060/4.43,200,S, ,JOHNSONVILLE OFF SBD,2956522,8/12/09,Tue,1610,AC,VS1C,372A ,,R,D,O ,F , ,N,C,100,0,0,0,,,1751704,5435207,-41.22030869,174.8098193
Wellington City,1N/1060/4.649,100,S, ,HELSTON OBR,2955679,14/10/09,Wed,1700,FD,CN1C,181A ,,R,W,O ,H , ,N,R,100,0,0,0,,,1751627,5434997,-41.22221384,174.8089532
Wellington City,1N/1060/5.362,30,N, ,JOHNSONVILLE OFF NBD,2951484,11/03/09,Wed,1454,AF,CN1,111A ,GJ,E,W,O ,L , ,N,R,80,0,0,0,,,1751580,5434305,-41.22845299,174.8085645
Wellington City,1N/1060/5.432,40,S, ,JOHNSONVILLE OFF NBD,2911252,13/02/09,Fri,1617,DB,CN1,131A 402A ,G,M,D,O ,F , ,N,R,80,0,0,1,,,1751613,5434244,-41.22899601,174.8089732
Wellington City,1N/1060/5.442,50,S, ,JOHNSONVILLE OFF NBD,2952356,21/05/09,Thu,1530,AA,4N1T,372A ,,M,D,O ,F , ,N,R,80,0,0,0,,,1751618,5434235,-41.2290761,174.809035
Wellington City,1N/1060/5.592,200,S, ,JOHNSONVILLE OFF NBD,2952164,3/04/09,Fri,1750,AA,CN1C,140A 372A ,,R,D,O ,F , ,N,R,80,0,0,0,,,1751686,5434101,-41.23026981,174.8098793
Wellington City,1N/1060/5.595,200,S, ,NEWLANDS OFF SBD,2951335,24/02/09,Tue,640,FD,TS1CC,181A ,,E,D,TF,F , ,N,R,80,0,0,0,,,1751697,5434102,-41.23025874,174.8100102
Wellington City,1N/1060/5.692,300,S, ,JOHNSONVILLE OFF NBD,2954818,19/08/09,Wed,1707,FD,CN1C,132A 331A 832 ,,R,D,O ,F , ,N,R,80,0,0,0,,,1751687,5434002,-41.23116095,174.8099158
Wellington City,1N/1060/5.747,20,N, ,NEWLANDS OBR SBD,2953892,30/06/09,Tue,842,AC,TN1C,372A ,,R,W,O ,L , ,N,R,80,0,0,0,,,1751686,5433953,-41.23160231,174.809916
Wellington City,1N/1060/5.837,50,N, ,NEWLANDS ON NBD,2952271,2/02/09,Mon,830,CA,VN1,112A 130A ,,R,D,B ,F , ,N,R,90,0,0,0,,,1751610,5433882,-41.23225579,174.8090273
Wellington City,1N/1060/5.857,100,S, ,JOHNSONVILLE ON SBD,2912662,24/07/09,Fri,815,FD,CS1C,181A ,,R,W,O ,F , ,N,R,80,0,0,1,,,1751618,5433867,-41.23238934,174.8091264
Wellington City,1N/1060/5.9,100,N, ,NEWLANDS ON SBD,2951633,27/02/09,Fri,1700,CC,BS1C,137A 197B ,G,R,D,B ,F , ,N,R,80,0,0,0,,,1751591,5433834,-41.23269152,174.8088126
Wellington City,1N/1060/5.916,700,N, ,ABATTOIRS ROAD,2912809,30/08/09,Sun,1657,DA,CN1,135A 198A 407A 801 901 ,C,E,W,O ,HS, ,N,R,80,0,0,1,,,1751560,5433821,-41.23281437,174.8084461
Wellington City,1N/1060/5.928,40,S, ,NEWLANDS ON NBD,2912373,18/06/09,Thu,1716,AC,CN1CCC,181A ,,R,D,DO,F , ,N,R,80,0,0,1,,,1751553,5433812,-41.23289671,174.8083648
Wellington City,1N/1060/5.96,40,N, ,NEWLANDS ON SBD,2956978,15/12/09,Tue,641,AC,TS1C,372A ,,R,W,O ,F , ,N,R,80,0,0,0,,,1751552,5433788,-41.23311298,174.8083589
Wellington City,1N/1060/5.988,100,S, ,NEWLANDS ON NBD,2951667,1/04/09,Wed,1711,FD,CN14C,112A 181A ,,R,D,O ,F , ,N,R,80,0,0,0,,,1751514,5433766,-41.23331817,174.8079111
Wellington City,1N/1060/6,, ,I,NEWLANDS ON SBD,2951108,11/02/09,Wed,1720,FD,CS1CC,181A 180B ,,E,D,O ,F ,T,N,C,50,0,0,0,,,1751527,5433757,-41.23339677,174.8080684
Wellington City,1N/1060/6.15,150,S, ,NEWLANDS ON SBD,2951959,27/03/09,Fri,745,FA,MS1C,158A 386A ,,R,D,O ,F , ,N,N,80,0,0,0,,,1751429,5433643,-41.23444151,174.8069279
Wellington City,1N/1060/6.15,150,S, ,NEWLANDS ON SBD,2952380,20/04/09,Mon,648,CA,CS1CC,132A 801 ,,R,W,DO,H , ,N,R,80,0,0,0,,,1751429,5433643,-41.23444151,174.8069279
Wellington City,1N/1060/6.2,200,S, ,NEWLANDS ON SBD,2951045,27/01/09,Tue,1258,DB,VS1,135A 800 ,G,M,W,O ,L , ,N,R,80,0,0,0,,,1751397,5433605,-41.23478963,174.8065556
Wellington City,1N/1060/6.293,50,S, ,NEWLANDS OFF NBD,2954065,9/05/09,Sat,1400,AC,4N1C,372A 817 ,,E,D,O ,F , ,N,R,80,0,0,0,,,1751324,5433528,-41.23549655,174.805704
Wellington City,1N/1060/6.293,50,S, ,NEWLANDS OFF NBD,2912282,2/06/09,Tue,1615,AC,VN1T,135A 682B 806 ,C,E,D,O ,F , ,N,R,80,0,0,1,,,1751324,5433528,-41.23549655,174.805704
Wellington City,1N/1060/6.317,300,N, ,ABATTOIRS ROAD,2953633,22/05/09,Fri,1745,FD,CN1C,331A ,,M,D,DO,F , ,N,R,80,0,0,0,,,1751314,5433507,-41.23568749,174.80559
Wellington City,1N/1060/6.343,100,S, ,NEWLANDS OFF NBD,2955868,20/06/09,Sat,14,DA,CN1,103A ,C,E,W,DO,LS, ,N,N,80,0,0,0,,,1751305,5433482,-41.23591426,174.8054888
Wellington City,1N/1060/6.351,350,S, ,NEWLANDS ON SBD,2952099,20/02/09,Fri,1230,DA,CS1CT,131A 137B ,C,M,W,O ,H , ,N,R,80,0,0,0,,,1751318,5433479,-41.23593884,174.8056446
Wellington City,1N/1060/6.387,230,N, ,STOCK ROUTE,2955377,31/08/09,Mon,1210,DA,CN1,133A 402A 632A 823 ,CT,M,W,B ,F , ,N,R,80,0,0,0,,,1751291,5433440,-41.23629502,174.8053323
Wellington City,1N/1060/6.393,150,S, ,NEWLANDS OFF NBD,2953434,12/06/09,Fri,2130,AC,CN1C,135A 402A 403A 801 ,P,E,W,DO,L , ,N,R,80,0,0,0,,,1751291,5433434,-41.23634904,174.8053337
Wellington City,1N/1060/6.4,400,S, ,NEWLANDS ON SBD,2912082,12/06/09,Fri,843,FD,CS1C,181A ,,E,W,O ,L , ,N,R,80,0,0,1,,,1751303,5433431,-41.2363738,174.8054776
Wellington City,1N/1060/6.4,400,S, ,NEWLANDS ON SBD,2951846,20/02/09,Fri,1358,CA,VS1C,403A 420A ,,E,W,O ,H , ,N,R,80,0,0,0,,,1751303,5433431,-41.2363738,174.8054776
Wellington City,1N/1060/6.501,500,S, ,NEWLANDS ON SBD,2956962,27/12/09,Sun,1145,DB,4S1,111A ,FG,E,D,O ,FS, ,N,R,80,0,0,0,,,1751296,5433332,-41.23726645,174.8054187
Wellington City,1N/1060/6.543,300,S, ,NEWLANDS OFF NBD,2911267,22/01/09,Thu,1825,FD,4N1C,181A 191B ,,E,D,O ,F , ,N,R,80,0,0,1,,,1751290,5433286,-41.23768173,174.8053585
Wellington City,1N/1060/6.601,600,S, ,NEWLANDS ON SBD,2913130,30/08/09,Sun,2015,DB,CS1,132A 402A ,G,M,W,DO,HS, ,N,R,80,0,0,1,,,1751322,5433236,-41.23812591,174.8057526
Wellington City,1N/1060/6.602,15,N, ,ABATTOIRS ROAD,2952383,27/04/09,Mon,842,DA,CN1,111A ,IJS,M,W,O ,H , ,N,R,80,0,0,0,,,1751307,5433230,-41.23818274,174.8055751
Wellington City,1N/1060/6.624,650,N, ,CENTENNIAL SBD,2955865,14/10/09,Wed,1705,FD,VS1T,111A 406A 610A ,,E,W,O ,LS, ,N,R,80,0,0,0,,,1751333,5433215,-41.23831292,174.805889
Wellington City,1N/1060/6.651,650,S, ,NEWLANDS ON SBD,2955201,30/08/09,Sun,2015,DB,CS1,116A 135A 353A 806 901 ,GK,M,W,DO,HS, ,N,R,80,0,0,0,,,1751346,5433193,-41.23850856,174.8060495
Wellington City,1N/1060/6.767,150,S, ,STOCK ROUTE,2912549,21/07/09,Tue,1820,AA,CN1C,372A ,,E,W,DO,F , ,N,R,80,0,0,1,,,1751411,5433105,-41.23928869,174.8068466
Wellington City,1N/1060/6.775,500,N, ,CENTENNIAL SBD,2952343,26/05/09,Tue,730,AO,MS1C,151A 386A ,,E,W,O ,L , ,N,R,80,0,0,0,,,1751434,5433106,-41.23927538,174.8071207
Wellington City,1N/1060/6.817,200,S, ,ABATTOIRS ROAD,2952097,8/04/09,Wed,1307,FF,CN1C,331A ,,R,D,B ,F , ,N,R,80,0,0,0,,,1751452,5433077,-41.23953311,174.8073426
Wellington City,1N/1060/6.875,400,N, ,CENTENNIAL SBD,2950790,22/02/09,Sun,1300,AA,CS1C,372A ,G,M,D,B ,FS, ,N,R,100,0,0,0,,,1751512,5433043,-41.23982799,174.8080667
Wellington City,1N/1060/6.875,400,N, ,CENTENNIAL SBD,2951726,25/02/09,Wed,750,FD,VS1CC,112A 331A ,,R,W,DF,L , ,N,R,50,0,0,0,,,1751512,5433043,-41.23982799,174.8080667
Wellington City,1N/1060/6.917,300,N, ,TYERS ROAD,2954176,28/05/09,Thu,1647,FD,CN1C,181A 403A ,,E,D,O ,F , ,N,R,80,0,0,0,,,1751528,5433011,-41.2401131,174.8082655
Wellington City,1N/1060/7,1000,S, ,NEWLANDS ON SBD,2911392,27/01/09,Tue,1239,AD,VS1C,132A ,,M,W,O ,L , ,N,R,80,0,0,1,,,1751596,5432950,-41.24064956,174.8090917
Wellington City,1N/1060/7,1000,S, ,NEWLANDS ON SBD,2951720,16/03/09,Mon,1150,QG,CS1C,682A ,D,M,D,B ,F , ,N,R,80,0,0,0,,,1751596,5432950,-41.24064956,174.8090917
Wellington City,1N/1060/7.017,200,N, ,TYERS ROAD,2913131,28/09/09,Mon,1405,DA,CN1C,135A 135B 806 ,GG,E,W,O ,L , ,N,R,80,0,0,1,,,1751590,5432933,-41.24080374,174.8090244
Wellington City,1N/1060/7.116,100,N, ,TYERS ROAD,2911874,15/04/09,Wed,1950,AO,CN1T,353A 370A ,,E,D,DO,F , ,N,R,80,0,1,2,,,1751651,5432855,-41.24149456,174.8097714
Wellington City,1N/1060/7.125,150,N, ,CENTENNIAL SBD,2950155,3/01/09,Sat,1826,DB,CS1,351A 402A ,G,E,D,B ,F , ,N,R,80,0,0,0,,,1751676,5432855,-41.24148988,174.8100696
Wellington City,1N/1060/7.137,80,N, ,TYERS ROAD,2953057,12/06/09,Fri,549,AA,TN1C,372A ,,E,W,DO,L , ,N,R,80,0,0,0,,,1751666,5432840,-41.2416268,174.809954
Wellington City,1N/1060/7.145,130,W, ,CENTENNIAL SBD,2952406,24/03/09,Tue,626,DB,CS1,131A 330A ,G,E,W,DO,F , ,N,R,100,0,0,0,,,1751690,5432841,-41.2416133,174.81024