TLA NAME,CRASH ROAD,CRASH DIST,CRASH DIRN,INTSN,SIDE ROAD,CRASH ID,CRASH DATE,CRASH DOW,CRASH TIME,MVMT,VEHICLES,CAUSES,OBJECTS STRUCK,ROAD CURVE,ROAD WET,LIGHT,WTHRa,JUNC TYPE,TRAF CTRL,ROAD MARK,SPD LIM,CRASH FATAL CNT,CRASH SEV CNT,CRASH MIN CNT,PERS AGE1,PERS AGE2,EASTING,NORTHING,latitude,longitude
Wellington City,1N/1060/7.166,50,W, ,TYERS ROAD,2912162,29/03/09,Sun,118,DA,VW1,103A 129A ,P,E,D,DO,F , ,N,R,80,0,1,0,,,1751687,5432819,-41.24181193,174.8102097
Wellington City,1N/1060/7.167,50,N, ,TYERS ROAD,2956170,23/11/09,Mon,114,DA,CN1,130A ,G,M,D,DO,F , ,N,R,80,0,0,0,,,1751687,5432819,-41.24181193,174.8102097
Wellington City,1N/1060/7.174,100,N, ,CENTENNIAL SBD,2954236,25/07/09,Sat,2153,AC,CS1C,159A ,,R,D,DO,F , ,N,C,100,0,0,0,,,1751714,5432824,-41.24176185,174.8105305
Wellington City,1N/1060/7.174,100,W, ,CENTENNIAL SBD,2913269,17/11/09,Tue,825,FD,CE1C,181A ,,R,D,B ,F , ,N,R,100,0,0,2,,,1751714,5432824,-41.24176185,174.8105305
Wellington City,1N/1060/7.175,100,N, ,CENTENNIAL SBD,2912823,10/09/09,Thu,844,FD,BS1CC,181A ,,R,D,B ,F , ,N,R,80,0,0,2,,,1751714,5432823,-41.24177085,174.8105308
Wellington City,1N/1060/7.177,40,N, ,TYERS ROAD,2912785,30/08/09,Sun,2035,DA,CN1,108A 111A 135A 801 901 ,GP,M,W,DO,H , ,N,R,80,0,0,1,,,1751695,5432814,-41.24185545,174.8103064
Wellington City,1N/1060/7.216,, ,I,TYERS ROAD,2912927,29/08/09,Sat,945,DB,CN1,111A 172A 192A ,S,E,D,B ,F ,T,N,R,80,0,0,2,,,1751729,5432793,-41.24203814,174.8107172
Wellington City,1N/1060/7.225,50,N, ,CENTENNIAL SBD,2911304,18/02/09,Wed,740,AO,SS1S,372A 110B 204B ,C,M,D,B ,F , ,N,R,80,0,1,0,,36,1751757,5432797,-41.24199687,174.8110502
Wellington City,1N/1060/7.226,10,S, ,TYERS ROAD,2953185,4/06/09,Thu,755,FD,VN1V,181A 351A ,,M,D,B ,F ,T,N,R,80,0,0,0,,,1751738,5432789,-41.24207246,174.8108255
Wellington City,1N/1060/7.304,30,S, ,CENTENNIAL SBD,2911710,4/02/09,Wed,2315,DB,CS1,103A ,G,E,D,DO,F , ,N,R,80,0,1,0,,,1751828,5432763,-41.24228966,174.8119055
Wellington City,1N/1060/7.341,20,N, ,CENTENNIAL NBD,2913109,22/09/09,Tue,935,AC,VN1C,110A 372A 503A ,P,M,D,O ,F , ,N,R,80,0,0,1,,,1751842,5432741,-41.2424851,174.812078
Wellington City,1N/1060/7.361,, ,I,CENTENNIAL NBD,2955413,12/09/09,Sat,1514,DB,CN1C,111A 135A 801 ,,M,W,O ,L ,T,N,R,100,0,0,0,,,1751860,5432733,-41.24255375,174.8122947
Wellington City,1N/1060/7.374,100,S, ,CENTENNIAL SBD,2955370,14/07/09,Tue,836,AC,4S1M,330A 372A ,,E,W,O ,H , ,N,R,60,0,0,0,,,1751890,5432731,-41.24256612,174.812653
Wellington City,1N/1060/7.474,200,S, ,CENTENNIAL SBD,2953077,29/04/09,Wed,543,FA,CS1C,331A ,,R,D,DO,F , ,N,R,100,0,0,0,,,1751966,5432666,-41.24313706,174.8135758
Wellington City,1N/1060/7.561,200,S, ,CENTENNIAL NBD,2911418,13/02/09,Fri,450,DB,4N1,102A 351A ,GT,E,W,DO,L , ,N,R,100,0,0,2,,,1751998,5432593,-41.24378829,174.8139756
Wellington City,1N/1060/7.847,450,N, ,SH 2,2951003,3/02/09,Tue,810,FD,CS1CC,331A 353A ,,E,W,O ,L , ,N,R,80,0,0,0,,,1752074,5432316,-41.24626792,174.8149512
Wellington City,1N/1060/7.957,340,N, ,SH 2,2955677,13/06/09,Sat,600,DA,CS1C,111A ,G,M,W,DO,F , ,N,C,100,0,0,0,,,1752045,5432211,-41.24721872,174.8146315
Wellington City,1N/1060/8.037,260,N, ,SH 2,2952997,29/04/09,Wed,543,DA,CS1,137A ,G,M,W,DO,L , ,N,C,100,0,0,0,,,1752002,5432144,-41.24783003,174.8141352
Wellington City,1N/1060/8.106,150,N, ,SH 2,2953802,2/07/09,Thu,1740,AF,CN1,132A ,G,E,D,DO,L , ,N,R,100,0,0,0,,,1751890,5432111,-41.24814819,174.8128073
Wellington City,1N/1060/8.124,850,S, ,CENTENNIAL SBD,2955394,14/10/09,Wed,1755,DB,CS1,132A 406A ,P,E,W,O ,L , ,N,R,100,0,0,0,,,1751939,5432085,-41.24837307,174.8133984
Wellington City,1N/1060/8.147,150,N, ,SH 2,2955678,27/08/09,Thu,627,DA,CS1,111A ,G,M,W,DO,L , ,N,R,100,0,0,0,,,1751920,5432072,-41.24849368,174.8131749
Wellington City,1N/1060/8.197,100,N, ,SH 2,2953076,30/04/09,Thu,2138,DA,CS1C,137A ,G,M,D,DO,F , ,N,R,100,0,0,0,,,1751878,5432044,-41.24875367,174.8126809
Wellington City,1N/1060/8.277,20,E, ,SH 2,2953667,29/07/09,Wed,725,FD,CS1C,181A ,,R,D,O ,F ,Y,N,R,100,0,0,0,,,1751809,5432004,-41.24912676,174.8118677
Wellington City,1N/1060/8.297,, ,I,SH 2,2956154,1/12/09,Tue,836,KA,CS1V,184A 382A ,,R,W,O ,H ,T,N,R,100,0,0,0,,,1751791,5431996,-41.24920217,174.811655
Wellington City,1N/1068/0.05,50,S, ,SH 2,2913040,6/07/09,Mon,716,FD,MS1C,331A 353A ,,R,D,O ,F , ,N,R,100,0,1,0,,,1751749,5431968,-41.24946215,174.8111609
Wellington City,1N/1068/0.05,50,S, ,SH 2,2956634,8/12/09,Tue,837,AC,CN1C,181A 434A ,,R,D,O ,F , ,N,R,100,0,0,0,,,1751735,5431985,-41.24931172,174.8109896
Wellington City,1N/1068/0.1,100,S, ,SH 2,2957160,16/12/09,Wed,1757,AC,4N1C,372A 410A ,,R,D,B ,F , ,N,R,100,0,0,0,,,1751695,5431955,-41.24958932,174.8105199
Wellington City,1N/1068/0.1,100,S, ,SH 2,2956442,10/12/09,Thu,1810,AA,CN1C,372A ,,R,D,O ,F , ,N,R,100,0,0,0,,,1751695,5431955,-41.24958932,174.8105199
Wellington City,1N/1068/0.1,100,S, ,SH 2,2956213,24/11/09,Tue,1716,AC,CN1V,353A ,,R,W,B ,F , ,N,R,100,0,0,0,,,1751695,5431955,-41.24958932,174.8105199
Wellington City,1N/1068/0.2,200,S, ,SH 2,2956955,31/12/09,Thu,1158,AC,CS1C,372A 159B ,,E,D,B ,F , ,N,R,100,0,0,0,,,1751625,5431883,-41.2502507,174.8097027
Wellington City,1N/1068/0.22,220,S, ,SH 2,2955334,14/09/09,Mon,1337,AO,CN1,358A ,G,R,D,O ,F , ,N,R,100,0,0,0,,,1751596,5431886,-41.25022913,174.809356
Wellington City,1N/1068/0.25,250,S, ,SH 2,2953997,10/07/09,Fri,844,AO,TS1C,372A 671A ,,R,D,B ,F , ,N,C,100,0,0,0,,,1751584,5431856,-41.25050148,174.8092203
Wellington City,1N/1068/0.5,500,S, ,SH 2,2913437,26/10/09,Mon,1650,CC,CS1,132A ,G,R,D,O ,F , ,N,R,100,0,0,1,,,1751389,5431701,-41.25193354,174.8069325
Wellington City,1N/1068/0.834,2000,N, ,AOTEA OFF SBD,2956207,28/11/09,Sat,820,DB,CS1,111A 135A 801 ,G,E,W,O ,L , ,N,R,100,0,0,0,,,1751148,5431470,-41.25405842,174.8041146
Wellington City,1N/1068/0.834,2000,N, ,AOTEA OFF SBD,2953399,16/07/09,Thu,1815,EC,VS1V,682A ,D,E,D,O ,F , ,N,R,100,0,0,0,,,1751148,5431470,-41.25405842,174.8041146
Wellington City,1N/1068/1,1000,S, ,SH 2,2912807,19/08/09,Wed,1734,MO,MN1C,135A 804 ,M,R,D,B ,F , ,N,R,100,0,0,1,,,1750995,5431398,-41.25473526,174.8023071
Wellington City,1N/1068/1,1000,S, ,SH 2,2953436,12/06/09,Fri,713,FD,TS1C,181A 350A ,,E,W,TN,L , ,N,R,100,0,0,0,,,1751006,5431385,-41.25485024,174.8024415
Wellington City,1N/1068/1.009,1500,N, ,AOTEA ON NBD,2953712,29/06/09,Mon,1536,FD,4N1C,331A 353A 402A 817 ,,R,W,O ,L , ,N,R,100,0,0,0,,,1750986,5431395,-41.25476395,174.8022004
Wellington City,1N/1068/1.334,1500,N, ,AOTEA OFF SBD,2950521,12/02/09,Thu,918,FD,CS1V,412A ,,R,W,O ,L , ,N,R,100,0,0,0,,,1750694,5431266,-41.25597988,174.7987486
Wellington City,1N/1068/1.5,1500,S, ,SH 2,2911833,8/04/09,Wed,730,CA,MS1,132A ,,R,W,B ,F , ,N,R,100,0,0,1,,,1750548,5431189,-41.25670035,174.7970257
Wellington City,1N/1068/1.709,800,N, ,AOTEA ON NBD,2953157,22/05/09,Fri,1302,CA,CN1,130A ,G,R,W,O ,LS, ,N,C,100,0,0,0,,,1750359,5431092,-41.25760886,174.7947947
Wellington City,1N/1068/2,2000,S, ,SH 2,2913524,1/12/09,Tue,1502,FD,CN1CC,181A 191B 372C ,,E,W,O ,L , ,N,R,100,0,0,2,,,1750152,5430889,-41.25947504,174.7923749
Wellington City,1N/1068/2.234,600,E, ,AOTEA OFF SBD,2912966,30/10/09,Fri,920,FD,CS1C,181A 350A ,,R,D,O ,F , ,N,R,100,0,0,1,,,1750020,5430690,-41.26129124,174.7908489
Wellington City,1N/1068/2.234,600,E, ,AOTEA OFF SBD,2953061,27/04/09,Mon,1130,QG,TS1VC,682A ,D,R,W,O ,H , ,N,R,100,0,0,0,,,1750020,5430690,-41.26129124,174.7908489
Wellington City,1N/1068/2.234,600,N, ,AOTEA OFF SBD,2956992,23/12/09,Wed,930,QG,VS1C,682A 903 ,D,R,D,B ,FS, ,N,C,100,0,0,0,,,1750020,5430690,-41.26129124,174.7908489
Wellington City,1N/1068/2.334,500,E, ,AOTEA OFF SBD,2911440,26/01/09,Mon,750,FD,CS1C,331A ,,E,D,B ,F , ,N,R,100,0,0,1,,,1749940,5430631,-41.26183729,174.7899089
Wellington City,1N/1068/2.359,150,N, ,AOTEA ON NBD,2913652,7/12/09,Mon,735,AA,CN1C,184A 381A 507A ,,E,D,B ,F , ,N,R,100,0,0,1,,,1749910,5430629,-41.26186086,174.7895514
Wellington City,1N/1068/2.409,100,E, ,AOTEA ON NBD,2957136,3/11/09,Tue,927,FA,4N1C,331A 191B 404B ,,E,D,O ,F , ,N,R,100,0,0,0,,,1749867,5430603,-41.26210293,174.7890447
Wellington City,1N/1068/2.409,100,N, ,AOTEA ON NBD,2912326,13/07/09,Mon,1835,FD,CN1C,331A 353A ,,E,D,DO,F , ,N,R,100,0,0,3,,,1749867,5430603,-41.26210293,174.7890447
Wellington City,1N/1068/2.434,400,N, ,AOTEA OFF SBD,2953470,28/05/09,Thu,845,FA,MS1C,151A ,,R,D,B ,F , ,N,R,100,0,0,0,,,1749855,5430579,-41.26232123,174.7889074
Wellington City,AOTEA ON NBD,, ,I,1N/1068/2.509,2955888,28/10/09,Wed,1712,FB,CN1C,331A 353A 191B ,,E,D,O ,F ,T,N,R,100,0,0,0,,,1749782,5430550,-41.26259587,174.7880435
Wellington City,1N/1068/2.509,, ,I,AOTEA ON NBD,2955382,28/03/09,Sat,2025,QG,CN1C,682A ,D,E,D,O ,F ,T,N,R,100,0,0,0,,,1749782,5430550,-41.26259587,174.7880435
Wellington City,1N/1068/2.534,300,N, ,AOTEA OFF SBD,2913759,10/10/09,Sat,2300,FA,CS1CC,104A 112A 660A ,GG,R,D,DO,F , ,N,R,100,0,0,3,,,1749774,5430521,-41.26285845,174.7879552
Wellington City,1N/1068/2.609,100,S, ,AOTEA ON NBD,2951250,12/02/09,Thu,1637,FD,VN1M,110A 181A ,,R,W,O ,H , ,N,R,100,0,0,0,,,1749717,5430474,-41.26329218,174.7872866
Wellington City,1N/1068/2.609,100,S, ,AOTEA ON NBD,2953205,11/05/09,Mon,1645,FD,CN1C,331A 358A ,,R,D,O ,F , ,N,R,100,0,0,0,,,1749717,5430474,-41.26329218,174.7872866
Wellington City,1N/1068/2.634,200,E, ,AOTEA OFF SBD,2951351,14/01/09,Wed,1645,AC,CS1X,385A 434A ,,M,D,B ,F , ,N,R,100,0,0,0,,,1749711,5430443,-41.26357239,174.7872226
Wellington City,1N/1068/3.009,500,S, ,AOTEA ON NBD,2911910,1/04/09,Wed,1350,FA,CN1M,181A ,,R,D,O ,F , ,N,C,100,0,0,1,,,1749469,5430161,-41.26615617,174.7844041
Wellington City,1N/1068/3.134,300,S, ,AOTEA OFF SBD,2911712,9/03/09,Mon,730,AO,MS1C,112A 177A ,,R,D,B ,F , ,N,C,100,0,0,1,,,1749396,5430055,-41.26712403,174.783559
Wellington City,1N/1068/3.623,, ,I,MURPHY OFF SBD,2955849,30/08/09,Sun,1642,DB,CS1,135A 190A 807 ,C,E,W,O ,HS,T,N,R,100,0,0,0,,,1749091,5429676,-41.27059269,174.7800122
Wellington City,1N/1068/3.634,800,S, ,AOTEA OFF SBD,2955554,5/10/09,Mon,915,QG,TS1V,682A ,X,R,W,O ,L , ,N,C,100,0,0,0,,,1749082,5429669,-41.27065737,174.7799065
Wellington City,1N/1068/3.65,50,N, ,MAY ON NBD,2954320,23/07/09,Thu,1650,FD,CN1CVV,132A 135A 191B 181D 801 ,,R,W,O ,L , ,N,R,100,0,0,0,,,1749060,5429671,-41.27064343,174.7796435
Wellington City,1N/1068/3.78,80,S, ,MAY ON NBD,2955873,5/11/09,Thu,1215,QG,VN1CCC,682A ,DDD,R,D,O ,F , ,N,R,100,0,0,0,,,1748958,5429591,-41.27138252,174.7784458
Wellington City,1N/1068/3.922,20,N, ,HAWKESTONE OFF SBD,2911958,1/04/09,Wed,845,FD,CS1C,181A 402A ,,R,D,B ,F , ,N,R,100,0,0,1,,,1748870,5429476,-41.27243414,174.7774237
Wellington City,1N/1068/3.982,40,S, ,HAWKESTONE OFF SBD,2954097,17/07/09,Fri,2203,CA,CS1,132A ,G,R,W,DO,F , ,N,R,100,0,0,0,,,1748830,5429432,-41.27283766,174.7769571
Wellington City,1N/1068/4.093,50,N, ,TINAKORI ON NBD,2953799,8/07/09,Wed,1928,FD,CN1CC,112A 338A 817 ,,R,D,DN,F , ,N,R,100,0,0,0,,,1748744,5429362,-41.27348375,174.7759479
Wellington City,1N/1068/4.093,50,N, ,TINAKORI ON NBD,2951328,20/02/09,Fri,856,DB,CN1,135A 823 ,G,M,W,O ,H , ,N,R,100,0,0,0,,,1748744,5429362,-41.27348375,174.7759479
Wellington City,1N/1068/4.667,50,N, ,TERRACE OFF SBD,2951292,21/02/09,Sat,1503,AA,XS1C,372A 402B ,,R,D,B ,F , ,N,C,100,0,0,0,,,1748523,5428852,-41.27811619,174.7734347
Wellington City,1N/1068/4.687,30,N, ,TERRACE OFF SBD,2953211,26/05/09,Tue,657,CA,MS1,112A 132A ,,R,W,DO,L , ,N,R,100,0,0,0,,,1748524,5428832,-41.27829608,174.7734516
Wellington City,1N/1068/4.751,100,N, ,TINAKORI OFF NBD,2956317,9/12/09,Wed,1430,QG,TN1C,682A ,D,E,D,B ,FS, ,N,R,100,0,0,0,,,1748509,5428782,-41.27874901,174.7732847
Wellington City,1N/1068/4.817,100,S, ,TERRACE OFF SBD,2952485,8/04/09,Wed,2004,ED,CS1T,386A 817 ,Q,R,D,DO,F , ,N,R,100,0,0,0,,,1748523,5428702,-41.27946671,174.7734713
Wellington City,1N/1068/4.967,250,S, ,TERRACE OFF SBD,2913319,30/11/09,Mon,930,FD,CS1C,111A 351A ,,M,W,O ,L , ,N,R,100,0,0,1,,,1748534,5428552,-41.28081521,174.7736392
Wellington City,1N/1068/5.051,200,S, ,TINAKORI OFF NBD,2954753,1/06/09,Mon,1211,CA,CN1C,130A 420A ,C,R,W,O ,F , ,N,R,100,0,0,0,,,1748532,5428483,-41.28143682,174.7736321
Wellington City,1N/1068/5.17,1000,N, ,SOUTH PORTAL,2951862,28/02/09,Sat,1440,FD,4S1VC,181A ,,E,D,O ,L , ,N,L,80,0,0,0,,,1748551,5428351,-41.28262178,174.7738911
Wellington City,1N/1068/5.206,500,N, ,NORTH PORTAL SBD,2911612,14/03/09,Sat,1130,FD,CS1CC,331A 358A ,,R,D,B ,F , ,N,R,100,0,0,2,,,1748547,5428315,-41.28294664,174.7738521
Wellington City,1N/1068/5.206,500,N, ,NORTH PORTAL SBD,2952432,6/04/09,Mon,730,FA,CS1T,434A ,,R,D,O ,F , ,N,R,80,0,0,0,,,1748547,5428315,-41.28294664,174.7738521
Wellington City,1N/1068/5.466,240,N, ,NORTH PORTAL SBD,2913596,20/12/09,Sun,1150,FD,CS1C,181A 353A ,,R,D,B ,FS, ,N,R,100,0,0,1,,,1748458,5428072,-41.28515086,174.7728491
Wellington City,1N/1068/5.606,100,N, ,NORTH PORTAL SBD,2956573,20/12/09,Sun,1025,FD,VS1C,352A 423A ,,R,D,O ,F , ,N,R,80,0,0,0,,,1748403,5427944,-41.28631341,174.7722238
Wellington City,1N/1068/5.606,100,N, ,NORTH PORTAL SBD,2912738,15/08/09,Sat,1418,FD,4S1C4,181A 402A 191B ,,R,W,O ,L , ,N,L,80,0,0,1,,,1748403,5427944,-41.28631341,174.7722238
Wellington City,1N/1068/5.616,100,N, ,NORTH PORTAL NBD,2912692,24/07/09,Fri,1115,CA,PN1,136A 650A ,,R,W,O ,F , ,N,C,100,0,0,1,,,1748394,5427947,-41.28628805,174.7721156
Wellington City,1N/1068/5.656,50,N, ,NORTH PORTAL SBD,2956038,19/09/09,Sat,1400,FD,CS1CC,331A 358A ,,R,D,B ,F , ,N,C,80,0,0,0,,,1748383,5427898,-41.28673125,174.7719962
Wellington City,1N/1068/5.711,, ,A,NORTH PORTAL SBD,2911695,9/04/09,Thu,1244,BE,VS14,132A 406A ,,R,D,B ,F , ,N,L,80,0,0,1,,,1748364,5427857,-41.28710388,174.7717794
Wellington City,1N/1068/5.801,100,S, ,NORTH PORTAL SBD,2956037,9/10/09,Fri,1748,FD,CS1CC,135A 181A 801 901 ,,R,W,O ,H , ,N,R,80,0,0,0,,,1748350,5427758,-41.2879978,174.7716364
Wellington City,1N/1068/5.801,100,S, ,NORTH PORTAL SBD,2953245,20/06/09,Sat,1300,FD,CS1C,181A ,,E,D,B ,F , ,N,C,80,0,0,0,,,1748350,5427758,-41.2879978,174.7716364
Wellington City,1N/1068/5.801,100,S, ,NORTH PORTAL SBD,2951487,8/03/09,Sun,1116,FD,VS1VCC,112A ,,R,D,B ,F , ,N,L,80,0,0,0,,,1748350,5427758,-41.2879978,174.7716364
Wellington City,1N/1068/5.898,500,N, ,VIVIAN ST,2952412,21/04/09,Tue,1801,FD,CS1C,403A 427A ,,R,D,DO,F , ,N,C,100,0,0,0,,,1748348,5427661,-41.2888715,174.7716362
Wellington City,1N/1068/5.901,200,S, ,NORTH PORTAL SBD,2956614,28/11/09,Sat,1308,FD,CS1C,181A 191B ,,R,W,O ,L , ,N,L,80,0,0,0,,,1748348,5427658,-41.28889851,174.7716369
Wellington City,1N/1068/5.951,250,S, ,NORTH PORTAL SBD,2953900,4/04/09,Sat,1300,FD,CS1CC,181A 181C ,,R,D,B ,F , ,N,C,80,0,0,0,,,1748347,5427608,-41.28934887,174.7716372
Wellington City,1N/1068/5.97,200,N, ,SOUTH PORTAL,2954816,30/08/09,Sun,1340,AD,CN1CC,110A 133A 155A ,,R,W,O ,L , ,N,L,80,0,0,0,,,1748346,5427589,-41.28952012,174.7716299
Wellington City,1N/1068/6.07,100,N, ,SOUTH PORTAL,2954354,9/08/09,Sun,1335,FD,CS1CCC,181A 191B 181C ,,R,D,O ,F , ,N,L,80,0,0,0,,,1748347,5427489,-41.29042028,174.7716662
Wellington City,1N/1068/6.1,70,N, ,SOUTH PORTAL,2913381,18/11/09,Wed,1824,FD,CS1V4C,181A ,,R,D,DO,F , ,N,C,80,0,0,1,,,1748349,5427459,-41.29069002,174.7716974
Wellington City,1N/1068/6.101,400,S, ,NORTH PORTAL SBD,2956392,27/10/09,Tue,746,FD,CS14,181A ,,E,W,O ,LS, ,N,C,80,0,0,0,,,1748349,5427459,-41.29069002,174.7716974
Wellington City,1N/1068/6.11,60,N, ,SOUTH PORTAL,2951491,28/02/09,Sat,1440,FD,CS1CC,135A 181A 801 ,,R,W,O ,H , ,N,L,80,0,0,0,,,1748349,5427449,-41.29078005,174.7716998
Wellington City,1N/1068/6.12,50,N, ,SOUTH PORTAL,2956043,24/09/09,Thu,1540,FA,CS1T,112A 132A 191B ,,R,W,O ,L , ,N,C,50,0,0,0,,,1748350,5427439,-41.2908699,174.7717142
Wellington City,1N/1068/6.12,50,N, ,SOUTH PORTAL,2953777,4/07/09,Sat,1302,FD,4S1C4C,331A 350A ,,R,D,O ,F , ,N,L,100,0,0,0,,,1748350,5427439,-41.2908699,174.7717142
Wellington City,1N/1068/6.14,30,N, ,SOUTH PORTAL,2955892,14/11/09,Sat,1210,FD,CS14,331A 352A ,,R,D,B ,F , ,N,L,80,0,0,0,,,1748352,5427419,-41.29104961,174.7717429
Wellington City,1N/1068/6.15,20,N, ,SOUTH PORTAL,2955728,13/09/09,Sun,1515,FD,CS14,181A 191B ,,R,W,B ,F , ,N,L,80,0,0,0,,,1748352,5427409,-41.29113964,174.7717454
Wellington City,1N/1075/0.001,, ,A,SOUTH PORTAL,2956155,27/11/09,Fri,1528,FD,CS1C,112A ,,R,D,B ,F , ,N,C,80,0,0,0,,,1748353,5427390,-41.29131052,174.7717619
Wellington City,1N/1075/0.1,200,N, ,WILLIS ST,2955567,9/10/09,Fri,1700,FD,CS1CC,181A ,,R,W,O ,H , ,N,C,80,0,0,0,,,1748357,5427290,-41.29221013,174.771834
Wellington City,1N/1075/0.2,100,W, ,WILLIS ST,2955380,21/09/09,Mon,1710,AC,CS1V,103A 372A ,GK,M,D,TF,F , ,N,R,80,0,0,0,,,1748334,5427193,-41.2930877,174.7715831
Wellington City,1N/1075/0.277,, ,I,WILLIS ST,2911347,22/02/09,Sun,1815,FD,CE1C,330A 410A ,,R,D,B ,F ,X,T,C,50,0,0,1,,,1748371,5427107,-41.29385519,174.7720458
Wellington City,1N/1075/0.277,, ,I,WILLIS ST,2957185,20/10/09,Tue,1325,HA,VE1X,322B ,,E,D,B ,F ,X,T,C,50,0,0,0,,,1748371,5427107,-41.29385519,174.7720458
Wellington City,WILLIS ST,, ,I,1N/1075/0.277,2954766,23/07/09,Thu,1452,FE,CN14,353A 427A ,,R,W,O ,L ,X,T,C,50,0,0,0,,,1748371,5427107,-41.29385519,174.7720458
Wellington City,1N/1075/0.3,, ,I,WILLIS ST,2952929,3/06/09,Wed,2127,HA,CE1C,322B ,,R,D,DO,F ,X,T,C,50,0,0,0,,,1748371,5427107,-41.29385519,174.7720458
Wellington City,1N/1075/0.307,30,W, ,WILLIS ST,2913320,20/11/09,Fri,1320,DB,CS1CC,133A 427A ,C,M,D,B ,F , ,N,C,50,0,0,1,,,1748398,5427094,-41.29396728,174.7723713
Wellington City,1N/1075/0.354,100,N, ,WILLIS ST,2912295,14/06/09,Sun,817,DA,CN1C,410A 103B ,,E,D,B ,F , ,N,C,100,0,0,1,,,1748283,5427045,-41.29442958,174.7710103
Wellington City,1N/1075/0.357,, ,I,VICTORIA ST,2955367,15/07/09,Wed,1530,GA,VS2C,385A ,,R,D,B ,F ,X,T,R,50,0,0,0,,,1748444,5427073,-41.29414789,174.7729255
Wellington City,1N/1075/0.357,, ,I,VICTORIA ST,2955279,9/08/09,Sun,1545,AA,TS2C,381A ,,R,D,B ,F ,X,T,C,50,0,0,0,,,1748444,5427073,-41.29414789,174.7729255
Wellington City,1N/1075/0.431,, ,I,WILLIS ST,2956025,5/09/09,Sat,2102,HA,CN14,322A ,,E,D,DO,F ,X,T,C,100,0,0,0,,,1748300,5426947,-41.2953088,174.7712372
Wellington City,1N/1075/0.431,, ,I,ABEL SMITH ST,2956045,9/09/09,Wed,1358,GB,CN1C,172B 372B ,,R,D,B ,F ,M,T,C,80,0,0,0,,,1748300,5426947,-41.2953088,174.7712372
Wellington City,1N/1075/0.431,, ,I,WILLIS ST,2911470,3/03/09,Tue,1732,NB,VN1E,711B 731B ,,R,D,B ,F ,X,T,C,50,0,0,1,68,,1748300,5426947,-41.2953088,174.7712372
Wellington City,1N/1075/0.436,100,W, ,CUBA ST,2913494,16/11/09,Mon,645,CB,ME1V,137A 372B ,K,R,D,O ,F , ,N,C,50,0,0,1,,,1748515,5427040,-41.29443194,174.7737812
Wellington City,1N/1075/0.474,50,W, ,VICTORIA ST,2953719,17/07/09,Fri,1115,AA,CW1C,372A ,,R,D,O ,F , ,N,C,50,0,0,0,,,1748314,5426906,-41.29567537,174.7714143
Wellington City,1N/1075/0.516,20,W, ,CUBA ST,2954785,5/09/09,Sat,1635,MA,CE144,372A 373B ,M,R,D,B ,F , ,N,C,50,0,0,0,,,1748589,5427008,-41.29470643,174.7746724
Wellington City,1N/1075/0.524,, ,I,VICTORIA ST,2911444,25/03/09,Wed,630,FE,CW1C,331A ,,R,D,DO,F ,X,T,C,50,0,0,1,,,1748338,5426862,-41.29606711,174.7717115
Wellington City,1N/1075/0.524,, ,I,VICTORIA ST,2912054,15/05/09,Fri,700,HA,CW1C,322B 350B ,,R,W,O ,LS,X,T,C,50,0,0,2,,,1748338,5426862,-41.29606711,174.7717115
Wellington City,1N/1075/0.524,, ,I,VICTORIA ST,2911309,6/02/09,Fri,9,HA,CW1M,322B 351B ,,E,D,DO,F ,X,T,R,50,0,0,1,,,1748338,5426862,-41.29606711,174.7717115
Wellington City,1N/1075/0.524,, ,I,VICTORIA ST,2952158,8/04/09,Wed,2112,FE,CW1C,331A ,,R,W,DO,L ,X,T,C,50,0,0,0,,,1748338,5426862,-41.29606711,174.7717115
Wellington City,1N/1075/0.524,, ,I,VICTORIA ST,2912333,8/06/09,Mon,1022,HA,CW1B,322A 334A ,,R,D,B ,F ,X,T,C,50,0,2,1,,,1748338,5426862,-41.29606711,174.7717115
Wellington City,1N/1075/0.524,, ,I,VICTORIA ST,2956944,27/12/09,Sun,924,HA,CW1C,322B 410B ,S,R,W,O ,L ,X,T,C,50,0,0,0,,,1748338,5426862,-41.29606711,174.7717115
Wellington City,VICTORIA ST,, ,I,1N/1075/0.524,2912686,3/07/09,Fri,1832,FE,PS1C,331A ,,R,D,TO,F ,X,T,C,50,0,0,1,,,1748338,5426862,-41.29606711,174.7717115
Wellington City,1N/1075/0.556,20,E, ,CUBA ST,2954670,12/07/09,Sun,1900,AA,4E1C,372A ,,R,W,DO,L , ,N,C,50,0,0,0,,,1748625,5426992,-41.29484386,174.7751061
Wellington City,1N/1075/0.588,, ,I,DUNLOP TERRACE,2954470,1/08/09,Sat,1310,FD,CE1CC,331A 350A ,,R,D,B ,F ,T,G,C,50,0,0,0,,,1748655,5426979,-41.29495538,174.7754674
Wellington City,1N/1075/0.639,20,E, ,CUBA ST,2912271,3/02/09,Tue,1340,KA,CW1C,370A 308B 926 ,,R,D,B ,F ,D,N,C,50,0,0,1,,,1748411,5426775,-41.29683699,174.7726042