TLA NAME,CRASH ROAD,CRASH DIST,CRASH DIRN,INTSN,SIDE ROAD,CRASH ID,CRASH DATE,CRASH DOW,CRASH TIME,MVMT,VEHICLES,CAUSES,OBJECTS STRUCK,ROAD CURVE,ROAD WET,LIGHT,WTHRa,JUNC TYPE,TRAF CTRL,ROAD MARK,SPD LIM,CRASH FATAL CNT,CRASH SEV CNT,CRASH MIN CNT,PERS AGE1,PERS AGE2,EASTING,NORTHING,latitude,longitude
Wellington City,1N/1075/0.639,20,E, ,CUBA ST,2913197,21/09/09,Mon,833,FD,CW1CC,331A 353A ,,R,D,O ,F , ,N,C,50,0,0,1,,,1748411,5426775,-41.29683699,174.7726042
Wellington City,1N/1075/0.641,10,E, ,MARION ST,2950158,13/01/09,Tue,2146,AA,CE1C,372A ,,R,D,DO,F ,T,N,C,50,0,0,0,,,1748703,5426958,-41.29513561,174.7760455
Wellington City,1N/1075/0.679,, ,I,CUBA ST,2912374,20/06/09,Sat,210,NA,CW1E,370A 105B 713B ,,R,W,DO,L ,X,T,C,50,0,0,1,21,,1748427,5426763,-41.29694209,174.7727982
Wellington City,1N/1075/0.739,, ,I,TARANAKI ST,2954767,4/06/09,Thu,616,HA,CE1C,322B ,,R,D,DO,F ,X,T,C,50,0,0,0,,,1748792,5426917,-41.29548835,174.777118
Wellington City,1N/1075/0.762,, ,I,TARANAKI ST,2953416,15/03/09,Sun,955,FE,CS2C,331A ,,R,D,B ,F ,X,T,R,50,0,0,0,,,1748792,5426917,-41.29548835,174.777118
Wellington City,1N/1075/0.889,150,E, ,TARANAKI ST,2913668,11/12/09,Fri,1359,AA,4E1P,197A 372A 671A ,,R,D,B ,F , ,N,C,50,0,0,1,,,1748929,5426856,-41.29601229,174.7787685
Wellington City,1N/1075/0.906,50,W, ,TARANAKI ST,2951126,21/02/09,Sat,1630,FD,CW1C,181A 423A ,,R,D,O ,F , ,N,C,50,0,0,0,,,1748633,5426668,-41.2977595,174.7752807
Wellington City,1N/1075/0.956,, ,I,TARANAKI ST,2911253,28/01/09,Wed,1459,FE,CW1C,331A 353A ,,R,D,B ,F ,X,T,C,50,0,0,2,,,1748678,5426647,-41.29794029,174.775823
Wellington City,1N/1075/0.956,, ,I,TARANAKI ST,2955896,31/10/09,Sat,604,HA,CW1C,322B 350B ,,R,D,O ,F ,X,T,C,50,0,0,0,,,1748678,5426647,-41.29794029,174.775823
Wellington City,1N/1075/0.956,, ,I,TARANAKI ST,2956617,21/11/09,Sat,827,HA,MW1C,324B ,,R,W,O ,L ,X,T,C,50,0,0,0,,,1748678,5426647,-41.29794029,174.775823
Wellington City,TARANAKI ST,, ,I,1N/1075/0.956,2953060,7/05/09,Thu,2,HA,CW2X,322B ,,R,W,DO,L ,X,T,R,50,0,0,0,,,1748678,5426647,-41.29794029,174.775823
Wellington City,1N/1075/1.012,50,E, ,TORY ST,2954359,2/07/09,Thu,12,AA,CE1C,372A ,,R,D,DO,F , ,N,C,50,0,0,0,,,1749042,5426805,-41.29645061,174.78013
Wellington City,1N/1075/1.147,30,W, ,TORY ST,2913640,4/12/09,Fri,1220,FD,VW1CXC,331A 353A ,,R,D,B ,F , ,N,C,50,0,0,1,,,1748852,5426565,-41.29864649,174.7779204
Wellington City,1N/1075/1.183,, ,I,CAMBRIDGE TERRACE,2955575,15/09/09,Tue,743,HA,CE1C,322B ,,R,D,O ,F ,X,T,C,50,0,0,0,,,1749197,5426734,-41.29706121,174.7819978
Wellington City,KENT TERRACE,, ,I,PIRIE ST,2954772,25/08/09,Tue,1820,HA,CS1C,377A 691A 370B ,P,R,W,DO,FS,X,T,R,50,0,0,0,,,1749220,5426723,-41.29715599,174.7822751
Wellington City,KENT TERRACE,, ,I,PIRIE ST,2956988,23/11/09,Mon,1700,HA,CW2C,322B 334B ,,R,D,TF,F ,X,T,R,50,0,0,0,,,1749220,5426723,-41.29715599,174.7822751
Wellington City,1N/1075/1.209,, ,I,PIRIE ST,2956041,9/10/09,Fri,2200,DA,CE14,111A 403A ,MX,R,W,DO,H ,X,T,C,50,0,0,0,,,1749220,5426723,-41.29715599,174.7822751
Wellington City,1N/1075/1.209,, ,I,KENT TERRACE,2956991,20/12/09,Sun,345,KB,CS2C,103A 322A ,,R,W,DO,L ,X,T,C,50,0,0,0,,,1749220,5426723,-41.29715599,174.7822751
Wellington City,1N/1075/1.232,, ,I,PIRIE ST,2953034,8/05/09,Fri,1752,AA,4S1P,372A 534B 901 ,,R,W,DO,H ,X,T,C,50,0,0,0,,,1749220,5426723,-41.29715599,174.7822751
Wellington City,1N/1075/1.232,, ,I,KENT TERRACE,2951855,26/03/09,Thu,2145,KB,CS2C,322A 334A ,,R,D,DO,F ,X,T,C,50,0,0,0,,,1749220,5426723,-41.29715599,174.7822751
Wellington City,1N/1075/1.295,10,N, ,FIFESHIRE AVENUE,2956012,19/09/09,Sat,1828,FA,CS1CC,181A 331A 353A ,M,R,D,DO,F ,T,N,C,50,0,0,0,,,1749185,5426645,-41.29786473,174.7818764
Wellington City,1N/1075/1.301,, ,I,BUCKLE ST,2954755,24/07/09,Fri,1238,AC,CN1V,172A 372A ,,R,D,O ,F ,T,G,C,50,0,0,0,,,1748975,5426488,-41.29931706,174.7794077
Wellington City,1N/1075/1.301,, ,I,SUSSEX ST,2953423,12/06/09,Fri,530,DB,CN2,122A 402A ,FK,R,W,DO,L ,T,N,R,50,0,0,0,,,1748975,5426488,-41.29931706,174.7794077
Wellington City,1N/1075/1.301,, ,I,BUCKLE ST,2951502,8/03/09,Sun,26,DA,CN1,102A 111A ,F,R,D,DO,F ,T,N,C,50,0,0,0,,,1748975,5426488,-41.29931706,174.7794077
Wellington City,1N/1075/1.301,, ,I,BUCKLE ST,2956741,19/12/09,Sat,156,DB,MN1,330A 402A ,X,M,D,DO,FS,T,N,R,50,0,0,0,,,1748975,5426488,-41.29931706,174.7794077
Wellington City,1N/1075/1.301,, ,I,BUCKLE ST,2955899,10/10/09,Sat,214,DB,CN1,131A 402A ,K,S,W,DO,F ,T,N,R,50,0,0,0,,,1748975,5426488,-41.29931706,174.7794077
Wellington City,1N/1075/1.312,200,N, ,ELLICE ST,2950370,8/01/09,Thu,1130,FD,TS1VCC,181A 351A ,,R,D,B ,F , ,N,R,50,0,0,0,,,1749178,5426629,-41.29801008,174.7817967
Wellington City,1N/1075/1.401,100,S, ,BUCKLE ST,2955649,4/10/09,Sun,1300,FD,VN1CC,181A ,,R,W,O ,F , ,N,C,50,0,0,0,,,1748932,5426397,-41.30014431,174.7789166
Wellington City,1N/1075/1.432,80,N, ,ELLICE ST,2951482,14/03/09,Sat,1300,AA,CS1C,372A ,,R,D,B ,F , ,N,C,50,0,0,0,,,1749129,5426520,-41.29900051,174.7812385
Wellington City,1N/1075/1.468,20,N, ,RUGBY ST,2956040,29/10/09,Thu,229,DA,CN1CCC,130A ,MMM,M,W,DO,H , ,N,C,50,0,0,0,,,1748921,5426334,-41.30071355,174.7788007
Wellington City,1N/1075/1.485,50,N, ,BUCKLE ST,2954177,17/07/09,Fri,1000,EC,TS1,386A 820 ,T,R,D,O ,L , ,N,R,50,0,0,0,,,1749117,5426493,-41.29924582,174.7811018
Wellington City,1N/1075/1.488,, ,I,RUGBY ST,2953429,17/05/09,Sun,125,DA,CW2CV,111A 431A 517A ,M,M,W,DO,L ,T,N,C,50,0,0,0,,,1748932,5426317,-41.30086458,174.7789362
Wellington City,1N/1075/1.488,, ,I,SUSSEX ST,2954213,24/04/09,Fri,50,DA,CW1C,101A 111A 131A ,M,E,D,DO,F ,T,G,C,50,0,0,0,,,1748932,5426317,-41.30086458,174.7789362
Wellington City,1N/1075/1.488,, ,I,SUSSEX ST,2955895,29/10/09,Thu,300,DA,CW1CC,111A 135A 801 901 ,MM,R,W,DO,H ,T,G,R,50,0,0,0,,,1748932,5426317,-41.30086458,174.7789362
Wellington City,1N/1075/1.488,, ,I,SUSSEX ST,2911255,18/01/09,Sun,925,DA,CW1C,111A 135A 407A 801 ,M,S,W,O ,L ,T,G,R,50,0,0,1,,,1748932,5426317,-41.30086458,174.7789362
Wellington City,1N/1075/1.489,10,W, ,BELFAST ST,2955717,5/09/09,Sat,530,BO,CE1C,201A ,,E,D,DO,F ,T,N,C,50,0,0,0,,,1748933,5426317,-41.3008644,174.7789481
Wellington City,1N/1075/1.525,10,N, ,ELLICE ST,2951975,26/04/09,Sun,1520,FD,CS1C,108A 331A ,,M,W,O ,L ,T,G,R,50,0,0,0,,,1749110,5426455,-41.29958924,174.7810275
Wellington City,1N/1075/1.535,, ,I,ELLICE ST,2953202,23/05/09,Sat,2115,DB,CS1,111A ,T,R,W,DO,HS,T,G,N,50,0,0,0,,,1749115,5426446,-41.29966935,174.7810894
Wellington City,1N/1075/1.569,, ,I,ADELAIDE ROAD,2956033,26/09/09,Sat,20,DA,CW1,111A ,P,M,D,DO,F ,T,T,C,50,0,0,0,,,1749005,5426284,-41.30114822,174.7798158
Wellington City,1N/1075/1.569,, ,I,ADELAIDE ROAD,2956139,21/10/09,Wed,1750,AA,BN2C,372A ,,E,D,O ,F ,T,T,C,50,0,0,0,,,1749005,5426284,-41.30114822,174.7798158
Wellington City,1N/1075/1.569,, ,I,ADELAIDE ROAD,2913564,12/12/09,Sat,920,FE,XW1C,181A 199B ,,R,D,O ,F ,T,T,N,50,0,0,1,,,1749005,5426284,-41.30114822,174.7798158
Wellington City,1N/1075/1.569,, ,I,ADELAIDE ROAD,2953433,3/07/09,Fri,1306,GO,4W1C,386A 507A ,,R,D,B ,F ,T,T,R,50,0,0,0,,,1749006,5426284,-41.30114803,174.7798278
Wellington City,1N/1075/1.569,, ,I,ADELAIDE ROAD,2955866,17/11/09,Tue,830,HO,CW1S,322A 210B ,,R,D,B ,F ,T,T,R,50,0,0,0,,,1749005,5426284,-41.30114822,174.7798158
Wellington City,1N/1075/1.569,, ,I,ADELAIDE ROAD,2956620,28/12/09,Mon,845,KA,4W1C,322A 355A ,,R,D,O ,F ,T,T,R,50,0,0,0,,,1749005,5426284,-41.30114822,174.7798158
Wellington City,1N/1075/1.569,, ,I,ADELAIDE ROAD,2911090,30/01/09,Fri,1650,HA,CW1S,324A 379B ,,R,D,B ,F ,T,T,R,50,0,0,1,,52,1749006,5426284,-41.30114803,174.7798278
Wellington City,1N/1075/1.579,10,E, ,ADELAIDE ROAD,2955972,27/10/09,Tue,847,FD,CW14,181A ,,R,W,O ,L ,R,G,C,50,0,0,0,,,1749015,5426280,-41.30118238,174.7799362
Wellington City,1N/1075/1.589,20,E, ,ADELAIDE ROAD,2952048,14/04/09,Tue,1525,EA,BW1CC,663A ,M,R,D,B ,FS, ,N,N,50,0,0,0,,,1749024,5426276,-41.30121674,174.7800446
Wellington City,1N/1075/1.589,20,E, ,ADELAIDE ROAD,2954396,3/08/09,Mon,1750,AA,CW1M,353A 372A ,,R,D,DO,F ,T,T,R,50,0,0,0,,,1749024,5426276,-41.30121674,174.7800446
Wellington City,1N/1075/1.596,20,S, ,ELLICE ST,2951138,25/02/09,Wed,912,AA,CS1C,191A 372A ,,E,W,O ,L , ,N,C,50,0,0,0,,,1749166,5426414,-41.29994803,174.7817062
Wellington City,1N/1075/1.651,, ,I,PATERSON ST,2954342,15/08/09,Sat,127,DB,CS1,111A 135A 801 ,G,R,W,DO,L ,T,T,R,50,0,0,0,,,1749157,5426341,-41.30060694,174.7816166
Wellington City,1N/1075/1.651,, ,I,PATERSON ST,2955092,29/08/09,Sat,21,FE,CS1C,331A ,,R,D,DO,F ,T,T,R,50,0,0,0,,,1749157,5426341,-41.30060694,174.7816166
Wellington City,1N/1075/1.651,, ,I,PATERSON ST,2954500,18/07/09,Sat,730,EC,CS1,351A ,IS,E,D,TO,F ,T,T,R,50,0,0,0,,,1749157,5426341,-41.30060694,174.7816166
Wellington City,1N/1075/1.651,, ,I,DUFFERIN ST,2950611,11/02/09,Wed,747,BF,4S2C,131A ,,E,W,O ,F ,T,T,R,50,0,0,0,,,1749158,5426341,-41.30060676,174.7816286
Wellington City,1N/1075/1.749,30,S, ,PATERSON ST,2953153,13/05/09,Wed,1950,AC,BS14,372A ,,E,D,DO,F , ,N,C,50,0,0,0,,,1749145,5426314,-41.30085225,174.78148
Wellington City,1N/1076/0.02,30,E, ,DUFFERIN ST E,2950885,30/03/09,Mon,1805,FD,CE1C,181A ,,E,D,B ,F , ,N,N,50,0,0,0,,,1749184,5426328,-41.30071899,174.7819422
Wellington City,1N/1076/0.04,50,E, ,DUFFERIN ST E,2953909,12/03/09,Thu,1600,AC,VW1V,372A ,,R,D,B ,F , ,N,C,50,0,0,0,,,1749202,5426319,-41.3007967,174.7821593
Wellington City,1N/1076/0.07,80,E, ,DUFFERIN ST,2954999,23/03/09,Mon,724,FD,CW1X,110A 181A ,,E,W,O ,L , ,N,L,50,0,0,0,,,1749226,5426301,-41.30095432,174.7824502
Wellington City,1N/1076/0.097,200,W, ,WEST PORTAL,2911698,21/03/09,Sat,1140,FD,CW1CC,181A ,,R,D,B ,F , ,N,L,50,0,0,1,,,1749245,5426283,-41.30111287,174.7826815
Wellington City,1N/1076/0.11,120,E, ,DUFFERIN ST E,2953449,10/06/09,Wed,807,FA,CW1P,359A 372B ,,E,W,O ,F , ,N,C,50,0,0,0,,,1749255,5426273,-41.30120105,174.7828033
Wellington City,1N/1076/0.19,200,E, ,DUFFERIN ST E,2951838,22/03/09,Sun,2334,FA,CW1CC,181A 191B 205C ,,R,W,DO,L , ,N,L,50,0,0,0,,,1749326,5426238,-41.30150304,174.7836596
Wellington City,1N/1076/0.24,250,E, ,DUFFERIN ST,2955384,3/10/09,Sat,1115,AC,CE1C,330A 372A ,,E,D,O ,F , ,N,L,50,0,0,0,,,1749371,5426216,-41.30169278,174.7842022
Wellington City,1N/1076/0.24,250,E, ,DUFFERIN ST,2956898,12/12/09,Sat,937,FD,CW1C,331A 350A ,,R,W,O ,FS, ,N,L,50,0,0,0,,,1749371,5426216,-41.30169278,174.7842022
Wellington City,1N/1076/0.247,50,W, ,WEST PORTAL,2956737,19/12/09,Sat,1850,AC,4W1C,137B ,GKP,R,D,B ,F , ,N,L,50,0,0,0,,,1749377,5426213,-41.30171868,174.7842746
Wellington City,1N/1076/0.247,50,W, ,WEST PORTAL,2955553,24/09/09,Thu,1520,FD,CW1VCV,101A 181A ,,R,D,O ,F , ,N,L,50,0,0,0,,,1749377,5426213,-41.30171868,174.7842746
Wellington City,1N/1076/0.327,30,E, ,WEST PORTAL,2954295,20/07/09,Mon,1730,FD,CW1C,110A 181A ,,R,D,DO,F , ,N,C,50,0,0,0,,,1749449,5426178,-41.30202047,174.7851428
Wellington City,1N/1076/0.397,100,E, ,WEST PORTAL,2953442,11/06/09,Thu,1715,FD,CW1C,181A ,,R,D,DO,L , ,N,C,50,0,0,0,,,1749512,5426148,-41.3022789,174.7859024
Wellington City,1N/1076/0.397,100,E, ,WEST PORTAL,2956108,31/08/09,Mon,1452,FD,CW1CV,112A 181A ,,R,D,B ,F , ,N,L,50,0,0,0,,,1749512,5426148,-41.3022789,174.7859024
Wellington City,1N/1076/0.497,200,E, ,WEST PORTAL,2953511,20/06/09,Sat,1700,FD,CE1C,181A ,,R,D,DO,L , ,N,C,50,0,0,0,,,1749602,5426104,-41.30265837,174.7869877
Wellington City,1N/1076/0.497,200,E, ,WEST PORTAL,2913252,12/11/09,Thu,1525,FD,CW1C,331A 358A ,,R,D,B ,F , ,N,C,50,0,0,1,,,1749602,5426104,-41.30265837,174.7869877
Wellington City,1N/1076/0.497,200,E, ,WEST PORTAL,2953912,11/06/09,Thu,1645,FD,CW1C,110A 331A ,,R,D,TO,F , ,N,L,50,0,0,0,,,1749602,5426104,-41.30265837,174.7869877
Wellington City,1N/1076/0.497,200,E, ,WEST PORTAL,2953328,21/04/09,Tue,1750,FD,4E1C,181A ,,R,D,TO,F , ,N,L,50,0,0,0,,,1749602,5426104,-41.30265837,174.7869877
Wellington City,1N/1076/0.597,300,E, ,WEST PORTAL,2953317,25/06/09,Thu,1745,FD,CW14,331A 358A ,,R,D,DO,F , ,N,L,50,0,0,0,,,1749692,5426061,-41.30302882,174.7880729
Wellington City,1N/1076/0.597,300,E, ,WEST PORTAL,2913383,19/11/09,Thu,1539,PO,SS1E,720B ,,R,D,O ,F , ,N,N,50,0,0,1,14,27,1749692,5426061,-41.30302882,174.7880729
Wellington City,1N/1076/0.737,250,W, ,TAURIMA ST,2956095,14/10/09,Wed,1526,FD,CW1CC,181A ,,R,D,O ,H , ,N,L,50,0,0,0,,,1749819,5426001,-41.30354545,174.7896039
Wellington City,1N/1076/0.787,200,W, ,TAURIMA ST,2953299,27/05/09,Wed,1805,FD,CW1XTC,181A 181D ,,R,D,TF,F , ,N,L,50,0,0,0,,,1749864,5425979,-41.30373517,174.7901466
Wellington City,1N/1076/0.877,20,W, ,EAST PORTAL,2911689,13/02/09,Fri,1616,CA,4W1CC,410A ,,R,D,O ,F , ,N,L,50,0,0,1,,,1749945,5425940,-41.30407125,174.7911234
Wellington City,1N/1076/0.947,40,W, ,TAURIMA ST,2911439,31/03/09,Tue,1530,FD,XW1C,181A ,,R,D,O ,F , ,N,L,50,0,0,1,,,1750007,5425908,-41.30434783,174.7918715
Wellington City,1N/1076/0.957,30,W, ,TAURIMA ST,2955977,25/09/09,Fri,916,FD,CW14,111A 831 ,,E,W,O ,F , ,N,C,50,0,0,0,,,1750016,5425904,-41.30438217,174.7919799
Wellington City,1N/1076/0.957,30,W, ,RUAHINE ST,2950413,20/01/09,Tue,830,FD,CW1CX,331A ,,E,D,DN,F , ,N,C,50,0,0,0,,,1750016,5425904,-41.30438217,174.7919799
Wellington City,1N/1076/0.957,30,W, ,RUAHINE ST,2912438,3/07/09,Fri,1643,FD,CW1CX,331A 350A ,,R,D,TF,F , ,N,C,50,0,0,1,,,1750016,5425904,-41.30438217,174.7919799
Wellington City,1N/1076/0.987,, ,I,TAURIMA ST,2952618,22/05/09,Fri,1845,FD,CS1C,181A 191B ,,M,W,DO,LS,T,G,C,50,0,0,0,,,1750043,5425890,-41.3045032,174.7923058
Wellington City,1N/1076/0.987,, ,I,RUAHINE ST,2956431,6/12/09,Sun,1215,JA,CE1C,302B 382B ,,E,D,O ,F ,Y,G,C,50,0,0,0,,,1750043,5425890,-41.3045032,174.7923058
Wellington City,1N/1076/1.137,150,S, ,TAURIMA ST,2955856,22/11/09,Sun,20,DA,CS1C,111A 133A ,EMT,E,W,DO,F , ,N,L,70,0,0,0,,,1750069,5425752,-41.30574083,174.7926502
Wellington City,1N/1076/1.464,15,N, ,GOA ST,2954586,15/08/09,Sat,912,FD,CS1C,331A 358A 402A 191B ,,R,W,O ,L ,X,N,P,70,0,0,0,,,1749976,5425439,-41.30857617,174.791617
Wellington City,1N/1076/1.529,50,S, ,GOA ST,2952160,7/05/09,Thu,1545,FD,4S1C,331A 929 ,,R,D,O ,F ,D,N,L,70,0,0,0,,,1749956,5425377,-41.30913809,174.7913935
Wellington City,1N/1076/1.635,200,N, ,WELLINGTON ROAD,2956039,10/09/09,Thu,841,FD,XS14,181A ,,R,D,O ,F , ,N,C,70,0,0,0,,,1749925,5425275,-41.31006219,174.7910484
Wellington City,1N/1076/1.775,60,N, ,WELLINGTON ROAD,2911917,15/04/09,Wed,850,FD,CS1CC,331A ,,R,D,B ,F , ,N,L,70,0,0,1,,,1749881,5425142,-41.31126781,174.7905558
Wellington City,1N/1076/1.785,50,N, ,WELLINGTON ROAD,2955738,11/09/09,Fri,1440,FD,CS1C,181A 386A 402A ,,R,W,O ,L , ,N,R,50,0,0,0,,,1749878,5425133,-41.3113494,174.7905222
Wellington City,1N/1076/1.795,40,N, ,WELLINGTON ROAD,2954339,8/08/09,Sat,1300,FD,CS1CC,331A 350A ,,R,D,B ,F , ,N,L,50,0,0,0,,,1749874,5425123,-41.31144018,174.7904769
Wellington City,1N/1076/1.835,, ,I,WELLINGTON ROAD,2956945,12/12/09,Sat,2,JC,XS1V,303A 351A 382A ,IS,M,W,DO,F ,T,G,R,50,0,0,0,,,1749873,5425084,-41.31179149,174.7904746
Wellington City,1N/1076/1.835,, ,I,WELLINGTON ROAD,2953148,26/03/09,Thu,1955,FB,4S2C,386A ,,E,D,DO,F ,T,G,R,50,0,0,0,,,1749873,5425084,-41.31179149,174.7904746
Wellington City,1N/1076/1.835,, ,I,WELLINGTON ROAD,2953295,24/05/09,Sun,1935,JC,CN2C,302A 382A 402A 901 ,,E,W,DO,HS,T,G,R,50,0,0,0,,,1749873,5425084,-41.31179149,174.7904746
Wellington City,1N/1076/1.835,, ,I,WELLINGTON ROAD,2955722,11/09/09,Fri,1927,DB,CN2,133A 135A 801 ,P,E,W,DO,L ,T,G,R,70,0,0,0,,,1749873,5425084,-41.31179149,174.7904746
Wellington City,1N/1076/1.835,, ,I,RUAHINE ST,2911247,30/01/09,Fri,840,JC,TW1C,302B 375B ,,E,D,B ,F ,T,G,R,50,0,1,0,,,1749873,5425084,-41.31179149,174.7904746
Wellington City,1N/1076/1.835,, ,I,RUAHINE ST,2953926,15/03/09,Sun,1600,JC,VS2X,303A 150B ,,E,D,B ,F ,T,G,R,50,0,0,0,,,1749873,5425084,-41.31179149,174.7904746
Wellington City,1N/1076/1.835,, ,I,RUAHINE ST,2913081,22/09/09,Tue,905,FD,CS1C,331A ,,M,D,B ,F ,T,G,R,50,0,0,1,,,1749873,5425084,-41.31179149,174.7904746
Wellington City,1N/1076/1.885,50,W, ,RUAHINE ST,2956105,6/10/09,Tue,1703,FD,CW1V,331A ,,E,D,O ,F , ,N,L,50,0,0,0,,,1749915,5425069,-41.31191874,174.7909798
Wellington City,1N/1076/1.891,20,W, ,MOXHAM AVENUE,2955208,2/09/09,Wed,815,AA,ME1C,155A 129B ,,R,D,O ,F , ,N,L,50,0,0,0,,,1749921,5425069,-41.31191762,174.7910515
Wellington City,1N/1076/1.956,30,E, ,MOXHAM AVENUE,2911713,7/04/09,Tue,1220,FD,VW1VCC,331A ,,R,D,O ,F , ,N,L,50,0,0,3,,,1749971,5425066,-41.31193534,174.7916493
Wellington City,1N/1076/1.956,30,E, ,MOXHAM AVENUE,2954356,7/07/09,Tue,1745,EA,CE1C,385A 929 ,M,E,D,TO,F , ,N,L,50,0,0,0,,,1749971,5425066,-41.31193534,174.7916493
Wellington City,1N/1076/1.965,50,W, ,WALMER ST,2912721,2/08/09,Sun,1120,FD,CW14,331A 350A ,,R,D,O ,F , ,N,C,50,0,0,1,,,1749979,5425066,-41.31193385,174.7917448
Wellington City,1N/1076/2.01,100,W, ,KILBIRNIE CRESCENT,2952194,19/04/09,Sun,1547,FD,CW144,181A ,,R,D,B ,F , ,N,C,50,0,0,0,,,1750025,5425063,-41.31195231,174.7922948
Wellington City,1N/1076/2.015,, ,I,WALMER ST,2953054,10/05/09,Sun,1408,FD,CW1C,331A 351A ,,R,D,O ,F ,T,N,C,50,0,0,0,,,1750029,5425063,-41.31195157,174.7923426
Wellington City,1N/1076/2.08,30,W, ,KILBIRNIE CRESCENT,2953215,4/05/09,Mon,1240,FD,CW1C,331A ,,R,D,B ,F , ,N,C,50,0,0,0,,,1750094,5425053,-41.31202951,174.7931212
Wellington City,1N/1076/2.09,20,W, ,HAMILTON ROAD,2952348,20/05/09,Wed,1445,AC,CE1C,372A ,,R,D,B ,F , ,N,C,50,0,0,0,,,1750104,5425051,-41.31204565,174.7932411
Wellington City,1N/1076/2.095,15,W, ,KILBIRNIE CRESCENT,2953451,26/05/09,Tue,730,AA,VW1V,184A ,,R,W,O ,LS,X,T,C,50,0,0,0,,,1750109,5425050,-41.31205373,174.7933011
Wellington City,1N/1076/2.11,, ,I,KILBIRNIE CRESCENT,2956137,29/09/09,Tue,1715,KA,TW1C,353B ,,E,W,O ,F ,X,T,C,50,0,0,0,,,1750123,5425048,-41.31206913,174.7934687
Wellington City,1N/1076/2.11,, ,I,KILBIRNIE CRESCENT,2913638,17/04/09,Fri,2340,LB,CW1C,324B ,,R,D,DO,F ,X,T,R,50,0,0,1,,,1750123,5425048,-41.31206913,174.7934687
Wellington City,1N/1076/2.11,, ,I,KILBIRNIE CRESCENT,2951396,6/03/09,Fri,1600,AO,CE1CM,141A 372A 191B 181C ,,R,D,O ,F ,X,T,L,50,0,0,0,,,1750123,5425048,-41.31206913,174.7934687
Wellington City,1N/1076/2.11,, ,I,KILBIRNIE CRESCENT,2955740,20/10/09,Tue,1040,FA,CN24,181A 353A ,,R,D,O ,F ,X,T,R,50,0,0,0,,,1750123,5425048,-41.31206913,174.7934687
Wellington City,1N/1076/2.16,50,E, ,KILBIRNIE CRESCENT,2953294,10/06/09,Wed,1635,AO,CW1C,386A ,,R,W,O ,L , ,N,R,50,0,0,0,,,1750168,5425027,-41.31224982,174.7940113
Wellington City,1N/1076/2.21,100,E, ,KILBIRNIE CRESCENT,2956101,21/10/09,Wed,900,AA,CW1C,372A ,,R,D,B ,F , ,N,R,50,0,0,0,,,1750215,5425013,-41.31236712,174.794576
Wellington City,1N/1076/2.293,, ,I,EVANS BAY PARADE,2951325,25/02/09,Wed,1700,FE,CE1C,331A 350A ,,R,D,B ,F ,X,T,R,70,0,0,0,,,1750302,5425012,-41.31235991,174.7956151
Wellington City,1N/1076/2.293,, ,I,EVANS BAY PARADE,2912928,22/08/09,Sat,2030,LB,CE1C,322A 334A 357A ,,R,D,DO,F ,X,T,R,50,0,1,0,,,1750302,5425012,-41.31235991,174.7956151
Wellington City,1N/1076/2.293,, ,I,EVANS BAY PARADE,2951182,3/02/09,Tue,1650,AC,XE1C,386A ,,R,D,B ,F ,X,T,R,50,0,0,0,,,1750302,5425012,-41.31235991,174.7956151
Wellington City,1N/1076/2.293,, ,I,EVANS BAY PARADE,2953415,30/05/09,Sat,1530,GA,VS2C,331A ,,E,D,O ,F ,X,G,C,50,0,0,0,,,1750302,5425012,-41.31235991,174.7956151
Wellington City,1N/1076/2.293,, ,I,EVANS BAY PARADE,2912130,13/03/09,Fri,1220,HA,CE1C,322A ,,E,D,O ,F ,X,T,C,50,0,0,1,,,1750302,5425012,-41.31235991,174.7956151
Wellington City,EVANS BAY PARADE,, ,I,1N/1076/2.295,2956900,24/11/09,Tue,2100,LB,CN1C,303B ,,R,D,DO,F ,X,T,C,50,0,0,0,,,1750300,5425000,-41.31246832,174.7955942
Wellington City,1N/1076/2.295,, ,I,EVANS BAY PARADE,2956996,27/11/09,Fri,1543,GA,VN2C,331A 353A ,,E,D,B ,F ,X,T,R,50,0,0,0,,,1750300,5425000,-41.31246832,174.7955942
Wellington City,1N/1076/2.295,, ,I,EVANS BAY PARADE,2955275,31/08/09,Mon,1400,FB,CN2C,331A 353A ,,E,D,B ,F ,X,T,R,50,0,0,0,,,1750300,5425000,-41.31246832,174.7955942
Wellington City,1N/1076/2.295,, ,I,EVANS BAY PARADE,2911047,4/01/09,Sun,1855,NB,CW1E,718B ,,R,D,B ,F ,X,T,C,50,0,1,1,14,,1750300,5425000,-41.31246832,174.7955942
Wellington City,1N/1076/2.295,, ,I,EVANS BAY PARADE,2951852,26/03/09,Thu,1605,FE,CW1X,181A 387A ,,R,D,O ,F ,X,T,C,50,0,0,0,,,1750300,5425000,-41.31246832,174.7955942
Wellington City,1N/1076/2.295,, ,I,EVANS BAY PARADE,2950337,1/01/09,Thu,2143,LB,CN2C,303B 375B ,,R,D,DO,F ,X,T,R,50,0,0,0,,,1750300,5425000,-41.31246832,174.7955942
Wellington City,1N/1076/2.295,, ,I,EVANS BAY PARADE,2954567,9/08/09,Sun,1550,LB,MN2C,303B 353B 402B ,,R,D,B ,F ,X,T,R,50,0,0,0,,,1750300,5425000,-41.31246832,174.7955942