TLA NAME,CRASH ROAD,CRASH DIST,CRASH DIRN,INTSN,SIDE ROAD,CRASH ID,CRASH DATE,CRASH DOW,CRASH TIME,MVMT,VEHICLES,CAUSES,OBJECTS STRUCK,ROAD CURVE,ROAD WET,LIGHT,WTHRa,JUNC TYPE,TRAF CTRL,ROAD MARK,SPD LIM,CRASH FATAL CNT,CRASH SEV CNT,CRASH MIN CNT,PERS AGE1,PERS AGE2,EASTING,NORTHING,latitude,longitude
Wellington City,1N/1076/2.483,1000,S, ,GOA ST,2956320,5/12/09,Sat,1240,FD,CN1C,181A ,,R,D,B ,F , ,N,L,70,0,0,0,,,1750465,5424922,-41.31313982,174.7975837
Wellington City,1N/1076/2.795,500,E, ,EVANS BAY PARADE,2954601,8/08/09,Sat,1325,FD,CW1C,181A 402A ,,R,D,B ,F , ,N,R,70,0,0,0,,,1750690,5424706,-41.31504253,174.800324
Wellington City,COBHAM DRIVE,, ,I,TROY ST,2955577,12/09/09,Sat,1730,AA,CN2C,170A 372A ,,R,D,O ,FS,R,G,R,50,0,0,0,,,1750889,5424441,-41.31739119,174.8027662
Wellington City,1N/1076/3.108,, ,I,TROY ST,2950408,11/01/09,Sun,1300,KB,CW1C,302A ,K,E,D,O ,F ,R,G,R,70,0,0,0,,,1750931,5424492,-41.31692417,174.8032551
Wellington City,1N/1076/3.108,, ,I,TROY ST,2956621,15/12/09,Tue,1215,FB,TE1X,331A 353A ,,E,D,B ,F ,R,G,R,70,0,0,0,,,1750927,5424495,-41.31689791,174.8032065
Wellington City,1N/1076/3.108,, ,I,TROY ST,2956435,1/07/09,Wed,1930,FB,CE14,181A 387A 402A ,,E,W,DO,L ,R,G,R,70,0,0,0,,,1750927,5424495,-41.31689791,174.8032065
Wellington City,1N/1076/3.141,, ,I,TROY ST,2957188,3/11/09,Tue,225,DA,CW1,103A 111A 517A ,I,M,D,DO,F ,R,G,R,70,0,0,0,,,1750947,5424489,-41.31694818,174.8034469
Wellington City,1N/1076/3.438,200,E, ,TROY ST,2913413,25/10/09,Sun,850,MO,TE1V,181A 440B ,Q,R,D,B ,F , ,N,R,70,0,0,1,,,1751166,5424464,-41.31713225,174.8060684
Wellington City,1N/1076/3.585,, ,I,CALABAR ROAD,2953306,13/05/09,Wed,1610,FB,XE1X,331A ,,R,D,B ,F ,R,G,R,70,0,0,0,,,1751392,5424522,-41.31656767,174.8087528
Wellington City,1N/1076/3.585,, ,I,CALABAR ROAD,2953325,25/05/09,Mon,1540,FB,CE1C,331A ,,E,W,O ,LS,R,G,R,70,0,0,0,,,1751392,5424522,-41.31656767,174.8087528
Wellington City,1N/1076/3.655,, ,I,CALABAR ROAD,2913568,12/12/09,Sat,842,DA,PS1,135A 903 ,,E,W,O ,LS,R,G,R,50,0,0,1,,,1751419,5424533,-41.31646356,174.8090725
Wellington City,1N/1076/3.655,, ,I,CALABAR ROAD,2913679,28/11/09,Sat,330,DB,CE1,111A 157A 431A ,P,E,W,DO,LS,R,G,R,70,0,0,3,,,1751419,5424533,-41.31646356,174.8090725
Wellington City,1N/1076/3.687,, ,I,CALABAR DRIVE,2954345,17/07/09,Fri,1819,FB,CW1C,331A 387A ,,R,W,DO,F ,R,G,R,70,0,0,0,,,1751398,5424465,-41.31707973,174.8088386
Wellington City,1N/1076/3.747,, ,I,COBHAM DRIVE,2956127,3/11/09,Tue,1605,FB,CN1C,181A 387A 402A ,,R,D,B ,F ,R,G,R,70,0,0,0,,,1751451,5424455,-41.31715981,174.809474
Wellington City,1N/1076/3.958,, ,I,WEXFORD ROAD,2955858,6/10/09,Tue,1402,GD,CN14,132A 832 ,,R,W,O ,L ,T,S,L,70,0,0,0,,,1751439,5424250,-41.31900772,174.8093818
Wellington City,1N/1076/3.958,, ,I,WEXFORD ROAD,2951039,8/02/09,Sun,1020,GD,CN1C,331A ,,R,D,B ,F ,T,S,C,70,0,0,0,,,1751439,5424250,-41.31900772,174.8093818
Wellington City,1N/1076/3.992,, ,I,WEXFORD ROAD,2912741,13/08/09,Thu,900,JA,CS1C,301B 377B ,F,R,D,O ,F ,T,S,L,70,0,0,1,,,1751439,5424250,-41.31900772,174.8093818
Wellington City,2/962/12.888,200,W, ,HOROKIWI ROAD,2952368,25/05/09,Mon,917,FD,CS1CCC,181A ,,R,W,O ,L , ,N,C,100,0,0,0,,,1755028,5434378,-41.22714238,174.8496652
Wellington City,2/962/12.896,200,W, ,HOROKIWI ROAD,2953971,10/07/09,Fri,1801,FD,TN1CC,331A 831 ,,E,D,DN,F , ,N,R,100,0,0,0,,,1755021,5434389,-41.22704469,174.8495789
Wellington City,2/962/12.988,300,W, ,HOROKIWI ROAD,2913639,12/12/09,Sat,151,DA,XW1,501A ,G,E,W,DO,L , ,N,R,100,0,0,1,,,1754932,5434348,-41.22743087,174.848528
Wellington City,2/962/12.996,300,W, ,HOROKIWI ROAD,2954591,31/07/09,Fri,1530,QG,TN1C,682A 903 ,D,R,W,O ,LS, ,N,R,100,0,0,0,,,1754926,5434359,-41.22733298,174.8484536
Wellington City,2/962/13.169,1000,S, ,PETONE ON SBD,2956588,15/12/09,Tue,834,AC,CW1C,331A 353A ,,R,D,B ,F , ,N,R,100,0,0,0,,,1754760,5434294,-41.22794996,174.8464905
Wellington City,2/962/13.171,700,N, ,SERVICE STN NTH,2955337,7/10/09,Wed,750,AA,CN1C,197B ,,R,W,O ,L , ,N,R,80,0,0,0,,,1754759,5434306,-41.22784211,174.8464755
Wellington City,2/962/13.188,500,S, ,HOROKIWI ROAD,2911579,21/03/09,Sat,1324,DA,CS1C4C,132A 197B ,GG,E,D,O ,  , ,N,R,100,0,0,1,,,1754742,5434288,-41.22800742,174.8462774
Wellington City,2/962/13.196,500,S, ,HOROKIWI ROAD,2952460,28/05/09,Thu,1810,FD,CN1C,133A 353A ,,R,D,DO,F , ,N,R,100,0,0,0,,,1754735,5434299,-41.22790972,174.8461911
Wellington City,2/962/13.218,530,W, ,HOROKIWI ROAD,2912938,20/10/09,Tue,710,CA,MW1,135A 801 806 ,,R,W,O ,L , ,N,R,100,0,0,1,,,1754713,5434279,-41.228094,174.8459338
Wellington City,2/962/13.375,1200,S, ,PETONE OFF NBD,2912090,21/03/09,Sat,820,DA,CN1,410A ,P,E,D,B ,F , ,N,R,100,0,0,1,,,1754565,5434245,-41.22842839,174.8441775
Wellington City,2/962/13.675,1500,W, ,PETONE OFF NBD,2953668,14/07/09,Tue,1450,FD,CN1C,181A ,,R,W,O ,H , ,N,C,100,0,0,0,,,1754347,5434045,-41.23027066,174.8416282
Wellington City,2/962/13.888,1200,S, ,HOROKIWI ROAD,2950936,11/05/09,Mon,837,FD,4S1CV,181A ,,R,W,O ,L , ,N,R,100,0,0,0,,,1754184,5433898,-41.23162521,174.8397214
Wellington City,2/962/13.988,1300,S, ,HOROKIWI ROAD,2950872,24/03/09,Tue,710,FD,CS1CC,112A ,,R,W,O ,F , ,N,C,100,0,0,0,,,1754091,5433863,-41.23195805,174.8386211
Wellington City,2/962/13.996,1300,W, ,HOROKIWI ROAD,2951152,11/02/09,Wed,800,CA,CN1VCV,135A 806 ,,R,W,O ,L , ,N,R,100,0,0,0,,,1754085,5433872,-41.23187816,174.8385473
Wellington City,2/962/14.03,200,N, ,SERVICE STN STH,2953995,9/08/09,Sun,1340,DA,CE1,131A 359A ,G,M,D,B ,F , ,N,R,100,0,0,0,,,1754054,5433858,-41.23201011,174.8381811
Wellington City,2/962/14.175,2000,S, ,PETONE OFF NBD,2911356,28/01/09,Wed,1605,FD,CN1CC,181A 331C ,,R,D,O ,F , ,N,R,100,0,0,1,,,1753939,5433771,-41.23281529,174.8368316
Wellington City,2/962/14.28,50,W, ,SERVICE STN STH,2954786,9/09/09,Wed,1930,FD,CE1CV,110A 181A 181B 817 ,,R,D,O ,F , ,N,R,100,0,0,0,,,1753869,5433692,-41.23353986,174.8360166
Wellington City,2/962/14.627,, ,A,WEIGH PIT,2953996,13/07/09,Mon,1225,CB,TE1,136A 650A ,,R,W,O ,F , ,N,R,100,0,0,0,,,1753618,5433454,-41.23573034,174.833083
Wellington City,2/962/14.688,2000,W, ,HOROKIWI ROAD,2956931,9/10/09,Fri,900,FD,CS144,135A 181A 901 ,,R,W,O ,H , ,N,R,100,0,0,0,,,1753569,5433404,-41.23618981,174.8325111
Wellington City,2/962/14.688,2000,W, ,HOROKIWI ROAD,2913335,18/11/09,Wed,1715,CC,PW1CV,197A 403A 181B 191C 807 ,,R,D,B ,F , ,N,R,100,0,0,1,,,1753569,5433404,-41.23618981,174.8325111
Wellington City,2/962/15.23,1000,W, ,SERVICE STN STH,2954597,5/08/09,Wed,856,CB,TE1,137A ,C,R,D,B ,F , ,N,R,100,0,0,0,,,1753137,5433091,-41.23908975,174.8274372
Wellington City,2/962/15.359,1000,E, ,NGAURANGA ON NBD,2952469,3/06/09,Wed,1714,CC,CS1,358A ,G,R,D,O ,F , ,N,R,100,0,0,0,,,1753039,5432992,-41.23999962,174.8262931
Wellington City,2/962/15.441,300,N, ,HUTT ON NBD,2956075,5/11/09,Thu,1620,AA,CN1C,372A ,,R,D,O ,F , ,N,R,100,0,0,0,,,1752975,5432956,-41.24033585,174.8255387
Wellington City,2/962/15.541,200,N, ,HUTT ON NBD,2953515,5/05/09,Tue,1720,FD,CE1CC,181A ,,R,D,DO,F , ,N,R,100,0,0,0,,,1752894,5432899,-41.24086436,174.8245869
Wellington City,2/962/15.63,1400,S, ,SERVICE STN STH,2912292,10/06/09,Wed,1757,AA,BN1CCM,111A 135A 801 ,G,R,W,TO,L , ,N,R,100,0,0,1,,,1752820,5432847,-41.24134651,174.8237172
Wellington City,2/962/15.741,, ,A,HUTT ON NBD,2911714,6/04/09,Mon,1837,QO,CE1M,682A ,D,R,D,TO,F , ,N,C,100,0,0,1,,,1752729,5432784,-41.24193091,174.8226475
Wellington City,2/962/15.759,600,E, ,NGAURANGA ON NBD,2953913,6/05/09,Wed,830,FD,CW1CC,181A ,,R,D,O ,H , ,N,R,100,0,0,0,,,1752714,5432759,-41.24215883,174.8224749
Wellington City,2/962/15.859,500,N, ,NGAURANGA ON NBD,2954292,23/07/09,Thu,1742,FD,CS1C,181A ,,E,W,DO,LS, ,N,R,100,0,0,0,,,1752634,5432699,-41.24271413,174.8215356
Wellington City,2/962/16.029,330,E, ,NGAURANGA ON NBD,2913542,11/12/09,Fri,752,FD,CS14,331A 358A ,,R,D,O ,F , ,N,R,100,0,0,1,,,1752497,5432599,-41.24364031,174.8199264
Wellington City,2/962/16.159,200,N, ,NGAURANGA ON NBD,2955414,29/08/09,Sat,1340,CB,CW1,129A 410A 902 ,G,R,D,B ,F , ,N,R,100,0,0,0,,,1752392,5432522,-41.24435336,174.8186932
Wellington City,2/962/16.259,100,E, ,NGAURANGA ON NBD,2950715,24/02/09,Tue,600,AA,CW1C,158A 372A ,,R,W,DO,L , ,N,R,100,0,0,0,,,1752316,5432457,-41.2449529,174.8178028
Wellington City,2/962/16.339,20,E, ,NGAURANGA ON NBD,2951481,10/03/09,Tue,2245,EC,CE1,370A ,R,R,W,DN,LS, ,N,C,100,0,0,0,,,1752259,5432401,-41.24546782,174.8171369
Wellington City,2/962/16.647,320,E, ,SH 1N,2912974,12/09/09,Sat,1518,CA,CS1,130A 505A ,G,R,W,O ,L , ,N,R,100,0,0,1,,,1752039,5432197,-41.2473459,174.8145634
Wellington City,2/962/16.667,300,N, ,SH 1N,2952802,11/06/09,Thu,740,FD,CS1C,181A 191B ,,R,D,O ,F , ,N,R,100,0,0,0,,,1752023,5432185,-41.24745695,174.8143755
Wellington City,2/962/16.77,200,N, ,SH 1N,2954340,10/07/09,Fri,1743,FD,CN1C,112A 181A 191B ,,R,D,DO,F , ,N,R,100,0,0,0,,,1751937,5432131,-41.24795929,174.813363
Wellington City,2/962/16.817,150,E, ,SH 1N,2950884,2/04/09,Thu,830,FD,CW1C,331A ,,R,D,B ,F , ,N,C,100,0,0,0,,,1751906,5432091,-41.24832525,174.8130032
Wellington City,2/962/16.817,150,E, ,SH 1N,2912917,23/09/09,Wed,858,FD,CW1C,110A 132A ,,R,D,B ,F , ,N,R,100,0,0,1,,,1751906,5432091,-41.24832525,174.8130032
Wellington City,2/962/16.867,100,E, ,SH 1N,2912294,25/06/09,Thu,850,FD,CW1CC,181A 191B ,,R,D,O ,F , ,N,R,100,0,0,1,,,1751867,5432060,-41.24861168,174.8125457
Wellington City,2/962/16.87,100,N, ,SH 1N,2954588,2/09/09,Wed,1910,AA,CN1C,372A ,,R,D,DO,F , ,N,R,100,0,0,0,,,1751858,5432069,-41.24853234,174.8124361
Wellington City,2/962/16.92,50,N, ,SH 1N,2955906,23/11/09,Mon,1740,FD,VN1CC,112A 331A 352A ,,R,D,O ,F , ,N,R,100,0,0,0,,,1751818,5432039,-41.24880995,174.8119664
Wellington City,ABEL SMITH ST,, ,I,CUBA ST,201012787,3/09/10,Fri,1847,NC,CS2E,711B ,,R,W,DO,H ,X,S,C,50,0,0,1,34,,1748534,5426838,-41.29624714,174.7740573
Wellington City,ABEL SMITH ST,, ,I,KELVIN GROVE,201055812,3/11/10,Wed,1730,GC,CE1C,174B 386B ,,R,D,O ,F ,T,N,C,50,0,0,0,,,1748603,5426808,-41.29650455,174.7748883
Wellington City,ABEL SMITH ST,20,E, ,THE TERRACE,201012036,27/04/10,Tue,843,PE,CW1E,712B ,,R,D,O ,F , ,N,N,50,0,0,1,18,,1748123,5427025,-41.29463903,174.7691051
Wellington City,ABILENE CRESCENT,20,E, ,CAMBRIAN ST,201055857,1/12/10,Wed,714,BC,CE1B,121A 382A ,,E,D,B ,F , ,N,N,50,0,0,0,,,1751364,5436375,-41.20985636,174.8054758
Wellington City,ACCESS ROAD,100,S, ,STEWART DUFF DRIVE,201051846,12/04/10,Mon,925,EE,XN1X,374B ,Q,R,D,O ,F , ,N,N,50,0,0,0,,,1751641,5423245,-41.328018,174.8120448
Wellington City,ADAMS TERRACE,50,N, ,ARO ST,201050844,4/02/10,Thu,119,EA,CN1C,103A 386A ,KM,E,D,DO,F , ,N,N,50,0,0,0,,,1747622,5427086,-41.2941816,174.7631094
Wellington City,ADELAIDE ROAD,10,S, ,ALFRED ST,201055039,13/10/10,Wed,1735,AC,CS1B,159A 381A ,,R,D,B ,F ,T,G,C,50,0,0,0,,,1748986,5426209,-41.30182698,174.7796074
Wellington City,ADELAIDE ROAD,20,S, ,ALFRED ST,201051250,31/01/10,Sun,1324,LB,CN1C,313B 377B 924 ,,R,W,O ,L ,D,N,C,50,0,0,0,,,1748983,5426200,-41.30190857,174.7795737
Wellington City,ADELAIDE ROAD,, ,I,BRITOMART ST,201013089,10/09/10,Fri,1125,AD,MN1V,150A 357A ,,R,D,B ,F ,X,T,C,50,0,0,1,,,1748579,5424122,-41.32069216,174.7752579
Wellington City,ADELAIDE ROAD,, ,I,BRITOMART ST,201051152,15/02/10,Mon,1715,LB,CN1C,157A 382B ,,R,D,O ,F ,X,T,C,50,0,0,0,,,1748579,5424122,-41.32069216,174.7752579
Wellington City,ADELAIDE ROAD,25,N, ,BROOMHEDGE ST,201011220,26/01/10,Tue,1250,EA,4S1CC,377A ,M,R,D,B ,F , ,N,C,50,0,0,1,,,1748922,5425958,-41.30409865,174.7789047
Wellington City,ADELAIDE ROAD,20,N, ,COLOMBO ST,201056578,18/12/10,Sat,29,CB,4N1,103A ,,R,D,DO,F , ,N,C,50,0,0,0,,,1748704,5425093,-41.31192681,174.7765133
Wellington City,ADELAIDE ROAD,100,S, ,COLOMBO ST,201011548,15/03/10,Mon,1537,EA,TS1CCC,129A 386A ,MM,R,D,B ,F , ,N,N,50,0,0,1,,,1748674,5424977,-41.31297674,174.7761834
Wellington City,ADELAIDE ROAD,, ,I,COLOMBO ST,201011782,21/04/10,Wed,1335,JA,CS1C,302B ,,R,D,B ,F ,T,G,C,50,0,0,1,,,1748699,5425074,-41.3120988,174.7764582
Wellington City,ADELAIDE ROAD,30,S, ,DRUMMOND ST,201051222,26/03/10,Fri,1625,AD,MN1C,112A 158A 209A 448B ,,R,D,B ,F , ,N,C,50,0,0,0,,,1748886,5425815,-41.30539278,174.7785098
Wellington City,ADELAIDE ROAD,20,S, ,DUPPA ST,201011084,18/01/10,Mon,1937,AO,SN1C,357A 181B 357B ,,R,D,O ,F , ,N,C,50,0,0,1,,47,1748560,5423811,-41.32349572,174.775107
Wellington City,ADELAIDE ROAD,30,N, ,HALL ST,201052362,1/06/10,Tue,1320,MA,CN1C,373B ,,R,W,O ,L , ,N,C,50,0,0,0,,,1748748,5425275,-41.31028008,174.7769942
Wellington City,ADELAIDE ROAD,, ,I,HALL ST,201011666,5/03/10,Fri,730,FE,VN1M,181A 363A 902 ,,R,D,B ,F ,X,T,C,50,0,0,1,,,1748741,5425246,-41.31054247,174.7769177
Wellington City,ADELAIDE ROAD,, ,I,HALL ST,201052550,13/04/10,Tue,2200,EA,CN1C,351A ,M,R,W,DO,L ,X,T,C,50,0,0,0,,,1748741,5425246,-41.31054247,174.7769177
Wellington City,ADELAIDE ROAD,, ,I,HALL ST,201012074,10/05/10,Mon,900,NF,CN1E,307A 363A 902 ,,R,D,B ,F ,X,T,C,50,0,0,1,84,,1748741,5425246,-41.31054247,174.7769177
Wellington City,ADELAIDE ROAD,, ,I,HOSPITAL ROAD,201055563,11/10/10,Mon,1015,JA,CS1C,303B 375B ,,R,W,O ,F ,T,T,C,50,0,0,0,,,1748862,5425724,-41.30621652,174.7782455
Wellington City,ADELAIDE ROAD,, ,I,HOSPITAL ROAD,201056809,16/12/10,Thu,1850,DA,4W2,124A ,S,R,W,O ,L ,T,T,N,50,0,0,0,,,1748862,5425724,-41.30621652,174.7782455
Wellington City,ADELAIDE ROAD,, ,I,HOSPITAL ROAD,201053332,14/07/10,Wed,2150,FE,CS1CC,331A 357A ,,R,D,DO,F ,T,T,C,50,0,0,0,,,1748862,5425724,-41.30621652,174.7782455
Wellington City,ADELAIDE ROAD,20,N, ,JOHN ST,201051157,1/03/10,Mon,1110,AA,CN1B,372A ,,R,D,O ,F ,M,N,P,50,0,0,0,,,1748837,5425627,-41.30709447,174.7779708
Wellington City,ADELAIDE ROAD,20,N, ,JOHN ST,201054408,5/08/10,Thu,1240,MG,CN1C,371B ,,R,D,B ,F , ,N,C,50,0,0,0,,,1748837,5425627,-41.30709447,174.7779708
Wellington City,ADELAIDE ROAD,100,S, ,JOHN ST,201011214,5/02/10,Fri,1414,MA,SS1C,352A ,,R,D,B ,F , ,N,C,50,0,0,1,,28,1748807,5425511,-41.3081444,174.7776409
Wellington City,ADELAIDE ROAD,, ,I,JOHN ST,201054513,15/04/10,Thu,2055,FE,CN1V,103A 331A ,,R,D,DO,F ,X,T,C,50,0,0,0,,,1748832,5425608,-41.30726645,174.7779157
Wellington City,ADELAIDE ROAD,, ,I,JOHN ST,201056546,8/12/10,Wed,2215,JA,CN1C,322A ,,R,D,DO,F ,X,T,P,50,0,0,0,,,1748832,5425608,-41.30726645,174.7779157
Wellington City,ADELAIDE ROAD,, ,I,KING ST,201051484,25/03/10,Thu,648,LB,CN1C,303B ,,R,D,TO,F ,T,G,C,50,0,0,0,,,1748937,5426020,-41.30353767,174.7790686
Wellington City,ADELAIDE ROAD,, ,I,KING ST,201011485,23/02/10,Tue,900,FD,4N1CV,331A 358A ,,R,D,B ,F ,T,G,P,50,0,0,1,,,1748937,5426020,-41.30353767,174.7790686
Wellington City,ADELAIDE ROAD,, ,I,LUXFORD ST,201012922,6/10/10,Wed,840,NA,CN1E,711B 732B ,,R,D,O ,F ,T,T,C,50,0,0,1,15,,1748584,5424215,-41.31985392,174.7752949
Wellington City,ADELAIDE ROAD,30,N, ,RIDDIFORD ST,201051509,12/04/10,Mon,1000,JA,CN1C,308B 314B 377B 927 ,,R,D,O ,F ,D,N,C,50,0,0,0,,,1748839,5425637,-41.30700406,174.7779922
Wellington City,ADELAIDE ROAD,15,S, ,RUGBY ST,201054648,25/09/10,Sat,1830,EA,CS1B,331A ,Q,R,W,DO,L , ,N,C,50,0,0,0,,,1749002,5426270,-41.30127482,174.7797834
Wellington City,ADELAIDE ROAD,100,S, ,RUGBY ST,201054849,2/10/10,Sat,2319,LB,CN1C,924,,R,D,DO,F ,D,N,P,50,0,0,0,,,1748980,5426188,-41.30201716,174.7795409
Wellington City,ADELAIDE ROAD,200,N, ,STOKE ST,201051700,1/05/10,Sat,1040,MA,CN1CC,373B ,M,R,W,O ,L , ,N,C,50,0,0,0,,,1748700,5425077,-41.31207161,174.7764694
Wellington City,ADELAIDE ROAD,, ,I,STOKE ST,201051145,28/03/10,Sun,1423,LB,CN1C,303B ,,R,D,O ,F ,T,N,C,50,0,0,0,,,1748650,5424883,-41.31382748,174.7759198
Wellington City,AKAROA DRIVE,20,N, ,PRISON ROAD,201013407,22/10/10,Fri,1440,JA,CN1C,111A 132A 308B 929 ,,M,D,B ,F ,D,N,C,50,0,0,1,,,1752401,5426133,-41.30187349,174.8203984
Wellington City,ALEXANDRA ROAD,600,S, ,MOUNT VICTORIA ROAD,201013741,1/07/10,Thu,2215,DB,CS1,102A 111A ,C,M,D,DN,F , ,N,C,50,0,3,1,,,1749666,5425542,-41.30770639,174.7878901
Wellington City,ALLEN ST,80,N, ,COURTENAY PLACE,201054415,27/08/10,Fri,1856,BA,CS1X,125A ,,R,D,DO,F , ,N,N,50,0,0,0,,,1749242,5427180,-41.29303737,174.7824257
Wellington City,ALLEN ST,40,S, ,WAKEFIELD ST,201052372,8/06/10,Tue,2155,EO,CE1,423A ,H,R,W,DO,H , ,N,C,50,0,0,0,,,1749255,5427211,-41.29275586,174.7825733
Wellington City,AMAPUR DRIVE,100,W, ,SIMLA CRESCENT,201051693,6/03/10,Sat,1902,EA,CW1C,363A ,M,E,D,B ,F , ,N,C,50,0,0,0,,,1749396,5432424,-41.24579483,174.7829787
Wellington City,AOTEA OFF SBD,, ,I,AOTEA QUAY,201054568,1/09/10,Wed,1545,AA,VS1C,355A 372A ,,R,D,B ,F ,T,N,C,70,0,0,0,,,1749561,5430076,-41.26690443,174.7855228
Wellington City,AOTEA ON NBD,50,N, ,AOTEA QUAY,201055699,8/11/10,Mon,1301,FB,CN1C,181A ,,E,D,B ,F , ,N,P,70,0,0,0,,,1749524,5430166,-41.26610097,174.7850592
Wellington City,AOTEA ON NBD,400,S, ,SH 1N,201051736,24/04/10,Sat,935,FA,CN1C,103B 191B 605B ,,M,D,O ,F , ,N,R,70,0,0,0,,,1749510,5430259,-41.26526624,174.7848694
Wellington City,AOTEA ON NBD,50,N, ,SLIP ROAD,201056071,21/11/10,Sun,220,DA,CN1,111A ,G,M,W,DO,L , ,N,R,70,0,0,0,,,1749487,5430220,-41.26562163,174.7846045
Wellington City,AOTEA QUAY,100,S, ,AOTEA OFF SBD,201053998,15/08/10,Sun,1542,MC,CS1C,202B 372B ,,R,D,O ,M , ,N,C,70,0,0,0,,,1749580,5429978,-41.26778325,174.7857736
Wellington City,AOTEA QUAY,50,N, ,WATERLOO QUAY,201056073,3/11/10,Wed,1720,FD,4N1C,181A ,,R,D,B ,F , ,N,L,70,0,0,0,,,1749691,5429383,-41.27311973,174.7872443
Wellington City,AOTEA QUAY,100,N, ,WATERLOO QUAY,201054414,3/09/10,Fri,1800,FD,CN1CCC,331A 803 ,,R,I,DN,H , ,N,L,70,0,0,0,,,1749686,5429432,-41.27267949,174.7871726
Wellington City,AOTEA QUAY,280,N, ,WATERLOO QUAY,201013148,5/11/10,Fri,2218,FD,CN1CC,102A 181A 331A ,,R,W,DO,L , ,N,C,70,0,0,1,,,1749652,5429608,-41.27110119,174.7867236
Wellington City,ARO ST,30,E, ,ADAMS TERRACE,201054644,1/05/10,Sat,815,MC,MW1C,372B ,P,M,D,B ,F , ,N,C,50,0,0,0,,,1747625,5427034,-41.29464924,174.7631578
Wellington City,ARO ST,20,W, ,BOSTON TERRACE,201011379,12/02/10,Fri,1350,FC,CE1C,181A 427A ,,R,W,O ,H , ,N,C,50,0,0,1,,,1748062,5426925,-41.29555057,174.7684012
Wellington City,ARO ST,20,W, ,DEVON ST,201055946,10/10/10,Sun,1545,MO,CW1C,371A 929 ,M,R,D,B ,F ,D,N,C,50,0,0,0,,,1747890,5426955,-41.295312,174.7663406
Wellington City,ARO ST,80,E, ,DURHAM ST,201053583,12/07/10,Mon,1400,MO,TS1C,371A 929 ,M,R,D,O ,F ,D,N,C,50,0,0,0,,,1747729,5426971,-41.29519743,174.7644146
Wellington City,ARO ST,100,E, ,DURHAM ST,201011547,20/01/10,Wed,1115,MD,4.00E+14,370A 371B 929 ,,M,D,O ,F ,D,N,C,50,0,0,1,,,1747749,5426969,-41.29521177,174.7646539
Wellington City,ARO ST,, ,I,DURHAM ST,201053109,19/03/10,Fri,750,JA,CW1C,302B ,,E,D,B ,  ,T,G,C,50,0,0,0,,,1747660,5427000,-41.29494895,174.7635839
Wellington City,AURORA TERRACE,150,W, ,THE TERRACE,201055042,21/10/10,Thu,1145,QD,CE1C,428A ,M,R,D,B ,F , ,N,N,50,0,0,0,,,1748511,5428489,-41.28138666,174.77338
Wellington City,AWA ROAD,, ,I,TOWNSEND ROAD,201013372,9/12/10,Thu,1553,JA,CN2C,309A 382A 402A ,,M,D,B ,F ,T,N,C,50,0,0,1,,,1752736,5424865,-41.31322618,174.8247163
Wellington City,AWARUA ST,50,N, ,IWI ST,201050376,17/01/10,Sun,1115,BC,CE1C,121A ,,M,D,B ,F , ,N,N,50,0,0,0,,,1748558,5432520,-41.2450849,174.7729588
Wellington City,BALFOUR ST,200,N, ,FARNHAM ST,201051703,1/04/10,Thu,1910,BB,CE1C,110A 132A ,,M,D,DO,F , ,N,C,50,0,0,0,,,1747891,5424248,-41.3196842,174.7670106
Wellington City,BALFOUR ST,350,N, ,FARNHAM ST,201052482,11/05/10,Tue,1629,BB,BN1V,123A 839 ,,M,D,B ,F , ,N,C,50,0,0,0,,,1747916,5424392,-41.31838312,174.7672741
Wellington City,BAY ROAD,50,N, ,COUTTS ST,201055052,9/09/10,Thu,1720,MO,CN1C,371A ,M,R,W,O ,L , ,N,C,50,0,0,0,,,1750190,5424223,-41.31948439,174.7944726
Wellington City,BAY ROAD,70,N, ,COUTTS ST,201056526,6/12/10,Mon,1100,EE,4S1C,374B ,Q,R,D,B ,F , ,N,C,50,0,0,0,,,1750196,5424242,-41.31931221,174.7945395
Wellington City,BAY ROAD,100,N, ,COUTTS ST,201056043,4/12/10,Sat,1745,MO,4N1,423A ,HX,R,D,B ,F , ,N,C,50,0,0,0,,,1750204,5424271,-41.31904962,174.7946279
Wellington City,BEAZLEY AVENUE,, ,I,JAY ST,201050930,17/01/10,Sun,1625,DA,CS1,111A 134A ,C,M,W,O ,L ,T,N,P,50,0,0,0,,,1752627,5435760,-41.21515629,174.8206872
Wellington City,BELL ST,, ,I,MASSEY ST,201053480,24/07/10,Sat,715,DB,CS1CV,103A 131A ,M,E,D,O ,F ,T,N,C,50,0,0,0,,,1754039,5442714,-41.15227975,174.8357728
Wellington City,BELVEDERE ROAD,100,N, ,EVANS BAY PARADE,201054560,7/02/10,Sun,501,DB,CS1C,111A ,MP,E,D,TO,F , ,N,C,50,0,0,0,,,1750481,5425509,-41.30785189,174.7976296