TLA NAME,CRASH ROAD,CRASH DIST,CRASH DIRN,INTSN,SIDE ROAD,CRASH ID,CRASH DATE,CRASH DOW,CRASH TIME,MVMT,VEHICLES,CAUSES,OBJECTS STRUCK,ROAD CURVE,ROAD WET,LIGHT,WTHRa,JUNC TYPE,TRAF CTRL,ROAD MARK,SPD LIM,CRASH FATAL CNT,CRASH SEV CNT,CRASH MIN CNT,PERS AGE1,PERS AGE2,EASTING,NORTHING,latitude,longitude
Wellington City,BIDWILL ST,250,W, ,WALLACE ST,201054824,7/07/10,Wed,1222,EO,TW1,341A ,X,E,D,O ,F , ,N,L,50,0,0,0,,,1748283,5426149,-41.30249668,174.7712286
Wellington City,BIDWILL ST,, ,I,WALLACE ST,201012826,1/06/10,Tue,1744,ND,CE1E,307A 376A ,,R,W,DO,H ,T,T,C,50,0,1,0,,,1748521,5426228,-41.30174164,174.7740509
Wellington City,BLACK ROCK ROAD,170,N, ,LYNDFIELD LANE,201055619,12/09/10,Sun,430,CA,TS1CC,386A ,,R,W,DO,L , ,N,N,50,0,0,0,,,1752629,5433814,-41.23267639,174.8211972
Wellington City,BLACK ROCK ROAD,, ,I,LYNDFIELD LANE,201012959,12/09/10,Sun,337,DA,CS1,101A 111A ,GKP,M,W,DN,L ,T,N,C,50,0,0,1,,,1752670,5433683,-41.23384809,174.821719
Wellington City,BLAIR ST,50,S, ,WAKEFIELD ST,201056102,25/09/10,Sat,1845,MO,4S1C,371A 445B ,M,R,D,DO,F , ,N,N,50,0,0,0,,,1749316,5427171,-41.29310471,174.7833113
Wellington City,BLAKEY AVENUE,60,E, ,BURROWS AVENUE,201013591,24/12/10,Fri,815,MD,PW1C,929,,R,D,B ,F ,D,N,N,50,0,1,0,,,1745022,5427877,-41.28753105,174.7318818
Wellington City,BOND ST,20,S, ,WILLIS ST,201054529,26/08/10,Thu,1550,MO,XN1X,357A 440A 512A ,,R,D,O ,F , ,N,N,50,0,0,0,,,1748647,5427669,-41.28874447,174.7752034
Wellington City,BOULCOTT ST,20,N, ,ATHOL CRESCENT,201054826,30/04/10,Fri,1430,EA,TN1C,386A ,M,R,D,O ,F , ,N,C,50,0,0,0,,,1748558,5427807,-41.28751838,174.7741073
Wellington City,BOULCOTT ST,, ,I,OREILY AVENUE,201056920,29/10/10,Fri,2250,MO,CW1T,300A 380A ,,R,D,DO,F ,T,N,C,50,0,0,0,,,1748582,5427659,-41.28884647,174.7744299
Wellington City,BOULCOTT ST,30,S, ,PLIMMER STEPS,201053993,21/08/10,Sat,1330,MO,CS1C,371A 926 ,,R,D,B ,F ,D,N,C,50,0,0,0,,,1748602,5427906,-41.28661894,174.7746084
Wellington City,BOULCOTT ST,30,W, ,WILLIS ST,201050302,11/02/10,Thu,1717,FA,CE1X,386A ,,R,D,O ,F , ,N,C,50,0,0,0,,,1748588,5427649,-41.28893541,174.774504
Wellington City,BOWEN ST,30,E, ,BALLANTRAE PLACE,201012681,13/08/10,Fri,1854,AA,CW1P,372A ,,E,W,DO,HS, ,N,R,50,0,0,1,,,1748499,5428877,-41.27789552,174.7731422
Wellington City,BOWEN ST,60,N, ,LAMBTON QUAY,201053931,30/07/10,Fri,1830,BF,CN1C,111A ,,E,D,TO,F , ,N,C,50,0,0,0,,,1748810,5428747,-41.27900872,174.7768857
Wellington City,BOWEN ST,20,W, ,LAMBTON QUAY,201052350,23/05/10,Sun,10,DA,CE1,103A 359A ,P,E,W,DO,L , ,N,L,50,0,0,0,,,1748817,5428707,-41.27936757,174.776979
Wellington City,BOWEN ST,30,W, ,LAMBTON QUAY,201056548,16/12/10,Thu,2323,BC,CW1C,103A ,,M,W,DO,L , ,N,L,50,0,0,0,,,1748816,5428717,-41.27927772,174.7769647
Wellington City,BOWEN ST,100,E, ,MUSEUM ST,201052071,18/05/10,Tue,1815,MC,CE1C,132A 372B ,,M,D,DO,F , ,N,R,50,0,0,0,,,1748811,5428745,-41.27902655,174.7768982
Wellington City,BOWEN ST,50,E, ,THE TERRACE,201055246,30/09/10,Thu,1540,FD,CW1C4,427A ,,R,W,O ,H , ,N,C,50,0,0,0,,,1748751,5428766,-41.27884853,174.7761769
Wellington City,BOWEN ST,50,W, ,THE TERRACE,201054310,28/06/10,Mon,1057,MO,CE1X,427A ,Q,R,D,O ,F , ,N,L,50,0,0,0,,,1748654,5428789,-41.27865931,174.7750136
Wellington City,BOWEN ST,250,W, ,THE TERRACE,201054417,3/09/10,Fri,1900,DA,CE1C,135A 803 ,M,E,I,DO,H , ,N,L,50,0,0,0,,,1748483,5428873,-41.27793447,174.7729522
Wellington City,BOX HILL,15,S, ,CLARK ST,201053338,18/07/10,Sun,1820,FC,VS1C,181A ,,R,W,DO,L , ,N,X,50,0,0,0,,,1750039,5432512,-41.24488346,174.7906275
Wellington City,BRACKEN ROAD,, ,I,HOROKIWI ROAD WEST,201055416,31/10/10,Sun,325,DB,CS1,102A 111A 402A ,HTX,S,D,DO,F ,R,N,R,50,0,0,0,,,1752874,5434840,-41.22339273,174.8238624
Wellington City,BRACKEN ROAD,, ,I,STEWART DRIVE,201052029,26/04/10,Mon,2110,DB,CN1,103A 351A 400A ,,M,D,DO,F ,T,G,R,50,0,0,0,,,1752836,5434948,-41.22242755,174.8233822
Wellington City,BRANDON ST,10,W, ,CUSTOMHOUSE QUAY,201012226,6/06/10,Sun,250,QA,XW1E,353A ,,R,W,DO,F ,T,N,R,50,0,1,0,23,,1748867,5428218,-41.28376104,174.7776953
Wellington City,BREAKER BAY ROAD,700,N, ,MOA POINT ROAD,201056539,25/10/10,Mon,1630,EA,VN1V,385A ,M,R,D,O ,F , ,N,C,50,0,0,0,,,1752605,5422126,-41.33791062,174.8238397
Wellington City,BROADWAY,30,W, ,CRAWFORD GREEN,201052552,14/05/10,Fri,219,CA,VE1,103A 410A ,IT,R,W,DO,F , ,N,R,50,0,0,0,,,1751865,5423547,-41.32525687,174.8146448
Wellington City,BROADWAY,25,W, ,HOBART ST,201056567,30/09/10,Thu,1445,FC,CW1C,331A ,,R,W,O ,H , ,N,X,50,0,0,0,,,1751607,5423541,-41.32535944,174.8115649
Wellington City,BRODERICK ROAD,, ,I,BANNISTER AVENUE,201011577,18/02/10,Thu,1545,JA,SW1C,302B 375B ,,E,W,O ,L ,T,G,C,50,0,0,1,,55,1750922,5434770,-41.22438941,174.8006024
Wellington City,BRODERICK ROAD,, ,I,BOULD ST,201013367,13/12/10,Mon,1510,KC,MW1C,158A 305A 402A ,,R,D,O ,M ,T,N,C,50,0,1,0,,,1751280,5434750,-41.22450262,174.8048765
Wellington City,BRODERICK ROAD,30,W, ,JOHNSONVILLE ROAD,201056540,2/12/10,Thu,1600,JA,CE14,308B 308 925 ,,R,D,B ,F ,D,N,C,50,0,0,0,,,1751453,5434724,-41.22470435,174.806946
Wellington City,BRODERICK ROAD,50,W, ,JOHNSONVILLE ROAD,201055940,12/10/10,Tue,1750,MA,CW1C,386A ,I,R,D,B ,F , ,N,R,50,0,0,0,,,1751433,5434727,-41.22468108,174.8067068
Wellington City,BRODERICK ROAD,70,W, ,JOHNSONVILLE ROAD,201013331,23/11/10,Tue,1800,FC,CE1C,181A 359A ,,R,D,B ,F , ,N,X,50,0,0,1,,,1751413,5434730,-41.22465782,174.8064675
Wellington City,BROOKLYN ROAD,20,N, ,BIDWILL ST,201052123,6/04/10,Tue,1145,DA,CS1,111A ,FJ,M,D,O ,F , ,N,P,50,0,0,0,,,1748124,5426095,-41.30301207,174.7693434
Wellington City,BROOKLYN ROAD,40,S, ,BIDWILL ST,201013087,30/09/10,Thu,5,DB,MN1,103A 121A 402A ,,M,W,DO,H , ,N,C,50,0,0,1,,,1748085,5426052,-41.30340638,174.7688882
Wellington City,BROOKLYN ROAD,100,S, ,BIDWILL ST,201052019,30/03/10,Tue,1815,DB,CN1,131A ,C,M,D,TO,F , ,N,C,50,0,0,0,,,1748033,5426073,-41.30322685,174.7682623
Wellington City,BROOKLYN ROAD,110,S, ,BIDWILL ST,201050932,19/02/10,Fri,40,DA,CS1,111A 134A ,P,M,W,DO,F , ,N,C,50,0,0,0,,,1748025,5426080,-41.30316529,174.768165
Wellington City,BROOKLYN ROAD,200,S, ,NAIRN ST,201051478,15/04/10,Thu,1727,MA,CS1C,373B ,,R,D,TO,F , ,N,C,50,0,0,0,,,1748078,5426605,-41.29842874,174.7686701
Wellington City,BROOKLYN ROAD,60,W, ,WILLIS ST,201012175,31/05/10,Mon,1425,MA,PS1C,373B 831 ,,S,D,O ,F , ,N,C,50,0,0,1,,,1748148,5426721,-41.2973715,174.7694776
Wellington City,BUCKLE ST,10,S, ,CAMBRIDGE TERRACE,201052031,15/05/10,Sat,155,DB,XN1,131A 197A 801 ,,S,W,DO,H ,Y,N,C,50,0,0,0,,,1749059,5426471,-41.29945461,174.7804147
Wellington City,BUNNY ST,20,W, ,WATERLOO QUAY,201054419,7/09/10,Tue,1300,JA,CE1X,308B 920 ,,R,D,B ,F ,D,N,L,50,0,0,0,,,1749087,5428616,-41.28013708,174.7802238
Wellington City,BURGESS ROAD,50,W, ,CHESTERTON ST,201055675,11/10/10,Mon,1733,QD,VW1,611A ,P,R,D,O ,F , ,N, ,50,0,0,0,,,1751831,5434953,-41.22257173,174.8113968
Wellington City,BURMA ROAD,150,S, ,HAUMIA ST,201053105,30/06/10,Wed,1528,FC,CN1CC,331A 358A ,,R,D,B ,F , ,N,X,50,0,0,0,,,1750773,5434101,-41.23044049,174.7989907
Wellington City,BURMA ROAD,500,S, ,HAUMIA ST,201053788,25/08/10,Wed,1523,CA,MN1,132A ,,R,D,O ,F , ,N,C,50,0,0,0,,,1750700,5433769,-41.23344323,174.7982021
Wellington City,BURMA ROAD,5,N, ,STATION ROAD,201012244,16/06/10,Wed,830,MA,CN1C,373B 386B ,,R,W,O ,F ,M,N,C,50,0,0,1,,,1750201,5432837,-41.24192726,174.7924799
Wellington City,BURNHAM ST,40,W, ,INGLIS ST,201055029,6/08/10,Fri,1030,MO,TN14,386A ,M,R,D,B ,F , ,N,C,30,0,0,0,,,1753251,5423487,-41.32553481,174.8312133
Wellington City,CABLE ST,, ,I,BARNETT ST,201013284,9/11/10,Tue,1056,QB,XS2M,423A ,KMS,R,D,B ,F ,T,N,C,50,0,1,0,,,1749268,5427348,-41.29151999,174.7826949
Wellington City,CABLE ST,40,N, ,ORIENTAL PARADE,201053131,3/07/10,Sat,115,EA,4E1C,103A ,M,S,D,DO,F , ,N,L,50,0,0,0,,,1749461,5427256,-41.29231259,174.7850214
Wellington City,CABLE ST,20,W, ,ORIENTAL PARADE,201051495,7/03/10,Sun,1725,FC,CE1C,181A 191B ,,E,D,B ,F , ,N,X,50,0,0,0,,,1749474,5427241,-41.29244523,174.7851803
Wellington City,CABLE ST,40,E, ,TARANAKI ST,201055574,2/11/10,Tue,803,AA,TE1C,386A ,,R,D,O ,F , ,N,C,50,0,0,0,,,1749082,5427448,-41.29065402,174.7804501
Wellington City,CABLE ST,40,W, ,TARANAKI ST,201011186,7/02/10,Sun,2347,NA,CE1,105B 713B ,,R,D,DO,F , ,N,N,50,0,0,1,23,,1749020,5427498,-41.29021529,174.7796977
Wellington City,CABLE ST,50,W, ,TARANAKI ST,201012741,19/08/10,Thu,1614,DB,PE1V,129A 129B 386B ,,E,D,O ,F , ,N,C,50,0,0,1,,,1749012,5427504,-41.29016275,174.7796007
Wellington City,CABLE ST,, ,I,TARANAKI ST,201055670,11/11/10,Thu,1910,KB,CE1C,322A 334A ,,R,D,B ,F ,X,T,C,50,0,0,0,,,1749051,5427473,-41.29043466,174.7800739
Wellington City,CABLE ST,, ,I,TARANAKI ST,201052068,2/04/10,Fri,53,AA,CE1C,133A 157A ,,R,D,DO,F ,X,T,C,50,0,0,0,,,1749051,5427473,-41.29043466,174.7800739
Wellington City,CABLE ST,5,W, ,TORY ST,201055588,14/10/10,Thu,2340,EA,CE1C,103A 359A ,MS,R,W,DO,L ,T,T,C,50,0,0,0,,,1749236,5427359,-41.29142687,174.7823102
Wellington City,CABLE ST,10,W, ,TORY ST,201011551,15/03/10,Mon,1712,NA,SE1E,306A 322A ,,R,D,B ,F ,T,T,X,50,0,0,1,47,,1749232,5427361,-41.2914096,174.782262
Wellington City,CABLE ST,, ,I,TORY ST,201055446,23/09/10,Thu,1315,AC,VN2C,158B ,,R,D,O ,F ,T,T,C,50,0,0,0,,,1749241,5427357,-41.29144395,174.7823704
Wellington City,CABLE ST,, ,I,TORY ST,201052319,25/05/10,Tue,1254,BB,CN2C,201A ,,R,W,O ,L ,T,T,C,50,0,0,0,,,1749241,5427357,-41.29144395,174.7823704
Wellington City,CABLE ST,, ,I,TORY ST,201050349,31/01/10,Sun,1245,GF,CE1C,171A ,,R,D,B ,F ,T,T,C,50,0,0,0,,,1749241,5427357,-41.29144395,174.7823704
Wellington City,CALEDONIA ST,50,W, ,MIRO ST,201056254,10/12/10,Fri,800,EA,4E1CC,410A ,M,R,D,B ,F , ,N,C,50,0,0,0,,,1751517,5424032,-41.32095578,174.8103676
Wellington City,CAMBRIDGE TERRACE,20,S, ,ALPHA ST,201056544,27/11/10,Sat,1500,MO,CN1C,371A ,M,R,D,O ,F , ,N,C,50,0,0,0,,,1749291,5426943,-41.29516211,174.7830688
Wellington City,CAMBRIDGE TERRACE,50,S, ,BARKER ST,201012788,3/09/10,Fri,1733,AC,CN1M,372A ,,R,W,O ,L , ,N,C,50,0,0,1,,,1749108,5426537,-41.29885133,174.7809836
Wellington City,CAMBRIDGE TERRACE,40,S, ,COURTENAY PLACE,201011803,17/03/10,Wed,1305,NA,VN1E,713B 714B ,,R,D,B ,F , ,N,R,50,0,0,1,20,,1749335,5427041,-41.29427164,174.78357
Wellington City,CAMBRIDGE TERRACE,200,S, ,COURTENAY PLACE,201055043,17/09/10,Fri,1815,MA,CN1B,373B ,,R,W,TO,L , ,N,R,50,0,0,0,,,1749269,5426895,-41.29559835,174.7828179
Wellington City,CAMBRIDGE TERRACE,, ,I,COURTENAY PLACE,201051694,13/04/10,Tue,1321,GA,VN1C,331A ,,R,D,B ,F ,X,T,X,50,0,0,0,,,1749351,5427078,-41.29393556,174.7837519
Wellington City,CAMBRIDGE TERRACE,, ,I,ELIZABETH ST,201012305,13/05/10,Thu,31,HA,CN1C,322A 334A 350A ,PS,R,W,DO,H ,T,T,C,50,0,0,1,,,1749269,5426893,-41.29561635,174.7828184
Wellington City,CAMBRIDGE TERRACE,, ,I,LORNE ST,201052073,1/05/10,Sat,610,EO,TN1,660A ,HX,R,D,TO,F ,T,N,N,50,0,0,0,,,1749250,5426851,-41.29599801,174.7826019
Wellington City,CAMBRIDGE TERRACE,20,S, ,WAKEFIELD ST,201052865,21/06/10,Mon,1540,AA,CN1C,372A ,,R,D,B ,F , ,N,C,50,0,0,0,,,1749390,5427158,-41.29320807,174.7841979
Wellington City,CARLTON GORE ROAD,20,N, ,MAIDA VALE ROAD,201056564,1/12/10,Wed,2016,MO,BN1C,371A 818 ,M,E,D,TO,F , ,N,C,50,0,0,0,,,1750843,5427691,-41.28813907,174.8014111
Wellington City,CASHMERE AVENUE,, ,I,IZARD ROAD,201011429,14/02/10,Sun,1139,KA,SN1C,302B 375B ,,E,D,B ,F ,T,G,C,50,0,0,1,,47,1750491,5432395,-41.24585285,174.7960481
Wellington City,CASHMERE AVENUE,, ,I,RANUI CRESCENT,201055456,21/10/10,Thu,1700,HA,XN1C,302B ,S,R,W,O ,L ,X,G,C,50,0,0,0,,,1750581,5432290,-41.24678145,174.7971476
Wellington City,CENTENNIAL NBD,, ,I,GLOVER SLIP ROAD,201012248,30/01/10,Sat,627,DB,CN1,131A 403A 410A 692A ,T,E,D,DO,F ,Y,N,C,80,0,0,2,,,1751978,5432494,-41.24468338,174.8137617
Wellington City,CENTENNIAL SBD,100,S, ,GLOVER ST,201012625,21/07/10,Wed,135,DA,VE1,135A 632A 801 ,G,E,W,DO,H , ,N,R,100,0,0,1,,,1752001,5432660,-41.2431845,174.8139947
Wellington City,CENTENNIAL SBD,20,W, ,GLOVER ST,201054760,8/08/10,Sun,1757,BC,CW1B,101A 201A 402A ,,E,W,DO,L , ,N,R,100,0,0,0,,,1751912,5432737,-41.24250797,174.812914
Wellington City,CENTENNIAL SBD,500,N, ,JARDEN MILE,201050919,12/02/10,Fri,1640,AC,CS1C,372A ,,M,W,O ,F , ,N,L,80,0,0,0,,,1751991,5432680,-41.24300631,174.8138705
Wellington City,CENTENNIAL SLIP ROAD,, ,I,HUTT ON NBD,201056423,25/11/10,Thu,1715,FB,4S1C,181A 386A ,,E,D,O ,F ,T,N,N,80,0,0,0,,,1751997,5432223,-41.24711971,174.8140559
Wellington City,CENTENNIAL SLIP ROAD,, ,I,HUTT ON NBD,201055383,15/10/10,Fri,1201,DB,VE1,135A 806 ,B,M,W,O ,F ,T,N,R,80,0,0,0,,,1751997,5432223,-41.24711971,174.8140559
Wellington City,CHAFFERS ST,30,S, ,CABLE ST,201055223,22/06/10,Tue,721,LB,CS1C,303B 926 ,,R,D,TO,F ,D,N,C,50,0,0,0,,,1749342,5427280,-41.29211853,174.7835949
Wellington City,CHAYTOR ST,, ,I,BIRDWOOD ST,201012038,28/05/10,Fri,2230,FE,CS1C,331A ,,R,W,DO,H ,T,T,C,50,0,0,1,,,1746934,5427929,-41.28671715,174.7546926
Wellington City,CHAYTOR ST,100,N, ,CURTIS ST,201012789,6/09/10,Mon,1052,DA,CS1,111A 402A ,EFT,E,W,O ,L , ,N,L,50,0,0,1,,,1746759,5428210,-41.28421898,174.7525359
Wellington City,CHAYTOR ST,100,W, ,KARORI ROAD,201055008,14/09/10,Tue,1625,AD,VS1C,357A ,,E,W,O ,L , ,N,N,50,0,0,0,,,1746722,5428517,-41.2814616,174.7520203
Wellington City,CHAYTOR ST,80,S, ,OLD KARORI ROAD,201054562,30/06/10,Wed,950,AO,CN14,353A 372A ,,S,D,B ,F , ,N,P,50,0,0,0,,,1746703,5428525,-41.28139303,174.7517916
Wellington City,CHILDERS TERRACE,, ,I,RONGOTAI ROAD,201051806,26/03/10,Fri,1510,GA,CS1V,331A 353A ,,E,D,B ,F ,X,S,X,50,0,0,0,,,1750125,5424428,-41.31765081,174.7936457
Wellington City,CHISBURY ST,, ,I,CHORLEY GROVE,201052535,20/05/10,Thu,2120,KA,VS1C,309B 375B 671B 862 ,,E,W,DO,M ,T,N,C,50,0,0,0,,,1751447,5436061,-41.21266792,174.8065431
Wellington City,CLEVELAND ST,50,E, ,OHIRO ROAD,201056730,1/12/10,Wed,1530,MO,4W1P,371A ,M,R,D,B ,F , ,N,C,50,0,0,0,,,1747662,5425859,-41.30522157,174.7638846
Wellington City,CLEVELAND ST,80,E, ,OHIRO ROAD,201055664,29/10/10,Fri,1934,MO,CE1C,386A ,M,R,D,O ,F , ,N,C,50,0,0,0,,,1747690,5425868,-41.30513541,174.7642167
Wellington City,CLEVELAND ST,150,E, ,OHIRO ROAD,201013588,19/11/10,Fri,1715,MF,MW1CT,371B ,,R,D,B ,F , ,N,C,50,0,1,0,,,1747758,5425884,-41.30497891,174.7650248
Wellington City,CLIFTON TERRACE,, ,I,CLIFTON ON NBD,201012654,26/07/10,Mon,2210,JA,MN1C,302B 375B ,,R,D,DO,F ,Y,G,R,50,0,0,1,,,1748456,5428134,-41.28459301,174.7728101
Wellington City,CLIFTON TERRACE,50,N, ,EVERTON TERRACE,201050862,11/03/10,Thu,1845,MG,CS1T,371B ,,E,W,O ,H , ,N,R,50,0,0,0,,,1748451,5428122,-41.28470197,174.7727533
Wellington City,COBHAM DRIVE,50,W, ,SHELLY BAY ROAD,201012921,21/09/10,Tue,1423,DA,CN1S,111A ,,M,D,O ,F , ,N,C,50,0,0,1,,42,1751588,5424742,-41.31455014,174.8110385
Wellington City,COBHAM DRIVE,, ,I,SHELLY BAY ROAD,201012877,3/09/10,Fri,1735,MC,ME1C,333A 303B 372B ,,R,W,O ,H ,T,N,P,50,0,0,1,,,1751636,5424734,-41.31461314,174.8116137
Wellington City,COCKAYNE ROAD,40,N, ,MYSORE ST,201051156,27/03/10,Sat,1907,FB,CN1XC,181A ,M,M,D,TF,F , ,N,C,50,0,0,0,,,1749615,5431771,-41.25163359,174.7857513
Wellington City,COCKAYNE ROAD,20,S, ,NICHOLSON ROAD,201053586,1/08/10,Sun,1742,FC,CN1C,181A ,,R,W,DO,H , ,N,X,50,0,0,0,,,1749940,5432387,-41.24602725,174.7894772
Wellington City,COCKAYNE ROAD,200,N, ,OLD PORIRUA ROAD,201011794,29/01/10,Fri,830,CB,SS1T,110A 137A 407A 444B ,C,R,D,O ,F , ,N,C,50,0,0,1,,54,1748883,5431598,-41.25332635,174.7770607
Wellington City,COLLEGE ST,15,E, ,TORY ST,201053584,25/07/10,Sun,1524,MA,CW14,387A ,,R,D,B ,F , ,N,N,50,0,0,0,,,1749028,5426863,-41.29593099,174.7799487
Wellington City,COLLEGE ST,15,E, ,TORY ST,201055056,4/09/10,Sat,1300,EA,4W1C,386A ,M,R,D,B ,F , ,N,C,50,0,0,0,,,1749028,5426863,-41.29593099,174.7799487
Wellington City,COLLEGE ST,15,E, ,TORY ST,201056556,14/08/10,Sat,1830,EA,CW1C,385A ,M,R,D,O ,F ,T,N,N,50,0,0,0,,,1749028,5426863,-41.29593099,174.7799487
Wellington City,COLLEGE ST,20,E, ,TORY ST,201055813,8/11/10,Mon,1137,FA,CE1X,331A ,,R,D,B ,F , ,N,C,50,0,0,0,,,1749033,5426860,-41.29595708,174.7800091
Wellington City,COLLINGWOOD ST,50,W, ,OTTAWA ROAD,201053458,5/06/10,Sat,922,EO,TE1,330A 350A 686A 901 ,B,M,W,O ,H , ,N,C,50,0,0,0,,,1748540,5431977,-41.24997712,174.7728763
Wellington City,COLLINGWOOD ST,, ,I,OTTAWA ROAD,201013272,15/11/10,Mon,1343,HA,CS1M,302A 375A ,,E,D,B ,F ,R,G,C,50,0,2,0,,,1748554,5431932,-41.25037971,174.7730542
Wellington City,COLLINS AVENUE,60,E, ,BEAUCHAMP ST,201054998,23/09/10,Thu,833,MO,TS1C,371A ,Q,R,D,B ,F , ,N,C,50,0,0,0,,,1753740,5442147,-41.15744139,174.8323534
Wellington City,COLLINS AVENUE,30,W, ,HINAU ST,201053240,2/07/10,Fri,1815,FD,CE1C,181A ,,R,D,DO,F , ,N,C,50,0,0,0,,,1753793,5442121,-41.15766543,174.8329913
Wellington City,COLLINS AVENUE,20,E, ,MAHOE ST,201054422,11/09/10,Sat,1930,EA,CW1C,385A ,M,R,D,DO,L , ,N,C,50,0,0,0,,,1754319,5441741,-41.16098679,174.839353
Wellington City,COLOMBO ST,, ,I,ADELAIDE ROAD,201052122,5/05/10,Wed,1423,MG,CW1T,403B 420B ,,R,D,B ,F ,T,G,C,50,0,0,0,,,1748699,5425074,-41.3120988,174.7764582
Wellington City,CONSTABLE ST,20,W, ,DANIELL ST,201011550,30/03/10,Tue,1600,EE,BE1C,374B ,Q,R,D,B ,F , ,N,C,50,0,0,1,,,1749173,5424924,-41.31336179,174.7821551
Wellington City,CONSTABLE ST,25,E, ,HIROPI ST,201053262,26/06/10,Sat,1345,EC,VE1,129A ,P,R,W,O ,H , ,N,C,50,0,0,0,,,1749469,5424987,-41.31273978,174.7856743
Wellington City,CONSTABLE ST,30,E, ,HIROPI ST,201056577,30/11/10,Tue,1414,EA,4W1C,663A ,Q,R,D,B ,F , ,N,C,50,0,0,0,,,1749474,5424989,-41.31272085,174.7857335
Wellington City,CONSTABLE ST,30,W, ,OWEN ST,201055461,13/10/10,Wed,826,MD,CW14,353A 371B 929 ,,R,D,B ,F ,D,N,C,50,0,0,0,,,1749335,5424958,-41.3130257,174.7840812
Wellington City,CONSTABLE ST,40,E, ,RIDDIFORD ST,201055049,25/08/10,Wed,1445,EA,TE14,129A ,Q,R,D,B ,F , ,N,C,50,0,0,0,,,1749019,5424891,-41.31368737,174.7803242
Wellington City,CORLETT ST,10,W, ,HINDMARSH ST,201050073,13/01/10,Wed,2015,BD,CE1C,386A 386B 839 ,,E,D,O ,F ,Y,N,C,50,0,0,0,,,1751358,5434502,-41.22672088,174.8058682
Wellington City,CORTINA AVENUE,15,N, ,STONEFIELD PLACE,201056045,2/12/10,Thu,1200,MO,CS1C,371A 929 ,M,R,D,O ,F ,D,N, ,50,0,0,0,,,1750546,5435327,-41.21944453,174.7959814
Wellington City,COURTENAY PLACE,60,E, ,ALLEN ST,201055445,25/09/10,Sat,325,MA,CW1V,373B ,,E,D,DO,F , ,N,N,30,0,0,0,,,1749263,5427080,-41.29393383,174.7827009
Wellington City,COURTENAY PLACE,80,E, ,ALLEN ST,201056105,12/09/10,Sun,230,MO,CW1C,371A ,M,R,D,DO,L , ,N,N,50,0,0,0,,,1749281,5427071,-41.29401153,174.782918
Wellington City,COURTENAY PLACE,5,E, ,BLAIR ST,201052357,17/05/10,Mon,2320,EA,BE1X,385A ,Q,R,D,DO,F ,T,N,R,50,0,0,0,,,1749286,5427091,-41.29383054,174.7829728
Wellington City,COURTENAY PLACE,20,E, ,BLAIR ST,201050347,12/02/10,Fri,1730,NA,CE1E,713B 714B ,,R,D,O ,F , ,N,R,50,0,0,0,,,1749301,5427088,-41.29385477,174.7831526
Wellington City,COURTENAY PLACE,20,W, ,BLAIR ST,201054900,24/09/10,Fri,1714,FC,CW1X,181A 350A 191B ,,R,D,B ,F , ,N,X,50,0,0,0,,,1749262,5427096,-41.29378996,174.7826851
Wellington City,COURTENAY PLACE,15,E, ,CAMBRIDGE TERRACE,201011222,7/02/10,Sun,1132,PF,CE1E,374B ,,E,D,B ,F , ,N,N,50,0,0,1,18,,1749336,5427081,-41.29391132,174.7835721
Wellington City,COURTENAY PLACE,, ,I,CAMBRIDGE TERRACE,201054511,14/05/10,Fri,2020,FB,CE1C,181A 199B ,,R,D,DO,F ,X,T,R,50,0,0,0,,,1749351,5427078,-41.29393556,174.7837519
Wellington City,COURTENAY PLACE,, ,I,CAMBRIDGE TERRACE,201054868,23/08/10,Mon,1315,GO,BE1C,179A ,,R,D,B ,F ,X,T,R,50,0,0,0,,,1749351,5427078,-41.29393556,174.7837519
Wellington City,COURTENAY PLACE,20,E, ,TARANAKI ST,201051479,12/04/10,Mon,1750,EA,BE1C,385A ,M,R,D,TF,F , ,N,R,50,0,0,0,,,1748965,5427236,-41.29258434,174.7791053
Wellington City,COURTENAY PLACE,50,E, ,TARANAKI ST,201055054,19/09/10,Sun,200,EE,VW1X,374B ,Q,R,D,DO,F , ,N,R,50,0,0,0,,,1748989,5427218,-41.29274198,174.7793962
Wellington City,COURTENAY PLACE,50,E, ,TARANAKI ST,201053970,11/06/10,Fri,1155,MO,VW1C,386A ,M,R,D,B ,F , ,N,R,50,0,0,0,,,1748989,5427218,-41.29274198,174.7793962
Wellington City,COURTENAY PLACE,10,E, ,TORY ST,201052352,14/05/10,Fri,840,MO,BW1C,386A 446B ,,R,D,B ,F ,X,T,R,50,0,0,0,,,1749145,5427135,-41.29346045,174.7812788
Wellington City,COURTENAY PLACE,15,E, ,TORY ST,201055055,30/07/10,Fri,2330,FA,CW1V,386A ,,R,D,DO,F , ,N,R,50,0,0,0,,,1749150,5427133,-41.29347753,174.781339
Wellington City,COURTENAY PLACE,30,E, ,TORY ST,201050293,21/01/10,Thu,1030,FC,MW1X,331A 352A ,,R,D,O ,F , ,N,X,50,0,0,0,,,1749163,5427127,-41.29352915,174.7814956