TLA NAME,CRASH ROAD,CRASH DIST,CRASH DIRN,INTSN,SIDE ROAD,CRASH ID,CRASH DATE,CRASH DOW,CRASH TIME,MVMT,VEHICLES,CAUSES,OBJECTS STRUCK,ROAD CURVE,ROAD WET,LIGHT,WTHRa,JUNC TYPE,TRAF CTRL,ROAD MARK,SPD LIM,CRASH FATAL CNT,CRASH SEV CNT,CRASH MIN CNT,PERS AGE1,PERS AGE2,EASTING,NORTHING,latitude,longitude
Wellington City,COURTENAY PLACE,40,E, ,TORY ST,201053418,1/07/10,Thu,1714,MG,CW1V,371A 402A ,,R,D,DO,F , ,N,C,50,0,0,0,,,1749173,5427123,-41.29356332,174.781616
Wellington City,COURTENAY PLACE,40,W, ,TORY ST,201052363,11/04/10,Sun,54,MO,XE1V,386A ,Q,R,D,DO,F , ,N,R,50,0,0,0,,,1749099,5427155,-41.29328888,174.7807247
Wellington City,COURTENAY PLACE,60,W, ,TORY ST,201052804,18/04/10,Sun,130,EA,BW1C,357A 512A ,M,R,D,DO,F , ,N,R,50,0,0,0,,,1749081,5427163,-41.29322018,174.7805079
Wellington City,COURTENAY PLACE,70,W, ,TORY ST,201056138,5/12/10,Sun,100,MA,CE1V,371B 385B ,,R,D,DO,F , ,N,R,50,0,0,0,,,1749072,5427167,-41.29318583,174.7803995
Wellington City,COURTENAY PLACE,90,W, ,TORY ST,201050788,4/01/10,Mon,1600,FC,CW1C,181A ,,R,D,B ,F , ,N,X,50,0,0,0,,,1749054,5427175,-41.29311712,174.7801827
Wellington City,COURTENAY PLACE,100,W, ,TORY ST,201050861,25/02/10,Thu,1144,FD,CW1CV,331A ,,R,D,B ,F , ,N,R,50,0,0,0,,,1749044,5427179,-41.29308296,174.7800623
Wellington City,COURTENAY PLACE,100,W, ,TORY ST,201054427,24/05/10,Mon,1710,MO,VE1C,371A ,Q,R,W,DO,F , ,N,R,50,0,0,0,,,1749044,5427179,-41.29308296,174.7800623
Wellington City,COURTENAY PLACE,, ,I,TORY ST,201055036,28/08/10,Sat,2300,DB,CE1,102A 350A ,P,R,D,DO,F ,X,T,C,50,0,0,0,,,1749136,5427139,-41.2934261,174.7811704
Wellington City,COURTENAY PLACE,, ,I,TORY ST,201055579,6/11/10,Sat,0,LB,VS2C,303B ,,R,D,DO,F ,X,T,C,50,0,0,0,,,1749136,5427139,-41.2934261,174.7811704
Wellington City,COURTENAY PLACE,, ,I,TORY ST,201054515,15/09/10,Wed,1640,HA,CN2X,322B ,,R,D,B ,F ,X,T,R,50,0,0,0,,,1749136,5427139,-41.2934261,174.7811704
Wellington City,COURTENAY PLACE,, ,I,TORY ST,201050077,9/01/10,Sat,1417,FE,CE1C,181A ,,R,D,B ,F ,X,T,R,50,0,0,0,,,1749136,5427139,-41.2934261,174.7811704
Wellington City,COUTTS ST,, ,I,BAY ROAD,201053711,22/07/10,Thu,1607,KB,CW1C,308B 507B 922 ,,R,W,O ,L ,D,G,C,50,0,0,0,,,1750177,5424175,-41.31991897,174.7943292
Wellington City,COUTTS ST,50,S, ,MAMARI ST,201012925,30/09/10,Thu,1240,MC,CS1C,372B ,F,R,W,O ,HS, ,N,C,50,0,0,1,,,1750819,5423948,-41.3218429,174.8020525
Wellington City,COUTTS ST,, ,I,ONEPU ROAD,201050834,4/03/10,Thu,1330,GB,CE1T,158A 175B ,,R,D,B ,F ,X,T,C,50,0,0,0,,,1750285,5424148,-41.32014194,174.7956256
Wellington City,COUTTS ST,10,E, ,ROSS ST,201055186,9/09/10,Thu,1237,CB,CW1CC,137A ,M,R,W,O ,L ,X,N,C,50,0,0,0,,,1750487,5424091,-41.32061746,174.7980521
Wellington City,COUTTS ST,, ,I,ROSS ST,201052067,19/04/10,Mon,815,HA,CS1C,302A 330A ,,R,D,B ,F ,X,G,C,50,0,0,0,,,1750477,5424093,-41.32060132,174.7979322
Wellington City,COUTTS ST,, ,I,YULE ST,201012540,19/06/10,Sat,1820,HA,XS2C,302A ,,R,D,DO,F ,X,G,C,50,0,0,2,,,1750565,5424069,-41.32080097,174.7989891
Wellington City,CRAWFORD ROAD,, ,I,DUNCAN TERRACE,201053972,13/08/10,Fri,1635,FC,VW1C,331A ,,R,W,O ,L ,T,N,X,50,0,0,0,,,1749941,5424631,-41.31585737,174.7913983
Wellington City,CRAWFORD ROAD,, ,I,WELLINGTON ROAD,201056042,9/12/10,Thu,1349,JA,CS1X,302B ,,E,D,B ,F ,R,G,P,50,0,0,0,,,1749784,5424941,-41.3130955,174.7894471
Wellington City,CRAWFORD ROAD,, ,I,WELLINGTON ROAD,201054625,23/07/10,Fri,908,FB,CN1C,331A ,,R,W,O ,L ,R,G,R,50,0,0,0,,,1749779,5424928,-41.31321348,174.7893906
Wellington City,CUBA ST,15,N, ,ABEL SMITH ST,201054416,12/09/10,Sun,1155,MO,CN1V,385A ,M,R,W,O ,H , ,N,C,50,0,0,0,,,1748540,5426852,-41.29611999,174.7741255
Wellington City,CUBA ST,30,S, ,ABEL SMITH ST,201011663,9/04/10,Fri,1935,BC,CE1C,308A 353A 927 ,,R,D,DO,F ,D,N,C,50,0,0,1,,,1748522,5426811,-41.29649244,174.7739206
Wellington City,CUBA ST,15,N, ,GARRETT ST,201050346,13/02/10,Sat,46,MO,4N1C,371A 386B ,,R,D,DO,F , ,N,N,50,0,0,0,,,1748661,5427122,-41.29366678,174.7755041
Wellington City,CUBA ST,20,N, ,MANNERS ST,201012905,10/09/10,Fri,2040,PO,BS1E,112A 353A 105B 722B ,,R,D,DO,F , ,N,N,50,0,1,0,16,,1748790,5427406,-41.29108604,174.7769746
Wellington City,CUBA ST,15,S, ,VIVIAN ST,201056562,10/12/10,Fri,1415,EA,CS1C,122A ,M,R,D,B ,F ,X,T,C,50,0,0,0,,,1748601,5426986,-41.2949023,174.774821
Wellington City,CURTIS ST,50,W, ,CHAYTOR ST,201012433,13/07/10,Tue,1515,LB,PW1C,303B 363B 375B 902 929 ,,R,D,B ,F ,D,N,C,50,0,0,1,,,1746842,5428212,-41.28418588,174.7535261
Wellington City,CUSTOMHOUSE QUAY,10,E, ,BALLANCE ST,201056553,28/12/10,Tue,1845,FE,CS1CC,330A ,,R,W,O ,L ,T,T,R,50,0,0,0,,,1748968,5428419,-41.28193272,174.7788517
Wellington City,CUSTOMHOUSE QUAY,40,S, ,BALLANCE ST,201013316,19/10/10,Tue,915,EE,CN1X,374B 443B ,Q,R,D,B ,FS, ,N,R,50,0,0,1,,,1748947,5428374,-41.28234175,174.778612
Wellington City,CUSTOMHOUSE QUAY,, ,I,BRANDON ST,201053421,7/07/10,Wed,1115,FA,CN14,135A 817 ,,R,W,O ,L ,T,T,C,50,0,0,0,,,1748876,5428214,-41.2837954,174.7778037
Wellington City,CUSTOMHOUSE QUAY,15,S, ,GREY ST,201054840,9/08/10,Mon,1430,MO,4S1MM,371A ,MM,R,D,B ,F , ,N,C,50,0,0,0,,,1748806,5428074,-41.28506879,174.7770024
Wellington City,CUSTOMHOUSE QUAY,20,N, ,HUNTER ST,201056078,5/11/10,Fri,1500,EA,TN1X,386A 445B ,Q,R,D,B ,F , ,N,C,50,0,0,0,,,1748789,5428033,-41.28544106,174.7768095
Wellington City,CUSTOMHOUSE QUAY,, ,I,HUNTER ST,201051704,7/03/10,Sun,609,FE,CN1C,103A 331A ,,R,D,DO,F ,X,T,C,50,0,0,0,,,1748781,5428015,-41.2856046,174.7767184
Wellington City,CUSTOMHOUSE QUAY,, ,I,JERVOIS QUAY,201056107,10/11/10,Wed,830,KB,BN1C,302A ,,R,D,B ,F ,Y,T,R,50,0,0,0,,,1748869,5428191,-41.28400377,174.7777258
Wellington City,CUSTOMHOUSE QUAY,, ,I,JERVOIS QUAY,201056044,9/12/10,Thu,1042,FB,CN1C,181A 331A ,,R,D,B ,F ,Y,T,R,50,0,0,0,,,1748869,5428191,-41.28400377,174.7777258
Wellington City,CUSTOMHOUSE QUAY,, ,I,JOHNSTON ST,201053745,9/08/10,Mon,1258,FE,XN1C,181A 387A ,,R,D,O ,F ,T,T,R,50,0,0,0,,,1748906,5428278,-41.28321365,174.7781461
Wellington City,CUSTOMHOUSE QUAY,, ,I,JOHNSTON ST,201054839,23/08/10,Mon,1330,JA,VN1V,322A 351A ,,R,D,O ,F ,T,T,R,50,0,0,0,,,1748906,5428278,-41.28321365,174.7781461
Wellington City,CUSTOMHOUSE QUAY,15,N, ,WARING TAYLOR ST,201055229,7/05/10,Fri,2239,FE,4S1C,103A 181A 359A ,,R,D,DO,  ,T,T,R,50,0,0,0,,,1748939,5428356,-41.28250529,174.778521
Wellington City,CUSTOMHOUSE QUAY,50,S, ,WATERLOO QUAY,201056589,7/10/10,Thu,1515,CC,CN14,386A ,,R,D,O ,F , ,N,C,50,0,0,0,,,1748956,5428395,-41.28215102,174.7787143
Wellington City,DANIELL ST,, ,I,LAWRENCE ST,201011755,8/04/10,Thu,1141,JA,MS1C,302B 375B ,,R,D,B ,F ,T,G,C,50,0,0,1,,,1749278,5424519,-41.31698873,174.7835084
Wellington City,DANIELL ST,, ,I,MEIN ST,201054530,26/08/10,Thu,1949,DA,CE1C,103A ,M,R,D,DO,F ,T,N,C,50,0,0,0,,,1749130,5425238,-41.31054268,174.7815646
Wellington City,DANIELL ST,, ,I,NEWTOWN AVENUE,201056113,17/10/10,Sun,1833,MA,CS1C,156A 373B 839 ,,R,D,B ,F ,T,N,C,50,0,0,0,,,1749205,5424869,-41.31385106,174.7825507
Wellington City,DANIELL ST,, ,I,RHODES ST,201056262,25/11/10,Thu,645,CA,VS1C,501A ,M,R,D,O ,F ,T,G,C,50,0,0,0,,,1749260,5424598,-41.3162808,174.783274
Wellington City,DANIELL ST,30,S, ,WINGATE TERRACE,201054645,10/04/10,Sat,1300,MD,CS1C,110A 370B 929 ,,R,D,B ,F ,D,N,C,50,0,0,0,,,1749296,5424430,-41.3177867,174.7837452
Wellington City,DARLINGTON ROAD,, ,I,ROTHERHAM TERRACE,201056864,8/12/10,Wed,1333,EA,BN1CC,124A 386A ,MM,R,D,O ,FS,T,G,C,50,0,0,0,,,1752600,5424914,-41.31281076,174.82308
Wellington City,DAVIS ST,, ,I,HOBSON ST,201053286,1/06/10,Tue,1015,JB,4.00E+14,111A 831 930 ,,S,D,B ,F ,D,N,C,50,0,0,0,,,1749279,5429196,-41.27487962,174.7823733
Wellington City,DEE ST,100,E, ,DON ST,201056727,21/12/10,Tue,1300,EA,CW1V,129A ,M,M,W,O ,F , ,N,N,50,0,0,0,,,1748638,5423167,-41.32927953,174.7761961
Wellington City,DEVON ST,20,N, ,ARO ST,201055050,13/09/10,Mon,1920,MD,CS1C,308B 371B 839 929 ,,R,W,DO,L ,D,N,N,50,0,0,0,,,1747911,5426973,-41.29514609,174.7665869
Wellington City,DEVON ST,50,E, ,LANDCROSS ST,201052366,10/04/10,Sat,1145,BA,CE1C,386A ,,R,D,B ,F , ,N,N,50,0,0,0,,,1747895,5427148,-41.29357341,174.7663534
Wellington City,DEVONSHIRE ROAD,, ,I,TORRIDON ROAD,201054837,9/08/10,Mon,1645,HA,CE1C,302B ,,R,D,O ,F ,X,G,C,50,0,0,0,,,1752207,5423983,-41.32126699,174.8186202
Wellington City,DIXON ST,, ,I,CUBA ST,201056728,16/12/10,Thu,140,MG,XW1C,371B ,,R,D,DO,F ,X,T,C,30,0,0,0,,,1748757,5427333,-41.29174937,174.7765985
Wellington City,DIXON ST,, ,I,CUBA ST,201055809,24/11/10,Wed,1644,MO,BW1C,381A 209B ,,R,D,B ,F ,X,T,N,30,0,0,0,,,1748757,5427333,-41.29174937,174.7765985
Wellington City,DIXON ST,15,W, ,TARANAKI ST,201012537,24/07/10,Sat,45,NB,XW1E,105B 711B ,,R,D,DO,F , ,N,C,50,0,1,1,25,,1748935,5427254,-41.29242782,174.7787427
Wellington City,DIXON ST,, ,I,TARANAKI ST,201050051,19/01/10,Tue,1510,FE,VW1CC,331A ,,R,D,B ,F ,M,T,C,50,0,0,0,,,1748949,5427248,-41.29247926,174.7789113
Wellington City,DIXON ST,20,W, ,VICTORIA ST,201053390,12/07/10,Mon,5,EA,VE1CC,103A 385A ,M,R,D,DO,F , ,N,C,50,0,0,0,,,1748625,5427393,-41.29123348,174.7750082
Wellington City,DIXON ST,20,E, ,WILLIS ST,201056572,20/12/10,Mon,1129,MA,CW1V,385B ,,R,D,O ,L , ,N,N,50,0,0,0,,,1748538,5427431,-41.29090736,174.7739603
Wellington City,DIXON ST,30,E, ,WILLIS ST,201055684,10/11/10,Wed,845,MO,VW14,385A ,M,R,D,B ,F , ,N,C,50,0,0,0,,,1748548,5427427,-41.29094153,174.7740807
Wellington City,DORMAR PLACE,30,S, ,HALSWATER DRIVE,201056861,28/06/10,Mon,1820,MO,CS1C,402A 420A ,FM,E,W,DO,L , ,N,C,50,0,0,0,,,1751820,5436625,-41.20752012,174.8108503
Wellington City,DOUGLAS ST,15,W, ,MYRTLE CRESCENT,201051131,6/03/10,Sat,1257,MO,CE1CV,427A ,MM,R,D,O ,F , ,N,C,50,0,0,0,,,1748900,5426182,-41.30208595,174.7785872
Wellington City,DOWNING ST,300,N, ,ADMIRALTY ST,201056848,1/12/10,Wed,407,DB,CN1C,410A ,JM,E,D,DO,F , ,N,C,50,0,0,0,,,1747589,5431194,-41.25720111,174.7617203
Wellington City,DUNCAN ST,250,S, ,MCLELLAN ST,201052146,20/05/10,Thu,826,MA,VN1C,373B ,,R,D,O ,F , ,N,C,50,0,0,0,,,1753550,5441337,-41.16477013,174.8302929
Wellington City,DUNCAN ST,350,S, ,MCLELLAN ST,201054425,7/09/10,Tue,1500,EA,CN1C,129A 385A ,Q,R,D,B ,F , ,N,C,50,0,0,0,,,1753503,5441249,-41.16557132,174.829755
Wellington City,DUNCAN ST,, ,I,TAWA TERRACE,201052459,27/05/10,Thu,2230,HA,CS1C,302A ,,E,W,TO,L ,R,G,R,50,0,0,0,,,1753312,5440188,-41.17516005,174.8277449
Wellington City,DUNCAN TERRACE,15,W, ,KILBIRNIE CRESCENT,201054866,29/08/10,Sun,850,MO,VW14,386A ,M,R,D,O ,F , ,N,N,50,0,0,0,,,1750055,5424731,-41.31493583,174.792735
Wellington City,DUNCAN TERRACE,200,N, ,RODRIGO ROAD,201053585,2/08/10,Mon,815,BD,CN1C,423A 818 ,,M,W,B ,F , ,N,N,50,0,0,0,,,1749843,5424174,-41.3199901,174.7903406
Wellington City,DUNDAS ST,, ,I,INGLIS ST,201052143,19/04/10,Mon,1150,HA,VN2C,302B ,,R,D,B ,F ,X,G,C,50,0,0,0,,,1753373,5423765,-41.32300874,174.8326002
Wellington City,DUTHIE ST,, ,I,PLYMOUTH ST,201052020,17/05/10,Mon,1550,HA,CN1C,302B ,,R,D,O ,F ,X,G,C,50,0,0,0,,,1746333,5427867,-41.28738453,174.7475335
Wellington City,EDINBURGH TERRACE,50,W, ,RUSSELL TERRACE,201056575,18/11/10,Thu,1300,QD,TN1CV,612A ,M,R,D,B ,F , ,N,N,50,0,0,0,,,1748944,5423819,-41.32335285,174.7796912
Wellington City,EGMONT ST,20,N, ,GHUZNEE ST,201051807,1/04/10,Thu,2321,MO,CN1C,103A 386A ,M,R,D,DO,F , ,N,N,50,0,0,0,,,1748807,5427128,-41.29358586,174.7772455
Wellington City,ELIZABETH ST,, ,I,CAMBRIDGE TERRACE,201052558,26/05/10,Wed,1536,KB,TN1C,323B 334B 404B ,,R,W,O ,LS,T,T,C,50,0,0,0,,,1749269,5426893,-41.29561635,174.7828184
Wellington City,ELLICE ST,, ,I,BROUGHAM ST,201012064,31/05/10,Mon,1745,GD,ME1C,157A 333A ,M,R,D,DO,F ,X,S, ,50,0,1,0,,,1749299,5426365,-41.3003646,174.7833061
Wellington City,ELLICE ST,20,E, ,PORRITT AVENUE,201052156,7/04/10,Wed,2112,MG,4W1C,653A ,M,R,D,DO,F , ,N,C,50,0,0,0,,,1749451,5426298,-41.30093969,174.7851372
Wellington City,ENDEAVOUR ST,20,W, ,YULE ST,201056883,22/11/10,Mon,1440,EA,CW1C,386A ,M,R,D,B ,F , ,N,C,50,0,0,0,,,1750445,5423764,-41.32356937,174.7976315
Wellington City,ERLESTOKE CRESCENT,30,N, ,WAVERTON TERRACE,201011918,7/03/10,Sun,1320,BC,4S1C,120A 839 ,F,E,D,B ,F , ,N,N,50,0,0,2,,,1750850,5437317,-41.20147104,174.7991153
Wellington City,EVANS BAY PARADE,, ,I,BELVEDERE ROAD,201013378,12/12/10,Sun,1545,JA,MN1C,301B 377B 839 ,,E,D,B ,F ,T,S,C,50,0,1,0,,,1750556,5425521,-41.30772986,174.7985221
Wellington City,EVANS BAY PARADE,50,S, ,COBHAM DRIVE,201011657,1/04/10,Thu,1542,NB,CS1E,712B ,,R,D,B ,FS, ,N,C,50,0,0,1,14,,1750297,5424950,-41.31291905,174.7955707
Wellington City,EVANS BAY PARADE,20,N, ,KEMP ST,201050854,20/03/10,Sat,850,JA,4N1C,308B 927 ,,R,D,B ,F ,D,N,C,50,0,0,0,,,1750281,5424688,-41.3152809,174.7954444
Wellington City,EVANS BAY PARADE,100,N, ,MAIDA VALE ROAD,201053587,26/07/10,Mon,1655,FD,CN1C,181A 929 ,,E,D,TO,F ,D,N,C,50,0,0,0,,,1750923,5427237,-41.29221163,174.8024786
Wellington City,EVANS BAY PARADE,100,N, ,MAIDA VALE ROAD,201055044,15/10/10,Fri,1720,MB,CN1V,372B ,,M,D,O ,F , ,N,C,50,0,0,0,,,1750923,5427237,-41.29221163,174.8024786
Wellington City,EVANS BAY PARADE,90,N, ,PAHIA ST,201051584,29/04/10,Thu,435,DA,4S1C,111A 131A ,M,E,D,DO,F , ,N,C,50,0,0,0,,,1750999,5427080,-41.29361093,174.8034248
Wellington City,EVANS BAY PARADE,800,N, ,RATA ROAD,201012957,29/09/10,Wed,1723,AF,CS1S,129A 150A 350A ,,R,D,B ,FS, , ,C,50,0,0,1,,34,1751113,5426365,-41.30002695,174.8049632
Wellington City,EVANS BAY PARADE,, ,I,RATA ROAD,201055969,12/11/10,Fri,1141,GB,CN1C,157A 158A 387A ,,M,D,B ,F ,T,G,C,50,0,0,0,,,1750708,5425784,-41.30533361,174.8002719
Wellington City,EVANS BAY PARADE,400,N, ,SH 1N,201011909,11/05/10,Tue,1749,NA,SN1E,711B 712B ,,E,D,O ,F , ,N,C,50,0,1,1,59,47,1750487,5425324,-41.30951639,174.797747
Wellington City,FAIRLIE TERRACE,15,E, ,KELBURN PARADE,201054650,20/09/10,Mon,1410,MA,PE1C,373B ,,M,W,B ,L , ,N,C,50,0,0,0,,,1747935,5427361,-41.29164834,174.7667791
Wellington City,FAIRVIEW CRESCENT,30,N, ,PLUNKET ST,201052365,3/03/10,Wed,1215,EA,TS1C,386A ,M,R,D,O ,F , ,N,N,50,0,0,0,,,1747334,5427702,-41.28868805,174.7595221
Wellington City,FARNHAM ST,30,W, ,HAVELOCK ST,201050908,3/03/10,Wed,850,EA,4W1C,358A 902 ,M,R,D,B ,F , ,N,C,50,0,0,0,,,1747730,5424430,-41.31807508,174.7650436
Wellington City,FEATHERSTON ST,30,S, ,BRANDON ST,201055232,6/08/10,Fri,1210,EA,BS1X,385A ,Q,R,D,B ,F , ,N,C,50,0,0,0,,,1748787,5428222,-41.28373978,174.7767395
Wellington City,FEATHERSTON ST,, ,I,BRANDON ST,201012507,13/05/10,Thu,1345,MG,XS1E,371A ,,R,D,B ,F ,X,T,C,50,0,0,1,1,,1748800,5428249,-41.28349429,174.776888
Wellington City,FEATHERSTON ST,20,N, ,GREY ST,201056732,22/12/10,Wed,1500,MA,VS1X,386A ,,R,D,B ,F , ,N,C,50,0,0,0,,,1748749,5428139,-41.28449406,174.7763062
Wellington City,FERRY ST,, ,I,DUNDAS ST,201011664,3/03/10,Wed,1600,LB,CS1S,304A 375A ,,E,D,O ,F ,X,G,C,50,0,0,1,,13,1753071,5423849,-41.32230987,174.8289723
Wellington City,FERRY TERMINAL ACCESS ROA,, ,I,AOTEA QUAY,201050420,1/02/10,Mon,1630,FB,CS1C,181A ,,E,D,O ,F ,Y,G,R,50,0,0,0,,,1749545,5430179,-41.26598004,174.7853066
Wellington City,FRANKLYN ROAD,15,W, ,VICTORY CRESCENT,201052891,23/05/10,Sun,2354,EA,CE1C,350A 385A ,M,E,D,DO,F , ,N,N,50,0,0,0,,,1753009,5441635,-41.16218938,174.823773
Wellington City,FRANKMOORE AVENUE,20,E, ,ROTOITI ST,201013197,30/10/10,Sat,1658,NB,CW1E,712B 726B ,,R,D,B ,F , ,N,C,50,0,0,1,8,,1751280,5435021,-41.2220627,174.8048094
Wellington City,FRANKMOORE AVENUE,70,E, ,ROTOITI ST,201056622,3/10/10,Sun,1630,MO,CW1C,371A ,M,R,D,B ,F , ,N,C,50,0,0,0,,,1751329,5435011,-41.22214357,174.8053962
Wellington City,FRASER AVENUE,, ,I,CORLETT ST,201055834,14/11/10,Sun,1300,FB,CN1C,386A ,,R,D,B ,F ,M,G,C,50,0,0,0,,,1751476,5434504,-41.22668079,174.8072749
Wellington City,FREDERICK ST,, ,I,TORY ST,201050289,29/01/10,Fri,1305,JA,CN2C,309B ,,R,D,B ,F ,T,N,C,50,0,0,0,,,1748968,5426763,-41.29684241,174.7792568
Wellington City,FROBISHER ST,80,W, ,SEVERN ST,201012545,13/07/10,Tue,1530,EA,CW1T,197A 363A ,M,M,D,B ,F , ,N,C,50,0,0,1,,,1747454,5421601,-41.34359635,174.7624341
Wellington City,GANGES ROAD,20,W, ,AGRA CRESCENT,201051134,9/03/10,Tue,1444,MO,CW1,133A 423A ,FJT,R,D,B ,F , ,N,N,50,0,0,0,,,1750046,5432339,-41.24643975,174.7907535
Wellington City,GANGES ROAD,20,W, ,DEKKA ST,201051482,12/04/10,Mon,1815,MO,CE1,423A ,H,R,D,DO,F , ,N,N,50,0,0,0,,,1750089,5432279,-41.24697198,174.7912812
Wellington City,GARDEN ROAD,120,W, ,GLENMORE ST,201011661,16/03/10,Tue,809,CB,CS1,131A ,EFP,R,D,O ,F , ,N,N,50,0,0,1,,,1747730,5428506,-41.28137686,174.7640542
Wellington City,GEORGE ST,, ,I,TINAKORI ROAD,201012139,1/06/10,Tue,900,NE,CN1E,370A ,,R,W,O ,L ,T,G,C,50,0,0,1,19,,1748738,5429399,-41.27315172,174.7758672
Wellington City,GHUZNEE ST,30,W, ,CUBA ST,201055024,24/09/10,Fri,545,FD,CE1C,181A ,,R,D,O ,F ,X,T,C,50,0,0,0,,,1748654,5427178,-41.29316388,174.7754068
Wellington City,GHUZNEE ST,50,W, ,CUBA ST,201055236,3/09/10,Fri,1810,MA,CW1C,373B ,,R,W,TO,L , ,N,C,50,0,0,0,,,1748635,5427186,-41.29309535,174.7751781
Wellington City,GHUZNEE ST,70,W, ,CUBA ST,201055832,2/10/10,Sat,2215,MD,CE1X,308B 371B 927 ,,R,D,DO,F ,D,N,P,50,0,0,0,,,1748617,5427194,-41.29302664,174.7749612
Wellington City,GHUZNEE ST,100,W, ,CUBA ST,201051144,7/02/10,Sun,1300,FD,CE1C,331A ,,R,D,B ,F , ,N,C,50,0,0,0,,,1748590,5427206,-41.29292357,174.774636
Wellington City,GHUZNEE ST,, ,I,CUBA ST,201056640,18/12/10,Sat,45,EE,XN1X,443B 446B ,Q,R,D,DO,F ,X,T,C,50,0,0,0,,,1748681,5427166,-41.29326695,174.7757321
Wellington City,GHUZNEE ST,, ,I,EGMONT ST,201013083,28/10/10,Thu,1500,NB,CE1E,713B 731B ,,R,D,B ,F ,T,N,C,50,0,0,1,51,,1748799,5427110,-41.2937494,174.7771544
Wellington City,GHUZNEE ST,15,E, ,LEEDS ST,201052261,24/05/10,Mon,1100,EE,4E1C,374B ,Q,R,W,B ,L , ,N,C,50,0,0,0,,,1748768,5427127,-41.29360205,174.7767802
Wellington City,GHUZNEE ST,, ,I,MARION ST,201052371,21/05/10,Fri,2228,JA,XW1X,302B ,,R,W,DO,L ,T,G,C,50,0,0,0,,,1748769,5427126,-41.29361087,174.7767924
Wellington City,GHUZNEE ST,30,W, ,TARANAKI ST,201056557,24/12/10,Fri,1230,EA,CE1C,385A ,M,R,D,O ,F , ,N,C,50,0,0,0,,,1748839,5427092,-41.29390408,174.7776363
Wellington City,GHUZNEE ST,, ,I,VICTORIA ST,201052652,29/05/10,Sat,1305,HA,CE1C,322A ,,R,W,O ,L ,X,T,P,50,0,0,0,,,1748533,5427232,-41.29269997,174.7739492
Wellington City,GHUZNEE ST,, ,I,VICTORIA ST,201013475,21/11/10,Sun,233,DA,CE1,103A 124A ,S,R,W,DO,L ,X,T,C,50,0,1,0,,,1748533,5427232,-41.29269997,174.7739492
Wellington City,GHUZNEE ST,, ,I,VICTORIA ST,201054622,28/05/10,Fri,2310,HA,VW1X,324A 351A ,,R,W,DO,H ,X,T,P,50,0,0,0,,,1748533,5427232,-41.29269997,174.7739492
Wellington City,GHUZNEE ST,, ,I,VICTORIA ST,201056022,21/11/10,Sun,2330,HA,CS2C,102A 322A 334A 102B ,,R,D,DO,F ,X,T,C,50,0,0,0,,,1748533,5427232,-41.29269997,174.7739492
Wellington City,GHUZNEE ST,, ,I,VICTORIA ST,201052017,2/05/10,Sun,936,DB,CW1,136A 631A ,C,R,D,O ,F ,X,T,C,50,0,0,0,,,1748533,5427232,-41.29269997,174.7739492
Wellington City,GILMER TERRACE,30,N, ,BOULCOTT ST,201056542,13/12/10,Mon,1710,JA,CN1C,308B 353B 926 ,,R,D,O ,F ,D,N,N,50,0,0,0,,,1748578,5427988,-41.28588507,174.7743019
Wellington City,GIPPS ST,, ,I,DUTHIE ST,201054841,25/08/10,Wed,1942,HA,4S2C,302B ,,R,D,DO,FF,X,G,C,50,0,0,0,,,1746328,5427880,-41.28726839,174.7474707
Wellington City,GLAMIS AVENUE,100,S, ,BROADWAY,201054623,26/06/10,Sat,300,CC,CS1C,101A 125A ,M,R,D,DO,F , ,N,N,50,0,0,0,,,1752446,5423537,-41.32523726,174.8215863
Wellington City,GLASGOW ST,, ,I,KELBURN PARADE,201054353,30/08/10,Mon,855,KB,CN1C,302A 375A ,,R,W,O ,M ,R,G,C,50,0,0,0,,,1747992,5427605,-41.28944104,174.7674002
Wellington City,GLEN ROAD,20,S, ,RIMU ROAD,201011662,19/03/10,Fri,855,EE,4W1C,374B ,M,E,D,B ,F , ,N,C,50,0,0,1,,,1747729,5427704,-41.28859786,174.7642368
Wellington City,GLENMORE ST,50,E, ,COLLINS TERRACE,201011436,5/03/10,Fri,1022,FD,CS1C,112A 181A ,,R,D,B ,F , ,N,C,50,0,0,1,,,1747995,5428597,-41.28050902,174.767195
Wellington City,GLENMORE ST,, ,I,CRIEFF ST,201011388,19/02/10,Fri,815,NB,SN1E,110A 711B 719B ,,R,D,B ,F ,T,N,C,50,0,1,1,,24,1747364,5428101,-41.28509017,174.7597837
Wellington City,GLENMORE ST,100,S, ,KELBURN VIADUCT,201013094,29/09/10,Wed,1045,DA,VN1,358A 420A ,,M,W,O ,H , ,N,C,50,0,0,1,,,1747137,5427777,-41.28804872,174.7571524
Wellington City,GLENMORE ST,150,S, ,KELBURN VIADUCT,201052647,19/06/10,Sat,925,DA,VS1,131A ,C,M,D,O ,F , ,N,C,50,0,0,0,,,1747128,5427728,-41.28849153,174.7570568
Wellington City,GLENMORE ST,100,S, ,NORTHLAND ROAD,201013694,19/12/10,Sun,520,BC,VE1X,103A 121A ,,M,W,TN,L , ,N,C,50,0,0,2,,,1747063,5427836,-41.28753099,174.7562549