TLA NAME,CRASH ROAD,CRASH DIST,CRASH DIRN,INTSN,SIDE ROAD,CRASH ID,CRASH DATE,CRASH DOW,CRASH TIME,MVMT,VEHICLES,CAUSES,OBJECTS STRUCK,ROAD CURVE,ROAD WET,LIGHT,WTHRa,JUNC TYPE,TRAF CTRL,ROAD MARK,SPD LIM,CRASH FATAL CNT,CRASH SEV CNT,CRASH MIN CNT,PERS AGE1,PERS AGE2,EASTING,NORTHING,latitude,longitude
Wellington City,GLENMORE ST,120,S, ,ORANGI KAUPAPA ROAD,201012962,8/10/10,Fri,1640,AO,CS1SC,102A 407A 410A 420A ,M,R,D,O ,F , ,N,C,50,0,0,1,,59,1747488,5428209,-41.28409515,174.7612377
Wellington City,GLENMORE ST,, ,I,ORANGI KAUPAPA ROAD,201013150,30/07/10,Fri,1040,FC,CN1C,331A 351A 363A 902 ,,R,W,B ,F ,T,N,X,50,0,0,3,,,1747579,5428287,-41.28337624,174.7623049
Wellington City,GLENMORE ST,40,S, ,PATANGA CRESCENT,201056566,3/12/10,Fri,815,FC,CS1C,331A ,,R,D,B ,F , ,N,X,50,0,0,0,,,1748021,5428622,-41.28027916,174.7674992
Wellington City,GLOVER ST,150,N, ,CENTENNIAL SBD,201051824,13/04/10,Tue,930,EA,4N1CT,197A ,M,R,D,B ,F , ,N,N,40,0,0,0,,,1751948,5432893,-41.24109668,174.8133045
Wellington City,GLOVER ST,150,N, ,CENTENNIAL SBD,201052340,18/05/10,Tue,1035,KB,VS1C,308B 375B 839 927 ,,R,D,O ,F ,D,N,N,50,0,0,0,,,1751948,5432893,-41.24109668,174.8133045
Wellington City,GLOVER ST,, ,I,CENTENNIAL SBD,201052477,31/05/10,Mon,1230,FB,CW1C,331A 353A 387A ,,E,D,O ,F ,X,G,N,50,0,0,0,,,1751932,5432744,-41.24244119,174.8131508
Wellington City,GRAFTON ROAD,100,N, ,TE ANAU ROAD,201054851,16/08/10,Mon,1940,MC,MS1C,373B ,,R,W,DO,L , ,N,C,50,0,0,0,,,1750904,5426817,-41.29599657,174.8023559
Wellington City,GRAFTON ROAD,120,N, ,TE ANAU ROAD,201013511,29/12/10,Wed,1018,AO,CS1S,183A 357A 357B ,,M,D,B ,F , ,N,C,50,0,0,1,,61,1750896,5426835,-41.29583601,174.802256
Wellington City,GRANT ROAD,50,N, ,MALCOLM LANE,201055589,8/08/10,Sun,2255,EA,VS1CCC,385A 517A 818 ,M,R,D,DO,F , ,N,N,50,0,0,0,,,1748583,5429430,-41.27290114,174.7740099
Wellington City,GROSVENOR TERRACE,, ,I,LOWER WATT ST,201052259,16/05/10,Sun,1930,DA,CN1,111A 137A ,P,M,W,DO,L ,Y,N,L,50,0,0,0,,,1749104,5430215,-41.26573742,174.7800355
Wellington City,HAINING ST,, ,I,TORY ST,201013479,3/12/10,Fri,1610,LB,SN1C,303B 352B 375B ,,R,D,B ,F ,T,N,C,50,0,0,1,,65,1748951,5426726,-41.29717868,174.7790629
Wellington City,HALL ST,, ,I,HALL AVENUE,201050653,18/02/10,Thu,1100,JA,CW1C,302B ,,R,W,O ,L ,T,G,C,50,0,0,0,,,1748840,5425220,-41.3107583,174.7781062
Wellington City,HALL ST,150,W, ,RIDDIFORD ST,201055451,3/10/10,Sun,1930,EE,CW1C,385A 374B ,Q,R,D,DO,F , ,N,C,50,0,0,0,,,1748771,5425238,-41.31060897,174.7772779
Wellington City,HAMILTON ROAD,15,N, ,WELLINGTON ROAD,201052361,27/05/10,Thu,800,FD,CN1C,331A ,,R,W,O ,L , ,N,C,50,0,0,0,,,1750126,5425062,-41.31194252,174.7935011
Wellington City,HAMILTON ROAD,100,N, ,WELLINGTON ROAD,201055450,1/10/10,Fri,1000,EA,VN1C,129A 386A ,M,M,D,B ,F , ,N,C,50,0,0,0,,,1750136,5425146,-41.31118438,174.7935998
Wellington City,HANDYSIDE ST,, ,I,COLLINS AVENUE,201054294,12/08/10,Thu,1300,KB,CW1C,301B 375B 831 ,,E,D,O ,F ,T,S,N,50,0,0,0,,,1753870,5442082,-41.15800196,174.8339183
Wellington City,HANKEY ST,40,W, ,TARANAKI ST,201011670,10/04/10,Sat,1325,MA,SW1C,373B ,,E,D,B ,F , ,N,N,50,0,0,1,,31,1748469,5426280,-41.30128303,174.7734174
Wellington City,HANSON ST,300,S, ,JOHN ST,201054838,28/04/10,Wed,758,AC,PN1C,152A 159A ,,R,W,O ,F , ,N,N,50,0,0,0,,,1748665,5425339,-41.30971916,174.7759874
Wellington City,HANSON ST,, ,I,JOHN ST,201050317,14/01/10,Thu,1645,MG,CN1C,330B 372B ,,E,D,B ,F ,X,T,C,50,0,0,0,,,1748734,5425630,-41.30708645,174.7767402
Wellington City,HAPPY VALLEY ROAD,250,N, ,LANDFILL ROAD,201065114,17/03/10,Wed,,EO,TS1,686A ,X,R,D,B ,FS, ,N,C,70,0,0,0,,,1747061,5423142,-41.32979384,174.7573658
Wellington City,HAPPY VALLEY ROAD,250,N, ,LANDFILL ROAD,201051149,17/03/10,Wed,1345,EO,TS1,686A ,X,R,D,B ,F , ,N,C,70,0,0,0,,,1747061,5423142,-41.32979384,174.7573658
Wellington City,HARPER ST,, ,I,OWEN ST,201051502,29/03/10,Mon,1537,MA,CN2C,386A 386B ,,R,D,B ,F ,T,G,C,50,0,0,0,,,1749400,5424797,-41.3144632,174.784897
Wellington City,HARRIS ST,30,W, ,JERVOIS QUAY,201053367,21/07/10,Wed,1215,MA,CE1C,373B 839 ,,R,D,O ,M , ,N,C,50,0,0,0,,,1748889,5427729,-41.28815967,174.7780775
Wellington City,HARRIS ST,50,E, ,VICTORIA ST,201054790,9/10/10,Sat,1520,MO,CE1C,371A 920 ,,R,D,B ,F ,D,N,C,50,0,0,0,,,1748808,5427765,-41.28785048,174.7771018
Wellington City,HARRISON ST,10,S, ,CLEVELAND ST,201056530,24/12/10,Fri,1445,MO,CN1C,371A 920 ,,R,D,B ,F ,D,N,N,50,0,0,0,,,1747779,5425872,-41.3050831,174.7652784
Wellington City,HATHAWAY AVENUE,120,S, ,ALLINGTON ROAD,201051708,17/04/10,Sat,300,CB,CW1,651A ,P,R,D,DN,F , ,N,C,50,0,0,0,,,1744083,5427535,-41.29077845,174.7207539
Wellington City,HAUMIA ST,40,W, ,FRASER AVENUE,201055421,8/10/10,Fri,2348,EA,CW14,385A ,M,E,W,DO,L , ,N,C,50,0,0,0,,,1751145,5434044,-41.23088426,174.8034414
Wellington City,HAWKESTONE ST,, ,I,HAWKESTONE OFF SBD,201054514,22/07/10,Thu,1927,FB,CS2C,103A 331A ,,R,W,DO,L ,T,G,R,50,0,0,0,,,1748697,5429207,-41.27488794,174.7754248
Wellington City,HAWKESTONE ST,, ,I,HAWKESTONE OFF SBD,201052483,24/05/10,Mon,1229,JA,XE14,302B ,,R,W,O ,L ,T,G,C,50,0,0,0,,,1748697,5429207,-41.27488794,174.7754248
Wellington City,HAWKESTONE ST,, ,I,MOLESWORTH ST,201053688,23/07/10,Fri,1149,HA,CN1C,302A 375A 112B 839 ,,R,W,O ,L ,X,G,C,50,0,0,0,,,1748901,5429191,-41.27499441,174.7778633
Wellington City,HEATON TERRACE,60,E, ,WASHINGTON AVENUE,201052878,19/05/10,Wed,1530,BD,CW1C,371A 510A ,,M,D,O ,F , ,N,C,50,0,0,0,,,1747964,5425928,-41.304545,174.7674737
Wellington City,HELSTON ROAD,, ,I,BEAZLEY AVENUE,201050079,2/01/10,Sat,1935,JA,CE1C,302B 375B ,,R,D,O ,F ,T,G,C,50,0,0,0,,,1752239,5435679,-41.21595863,174.8160811
Wellington City,HELSTON ROAD,10,S, ,GLEN ALTON AVENUE,201052888,17/06/10,Thu,1612,QD,CN1T,611A ,,E,D,O ,F ,T,N,C,50,0,0,0,,,1751909,5435276,-41.219649,174.8122466
Wellington City,HELSTON ROAD,, ,I,PETHERICK CRESCENT,201052257,13/05/10,Thu,910,JA,CN1V,111A 831 ,,M,W,O ,L ,T,N,C,50,0,0,0,,,1751900,5435176,-41.22055103,174.8121641
Wellington City,HELSTON ROAD,150,N, ,STEWART DRIVE,201053600,9/08/10,Mon,808,MO,CN1C,101A 371A ,M,E,D,O ,F , ,N,C,50,0,0,0,,,1751667,5435085,-41.22141404,174.8094084
Wellington City,HELSTON ROAD,, ,I,STEWART DRIVE,201013456,3/12/10,Fri,906,LB,CW1C,303B 375B 902 ,,E,D,B ,F ,T,G,R,50,0,0,2,,,1751812,5435049,-41.22171097,174.8111464
Wellington City,HIGH ST,, ,I,DERWENT ST,201050368,7/02/10,Sun,1800,JA,CS1V,302B ,,R,D,O ,F ,T,G,C,50,0,0,0,,,1747858,5421287,-41.34634939,174.7673371
Wellington City,HILL ST,60,W, ,SELWYN TERRACE,201054309,15/07/10,Thu,755,FA,CE1C,331A 358A 839 ,,R,W,B ,F , ,N,N,50,0,0,0,,,1748559,5428990,-41.27686709,174.7738308
Wellington City,HILL ST,10,E, ,TINAKORI ROAD,201011654,26/03/10,Fri,1828,NA,VE1E,713B ,,R,D,TF,F ,T,N,C,50,0,0,1,13,,1748378,5429000,-41.27681033,174.7716681
Wellington City,HIROPI ST,, ,I,CONSTABLE ST,201013293,27/11/10,Sat,1130,BB,SN1C,111A 124A ,,R,D,B ,F ,T,N,N,50,0,0,1,,13,1749445,5424982,-41.31278925,174.7853889
Wellington City,HOBART ST,, ,I,CALEDONIA ST,201052849,4/06/10,Fri,1855,HA,CE1X,301B 382B ,,R,W,DO,L ,X,S,C,50,0,0,0,,,1751760,5423957,-41.32158532,174.8132884
Wellington City,HOBART ST,15,N, ,KEDAH ST,201011380,3/02/10,Wed,18,EA,CN1C,410A ,FM,R,D,DO,F , ,N,C,50,0,0,1,,,1751700,5423765,-41.32332523,174.8126197
Wellington City,HOMEBUSH ROAD,530,E, ,ONSLOW ROAD,201055238,13/07/10,Tue,730,DB,CW1C,110A 802 ,M,M,I,O ,F , ,N,C,50,0,0,0,,,1751446,5432171,-41.24769128,174.8074958
Wellington City,HOPPER ST,15,N, ,ARLINGTON ST,201011486,8/03/10,Mon,1519,NA,CS1E,713B ,,R,D,O ,F , ,N,N,50,0,0,1,6,,1748498,5426480,-41.299477,174.7737148
Wellington City,HOPPER ST,20,N, ,ARLINGTON ST,201055939,5/10/10,Tue,1800,MO,CS1P,371A ,M,R,D,B ,F , ,N,C,50,0,0,0,,,1748500,5426485,-41.29943162,174.7737375
Wellington City,HOPPER ST,30,S, ,ARLINGTON ST,201011028,13/01/10,Wed,1715,NA,4N1E,713B ,,R,D,O ,F , ,N,C,50,0,0,1,9,,1748480,5426439,-41.29984946,174.7735099
Wellington City,HOPPER ST,50,N, ,HANKEY ST,201054565,12/08/10,Thu,1345,CA,CS1C,402A 420A ,M,R,D,O ,F , ,N,C,50,0,0,0,,,1748440,5426347,-41.30068513,174.7730548
Wellington City,HORNER ST,, ,I,PRINCESS TERRACE,201051346,18/03/10,Thu,1000,EA,TW1CT,386A ,M,R,D,O ,F ,T,N,N,50,0,0,0,,,1749180,5424485,-41.31731298,174.7823464
Wellington City,HOROKIWI ROAD,270,N, ,HILLCROFT ROAD,201012924,29/09/10,Wed,830,BD,VW1C,121A 123B 818 ,,M,W,O ,L , ,N,N,50,0,0,1,,,1754928,5437400,-41.19995384,174.8477067
Wellington City,HOROKIWI ROAD,50,S, ,HILLCROFT ROAD,201054651,31/08/10,Tue,1230,BC,CN14,121A ,,S,D,O ,F , ,N,N,50,0,0,0,,,1755037,5437177,-41.2019407,174.8490625
Wellington City,HOROKIWI ROAD,1000,N, ,SH 2,201013185,30/10/10,Sat,1625,BB,CN1C,123A 354A ,,E,D,O ,F , ,N,C,50,0,0,2,,,1755002,5434928,-41.22219561,174.8492156
Wellington City,HOROKIWI ROAD,800,W, ,SH 2,201053129,13/03/10,Sat,2000,DB,CS1,110A 138A ,E,S,D,TN,F , ,N,C,50,0,0,0,,,1754871,5434816,-41.22322905,174.8476819
Wellington City,HOSPITAL ROAD,, ,I,HUGH ST,201052364,24/05/10,Mon,1710,KB,CW1C,303B ,,R,W,DO,L ,T,N,C,50,0,0,0,,,1748918,5425710,-41.30633224,174.7789176
Wellington City,HOUGHTON BAY ROAD,200,E, ,BUCKLEY ROAD,201052864,6/06/10,Sun,1455,FA,CW1C,331A ,,E,W,O ,H , ,N,C,50,0,0,0,,,1749373,5422986,-41.33077328,174.7850196
Wellington City,HUNTER ST,20,W, ,VICTORIA ST,201056818,19/10/10,Tue,1710,MF,ME1C,174B 372B ,,R,D,B ,F , ,N,C,50,0,0,0,,,1748832,5427992,-41.28580228,174.7773328
Wellington City,HUTCHISON ROAD,200,N, ,FINNIMORE TERRACE,201011778,14/02/10,Sun,1520,BC,CN1C,111A 359A 517A ,,M,D,B ,F , ,N,C,50,0,1,2,,,1748364,5425290,-41.31021575,174.7724052
Wellington City,HUTCHISON ROAD,400,N, ,FINNIMORE TERRACE,201054563,20/07/10,Tue,115,DB,CS1,514A 517A 602A ,C,S,D,DN,F , ,N,C,50,0,0,0,,,1748441,5425454,-41.30872502,174.7732846
Wellington City,HUTCHISON ROAD,20,E, ,WRIGHT ST,201051506,8/04/10,Thu,1905,GB,CW14,158A 387A 927 ,,E,D,DO,F ,D,N,C,50,0,0,0,,,1748516,5425602,-41.30737871,174.7741441
Wellington City,HUTCHISON ROAD,20,E, ,WRIGHT ST,201054926,16/09/10,Thu,1035,MO,CW1,386A 403A ,K,E,W,O ,L , ,N,C,50,0,0,0,,,1748516,5425602,-41.30737871,174.7741441
Wellington City,HUTT ON NBD,500,N, ,CENTENNIAL SLIP ROAD,201055003,17/02/10,Wed,1740,FD,TN1V,181A ,,R,D,O ,F , ,N,C,100,0,0,0,,,1752373,5432547,-41.24413186,174.8184603
Wellington City,HUTT ROAD,180,N, ,AOTEA QUAY,201011393,9/03/10,Tue,830,JO,SE1V,308B 353B 927 ,,R,D,B ,F ,D,N,C,50,0,0,1,,32,1749724,5430606,-41.26210242,174.7873377
Wellington City,HUTT ROAD,, ,I,CENTENNIAL DRIVE,201051481,6/04/10,Tue,1430,LB,CW2C,323B ,,E,D,OF,F ,M,T,R,80,0,0,0,,,1751936,5432198,-41.24735626,174.8133344
Wellington City,HUTT ROAD,500,S, ,JARDEN MILE,201056370,13/12/10,Mon,1430,MC,TE14,381B ,,R,D,O ,F , ,N,C,80,0,0,0,,,1751540,5431888,-41.25022162,174.8086875
Wellington City,HUTT ROAD,400,N, ,KAIWHARAWHARA ROAD,201013003,6/10/10,Wed,715,JO,VW1S,927,,R,D,O ,F ,D,N,N,60,0,0,1,,35,1750218,5431090,-41.25765309,174.7931129
Wellington City,HUTT ROAD,20,S, ,KAIWHARAWHARA ROAD,201012859,14/04/10,Wed,740,FA,SS14,158A 827 ,,R,D,O ,F , ,N,C,60,0,0,1,,49,1749916,5430800,-41.26032016,174.7895809
Wellington City,HUTT ROAD,350,N, ,ONSLOW ROAD,201013321,2/12/10,Thu,745,BA,SN1SS,125A 386A 353B 386B ,,E,D,B ,F , ,N,R,80,0,0,2,,40,1751146,5431602,-41.25287035,174.804058
Wellington City,HUTT ROAD,, ,I,ONSLOW ROAD,201012908,23/09/10,Thu,843,JA,VN1C,322A ,,R,D,B ,F ,T,T,R,60,0,0,2,,,1750842,5431430,-41.25447572,174.8004738
Wellington City,HUTT ROAD,, ,I,ONSLOW ROAD,201054406,14/07/10,Wed,1205,EC,TN1,129A 385A 686A ,P,R,D,O ,F ,T,T,R,60,0,0,0,,,1750842,5431430,-41.25447572,174.8004738
Wellington City,HUTT ROAD,20,S, ,RANGIORA AVENUE,201012088,27/02/10,Sat,1310,NB,CS1E,112A 306A 377A ,,R,D,B ,F , ,N,X,60,0,0,1,18,,1750486,5431294,-41.25576654,174.7962601
Wellington City,HUTT ROAD,20,S, ,SAR ST,201055697,22/07/10,Thu,1640,AC,4N1S,357A 372A 357B ,,R,D,O ,F , ,N,C,50,0,0,0,,,1749260,5430084,-41.26688807,174.7819291
Wellington City,HUTT ROAD,300,S, ,SCHOOL ROAD,201054413,7/09/10,Tue,1240,AA,CN1C,372A ,,R,D,B ,F , ,N,P,60,0,0,0,,,1749679,5430565,-41.2624799,174.7868108
Wellington City,HUTT ROAD,, ,I,TINAKORI ROAD,201053590,20/07/10,Tue,1710,GD,CS1V,331A ,,R,D,TO,F ,Y,G,P,50,0,0,0,,,1749211,5430006,-41.26759939,174.7813634
Wellington City,HUTT ROAD,, ,I,WESTMINSTER ST,201055603,5/11/10,Fri,1230,KA,CS1C,303B 402B ,,R,D,B ,F ,T,N,C,60,0,0,0,,,1749994,5430890,-41.25949538,174.7904895
Wellington City,INGLEWOOD PLACE,30,S, ,DIXON ST,201056568,29/11/10,Mon,1627,MO,VN1C,385A ,M,R,D,O ,F , ,N,N,50,0,0,0,,,1748907,5427233,-41.29262206,174.7784136
Wellington City,INGLEWOOD PLACE,50,S, ,DIXON ST,201056101,12/08/10,Thu,959,MO,TN1M,385A ,M,R,D,O ,F , ,N,N,50,0,0,0,,,1748899,5427215,-41.29278559,174.7783225
Wellington City,INGLIS ST,, ,I,BURNHAM ST,201011910,8/05/10,Sat,1426,CA,SN1,135A 330A 812 813 817 ,,R,D,O ,F ,X,S,C,50,0,0,1,,53,1753290,5423475,-41.32563543,174.8316821
Wellington City,INGLIS ST,, ,I,DUNDAS ST,201053257,8/07/10,Thu,1308,HA,CN1C,302B 375B ,,R,D,O ,FS,X,G,R,50,0,0,0,,,1753373,5423765,-41.32300874,174.8326002
Wellington City,INGLIS ST,, ,I,DUNDAS ST,201012792,11/08/10,Wed,855,HA,SN1C,302B 375B ,,R,D,B ,F ,X,G,R,50,0,1,0,,43,1753373,5423765,-41.32300874,174.8326002
Wellington City,IRONSIDE ROAD,50,W, ,EARP ST,201053261,13/07/10,Tue,1730,EA,CE1C,385A ,FM,M,I,DO,F , ,N,C,50,0,0,0,,,1751183,5435272,-41.21982097,174.8035907
Wellington City,IRONSIDE ROAD,, ,I,ERRIS ST,201056574,17/12/10,Fri,2300,DA,CS1,135A 801 ,K,R,W,DN,L ,T,G,N,50,0,0,0,,,1750856,5435397,-41.21875656,174.7996606
Wellington City,JERVOIS QUAY,80,S, ,HARRIS ST,201011771,23/04/10,Fri,1202,FE,BN1C,181A ,,R,D,B ,F , ,T,R,50,0,0,5,,,1748927,5427638,-41.28897198,174.7785533
Wellington City,JERVOIS QUAY,80,S, ,HARRIS ST,201013568,18/12/10,Sat,1410,FE,4N1C4,331A ,,R,D,B ,F , ,N,R,50,0,0,1,,,1748927,5427638,-41.28897198,174.7785533
Wellington City,JERVOIS QUAY,, ,I,POST OFFICE SQUARE,201013217,14/10/10,Thu,1435,FE,TS1CX,331A 350A ,,R,D,O ,F ,T,T,C,50,0,0,1,,,1748866,5428084,-41.28496769,174.7777161
Wellington City,JERVOIS QUAY,, ,I,TARANAKI ST,201050286,3/01/10,Sun,615,HA,CE1C,332B ,,R,W,O ,L ,M,T,C,50,0,0,0,,,1749013,5427391,-41.29117995,174.7796403
Wellington City,JERVOIS QUAY,, ,I,WILLESTON ST,201053104,10/07/10,Sat,1721,FE,CN1CC,331A ,,R,D,TO,F ,T,T,R,50,0,0,0,,,1748899,5427851,-41.28705941,174.778167
Wellington City,JOHN ST,15,W, ,ADELAIDE ROAD,201054649,14/09/10,Tue,2255,EA,CW1C,386A ,M,R,D,DO,F , ,N,C,50,0,0,0,,,1748817,5425612,-41.30723321,174.7777356
Wellington City,JOHN ST,, ,I,HANSON ST,201051483,31/03/10,Wed,1315,AA,CE1C,372A 387A ,,E,D,BF,F ,X,T,C,50,0,0,0,,,1748734,5425630,-41.30708645,174.7767402
Wellington City,JOHN ST,, ,I,HANSON ST,201050318,21/01/10,Thu,1600,HA,CW1C,302B 375B ,,E,D,B ,F ,X,T,C,50,0,0,0,,,1748734,5425630,-41.30708645,174.7767402
Wellington City,JOHNSONVILLE OFF SBD,230,N, ,JOHNSONVILLE ROAD,201054720,12/09/10,Sun,1224,DA,CS1,111A 131A 801 ,CK,M,W,O ,L , ,N,N,100,0,0,0,,,1751712,5435188,-41.22047826,174.8099194
Wellington City,JOHNSONVILLE OFF SBD,200,S, ,SH 1N,201011068,31/01/10,Sun,835,DA,CS1,111A 130A ,B,S,W,O ,LS, ,N,N,100,0,0,1,,,1751726,5435199,-41.22037659,174.8100836
Wellington City,JOHNSONVILLE ON SBD,20,S, ,FRASER AVENUE,201012785,13/09/10,Mon,900,FD,CS1CC,331A 351A ,,R,W,O ,F , ,N,N,50,0,0,2,,,1751498,5434466,-41.2270188,174.8075466
Wellington City,JOHNSONVILLE ROAD,150,N, ,BRODERICK ROAD,201056236,16/12/10,Thu,830,MA,4N14,372B ,,R,D,B ,F , ,N,R,50,0,0,0,,,1751486,5434868,-41.22340168,174.8073038
Wellington City,JOHNSONVILLE ROAD,15,S, ,BRODERICK ROAD,201055239,4/05/10,Tue,1705,FE,CN1C,386A ,,R,D,O ,F ,X,T,P,50,0,0,0,,,1751480,5434704,-41.22487936,174.807273
Wellington City,JOHNSONVILLE ROAD,, ,I,BRODERICK ROAD,201052875,1/06/10,Tue,1800,NC,BN1E,307A ,,R,W,TO,L ,T,T,R,50,0,0,0,,,1751483,5434719,-41.22474375,174.807305
Wellington City,JOHNSONVILLE ROAD,, ,I,BRODERICK ROAD,201056237,17/12/10,Fri,1311,AC,CN1CC,372A ,,R,D,O ,F ,T,T,R,50,0,0,0,,,1751483,5434719,-41.22474375,174.807305
Wellington City,JOHNSONVILLE ROAD,, ,I,BRODERICK ROAD,201012878,30/07/10,Fri,1600,FE,CN1C,331A 423A 507A 191B ,,R,D,B ,F ,T,T,C,50,0,0,2,,,1751483,5434719,-41.22474375,174.807305
Wellington City,JOHNSONVILLE ROAD,50,N, ,CORLETT ST,201011908,11/02/10,Thu,1850,MB,MN1C,330B 372B ,,R,D,O ,F , ,N,P,50,0,0,1,,,1751458,5434551,-41.226261,174.8070485
Wellington City,JOHNSONVILLE ROAD,50,S, ,DISRAELI ST,201012304,3/06/10,Thu,1615,NA,CN1E,377A 712B 713B 830 ,,R,W,TO,L , ,N,P,50,0,0,1,19,,1751467,5434615,-41.2256831,174.80714
Wellington City,JOHNSONVILLE ROAD,100,S, ,DISRAELI ST,201054684,26/06/10,Sat,1514,LB,CN1C,303B 314B 375B ,,R,W,O ,L , ,N,P,50,0,0,0,,,1751459,5434565,-41.22613477,174.807057
Wellington City,JOHNSONVILLE ROAD,, ,I,DISRAELI ST,201052070,16/04/10,Fri,1557,BB,CN1C,124A ,,S,D,B ,F ,T,N,N,50,0,0,0,,,1751474,5434664,-41.22524062,174.8072113
Wellington City,JOHNSONVILLE ROAD,15,S, ,DISRALI ST,201054788,2/10/10,Sat,1728,JA,CN1C,151A 377B 927 ,,R,D,B ,F ,D,N,P,50,0,0,0,,,1751471,5434650,-41.22536723,174.807179
Wellington City,JOHNSONVILLE ROAD,10,S, ,FRASER AVENUE,201051501,27/03/10,Sat,1911,KB,CN1C,308B 377B 923 ,,R,D,TO,F ,D,N,P,50,0,0,0,,,1751480,5434495,-41.22676107,174.8073248
Wellington City,JOHNSONVILLE ROAD,, ,I,FRASER AVENUE,201012622,23/07/10,Fri,750,GA,SN1C,112A 387A ,,R,W,O ,L ,T,G,P,50,0,1,0,,30,1751476,5434504,-41.22668079,174.8072749
Wellington City,JOHNSONVILLE ROAD,150,S, ,JOHNSONVILLE ON SBD,201011692,6/03/10,Sat,2215,DA,PS1,103A 131A ,K,E,D,TO,F , ,N, ,80,0,0,1,,,1751468,5434626,-41.22558387,174.8071492
Wellington City,JOHNSONVILLE ROAD,, ,I,MOOREFIELD ROAD,201054820,3/10/10,Sun,1503,HA,CN1C,302A 375A ,,M,D,B ,F ,R,G,C,50,0,0,0,,,1751500,5435050,-41.22176044,174.8074257
Wellington City,JOHNSONVILLE ROAD,, ,I,MOOREFIELD ROAD,201053368,9/07/10,Fri,1504,HA,CN1V,302A ,,E,W,OF,L ,R,G,R,50,0,0,0,,,1751500,5435050,-41.22176044,174.8074257
Wellington City,JOHNSTON ST,20,W, ,FEATHERSTON ST,201054786,27/09/10,Mon,1510,EE,XE1X,374B ,Q,R,D,B ,F , ,N,C,50,0,0,0,,,1748810,5428320,-41.2828532,174.77699
Wellington City,JOHNSTON ST,, ,I,FEATHERSTON ST,201011665,10/02/10,Wed,1150,NC,XS2E,307A ,,R,D,B ,F ,X,T, ,50,0,1,0,45,,1748828,5428312,-41.28292191,174.7772068
Wellington City,KAIWHARAWHARA ROAD,200,E, ,NGAIO GORGE ROAD,201052064,13/05/10,Thu,910,FA,CW1V,132A 331A ,,M,D,B ,F , ,N,L,50,0,0,0,,,1749204,5431075,-41.25797598,174.7810183
Wellington City,KAIWHARAWHARA ROAD,200,W, ,OLD PORIRUA ROAD,201054896,29/08/10,Sun,940,DB,CE1,135A 402A 801 901 ,C,E,W,O ,H , ,N,L,50,0,0,0,,,1749469,5431105,-41.25765691,174.7841727
Wellington City,KAIWHARAWHARA ROAD,500,W, ,OLD PORIRUA ROAD,201011781,24/04/10,Sat,508,DA,VW1,103A 130A ,FT,S,W,DO,L , ,N,C,50,0,0,1,,,1749204,5431075,-41.25797598,174.7810183
Wellington City,KAIWHARAWHARA ROAD,600,W, ,OLD PORIRUA ROAD,201011919,14/05/10,Fri,915,BB,4W1C,111A 123A ,,S,W,O ,L , ,N,C,50,0,0,1,,,1749120,5431120,-41.25758633,174.7800051
Wellington City,KAIWHARAWHARA ROAD,650,W, ,OLD PORIRUA ROAD,201052993,21/05/10,Fri,1625,DA,CS1,111A 135A 801 ,C,M,W,O ,L , ,N,P,50,0,0,0,,,1749077,5431143,-41.25738718,174.7794864
Wellington City,KAREPA ST,120,S, ,ASHTON FITCHETT DRIVE,201054051,15/06/10,Tue,550,EA,CS14,350A 420A ,M,M,W,DN,H , ,N,C,50,0,0,0,,,1747127,5425844,-41.30545436,174.7575003
Wellington City,KARORI ROAD,30,W, ,BURROWS AVENUE,201056103,26/06/10,Sat,1840,FA,CE1S,183A 357A 512A ,,R,W,DO,F , ,N,R,50,0,0,0,,,1744915,5427982,-41.28660488,174.7305796
Wellington City,KARORI ROAD,10,W, ,CHAMBERLAIN ROAD,201050295,10/01/10,Sun,1723,EA,CW1C,330A ,M,R,D,O ,F ,T,N,C,50,0,0,0,,,1745340,5428123,-41.28525897,174.7356191
Wellington City,KARORI ROAD,, ,I,CHAYTOR ST,201050351,7/02/10,Sun,1400,LB,CW1C,322B 353B ,,M,D,B ,F ,T,T,R,50,0,0,0,,,1746644,5428577,-41.28093556,174.7510749
Wellington City,KARORI ROAD,10,W, ,EAGLE ST,201012349,21/05/10,Fri,1750,NB,CE1E,376A 645A 901 ,,R,W,TO,H ,T,G,P,50,0,0,1,21,,1745257,5428092,-41.28555302,174.7346357
Wellington City,KARORI ROAD,5,N, ,FANCOURT ST,201013280,21/11/10,Sun,1216,NB,CN1E,101A 306A 376A ,,R,D,B ,F ,Y,N,X,50,0,0,1,60,,1745971,5428350,-41.28310131,174.7430966
Wellington City,KARORI ROAD,30,S, ,FANCOURT ST,201011579,17/02/10,Wed,1625,FD,MS1C,181A 191B ,,R,D,O ,F , ,N,C,50,0,1,0,,,1745939,5428338,-41.28321514,174.7427175
Wellington City,KARORI ROAD,30,E, ,HATTON ST,201012897,20/09/10,Mon,943,GB,TW1C,172A 372A ,,R,D,B ,FS,T,N,C,50,0,0,1,,,1746140,5428409,-41.28253953,174.7450996
Wellington City,KARORI ROAD,, ,I,LANCASTER ST,201053710,24/07/10,Sat,1146,FD,CE1C,331A ,,R,D,B ,F ,T,G,C,50,0,0,0,,,1746265,5428452,-41.28212974,174.7465813