TLA NAME,CRASH ROAD,CRASH DIST,CRASH DIRN,INTSN,SIDE ROAD,CRASH ID,CRASH DATE,CRASH DOW,CRASH TIME,MVMT,VEHICLES,CAUSES,OBJECTS STRUCK,ROAD CURVE,ROAD WET,LIGHT,WTHRa,JUNC TYPE,TRAF CTRL,ROAD MARK,SPD LIM,CRASH FATAL CNT,CRASH SEV CNT,CRASH MIN CNT,PERS AGE1,PERS AGE2,EASTING,NORTHING,latitude,longitude
Wellington City,KARORI ROAD,, ,I,MORLEY ST,201012682,1/08/10,Sun,1605,FA,VW14V,181A 353A ,M,R,W,O ,L ,T,G,C,50,0,0,1,,,1745047,5428017,-41.28626605,174.7321469
Wellington City,KARORI ROAD,30,W, ,NATALIE WAY,201011440,10/03/10,Wed,905,AD,CE1S,358A 363A 902 ,,M,D,B ,F , ,N,C,50,0,0,1,,42,1744638,5427951,-41.28693367,174.7272804
Wellington City,KARORI ROAD,270,W, ,NATALIE WAY,201053762,22/06/10,Tue,1616,JA,CW1C,308B 378B 839 929 ,,R,D,O ,F ,D,N,C,50,0,0,0,,,1744416,5427905,-41.28738758,174.7246413
Wellington City,KARORI ROAD,, ,I,RAINE ST,201011383,18/01/10,Mon,1825,GA,CW1C,181A 387A ,,R,D,B ,F ,T,G,R,50,0,0,1,,,1745590,5428214,-41.2843946,174.7385814
Wellington City,KARORI ROAD,, ,I,RAINE ST,201012520,26/07/10,Mon,1202,JA,ME1C,302B 382B ,,R,D,O ,F ,T,G,C,50,0,1,0,,,1745590,5428214,-41.2843946,174.7385814
Wellington City,KARORI ROAD,10,W, ,READING ST,201056126,4/12/10,Sat,1821,EA,CW1C,103A ,MF,R,D,B ,F ,T,N,C,50,0,0,0,,,1745727,5428263,-41.2839287,174.740205
Wellington City,KARORI ROAD,20,W, ,READING ST,201011913,2/05/10,Sun,1645,JA,SW14,112A 157A 371A 930 ,,R,D,B ,F ,D,N,C,50,0,0,1,,31,1745717,5428259,-41.28396652,174.7400866
Wellington City,KARORI ROAD,40,W, ,READING ST,201050163,29/01/10,Fri,1834,MA,CE1B,331A ,,R,D,B ,F , ,N,C,50,0,0,0,,,1745699,5428252,-41.2840328,174.7398734
Wellington City,KARORI ROAD,, ,I,RICHMOND AVENUE,201012018,21/04/10,Wed,1815,JA,PW1C,301B 377B ,,R,D,DO,F ,T,S,P,50,0,1,0,,,1744852,5427972,-41.28670622,174.7298299
Wellington City,KELBURN PARADE,80,W, ,FAIRLIE TERRACE,201050082,16/01/10,Sat,1025,BF,CS1T,111A 132A ,,S,W,O ,HS, ,N,N,50,0,0,0,,,1747850,5427336,-41.291889,174.7657705
Wellington City,KELBURN PARADE,130,S, ,GLASGOW ST,201051839,29/03/10,Mon,441,CC,4S1,402A 410A ,CX,R,D,DO,F , ,N,N,50,0,0,0,,,1747962,5427471,-41.290653,174.7670747
Wellington City,KELBURN PARADE,, ,I,GLASGOW ST,201054158,4/08/10,Wed,555,LB,CN1P,302A 375A ,,E,W,DO,L ,R,G,R,50,0,0,0,,,1748000,5427607,-41.28942156,174.7674953
Wellington City,KELBURN PARADE,40,S, ,SALAMANCA ROAD,201056792,9/12/10,Thu,1840,MA,XN1B,387A 373B ,,R,D,B ,F , ,N,R,50,0,0,0,,,1748121,5427873,-41.28700444,174.7688749
Wellington City,KELBURN PARADE,40,S, ,SALAMANCA ROAD,201013085,16/10/10,Sat,1514,MB,MN1C,372B 375B 377B 830 ,,R,D,B ,F , ,N,C,50,0,1,0,,,1748121,5427873,-41.28700444,174.7688749
Wellington City,KELBURN PARADE,40,S, ,SALAMANCA ROAD,201050053,26/01/10,Tue,1350,MA,TN1C,373B ,,R,D,B ,F , ,N,P,50,0,0,0,,,1748121,5427873,-41.28700444,174.7688749
Wellington City,KELBURN PARADE,50,S, ,SALAMANCA ROAD,201052358,28/05/10,Fri,2214,EA,CS1C,386A ,M,R,W,DO,H , ,N,C,50,0,0,0,,,1748117,5427864,-41.28708621,174.7688294
Wellington City,KELBURN PARADE,150,S, ,SALAMANCA ROAD,201053370,21/07/10,Wed,1805,FE,CN1C,331A 359A ,,R,D,DO,F , ,T,X,50,0,0,0,,,1748075,5427773,-41.28791323,174.7683502
Wellington City,KELBURN PARADE,300,S, ,SALAMANCA ROAD,201012527,8/07/10,Thu,800,CB,CS1,103A 358A ,S,R,D,O ,M , ,N,C,50,0,0,1,,,1748014,5427636,-41.2891579,174.7676553
Wellington City,KEMP ST,90,E, ,EVANS BAY PARADE,201052066,11/04/10,Sun,234,DA,CE1CC,111A ,M,S,D,DO,F , ,N,C,50,0,0,0,,,1750370,5424662,-41.3154984,174.7965136
Wellington City,KENNEDY ROAD,100,S, ,DOUGLAS MCLEAN AVENUE,201053005,19/06/10,Sat,900,MO,VN1V,386A 371B ,,R,D,B ,F , ,N,P,50,0,0,0,,,1749077,5431143,-41.25738718,174.7794864
Wellington City,KENT TERRACE,, ,I,MAJORIBANKS ST,201055943,11/10/10,Mon,940,FC,VS1C,181A ,,R,W,B ,F ,X,T,C,50,0,0,0,,,1749376,5427069,-41.29401196,174.7840526
Wellington City,KENT TERRACE,20,N, ,PIRIE ST,201054029,19/08/10,Thu,1000,GB,PS1C,158A 372B 924 ,,R,D,B ,F ,D,N,R,50,0,0,0,,,1749229,5426741,-41.29699227,174.7823781
Wellington City,KENT TERRACE,50,N, ,PIRIE ST,201056104,16/09/10,Thu,1050,MO,CS1C,371A ,Q,R,W,O ,L , ,N,R,50,0,0,0,,,1749241,5426768,-41.29674696,174.7825148
Wellington City,KENYA ST,100,N, ,TRELISSICK CRESCENT,201054920,18/08/10,Wed,909,QD,TE1C,428A 929 ,GM,R,D,B ,FS,D,N,C,50,0,0,0,,,1748401,5431415,-41.25506263,174.7713547
Wellington City,KHANDALLAH ROAD,40,W, ,COCKAYNE ROAD,201013275,3/10/10,Sun,2355,DA,CW1,103A 131A ,KT,M,D,DO,F , ,N,P,50,0,0,1,,,1749699,5432170,-41.24802566,174.7866555
Wellington City,KHANDALLAH ROAD,50,E, ,TARIKAKA ST,201011580,15/02/10,Mon,1738,DB,4.00E+01,414A ,F,E,D,O ,F , ,N,C,50,0,0,1,,,1748984,5432315,-41.24685223,174.7780906
Wellington City,KHOURI AVENUE,10,E, ,MAKARA ROAD,201053147,12/07/10,Mon,1645,QD,4E1C,527A ,M,E,D,B ,F ,T,N,C,50,0,0,0,,,1744145,5428006,-41.28652664,174.7213825
Wellington City,KILBIRNIE CRESCENT,30,S, ,DUNCAN TERRACE,201055053,4/09/10,Sat,1430,MG,4N1V,371B ,,E,D,O ,F , ,N,C,50,0,0,0,,,1750084,5424709,-41.31512851,174.7930867
Wellington City,KILBIRNIE CRESCENT,20,S, ,TULLY ST,201056552,21/12/10,Tue,1030,FD,CN1CCX,331A ,,R,W,O ,F , ,N,C,50,0,0,0,,,1750117,5424655,-41.31560855,174.7934941
Wellington City,KIMBALL PLACE,20,S, ,BRANSCOMBE ST,201056077,17/11/10,Wed,1830,EA,CS1C,131A ,M,E,D,B ,F , ,N,C,50,0,0,0,,,1751009,5435591,-41.21698136,174.801437
Wellington City,KING ST,, ,I,ADELAIDE ROAD,201055669,11/11/10,Thu,2341,DB,CW1C,103A 111A 122A 514A ,M,M,D,DO,F ,T,G,C,50,0,0,0,,,1748937,5426020,-41.30353767,174.7790686
Wellington City,KINGSFORD SMITH ST,20,N, ,MCGREGOR ST,201050863,9/02/10,Tue,2000,GE,CN1C,150A 372B 920 ,,R,D,TO,F ,D,N,P,50,0,0,0,,,1750686,5423401,-41.32679256,174.8005997
Wellington City,KINGSFORD SMITH ST,, ,I,MCGREGOR ST,201012543,29/05/10,Sat,1658,GO,CS1V,174A 370A 402A ,,R,W,O ,L ,T,N,P,50,0,0,2,,,1750680,5423382,-41.32696474,174.8005328
Wellington City,KINGSFORD SMITH ST,80,W, ,TIRANGI ROAD,201013201,9/11/10,Tue,1913,MO,CE1C,402A 407A 423A ,FQ,R,D,B ,F , ,N,C,50,0,0,1,,,1750799,5423618,-41.32481772,174.8018955
Wellington City,KIWI CRESCENT,20,N, ,KIWI PLACE,201051332,8/01/10,Fri,1830,EA,CN1CC,370A 405A ,M,R,D,B ,F , ,N,N,50,0,0,0,,,1752306,5440377,-41.17364806,174.8157105
Wellington City,KRULL ST,25,E, ,HOGGARD ST,201054923,28/08/10,Sat,1047,DB,CE1CC,111A 135A 801 ,MM,M,W,O ,H , ,N,L,50,0,0,0,,,1748050,5424942,-41.31340663,174.7687405
Wellington City,KRULL ST,, ,I,HOGGARD ST,201053355,15/01/10,Fri,1955,BC,CE1C,102A 111A 122A 402A ,,M,W,O ,L ,Y,N,C,50,0,0,0,,,1748025,5424937,-41.31345624,174.7684432
Wellington City,LADBROOKE DRIVE,700,E, ,WOODRIDGE DRIVE,201010006,13/01/10,Wed,1620,DB,ME1,106A 110A 514A ,ETV,S,D,B ,F , ,N,C,50,1,0,0,,,1754201,5435003,-41.2216734,174.8396452
Wellington City,LAMBTON QUAY,20,S, ,BALLANCE ST,201054405,5/07/10,Mon,1740,AA,BN1C,372A ,,E,D,DO,F , ,N,R,30,0,0,0,,,1748739,5428629,-41.28008421,174.7760671
Wellington City,LAMBTON QUAY,15,S, ,BRANDON ST,201056731,29/12/10,Wed,1400,AA,BS1C,372A ,,R,D,B ,F , ,N,P,30,0,0,0,,,1748684,5428285,-41.28319153,174.7754947
Wellington City,LAMBTON QUAY,20,S, ,GREY ST,201013288,17/11/10,Wed,1138,NA,BS1E,711B ,,R,D,B ,F , ,N,L,30,0,1,0,53,,1748678,5428131,-41.28457917,174.7754606
Wellington City,LAMBTON QUAY,20,N, ,JOHNSTON ST,201056106,4/11/10,Thu,1645,MO,XS1X,387A 510B ,,R,D,B ,F , ,N,R,30,0,0,0,,,1748721,5428384,-41.28229338,174.7759121
Wellington City,LAMBTON QUAY,, ,I,JOHNSTON ST,201012542,27/07/10,Tue,1233,MG,XN1E,353A 371A 730B ,,R,D,O ,F ,T,N,R,30,0,0,1,50,,1748714,5428365,-41.28246573,174.7758332
Wellington City,LAMBTON QUAY,, ,I,JOHNSTON ST,201051252,17/03/10,Wed,1620,GA,BS1C,181A 387A 191B ,,R,D,O ,F ,T,N,R,30,0,0,0,,,1748714,5428365,-41.28246573,174.7758332
Wellington City,LAMBTON QUAY,50,S, ,MOLESWORTH ST,201011123,11/01/10,Mon,1540,AA,BN1B,372A ,,R,D,B ,  , ,N,R,30,0,0,1,,,1748896,5428742,-41.27903789,174.7779134
Wellington City,LAMBTON QUAY,25,S, ,PANAMA ST,201012580,6/08/10,Fri,1003,FA,BN1B,331A 353A ,,R,D,B ,F , ,T,R,30,0,0,1,,,1748678,5428202,-41.28393992,174.7754433
Wellington City,LAMBTON QUAY,30,S, ,STOUT ST,201052876,4/06/10,Fri,1235,AA,BS1C,372A 817 ,,R,W,O ,L , ,N,R,30,0,0,0,,,1748733,5428458,-41.28162491,174.7760373
Wellington City,LAMBTON QUAY,80,E, ,WHITMORE ST,201012397,14/07/10,Wed,1700,NA,BE1E,711B ,,R,D,TF,F , ,N,R,50,0,0,1,45,,1748885,5428734,-41.27911194,174.777784
Wellington City,LAMBTON QUAY,80,N, ,WHITMORE ST,201011427,9/03/10,Tue,816,NA,BN1E,711B 720B ,,R,D,B ,F , ,N,R,50,0,0,1,15,,1748885,5428734,-41.27911194,174.777784
Wellington City,LAMBTON QUAY,20,S, ,WHITMORE ST,201056877,23/12/10,Thu,1530,FD,BN1X,386A ,,R,D,B ,F , ,N,R,30,0,0,0,,,1748803,5428676,-41.27964926,174.7768195
Wellington City,LAMBTON QUAY,, ,I,WHITMORE ST,201050075,12/01/10,Tue,1920,EO,TN1,385A 686A ,X,R,D,B ,F ,X,T,C,50,0,0,0,,,1748819,5428688,-41.27953827,174.7770076
Wellington City,LAMBTON QUAY,20,N, ,WILLIS ST,201013184,17/11/10,Wed,234,CB,VN1,112A 514A 517A ,KP,R,D,DO,F ,X,T,N,30,0,1,0,,,1748734,5427942,-41.28627051,174.7761752
Wellington City,LAMBTON QUAY,30,N, ,WOODWARD ST,201054867,30/08/10,Mon,605,EA,BN1V,386A ,M,E,D,TO,F , ,N,R,30,0,0,0,,,1748735,5428434,-41.28184062,174.776067
Wellington City,LENNEL ROAD,, ,I,BARNARD ST,201055417,19/10/10,Tue,1800,DB,CW1,103A ,C,M,D,O ,FS,Y,N,L,50,0,0,0,,,1749225,5430294,-41.26500381,174.78146
Wellington City,LINCOLN AVENUE,80,W, ,MAIN ROAD,201055571,5/11/10,Fri,1310,BC,VW1C,386A ,,E,D,B ,F , ,N,N,50,0,0,0,,,1753022,5440937,-41.16847131,174.8241022
Wellington City,LINCOLN AVENUE,, ,I,WILFRED ST,201056156,30/11/10,Tue,1810,HA,CE1C,302B 375B ,,R,D,B ,F ,X,G,C,50,0,0,0,,,1752715,5440817,-41.16960961,174.8204743
Wellington City,LINDEN AVENUE,50,E, ,MAIN ROAD,201052592,28/05/10,Fri,1900,GD,CW1C,112A 333A ,,R,W,O ,F , ,N,C,50,0,0,0,,,1753547,5442210,-41.15691074,174.8300384
Wellington City,LOCHIEL ROAD,25,S, ,AGRA CRESCENT,201050652,12/02/10,Fri,425,QD,VN1C,420A 517A ,M,R,D,DO,F , ,N,N,50,0,0,0,,,1750173,5432388,-41.245975,174.7922564
Wellington City,LONSDALE CRESCENT,100,S, ,RONGOTAI ROAD,201056081,11/12/10,Sat,2311,MO,4N1C,103A ,KM,E,D,DO,F , ,N,C,50,0,0,0,,,1750907,5424149,-41.32001678,174.8030536
Wellington City,LORNE ST,25,W, ,CAMBRIDGE TERRACE,201055453,29/09/10,Wed,1615,EA,TW1V,386A ,Q,R,D,O ,F , ,N,N,50,0,0,0,,,1749227,5426862,-41.29590323,174.7823246
Wellington City,LORNE ST,100,E, ,TORY ST,201052255,21/05/10,Fri,1117,GA,CN1C,331A 927 ,,R,W,O ,H ,D,N, ,50,0,0,0,,,1749139,5426902,-41.29555936,174.7812642
Wellington City,LORNE ST,, ,I,TORY ST,201012243,18/06/10,Fri,1430,NF,CE1E,110A 711B ,,M,D,B ,F ,X,G,C,50,0,0,1,34,,1749048,5426943,-41.29520703,174.7801678
Wellington City,LUDLAM ST,, ,I,HECTOR ST,201052159,7/03/10,Sun,232,CB,CW1,103A ,P,R,D,DO,F ,X,G,C,50,0,0,0,,,1753564,5423567,-41.32475501,174.8349313
Wellington City,LUKES LANE,30,W, ,TARANAKI ST,201056563,25/11/10,Thu,1150,MO,4E1C,440A 371B 920 ,,R,D,O ,F ,D,N,N,50,0,0,0,,,1748949,5427322,-41.291813,174.7788932
Wellington City,LUXFORD ST,40,E, ,ADELAIDE ROAD,201056023,12/10/10,Tue,1505,MO,CE1CC,371A 517A ,M,R,D,B ,F , ,N,C,50,0,0,0,,,1748624,5424213,-41.31986456,174.7757731
Wellington City,LUXFORD ST,50,W, ,RINTOUL ST,201051805,7/04/10,Wed,1149,MO,CN1,133A 423A 929 ,H,R,D,B ,F ,D,N,C,50,0,0,0,,,1748750,5424204,-41.31992236,174.77728
Wellington City,LYALL PARADE,, ,I,FREYBERG ST,201054322,15/08/10,Sun,1700,KA,CE1C,302A 375A ,,R,W,TF,M ,T,G,P,50,0,0,0,,,1750081,5423053,-41.33003855,174.7934597
Wellington City,LYALL PARADE,10,W, ,ONEPU ROAD,201011672,17/04/10,Sat,1421,MA,PW1C,350B 386B ,,R,D,B ,FS,R,N,C,50,0,0,1,,,1750230,5423146,-41.32917349,174.7952164
Wellington City,LYALL PARADE,, ,I,QUEENS DRIVE,201055665,13/11/10,Sat,1800,KB,CW1C,302A ,,R,W,O ,L ,R,G,R,50,0,0,0,,,1749943,5422917,-41.33128868,174.791845
Wellington City,MACDONALD CRESCENT,15,S, ,DIXON ST,201053022,30/05/10,Sun,1046,EA,CS1CC,386A 402A 818 ,M,R,D,O ,F , ,N,C,50,0,0,0,,,1748448,5427455,-41.29070783,174.7728801
Wellington City,MACDONALD CRESCENT,, ,I,DIXON ST,201051702,14/04/10,Wed,1605,MG,CN1X,371B ,,M,D,B ,F ,T,N,C,50,0,0,0,,,1748454,5427469,-41.29058068,174.7729483
Wellington City,MACDONALD CRESCENT,, ,I,THE TERRACE,201013277,23/11/10,Tue,2109,BC,CS2S,102A 122A ,,R,D,DO,F ,T,S,C,50,0,0,1,,41,1748304,5427470,-41.29059925,174.7711575
Wellington City,MAIDA VALE ROAD,150,N, ,EVANS BAY PARADE,201055837,17/03/10,Wed,1200,EA,TN1C,817,M,R,W,O ,F , ,N,C,50,0,0,0,,,1750907,5427241,-41.2921786,174.8022866
Wellington City,MAIDA VALE ROAD,200,S, ,GRAFTON ROAD,201050856,9/03/10,Tue,1312,BB,VS1X,123A ,,S,D,B ,F , ,N,C,50,0,0,0,,,1750934,5427523,-41.28963462,174.802539
Wellington City,MAIN ROAD,20,N, ,BOSCOBEL LANE,201050906,5/03/10,Fri,1150,FC,TS1C,331A ,,R,D,B ,F , ,N,X,50,0,0,0,,,1753137,5439163,-41.18442159,174.825916
Wellington City,MAIN ROAD,120,N, ,CAMBRIDGE ST,201055242,22/09/10,Wed,1649,MF,CE1C,371B ,,R,D,O ,F , ,N,C,50,0,0,0,,,1753088,5440726,-41.17035857,174.8249413
Wellington City,MAIN ROAD,10,N, ,ESSEX ST,201013080,18/10/10,Mon,712,MF,SN1V,371B ,,R,W,O ,L ,T,N,C,50,0,0,1,,35,1753096,5440813,-41.16957376,174.8250149
Wellington City,MAIN ROAD,40,S, ,ESSEX ST,201051490,24/04/10,Sat,1510,FC,CN1C,181A ,,R,D,B ,F , ,N,X,50,0,0,0,,,1753092,5440763,-41.17002468,174.8249797
Wellington City,MAIN ROAD,60,S, ,ESSEX ST,201013379,9/12/10,Thu,1738,MF,SS1C,141B 303B 381B 926 ,,R,D,B ,F , ,N, ,50,0,0,1,,41,1753090,5440743,-41.17020513,174.8249609
Wellington City,MAIN ROAD,, ,I,FYVIE AVENUE,201055137,26/09/10,Sun,1335,KA,CN1C,302B 375B ,,R,D,O ,F ,T,G,C,50,0,0,0,,,1753458,5442181,-41.15718869,174.8289855
Wellington City,MAIN ROAD,60,N, ,GEE ST,201051835,19/03/10,Fri,1800,MC,VN1C,353B 372B ,,R,D,O ,F , ,N,C,50,0,0,0,,,1753704,5442688,-41.15257739,174.8317889
Wellington City,MAIN ROAD,80,S, ,LINCOLN AVENUE,201012499,17/05/10,Mon,1646,ME,SN14,141B 375B ,,R,D,O ,F , ,N,C,50,0,1,0,,26,1753098,5440856,-41.16918624,174.825028
Wellington City,MAIN ROAD,, ,I,LINCOLN AVENUE,201051851,14/05/10,Fri,1200,MO,CS1C,385A ,M,R,D,O ,F ,T,G,C,50,0,0,0,,,1753102,5440936,-41.16846521,174.8250556
Wellington City,MAIN ROAD,, ,I,LINDEN AVENUE,201052756,29/06/10,Tue,635,KB,VN1C,302A 370A 602B ,,E,W,DO,L ,R,G,R,50,0,0,0,,,1753498,5442235,-41.15669493,174.8294485
Wellington City,MAIN ROAD,90,N, ,LYNDHURST ROAD,201056749,27/11/10,Sat,1921,MO,VN1C,158A 387A 175B ,,R,D,O ,F , ,N,C,50,0,0,0,,,1753085,5440696,-41.17062923,174.8249131
Wellington City,MAIN ROAD,200,S, ,LYNDHURST ROAD,201053899,16/08/10,Mon,1510,FC,CS1CC,181A ,,R,D,O ,F , ,N,X,50,0,0,0,,,1753051,5440390,-41.17339069,174.8245844
Wellington City,MAIN ROAD,, ,I,LYNDHURST ROAD,201050923,8/03/10,Mon,805,FB,CE2C,331A 363A ,,E,D,B ,F ,R,G,R,50,0,0,0,,,1753061,5440596,-41.1715341,174.8246521
Wellington City,MAIN ROAD,280,N, ,MCLELLAN ST,201013347,20/11/10,Sat,1030,GB,SS1C,175B 372B 929 ,,R,D,O ,F ,D,N,C,50,0,0,1,,46,1753364,5441939,-41.15938529,174.8279262
Wellington City,MAIN ROAD,, ,I,MCLELLAN ST,201050152,25/01/10,Mon,123,CA,CN1,101A 112A ,P,R,D,DO,F ,T,G,C,50,0,0,0,,,1753333,5441667,-41.16184008,174.827625
Wellington City,MAIN ROAD,120,N, ,OXFORD ST,201051912,16/04/10,Fri,1230,MC,CS1T,355B 381B ,,R,D,B ,F , ,N,N,50,0,0,0,,,1753063,5440485,-41.1725331,174.8247036
Wellington City,MAIN ROAD,100,S, ,OXFORD ST,201056714,21/10/10,Thu,500,EA,CN1CC,132A 330A 370A ,M,R,D,DO,F , ,N,C,50,0,0,0,,,1753054,5440269,-41.17447954,174.8246504
Wellington City,MAIN ROAD,20,N, ,REDWOOD AVENUE,201056901,23/12/10,Thu,2207,MC,4S1C,372B ,,R,D,DO,F , ,N,C,50,0,0,0,,,1753118,5439983,-41.17704241,174.8254845
Wellington City,MAIN ROAD,60,N, ,REDWOOD AVENUE,201056267,18/09/10,Sat,1240,MC,4S14,372B ,,R,D,B ,F , ,N,R,50,0,0,0,,,1752978,5439423,-41.18211075,174.8239561
Wellington City,MAIN ROAD,20,S, ,SUNRISE BOULEVARD,201011394,12/03/10,Fri,1545,FC,CS1C,331A ,,R,D,B ,F , ,N,X,50,0,0,1,,,1753137,5439163,-41.18442159,174.825916
Wellington City,MAIN ROAD,30,S, ,TAWA ST,201052892,18/05/10,Tue,1443,EA,CS1CCC,504A ,MM,E,D,B ,F , ,N,C,50,0,0,0,,,1753104,5440119,-41.1758206,174.8252837
Wellington City,MAIN ROAD,, ,I,TAWA ST,201050281,13/01/10,Wed,1550,CA,CN1,354A ,IS,R,D,O ,F ,R,G,R,50,0,0,0,,,1753082,5440147,-41.17557266,174.8250145
Wellington City,MAIN ROAD,, ,I,THE DRIVE,201054652,21/09/10,Tue,800,FD,VN1V,331A ,,R,D,O ,F ,R,G,R,50,0,0,0,,,1753100,5440128,-41.17574032,174.8252338
Wellington City,MAIN ROAD,300,N, ,VICTORY CRESCENT,201051268,5/04/10,Mon,2005,MB,VN1C,387A 691B ,,R,D,DO,F , ,N,R,50,0,0,0,,,1753310,5441386,-41.16437438,174.8274213
Wellington City,MAIN ROAD,, ,I,VICTORY CRESCENT,201050638,2/02/10,Tue,1827,JA,CN1C,150A 205A 302B 377B ,,R,D,B ,F ,T,G,R,50,0,0,0,,,1753164,5441126,-41.16674285,174.8257468
Wellington City,MAIN ROAD,40,S, ,WALL PLACE,201012917,18/08/10,Wed,1534,AF,CS14VV,152A 137B ,,R,D,O ,F , ,N,P,50,0,0,2,,,1753709,5442717,-41.15231534,174.8318412
Wellington City,MAIRANGI ROAD,40,S, ,ROSE ST,201052650,10/06/10,Thu,1500,EE,CS1C,374B ,Q,E,D,O ,F , ,N,C,50,0,0,0,,,1748132,5430565,-41.26276498,174.7683518
Wellington City,MAJORIBANKS ST,, ,I,BROUGHAM ST,201055046,16/09/10,Thu,1830,DB,CN2C,385A ,Q,R,D,TO,F ,T,G,C,50,0,0,0,,,1749577,5426977,-41.29480305,174.7864747
Wellington City,MAJORIBANKS ST,15,E, ,KENT TERRACE,201011384,13/02/10,Sat,20,NB,CE1E,105B 712B 713B ,,R,D,TO,F , ,N,C,50,0,0,1,25,,1749390,5427063,-41.29406339,174.7842212
Wellington City,MAJORIBANKS ST,, ,I,ROXBURGH ST,201056534,9/12/10,Thu,1637,JA,CE1C,309B 377B ,,R,D,B ,F ,T,N,C,50,0,0,0,,,1749446,5427037,-41.29428711,174.7848961
Wellington City,MAKARA ROAD,1000,S, ,TAKARAU GORGE ROAD,201012432,11/07/10,Sun,1209,FA,MS1C,181A 191B ,,M,D,O ,F , ,N,C,50,0,1,0,,,1743614,5432342,-41.24758088,174.7140225
Wellington City,MANNERS ST,10,W, ,CUBA ST,201055938,29/11/10,Mon,1816,NA,BW1E,718B ,,R,D,B ,F ,T,T,L,30,0,0,0,,,1748776,5427395,-41.29118766,174.7768102
Wellington City,MANNERS ST,30,W, ,TARANAKI ST,201013373,2/12/10,Thu,1900,NA,BW1E,353A 711B ,,R,D,B ,F , ,N,L,30,0,1,0,26,,1748928,5427269,-41.29229406,174.7786555
Wellington City,MANNERS ST,50,W, ,VICTORIA ST,201052314,24/05/10,Mon,1725,AA,BW1V,386A ,,R,W,DO,L , ,N,C,50,0,0,0,,,1748659,5427530,-41.28999374,174.7753806
Wellington City,MANNERS ST,20,E, ,WILLIS ST,201013360,30/11/10,Tue,1355,NA,BE1E,710B 732B ,,R,D,B ,F , ,N,L,30,0,1,0,41,,1748613,5427606,-41.28931795,174.7748129
Wellington City,MANNERS ST,, ,I,WILLIS ST,201053962,30/06/10,Wed,1725,GC,CW1B,173A 386B ,,R,D,TO,F ,X,T,C,50,0,0,0,,,1748603,5427623,-41.28916673,174.7746894
Wellington City,MANNERS ST,, ,I,WILLIS ST,201052324,31/05/10,Mon,825,GF,BW1V,122A ,,R,D,O ,FS,X,T,C,50,0,0,0,,,1748603,5427623,-41.28916673,174.7746894
Wellington City,MARINE PARADE,, ,I,AWA ROAD,201055245,7/10/10,Thu,900,LB,CN1C,303B 387B ,,R,D,B ,F ,T,N,C,50,0,0,0,,,1753130,5424915,-41.31270132,174.8294085
Wellington City,MARION ST,50,S, ,GHUZNEE ST,201055463,15/10/10,Fri,1020,MO,CN1C,371B ,,R,W,O ,L , ,N,N,50,0,0,0,,,1748748,5427081,-41.2940199,174.7765527
Wellington City,MARK AVENUE,190,N, ,CARNIVAL CRESCENT,201054601,22/09/10,Wed,1510,KB,MS1T,308B 377B 830 920 ,,M,D,B ,FS,D,N,C,50,0,0,0,,,1753203,5437099,-41.20299202,174.8272194
Wellington City,MARK AVENUE,50,N, ,TANIA WAY,201051791,13/03/10,Sat,130,DA,CN1,103A ,F,M,D,DN,F , ,N,C,50,0,0,0,,,1752244,5436121,-41.2119782,174.8160307
Wellington City,MARTIN SQUARE,90,E, ,TARANAKI ST,201055241,5/10/10,Tue,1030,MO,CS1C,386A ,M,R,D,B ,F , ,N,N,50,0,0,0,,,1748783,5426680,-41.29762382,174.7770685
Wellington City,MASSEY ROAD,820,S, ,SHELLY BAY ROAD,201012217,22/04/10,Thu,2100,DA,CS1,103A 111A ,ET,M,D,DN,F , ,N,C,50,0,0,3,,,1752845,5427992,-41.28505256,174.8252325
Wellington City,MAUPUIA ROAD,, ,I,ARANUI ST,201055237,18/06/10,Fri,1400,JA,CN1C,309B 831 ,,E,W,O ,L ,T,N,C,50,0,0,0,,,1751822,5424987,-41.31230034,174.8137716
Wellington City,MAUPUIA ROAD,150,S, ,ZAIDA WAY,201052024,5/05/10,Wed,1345,QB,CS1C,428A ,M,R,D,B ,F , ,N,C,50,0,0,0,,,1751848,5425108,-41.31120605,174.8140519
Wellington City,MCLELLAN ST,, ,I,HINAU ST,201051406,5/01/10,Tue,2300,CB,CE1,112A 430A ,IK,R,D,DO,F ,R,G,R,50,0,0,0,,,1753645,5441567,-41.16268136,174.8313671
Wellington City,MCLELLAN ST,, ,I,HINAU ST,201056168,16/10/10,Sat,2250,KB,CS1C,302A 375A 410A ,,R,D,DO,F ,R,G,R,50,0,0,0,,,1753645,5441567,-41.16268136,174.8313671
Wellington City,MCLINTOCK ST,50,S, ,MEADOWCROFT GROVE,201056533,16/12/10,Thu,1405,BD,CN14,121A 120B ,,M,D,O ,F , ,N,C,50,0,0,0,,,1750378,5434617,-41.22586823,174.7941529