TLA NAME,CRASH ROAD,CRASH DIST,CRASH DIRN,INTSN,SIDE ROAD,CRASH ID,CRASH DATE,CRASH DOW,CRASH TIME,MVMT,VEHICLES,CAUSES,OBJECTS STRUCK,ROAD CURVE,ROAD WET,LIGHT,WTHRa,JUNC TYPE,TRAF CTRL,ROAD MARK,SPD LIM,CRASH FATAL CNT,CRASH SEV CNT,CRASH MIN CNT,PERS AGE1,PERS AGE2,EASTING,NORTHING,latitude,longitude
Wellington City,MEDWAY ST,50,E, ,THE PARADE,201050537,29/01/10,Fri,1720,MO,CS1C,133A 427A 927 ,MSX,R,D,B ,F ,D,N,C,50,0,0,0,,,1748336,5422558,-41.33481822,174.7727376
Wellington City,MEIN ST,20,E, ,DANIELL ST,201052013,22/04/10,Thu,1630,EA,CE1CC,129A ,M,R,D,O ,F , ,N,C,50,0,0,0,,,1749150,5425242,-41.31050297,174.7818025
Wellington City,MEIN ST,60,W, ,OWEN ST,201054865,17/08/10,Tue,1230,MO,VE1C,386A ,M,R,W,O ,L , ,N,C,40,0,0,0,,,1749241,5425260,-41.31032408,174.7828847
Wellington City,MEIN ST,50,E, ,RIDDIFORD ST,201055222,15/04/10,Thu,1410,EA,CE1C,129A ,M,R,D,B ,F , ,N,C,50,0,0,0,,,1748966,5425207,-41.31085209,174.7796139
Wellington City,MIDDLETON ROAD,120,S, ,BURDENDALE GROVE,201052069,15/05/10,Sat,2226,DA,CN1,131A 132A ,F,M,W,DO,L , ,N,C,50,0,0,0,,,1751674,5435535,-41.2173612,174.8093801
Wellington City,MIDDLETON ROAD,60,N, ,CHURTON DRIVE,201054823,25/08/10,Wed,2210,CA,CN1,410A ,G,R,W,DO,L , ,N,C,50,0,0,0,,,1751861,5436019,-41.21296849,174.8114896
Wellington City,MIDDLETON ROAD,, ,I,CHURTON DRIVE,201013290,8/11/10,Mon,1800,JA,SN1C,302B 377B ,,R,D,B ,F ,T,G,C,50,0,0,1,,55,1751849,5435960,-41.21350195,174.8113612
Wellington City,MIDDLETON ROAD,20,N, ,GLENSIDE ROAD,201055679,4/11/10,Thu,55,DA,CE1,103A 111A 131A ,P,E,D,DO,F , ,N,C,50,0,0,0,,,1751913,5436835,-41.20561196,174.8119068
Wellington City,MIDDLETON ROAD,100,N, ,GLENSIDE ROAD,201055976,24/11/10,Wed,1124,EA,CN1C,353A ,M,R,D,B ,F , ,N,C,50,0,0,0,,,1751975,5436886,-41.20514116,174.8126333
Wellington City,MIDDLETON ROAD,, ,I,HALSWATER DRIVE,201052258,15/05/10,Sat,1600,JC,CE2M,301A ,,E,D,O ,F ,T,S,P,50,0,0,0,,,1751917,5436593,-41.20779004,174.8120146
Wellington City,MIDDLETON ROAD,40,N, ,ROWELLS ROAD,201056238,17/12/10,Fri,1104,BC,CN1V,121A 137B ,EG,M,W,O ,M , ,N,L,50,0,0,0,,,1752478,5437127,-41.20287677,174.8185697
Wellington City,MIDDLETON ROAD,500,N, ,ROWELLS ROAD,201050549,16/01/10,Sat,2130,DB,CS1,111A 402A ,C,E,W,DN,HS, ,N,C,70,0,0,0,,,1752645,5437542,-41.19910891,174.8204569
Wellington City,MIDDLETON ROAD,, ,I,WESTCHESTER DRIVE EAST,201012642,23/07/10,Fri,1305,LB,SW1C,303B 375B ,,R,W,O ,L ,T,G,R,50,0,0,1,,36,1752251,5437033,-41.20376581,174.815887
Wellington City,MILLS ROAD,10,S, ,MORNINGTON ROAD,201054048,21/06/10,Mon,2045,EA,CS1C,351A ,M,R,D,DO,F ,T,N,C,50,0,0,0,,,1747760,5424696,-41.31567466,174.7653372
Wellington City,MILNE TERRACE,, ,I,KNOLL ST,201056074,15/11/10,Mon,1300,BC,CN2C,122A ,,R,D,B ,F ,X,S,C,50,0,0,0,,,1747955,5421507,-41.34435083,174.7684424
Wellington City,MIRAMAR AVENUE,80,E, ,HOBART ST,201053579,4/08/10,Wed,1258,MD,4W1V,308B 371B 839 929 ,,R,W,O ,H ,D,N,P,50,0,0,0,,,1752117,5424481,-41.31680038,174.8174208
Wellington City,MIRAMAR AVENUE,, ,I,HOBART ST,201011387,12/02/10,Fri,1045,HA,4E1P,302A 375A ,,E,D,B ,F ,R,G,R,50,0,0,2,,,1752036,5424529,-41.3163835,174.8164415
Wellington City,MIRAMAR AVENUE,, ,I,HOBART ST,201012731,10/08/10,Tue,1740,HA,4E1S,302A 375A ,,E,D,TO,F ,R,G,R,50,0,0,1,,39,1752036,5424529,-41.3163835,174.8164415
Wellington City,MIRAMAR AVENUE,, ,I,HOBART ST,201050928,19/02/10,Fri,2118,JA,CE1C,302A 375A ,,E,D,DO,F ,R,G,C,50,0,0,0,,,1752042,5424532,-41.31635536,174.8165124
Wellington City,MIRAMAR AVENUE,20,W, ,PARA ST,201055458,22/10/10,Fri,2200,EA,CE1C,358A ,M,R,D,DO,F , ,N,C,50,0,0,0,,,1752240,5424410,-41.3174164,174.8189074
Wellington City,MIRAMAR AVENUE,20,W, ,PARK ROAD,201012923,7/09/10,Tue,1640,NA,CW1S,363A 204B 210B 902 ,,R,D,B ,F , ,N,X,50,0,0,1,,45,1752000,5424550,-41.31620122,174.8160064
Wellington City,MIRAMAR AVENUE,20,E, ,SHELLY BAY ROAD,201054924,3/09/10,Fri,2134,FA,CE14,181A 191B 351B ,,R,D,DO,FS, ,N,C,50,0,0,0,,,1751656,5424729,-41.3146544,174.8118538
Wellington City,MIRAMAR AVENUE,40,W, ,STONE ST,201056225,21/10/10,Thu,500,CB,CE1,410A ,P,R,D,DO,F , ,N,P,50,0,0,0,,,1751915,5424600,-41.31576707,174.8149788
Wellington City,MIRAMAR AVENUE,80,W, ,STONE ST,201055829,4/10/10,Mon,1117,JB,CS1X,353A 927 ,,R,D,B ,F ,D,N,P,50,0,0,0,,,1751880,5424620,-41.3155936,174.8145559
Wellington City,MIRAMAR AVENUE,, ,I,STONE ST,201054258,7/08/10,Sat,1245,MO,4E1C,112A 407A 427A ,MS,R,W,O ,L ,T,G,R,50,0,0,0,,,1751949,5424579,-41.31594974,174.8153901
Wellington City,MIRAMAR AVENUE,10,E, ,TAUHINU ROAD,201050656,30/01/10,Sat,1546,FD,CE1C,331A 352A ,,R,D,O ,F ,X,N,R,50,0,0,0,,,1751791,5424672,-41.31514219,174.8134801
Wellington City,MIRAMAR AVENUE,30,E, ,TAUHINU ROAD,201050049,20/01/10,Wed,1235,MA,CW1C,373B ,,R,D,B ,F , ,N,C,50,0,0,0,,,1751808,5424662,-41.31522902,174.8136856
Wellington City,MIRAMAR AVENUE,, ,I,TAUHINU ROAD,201012477,5/06/10,Sat,1740,HA,CE14,302A 375A ,,E,D,DO,FS,R,G,R,50,0,0,1,,,1751783,5424677,-41.31509868,174.8133833
Wellington City,MIRAMAR NORTH ROAD,300,N, ,PARK ROAD,201050050,7/01/10,Thu,,FB,MS1C,181A 928 ,,E,D,O ,F ,D,N,N,50,0,0,0,,,1752365,5425482,-41.30774137,174.8201316
Wellington City,MIRAMAR NORTH ROAD,, ,I,PARK ROAD,201011221,7/02/10,Sun,1619,DA,PS1C,131A 400A ,IM,E,D,B ,F ,R,G,R,50,0,0,2,,,1752434,5425209,-41.31018621,174.8210239
Wellington City,MIRO ST,, ,I,BROADWAY,201052861,19/05/10,Wed,1505,EA,LS1C4,386A ,MM,S,D,O ,F ,T,N,N,50,0,0,0,,,1751421,5423557,-41.32525034,174.8093395
Wellington City,MIRO ST,50,S, ,KEDAH ST,201056535,10/12/10,Fri,1600,CC,VS1V,120A 386A ,M,R,D,B ,F , ,N,N,50,0,0,0,,,1751485,5423765,-41.32336565,174.810052
Wellington City,MIRO ST,, ,I,RUSSELL TERRACE,201053966,23/06/10,Wed,2057,MB,CN2C,302A 387A 140B ,,E,D,O ,L ,R,G,R,50,0,0,0,,,1749043,5424558,-41.31668106,174.7806924
Wellington City,MITCHELL ST,20,S, ,APUKA ST,201051496,18/03/10,Thu,227,EA,CN1CC,103A 129A ,MM,E,D,DO,F , ,N,N,50,0,0,0,,,1747373,5426178,-41.30240229,174.7603567
Wellington City,MITCHELL ST,, ,I,TODMAN ST,201055577,8/11/10,Mon,1120,LB,VS14,321A ,,S,D,B ,F ,Y,S,C,50,0,0,0,,,1747309,5425848,-41.30538514,174.7596724
Wellington City,MOA POINT ROAD,100,S, ,COCHRANE ST,201013322,4/12/10,Sat,1525,FD,4S14,181A ,,R,D,B ,F , ,N,C,50,0,0,1,,,1751031,5423187,-41.3286547,174.8047735
Wellington City,MOA POINT ROAD,710,S, ,STEWART DUFF DRIVE,201012382,19/03/10,Fri,2348,BB,CN1C,101A 123A 195A ,,E,D,DN,FS, ,N,C,50,0,3,0,,,1751564,5421751,-41.34148327,174.8114979
Wellington City,MOFFITT ST,20,S, ,CONNAUGHT TERRACE,201055828,13/10/10,Wed,1930,BB,CS1X,123B ,,M,D,DO,F , ,N,C,50,0,0,0,,,1748156,5425232,-41.31077617,174.7699356
Wellington City,MOIR ST,80,W, ,BROUGHAM ST,201056536,17/12/10,Fri,2300,EA,4N1C,371A ,M,R,D,DO,F , ,N,N,50,0,0,0,,,1749264,5426459,-41.29952476,174.7828651
Wellington City,MOLESWORTH ST,30,S, ,AITKEN ST,201052370,11/06/10,Fri,1600,AC,XN1C,372A ,,R,D,O ,F , ,N,C,50,0,0,0,,,1748888,5428942,-41.27723867,174.777769
Wellington City,MOLESWORTH ST,, ,I,AITKEN ST,201052557,27/05/10,Thu,2046,GC,CN1C,171B ,,R,W,DO,L ,X,T,C,50,0,0,0,,,1748889,5428972,-41.27696838,174.7777736
Wellington City,MOLESWORTH ST,, ,I,BUNNY ST,201056934,21/11/10,Sun,1849,BA,XS1C,130A 201A 410A ,,R,D,O ,L ,T,T,C,50,0,0,0,,,1748937,5428771,-41.27876923,174.7783956
Wellington City,MOLESWORTH ST,30,N, ,HAWKESTONE ST,201011912,14/01/10,Thu,1335,NG,4N1E,371A 711B ,,R,D,B ,F , ,N,C,50,0,0,1,49,,1748902,5429221,-41.27472413,174.7778679
Wellington City,MOLESWORTH ST,80,N, ,HAWKESTONE ST,201050162,15/01/10,Fri,2107,JC,CW1C,308A 927 ,,R,D,O ,H ,D,N,C,50,0,0,0,,,1748904,5429272,-41.27426458,174.7778793
Wellington City,MOLESWORTH ST,, ,I,HAWKESTONE ST,201055420,12/10/10,Tue,902,GF,TE2C,179A 387B ,P,R,D,O ,F ,X,G,C,50,0,0,0,,,1748901,5429191,-41.27499441,174.7778633
Wellington City,MOLESWORTH ST,20,S, ,KATE SHEPPARD PLACE,201052262,21/05/10,Fri,1518,MA,CN1C,373B ,,M,D,O ,F , ,N,C,50,0,0,0,,,1748891,5428866,-41.27792238,174.7778234
Wellington City,MOLESWORTH ST,40,S, ,MAY ST,201054620,3/05/10,Mon,1700,AE,CN1C,110A 151A 925 ,,R,D,O ,F ,D,N,C,50,0,0,0,,,1748906,5429302,-41.27399411,174.7778959
Wellington City,MOLESWORTH ST,400,S, ,MAY ST,201050494,10/02/10,Wed,840,MO,CN1V,420A ,M,R,D,O ,F , ,N,C,50,0,0,0,,,1748888,5428942,-41.27723867,174.777769
Wellington City,MOLESWORTH ST,, ,I,PIPITEA ST,201050916,6/02/10,Sat,700,MO,CN1,102A 201A 402A ,CPS,R,D,O ,F ,T,G,C,50,0,0,0,,,1748897,5429139,-41.27546333,174.7778283
Wellington City,MONTREAL GROVE,, ,I,VANCOUVER ST,201050320,17/01/10,Sun,1326,LB,CS1C,303B 375B ,,E,D,O ,F ,T,N,N,50,0,0,0,,,1747475,5423767,-41.32409105,174.7621592
Wellington City,MOOREFIELD ROAD,, ,I,BRODERICK ROAD,201054603,22/09/10,Wed,2131,HA,CW2C,322B 410B ,,R,D,TO,F ,X,T,C,50,0,0,0,,,1751177,5434767,-41.22436882,174.8036441
Wellington City,MOOREFIELD ROAD,, ,I,BRODERICK ROAD,201051508,10/04/10,Sat,40,HA,CW1C,103A 322A ,,R,D,DO,F ,X,T,P,50,0,0,0,,,1751177,5434767,-41.22436882,174.8036441
Wellington City,MOOREFIELD ROAD,, ,I,FRANKMOORE AVENUE,201051729,13/04/10,Tue,1840,LB,CN1C,145A 303B 387B ,,R,D,TN,F ,T,G,C,50,0,0,0,,,1751375,5435002,-41.222216,174.805947
Wellington City,MOOREFIELD ROAD,, ,I,FRANKMOORE AVENUE,201052264,28/05/10,Fri,1743,BC,CN1C,122A ,,R,W,DO,F ,T,G,P,50,0,0,0,,,1751375,5435002,-41.222216,174.805947
Wellington City,MOOREFIELD ROAD,, ,I,HELSTON ROAD,201053787,14/08/10,Sat,1650,GF,BW2C,172A ,,M,D,B ,F ,R,G,R,50,0,0,0,,,1751535,5435177,-41.22061046,174.8078115
Wellington City,MOOREFIELD ROAD,, ,I,JOHNSONVILLE ON NBD,201051510,16/04/10,Fri,1620,KA,TN14,302B 387B 402B ,,R,D,B ,F ,R,G,R,50,0,0,0,,,1751503,5435082,-41.22147177,174.8074535
Wellington City,MOOREFIELD ROAD,, ,I,JOHNSONVILLE ROAD,201012735,18/08/10,Wed,1310,FB,CE1C,181A ,,E,D,O ,F ,R,G,R,50,0,0,1,,,1751480,5435067,-41.22161113,174.807183
Wellington City,MOOREFIELD ROAD,, ,I,JOHNSONVILLE ROAD,201052268,5/05/10,Wed,1653,AC,CN1C,122A ,,E,D,TF,F ,R,G,R,50,0,0,0,,,1751491,5435078,-41.22151003,174.8073114
Wellington City,MOOREFIELD ROAD,30,N, ,WANAKA ST,201053436,12/07/10,Mon,1750,JA,CW1C,308B 386B 926 ,,R,D,DO,F ,D,N,C,50,0,0,0,,,1751289,5434921,-41.22296136,174.8049415
Wellington City,MOOREFIELD ROAD,, ,I,WANAKA ST,201012825,17/09/10,Fri,809,NA,CE1E,306A 376A 711B 717B ,,R,D,B ,FS,T,G,X,50,0,1,0,35,,1751266,5434901,-41.22314573,174.8046722
Wellington City,MOXHAM AVENUE,, ,I,GOA ST,201056549,14/12/10,Tue,1805,MA,CS1C,301B ,,R,D,O ,F ,X,S,C,50,0,0,0,,,1750046,5425404,-41.30887827,174.7924615
Wellington City,MOXHAM AVENUE,30,S, ,TAURIMA ST,201052646,16/06/10,Wed,2200,EA,CS1C,385A ,M,R,D,DO,F , ,N,C,50,0,0,0,,,1750168,5425846,-41.30487609,174.7938091
Wellington City,MOXHAM AVENUE,, ,I,TAURIMA ST,201012085,21/04/10,Wed,1840,LB,MS1C,303B ,,R,D,TF,F ,T,G,N,50,0,0,1,,,1750176,5425875,-41.30461351,174.7938974
Wellington City,MURPHY ST,10,S, ,TURNBULL ST,201056726,19/12/10,Sun,1715,KB,VS1C,308B 925 ,,R,D,O ,M ,D,N,C,50,0,0,0,,,1749000,5429274,-41.27422887,174.7790245
Wellington City,MURPHY ST,40,S, ,TURNBULL ST,201056791,31/10/10,Sun,400,CC,XS1,358A ,P,R,W,TO,F , ,N,C,50,0,0,0,,,1749012,5429246,-41.27447875,174.7791746
Wellington City,NEWLANDS OFF NBD,370,N, ,SH 1N,201013613,17/12/10,Fri,1620,DA,CN1,135A 801 901 ,G,M,W,O ,H , ,N,N,50,0,0,1,,,1751503,5433893,-41.2321768,174.8077484
Wellington City,NEWLANDS OFF SBD,80,S, ,SH 1N SBD,201012111,11/04/10,Sun,236,DB,CS1,102A 111A ,,M,D,DO,F , ,N,N,50,0,0,2,,,1751652,5434214,-41.2292588,174.8094457
Wellington City,NEWLANDS ROAD,100,N, ,BLACK ROCK ROAD,201012903,31/08/10,Tue,1020,LB,CS1C,303B 375B 929 ,,E,W,O ,F ,D,N,C,50,0,0,1,,,1752456,5434388,-41.2275411,174.8189907
Wellington City,NEWLANDS ROAD,50,S, ,BLACK ROCK ROAD,201054626,18/07/10,Sun,240,FA,CS14,181A 191B ,,R,W,DO,L , ,N,C,50,0,0,0,,,1752404,5434248,-41.22881137,174.8184055
Wellington City,NEWLANDS ROAD,100,E, ,HURRING PLACE,201055977,28/11/10,Sun,1405,CC,4N1V,504A ,M,R,D,B ,F , ,N,C,50,0,0,0,,,1752035,5434016,-41.23096958,174.8140626
Wellington City,NEWLANDS ROAD,, ,I,NEWLANDS OFF SBD,201053106,10/07/10,Sat,721,FB,4W1C,181A ,,R,D,O ,F ,Y,G,N,50,0,0,0,,,1751853,5433974,-41.2313819,174.8119025
Wellington City,NEWLANDS ROAD,190,E, ,STELLA GROVE,201011487,8/03/10,Mon,900,FC,VS1C,181A 191B ,,R,D,B ,F , ,N,X,50,0,0,2,,,1752585,5434705,-41.22466273,174.8204499
Wellington City,NEWLANDS ROAD,50,E, ,WAKELY ROAD,201051486,31/03/10,Wed,2050,EA,CW1C,385A ,M,E,D,DO,F , ,N,C,50,0,0,0,,,1752381,5434174,-41.22948195,174.8181496
Wellington City,NGAIO GORGE ROAD,90,W, ,KAIWHARAWHARA ROAD,201055188,26/04/10,Mon,1015,DA,CW1,110A 134A 806 ,T,M,W,O ,F , ,N,P,50,0,0,0,,,1749011,5431247,-41.25646299,174.7786735
Wellington City,NGAIO GORGE ROAD,150,E, ,PERTH ST,201051498,26/03/10,Fri,1559,LB,VE1V,303B 375B 831 929 ,,M,D,B ,F ,D,N,L,50,0,0,0,,,1748561,5431217,-41.25681594,174.7733119
Wellington City,NGAIO GORGE ROAD,380,E, ,PERTH ST,201054095,20/08/10,Fri,130,DB,CW1,103A 111A ,P,M,W,DO,F , ,N,C,50,0,0,0,,,1748720,5431215,-41.2568047,174.7752094
Wellington City,NGAIO GORGE ROAD,400,E, ,PERTH ST,201052022,13/05/10,Thu,834,DA,CE1,135A 801 ,K,M,W,O ,L , ,N,C,50,0,0,0,,,1748735,5431228,-41.2566849,174.7753852
Wellington City,NGATIAPA ST,40,N, ,TUKANAE ST,201051150,4/03/10,Thu,1630,MO,CN1C,371A 929 ,M,R,D,B ,F , ,N,N,50,0,0,0,,,1752191,5422744,-41.33242495,174.8187394
Wellington City,NGAURANGA ON NBD,, ,I,HUTT ROAD,201052016,6/05/10,Thu,1604,FE,CN1V,331A ,,R,D,O ,FS,M,T,R,80,0,0,0,,,1751936,5432198,-41.24735626,174.8133344
Wellington City,NGAURANGA ON NBD,, ,I,HUTT ROAD,201051244,16/04/10,Fri,545,AA,TN1C,124A 372A ,,R,W,DO,L ,M,T,R,80,0,0,0,,,1751936,5432198,-41.24735626,174.8133344
Wellington City,NGAURANGA ON NBD,, ,A,NGAURANGA ON NBD OBR,201011974,3/03/10,Wed,145,DA,CS1,104A 410A 500A ,B,M,D,DO,F , ,N,R,80,0,0,1,,,1751977,5432148,-41.24779872,174.813836
Wellington City,NGAURANGA ON NBD,20,S, ,SH 2,201012971,22/07/10,Thu,1350,FD,CS1CC,331A 353A ,,R,W,O ,L , ,N,R,100,0,0,1,,,1752231,5432372,-41.24573419,174.8168101
Wellington City,NICHOLSON ROAD,, ,I,AGRA CRESCENT,201012966,3/09/10,Fri,1800,NG,4S1E,724B 730B ,,E,W,DO,HS,T,G,C,50,0,0,1,,,1749972,5432346,-41.24639046,174.789869
Wellington City,NORMANBY ST,30,E, ,RIDDIFORD ST,201055230,15/09/10,Wed,1600,EE,CW1V,103A 385A ,Q,R,D,B ,F , ,N,C,40,0,0,0,,,1749034,5424763,-41.31483703,174.7805347
Wellington City,NORTHLAND ROAD,, ,I,WOBURN ROAD,201053124,25/06/10,Fri,2145,BC,CW14,103A 122A 102B ,,R,W,DO,L ,X,N,C,50,0,0,0,,,1747352,5428738,-41.2793571,174.7594864
Wellington City,NOTTINGHAM ST,250,N, ,KARORI ROAD,201056547,20/12/10,Mon,1030,QD,TN1VC,428A ,JMM,R,D,B ,F , ,N,N,50,0,0,0,,,1746427,5428732,-41.27957938,174.7484476
Wellington City,OHARIU ROAD,180,W, ,CUNLIFFE ST,201056570,20/12/10,Mon,240,DB,CW1,111A 844 ,ET,S,W,DN,L , ,N,N,50,0,0,0,,,1750969,5435908,-41.21413473,174.8008818
Wellington City,OHARIU ROAD,, ,I,MORGAN ST,201054418,16/09/10,Thu,740,JA,CW1C,309B 387B ,,E,W,O ,L ,T,N,C,50,0,0,0,,,1751403,5435415,-41.21849235,174.8061785
Wellington City,OHARIU VALLEY ROAD,400,N, ,CORTINA AVENUE,201013439,16/12/10,Thu,1620,BF,MN1C,111A 402A ,,S,W,O ,L , ,N,C,50,0,0,1,,,1750550,5436161,-41.2119349,174.7958236
Wellington City,OHARIU VALLEY ROAD,570,N, ,CORTINA AVENUE,201011581,14/03/10,Sun,2,DA,CE1,103A 111A ,C,M,D,DN,F , ,N,C,100,0,1,0,,,1750438,5436227,-41.21136149,174.794472
Wellington City,OHARIU VALLEY ROAD,110,N, ,OHARIU ROAD,201054819,4/10/10,Mon,745,BC,CN1C,121A ,,M,D,B ,F , ,N,C,50,0,0,0,,,1750647,5435807,-41.21510408,174.7970674
Wellington City,OHARIU VALLEY ROAD,1000,N, ,OHARIU ROAD,201013270,13/08/10,Fri,2147,DB,CE1,111A 131A 351A 402A 901 ,FT,M,W,DN,H , ,N,C,100,0,0,1,,,1750381,5436117,-41.21236247,174.7938195
Wellington City,OHARIU VALLEY ROAD,1150,E, ,RIFLE RANGE ROAD,201052344,2/05/10,Sun,310,DA,CE1,103A 111A 135A 801 ,FV,E,W,DN,L , ,N,C,100,0,0,0,,,1749390,5436129,-41.21243792,174.7820009
Wellington City,OHIRO ROAD,200,S, ,ARO ST,201053482,23/07/10,Fri,1500,BD,4N1V,132A 818 ,,R,W,O ,L , ,N,N,50,0,0,0,,,1748073,5426713,-41.29745729,174.7685841
Wellington City,OHIRO ROAD,, ,I,BROOKLYN ROAD,201013279,7/11/10,Sun,1550,LB,CS1S,302A 375A ,,M,D,B ,F ,T,G,C,50,0,0,1,,41,1747693,5426137,-41.30271293,174.7641873
Wellington City,OHIRO ROAD,, ,I,BROOKLYN ROAD,201052887,13/06/10,Sun,2200,BF,CN1V,103A 111A 131A ,,M,D,DO,F ,T,G,C,50,0,0,0,,,1747693,5426137,-41.30271293,174.7641873
Wellington City,OHIRO ROAD,, ,I,CLEVELAND ST,201051984,21/04/10,Wed,1530,FA,VN1C,331A 353A 190B ,,R,D,B ,F ,X,T, ,50,0,0,0,,,1747614,5425845,-41.3053564,174.7633149
Wellington City,OHIRO ROAD,20,S, ,MAARAMA CRESCENT,201012797,11/09/10,Sat,630,CB,CS1C,103A 357A ,EM,R,D,DO,F , ,N,C,50,0,0,1,,,1748028,5426689,-41.29768163,174.7680527
Wellington City,OHIRO ROAD,50,S, ,MAARAMA CRESCENT,201055047,19/09/10,Sun,100,EA,CN1CC,103A 512A ,M,R,W,DO,F , ,N,P,50,0,0,0,,,1748014,5426663,-41.29791828,174.7678919
Wellington City,OHIRO ROAD,530,S, ,STOCK ST,201054767,20/09/10,Mon,1420,EC,CS1C,191A 181B 911 ,W,R,D,B ,F , ,N,C,50,0,0,0,,,1747356,5424326,-41.31907986,174.7606024
Wellington City,OHIRO ROAD,, ,I,STOCK ST,201056141,9/08/10,Mon,1935,JA,CS1C,309B ,,R,D,DN,F ,T,N,P,50,0,0,0,,,1747408,5424852,-41.31433453,174.7610959
Wellington City,OHIRO ROAD,100,S, ,TAFT ST,201056158,22/08/10,Sun,415,EA,CS1C,410A ,M,R,D,DO,F , ,N,C,50,0,0,0,,,1747531,5425380,-41.3095582,174.7624366
Wellington City,OHIRO ROAD,, ,I,TAFT ST,201054139,16/08/10,Mon,1639,HA,CS1C,302B 377B 691B 839 ,,R,D,O ,F ,X,G,C,50,0,0,0,,,1747551,5425478,-41.30867221,174.7626517
Wellington City,OHIRO ROAD,30,S, ,TANERA CRESCENT,201011677,25/02/10,Thu,2231,EA,CN1C4,103A 109A ,FMQ,R,D,DO,F , ,N,C,50,0,0,1,,,1747659,5426072,-41.30330438,174.7637971
Wellington City,OHIRO ROAD,, ,I,TODMAN ST,201012384,17/06/10,Thu,1030,LB,CN14,303B 382B ,,R,D,B ,F ,X,T,C,50,0,0,1,,,1747614,5425845,-41.3053564,174.7633149
Wellington City,OLIVIA CRESCENT,150,W, ,HAMPTON HILL ROAD,201052537,22/05/10,Sat,2355,DB,CS1C,111A 430A ,M,S,W,DO,L , ,N,C,50,0,0,0,,,1752758,5440980,-41.16813395,174.820946
Wellington City,ONEPU ROAD,, ,I,COUTTS ST,201056639,3/09/10,Fri,1757,LB,CN1C,303B ,S,R,W,DO,H ,X,T,C,50,0,0,0,,,1750285,5424148,-41.32014194,174.7956256
Wellington City,ONEPU ROAD,20,N, ,ENDEAVOUR ST,201055580,20/10/10,Wed,700,MB,CN14,382B ,,R,W,O ,L , ,N,C,50,0,0,0,,,1750258,5423846,-41.32286597,174.7953778
Wellington City,ONEPU ROAD,90,N, ,LYALL PARADE,201055831,31/10/10,Sun,100,EA,CN1C,101A ,M,R,D,DO,F , ,N,C,50,0,0,0,,,1750243,5423250,-41.32823473,174.795346
Wellington City,ONEPU ROAD,20,S, ,RONGOTAI ROAD,201050046,18/01/10,Mon,1428,KB,CN1C,308B 925 ,,R,D,B ,F ,D,N,C,50,0,0,0,,,1750341,5424345,-41.31835785,174.7962457
Wellington City,ONEPU ROAD,100,N, ,WHA ST,201055814,4/11/10,Thu,940,CB,4N1COO,350A 620A ,MM,R,D,B ,F , ,N,C,50,0,0,0,,,1750253,5423622,-41.32488364,174.7953735
Wellington City,ONEPU ROAD,30,S, ,WHA ST,201054436,30/03/10,Tue,1650,FC,CN1CC,331A ,,R,D,B ,F , ,N,X,50,0,0,0,,,1750249,5423492,-41.32605481,174.7953578
Wellington City,ONSLOW ROAD,60,S, ,BENARES ST,201052889,18/06/10,Fri,2350,DA,CS1C,101A 111A ,M,S,W,DO,L , ,N,C,50,0,0,0,,,1751174,5432093,-41.24844445,174.8042704
Wellington City,ONSLOW ROAD,110,N, ,HOMEBUSH ROAD,201054260,2/07/10,Fri,1837,DA,4E1C,501A 929 ,CFM,M,D,DO,F ,D,N,L,50,0,0,0,,,1751197,5431914,-41.25005176,174.8045891
Wellington City,ONSLOW ROAD,600,S, ,HOMEBUSH ROAD,201052715,26/02/10,Fri,1144,DB,TS1,111A 613A ,C,S,D,O ,F , ,N,C,50,0,0,0,,,1751035,5431603,-41.25288209,174.8027335
Wellington City,ONSLOW ROAD,300,N, ,HUTT ROAD,201050072,16/01/10,Sat,1235,DA,CS1,111A 135A 801 ,F,M,W,O ,H , ,N,C,50,0,0,0,,,1750962,5431621,-41.25273367,174.8018582
Wellington City,ONSLOW ROAD,390,N, ,HUTT ROAD,201011382,13/02/10,Sat,1855,DA,4S1,350A 410A ,P,S,D,TF,F , ,N,C,50,0,0,1,,,1751043,5431609,-41.25282658,174.8028275
Wellington City,ONSLOW ROAD,200,E, ,LOHIA ST,201054617,6/09/10,Mon,1200,BD,CE1T,121A 123B ,,S,D,O , S, ,N,C,50,0,0,0,,,1751175,5431878,-41.25037999,174.8043356
Wellington City,ORIENTAL PARADE,20,N, ,CABLE ST,201050654,1/03/10,Mon,638,MO,CS1C,371A 404A ,M,E,D,B ,F ,Y,T,C,50,0,0,0,,,1749504,5427237,-41.29247569,174.7855394
Wellington City,ORIENTAL PARADE,, ,I,CABLE ST,201051452,11/02/10,Thu,604,DB,CE1,111A 126A 801 ,S,M,W,TO,L ,T,T,P,50,0,0,0,,,1749487,5427226,-41.29257788,174.7853391
Wellington City,ORIENTAL PARADE,, ,I,CABLE ST,201013351,19/09/10,Sun,1136,NA,SS1E,322A ,,R,D,B ,F ,T,T, ,50,0,1,1,38,28,1749487,5427226,-41.29257788,174.7853391
Wellington City,ORIENTAL PARADE,100,E, ,CARLTON GORE ROAD,201051698,16/04/10,Fri,1720,FC,CE1C,331A 363A ,,R,D,B ,F , ,N,X,50,0,0,0,,,1750782,5427767,-41.28746621,174.8006642