TLA NAME,CRASH ROAD,CRASH DIST,CRASH DIRN,INTSN,SIDE ROAD,CRASH ID,CRASH DATE,CRASH DOW,CRASH TIME,MVMT,VEHICLES,CAUSES,OBJECTS STRUCK,ROAD CURVE,ROAD WET,LIGHT,WTHRa,JUNC TYPE,TRAF CTRL,ROAD MARK,SPD LIM,CRASH FATAL CNT,CRASH SEV CNT,CRASH MIN CNT,PERS AGE1,PERS AGE2,EASTING,NORTHING,latitude,longitude
Wellington City,ORIENTAL PARADE,100,W, ,CARLTON GORE ROAD,201050301,27/01/10,Wed,1010,FC,CW14X,331A 181B ,,R,D,O ,F , ,N,X,50,0,0,0,,,1750623,5427651,-41.28854028,174.798795
Wellington City,ORIENTAL PARADE,200,W, ,CARLTON GORE ROAD,201054785,23/09/10,Thu,1205,MF,VE1C,158A 387A 175B ,,R,D,B ,F , ,N,P,50,0,0,0,,,1750537,5427599,-41.2890245,174.7977813
Wellington City,ORIENTAL PARADE,, ,I,CARLTON GORE ROAD,201012730,10/08/10,Tue,1306,MB,SW1C,372B ,,R,D,B ,F ,Y,G,C,50,0,1,0,,53,1750709,5427702,-41.28806506,174.7998089
Wellington City,ORIENTAL PARADE,90,N, ,FREYBERG POOL CPK ENT,201050647,20/01/10,Wed,1700,FA,VW1C,331A 442B ,,E,D,B ,F , ,N,R,50,0,0,0,,,1750028,5427408,-41.29083889,174.7917525
Wellington City,ORIENTAL PARADE,200,N, ,GRASS ST,201055782,5/11/10,Fri,1400,MC,CN1C,181A 372B ,,R,D,B ,F , ,N,C,50,0,0,0,,,1750502,5427579,-41.28921109,174.7973684
Wellington City,ORIENTAL PARADE,180,W, ,HAY ST,201054736,2/10/10,Sat,1315,FD,CE14,181A 331A ,,R,D,B ,F , ,N, ,50,0,0,0,,,1750095,5427371,-41.29115956,174.7925614
Wellington City,ORIENTAL PARADE,, ,I,HAY ST,201012071,18/05/10,Tue,1900,MO,CE1S,372A ,,R,D,DO,F ,T,N,P,50,0,0,1,,29,1750269,5427361,-41.29121722,174.7946409
Wellington City,ORIENTAL PARADE,70,E, ,HERD ST,201011438,4/03/10,Thu,840,ME,PW1C,158A 303B 314B ,,R,D,B ,F , ,N,C,50,0,0,1,,,1749660,5427319,-41.2917085,174.7873815
Wellington City,ORIENTAL PARADE,110,E, ,HERD ST,201050314,16/01/10,Sat,30,EC,CE1,103A ,FI,R,W,DO,HS, ,N,X,50,0,0,0,,,1749700,5427322,-41.29167408,174.7878582
Wellington City,ORIENTAL PARADE,350,E, ,HERD ST,201054789,1/10/10,Fri,1405,JC,CS1C,308A 926 ,,R,D,B ,F ,D,N,P,50,0,0,0,,,1749920,5427404,-41.29089497,174.7904643
Wellington City,ORIENTAL PARADE,40,W, ,ORIENTAL TERRACE E,201013032,16/08/10,Mon,915,EE,SW1C,374B ,Q,R,W,O ,M , ,N,C,50,0,0,1,,29,1750134,5427355,-41.29129636,174.7930309
Wellington City,ORIENTAL PARADE,, ,A,PT JERNINGHAM,201011484,16/03/10,Tue,1603,BC,VW1B,352A 404A ,,S,D,B ,F , ,N,C,50,0,1,1,,,1751016,5427925,-41.28599995,174.8034182
Wellington City,ORIENTAL PARADE,, ,I,WAKEFIELD ST,201051810,26/04/10,Mon,851,FE,BS1C,181A ,,R,W,O ,L ,T,T,C,50,0,0,0,,,1749435,5427160,-41.29318173,174.7847346
Wellington City,OVERTOUN TERRACE,80,S, ,BUSACO ROAD,201056072,19/11/10,Fri,2355,DC,PS1,330A ,EF,R,D,DO,F , ,N,N,50,0,0,0,,,1750213,5425098,-41.31160221,174.7945311
Wellington City,OWEN ST,20,N, ,BALMORAL TERRACE,201052260,14/05/10,Fri,2048,MO,CS1C,371A 385A 929 ,M,E,W,DO,L ,D,N,C,50,0,0,0,,,1749427,5424666,-41.31563764,174.7852516
Wellington City,OWEN ST,, ,I,CONSTABLE ST,201051253,18/03/10,Thu,1630,KC,CS1C,309A ,,R,D,O ,F ,X,T,C,50,0,0,0,,,1749365,5424965,-41.31295712,174.7844378
Wellington City,OWEN ST,20,S, ,HARPER ST,201056558,31/12/10,Fri,810,MO,CS1C,371A ,M,R,D,B ,F , ,N,C,50,0,0,0,,,1749404,5424777,-41.31464253,174.7849497
Wellington City,OWEN ST,200,S, ,LAWRENCE ST,201051249,30/01/10,Sat,1647,CA,CS1C,103A 354A ,M,R,D,B ,F , ,N,C,50,0,0,0,,,1749490,5424361,-41.31837199,174.7860789
Wellington City,OWEN ST,, ,I,REGENT ST,201050287,23/01/10,Sat,1230,BO,CE2C,122A 370A ,,R,W,O ,H ,T,N,C,50,0,0,0,,,1749422,5424695,-41.31537747,174.7851848
Wellington City,OWEN ST,, ,I,REGENT ST,201012526,23/07/10,Fri,1900,LB,SN1C,534A 303B 645B 801 839 860 ,,R,W,DN,H ,T,N,C,50,0,0,1,,29,1749421,5424695,-41.31537766,174.7851728
Wellington City,OWEN ST,40,N, ,SOMERSET AVENUE,201012879,23/09/10,Thu,745,NA,CN1E,713B ,,R,D,B ,F , ,N,C,40,0,0,1,20,,1749322,5425166,-41.3111554,174.7838749
Wellington City,PADDINGTON GROVE,120,N, ,THURLEIGH GROVE,201012107,19/04/10,Mon,1645,MO,CW1,501A 929 ,H,E,D,O ,F ,D,N, ,50,0,0,1,,,1743910,5428058,-41.28610036,174.7185651
Wellington City,PALLISER ROAD,400,E, ,BAYVIEW TERRACE,201050550,8/01/10,Fri,1845,DB,CN1,111A 131A ,EF,M,D,B ,F , ,N,C,50,0,0,0,,,1750280,5426993,-41.29452841,174.7948631
Wellington City,PALLISER ROAD,250,N, ,ROSENEATH TERRACE,201056143,28/06/10,Mon,1700,MO,VN1C,371A 929 ,M,E,W,TO,L ,D,N,C,50,0,0,0,,,1750726,5427154,-41.29299571,174.8001475
Wellington City,PALLISER ROAD,110,W, ,ROSENEATH TERRACE,201055690,15/09/10,Wed,1845,EA,CS1CC,386A ,MM,R,D,DO,F , ,N,C,50,0,0,0,,,1750497,5427079,-41.29371369,174.7974323
Wellington City,PALM GROVE,15,W, ,ADELAIDE ROAD,201055293,29/09/10,Wed,1400,MO,CE1C,386A 402A ,,R,D,O ,F , ,N,N,50,0,0,0,,,1748571,5424251,-41.31953219,174.7751308
Wellington City,PALM GROVE,100,W, ,ADELAIDE ROAD,201055578,29/10/10,Fri,1300,MO,XW1T,371A 387B ,,R,D,B ,F , ,N,N,50,0,0,0,,,1748486,5424257,-41.31949383,174.7741142
Wellington City,PANAMA ST,30,E, ,FEATHERSTON ST,201054510,23/04/10,Fri,1535,MO,4E1C,371B 920 ,,R,D,O ,F ,D,N,N,50,0,0,0,,,1748798,5428173,-41.28417892,174.7768827
Wellington City,PANAMA ST,, ,I,FEATHERSTON ST,201054509,23/06/10,Wed,1120,GF,VE1X,176A ,,R,D,O ,F ,X,T,C,50,0,0,0,,,1748770,5428185,-41.28407604,174.7765456
Wellington City,PARA ST,, ,I,MIRAMAR AVENUE,201012106,28/05/10,Fri,1519,FB,CW1C,112A 181A 901 ,,R,W,O ,H ,X,G,C,50,0,0,1,,,1752257,5424400,-41.31750322,174.8191129
Wellington City,PARK ROAD,50,N, ,MIRAMAR AVENUE,201055590,30/10/10,Sat,2020,CA,CN1C,103A 110A 137A ,M,R,D,DO,F , ,N,C,50,0,0,0,,,1752044,5424582,-41.31590482,174.8165238
Wellington City,PARK ROAD,10,S, ,MIRAMAR NORTH ROAD,201055824,15/11/10,Mon,1212,GA,VN1V,112A 181A 929 ,,R,D,B ,F ,D,N,C,50,0,0,0,,,1752428,5425200,-41.31026837,174.8209545
Wellington City,PARK ST,30,W, ,TINAKORI ROAD,201051910,30/04/10,Fri,936,MO,CW1C,371A 922 ,,R,D,O ,FS,D,N,C,50,0,0,0,,,1748862,5429576,-41.27153527,174.7773038
Wellington City,PARK ST,, ,I,TINAKORI ROAD,201050047,19/01/10,Tue,1913,FE,CS1C,331A ,,R,D,B ,F ,X,T,P,50,0,0,0,,,1748884,5429555,-41.27172029,174.7775715
Wellington City,PEARCE ST,20,E, ,CONNAUGHT TERRACE,201052651,2/06/10,Wed,1505,MO,CE1V,385A ,M,R,W,O ,L , ,N,C,50,0,0,0,,,1748178,5425248,-41.31062808,174.7701945
Wellington City,PEMBROKE ROAD,100,S, ,CHESHIRE ST,201053107,15/06/10,Tue,911,EA,4W1C,137A ,M,E,W,O ,H , ,N,C,50,0,0,0,,,1747361,5429054,-41.27651034,174.7595173
Wellington City,PEMBROKE ST,10,E, ,REDWOOD AVENUE,201053473,3/07/10,Sat,2230,DA,CE1,103A 111A 131A ,PS,E,D,DO,F ,T,G,C,50,0,0,0,,,1752811,5439740,-41.17928818,174.8218868
Wellington City,PIPITEA ST,20,E, ,MOLESWORTH ST,201055460,20/10/10,Wed,1427,MO,TW1X,371A 671A 446B ,Q,R,D,B ,FS, ,N,C,50,0,0,0,,,1748918,5429138,-41.27546846,174.7780792
Wellington City,PIRIE ST,, ,I,AUSTIN ST,201053722,31/07/10,Sat,945,HA,CW1C,301B ,,R,D,B ,F ,X,S,C,50,0,0,0,,,1749617,5426545,-41.2986851,174.7870584
Wellington City,PIRIE ST,20,E, ,BROUGHAM ST,201054646,28/05/10,Fri,830,EA,BW1C,129A ,M,R,W,O ,L , ,N,C,50,0,0,0,,,1749439,5426625,-41.29799781,174.7849137
Wellington City,QUEENS DRIVE,200,N, ,HUNGERFORD ROAD,201050535,29/01/10,Fri,1426,FD,TS14,331A 350A ,,E,D,B ,F , ,N,C,50,0,0,0,,,1749924,5422361,-41.33629805,174.7917552
Wellington City,QUEENS DRIVE,15,S, ,HUNGERFORD ROAD,201050160,30/01/10,Sat,930,AC,TS1S,817,,E,D,B ,F , ,N,C,50,0,0,0,,,1749973,5422158,-41.33811661,174.7923907
Wellington City,QUEENS DRIVE,50,N, ,SLIP,201052886,5/06/10,Sat,1423,BF,VS1C,131A 630A 688A ,,M,D,O ,F , ,N, ,50,0,0,0,,,1749965,5422272,-41.33709172,174.792267
Wellington City,RAJKOT TERRACE,, ,I,ORISSA CRESCENT,201054848,16/09/10,Thu,825,JA,TW1C,309B ,,M,D,O ,L ,T,N,C,50,0,0,0,,,1750563,5433343,-41.2373042,174.7966732
Wellington City,RAKAU ROAD,220,S, ,ARIKI ROAD,201052368,11/04/10,Sun,2330,EA,CN1C,386A ,M,R,D,DO,F , ,N,C,50,0,0,0,,,1750424,5426355,-41.30024571,174.7967398
Wellington City,RAROA CRESCENT,20,S, ,MOANA ROAD,201056837,4/09/10,Sat,430,EA,CN1CC,103A ,M,E,D,DO,F , ,N,C,50,0,0,0,,,1747017,5427847,-41.28744033,174.7557031
Wellington City,RAROA CRESCENT,, ,I,NORTHLAND TUNNEL ROAD,201055968,24/11/10,Wed,1609,LB,PS1V,303B 375B ,,R,D,B ,F ,X,S,C,50,0,0,0,,,1746949,5428030,-41.28580506,174.7548472
Wellington City,RAROA CRESCENT,, ,I,NORTHLAND TUNNEL ROAD,201012137,16/06/10,Wed,1455,HA,CW1C,301B 375B 402B ,,E,D,O ,F ,X,S,P,50,0,0,1,,,1746949,5428030,-41.28580506,174.7548472
Wellington City,RAROA ROAD,200,S, ,CLUNY AVENUE,201050291,26/01/10,Tue,1117,BD,TN1C,386A 386B ,,E,D,B ,F , ,N,C,50,0,0,0,,,1747220,5427555,-41.29003237,174.7581969
Wellington City,RAROA ROAD,, ,I,ENTRANCE ST,201055457,22/10/10,Fri,840,DA,CN1,131A ,F,S,W,B ,F ,T,N,C,50,0,0,0,,,1747429,5427249,-41.2927493,174.7607659
Wellington City,RAROA ROAD,60,N, ,IRVINE ST,201012303,11/06/10,Fri,914,DB,CN1,110A 111A ,E,E,W,O ,F , ,N,C,50,0,0,1,,,1747326,5427220,-41.29302921,174.7595433
Wellington City,RAROA ROAD,110,E, ,MOANA ROAD,201012733,1/02/10,Mon,1258,BB,BE1V,123A 818 831 839 ,,M,W,B ,F , ,N,C,50,0,0,1,,,1747060,5427746,-41.28834186,174.7562408
Wellington City,RAROA ROAD,10,N, ,NORNA CRESCENT,201053259,5/03/10,Fri,8,DB,CE1,111A 517A ,GK,S,D,DO,F ,Y,N,C,50,0,0,0,,,1747226,5427584,-41.28977017,174.7582615
Wellington City,RAROA ROAD,20,S, ,NORNA CRESCENT,201053163,13/03/10,Sat,1950,EA,CN1C,103A 386A ,M,S,D,TN,F , ,N,N,50,0,0,0,,,1747220,5427555,-41.29003237,174.7581969
Wellington City,RESOLUTION ST,, ,I,PURU CRESCENT,201011188,9/02/10,Tue,700,LB,CW1C,303B 375B 645B ,,R,D,B ,F ,T,N,N,50,0,0,1,,,1750352,5423667,-41.32446004,174.7965447
Wellington City,REWA TERRACE,10,N, ,ESSEX ST,201051862,8/04/10,Thu,1347,MO,CW1C,371A 927 ,M,R,D,O ,F ,D,N,N,50,0,0,0,,,1753034,5440815,-41.16956746,174.8242756
Wellington City,RIDDIFORD ST,150,S, ,ADELAIDE ROAD,201054985,24/09/10,Fri,1215,FD,CN1C,331A 359A ,,R,D,B ,F , ,N,C,50,0,0,0,,,1748862,5425461,-41.30858442,174.7783099
Wellington City,RIDDIFORD ST,, ,I,ADELAIDE ROAD,201052359,29/05/10,Sat,205,LB,4N1X,322A ,,R,W,DO,H ,X,T,C,50,0,0,0,,,1748832,5425608,-41.30726645,174.7779157
Wellington City,RIDDIFORD ST,, ,I,ADELAIDE ROAD,201051147,27/03/10,Sat,1142,AC,VS1C,386A ,,E,D,O ,F ,X,T,C,50,0,0,0,,,1748832,5425608,-41.30726645,174.7779157
Wellington City,RIDDIFORD ST,20,N, ,CONSTABLE ST,201012800,7/09/10,Tue,1823,NA,PS1E,712B 732B ,,R,D,TF,F , ,N,C,50,0,0,2,23,,1748975,5424903,-41.31358746,174.7797959
Wellington City,RIDDIFORD ST,, ,I,CONSTABLE ST,201054921,18/08/10,Wed,1009,AA,CS1C,190A 352A 372A ,,R,D,O ,F ,T,T,C,50,0,0,0,,,1748979,5424883,-41.31376678,174.7798485
Wellington City,RIDDIFORD ST,, ,I,DONALD MCLEAN ST,201051155,2/03/10,Tue,1450,HA,TN1C,302B 922 ,,R,W,O ,L ,T,G, ,50,0,0,0,,,1749021,5424680,-41.31558671,174.7803998
Wellington City,RIDDIFORD ST,, ,I,EMERGENCY DRIVE,201011668,30/03/10,Tue,1802,LB,SS1C,303B 930 ,,R,D,O ,F ,D,G,C,40,0,0,1,,28,1748896,5425301,-41.31001869,174.778755
Wellington City,RIDDIFORD ST,20,N, ,EMMETT ST,201052021,20/05/10,Thu,1430,MC,CN14,372B ,,R,D,O ,F , ,N,C,40,0,0,0,,,1748929,5425118,-41.31166022,174.7791939
Wellington City,RIDDIFORD ST,, ,I,EMMETT ST,201055582,21/10/10,Thu,1210,GD,TN1C,331A ,,R,W,O ,L ,X,T,C,50,0,0,0,,,1748933,5425098,-41.31183955,174.7792466
Wellington City,RIDDIFORD ST,15,S, ,GREEN ST,201012057,10/06/10,Thu,2325,CC,CN1,103A ,IPS,R,D,DO,F , ,N,R,50,0,0,1,,,1748948,5425026,-41.31248502,174.7794433
Wellington City,RIDDIFORD ST,100,N, ,HALL ST,201013330,20/10/10,Wed,1450,BE,CN1CT,501A ,,R,D,B ,F , ,N,C,50,0,1,0,,,1748896,5425299,-41.3100367,174.7787555
Wellington City,RIDDIFORD ST,40,S, ,HALL ST,201012386,23/06/10,Wed,1800,NA,BS1E,715B ,,R,W,DO,L , ,N,C,50,0,0,1,20,,1748923,5425161,-41.31127418,174.7791117
Wellington City,RIDDIFORD ST,50,N, ,MEIN ST,201052120,23/04/10,Fri,1100,MC,VS1C,372B 671B ,,R,D,B ,F , ,N,C,50,0,0,0,,,1748907,5425250,-41.31047583,174.7788989
Wellington City,RIDDIFORD ST,, ,I,MEIN ST,201053581,5/08/10,Thu,1215,HA,CN1C,322A ,,E,D,B ,F ,X,T,C,40,0,0,0,,,1748917,5425201,-41.31091515,174.7790303
Wellington City,RIDDIFORD ST,, ,I,NEWTOWN AVENUE,201056524,14/12/10,Tue,1600,GO,VW2C,386A ,,R,W,O ,L ,T,G,N,50,0,0,0,,,1748992,5424824,-41.31429558,174.7800182
Wellington City,RIDDIFORD ST,, ,I,NORMANBY ST,201051709,10/04/10,Sat,2330,KB,XN1C,302B 382B ,,E,D,DO,F ,T,G,C,40,0,0,0,,,1749005,5424757,-41.31489641,174.7801899
Wellington City,RIDDIFORD ST,15,S, ,REGINA TERRACE,201055764,31/10/10,Sun,1430,MC,CN1C,381B 402B ,,R,D,O ,F , ,N,P,50,0,0,0,,,1748894,5425308,-41.30995603,174.7787294
Wellington City,RIDDIFORD ST,30,S, ,REGINA TERRACE,201013229,7/09/10,Tue,1300,MA,PN1C,373B ,,R,D,B ,F , ,N,P,50,0,0,1,,,1748898,5425293,-41.31009035,174.7787809
Wellington City,RIDDIFORD ST,, ,I,REGINA TERRACE,201055243,12/10/10,Tue,1518,MG,CW2X,371B ,,R,D,B ,F ,T,G,C,50,0,0,0,,,1748891,5425323,-41.30982154,174.77869
Wellington City,RIDDIFORD ST,, ,I,REGINA TERRACE,201012431,13/07/10,Tue,310,NA,CS1E,506B 713B 920 ,,R,D,DO,FF,D,G,P,50,0,0,1,24,,1748891,5425323,-41.30982154,174.77869
Wellington City,RIDDIFORD ST,30,N, ,RINTOUL ST,201053264,25/06/10,Fri,1515,MA,CN1C,129A ,,R,D,O ,F , ,N,C,50,0,0,0,,,1748924,5425152,-41.31135503,174.7791259
Wellington City,RIDDIFORD ST,, ,I,RINTOUL ST,201012136,31/05/10,Mon,827,KA,TN1S,322B ,,R,D,O ,F ,T,T,C,50,0,1,0,,32,1748928,5425122,-41.31162439,174.779181
Wellington City,RINTOUL ST,30,S, ,BLYTHE ST,201056576,30/12/10,Thu,1340,EE,XS1C,374B ,Q,R,D,B ,F , ,N,C,50,0,0,0,,,1748780,5423869,-41.32293296,174.7777203
Wellington City,RINTOUL ST,40,S, ,BLYTHE ST,201052007,21/04/10,Wed,1308,QD,TN1CCC,428A ,MM,R,D,B ,F , ,N,C,50,0,0,0,,,1748780,5423859,-41.32302299,174.7777227
Wellington City,RINTOUL ST,100,S, ,BRIXHAM WAY,201053720,12/06/10,Sat,2340,MO,CS1CC,101A 371A 929 ,MM,R,D,DO,F ,D,N,C,50,0,0,0,,,1748822,5424597,-41.31637074,174.7780437
Wellington City,RINTOUL ST,, ,I,BRIXHAM WAY,201056129,2/12/10,Thu,739,KA,VN1C,352A 308B 378B 839 929 ,,R,D,B ,F ,D,N,C,50,0,0,0,,,1748828,5424696,-41.3154783,174.7780911
Wellington City,RINTOUL ST,, ,I,LUXFORD ST,201056261,18/12/10,Sat,615,KB,CS1C,103A 301B 375B ,,R,W,TF,L ,X,S,C,50,0,0,0,,,1748800,5424200,-41.31994915,174.7778781
Wellington City,RINTOUL ST,, ,I,LUXFORD ST,201051370,23/03/10,Tue,1520,BD,BS1T,386A ,,E,D,B ,F ,X,S,C,50,0,0,0,,,1748800,5424200,-41.31994915,174.7778781
Wellington City,RINTOUL ST,80,N, ,WARIPORI ST,201055562,14/10/10,Thu,1850,KB,4S1C,102A 112A 137A 308B 832 929 ,P,R,D,O ,F ,D,N,C,50,0,0,0,,,1748812,5424406,-41.31809223,174.777971
Wellington City,ROLLESTON ST,50,W, ,WALLACE ST,201011655,2/04/10,Fri,1940,EC,CW1,423A ,FP,R,D,DN,F , ,N,C,50,0,0,1,,,1748510,5426122,-41.30269803,174.7739455
Wellington City,ROLLESTON ST,50,W, ,WALLACE ST,201051715,21/04/10,Wed,920,MA,CW1C,373B ,,R,W,O ,L , ,N,C,50,0,0,0,,,1748510,5426122,-41.30269803,174.7739455
Wellington City,RONGOTAI ROAD,, ,I,BAY ROAD,201054432,2/09/10,Thu,1143,GD,BE1C,112A 157A 377A 830 ,,R,W,O ,LS,X,T,C,50,0,0,0,,,1750240,5424398,-41.3178995,174.7950264
Wellington City,RONGOTAI ROAD,, ,I,BAY ROAD,201054619,7/05/10,Fri,1620,AA,BE1C,373A ,,R,D,B ,F ,X,T,C,50,0,0,0,,,1750240,5424398,-41.3178995,174.7950264
Wellington City,RONGOTAI ROAD,15,E, ,CRAWFORD ROAD,201052269,30/05/10,Sun,1505,MO,CE1C,402A 423A ,M,R,W,O ,F , ,N,C,50,0,0,0,,,1750124,5424428,-41.317651,174.7936337
Wellington City,RONGOTAI ROAD,10,W, ,MAHORA ST,201013287,21/10/10,Thu,1515,NB,VW1E,713B 717B ,,R,D,O ,F ,T,G,X,50,0,0,1,13,,1750435,5424345,-41.31834032,174.7973682
Wellington City,RONGOTAI ROAD,15,W, ,MAHORA ST,201055187,17/08/10,Tue,225,CB,CW1,103A 400A ,P,R,W,DO,F , ,N,C,50,0,0,0,,,1750430,5424347,-41.31832325,174.797308
Wellington City,RONGOTAI ROAD,, ,I,MAHORA ST,201052440,4/06/10,Fri,1525,KA,CW1C,302B 375B ,,R,W,O ,F ,T,G,C,50,0,0,0,,,1750445,5424343,-41.31835646,174.7974882
Wellington City,RONGOTAI ROAD,25,E, ,ONEPU ROAD,201056525,10/12/10,Fri,1510,FD,4W1C,101A 331A ,,R,D,B ,F , ,N,R,50,0,0,0,,,1750371,5424360,-41.31821721,174.7966002
Wellington City,RONGOTAI ROAD,, ,I,TACY ST,201051697,19/04/10,Mon,1924,FC,CE1C,181A ,,R,D,DO,F ,T,N,X,50,0,0,0,,,1750410,5424365,-41.31816492,174.7970647
Wellington City,RONGOTAI ROAD,20,W, ,TROY ST,201055575,5/11/10,Fri,915,FA,CE1C,181A 191B ,,R,D,B ,F , ,N,R,50,0,0,0,,,1750781,5424263,-41.31901398,174.8015206
Wellington City,RONGOTAI ROAD,, ,I,TROY ST,201050296,14/01/10,Thu,2251,HA,CS24,375B ,,R,D,DO,F ,X,S,C,50,0,0,0,,,1750811,5424252,-41.3191074,174.8018816
Wellington City,ROSS ST,, ,I,COUTTS ST,201052351,24/05/10,Mon,956,HA,BN1C,302A 375A ,,R,W,O ,L ,X,G,C,50,0,0,0,,,1750477,5424093,-41.32060132,174.7979322
Wellington City,ROTHERHAM TERRACE,, ,I,PARK ROAD,201053717,2/08/10,Mon,915,FB,BW1C,353A 387A ,,R,D,B ,F ,X,G,C,50,0,0,0,,,1752344,5425065,-41.31149967,174.8199853
Wellington City,ROXBURGH ST,15,N, ,FALLOWFIELD AVENUE,201054323,9/08/10,Mon,1448,EA,CS1CC,358A ,M,E,D,B ,F , ,N,N,50,0,0,0,,,1749486,5427083,-41.29386555,174.7853623
Wellington City,ROXBURGH ST,20,E, ,MAJORIBANKS ST,201051505,7/04/10,Wed,1045,MG,CS1C,371B ,,R,D,B ,F , ,N,C,50,0,0,0,,,1749459,5427052,-41.29414965,174.7850476
Wellington City,RUSSELL TERRACE,30,N, ,EDINBURGH TERRACE,201056080,13/12/10,Mon,850,FD,CN1VV,181A 331A 801 ,,R,W,O ,L , ,N,C,50,0,0,0,,,1749004,5424037,-41.32137903,174.7803544
Wellington City,RUSSELL TERRACE,20,S, ,EDINBURGH TERRACE,201051255,24/03/10,Wed,1530,CB,CS1,112A 135A 801 ,CF,R,W,O ,L , ,N,C,50,0,0,0,,,1749002,5423988,-41.32182056,174.7803425
Wellington City,RUSSELL TERRACE,, ,I,HERALD ST,201056551,22/12/10,Wed,1330,KA,CN1CC,371B 423B ,M,R,D,B ,FS,T,S,C,50,0,0,0,,,1749008,5424098,-41.32082908,174.7803872
Wellington City,RUSSELL TERRACE,50,S, ,RIDDIFORD ST,201010056,3/07/10,Sat,2254,GE,MS1XC,102A 160A 660A 929 ,M,R,D,DO,F ,D,N,C,50,1,0,0,,,1749034,5424493,-41.31726794,174.7806009
Wellington City,RUSSELL TERRACE,, ,I,WARIPORI ST,201055449,17/10/10,Sun,1200,DB,VN1C,111A ,M,R, ,B ,F ,T,S, ,50,0,0,0,,,1749023,5424313,-41.31889059,174.7805136
Wellington City,SALAMANCA ROAD,, ,I,KELBURN PARADE,201050651,12/02/10,Fri,1418,KB,CS1M,302A ,,S,W,O ,L ,T,G,R,50,0,0,0,,,1748148,5427897,-41.28678341,174.7691914
Wellington City,SALAMANCA ROAD,140,W, ,THE TERRACE,201054621,27/04/10,Tue,900,EE,VE1C,374B ,Q,M,D,O ,F , ,N,C,50,0,0,0,,,1748256,5427704,-41.28850125,174.7705275
Wellington City,SALEK ST,20,S, ,RONGOTAI ROAD,201050353,2/02/10,Tue,1747,MO,BS1C,371A ,,R,D,B ,F , ,N,P,50,0,0,0,,,1750795,5424227,-41.31933548,174.8016967
Wellington City,SALFORD ST,100,N, ,COTSWOLD CRESCENT E,201052369,11/04/10,Sun,100,DB,CN1C,101A 110A ,M,M,D,DO,F , ,N,C,50,0,0,0,,,1752189,5434469,-41.2268621,174.8157864
Wellington City,SALFORD ST,100,W, ,NEWLANDS ROAD,201055934,21/11/10,Sun,1500,QD,CS1,428A ,Q,E,D,B ,F , ,N,C,50,0,0,0,,,1752302,5434186,-41.22938878,174.8172045
Wellington City,SALFORD ST,30,E, ,RUSKIN ROAD,201053800,31/07/10,Sat,735,DB,CE14,135A 135B 802 ,C,M,I,O ,FF, ,N,C,50,0,0,0,,,1752280,5434190,-41.22935691,174.8169411
Wellington City,SAR ST,350,N, ,HUTT ROAD,201054925,13/09/10,Mon,1147,CA,TS1CCC,386A 403A ,CM,R,D,O ,F , ,N,N,50,0,0,0,,,1749410,5430362,-41.26435739,174.7836508
Wellington City,SCARBOROUGH TERRACE,20,S, ,DERBY ST,201050048,23/01/10,Sat,1600,EE,VS1C,374B ,Q,R,D,O ,F , ,N,N,50,0,0,0,,,1749614,5426365,-41.30030626,174.7870668
Wellington City,SEATOUN HEIGHTS ROAD,20,E, ,BARRETTS WAY,201012239,1/06/10,Tue,2154,DA,CN1CC,111A 400A ,MM,S,W,DO,L , ,N,C,50,0,0,2,,,1752755,5424674,-41.31494219,174.8249911
Wellington City,SEATOUN HEIGHTS ROAD,, ,I,TOWNSEND ROAD,201056812,2/12/10,Thu,1220,JA,CS1CC,309B 375B ,M,R,D,B ,FS,T,N,C,50,0,0,0,,,1752778,5423956,-41.3214021,174.8254462
Wellington City,SEFTON ST,, ,I,LENNEL ROAD,201054435,14/05/10,Fri,820,FB,CN14,331A ,,R,D,B ,F ,X,S,N,50,0,0,0,,,1748988,5430393,-41.2641562,174.7786078
Wellington City,SH 1N KARO,, ,I,CUBA ST,201050533,6/02/10,Sat,154,LB,XN2C,303B 387B ,,R,D,DO,F ,X,T,C,50,0,0,0,,,1748488,5426734,-41.29719197,174.7735335
Wellington City,SIDLAW ST,, ,I,AHURIRI ST,201053133,11/04/10,Sun,1455,BC,CS1C,122A ,,E,D,O ,F ,T,G,C,50,0,0,0,,,1752308,5422563,-41.33403242,174.8201823
Wellington City,SIMLA CRESCENT,20,S, ,AMAPUR DRIVE,201012017,1/04/10,Thu,2325,DB,CS1V,403A 430A 926 ,KMS,R,D,DO,F ,D,N,C,50,0,0,1,,,1749469,5432354,-41.24641158,174.7838667
Wellington City,SLIP,50,N, ,HINEMOA ST,201013146,18/10/10,Mon,920,NA,CS1E,712B ,,R,D,B ,F , ,N, ,50,0,0,1,15,,1749448,5429028,-41.27636095,174.7844314
Wellington City,SOUTH KARORI ROAD,300,N, ,HAZLEWOOD AVENUE,201011916,7/05/10,Fri,1920,DB,CN1,101A 358A ,EGK,E,D,DN,F , ,N,C,50,0,0,1,,,1744229,5426867,-41.29676685,174.722655