TLA NAME,CRASH ROAD,CRASH DIST,CRASH DIRN,INTSN,SIDE ROAD,CRASH ID,CRASH DATE,CRASH DOW,CRASH TIME,MVMT,VEHICLES,CAUSES,OBJECTS STRUCK,ROAD CURVE,ROAD WET,LIGHT,WTHRa,JUNC TYPE,TRAF CTRL,ROAD MARK,SPD LIM,CRASH FATAL CNT,CRASH SEV CNT,CRASH MIN CNT,PERS AGE1,PERS AGE2,EASTING,NORTHING,latitude,longitude
Wellington City,SOUTH KARORI ROAD,1000,S, ,HAZLEWOOD AVENUE S,201011791,12/04/10,Mon,1737,DB,CS1,402A 423A 929 ,EZ,M,D,TF,F ,D,N,C,50,0,0,1,,,1743560,5426254,-41.30240541,174.7148126
Wellington City,SOUTH KARORI ROAD,1500,S, ,HAZLEWOOD AVENUE S,201012054,9/05/10,Sun,50,CB,CN1,103A 402A ,,R,D,DN,F , ,N,N,50,0,0,2,,,1743205,5425983,-41.30490851,174.7106378
Wellington City,SOUTH MAKARA ROAD,70,W, ,MAKARA ROAD,201056941,4/12/10,Sat,30,DA,CE1,111A 129A 134A ,CFP,E,D,DN,F , ,N,C,50,0,0,0,,,1742758,5429991,-41.26890052,174.7043609
Wellington City,SOUTH MAKARA ROAD,2600,S, ,OTERANGA BAY ROAD,201051706,23/01/10,Sat,2200,DA,CN1,111A 132A ,P,M,D,DN,F , ,N,N,50,0,0,0,,,1741323,5426139,-41.30383575,174.6881298
Wellington City,ST JOHNS TERRACE,, ,I,PEMBROKE ST,201056799,17/12/10,Fri,155,DB,CN2C,410A ,M,E,W,DO,L ,T,N,N,50,0,0,0,,,1752621,5439598,-41.18060247,174.8196581
Wellington City,ST MICHAELS CRESCENT,50,S, ,UPLAND ROAD,201053580,1/08/10,Sun,1530,QD,CS1V,428A ,M,R,W,DO,H , ,N,C,50,0,0,0,,,1747614,5427604,-41.28951925,174.7628883
Wellington City,STEWART DRIVE,, ,I,BATCHELOR ST,201052256,9/05/10,Sun,1925,EA,XN2C,385A ,M,R,D,DO,L ,T,N,C,50,0,0,0,,,1752721,5434974,-41.22221518,174.8220044
Wellington City,STEWART DRIVE,80,W, ,FITZPATRICK ST,201055419,26/08/10,Thu,40,DB,CW1CC,131A 402A ,,M,W,DO,H , ,N,C,50,0,0,0,,,1752223,5435134,-41.22086848,174.8160261
Wellington City,STEWART DRIVE,50,E, ,QUIGLEY ST,201052648,9/06/10,Wed,1730,GA,CE1C,181A 929 ,,R,D,TF,F ,D,N,C,50,0,0,0,,,1752421,5435028,-41.22178556,174.8184136
Wellington City,STEWART DRIVE,200,S, ,TED GILBERD PLACE,201056024,1/12/10,Wed,1239,GA,4W1V,181A 333A 929 ,F,R,D,B ,F ,D,N,C,50,0,0,0,,,1752013,5434992,-41.22218643,174.8135574
Wellington City,STEWART DUFF DRIVE,, ,I,ACCESS ROAD NORTH,201013737,26/12/10,Sun,1300,LB,CN2P,302A 377A ,,E,D,B ,F ,R,G,R,20,0,0,1,,,1751616,5423342,-41.32714939,174.811722
Wellington City,STOUT ST,, ,I,LAMBTON QUAY,201051712,28/04/10,Wed,1025,MA,XE1V,373B ,,R,D,B ,F ,T,T,N,50,0,0,0,,,1748729,5428488,-41.28135554,174.7759822
Wellington City,STRATHMORE AVENUE,, ,I,BROADWAY,201052551,12/05/10,Wed,2117,HA,CN1V,302A 375A 402A ,,R,D,DO,F ,R,G,R,50,0,0,0,,,1752343,5423606,-41.32463551,174.8203389
Wellington City,STRATHMORE AVENUE,, ,I,IRA ST,201012095,27/05/10,Thu,830,HA,4N1S,302A 377A 671A ,,R,W,O ,L ,R,G,R,50,0,0,1,,14,1752343,5423606,-41.32463551,174.8203389
Wellington City,SUNRISE BOULEVARD,130,W, ,MAIN ROAD,201052869,25/06/10,Fri,1950,EA,CW1C,103A 129A ,MF,R,W,DO,L , ,N,C,50,0,0,0,,,1752994,5439164,-41.1844396,174.8242115
Wellington City,SUNSHINE AVENUE,20,E, ,PERCY DYETT DRIVE,201055849,7/11/10,Sun,111,DA,CW1CC,111A 135A 402A 801 ,MFM,E,W,DN,L , ,N,N,50,0,0,0,,,1744513,5428308,-41.28374173,174.7257036
Wellington City,SUNSHINE AVENUE,150,E, ,PERCY DYETT DRIVE,201053266,30/06/10,Wed,707,DB,CN1,410A ,C,E,W,DO,L , ,N,C,50,0,0,0,,,1744621,5428375,-41.28311915,174.7269768
Wellington City,SUTHERLAND ROAD,, ,I,TAVISTOCK ROAD,201055448,29/09/10,Wed,1545,GA,CS1C,331A ,,E,D,O ,FS,Y,N,C,50,0,0,0,,,1749715,5423550,-41.32563196,174.7889657
Wellington City,SWANSEA ST,50,N, ,NGATOTO ST,201056888,16/12/10,Thu,2233,CB,CS1,101A 135A 410A 804 ,,R,D,DO,F , ,N,N,50,0,0,0,,,1749455,5432126,-41.24846696,174.7837555
Wellington City,TAKAPU ROAD,, ,I,BING LUCAS DRIVE,201050894,24/02/10,Wed,1314,JA,CE1C,302B 375B ,,R,D,B ,F ,T,G,C,70,0,0,0,,,1753912,5439494,-41.18129465,174.8350689
Wellington City,TAKAPU ROAD,280,N, ,JAMAICA DRIVE,201051179,8/03/10,Mon,1142,DA,CN1,137A ,F,M,D,B ,F , ,N,N,70,0,0,0,,,1754164,5439741,-41.17902293,174.8380098
Wellington City,TAKAPU ROAD,, ,I,TAWA OFF SBD,201054844,29/09/10,Wed,1245,GA,4S1C,331A ,,E,D,O ,F ,X,S,C,50,0,0,0,,,1753701,5439145,-41.18447686,174.8326421
Wellington City,TAKAPU ROAD,, ,I,TAWA OFF SBD,201054421,2/09/10,Thu,830,GA,CS1C,181A ,,R,W,O ,F ,X,S,P,50,0,0,0,,,1753701,5439145,-41.18447686,174.8326421
Wellington City,TAKAPU ROAD,, ,I,TAWA OFF SBD,201056816,1/11/10,Mon,959,DA,CN1V,111A 131A 403A 831 ,CKM,S,D,B ,F ,X,S,C,50,0,0,0,,,1753701,5439145,-41.18447686,174.8326421
Wellington City,TAKAPU ROAD,, ,I,TAWA OFF SBD,201056811,1/11/10,Mon,1018,FB,CS1C,353A 613A ,,R,W,B ,F ,X,S,C,50,0,0,0,,,1753701,5439145,-41.18447686,174.8326421
Wellington City,TAKAPU ROAD,, ,I,TAWA OFF SBD,201054782,12/09/10,Sun,1503,HA,TS1C,301A 375A ,,R,D,O ,F ,X,S,R,50,0,0,0,,,1753701,5439145,-41.18447686,174.8326421
Wellington City,TAMWORTH CRESCENT,90,E, ,BENNETT GROVE,201056159,23/05/10,Sun,421,DA,CE1,111A ,PX,M,D,DO,F , ,N,C,50,0,0,0,,,1753898,5434424,-41.22694397,174.836178
Wellington City,TARANAKI ST,, ,I,ABEL SMITH ST,201056130,8/11/10,Mon,1657,GO,VW1C,308A 370A 922 ,,R,D,B ,F ,D,S,C,50,0,0,0,,,1748721,5426755,-41.29695999,174.77631
Wellington City,TARANAKI ST,30,N, ,BIDWILL ST,201052374,10/06/10,Thu,1330,FE,CS1C,331A 359A ,,R,D,O ,F ,X,T,R,50,0,0,0,,,1748518,5426291,-41.30117497,174.7739997
Wellington City,TARANAKI ST,40,N, ,COURTENAY PLACE,201056565,14/12/10,Tue,1500,MO,CN1P,371A ,M,R,W,O ,F , ,N,C,50,0,0,0,,,1748964,5427284,-41.29215236,174.7790816
Wellington City,TARANAKI ST,, ,I,COURTENAY PLACE,201013478,24/12/10,Fri,255,NF,4W2E,105B 713B 718B ,,R,D,DO,F ,X,T,C,50,0,0,1,28,,1748949,5427247,-41.29248826,174.7789116
Wellington City,TARANAKI ST,, ,I,COURTENAY PLACE,201055462,26/10/10,Tue,1418,MG,CN1C,420B 422B ,,R,D,B ,F ,X,T,R,50,0,0,0,,,1748949,5427247,-41.29248826,174.7789116
Wellington City,TARANAKI ST,, ,I,COURTENAY PLACE,201055058,5/09/10,Sun,1350,GA,XS1C,331A ,,R,D,O ,F ,X,T,C,50,0,0,0,,,1748949,5427247,-41.29248826,174.7789116
Wellington City,TARANAKI ST,20,S, ,DIXON ST,201053743,28/07/10,Wed,2245,FD,CN14,103A 350A ,,R,W,DO,F ,M,T,R,50,0,0,0,,,1748940,5427229,-41.29265198,174.7788085
Wellington City,TARANAKI ST,25,S, ,DIXON ST,201050354,25/01/10,Mon,1220,MA,CN1C,385A ,,R,D,O ,F , ,N,C,50,0,0,0,,,1748938,5427225,-41.29268836,174.7787856
Wellington City,TARANAKI ST,30,S, ,DIXON ST,201011749,14/04/10,Wed,745,AC,VN1S,137A ,,R,D,B ,F , ,N,C,50,0,0,1,,27,1748936,5427220,-41.29273375,174.778763
Wellington City,TARANAKI ST,, ,I,DIXON ST,201011392,23/02/10,Tue,1520,NA,PN1E,718B ,,E,D,B ,F ,M,T,R,50,0,0,1,27,,1748949,5427248,-41.29247926,174.7789113
Wellington City,TARANAKI ST,, ,I,DIXON ST,201056140,23/09/10,Thu,2115,GA,CN1X,181A ,,R,D,DO,F ,M,T,R,50,0,0,0,,,1748949,5427247,-41.29248826,174.7789116
Wellington City,TARANAKI ST,50,N, ,HANKEY ST,201051696,30/04/10,Fri,1743,AC,4S1C,159A ,,R,D,O ,FS, ,N,C,50,0,0,0,,,1748526,5426309,-41.30101144,174.7740909
Wellington City,TARANAKI ST,50,N, ,HANKEY ST,201012254,25/06/10,Fri,1808,KB,MS1C,312B 370B ,,R,D,DO,F , ,N,C,50,0,0,1,,,1748526,5426309,-41.30101144,174.7740909
Wellington City,TARANAKI ST,, ,I,INGLEWOOD PLACE,201054685,3/08/10,Tue,1828,LB,CN1C,303B 375B ,,R,D,DO,F ,T,N,C,50,0,0,0,,,1748909,5427160,-41.29327894,174.7784554
Wellington City,TARANAKI ST,, ,I,MARTIN SQUARE,201052263,13/05/10,Thu,1757,MG,CW2C,371B ,,R,D,DO,F ,T,N,R,50,0,0,0,,,1748702,5426713,-41.29734164,174.7760934
Wellington City,TARANAKI ST,15,S, ,SH 1N,201053939,7/08/10,Sat,1850,FD,CN1C,410A ,,R,W,TF,F , ,N,C,50,0,0,0,,,1748672,5426633,-41.29806744,174.7757548
Wellington City,TARANAKI ST,20,N, ,VIVIAN ST,201052011,15/05/10,Sat,33,FB,CN1X,181A ,,R,W,DO,L , ,N,C,50,0,0,0,,,1748800,5426935,-41.29532481,174.7772091
Wellington City,TARANAKI ST,10,N, ,WAKEFIELD ST,201012795,7/09/10,Tue,1721,KA,CS1X,353B 387B 922 ,,R,D,O ,F ,D,T,C,50,0,0,1,,,1749017,5427400,-41.29109818,174.7796859
Wellington City,TARANAKI ST,, ,I,WAKEFIELD ST,201053589,17/07/10,Sat,1515,LB,CN1C,303B ,,E,W,O ,H ,M,T,C,50,0,0,0,,,1749013,5427391,-41.29117995,174.7796403
Wellington City,TARANAKI ST,, ,I,WAKEFIELD ST,201055244,20/10/10,Wed,240,EC,VN1,103A ,P,R,W,DO,H ,M,T,R,50,0,0,0,,,1749013,5427391,-41.29117995,174.7796403
Wellington City,TARANAKI ST,40,N, ,WALLACE ST,201054092,4/08/10,Wed,1615,FD,CN1C,410A 500A ,,R,D,O ,L , ,N,C,50,0,0,0,,,1748522,5426300,-41.3010932,174.7740453
Wellington City,TARANAKI ST,30,S, ,WEBB ST,201052885,25/01/10,Mon,1605,FE,4N1CC,331A 354A ,,R,D,B ,F ,T,T,R,50,0,0,0,,,1748642,5426565,-41.2986852,174.7754133
Wellington City,TARANAKI ST,5,N, ,YORK ST,201012793,1/09/10,Wed,1425,EE,SS1C,374B 840 ,Q,R,D,B ,F ,T,N,C,50,0,0,1,,39,1748911,5427165,-41.29323355,174.778478
Wellington City,TASMAN ST,50,S, ,HAYWARD TERRACE,201053744,28/07/10,Wed,1400,AE,CS1CC,330A 386A ,KM,R,D,B ,F , ,N,C,50,0,0,0,,,1748771,5426099,-41.30285702,174.7770673
Wellington City,TASMAN ST,, ,I,RANFURLY TERRACE,201012909,19/09/10,Sun,525,CB,CN1,137A ,T,R,D,DO,F ,T,N,C,50,0,0,1,,,1748807,5426247,-41.30151788,174.7774609
Wellington City,TASMAN ST,50,S, ,SH 1N BUCKLE,201054821,29/09/10,Wed,2044,CB,CS1,135A 330A 862 901 ,,R,W,DO,HS, ,N,N,50,0,0,0,,,1748868,5426504,-41.29919275,174.7781264
Wellington City,TAUHINU ROAD,, ,I,BRUSSELS ST,201056810,5/10/10,Tue,2236,EA,CN1CC,129A 350A ,FM,R,D,DO,F ,T,N,C,50,0,0,0,,,1751992,5424987,-41.31226832,174.8158016
Wellington City,TAUHINU ROAD,, ,I,BRUSSELS ST,201012827,27/08/10,Fri,1150,AB,CS1C,110A 157A ,,R,D,B ,F ,T,N,C,50,0,0,1,,,1751992,5424987,-41.31226832,174.8158016
Wellington City,TAUHINU ROAD,10,S, ,BYRON ST,201055045,1/10/10,Fri,2320,EA,CN1C,101A 129A ,M,R,D,DO,F ,T,N,C,50,0,0,0,,,1751914,5424877,-41.31327337,174.8148977
Wellington City,TAUHINU ROAD,40,E, ,MAUPUIA ROAD,201055231,20/09/10,Mon,900,BB,4S1V,110A 378A 402A 831 ,,M,D,O ,M , ,N,N,50,0,0,0,,,1752221,5425239,-41.30995633,174.818473
Wellington City,TAURIMA ST,30,E, ,SH 1N RUAHINE,201050917,6/02/10,Sat,950,MA,PW1V,331A 373B ,,R,D,O ,F , ,N,C,50,0,0,0,,,1750073,5425890,-41.30449762,174.792664
Wellington City,TAWA OFF NBD,30,S, ,TAKAPU ROAD,201050867,19/03/10,Fri,1650,FA,CN1C,331A ,,M,D,B ,F , ,N,C,50,0,0,0,,,1753611,5438995,-41.18584443,174.8316071
Wellington City,TAWA OFF NBD,, ,I,TAKAPU ROAD,201053967,26/08/10,Thu,1710,FB,MN1C,331A ,,E,D,O ,F ,R,G,R,50,0,0,0,,,1753600,5439017,-41.18564844,174.8314705
Wellington City,TAWA OFF NBD,, ,I,TAKAPU ROAD,201056216,18/12/10,Sat,1150,KB,CW2T,302A 375A ,,E,W,O ,L ,R,G,R,50,0,0,0,,,1753578,5439036,-41.18548155,174.8312035
Wellington City,TAWA ST,150,W, ,TAYLOR TERRACE,201053241,6/07/10,Tue,1800,QC,CE1,326A 330A 817 ,N,E,W,DO,M , ,T,C,50,0,0,0,,,1753180,5440148,-41.17554514,174.826182
Wellington City,TENNYSON ST,15,E, ,TORY ST,201054836,9/07/10,Fri,1200,MO,4E1C,386A ,M,R,D,O ,F , ,N,C,50,0,0,0,,,1749090,5426996,-41.29472209,174.7806562
Wellington City,TERRACE OFF SBD,30,E, ,THE TERRACE,201053175,9/05/10,Sun,300,DA,CS1,103A 111A 131A ,G,S,W,DO,L , ,T,C,50,0,0,0,,,1748549,5428170,-41.28425178,174.7739114
Wellington City,TERRACE OFF SBD,50,N, ,THE TERRACE,201055228,14/04/10,Wed,830,FD,CS1C,385A ,,R,D,B ,F , ,N,C,50,0,0,0,,,1748543,5428188,-41.28409082,174.7738354
Wellington City,TERRACE OFF SBD,50,N, ,THE TERRACE,201054864,2/09/10,Thu,820,FD,CS1C,380A ,,E,W,O ,L , ,N,C,50,0,0,0,,,1748543,5428188,-41.28409082,174.7738354
Wellington City,THANE ROAD,30,N, ,ROBIESON ST,201052121,14/04/10,Wed,655,DB,CN1,102A 130A ,C,M,D,TO,F , ,N,C,50,0,0,0,,,1750636,5427008,-41.294327,174.7991092
Wellington City,THE BOULEVARD,100,S, ,HINEMOA ST,201050649,18/02/10,Thu,1128,EA,VS1V,386A ,M,R,W,O ,L , ,N,C,50,0,0,0,,,1749415,5428888,-41.27762753,174.7840719
Wellington City,THE PARADE,, ,I,AVON ST,201011669,1/04/10,Thu,1802,GA,PS14,112A ,,R,D,B ,F ,T,G,C,50,0,1,0,,,1748403,5422714,-41.33340136,174.7734998
Wellington City,THE PARADE,50,S, ,DEE ST,201051898,28/04/10,Wed,1725,MG,CN1T,371B 671B ,,R,D,TF,F , ,N, ,50,0,0,0,,,1748446,5423135,-41.32960301,174.7739106
Wellington City,THE PARADE,, ,I,DEE ST,201056263,26/10/10,Tue,1035,HA,BN1V,113A 302A ,,R,D,O ,F ,R,G,R,50,0,0,0,,,1748451,5423185,-41.32915192,174.7739581
Wellington City,THE PARADE,50,N, ,MEDWAY ST,201054852,18/09/10,Sat,1530,MO,CS14,371B ,,R,D,B ,F , ,N,P,50,0,0,0,,,1748392,5422603,-41.33440276,174.7733955
Wellington City,THE PARADE,50,N, ,MEDWAY ST,201011790,22/04/10,Thu,2057,MC,PS1C,372B ,,R,D,DO,F , ,N,C,50,0,0,1,,,1748392,5422603,-41.33440276,174.7733955
Wellington City,THE PARADE,, ,I,MEDWAY ST,201053308,26/05/10,Wed,1100,MO,CS1C,386A ,M,E,W,O ,H ,T,S,C,50,0,0,0,,,1748387,5422553,-41.33485385,174.773348
Wellington City,THE PARADE,20,N, ,TAMAR ST,201053971,30/07/10,Fri,2245,EA,4N14,362A ,M,R,D,DO,F , ,N,C,50,0,0,0,,,1748428,5422969,-41.33110089,174.7737361
Wellington City,THE PARADE,90,S, ,TAMAR ST,201056127,24/11/10,Wed,1552,EA,VS1C,358A ,M,R,D,B ,F , ,N,P,50,0,0,0,,,1748418,5422859,-41.33209311,174.7736435
Wellington City,THE RIDGEWAY,40,S, ,MORNINGTON ROAD,201052653,3/05/10,Mon,1505,EE,CS1C,374B ,Q,R,D,B ,F , ,N,C,50,0,0,0,,,1747752,5424647,-41.3161173,174.7652536
Wellington City,THE TERRACE,30,N, ,AURORA TERRACE,201054518,22/09/10,Wed,1210,EA,TN1T,136A 613A ,M,R,D,B ,F , ,N,C,50,0,0,0,,,1748661,5428535,-41.2809449,174.7751591
Wellington City,THE TERRACE,25,S, ,AURORA TERRACE,201052008,10/05/10,Mon,1044,EA,VN1X,129A ,Q,R,D,B ,F , ,N,C,50,0,0,0,,,1748651,5428481,-41.28143293,174.775053
Wellington City,THE TERRACE,120,S, ,AURORA TERRACE,201013412,23/11/10,Tue,1750,MB,SN1X,382B 386B ,,R,D,O ,F , ,N,C,50,0,0,1,,48,1748635,5428388,-41.2822732,174.7748847
Wellington City,THE TERRACE,30,S, ,BOLTON ST,201053961,28/07/10,Wed,810,JA,CS1X,385B 920 ,,R,D,O ,F ,D,N,C,50,0,0,0,,,1748683,5428663,-41.27978841,174.7753905
Wellington City,THE TERRACE,100,S, ,BOULCOTT ST,201054094,22/08/10,Sun,1308,EA,CS1CCC,129A ,M,R,D,B ,F , ,N,C,50,0,0,0,,,1748491,5427937,-41.28636025,174.7732759
Wellington City,THE TERRACE,100,S, ,BOWEN ST,201052644,15/06/10,Tue,1443,MO,4N1X,385A ,M,R,D,O ,F , ,N,C,50,0,0,0,,,1748685,5428676,-41.27967099,174.7754112
Wellington City,THE TERRACE,, ,I,BOWEN ST,201054602,16/09/10,Thu,818,JA,CW1C,334A 334B 375B ,,R,D,B ,F ,T,T,C,50,0,0,0,,,1748701,5428774,-41.27878571,174.7755782
Wellington City,THE TERRACE,50,S, ,DALMUIR LANE,201012651,5/08/10,Thu,1808,AA,VS1M,372A 151B 400B ,,R,D,DO,F , ,N,C,50,0,0,1,,,1748607,5428256,-41.28346681,174.7745827
Wellington City,THE TERRACE,50,S, ,DALMUIR LANE,201011578,17/02/10,Wed,1802,FD,4N1CC,101A 331A ,,R,W,O ,L , ,N,N,50,0,0,1,,,1748607,5428256,-41.28346681,174.7745827
Wellington City,THE TERRACE,20,N, ,DIXON ST,201013147,8/08/10,Sun,1435,JA,CN1C,308B 377B 839 929 ,,M,D,B ,F ,D,N,C,50,0,0,1,,,1748335,5427544,-41.2899273,174.7715095
Wellington City,THE TERRACE,80,N, ,DIXON ST,201050078,4/01/10,Mon,1900,MD,CN1C,371B 926 ,,R,D,B ,F ,D,N,P,50,0,0,0,,,1748356,5427600,-41.28941924,174.7717466
Wellington City,THE TERRACE,100,N, ,EVERTON TERRACE,201054516,22/09/10,Wed,815,NB,SN1E,158A 712B ,,R,D,B ,F , ,N,R,50,0,0,0,,,1748564,5428123,-41.28467218,174.7741019
Wellington City,THE TERRACE,120,N, ,EVERTON TERRACE,201056160,8/12/10,Wed,1900,CA,MS1X,132A 137A 402A 927 ,,R,D,O ,F ,D,N,C,50,0,0,0,,,1748570,5428142,-41.28450001,174.7741689
Wellington City,THE TERRACE,, ,I,GHUZNEE ST,201053103,18/06/10,Fri,1800,JA,CS1C,302A ,,R,D,O ,F ,T,G,P,50,0,0,0,,,1748255,5427358,-41.29161664,174.7705998
Wellington City,THE TERRACE,, ,I,GHUZNEE ST,201011027,11/01/10,Mon,1200,JA,PS1C,302A ,,R,D,O ,F ,T,G,C,50,0,0,1,,,1748255,5427358,-41.29161664,174.7705998
Wellington City,THE TERRACE,, ,I,MACDONALD CRESCENT,201053345,6/07/10,Tue,1110,JC,CW1C,301A 387A ,,R,W,O ,H ,T,S,C,50,0,0,0,,,1748304,5427470,-41.29059925,174.7711575
Wellington City,THE TERRACE,, ,I,MACDONALD CRESCENT,201051699,3/05/10,Mon,2330,JA,MS1C,301B ,,R,D,DO,F ,T,S,C,50,0,0,0,,,1748304,5427470,-41.29059925,174.7711575
Wellington City,THE TERRACE,60,S, ,MASONS LANE,201012350,10/06/10,Thu,1812,NG,CN1E,371A 724B 730B ,,R,D,DO,F , ,N,C,50,0,0,1,63,,1748666,5428566,-41.28066487,174.7752112
Wellington City,THE TERRACE,10,N, ,SALAMANCA ROAD,201052148,19/03/10,Fri,915,EC,TN1,386A 686A ,P,R,D,O ,F ,T,N,C,50,0,0,0,,,1748384,5427680,-41.28869382,174.7720613
Wellington City,THE TERRACE,100,N, ,SALAMANCA ROAD,201051146,1/04/10,Thu,1410,EA,CS1C,137A ,M,R,D,B ,F , ,N,C,50,0,0,0,,,1748414,5427765,-41.28792301,174.7723987
Wellington City,THE TERRACE,20,N, ,SHELL LANE,201053592,13/07/10,Tue,1355,MO,VN1X,386A ,Q,R,D,B ,F , ,N,C,50,0,0,0,,,1748632,5428374,-41.2823998,174.7748523
Wellington City,THE TERRACE,, ,I,SHELL LANE,201054643,26/05/10,Wed,1250,MG,CN14,371B ,,R,W,O ,L ,T,N,C,50,0,0,0,,,1748629,5428355,-41.28257142,174.7748211
Wellington City,THE TERRACE,20,S, ,TERRACE OFF SBD,201050926,28/02/10,Sun,44,AC,XS1C,372A ,,R,D,DO,F ,T,T,R,50,0,0,0,,,1748571,5428145,-41.28447282,174.7741801
Wellington City,THE TERRACE,80,S, ,VIVIAN ST,201055830,5/10/10,Tue,1218,GE,MS1C,160A 817 929 ,,R,D,B ,F ,D,N,N,50,0,0,0,,,1748145,5427120,-41.29377966,174.7693446
Wellington City,THORNDON QUAY,100,N, ,DAVIS ST,201052015,29/04/10,Thu,909,MF,CS1C,158A 333A ,,R,D,O ,F , ,N,C,50,0,0,0,,,1749346,5429334,-41.27362476,174.7831391
Wellington City,THORNDON QUAY,250,N, ,DAVIS ST,201056124,6/11/10,Sat,1315,ME,CN1C,155A 160A ,,R,W,O ,F , ,N,L,50,0,0,0,,,1749284,5429470,-41.27241176,174.7823658
Wellington City,THORNDON QUAY,300,N, ,DAVIS ST,201013338,10/11/10,Wed,825,GB,SS1C,155A 158A 927 ,,R,D,B ,F ,D,N,L,50,0,0,1,,,1749266,5429517,-41.27199192,174.7821395
Wellington City,THORNDON QUAY,30,S, ,DAVIS ST,201050552,4/01/10,Mon,700,DA,VS1CCC,136A 620A ,CM,E,D,B ,F , ,N,P,50,0,0,0,,,1749387,5429214,-41.27469759,174.7836578
Wellington City,THORNDON QUAY,, ,I,DAVIS ST,201013350,12/11/10,Fri,845,KA,SN14,302B 363B 375B 902 ,,E,D,B ,F ,T,G,R,50,0,1,0,,42,1749388,5429242,-41.27444531,174.7836628
Wellington City,THORNDON QUAY,, ,I,DAVIS ST,201051247,1/02/10,Mon,943,JA,CN1C,302B 375B 402B 817 ,,M,W,O ,L ,T,G,R,50,0,0,0,,,1749388,5429242,-41.27444531,174.7836628
Wellington City,THORNDON QUAY,400,S, ,HUTT ROAD,201011386,22/02/10,Mon,1536,MO,CE1,407A 423A ,H,R,D,B ,F , ,N,L,50,0,0,1,,,1749229,5429621,-41.2710624,174.7816725
Wellington City,THORNDON QUAY,400,S, ,HUTT ROAD,201056037,27/11/10,Sat,908,QG,TS1,429A ,H,R,D,B ,F , ,N,L,50,0,0,0,,,1749229,5429621,-41.2710624,174.7816725
Wellington City,THORNDON QUAY,30,N, ,MOORE ST,201011381,9/02/10,Tue,803,MF,SS14,372B ,,E,D,B ,F , ,N,C,50,0,0,1,,46,1749246,5429072,-41.27600215,174.7820098
Wellington City,THORNDON QUAY,30,S, ,MOORE ST,201011783,27/04/10,Tue,855,MA,SS1C,140B 372B ,,E,D,O ,F , ,N, ,50,0,0,1,,9,1749197,5429039,-41.27630831,174.7814331
Wellington City,THORNDON QUAY,, ,I,MULGRAVE ST,201052010,12/05/10,Wed,1930,DA,CS2,131A 359A ,G,E,W,DO,L ,T,T,R,50,0,0,0,,,1749084,5428833,-41.27818389,174.7801349
Wellington City,THORNDON QUAY,, ,I,MULGRAVE ST,201055810,27/11/10,Sat,1858,JA,CE1C,323A 402A ,,R,D,B ,F ,T,T,R,50,0,0,0,,,1749084,5428833,-41.27818389,174.7801349
Wellington City,THORNDON QUAY,50,N, ,MURPHY ST,201012478,18/06/10,Fri,813,GC,BS1C,174B 372B 927 ,,R,D,O ,F ,D,N,C,50,0,0,1,,,1749265,5429080,-41.27592661,174.7822346
Wellington City,THORNDON QUAY,350,E, ,TINAKORI ROAD,201012482,18/06/10,Fri,815,MF,CE1S,351A 371A ,,R,D,B ,F , ,N,C,50,0,0,1,,34,1749212,5429668,-41.27064238,174.7814581
Wellington City,TINAKORI ROAD,100,E, ,BOWEN ST,201011793,19/04/10,Mon,1039,EA,4N14,129A 353A ,M,R,D,B ,F , ,N,C,50,0,0,1,,,1748235,5428854,-41.2781511,174.769997
Wellington City,TINAKORI ROAD,20,N, ,BOWEN ST,201056108,14/12/10,Tue,1130,EA,CS1C,129A ,M,R,D,O ,F , ,N,C,30,0,0,0,,,1748182,5428794,-41.27870104,174.769379
Wellington City,TINAKORI ROAD,100,N, ,BOWEN ST,201055235,25/08/10,Wed,1620,EA,CS1C,129A ,M,R,D,O ,F , ,N,C,30,0,0,0,,,1748235,5428854,-41.2781511,174.769997
Wellington City,TINAKORI ROAD,100,S, ,BOWEN ST,201053582,8/07/10,Thu,940,MD,4N1C,308B 371B 839 929 ,,R,D,O ,F ,D,N,C,50,0,0,0,,,1748100,5428706,-41.27950839,174.7684217
Wellington City,TINAKORI ROAD,, ,I,BOWEN ST,201013311,8/10/10,Fri,1035,ND,CN1E,171A 307A ,,R,D,B ,F ,T,T,C,50,0,0,1,38,,1748168,5428780,-41.27882965,174.7692153
Wellington City,TINAKORI ROAD,, ,I,COTTLEVILLE TERRACE,201011907,11/05/10,Tue,1113,LB,VN1C,303B 387B ,G,R,D,B ,F ,T,N,C,50,0,0,1,,,1749148,5429859,-41.26893453,174.7806476
Wellington City,TINAKORI ROAD,20,N, ,HAWKESTONE ST,201052251,23/05/10,Sun,1545,FC,CN14,181A ,,R,D,B ,F , ,N,X,50,0,0,0,,,1748592,5429241,-41.27460115,174.7741634