TLA NAME,CRASH ROAD,CRASH DIST,CRASH DIRN,INTSN,SIDE ROAD,CRASH ID,CRASH DATE,CRASH DOW,CRASH TIME,MVMT,VEHICLES,CAUSES,OBJECTS STRUCK,ROAD CURVE,ROAD WET,LIGHT,WTHRa,JUNC TYPE,TRAF CTRL,ROAD MARK,SPD LIM,CRASH FATAL CNT,CRASH SEV CNT,CRASH MIN CNT,PERS AGE1,PERS AGE2,EASTING,NORTHING,latitude,longitude
Wellington City,TINAKORI ROAD,, ,I,HAWKESTONE ST,201054627,22/02/10,Mon,1830,GD,CW2C,331A ,,R,D,O ,F ,T,G,R,50,0,0,0,,,1748578,5429226,-41.27473877,174.774
Wellington City,TINAKORI ROAD,20,S, ,HILL ST,201013190,16/05/10,Sun,1750,NB,CN1E,306A 901 ,,R,W,DO,H , ,N,X,50,0,0,1,26,,1748355,5428986,-41.2769406,174.771397
Wellington City,TINAKORI ROAD,25,S, ,HILL ST,201051254,17/03/10,Wed,1318,MA,CN1CC,331A 352A 402A ,M,R,D,B ,F , ,N,C,50,0,0,0,,,1748352,5428982,-41.27697717,174.7713622
Wellington City,TINAKORI ROAD,15,E, ,HOBSON ST,201012105,4/05/10,Tue,1930,EA,VE1C,102A 410A ,M,R,D,DO,F , ,N,C,50,0,0,1,,,1749039,5429723,-41.27017912,174.7793801
Wellington City,TINAKORI ROAD,30,N, ,HOBSON ST,201055947,4/12/10,Sat,1700,EA,TS1C,129A ,Q,R,D,B ,F , ,N,C,50,0,0,0,,,1749049,5429734,-41.27007824,174.7794968
Wellington City,TINAKORI ROAD,100,N, ,HOBSON ST,201051790,5/03/10,Fri,50,CA,CS1CC,108A 514A 630A ,M,R,D,DO,F , ,N,C,50,0,0,0,,,1749097,5429786,-41.2696012,174.7800569
Wellington City,TINAKORI ROAD,, ,I,MOLESWORTH ST,201054434,6/09/10,Mon,847,HA,4N1C,322B ,,R,W,O ,L ,X,T,C,50,0,0,0,,,1748884,5429555,-41.27172029,174.7775715
Wellington City,TINAKORI ROAD,, ,I,PARK ST,201013368,18/05/10,Tue,720,LB,SE1C,303B 375B ,,R,D,TO,F ,X,T,C,50,0,0,1,,56,1748884,5429555,-41.27172029,174.7775715
Wellington City,TINAKORI ROAD,, ,I,PARK ST,201012794,2/09/10,Thu,738,CA,MN1C,133A ,,R,D,B ,F ,X,T,C,50,0,0,2,,,1748884,5429555,-41.27172029,174.7775715
Wellington City,TINAKORI ROAD,, ,I,ST MARY ST,201011223,30/01/10,Sat,1550,LB,SN1X,303B 377B ,,R,D,B ,F ,T,N,C,50,0,0,1,,21,1748141,5428750,-41.27910471,174.7689004
Wellington City,TINAKORI ROAD,, ,I,ST MARY ST,201050918,11/02/10,Thu,1025,LB,CN1C,303B 387B ,,R,W,O ,F ,T,N,C,50,0,0,0,,,1748141,5428750,-41.27910471,174.7689004
Wellington City,TINAKORI ROAD,, ,I,ST MARY ST,201052534,16/04/10,Fri,1311,FD,CS14,181A 191B ,,R,D,B ,F ,T,N,C,50,0,0,0,,,1748142,5428750,-41.27910453,174.7689123
Wellington City,TIRANGI ROAD,180,N, ,LONSDALE CRESCENT,201054021,14/08/10,Sat,1820,MO,4N1C,371A 929 ,M,R,D,TF,F ,D,N,C,50,0,0,0,,,1751011,5424044,-41.32094265,174.8043217
Wellington City,TIRANGI ROAD,, ,I,MCGREGOR ST,201051251,6/03/10,Sat,1531,EA,CN1C,354A ,M,R,D,O ,F ,T,S,C,50,0,0,0,,,1750789,5423344,-41.32728648,174.8018441
Wellington City,TODMAN ST,70,W, ,CHARLOTTE AVENUE,201052267,27/05/10,Thu,1405,MO,CS1C,371A ,M,R,W,O ,H , ,N,C,50,0,0,0,,,1747469,5425742,-41.30631028,174.7616085
Wellington City,TODMAN ST,80,S, ,MITCHELL ST,201012765,7/08/10,Sat,2234,BC,CS1C,103A 121A ,,M,W,DO,L , ,N,C,50,0,0,1,,,1747292,5425772,-41.30607251,174.7594879
Wellington City,TORY ST,, ,I,COLLEGE ST,201052322,21/05/10,Fri,1600,MG,CS1CC,353A 371A 358B 371B ,,R,W,O ,H ,T,N,C,50,0,0,0,,,1749015,5426869,-41.29587937,174.779792
Wellington City,TORY ST,50,N, ,COURTENAY PLACE,201012479,12/06/10,Sat,222,CB,VN1C,103A 352A ,M,R,D,DO,F , ,N,C,50,0,0,1,,,1749158,5427184,-41.29301688,174.781422
Wellington City,TORY ST,20,W, ,COURTENAY PLACE,201052253,12/05/10,Wed,2125,EE,CS1C,374B ,Q,R,D,DO,F , ,N,C,50,0,0,0,,,1749128,5427120,-41.29359864,174.7810795
Wellington City,TORY ST,, ,I,COURTENAY PLACE,201011000,8/01/10,Fri,750,NF,CE2E,718B 732B ,,R,D,O ,F ,X,T,C,50,0,0,1,17,,1749136,5427139,-41.2934261,174.7811704
Wellington City,TORY ST,, ,I,EBOR ST,201050927,17/01/10,Sun,1945,JA,CN1C,302B 377B 839 ,,R,W,O ,L ,X,G,C,50,0,0,0,,,1749048,5426943,-41.29520703,174.7801678
Wellington City,TORY ST,5,N, ,FREDERICK ST,201012881,21/09/10,Tue,1541,NA,SN1E,711B ,,R,D,B ,F ,T,N,C,50,0,0,1,18,25,1748970,5426768,-41.29679702,174.7792795
Wellington City,TORY ST,, ,I,FREDERICK ST,201054628,25/06/10,Fri,1930,EE,CN1X,374B ,Q,R,W,DO,L ,T,N,C,50,0,0,0,,,1748968,5426763,-41.29684241,174.7792568
Wellington City,TORY ST,, ,I,TUI ST,201052555,3/03/10,Wed,1345,MO,CS1,501A ,S,R,D,B ,F ,T,N,C,50,0,0,0,,,1748918,5426653,-41.29784202,174.7786868
Wellington City,TORY ST,20,S, ,VIVIAN ST,201011284,27/02/10,Sat,1005,LB,SS1C,303B 353B 926 ,,R,D,B ,F ,D,N,C,50,0,0,1,,54,1748988,5426807,-41.29644257,174.7794848
Wellington City,TORY ST,100,S, ,WAKEFIELD ST,201053369,14/07/10,Wed,1410,MA,TN1T,373B ,,R,D,O ,F , ,N,C,50,0,0,0,,,1749161,5427189,-41.29297131,174.7814566
Wellington City,TORY ST,, ,I,WAKEFIELD ST,201012086,1/06/10,Tue,1720,JA,SS1X,322B ,,R,W,DO,H ,X,T,C,50,0,0,1,,29,1749204,5427279,-41.29215306,174.7819478
Wellington City,TOWNSEND ROAD,80,S, ,SEATOUN HEIGHTS ROAD,201050161,19/01/10,Tue,2300,BC,CE1C,121A ,,M,D,DO,F , ,N,C,50,0,0,0,,,1752737,5423897,-41.32194105,174.8249714
Wellington City,TREBANN ST,80,W, ,BRACKEN ROAD,201012068,19/03/10,Fri,825,NA,CE1E,363A 711B 902 ,,R,D,B ,F , ,N,C,50,0,0,1,8,,1752712,5435178,-41.2203802,174.8218461
Wellington City,TRUSCOTT AVENUE,100,S, ,BRODERICK ROAD,201052556,8/06/10,Tue,1745,DA,CN1C,135A 402A 632A 803 ,E,E,I,DO,S , ,N,C,50,0,0,0,,,1750538,5434690,-41.22518122,174.7960429
Wellington City,UPLAND ROAD,5,S, ,BOUNDARY ROAD,201054590,15/09/10,Wed,1130,EA,TW1C,197A 386A ,M,R,D,B ,F ,Y,N,C,50,0,0,0,,,1747439,5427880,-41.28706626,174.7607324
Wellington City,UPLAND ROAD,, ,I,BOUNDARY ROAD,201012014,12/05/10,Wed,840,NA,CN1E,370A 712B 713B ,,E,D,B ,F ,T,N,C,50,0,0,2,11,,1747436,5427884,-41.28703079,174.7606957
Wellington City,UPLAND ROAD,, ,I,GLASGOW ST,201011987,28/05/10,Fri,1824,ND,CN1E,306A 363A ,,E,W,DO,F ,R,G,X,50,0,0,1,25,,1747877,5427849,-41.28726526,174.7659682
Wellington City,UPLAND ROAD,, ,I,GLEN ROAD,201056550,20/12/10,Mon,1336,JA,CN1C,302B ,,R,D,O ,M ,T,G,C,50,0,0,0,,,1747836,5427752,-41.28814611,174.7655024
Wellington City,UPLAND ROAD,30,S, ,KOWHAI ROAD,201054600,16/09/10,Thu,1343,GD,CN1CC,331A 350A ,,R,W,O ,L ,T,N,C,50,0,0,0,,,1747483,5427786,-41.28790455,174.7612804
Wellington City,UPLAND ROAD,40,S, ,KOWHAI ROAD,201055839,12/10/10,Tue,1720,EA,CE1C,129A ,M,R,D,B ,FF, ,N,C,50,0,0,0,,,1747486,5427776,-41.28799404,174.7613186
Wellington City,UPLAND ROAD,50,N, ,NORTH TERRACE,201051792,20/03/10,Sat,15,EA,CS1C,103A 386A ,M,M,D,DO,F , ,N,R,50,0,0,0,,,1747973,5428037,-41.28555501,174.7670685
Wellington City,UPLAND ROAD,50,E, ,PLUNKET ST,201054572,27/08/10,Fri,1555,EA,CE1CCC,129A 350A ,M,R,D,B ,F , ,N,C,50,0,0,0,,,1747552,5427657,-41.2890534,174.7621353
Wellington City,UPLAND ROAD,15,N, ,PLUNKET ST,201055455,18/09/10,Sat,1515,EA,CN1C,386A ,Q,R,W,O ,F , ,N,C,50,0,0,0,,,1747514,5427710,-41.28858315,174.7616689
Wellington City,UPLAND ROAD,80,W, ,ST MICHAELS CRESCENT,201055674,4/09/10,Sat,1945,FC,CS1C,101A 331A ,,E,D,DO,F , ,N,X,50,0,0,0,,,1747570,5427635,-41.28924818,174.7623555
Wellington City,VICTORIA ST,30,N, ,BOND ST,201050304,5/02/10,Fri,1500,AC,CS1C,128A ,,R,D,O ,F , ,N,C,50,0,0,0,,,1748717,5427623,-41.28914574,174.7760502
Wellington City,VICTORIA ST,20,N, ,DIXON ST,201053799,1/08/10,Sun,1200,CB,CN1,103A ,T,R,W,O ,L , ,N,C,50,0,0,0,,,1748655,5427401,-41.29115593,174.7753643
Wellington City,VICTORIA ST,, ,I,GHUZNEE ST,201055944,27/10/10,Wed,1655,FA,VS1S,434A 512A 177B ,,R,D,O ,F ,X,T,C,50,0,0,0,,,1748533,5427232,-41.29269997,174.7739492
Wellington City,VICTORIA ST,, ,I,GHUZNEE ST,201050288,29/01/10,Fri,1715,FD,VE1X,112A 181A ,,R,D,B ,F ,X,T,C,50,0,0,0,,,1748533,5427232,-41.29269997,174.7739492
Wellington City,VICTORIA ST,20,S, ,HARRIS ST,201053371,18/07/10,Sun,230,MO,CS1C,353A 371A ,,R,W,DO,F , ,N,C,50,0,0,0,,,1748754,5427767,-41.28784243,174.7764567
Wellington City,VICTORIA ST,, ,I,MANNERS ST,201050648,24/02/10,Wed,1008,KC,XN1C,176B ,,E,D,O ,F ,X,T,R,50,0,0,0,,,1748686,5427488,-41.29036692,174.7757131
Wellington City,VICTORIA ST,, ,I,MANNERS ST,201012016,17/05/10,Mon,1800,NA,4S1E,718B ,,E,D,DO,F ,X,T,R,50,0,0,1,72,,1748686,5427488,-41.29036692,174.7757131
Wellington City,VICTORIA ST,10,N, ,MERCER ST,201050300,2/02/10,Tue,1143,AC,CS1X,372A ,,R,D,B ,F ,T,T,C,50,0,0,0,,,1748726,5427703,-41.28842381,174.7761381
Wellington City,VICTORIA ST,20,N, ,MERCER ST,201052474,4/05/10,Tue,304,DA,CW1C,103A 201A ,MX,E,D,DO,F ,X,G,C,50,0,0,0,,,1748730,5427713,-41.28833304,174.7761834
Wellington City,VICTORIA ST,20,S, ,VIVIAN ST,201052867,29/06/10,Tue,1748,FD,BS1C,181A ,,R,D,DO,F , ,N,C,50,0,0,0,,,1748434,5427055,-41.29431179,174.7728105
Wellington City,VICTORIA ST,, ,I,WAKEFIELD ST,201011285,24/02/10,Wed,1345,NB,BS1E,718B ,,E,D,B ,F ,T,T,R,50,0,0,1,38,,1748725,5427666,-41.28875712,174.7761352
Wellington City,VICTORIA ST,, ,I,WAKEFIELD ST,201050851,10/03/10,Wed,1208,DB,TW2,129A ,IX,M,D,B ,F ,T,T,R,50,0,0,0,,,1748725,5427666,-41.28875712,174.7761352
Wellington City,VICTORIA ST,30,S, ,WILLESTON ST,201051480,8/04/10,Thu,735,EE,CS1V,374B ,Q,R,D,B ,F , ,N,C,50,0,0,0,,,1748796,5427862,-41.28697936,174.7769348
Wellington City,VICTORIA ST,, ,I,WILLESTON ST,201052863,26/06/10,Sat,1630,KA,PS1C,322B ,,R,W,O ,HS,X,T,C,50,0,0,0,,,1748808,5427890,-41.28672505,174.7770712
Wellington City,VICTORY CRESCENT,15,W, ,HAMPTON HILL ROAD,201051493,17/04/10,Sat,1620,EA,CW14,129A ,M,R,D,B ,F , ,N,N,50,0,0,0,,,1753120,5441147,-41.16656209,174.8252174
Wellington City,VIEW ROAD,60,N, ,HUNGERFORD ROAD,201054431,17/09/10,Fri,2210,EA,CS1CC,103A ,M,E,D,DO,FS, ,N,C,50,0,0,0,,,1749779,5422147,-41.33825172,174.7900759
Wellington City,WADESTOWN ROAD,20,E, ,CECIL ROAD,201013413,13/09/10,Mon,1915,NB,CE1E,306A 376A ,,R,W,DO,L ,Y,N,X,50,0,0,1,53,,1748691,5430664,-41.26177097,174.7749978
Wellington City,WADESTOWN ROAD,20,E, ,CECIL ROAD,201012824,3/08/10,Tue,840,NA,4E1E,306A 363A 376A 902 ,,R,D,B ,F ,Y,N,X,50,0,1,0,63,,1748691,5430664,-41.26177097,174.7749978
Wellington City,WADESTOWN ROAD,350,N, ,GRANT ROAD,201050495,27/01/10,Wed,1428,MO,CS1,420A 929 ,H,E,D,B ,F ,D,N,N,50,0,0,0,,,1748836,5429881,-41.268794,174.7769191
Wellington City,WAIKOWHAI ROAD,, ,I,CROFTON ROAD,201056541,1/12/10,Wed,1400,AA,CN1C,385A ,,E,D,B ,F ,R,G,R,50,0,0,0,,,1748546,5431927,-41.2504262,174.77296
Wellington City,WAIKOWHAI ROAD,, ,I,CROFTON ROAD,201056531,30/11/10,Tue,1057,AA,VN1C,381A ,,E,D,O ,F ,R,G,R,50,0,0,0,,,1748546,5431927,-41.2504262,174.77296
Wellington City,WAITEATA ROAD,, ,I,MCKENZIE TERRACE,201052250,30/03/10,Tue,1305,BD,CE1T,300A 300B 818 ,,M,D,O ,F ,T,N,N,50,0,0,0,,,1748239,5427602,-41.28942273,174.7703494
Wellington City,WAITOA ROAD,, ,I,MATAI ROAD,201053826,28/01/10,Thu,323,DB,CE1C,103A 402A ,,R,D,DO,F ,T,N,N,50,0,0,0,,,1750433,5425830,-41.30497078,174.7969771
Wellington City,WAKEFIELD ST,, ,I,ALLEN ST,201052254,13/05/10,Thu,1743,KA,CW1X,176B 300B ,,R,W,DO,L ,T,N,C,50,0,0,0,,,1749272,5427248,-41.29241959,174.7827672
Wellington City,WAKEFIELD ST,10,W, ,CAMBRIDGE TERRACE,201055041,4/10/10,Mon,1144,AC,CW1C,330A 372A ,,M,D,B ,F ,Y,N,C,50,0,0,0,,,1749386,5427183,-41.29298372,174.784144
Wellington City,WAKEFIELD ST,, ,I,CAMBRIDGE TERRACE,201050299,29/01/10,Fri,210,CC,CE1,103A 137A 201A 514A ,IJ,R,D,DO,F ,Y,N,R,50,0,0,0,,,1749394,5427177,-41.29303626,174.784241
Wellington City,WAKEFIELD ST,, ,I,CHAFFERS ST,201011552,7/03/10,Sun,1321,NG,CN1E,371A 730B ,,R,D,B ,FS,T,S,C,50,0,0,1,52,,1749319,5427226,-41.29260897,174.7833336
Wellington City,WAKEFIELD ST,, ,I,COURAGE LANE,201012880,28/09/10,Tue,1945,GB,SW1C,303B 381B 402B ,,R,D,DO,F ,T,N,C,50,0,0,1,,43,1749121,5427314,-41.29185327,174.7809484
Wellington City,WAKEFIELD ST,50,E, ,CUBA ST,201011789,29/04/10,Thu,1920,CA,SE1V,137A 534A 183B ,,R,D,DO,F , ,N,C,50,0,0,1,,18,1748879,5427495,-41.29026832,174.7780153
Wellington City,WAKEFIELD ST,, ,I,PRINGLE AVENUE,201012015,17/04/10,Sat,1615,NG,CW1E,403A 730B ,,R,D,B ,F ,T,N,N,50,0,0,1,20,,1748883,5427492,-41.29029459,174.7780638
Wellington City,WAKEFIELD ST,10,S, ,SLIP ROAD,201012039,24/05/10,Mon,900,FD,CS1C,330A 350A ,,R,W,O ,L ,T,N,C,50,0,0,1,,,1748756,5427617,-41.28919258,174.7765172
Wellington City,WAKEFIELD ST,20,E, ,TORY ST,201012920,11/09/10,Sat,940,EE,SW1C,158A 374B ,Q,R,D,O ,F , ,N,C,50,0,0,1,,39,1749222,5427271,-41.29222176,174.7821647
Wellington City,WAKEFIELD ST,30,W, ,TORY ST,201054101,23/08/10,Mon,832,GD,4W1C,181A 191B 926 ,,R,D,B ,F ,D,N,C,50,0,0,0,,,1749176,5427291,-41.29205019,174.7816106
Wellington City,WAKEFIELD ST,25,E, ,VICTORIA ST,201052866,1/06/10,Tue,1650,MO,BE1X,371A 446B ,Q,R,W,DO,H , ,N,N,50,0,0,0,,,1748737,5427644,-41.28895298,174.7762838
Wellington City,WAKEFIELD ST,100,S, ,VICTORIA ST,201051705,13/04/10,Tue,1605,MO,VW1X,371A 385A ,,R,D,B ,F , ,N,P,50,0,0,0,,,1748785,5427587,-41.28945734,174.7768707
Wellington City,WAKELY ROAD,, ,I,SPENMOOR ST,201013711,17/12/10,Fri,1451,DC,CE2,358A 400A ,FT,R,W,O ,L ,T,G,C,50,0,0,1,,,1752339,5433992,-41.23112846,174.8176942
Wellington City,WALLACE ST,50,S, ,BIDWILL ST,201011549,30/03/10,Tue,1817,NC,CW1E,105B 926 ,,R,D,O ,F ,D,N,P,50,0,0,1,45,,1748540,5426181,-41.3021613,174.7742893
Wellington City,WALLACE ST,, ,I,BIDWILL ST,201052890,24/06/10,Thu,1542,GA,CN1C,181A 370A ,,R,W,O ,L ,T,T,C,50,0,0,0,,,1748521,5426228,-41.30174164,174.7740509
Wellington City,WALLACE ST,, ,I,BIDWILL ST,201051784,26/02/10,Fri,835,LB,CN1C,303B 387B ,,R,D,O ,F ,T,T,C,50,0,0,0,,,1748521,5426228,-41.30174164,174.7740509
Wellington City,WALLACE ST,20,S, ,FINLAY TERRACE,201052012,15/05/10,Sat,1055,EE,CS1C,374B ,Q,R,D,O ,F , ,N,C,50,0,0,0,,,1748592,5425969,-41.30406045,174.7749619
Wellington City,WALLACE ST,15,N, ,HOWARD ST,201054919,11/08/10,Wed,440,CB,VS1CC,410A 501A ,MPS,R,D,DO,F , ,N,L,50,0,0,0,,,1748599,5425883,-41.30483346,174.7750665
Wellington City,WALLACE ST,, ,I,HOWARD ST,201055576,7/11/10,Sun,40,GE,CS1C,160A 927 ,,R,D,DO,F ,D,S,C,50,0,0,0,,,1748599,5425868,-41.30496851,174.7750701
Wellington City,WALLACE ST,, ,I,HUTCHISON ROAD,201012835,9/09/10,Thu,2102,NB,CE1E,306A 403A 724B ,,E,W,DO,H ,T,G,X,50,0,0,1,59,,1748668,5425605,-41.3073237,174.7759582
Wellington City,WALLACE ST,, ,I,HUTCHISON ROAD,201011911,10/05/10,Mon,1549,FC,CW1C,331A 353A ,,R,D,B ,FS,T,G,X,50,0,0,1,,,1748668,5425605,-41.3073237,174.7759582
Wellington City,WALLACE ST,, ,I,HUTCHISON ROAD,201012712,21/08/10,Sat,1325,FC,CW1V,351A ,,E,D,B ,F ,T,G,X,50,0,0,1,,,1748668,5425605,-41.3073237,174.7759582
Wellington City,WALLACE ST,, ,I,ROLLESTON ST,201056005,26/11/10,Fri,755,EC,TN1,386A 686A ,X,R,D,B ,F ,T,G,P,50,0,0,0,,,1748557,5426138,-41.30254532,174.7745027
Wellington City,WALTER ST,100,S, ,VIVIAN ST,201050858,8/03/10,Mon,1150,EO,TS1,680A ,PX,R,D,B ,F , ,N,N,50,0,0,0,,,1748451,5426959,-41.295173,174.7730369
Wellington City,WARIPORI ST,30,W, ,RUSSELL TERRACE,201052643,15/06/10,Tue,1417,BA,VE14,125A ,,R,D,B ,F , ,G,C,50,0,0,0,,,1748993,5424315,-41.31887812,174.7801549
Wellington City,WASHINGTON AVENUE,, ,I,CLEVELAND ST,201050536,6/02/10,Sat,1134,GD,CN14,181A 929 ,,R,D,B ,F ,D,S,C,50,0,0,0,,,1747900,5425859,-41.30517798,174.7667263
Wellington City,WASHINGTON AVENUE,, ,I,CLEVELAND ST,201050646,18/02/10,Thu,625,JA,CN1C,301B ,,E,W,O ,F ,T,S,C,50,0,0,0,,,1747900,5425859,-41.30517798,174.7667263
Wellington City,WASHINGTON AVENUE,50,S, ,DORKING ROAD,201055329,4/10/10,Mon,1510,BA,TN1BC,137A 386A 386B 818 ,M,R,D,B ,F , ,N,C,50,0,0,0,,,1747900,5425664,-41.30693365,174.7667737
Wellington City,WATERLOO QUAY,, ,A,AOTEA QUAY,201050290,22/01/10,Fri,1132,AC,TN1C,372A ,,M,D,B ,F , ,N,L,50,0,0,0,,,1749678,5429335,-41.2735543,174.7871009
Wellington City,WATERLOO QUAY,20,S, ,BUNNY ST,201050068,8/01/10,Fri,1110,MO,4N1B,371A ,,R,D,B ,F ,T,T,C,50,0,0,0,,,1749090,5428588,-41.28038863,174.7802665
Wellington City,WATERLOO QUAY,20,S, ,BUNNY ST,201056569,7/12/10,Tue,2130,FD,XN1V,331A ,,R,D,DO,F , ,N,R,50,0,0,0,,,1749091,5428588,-41.28038844,174.7802784
Wellington City,WATERLOO QUAY,, ,I,BUNNY ST,201012138,9/06/10,Wed,1410,GO,TE1S,183A 386A ,,R,D,B ,F ,T,T,P,50,0,0,1,,38,1749102,5428604,-41.28024236,174.7804058
Wellington City,WATERLOO QUAY,, ,I,BUNNY ST,201013509,21/09/10,Tue,800,NB,CN1S,306A 376A ,,R,D,B ,F ,T,T,C,50,0,0,1,,38,1749102,5428604,-41.28024236,174.7804058
Wellington City,WATERLOO QUAY,, ,I,BUNNY ST,201054027,26/08/10,Thu,1105,FE,VN1C,181A ,,R,W,O ,L ,T,T,C,50,0,0,0,,,1749102,5428604,-41.28024236,174.7804058
Wellington City,WATERLOO QUAY,, ,I,BUNNY ST,201050294,15/01/10,Fri,1701,GO,TN14C,122A 197A 920 ,SS,R,D,O ,FS,D,T,R,50,0,0,0,,,1749102,5428604,-41.28024236,174.7804058
Wellington City,WATERLOO QUAY,200,N, ,HINEMOA ST,201050534,3/02/10,Wed,1724,FD,CN1C,331A 358A ,,R,D,B ,F , ,N,R,50,0,0,0,,,1749533,5429151,-41.27523779,174.7854156
Wellington City,WATERLOO QUAY,200,N, ,HINEMOA ST,201011656,7/04/10,Wed,1428,CA,SS1,812,,R,D,O ,F , ,N,C,50,0,0,1,,33,1749533,5429151,-41.27523779,174.7854156
Wellington City,WATERLOO QUAY,200,N, ,HINEMOA ST,201050852,11/03/10,Thu,1322,EC,CS1,504A ,IS,R,D,B ,F , ,N,R,50,0,0,0,,,1749533,5429151,-41.27523779,174.7854156
Wellington City,WATERLOO QUAY,50,S, ,HINEMOA ST,201054028,24/08/10,Tue,1558,JA,VN1C,314B 377B 927 ,,R,D,B ,F ,D,N,P,50,0,0,0,,,1749378,5428955,-41.27703115,174.7836139
Wellington City,WATERLOO QUAY,90,S, ,HINEMOA ST,201052018,18/02/10,Thu,1657,KA,4N14,308B 927 ,,R,D,O ,F ,D,N,L,50,0,0,0,,,1749354,5428923,-41.27732369,174.7833353
Wellington City,WATERLOO QUAY,100,S, ,HINEMOA ST,201011653,18/03/10,Thu,2032,NA,CN1E,713B 836 862 ,,R,D,DO,F , ,N,P,50,0,1,0,,,1749348,5428915,-41.27739683,174.7832656
Wellington City,WATERLOO QUAY,, ,I,HINEMOA ST,201055038,11/10/10,Mon,1400,FD,CN1C,116A 350A 817 ,,R,W,O ,FS,T,T,R,50,0,0,0,,,1749409,5428994,-41.27667428,174.7839743
Wellington City,WATERLOO QUAY,, ,I,WHITMORE ST,201011773,15/04/10,Thu,1030,NB,CS1E,713B ,,R,D,B ,F ,X,T,C,50,0,0,1,17,,1748982,5428438,-41.28175908,174.7790141
Wellington City,WEBB ST,20,W, ,CUBA ST,201012069,16/05/10,Sun,2130,NB,CW1E,710B 724B ,,R,W,DO,L , ,N,P,50,0,1,0,,,1748445,5426686,-41.29763204,174.7730318
Wellington City,WEBB ST,, ,I,HOPPER ST,201053263,27/06/10,Sun,1020,KB,CE1C,302B ,,R,W,O ,L ,T,G,C,50,0,0,0,,,1748566,5426632,-41.29809596,174.7744896
Wellington City,WEBB ST,20,W, ,THOMPSON ST,201051811,27/04/10,Tue,1110,FD,CE1CC,331A 402A ,,R,D,O ,F , ,N,C,50,0,0,0,,,1748338,5426735,-41.29721055,174.7717425
Wellington City,WEBB ST,20,E, ,TORRENS TERRACE,201050348,3/02/10,Wed,1240,MD,TE1C,353A 371B 927 ,,R,D,B ,F ,D,N,P,50,0,0,0,,,1748518,5426653,-41.29791573,174.7739114
Wellington City,WEBB ST,, ,I,VICTORIA ST,201011385,27/02/10,Sat,1728,FD,CW1VC,331A 902 ,,R,D,B ,F ,T,G,C,50,0,0,1,,,1748306,5426749,-41.29709038,174.771357
Wellington City,WEBB ST,, ,I,WILLIS ST,201053801,11/08/10,Wed,1459,GF,TW1B,179A ,,M,D,B ,F ,T,T,C,50,0,0,0,,,1748229,5426784,-41.2967894,174.7704292
Wellington City,WELLINGTON ROAD,, ,I,CRAWFORD ROAD,201012218,15/06/10,Tue,723,JA,SS2C,302B 375B 901 ,,E,W,DO,HS,R,G,R,50,0,0,1,,49,1749784,5424941,-41.3130955,174.7894471
Wellington City,WELLINGTON ROAD,, ,I,CRAWFORD ROAD,201050855,12/03/10,Fri,1250,JA,CS2C,302B ,C,M,D,O ,F ,R,G,R,50,0,0,0,,,1749784,5424941,-41.3130955,174.7894471
Wellington City,WESTCHESTER DRIVE,100,E, ,AMESBURY DRIVE,201056537,6/11/10,Sat,45,EA,CE1C,129A ,M,R,W,DO,L , ,N,C,50,0,0,0,,,1751472,5437187,-41.20252538,174.8065622
Wellington City,WESTCHESTER DRIVE EAST,, ,I,CHURTON PARK OFF NBD,201051531,14/04/10,Wed,1430,CC,CW1,137A 387A ,I,R,D,B ,F ,X,G,R,50,0,0,0,,,1752620,5436975,-41.20421853,174.8203004
Wellington City,WESTHAVEN DRIVE,250,W, ,CHESTER ROAD,201051689,24/04/10,Sat,915,MO,VS1C,371A ,M,E,D,O ,F , ,N,N,50,0,0,0,,,1752341,5440796,-41.16986905,174.8160233
Wellington City,WHITMORE ST,, ,I,FEATHERSTON ST,201055233,15/09/10,Wed,1510,LB,CW1V,353A 303B ,,R,D,O ,F ,X,T,R,50,0,0,0,,,1748924,5428522,-41.28101349,174.7783013
Wellington City,WHITMORE ST,, ,I,FEATHERSTON ST,201055896,17/11/10,Wed,1710,MG,CW1B,371B ,,R,D,O ,F ,X,T,C,50,0,0,0,,,1748924,5428522,-41.28101349,174.7783013
Wellington City,WHITMORE ST,, ,I,FEATHERSTON ST,201051485,19/03/10,Fri,1450,FD,XW14,181A ,,R,D,B ,F ,X,T,R,50,0,0,0,,,1748923,5428522,-41.28101367,174.7782894
Wellington City,WHITMORE ST,20,E, ,STOUT ST,201050045,11/01/10,Mon,1203,EE,SW1C,374B ,Q,R,D,B ,F , ,N,R,50,0,0,0,,,1748892,5428568,-41.28060523,174.7779082
Wellington City,WHITMORE ST,, ,I,STOUT ST,201051248,9/01/10,Sat,945,HA,XN1C,352B 358B ,,R,D,B ,F ,X,T,R,50,0,0,0,,,1748881,5428585,-41.2804542,174.7777727
Wellington City,WHITMORE ST,, ,I,STOUT ST,201051491,12/04/10,Mon,500,DA,TN2,501A ,S,R,D,DO,F ,X,T,R,50,0,0,0,,,1748881,5428585,-41.2804542,174.7777727
Wellington City,WIGAN ST,50,W, ,TARANAKI ST,201053265,12/07/10,Mon,1534,MD,CW1C,371B 920 ,,R,D,B ,F , ,N,N,50,0,0,0,,,1748699,5426830,-41.29628879,174.776029