TLA NAME,CRASH ROAD,CRASH DIST,CRASH DIRN,INTSN,SIDE ROAD,CRASH ID,CRASH DATE,CRASH DOW,CRASH TIME,MVMT,VEHICLES,CAUSES,OBJECTS STRUCK,ROAD CURVE,ROAD WET,LIGHT,WTHRa,JUNC TYPE,TRAF CTRL,ROAD MARK,SPD LIM,CRASH FATAL CNT,CRASH SEV CNT,CRASH MIN CNT,PERS AGE1,PERS AGE2,EASTING,NORTHING,latitude,longitude
Wellington City,WILBERFORCE ST,, ,I,DALLAS COURT,201056931,15/11/10,Mon,1032,JA,CN1C,309B ,,R,D,B ,F ,T,N,C,50,0,0,0,,,1752556,5423871,-41.3222094,174.8228163
Wellington City,WILLESTON ST,, ,I,CUSTOMHOUSE QUAY,201056860,3/12/10,Fri,910,AA,BW1X,179A ,,R,D,O ,F ,X,T,C,50,0,0,0,,,1748740,5427923,-41.28644047,174.7762515
Wellington City,WILLIS ST,15,N, ,ARO ST,201056560,21/12/10,Tue,1130,FD,CN1CC,181A ,,R,W,O ,L , ,N,C,50,0,0,0,,,1748257,5426854,-41.29615402,174.7707465
Wellington City,WILLIS ST,20,N, ,ARO ST,201054869,1/09/10,Wed,815,FD,MN1C,386A ,,R,D,B ,F , ,N,C,50,0,0,0,,,1748259,5426858,-41.29611764,174.7707694
Wellington City,WILLIS ST,, ,I,BOND ST,201056075,14/12/10,Tue,1810,JA,BS1X,309B ,,R,D,O ,F ,T,N,C,30,0,0,0,,,1748634,5427684,-41.28861182,174.7750446
Wellington City,WILLIS ST,50,N, ,DIXON ST,201053973,9/08/10,Mon,1630,BA,VS1V,129A ,,R,D,O ,F , ,N,C,50,0,0,0,,,1748541,5427484,-41.29042962,174.7739832
Wellington City,WILLIS ST,50,S, ,DIXON ST,201055835,26/11/10,Fri,1330,MO,XS1C,371A ,Q,R,D,B ,F , ,N, ,30,0,0,0,,,1748500,5427393,-41.29125648,174.773516
Wellington City,WILLIS ST,70,S, ,DIXON ST,201056030,22/11/10,Mon,1010,EE,CS1C,374B 818 ,M,R,D,B ,F , ,N,C,50,0,0,0,,,1748492,5427375,-41.29142002,174.7734249
Wellington City,WILLIS ST,100,S, ,DIXON ST,201052325,20/05/10,Thu,1437,EE,CS1C,129A 443B ,,R,D,B ,F , ,N,C,50,0,0,0,,,1748479,5427347,-41.29167451,174.7732765
Wellington City,WILLIS ST,20,N, ,GHUZNEE ST,201054647,20/08/10,Fri,830,EE,BN1X,374B ,Q,R,D,B ,F , ,N,C,50,0,0,0,,,1748454,5427290,-41.2921923,174.772992
Wellington City,WILLIS ST,50,N, ,GHUZNEE ST,201056559,13/12/10,Mon,1510,MA,CN1C,373B ,,R,D,O ,F , ,N,C,50,0,0,0,,,1748466,5427317,-41.291947,174.7731286
Wellington City,WILLIS ST,15,S, ,GHUZNEE ST,201056571,19/12/10,Sun,1655,CA,MN1,137A 331A ,,R,W,O ,L , ,N,C,50,0,0,0,,,1748440,5427258,-41.29248299,174.7728327
Wellington City,WILLIS ST,20,S, ,GHUZNEE ST,201055836,5/11/10,Fri,2300,EE,CN1C,129A 520B ,Q,R,W,DO,L , ,N,C,50,0,0,0,,,1748438,5427254,-41.29251937,174.7728098
Wellington City,WILLIS ST,50,S, ,GHUZNEE ST,201012960,30/09/10,Thu,840,FA,SN1C,181A 353A ,,R,W,O ,H , ,N,C,50,0,0,1,,28,1748425,5427226,-41.29277385,174.7726614
Wellington City,WILLIS ST,, ,I,GHUZNEE ST,201052349,13/05/10,Thu,1250,LB,VE2C,303B ,,R,D,O ,F ,X,T,C,50,0,0,0,,,1748446,5427272,-41.29235583,174.7729009
Wellington City,WILLIS ST,, ,I,GHUZNEE ST,201054624,28/06/10,Mon,2135,LB,4E2C,303B ,,R,W,DO,H ,X,T,P,50,0,0,0,,,1748446,5427272,-41.29235583,174.7729009
Wellington City,WILLIS ST,50,S, ,LAMBTON QUAY,201013312,26/10/10,Tue,1743,PO,BN1E,370A 723B ,R,R,D,B ,F , ,N,L,30,0,0,1,28,,1748720,5427877,-41.28685831,174.776024
Wellington City,WILLIS ST,25,W, ,LAMBTON QUAY,201051808,19/04/10,Mon,839,AC,CN1B,372A 386A ,,R,D,B ,F , ,N,C,30,0,0,0,,,1748730,5427900,-41.28664939,174.7761377
Wellington City,WILLIS ST,30,S, ,MACDONALD CRESCENT,201011582,3/02/10,Wed,1330,FD,SN1V,331A 353A ,,R,D,B ,F , ,N,C,50,0,0,1,,37,1748508,5427411,-41.29109295,174.7736071
Wellington City,WILLIS ST,20,N, ,MERCER ST,201051154,30/03/10,Tue,,EA,TN1X,386A 443B ,Q,R,D,O ,F , ,N,C,30,0,0,0,,,1748661,5427745,-41.28805763,174.775352
Wellington City,WILLIS ST,20,N, ,MERCER ST,201011887,13/05/10,Thu,1229,NG,VN1E,371A 730B ,,R,D,O ,F , ,N,L,30,0,0,1,75,,1748661,5427745,-41.28805763,174.775352
Wellington City,WILLIS ST,30,N, ,MERCER ST,201055240,3/05/10,Mon,1015,MA,VN1V,387A 350B ,,R,D,B ,F , ,N,L,30,0,0,0,,,1748665,5427754,-41.28797587,174.7753975
Wellington City,WILLIS ST,, ,I,MERCER ST,201056275,19/12/10,Sun,230,FE,CN1C,103A 331A ,,R,W,DO,M ,T,T,C,30,0,0,0,,,1748653,5427727,-41.28822117,174.7752609
Wellington City,WILLIS ST,15,N, ,SH 1N,201012791,18/07/10,Sun,1130,NB,CN1E,370A 713B 726B ,,R,D,O ,F ,X,T,C,50,0,0,1,4,,1748377,5427120,-41.29373705,174.7721142
Wellington City,WILLIS ST,30,S, ,SH 1N VIVIAN,201053127,1/07/10,Thu,1824,FD,CN1C,102A 110A 357A 387A ,,R,D,TF,F , ,T,C,50,0,0,0,,,1748359,5427079,-41.2941095,174.7719093
Wellington City,WILLIS ST,, ,I,WEBB ST,201053108,17/03/10,Wed,1140,GF,CW2V,123A ,,R,D,B ,F ,T,T,C,50,0,0,0,,,1748229,5426784,-41.2967894,174.7704292
Wellington City,WILLIS ST,, ,I,WEBB ST,201055945,28/11/10,Sun,925,FE,4S1C,331A ,,E,D,O ,F ,T,T,L,50,0,0,0,,,1748229,5426784,-41.2967894,174.7704292
Wellington City,WILLIS ST,100,S, ,WILLESTON ST,201013289,19/06/10,Sat,400,FA,CN1S,434A 512A 817 ,,R,D,DO,F , ,N,N,30,0,0,1,,30,1748699,5427831,-41.28727634,174.7757846
Wellington City,WOODLAND ROAD,30,W, ,EARP ST,201011753,25/04/10,Sun,250,DC,XE1,351A ,H,R,D,DO,F ,T,G,C,50,0,0,1,,,1751137,5435167,-41.22077492,174.8030681
Wellington City,WOODMAN DRIVE,, ,I,COLONIAL GROVE,201053991,25/08/10,Wed,1638,KB,CN1C,312B 375B ,,E,D,B ,F ,T,N,C,50,0,0,0,,,1754303,5441233,-41.16556352,174.8392903
Wellington City,WOODMAN DRIVE,100,S, ,KILKELLY CLOSE,201054870,1/10/10,Fri,1915,MO,VN1,357A 506A 512A ,HM,E,D,B ,F , ,N,C,50,0,0,0,,,1753929,5440500,-41.17223407,174.8350186
Wellington City,WOODMAN DRIVE,20,S, ,PIKITANGA CLOSE,201056169,5/12/10,Sun,330,DB,CS1C,358A 410A ,M,R,D,DO,F , ,N,N,50,0,0,0,,,1753806,5440680,-41.17063681,174.8335078
Wellington City,Z CPK CABLE CAR,30,N, ,UPLAND ROAD/NORTH TERRACE,201013348,22/10/10,Fri,930,MO,CW1E,423A ,C,R,D,B ,F , ,N,N,50,0,1,0,63,,1747959,5428029,-41.2856296,174.7669033
Wellington City,Z CPK MCDONALDS,, ,I,ADELAIDE ROAD,201054922,25/08/10,Wed,1550,MO,CW1C,427A 924 ,CM,R,D,B ,F ,D,N,C,50,0,0,0,,,1748969,5426224,-41.30169507,174.7794007
Wellington City,Z CPK PALMERS GARDEN CENT,, ,A,MIRAMAR AVENUE,201056466,3/10/10,Sun,1230,MO,CW14,386A ,M,R,D,O ,F , ,N,N,50,0,0,0,,,1751948,5424604,-41.31572484,174.8153719
Wellington City,Z CPK RA VANCE STAND,, ,A,SUSSEX/BUCKLE,201051497,19/03/10,Fri,1602,MO,4N14CV,427A 507A ,MMM,E,D,B ,F , ,N,N,50,0,0,0,,,1748991,5426478,-41.29940414,174.7796012
Wellington City,Z CPK TURNBULL ST,20,E, ,TURNBULL/MURPHY,201013611,22/12/10,Wed,1435,MO,CS1CCC,423A 507A ,MMM,R,D,B ,F , ,N,N,50,0,0,1,,,1749014,5429308,-41.27392017,174.7791833
Wellington City,Z CPK UNSEALED,, ,A,VELODROME/CLUB ROOMS,201011777,20/01/10,Wed,2355,DO,CS1,103A 433A ,E,R,D,DF,F , ,N,N,50,0,0,2,,,1749899,5425871,-41.30470103,174.7905911
Wellington City,Z CPK WOOLWORTHS,, ,A,JOHNSONVILLE/BRODERICK,201012576,18/06/10,Fri,2115,MO,CW1E,371A 730B ,,R,W,DO,M , ,N,N,50,0,1,0,53,,1751514,5434756,-41.22440482,174.8076655
Wellington City,Z DWAY 15 ROBERT ST,120,N, ,ROBERT/GLANMIRE,201011754,11/04/10,Sun,1955,NG,VE1E,371A 730B 929 ,,R,D,TO,F ,D,N,N,50,0,1,0,84,,1752694,5434511,-41.22638881,174.8217982
Wellington City,Z DWAY 32 REDWOOD VILLAGE,460,S, ,MAIN ROAD/TAWA ST,201056626,10/07/10,Sat,2150,MO,CW1,423A 507A 929 ,H,R,D,DO,F ,D,N,N,50,0,0,0,,,1753042,5439567,-41.18080218,174.8246828
Wellington City,Z DWAY 5 BRODERICK,50,S, ,BRODERICK ROAD,201053372,15/07/10,Thu,1441,MO,CN1,423A ,H,R,D,B ,F , ,N,N,50,0,0,0,,,1751392,5434697,-41.22495886,174.8062253
Wellington City,Z FCT A & E WELLINGTON,, ,A,RIDDIFORD/ REGINA,201055454,23/09/10,Thu,1545,MO,VW1C,371A ,Q,E,D,B ,F , ,N,C,10,0,0,0,,,1748944,5425313,-41.30990179,174.7793253
Wellington City,Z FCT BP,, ,A,WAKEFIELD ST,201013507,12/05/10,Wed,220,MO,XN1E,427A ,H,R,D,DO,F , ,N,N,50,0,1,0,43,,1749043,5427399,-41.29110239,174.7799965
Wellington City,Z FCT CALTEX,10,N, ,RIDDIFORD/ GORDON ST,201012904,30/07/10,Fri,2213,QA,VS1E,351A ,,R,D,DO,F ,T,N, ,50,0,1,0,14,,1749008,5424664,-41.31573317,174.7802485
Wellington City,Z FCT SHELL JOHNSONVILLE,, ,A,JOHNSONVILLE/CORLETT,201012614,14/07/10,Wed,1327,MO,CE1CE,423A ,Q,R,D,B ,F , ,N,N,50,0,0,1,59,,1751453,5434556,-41.22621692,174.8069877
Wellington City,Z LANDFILL ACCESS ROAD,820,W, ,LANDFILL/HAPPY VALLEY,201056603,21/10/10,Thu,1400,MG,TN1T,191A 420A ,,R,D,O ,F , ,N,L,50,0,0,0,,,1746069,5423440,-41.32729114,174.7454451
Wellington City,Z SINCLAIR HEAD,, ,A,DEVILS GATE,201013669,27/12/10,Mon,1500,DO,ME1,130A 680A ,,E,D,B ,F , ,N,N,50,0,1,1,,,1743546,5419671,-41.36167908,174.7162008
Wellington City,ADELAIDE ROAD,, ,I,1N//0,201053708,19/07/10,Mon,1304,GF,CN1B,122B 386B ,,R,D,B ,F ,T,T,R,50,0,0,0,,,1749005,5426284,-41.30114822,174.7798158
Wellington City,PIRIE ST,, ,I,KENT TERRACE,201013188,20/09/10,Mon,1431,NC,CE1E,307A 376A ,,R,D,O ,F ,X,T,C,50,0,0,1,25,,1749220,5426723,-41.29715599,174.7822751
Wellington City,1N//0,, ,I,PIRIE ST,201056638,25/12/10,Sat,1250,KC,CW24,323A 410A ,,R,D,B ,F ,X,T,C,50,0,0,0,,,1749220,5426723,-41.29715599,174.7822751
Wellington City,1N//0,, ,I,VICTORIA ST,201056473,7/10/10,Thu,1600,FE,CS2C,331A ,,R,D,B ,F ,X,T,C,50,0,0,0,,,1748338,5426862,-41.29606711,174.7717115
Wellington City,1N//0,, ,I,BUCKLE ST,201052266,31/05/10,Mon,1515,KA,CE2C,302A ,,M,D,O ,F ,T,G,R,50,0,0,0,,,1749115,5426446,-41.29966935,174.7810894
Wellington City,1N//0,, ,I,TARANAKI ST,201055808,27/11/10,Sat,2321,GF,CS2C,176B ,,R,D,DO,F ,X,T,R,50,0,0,0,,,1748792,5426917,-41.29548835,174.777118
Wellington City,VICTORIA ST,, ,I,1N//0,201012961,3/10/10,Sun,2210,HA,CW2C,112B 324B 386B ,P,R,D,DO,F ,X,T,R,50,0,0,2,,,1748338,5426862,-41.29606711,174.7717115
Wellington City,1N/1050/6.375,1600,S, ,MUNGAVIN OFF NBD,201053659,16/06/10,Wed,1837,AD,CN1C,150A 372A ,,R,D,DO,F , ,N,C,100,0,0,0,,,1754319,5442358,-41.15543173,174.8391977
Wellington City,1N/1050/7.775,3000,S, ,MUNGAVIN OFF NBD,201013574,12/11/10,Fri,142,DB,CN1,358A ,CG,E,D,DN,F , ,N,R,100,0,0,1,,,1753747,5441081,-41.16703766,174.8327042
Wellington City,1N/1050/8.731,900,N, ,TAWA OFF SBD,201055750,11/11/10,Thu,700,CB,MS1,631A ,,R,D,B ,F , ,N,R,100,0,0,0,,,1753541,5440149,-41.17546783,174.8304835
Wellington City,1N/1050/9.114,500,N, ,TAWA ON NBD,201053232,14/07/10,Wed,1740,AC,CN1C,159A ,,R,D,TN,F , ,N,R,100,0,0,0,,,1753423,5439785,-41.1787674,174.8291686
Wellington City,1N/1050/9.314,300,N, ,TAWA ON NBD,201053440,20/06/10,Sun,315,DA,CN1,101A ,CG,E,W,DO,L , ,N,R,100,0,0,0,,,1753378,5439592,-41.18051357,174.8286807
Wellington City,1N/1050/9.384,230,N, ,TAWA ON NBD,201055400,20/10/10,Wed,800,AA,CN1C,372A 671A ,GG,E,D,O ,F , ,N,R,100,0,0,0,,,1753386,5439523,-41.18113328,174.8287933
Wellington City,1N/1050/9.431,200,N, ,TAWA OFF SBD,201052172,18/05/10,Tue,650,FD,CS1C,111A 135A 801 ,,M,W,O ,L , ,N,C,100,0,0,0,,,1753415,5439476,-41.18155095,174.8291507
Wellington City,1N/1050/9.814,200,S, ,TAWA ON NBD,201013088,10/10/10,Sun,341,CC,CN1,110A 630A ,C,R,W,DN,L , ,N,R,100,0,0,1,,,1753623,5439169,-41.18427557,174.8317065
Wellington City,1N/1060/0.319,, ,I,TAWA OFF NBD,201053712,7/05/10,Fri,2,FA,CN1X,386A ,,R,D,DN,F ,T,N,R,100,0,0,0,,,1753602,5438733,-41.18820501,174.8315656
Wellington City,1N/1060/0.519,200,S, ,TAWA OFF NBD,201012624,31/01/10,Sun,339,FA,CN1C,109A 331A 410A ,Q,R,W,DO,L , ,N,R,100,0,4,4,,,1753546,5438541,-41.18994426,174.8309464
Wellington City,1N/1060/0.529,210,S, ,TAWA OFF NBD,201055060,1/09/10,Wed,1558,FD,CN1V,112A 181A 191B ,,R,D,B ,F , ,N,R,100,0,0,0,,,1753544,5438531,-41.19003468,174.830925
Wellington City,1N/1060/0.665,400,S, ,TAWA ON SBD,201051833,30/04/10,Fri,715,FD,VS14,181A ,,R,D,O ,F , ,N,C,100,0,0,0,,,1753531,5438398,-41.19123458,174.8308035
Wellington City,1N/1060/0.765,500,S, ,TAWA ON SBD,201052356,27/04/10,Tue,709,FD,CS1CC,181A 181C ,,R,D,O ,F , ,N,R,100,0,0,0,,,1753516,5438299,-41.19212875,174.8306495
Wellington City,1N/1060/0.765,500,S, ,TAWA ON SBD,201052560,18/05/10,Tue,645,FD,CS1C4,181A 191C ,,R,W,TN,F , ,N,R,100,0,0,0,,,1753516,5438299,-41.19212875,174.8306495
Wellington City,1N/1060/0.765,500,S, ,TAWA ON SBD,201052559,18/05/10,Tue,645,FD,CS1V4C,181A 181B 191B 191D ,G,R,W,TN,F , ,N,R,100,0,0,0,,,1753516,5438299,-41.19212875,174.8306495
Wellington City,1N/1060/0.765,500,S, ,TAWA ON SBD,201052553,18/05/10,Tue,645,FD,CS1C4,181B 191C ,,R,W,TN,F , ,N,R,100,0,0,0,,,1753516,5438299,-41.19212875,174.8306495
Wellington City,1N/1060/0.945,680,S, ,TAWA ON SBD,201051711,25/04/10,Sun,940,DA,VS1,631A ,,E,D,O ,F , ,N,C,100,0,0,0,,,1753462,5438129,-41.19366955,174.8300485
Wellington City,1N/1060/1.119,800,S, ,TAWA OFF NBD,201013048,16/05/10,Sun,522,DB,CN1,102A 111A 359A ,CG,E,W,DN,F , ,N,R,100,0,1,0,,,1753311,5438019,-41.19468852,174.8282763
Wellington City,1N/1060/1.219,900,S, ,TAWA OFF NBD,201056109,26/09/10,Sun,1104,DA,CN1,131A 358A ,,M,D,B ,F , ,N,N,100,0,0,0,,,1753226,5437966,-41.19518178,174.8272764
Wellington City,1N/1060/1.319,1000,S, ,TAWA OFF NBD,201055226,20/10/10,Wed,1625,AA,BN1C,372A ,,R,D,O ,F , ,N,R,100,0,0,0,,,1753148,5437904,-41.19575474,174.8263622
Wellington City,1N/1060/1.319,1000,S, ,TAWA OFF NBD,201055711,17/10/10,Sun,1600,CB,CN1,412A ,C,R,D,O ,F , ,N,C,100,0,0,0,,,1753148,5437904,-41.19575474,174.8263622
Wellington City,1N/1060/1.526,500,N, ,CHURTON PARK ON NBD,201051756,18/04/10,Sun,1422,DA,CN1,130A 615A ,C,E,D,B ,F , ,N,C,100,0,0,0,,,1753024,5437739,-41.19726373,174.8249254
Wellington City,1N/1060/1.534,500,N, ,CHURTON PARK OFF SBD,201011810,18/05/10,Tue,650,FD,VS1C,181A ,,R,W,TN,L , ,N,R,100,0,0,1,,,1753039,5437730,-41.19734192,174.8251065
Wellington City,1N/1060/1.826,200,N, ,CHURTON PARK ON NBD,201056076,14/12/10,Tue,1335,FD,CN14,331A ,,R,W,O ,L , ,N,R,100,0,0,0,,,1752935,5437455,-41.19983749,174.8239356
Wellington City,1N/1060/2.015,20,N, ,CHURTON PARK OFF SBD,201011852,21/04/10,Wed,840,FD,4S1CV,181A 501A ,,R,W,O ,L , ,N,C,100,0,0,2,,,1752883,5437279,-41.2014319,174.8233597
Wellington City,1N/1060/2.076,50,S, ,CHURTON PARK ON NBD,201011456,20/01/10,Wed,1845,DB,CN1V,103A 111A ,GKS,E,D,O ,F , ,N,R,100,0,0,1,,,1752839,5437224,-41.20193539,174.8228489
Wellington City,1N/1060/2.135,100,S, ,CHURTON PARK OFF SBD,201055040,6/10/10,Wed,1110,FD,CS1T,181A 353A 817 ,,R,D,O ,F , ,N,R,100,0,0,0,,,1752832,5437171,-41.20241389,174.8227787
Wellington City,1N/1060/2.23,2000,N, ,JOHNSONVILLE ON NBD,201050997,18/02/10,Thu,2240,CA,4N1,615A 688A ,,R,W,DN,H , ,N,R,100,0,0,0,,,1752774,5437086,-41.20319012,174.8221085
Wellington City,1N/1060/2.23,2000,N, ,JOHNSONVILLE ON NBD,201053477,9/07/10,Fri,15,FA,CN1C,112A 331A 431A ,,R,W,DO, S, ,N,C,100,0,0,0,,,1752774,5437086,-41.20319012,174.8221085
Wellington City,1N/1060/2.768,370,S, ,WESTCHESTER DRIVE OBR NBD,201054605,26/09/10,Sun,1120,QG,VN1C,682A ,D,R,D,O ,FS, ,N,R,100,0,0,0,,,1752399,5436709,-41.20665506,174.8177321
Wellington City,1N/1060/2.769,100,N, ,CHURTON PARK OFF NBD,201053709,30/07/10,Fri,1910,AC,TN1C,372A 671A ,G,E,D,DO,F , ,N,R,100,0,0,0,,,1752398,5436708,-41.20666425,174.8177204
Wellington City,1N/1060/2.849,, ,I,CHURTON PARK ON SBD,201055687,27/10/10,Wed,750,KA,4S1C,184A ,,R,D,O ,F ,Y,N,R,100,0,0,0,,,1752380,5436635,-41.20732488,174.817524
Wellington City,1N/1060/2.869,, ,I,CHURTON PARK OFF NBD,201011216,14/01/10,Thu,913,CB,CN1,501A ,P,R,D,B ,F ,T,N,P,100,0,0,1,,,1752353,5436619,-41.20747402,174.8172061
Wellington City,1N/1060/2.869,, ,I,CHURTON PARK OFF NBD,201012083,15/05/10,Sat,2340,AO,CN1,111A 351A ,C,R,W,DO,L ,T,N,R,100,0,0,1,,,1752353,5436619,-41.20747402,174.8172061
Wellington City,1N/1060/3.23,1000,N, ,JOHNSONVILLE OFF SBD,201052874,9/06/10,Wed,909,CB,CS1,128A 192A ,C,R,D,B ,F , ,N,C,100,0,0,0,,,1752220,5436290,-41.21046115,174.8157024
Wellington City,1N/1060/3.23,1000,N, ,JOHNSONVILLE OFF SBD,201054399,20/09/10,Mon,835,FD,CS1C,112A 181A ,,R,D,O ,F , ,N,C,100,0,0,0,,,1752220,5436290,-41.21046115,174.8157024
Wellington City,1N/1060/3.23,1000,N, ,JOHNSONVILLE OFF SBD,201011575,17/03/10,Wed,720,FD,CS1C,181A 191B ,,R,W,O ,H , ,N,R,100,0,0,1,,,1752220,5436290,-41.21046115,174.8157024
Wellington City,1N/1060/3.829,400,N, ,JOHNSONVILLE OFF SBD,201055051,1/05/10,Sat,1530,AC,VS1C,159A ,,E,D,O ,L , ,N,R,100,0,0,0,,,1751968,5435746,-41.21540634,174.8128332
Wellington City,1N/1060/3.869,1000,S, ,CHURTON PARK OFF NBD,201012496,23/07/10,Fri,1725,FF,CN1C,331A ,,R,W,DN,L , ,N,R,100,0,0,1,,,1751933,5435711,-41.21572803,174.8124246
Wellington City,1N/1060/4.03,200,N, ,JOHNSONVILLE OFF SBD,201012854,2/10/10,Sat,828,AC,CS1C,132A 372A 400A ,,R,D,B ,F , ,N,R,100,0,0,1,,,1751881,5435565,-41.21705228,174.8118409
Wellington City,1N/1060/4.03,200,N, ,JOHNSONVILLE ON NBD,201012435,23/07/10,Fri,1730,FD,CN1C,181A 402A ,,R,W,DN,L , ,N,R,100,0,0,1,,,1751864,5435566,-41.21704647,174.8116379
Wellington City,1N/1060/4.18,50,N, ,JOHNSONVILLE ON NBD,201056555,29/12/10,Wed,1645,CB,CN1,130A 615A 688A ,C,R,D,B ,F , ,N,R,100,0,0,0,,,1751799,5435431,-41.21827412,174.8108964
Wellington City,1N/1060/4.18,50,N, ,JOHNSONVILLE ON NBD,201011775,14/01/10,Thu,1656,FA,CN1C,181A ,,R,D,B ,F , ,N,C,100,0,0,3,,,1751799,5435431,-41.21827412,174.8108964
Wellington City,1N/1060/4.18,50,N, ,JOHNSONVILLE ON NBD,201051841,14/01/10,Thu,1656,FD,VN1CC,181A ,,R,D,B ,F , ,N,C,100,0,0,0,,,1751799,5435431,-41.21827412,174.8108964
Wellington City,1N/1060/4.23,, ,I,JOHNSONVILLE OFF SBD,201056017,28/11/10,Sun,1753,AC,CS1T,159A 372A 410A ,C,R,D,B ,F ,T,N,R,100,0,0,0,,,1751794,5435385,-41.21868921,174.8108482
Wellington City,1N/1060/4.23,, ,I,JOHNSONVILLE ON NBD,201053088,9/07/10,Fri,1600,KA,CN1CC,137A 184B 372B ,,R,W,O ,L ,Y,N,R,100,0,0,0,,,1751777,5435386,-41.2186834,174.8106453
Wellington City,1N/1060/4.24,10,S, ,JOHNSONVILLE ON NBD,201051813,26/04/10,Mon,1910,DA,CN1,111A 130A ,G,M,D,DO,F ,Y,N,C,100,0,0,0,,,1751773,5435377,-41.21876518,174.8105998
Wellington City,1N/1060/4.33,100,S, ,JOHNSONVILLE ON NBD,201013353,10/12/10,Fri,1700,AA,CN1C,372A 386A ,,R,D,O ,F , ,N,C,80,0,0,2,,,1751735,5435295,-41.21951058,174.8101671
Wellington City,1N/1060/4.35,120,S, ,JOHNSONVILLE OFF SBD,201052055,10/05/10,Mon,653,FD,CS1CCC,112A 132A 112B ,,R,D,O ,F , ,N,R,100,0,0,0,,,1751739,5435278,-41.21966289,174.810219
Wellington City,1N/1060/4.556,, ,A,HELSTON OBR,201052065,14/05/10,Fri,650,AC,CS1CC,372A 386A ,,R,W,TO,F , ,N,C,100,0,0,0,,,1751653,5435091,-41.22136264,174.8092399
Wellington City,1N/1060/4.63,400,S, ,JOHNSONVILLE OFF SBD,201054009,2/06/10,Wed,931,FD,CS1V,181A 191B ,,E,W,O ,H , ,N,N,100,0,0,0,,,1751638,5435019,-41.2220137,174.8090789
Wellington City,1N/1060/4.73,500,S, ,JOHNSONVILLE OFF SBD,201013086,5/08/10,Thu,940,FD,CS1VC,181A 350A ,,R,D,B ,F , ,N,R,100,0,0,1,,,1751633,5434919,-41.22291498,174.8090441
Wellington City,1N/1060/4.849,2000,S, ,CHURTON PARK ON SBD,201053642,1/07/10,Thu,750,FD,CS1CV,331A 350A ,,R,D,O ,F , ,N,R,100,0,0,0,,,1751630,5434800,-41.22398694,174.8090379
Wellington City,1N/1060/5.145,250,N, ,NEWLANDS OFF SBD,201052321,14/05/10,Fri,700,FD,VS1VC,181A ,,R,W,TO,L , ,N,R,80,0,0,0,,,1751554,5434515,-41.22656715,174.8082023
Wellington City,1N/1060/5.242,150,N, ,JOHNSONVILLE OFF NBD,201052252,24/05/10,Mon,1151,FD,CN1T,110A 331A ,,E,W,O ,H , ,N,R,80,0,0,0,,,1751539,5434417,-41.22745229,174.8080477
Wellington City,1N/1060/5.292,100,N, ,JOHNSONVILLE OFF NBD,201052149,24/05/10,Mon,1158,FD,CN1CT,181A 331A 801 ,,E,W,O ,L , ,N,R,100,0,0,0,,,1751550,5434368,-41.22789139,174.8081911
Wellington City,1N/1060/5.292,100,N, ,JOHNSONVILLE OFF NBD,201011800,14/01/10,Thu,1656,FD,CN1C,181A ,,R,D,B ,F , ,N,C,100,0,0,2,,,1751550,5434368,-41.22789139,174.8081911
Wellington City,1N/1060/5.392,, ,I,JOHNSONVILLE OFF NBD,201053176,20/06/10,Sun,421,DA,CN1,102A 412A ,G,E,W,DO,L ,T,N,C,100,0,0,0,,,1751594,5434278,-41.22869345,174.8087381
Wellington City,1N/1060/5.405,10,S, ,NEWLANDS OFF SBD,201055825,30/10/10,Sat,115,DA,CS1,103A 111A ,P,M,D,DO,F ,Y,N,N,80,0,0,0,,,1751610,5434270,-41.22876248,174.8089309
Wellington City,1N/1060/5.672,280,S, ,JOHNSONVILLE OFF NBD,201012774,17/08/10,Tue,1814,AC,CN1C,372A 407A ,C,E,D,DO,F , ,N,R,80,0,0,1,,,1751690,5434022,-41.23098032,174.8099466
Wellington City,1N/1060/5.9,100,N, ,NEWLANDS ON SBD,201056150,10/11/10,Wed,751,AC,TS1C,372A 671A ,,E,D,B ,F , ,N,R,80,0,0,0,,,1751591,5433834,-41.23269152,174.8088126
Wellington City,1N/1060/5.957,200,W, ,JOHNSONVILLE ON SBD,201055162,30/09/10,Thu,855,FD,VS1CC,112A 181A ,,R,W,O ,HS, ,N,C,50,0,0,0,,,1751554,5433790,-41.2330946,174.8083822
Wellington City,1N/1060/6,, ,I,NEWLANDS ON SBD,201051809,9/04/10,Fri,430,AA,TS1X,671A 386B ,,E,D,DO,F ,T,N,R,80,0,0,0,,,1751527,5433757,-41.23339677,174.8080684
Wellington City,1N/1060/6.101,100,S, ,NEWLANDS ON SBD,201055833,23/11/10,Tue,1835,QG,TS1C,660A ,D,R,D,B ,F , ,N,R,80,0,0,0,,,1751461,5433681,-41.23409339,174.8073001