TLA NAME,CRASH ROAD,CRASH DIST,CRASH DIRN,INTSN,SIDE ROAD,CRASH ID,CRASH DATE,CRASH DOW,CRASH TIME,MVMT,VEHICLES,CAUSES,OBJECTS STRUCK,ROAD CURVE,ROAD WET,LIGHT,WTHRa,JUNC TYPE,TRAF CTRL,ROAD MARK,SPD LIM,CRASH FATAL CNT,CRASH SEV CNT,CRASH MIN CNT,PERS AGE1,PERS AGE2,EASTING,NORTHING,latitude,longitude
Wellington City,1N/1060/6.15,150,S, ,NEWLANDS ON SBD,201055686,5/11/10,Fri,815,FD,CS1C,331A ,,M,W,O ,F , ,N,R,100,0,0,0,,,1751429,5433643,-41.23444151,174.8069279
Wellington City,1N/1060/6.293,50,S, ,NEWLANDS OFF NBD,201053424,15/07/10,Thu,905,FA,4N1T,331A 363A 645A 902 ,,R,W,B ,F , ,N,R,80,0,0,0,,,1751323,5433528,-41.23549673,174.8056921
Wellington City,1N/1060/6.3,300,S, ,NEWLANDS ON SBD,201054853,9/08/10,Mon,1100,QG,TS1C,682A ,,E,D,B ,F , ,N,R,80,0,0,0,,,1751338,5433524,-41.23552994,174.805872
Wellington City,1N/1060/6.301,300,S, ,NEWLANDS ON SBD,201050845,24/02/10,Wed,834,AC,TS1C,372A 400A 671A ,,R,D,B ,F , ,N,R,80,0,0,0,,,1751338,5433524,-41.23552994,174.805872
Wellington City,1N/1060/6.4,400,S, ,NEWLANDS ON SBD,201055948,5/11/10,Fri,820,AA,MS1V,158A 386A ,,R,D,O ,F , ,N,R,80,0,0,0,,,1751303,5433431,-41.2363738,174.8054776
Wellington City,1N/1060/6.467,750,N, ,TYERS ROAD,201052424,14/05/10,Fri,1235,AA,CN1C,372A 381A ,,E,D,O ,F , ,N,C,80,0,0,0,,,1751280,5433361,-41.23700834,174.8052206
Wellington City,1N/1060/6.5,500,S, ,NEWLANDS ON SBD,201012225,28/05/10,Fri,447,AC,CS1T,102A 111A 135A 801 901 ,,M,W,DO,HS, ,N,R,80,0,0,1,,,1751296,5433332,-41.23726645,174.8054187
Wellington City,1N/1060/6.537,80,N, ,STOCK ROUTE,201012927,14/08/10,Sat,235,DA,CN1,103A 111A ,,M,W,DO,L , ,N,R,80,0,1,0,,,1751289,5433292,-41.23762789,174.8053451
Wellington City,1N/1060/6.717,100,S, ,STOCK ROUTE,201051310,17/02/10,Wed,1455,AC,CN1V,372A 404A ,,R,D,O ,F , ,N,R,80,0,0,0,,,1751373,5433137,-41.2390077,174.8063854
Wellington City,1N/1060/6.766,150,S, ,STOCK ROUTE,201051845,8/04/10,Thu,1540,FD,CN1T,181A 353A ,,R,D,B ,F , ,N,R,80,0,0,0,,,1751411,5433106,-41.23927969,174.8068464
Wellington City,1N/1060/6.816,400,N, ,TYERS ROAD,201012055,14/05/10,Fri,1724,FD,MN1C,181A 401A ,,M,W,DO,L , ,N,N,80,0,0,2,,,1751452,5433077,-41.23953311,174.8073426
Wellington City,1N/1060/6.916,300,N, ,TYERS ROAD,201053702,4/08/10,Wed,2010,AA,CN1T,372A 400A 671A ,,R,W,DO,HS, ,N,R,100,0,0,0,,,1751528,5433012,-41.24010409,174.8082652
Wellington City,1N/1060/7.016,200,N, ,TYERS ROAD,201054634,29/09/10,Wed,1749,FD,CW1C,181A 331A ,,R,D,O ,F , ,N,R,80,0,0,0,,,1751590,5432934,-41.24079474,174.8090241
Wellington City,1N/1060/7.024,250,W, ,CENTENNIAL SBD,201012955,6/10/10,Wed,750,FD,CS1C,181A ,,E,D,O ,F , ,N,C,80,0,0,1,,,1751611,5432932,-41.24080881,174.8092751
Wellington City,1N/1060/7.066,150,N, ,TYERS ROAD,201055452,23/09/10,Thu,1630,AA,BN1CT,372A 137B ,,E,D,O ,F , ,N, ,80,0,0,0,,,1751620,5432894,-41.24114925,174.8093919
Wellington City,1N/1060/7.074,200,N, ,CENTENNIAL SBD,201053422,8/06/10,Tue,1200,AA,CS1C,381A 817 ,,M,W,O ,L , ,N,R,80,0,0,0,,,1751642,5432892,-41.24116313,174.8096548
Wellington City,1N/1060/7.116,100,N, ,TYERS ROAD,201054311,28/05/10,Fri,1740,FD,CN1CCV,111A 181A ,,E,W,DO,HS, ,N,R,80,0,0,0,,,1751651,5432855,-41.24149456,174.8097714
Wellington City,1N/1060/7.155,120,N, ,CENTENNIAL SBD,201012246,5/06/10,Sat,1410,QG,TS1CC,682A 191B 181C ,DD,E,D,O ,F , ,N,R,80,0,0,2,,,1751697,5432834,-41.24167501,174.8103253
Wellington City,1N/1060/7.174,100,W, ,CENTENNIAL SBD,201050915,17/02/10,Wed,850,FD,4E1C4C,359A ,,R,D,O ,F , ,N,R,80,0,0,0,,,1751714,5432824,-41.24176185,174.8105305
Wellington City,1N/1060/7.175,100,N, ,CENTENNIAL SBD,201056538,3/12/10,Fri,730,FD,CS1C,181A ,,E,D,B ,F , ,N,R,80,0,0,0,,,1751714,5432824,-41.24176185,174.8105305
Wellington City,1N/1060/7.196,20,N, ,TYERS ROAD,201053725,4/06/10,Fri,1732,FD,CN1C,386A ,,R,D,DO,F , ,N,R,80,0,0,0,,,1751712,5432804,-41.24194229,174.8105116
Wellington City,1N/1060/7.196,20,W, ,TYERS ROAD,201053177,4/06/10,Fri,1732,AA,CW1CC,372A 197B ,,E,D,DO,  , ,N,C,80,0,0,0,,,1751712,5432804,-41.24194229,174.8105116
Wellington City,1N/1060/7.216,, ,I,TYERS ROAD,201054604,25/09/10,Sat,1246,AC,TN1C,372A 671A ,,E,D,B ,F ,T,N,N,80,0,0,0,,,1751729,5432793,-41.24203814,174.8107172
Wellington City,1N/1060/7.224,50,N, ,CENTENNIAL SBD,201055057,6/09/10,Mon,830,FD,CS1C,181A 353A 191B ,,E,W,O ,L , ,N,R,100,0,0,0,,,1751756,5432798,-41.24198806,174.811038
Wellington City,1N/1060/7.236,20,S, ,TYERS ROAD,201055086,9/10/10,Sat,1355,FD,CN1CC,181A 331A 142C ,,R,D,B ,F ,T,N,R,80,0,0,0,,,1751747,5432785,-41.24210679,174.8109339
Wellington City,1N/1060/7.266,50,S, ,TYERS ROAD,201056545,6/12/10,Mon,1710,FA,MN1C,158A 386A ,,E,D,O ,F , ,N,R,80,0,0,0,,,1751774,5432772,-41.24221877,174.8112592
Wellington City,1N/1060/7.316,100,S, ,TYERS ROAD,201050355,9/02/10,Tue,1610,AA,CN1V,372A ,G,E,D,O ,F , ,N,C,80,0,0,0,,,1751820,5432751,-41.2423992,174.8118131
Wellington City,CENTENNIAL NBD,, ,I,1N/1060/7.361,201056333,16/12/10,Thu,1528,AA,4W1C,372A ,,E,D,O ,F ,T,N,R,80,0,0,0,,,1751860,5432733,-41.24255375,174.8122947
Wellington City,1N/1060/7.416,200,S, ,TYERS ROAD,201012631,1/07/10,Thu,1540,FD,CN1C,181A 377A 830 ,,E,D,B ,F , ,N,R,100,0,0,1,,,1751907,5432703,-41.24281502,174.8128628
Wellington City,1N/1060/7.574,300,S, ,CENTENNIAL SBD,201012958,5/10/10,Tue,1317,FD,CS1C,116A 336A ,,M,D,B ,F , ,N, ,100,0,0,1,,,1752016,5432580,-41.24390195,174.8141936
Wellington City,1N/1060/7.674,400,S, ,CENTENNIAL SBD,201012819,26/08/10,Thu,802,AA,CS1M,372A 151B ,,E,W,O ,L , ,N,C,100,0,0,1,,,1752050,5432486,-41.24474187,174.8146226
Wellington City,1N/1060/8.056,200,N, ,SH 2,201055681,10/09/10,Fri,1410,DB,CN1,501A ,G,E,D,O ,F , ,N,C,100,0,0,0,,,1751927,5432144,-41.24784413,174.8132405
Wellington City,1N/1060/8.147,150,N, ,SH 2,201012219,10/06/10,Thu,1739,FD,CS14CV,181A 111C 331C ,,M,W,DO,L , ,N,R,100,0,0,3,,,1751920,5432072,-41.24849368,174.8131749
Wellington City,1N/1060/8.197,100,N, ,SH 2,201054133,16/06/10,Wed,855,FD,VS1CCC,111A 331A 358A ,,M,D,B ,F , ,N,R,100,0,0,0,,,1751878,5432044,-41.24875367,174.8126809
Wellington City,1N/1060/8.256,, ,I,SH 2,201053260,23/06/10,Wed,1745,FD,CN1CCC,331A ,,E,D,DO,H ,T,N,R,100,0,0,0,,,1751775,5432014,-41.24904311,174.8114596
Wellington City,1N/1068/0.05,50,S, ,SH 2,201052164,17/05/10,Mon,1047,DA,VS1,331A 402A 831 ,G,E,D,O ,F , ,N,C,100,0,0,0,,,1751749,5431968,-41.24946215,174.8111609
Wellington City,1N/1068/0.1,100,S, ,SH 2,201055688,6/10/10,Wed,1803,AA,CN1C,381A 510B ,,R,D,O ,F , ,N,R,100,0,0,0,,,1751695,5431955,-41.24958932,174.8105199
Wellington City,1N/1068/0.2,200,S, ,SH 2,201055247,30/09/10,Thu,915,FA,TN1C,331A 651B ,,E,W,O ,H , ,N,R,100,0,0,0,,,1751613,5431898,-41.2501179,174.8095559
Wellington City,1N/1068/0.409,2100,N, ,AOTEA ON NBD,201012449,2/06/10,Wed,1745,FD,MN1CV,150A 181A 191B ,,E,D,DO,F , ,N,C,100,0,0,1,,,1751443,5431775,-41.25125718,174.8075583
Wellington City,1N/1068/0.6,600,S, ,SH 2,201053134,8/07/10,Thu,1810,FD,CN1CC,181A ,,R,D,DO,FS, ,N,R,100,0,0,0,,,1751312,5431637,-41.25252417,174.8060298
Wellington City,1N/1068/0.6,600,S, ,SH 2,201011215,4/02/10,Thu,2143,FD,CN1CC,181A ,,E,D,DO,F , ,N,R,100,0,0,1,,,1751312,5431637,-41.25252417,174.8060298
Wellington City,1N/1068/0.834,2000,N, ,AOTEA OFF SBD,201055269,17/05/10,Mon,1800,CA,CS1CC,181A 197A ,,R,W,DO,L , ,N,R,100,0,0,0,,,1751148,5431470,-41.25405842,174.8041146
Wellington City,1N/1068/1,1000,S, ,SH 2,201011779,17/04/10,Sat,1305,DA,CS1C,137A 140B ,G,E,D,B ,F , ,N,R,100,0,0,1,,,1751006,5431385,-41.25485024,174.8024415
Wellington City,1N/1068/1,1000,S, ,SH 2,201052450,9/06/10,Wed,1940,AC,TS1C,372A 386A ,,R,W,DO,F , ,N,R,100,0,0,0,,,1751006,5431385,-41.25485024,174.8024415
Wellington City,1N/1068/1,1000,S, ,SH 2,201053420,5/07/10,Mon,700,AC,TS1C,372A ,G,R,D,DO,F , ,N,R,100,0,0,0,,,1751006,5431385,-41.25485024,174.8024415
Wellington City,1N/1068/1,1000,S, ,SH 2,201053174,13/05/10,Thu,338,CB,CN1,410A 632A ,G,R,W,DO,L , ,N, ,100,0,0,0,,,1750995,5431398,-41.25473526,174.8023071
Wellington City,1N/1068/1,1000,S, ,SH 2,201053173,1/06/10,Tue,1935,CB,CN1,112A 407A 801 ,G,R,W,DO,L , ,N, ,100,0,0,0,,,1750995,5431398,-41.25473526,174.8023071
Wellington City,1N/1068/1.009,1500,N, ,AOTEA ON NBD,201055422,10/10/10,Sun,420,CC,CN1,410A ,G,R,W,DO,L , ,N,R,100,0,0,0,,,1750986,5431395,-41.25476395,174.8022004
Wellington City,1N/1068/1.509,1000,N, ,AOTEA ON NBD,201053130,29/06/10,Tue,1744,FD,CN1C,181A ,,R,W,DO,L , ,N,N,100,0,0,0,,,1750529,5431196,-41.25664086,174.7967973
Wellington City,1N/1068/1.509,1000,N, ,AOTEA ON NBD,201051507,7/04/10,Wed,1640,AA,4N1VC,197A 197C ,,R,D,B ,F , ,N,R,100,0,0,0,,,1750529,5431196,-41.25664086,174.7967973
Wellington City,1N/1068/1.709,800,N, ,AOTEA ON NBD,201050922,30/03/10,Tue,1840,AA,TN14,357A 512A ,,R,D,O ,F , ,N,R,100,0,0,0,,,1750359,5431092,-41.25760886,174.7947947
Wellington City,1N/1068/1.834,1000,N, ,AOTEA OFF SBD,201053389,13/07/10,Tue,938,FD,CS1C,181A 387A 191B ,,E,D,B ,F , ,N,R,100,0,0,0,,,1750275,5430998,-41.25847081,174.7938156
Wellington City,1N/1068/1.834,1000,N, ,AOTEA OFF SBD,201012096,17/05/10,Mon,1700,FD,CS1C,181A ,,R,W,DO,L , ,N,R,100,0,0,2,,,1750275,5430998,-41.25847081,174.7938156
Wellington City,1N/1068/1.934,900,N, ,AOTEA OFF SBD,201053911,9/08/10,Mon,751,AA,CS1C,331A 353A ,,E,W,O ,F , ,N,R,100,0,0,0,,,1750204,5430928,-41.25911424,174.7929857
Wellington City,1N/1068/2.034,800,N, ,AOTEA OFF SBD,201052851,19/05/10,Wed,1600,FD,CS1C,112A 386A 817 901 ,,R,W,O ,H , ,N,R,100,0,0,0,,,1750142,5430849,-41.25983704,174.7922654
Wellington City,1N/1068/2.034,800,N, ,AOTEA OFF SBD,201055063,3/08/10,Tue,905,FD,CS1C,181A 363A 902 ,,R,D,B ,F , ,N,R,100,0,0,0,,,1750142,5430849,-41.25983704,174.7922654
Wellington City,1N/1068/2.109,400,N, ,AOTEA ON NBD,201010055,2/07/10,Fri,1823,DA,MN1,103A 504A ,G,E,D,B ,FS, ,N,R,100,1,0,0,,,1750087,5430801,-41.26027942,174.791621
Wellington City,1N/1068/2.209,300,N, ,AOTEA ON NBD,201053588,21/07/10,Wed,743,EB,CN1C,331A ,Q,E,W,O ,L , ,N,R,100,0,0,0,,,1750027,5430721,-41.26101083,174.7909248
Wellington City,1N/1068/2.229,280,N, ,AOTEA ON NBD,201052565,28/05/10,Fri,1332,FA,VN1C,132A 196B ,,E,W,O ,H , ,N, ,100,0,0,0,,,1750013,5430707,-41.26113948,174.7907612
Wellington City,1N/1068/2.229,280,N, ,AOTEA ON NBD,201012125,28/05/10,Fri,1330,DB,CN1T,111A 402A ,G,E,W,O ,H , ,N,R,100,0,0,1,,,1750013,5430707,-41.26113948,174.7907612
Wellington City,1N/1068/2.334,500,E, ,AOTEA OFF SBD,201054863,1/09/10,Wed,815,FD,4S1C,331A ,,R,D,B ,F , ,N,R,100,0,0,0,,,1749940,5430631,-41.26183729,174.7899089
Wellington City,1N/1068/2.409,100,N, ,AOTEA ON NBD,201053689,21/07/10,Wed,739,AA,CN1CC,372A 671A ,GG,E,W,O ,L , ,N,R,100,0,0,0,,,1749867,5430603,-41.26210293,174.7890447
Wellington City,1N/1068/2.409,100,N, ,AOTEA ON NBD,201052026,13/05/10,Thu,1645,FA,CN1C,181A 331A 191B ,,R,D,O ,F , ,N,C,100,0,0,0,,,1749867,5430603,-41.26210293,174.7890447
Wellington City,1N/1068/2.434,400,N, ,AOTEA OFF SBD,201052718,13/06/10,Sun,946,AC,4S1C,371A ,,E,D,O ,F , ,N,R,100,0,0,0,,,1749855,5430579,-41.26232123,174.7889074
Wellington City,1N/1068/2.459,50,N, ,AOTEA ON NBD,201053996,22/08/10,Sun,1039,AA,CN1C,137A 372A 137B ,G,E,D,O ,F , ,N,C,100,0,0,0,,,1749824,5430577,-41.26234499,174.788538
Wellington City,1N/1068/2.509,, ,I,AOTEA ON NBD,201052941,6/07/10,Tue,1645,KA,MN1C,150B 372B ,,E,W,TO,L ,T,N,R,100,0,0,0,,,1749782,5430550,-41.26259587,174.7880435
Wellington City,1N/1068/2.684,150,N, ,AOTEA OFF SBD,201056134,16/11/10,Tue,1250,FD,CS1C,181A ,,R,D,O ,F , ,N,R,100,0,0,0,,,1749682,5430403,-41.2639379,174.7868864
Wellington City,1N/1068/2.784,50,N, ,AOTEA OFF SBD,201052877,17/06/10,Thu,1730,FD,CS1C,331A 817 ,,R, ,DO,  , ,N,R,100,0,0,0,,,1749624,5430321,-41.26468693,174.7862144
Wellington City,1N/1068/2.814,20,N, ,AOTEA OFF SBD,201051005,15/01/10,Fri,2333,DB,CS1,111A 133A 403A ,G,E,W,DO,HS, ,N,R,100,0,0,0,,,1749605,5430298,-41.26489752,174.7859934
Wellington City,1N/1068/2.869,360,S, ,AOTEA ON NBD,201053228,5/06/10,Sat,1530,FD,CN1C,331A ,,E,D,O ,F , ,N,C,100,0,0,0,,,1749561,5430266,-41.26519378,174.7854762
Wellington City,1N/1068/2.884,50,S, ,AOTEA OFF SBD,201052014,7/05/10,Fri,1650,QG,VS1C,682A ,D,E,D,TO,F , ,N,R,100,0,0,0,,,1749560,5430245,-41.26538304,174.7854694
Wellington City,1N/1068/2.884,50,S, ,AOTEA OFF SBD,201055185,19/10/10,Tue,840,AC,CS1C,372A ,,R,D,B ,F , ,N,C,100,0,0,0,,,1749560,5430245,-41.26538304,174.7854694
Wellington City,1N/1068/3.084,250,S, ,AOTEA OFF SBD,201013700,10/12/10,Fri,717,CA,MS1,132A 330A ,,R,D,B ,F , ,N,R,100,0,0,1,,,1749429,5430094,-41.2667668,174.7839433
Wellington City,1N/1068/3.134,300,S, ,AOTEA OFF SBD,201012070,8/06/10,Tue,828,AO,CS1C,331A 353A 671A ,,R,W,O ,H , ,N,R,100,0,0,2,,,1749396,5430055,-41.26712403,174.783559
Wellington City,1N/1068/3.423,200,N, ,MURPHY OFF SBD,201011442,29/03/10,Mon,845,AG,CS1C,177A ,,E,D,B ,F , ,N,R,100,0,0,1,,,1749226,5429822,-41.26925326,174.7815875
Wellington City,1N/1068/3.52,180,N, ,MAY ON NBD,201011667,29/03/10,Mon,1448,FD,CN1CC,112A 817 ,,R,D,O ,F , ,N,R,100,0,0,1,,,1749158,5429756,-41.26986004,174.7807922
Wellington City,1N/1068/3.573,50,N, ,MURPHY OFF SBD,201054247,22/08/10,Sun,1415,CB,CS1,136A 630A ,G,R,D,B ,F , ,N,C,100,0,0,0,,,1749129,5429708,-41.27029756,174.7804578
Wellington City,1N/1068/3.603,20,N, ,MURPHY OFF SBD,201012302,30/06/10,Wed,2043,AD,CS1,103A 110A ,G,E,D,DO,F ,Y,N,C,100,0,1,0,,,1749106,5429689,-41.27047288,174.780188
Wellington City,1N/1068/3.61,90,N, ,MAY ON NBD,201013013,30/09/10,Thu,1605,FD,CN1CCC,112A 135A 331A 112B 135B 112C 801 901+,,R,W,O ,HS, ,N,R,100,0,0,4,,,1749092,5429695,-41.27042144,174.7800195
Wellington City,1N/1068/3.67,30,N, ,MAY ON NBD,201012242,21/06/10,Mon,1607,CA,MN1,130A 190A 800 ,,R,W,O ,F , ,N,C,100,0,0,1,,,1749045,5429659,-41.27075424,174.7794674
Wellington City,1N/1068/3.7,, ,A,MAY ON NBD,201053703,7/07/10,Wed,1618,CA,CN1CCC,137A 197A ,,R,W,O ,F , ,N,R,100,0,0,0,,,1749021,5429640,-41.27092973,174.7791856
Wellington City,1N/1068/3.823,320,N, ,TINAKORI ON NBD,201013327,26/11/10,Fri,1621,CB,CN1,137A ,C,R,D,B ,F , ,N,R,100,0,0,1,,,1748927,5429560,-41.27166734,174.7780834
Wellington City,1N/1068/3.842,100,N, ,HAWKESTONE OFF SBD,201050203,15/01/10,Fri,830,FD,CS1C,181A ,,R,W,O ,L , ,N,R,100,0,0,0,,,1748925,5429534,-41.2719018,174.7780659
Wellington City,1N/1068/3.922,20,N, ,HAWKESTONE OFF SBD,201055272,26/07/10,Mon,850,FD,VS14,181A ,,R,D,B ,F , ,N,R,100,0,0,0,,,1748870,5429476,-41.27243414,174.7774237
Wellington City,1N/1068/3.943,200,N, ,TINAKORI ON NBD,201011435,9/03/10,Tue,1731,FA,MN1C,158A 181A ,,R,D,B ,F , ,N,C,100,0,0,1,,,1748846,5429472,-41.27247458,174.7771383
Wellington City,1N/1068/4.05,350,S, ,MAY ON NBD,201011917,7/05/10,Fri,1655,AA,4N1CC,372A 137B 407B 181C ,G,R,D,O ,F , , ,C,100,0,0,1,,,1748774,5429393,-41.27319912,174.7762983
Wellington City,1N/1068/4.093,50,N, ,TINAKORI ON NBD,201053721,20/07/10,Tue,1606,DA,CN1,130A ,G,E,D,B ,FS, ,N,R,100,0,0,0,,,1748744,5429362,-41.27348375,174.7759479
Wellington City,1N/1068/4.143,, ,I,TINAKORI ON NBD,201054137,17/08/10,Tue,1914,FB,CN1C,181A ,,R,D,DO,F ,Y,N,R,100,0,0,0,,,1748709,5429326,-41.27381432,174.775539
Wellington City,1N/1068/4.417,300,N, ,TERRACE OFF SBD,201056573,6/11/10,Sat,1527,CA,CS1,330A ,G,R,D,B ,F , ,N,R,100,0,0,0,,,1748556,5429096,-41.27591327,174.7737691
Wellington City,1N/1068/4.516,1200,N, ,NORTH PORTAL NBD,201051171,27/02/10,Sat,1637,CA,CN1,688A ,G,R,D,B ,F , ,N,R,100,0,0,0,,,1748514,5429016,-41.27664128,174.7732873
Wellington City,1N/1068/4.697,20,N, ,TERRACE OFF SBD,201056834,17/12/10,Fri,700,FD,CS1C,331A ,,E,W,O ,H , ,N,R,100,0,0,0,,,1748524,5428822,-41.27838611,174.773454
Wellington City,1N/1068/4.717,, ,I,TERRACE OFF SBD,201053936,5/08/10,Thu,925,FD,CS1C,331A 353A ,,R,D,B ,FS,Y,N,R,100,0,0,0,,,1748525,5428802,-41.278566,174.7734708
Wellington City,1N/1068/4.747,200,S, ,HAWKESTONE ON SBD,201051503,4/04/10,Sun,1805,CC,CS1C,137A 407A ,G,R,D,O ,F , ,N,C,100,0,0,0,,,1748526,5428772,-41.27883592,174.7734901
Wellington City,1N/1068/4.767,50,S, ,TERRACE OFF SBD,201012740,28/08/10,Sat,1247,FD,CS1C,112A 132A 801 ,,R,W,O ,H , ,N,R,100,0,0,1,,,1748526,5428752,-41.27901599,174.7734949
Wellington City,1N/1068/4.801,50,N, ,TINAKORI OFF NBD,201051500,27/03/10,Sat,1230,EC,VN1CV,370A 370B ,DD,R,D,B ,F , ,N,C,100,0,0,0,,,1748511,5428732,-41.27919882,174.7733208
Wellington City,1N/1068/4.851,, ,I,TINAKORI OFF NBD,201050285,18/01/10,Mon,25,CA,CN1C,132A ,G,R,D,DO,M ,Y,N,C,100,0,0,0,,,1748513,5428682,-41.27964862,174.7733568
Wellington City,1N/1068/5.124,50,N, ,CLIFTON ON NBD,201056527,13/11/10,Sat,1401,AA,CN14,372A ,,E,D,O ,F , ,N,R,100,0,0,0,,,1748539,5428411,-41.28208378,174.7737332
Wellington City,1N/1068/5.306,400,N, ,NORTH PORTAL SBD,201050929,17/02/10,Wed,715,AC,CS1C,184A 372A ,,R,D,O ,F , ,N,R,100,0,0,0,,,1748521,5428219,-41.28381576,174.7735652
Wellington City,1N/1068/5.474,, ,A,EVERTON OBR,201051713,1/05/10,Sat,1212,FD,4S14,181A 351A ,,R,W,O ,L , ,N,N,80,0,0,0,,,1748455,5428065,-41.28521443,174.772815
Wellington City,1N/1068/5.517,800,S, ,TERRACE OFF SBD,201052645,15/06/10,Tue,730,AA,VS1C,381A ,,R,W,O ,H , ,N,R,100,0,0,0,,,1748437,5428025,-41.28557788,174.7726099
Wellington City,1N/1068/5.556,150,N, ,NORTH PORTAL SBD,201052348,12/02/10,Fri,1540,FD,CE1CC,181A ,,R,D,B ,F , ,N,N,80,0,0,0,,,1748422,5427990,-41.28589576,174.7724394
Wellington City,1N/1068/5.606,100,N, ,NORTH PORTAL SBD,201050292,20/01/10,Wed,1200,FD,CS1C,331A ,,R,D,B ,F , ,N,N,80,0,0,0,,,1748403,5427944,-41.28631341,174.7722238
Wellington City,1N/1068/5.656,50,N, ,NORTH PORTAL SBD,201052617,8/06/10,Tue,1736,FD,CS1CC,331A 358A 801 ,,E,W,DO,L , ,N, ,80,0,0,0,,,1748383,5427898,-41.28673125,174.7719962
Wellington City,1N/1068/5.67,500,N, ,SOUTH PORTAL,201011483,14/02/10,Sun,1345,FD,CS1CCC,111A 181A ,,M,D,O ,F , ,N,C,80,0,0,1,,,1748376,5427885,-41.28684958,174.7719159
Wellington City,1N/1068/5.686,20,N, ,NORTH PORTAL SBD,201050860,18/02/10,Thu,1001,FD,CS1V,181A ,,R,W,O ,L , ,N,R,80,0,0,0,,,1748370,5427871,-41.28697673,174.7718476
Wellington City,1N/1068/5.711,, ,A,NORTH PORTAL SBD,201051489,14/02/10,Sun,1545,FD,CS1T,181A ,,R,D,B ,F , ,N,L,80,0,0,0,,,1748364,5427857,-41.28710388,174.7717794
Wellington City,1N/1068/5.751,50,S, ,NORTH PORTAL SBD,201052027,13/05/10,Thu,1326,FD,VS1CCC,112A 181A 331A 191B 832 ,,R,D,B ,F , ,N,L,80,0,0,0,,,1748354,5427808,-41.28754689,174.771672
Wellington City,1N/1068/5.801,100,S, ,NORTH PORTAL SBD,201050319,12/01/10,Tue,1800,FD,CS1CCC,181A 330A 181C 330C ,,R,D,O ,F , ,N,L,80,0,0,0,,,1748350,5427758,-41.2879978,174.7716364
Wellington City,1N/1068/5.87,300,N, ,SOUTH PORTAL,201055591,20/10/10,Wed,830,FD,CS1C,181A ,,R,W,O ,L , ,N,L,80,0,0,0,,,1748348,5427689,-41.2886194,174.7716294
Wellington City,1N/1068/5.89,280,N, ,SOUTH PORTAL,201012227,31/05/10,Mon,1508,BE,VN1C,687A ,,R,D,O ,F , ,N,L,80,0,0,1,,,1748348,5427669,-41.28879947,174.7716343
Wellington City,1N/1068/5.901,200,S, ,NORTH PORTAL SBD,201054787,30/09/10,Thu,830,FD,CS1CC,331A ,,R,W,O ,H , ,N,L,50,0,0,0,,,1748348,5427658,-41.28889851,174.7716369
Wellington City,1N/1068/5.951,250,S, ,NORTH PORTAL SBD,201051710,18/04/10,Sun,1145,FD,CS14,181A 331A ,,R,D,B ,F , ,N,L,80,0,0,0,,,1748347,5427608,-41.28934887,174.7716372
Wellington City,1N/1068/5.97,200,N, ,SOUTH PORTAL,201012906,16/09/10,Thu,1200,FD,4N1CC,112A 135A 801 ,,R,W,O ,HS, ,N,C,80,0,0,1,,,1748346,5427589,-41.28952012,174.7716299
Wellington City,1N/1068/6.07,100,N, ,SOUTH PORTAL,201054224,31/08/10,Tue,2300,AA,CN1C,372B ,,R,W,DO,L , ,N,C,100,0,0,0,,,1748347,5427489,-41.29042028,174.7716662
Wellington City,1N/1068/6.153,50,N, ,KARO DRIVE,201051006,11/03/10,Thu,1943,CC,CN1,134A 901 ,C,R,W,DO,H , ,N,C,50,0,0,0,,,1748352,5427416,-41.29107662,174.7717436
Wellington City,1N/1075/0.277,, ,I,WILLIS ST,201053132,15/06/10,Tue,1947,HA,CE1C,322B 351B ,,R,D,DO,F ,X,T,C,50,0,0,0,,,1748371,5427107,-41.29385519,174.7720458
Wellington City,1N/1075/0.277,, ,I,WILLIS ST,201050644,3/03/10,Wed,2100,FE,CE1C,181A 324A 191B ,,E,D,DO,F ,X,T,R,50,0,0,0,,,1748371,5427107,-41.29385519,174.7720458
Wellington City,1N/1075/0.277,, ,I,WILLIS ST,201050071,17/01/10,Sun,637,HA,CE14C,322B ,S,R,W,O ,L ,X,T,C,50,0,0,0,,,1748371,5427107,-41.29385519,174.7720458
Wellington City,1N/1075/0.277,, ,I,WILLIS ST,201051530,30/03/10,Tue,2328,HA,CE14,322B 350B ,,R,D,DO,F ,X,T,R,50,0,0,0,,,1748371,5427107,-41.29385519,174.7720458
Wellington City,1N/1075/0.357,, ,I,VICTORIA ST,201052850,10/05/10,Mon,1100,FA,4E1V,331A 352A 191B ,,R,D,O ,F ,X,T,C,50,0,0,0,,,1748444,5427073,-41.29414789,174.7729255
Wellington City,1N/1075/0.419,10,E, ,WALTER ST,201012241,25/06/10,Fri,1708,EE,SE1V,112A 204A ,Q,R,W,DO,L ,T,N,C,50,0,0,1,,41,1748500,5427046,-41.29438068,174.7736006