TLA NAME,CRASH ROAD,CRASH DIST,CRASH DIRN,INTSN,SIDE ROAD,CRASH ID,CRASH DATE,CRASH DOW,CRASH TIME,MVMT,VEHICLES,CAUSES,OBJECTS STRUCK,ROAD CURVE,ROAD WET,LIGHT,WTHRa,JUNC TYPE,TRAF CTRL,ROAD MARK,SPD LIM,CRASH FATAL CNT,CRASH SEV CNT,CRASH MIN CNT,PERS AGE1,PERS AGE2,EASTING,NORTHING,latitude,longitude
Wellington City,1N/1075/0.431,, ,I,ABEL SMITH ST,201013149,9/10/10,Sat,1140,NA,CN1E,718B 727B ,,E,D,O ,F ,M,T, ,50,0,0,2,6,,1748300,5426947,-41.2953088,174.7712372
Wellington City,1N/1075/0.431,, ,I,WILLIS ST,201011094,23/01/10,Sat,1100,FB,CN1C,181A 199B ,,R,W,O ,H ,X,T,C,50,0,0,1,,,1748300,5426947,-41.2953088,174.7712372
Wellington City,1N/1075/0.434,20,N, ,WILLIS ST,201054758,12/09/10,Sun,1950,AC,CN1C,173A 372A ,,E,W,DO,L , ,N,C,80,0,0,0,,,1748294,5426966,-41.29513883,174.7711609
Wellington City,1N/1075/0.516,20,W, ,CUBA ST,201050645,5/02/10,Fri,1430,AC,CE1C,372A ,,R,D,B ,F , ,N,C,50,0,0,0,,,1748589,5427008,-41.29470643,174.7746724
Wellington City,1N/1075/0.524,, ,I,VICTORIA ST,201055270,28/08/10,Sat,2140,HA,CW1CC,322A ,,R,D,DO,F ,X,T,C,50,0,0,0,,,1748338,5426862,-41.29606711,174.7717115
Wellington City,1N/1075/0.524,, ,I,VICTORIA ST,201056079,13/12/10,Mon,1030,FB,TW1C,181A 199B ,,R,W,O ,L ,X,T,C,50,0,0,0,,,1748338,5426862,-41.29606711,174.7717115
Wellington City,1N/1075/0.524,, ,I,VICTORIA ST,201011227,12/02/10,Fri,2350,HA,CW1V,322B ,,R,D,DO,F ,X,T,C,50,0,0,1,,,1748338,5426862,-41.29606711,174.7717115
Wellington City,1N/1075/0.524,, ,I,VICTORIA ST,201051499,26/03/10,Fri,1426,FB,VW1V,331A 353A ,,E,D,B ,F ,X,T,C,50,0,0,0,,,1748338,5426862,-41.29606711,174.7717115
Wellington City,1N/1075/0.524,, ,I,VICTORIA ST,201012539,23/07/10,Fri,1006,HA,TW1V,322A ,,R,W,O ,L ,X,T,N,50,0,0,1,,,1748338,5426862,-41.29606711,174.7717115
Wellington City,1N/1075/0.524,, ,I,VICTORIA ST,201011426,7/02/10,Sun,235,HA,CN2C,334B 351B ,S,E,D,DO,F ,X,T,C,50,0,0,3,,,1748338,5426862,-41.29606711,174.7717115
Wellington City,1N/1075/0.524,, ,I,VICTORIA ST,201050554,12/02/10,Fri,2238,HA,CW1C,322B 351B ,,R,D,DO,F ,X,T,C,50,0,0,0,,,1748338,5426862,-41.29606711,174.7717115
Wellington City,1N/1075/0.536,, ,I,CUBA ST,201051687,30/04/10,Fri,1525,FE,CE1C,331A ,,R,D,O ,F ,X,T,C,50,0,0,0,,,1748607,5427000,-41.29477515,174.7748892
Wellington City,1N/1075/0.536,, ,I,CUBA ST,201011920,29/04/10,Thu,1013,GC,CE1C,102B 174B 402B ,,R,D,B ,FS,X,T,C,50,0,0,1,,,1748607,5427000,-41.29477515,174.7748892
Wellington City,1N/1075/0.546,10,E, ,CUBA ST,201052844,20/06/10,Sun,1228,FD,CE1V,181A ,,R,W,O ,L ,X,T,C,50,0,0,0,,,1748616,5426996,-41.2948095,174.7749976
Wellington City,1N/1075/0.649,10,W, ,CUBA ST,201054433,16/09/10,Thu,1340,FD,TW1T,331A 353A ,,E,W,O ,HS,X,T,C,50,0,0,0,,,1748419,5426769,-41.29688954,174.7727012
Wellington City,1N/1075/0.738,, ,I,TARANAKI ST,201051504,4/04/10,Sun,2225,HA,CE1CV,322B ,,R,D,DO,F ,X,T,R,50,0,0,0,,,1748792,5426917,-41.29548835,174.777118
Wellington City,1N/1075/0.738,, ,I,TARANAKI ST,201012087,7/05/10,Fri,2240,HA,CS1CX,101A 322A ,,R,D,DO,F ,X,T,C,50,0,0,1,,,1748792,5426917,-41.29548835,174.777118
Wellington City,1N/1075/0.738,, ,I,TARANAKI ST,201054412,28/07/10,Wed,1615,FD,CE1C,331A ,,R,W,O ,L ,X,T,C,50,0,0,0,,,1748792,5426917,-41.29548835,174.777118
Wellington City,1N/1075/0.739,, ,I,TARANAKI ST,201051151,27/03/10,Sat,1108,FE,CE1C,331A ,,R,D,O ,F ,X,T,C,50,0,0,0,,,1748792,5426917,-41.29548835,174.777118
Wellington City,1N/1075/0.862,100,W, ,TORY ST,201050850,6/03/10,Sat,345,FA,CE1C,331A 517A ,,R,W,DO,L , ,N,C,50,0,0,0,,,1748905,5426866,-41.29592668,174.7784795
Wellington City,1N/1075/0.936,, ,I,TARANAKI ST,201052871,1/07/10,Thu,1033,FB,CW1T,181A 199B ,,R,D,O ,F ,X,T,C,50,0,0,0,,,1748679,5426647,-41.2979401,174.775835
Wellington City,1N/1075/1.143,40,W, ,CAMBRIDGE TERRACE,201056144,29/11/10,Mon,1800,AO,CE1C,129A ,,R,D,B ,F , ,N,C,50,0,0,0,,,1749161,5426751,-41.29691481,174.7815639
Wellington City,1N/1075/1.147,10,N, ,TORY ST,201054791,9/10/10,Sat,1617,FD,CE1C,181A ,,R,D,B ,FS,X,T,C,50,0,0,0,,,1748870,5426557,-41.2987152,174.7781373
Wellington City,1N/1075/1.157,, ,I,TASMAN ST,201011213,1/02/10,Mon,1742,GA,CN2C,181A ,,R,D,O ,F ,X,T,N,50,0,0,1,,,1748879,5426552,-41.29875856,174.7782459
Wellington City,1N/1075/1.183,, ,I,CAMBRIDGE TERRACE,201011437,5/03/10,Fri,704,HA,VE1C,322B 427B ,,R,D,B ,F ,X,T,C,50,0,0,1,,,1749197,5426734,-41.29706121,174.7819978
Wellington City,1N/1075/1.183,, ,I,CAMBRIDGE TERRACE,201011772,21/04/10,Wed,150,HA,CE14,322B ,,R,D,DO,F ,X,T,C,50,0,0,1,,,1749197,5426734,-41.29706121,174.7819978
Wellington City,1N/1075/1.183,, ,I,CAMBRIDGE TERRACE,201053719,27/06/10,Sun,712,FB,CE1C,103A 181A ,,R,W,DO,L ,X,T,C,50,0,0,0,,,1749197,5426734,-41.29706121,174.7819978
Wellington City,1N/1075/1.188,30,E, ,TORY ST,201054093,21/08/10,Sat,1255,FD,CW1CX,181A 387A ,,R,D,B ,F ,X,T,C,50,0,0,0,,,1748907,5426540,-41.29886143,174.7785832
Wellington City,KENT TERRACE,, ,I,PIRIE ST,201054927,26/09/10,Sun,911,HA,CS1C,322A 355A ,,R,D,B ,F ,X,T,C,50,0,0,0,,,1749220,5426723,-41.29715599,174.7822751
Wellington City,1N/1075/1.209,, ,I,KENT TERRACE,201050551,23/01/10,Sat,700,KB,CS2C,324A 614A ,,R,W,O ,L ,X,T,R,50,0,0,0,,,1749220,5426723,-41.29715599,174.7822751
Wellington City,1N/1075/1.209,, ,I,KENT TERRACE,201051464,19/04/10,Mon,632,GF,CE1C,372A ,,R,D,DO,F ,X,T,R,50,0,0,0,,,1749220,5426723,-41.29715599,174.7822751
Wellington City,1N/1075/1.348,120,N, ,RUGBY ST,201054948,17/08/10,Tue,1710,MO,CS1C,371A ,,R,D,O ,F , ,N,C,50,0,0,0,,,1748946,5426427,-41.29987162,174.7790764
Wellington City,1N/1075/1.441,50,N, ,RUGBY ST,201056943,13/08/10,Fri,340,DA,CN1,111A 131A 402A 800 ,P,M,W,DO,L , ,N,C,50,0,0,0,,,1748918,5426363,-41.30045301,174.7787578
Wellington City,1N/1075/1.468,, ,I,SUSSEX ST,201054307,1/08/10,Sun,142,DA,CW1,402A 632A ,F,M,D,DO,F ,T,G,R,50,0,0,0,,,1748932,5426317,-41.30086458,174.7789362
Wellington City,1N/1075/1.468,, ,I,SUSSEX ST,201012529,6/02/10,Sat,213,DA,CW1,103A 110A 517A ,FH,M,D,DO,F ,T,G,R,50,0,1,0,,,1748932,5426317,-41.30086458,174.7789362
Wellington City,1N/1075/1.468,, ,I,SUSSEX ST,201054567,29/08/10,Sun,243,DA,CW1T,111A 358A 407A ,IM,M,D,DO,F ,T,G,R,50,0,0,0,,,1748932,5426317,-41.30086458,174.7789362
Wellington City,1N/1075/1.468,, ,I,SUSSEX ST,201051783,16/01/10,Sat,2255,DA,CW1T,133A 431A ,M,M,W,DO,L ,T,G,R,50,0,0,0,,,1748932,5426317,-41.30086458,174.7789362
Wellington City,1N/1075/1.472,40,N, ,BUCKLE ST,201054407,23/07/10,Fri,1815,FE,CS1C,181A ,,R,W,DO,L , ,T,R,50,0,0,0,,,1749112,5426483,-41.29933677,174.7810446
Wellington City,1N/1075/1.479,, ,I,BELFAST ST,201052429,9/06/10,Wed,1857,AG,CW1C,386A 414A ,,R,D,DO,F ,T,N,C,50,0,0,0,,,1748942,5426313,-41.30089875,174.7790566
Wellington City,1N/1075/1.512,, ,I,BUCKLE ST,201052347,20/01/10,Wed,2358,DB,CS1,111A ,F,R,D,DO,F ,T,G,C,50,0,0,0,,,1749115,5426446,-41.29966935,174.7810894
Wellington City,1N/1075/1.569,, ,I,ADELAIDE ROAD,201050650,15/02/10,Mon,851,GF,TW1B,386A 386B ,,R,D,B ,F ,T,T,R,50,0,0,0,,,1749005,5426284,-41.30114822,174.7798158
Wellington City,1N/1075/1.621,30,S, ,PATERSON ST,201056330,17/12/10,Fri,1645,AC,CS1C,372A ,,M,W,O ,L ,T,N,C,50,0,0,0,,,1749170,5426368,-41.30036145,174.7817652
Wellington City,1N/1075/1.639,90,E, ,ADELAIDE ROAD,201051980,1/04/10,Thu,1630,AA,TW14,179A ,,M,D,B ,F , ,N,N,50,0,0,0,,,1749089,5426252,-41.30142081,174.7808266
Wellington City,1N/1075/1.651,, ,I,PATERSON ST,201054141,10/08/10,Tue,1008,AA,CS1C,372A 404A ,,R,D,B ,F ,T,T,P,50,0,0,0,,,1749157,5426341,-41.30060694,174.7816166
Wellington City,1N/1075/1.651,, ,I,DUFFERIN ST,201054512,16/04/10,Fri,1640,FD,CW1C,181A ,,R,D,O ,F ,T,T,R,50,0,0,0,,,1749157,5426341,-41.30060694,174.7816166
Wellington City,1N/1075/1.651,, ,I,DUFFERIN ST,201012434,9/07/10,Fri,2210,DB,VW1C,131A 135A 801 ,T,E,W,DO,L ,T,T,R,50,0,0,2,,,1749157,5426341,-41.30060694,174.7816166
Wellington City,1N/1075/1.66,, ,I,SLIP,201054426,5/08/10,Thu,955,FE,4W1C,331A ,,R,D,B ,F ,T,T,R,50,0,0,0,,,1749166,5426337,-41.30064129,174.781725
Wellington City,1N/1076/0.04,50,E, ,DUFFERIN ST,201012238,9/06/10,Wed,1100,FD,VE14,181A 427A ,,E,D,B ,F , ,N,C,50,0,0,1,,,1749202,5426319,-41.3007967,174.7821593
Wellington City,1N/1076/0.05,50,E, ,SLIP,201055698,30/09/10,Thu,2315,DB,CE1,110A 131A 133A ,,E,W,DO,L , ,N,C,50,0,0,0,,,1749211,5426315,-41.30083105,174.7822677
Wellington City,1N/1076/0.147,150,W, ,WEST PORTAL,201012650,28/06/10,Mon,1424,NB,CW1E,112A 713B ,,R,D,B ,F , ,N,L,50,0,0,1,14,,1749287,5426257,-41.30133919,174.7831893
Wellington City,1N/1076/0.18,180,E, ,SLIP,201055459,22/10/10,Fri,1427,MG,CE1C,422B ,,R,D,B ,F , ,N,C,50,0,0,0,,,1749317,5426242,-41.30146869,174.7835511
Wellington City,1N/1076/0.197,100,W, ,WEST PORTAL,201055447,15/09/10,Wed,1315,AO,4E1X,158A 184A ,,R,D,B ,F , ,N,L,50,0,0,0,,,1749332,5426235,-41.30152894,174.783732
Wellington City,1N/1076/0.24,250,E, ,DUFFERIN ST,201050925,13/02/10,Sat,1116,LB,CW1C,303B 314B 930 ,,R,D,O ,F ,D,N,C,50,0,0,0,,,1749371,5426216,-41.30169278,174.7842022
Wellington City,1N/1076/0.247,50,W, ,WEST PORTAL,201054784,20/09/10,Mon,1210,AA,4E1V,184A 184B ,,R,D,B ,F , ,N,L,50,0,0,0,,,1749377,5426212,-41.30172768,174.7842749
Wellington City,1N/1076/0.257,40,W, ,WEST PORTAL,201051137,25/01/10,Mon,1618,MC,CW1C,387A 372B 691B ,,R,D,B ,F , ,N,L,50,0,0,0,,,1749386,5426208,-41.30176203,174.7843833
Wellington City,1N/1076/0.257,40,W, ,WEST PORTAL,201054616,17/09/10,Fri,1555,FD,CW1CCC,181A ,,R,D,O ,F , ,N,L,50,0,0,0,,,1749386,5426208,-41.30176203,174.7843833
Wellington City,1N/1076/0.347,50,E, ,WEST PORTAL,201050352,7/02/10,Sun,1305,FD,CW1C,331A ,,R,D,O ,F , ,N,L,50,0,0,0,,,1749467,5426169,-41.30209816,174.78536
Wellington City,1N/1076/0.347,50,E, ,WEST PORTAL,201050356,1/02/10,Mon,1755,FD,CW1X,181A ,,R,D,O ,F , ,N,L,50,0,0,0,,,1749467,5426169,-41.30209816,174.78536
Wellington City,1N/1076/0.397,100,E, ,WEST PORTAL,201053995,18/08/10,Wed,1742,FD,4W1X,112A 181A 191B ,,R,D,TF,F , ,N,L,50,0,0,0,,,1749512,5426148,-41.3022789,174.7859024
Wellington City,1N/1076/0.397,100,E, ,WEST PORTAL,201050966,1/04/10,Thu,1608,AG,MW1C,152A 155A ,,R,D,O ,F , ,N,L,50,0,0,0,,,1749512,5426148,-41.3022789,174.7859024
Wellington City,1N/1076/0.397,100,E, ,WEST PORTAL,201053965,28/06/10,Mon,1616,FD,CW1T,181A ,,R,W,O ,L , ,N,L,50,0,0,0,,,1749512,5426148,-41.3022789,174.7859024
Wellington City,1N/1076/0.417,120,E, ,WEST PORTAL,201054834,27/09/10,Mon,900,FD,CW1CC,331A ,,R,D,B ,F , ,N,C,50,0,0,0,,,1749530,5426139,-41.30235659,174.7861195
Wellington City,1N/1076/0.437,140,E, ,WEST PORTAL,201051840,20/04/10,Tue,1800,FD,VW1C,181A 358A ,,R,D,O ,F , ,N,C,50,0,0,0,,,1749548,5426130,-41.30243429,174.7863366
Wellington City,1N/1076/0.497,200,E, ,WEST PORTAL,201050247,30/01/10,Sat,805,BA,CE14,129A 387A ,,R,D,DO,F , ,N,C,50,0,0,0,,,1749602,5426104,-41.30265837,174.7869877
Wellington City,1N/1076/0.687,300,W, ,TAURIMA ROAD,201054517,17/09/10,Fri,1555,FD,VW1V,181A ,,R,D,O ,F , ,N,L,50,0,0,0,,,1749773,5426022,-41.30336492,174.7890496
Wellington City,1N/1076/0.697,400,E, ,WEST PORTAL,201051311,28/03/10,Sun,820,FD,CW1C,181A 358A ,,R,D,DO,F , ,N,L,50,0,0,0,,,1749783,5426018,-41.30339908,174.7891699
Wellington City,1N/1076/0.817,170,W, ,TAURIMA ST,201054793,30/09/10,Thu,1650,FD,CW1C,181A 331A ,,R,W,O ,H , ,N,C,50,0,0,0,,,1749891,5425966,-41.3038472,174.7904722
Wellington City,1N/1076/0.877,20,W, ,EAST PORTAL,201012110,27/05/10,Thu,2225,BE,VE1C,104A 410A ,,R,W,DN,L , ,N,C,50,0,0,2,,,1749945,5425940,-41.30407125,174.7911234
Wellington City,1N/1076/1.027,40,S, ,TAURIMA ST,201054561,22/05/10,Sat,240,DA,CS1,111A 135A 407A 801 ,FG,M,W,DO,F , ,N,P,50,0,0,0,,,1750067,5425858,-41.30478684,174.7926002
Wellington City,1N/1076/1.419,60,N, ,GOA ST,201013273,9/11/10,Tue,918,FA,CN1X,181A 331A ,,R,D,B ,F , ,N,L,70,0,0,1,,,1749989,5425482,-41.3081866,174.7917616
Wellington City,1N/1076/1.449,30,N, ,GOA ST,201053125,15/06/10,Tue,1535,FD,CS1C,181A ,,R,W,O ,F ,T,N,C,70,0,0,0,,,1749980,5425453,-41.30844937,174.7916613
Wellington City,1N/1076/1.483,, ,I,GOA ST,201050655,4/03/10,Thu,1640,HA,CW2C,302B ,,R,D,B ,F ,X,G,P,70,0,0,0,,,1749971,5425425,-41.30870314,174.7915607
Wellington City,1N/1076/1.729,250,S, ,GOA ST,201050859,7/03/10,Sun,1350,FD,4S1C,181A ,,R,D,B ,F , ,N,P,70,0,0,0,,,1749896,5425186,-41.31086888,174.7907241
Wellington City,1N/1076/1.735,100,N, ,WELLINGTON ROAD,201050350,8/02/10,Mon,1507,FD,CS1CC,331A ,,R,D,B ,F , ,N,C,50,0,0,0,,,1749894,5425180,-41.31092327,174.7907017
Wellington City,1N/1076/1.785,50,N, ,WELLINGTON ROAD,201011018,6/01/10,Wed,1700,BE,XN1V,501A ,,R,W,O ,F , ,N,L,50,0,0,1,,,1749878,5425133,-41.3113494,174.7905222
Wellington City,1N/1076/1.805,30,N, ,WELLINGTON ROAD,201055873,25/10/10,Mon,15,DA,MS1,110A 131A ,I,S,D,DO,F ,T,G,R,50,0,0,0,,,1749871,5425114,-41.31152177,174.7904433
Wellington City,1N/1076/1.835,, ,I,WELLINGTON ROAD,201051021,28/02/10,Sun,2038,JC,CS1C,302A 375A ,,M,D,TO,F ,T,G,C,50,0,0,0,,,1749873,5425084,-41.31179149,174.7904746
Wellington City,1N/1076/1.835,, ,I,RUAHINE ST,201051148,12/03/10,Fri,1842,FB,CW1C,353B ,,E,W,TO,F ,T,G,R,50,0,0,0,,,1749873,5425084,-41.31179149,174.7904746
Wellington City,1N/1076/1.835,, ,I,RUAHINE ST,201052009,22/04/10,Thu,1852,FB,VN1C,331A ,,M,D,DO,F ,T,G,C,50,0,0,0,,,1749873,5425084,-41.31179149,174.7904746
Wellington City,1N/1076/1.835,, ,I,RUAHINE ST,201050316,12/01/10,Tue,2015,JC,CN1C,302B 375B ,,R,D,O ,F ,T,G,R,50,0,0,0,,,1749873,5425084,-41.31179149,174.7904746
Wellington City,1N/1076/1.885,50,E, ,RUAHINE ST,201052249,24/04/10,Sat,1228,FD,CW1V,181A 331A ,,R,D,O ,F , ,N,P,50,0,0,0,,,1749915,5425069,-41.31191874,174.7909798
Wellington City,1N/1076/1.911,, ,I,MOXHAM AVENUE,201052862,27/06/10,Sun,1155,FD,CE1X,181A ,,R,W,O ,FS,T,N,L,50,0,0,0,,,1749941,5425068,-41.31192291,174.7912905
Wellington City,1N/1076/1.921,10,E, ,MOXHAM AVENUE,201056554,24/12/10,Fri,1545,FD,CW1CC,331A 358A ,,R,D,B ,F ,T,N,C,50,0,0,0,,,1749951,5425067,-41.31193006,174.7914102
Wellington City,1N/1076/2.035,20,E, ,WALMER ST,201050074,8/01/10,Fri,1830,FD,XW1CC,331A 363A 902 ,,R,D,B ,F ,M,N,L,50,0,0,0,,,1750049,5425060,-41.31197485,174.7925821
Wellington City,KILBIRNIE CRESCENT,, ,I,WELLINGTON ROAD,201056898,30/12/10,Thu,1000,NC,CN1E,306A 353A ,,E,D,B ,F ,X,T,X,50,0,0,0,12,,1750123,5425048,-41.31206913,174.7934687
Wellington City,KILBIRNIE CRESCENT,, ,I,WELLINGTON ROAD,201054822,20/09/10,Mon,1430,LB,CW1C,303B 334B ,,E,D,O ,F ,X,T,C,50,0,0,0,,,1750123,5425048,-41.31206913,174.7934687
Wellington City,1N/1076/2.094,, ,I,KILBIRNIE CRESCENT,201012732,23/03/10,Tue,830,NF,CN2E,307A 363A 902 ,,R,D,B ,F ,X,T,R,50,0,0,1,15,,1750123,5425048,-41.31206913,174.7934687
Wellington City,1N/1076/2.094,, ,I,KILBIRNIE CRESCENT,201013510,30/12/10,Thu,1829,LB,CW1C,102B 303B ,,R,D,B ,F ,X,T,R,50,0,0,2,,,1750123,5425048,-41.31206913,174.7934687
Wellington City,1N/1076/2.11,, ,I,HAMILTON ROAD,201053718,31/07/10,Sat,1742,LB,CW1C,303B 402B ,I,R,D,O ,FS,X,T,R,50,0,0,0,,,1750123,5425048,-41.31206913,174.7934687
Wellington City,1N/1076/2.11,, ,I,KILBIRNIE CRESCENT,201052265,28/05/10,Fri,1706,LB,4W1CC,382B ,,R,W,DO,H ,X,T,C,50,0,0,0,,,1750123,5425048,-41.31206913,174.7934687
Wellington City,1N/1076/2.11,, ,I,KILBIRNIE CRESCENT,201012541,17/07/10,Sat,1940,LB,CW1C,303B ,I,R,W,DO,L ,X,T,R,50,0,0,1,,,1750123,5425048,-41.31206913,174.7934687
Wellington City,1N/1076/2.11,, ,I,KILBIRNIE CRESCENT,201011792,26/04/10,Mon,1216,FE,TN1CCC,330A ,,R,D,B ,F ,X,T,R,50,0,0,1,,,1750123,5425048,-41.31206913,174.7934687
Wellington City,1N/1076/2.11,, ,I,KILBIRNIE CRESCENT,201050058,7/01/10,Thu,1500,AA,VE1V,353A 386A ,,R,D,B ,F ,X,T,C,50,0,0,0,,,1750123,5425048,-41.31206913,174.7934687
Wellington City,1N/1076/2.11,, ,I,KILBIRNIE CRESCENT,201050538,29/01/10,Fri,1210,MG,4W1C,371B ,,R,D,B ,F ,X,T,C,50,0,0,0,,,1750123,5425048,-41.31206913,174.7934687
Wellington City,1N/1076/2.11,, ,I,KILBIRNIE CRESCENT,201053128,9/06/10,Wed,1042,HA,CE1B,322A 334A ,,R,D,O ,F ,X,T,R,50,0,0,0,,,1750123,5425048,-41.31206913,174.7934687
Wellington City,1N/1076/2.278,, ,I,EVANS BAY PARADE,201011428,25/01/10,Mon,1017,HA,CS2C,323B 334B ,P,R,D,O ,F ,X,T,R,50,0,0,3,,,1750302,5425012,-41.31235991,174.7956151
Wellington City,1N/1076/2.278,, ,I,EVANS BAY PARADE,201054006,8/08/10,Sun,3,LB,CS2C,102A 102B 333B 334B ,,R,W,DO,H ,X,T,R,50,0,0,0,,,1750302,5425012,-41.31235991,174.7956151
Wellington City,1N/1076/2.28,, ,I,EVANS BAY PARADE,201055811,24/11/10,Wed,1538,FE,CW1C,331A 350A 423A ,,R,D,B ,F ,X,T,R,50,0,0,0,,,1750300,5425000,-41.31246832,174.7955942
Wellington City,1N/1076/2.28,, ,I,EVANS BAY PARADE,201056878,19/12/10,Sun,1600,FE,CW1C,351A ,,R,D,B ,F ,X,G,R,50,0,0,0,,,1750300,5425000,-41.31246832,174.7955942
Wellington City,1N/1076/2.295,, ,I,EVANS BAY PARADE,201050052,21/01/10,Thu,2214,EC,CW1,137A ,S,R,D,DO,F ,X,T,C,50,0,0,0,,,1750300,5425000,-41.31246832,174.7955942
Wellington City,1N/1076/2.295,, ,I,EVANS BAY PARADE,201052373,10/06/10,Thu,1915,LB,CN2C,303B ,,R,D,DO,F ,X,T,R,50,0,0,0,,,1750300,5425000,-41.31246832,174.7955942
Wellington City,1N/1076/3.108,, ,I,TROY ST,201056464,4/10/10,Mon,1800,FB,CE1C,181A ,,E,D,TO,F ,R,G,R,70,0,0,0,,,1750931,5424492,-41.31692417,174.8032551
Wellington City,1N/1076/3.108,, ,I,TROY ST,201050857,2/03/10,Tue,1545,FB,CE1C,181A ,,E,D,O ,FS,R,G,R,70,0,0,0,,,1750927,5424495,-41.31689791,174.8032065
Wellington City,1N/1076/3.238,, ,I,TROY ST,201053258,20/07/10,Tue,1846,FB,CW1C,331A ,,E,D,DO,F ,R,G,R,70,0,0,0,,,1750975,5424435,-41.31742912,174.8037947
Wellington City,1N/1076/3.585,, ,I,CALABAR ROAD,201053896,30/07/10,Fri,815,FB,VE1C,331A ,,R,D,B ,F ,R,G,R,70,0,0,0,,,1751392,5424522,-41.31656767,174.8087528
Wellington City,COBHAM DRIVE,, ,I,1N/1076/3.639,201055234,11/08/10,Wed,823,AA,TS1C,372A ,,E,D,B ,F ,R,G,R,70,0,0,0,,,1751468,5424498,-41.31676947,174.8096663
Wellington City,1N/1076/3.639,, ,I,CALABAR,201056905,15/10/10,Fri,1130,DA,4.00E+01,111A ,K,M,W,O ,F ,R,G,R,70,0,0,0,,,1751419,5424533,-41.31646356,174.8090725
Wellington City,1N/1076/3.761,20,S, ,COBHAM DRIVE,201051695,9/04/10,Fri,550,FA,CS1C,331A 137B 372B ,,E,D,DO,F , ,N,L,70,0,0,0,,,1751453,5424440,-41.31729448,174.8095017
Wellington City,1N/1076/3.952,, ,I,CALABAR ROAD,201052323,29/05/10,Sat,1454,DA,4S1,111A 135A 806 901 ,K,M,W,O ,H ,R,G,R,70,0,0,0,,,1751440,5424249,-41.31901654,174.809394
Wellington City,1N/1076/4.126,, ,I,CALEDONIA ST,201056808,1/12/10,Wed,1940,JC,XW24,302A ,,R,D,B ,F ,T,G,C,70,0,0,0,,,1751424,5424061,-41.32071215,174.8092497
Wellington City,1N/1076/4.131,, ,I,CALEDONIA ST,201056532,8/10/10,Fri,2020,GC,XN1C,171B ,,R,D,DO,F ,T,G,C,70,0,0,0,,,1751424,5424061,-41.32071215,174.8092497
Wellington City,1N/1076/4.141,, ,I,CALEDONIA ST,201051022,18/02/10,Thu,2025,JA,VS1C,602A 302B 375B ,,R,W,DO,H ,T,G,R,70,0,0,0,,,1751424,5424061,-41.32071215,174.8092497
Wellington City,1N/1076/4.147,, ,I,CALEDONIA ST,201053940,5/08/10,Thu,1249,KB,VN1P,302B 375B ,,R,D,B ,F ,T,G,C,70,0,0,0,,,1751424,5424061,-41.32071215,174.8092497
Wellington City,2/962/12.887,200,W, ,HOROKIWI ROAD,201052307,27/05/10,Thu,902,FD,CW1C,181A 331A 801 ,,R,W,O ,F , ,N,R,100,0,0,0,,,1755027,5434378,-41.22714257,174.8496533
Wellington City,2/962/12.897,200,S, ,HOROKIWI ROAD,201012796,7/09/10,Tue,1940,FD,CN1CC4,331A 822 ,,E,D,DO,F , ,N,R,100,0,0,1,,,1755021,5434389,-41.22704469,174.8495789
Wellington City,2/962/12.897,200,W, ,HOROKIWI ROAD,201055248,6/10/10,Wed,1822,FD,TE1CC,181A ,,E,D,TF,F , ,N, ,100,0,0,0,,,1755021,5434389,-41.22704469,174.8495789
Wellington City,2/962/12.996,300,S, ,HOROKIWI ROAD,201054306,2/06/10,Wed,1856,FD,VS1C,181A 191B ,,R,D,DO,F , ,N,C,100,0,0,0,,,1754932,5434348,-41.22743087,174.848528
Wellington City,2/962/12.996,300,S, ,HOROKIWI ROAD,201050978,9/03/10,Tue,1525,FD,CN1C,331A 351A ,,R,D,B ,F , ,N,C,100,0,0,0,,,1754926,5434359,-41.22733298,174.8484536
Wellington City,2/962/13.076,380,W, ,HOROKIWI ROAD,201012595,13/08/10,Fri,2005,CC,CN1,135A 330A 823 901 ,G,R,W,DO,H , ,N,R,100,0,0,1,,,1754849,5434335,-41.2275638,174.8475415
Wellington City,2/962/13.146,450,S, ,HOROKIWI ROAD,201013537,26/11/10,Fri,849,FD,VS1T4,181A 191B 181C ,,R,D,B ,F , ,N,R,100,0,0,1,,,1754789,5434303,-41.22786338,174.8468341
Wellington City,2/962/13.196,500,W, ,HOROKIWI ROAD,201055618,8/11/10,Mon,1400,QG,TW1C,682A ,,R,D,O ,F , ,N,C,100,0,0,0,,,1754741,5434288,-41.22800761,174.8462654
Wellington City,2/962/13.277,1100,S, ,PETONE ON SBD,201056456,5/10/10,Tue,1056,DA,CS1,358A 402A ,G,E,D,B ,F , ,N,R,100,0,0,0,,,1754664,5434264,-41.22823841,174.8453533