TLA NAME,CRASH ROAD,CRASH DIST,CRASH DIRN,INTSN,SIDE ROAD,CRASH ID,CRASH DATE,CRASH DOW,CRASH TIME,MVMT,VEHICLES,CAUSES,OBJECTS STRUCK,ROAD CURVE,ROAD WET,LIGHT,WTHRa,JUNC TYPE,TRAF CTRL,ROAD MARK,SPD LIM,CRASH FATAL CNT,CRASH SEV CNT,CRASH MIN CNT,PERS AGE1,PERS AGE2,EASTING,NORTHING,latitude,longitude
Wellington City,FRASER AVENUE,300,S, ,HAUMIA ST,201150957,13/03/11,Sun,130,DB,CS1,103A ,C,E,D,DO,F , ,N,C,50,0,0,0,,,1750988,5433840,-41.23275028,174.8016194
Wellington City,FROBISHER ST,100,N, ,RATHGEN ST,201111043,12/01/11,Wed,1402,BC,VS1C,121A 358A 402B 403B ,,E,D,B ,F , ,N,C,50,0,0,1,,,1747578,5421972,-41.34023338,174.7638253
Wellington City,FROBISHER ST,80,W, ,SEVERN ST,201112099,4/06/11,Sat,640,EA,PW1T,103A 410A ,M,E,D,DO,F , ,N,C,50,0,0,1,,,1747454,5421601,-41.34359635,174.7624341
Wellington City,GHUZNEE ST,20,E, ,CUBA ST,201155252,12/12/11,Mon,1205,EA,BW1C,129A ,M,R,D,O ,F , ,N,C,50,0,0,0,,,1748699,5427157,-41.29334466,174.7759492
Wellington City,GHUZNEE ST,10,N, ,CUBA ST,201155268,15/12/11,Thu,1120,MC,PS1T,372B ,,R,D,B ,F ,X,G,C,50,0,0,0,,,1748672,5427170,-41.29323259,174.7756237
Wellington City,GHUZNEE ST,10,W, ,CUBA ST,201111975,20/05/11,Fri,656,EA,CE1EMC,110A 386A 402A ,Q,R,D,O ,F ,X,N,C,50,0,0,1,41,,1748672,5427170,-41.29323259,174.7756237
Wellington City,GHUZNEE ST,, ,I,CUBA ST,201111822,20/05/11,Fri,1653,NA,4W1E,711B 718B ,,R,D,O ,F ,X,T,C,50,0,0,1,57,,1748681,5427166,-41.29326695,174.7757321
Wellington City,GHUZNEE ST,, ,I,CUBA ST,201112754,25/09/11,Sun,1230,NA,CW1E,718B 719B ,,R,W,O ,L ,X,T,C,50,0,0,1,26,,1748681,5427166,-41.29326695,174.7757321
Wellington City,GHUZNEE ST,, ,I,CUBA ST,201112107,2/06/11,Thu,1530,NA,LE1E,711B ,,R,D,O ,F ,X,T,C,50,0,0,1,48,,1748681,5427166,-41.29326695,174.7757321
Wellington City,GHUZNEE ST,50,W, ,MARION ST,201151163,23/03/11,Wed,1740,EE,CE1C,374B ,Q,R,D,O ,F , ,N,C,50,0,0,0,,,1748723,5427147,-41.29343028,174.7762381
Wellington City,GHUZNEE ST,, ,I,THE TERRACE,201150657,7/03/11,Mon,2232,JA,CS2C,302A ,,R,D,DO,F ,T,G,C,50,0,0,0,,,1748255,5427358,-41.29161664,174.7705998
Wellington City,GHUZNEE ST,40,E, ,VICTORIA ST,201150045,4/01/11,Tue,930,EE,CE14,374B ,Q,R,D,B ,F , ,N,C,50,0,0,0,,,1748569,5427216,-41.2928374,174.7743829
Wellington City,GHUZNEE ST,, ,I,VICTORIA ST,201150198,17/01/11,Mon,1630,FE,CE1X,181A ,,R,D,B ,F ,X,T,C,50,0,0,0,,,1748533,5427232,-41.29269997,174.7739492
Wellington City,GHUZNEE ST,, ,I,VICTORIA ST,201113133,1/12/11,Thu,805,LB,MW1C,303B 330B 363B 902 ,,R,D,B ,F ,X,T,C,50,0,1,0,,,1748533,5427232,-41.29269997,174.7739492
Wellington City,GHUZNEE ST,, ,I,VICTORIA ST,201151692,18/04/11,Mon,2120,LB,CW1C,303B 382B 402B ,,R,D,DO,F ,X,T,C,50,0,0,0,,,1748533,5427232,-41.29269997,174.7739492
Wellington City,GHUZNEE ST,20,W, ,WILLIS ST,201150190,2/02/11,Wed,925,FD,CE1CC,181A ,,R,D,B ,F , ,N,C,50,0,0,0,,,1748428,5427280,-41.29228712,174.772684
Wellington City,GIFFORD GROVE,20,W, ,AMESBURY DRIVE,201112628,10/09/11,Sat,1432,NB,4W1E,713B 726B ,,E,D,O ,F , ,N,N,50,0,0,1,4,,1751196,5437970,-41.19552726,174.8030785
Wellington City,GLANMIRE ROAD,40,E, ,KENMORE ST,201152090,30/05/11,Mon,1950,DA,CN1CC,103A 110A ,CM,E,D,DO,FF, ,N,C,50,0,0,0,,,1753068,5434211,-41.22901913,174.8263334
Wellington City,GLANMIRE ROAD,50,S, ,ROBERT ST,201152377,17/06/11,Fri,1650,DB,CS1,111A 351A 430A ,,M,D,DO,F , ,N,C,50,0,0,0,,,1752612,5434375,-41.22762873,174.8208543
Wellington City,GLASGOW ST,, ,I,CENTRAL TERRACE,201112838,11/10/11,Tue,15,FA,PS1C,181A 331A 800 ,,R,W,B ,L ,X,G,C,50,0,0,1,,,1747938,5427846,-41.28728109,174.7666971
Wellington City,GLASGOW ST,10,N, ,RAWHITI TERRACE,201151334,18/03/11,Fri,227,EA,CS1C,129A ,M,M,D,DO,F ,Y,N,C,50,0,0,0,,,1747961,5427818,-41.28752898,174.7669784
Wellington City,GLASGOW ST,, ,I,UPLAND ROAD,201150709,6/02/11,Sun,939,FC,CW1X,331A ,,E,W,O ,F ,R,G,R,50,0,0,0,,,1747886,5427855,-41.28720959,174.7660742
Wellington City,GLENMORE ST,, ,I,GARDEN ROAD,201151231,28/03/11,Mon,1750,GE,CS1C,134A 331A ,,E,D,O ,F ,Y,G,C,50,0,0,0,,,1747681,5428406,-41.28228618,174.7634936
Wellington City,GLENMORE ST,, ,I,GARDEN ROAD,201111396,18/03/11,Fri,1951,BC,CS1C,110A 122A ,,E,D,O ,F ,Y,G,C,50,0,1,0,,,1747681,5428406,-41.28228618,174.7634936
Wellington City,GLENMORE ST,10,N, ,ORANGI KAUPAPA ROAD,201111444,20/03/11,Sun,1217,NA,CN1E,306A ,,R,D,B ,F ,T,G,X,50,0,0,1,23,,1747587,5428293,-41.28332076,174.762399
Wellington City,GLOVER ST,350,N, ,WALKWAY,201155420,12/07/11,Tue,1442,EA,VN1C,135A 197A 818 ,M,M,D,O ,F , ,N,N,50,0,0,0,,,1751959,5433090,-41.23932096,174.8133867
Wellington City,GRENADA DRIVE,, ,I,CHURTON PARK ON SBD,201154034,23/09/11,Fri,1430,LB,CW1T,303B ,,R,D,B ,F ,X,S,C,50,0,0,0,,,1752716,5436926,-41.2046416,174.8214571
Wellington City,GREY ST,30,W, ,FEATHERSTON ST,201151562,10/05/11,Tue,1800,MO,VW1M,386A 403A ,M,R,D,DO,F , ,N,C,50,0,0,0,,,1748714,5428133,-41.28455453,174.7758899
Wellington City,HADFIELD TERRACE,30,W, ,GROVE ROAD,201151668,15/04/11,Fri,2248,QD,CN1C,428A ,M,M,W,DO,H , ,N,C,50,0,0,0,,,1747598,5427434,-41.29105277,174.7627385
Wellington City,HALL ST,20,E, ,ADELAIDE ROAD,201113174,30/11/11,Wed,839,DA,CW1,131A 423A 929 ,F,R,D,B ,F ,D,N,C,50,0,0,1,,,1748760,5425241,-41.31058398,174.7771458
Wellington City,HALSWATER DRIVE,60,W, ,MIDDLETON ROAD,201153623,12/06/11,Sun,857,DB,CE1,102A 111A ,C,M,W,B ,F , ,N,R,50,0,0,0,,,1751861,5436589,-41.20783656,174.811348
Wellington City,HAMILTON ROAD,, ,I,BUSACO ROAD,201153400,21/05/11,Sat,1338,MC,VN1C,372B 377B 839 ,,E,D,O ,F ,Y,N,L,50,0,0,0,,,1750140,5425127,-41.3113547,174.7936522
Wellington City,HAMILTON ROAD,, ,I,OVERTOUN TERRACE,201150368,31/01/11,Mon,1630,MG,CN14,181A 420B ,,E,D,O ,F ,Y,N,N,50,0,0,0,,,1750395,5425765,-41.30556308,174.7965394
Wellington City,HANSON ST,150,S, ,JOHN ST,201151407,3/04/11,Sun,121,EA,CN1C,101A ,MP,R,D,DO,F , ,N,N,50,0,0,0,,,1748701,5425484,-41.30840703,174.7763819
Wellington City,HANSON ST,220,S, ,JOHN ST,201150969,18/03/11,Fri,754,KA,CS1V,308B 929 ,,R,D,O ,F ,D,N,N,50,0,0,0,,,1748685,5425416,-41.30902221,174.7762074
Wellington City,HANSON ST,, ,I,JOHN ST,201151337,13/01/11,Thu,1705,FB,CN1C,113A ,,R,D,O ,F ,X,T,C,50,0,0,0,,,1748734,5425630,-41.30708645,174.7767402
Wellington City,HAPPY VALLEY ROAD,130,N, ,BATA PLACE,201151620,29/04/11,Fri,2050,CB,CS14,103A 129A ,M,R,D,DO,F , ,N,C,50,0,0,0,,,1747270,5421951,-41.3404788,174.7601509
Wellington City,HAPPY VALLEY ROAD,800,N, ,LANDFILL ROAD,201152600,9/07/11,Sat,1206,CB,TS1VC,128A 668A ,M,R,D,B ,F , ,N,C,50,0,0,0,,,1747187,5423677,-41.32495399,174.7587412
Wellington City,HAPPY VALLEY ROAD,550,N, ,ROBERTSON ST,201111306,14/02/11,Mon,1124,EA,TS1C,129A 386A 818 ,M,E,D,O ,F , ,N,C,50,0,0,1,,,1747247,5422150,-41.33869132,174.7598279
Wellington City,HATAITAI ROAD,, ,I,ARAWA ROAD,201151164,18/03/11,Fri,905,EA,BN1V,179A 386A ,M,E,D,B ,F ,T,N,C,50,0,0,0,,,1750773,5426629,-41.29771367,174.8008386
Wellington City,HATAITAI ROAD,60,N, ,KONINI ROAD,201150545,10/02/11,Thu,700,MA,VS1C,331A ,,R,D,B ,F , ,N,C,50,0,0,0,,,1750411,5426146,-41.30212983,174.7966363
Wellington City,HATTON ST,70,N, ,KARORI ROAD,201151557,21/04/11,Thu,2106,DA,CN1,427A 929 ,H,R,D,DO,F ,D,N,C,50,0,0,0,,,1746090,5428466,-41.28203537,174.7444892
Wellington City,HAUMIA ST,40,E, ,BANNISTER AVENUE,201111894,27/03/11,Sun,434,EA,CE1C,103A 370A ,M,E,W,DO,M , ,N,C,50,0,0,1,,,1750783,5434345,-41.22824179,174.7990498
Wellington City,HAWKESTONE ST,, ,I,HAWKESTONE OFF SBD,201151414,21/04/11,Thu,1506,JA,VE1C,302B 404B ,,R,D,B ,F ,T,G,R,50,0,0,0,,,1748697,5429207,-41.27488794,174.7754248
Wellington City,HAWKESTONE ST,50,W, ,MOLESWORTH ST,201150677,4/03/11,Fri,630,MO,CE1C,386A ,M,R,W,O ,L , ,N,C,50,0,0,0,,,1748851,5429193,-41.27498562,174.7772661
Wellington City,HINAU ST,50,S, ,KOWHAI ST,201151767,11/02/11,Fri,2120,EA,TN1C,129A 330A ,M,R,D,DO,F , ,N,C,50,0,0,0,,,1753730,5441825,-41.16034238,174.832315
Wellington City,HINDMARSH ST,30,E, ,BOULD ST,201155741,10/11/11,Thu,230,FO,CW1C,103A 512A 514A ,,M,W,DO,L , ,N,C,50,0,0,0,,,1751284,5434587,-41.22596943,174.8049646
Wellington City,HINEMOA ST,, ,I,WATERLOO QUAY,201155352,12/12/11,Mon,925,DB,TW1,122A 350A ,S,S,D,O ,F ,T,T,R,50,0,0,0,,,1749409,5428994,-41.27667428,174.7839743
Wellington City,HOBART ST,, ,I,CALEDONIA ST,201154155,31/08/11,Wed,1249,GA,CN1V,181B 331B ,,R,D,B ,F ,X,S,X,50,0,0,0,,,1751760,5423957,-41.32158532,174.8132884
Wellington City,HOBSON ST,, ,I,TINAKORI ROAD,201111817,5/05/11,Thu,630,NC,CS1E,376A 711B ,,M,W,DN,F ,T,G,C,50,0,0,1,61,,1749029,5429712,-41.27028,174.7792635
Wellington City,HOMEWOOD AVENUE,60,N, ,KARORI ROAD,201111309,12/02/11,Sat,958,CC,CS1,423A 507A ,F,R,D,B ,F , ,N,N,50,0,0,1,,,1746336,5428535,-41.28136958,174.7474088
Wellington City,HOPPER ST,30,S, ,WEBB ST,201151566,12/05/11,Thu,1705,EA,CN1C,129A ,Q,R,D,TF,F , ,N,C,50,0,0,0,,,1748553,5426604,-41.29835045,174.7743412
Wellington City,HORNSEY ROAD,20,S, ,AUCKLAND TERRACE,201111394,22/02/11,Tue,1539,BE,MN1C,110A 125A 330A ,,R,W,O ,F , ,N,N,50,0,1,0,,,1749593,5423539,-41.32575364,174.7875112
Wellington City,HOROKIWI ROAD,30,S, ,LINCOLNSHIRE ROAD,201112846,1/09/11,Thu,1635,BF,CS1C,102A 123A 402A 197B 818 ,C,M,D,B ,F , ,N,C,50,0,0,2,,,1755032,5436616,-41.20699246,174.8491451
Wellington City,HOROKIWI ROAD WEST,15,W, ,KENMORE ST,201151068,5/04/11,Tue,1455,FD,CW1CCV,181A 427A 927 ,,E,W,O ,F , ,N,C,50,0,0,0,,,1752934,5434865,-41.22315631,174.8245716
Wellington City,HUNTER ST,, ,I,VICTORIA ST,201150929,3/02/11,Thu,830,AC,CE1S,159A 330A 386A ,,M,D,B ,F ,T,N,C,50,0,0,0,,,1748851,5427984,-41.2858708,174.7775615
Wellington City,HUTCHISON ROAD,, ,I,WALLACE ST,201153104,19/07/11,Tue,2045,JA,TE1P,302B 402B ,,R,D,DO,F ,T,G,C,50,0,0,0,,,1748668,5425605,-41.3073237,174.7759582
Wellington City,HUTT ROAD,50,N, ,AOTEA QUAY,201151234,18/04/11,Mon,720,FD,CS1VT,137A ,B,E,W,O ,H , ,N,R,60,0,0,0,,,1749627,5430519,-41.26290369,174.7862017
Wellington City,HUTT ROAD,100,S, ,CENTENNIAL NBD,201153520,29/08/11,Mon,1635,FD,CN14,181A ,,R,D,O ,F , , ,C,100,0,0,0,,,1751854,5432134,-41.24794788,174.8123722
Wellington City,HUTT ROAD,, ,I,JARDEN MILE,201150057,20/01/11,Thu,1720,FE,4N1C,331A ,,R,D,B ,F ,M,T,R,80,0,0,0,,,1751926,5432204,-41.24730412,174.8132136
Wellington City,HUTT ROAD,50,S, ,KAIWHARAWHARA ROAD,201150385,21/02/11,Mon,1705,FD,CN1C,181A 423A ,,R,D,B ,F , ,N,L,60,0,0,0,,,1749896,5430777,-41.26053095,174.789348
Wellington City,HUTT ROAD,90,N, ,RANGIORA AVENUE,201111168,31/01/11,Mon,1423,EA,BN1C,330A 352A ,Q,R,D,B ,F , ,N,C,60,0,0,1,,,1750589,5431331,-41.25541423,174.7974798
Wellington City,HUTT ROAD,110,S, ,RANGIORA AVENUE,201155001,29/11/11,Tue,1700,FA,CW1C,112A 181A 331A ,,R,D,B ,F , ,N,R,60,0,0,0,,,1750409,5431247,-41.25620403,174.795353
Wellington City,HUTT ROAD,40,W, ,RANGIORA AVENUE,201151161,16/04/11,Sat,1210,CB,VE1,133A ,CP,R,W,O ,F , ,N,P,60,0,0,0,,,1750468,5431284,-41.25585992,174.7960478
Wellington City,HUTT ROAD,150,N, ,SAR ST,201111779,11/05/11,Wed,1658,MA,SN1X,373B 386B ,,R,W,TF,L , ,N,C,50,0,0,1,,42,1749368,5430215,-41.26568866,174.7831857
Wellington City,HUTT ROAD,, ,I,SAR ST,201112905,10/11/11,Thu,1647,LB,SN1C,303B 375B ,,R,D,B ,F ,T,N,C,50,0,0,1,,32,1749272,5430100,-41.2667418,174.7820683
Wellington City,HUTT ROAD,, ,I,SCHOOL ROAD,201150533,3/02/11,Thu,1800,AC,CE1S,372A 158B ,,R,D,O ,F ,T,G,L,60,0,0,0,,,1749893,5430774,-41.26055852,174.7893129
Wellington City,HUTT ROAD,, ,I,SCHOOL ROAD,201150873,11/03/11,Fri,1709,LB,MN1C,303B 314B 330B ,,R,D,O ,F ,T,G,C,60,0,0,0,,,1749893,5430774,-41.26055852,174.7893129
Wellington City,IRONSIDE ROAD,50,W, ,EARP ST,201153609,25/05/11,Wed,1430,DB,VE1,131A 402A 801 ,C,M,W,B ,L , ,N,C,50,0,0,0,,,1751183,5435272,-41.21982097,174.8035907
Wellington City,JERVOIS QUAY,200,S, ,HARRIS ST,201112169,5/06/11,Sun,240,NB,CN1E,105B 711B 718B 800 864 ,,E,W,DO,L , ,T,C,50,0,1,0,23,,1748950,5427520,-41.29003014,174.7788567
Wellington City,JERVOIS QUAY,, ,I,HARRIS ST,201155224,9/12/11,Fri,1800,JA,CN1C,313A 330A 322B ,,R,D,B ,F ,T,T,N,50,0,0,0,,,1748916,5427717,-41.28826273,174.7784027
Wellington City,JERVOIS QUAY,, ,I,HARRIS ST,201154637,10/08/11,Wed,1158,GB,CN1C,172B 404B ,,R,D,O ,F ,T,T,R,50,0,0,0,,,1748916,5427717,-41.28826273,174.7784027
Wellington City,JERVOIS QUAY,, ,I,HARRIS ST,201151329,6/04/11,Wed,615,DA,CE2,111A 691A ,K,R,D,TF,F ,T,T,R,50,0,0,0,,,1748916,5427717,-41.28826273,174.7784027
Wellington City,JERVOIS QUAY,, ,I,HUNTER ST,201111545,2/05/11,Mon,2005,FE,CS1C,331A ,,R,W,DO,L ,T,T,R,50,0,0,2,,,1748881,5427984,-41.28586527,174.7779196
Wellington City,JERVOIS QUAY,, ,I,POST OFFICE SQUARE,201151055,4/04/11,Mon,1615,FE,CN1M,512A ,,R,D,O ,F ,T,T,C,50,0,0,0,,,1748866,5428084,-41.28496769,174.7777161
Wellington City,JERVOIS QUAY,, ,I,WAKEFIELD ST,201155278,26/11/11,Sat,930,GF,BN1C,175A ,,R,D,B ,F ,Y,N,C,50,0,0,0,,,1749013,5427391,-41.29117995,174.7796403
Wellington City,JERVOIS QUAY,30,S, ,WILLESTON ST,201154374,4/08/11,Thu,1120,FD,CN1C,181A 331A ,,R,D,B ,F , ,N,C,50,0,0,0,,,1748903,5427821,-41.28732877,174.7782221
Wellington City,JERVOIS QUAY,, ,I,WILLESTON ST,201154156,31/08/11,Wed,1657,EC,CS1,330A 386A ,IP,R,D,B ,F ,T,T,R,50,0,0,0,,,1748899,5427851,-41.28705941,174.778167
Wellington City,JOHN ST,, ,I,HANSON ST,201111968,27/06/11,Mon,1730,LB,PW1C,302B 375B ,,E,D,TO,F ,X,T,C,50,0,0,1,,,1748734,5425630,-41.30708645,174.7767402
Wellington City,JOHN ST,, ,I,TASMAN ST,201111398,17/03/11,Thu,754,BC,CE1S,122A 110B 120B ,,R,D,O ,F ,T,G,C,50,0,0,1,,35,1748696,5425620,-41.30718349,174.7762889
Wellington City,JOHNSONVILLE OFF SBD,200,S, ,SH 1N,201113046,28/10/11,Fri,1816,DA,CS1C,131A 407A ,,E,D,B ,F , ,N,C,100,0,0,1,,,1751726,5435199,-41.22037659,174.8100836
Wellington City,JOHNSONVILLE ROAD,10,S, ,BRODERICK ROAD,201111756,5/05/11,Thu,1120,CB,CN1,500A ,P,R,D,O ,F ,X,T,C,50,0,0,1,,,1751481,5434709,-41.22483416,174.8072836
Wellington City,JOHNSONVILLE ROAD,50,N, ,CORLETT ST,201152711,21/07/11,Thu,1548,GD,CS1CC,331A 922 ,,R,D,O ,F ,D,N,C,50,0,0,0,,,1751458,5434551,-41.226261,174.8070485
Wellington City,JOHNSONVILLE ROAD,10,N, ,DISRAELI ST,201152602,25/06/11,Sat,1618,FE,4N1C,130A 504A ,,R,D,B ,F ,T,T,C,50,0,0,0,,,1751475,5434674,-41.2251504,174.8072208
Wellington City,JOHNSONVILLE ROAD,, ,I,FRASER AVENUE,201151556,21/04/11,Thu,1806,LO,CW2C,308A 302B 923 ,,R,D,DO,F ,D,G,P,50,0,0,0,,,1751476,5434504,-41.22668079,174.8072749
Wellington City,JOHNSONVILLE ROAD,, ,I,MOOREFIELD ROAD,201152598,8/07/11,Fri,1811,KB,CN1C,302A 375A 387A ,,E,D,DO,F ,R,G,C,50,0,0,0,,,1751500,5435050,-41.22176044,174.8074257
Wellington City,KAIWHARAWHARA ROAD,, ,I,CAMERON ST,201112162,3/06/11,Fri,810,LB,SS1C,303B 375B ,,R,D,B ,F ,T,G,C,50,0,0,1,,30,1749806,5430941,-41.25907108,174.7882338
Wellington City,KAIWHARAWHARA ROAD,50,E, ,NGAIO GORGE ROAD,201150052,18/01/11,Tue,2105,DA,4W1,133A ,,M,W,O ,H , ,N,P,50,0,0,0,,,1749077,5431143,-41.25738718,174.7794864
Wellington City,KAIWHARAWHARA ROAD,50,E, ,OLD PORIRUA ROAD,201152284,11/06/11,Sat,1732,JA,CW1C,308B 927 ,,R,W,DO,F ,D,N,P,50,0,0,0,,,1749702,5431043,-41.258172,174.7869679
Wellington City,KAIWHARAWHARA ROAD,50,W, ,OLD PORIRUA ROAD,201112168,7/06/11,Tue,1254,DB,CW1V,131A 501A ,FM,E,W,O ,L , ,N,L,50,0,1,0,,,1749617,5431088,-41.25778258,174.7859427
Wellington City,KAIWHARAWHARA ROAD,440,W, ,OLD PORIRUA ROAD,201150961,22/03/11,Tue,1522,BC,CE1C,110A 121A ,,M,W,O ,L , ,N,L,50,0,0,0,,,1749251,5431047,-41.2582194,174.7815859
Wellington City,KAIWHARAWHARA ROAD,450,W, ,OLD PORIRUA ROAD,201113137,13/09/11,Tue,816,DB,SE1,111A 131A 633A 806 ,,S,W,O ,F , ,N,L,50,0,1,0,,58,1749241,5431046,-41.25823025,174.7814669
Wellington City,KAIWHARAWHARA ROAD,500,W, ,OLD PORIRUA ROAD,201153271,3/07/11,Sun,1045,DB,CE1,359A ,,E,D,B ,F , ,N,C,50,0,0,0,,,1749204,5431075,-41.25797598,174.7810183
Wellington City,KAIWHARAWHARA ROAD,, ,I,OLD PORIRUA ROAD,201111850,28/03/11,Mon,1801,LB,SE1C,303B ,,E,D,B ,F ,T,N,C,50,0,1,0,,53,1749664,5431074,-41.25789993,174.7865069
Wellington City,KARAKA BAY ROAD,1000,N, ,AWA ROAD,201110016,13/03/11,Sun,717,CC,CN1,103A 110A ,E,R,D,B ,F , ,N,C,50,1,0,0,,,1753311,5425765,-41.30501427,174.8313555
Wellington City,KARAKA BAY ROAD,60,S, ,TAI PAKU PAKU ROAD,201153027,11/03/11,Fri,130,DA,CS1,181A ,C,M,D,DN,F , ,N,C,50,0,0,0,,,1753418,5425445,-41.30787493,174.8327138
Wellington City,KARORI ROAD,, ,I,BEAUCHAMP ST,201150543,7/02/11,Mon,1615,MG,CN2C,371A ,,R,D,O ,F ,T,G,C,50,0,0,0,,,1745452,5428164,-41.28486965,174.7369462
Wellington City,KARORI ROAD,30,W, ,BURROWS AVENUE,201150951,5/03/11,Sat,2310,BE,CE1C,103A ,,R,W,DO,L , ,N,C,50,0,0,0,,,1744915,5427982,-41.28660488,174.7305796
Wellington City,KARORI ROAD,, ,I,DONALD ST,201150962,19/03/11,Sat,1815,FE,CW1C,331A 334A ,,R,D,O ,F ,T,T,C,50,0,0,0,,,1745859,5428309,-41.2834907,174.7417696
Wellington City,KARORI ROAD,20,W, ,EAGLE ST,201111141,10/01/11,Mon,1940,NA,CW1E,306A 363A 902 ,,R,D,B ,F ,T,N,X,50,0,0,1,21,,1745247,5428089,-41.28558183,174.7345171
Wellington City,KARORI ROAD,30,W, ,EAGLE ST,201154041,11/06/11,Sat,420,CC,CW1,125A 410A ,PS,R,D,DO,F , ,N,C,50,0,0,0,,,1745238,5428085,-41.28561946,174.7344106
Wellington City,KARORI ROAD,, ,I,FANCOURT ST,201111819,7/05/11,Sat,1410,GD,4S1C,356A ,,R,D,B ,F ,T,N,L,50,0,0,2,,,1745967,5428348,-41.28312004,174.7430493
Wellington City,KARORI ROAD,20,W, ,HATTON ST,201152500,4/07/11,Mon,1740,FD,4W1CC,331A ,,R,W,O ,LS,T,N,C,50,0,0,0,,,1746093,5428392,-41.2827011,174.7445427
Wellington City,KARORI ROAD,50,W, ,HATTON ST,201155223,15/11/11,Tue,1650,FD,CW1CCC,181A 331A 354A 402A ,,R,D,B ,F , ,N,C,50,0,0,0,,,1746065,5428383,-41.2827872,174.7442107
Wellington City,KARORI ROAD,50,W, ,MORLEY ST,201151445,19/03/11,Sat,1340,MO,CS1C,330A 371A 929 ,M,R,D,B ,F ,D,N,C,50,0,0,0,,,1744999,5428003,-41.28640072,174.7315773
Wellington City,KARORI ROAD,50,W, ,NATALIE WAY,201152372,25/06/11,Sat,2048,EA,CW1C,103A ,M,R,D,DO,F , ,N,P,50,0,0,0,,,1744617,5427953,-41.28691942,174.7270293
Wellington City,KARORI ROAD,150,W, ,NATALIE WAY,201113287,2/11/11,Wed,1600,DB,CW1CCC,131A 412A ,M,M,D,O ,FS, ,N,P,50,0,0,1,,,1744517,5427959,-41.28688331,174.7258342
Wellington City,KARORI ROAD,50,E, ,NOTTINGHAM ST,201150661,5/03/11,Sat,150,DA,CW1C,131A ,M,E,D,DO,H , ,N,C,50,0,0,0,,,1746562,5428516,-41.28149966,174.7501109
Wellington City,KARORI ROAD,, ,I,READING ST,201154752,29/09/11,Thu,827,FD,CE1C,331A 358A 363A 902 ,,R,D,B ,F ,T,N,C,50,0,0,0,,,1745736,5428266,-41.28390007,174.7403117
Wellington City,KARORI ROAD,60,W, ,RICHMOND AVENUE,201155695,17/12/11,Sat,310,CB,CE1CCC,102A 130A 517A ,I,R,W,DN,H , ,N,R,50,0,0,0,,,1744792,5427965,-41.28678001,174.7291154
Wellington City,KARORI ROAD,, ,I,SOUTH KARORI ROAD,201153144,23/07/11,Sat,1720,GB,SS1C,157A 175B 370B ,,M,W,DO,L ,T,N,C,50,0,0,0,,,1744311,5427760,-41.28871189,174.7234223
Wellington City,KARORI ROAD,, ,I,TRINGHAM ST,201151154,20/03/11,Sun,1845,JC,PS2C,124B ,,R,D,TF,F ,T,G,C,50,0,0,0,,,1744717,5427956,-41.28687449,174.7282223
Wellington City,KAURI ST,, ,I,KEDAH ST,201151553,8/05/11,Sun,1009,HA,XW1C,302B ,,R,D,B ,F ,X,G,C,50,0,0,0,,,1751598,5423782,-41.32319136,174.8113973
Wellington City,KELBURN PARADE,40,W, ,FAIRLIE TERRACE,201111434,23/02/11,Wed,1500,BB,KE1V,123A 430A ,,E,D,B ,F , ,N,N,50,0,1,0,23,,1747887,5427352,-41.29173816,174.7662083
Wellington City,KELBURN PARADE,25,N, ,GLASGOW ST,201150523,24/02/11,Thu,930,QD,VN1B,428A 510A ,,E,D,B ,F ,R,N,R,50,0,0,0,,,1748011,5427630,-41.28921247,174.767621
Wellington City,KELBURN PARADE,100,N, ,GLASGOW ST,201112626,31/08/11,Wed,1605,MO,CS1C,205A 312B 386B ,,R,D,O ,F , ,N,R,50,0,0,1,,,1748042,5427698,-41.28859454,174.7679745
Wellington City,KELBURN PARADE,70,S, ,GROVE ROAD,201154524,12/08/11,Fri,1336,CB,CS1BC,129A 197A 129B 330B 818 839 ,M,R,D,O ,F , ,N,C,50,0,0,0,,,1747689,5427431,-41.29106314,174.7638255
Wellington City,KENT TERRACE,, ,I,ELIZABETH ST,201152452,27/05/11,Fri,2130,NE,SS1E,105B 712B ,,R,D,DO,F ,X,T,C,50,0,0,0,,,1749292,5426881,-41.29572014,174.7830959
Wellington City,KENT TERRACE,30,N, ,PIRIE ST,201151559,23/05/11,Mon,1800,FD,MS1C,181A ,,R,D,DO,F , ,N,C,50,0,0,0,,,1749233,5426750,-41.2969105,174.7824237
Wellington City,KHANDALLAH ROAD,, ,I,COCKAYNE ROAD,201111473,12/04/11,Tue,845,JC,CE1S,303A 363A ,,E,D,B ,F ,T,S,P,50,0,0,1,,30,1749732,5432188,-41.24785749,174.7870448
Wellington City,KHANDALLAH ROAD,, ,I,NGATOTO ST,201111437,8/03/11,Tue,753,GB,SW1C,112A 158A 333A ,,E,D,B ,F ,T,G,C,50,0,0,1,,32,1749299,5432360,-41.24638897,174.7818373