TLA NAME,CRASH ROAD,CRASH DIST,CRASH DIRN,INTSN,SIDE ROAD,CRASH ID,CRASH DATE,CRASH DOW,CRASH TIME,MVMT,VEHICLES,CAUSES,OBJECTS STRUCK,ROAD CURVE,ROAD WET,LIGHT,WTHRa,JUNC TYPE,TRAF CTRL,ROAD MARK,SPD LIM,CRASH FATAL CNT,CRASH SEV CNT,CRASH MIN CNT,PERS AGE1,PERS AGE2,EASTING,NORTHING,latitude,longitude
Wellington City,KHANDALLAH ROAD,, ,I,TARIKAKA ST,201151891,31/05/11,Tue,859,GD,CE1C,331A ,,R,D,B ,F ,T,G,C,50,0,0,0,,,1748934,5432321,-41.24680742,174.7774926
Wellington City,KILBIRNIE CRESCENT,, ,I,BAY ROAD,201112098,13/07/11,Wed,855,NB,CE1E,377A 713B 830 ,,R,W,O ,F ,X,T,N,50,0,0,1,11,,1750265,5424487,-41.31709355,174.795303
Wellington City,KILBIRNIE CRESCENT,30,N, ,DUNCAN TERRACE,201113218,31/12/11,Sat,336,DA,4N1,103A 131A ,P,E,W,DO,L , ,N,P,50,0,0,1,,,1750065,5424764,-41.31463686,174.7928462
Wellington City,KILBIRNIE CRESCENT,15,N, ,VALLANCE ST,201150631,23/01/11,Sun,645,MA,4N1C,103B 373B ,,R,D,O ,F , ,N,C,50,0,0,0,,,1750061,5424829,-41.31405239,174.7927824
Wellington City,KING ST,30,W, ,ADELAIDE ROAD,201151057,17/03/11,Thu,1706,LB,CS1C,304A ,,E,D,B ,F ,Y,N,C,50,0,0,0,,,1748908,5426028,-41.303471,174.7787204
Wellington City,KING ST,, ,I,ADELAIDE ROAD,201151609,27/04/11,Wed,1831,MB,CE1C,372B ,,R,W,DO,L ,T,G,C,50,0,0,0,,,1748937,5426020,-41.30353767,174.7790686
Wellington City,KONINI ROAD,120,N, ,WAITOA ROAD,201152410,13/06/11,Mon,1320,CA,CS1C,137A 330A ,M,R,D,B ,F , ,N,N,50,0,0,0,,,1750148,5426082,-41.30275503,174.7935121
Wellington City,LAMBTON QUAY,70,N, ,BUNNY ST,201150526,18/02/11,Fri,2148,PB,BN1E,731B ,,R,D,TO,F , ,N,X,30,0,0,0,,,1748995,5428810,-41.2784074,174.7790783
Wellington City,LAMBTON QUAY,30,S, ,BUNNY ST,201111283,3/02/11,Thu,1600,NA,BN1EB,137A 711B ,,R,D,B ,F , ,N,C,30,0,0,1,25,,1748912,5428753,-41.2789359,174.7781016
Wellington City,LAMBTON QUAY,20,S, ,JOHNSTON ST,201111308,18/02/11,Fri,1630,NA,BN1E,370A 712B 714B 731B ,,R,D,B ,F , ,N,R,30,0,0,2,73,,1748706,5428346,-41.28263827,174.7757424
Wellington City,LAMBTON QUAY,, ,I,JOHNSTON ST,201151152,11/04/11,Mon,1610,LB,CS1V,303B ,,R,D,O ,F ,T,N,R,30,0,0,0,,,1748714,5428365,-41.28246573,174.7758332
Wellington City,LAMBTON QUAY,100,N, ,WILLIS ST,201150196,17/01/11,Mon,1345,MO,XN1C,371A 510A ,Q,R,D,B ,F , ,N,N,30,0,0,0,,,1748708,5428017,-41.28560004,174.7758466
Wellington City,LAMBTON QUAY,50,S, ,WOODWARD ST,201150373,11/02/11,Fri,1550,MA,BN1V,386A ,,R,D,B ,F , ,N,R,30,0,0,0,,,1748711,5428358,-41.28252931,174.7757991
Wellington City,LANE CRESCENT,15,W, ,REDWOOD AVENUE,201153215,11/05/11,Wed,1900,MO,CS1C,371A ,M,M,W,DO,H ,T,N,N,50,0,0,0,,,1752816,5439798,-41.17876504,174.821932
Wellington City,LENNEL ROAD,, ,I,SEFTON ST,201150527,19/02/11,Sat,949,HA,CS2V,301A ,,E,D,B ,F ,X,S,L,50,0,0,0,,,1748988,5430393,-41.2641562,174.7786078
Wellington City,LINCOLN AVENUE,, ,I,WILFRED ST,201113372,20/12/11,Tue,1550,JA,CW1P,302B 330B 402B ,,R,D,B ,F ,X,G,C,50,0,0,1,,,1752715,5440817,-41.16960961,174.8204743
Wellington City,LINCOLN AVENUE,, ,I,WILFRED ST,201150447,19/02/11,Sat,2223,HA,VW1C,103A 302A ,,R,D,DO,F ,X,G,C,50,0,0,0,,,1752715,5440817,-41.16960961,174.8204743
Wellington City,LINDEN AVENUE,, ,I,FINDLAY ST,201154932,4/11/11,Fri,1123,HA,CW1C,302B 386B ,,R,D,B ,F ,X,G,R,50,0,0,0,,,1753686,5442175,-41.15719953,174.8317031
Wellington City,LONSDALE CRESCENT,50,N, ,RONGOTAI ROAD,201151554,10/05/11,Tue,1634,EA,VS1C,385A 400A ,M,R,D,O ,F , ,N,N,50,0,0,0,,,1750912,5424199,-41.31956568,174.8031009
Wellington City,LUDLAM ST,, ,I,INGLIS ST,201151546,28/04/11,Thu,1748,HA,CS2C,302B 402B 407B ,,R,D,DO,F ,X,G,R,50,0,0,0,,,1753333,5423629,-41.32424078,174.8321568
Wellington City,MACDONALD CRESCENT,50,S, ,DIXON ST,201150186,30/01/11,Sun,945,BC,CE1C,121A ,,M,D,B ,F , ,N,C,50,0,0,0,,,1748429,5427427,-41.29096342,174.7726601
Wellington City,MAIN ROAD,50,N, ,CAMBRIDGE ST,201151073,18/03/11,Fri,1740,BA,CS1C,125A ,,R,D,TF,F , ,N,C,50,0,0,0,,,1753082,5440656,-41.17098994,174.8248873
Wellington City,MAIN ROAD,, ,I,CAMBRIDGE ST,201113185,1/11/11,Tue,1715,HA,SN1C,309A 375A ,,E,D,B ,F ,R,G,C,50,0,0,1,,41,1753072,5440589,-41.17159505,174.8247849
Wellington City,MAIN ROAD,10,S, ,ESSEX ST,201152349,24/06/11,Fri,1210,FD,CS1V,331A 350A ,,R,D,B ,F ,T,N,P,50,0,0,0,,,1753095,5440793,-41.16975402,174.825008
Wellington City,MAIN ROAD,100,S, ,ESSEX ST,201155050,30/11/11,Wed,806,MF,4S1V,353B 371B ,,R,D,B ,F , ,N,P,50,0,0,0,,,1753086,5440703,-41.17056602,174.8249232
Wellington City,MAIN ROAD,40,N, ,GEE ST,201152291,25/06/11,Sat,930,EA,XS1CC,129A ,M,R,D,B ,F , , ,C,50,0,0,0,,,1753700,5442669,-41.15274921,174.831746
Wellington City,MAIN ROAD,, ,I,LINCOLN AVENUE,201150758,8/03/11,Tue,1255,FD,CS1C,331A 351A ,,R,D,B ,F ,T,G,P,50,0,0,0,,,1753102,5440936,-41.16846521,174.8250556
Wellington City,MAIN ROAD,, ,I,LYNDHURST ROAD,201152082,8/06/11,Wed,1742,HA,CN1C,302A 602B ,,R,D,DO,F ,R,G,R,50,0,0,0,,,1753072,5440589,-41.17159505,174.8247849
Wellington City,MAIN ROAD,250,N, ,MCLELLAN ST,201154931,7/11/11,Mon,1550,KB,CN1C,308B 363B 375B 902 929 ,,R,D,B ,F ,D,N,N,50,0,0,0,,,1753364,5441910,-41.15964639,174.8279335
Wellington City,MAIN ROAD,50,N, ,OXFORD ST,201112065,21/04/11,Thu,2332,CA,KS1C,130A 386A 523A 200B ,,R,D,DO,F , ,N,P,50,0,1,0,15,,1753054,5440416,-41.17315604,174.8246136
Wellington City,MAIN ROAD,60,S, ,OXFORD ST,201112234,6/07/11,Wed,1245,EA,CN1C,129A 130A 412A 903 ,M,R,D,B ,FS, ,N,C,50,0,0,1,,,1753043,5440307,-41.17413948,174.8245098
Wellington City,MAIN ROAD,, ,I,OXFORD ST,201111163,30/01/11,Sun,1600,MA,VN1CCC,373A ,M,R,D,B ,F ,T,G,P,50,0,0,1,,,1753047,5440366,-41.17360753,174.8245427
Wellington City,MAIN ROAD,, ,I,REDWOOD AVENUE,201151054,15/03/11,Tue,1845,FB,CS1C,181A ,,R,W,O ,L ,R,G,R,50,0,0,0,,,1752976,5439364,-41.18264232,174.8239471
Wellington City,MAIN ROAD,20,E, ,REDWOOD AVENUE S,201153914,15/07/11,Fri,1630,JA,VS1C,302B 375B 927 ,,R,D,O ,F ,D,G,P,50,0,0,0,,,1752980,5439345,-41.18281263,174.8239995
Wellington City,MAIN ROAD,130,N, ,SLIP ROAD,201150845,21/02/11,Mon,1328,EA,CN1C,410A ,M,E,D,O ,F , ,N,C,50,0,0,0,,,1753041,5440316,-41.17405883,174.8244837
Wellington City,MAIN ROAD,, ,I,SUNRISE BOULEVARD,201153668,18/08/11,Thu,1655,LB,CN1C,303B 330B 800 901 ,,R,W,O ,H ,T,G,C,50,0,0,0,,,1753123,5439177,-41.18429819,174.8257457
Wellington City,MAIN ROAD,, ,I,SUNRISE BOULEVARD,201150394,20/02/11,Sun,1530,AC,CS1V,372A ,,R,D,B ,F ,T,G,P,50,0,0,0,,,1753123,5439177,-41.18429819,174.8257457
Wellington City,MAIN ROAD,30,S, ,SURREY ST,201153007,7/08/11,Sun,1020,CB,4N1CC,137A ,MM,R,D,O ,F , ,N,C,50,0,0,0,,,1753116,5441006,-41.16783233,174.8252049
Wellington City,MAIN ROAD,, ,I,SURREY ST,201150775,14/02/11,Mon,820,JA,CS1C,110B 302B 333B 377B ,CFK,E,D,O ,F ,T,G,R,50,0,0,0,,,1753126,5441034,-41.16757834,174.8253171
Wellington City,MAIN ROAD,60,S, ,TAWA ST,201111672,29/04/11,Fri,1603,NG,TS1E,371A 671A 730B 732B ,,E,D,B ,F , ,N,C,50,0,1,0,20,,1753115,5440091,-41.17607062,174.8254218
Wellington City,MAIN ROAD,, ,I,TAWA ST,201151769,29/03/11,Tue,1055,KB,CS1C,302A 375A ,,M,D,B ,F ,R,G,R,50,0,0,0,,,1753083,5440161,-41.17544642,174.8250229
Wellington City,MAIN ROAD,, ,I,TAWA ST,201111799,16/04/11,Sat,2159,HA,CS1C,302A 375A ,,R,W,DO,L ,R,G,R,50,0,0,2,,,1753083,5440161,-41.17544642,174.8250229
Wellington City,MAIN ROAD,, ,I,THE DRIVE,201112543,16/07/11,Sat,950,KB,CN1M,302A 330A ,,R,D,O ,F ,R,G,P,50,0,0,1,,,1753091,5440146,-41.17557996,174.825122
Wellington City,MAIN ROAD,, ,I,THOMAS HOOK ST,201153397,4/06/11,Sat,1150,JA,CN1V,309B 375B ,,R,D,B ,F ,T,N,P,50,0,0,0,,,1753669,5442585,-41.15351137,174.8313978
Wellington City,MAJORIBANKS ST,, ,I,CAMBRIDGE TERRACE,201111139,15/01/11,Sat,108,NF,CW2,102A 375A 105B 714B ,,R,D,DO,F ,X,T,R,50,0,0,1,21,,1749351,5427078,-41.29393556,174.7837519
Wellington City,MAKARA ROAD,800,W, ,OPAU ROAD,201112686,7/09/11,Wed,235,DB,CS1,102A 111A 131A 862 ,C,M,D,DO,F , ,N,C,60,0,0,1,,,1743577,5433865,-41.23387463,174.7132228
Wellington City,MAKARA ROAD,120,N, ,TERAWHITI TERRACE,201152967,26/07/11,Tue,2149,DB,CN1C,103A 433A ,ME,M,D,DO,F , ,N,C,50,0,0,0,,,1744085,5428072,-41.2859431,174.7206507
Wellington City,MAKARA ROAD,500,N, ,TERAWHITI TERRACE,201112682,20/09/11,Tue,1330,BF,CS1C,131A 330A 402A ,,E,D,B ,F , ,N,N,50,0,0,1,,,1743845,5428312,-41.283825,174.7177292
Wellington City,MANNERS ST,60,E, ,CUBA ST,201111170,18/01/11,Tue,1714,NB,BE1E,712B ,,R,D,B ,F , ,N,C,30,0,1,0,44,,1748829,5427350,-41.29158304,174.7774539
Wellington City,MANNERS ST,50,W, ,TARANAKI ST,201112959,2/11/11,Wed,944,NA,BW1E,711B ,,R,D,OO,F , ,N,C,30,0,0,1,20,,1748913,5427283,-41.29217078,174.778473
Wellington City,MANNERS ST,, ,I,VICTORIA ST,201111700,24/03/11,Thu,740,NA,BE1E,322A ,,R,D,O ,F ,X,T,L,30,0,0,1,52,,1748686,5427488,-41.29036692,174.7757131
Wellington City,MANNERS ST,50,S, ,WILLIS ST,201111501,17/02/11,Thu,1730,NA,BE1E,711B 732B ,,R,D,B ,F , ,N,C,30,0,1,0,21,,1748629,5427580,-41.2895491,174.7750103
Wellington City,MANSFIELD ST,90,S, ,HORNER ST,201111479,30/01/11,Sun,1341,NA,CS1E,370A 713B 732B ,,R,D,B ,F , ,N,C,50,0,0,1,77,,1749088,5424374,-41.31832937,174.7812749
Wellington City,MANSFIELD ST,20,N, ,ROY ST,201150536,17/01/11,Mon,1630,MO,CN1C,371A ,M,R,D,B ,F , ,N,C,50,0,0,0,,,1749104,5424297,-41.31901967,174.7814849
Wellington City,MARGARET ST,, ,I,CECIL ROAD,201112644,30/06/11,Thu,1720,NA,PE1E,378A 402A 602A 832 ,,E,W,DO,L ,T,G,C,50,0,1,0,83,,1748555,5430559,-41.26274135,174.7734006
Wellington City,MARK AVENUE,, ,I,BEAZLEY AVENUE,201155688,28/11/11,Mon,1214,DA,CN2V,111A 131A ,M,M,D,O ,FS,T,G,P,50,0,0,0,,,1752401,5435862,-41.21428053,174.8179671
Wellington City,MARK AVENUE,20,W, ,BUCCANEER PLACE,201151322,10/04/11,Sun,105,CA,CN1,101A 430A 514A ,T,R,D,DO,F , ,N,C,50,0,0,0,,,1752645,5436628,-41.20733799,174.8206851
Wellington City,MARK AVENUE,50,N, ,GUADELOUPE CRESCENT,201151165,27/03/11,Sun,330,CB,CW1C,371A ,M,R,D,DO,L , ,N,C,50,0,0,0,,,1752622,5436618,-41.20743236,174.8204134
Wellington City,MARK AVENUE,100,W, ,GUADELOUPE CRESCENT,201151064,30/03/11,Wed,1810,MO,BE1V,386A ,M,R,D,TF,F , ,N,C,50,0,0,0,,,1752485,5436557,-41.20800738,174.8187953
Wellington City,MARK AVENUE,, ,I,GUADELOUPE CRESCENT,201152197,2/04/11,Sat,750,HA,CS14,335B 402B 853 ,,R,D,B ,F ,X,N,N,50,0,0,0,,,1752860,5436730,-41.20637908,174.8232227
Wellington City,MASEFIELD WAY,, ,I,CAMPBELL ST,201152378,23/06/11,Thu,1445,DA,VW1C,386A ,M,R,D,O ,F ,T,N,C,50,0,0,0,,,1745860,5427550,-41.29032427,174.7419633
Wellington City,MASSEY ROAD,360,N, ,FORTIFICATION ROAD,201111478,20/01/11,Thu,45,DA,CS1,111A ,Z,M,D,DN,F , ,N,C,50,0,1,0,,,1753670,5426675,-41.29675312,174.835412
Wellington City,MASSEY ST,60,W, ,BELL ST,201155716,5/06/11,Sun,455,MO,CE1C,130A 514A 517A ,M,R,D,DO,F , ,N,N,50,0,0,0,,,1753982,5442696,-41.15245264,174.8350983
Wellington City,MAUPUIA ROAD,100,N, ,MIRAMAR AVENUE,201112070,15/04/11,Fri,2123,PO,CS1E,722B 728B ,,R,W,DN,L , ,N,N,50,0,0,1,,,1751754,5424806,-41.31394272,174.8130048
Wellington City,MAUPUIA ROAD,170,N, ,TAUHINU ROAD,201155061,11/09/11,Sun,1955,EA,CS1C,129A 404A 801 ,M,S,W,DO,F , ,N,N,50,0,0,0,,,1752096,5425219,-41.31015998,174.8169854
Wellington City,MCKINLEY CRESCENT,, ,I,GARFIELD ST,201154024,2/10/11,Sun,1414,KB,CN1C,303B ,,R,D,O ,F ,T,N,C,50,0,0,0,,,1747697,5425680,-41.30682679,174.764346
Wellington City,MCLINTOCK ST,200,S, ,MEADOWCROFT GROVE,201155043,18/11/11,Fri,1724,BF,CS1C,111A 121A 129A ,,E,D,B ,F , ,N,C,50,0,0,0,,,1750290,5434500,-41.22693799,174.7931322
Wellington City,MEIN ST,, ,I,DANIELL ST,201112950,18/10/11,Tue,940,LB,PW1C,303B 330B ,,R,D,B ,F ,T,N,C,50,0,1,0,,,1749130,5425238,-41.31054268,174.7815646
Wellington City,MELROSE ROAD,30,E, ,MELBOURNE ROAD,201154639,9/08/11,Tue,1909,BA,CE1CC,129B 330B 818 ,M,R,D,DO,F , ,N,C,50,0,0,0,,,1748654,5422177,-41.33818992,174.7766294
Wellington City,MELROSE ROAD,, ,I,SOUTHGATE ROAD,201112681,18/09/11,Sun,1354,JA,VS1S,197A 321B 330B ,,M,W,O ,L ,T,S,L,50,0,1,0,,57,1749030,5422251,-41.33745423,174.7811029
Wellington City,MELROSE ROAD,160,N, ,WITHAM ST,201154666,8/10/11,Sat,2319,DB,CS1C,111A 132A ,FM,S,W,DO,F , ,N,C,50,0,0,0,,,1748931,5422430,-41.33586093,174.7798764
Wellington City,MERSEY ST,15,E, ,CLYDE ST,201112314,18/06/11,Sat,1935,NB,CE1E,102A 306A 376A 724B 901 ,,R,W,DO,H ,X,N,X,50,0,1,0,36,,1748448,5422249,-41.33757965,174.7741509
Wellington City,MESSINES ROAD,, ,I,PLYMOUTH ST,201152232,6/05/11,Fri,1255,EA,BE2C,129A 386A 818 ,M,S,D,B ,F ,T,N,N,50,0,0,0,,,1746570,5427951,-41.28658523,174.7503423
Wellington City,MIDDLETON ROAD,470,S, ,CHURTON DRIVE,201153136,1/07/11,Fri,222,EA,VN1C,130A 358A ,M,M,D,DN,F , ,N,C,50,0,0,0,,,1751674,5435533,-41.21737921,174.8093806
Wellington City,MIDDLETON ROAD,80,N, ,GLENSIDE ROAD,201155221,1/12/11,Thu,100,CA,CN1,112A 130A 514A ,G,R,D,DO,F , ,N,C,50,0,0,0,,,1751959,5436874,-41.2052522,174.8124455
Wellington City,MIDDLETON ROAD,, ,I,HALSWATER DRIVE,201152959,2/08/11,Tue,1550,LB,4N1C,303B 377B 382B ,,E,D,B ,F ,T,S,C,50,0,0,0,,,1751917,5436593,-41.20779004,174.8120146
Wellington City,MIDDLETON ROAD,, ,I,HALSWATER DRIVE,201152280,17/06/11,Fri,255,JC,CE2C,301A ,,R,W,DO,L ,T,S,P,50,0,0,0,,,1751917,5436593,-41.20779004,174.8120146
Wellington City,MIDDLETON ROAD,390,N, ,RICHMOND HILL,201112483,13/08/11,Sat,400,DA,CS1,102A 131A 412A ,EZ,M,D,DN,F , ,N,C,50,0,0,1,,,1753401,5438528,-41.19008878,174.8292214
Wellington City,MIDDLETON ROAD,100,E, ,WESTCHESTER DRIVE EAST,201113079,23/11/11,Wed,5,BF,CS1T,103A 111A 131A 817 818 ,,E,D,DO,F , ,N,P,50,0,1,0,,,1752346,5437005,-41.20400003,174.8170265
Wellington City,MIDDLETON ROAD,, ,I,WESTCHESTER DRIVE EAST,201112304,1/08/11,Mon,1205,LB,CW1C,303B 375B ,,E,D,B ,F ,T,G,C,50,0,0,2,,,1752251,5437033,-41.20376581,174.815887
Wellington City,MIDDLETON ROAD,, ,I,WESTCHESTER DRIVE EAST,201150735,18/02/11,Fri,1726,LB,CW1C,303B 375B ,,R,D,B ,F ,T,G,R,50,0,0,0,,,1752251,5437033,-41.20376581,174.815887
Wellington City,MIRAMAR AVENUE,, ,I,PARK ROAD,201155261,15/12/11,Thu,2210,HA,CE1C,302A 375A 400A ,,R,W,DO,L ,R,G,C,30,0,0,0,,,1752018,5424540,-41.31628786,174.8162238
Wellington City,MIRAMAR AVENUE,120,E, ,PORTSMOUTH ROAD,201111702,20/02/11,Sun,1843,NB,CE1E,306A 503A ,,R,D,B ,F , ,N,X,50,0,0,1,7,,1751886,5424616,-41.31562848,174.8146285
Wellington City,MOA POINT ROAD,250,W, ,STEWART DUFF DRIVE,201151221,6/03/11,Sun,7,DB,CS1,102A 111A 131A 800 ,C,E,W,DO,H , ,N,L,50,0,0,0,,,1751150,5422355,-41.33612308,174.8064018
Wellington City,MOANA ROAD,170,N, ,DISLEY ST,201150369,29/01/11,Sat,230,EA,CN14C,129A ,MM,E,D,DO,F , ,N,N,50,0,0,0,,,1746960,5427611,-41.28957555,174.7550797
Wellington City,MOLESWORTH ST,200,S, ,HAWKESTONE ST,201151240,21/02/11,Mon,1705,FA,PN1C,181A 402A ,,R,D,B ,F , ,N,C,50,0,0,0,,,1748890,5428992,-41.27678813,174.7777807
Wellington City,MOLESWORTH ST,, ,I,HAWKESTONE ST,201154169,19/09/11,Mon,828,NB,PN1E,130A 194A ,,R,D,O ,F ,X,G,C,50,0,0,0,,,1748901,5429191,-41.27499441,174.7778633
Wellington City,MOLESWORTH ST,, ,I,LITTLE PIPITEA ST,201150524,26/02/11,Sat,2305,GC,XN1C,174B 372B ,,R,D,DO,F ,X,G,C,50,0,0,0,,,1748901,5429191,-41.27499441,174.7778633
Wellington City,MOLESWORTH ST,50,S, ,MAY ST,201112516,23/03/11,Wed,1205,NF,CE1E,330A 376A 925 ,,R,D,B ,F ,D,N,C,50,0,0,1,50,,1748905,5429292,-41.27408433,174.7778864
Wellington City,MOLESWORTH ST,40,S, ,PIPITEA ST,201150187,11/01/11,Tue,1257,AA,BN1C,510B 817 ,,R,D,B ,F , ,N,C,50,0,0,0,,,1748895,5429099,-41.27582384,174.7778142
Wellington City,MOLESWORTH ST,, ,I,PIPITEA ST,201151413,16/04/11,Sat,1150,GC,CN1B,171B ,,R,W,O ,H ,T,G,C,50,0,0,0,,,1748898,5429139,-41.27546315,174.7778402
Wellington City,MONORGAN ROAD,100,N, ,RAUKAWA ST,201151158,5/04/11,Tue,732,KB,CN1C,308B 920 ,,R,W,O ,H ,D,N,C,50,0,0,0,,,1752151,5423296,-41.32746275,174.8181234
Wellington City,MONTEITH GROVE,40,E, ,ASHTON FITCHETT DRIVE,201150539,4/02/11,Fri,1750,MO,CW1C,371A 929 ,M,R,D,O ,F ,D,N,N,50,0,0,0,,,1746841,5425686,-41.30692902,174.7541236
Wellington City,MOOREFIELD ROAD,25,N, ,HAUMIA ST,201151368,21/04/11,Thu,1715,FA,CS1C,101A ,,R,D,O ,F , ,N,C,50,0,0,0,,,1750905,5434238,-41.22918241,174.8005311
Wellington City,MOOREFIELD ROAD,, ,I,JOHNSONVILLE ON NBD,201111433,26/02/11,Sat,1230,HA,CS1C,302A 350A 386A ,,R,D,B ,F ,R,G,C,50,0,0,2,,,1751503,5435082,-41.22147177,174.8074535
Wellington City,MOOREFIELD ROAD,, ,I,JOHNSONVILLE ROAD,201151332,2/04/11,Sat,1320,HA,CE1C,302A 382A ,,E,D,O ,F ,R,G,R,50,0,0,0,,,1751485,5435067,-41.22161019,174.8072426
Wellington City,MOOREFIELD ROAD,, ,I,JOHNSONVILLE ROAD,201150461,3/02/11,Thu,1752,LB,CS1V,302A 355A 404A ,,R,W,O ,M ,R,G,R,50,0,0,0,,,1751503,5435082,-41.22147177,174.8074535
Wellington City,MORTIMER TERRACE,, ,I,DURHAM CRESCENT,201150670,16/01/11,Sun,1730,BC,CN14,110A 120A ,,M,D,O ,F ,Y,N,N,50,0,0,0,,,1747758,5426784,-41.29687577,174.7648062
Wellington City,MULGRAVE ST,, ,I,AITKEN ST,201150378,13/02/11,Sun,1158,GC,CS1C,171B ,,R,D,O ,F ,T,T,C,50,0,0,0,,,1749064,5428963,-41.27701713,174.7798644
Wellington City,NEWLANDS OFF NBD,330,N, ,SH 1N,201111581,26/03/11,Sat,1158,DA,CN1,111A 131A 330A 801 ,G,M,W,O ,F , ,N,R,80,0,0,1,,,1751476,5433865,-41.23243396,174.8074333
Wellington City,NEWLANDS OFF NBD,350,N, ,SH 1N,201113080,5/12/11,Mon,745,DA,VN1,111A 131A 632A 800 ,,M,W,O ,F , ,N,R,80,0,0,1,,,1751487,5433881,-41.23228784,174.8075606
Wellington City,NEWLANDS OFF SBD,100,W, ,NEWLANDS ROAD,201153291,31/05/11,Tue,1320,DB,CS1X,111A 402A ,IK,S,D,O ,F , ,N,R,50,0,0,0,,,1751753,5433971,-41.23142768,174.8107106
Wellington City,NEWLANDS ROAD,25,N, ,BLACK ROCK ROAD,201150193,21/01/11,Fri,1030,EA,CS1C,129A ,M,E,D,B ,F , ,N,C,50,0,0,0,,,1752430,5434318,-41.22817624,174.8186981
Wellington City,NEWLANDS ROAD,140,N, ,BLACK ROCK ROAD,201152087,29/05/11,Sun,710,DB,VS1VC,101A 110A ,M,E,W,DO,FF, ,N,C,50,0,0,0,,,1752461,5434428,-41.22718003,174.8190403
Wellington City,NEWLANDS ROAD,, ,I,BRACKEN ROAD,201154372,23/08/11,Tue,139,CA,CE1,103A 129A 131A ,S,E,D,DO,F ,R,G,R,50,0,0,0,,,1752861,5434835,-41.2234402,174.8237086
Wellington City,NEWLANDS ROAD,150,E, ,HURRING PLACE,201112193,10/05/11,Tue,730,LB,MW1C,303B 382B 929 ,,R,W,O ,LS,D,N,C,50,0,0,1,,,1752078,5434041,-41.23073641,174.8145692
Wellington City,NEWLANDS ROAD,, ,I,HURRING PLACE,201111392,23/02/11,Wed,605,LB,SW14,602A 303B 375B ,,R,D,TO,F ,T,G,P,50,0,0,1,,39,1751945,5433974,-41.23136463,174.8129997
Wellington City,NEWLANDS ROAD,100,S, ,SALFORD ST,201112452,1/05/11,Sun,315,EA,VS1C,103A 129A 359A ,M,E,D,DO,F , ,N,C,50,0,0,1,,,1752360,5434127,-41.22990906,174.8179109
Wellington City,NEWLANDS ROAD,50,S, ,STELLA GROVE,201151056,18/03/11,Fri,2053,EA,CN1C,501A ,M,E,D,DO,F , ,N,C,50,0,0,0,,,1752481,5434494,-41.22658204,174.8192623
Wellington City,NEWLANDS ROAD,, ,I,WAKELY ROAD,201155220,26/11/11,Sat,1715,DA,CS1,131A 423A 502A 922 ,,E,D,B ,F ,D,N,C,50,0,0,0,,,1752367,5434126,-41.22991674,174.8179947
Wellington City,NEWTOWN AVENUE,50,E, ,RIDDIFORD ST,201150189,28/01/11,Fri,1158,FD,CW1C,357A 512A ,,R,D,B ,F , ,N,N,50,0,0,0,,,1749041,5424834,-41.3141965,174.7806009
Wellington City,NGAIO GORGE ROAD,, ,I,KAIWHARAWHARA ROAD,201152089,5/05/11,Thu,1000,DB,CS1,111A ,,S,W,O ,F ,Y,N,L,50,0,0,0,,,1749073,5431191,-41.25695575,174.7794269
Wellington City,NORTHLAND ROAD,100,S, ,NORTHLAND TUNNEL ROAD,201151412,23/03/11,Wed,1703,BB,CW1C,120A 300A 820 ,,M,D,O ,F , ,N,C,50,0,0,0,,,1747108,5428139,-41.28479472,174.7567188
Wellington City,NORTHLAND ROAD,, ,I,NORTHLAND TUNNEL ROAD,201111910,10/06/11,Fri,1750,GE,MS1C,157A 402A 403A ,,R,W,DO,L ,T,G,C,50,0,0,1,,,1747066,5428226,-41.28401906,174.7561965
Wellington City,OHARIU VALLEY ROAD,1400,N, ,CORTINA AVENUE,201152507,8/04/11,Fri,1940,DA,CS1,131A 402A ,FP,S,D,DN,F , ,N,C,100,0,0,0,,,1749919,5436233,-41.21140376,174.7882826
Wellington City,OHARIU VALLEY ROAD,100,E, ,RIFLE RANGE ROAD,201151677,18/02/11,Fri,1415,MO,CW14,371A 929 ,,M,D,B ,F ,D,N,C,50,0,0,0,,,1748803,5436496,-41.20924173,174.7749128
Wellington City,OHARIU VALLEY ROAD,50,N, ,RIFLE RANGE ROAD,201113018,8/11/11,Tue,945,MD,4S1C,330B 371B 929 ,F,R,D,B ,FS,D,N,C,50,0,1,1,,,1748700,5436496,-41.20926066,174.7736847
Wellington City,OHARIU VALLEY ROAD,170,N, ,TAKARAU GORGE ROAD,201111805,2/05/11,Mon,1600,BC,TS1V,121A 135A 120B 135B 818 831 850 +,,S,W,O ,H , ,N,N,70,0,1,1,,,1748654,5436609,-41.2082517,174.7731088
Wellington City,OHIRO ROAD,, ,I,BROOKLYN ROAD,201150876,26/02/11,Sat,1026,JA,SN1C,303B 375B 402B 403B ,,E,D,B ,F ,T,G,R,50,0,0,0,,,1747693,5426137,-41.30271293,174.7641873
Wellington City,OHIRO ROAD,50,N, ,TANERA CRESCENT,201153138,31/05/11,Tue,930,DB,CN1,110A 131A ,ET,E,D,B ,F , ,N,C,50,0,0,0,,,1747820,5426375,-41.30054684,174.7656458