TLA NAME,CRASH ROAD,CRASH DIST,CRASH DIRN,INTSN,SIDE ROAD,CRASH ID,CRASH DATE,CRASH DOW,CRASH TIME,MVMT,VEHICLES,CAUSES,OBJECTS STRUCK,ROAD CURVE,ROAD WET,LIGHT,WTHRa,JUNC TYPE,TRAF CTRL,ROAD MARK,SPD LIM,CRASH FATAL CNT,CRASH SEV CNT,CRASH MIN CNT,PERS AGE1,PERS AGE2,EASTING,NORTHING,latitude,longitude
Wellington City,OHIRO ROAD,60,N, ,TANERA CRESCENT,201111699,27/04/11,Wed,2015,DB,CN1,111A 135A 801 ,ET,M,W,DO,L , ,N,N,50,0,1,1,,,1747826,5426383,-41.30047372,174.7657155
Wellington City,OHIRO ROAD,250,N, ,TANERA CRESCENT,201151893,22/04/11,Fri,1948,DA,CN1,111A 131A ,CET,M,D,DO,F , ,N,C,50,0,0,0,,,1747904,5426545,-41.29900086,174.7666073
Wellington City,OHIRO ROAD,, ,I,TANERA CRESCENT,201111969,24/06/11,Fri,920,LB,VN1M,353A 375A ,,S,D,B ,F ,Y,N,C,50,0,0,1,,,1747783,5426342,-41.30085074,174.765212
Wellington City,OHIRO ROAD,, ,I,TODMAN ST,201151408,15/04/11,Fri,1401,LB,CN1C,303B ,,E,W,O ,L ,X,T,C,50,0,0,0,,,1747614,5425845,-41.3053564,174.7633149
Wellington City,OHIRO ROAD,, ,I,TODMAN ST,201112868,23/07/11,Sat,1150,NA,TN1E,306A 330A 901 ,,R,W,O ,H ,X,T,X,50,0,0,1,71,,1747614,5425845,-41.3053564,174.7633149
Wellington City,OLD KARORI ROAD,40,W, ,PAISLEY TERRACE,201155235,13/09/11,Tue,1514,DA,CE1,110A 129A 135A 803 905 ,P,M,I,O ,SF, ,N,C,50,0,0,0,,,1746721,5428747,-41.27939096,174.751953
Wellington City,OLD KARORI ROAD,15,S, ,ROSEHAUGH AVENUE,201151061,28/03/11,Mon,1308,JA,CN1C,113A 124B ,,M,D,O ,F ,Y,S,C,50,0,0,0,,,1746682,5428662,-41.28016335,174.751508
Wellington City,OMAR ST,, ,I,RANGOON ST,201150960,19/02/11,Sat,35,DB,CN1,101A 341A ,CI,R,D,DO,F ,T,G,R,50,0,0,0,,,1750575,5433061,-41.23984094,174.7968859
Wellington City,ONEPU ROAD,, ,I,COUTTS ST,201150541,15/02/11,Tue,1620,LB,CN1C,303B 353B ,,R,D,B ,F ,X,T,C,50,0,0,0,,,1750285,5424148,-41.32014194,174.7956256
Wellington City,ONEPU ROAD,80,S, ,RONGOTAI ROAD,201150452,29/01/11,Sat,1515,FD,CN1CC,181A ,,R,W,O ,L , ,N,C,50,0,0,0,,,1750325,5424288,-41.31887402,174.7960687
Wellington City,ONSLOW ROAD,, ,I,HUTT ROAD,201153227,14/07/11,Thu,420,DB,CE2,111A 131A ,EG,M,D,DO,F ,T,T,C,50,0,0,0,,,1750842,5431430,-41.25447572,174.8004738
Wellington City,ORANGI KAUPAPA ROAD,40,W, ,GLENMORE ST,201150959,28/02/11,Mon,805,QD,CN1C,428A ,M,M,D,B ,F , ,N,C,50,0,0,0,,,1747547,5428311,-41.28316601,174.7619172
Wellington City,ORIENTAL PARADE,, ,I,CABLE ST,201111908,21/06/11,Tue,1715,GB,CS1M,158A 353A 930 ,,R,D,O ,F ,D,T,C,50,0,0,1,,,1749487,5427226,-41.29257788,174.7853391
Wellington City,ORIENTAL PARADE,20,E, ,HAY ST,201113044,19/11/11,Sat,1105,FC,SE1V,181A 331A ,,R,D,B ,F , ,N,X,50,0,1,0,,58,1750289,5427364,-41.29118649,174.7948789
Wellington City,ORIENTAL PARADE,250,W, ,HAY ST,201112547,12/01/11,Wed,1800,GB,SE1C,330A 370A 141B 372B ,,R,D,B ,F , ,N,C,50,0,1,0,,29,1750034,5427405,-41.29086479,174.7918248
Wellington City,ORIENTAL PARADE,100,E, ,HERD ST,201150544,21/02/11,Mon,1615,FD,CE14,386A 507A ,,R,D,B ,F , ,N,P,50,0,0,0,,,1749690,5427321,-41.29168493,174.7877391
Wellington City,ORIENTAL PARADE,100,E, ,HERD ST,201112714,6/09/11,Tue,2244,NB,CE1E,306A 387A 412A ,,R,D,DO,FS, ,N,X,50,0,0,1,32,,1749690,5427321,-41.29168493,174.7877391
Wellington City,ORIENTAL PARADE,200,E, ,HERD ST,201111167,11/01/11,Tue,1633,MF,SE14,158A 192B 352B 371B ,,R,D,B ,F , ,N,P,50,0,1,0,,27,1749789,5427330,-41.29158554,174.7889187
Wellington City,ORIENTAL PARADE,250,E, ,HERD ST,201111310,11/02/11,Fri,1822,LB,SS14,132A 158A 314B 377B 929 ,,R,D,B ,F ,D,N,P,50,0,0,1,,51,1749833,5427356,-41.29134329,174.7894375
Wellington City,ORIENTAL PARADE,70,E, ,ORIENTAL TERRACE,201112466,4/08/11,Thu,1640,MA,CE1CC,372B ,M,M,D,TF,F , ,N,C,50,0,0,1,,,1750243,5427356,-41.29126708,174.7943318
Wellington City,ORIENTAL PARADE,40,W, ,ORIENTAL TERRACE,201151228,23/04/11,Sat,1709,FC,CW1C,331A ,,R,D,DO,F , ,N,X,50,0,0,0,,,1750134,5427355,-41.29129636,174.7930309
Wellington City,OWEN ST,50,S, ,BALMORAL TERRACE,201111146,23/01/11,Sun,1615,EE,SN1C,374B ,Q,R,W,O ,H , ,N,C,50,0,0,1,,27,1749441,5424597,-41.31625628,174.7854357
Wellington City,OXFORD ST,30,N, ,MELVILLE ST,201153519,27/08/11,Sat,1225,DA,CS1,427A 507A 925 ,X,R,D,B ,F ,D,N,C,50,0,0,0,,,1753255,5440772,-41.16991286,174.8269196
Wellington City,PARA ST,, ,I,AWA ROAD,201112467,2/08/11,Tue,1730,LB,CS1C,303B 387B ,,R,D,TO,F ,T,G,N,50,0,0,3,,,1752560,5424884,-41.31308843,174.8226099
Wellington City,PARK ROAD,, ,I,BRUSSELS ST,201112072,29/04/11,Fri,1345,LB,CN1C,303B 501B 817 ,,R,D,B ,F ,X,G,N,50,0,0,2,,,1752213,5424856,-41.31340607,174.8184733
Wellington City,PARK ROAD,, ,I,REX ST,201112429,28/06/11,Tue,1229,HA,CS1CC,302B 382B 507B ,M,R,D,O ,F ,X,G,C,50,0,0,1,,,1752278,5424964,-41.31242146,174.8192225
Wellington City,PARK ST,, ,I,BURNELL AVENUE,201112942,28/10/11,Fri,1740,NA,CS2E,387A 711B ,,R,D,O ,F ,T,N,C,50,0,0,1,35,,1748835,5429603,-41.27129715,174.776975
Wellington City,PHILLIP ST,80,N, ,BRODERICK ROAD,201155735,25/12/11,Sun,105,CB,CS1,112A 130A 433A ,F,R,D,DO,F , ,N,C,50,0,0,0,,,1750999,5434867,-41.22350171,174.8014967
Wellington City,PIRIE ST,40,E, ,BROUGHAM ST,201112904,2/11/11,Wed,2013,BE,VW1BCV,103A 112A 512A ,M,R,D,DO,F , ,N,C,50,0,1,0,,,1749457,5426617,-41.2980665,174.7851305
Wellington City,PIRIE ST,, ,I,BROUGHAM ST,201151233,9/04/11,Sat,2120,GD,CW1C,358A ,,R,D,DO,F ,X,G,R,50,0,0,0,,,1749420,5426633,-41.2979293,174.7846849
Wellington City,PITT ST,, ,I,SLIP,201150454,12/01/11,Wed,1746,BB,CW1V,124A ,,R,D,O ,F ,T,N,N,50,0,0,0,,,1748734,5430624,-41.26212319,174.7755206
Wellington City,QUEBEC ST,30,S, ,CABOT PLACE,201112712,19/07/11,Tue,2010,CB,CS1,103A 130A ,H,R,D,O ,F , ,N,C,50,0,0,1,,,1747559,5423954,-41.32239203,174.763117
Wellington City,QUEENS DRIVE,100,N, ,SLIP,201150195,16/01/11,Sun,1715,FO,CN1CC,181A 191B 156C ,,M,D,B ,FS, ,N,C,50,0,0,0,,,1749944,5422318,-41.33668148,174.7920048
Wellington City,RAKAU ROAD,, ,I,ARIKI ROAD,201153146,1/08/11,Mon,1420,JA,CN1C,309B 375B ,,M,D,B ,F ,T,N,C,50,0,0,0,,,1750546,5426501,-41.29890848,174.7981602
Wellington City,RAROA CRESCENT,, ,I,CHAYTOR ST,201112690,13/09/11,Tue,1300,DA,PE1,135A 800 ,C,E,W,O ,L ,T,G,C,50,0,1,0,,,1746887,5428152,-41.28471791,174.7540777
Wellington City,RAROA ROAD,, ,I,ENTRANCE ST,201152712,25/07/11,Mon,1100,BD,CW1C,121A 123B ,,M,D,O ,FS,T,N,C,50,0,0,0,,,1747429,5427249,-41.2927493,174.7607659
Wellington City,RATA ROAD,110,S, ,EVANS BAY PARADE,201152428,3/07/11,Sun,320,DB,CE1,103A 110A 131A ,EFK,S,D,DO,F , ,N,C,50,0,0,0,,,1750600,5425768,-41.30549783,174.7989863
Wellington City,RAWHITI TERRACE,100,N, ,GLASGOW ST,201153377,21/05/11,Sat,1005,MG,TN14,386A ,M,R,D,B ,F , ,N,N,50,0,0,0,,,1747993,5427902,-41.28676682,174.76734
Wellington City,REWA TERRACE,20,N, ,ESSEX ST,201112666,27/08/11,Sat,1505,MO,CN1,130A 423A 927 ,H,R,D,O ,F ,D,N,N,50,0,0,1,,,1753035,5440825,-41.16947724,174.8242851
Wellington City,REX ST,15,W, ,PARA ST,201150294,16/01/11,Sun,134,MO,CE1X,101A 357A 512A ,Q,R,D,DO,F ,T,N,N,50,0,0,0,,,1752482,5424843,-41.3134723,174.8216888
Wellington City,RIDDIFORD ST,50,S, ,ADELAIDE ROAD,201112759,16/09/11,Fri,2230,MA,PS14,402A 330B 373B 386B ,,E,D,DO,F , ,N,L,50,0,1,0,,,1748842,5425559,-41.30770577,174.7780471
Wellington City,RIDDIFORD ST,, ,I,ADELAIDE ROAD,201113199,24/10/11,Mon,1544,FE,CN1CCC,103A 181A 330A ,,R,D,B ,F ,X,T,C,50,0,1,0,,,1748832,5425608,-41.30726645,174.7779157
Wellington City,RIDDIFORD ST,60,N, ,CONSTABLE ST,201111650,15/04/11,Fri,1645,EE,SN1VC,158A 190A ,Q,R,W,O ,L , ,N,C,40,0,0,1,,,1748967,5424942,-41.3132378,174.7796908
Wellington City,RIDDIFORD ST,, ,I,DONALD MCLEAN ST,201150655,16/02/11,Wed,1310,KB,VS1C,370A 370B 922 ,,R,D,B ,F ,D,G,C,50,0,0,0,,,1749021,5424680,-41.31558671,174.7803998
Wellington City,RIDDIFORD ST,20,S, ,GREEN ST,201151558,18/04/11,Mon,1315,EC,TN1,386A 814 ,H,R,D,O ,F , ,N,C,50,0,0,0,,,1748949,5425021,-41.31252986,174.7794565
Wellington City,RIDDIFORD ST,50,N, ,HALL ST,201153300,11/06/11,Sat,1405,MA,4N1CC,373B ,,R,D,B ,F , ,N,C,40,0,0,0,,,1748907,5425250,-41.31047583,174.7788989
Wellington City,RIDDIFORD ST,, ,I,HALL ST,201111607,30/03/11,Wed,730,LB,MN1C,324A 303B ,,R,D,B ,F ,X,T,C,50,0,0,1,,,1748917,5425201,-41.31091515,174.7790303
Wellington City,RIDDIFORD ST,, ,I,MEIN ST,201150668,19/02/11,Sat,1440,FE,MS1C,386A ,,R,D,B ,F ,X,T,L,50,0,0,0,,,1748917,5425201,-41.31091515,174.7790303
Wellington City,RIDDIFORD ST,10,S, ,NEWTOWN AVENUE,201151644,7/05/11,Sat,1826,MA,CS1C,386A 371B ,,R,D,DO,F ,T,N,C,40,0,0,0,,,1748994,5424814,-41.31438525,174.7800445
Wellington City,RIDDIFORD ST,, ,I,REGINA TERRACE,201111142,28/01/11,Fri,1750,LB,PS1C,303B 314B 377B ,,R,D,O ,F ,T,G,C,50,0,0,1,,,1748891,5425323,-41.30982154,174.77869
Wellington City,RIDDIFORD ST,, ,I,RHODES ST,201150656,24/02/11,Thu,1620,FB,CS1C,181A ,,E,D,B ,F ,R,G,R,30,0,0,0,,,1749042,5424562,-41.31664523,174.7806795
Wellington City,RIDDIFORD ST,, ,I,RUSSELL TERRACE,201150292,21/01/11,Fri,2115,CB,CS1C,103A 111A 403A ,IM,R,D,DO,F ,R,G,R,40,0,0,0,,,1749047,5424556,-41.31669833,174.7807407
Wellington City,RIDDIFORD ST,15,S, ,WILSON ST,201112313,13/07/11,Wed,2200,EE,SS1C,357B 374B 410B ,M,R,D,DO,F , ,N,P,40,0,0,1,,25,1748964,5424955,-41.31312131,174.7796518
Wellington City,RINTOUL ST,50,S, ,BLYTHE ST,201111349,23/02/11,Wed,1220,NB,VS1E,711B 712B ,,R,D,B ,F , ,N,C,50,0,0,1,53,,1748779,5423849,-41.32311321,174.7777132
Wellington City,RINTOUL ST,150,S, ,BRIXHAM WAY,201152975,29/06/11,Wed,1642,BE,CN14,137A 832 927 ,,R,D,O ,F ,D,N,C,50,0,0,0,,,1748820,5424547,-41.31682128,174.7780321
Wellington City,RINTOUL ST,, ,I,BRIXHAM WAY,201112631,18/09/11,Sun,1100,MO,CN1C,330B 371B ,F,R,W,O ,L ,T,N,C,50,0,0,1,,,1748828,5424696,-41.3154783,174.7780911
Wellington City,RINTOUL ST,30,S, ,COLOMBO ST,201152289,11/06/11,Sat,1330,MO,CN1C,386A ,M,R,D,O ,F , , ,C,50,0,0,0,,,1748898,5424999,-41.31273735,174.7788529
Wellington City,RINTOUL ST,, ,I,COLOMBO ST,201112839,14/10/11,Fri,2345,NA,CS1E,712B 713B ,,R,W,DO,L ,T,N,C,50,0,1,0,19,,1748905,5425029,-41.31246595,174.7789291
Wellington City,RINTOUL ST,, ,I,LUXFORD ST,201111965,10/06/11,Fri,1440,LB,CN1S,301A 375A ,,E,W,O ,LS,X,S,C,50,0,0,1,,25,1748800,5424200,-41.31994915,174.7778781
Wellington City,RINTOUL ST,200,S, ,STOKE ST,201113386,22/12/11,Thu,1120,BF,CN1CC,111A 131A 330A 197B ,M,E,D,B ,F , ,N,C,50,0,0,1,,,1748824,5424618,-41.3161813,174.7780624
Wellington City,RINTOUL ST,, ,I,WARIPORI ST,201112961,15/10/11,Sat,1620,LB,MS1C,303B 375B ,,R,D,O ,F ,X,T,N,50,0,1,1,,,1748808,5424326,-41.31881324,174.7779428
Wellington City,ROBERTS ST,50,W, ,TREMEWAN ST,201111622,10/04/11,Sun,1232,DA,CW1C,103A 503A ,M,M,D,B ,F , ,N,N,50,0,0,1,,,1754270,5442667,-41.15265901,174.8385362
Wellington City,RONGOTAI ROAD,50,W, ,BAY ROAD,201150522,18/02/11,Fri,1155,MA,CW1C,386B ,,R,D,B ,F , ,N,P,50,0,0,0,,,1750192,5424411,-41.3177914,174.79445
Wellington City,RONGOTAI ROAD,, ,I,CHILDERS TERRACE,201150540,9/02/11,Wed,1530,KB,CW1C,301B 378B 833 ,,M,D,B ,F ,X,S,C,50,0,0,0,,,1750125,5424428,-41.31765081,174.7936457
Wellington City,RONGOTAI ROAD,, ,I,MAHORA ST,201151552,8/05/11,Sun,1034,FC,CW1C,331A ,,R,D,B ,F ,T,G,X,50,0,0,0,,,1750445,5424343,-41.31835646,174.7974882
Wellington City,RONGOTAI ROAD,15,E, ,TE WHITI ST,201112767,15/09/11,Thu,845,FA,4W14,181A 331A ,,R,D,B ,F , ,N,R,50,0,0,1,,,1750726,5424264,-41.31901525,174.8008635
Wellington City,ROXBURGH ST,20,N, ,HAWKER ST,201150194,13/01/11,Thu,1300,MO,TS1C,371A ,M,R,D,B ,F , ,N,C,50,0,0,0,,,1749722,5427125,-41.29344366,174.7881693
Wellington City,RUSSELL TERRACE,, ,I,WARIPORI ST,201150982,21/03/11,Mon,1455,GD,CS1C,181A 331A 191B ,,R,D,B ,F ,T,S,C,50,0,0,0,,,1749023,5424313,-41.31889059,174.7805136
Wellington City,SALAMANCA ROAD,200,E, ,KELBURN PARADE,201151618,1/04/11,Fri,928,EA,CS1C,129A 507A ,MT,E,D,B ,F , ,N,C,50,0,0,0,,,1748212,5427719,-41.28837428,174.7699987
Wellington City,SALAMANCA ROAD,, ,I,KELBURN PARADE,201151676,26/03/11,Sat,629,BC,CN1TC,111A 402A 431A 181C 431C ,,S,W,DO,L ,T,G,C,50,0,0,0,,,1748148,5427897,-41.28678341,174.7691914
Wellington City,SALEK ST,100,S, ,RONGOTAI ROAD,201152449,21/06/11,Tue,845,MD,MS1C,371B 929 ,,R,D,O ,F ,D,N,P,50,0,0,0,,,1750773,5424150,-41.32003284,174.8014531
Wellington City,SAR ST,400,N, ,FRANDI ST,201150766,17/03/11,Thu,1451,BD,CN1C,110A ,,S,D,O ,F , ,N,N,50,0,0,0,,,1749440,5430402,-41.2639917,174.783999
Wellington City,SEVERN ST,50,N, ,MOSELLE ST,201155530,9/12/11,Fri,400,CC,CN1C,103A 112A ,,R,W,DO,L , ,N,C,50,0,0,0,,,1747970,5421972,-41.3401615,174.7685083
Wellington City,SHELL LANE,, ,I,THE TERRACE,201150405,12/01/11,Wed,1700,FB,CE1C,331A ,,R,D,B ,F ,T,N,N,50,0,0,0,,,1748629,5428355,-41.28257142,174.7748211
Wellington City,SHELLY BAY ROAD,40,N, ,MIRAMAR AVENUE,201112986,29/10/11,Sat,940,AF,TS1S,184B 381B ,,R,D,O ,F , ,N,C,50,0,0,1,,27,1751650,5424772,-41.31426839,174.8117714
Wellington City,SHELLY BAY ROAD,800,N, ,MIRAMAR AVENUE,201155730,21/11/11,Mon,2145,CB,CS1,130A 504A ,C,R,D,DN,F , ,N,C,50,0,0,0,,,1751846,5425498,-41.30769517,174.8139307
Wellington City,SLIP,, ,I,HINEMOA ST,201150095,12/01/11,Wed,1701,FE,CS1T,331A ,,R,D,B ,F ,X,T,C,50,0,0,0,,,1749417,5428989,-41.27671782,174.784071
Wellington City,SOUTHGATE ROAD,, ,I,MELROSE ROAD,201151157,4/04/11,Mon,852,JA,BS1C,378B 386B 830 ,,E,D,B ,F ,T,S,C,50,0,0,0,,,1749030,5422251,-41.33745423,174.7811029
Wellington City,SPENMOOR ST,40,W, ,WAKELY ROAD,201150637,17/01/11,Mon,1110,DB,CW1,110A 131A 402A ,K,E,D,B ,F , ,N,N,50,0,0,0,,,1752302,5434008,-41.23099138,174.8172489
Wellington City,ST MICHAELS CRESCENT,, ,I,UPLAND ROAD,201112622,16/08/11,Tue,1624,NF,CE2E,370A ,,M,W,O ,H ,T,N,C,50,0,1,0,20,,1747649,5427640,-41.28918872,174.7632973
Wellington City,STEWART DRIVE,90,W, ,BRACKEN ROAD,201153607,16/05/11,Mon,1510,GD,ME1X,181A 387A 372B 930 ,,R,D,B ,F ,D,N,C,50,0,0,0,,,1752749,5434968,-41.22226391,174.8223398
Wellington City,STEWART DUFF DRIVE,200,N, ,MOA POINT ROAD,201151410,29/04/11,Fri,1220,CB,CS1,410A ,P,R,D,B ,F , ,N,C,50,0,0,0,,,1751491,5422510,-41.33466356,174.8104365
Wellington City,STEWART DUFF DRIVE,380,N, ,MOA POINT ROAD,201113219,23/12/11,Fri,2104,DB,CN1,103A 131A 359A ,F,E,D,TF,F , ,N,C,50,0,0,1,,,1751649,5422587,-41.3339406,174.8123046
Wellington City,STOKE ST,, ,I,KENWYN TERRACE,201150932,21/02/11,Mon,758,JA,CE1C,197A 303B 375B ,,E,D,B ,F ,T,N,N,50,0,0,0,,,1748785,5424833,-41.31425276,174.7775441
Wellington City,STOUT ST,, ,I,WHITMORE ST,201153920,11/09/11,Sun,1500,HA,CE1C,322B 334B 351B ,,R,D,B ,F ,X,T,C,50,0,0,0,,,1748881,5428585,-41.2804542,174.7777727
Wellington City,STRATHMORE AVENUE,150,S, ,BROADWAY,201111851,13/04/11,Wed,1845,GE,MS1C,333A 929 ,,R,D,DO,F ,D,N,N,50,0,0,1,,,1752348,5423456,-41.32598504,174.8204362
Wellington City,STRATHMORE AVENUE,150,N, ,ELPHINSTONE AVENUE,201154662,17/10/11,Mon,2116,CC,CS1C,110A 131A 400A ,KM,R,W,DO,F , ,N,C,50,0,0,0,,,1752363,5423161,-41.32863814,174.8206893
Wellington City,SUTHERLAND ROAD,, ,I,CARLTON ST,201152601,9/07/11,Sat,511,DB,CN1C,103A 111A ,FM,M,D,DO,F ,Y,N,C,50,0,0,0,,,1749865,5423341,-41.32748578,174.7908087
Wellington City,TACY ST,50,N, ,KEMP ST,201155027,9/10/11,Sun,1330,BA,CN1C,357A 512A ,,R,D,B ,F , ,N,C,50,0,0,0,,,1750480,5424493,-41.31699944,174.797869
Wellington City,TAKAPU ROAD,, ,A,JAMAICA DVE WALKWY ENT,201152079,19/05/11,Thu,1500,GD,CE1C,331A 363A 902 920 ,,R,D,B ,F ,D,N,C,50,0,0,0,,,1753718,5439040,-41.18541898,174.832871
Wellington City,TAKAPU ROAD,, ,I,TAWA OFF SBD,201152070,28/05/11,Sat,1746,LB,CS1C,303B 375B ,,R,D,DO,F ,X,S,C,50,0,0,0,,,1753701,5439145,-41.18447686,174.8326421
Wellington City,TAKAPU ROAD,, ,I,TAWA OFF SBD,201153775,9/09/11,Fri,1640,HA,CN1C,301A ,,R,D,B ,F ,X,S,R,50,0,0,0,,,1753701,5439145,-41.18447686,174.8326421
Wellington City,TAKAPU ROAD,, ,I,TAWA OFF SBD,201151661,25/01/11,Tue,1835,EC,TS1,124A 386A ,S,R,D,O ,F ,X,S,C,50,0,0,0,,,1753701,5439145,-41.18447686,174.8326421
Wellington City,TAKAPU ROAD,, ,I,TAWA OFF SBD,201154730,29/09/11,Thu,1735,HA,VS1C,301A 363A 375A ,,R,D,B ,F ,X,S,P,50,0,0,0,,,1753701,5439145,-41.18447686,174.8326421
Wellington City,TAKAPU ROAD,, ,I,TAWA OFF SBD,201152200,6/05/11,Fri,1454,LB,VS24,301B 382B ,,R,D,O ,F ,X,S,C,50,0,0,0,,,1753701,5439145,-41.18447686,174.8326421
Wellington City,TAKATIMU WAY,40,S, ,BRODERICK ROAD,201155346,30/11/11,Wed,905,CA,MN1C,130A 191A 377A 377B 811 839 ,,R,D,O ,F , ,N,N,50,0,0,0,,,1751194,5434718,-41.22480681,174.8038589
Wellington City,TANERA CRESCENT,, ,I,OHIRO ROAD S,201150767,6/03/11,Sun,1331,MG,XS1C,181A 371B ,,E,W,O ,L ,T,S,C,50,0,0,0,,,1747667,5426101,-41.30304181,174.7638856
Wellington City,TARANAKI ST,15,S, ,CABLE ST,201150659,20/02/11,Sun,510,GO,CN1C,331A 922 ,,R,D,DO,F ,D,N,C,50,0,0,0,,,1749045,5427459,-41.29056181,174.7800057
Wellington City,TARANAKI ST,, ,I,COURTENAY PLACE,201153404,9/02/11,Wed,2146,MG,CS1C,101B 371B 386B ,,R,D,DO,F ,X,T,C,50,0,0,0,,,1748949,5427247,-41.29248826,174.7789116
Wellington City,TARANAKI ST,20,S, ,DIXON ST,201154040,16/09/11,Fri,1400,AA,CN1C,372A 387B ,,R,D,B ,F , ,N,C,50,0,0,0,,,1748940,5427229,-41.29265198,174.7788085
Wellington City,TARANAKI ST,, ,I,DIXON ST,201150185,29/01/11,Sat,1221,FA,TN1C,129A 386A 129 ,,R,D,B ,F ,M,T,C,30,0,0,0,,,1748949,5427247,-41.29248826,174.7789116
Wellington City,TARANAKI ST,, ,I,FREDERICK ST,201154167,5/09/11,Mon,1610,NA,CN1E,105B 711B ,,R,D,B ,F ,T,N,P,50,0,0,0,,,1748765,5426857,-41.29603353,174.7768104
Wellington City,TARANAKI ST,50,S, ,GHUZNEE ST,201152282,29/06/11,Wed,1010,AA,TN1C,372A ,,R,W,O ,F , ,N,C,50,0,0,0,,,1748845,5427034,-41.29442518,174.7777222
Wellington City,TARANAKI ST,, ,I,MARTIN SQUARE,201151561,16/05/11,Mon,1010,MA,VS1C,373B ,,R,D,B ,F ,T,N,P,50,0,0,0,,,1748730,5426774,-41.29678727,174.7764128
Wellington City,TARANAKI ST,, ,I,MARTIN SQUARE,201150191,2/02/11,Wed,945,EO,TN1,680A ,X,R,D,O ,F ,T,N,C,50,0,0,0,,,1748702,5426713,-41.29734164,174.7760934
Wellington City,TARANAKI ST,, ,I,MARTIN SQUARE S,201111496,24/03/11,Thu,1345,JA,TS1C,377A 303B 314B 387B ,,R,D,B ,F ,T,N,C,50,0,0,1,,,1748702,5426713,-41.29734164,174.7760934
Wellington City,TARANAKI ST,80,S, ,VIVIAN ST,201150372,8/02/11,Tue,1645,AA,CN1V,372A ,,R,D,B ,F , ,N,P,50,0,0,0,,,1748760,5426844,-41.2961515,174.7767539
Wellington City,TARANAKI ST,, ,I,WAKEFIELD ST,201151208,22/03/11,Tue,1017,AA,4N1B,173A ,,R,D,O ,F ,M,T,R,50,0,0,0,,,1749013,5427391,-41.29117995,174.7796403
Wellington City,TARANAKI ST,, ,I,WAKEFIELD ST,201112941,28/10/11,Fri,2220,NA,CN2E,105B 713B 718B ,,R,W,DO,L ,M,T,C,50,0,0,1,35,,1749013,5427391,-41.29117995,174.7796403
Wellington City,TARANAKI ST,20,S, ,WEBB ST,201152450,18/06/11,Sat,245,CA,CS1,103A 410A 602A ,,R,W,DO,F ,T,T,C,50,0,0,0,,,1748646,5426574,-41.29860343,174.7754588
Wellington City,TARANAKI ST,200,S, ,WEBB ST,201151411,10/05/11,Tue,1950,FC,CS1C,181A ,,R,D,DO,F , ,N,C,50,0,0,0,,,1748573,5426409,-41.30010244,174.7746276
Wellington City,TASMAN ST,50,N, ,RUGBY ST,201150710,10/02/11,Thu,1722,CA,CN1C,104A 137A ,M,R,D,B ,F , ,N,N,50,0,0,0,,,1748845,5426409,-41.30005232,174.777875
Wellington City,TASMAN ST,, ,I,RUGBY ST,201112091,15/04/11,Fri,435,AO,CS1S,386A 818 ,,R,D,DO,F ,T,N,C,50,0,1,0,,45,1748834,5426361,-41.30048651,174.7777554
Wellington City,TASMAN ST,, ,I,TAINUI TERRACE,201111477,13/03/11,Sun,1452,LB,MN1C,112A 303B 355B 375B ,,R,D,B ,F ,T,N,C,50,0,1,0,,,1748789,5426174,-41.30217845,174.7772639
Wellington City,TAUHINU ROAD,, ,I,BRUSSELS ST,201112627,7/09/11,Wed,1750,FO,SN1S,350A 386A ,,R,D,TF,F ,T,N,N,50,0,1,0,,28,1751992,5424987,-41.31226832,174.8158016
Wellington City,TAUHINU ROAD,25,N, ,MIRAMAR AVENUE,201154747,25/10/11,Tue,341,EA,CN1T,110A 129A ,M,R,W,DO,F , ,N,C,50,0,0,0,,,1751796,5424699,-41.31489816,174.8135331
Wellington City,TAVISTOCK ROAD,30,W, ,QUEENS DRIVE,201153614,6/06/11,Mon,1400,CB,CE1C,103A 129A ,M,R,D,O ,F , ,N,C,50,0,0,0,,,1749974,5423555,-41.32553881,174.7920578
Wellington City,TAWA OFF NBD,, ,I,TAKAPU ROAD,201112470,1/08/11,Mon,1620,FB,CN1V,181A 331A 353A ,,M,D,O ,F ,R,G,C,50,0,0,2,,,1753600,5439017,-41.18564844,174.8314705
Wellington City,TAWA OFF NBD,, ,I,TAKAPU ROAD,201154548,28/10/11,Fri,1535,FB,CN1C,181A 387A ,,M,W,O ,L ,R,G,C,50,0,0,0,,,1753600,5439017,-41.18564844,174.8314705
Wellington City,TAWA OFF SBD,, ,I,TAKAPU ROAD,201111080,12/01/11,Wed,1555,LB,CS1V,303B 355B 375B ,,R,D,B ,F ,X,S,C,50,0,0,1,,,1753701,5439145,-41.18447686,174.8326421
Wellington City,TAWA ON SBD,100,N, ,SH 1N,201153429,16/08/11,Tue,515,CB,CS1,135A 802 ,C,R,I,DO,FF, ,N,N,100,0,0,0,,,1753668,5438878,-41.18688701,174.8323158
Wellington City,TAWA ON SBD,30,S, ,TAKAPU ROAD N,201154277,27/10/11,Thu,1050,FA,CS1C,181A 331A ,,E,D,B ,F ,Y,N,N,50,0,0,0,,,1753689,5439117,-41.18473123,174.8325061