TLA NAME,CRASH ROAD,CRASH DIST,CRASH DIRN,INTSN,SIDE ROAD,CRASH ID,CRASH DATE,CRASH DOW,CRASH TIME,MVMT,VEHICLES,CAUSES,OBJECTS STRUCK,ROAD CURVE,ROAD WET,LIGHT,WTHRa,JUNC TYPE,TRAF CTRL,ROAD MARK,SPD LIM,CRASH FATAL CNT,CRASH SEV CNT,CRASH MIN CNT,PERS AGE1,PERS AGE2,EASTING,NORTHING,latitude,longitude
Wellington City,TAWA ST,20,E, ,MAIN ROAD,201153566,14/08/11,Sun,2211,EA,4E1CC,135A 802 ,M,R,I,DO,S , , ,C,50,0,0,0,,,1753116,5440152,-41.17552122,174.8254184
Wellington City,TAYLOR TERRACE,, ,I,TAWA TERRACE,201112741,4/10/11,Tue,1038,HA,CN1S,132B 302B 800 ,,R,W,O ,L ,R,G,C,50,0,0,1,,22,1753312,5440188,-41.17516005,174.8277449
Wellington City,THE ESPLANADE,50,S, ,BRIGHTON ST,201112943,16/10/11,Sun,1015,EE,SN1C,330B 374B ,Q,R,D,B ,F , ,N,C,50,0,1,0,,41,1748435,5421618,-41.34326317,174.7741499
Wellington City,THE ESPLANADE,230,S, ,HOUGHTON BAY ROAD,201111079,8/01/11,Sat,2125,BC,CN14,103A 121A ,,M,W,DO,FS, ,N,C,50,0,0,1,,,1749551,5421639,-41.34286775,174.7874773
Wellington City,THE ESPLANADE,400,E, ,SEVERN ST,201111395,22/02/11,Tue,15,DA,CW1,104A 110A ,,E,D,DO,F , ,N,C,50,0,0,1,,,1747736,5421085,-41.34819046,174.7659287
Wellington City,THE ESPLANADE,500,E, ,SEVERN ST,201152274,21/06/11,Tue,2340,DB,CE1C,111A 132A ,M,M,D,DO,F , ,N,C,50,0,0,0,,,1747833,5421108,-41.34796558,174.767082
Wellington City,THE PARADE,40,N, ,AVON ST,201150658,27/02/11,Sun,1735,MC,CN1C,372B ,,R,D,B ,F , ,N,P,50,0,0,0,,,1748408,5422753,-41.33304931,174.77355
Wellington City,THE PARADE,20,N, ,DEE ST,201151640,14/04/11,Thu,1840,CA,CS1C,133A 430A 922 ,,R,W,DO,L ,D,N,P,50,0,0,0,,,1748453,5423204,-41.32898049,174.7739773
Wellington City,THE PARADE,50,S, ,MEDWAY ST,201152000,8/06/11,Wed,1500,EA,CS1C,129A 927 ,M,R,D,O ,F ,D,N,C,50,0,0,0,,,1748382,5422503,-41.33530494,174.7733005
Wellington City,THE RIGI,30,S, ,GOVERNOR ROAD,201152413,25/06/11,Sat,2003,DB,CN1,102A 110A ,F,M,D,DO,F , ,N,N,50,0,0,0,,,1747232,5428098,-41.28514126,174.7582088
Wellington City,THE TERRACE,25,S, ,AURORA TERRACE,201111970,21/06/11,Tue,1408,EE,CN1C,330B 374B ,Q,R,D,O ,F , ,N,C,50,0,0,1,,,1748651,5428481,-41.28143293,174.775053
Wellington City,THE TERRACE,90,S, ,AURORA TERRACE,201111915,18/02/11,Fri,919,NF,4N1,376A 377A 713B 839 927 ,G,R,D,B ,F ,D, ,C,50,0,0,1,31,,1748640,5428417,-41.28201118,174.7749373
Wellington City,THE TERRACE,50,S, ,BOLTON ST,201151071,19/03/11,Sat,745,MO,TS1C,371A 927 ,M,R,D,B ,F , ,N,C,50,0,0,0,,,1748679,5428643,-41.27996921,174.7753476
Wellington City,THE TERRACE,15,N, ,DIXON ST,201152276,31/05/11,Tue,1730,FD,MS1C,181A ,,R,D,TF,F , ,N,C,50,0,0,0,,,1748334,5427539,-41.2899725,174.7714988
Wellington City,THE TERRACE,, ,I,DIXON ST,201153142,3/08/11,Wed,820,JA,SS1V,309B 377B 839 ,,R,D,B ,F ,T,N,C,50,0,0,0,,,1748329,5427525,-41.29009946,174.7714425
Wellington City,THE TERRACE,, ,I,GHUZNEE ST,201112464,6/08/11,Sat,1910,DB,PS1,131A 800 ,,M,D,DO,F ,T,G,C,50,0,0,1,,,1748255,5427358,-41.29161664,174.7705998
Wellington City,THE TERRACE,, ,I,MACDONALD CRESCENT,201111597,17/02/11,Thu,2126,NB,CS1E,713B ,,R,D,DO,F ,T,S,C,50,0,0,1,20,,1748304,5427470,-41.29059925,174.7711575
Wellington City,THE TERRACE,200,N, ,SALAMANCA ROAD,201151339,29/03/11,Tue,1530,GB,VS1T,158A 387A 175B 929 ,,R,D,B ,F ,D,N,C,50,0,0,0,,,1748455,5427856,-41.28709616,174.7728659
Wellington City,THE TERRACE,, ,I,SALAMANCA ROAD,201112093,6/07/11,Wed,1546,BC,SE1B,110A 122A ,,S,D,O ,F ,T,T,X,50,0,0,1,,20,1748381,5427671,-41.2887754,174.7720277
Wellington City,THE TERRACE,, ,I,TERRACE OFF SBD,201154887,19/11/11,Sat,2215,DA,CE2,103A 111A 433A 926 ,C,M,D,DO,F ,D,T,R,50,0,0,0,,,1748577,5428164,-41.28430065,174.774247
Wellington City,THE TERRACE,, ,I,TERRACE OFF SBD,201152344,21/06/11,Tue,1410,GD,CN1C,331A 927 ,,R,D,O ,F ,T,T,R,50,0,0,0,,,1748577,5428164,-41.28430065,174.774247
Wellington City,THOMPSON ST,40,N, ,NAIRN ST,201153101,21/07/11,Thu,2355,MO,VS1C,371A ,M,R,W,DO,F , ,N,N,50,0,0,0,,,1748240,5426414,-41.30011866,174.7706507
Wellington City,THOMPSON ST,150,S, ,WEBB ST,201112540,17/06/11,Fri,2000,LB,MN1C,102B 303B 375B ,,R,D,DO,F , ,N,N,50,0,1,0,,,1748299,5426588,-41.29854122,174.7713127
Wellington City,THORNDON QUAY,50,S, ,DAVIS ST,201113135,22/11/11,Tue,900,FD,MS1C,330A 401A 303B 314B 927 ,,R,D,B ,F ,D,N,C,50,0,0,1,,,1749381,5429195,-41.27486977,174.7835908
Wellington City,THORNDON QUAY,100,S, ,MOORE ST,201153072,21/06/11,Tue,1400,MO,4N1C,371A ,M,R,W,O ,F , ,N,C,50,0,0,0,,,1749154,5428986,-41.27679344,174.7809329
Wellington City,THORNDON QUAY,150,S, ,MOORE ST,201113043,24/11/11,Thu,830,MC,BS1C,350B 372B 901 ,,R,W,O ,H , ,N,C,50,0,0,1,,,1749135,5428940,-41.27721111,174.7807174
Wellington City,THORNDON QUAY,, ,I,MOORE ST,201112963,10/09/11,Sat,924,NA,SS1E,306A 383A 716B ,,R,D,O ,F ,T,N,P,50,0,1,0,,32,1749220,5429059,-41.276124,174.7817027
Wellington City,THORNDON QUAY,, ,I,MULGRAVE ST,201112688,12/09/11,Mon,1027,JA,VN1V,322A ,,M,W,O ,L ,T,T,C,50,0,1,6,,,1749084,5428833,-41.27818389,174.7801349
Wellington City,THORNDON QUAY,, ,I,MULGRAVE ST,201152285,13/06/11,Mon,1900,FE,CS1M,181A ,,R,D,O ,L ,T,T,R,50,0,0,0,,,1749084,5428833,-41.27818389,174.7801349
Wellington City,THORNDON QUAY,500,N, ,TINAKORI ROAD,201151224,29/03/11,Tue,2121,JA,CN1C,308B 377B 839 927 ,,R,D,DO,F ,D,N,C,50,0,0,0,,,1749263,5429527,-41.27190244,174.7821013
Wellington City,THORNDON QUAY,300,S, ,TINAKORI ROAD,201113167,29/09/11,Thu,1620,MB,SN1C,303B 375B ,,R,D,B ,F , ,N,L,50,0,1,0,,47,1749195,5429715,-41.27022235,174.7812437
Wellington City,THORNDON QUAY,350,S, ,TINAKORI ROAD,201153135,16/07/11,Sat,1518,MD,CN1C,308B 929 ,,R,D,O ,F ,D,N,L,50,0,0,0,,,1749212,5429668,-41.27064238,174.7814581
Wellington City,THORNDON QUAY,, ,I,TINAKORI ROAD,201152924,30/07/11,Sat,1038,JA,CN1V,302B ,,R,D,B ,F ,T,G,R,50,0,0,0,,,1749211,5430006,-41.26759939,174.7813634
Wellington City,TINAKORI OFF NBD,20,E, ,TINAKORI ROAD,201151994,27/05/11,Fri,1140,MG,CW1V,371B ,,E,D,B ,F ,X,T,R,50,0,0,0,,,1748465,5429075,-41.27611908,174.7726882
Wellington City,TINAKORI ROAD,50,N, ,BOWEN ST,201150954,14/03/11,Mon,925,EA,TS14,386A ,M,R,D,B ,F , ,N,C,30,0,0,0,,,1748202,5428817,-41.27849028,174.7696121
Wellington City,TINAKORI ROAD,100,N, ,BOWEN ST,201151166,13/04/11,Wed,1725,EA,CS1C,129A ,M,R,D,TF,F , ,N,C,30,0,0,0,,,1748235,5428854,-41.2781511,174.769997
Wellington City,TINAKORI ROAD,15,S, ,BOWEN ST,201150534,28/01/11,Fri,1130,FE,CS1C,331A ,,R,D,O ,F ,T,T,C,50,0,0,0,,,1748158,5428768,-41.27893953,174.7690989
Wellington City,TINAKORI ROAD,30,S, ,BOWEN ST,201151617,27/03/11,Sun,1540,FD,VS1CC,423A ,,R,D,O ,F , ,N,C,50,0,0,0,,,1748148,5428757,-41.2790404,174.7689822
Wellington City,TINAKORI ROAD,, ,I,HARRIETT ST,201111311,4/02/11,Fri,5,LB,VS1C,193B 303B ,,R,D,DO,F ,X,T,C,50,0,0,1,,,1748452,5429090,-41.27598642,174.7725294
Wellington City,TINAKORI ROAD,, ,I,HARRIETT ST,201112097,30/04/11,Sat,810,LB,SS1CS,102B 303B 375B ,,R,D,B ,F ,X,T,N,50,0,0,2,,50,1748452,5429090,-41.27598642,174.7725294
Wellington City,TINAKORI ROAD,15,N, ,HAWKESTONE ST,201152281,20/06/11,Mon,956,FC,CN1V,181A ,,R,W,O ,M , , ,C,50,0,0,0,,,1748588,5429237,-41.2746379,174.7741166
Wellington City,TINAKORI ROAD,10,N, ,LEWISVILLE TERRACE,201150981,15/03/11,Tue,1910,EE,CN1X,386A 374B 525B ,Q,R,W,TO,L ,X,N,C,30,0,0,0,,,1748185,5428798,-41.27866447,174.7694138
Wellington City,TINAKORI ROAD,, ,I,MOLESWORTH ST,201152713,25/07/11,Mon,1555,LB,CS1C,303B 427B ,,R,D,O ,F ,X,T,C,50,0,0,0,,,1748884,5429555,-41.27172029,174.7775715
Wellington City,TINAKORI ROAD,, ,I,THORNDON QUAY,201151555,9/05/11,Mon,1037,GF,TN1C,145A 172A 387B ,,M,D,O ,F ,T,G,R,50,0,0,0,,,1749211,5430006,-41.26759939,174.7813634
Wellington City,TINAKORI ROAD,, ,I,TINAKORI ON NBD,201151456,1/04/11,Fri,2140,LB,4S1C,322A ,,R,D,DO,F ,X,T,C,50,0,0,0,,,1748452,5429090,-41.27598642,174.7725294
Wellington City,TINAKORI ROAD,100,N, ,UPTON TERRACE,201152597,14/07/11,Thu,1100,CB,CS1CCC,130A 668A ,M,R,D,B ,F , ,N,C,30,0,0,0,,,1748358,5428988,-41.27692205,174.7714323
Wellington City,TIRANGI ROAD,80,N, ,KINGSFORD SMITH ST,201150705,26/01/11,Wed,1327,MC,VS1C,372B ,,E,D,B ,F , ,N,P,50,0,0,0,,,1750899,5423668,-41.32434885,174.8030775
Wellington City,TODMAN ST,90,S, ,MITCHELL ST,201155028,6/10/11,Thu,1030,BB,TN14,123A 375A 378A 818 ,,S,D,B ,F , ,N,C,50,0,0,0,,,1747294,5425765,-41.30613517,174.7595134
Wellington City,TORQUAY TERRACE,100,W, ,ADELAIDE ROAD,201154529,6/09/11,Tue,904,MO,CW1,423A 504A 929 ,H,R,D,B ,F ,D,N,N,50,0,0,0,,,1748556,5424719,-41.31532136,174.7748373
Wellington City,TORY ST,20,S, ,COLLEGE ST,201155357,15/11/11,Tue,1300,EO,TS1,129A 385A 386A ,H,R,D,B ,F , ,T,C,50,0,0,0,,,1749007,5426850,-41.29605191,174.7797011
Wellington City,TORY ST,50,S, ,COURTENAY PLACE,201150376,27/01/11,Thu,1755,MO,CS1C,386A 927 ,M,R,D,B ,F ,D,N,C,50,0,0,0,,,1749115,5427093,-41.29384414,174.7809309
Wellington City,TORY ST,, ,I,FREDERICK ST,201111660,8/05/11,Sun,8,PO,CS1E,386A 105B 722B ,,R,D,DO,L ,T,N,C,50,0,1,0,16,,1748968,5426763,-41.29684241,174.7792568
Wellington City,TORY ST,40,S, ,TENNYSON ST,201112454,7/07/11,Thu,907,NG,VS1E,330A 371A 640A ,,R,D,O ,F , ,N,C,50,0,1,0,74,,1749059,5426967,-41.29498891,174.7802933
Wellington City,TORY ST,, ,I,TENNYSON ST,201151611,17/04/11,Sun,137,FD,CN1C,181A ,,R,W,DO,L ,T,G,C,50,0,0,0,,,1749076,5427003,-41.29466165,174.7804874
Wellington City,TOTARA ROAD,200,N, ,CAMPERDOWN ROAD,201151409,29/04/11,Fri,1107,BB,TS14,123A ,,M,D,B ,F , ,N,C,50,0,0,0,,,1753020,5425801,-41.30474539,174.8278721
Wellington City,TREBANN ST,, ,I,BRACKEN ROAD,201154638,10/08/11,Wed,830,GB,CS1X,373A 175B 197B ,,E,D,B ,F ,T,N,C,50,0,0,0,,,1752770,5435142,-41.22069337,174.8225467
Wellington City,TRENT ST,50,E, ,THE PARADE,201152633,30/06/11,Thu,1200,EA,CE1CC,362A ,MM,R,W,O ,F , ,N,N,50,0,0,0,,,1748197,5421759,-41.3420375,174.7712721
Wellington City,TRINIDAD CRESCENT,80,N, ,MARK AVENUE,201154753,25/09/11,Sun,2330,DB,CS1C,102A 131A 501A ,M,M,D,DO,F , ,N,N,50,0,0,0,,,1752834,5436800,-41.20575375,174.8228953
Wellington City,UPLAND ROAD,50,W, ,PLUNKET ST,201151059,12/03/11,Sat,2111,BD,XW1X,129A 129B ,,R,D,DO,F , ,N,C,50,0,0,0,,,1747501,5427742,-41.28829742,174.7615059
Wellington City,VICTORIA ST,, ,I,ABEL SMITH ST,201111600,30/03/11,Wed,1305,NA,VS1E,323A 352A ,,R,D,B ,F ,X,T,N,50,0,0,1,,,1748365,5426917,-41.29556695,174.7720204
Wellington City,VICTORIA ST,5,N, ,BOND ST,201111818,24/04/11,Sun,1223,NA,XS1EE,350A 711C 714C ,,R,D,O ,L ,T,N,C,50,0,0,2,36,,1748712,5427599,-41.28936274,174.7759964
Wellington City,VICTORIA ST,40,S, ,DIXON ST,201112842,30/09/11,Fri,1430,AA,SS14,112B ,,R,D,B ,F , ,N,C,50,0,1,0,,28,1748617,5427354,-41.29158609,174.7749222
Wellington City,VICTORIA ST,20,N, ,GHUZNEE ST,201151406,28/04/11,Thu,1200,AC,VS1C,381A 381B ,,R,D,B ,F , ,N,C,50,0,0,0,,,1748544,5427249,-41.29254488,174.7740764
Wellington City,VICTORIA ST,50,N, ,GHUZNEE ST,201152365,2/06/11,Thu,2000,EE,CS1X,374B ,Q,R,D,DO,F , ,N,N,50,0,0,0,,,1748560,5427274,-41.29231685,174.7742613
Wellington City,VICTORIA ST,, ,I,GHUZNEE ST,201112956,8/10/11,Sat,57,ND,XE2E,306A 105B 711B ,,R,D,DO,F ,X,T,X,50,0,0,1,26,,1748533,5427232,-41.29269997,174.7739492
Wellington City,VICTORIA ST,, ,I,GHUZNEE ST,201112315,31/07/11,Sun,941,NA,4N1C,324B ,,R,D,B ,F ,X,T,C,50,0,0,1,,,1748533,5427232,-41.29269997,174.7739492
Wellington City,VICTORIA ST,30,S, ,MANNERS ST,201150197,12/01/11,Wed,2200,EA,CS1C,129A ,M,R,W,DO,L , ,N,C,30,0,0,0,,,1748685,5427458,-41.2906372,174.7757085
Wellington City,VICTORIA ST,, ,I,MANNERS ST,201151889,19/03/11,Sat,1110,MO,BW2V,371B ,,R,D,B ,F ,X,T,C,30,0,0,0,,,1748686,5427488,-41.29036692,174.7757131
Wellington City,VICTORIA ST,, ,I,MANNERS ST,201150852,3/02/11,Thu,2250,FO,CS1C,331A 191B 817 843 ,,R,D,DN,F ,X,T,C,50,0,0,0,,,1748686,5427488,-41.29036692,174.7757131
Wellington City,VICTORIA ST,30,N, ,MERCER ST,201152005,27/05/11,Fri,1400,MA,CS1C,373B ,,R,D,O ,F , ,N,C,50,0,0,0,,,1748734,5427722,-41.28825127,174.776229
Wellington City,VICTORIA ST,50,N, ,VIVIAN ST,201151405,28/04/11,Thu,1246,KA,CN1C,308B 926 ,,R,D,B ,F ,D,N,C,50,0,0,0,,,1748468,5427116,-41.29375633,174.7732015
Wellington City,VICTORY CRESCENT,150,S, ,WAKEFIELD TERRACE,201150200,7/02/11,Mon,1225,EA,CN1C,129A ,Q,R,W,O ,L , ,N,C,50,0,0,0,,,1752977,5441362,-41.16465335,174.8234599
Wellington City,VOLGA ST,80,N, ,AVON ST,201111036,1/01/11,Sat,530,CA,CS1CV,103A ,MM,R,D,DO,F , ,N,N,50,0,0,1,,,1748837,5422653,-41.33387054,174.7786989
Wellington City,WADESTOWN ROAD,15,W, ,PITT ST,201150859,7/03/11,Mon,835,EA,CE1C,129A 386A 402A ,M,E,D,B ,F , ,N,C,50,0,0,0,,,1748734,5430676,-41.26165501,174.7755079
Wellington City,WAIPAPA ROAD,25,S, ,KAINUI ROAD,201150446,13/02/11,Sun,450,CB,CN1VC,103A ,MM,R,D,DO,F , ,N,C,50,0,0,0,,,1750566,5426124,-41.302299,174.7984923
Wellington City,WAKEFIELD ST,, ,I,BLAIR ST,201112844,11/09/11,Sun,946,NA,CW1E,307A ,,R,D,B ,F ,T,T,X,50,0,0,1,9,,1749336,5427217,-41.29268686,174.7835388
Wellington City,WAKEFIELD ST,, ,I,BLAIR ST,201151903,5/05/11,Thu,1815,MO,CN2C,353A ,Q,R,D,DO,L ,T,T,C,50,0,0,0,,,1749336,5427217,-41.29268686,174.7835388
Wellington City,WAKEFIELD ST,, ,I,CHAFFERS ST,201111136,22/01/11,Sat,1630,KB,VW1S,301B 375B ,,R,D,O ,F ,T,S,C,50,0,0,1,,54,1749319,5427226,-41.29260897,174.7833336
Wellington City,WAKEFIELD ST,30,W, ,CUBA ST,201150380,31/01/11,Mon,1151,MO,CE1C,372A 371B ,,R,D,B ,F , ,N,C,50,0,0,0,,,1748820,5427550,-41.28978401,174.7772976
Wellington City,WAKEFIELD ST,80,W, ,CUBA ST,201112546,19/08/11,Fri,658,LB,PN1C,303B 375B 926 ,,R,W,TO,L ,D,N,P,50,0,1,0,,,1748786,5427586,-41.28946615,174.7768829
Wellington City,WAKEFIELD ST,100,S, ,TARANAKI ST,201113200,26/12/11,Mon,1221,MO,CE1E,330A 371A 927 ,,R,D,B ,F ,D,N,C,50,0,0,1,61,,1749092,5427330,-41.29171458,174.7805983
Wellington City,WAKEFIELD ST,, ,I,TARANAKI ST,201112542,16/08/11,Tue,834,NB,CN1E,713B ,,R,W,B ,F ,M,T,N,50,0,0,1,1,,1749013,5427391,-41.29117995,174.7796403
Wellington City,WAKEFIELD ST,50,W, ,TORY ST,201151899,28/04/11,Thu,930,AC,XW1M,191A 372A ,,R,D,B ,F , ,N,C,50,0,0,0,,,1749158,5427298,-41.29199049,174.781394
Wellington City,WAKEFIELD ST,, ,I,TORY ST,201152004,13/06/11,Mon,1315,GD,VE1C,181A 191B 817 ,R,R,D,B ,F ,X,T,C,50,0,0,0,,,1749204,5427279,-41.29215306,174.7819478
Wellington City,WAKEFIELD ST,, ,I,TORY ST,201153787,30/07/11,Sat,1500,MO,VW14,330A 386A ,M,R,D,O ,F ,X,T,C,50,0,0,0,,,1749204,5427279,-41.29215306,174.7819478
Wellington City,WAKEFIELD ST,, ,I,TORY ST,201111194,14/01/11,Fri,1837,NF,VW1E,307A ,,R,D,B ,F ,X,T,C,50,0,0,1,26,,1749204,5427279,-41.29215306,174.7819478
Wellington City,WALLACE ST,, ,I,BIDWILL ST,201151765,25/04/11,Mon,956,LB,CS1C,303A 324A 324B ,,R,W,O ,L ,T,T,C,50,0,0,0,,,1748521,5426228,-41.30174164,174.7740509
Wellington City,WALLACE ST,20,N, ,HOWARD ST,201113138,25/11/11,Fri,2100,FC,CS1C,112A 181A 331A ,,R,D,DO,F , ,N,X,50,0,0,1,,,1748599,5425888,-41.30478844,174.7750652
Wellington City,WALLACE ST,, ,I,HOWARD ST,201150660,22/02/11,Tue,1509,FD,CN1C,331A ,,R,D,B ,F ,T,S,C,50,0,0,0,,,1748599,5425868,-41.30496851,174.7750701
Wellington City,WALLACE ST,, ,I,HUTCHISON ROAD,201154020,21/09/11,Wed,1106,FC,CE14,331A 350A ,,R,D,B ,F ,T,G,X,50,0,0,0,,,1748668,5425605,-41.3073237,174.7759582
Wellington City,WANAKA ST,, ,I,DOCTOR TAYLOR TERRACE,201152286,15/06/11,Wed,1640,BC,CW1C,377A ,,R,D,O ,F ,T,N,N,50,0,0,0,,,1751167,5434922,-41.22297516,174.8034865
Wellington City,WARIPORI ST,30,E, ,RINTOUL ST,201151160,9/04/11,Sat,2011,FF,CW1P,427A ,,R,D,DO,F , ,N,C,50,0,0,0,,,1748837,5424324,-41.3188259,174.7782897
Wellington City,WASHINGTON AVENUE,20,S, ,BROOKLYN ROAD,201151888,30/04/11,Sat,1150,MO,VS1C,371A 926 ,M,E,D,B ,F , ,N,C,50,0,0,0,,,1747882,5426119,-41.30284037,174.7664482
Wellington City,WASHINGTON AVENUE,10,S, ,CONNAUGHT TERRACE,201152427,1/07/11,Fri,1638,MO,BS1,133A 386A 651A ,F,M,D,O ,F ,Y,N,C,50,0,0,0,,,1747795,5425372,-41.30958191,174.7655909
Wellington City,WATERLOO QUAY,30,S, ,AOTEA QUAY,201150690,9/02/11,Wed,2220,FD,CN1C,331A 353A ,,E,D,DO,F , ,N,P,50,0,0,0,,,1749660,5429311,-41.27377372,174.786892
Wellington City,WATERLOO QUAY,40,N, ,BUNNY ST,201112106,27/06/11,Mon,750,NA,CS1E,713B ,,R,D,B ,F , ,N,C,50,0,0,1,,,1749127,5428635,-41.27995863,174.7806966
Wellington City,WATERLOO QUAY,50,N, ,BUNNY ST,201111820,23/03/11,Wed,1715,EE,SN1C,374B 525B ,Q,R,D,B ,F , ,N,C,50,0,1,0,,37,1749133,5428643,-41.2798855,174.7807662
Wellington City,WATERLOO QUAY,110,N, ,BUNNY ST,201113076,8/11/11,Tue,1745,NA,4S1E,377A 712B ,,R,D,O ,FS, ,N,C,50,0,0,1,31,,1749171,5428690,-41.27945532,174.7812083
Wellington City,WATERLOO QUAY,20,S, ,BUNNY ST,201113153,7/12/11,Wed,1750,EE,EN1C,374B ,M,R,W,O ,L , ,N,L,50,0,0,2,33,,1749091,5428588,-41.28038844,174.7802784
Wellington City,WATERLOO QUAY,, ,I,CORNWELL ST,201154371,19/08/11,Fri,2330,CB,VS1,330A 386A ,IS,R,W,DO,L ,T,N,R,50,0,0,0,,,1749580,5429210,-41.27469789,174.7859621
Wellington City,WATERLOO QUAY,50,N, ,HINEMOA ST,201150055,7/01/11,Fri,1450,AC,TN1C,372A ,,R,D,B ,F , ,N,L,50,0,0,0,,,1749440,5429033,-41.27631741,174.7843347
Wellington City,WATERLOO QUAY,50,N, ,HINEMOA ST,201155351,12/12/11,Mon,1442,FD,CS1CCC,181A 331A ,,R,W,O ,L , ,N,L,50,0,0,0,,,1749440,5429033,-41.27631741,174.7843347
Wellington City,WATERLOO QUAY,30,S, ,HINEMOA ST,201111050,12/01/11,Wed,1702,FD,CN1CC,181A 353A ,,R,D,O ,F ,T,T,C,50,0,0,1,,,1749391,5428971,-41.27688469,174.7837651
Wellington City,WAVELL ST,50,N, ,MARSHALL ST,201111816,1/06/11,Wed,2342,EA,CS1VCC,104A 517A ,FMM,E,D,DO,F , ,N,N,50,0,1,0,,,1744649,5428283,-41.28394247,174.7273329
Wellington City,WEBB ST,50,W, ,HOPPER ST,201112620,22/07/11,Fri,1250,NG,OW1E,330A 371A 730B ,,R,D,B ,F , ,N,C,50,0,1,0,72,,1748520,5426652,-41.29792436,174.7739355
Wellington City,WEBB ST,20,E, ,VICTORIA ST,201150108,15/01/11,Sat,630,CA,CW1C,101A 350A ,M,R,D,O ,F , ,N,C,50,0,0,0,,,1748324,5426741,-41.2971591,174.7715739
Wellington City,WEBB ST,, ,I,VICTORIA ST W,201154640,9/08/11,Tue,1505,KB,TW1C,129A 205A 381B ,,E,D,B ,F ,T,G,N,50,0,0,0,,,1748276,5426763,-41.29696984,174.7709955
Wellington City,WELLINGTON ROAD,80,N, ,HENRY ST,201155064,13/09/11,Tue,1400,DB,CS1,111A 131A 800 905 ,F,M,I,O ,SF, ,N,C,50,0,0,0,,,1749830,5425043,-41.31216862,174.7899712
Wellington City,WESTCHESTER DRIVE EAST,, ,I,CHURTON PARK OFF NBD,201155062,28/11/11,Mon,1450,HA,XN1C,113A 302A ,,R,W,O ,F ,X,G,C,50,0,0,0,,,1752620,5436975,-41.20421853,174.8203004
Wellington City,WESTMINSTER ST,60,S, ,HUTT ROAD,201112621,12/08/11,Fri,1207,PO,TN1E,330A 371A 927 ,,R,D,O ,F ,D,N,N,50,0,0,1,24,,1750043,5430855,-41.2598014,174.7910827
Wellington City,WHITEHEAD ROAD,20,E, ,CURTIS ST,201112544,22/08/11,Mon,1535,BF,PW1V,131A 386A 402A ,,M,D,O ,F ,T,G,C,50,0,0,1,,,1746888,5428689,-41.27988281,174.7539602
Wellington City,WHITMORE ST,50,W, ,CUSTOMHOUSE QUAY,201150952,11/03/11,Fri,1705,MO,TW1C,386A 927 ,,R,D,O ,F ,D,N,C,50,0,0,0,,,1748953,5428479,-41.28139528,174.778658
Wellington City,WHITMORE ST,, ,I,FEATHERSTON ST,201150999,13/03/11,Sun,1020,GA,CN1C,110A 181A ,,R,D,B ,F ,X,T,C,50,0,0,0,,,1748924,5428522,-41.28101349,174.7783013
Wellington City,WHITMORE ST,, ,I,FEATHERSTON ST,201113045,24/11/11,Thu,1510,LB,PN1C,303B 375B ,,R,D,B ,F ,X,T,C,50,0,0,1,,,1748924,5428522,-41.28101349,174.7783013
Wellington City,WHITMORE ST,, ,I,STOUT ST,201154943,12/11/11,Sat,1500,JA,CN1C,322A 350A ,,R,W,O ,L ,X,T,P,50,0,0,0,,,1748881,5428585,-41.2804542,174.7777727
Wellington City,WIGAN ST,20,W, ,TARANAKI ST,201112953,1/11/11,Tue,2335,NA,TE1E,383A 713B 732B 801 830 ,,R,W,DO,L , ,N,N,50,0,0,1,23,,1748727,5426817,-41.29640067,174.7763665
Wellington City,WILLIS ST,15,S, ,BOND ST,201110037,28/06/11,Tue,1310,NA,BS1E,713B 842 ,,R,D,O ,F , ,N,L,30,1,0,0,40,,1748627,5427671,-41.28873015,174.7749642
Wellington City,WILLIS ST,, ,I,BOND ST,201150528,23/02/11,Wed,1900,JA,BS1C,309B ,,R,D,TF,F ,T,N,C,30,0,0,0,,,1748634,5427684,-41.28861182,174.7750446
Wellington City,WILLIS ST,, ,I,BOND ST,201151998,7/06/11,Tue,1215,JA,BS1C,309B ,,R,W,O ,L ,T,N,C,30,0,0,0,,,1748634,5427684,-41.28861182,174.7750446
Wellington City,WILLIS ST,, ,I,BOND ST,201150988,4/03/11,Fri,808,EE,SN1C,158A 374B ,J,R,W,O ,H ,T,N,L,30,0,0,0,,,1748634,5427684,-41.28861182,174.7750446
Wellington City,WILLIS ST,, ,I,BOND ST,201112957,12/11/11,Sat,1145,GE,MN1V,160A 402A 309B ,,R,W,O ,F ,T,N, ,30,0,0,1,,,1748634,5427684,-41.28861182,174.7750446
Wellington City,WILLIS ST,, ,I,BOND ST,201152278,9/06/11,Thu,1802,JA,BS14,309B 404B ,,R,D,DO,F ,T,N,L,50,0,0,0,,,1748634,5427684,-41.28861182,174.7750446