TLA NAME,CRASH ROAD,CRASH DIST,CRASH DIRN,INTSN,SIDE ROAD,CRASH ID,CRASH DATE,CRASH DOW,CRASH TIME,MVMT,VEHICLES,CAUSES,OBJECTS STRUCK,ROAD CURVE,ROAD WET,LIGHT,WTHRa,JUNC TYPE,TRAF CTRL,ROAD MARK,SPD LIM,CRASH FATAL CNT,CRASH SEV CNT,CRASH MIN CNT,PERS AGE1,PERS AGE2,EASTING,NORTHING,latitude,longitude
Wellington City,WILLIS ST,50,S, ,BOULCOTT ST,201111282,25/02/11,Fri,1645,AG,KN1C,701A 721A ,,R,D,B ,F , ,N,C,50,0,0,1,21,,1748583,5427578,-41.28957557,174.7744616
Wellington City,WILLIS ST,60,S, ,BOULCOTT ST,201111134,26/01/11,Wed,1035,NB,MN1E,713B ,,R,D,B ,F , ,N,C,30,0,0,1,42,,1748579,5427569,-41.28965734,174.7744161
Wellington City,WILLIS ST,20,N, ,DIXON ST,201154168,16/09/11,Fri,1620,FD,CN1XC,181A 331A 402A ,,R,D,O ,F , ,N,C,50,0,0,0,,,1748528,5427457,-41.29067511,174.7738346
Wellington City,WILLIS ST,50,N, ,DIXON ST,201112624,31/08/11,Wed,830,GB,SN1C,158A 333A 818 927 ,,R,D,O ,F ,D,N,C,50,0,1,0,,33,1748541,5427484,-41.29042962,174.7739832
Wellington City,WILLIS ST,, ,I,DIXON ST,201111047,2/01/11,Sun,1340,HA,CN1C,322A 351A ,CS,R,D,B ,F ,X,T,C,50,0,0,3,,,1748520,5427439,-41.29083864,174.7737435
Wellington City,WILLIS ST,, ,I,FLAGSTAFF LANE,201152358,30/06/11,Thu,1740,BE,MS1CC,110A 137A 181A ,,R,W,DO,L ,T,N,C,30,0,0,0,,,1748574,5427559,-41.28974829,174.7743588
Wellington City,WILLIS ST,60,S, ,GHUZNEE ST,201151571,4/05/11,Wed,1010,EA,CN1C,129A ,Q,R,W,O ,L , ,N,C,50,0,0,0,,,1748421,5427217,-41.29285562,174.7726158
Wellington City,WILLIS ST,15,S, ,MANNERS ST,201152345,3/06/11,Fri,1020,EA,VS1V,129A ,M,R,D,B ,F , ,N,C,50,0,0,0,,,1748597,5427610,-41.28928488,174.774621
Wellington City,WILLIS ST,70,S, ,MANNERS ST,201112843,19/09/11,Mon,1023,ND,CS1E,712B 713B ,,R,D,O ,F , ,N,C,50,0,1,0,27,,1748574,5427559,-41.28974829,174.7743588
Wellington City,WILLIS ST,, ,I,MANNERS ST,201111964,17/06/11,Fri,1620,NA,SN1,105A 137A ,,R,D,O ,F ,X,T,C,30,0,1,0,,35,1748603,5427623,-41.28916673,174.7746894
Wellington City,WILLIS ST,15,N, ,MERCER ST,201155355,2/12/11,Fri,2220,EE,BN1X,374B ,Q,R,D,DO,F , ,N,C,50,0,0,0,,,1748659,5427741,-41.28809402,174.7753291
Wellington City,WILLIS ST,120,N, ,MERCER ST,201111823,30/05/11,Mon,1310,NB,BN1E,711B ,,R,D,B ,F , ,N,C,30,0,0,1,59,,1748702,5427837,-41.28722177,174.7758189
Wellington City,WILLIS ST,, ,I,WEBB ST,201151070,1/04/11,Fri,1945,GF,BW2V,179A ,,R,D,TO,F ,T,T,C,50,0,0,0,,,1748229,5426784,-41.2967894,174.7704292
Wellington City,WILLOWBANK ROAD,100,S, ,MAIN ROAD,201152002,16/06/11,Thu,1450,EA,CN1C,129A ,M,R,D,B ,F , ,N,C,50,0,0,0,,,1753337,5438923,-41.18654457,174.8283597
Wellington City,WILLOWBANK ROAD,, ,A,MIDDLETON ROAD,201111603,12/03/11,Sat,1505,DA,MS1,403A ,F,E,D,B ,F , ,N,L,50,0,1,0,,,1753417,5438609,-41.18935648,174.8293918
Wellington City,WILSON ST,80,E, ,RIDDIFORD ST,201150771,21/02/11,Mon,1530,MO,CN1C,371A 920 ,M,R,D,O ,F ,D,N,N,50,0,0,0,,,1749039,5424986,-41.31282835,174.7805398
Wellington City,WILTON ROAD,, ,I,ALBEMARLE ROAD,201150662,3/03/11,Thu,810,LB,XS1C,302A ,,E,D,B ,F ,R,G,R,50,0,0,0,,,1747088,5429114,-41.27601989,174.7562447
Wellington City,WILTON ROAD,50,S, ,BERKSHIRE AVENUE,201111488,11/03/11,Fri,255,DB,CN1,103A 111A ,X,E,D,DO,F , ,N,C,50,0,0,1,,,1747005,5429468,-41.27284774,174.7551687
Wellington City,WOODMAN DRIVE,, ,I,KILKELLY CLOSE,201153431,21/07/11,Thu,445,DB,CN1,103A 111A 131A 929 ,F,E,D,DO,F ,D,N,C,50,0,0,0,,,1753911,5440597,-41.17136416,174.8347798
Wellington City,WOODMAN DRIVE,140,N, ,PIKITANGA CLOSE,201112954,26/06/11,Sun,554,DA,CN1C,103A 111A 517A 801 ,FHM,M,W,DO,L , ,N,C,50,0,0,2,,,1753800,5440829,-41.16929645,174.8333989
Wellington City,WOODMAN DRIVE,260,S, ,RAROA TERRACE,201150930,1/02/11,Tue,1159,EA,CS1C,129A 330A 358A ,M,E,D,B ,F , ,N,C,50,0,0,0,,,1754212,5441142,-41.16640014,174.8382291
Wellington City,Z CPK,300,S, ,QUEENS/HUNGERFORD,201111608,7/04/11,Thu,1034,MO,VW1,433A ,,R,W,O ,F , ,N,N,50,0,0,1,,,1749967,5421891,-41.3405216,174.7923849
Wellington City,Z CPK MICHAEL FOWLER,, ,A,WAKEFIELD ST,201111166,18/01/11,Tue,754,NA,CS1E,370A 711B ,,R,D,O ,F , ,N,N,10,0,0,1,55,,1748890,5427519,-41.29005021,174.7781407
Wellington City,Z CPK PROPERTY ACCESS,30,E, ,WADESTOWN/WELD,201150955,12/03/11,Sat,1219,MO,CE1C,420A ,HM,R,D,B ,F , ,N,R,50,0,0,0,,,1748630,5430640,-41.26199827,174.7742758
Wellington City,Z DWAY 17 CAMPERDOWN,, ,A,CAMPERDOWN/PARK,201151642,18/05/11,Wed,1500,MO,CN1C,371A 929 ,MH,E,D,B ,F ,D,N,N,50,0,0,0,,,1752625,5425645,-41.30622471,174.8231951
Wellington City,Z DWAY 6 FLORIO TCE,60,W, ,FLORIO/TAYLOR,201155414,14/12/11,Wed,1035,QD,TN1,611A ,FH,R,D,O ,F , ,N,N,50,0,0,0,,,1753245,5439375,-41.18249246,174.8271501
Wellington City,Z DWAY 9 MILLER PLACE,100,W, ,SUTHERLAND ROAD,201151624,30/04/11,Sat,755,MO,4.00E+01,402A 420A 929 ,H,R,D,B ,F , ,N,N,50,0,0,0,,,1749715,5422975,-41.33080887,174.7891073
Wellington City,Z DWAY JAMES COOK,, ,A,TERRACE/TERRACE OFF SBD,201152639,30/06/11,Thu,1736,MG,XW1C,371B 927 ,,R,W,DO,F ,D,T,R,50,0,0,0,,,1748575,5428158,-41.28435504,174.7742246
Wellington City,Z DWAY WGTN HOSPITAL,20,E, ,RIDDIFORD ST,201151996,23/05/11,Mon,1610,MO,4W14,386A ,,R,D,O ,F , ,N,C,50,0,0,0,,,1748879,5425380,-41.30931056,174.7785327
Wellington City,Z FCT SHELL,, ,A,MIRAMAR/TAUHINU,201151993,28/05/11,Sat,1940,MO,CE1C,330A ,M,R,D,DO,F , ,N,N,50,0,0,0,,,1751860,5424690,-41.31496714,174.8142996
Wellington City,1N/1050/6.614,3000,N, ,TAWA ON NBD,201150438,5/02/11,Sat,1435,CC,4N14,137A 372B ,C,R,D,O ,F , ,N,R,100,0,0,0,,,1754210,5442145,-41.15737017,174.8379528
Wellington City,1N/1050/6.856,2000,S, ,MUNGAVIN ON SBD,201150851,4/03/11,Fri,725,FD,CS1CV,181A 191B ,,R,W,O ,L , ,N,C,100,0,0,0,,,1754122,5441921,-41.15940365,174.8369608
Wellington City,1N/1050/6.856,2000,S, ,MUNGAVIN ON SBD,201151018,4/03/11,Fri,729,FD,CS1C,181A ,,R,W,O ,FS, ,N,C,100,0,0,0,,,1754122,5441921,-41.15940365,174.8369608
Wellington City,1N/1050/7.131,2500,N, ,TAWA OFF SBD,201152031,24/05/11,Tue,1145,FA,TN14,132B 359B ,,R,W,O ,F , ,N,C,100,0,0,0,,,1754016,5441668,-41.16170164,174.8357616
Wellington City,1N/1050/7.156,2300,S, ,MUNGAVIN ON SBD,201153610,2/06/11,Thu,713,FD,TS1CC,331A 501A ,,R,D,DN,F , ,N,C,100,0,0,0,,,1754006,5441644,-41.16191962,174.8356485
Wellington City,1N/1050/7.288,2900,S, ,MUNGAVIN OBR,201154447,5/10/11,Wed,717,CB,VS1,112A 132A 197A ,C,R,W,O ,L , ,N,C,100,0,0,0,,,1753953,5441523,-41.16301909,174.8350475
Wellington City,1N/1050/7.356,2500,S, ,MUNGAVIN ON SBD,201152406,24/05/11,Tue,1145,FD,TS1C,181A ,,R,D,O ,F , ,N,R,100,0,0,0,,,1753926,5441461,-41.16358242,174.8347414
Wellington City,1N/1050/8.014,1600,N, ,TAWA ON NBD,201154731,23/09/11,Fri,1140,QG,VN1VV,682A 197B 372B ,,R,D,B ,F , ,N,C,100,0,0,0,,,1753664,5440857,-41.16907015,174.8317715
Wellington City,1N/1050/8.775,4000,S, ,MUNGAVIN OFF NBD,201152636,20/07/11,Wed,1818,FD,4N14C,331A 353A ,,R,D,DN,F , ,N,R,100,0,0,0,,,1753519,5440110,-41.17582313,174.8302311
Wellington City,1N/1050/8.957,1000,N, ,TAKAPU RD UPASS SBD,201155066,1/12/11,Thu,1652,AA,CS1B,177A 386A ,,R,D,B ,F , ,N,C,100,0,0,0,,,1753487,5439929,-41.1774588,174.8298951
Wellington City,1N/1050/9.081,550,N, ,TAWA OFF SBD,201154699,6/10/11,Thu,2100,AD,CS1C,112A 150A 357A ,,R,D,DO,F , ,N,C,100,0,0,0,,,1753446,5439813,-41.17851095,174.8294356
Wellington City,1N/1050/9.251,380,N, ,TAWA OFF SBD,201152845,13/07/11,Wed,815,DB,TS1,137A ,C,E,W,O ,H , ,N,R,100,0,0,0,,,1753394,5439651,-41.17997934,174.8288566
Wellington City,1N/1050/9.631,, ,I,TAWA OFF SBD,201152475,19/06/11,Sun,1615,FB,CN1C,110A 181A ,,E,D,O ,F ,Y,S,C,50,0,0,0,,,1753531,5439314,-41.18298752,174.8305737
Wellington City,1N/1050/9.664,50,S, ,TAWA ON NBD,201153139,25/07/11,Mon,20,EC,CN1,110A 135A 341A 802 803 ,P,E,I,DO,SS, ,N,C,100,0,0,0,,,1753532,5439288,-41.18322142,174.8305921
Wellington City,1N/1050/9.744,200,N, ,TAKAPU ROAD,201152575,10/07/11,Sun,650,DA,CS1,410A ,,E,W,DN,L , ,N,C,100,0,0,0,,,1753599,5439225,-41.18377593,174.8314064
Wellington City,1N/1060/0.419,100,S, ,TAWA OFF NBD,201112384,20/07/11,Wed,1849,FD,CN1CC,181A 331A ,,E,D,DO,F , ,N,C,100,0,0,1,,,1753574,5438637,-41.18907464,174.831256
Wellington City,1N/1060/0.565,300,S, ,TAWA ON SBD,201152472,29/06/11,Wed,1640,CB,CS1,132A 407A ,G,R,D,O ,F , ,N,C,100,0,0,0,,,1753551,5438496,-41.19034846,174.8310172
Wellington City,1N/1060/1.635,400,N, ,CHURTON PARK OFF SBD,201154365,19/08/11,Fri,1424,FD,CS1C,112A 181A 331A ,,R,W,O ,F , ,N,C,100,0,0,0,,,1752994,5437641,-41.19815172,174.8245923
Wellington City,1N/1060/1.645,390,N, ,CHURTON PARK OFF SBD,201152511,10/06/11,Fri,950,FD,CS1C,181A ,,E,D,O ,F , ,N,C,100,0,0,0,,,1752991,5437631,-41.19824232,174.8245591
Wellington City,1N/1060/1.735,300,N, ,CHURTON PARK OFF SBD,201151828,4/05/11,Wed,820,FD,4S1C,427A ,,R,W,O ,L , ,N,C,100,0,0,0,,,1752970,5437544,-41.19902958,174.8243305
Wellington City,1N/1060/2.319,550,N, ,CHURTON PARK OFF NBD,201154435,2/10/11,Sun,2206,DB,CN1,131A 402A 620A ,P,E,W,DO,L , ,N,C,100,0,0,0,,,1752727,5437010,-41.20388324,174.8215672
Wellington City,1N/1060/2.335,300,S, ,CHURTON PARK OFF SBD,201151951,21/05/11,Sat,1734,CB,CS1,350A 402A ,C,R,D,DO,F , ,N,C,100,0,0,0,,,1752734,5436997,-41.20399896,174.8216539
Wellington City,1N/1060/2.549,300,N, ,CHURTON PARK ON SBD,201155529,20/12/11,Tue,931,QG,VS1C4C,682A 132B 198B ,,M,D,B ,F , ,N,C,100,0,0,0,,,1752568,5436862,-41.20524571,174.8197087
Wellington City,1N/1060/2.729,120,N, ,CHURTON PARK ON SBD,201154698,24/09/11,Sat,1000,CC,CS1,112A 134A 402A ,C,R,D,B ,F , ,N,C,100,0,0,0,,,1752436,5436741,-41.20635998,174.8181652
Wellington City,1N/1060/2.869,, ,I,CHURTON PARK OFF NBD,201151137,1/03/11,Tue,1352,FA,VN1C,377A 355B 440B ,,R,W,O ,F ,T,N,R,100,0,0,0,,,1752353,5436619,-41.20747402,174.8172061
Wellington City,1N/1060/3.029,160,S, ,CHURTON PARK OFF NBD,201154096,23/07/11,Sat,115,CC,VN1,103A 112A 125A ,G,R,D,DO,F , ,N,C,100,0,0,0,,,1752288,5436473,-41.20880074,174.8164676
Wellington City,1N/1060/3.23,1000,N, ,JOHNSONVILLE ON NBD,201111852,15/04/11,Fri,1726,FA,CN1CC,181A 331A 181B 191B ,,R,W,O ,H , ,N,R,100,0,0,1,,,1752207,5436289,-41.2104726,174.8155477
Wellington City,1N/1060/3.23,1000,N, ,JOHNSONVILLE ON NBD,201155128,28/09/11,Wed,858,QG,TN1C,682A ,D,R,D,B ,F , ,N,C,100,0,0,0,,,1752207,5436289,-41.2104726,174.8155477
Wellington City,1N/1060/3.51,720,N, ,JOHNSONVILLE OFF SBD,201150834,4/03/11,Fri,835,AC,CS1M,372A 150B ,,R,W,O ,F , ,N,R,100,0,0,0,,,1752106,5436034,-41.21278744,174.814407
Wellington City,1N/1060/3.73,500,N, ,JOHNSONVILLE OFF SBD,201155233,12/11/11,Sat,1800,CC,CS1,139A 330A 350A ,G,R,D,O ,F , ,N,N,100,0,0,0,,,1752011,5435836,-41.21458796,174.8133236
Wellington City,1N/1060/3.81,420,N, ,JOHNSONVILLE OFF SBD,201154422,21/08/11,Sun,2113,CC,CS1,130A 195A ,CG,R,D,DN,F , ,N,C,100,0,0,0,,,1751976,5435764,-41.21524277,174.8129241
Wellington City,1N/1060/4.03,200,N, ,JOHNSONVILLE OFF SBD,201152122,25/04/11,Mon,1358,AC,CS1C,112A 150A ,C,R,D,B ,F , ,N,C,80,0,0,0,,,1751881,5435565,-41.21705228,174.8118409
Wellington City,1N/1060/4.03,200,N, ,JOHNSONVILLE OFF SBD,201111703,15/04/11,Fri,740,FD,CS1CC,331A ,,R,D,O ,F , ,N,R,100,0,0,1,,,1751881,5435565,-41.21705228,174.8118409
Wellington City,1N/1060/4.03,200,N, ,JOHNSONVILLE ON NBD,201155347,3/12/11,Sat,1721,CC,CN1,130A 412A ,G,R,D,B ,F , ,N,C,100,0,0,0,,,1751864,5435566,-41.21704647,174.8116379
Wellington City,1N/1060/4.18,50,N, ,JOHNSONVILLE ON NBD,201154884,5/11/11,Sat,2125,GC,CN1C,174B 524B ,G,R,D,DO,F , ,N,R,80,0,0,0,,,1751799,5435431,-41.21827412,174.8108964
Wellington City,1N/1060/4.23,, ,I,JOHNSONVILLE ON NBD,201154750,6/10/11,Thu,957,AC,CN1T,159A 386A ,,R,D,B ,F ,Y,N,C,100,0,0,0,,,1751777,5435386,-41.2186834,174.8106453
Wellington City,1N/1060/4.949,400,S, ,HELSTON OBR,201151770,6/04/11,Wed,1425,AC,CN1V,177A 330A 130B ,G,R,D,B ,F , ,N,C,100,0,0,0,,,1751604,5434699,-41.22490115,174.8087529
Wellington City,1N/1060/5.142,250,N, ,JOHNSONVILLE OFF NBD,201111216,18/02/11,Fri,1635,CA,MN1,112A 407A ,G,R,D,B ,F , ,N,C,80,0,0,1,,,1751545,5434516,-41.22655983,174.8080947
Wellington City,1N/1060/5.395,, ,I,NEWLANDS OFF SBD,201153302,8/06/11,Wed,845,FD,4S1C,112A 181A 801 ,,R,W,O ,F ,T,N,C,80,0,0,0,,,1751604,5434279,-41.22868258,174.8088572
Wellington City,1N/1060/5.93,70,N, ,NEWLANDS ON SBD,201152176,5/02/11,Sat,2345,DA,CS1,101A 131A 402A ,K,E,W,DF,L , ,N,R,80,0,0,0,,,1751571,5433811,-41.23290234,174.8085798
Wellington City,1N/1060/5.957,200,S, ,JOHNSONVILLE ON SBD,201155222,7/12/11,Wed,730,AC,TS1C,177A 372A ,,E,D,O ,F , ,N,C,80,0,0,0,,,1751554,5433790,-41.2330946,174.8083822
Wellington City,1N/1060/6,, ,I,NEWLANDS ON SBD,201151033,16/03/11,Wed,717,AC,MS14,131A 801 ,,R,W,O ,L ,T,N,C,60,0,0,0,,,1751527,5433757,-41.23339677,174.8080684
Wellington City,1N/1060/6.142,100,E, ,NEWLANDS OFF NBD,201113116,30/11/11,Wed,1630,FD,MN1C,181A 331A ,,R,D,O ,F , ,N,C,80,0,1,0,,,1751414,5433647,-41.2344083,174.806748
Wellington City,1N/1060/6.2,200,S, ,NEWLANDS ON SBD,201113324,24/12/11,Sat,945,FD,MS1V,101A 181A 331A ,,R,D,B ,F , ,N,C,50,0,0,1,,,1751396,5433605,-41.23478981,174.8065437
Wellington City,1N/1060/6.242,, ,I,NEWLANDS OFF NBD,201154525,20/07/11,Wed,1815,FD,CN14,331A 353A 412A ,,R,D,DO,FS,T,N,C,80,0,0,0,,,1751350,5433570,-41.23511354,174.8060037
Wellington City,1N/1060/6.242,, ,I,NEWLANDS OFF NBD,201154195,30/07/11,Sat,1415,AA,CN1T4V,143A 181A 372A 197C ,G,E,D,B ,F ,T,N,C,80,0,0,0,,,1751350,5433570,-41.23511354,174.8060037
Wellington City,1N/1060/6.242,, ,I,NEWLANDS OFF NBD,201112849,9/08/11,Tue,2029,FA,CN1T,331A 386A ,,R,D,DO,F ,T,N,C,80,0,0,1,,,1751350,5433570,-41.23511354,174.8060037
Wellington City,1N/1060/6.272,30,S, ,NEWLANDS OFF NBD,201155232,30/11/11,Wed,1630,FD,CN1C,181A 331A ,,R,D,O ,F , ,N,C,80,0,0,0,,,1751334,5433545,-41.23534162,174.8058191
Wellington City,1N/1060/6.342,100,S, ,NEWLANDS OFF NBD,201155354,3/12/11,Sat,1500,FD,CN1CC,181A 331A 191B ,,E,D,O ,F , ,N,C,80,0,0,0,,,1751304,5433482,-41.23591444,174.8054769
Wellington City,1N/1060/6.516,100,N, ,STOCK ROUTE,201154646,13/10/11,Thu,1520,AA,CN1C,372A 381A 402A 197B ,G,E,D,O ,F , ,N,R,80,0,0,0,,,1751286,5433312,-41.23744839,174.8053043
Wellington City,1N/1060/6.716,100,S, ,ABATTOIRS,201155331,15/12/11,Thu,1730,FA,CW1C,130A 613A ,,E,W,O ,L , ,N,R,60,0,0,0,,,1751373,5433137,-41.2390077,174.8063854
Wellington City,1N/1060/6.716,100,S, ,STOCK ROUTE,201151815,27/04/11,Wed,1651,AA,CN1C,372A ,,E,W,O ,LS, ,N,R,80,0,0,0,,,1751373,5433137,-41.2390077,174.8063854
Wellington City,1N/1060/7,1000,S, ,NEWLANDS ON SBD,201152058,24/05/11,Tue,1400,AC,CS1T,372A 402A ,PT,E,D,B ,F , ,N,R,80,0,0,0,,,1751596,5432951,-41.24064055,174.8090915
Wellington City,1N/1060/7.116,100,N, ,TYERS ROAD,201153622,16/06/11,Thu,1215,FF,CN14C,181A 191B 651C ,,M,D,O ,F , ,N,R,80,0,0,0,,,1751651,5432855,-41.24149456,174.8097714
Wellington City,1N/1060/7.216,, ,I,TYERS ROAD,201151766,21/04/11,Thu,500,AA,TN1C,177A 372A ,,E,D,DO,F ,T,N,C,80,0,0,0,,,1751729,5432793,-41.24203814,174.8107172
Wellington City,1N/1060/7.266,50,S, ,TYERS ROAD,201153427,18/06/11,Sat,2215,FO,CW1CC,181A 331A 378A 443C ,,E,D,DO,F , ,N,N,80,0,0,0,,,1751774,5432772,-41.24221877,174.8112592
Wellington City,1N/1060/7.374,100,E, ,CENTENNIAL SBD,201152646,27/07/11,Wed,944,DB,CS1,137A ,G,E,D,B ,F , ,N,R,100,0,0,0,,,1751890,5432731,-41.24256612,174.812653
Wellington City,1N/1060/7.374,100,S, ,CENTENNIAL SBD,201111924,22/06/11,Wed,810,AD,MS1CT,110A 151A 196A ,Q,E,W,O ,F , ,N,C,80,0,1,1,,,1751890,5432731,-41.24256612,174.812653
Wellington City,1N/1060/7.461,100,S, ,GLOVER ST,201111654,11/05/11,Wed,1300,FD,CS1C,181A 191B 817 ,,R,D,B ,F , ,N,C,100,0,0,1,,,1751941,5432674,-41.24306973,174.8132756
Wellington City,1N/1060/8.016,800,S, ,TYERS ROAD,201153378,20/05/11,Fri,1815,FD,CN1CC,181A ,,R,D,DO,F , ,N,N,100,0,0,0,,,1751957,5432170,-41.2476044,174.8135919
Wellington City,1N/1060/8.236,20,N, ,SH 2,201113249,26/11/11,Sat,650,CA,CN1,130A 330A ,GJ,R,D,O ,F , ,N,C,100,0,0,1,,,1751789,5432029,-41.24890543,174.8116229
Wellington City,1N/1060/8.297,, ,I,SH 2,201151638,13/05/11,Fri,645,FD,TS14,181A 353A 191B ,,R,D,B ,F ,T,N,N,100,0,0,0,,,1751791,5431996,-41.24920217,174.811655
Wellington City,1N/1068/0.1,100,S, ,SH 2,201111961,1/07/11,Fri,1148,AC,TS1C,372A ,,R,W,O ,F , ,N,C,100,0,0,1,,,1751708,5431940,-41.24972194,174.8106787
Wellington City,1N/1068/0.2,200,S, ,SH 2,201112630,12/09/11,Mon,1306,AC,TS1C,177A 330A 671A ,G,E,D,B ,F , ,N,C,100,0,0,1,,,1751625,5431883,-41.2502507,174.8097027
Wellington City,1N/1068/0.254,500,S, ,NGAURANGA ON NBD OBR,201154512,8/07/11,Fri,2030,AG,CS1C,112A 130A 431A 903 ,,R,D,B ,FS, ,N,C,100,0,0,0,,,1751580,5431853,-41.25052924,174.8091734
Wellington City,1N/1068/0.334,2500,N, ,AOTEA OFF SBD,201151044,8/03/11,Tue,1539,FD,CS1C,181A 380A 817 ,,R,D,B ,F , ,N,R,100,0,0,0,,,1751514,5431808,-41.25094676,174.8083972
Wellington City,1N/1068/0.434,2400,N, ,AOTEA OFF SBD,201151045,17/03/11,Thu,1619,AC,TS1C,372A ,G,R,D,B ,F , ,N,R,100,0,0,0,,,1751435,5431747,-41.25151077,174.8074699
Wellington City,1N/1068/0.8,800,S, ,SH 2 CENTENNIAL HIGHWAY,201112465,4/08/11,Thu,2050,FD,CN1XC,181A 331A 402A ,,E,D,DO,F , ,N,R,70,0,0,2,,,1751166,5431502,-41.25376694,174.8043214
Wellington City,1N/1068/0.96,1200,S, ,NGAURANGA ON NBD OBR,201155521,30/11/11,Wed,1729,FD,CN14,111A 331A 353A ,,E,D,B ,F , ,N,C,100,0,0,0,,,1751030,5431418,-41.25454865,174.8027197
Wellington City,1N/1068/1,1000,S, ,SH 2,201152973,25/07/11,Mon,835,FD,CW1CCC,331A 353A ,,R,D,B ,FS, ,N,R,100,0,0,0,,,1751006,5431385,-41.25485024,174.8024415
Wellington City,1N/1068/1.234,1600,N, ,AOTEA OFF SBD,201113139,22/11/11,Tue,827,FD,CS1VC,112A 181A 331A 112B 181B 331B ,,R,D,B ,F , ,N,C,100,0,0,1,,,1750786,5431307,-41.25559358,174.7998361
Wellington City,1N/1068/1.609,900,N, ,AOTEA ON NBD,201150708,10/02/11,Thu,1813,FD,CN1VC,331A 352A ,,R,D,O ,F , ,N,R,100,0,0,0,,,1750442,5431147,-41.25709823,174.7957714
Wellington City,1N/1068/2.009,500,N, ,AOTEA ON NBD,201150293,21/01/11,Fri,24,DA,CN1,103A 137A ,G,E,D,DO,F , ,N,R,100,0,0,0,,,1750146,5430882,-41.25953918,174.792305
Wellington City,1N/1068/2.134,700,N, ,AOTEA OFF SBD,201155026,12/10/11,Wed,1045,AC,CS1C,132A 181A 801 817 ,,R,W,O ,L , ,N,R,100,0,0,0,,,1750083,5430768,-41.26057727,174.7915814
Wellington City,1N/1068/2.359,150,N, ,AOTEA ON NBD,201150463,4/02/11,Fri,1744,EB,CN1C,402A 650B ,M,R,D,B ,F , ,N,R,100,0,0,0,,,1749910,5430629,-41.26186086,174.7895514
Wellington City,1N/1068/2.409,100,N, ,AOTEA ON NBD,201111492,15/03/11,Tue,1646,FD,CN1CC,112A 181A ,,R,D,O ,F , ,N,R,100,0,0,3,,,1749867,5430603,-41.26210293,174.7890447
Wellington City,1N/1068/2.509,, ,I,AOTEA ON NBD,201150058,26/01/11,Wed,1715,KA,CN1T,184B 372B ,,E,D,B ,F ,T,N,R,100,0,0,0,,,1749782,5430550,-41.26259587,174.7880435
Wellington City,1N/1068/2.559,50,S, ,AOTEA ON NBD,201151672,15/04/11,Fri,1314,FD,CN1C,181A 191B 817 901 ,,R,W,O ,H , ,N,R,100,0,0,0,,,1749748,5430513,-41.2629353,174.7876469
Wellington City,1N/1068/2.584,250,N, ,AOTEA OFF SBD,201111648,22/04/11,Fri,552,CA,CS1,103A 111A ,G,E,W,TO,L , ,N,R,100,0,0,1,,,1749741,5430484,-41.26319769,174.7875705
Wellington City,1N/1068/2.734,100,N, ,AOTEA OFF SBD,201151136,14/01/11,Fri,1130,CA,CS1C,127A 372B ,G,R,D,O ,F , ,N,R,100,0,0,0,,,1749651,5430363,-41.26430378,174.7865263
Wellington City,1N/1068/2.834,, ,A,AOTEA OFF SBD,201154527,27/08/11,Sat,945,FA,CS1C4,181A 331A 350A 201C 330C ,,R,D,B ,F , ,N,N,100,0,0,0,,,1749592,5430282,-41.26504399,174.7858422
Wellington City,1N/1068/3.009,500,S, ,AOTEA ON NBD,201154749,3/10/11,Mon,1340,CB,CN1,112A 130A 402A 810 901 ,G,R,W,O ,H , ,N,C,100,0,0,0,,,1749469,5430161,-41.26615617,174.7844041
Wellington City,1N/1068/3.423,200,N, ,MURPHY OFF SBD,201154516,13/09/11,Tue,1340,CA,CS1V,112A 130A 402A 803 ,G,R,I,O ,FS, ,N,R,100,0,0,0,,,1749226,5429822,-41.26925326,174.7815875
Wellington City,1N/1068/3.523,100,N, ,HOBSON ST,201152463,9/07/11,Sat,1620,AC,CN1,130A 190A 372A ,G,E,D,O ,FS, ,N,C,100,0,0,0,,,1749165,5429743,-41.2699758,174.7808789
Wellington City,1N/1068/3.55,150,N, ,MAY ON NBD,201150125,15/01/11,Sat,1700,QG,TN1C,682A ,,R,D,O ,F , ,N,R,100,0,0,0,,,1749138,5429734,-41.27006181,174.7805589
Wellington City,1N/1068/3.65,50,N, ,MAY ON NBD,201111489,15/03/11,Tue,1818,FD,CN14C,110A 331A 352A ,,E,W,O ,H , ,N,R,100,0,0,1,,,1749060,5429671,-41.27064343,174.7796435
Wellington City,1N/1068/3.7,, ,I,MAY ON NBD,201150460,11/02/11,Fri,1154,FB,CN1C,331A 817 ,,R,D,B ,F ,Y,N,R,100,0,0,0,,,1749021,5429640,-41.27092973,174.7791856
Wellington City,1N/1068/3.73,30,S, ,MAY ON NBD,201150875,22/02/11,Tue,1407,FA,CN1C,197A 331A 353A 800 ,,R,W,O ,L , , ,N,100,0,0,0,,,1748997,5429622,-41.27109622,174.7789036