TLA NAME,CRASH ROAD,CRASH DIST,CRASH DIRN,INTSN,SIDE ROAD,CRASH ID,CRASH DATE,CRASH DOW,CRASH TIME,MVMT,VEHICLES,CAUSES,OBJECTS STRUCK,ROAD CURVE,ROAD WET,LIGHT,WTHRa,JUNC TYPE,TRAF CTRL,ROAD MARK,SPD LIM,CRASH FATAL CNT,CRASH SEV CNT,CRASH MIN CNT,PERS AGE1,PERS AGE2,EASTING,NORTHING,latitude,longitude
Wellington City,1N/1068/3.922,20,N, ,HAWKESTONE OFF SBD,201152596,17/07/11,Sun,2310,AF,CS1C,372A 137B ,G,R,D,DO,F , ,N,R,100,0,0,0,,,1748870,5429476,-41.27243414,174.7774237
Wellington City,1N/1068/4.093,50,N, ,TINAKORI ON NBD,201155356,25/11/11,Fri,1820,FA,CN1CC,181A 181B 136C 651C ,G,R,D,B ,F , ,N,C,100,0,0,0,,,1748744,5429362,-41.27348375,174.7759479
Wellington City,1N/1068/4.217,500,N, ,TERRACE OFF SBD,201150676,7/02/11,Mon,1747,FD,CS1C,331A 402A ,,E,W,O ,H , ,N,R,100,0,0,0,,,1748670,5429259,-41.27442473,174.7750899
Wellington City,1N/1068/4.234,50,N, ,HAWKESTONE OBR,201113392,17/12/11,Sat,850,DA,CN1,103A 111A 357A ,GP,E,W,O ,L , ,N,N,100,0,0,1,,,1748648,5429259,-41.27442878,174.7748273
Wellington City,1N/1068/4.567,150,N, ,TERRACE OFF SBD,201155353,7/12/11,Wed,1745,AG,CS1O,177A 353A ,,R,D,B ,F , ,N,N,100,0,0,0,,,1748521,5428952,-41.27721621,174.7733865
Wellington City,1N/1068/4.901,50,S, ,TINAKORI OFF NBD,201112709,26/09/11,Mon,41,CB,CN1C,130A 197A 197B ,G,R,D,DO,F , ,N,C,100,0,0,1,,,1748516,5428632,-41.28009824,174.7734048
Wellington City,1N/1068/4.901,50,S, ,TINAKORI OFF NBD,201111356,10/03/11,Thu,1357,CB,VN1,330A 687A ,,R,D,B ,F , ,N,R,100,0,0,1,,,1748516,5428632,-41.28009824,174.7734048
Wellington City,1N/1068/4.917,200,S, ,TERRACE OFF SBD,201111740,4/05/11,Wed,650,FD,CS1C4V,181A 427A ,,R,W,DO,L , ,N,C,60,0,0,2,,,1748529,5428602,-41.28036596,174.7735673
Wellington City,1N/1068/5.173,, ,I,CLIFTON ON NBD,201112207,28/06/11,Tue,836,DB,MN1,137A 800 ,G,E,W,O ,L ,T,N,P,100,0,1,0,,,1748541,5428361,-41.28253359,174.7737693
Wellington City,1N/1068/5.334,2500,S, ,AOTEA OFF SBD,201154636,11/08/11,Thu,1330,FD,CN1C,181A 331A ,,R,D,O ,F , ,N,C,100,0,0,0,,,1748510,5428193,-41.28405187,174.7734403
Wellington City,1N/1068/5.373,200,S, ,CLIFTON ON NBD,201150976,23/03/11,Wed,1454,FD,CN1CV,110A 181A 422C ,,E,D,O ,F , ,N,C,100,0,0,0,,,1748491,5428169,-41.28427145,174.7732193
Wellington City,1N/1068/5.474,, ,A,EVERTON OBR,201154941,16/11/11,Wed,1832,FD,CS1C,181A 358A ,,R,D,B ,F , ,N,N,80,0,0,0,,,1748455,5428065,-41.28521443,174.772815
Wellington City,1N/1068/5.526,180,N, ,NORTH PORTAL SBD,201150291,6/02/11,Sun,1333,FD,CS1CC,427A ,,R,W,O ,M , ,N,R,80,0,0,0,,,1748434,5428017,-41.28565046,174.772576
Wellington City,1N/1068/5.538,20,S, ,BOULCOTT OBR,201112768,29/09/11,Thu,1825,FD,CS1CC,102A 331A 350A ,,R,D,B ,F , ,N,R,60,0,0,1,,,1748429,5428006,-41.28575042,174.772519
Wellington City,1N/1068/5.624,150,S, ,EVERTON OBR,201152896,14/07/11,Thu,1750,FD,CS1CCC,181A 427A ,,R,D,TN,F , ,N,R,80,0,0,0,,,1748396,5427927,-41.28646776,174.7721444
Wellington City,1N/1068/5.646,60,N, ,NORTH PORTAL SBD,201152029,18/05/11,Wed,1815,FD,CS1CCC,331A 358A ,,R,D,DO,F , ,N,N,100,0,0,0,,,1748387,5427907,-41.28664948,174.7720418
Wellington City,1N/1068/5.676,30,N, ,NORTH PORTAL SBD,201154370,7/08/11,Sun,1605,FD,CS1CC,181A 331A ,,E,D,O ,F , ,N,N,100,0,0,0,,,1748374,5427880,-41.28689496,174.7718932
Wellington City,1N/1068/5.781,80,S, ,NORTH PORTAL SBD,201151689,15/04/11,Fri,1506,FD,VS1VXC,331A 135B 191B 801 817 ,B,E,W,O ,F , ,N,L,80,0,0,0,,,1748351,5427778,-41.28781754,174.7716435
Wellington City,1N/1068/5.801,100,S, ,NORTH PORTAL SBD,201151623,15/04/11,Fri,1502,FD,CS1CC,331A 817 ,,E,D,O ,F , ,N,L,80,0,0,0,,,1748350,5427758,-41.2879978,174.7716364
Wellington City,1N/1068/5.801,100,S, ,NORTH PORTAL SBD,201151444,31/03/11,Thu,1707,FD,4S14CC,331A ,,E,D,DO,F , ,N,L,80,0,0,0,,,1748350,5427758,-41.2879978,174.7716364
Wellington City,1N/1068/5.831,130,S, ,NORTH PORTAL SBD,201151447,22/03/11,Tue,1650,FD,4S14CC,112A 181A 331A 181B 331B 112C 181C 800+,,R,W,DO,L , ,N,L,80,0,0,0,,,1748348,5427728,-41.28826827,174.7716199
Wellington City,1N/1068/5.92,250,N, ,SOUTH PORTAL,201152448,25/06/11,Sat,1226,FD,CS1CC,331A 350A ,,R,D,B ,F , ,N,L,60,0,0,0,,,1748347,5427639,-41.28906976,174.7716296
Wellington City,1N/1068/5.931,230,S, ,NORTH PORTAL SBD,201152220,7/05/11,Sat,1251,FD,CS14,181A 331A 353A ,,E,W,B ,L , ,N,L,50,0,0,0,,,1748347,5427628,-41.2891688,174.7716323
Wellington City,1N/1068/5.931,230,S, ,NORTH PORTAL SBD,201152213,14/04/11,Thu,1805,FA,CS1C,111A 331A 862 ,,E,D,DO,F , ,N,L,100,0,0,0,,,1748347,5427628,-41.2891688,174.7716323
Wellington City,1N/1068/5.951,250,S, ,NORTH PORTAL SBD,201152974,23/07/11,Sat,1217,FD,CS14CC,181A 181B 181C 181D ,,E,W,O ,HS, ,N,L,80,0,0,0,,,1748347,5427608,-41.28934887,174.7716372
Wellington City,1N/1068/5.97,200,N, ,SOUTH PORTAL,201150484,18/02/11,Fri,918,FD,CS1CC,181A ,,R,D,O ,F , ,N,C,80,0,0,0,,,1748346,5427589,-41.28952012,174.7716299
Wellington City,1N/1068/5.97,200,N, ,SOUTH PORTAL,201111657,16/04/11,Sat,1416,FD,CS1CX,181A 191B 801 ,,R,W,O ,L , ,N,L,60,0,0,1,,,1748346,5427589,-41.28952012,174.7716299
Wellington City,1N/1068/5.998,400,N, ,VIVIAN ST,201112713,17/08/11,Wed,1725,FD,CS1CCC,130A 181A 331A 402A 181B 800 ,G,R,W,DO,L , ,N,C,60,0,1,0,,,1748346,5427561,-41.28977222,174.7716367
Wellington City,1N/1068/6.001,300,S, ,NORTH PORTAL SBD,201112071,15/05/11,Sun,1353,FD,CS1CCC,181A 330A 800 ,,R,D,O ,F , ,N,L,60,0,0,1,,,1748346,5427558,-41.28979923,174.7716374
Wellington City,1N/1068/6.02,150,N, ,SOUTH PORTAL,201155359,15/12/11,Thu,1800,FD,CS1C,331A ,,R,D,O ,L , ,N,P,50,0,0,0,,,1748346,5427539,-41.28997029,174.7716421
Wellington City,1N/1068/6.02,150,N, ,SOUTH PORTAL,201154151,27/08/11,Sat,1254,FD,CS1CCC,181A 331A ,,R,D,O ,F , ,N,C,60,0,0,0,,,1748346,5427539,-41.28997029,174.7716421
Wellington City,1N/1068/6.02,150,N, ,SOUTH PORTAL,201111909,18/06/11,Sat,1522,FD,CN1CC4,181A 350A ,,R,W,B ,F , ,N,C,60,0,0,1,,,1748346,5427539,-41.28997029,174.7716421
Wellington City,1N/1068/6.05,120,N, ,SOUTH PORTAL,201153653,13/05/11,Fri,1558,FD,CS1CCC,181A 402A 181C 801 ,,R,W,O ,L , ,N,C,80,0,0,0,,,1748346,5427509,-41.2902404,174.7716494
Wellington City,1N/1068/6.07,100,N, ,SOUTH PORTAL,201151330,7/04/11,Thu,811,FD,TS1VC,331A ,,R,W,O ,L , ,N,C,60,0,0,0,,,1748347,5427489,-41.29042028,174.7716662
Wellington City,1N/1068/6.074,600,S, ,EVERTON OBR,201155063,28/10/11,Fri,1730,AC,CS1C,159A 381A 801 ,,R,W,O ,F , ,N,R,100,0,0,0,,,1748347,5427486,-41.29044729,174.7716669
Wellington City,1N/1068/6.11,60,N, ,SOUTH PORTAL,201151639,8/05/11,Sun,1404,FD,CS1CCC,181A 191B ,,R,D,O ,F , ,N,C,60,0,0,0,,,1748349,5427449,-41.29078005,174.7716998
Wellington City,1N/1068/6.14,30,N, ,SOUTH PORTAL,201112541,7/08/11,Sun,1049,FD,CS1CCC,112A 181A 331A 112B 181B 331B ,,R,D,O ,F , ,N,C,60,0,0,1,,,1748352,5427419,-41.29104961,174.7717429
Wellington City,1N/1075/0.2,100,N, ,WILLIS ST,201150713,20/02/11,Sun,1445,FD,CS1CC,181A 181C ,,R,D,B ,F , ,N,C,100,0,0,0,,,1748334,5427193,-41.2930877,174.7715831
Wellington City,1N/1075/0.409,, ,I,WALTER ST,201151063,28/03/11,Mon,1203,FD,CE1CV,181C ,,R,D,B ,F ,T,N,C,50,0,0,0,,,1748491,5427050,-41.29434632,174.7734922
Wellington City,1N/1075/0.431,, ,I,WILLIS ST,201150462,9/02/11,Wed,1320,QG,BN1,680A ,S,R,D,B ,F ,X,T,C,50,0,0,0,,,1748300,5426947,-41.2953088,174.7712372
Wellington City,1N/1075/0.505,300,S, ,VIVIAN ST,201151232,16/04/11,Sat,1520,FD,CS1C,331A 181B ,,R,W,O ,H , ,N,C,60,0,0,0,,,1748579,5427012,-41.29467226,174.774552
Wellington City,1N/1075/0.524,, ,I,VICTORIA ST,201112684,7/09/11,Wed,2041,HA,CW1XC,322A 817 ,,R,D,DO,FS,X,T,C,50,0,0,2,,,1748338,5426862,-41.29606711,174.7717115
Wellington City,1N/1075/0.524,, ,I,VICTORIA ST,201112683,27/07/11,Wed,2128,HA,CW1C,322B 330B ,,R,D,DO,F ,X,T,C,50,0,0,1,,,1748338,5426862,-41.29606711,174.7717115
Wellington City,1N/1075/0.524,, ,I,VICTORIA ST,201152283,26/06/11,Sun,2155,HA,CW1C,324A 404A ,,R,W,DO,F ,X,T,C,50,0,0,0,,,1748338,5426862,-41.29606711,174.7717115
Wellington City,1N/1075/0.524,, ,I,VICTORIA ST,201150192,6/02/11,Sun,614,HA,4W1X,322A ,,R,W,O ,L ,X,T,C,50,0,0,0,,,1748338,5426862,-41.29606711,174.7717115
Wellington City,1N/1075/0.524,, ,I,VICTORIA ST,201151625,5/05/11,Thu,613,HA,CW1V,322A 334A ,P,R,W,DO,M ,X,T,C,50,0,0,0,,,1748338,5426862,-41.29606711,174.7717115
Wellington City,1N/1075/0.524,, ,I,VICTORIA ST,201110024,23/04/11,Sat,1555,HA,MW1C,322A ,S,R,D,O ,F ,X,T,R,50,1,0,0,,,1748338,5426862,-41.29606711,174.7717115
Wellington City,1N/1075/0.524,, ,I,VICTORIA ST,201111610,8/02/11,Tue,2250,HA,CW14,322A 358A 817 ,,R,D,DO,F ,X,T,R,50,0,0,2,,,1748338,5426862,-41.29606711,174.7717115
Wellington City,1N/1075/0.524,, ,I,VICTORIA ST,201112203,15/05/11,Sun,1700,HA,CW1C,322A ,S,R,D,B ,F ,X,T,C,50,0,0,2,,,1748338,5426862,-41.29606711,174.7717115
Wellington City,1N/1075/0.524,, ,I,VICTORIA ST,201150451,31/01/11,Mon,2235,HA,CW1V,322A 351A ,,E,D,DO,F ,X,T,C,50,0,0,0,,,1748338,5426862,-41.29606711,174.7717115
Wellington City,1N/1075/0.536,, ,I,CUBA ST,201154166,10/09/11,Sat,1147,FD,CE1C,181A 331A 350A ,,R,D,O ,F ,X,T,N,50,0,0,0,,,1748607,5427000,-41.29477515,174.7748892
Wellington City,1N/1075/0.547,, ,I,VICTORIA ST,201155726,30/08/11,Tue,2108,HA,CN1C,322A 330A ,,R,W,DO,L ,X,T,C,50,0,0,0,,,1748338,5426862,-41.29606711,174.7717115
Wellington City,1N/1075/0.547,, ,I,VICTORIA ST,201154641,8/08/11,Mon,1359,HA,CW1B,322A 375A ,,R,D,B ,F ,X,T,C,50,0,0,0,,,1748338,5426862,-41.29606711,174.7717115
Wellington City,1N/1075/0.547,, ,I,VICTORIA ST,201111135,25/01/11,Tue,2018,HA,CW1C,322A 353A ,,R,D,B ,F ,X,T,C,50,0,0,1,,,1748338,5426862,-41.29606711,174.7717115
Wellington City,1N/1075/0.551,15,E, ,CUBA ST,201152305,9/06/11,Thu,1520,FD,CE1C,181A ,,R,D,O ,F , ,N,C,50,0,0,0,,,1748621,5426994,-41.29482659,174.7750578
Wellington City,1N/1075/0.556,20,E, ,CUBA ST,201151612,20/04/11,Wed,1724,FD,VE1C,181A 358A ,,R,D,TO,F , ,N,C,50,0,0,0,,,1748625,5426992,-41.29484386,174.7751061
Wellington City,1N/1075/0.659,, ,I,CUBA ST,201151327,22/03/11,Tue,1452,HA,CW1C,691A 313B ,,R,W,O ,L ,X,T,C,50,0,0,0,,,1748427,5426763,-41.29694209,174.7727982
Wellington City,1N/1075/0.659,, ,I,CUBA ST,201111138,15/01/11,Sat,1057,HA,CW1C,322B ,,R,D,B ,F ,X,T,C,50,0,0,2,,,1748427,5426763,-41.29694209,174.7727982
Wellington City,1N/1075/0.738,, ,I,TARANAKI ST,201111476,6/03/11,Sun,221,NC,CS1E,307A 323A ,,R,D,DO,F ,X,T,R,50,0,1,0,23,,1748792,5426917,-41.29548835,174.777118
Wellington City,1N/1075/0.739,, ,I,TARANAKI ST,201151895,23/05/11,Mon,1109,FE,CE1V,330A ,,R,D,B ,F ,X,T,L,50,0,0,0,,,1748792,5426917,-41.29548835,174.777118
Wellington City,1N/1075/0.749,, ,I,CUBA ST,201155518,30/11/11,Wed,2045,AA,4W1V,177A 330A ,,R,D,DO,F ,X,T,C,50,0,0,0,,,1748488,5426734,-41.29719197,174.7735335
Wellington City,1N/1075/0.936,, ,I,TARANAKI ST,201151890,25/05/11,Wed,1415,FE,BN2C,181A ,,R,W,O ,F ,X,T,R,50,0,0,0,,,1748678,5426647,-41.29794029,174.775823
Wellington City,1N/1075/0.959,, ,I,TARANAKI ST,201110034,4/06/11,Sat,2214,NA,CW1E,105B 718B 732B ,,R,W,DO,L ,X,T,C,50,1,0,0,20,,1748679,5426647,-41.2979401,174.775835
Wellington City,1N/1075/1.087,, ,I,LYNN ROAD,201111900,16/06/11,Thu,1010,JA,SW1C,110A 204A ,,R,D,B ,F ,T,N,C,50,0,0,1,,24,1749110,5426775,-41.29670815,174.7809491
Wellington City,CAMBRIDGE TERRACE,, ,I,VIVIAN ST,201151999,5/06/11,Sun,640,EC,CS1,103A 201A ,ST,R,D,DO,F ,X,T,R,50,0,0,0,,,1749197,5426734,-41.29706121,174.7819978
Wellington City,KENT TERRACE,, ,I,PIRIE ST,201154697,24/10/11,Mon,1644,LB,CS1C,322A 334A ,,R,D,O ,F ,X,T,C,50,0,0,0,,,1749220,5426723,-41.29715599,174.7822751
Wellington City,KENT TERRACE,, ,I,PIRIE ST,201112629,9/09/11,Fri,2100,KB,CS1X,322A 353A ,,R,D,DO,F ,X,T,N,50,0,0,1,,,1749220,5426723,-41.29715599,174.7822751
Wellington City,KENT TERRACE,, ,I,1N/1075/1.232,201113042,18/11/11,Fri,,DA,TE2,103A 111A ,,S,D,B ,F ,X,T,C,50,0,0,1,,,1749220,5426723,-41.29715599,174.7822751
Wellington City,1N/1075/1.304,, ,I,SH 1N BUCKLE,201155025,26/10/11,Wed,1936,DB,CN1C,111A 135A 801 ,,M,W,DO,L ,T,N,N,50,0,0,0,,,1748975,5426488,-41.29931706,174.7794077
Wellington City,1N/1075/1.331,50,S, ,BUCKLE ST,201111303,4/02/11,Fri,1010,CA,MN1C,135A 806 ,M,R,D,B ,F , ,N,C,50,0,0,1,,,1748954,5426442,-41.29973509,174.7791683
Wellington City,1N/1075/1.428,40,N, ,RUGBY ST,201111140,14/01/11,Fri,1638,NA,CN1E,713B ,,R,D,B ,F , ,N,C,50,0,0,1,,,1748917,5426353,-41.30054323,174.7787483
Wellington City,1N/1075/1.466,25,N, ,RUGBY ST,201155687,29/12/11,Thu,1658,DA,CN1C,111A 131A 402A 801 ,M,M,W,O ,L , ,N,C,50,0,0,0,,,1748919,5426338,-41.30067791,174.7787759
Wellington City,1N/1075/1.468,, ,I,SH 1N SUSSEX,201154714,20/10/11,Thu,1935,AO,CW14,103A 110A 150A 402A ,K,M,D,O ,F ,Y,G,N,50,0,0,0,,,1748932,5426317,-41.30086458,174.7789362
Wellington City,1N/1075/1.468,, ,I,RUGBY ST,201151675,2/04/11,Sat,225,DA,CW2C,103A ,,S,D,DO,F ,T,G,C,50,0,0,0,,,1748932,5426317,-41.30086458,174.7789362
Wellington City,1N/1075/1.491,, ,I,SH 1N SUSSEX,201155236,7/11/11,Mon,728,DA,VW1,130A 354A ,P,M,D,B ,F ,Y,G,C,50,0,0,0,,,1748932,5426317,-41.30086458,174.7789362
Wellington City,1N/1075/1.492,20,N, ,BUCKLE ST,201151997,2/06/11,Thu,1710,FE,4S1C,331A ,,R,D,TO,F , ,T,X,50,0,0,0,,,1749108,5426464,-41.29950858,174.7810015
Wellington City,1N/1075/1.499,50,W, ,ADELAIDE ROAD,201150465,17/01/11,Mon,1708,AC,CS1CC,372A ,M,M,D,O ,F , ,N,C,50,0,0,0,,,1748960,5426305,-41.30096745,174.7792734
Wellington City,1N/1075/1.512,, ,I,BUCKLE ST,201111314,7/02/11,Mon,2335,KA,CE1C,302A 602B 670B ,P,M,W,DO,L ,T,G,C,50,0,0,2,,,1749115,5426446,-41.29966935,174.7810894
Wellington City,1N/1075/1.549,, ,I,ADELAIDE ROAD,201154152,17/08/11,Wed,2227,GF,CN2C,176A 330A 402A ,,R,W,DO,H ,T,T,C,50,0,0,0,,,1749005,5426284,-41.30114822,174.7798158
Wellington City,1N/1075/1.549,, ,I,ADELAIDE ROAD,201153487,3/05/11,Tue,1010,KA,BW1TC4,137A 322A ,M,R,D,B ,F ,T,T,R,50,0,0,0,,,1749005,5426284,-41.30114822,174.7798158
Wellington City,1N/1075/1.553,, ,I,ELLICE ST,201151564,7/04/11,Thu,1645,MG,CS1C,371B ,,E,D,B ,F ,T,G,R,50,0,0,0,,,1749153,5426429,-41.29981538,174.7815473
Wellington City,1N/1075/1.564,15,E, ,ADELAIDE ROAD,201152277,9/06/11,Thu,405,AC,XW1C,372A ,,M,D,DO,F , ,N,C,50,0,0,0,,,1749019,5426278,-41.30119965,174.7799845
Wellington City,1N/1075/1.571,, ,I,ADELAIDE ROAD,201154571,13/10/11,Thu,1700,FE,4W1C,331A ,,R,D,O ,F ,T,T,C,50,0,0,0,,,1749005,5426284,-41.30114822,174.7798158
Wellington City,1N/1075/1.589,40,E, ,ADELAIDE ROAD,201151235,17/04/11,Sun,251,DA,CW1C,131A ,M,M,W,DO,F , ,N,C,50,0,0,0,,,1749042,5426268,-41.30128544,174.7802615
Wellington City,1N/1075/1.651,, ,I,DUFFERIN ST,201112689,11/09/11,Sun,5,CA,CW1,103A 112A 130A 524A ,IX,R,W,DO,F ,T,T,R,50,0,2,0,,,1749157,5426341,-41.30060694,174.7816166
Wellington City,1N/1075/1.651,, ,I,PATERSON ST,201150654,16/02/11,Wed,2000,MG,CS1T,371B ,,R,D,TF,F ,T,T,R,50,0,0,0,,,1749157,5426341,-41.30060694,174.7816166
Wellington City,1N/1075/1.651,, ,I,PATERSON ST,201150295,15/01/11,Sat,1545,AC,CS1C,170A 372A ,,R,D,B ,F ,T,T,P,50,0,0,0,,,1749157,5426341,-41.30060694,174.7816166
Wellington City,1N/1075/1.651,, ,I,PATERSON ST,201153026,21/05/11,Sat,1300,FE,CS1X,181A ,,E,D,B ,F ,T,T,C,50,0,0,0,,,1749157,5426341,-41.30060694,174.7816166
Wellington City,1N/1075/1.651,, ,I,SH 1N PATERSON,201153380,15/05/11,Sun,148,FE,CS1X,103A 331A 334A ,,R,D,DO,F ,X,T,C,50,0,0,0,,,1749157,5426341,-41.30060694,174.7816166
Wellington City,1N/1075/1.651,, ,I,DUFFERIN ST,201151153,16/04/11,Sat,624,DB,4W1,131A ,F,M,W,O ,L ,T,T,R,50,0,0,0,,,1749157,5426341,-41.30060694,174.7816166
Wellington City,1N/1075/1.674,, ,I,PATERSON ST W,201113134,19/11/11,Sat,1635,FE,XS1S,331A 357A ,,R,D,B ,F ,M,T,R,50,0,0,1,,29,1749157,5426341,-41.30060694,174.7816166
Wellington City,1N/1076/0.001,10,E, ,DUFFERIN ST,201150764,17/02/11,Thu,1139,FD,CE1C,181A ,,E,D,B ,F ,T,T,R,50,0,0,0,,,1749166,5426336,-41.30065029,174.7817253
Wellington City,1N/1076/0.091,100,E, ,SH 1N DUFFERIN,201150343,27/01/11,Thu,1700,AA,VE1C,184A ,,E,D,B ,F , ,N,L,50,0,0,0,,,1749240,5426287,-41.30107778,174.7826208
Wellington City,1N/1076/0.347,50,E, ,WEST PORTAL,201112958,4/11/11,Fri,1445,DA,CW1,102A 129A ,F,E,D,O ,F , ,N,C,50,0,0,1,,,1749467,5426169,-41.30209816,174.78536
Wellington City,1N/1076/0.397,100,E, ,WEST PORTAL,201111821,10/05/11,Tue,1545,FD,CW1V,420A ,,R,D,B ,F , ,N,C,50,0,0,1,,,1749512,5426148,-41.3022789,174.7859024
Wellington City,1N/1076/0.497,200,E, ,WEST PORTAL,201155059,21/11/11,Mon,835,FD,VW1B,181A ,,R,D,O ,F , ,N,C,50,0,0,0,,,1749602,5426104,-41.30265837,174.7869877
Wellington City,1N/1076/0.917,70,N, ,TAURIMA ST,201154635,12/08/11,Fri,927,FD,CN1C,331A 353A ,,E,W,O ,L , ,N,L,50,0,0,0,,,1749981,5425922,-41.30422662,174.7915576
Wellington City,1N/1076/0.967,20,W, ,TAURIMA ST,201151610,26/04/11,Tue,1159,FD,CW1VCC,181A 191B 191C ,,R,D,O ,F , ,N,C,50,0,0,0,,,1750025,5425899,-41.30442552,174.7920886
Wellington City,1N/1076/0.967,20,W, ,TAURIMA ST,201153613,2/06/11,Thu,1601,FD,VW1CVV,125A 331A 359A ,,R,D,O ,F , ,N,L,50,0,0,0,,,1750025,5425899,-41.30442552,174.7920886
Wellington City,1N/1076/1.079,400,N, ,GOA ST,201154530,8/09/11,Thu,1550,FD,CN1C,181A 331A 358A ,,R,D,B ,F , ,N,L,70,0,0,0,,,1750079,5425809,-41.30522578,174.7927556
Wellington City,1N/1076/1.279,200,N, ,GOA ST,201150669,7/02/11,Mon,1615,FD,CN1CC,331A ,,R,W,O ,L , ,N,L,70,0,0,0,,,1750032,5425615,-41.30698116,174.7922422
Wellington City,1N/1076/1.479,, ,I,GOA ST,201154526,7/05/11,Sat,850,JA,CN1CC,370A 303B 314B 375B 901 ,,E,W,O ,HS,T,G,C,50,0,0,0,,,1749971,5425424,-41.30871214,174.791561
Wellington City,1N/1076/1.735,100,N, ,WELLINGTON ROAD,201151062,29/03/11,Tue,854,FD,CS1X,181A ,,R,D,B ,F , ,N,C,70,0,0,0,,,1749894,5425180,-41.31092327,174.7907017
Wellington City,1N/1076/1.735,100,N, ,WELLINGTON ROAD,201153616,11/06/11,Sat,1244,FD,CN14C,135A 331A 403A ,,R,D,B ,F , ,N,L,50,0,0,0,,,1749894,5425180,-41.31092327,174.7907017
Wellington City,1N/1076/1.835,, ,I,WELLINGTON ROAD,201155219,24/11/11,Thu,1020,DA,CW1,111A 131A 402A 800 ,C,M,W,O ,F ,T,G,R,50,0,0,0,,,1749873,5425084,-41.31179149,174.7904746
Wellington City,1N/1076/1.835,, ,I,WELLINGTON ROAD,201152412,10/06/11,Fri,2017,JC,CS1C,302A 375A ,,M,W,DO,F ,T,G,R,50,0,0,0,,,1749873,5425084,-41.31179149,174.7904746
Wellington City,1N/1076/1.835,, ,I,WELLINGTON ROAD,201151328,31/03/11,Thu,1815,JC,CN2C,302A 314A ,,E,D,O ,F ,T,G,R,50,0,0,0,,,1749873,5425084,-41.31179149,174.7904746
Wellington City,1N/1076/1.835,, ,I,WELLINGTON ROAD,201151674,13/03/11,Sun,2055,MG,VN2C,387A 103B 371B ,,M,D,DO,F ,T,G,R,50,0,0,0,,,1749873,5425084,-41.31179149,174.7904746
Wellington City,1N/1076/1.835,, ,I,WELLINGTON ROAD,201112208,16/07/11,Sat,910,KC,XN2C,302B 330B 402B ,,M,D,O ,F ,T,G,R,50,0,0,1,,,1749873,5425084,-41.31179149,174.7904746
Wellington City,1N/1076/1.835,, ,I,WELLINGTON ROAD,201153445,14/08/11,Sun,1300,JA,VN1C,302B 375B ,,M,D,O ,F ,T,G,C,50,0,0,0,,,1749873,5425084,-41.31179149,174.7904746
Wellington City,WELLINGTON ROAD,, ,I,1N/1076/1.835,201153381,22/05/11,Sun,1010,QD,VN1C,610A 407B ,,M,D,B ,F ,T,G,L,50,0,0,0,,,1749873,5425084,-41.31179149,174.7904746
Wellington City,WELLINGTON ROAD,, ,I,1N/1076/1.835,201153403,19/05/11,Thu,1835,JC,CE1C,302A 350A 375A ,,M,D,DO,F ,T,G,R,50,0,0,0,,,1749873,5425084,-41.31179149,174.7904746
Wellington City,1N/1076/1.865,30,E, ,SH 1N RUAHINE,201155563,21/12/11,Wed,1449,FD,CE1C,110A 330A ,,M,D,B ,F , ,N,R,50,0,0,0,,,1749895,5425070,-41.31191345,174.7907407
Wellington City,1N/1076/1.911,, ,I,MOXHAM AVENUE,201113136,25/10/11,Tue,855,GA,SE1V,372B ,,R,D,B ,FS,T,N,L,50,0,0,1,,57,1749941,5425068,-41.31192291,174.7912905
Wellington City,HAMILTON ROAD,, ,I,1N/1076/2.094,201112906,7/09/11,Wed,2005,LB,PN1C,303B 375B ,,R,D,DO,F ,X,T,C,50,0,1,0,,,1750123,5425048,-41.31206913,174.7934687
Wellington City,KILBIRNIE CRESCENT,, ,I,WELLINGTON ROAD,201154515,6/08/11,Sat,1545,NF,CN1S,307A 322A ,,R,D,B ,F ,X,T,R,50,0,0,0,,,1750123,5425048,-41.31206913,174.7934687
Wellington City,1N/1076/2.094,, ,I,KILBIRNIE CRESCENT,201151641,24/04/11,Sun,1956,LB,CW1C,303B 375B ,,R,W,DO,L ,X,T,C,50,0,0,0,,,1750123,5425048,-41.31206913,174.7934687
Wellington City,1N/1076/2.094,, ,I,KILBIRNIE CRESCENT,201151673,7/04/11,Thu,2232,LB,CW1C,303B 375B ,,R,D,DO,F ,X,T,C,50,0,0,0,,,1750123,5425048,-41.31206913,174.7934687
Wellington City,1N/1076/2.094,, ,I,HAMILTON ROAD,201151072,31/03/11,Thu,1623,FE,TE1V,181A 387A ,,R,D,O ,F ,X,T,C,50,0,0,0,,,1750123,5425048,-41.31206913,174.7934687
Wellington City,1N/1076/2.094,, ,I,HAMILTON ROAD,201153100,23/07/11,Sat,1315,AA,CW1C,386A ,,R,W,O ,L ,X,T,R,50,0,0,0,,,1750123,5425048,-41.31206913,174.7934687