TLA NAME,CRASH ROAD,CRASH DIST,CRASH DIRN,INTSN,SIDE ROAD,CRASH ID,CRASH DATE,CRASH DOW,CRASH TIME,MVMT,VEHICLES,CAUSES,OBJECTS STRUCK,ROAD CURVE,ROAD WET,LIGHT,WTHRa,JUNC TYPE,TRAF CTRL,ROAD MARK,SPD LIM,CRASH FATAL CNT,CRASH SEV CNT,CRASH MIN CNT,PERS AGE1,PERS AGE2,EASTING,NORTHING,latitude,longitude
Wellington City,1N/1076/2.094,, ,I,KILBIRNIE CRESCENT,201154314,12/09/11,Mon,1537,AO,TW1C,330A 184B 381B ,,R,D,B ,F ,X,T,C,50,0,0,0,,,1750123,5425048,-41.31206913,174.7934687
Wellington City,1N/1076/2.094,, ,I,KILBIRNIE CRESCENT,201151547,13/05/11,Fri,911,KA,TW1C,303B ,,E,D,O ,F ,X,T,L,50,0,0,0,,,1750123,5425048,-41.31206913,174.7934687
Wellington City,1N/1076/2.144,50,E, ,KILBIRNIE CRESCENT,201151930,14/05/11,Sat,1257,FA,VW1C,386A ,,R,D,B ,F , ,N,R,50,0,0,0,,,1750171,5425038,-41.31215022,174.7940444
Wellington City,EVANS BAY PARADE,, ,I,COBHAM DRIVE,201153103,19/07/11,Tue,2224,FB,CS1C,181A 387A ,,E,D,DO,F ,X,G,R,50,0,0,0,,,1750302,5425012,-41.31235991,174.7956151
Wellington City,1N/1076/2.278,, ,I,EVANS BAY PARADE,201154528,28/08/11,Sun,658,EA,CE1C,129A 359A ,M,R,D,O ,F ,X,T,C,50,0,0,0,,,1750302,5425012,-41.31235991,174.7956151
Wellington City,1N/1076/2.278,, ,I,EVANS BAY PARADE,201111151,17/02/11,Thu,1740,GA,XS2C,331A ,,E,D,B ,F ,X,T,R,50,0,0,1,,,1750302,5425012,-41.31235991,174.7956151
Wellington City,1N/1076/2.278,, ,I,EVANS BAY PARADE,201151896,1/06/11,Wed,1752,KA,CE1C,302B ,,R,D,TO,F ,X,G,C,50,0,0,0,,,1750302,5425012,-41.31235991,174.7956151
Wellington City,EVANS BAY PARADE,, ,I,1N/1076/2.28,201151230,23/04/11,Sat,2203,LB,VN1C,303B ,,R,W,DO,L ,X,T,R,50,0,0,0,,,1750300,5425000,-41.31246832,174.7955942
Wellington City,1N/1076/2.28,, ,I,EVANS BAY PARADE,201111169,13/01/11,Thu,810,HA,VW1C,322A 350A ,,R,D,O ,F ,X,T,R,50,0,0,3,,,1750300,5425000,-41.31246832,174.7955942
Wellington City,1N/1076/2.528,250,E, ,EVANS BAY PARADE,201154154,12/06/11,Sun,25,CC,CE1,130A 402A 407A ,T,R,W,DO,F , ,N,R,70,0,0,0,,,1750513,5424894,-41.31338296,174.7981638
Wellington City,1N/1076/3.054,50,N, ,TROY ST,201112687,12/09/11,Mon,915,CA,CW14,111A 130A 402A 800 901 ,G,M,W,O ,H , ,N,C,70,0,0,1,,,1750886,5424515,-41.31672551,174.802712
Wellington City,1N/1076/3.104,, ,I,TROY ST,201151151,11/04/11,Mon,905,GB,TN1C,171A 172B ,,E,D,B ,F ,R,G,R,70,0,0,0,,,1750891,5424466,-41.31716574,174.8027838
Wellington City,1N/1076/3.108,, ,I,TROY ST,201112365,26/07/11,Tue,1545,FB,PE1CV,331A 181C ,,E,D,B ,F ,R,G,C,70,0,0,1,,,1750931,5424492,-41.31692417,174.8032551
Wellington City,1N/1076/3.108,, ,I,TROY ST,201111914,8/06/11,Wed,1640,KB,CW1S,302A ,,M,D,B ,F ,R,G,R,70,0,0,1,,21,1750931,5424492,-41.31692417,174.8032551
Wellington City,1N/1076/3.141,, ,I,TROY ST,201112945,22/09/11,Thu,1229,GB,SW1C,142A 183B 330B 387B 903 ,,M,D,O ,FS,R,G,P,70,0,0,1,,47,1750961,5424480,-41.31702659,174.8036163
Wellington City,1N/1076/3.388,150,E, ,TROY ST,201112108,26/01/11,Wed,2257,CB,CE1,110A 402A 403A ,JP,E,W,DO,F , ,N,R,70,0,1,0,,,1751117,5424454,-41.31723146,174.8054857
Wellington City,1N/1076/3.535,50,W, ,COBHAM DRIVE,201152405,21/05/11,Sat,1830,FA,CE1C,110A 331A ,,E,D,TO,F , , ,R,70,0,0,0,,,1751348,5424515,-41.31663895,174.8082291
Wellington City,1N/1076/3.587,100,W, ,CALABAR ROAD,201151331,7/04/11,Thu,905,AD,CW1X,135A 137A 372B 801 ,I,R,W,O ,F , ,N,R,70,0,0,0,,,1751311,5424496,-41.31681695,174.807792
Wellington City,COBHAM DRIVE,, ,I,1N/1076/3.635,201113146,6/12/11,Tue,1450,AC,CS1C,110A 372A 402A ,,S,W,O ,L ,R,G,C,70,0,0,1,,,1751468,5424498,-41.31676947,174.8096663
Wellington City,1N/1076/3.635,, ,I,SH 1N CALABAR,201155065,25/09/11,Sun,1903,DA,CS1,111A 131A 801 ,P,M,W,O ,L ,R,G,C,70,0,0,0,,,1751419,5424533,-41.31646356,174.8090725
Wellington City,1N/1076/3.687,, ,I,CALABAR ROAD,201150188,24/01/11,Mon,1015,DA,CW1,131A ,P,M,W,O ,F ,R,G,C,70,0,0,0,,,1751402,5424463,-41.31709698,174.8088869
Wellington City,COBHAM DRIVE,, ,I,1N/1076/3.731,201154746,19/10/11,Wed,2223,DC,CN2,103A 111A 800 ,KS,E,W,DO,FS,R,G,C,70,0,0,0,,,1751426,5424454,-41.3171735,174.8091757
Wellington City,CALABAR ROAD,, ,I,COBHAM DRIVE,201112841,8/10/11,Sat,1340,DA,CN1,111A 131A 143A ,P,E,D,B ,F ,R,G,C,50,0,0,1,,,1751427,5424454,-41.31717332,174.8091877
Wellington City,1N/1076/4.131,, ,I,CALEDONIA ST,201153612,1/06/11,Wed,1529,KB,CN1C,173A ,I,R,D,B ,F ,T,G,R,70,0,0,0,,,1751424,5424061,-41.32071215,174.8092497
Wellington City,1N/1076/4.54,150,N, ,BROADWAY,201151902,28/05/11,Sat,850,AA,CN1C,110A 158A ,,R,D,B ,F , ,N,C,70,0,0,0,,,1751391,5423644,-41.3244727,174.8089595
Wellington City,STEWART DUFF DRIVE,, ,I,BROADWAY,201151225,3/03/11,Thu,719,KA,VS1C,141A 302B 386B ,,M,D,O ,F ,R,G,C,50,0,0,0,,,1751436,5423510,-41.32567068,174.8095303
Wellington City,2/962/12.896,200,W, ,HOROKIWI ROAD,201153308,20/05/11,Fri,1238,FF,CW14,331A 352A 352B ,,R,D,B ,F , ,N,R,100,0,0,0,,,1755027,5434378,-41.22714257,174.8496533
Wellington City,2/962/12.897,200,S, ,HOROKIWI ROAD,201111859,15/04/11,Fri,1546,FD,VE1CCC,181A 331A 800 901 ,,E,W,O ,H , ,N,C,100,0,0,1,,,1755021,5434389,-41.22704469,174.8495789
Wellington City,2/962/12.897,200,S, ,HOROKIWI ROAD,201154514,6/09/11,Tue,330,DA,VN1,131A 412A ,GP,E,D,DO,F , ,N,C,100,0,0,0,,,1755021,5434389,-41.22704469,174.8495789
Wellington City,2/962/12.997,300,S, ,HOROKIWI ROAD,201154982,14/10/11,Fri,1715,FD,CS1CC,181A 331A ,,R,D,TF,F , ,N,N,100,0,0,0,,,1754925,5434359,-41.22733317,174.8484417
Wellington City,2/962/13.177,1000,S, ,PETONE ON SBD,201155100,15/11/11,Tue,900,FD,CS1C,110A 181A 191B ,,R,D,B ,F , ,N,C,100,0,0,0,,,1754759,5434294,-41.22795015,174.8464786
Wellington City,2/962/13.177,1000,S, ,PETONE ON SBD,201155483,15/12/11,Thu,1727,FD,CS1CC,110A 132A 181A ,,R,W,O ,H , ,N,R,100,0,0,0,,,1754759,5434294,-41.22795015,174.8464786
Wellington City,2/962/13.196,500,S, ,HOROKIWI ROAD,201111677,14/04/11,Thu,850,FD,XS1CCC,112A 181A 353A 191B 191C ,,R,D,O ,F , ,N,R,100,0,0,1,,,1754741,5434288,-41.22800761,174.8462654
Wellington City,2/962/13.196,500,W, ,HOROKIWI ROAD,201111737,29/04/11,Fri,752,FD,CS1V4C,181A 191B 191D ,,R,D,O ,F , ,N,R,100,0,0,1,,,1754741,5434288,-41.22800761,174.8462654
Wellington City,2/962/13.197,500,S, ,HOROKIWI ROAD,201153102,25/07/11,Mon,10,CC,CN1,110A 135A 823 ,GZ,R,W,DO,HS, ,N,C,100,0,0,0,,,1754735,5434299,-41.22790972,174.8461911
Wellington City,2/962/13.351,520,N, ,SERVICE STN NTH,201111419,22/03/11,Tue,1620,DA,MN1,181A 191A 402A 901 ,,E,W,O ,H , ,N,C,100,0,0,1,,,1754588,5434252,-41.22836098,174.84445
Wellington City,2/962/13.377,1200,W, ,PETONE ON SBD,201111415,9/03/11,Wed,855,FD,CW1CC,112A 331A 401A 402A ,,R,D,B ,F , ,N,R,100,0,0,1,,,1754569,5434233,-41.22853567,174.8442282
Wellington City,2/962/13.437,1260,S, ,PETONE ON SBD,201153327,7/05/11,Sat,1247,FA,CS1,101A 132A 181A 801 ,G,E,W,O ,L , ,N,R,100,0,0,0,,,1754516,5434205,-41.22879788,174.8436032
Wellington City,2/962/13.497,800,S, ,HOROKIWI ROAD,201112833,9/09/11,Fri,701,FA,CN1C,103A 181A 330A ,CG,M,D,O ,F , ,N,N,100,0,1,0,,,1754462,5434181,-41.22902427,174.8429653
Wellington City,2/962/13.537,1360,S, ,PETONE ON SBD,201155048,16/11/11,Wed,910,FD,CS1C,181A 331A 402A ,,R,D,B ,F , ,N,R,100,0,0,0,,,1754437,5434144,-41.22936216,174.8426765
Wellington City,2/962/13.696,1000,S, ,HOROKIWI ROAD,201154614,20/09/11,Tue,910,FD,CS1CC,181A 331A 181B 331B 800 ,,R,W,O ,L , ,N,C,100,0,0,0,,,1754341,5434018,-41.23051489,174.8415635
Wellington City,2/962/13.697,1000,S, ,HOROKIWI ROAD,201112042,20/05/11,Fri,1743,FA,4N1C,181A 331A 353A ,,R,D,DO,F , ,N,C,100,0,0,1,,,1754335,5434028,-41.230426,174.8414894
Wellington City,2/962/13.697,1000,S, ,HOROKIWI ROAD,201154482,20/10/11,Thu,1620,FD,CE1C,181A 331A ,,R,D,B ,F , ,N,R,100,0,0,0,,,1754335,5434028,-41.230426,174.8414894
Wellington City,2/962/13.741,130,N, ,SERVICE STN NTH,201154703,12/10/11,Wed,730,AA,CS1C,110A 372A 386A ,,E,D,O ,F , ,N,C,100,0,0,0,,,1754306,5433995,-41.23072864,174.8411519
Wellington City,2/962/13.771,100,N, ,SERVICE STN NTH,201153937,15/06/11,Wed,703,FD,CN1C,181A ,,E,D,B ,F , ,N,C,100,0,0,0,,,1754284,5433974,-41.2309219,174.8408949
Wellington City,2/962/13.801,70,N, ,SERVICE STN NTH,201155517,16/12/11,Fri,2255,DB,CN1,103A 111A 330A ,G,E,W,DO,L , ,N,C,100,0,0,0,,,1754260,5433956,-41.23108854,174.8406132
Wellington City,2/962/13.897,1200,S, ,HOROKIWI ROAD,201112096,8/07/11,Fri,1820,CA,MN1,422A ,,R,D,DO,F , ,N,C,100,0,0,1,,,1754178,5433908,-41.23153633,174.8396474
Wellington City,2/962/14.113,150,N, ,SERVICE STN N,201153178,18/06/11,Sat,1100,FD,CN14CC,181A 181C 132D 191D ,,R,W,O ,L , ,N,R,100,0,0,0,,,1753984,5433814,-41.23241958,174.8373574
Wellington City,2/962/14.177,2000,S, ,PETONE ON SBD,201151679,20/04/11,Wed,815,FD,CS1C,181A 191B ,,R,D,B ,F , ,N,R,100,0,0,0,,,1753943,5433760,-41.23291356,174.836882
Wellington City,2/962/14.261,30,S, ,SERVICE STN STH,201151391,20/03/11,Sun,2000,QG,VN1,665A 687A ,,R,D,DO,F , ,N,R,100,0,0,0,,,1753882,5433708,-41.23339334,174.8361676
Wellington City,2/962/14.548,80,N, ,WEIGH PIT,201153175,18/06/11,Sat,1108,AA,VN1C,372A ,,R,W,O ,L , ,N,R,100,0,0,0,,,1753681,5433504,-41.23526821,174.8338218
Wellington City,2/962/14.578,50,N, ,WEIGH PIT,201111451,6/01/11,Thu,1638,CB,VN1,410A ,C,R,D,B ,F , ,N,R,100,0,3,3,,,1753658,5433484,-41.23545265,174.8335525
Wellington City,2/962/14.677,2500,W, ,PETONE ON SBD,201152811,5/06/11,Sun,47,EA,CW1C,103A ,Q,R,W,DN,L , ,N,R,100,0,0,0,,,1753583,5433415,-41.23608812,174.8326753
Wellington City,2/962/15.167,1200,N, ,NGAURANGA ON NBD,201152032,18/05/11,Wed,1140,EA,TN14,331A 385A ,Q,R,D,B ,F , ,N,R,100,0,0,0,,,1753190,5433123,-41.2387916,174.8280613
Wellington City,2/962/15.241,500,N, ,HUTT ON NBD,201153615,7/06/11,Tue,1720,FD,CN14,331A 358A ,,R,D,DO,L , ,N,C,100,0,0,0,,,1753129,5433084,-41.23915428,174.8273435
Wellington City,2/962/15.367,1000,N, ,NGAURANGA ON NBD,201154944,2/11/11,Wed,1650,FD,VS1C,331A 386A ,,R,D,O ,F , ,N,C,100,0,0,0,,,1753039,5432992,-41.23999962,174.8262931
Wellington City,2/962/15.461,1230,S, ,SERVICE STN STH,201155392,5/12/11,Mon,1415,MA,VN1V,330B 373B 402B ,P,R,W,O ,L , ,N,N,100,0,0,0,,,1752959,5432945,-41.24043791,174.8253506
Wellington City,2/962/15.497,870,N, ,NGAURANGA ON NBD,201155125,10/11/11,Thu,855,AA,CN1C,372A ,G,R,D,B ,F , ,N,C,80,0,0,0,,,1752935,5432914,-41.24072155,174.8250721
Wellington City,2/962/15.667,700,N, ,NGAURANGA ON NBD,201154908,8/10/11,Sat,1315,FD,VS14,181A 331A ,,R,D,O ,F , ,N,C,100,0,0,0,,,1752795,5432816,-41.24163034,174.8234268
Wellington City,2/962/15.841,100,S, ,HUTT ON NBD,201113253,19/11/11,Sat,234,CC,CN1,103A 125A 692A ,G,R,D,DO,F , ,N,C,100,0,0,1,,,1752648,5432726,-41.2424684,174.8216959
Wellington City,2/962/15.867,500,N, ,NGAURANGA ON NBD,201152371,18/06/11,Sat,2200,FD,CN1V,181A ,,E,D,DN,L , ,N,C,100,0,0,0,,,1752633,5432699,-41.24271432,174.8215237
Wellington City,2/962/16.367,, ,I,NGAURANGA ON NBD,201113181,21/12/11,Wed,1615,KB,SN1C,125A 324A ,,R,D,B ,F ,T,N,R,100,0,1,0,,47,1752244,5432387,-41.24559669,174.8169614
Wellington City,2/962/16.367,, ,I,NGAURANGA ON NBD,201154885,19/11/11,Sat,1125,FB,CS1V,181A 353A ,,M,D,B ,F ,T,N,X,80,0,0,0,,,1752244,5432387,-41.24559669,174.8169614
Wellington City,2/962/16.57,400,N, ,SH 1N,201112404,19/05/11,Thu,1750,FA,CN1C,181A 181B 191B ,,R,D,DO,F , ,N,C,100,0,0,1,,,1752091,5432259,-41.24677791,174.8151682
Wellington City,2/962/16.97,, ,I,SH 1N,201151685,12/04/11,Tue,1650,AC,TN1C,184A ,,R,D,B ,F ,T,N,R,100,0,0,0,,,1751775,5432014,-41.24904311,174.8114596
Wellington City,ABEL SMITH ST,30,E, ,CUBA ST,201250235,20/01/12,Fri,2058,EA,CW1C,129A 386A ,M,R,D,O ,FS, ,N,C,50,0,0,0,,,1748562,5426826,-41.29635003,174.7743945
Wellington City,ABEL SMITH ST,100,W, ,CUBA ST,201251177,23/03/12,Fri,2103,EA,CW1CMC,108A 130A 412A ,M,R,D,DO,F , ,N,C,50,0,0,0,,,1748443,5426880,-41.29588574,174.7729606
Wellington City,ACCESS ROAD,20,N, ,BUNNY ST,201211482,20/03/12,Tue,1339,NA,MN1E,402A 711B ,,R,W,O ,L , ,N,N,50,0,0,1,23,,1749039,5428679,-41.27957873,174.7796355
Wellington City,ACCESS ROAD,, ,A,WGTN AIR TERMINAL,201250626,18/01/12,Wed,1200,MA,XN1X,373B ,,R,D,B ,F , ,N,C,20,0,0,0,,,1751652,5423151,-41.32886223,174.8121997
Wellington City,ADELAIDE ROAD,25,S, ,ALFRED ST,201212701,7/09/12,Fri,2009,MA,MS1C,373B 402B ,,R,D,DO,FS, ,N,C,50,0,1,0,,,1748982,5426195,-41.30195377,174.779563
Wellington City,ADELAIDE ROAD,10,N, ,BOYD TERRACE,201212818,22/09/12,Sat,1706,LO,SN1C,204A 370B 830 929 ,,R,D,O ,F ,D,N,C,50,0,0,1,,24,1748617,5424757,-41.31496799,174.7755565
Wellington City,ADELAIDE ROAD,20,S, ,BROOMHEDGE ST,201251636,1/05/12,Tue,1430,MC,CS1C,330B 372B ,,R,D,B ,F , ,N,P,50,0,0,0,,,1748911,5425915,-41.30448783,174.7787839
Wellington City,ADELAIDE ROAD,30,S, ,BROOMHEDGE ST,201211858,18/04/12,Wed,816,NA,SN1EE,711C 714C 732C ,,R,D,O ,F , ,N,P,50,0,0,3,26,32,1748908,5425905,-41.30457842,174.7787505
Wellington City,ADELAIDE ROAD,50,N, ,CHILKA ST,201212870,7/11/12,Wed,823,NA,CS1E,377A 711B ,,R,D,O ,F , ,N,C,50,0,0,1,53,,1748570,5424005,-41.32174722,174.775179
Wellington City,ADELAIDE ROAD,20,S, ,DOUGLAS ST,201250508,28/02/12,Tue,1046,AA,TS1CC,129A 372A ,,R,D,B ,F , ,N,C,50,0,0,0,,,1748968,5426144,-41.30241553,174.7794084
Wellington City,ADELAIDE ROAD,160,S, ,DUPPA ST,201251395,27/04/12,Fri,1320,FD,TS1VCC,181A 331A ,,R,D,O ,F , ,N,L,50,0,0,0,,,1748552,5423671,-41.32475767,174.7750456
Wellington City,ADELAIDE ROAD,, ,I,HERALD ST,201211817,17/05/12,Thu,1511,NA,CS1E,712B 713B ,,R,D,O ,F ,X,N,C,50,0,1,0,11,,1748579,5424122,-41.32069216,174.7752579
Wellington City,ADELAIDE ROAD,, ,I,JOHN ST,201252999,12/08/12,Sun,344,DA,CS1,101A 133A 430A 801 ,H,R,W,DO,L ,X,T,L,50,0,0,0,,,1748832,5425608,-41.30726645,174.7779157
Wellington City,ADELAIDE ROAD,, ,I,JOHN ST,201212126,24/06/12,Sun,1739,JA,4N1C,334A 334B ,,E,D,TO,F ,X,T,C,50,0,1,3,,,1748832,5425608,-41.30726645,174.7779157
Wellington City,ADELAIDE ROAD,, ,I,KING ST,201212196,29/06/12,Fri,640,LB,SN1C,534A 111B 303B 375B 503B ,,R,D,DO,F ,T,G,C,50,0,1,0,,31,1748937,5426020,-41.30353767,174.7790686
Wellington City,ADELAIDE ROAD,, ,I,NIKAU ST,201211986,12/06/12,Tue,755,MA,SN1C,198B 371B 378B ,,R,D,B ,F ,T,N,C,50,0,0,1,,54,1748777,5425389,-41.30924834,174.7773126
Wellington City,ADELAIDE ROAD,10,S, ,RUGBY ST,201251936,27/05/12,Sun,1141,FD,CN1C,331A 387A 402A 901 ,,R,W,O ,H ,R,T,C,50,0,0,0,,,1749003,5426275,-41.30122962,174.7797942
Wellington City,ADELAIDE ROAD,50,N, ,STOKE ST,201252970,31/07/12,Tue,2255,CC,CS1X,125A 410A ,P,R,W,DO,L , ,N,C,50,0,0,0,,,1748662,5424932,-41.31338411,174.7760511
Wellington City,AITKEN ST,15,E, ,MOLESWORTH ST,201253339,31/08/12,Fri,1330,EA,CE1V,101A 386A ,M,R,D,B ,F , ,N,C,50,0,0,0,,,1748904,5428971,-41.27697462,174.7779529
Wellington City,AITKEN ST,40,E, ,MOLESWORTH ST,201254596,17/12/12,Mon,900,MO,CW1C,371A ,,R,D,O ,F , ,N,C,50,0,0,0,,,1748929,5428970,-41.27697902,174.7782515
Wellington City,AMAPUR DRIVE,, ,I,KANDY CRESCENT,201251864,19/05/12,Sat,10,DA,CS1,103A 131A 402A ,H,E,W,DO,F ,T,N,C,50,0,0,0,,,1749069,5432575,-41.24449565,174.7790411
Wellington City,AMESBURY DRIVE,, ,I,MAULDETH TERRACE,201211877,23/05/12,Wed,1127,GF,TS1C,158A 387A 503A 129B 381B 404B ,FHT,E,D,B ,F ,R,N,N,50,0,0,2,,,1751179,5437850,-41.19661084,174.8029055
Wellington City,ANNE ST,20,E, ,SEFTON ST S,201254969,14/12/12,Fri,1900,EA,CS1C,129A ,M,R,D,B ,F , ,N,C,50,0,0,0,,,1749104,5430626,-41.262037,174.779935
Wellington City,AOTEA QUAY,70,S, ,AOTEA ON NBD,201251731,14/04/12,Sat,315,AD,CN1C,103A 129A 130A ,,R,D,TO,F , ,N,C,70,0,0,0,,,1749566,5430054,-41.26710158,174.7855879
Wellington City,ARGENTINE AVENUE,, ,I,DEVONSHIRE ROAD,201213141,3/12/12,Mon,1014,HA,CW2C,302B 375B ,,R,D,B ,F ,X,G,C,50,0,0,1,,,1752207,5423983,-41.32126699,174.8186202
Wellington City,ARIZONA GROVE,25,S, ,VIRGINIA GROVE,201250837,7/02/12,Tue,1022,MO,CS1,112A 130A 423A 929 ,H,R,D,B ,F , ,N,N,50,0,0,0,,,1747147,5425003,-41.31302266,174.7579426
Wellington City,ARO ST,30,E, ,DEVON ST,201253296,16/09/12,Sun,1000,EA,4W1C,129A ,M,R,D,O ,F , ,N,C,30,0,0,0,,,1747939,5426950,-41.29534804,174.7669268
Wellington City,ARO ST,, ,I,DEVON ST,201253134,7/09/12,Fri,1350,MG,CW1C,371B ,,R,W,O ,F ,T,S,C,50,0,0,0,,,1747909,5426953,-41.29532652,174.7665679
Wellington City,ARO ST,30,S, ,DURHAM ST,201211982,27/05/12,Sun,1730,MC,MN1C,330B 372B ,,M,W,O ,L , ,N,C,50,0,1,0,,,1747680,5426978,-41.29514337,174.763828
Wellington City,ARO ST,, ,I,OHIRO ROAD,201211882,3/05/12,Thu,1920,NF,CE1E,124A 370A 724B 862 ,,R,W,DO,F ,T,G,C,50,0,0,1,38,,1748163,5426879,-41.29594619,174.7696182
Wellington City,ARO ST,, ,I,WILLIS ST,201254468,17/11/12,Sat,830,FB,CE1X,353A ,,R,D,O ,F ,T,G,C,50,0,0,0,,,1748250,5426840,-41.29628135,174.7706663
Wellington City,ASHTON FITCHETT DRIVE,250,N, ,WATERHOUSE DRIVE,201250304,5/02/12,Sun,153,DB,CW1,103A 131A 412A ,F,M,W,DO,M , ,N,C,50,0,0,0,,,1746903,5426030,-41.30382052,174.7547808
Wellington City,AUSTIN ST,, ,I,PIRIE ST,201213091,9/12/12,Sun,325,HA,CE2X,301B 363B 375B ,,R,D,DO,F ,X,S,C,50,0,0,1,,,1749617,5426545,-41.2986851,174.7870584
Wellington City,AVON ST,, ,I,CLYDE ST,201254489,27/11/12,Tue,1700,HA,CN2K,713B ,,R,D,O ,F ,X,G,C,50,0,0,0,,,1748522,5422700,-41.33350549,174.7749247
Wellington City,AWA ROAD,, ,I,PARA ST,201254594,10/12/12,Mon,1720,FB,CW1C,331A 351A ,,E,D,B ,F ,T,G,C,50,0,0,0,,,1752560,5424884,-41.31308843,174.8226099
Wellington City,BALFOUR ST,, ,I,FARNHAM ST,201213118,28/11/12,Wed,832,JA,SN24,137A 197A 309B 375B ,,R,D,B ,F ,T,N,C,50,0,0,1,,30,1748029,5424200,-41.32009104,174.7686704
Wellington City,BALLANCE ST,100,N, ,STOUT ST,201251634,7/05/12,Mon,1245,MO,CN1C,130A 423A ,HMP,R,D,B ,F , ,N,C,50,0,0,0,,,1748763,5428628,-41.28008879,174.7763538
Wellington City,BALLANCE ST,, ,I,STOUT ST,201254231,14/11/12,Wed,1020,MF,CS14,371B ,,R,D,B ,F ,T,G,C,50,0,0,0,,,1748819,5428545,-41.28082576,174.7770425
Wellington City,BARNARD ST,240,N, ,SAR ST,201212043,9/06/12,Sat,857,QB,VE1,105A 522A ,,M,D,O ,F , ,N,N,50,0,0,1,,,1749647,5430805,-41.260325,174.7863701
Wellington City,BASSETT ROAD,80,N, ,OHARIU ROAD,201250871,22/02/12,Wed,2145,KO,BS14,129A 386B 929 ,,E,W,DO,F ,D,N,C,50,0,0,0,,,1751527,5435494,-41.21775788,174.8076375
Wellington City,BAY ROAD,50,S, ,RONGOTAI ROAD,201254326,6/11/12,Tue,1000,MF,CS1C,371B ,,R,D,B ,F , ,N,N,50,0,0,0,,,1750227,5424350,-41.31833408,174.794883
Wellington City,BAY ROAD,, ,I,RONGOTAI ROAD,201254999,18/12/12,Tue,1550,GO,BN1C,179A 386A ,,R,D,B ,F ,X,T,C,50,0,0,0,,,1750240,5424398,-41.3178995,174.7950264
Wellington City,BEAZLEY AVENUE,, ,I,CATHERINE CRESCENT E,201254434,30/11/12,Fri,1735,GD,VE1C,331A 350A ,,R,D,B ,F ,T,N,C,50,0,0,0,,,1752541,5435788,-41.21492041,174.8196548
Wellington City,BIDWILL ST,180,E, ,BELL ROAD,201213087,22/12/12,Sat,1330,DB,4S1,332A 410A ,EFH,M,D,O ,F , ,N,L,50,0,1,0,,,1748316,5426160,-41.30239158,174.77162
Wellington City,BLACKBRIDGE ROAD,, ,I,CHURCHILL DRIVE,201252983,19/08/12,Sun,1240,JA,CS2C,145A 302B 387B ,,E,W,O ,M ,T,G,C,50,0,0,0,,,1747702,5430570,-41.26279868,174.7632197
Wellington City,BLAIR ST,15,N, ,COURTENAY PLACE,201254947,1/09/12,Sat,125,EA,XN14,105A 110A 386A ,M,R,D,DO,F , ,N,N,30,0,0,0,,,1749288,5427105,-41.29370412,174.7829932
Wellington City,BOLTON ST,10,S, ,EASDALE ST,201253074,24/08/12,Fri,2351,QD,CS1,611A 903 ,F,E,D,DO,FS,T,N,C,50,0,0,0,,,1748490,5428612,-41.2802831,174.7730994
Wellington City,BOLTON ST,200,S, ,MOWBRAY ST,201211090,19/01/12,Thu,1248,CA,SN1C,112A 130A ,M,R,D,B ,F , ,N,N,50,0,1,0,,,1748449,5428588,-41.28050672,174.7726159
Wellington City,BOND ST,, ,I,ST HILL ST,201254251,29/08/12,Wed,930,MG,CS1T,387A 371B ,,R,D,B ,F ,T,G,C,50,0,0,0,,,1748693,5427613,-41.2892402,174.7757662
Wellington City,BOND ST,, ,I,WILLIS ST,201253779,11/10/12,Thu,1925,KB,BN2C,302B 387B ,,R,D,TO,F ,T,N,C,30,0,0,0,,,1748634,5427684,-41.28861182,174.7750446
Wellington City,BOULCOTT ST,20,N, ,OREILLY AVENUE,201252482,16/07/12,Mon,1603,MD,SN1C,371B 920 ,,R,W,O ,F ,D,N,L,50,0,0,0,,,1748581,5427661,-41.28882865,174.7744175
Wellington City,BOWEN ST,, ,I,BALLANTRAE PLACE,201212095,20/06/12,Wed,645,LB,SN1T,303B 375B 801 ,,M,W,DO,L ,T,G,C,50,0,0,1,,37,1748470,5428869,-41.27797288,174.772798
Wellington City,BOWEN ST,, ,I,BALLANTRAE PLACE,201251735,14/05/12,Mon,910,LB,CN1X,197A 303B ,,E,W,O ,L ,T,G,C,50,0,0,0,,,1748470,5428869,-41.27797288,174.772798
Wellington City,BOWEN ST,60,E, ,SYDNEY ST WEST,201211680,29/04/12,Sun,330,DA,CS1,103A 111A 131A ,P,M,D,DO,F , ,N,L,50,0,1,1,,,1748323,5428726,-41.27928739,174.7710784
Wellington City,BOWEN ST,20,W, ,THE TERRACE,201254006,18/10/12,Thu,919,MC,4E1C,372B ,,E,D,B ,F ,T,N,C,50,0,0,0,,,1748682,5428780,-41.27873518,174.77535