TLA NAME,CRASH ROAD,CRASH DIST,CRASH DIRN,INTSN,SIDE ROAD,CRASH ID,CRASH DATE,CRASH DOW,CRASH TIME,MVMT,VEHICLES,CAUSES,OBJECTS STRUCK,ROAD CURVE,ROAD WET,LIGHT,WTHRa,JUNC TYPE,TRAF CTRL,ROAD MARK,SPD LIM,CRASH FATAL CNT,CRASH SEV CNT,CRASH MIN CNT,PERS AGE1,PERS AGE2,EASTING,NORTHING,latitude,longitude
Wellington City,BOWEN ST,40,W, ,THE TERRACE,201253630,4/10/12,Thu,1343,MO,XW1C,371A 386A ,Q,R,W,B ,FS, ,N,C,50,0,0,0,,,1748663,5428786,-41.27868466,174.7751217
Wellington City,BOWEN ST,110,W, ,THE TERRACE,201212513,3/08/12,Fri,815,MC,SS1C,372B 402B 404B ,,M,D,B ,F , ,N,C,50,0,0,1,,21,1748603,5428817,-41.2784166,174.7743981
Wellington City,BOWEN ST,, ,I,THE TERRACE,201211873,17/05/12,Thu,1931,LB,MW1C,316B 375B ,,R,D,DO,F ,T,T,P,50,0,1,1,,,1748701,5428774,-41.27878571,174.7755782
Wellington City,BOX HILL,, ,I,BARODA ST,201211925,6/05/12,Sun,1740,NA,SN1E,194A 717B ,,R,D,DO,F ,T,G,X,50,0,1,1,63,55,1750191,5432817,-41.24210919,174.7923656
Wellington City,BRANDON ST,20,E, ,LAMBTON QUAY,201211980,20/01/12,Fri,1445,PO,4W1E,130A 423A ,X,R,D,B ,F , ,N,N,50,0,0,1,36,,1748706,5428292,-41.28312446,174.7757555
Wellington City,BRITOMART ST,20,W, ,ADELAIDE ROAD,201253294,5/09/12,Wed,1537,FE,CE1CC,181A 403A 423A ,,E,D,O ,F ,T,T,C,50,0,0,0,,,1748559,5424123,-41.32068684,174.7750188
Wellington City,BRITOMART ST,60,W, ,ADELAIDE ROAD,201254432,29/11/12,Thu,1155,EE,CE1C,374B 402B ,M,R,D,B ,F , ,N,C,50,0,0,0,,,1748519,5424126,-41.3206672,174.7745403
Wellington City,BRITOMART ST,60,W, ,ADELAIDE ROAD,201254708,16/12/12,Sun,1841,EA,CE1C,129A 386A ,M,R,D,B ,F , ,N,C,50,0,0,0,,,1748519,5424126,-41.3206672,174.7745403
Wellington City,BROADWAY,, ,I,STRATHMORE AVENUE,201252982,19/08/12,Sun,750,HA,CW1C,302A 375A ,,R,D,O ,F ,R,G,R,50,0,0,0,,,1752348,5423615,-41.32455353,174.8203964
Wellington City,BRODERICK ROAD,40,W, ,JOHNSONVILLE ROAD,201253490,16/09/12,Sun,1530,GA,CE1C,181A 192B 926 ,,R,W,O ,F ,D,N,C,50,0,0,0,,,1751443,5434725,-41.22469722,174.8068265
Wellington City,BRODERICK ROAD,50,W, ,JOHNSONVILLE ROAD,201254906,7/12/12,Fri,1536,MO,4E1C,386A ,M,R,D,B ,F , ,N,C,50,0,0,0,,,1751433,5434727,-41.22468108,174.8067068
Wellington City,BROOKLYN ROAD,50,E, ,BIDWILL ST,201250516,1/02/12,Wed,1345,BF,4S1X,111A 131A 901 ,,M,W,O ,H , ,N,C,50,0,0,0,,,1748135,5426123,-41.30275795,174.7694679
Wellington City,BROOKLYN ROAD,50,E, ,BIDWILL ST,201211305,24/02/12,Fri,2,DB,CW1,103A 111A 131A ,,M,D,DO,FF, ,N,C,50,0,0,1,,,1748135,5426123,-41.30275795,174.7694679
Wellington City,BROOKLYN ROAD,40,S, ,BIDWILL ST,201213082,26/10/12,Fri,2235,DA,MW1,102A 132A 410A ,FG,E,D,DO,F , ,N,C,50,0,0,1,,,1748085,5426052,-41.30340638,174.7688882
Wellington City,BUNNY ST,30,E, ,FEATHERSTON ST,201212642,5/09/12,Wed,1722,NB,CE1E,713B 719B ,,R,D,B ,F ,T,T,R,50,0,0,1,47,,1749022,5428667,-41.27968991,174.7794355
Wellington City,BUNNY ST,, ,I,STOUT ST,201254948,27/11/12,Tue,545,GD,CN1S,181A ,,R,D,O ,F ,X,T,C,50,0,0,0,,,1748999,5428685,-41.27953209,174.7791566
Wellington City,BUNNY ST,50,W, ,WATERLOO QUAY,201212797,10/10/12,Wed,1613,JO,SS1C,204A 404A 378B 926 ,,R,D,B ,FS,D,N,R,50,0,0,1,,29,1749063,5428635,-41.27997045,174.7799327
Wellington City,BUNNY ST,, ,I,WATERLOO QUAY,201250377,28/01/12,Sat,834,GE,SS1C,158A 330A 387A 330B 372B ,,R,D,B ,F ,T,T,R,50,0,0,0,,,1749102,5428604,-41.28024236,174.7804058
Wellington City,BURMA ROAD,320,S, ,HAUMIA ST,201254625,20/12/12,Thu,1653,FC,CN1C,111A 331A 402A ,,E,D,B ,F , ,N,R,50,0,0,0,,,1750710,5433948,-41.23182975,174.7982772
Wellington City,BURMA ROAD,, ,I,HAUMIA ST,201254102,12/11/12,Mon,1500,FB,4N1C,181A ,,R,D,B ,F ,R,G,C,50,0,0,0,,,1750876,5434200,-41.22952994,174.8001947
Wellington City,BURMA ROAD,300,N, ,JOHN SIMS DRIVE,201253300,12/09/12,Wed,828,JA,CN1C,308B 382B 930 ,,R,W,O ,L ,D,N,P,50,0,0,0,,,1750701,5433790,-41.23325397,174.7982088
Wellington City,BURMA ROAD,, ,I,RANGOON ST,201252799,12/08/12,Sun,1654,GD,CE14,181A 387A ,,R,W,TO,L ,T,S,L,50,0,0,0,,,1750525,5433136,-41.23917499,174.796271
Wellington City,CABLE ST,30,E, ,CHAFFERS ST,201252633,30/07/12,Mon,853,CB,CE1C,129A 358A ,M,R,W,O ,L ,X,S,C,50,0,0,0,,,1749380,5427295,-41.29197645,174.7840449
Wellington City,CABLE ST,, ,I,CHAFFERS ST,201212852,30/10/12,Tue,1553,NA,CE1E,377A 713B 718B ,,R,D,B ,F ,T,T,C,50,0,0,1,11,,1749353,5427308,-41.2918644,174.7837194
Wellington City,CABLE ST,, ,I,ORIENTAL PARADE,201254147,1/11/12,Thu,1203,AC,CE1C,372A 197B ,K,R,D,B ,F ,T,T,C,50,0,0,0,,,1749487,5427226,-41.29257788,174.7853391
Wellington City,CABLE ST,50,E, ,TARANAKI ST,201252188,30/06/12,Sat,1815,AC,CE1C,184A 372A 387B ,,R,W,DO,F , ,N,N,50,0,0,0,,,1749090,5427442,-41.29070656,174.780547
Wellington City,CABLE ST,, ,I,TARANAKI ST,201254852,2/12/12,Sun,10,AA,CN2C,101A 177A 402A ,,R,W,DO,F ,X,T,C,50,0,0,0,,,1749051,5427473,-41.29043466,174.7800739
Wellington City,CABLE ST,, ,I,TARANAKI ST,201253142,29/08/12,Wed,1143,BA,CE1T,129A 386A ,,R,D,O ,F ,X,T,C,50,0,0,0,,,1749051,5427473,-41.29043466,174.7800739
Wellington City,CABLE ST,, ,I,TARANAKI ST,201212561,17/09/12,Mon,2116,NB,VE1E,307A 322A 376A ,,R,W,DO,L ,X,T,C,50,0,1,0,23,,1749051,5427473,-41.29043466,174.7800739
Wellington City,CAMBRIAN ST,, ,I,JASONS PLACE,201254048,6/11/12,Tue,200,EA,CS1C,129A 386A ,M,R,D,DO,F ,T,N,N,50,0,0,0,,,1751365,5436117,-41.21217906,174.8055516
Wellington City,CAMBRIDGE TERRACE,50,S, ,COURTENAY PLACE,201254521,9/12/12,Sun,1700,EA,CN14,386A ,M,R,D,DO,F , ,N,N,50,0,0,0,,,1749331,5427032,-41.29435341,174.7835245
Wellington City,CAMBRIDGE TERRACE,, ,I,COURTENAY PLACE,201251222,19/02/12,Sun,732,MO,XN1B,330B 412B 420B ,,R,D,B ,F ,X,T,N,50,0,0,0,,,1749351,5427078,-41.29393556,174.7837519
Wellington City,CAMBRIDGE TERRACE,, ,I,COURTENAY PLACE,201253827,19/10/12,Fri,100,FB,CN1X,103A 181A ,,E,D,DO,F ,X,T,X,50,0,0,0,,,1749351,5427078,-41.29393556,174.7837519
Wellington City,CAMBRIDGE TERRACE,, ,I,ELIZABETH ST,201253279,11/09/12,Tue,2040,KB,CN1X,324A ,,R,W,DO,F ,T,T,C,50,0,0,0,,,1749269,5426893,-41.29561635,174.7828184
Wellington City,CAMBRIDGE TERRACE,, ,I,TENNYSON ST,201254413,24/11/12,Sat,1410,MO,CN1C,330B 371B ,,E,D,B ,F ,M,T,C,50,0,0,0,,,1749276,5426909,-41.29547101,174.782898
Wellington City,CAMPBELL ST,, ,I,LEWER ST,201211479,8/03/12,Thu,1400,EO,CN1C,129A 353A 375A 818 ,M,R,D,B ,F ,T,G,C,50,0,0,1,,,1745685,5428043,-41.28591708,174.7397563
Wellington City,CAPRERA ST,, ,I,MANCHESTER ST,201254469,30/11/12,Fri,1815,JA,VS2C,309B ,,M,D,B ,F ,T,N,C,50,0,0,0,,,1749556,5424022,-41.32141189,174.7869505
Wellington City,CASHMERE AVENUE,, ,I,AGRA CRESCENT,201251856,25/05/12,Fri,1915,DA,CW1,103A 131A 357A ,P,E,D,DO,F ,T,G,C,50,0,0,0,,,1750311,5432544,-41.24454483,174.7938642
Wellington City,CENTENNIAL NBD,200,N, ,HUTT ROAD,201254084,17/11/12,Sat,1235,BE,VN1C,125A 135A 806 ,G,R,W,O ,F , ,N,C,100,0,0,0,,,1751959,5432401,-41.24552426,174.8135582
Wellington City,CENTENNIAL NBD,290,N, ,JARDEN MILE,201252809,8/08/12,Wed,1320,FD,CN1C,181A 330A 191B ,,R,W,O ,F , ,N,C,80,0,0,0,,,1751977,5432489,-41.24472858,174.813751
Wellington City,CENTENNIAL NBD,400,N, ,JARDEN MILE,201212563,15/09/12,Sat,1002,GD,SS1CC,110A 181A 926 ,,E,D,B ,F ,D, ,C,80,0,0,1,,43,1751968,5432598,-41.24374891,174.8136165
Wellington City,CENTENNIAL SBD,, ,I,GLOVER ST,201211375,1/02/12,Wed,745,GB,SS1V,381B ,,E,D,O ,F ,X,G,N,80,0,0,1,,49,1751931,5432729,-41.24257643,174.8131426
Wellington City,CENTENNIAL SBD,130,S, ,SH 1N,201253840,13/10/12,Sat,1313,FD,CS1VC,181A 331A 632A 112B 181B 801 ,,R,W,O ,F , ,N,C,80,0,0,0,,,1751924,5432732,-41.24255073,174.8130583
Wellington City,CENTENNIAL SLIP ROAD,, ,I,HUTT ON NBD,201252432,17/06/12,Sun,305,DB,CS1,131A 402A ,X,M,D,DO,F ,T,N,C,80,0,0,0,,,1751997,5432223,-41.24711971,174.8140559
Wellington City,CHAMBERLAIN ROAD,, ,I,KARORI ROAD,201254433,29/11/12,Thu,2341,DA,CW2C,111A 131A 402A 514A ,M,M,W,DO,F ,T,G,C,50,0,0,0,,,1745349,5428127,-41.28522133,174.7357255
Wellington City,CHARLOTTE AVENUE,, ,I,TODMAN ST,201211923,25/05/12,Fri,1952,LB,SN2C,375B 862 ,,R,D,DO,F ,T,N,C,50,0,0,1,,19,1747526,5425783,-41.30593071,174.7622792
Wellington City,CHELSEA ST,, ,I,MIRAMAR AVENUE,201251183,1/04/12,Sun,2000,EA,CW1C,103A 129A 130A ,M,M,D,DO,F ,X,S,C,50,0,0,0,,,1752257,5424400,-41.31750322,174.8191129
Wellington City,CHESTER ROAD,, ,I,WOODSTOCK TERRACE,201253398,13/09/12,Thu,2033,DC,CN1,103A 110A 500A ,CF,M,D,DO,F ,T,G,C,50,0,0,0,,,1752497,5440701,-41.17069504,174.8179057
Wellington City,CHESTERTON ST,160,S, ,BURGESS ROAD,201253163,26/07/12,Thu,1956,CC,4N1CCC,101A 125A ,FMM,R,D,DO,F , ,N,N,50,0,0,0,,,1751849,5434786,-41.22407192,174.8116529
Wellington City,CHURCHILL DRIVE,170,S, ,CHARTWELL DRIVE,201254588,1/12/12,Sat,1249,CB,CS1CC,129A 501A 817 922 ,,R,D,B ,F ,D,N,C,50,0,0,0,,,1747992,5430968,-41.25916221,174.7665835
Wellington City,CHURCHILL DRIVE,70,S, ,WILTON BUSH ROAD,201212523,17/08/12,Fri,2223,DB,VN1,103A 111A 403A ,C,M,D,DO,F , ,N,C,50,0,1,0,,,1747705,5430486,-41.26355443,174.7632759
Wellington City,CHURCHILL DRIVE,50,N, ,WILTON ROAD,201211684,21/03/12,Wed,1806,DA,CS1,131A 501A ,T,E,W,O ,L , ,N,C,50,0,1,0,,,1747560,5430138,-41.26671416,174.7616299
Wellington City,CHURTON PARK ON NBD,300,N, ,WESTCHESTER DRIVE EAST,201212503,19/08/12,Sun,1522,FA,CN1C,331A 353A ,,R,W,O ,L , ,N,C,100,0,0,1,,,1752818,5437188,-41.20226347,174.8226076
Wellington City,CLEVELAND ST,, ,I,OHIRO ROAD,201254052,18/10/12,Thu,1520,BB,BW1X,124A ,,E,W,O ,F ,X,T,C,50,0,0,0,,,1747614,5425845,-41.3053564,174.7633149
Wellington City,CLIFTON ON NBD,, ,I,CLIFTON TERRACE,201211820,3/05/12,Thu,1827,JA,MN2C,302B 375B ,,R,D,DO,F ,Y,G,C,50,0,1,0,,,1748456,5428134,-41.28459301,174.7728101
Wellington City,COBHAM DRIVE,40,W, ,SHELLY BAY ROAD,201212928,16/11/12,Fri,1438,KA,SN1C,308B 353B 378B 930 ,,M,D,B ,F ,D,N,R,50,0,0,1,,36,1751597,5424742,-41.31454845,174.811146
Wellington City,COCKAYNE ROAD,, ,I,KRISHNA WAY,201254675,30/11/12,Fri,1214,MC,CS1C,372B ,,R,D,B ,F ,T,N,C,50,0,0,0,,,1749629,5431790,-41.25145994,174.7859137
Wellington City,COLLEGE ST,10,E, ,TORY ST,201254653,21/12/12,Fri,927,MA,4E1C,378A 353B 373B ,,R,D,B ,F , ,N,N,50,0,0,0,,,1749024,5426865,-41.29591372,174.7799004
Wellington City,COLLEGE ST,, ,I,TORY ST,201250509,27/02/12,Mon,1150,KB,CN2VC,303B 375B ,,R,D,B ,F ,T,N,C,50,0,0,0,,,1749015,5426869,-41.29587937,174.779792
Wellington City,COLOMBO ST,, ,I,ADELAIDE ROAD,201254585,17/11/12,Sat,1640,FO,CW1C,330A ,,R,D,B ,F ,T,G,C,50,0,0,0,,,1748699,5425074,-41.3120988,174.7764582
Wellington City,CONSTABLE ST,, ,I,ALEXANDRA ROAD,201254669,23/12/12,Sun,300,EA,CW1C,103A 129A ,M,E,D,DO,F ,T,G,C,50,0,0,0,,,1749678,5424988,-41.31269202,174.7881697
Wellington City,CONSTABLE ST,40,W, ,COROMANDEL ST,201253912,1/10/12,Mon,1932,MD,CE1C,308A 371A 929 ,,R,D,DO,F ,D,N,C,50,0,0,0,,,1749497,5424994,-41.31267157,174.7860069
Wellington City,CONSTABLE ST,60,E, ,DANIELL ST,201253601,8/09/12,Sat,1430,FD,CW1CC,331A 423A 801 901 ,,R,W,O ,H , ,N,C,50,0,0,0,,,1749251,5424941,-41.3131943,174.7830824
Wellington City,CONSTABLE ST,, ,I,DANIELL ST,201211038,11/01/12,Wed,825,GB,SW1C,113A 158A 387A 372B ,,R,D,O ,F ,X,T,C,50,0,0,1,,39,1749193,5424928,-41.31332208,174.7823929
Wellington City,CONSTABLE ST,50,E, ,OWEN ST,201254623,23/12/12,Sun,1345,FB,CW1C,181A 331A ,,R,D,B ,F , ,N,C,50,0,0,0,,,1749413,5424975,-41.3128582,174.7850085
Wellington City,CONSTABLE ST,, ,I,OWEN ST,201252140,22/06/12,Fri,1805,AO,CW1CC,152A 156A 205A 130B 197B 402B 830 ,,R,D,DO,F ,X,T,C,50,0,0,0,,,1749364,5424965,-41.31295731,174.7844258
Wellington City,CONSTABLE ST,50,E, ,RIDDIFORD ST,201254586,6/12/12,Thu,2130,MA,CW1C,373B ,,R,D,DO,F , ,N,C,50,0,0,0,,,1749028,5424893,-41.3136677,174.7804312
Wellington City,CONSTABLE ST,, ,I,RIDDIFORD ST,201250230,14/01/12,Sat,1024,MA,VE1T,330A 330B 373B ,,R,D,B ,FS,T,T,C,50,0,0,0,,,1748979,5424883,-41.31376678,174.7798485
Wellington City,COROMANDEL ST,70,S, ,CONSTABLE ST,201211045,19/01/12,Thu,1,EA,CN1CC,129A 357A 402A ,M,R,D,DO,F , ,N,N,50,0,0,1,,,1749551,5424928,-41.31325578,174.7866679
Wellington City,COROMANDEL ST,, ,I,MEIN ST,201254577,3/11/12,Sat,1405,MG,CN14,350B 371B ,,R,W,O ,L ,X,N,C,50,0,0,0,,,1749471,5425311,-41.30982232,174.7856185
Wellington City,COROMANDEL ST,5,S, ,WILSON ST,201254045,30/10/12,Tue,1548,BA,CS1C,112A 125A 386A 818 ,,R,D,B ,F , ,N,N,50,0,0,0,,,1749521,5425070,-41.31198287,174.7862748
Wellington City,CORTINA AVENUE,100,N, ,ERRIS ST,201251147,20/02/12,Mon,1818,DB,CS1V,111A 131A 330A ,M,E,D,B ,F , ,N,C,50,0,0,0,,,1750444,5435554,-41.21741971,174.7947092
Wellington City,COURTENAY PLACE,5,W, ,ALLEN ST,201254095,10/11/12,Sat,2117,MC,CE1C,372B 671B ,,R,D,DO,F ,T,N,R,30,0,0,0,,,1749205,5427109,-41.29368345,174.7820014
Wellington City,COURTENAY PLACE,30,W, ,ALLEN ST,201253489,25/09/12,Tue,1630,MO,4E1X,371A ,M,R,D,O ,F ,T,T,C,50,0,0,0,,,1749182,5427119,-41.29359767,174.7817244
Wellington City,COURTENAY PLACE,5,E, ,BLAIR ST,201254513,13/12/12,Thu,1620,MA,CE1B,373B ,,R,D,B ,F ,T,N,C,50,0,0,0,,,1749286,5427091,-41.29383054,174.7829728
Wellington City,COURTENAY PLACE,20,W, ,BLAIR ST,201253643,7/10/12,Sun,500,EA,XE1X,386A ,Q,R,D,DO,F , ,N,N,40,0,0,0,,,1749262,5427096,-41.29378996,174.7826851
Wellington City,COURTENAY PLACE,, ,I,BLAIR ST,201254049,3/11/12,Sat,620,AC,BW1X,129A 386A ,,R,W,O ,L ,T,N,N,50,0,0,0,,,1749282,5427092,-41.29382227,174.7829248
Wellington City,COURTENAY PLACE,70,E, ,TARANAKI ST,201254900,21/12/12,Fri,1400,MA,VW1C,373B ,,R,D,O ,F , ,N,R,50,0,0,0,,,1749005,5427206,-41.29284706,174.7795901
Wellington City,COURTENAY PLACE,, ,I,TARANAKI ST,201212640,12/09/12,Wed,1600,FE,CW1C,181A 330A ,,R,D,B ,F ,X,T,C,50,0,0,1,,,1748949,5427247,-41.29248826,174.7789116
Wellington City,COURTENAY PLACE,10,E, ,TORY ST,201211037,15/01/12,Sun,1550,NB,CW1E,377A 711B 712B ,,R,D,B ,F ,M,T,R,30,0,0,1,25,,1749145,5427135,-41.29346045,174.7812788
Wellington City,COURTENAY PLACE,50,E, ,TORY ST,201252549,13/06/12,Wed,630,EA,BW1C,129A 358A ,MP,R,D,DO,F , ,N,R,30,0,0,0,,,1749182,5427119,-41.29359767,174.7817244
Wellington City,COURTENAY PLACE,, ,I,TORY ST,201254584,25/11/12,Sun,1050,MA,BW1C,386A 371B ,,R,D,B ,F ,X,T,C,50,0,0,0,,,1749136,5427139,-41.2934261,174.7811704
Wellington City,COUTTS ST,, ,I,MAHORA ST,201211879,9/05/12,Wed,1750,LB,SE2C,534A 303B 375B ,,R,W,DO,L ,T,G,C,50,0,0,1,,16,1750380,5424122,-41.32035832,174.7967666
Wellington City,COUTTS ST,, ,I,ONEPU ROAD,201253967,3/11/12,Sat,1652,ME,CW1C,371A ,,R,W,O ,F ,X,T,C,50,0,0,0,,,1750285,5424148,-41.32014194,174.7956256
Wellington City,CRAWFORD ROAD,300,N, ,DUNCAN TERRACE,201211308,25/02/12,Sat,41,DB,CN1CC,103A 131A 514A ,,M,D,DO,L , ,N,C,50,0,1,0,,,1749840,5424840,-41.31399444,174.7901407
Wellington City,CRAWFORD ROAD,, ,I,WELLINGTON ROAD,201212644,10/07/12,Tue,1745,LB,SE1C,302B 375B ,,E,D,DO,F ,R,G,C,50,0,0,1,,24,1749778,5424932,-41.31317765,174.7893776
Wellington City,CRIEFF ST,30,N, ,GLENMORE ST,201212755,30/09/12,Sun,1159,DB,CS1,131A 423A ,C,M,D,O ,F ,T,G,C,50,0,0,1,,,1747343,5428121,-41.28491393,174.7595282
Wellington City,CROFTON ROAD,, ,I,KENYA ST,201254060,14/10/12,Sun,920,DA,CS1,103A 111A ,C,E,W,O ,F ,Y,N,C,50,0,0,0,,,1748590,5431766,-41.25186768,174.7735241
Wellington City,CUBA ST,20,S, ,GHUZNEE ST,201254112,31/10/12,Wed,2150,MO,4N1C,371A ,M,R,D,DO,F ,T,G,N,50,0,0,0,,,1748673,5427147,-41.29343949,174.7756412
Wellington City,CUSTOMHOUSE QUAY,, ,I,BRANDON ST,201211640,17/04/12,Tue,1000,NC,VS1E,307A 370A ,,S,D,B ,F ,T,T,C,50,0,0,1,36,,1748876,5428214,-41.2837954,174.7778037
Wellington City,CUSTOMHOUSE QUAY,, ,I,BRANDON ST,201253584,1/10/12,Mon,1616,JA,CS1C,322A 334A 353A 927 ,,R,D,B ,F ,D,T,C,50,0,0,0,,,1748876,5428214,-41.2837954,174.7778037
Wellington City,CUSTOMHOUSE QUAY,, ,I,JOHNSTON ST,201213086,21/12/12,Fri,1310,JA,SN1C,322A 375A 386A 377B ,,R,D,B ,F ,T,T,C,50,0,0,1,,40,1748906,5428278,-41.28321365,174.7781461
Wellington City,DART CRESCENT,10,E, ,FROBISHER ST,201252941,10/08/12,Fri,1244,MO,CN14,371A 386A ,M,R,D,B ,F ,T,N,C,50,0,0,0,,,1747496,5421794,-41.341851,174.762889
Wellington City,DAVIDSON CRESCENT,200,E, ,VICTORY CRESCENT,201212942,9/11/12,Fri,2100,DA,CN1,103A 111A 133A ,T,E,D,DO,F , ,N,N,50,0,1,0,,,1753054,5441412,-41.16418865,174.8243648
Wellington City,DERWENT ST,20,N, ,MERSEY ST,201253277,10/09/12,Mon,,EA,CN1C,386A ,M,R,D,DO,F , ,N,P,50,0,0,0,,,1748213,5422346,-41.33674957,174.77132
Wellington City,DOMINION PARK ST,, ,I,TARAWERA ROAD,201254004,25/10/12,Thu,2300,MO,4N1C,357A 371A ,M,E,D,DO,F ,T,N,N,50,0,0,0,,,1751298,5433997,-41.23127882,174.8052777
Wellington City,DONALD MCLEAN ST,15,W, ,DANIELL ST,201254323,22/11/12,Thu,1805,MG,CW1V,371B ,,R,D,B ,F , ,N,N,50,0,0,0,,,1749220,5424720,-41.31518979,174.7827664
Wellington City,DRANSFIELD ST,, ,I,FINNIMORE TERRACE,201212084,24/06/12,Sun,539,DA,CS1,103A 131A ,C,M,W,DN,L ,T,N,C,50,0,0,1,,,1748310,5425042,-41.31245853,174.7718209
Wellington City,DUNDAS ST,30,W, ,FALKIRK AVENUE,201254463,30/11/12,Fri,737,MB,CW14,330B 372B ,,R,D,B ,F , ,N,P,30,0,0,0,,,1753226,5423807,-41.32265856,174.830834
Wellington City,DUNDAS ST,, ,I,INGLIS ST,201212042,24/05/12,Thu,1510,HA,VS2CC,302B 402B ,,R,D,B ,F ,X,G,R,50,0,0,1,,,1753373,5423765,-41.32300874,174.8326002
Wellington City,DUNDAS ST,, ,I,INGLIS ST,201253002,25/08/12,Sat,1030,HA,CS24,133A 330A 402A ,FIT,R,D,B ,F ,X,G,R,50,0,0,0,,,1753373,5423765,-41.32300874,174.8326002
Wellington City,EARP ST,20,N, ,FRANKMOORE AVENUE,201254193,26/11/12,Mon,910,EA,CN1C,386A ,M,R,D,B ,F , ,N,C,50,0,0,0,,,1751144,5435069,-41.22165595,174.8031758
Wellington City,ELLIOTT ST,, ,I,HOLLIES CRESCENT,201251288,5/03/12,Mon,1807,JA,CN1V,302B 337B ,,M,D,O ,F ,T,G,C,50,0,0,0,,,1750405,5434372,-41.22806906,174.7945352
Wellington City,EMMETT ST,50,E, ,RIDDIFORD ST,201253003,25/08/12,Sat,1246,MO,CN1C,371A 370B 926 ,,R,D,B ,F ,D,N,N,50,0,0,0,,,1748982,5425109,-41.31173146,174.779829
Wellington City,ENDEAVOUR ST,, ,I,YULE ST,201212422,27/08/12,Mon,2133,JA,SE1C,103B 302B 375B ,,M,D,DO,F ,X,G,C,50,0,0,1,,40,1750464,5423757,-41.32362885,174.7978601
Wellington City,EUSTON ROAD,40,W, ,CECIL ROAD,201213085,10/12/12,Mon,1730,BD,CE1C,123A 378A 121B 378B 818 ,,M,D,B ,F , ,N,N,50,0,0,1,,,1748108,5430083,-41.26710908,174.7681825
Wellington City,EVANS BAY PARADE,200,S, ,BELVEDERE ROAD,201211055,3/01/12,Tue,1640,DA,CS1,131A 412A ,G,E,D,B ,F , ,N,C,50,0,0,1,,,1750490,5425355,-41.30923673,174.7977751
Wellington City,EVANS BAY PARADE,60,S, ,KEMP ST,201251728,10/05/12,Thu,1533,JA,CN14,308B 402B 929 ,,R,D,O ,F ,D,N,P,50,0,0,0,,,1750274,5424609,-41.31599347,174.7953803
Wellington City,EVANS BAY PARADE,490,N, ,RATA ROAD,201212453,20/08/12,Mon,1337,BE,CS1T,130A 504A ,,R,D,O ,F , ,N,P,50,0,0,2,,,1751027,5426080,-41.30260899,174.8040072
Wellington City,EVANS BAY PARADE,100,S, ,RATA ROAD,201254622,29/12/12,Sat,1425,FC,VN1C,181A 331A ,,M,D,B ,F , ,N,X,50,0,0,0,,,1750619,5425739,-41.30575538,174.7992204
Wellington City,EVANS BAY PARADE,100,S, ,WELLINGTON ROAD,201213088,19/11/12,Mon,1643,NA,CN1E,377A 378A 712B 713B 732B ,,R,D,B ,F , ,N,C,50,0,1,0,20,,1750294,5424900,-41.31336977,174.7955472
Wellington City,EVANS BAY PARADE,100,S, ,WELLINGTON ROAD,201212645,14/09/12,Fri,1920,LB,SS1C,112A 303B 375B 930 ,,R,W,DO,F ,D,N,C,50,0,0,1,,53,1750294,5424900,-41.31336977,174.7955472
Wellington City,EVERTON TERRACE,50,S, ,TALAVERA TERRACE,201250360,15/02/12,Wed,1007,EC,TS1,330A 385A ,B,E,W,O ,L , ,N,N,50,0,0,0,,,1748335,5428119,-41.2847503,174.7713695
Wellington City,FAIRVIEW CRESCENT,, ,I,PLUNKET ST,201212785,18/10/12,Thu,1305,JA,PE2C,301B 378B ,,M,D,B ,F ,T,S,C,50,0,0,1,,,1747326,5427673,-41.28895062,174.7594337
Wellington City,FEATHERSTON ST,, ,I,BUNNY ST,201253613,19/09/12,Wed,2130,MG,CS1C,371B ,,M,D,DO,F ,X,T,R,50,0,0,0,,,1748999,5428685,-41.27953209,174.7791566
Wellington City,FEATHERSTON ST,10,N, ,GREY ST,201253618,6/10/12,Sat,1405,EA,TS1C,386A ,M,R,D,B ,F ,X,G,C,50,0,0,0,,,1748745,5428130,-41.28457583,174.7762606
Wellington City,FITZPATRICK ST,, ,I,RUSKIN ROAD,201252756,19/07/12,Thu,1512,JA,CE2C,309B 378B ,,M,D,O ,FS,T,N,C,50,0,0,0,,,1752219,5434639,-41.22532589,174.8161018
Wellington City,FRANKLYN ROAD,, ,I,GREER CRESCENT,201212015,15/06/12,Fri,800,NA,CS1E,330A ,,R,D,O ,FF,X,G,L,50,0,0,1,22,,1752769,5441378,-41.16454852,174.8209778
Wellington City,FRANKMOORE AVENUE,30,E, ,PHILLIP ST,201251440,1/05/12,Tue,1615,BA,CW1C,387A 387B 818 ,,R,D,O ,F , ,N,N,50,0,0,0,,,1751071,5435064,-41.2217146,174.8023066
Wellington City,FRANKMOORE AVENUE,, ,I,PHILLIP ST,201254096,4/11/12,Sun,440,DC,VN2,103A 410A ,,E,D,DO,F ,T,G,C,50,0,0,0,,,1751042,5435070,-41.22166599,174.8019593