TLA NAME,CRASH ROAD,CRASH DIST,CRASH DIRN,INTSN,SIDE ROAD,CRASH ID,CRASH DATE,CRASH DOW,CRASH TIME,MVMT,VEHICLES,CAUSES,OBJECTS STRUCK,ROAD CURVE,ROAD WET,LIGHT,WTHRa,JUNC TYPE,TRAF CTRL,ROAD MARK,SPD LIM,CRASH FATAL CNT,CRASH SEV CNT,CRASH MIN CNT,PERS AGE1,PERS AGE2,EASTING,NORTHING,latitude,longitude
Wellington City,FRASER AVENUE,50,S, ,JOHNSONVILLE ROAD,201213010,23/11/12,Fri,847,NB,CN1E,712B 713B ,,R,D,B ,F , ,N,C,50,0,0,1,10,,1751462,5434456,-41.22711557,174.8071198
Wellington City,FROBISHER ST,420,S, ,MURCHISON ST,201212098,10/07/12,Tue,1945,EA,CS14,103A 111A 131A ,M,E,D,DO,F , ,N,C,50,0,0,1,,,1747584,5421978,-41.34017826,174.7638956
Wellington City,FYVIE AVENUE,, ,I,MAIN ROAD,201252297,8/06/12,Fri,807,MO,CS1,110A 357A ,S,R,D,B ,F ,T,G,R,50,0,0,0,,,1753458,5442181,-41.15718869,174.8289855
Wellington City,GANGES ROAD,40,S, ,AGRA CRESCENT,201254684,20/11/12,Tue,1407,MO,CW1,423A 507A ,P,R,D,O ,F , ,N,N,50,0,0,0,,,1750058,5432323,-41.24658158,174.7909006
Wellington City,GANGES ROAD,250,S, ,AGRA CRESCENT,201252973,11/08/12,Sat,1940,MO,CS1,103A 131A ,HJ,R,W,DO,F , ,N,C,50,0,0,0,,,1750179,5432152,-41.2480987,174.7923861
Wellington City,GANGES ROAD,40,N, ,DEKKA ST,201254582,7/12/12,Fri,500,MO,CS1V,371A ,,R,D,B ,F , ,N,C,50,0,0,0,,,1750077,5432296,-41.24682115,174.7911339
Wellington City,GARDEN ROAD,200,N, ,GLENMORE ST,201250661,7/03/12,Wed,26,EA,CN1C,130A ,M,E,D,DN,F , ,N,C,50,0,0,0,,,1747684,5428487,-41.28155634,174.7635097
Wellington City,GEORGE BOLT ST,50,E, ,TIRANGI ROAD,201252980,18/08/12,Sat,1138,MF,CW1C,371B 377B ,,R,D,B ,F , ,N,N,50,0,0,0,,,1750870,5423426,-41.32653306,174.8027912
Wellington City,GEORGE ST,, ,I,TINAKORI ROAD,201253642,6/10/12,Sat,330,DA,CS1C,101A 131A ,M,R,D,DO,F ,T,G,C,50,0,0,0,,,1748738,5429399,-41.27315172,174.7758672
Wellington City,GHUZNEE ST,10,N, ,EGMONT ST,201211809,5/05/12,Sat,1055,NA,CE1E,711B 712B ,,R,D,B ,F ,T,N,C,50,0,0,1,61,,1748790,5427114,-41.29371504,174.777046
Wellington City,GHUZNEE ST,10,W, ,LEEDS ST,201255008,7/11/12,Wed,2110,EA,CE14,129A ,M,R,D,DO,F ,T,N,C,50,0,0,0,,,1748746,5427137,-41.29351607,174.7765151
Wellington City,GHUZNEE ST,, ,I,TARANAKI ST,201254056,28/10/12,Sun,1103,DA,CE1,129A 135A 801 ,P,R,W,O ,L ,T,T,C,50,0,0,0,,,1748866,5427080,-41.29400714,174.7779616
Wellington City,GHUZNEE ST,, ,I,WILLIS ST,201254093,5/11/12,Mon,2040,LB,CE1C,303B 375B ,,R,W,DO,L ,X,T,C,50,0,0,0,,,1748446,5427272,-41.29235583,174.7729009
Wellington City,GHUZNEE ST,, ,I,WILLIS ST,201252752,3/08/12,Fri,1649,LB,CE1C,303B 387B ,,R,D,O ,F ,X,T,C,50,0,0,0,,,1748446,5427272,-41.29235583,174.7729009
Wellington City,GLASGOW ST,10,S, ,RAWHITI TERRACE,201253301,12/09/12,Wed,1347,FD,CN1C4,331A 350A ,,E,D,O ,F ,T,G,C,50,0,0,0,,,1747968,5427800,-41.28768976,174.7670664
Wellington City,GLENMORE ST,20,N, ,COLLINS TERRACE,201252081,25/06/12,Mon,808,FC,4S1C,181A 331A 402A ,,R,W,B ,F ,T,N,X,50,0,0,0,,,1747972,5428579,-41.2806753,174.7669249
Wellington City,GLENMORE ST,15,S, ,COLLINS TERRACE,201252413,25/06/12,Mon,1230,MC,VS1C,160A 387A 372B 930 ,,R,D,O ,F ,D,N,C,50,0,0,0,,,1747941,5428561,-41.28084304,174.7665592
Wellington City,GLENMORE ST,290,S, ,CRIEFF ST,201252448,28/06/12,Thu,834,MC,MN1C,372B ,,E,D,B ,F , ,N,C,50,0,0,0,,,1747225,5427877,-41.28713232,174.7581787
Wellington City,GLENMORE ST,30,N, ,GARDEN ROAD,201253832,17/10/12,Wed,540,EA,CN1C,129A 370A ,M,R,D,O ,F , ,N,C,50,0,0,0,,,1747707,5428422,-41.28213736,174.7638
Wellington City,GLENMORE ST,140,N, ,GARDEN ROAD,201253451,21/09/12,Fri,1500,FD,CS1C,181A 330A ,,R,D,B ,F , ,N,C,50,0,0,0,,,1747800,5428480,-41.28159814,174.764896
Wellington City,GLENMORE ST,150,N, ,GARDEN ROAD,201212557,4/09/12,Tue,740,CA,MN1,132A 402A ,,R,W,B ,F , ,N,C,50,0,0,1,,,1747809,5428485,-41.28155148,174.7650022
Wellington City,GLENMORE ST,300,N, ,GARDEN ROAD,201250868,24/03/12,Sat,2040,FD,CN1C,181A 191B ,,R,W,DO,L , ,N,C,50,0,0,0,,,1747939,5428560,-41.28085241,174.7665356
Wellington City,GLOUCESTER ST,, ,I,HEREFORD ST,201250200,19/01/12,Thu,1000,LB,CW1C,303B 378B ,,S,D,O ,F ,T,G,C,50,0,0,0,,,1747227,5429813,-41.26970108,174.7577347
Wellington City,GRAFTON ROAD,, ,I,THE CRESCENT S,201211880,14/05/12,Mon,1805,MC,MN1C,330B 372B 801 ,,M,W,DO,L ,T,N,P,50,0,1,0,,,1750762,5427273,-41.29191759,174.8005478
Wellington City,GRANT ROAD,80,N, ,PARK ST,201253240,10/08/12,Fri,650,EA,CS1CC,129A 351A 645A ,M,R,W,TF,F , ,N,C,50,0,0,0,,,1748842,5429710,-41.27033249,174.7770324
Wellington City,GRENADA DRIVE,, ,I,CHURTON PARK OFF SBD,201212249,20/06/12,Wed,825,LB,CS1C,301A 375A ,,M,W,O ,F ,X,S,R,50,0,0,1,,,1752716,5436926,-41.2046416,174.8214571
Wellington City,GRENADA DRIVE,220,W, ,MARK AVENUE,201252635,27/07/12,Fri,1530,CB,CN1,129A 350A 402A ,FX,R,D,B ,F , ,N,C,50,0,0,0,,,1753198,5437351,-41.20072413,174.8270967
Wellington City,GUADELOUPE CRESCENT W,, ,I,MARK AVENUE,201213262,16/12/12,Sun,1600,DC,XN1,402A 427A ,F,R,D,O ,F ,T,N,C,50,0,0,1,,,1752576,5436597,-41.2076301,174.8198702
Wellington City,HALL AVENUE,50,S, ,HALL ST,201252755,5/08/12,Sun,1330,EE,CN1C,331A 374B 930 ,M,R,D,B ,F , ,N,N,50,0,0,0,,,1748828,5425172,-41.31119268,174.7779746
Wellington City,HALSWATER DRIVE,, ,I,MIDDLETON ROAD,201252186,6/07/12,Fri,1130,FB,CE1VC,181A 427A ,,R,W,O ,L ,T,S,R,50,0,0,0,,,1751917,5436593,-41.20779004,174.8120146
Wellington City,HAMILTON ROAD,10,W, ,OVERTOUN TERRACE,201253416,18/09/12,Tue,500,EA,CW1C,129B 350B ,M,M,D,DO,F ,T,N,C,50,0,0,0,,,1750385,5425762,-41.30559195,174.7964208
Wellington City,HANKEY ST,50,E, ,HOPPER ST,201250356,31/01/12,Tue,1003,QG,TE1C,330A 666A 682A ,,R,D,B ,F , ,N,N,50,0,0,0,,,1748466,5426281,-41.30127457,174.7733813
Wellington City,HANSON ST,100,S, ,JOHN ST,201212747,9/10/12,Tue,740,NA,CN1E,370A 712B 713B ,,R,D,O ,FS, ,N,N,50,0,1,0,22,,1748714,5425533,-41.30796347,174.7765251
Wellington City,HAPPY VALLEY ROAD,350,N, ,BATA PLACE,201211810,16/03/12,Fri,730,EA,CS1V,130A 197A ,M,E,D,B ,F , ,N,C,50,0,0,1,,,1747242,5422168,-41.33853017,174.7597638
Wellington City,HAPPY VALLEY ROAD,500,S, ,MURCHISON ST,201254332,13/11/12,Tue,1019,EA,CS14,129A 330A 801 ,M,R,W,O ,L , ,N,C,50,0,0,0,,,1747215,5422252,-41.33777881,174.7594209
Wellington City,HAPPY VALLEY ROAD,, ,I,MURCHISON ST,201254044,30/10/12,Tue,1711,GD,4N1C,331A 363A ,,R,D,B ,F ,T,G,C,70,0,0,0,,,1747045,5422706,-41.33372227,174.7572802
Wellington City,HARGREAVES ST,, ,I,WALLACE ST,201254488,8/11/12,Thu,810,KA,SN2C,302B ,,R,D,B ,F ,T,G,C,50,0,0,0,,,1748581,5426046,-41.30336922,174.7748117
Wellington City,HARRIS ST,15,W, ,JERVOIS QUAY,201253415,13/09/12,Thu,1650,FF,CE1C,193A ,,R,D,DO,F , ,N,N,50,0,0,0,,,1748903,5427723,-41.28821111,174.778246
Wellington City,HAUMIA ST,, ,I,MOOREFIELD ROAD,201253118,3/09/12,Mon,1612,HA,CW1C,302A ,,E,W,O ,L ,R,G,R,50,0,0,0,,,1750879,5434216,-41.22938533,174.8002265
Wellington City,HAUMIA ST,40,N, ,TUAPAPA ST,201211983,25/05/12,Fri,856,QD,TN1,330A 428A ,FPT,E,D,B ,F , ,N,C,50,0,0,1,,,1751034,5434136,-41.23007668,174.8020948
Wellington City,HAWKER ST,20,S, ,ROXBURGH ST,201254085,13/11/12,Tue,1730,EA,TN1C,386A ,M,R,D,B ,F ,X,N,C,50,0,0,0,,,1749717,5427097,-41.29369669,174.7881165
Wellington City,HAWKESTONE ST,, ,I,HAWKESTONE OFF SBD,201253640,8/10/12,Mon,1945,JA,ME1C,302B 375B ,,R,W,DO,F ,T,G,C,50,0,0,0,,,1748697,5429207,-41.27488794,174.7754248
Wellington City,HAY ST,30,S, ,TELFORD TERRACE,201253483,15/09/12,Sat,2128,MO,XS1,386A 929 ,H,R,D,DO,F , ,N,N,50,0,0,0,,,1750309,5427134,-41.29325354,174.7951745
Wellington City,HELSTON ROAD,160,N, ,GLEN ALTON AVENUE,201212286,25/07/12,Wed,1620,DB,CN1,104A 111A 135A 801 ,FG,E,W,O ,L , ,N,C,50,0,0,1,,,1752007,5435404,-41.21847817,174.8133833
Wellington City,HELSTON ROAD,20,E, ,MIDDLETON ROAD,201252798,30/06/12,Sat,2139,CB,CE1,129A 358A ,G,R,D,DO,F , ,N,P,50,0,0,0,,,1751550,5435165,-41.22071569,174.8079934
Wellington City,HELSTON ROAD,, ,I,STEWART DRIVE,201253615,5/10/12,Fri,759,JC,CE1C,302A 363A 375A ,,M,D,B ,F ,T,G,C,50,0,0,0,,,1751812,5435049,-41.22171097,174.8111464
Wellington City,HELSTON ROAD,, ,I,STEWART DRIVE,201253791,24/10/12,Wed,1105,JA,VW1C,302B 375B ,,E,D,B ,F ,T,G,R,50,0,0,0,,,1751812,5435049,-41.22171097,174.8111464
Wellington City,HOLLOWAY ROAD,10,S, ,OLD BULLOCK ROAD,201254949,19/09/12,Wed,1000,BB,CN1V,123A ,,M,D,O ,F ,T,N,N,50,0,0,0,,,1747284,5427079,-41.29430637,174.759076
Wellington City,HOMEWOOD AVENUE,80,N, ,BRISTOW PLACE,201252467,14/07/12,Sat,2056,CB,4S1,110A 504A ,T,R,W,DO,H , ,N,N,50,0,0,0,,,1746287,5428588,-41.28090127,174.7468112
Wellington City,HOROKIWI ROAD WEST,100,E, ,KINAPORI TERRACE,201250664,25/02/12,Sat,137,EA,CE1V,130A 412A ,M,R,D,DF,F , ,N,C,50,0,0,0,,,1753297,5434955,-41.22227732,174.8288777
Wellington City,HOROKIWI ROAD WEST,20,E, ,NEWLANDS ROAD,201253292,30/08/12,Thu,1100,CB,CW1,335A 357A 423A ,FP,R,D,B ,F ,R,G,R,50,0,0,0,,,1752896,5434845,-41.22334356,174.8241235
Wellington City,HOROKIWI ROAD WEST,10,W, ,PINKERTON GROVE,201254325,3/11/12,Sat,1550,QD,TS1,611A 903 929 ,CF,R,W,O ,LS,D,N,C,50,0,0,0,,,1753115,5434889,-41.222906,174.826724
Wellington City,HOSPITAL ROAD,, ,I,ADELAIDE ROAD,201212323,10/08/12,Fri,1310,DB,CW1E,110A 327A 386A ,,M,D,B ,F ,T,T,C,50,0,0,1,38,,1748862,5425724,-41.30621652,174.7782455
Wellington City,HOUGHTON BAY ROAD,, ,I,VIEW ROAD,201212873,7/10/12,Sun,2040,NA,XN1E,306A 376A ,,E,D,DO,F ,T,G,X,50,0,0,1,55,,1749645,5422742,-41.33291964,174.7883286
Wellington City,HUNTER ST,15,E, ,FEATHERSTON ST,201212524,24/08/12,Fri,841,NA,BE1E,370A 713B 714B 719B ,,R,D,B ,F ,T,N,C,50,0,0,1,50,,1748722,5428043,-41.28536337,174.7760073
Wellington City,HUNTER ST,, ,I,FEATHERSTON ST,201213051,13/12/12,Thu,740,GF,CS2S,183A ,,M,D,B ,F ,T,T,C,50,0,0,1,,24,1748708,5428049,-41.28531193,174.7758388
Wellington City,HUNTER ST,, ,I,VICTORIA ST,201211021,12/01/12,Thu,1757,AC,CE1S,172A 330A 381A ,,R,D,B ,F ,T,N,P,50,0,0,1,,51,1748851,5427984,-41.2858708,174.7775615
Wellington City,HUTCHISON ROAD,410,S, ,WESTLAND ROAD,201252239,27/06/12,Wed,2350,BF,CS1C,111A 123A 402A ,,S,D,DO,F , ,N,C,50,0,0,0,,,1748388,5425270,-41.3103914,174.7726967
Wellington City,HUTT ROAD,420,N, ,AOTEA OFF SBD,201213032,14/11/12,Wed,1551,LB,SN1C,303B 927 ,,R,D,B ,F ,D,N,C,60,0,0,1,,55,1749811,5430685,-41.26137503,174.7883564
Wellington City,HUTT ROAD,, ,I,CENTENNIAL SBD,201252427,12/06/12,Tue,1920,JC,CN1C,111A 322A ,,E,D,DO,F ,M,T,R,80,0,0,0,,,1751936,5432198,-41.24735626,174.8133344
Wellington City,HUTT ROAD,20,S, ,JARDEN MILE,201254146,12/11/12,Mon,925,AA,CS14,372A 402A ,,R,W,O ,L , ,N,C,80,0,0,0,,,1751922,5432183,-41.24749394,174.8131712
Wellington City,HUTT ROAD,, ,I,JARDEN MILE,201253438,21/09/12,Fri,1325,DB,TN1C,111A 132A 334A ,,E,D,B ,F ,M,T,L,80,0,0,0,,,1751926,5432204,-41.24730412,174.8132136
Wellington City,HUTT ROAD,, ,I,JARDEN MILE,201251267,18/04/12,Wed,715,AO,CE1C,129A 330A ,,R,D,O ,F ,M,T,C,50,0,0,0,,,1751926,5432204,-41.24730412,174.8132136
Wellington City,HUTT ROAD,10,S, ,KAIWHARAWHARA ROAD,201253344,22/08/12,Wed,845,JA,CS1CC,301B 375B ,,R,D,O ,F ,T,S,P,60,0,0,0,,,1749923,5430807,-41.26025584,174.7896627
Wellington City,HUTT ROAD,20,S, ,KAIWHARAWHARA ROAD,201254595,17/12/12,Mon,1250,KA,TS1C,308B 353B 375B 927 ,,R,D,O ,F ,D,N,C,60,0,0,0,,,1749916,5430800,-41.26032016,174.7895809
Wellington City,HUTT ROAD,, ,I,KAIWHARAWHARA ROAD,201212687,23/08/12,Thu,230,DB,CN1,103A 111A 402A ,C,R,D,DO,F ,T,T,R,50,0,0,1,,,1749930,5430814,-41.26019152,174.7897445
Wellington City,HUTT ROAD,400,E, ,ONSLOW ROAD,201212796,14/10/12,Sun,15,CB,4N1,103A 129A 801 ,C,R,W,DO,L , ,N,C,80,0,0,1,,,1751190,5431626,-41.25264604,174.804577
Wellington City,HUTT ROAD,150,N, ,SAR ST,201250055,24/01/12,Tue,1445,EA,CS14,129A 410A ,M,R,D,B ,F , ,N,C,50,0,0,0,,,1749368,5430215,-41.26568866,174.7831857
Wellington City,HUTT ROAD,400,N, ,SAR ST,201250504,7/02/12,Tue,850,FA,TS1C4,112A 181A 371A 191B ,G,R,D,B ,F , ,N,C,50,0,0,0,,,1749532,5430403,-41.26396568,174.7850965
Wellington City,HUTT ROAD,10,N, ,SCHOOL ROAD,201212258,18/07/12,Wed,1525,GC,VS1C,359A 171B 381B ,,R,D,B ,F ,T,N,C,60,0,0,1,,,1749900,5430782,-41.26048519,174.7893945
Wellington City,HUTT ROAD,5,S, ,SCHOOL ROAD,201212817,5/10/12,Fri,1423,LO,SN1C,204A 378B 830 927 ,,R,D,B ,F ,D,N,C,60,0,0,1,,38,1749890,5430771,-41.26058608,174.7892779
Wellington City,HUTT ROAD,100,S, ,SCHOOL ROAD,201213089,15/11/12,Thu,148,BE,CN1V,103A 125A 197B ,,R,D,DO,F , ,N,P,60,0,1,0,,,1749827,5430700,-41.26123701,174.7885436
Wellington City,HUTT ROAD,80,N, ,WESTMINSTER ST,201251159,17/04/12,Tue,805,GB,SW1C,208B 372B 927 ,,R,D,O ,FF,D,N,C,50,0,0,0,,,1750051,5430947,-41.2589716,174.7911555
Wellington City,HUTT ROAD,, ,I,WESTMINSTER ST,201254524,27/11/12,Tue,900,LB,CS1C,303B 375B ,,R,D,B ,F ,T,N,C,50,0,0,0,,,1749994,5430890,-41.25949538,174.7904895
Wellington City,INGLEWOOD PLACE,20,S, ,DIXON ST,201253778,20/10/12,Sat,1830,MO,CE1C,371A ,M,R,D,B ,F ,T,G,N,50,0,0,0,,,1748911,5427242,-41.29254029,174.7784592
Wellington City,INGLEWOOD PLACE,25,S, ,DIXON ST,201253600,15/09/12,Sat,2235,FB,CN1C,102A 331A ,,R,W,DO,L ,M,G,N,50,0,0,0,,,1748909,5427238,-41.29257667,174.7784363
Wellington City,INGLEWOOD PLACE,, ,I,TARANAKI ST,201252689,24/07/12,Tue,800,JA,PN1C,132A 303B 382B ,,R,W,O ,F ,T,N,C,50,0,0,0,,,1748909,5427160,-41.29327894,174.7784554
Wellington City,IRONSIDE ROAD,150,W, ,EARP ST,201252811,6/08/12,Mon,2000,EA,CW1C,112A 517A ,FM,R,D,TO,F , ,N,C,50,0,0,0,,,1751119,5435345,-41.21917567,174.8028094
Wellington City,IRONSIDE ROAD,200,N, ,ERRIS ST,201251174,23/03/12,Fri,1612,MO,CN1,130A 427A ,F,R,D,O ,F , ,N,C,50,0,0,0,,,1750803,5435578,-41.21713682,174.7989839
Wellington City,IZARD ROAD,20,S, ,RANUI CRESCENT,201254707,13/12/12,Thu,1225,MO,CS1,407A 410A ,HKP,R,D,B ,F , ,N,C,50,0,0,0,,,1750428,5432204,-41.24758423,174.7953437
Wellington City,JAMAICA DRIVE,, ,I,TAKAPU ROAD,201253735,14/10/12,Sun,1210,DA,TN1,111A 131A ,T,R,D,B ,F ,T,G,R,70,0,0,0,,,1753962,5439552,-41.18076296,174.8356502
Wellington City,JERVOIS QUAY,20,S, ,HARRIS ST,201250233,24/01/12,Tue,1136,FA,4S1X,181A 331A ,,R,D,B ,F , ,N,C,50,0,0,0,,,1748919,5427697,-41.28844225,174.7784434
Wellington City,JERVOIS QUAY,, ,I,HARRIS ST,201252545,15/07/12,Sun,1350,FB,CS14,132A 331A 353A 801 901 ,,R,W,O ,HS,T,T,C,50,0,0,0,,,1748916,5427717,-41.28826273,174.7784027
Wellington City,JERVOIS QUAY,, ,I,POST OFFICE SQUARE,201250673,5/02/12,Sun,50,KB,CS1C,197A 322A ,,R,W,DO,L ,T,T,R,50,0,0,0,,,1748866,5428084,-41.28496769,174.7777161
Wellington City,JERVOIS QUAY,20,N, ,TARANAKI ST,201211710,20/04/12,Fri,2113,NA,CN1E,105B 713B 724B ,,R,D,DO,F , ,N,C,50,0,1,0,19,,1749004,5427409,-41.29101955,174.7795285
Wellington City,JERVOIS QUAY,80,N, ,WILLESTON ST,201212451,16/08/12,Thu,1032,AC,CN1M,372A 386A ,,R,D,O ,F , ,N,R,50,0,0,1,,,1748889,5427930,-41.28634998,174.7780283
Wellington City,JERVOIS QUAY,5,S, ,WILLESTON ST,201250630,13/02/12,Mon,2130,MG,MN1C,371B ,,R,D,DO,F ,X,T,C,50,0,0,0,,,1748900,5427846,-41.28710424,174.7781802
Wellington City,JERVOIS QUAY,, ,I,WILLESTON ST,201253304,15/09/12,Sat,1320,MB,4N1C,322A 334A ,,R,D,O ,F ,T,T,R,50,0,0,0,,,1748899,5427851,-41.28705941,174.778167
Wellington City,JOHN ST,20,W, ,ADELAIDE ROAD,201212396,14/08/12,Tue,1925,FE,VE1C,427A 501A ,,R,D,DO,F ,X,T,C,50,0,0,1,,,1748812,5425613,-41.30722512,174.7776757
Wellington City,JOHN ST,, ,I,HANSON ST,201213102,30/12/12,Sun,1445,LB,CW1M,322A 358A ,,R,D,B ,F ,X,T,C,50,0,0,1,,,1748734,5425630,-41.30708645,174.7767402
Wellington City,JOHN ST,, ,I,TASMAN ST,201250865,7/03/12,Wed,753,GD,CW14,181A 387A ,,M,D,O ,F ,T,G,P,50,0,0,0,,,1748696,5425620,-41.30718349,174.7762889
Wellington City,JOHNSONVILLE ROAD,40,S, ,BILL CUTTING PLACE,201212245,13/03/12,Tue,945,EE,SS1C,374B ,M,R,D,O ,F , ,N,C,50,0,0,1,,51,1751485,5434938,-41.22277163,174.8072746
Wellington City,JOHNSONVILLE ROAD,15,S, ,BRODERICK ROAD,201252636,26/07/12,Thu,1225,FD,4N1CC,423A ,,R,D,B ,F ,X,T,C,50,0,0,0,,,1751480,5434704,-41.22487936,174.807273
Wellington City,JOHNSONVILLE ROAD,20,N, ,CORLETT ST,201254970,29/11/12,Thu,1840,JA,CN1C,308B 922 ,,R,D,O ,F ,D,N,C,50,0,0,0,,,1751469,5434523,-41.22651104,174.8071867
Wellington City,JOHNSONVILLE ROAD,, ,I,CORLETT ST,201253633,29/08/12,Wed,803,AF,VS1C,157A 197B ,K,M,D,B ,F ,X,S,C,50,0,0,0,,,1751476,5434504,-41.22668079,174.8072749
Wellington City,JOHNSONVILLE ROAD,, ,I,CORLETT ST,201211642,14/04/12,Sat,1404,GB,MN1C,330A 370A 330B 372B 922 ,,E,D,B ,F ,D,S,C,50,0,0,1,,,1751476,5434504,-41.22668079,174.8072749
Wellington City,JOHNSONVILLE ROAD,20,S, ,DISRAELI ST,201253161,22/08/12,Wed,1705,BC,TS1C,103A 112A 922 ,,R,D,O ,F ,D,N,P,50,0,0,0,,,1751471,5434644,-41.22542125,174.8071805
Wellington City,JOHNSONVILLE ROAD,, ,I,FRASER AVENUE,201254553,27/12/12,Thu,1330,JA,CN14,302B 382B ,,M,D,O ,F ,T,G,P,50,0,0,0,,,1751476,5434504,-41.22668079,174.8072749
Wellington City,JOHNSONVILLE ROAD,, ,I,FRASER AVENUE,201251225,3/04/12,Tue,1425,KB,4N1C,308B 382B 507B 930 ,,R,D,B ,F ,D,G,C,50,0,0,0,,,1751476,5434504,-41.22668079,174.8072749
Wellington City,JOHNSONVILLE ROAD,, ,I,FRASER AVENUE,201253792,8/08/12,Wed,730,KB,CS1C,302B 386B ,,R,W,O ,H ,T,G,P,50,0,0,0,,,1751476,5434504,-41.22668079,174.8072749
Wellington City,JOHNSONVILLE ROAD,, ,I,MOOREFIELD ROAD,201253612,25/09/12,Tue,750,KA,VW2V,302B 353B 404B ,,R,D,B ,F ,R,G,R,50,0,0,0,,,1751503,5435082,-41.22147177,174.8074535
Wellington City,KAIKOURA ST,40,N, ,COBAR CLOSE,201254631,18/11/12,Sun,1405,DB,CS1C,332A 358A ,M,E,D,B ,F , ,N,C,50,0,0,0,,,1752142,5425778,-41.3051185,174.8173949
Wellington City,KAIWHARAWHARA ROAD,250,S, ,NGAIO GORGE ROAD,201254097,3/11/12,Sat,1728,DA,4.00E+01,110A 139A ,,M,W,O ,L , ,N,L,50,0,0,0,,,1749241,5431046,-41.25823025,174.7814669
Wellington City,KAIWHARAWHARA ROAD,50,W, ,OLD PORIRUA ROAD,201212691,27/09/12,Thu,849,AC,CE1P,355A 372A 158B 209B ,,E,W,O ,L , ,N,C,50,0,0,1,,,1749617,5431088,-41.25778258,174.7859427
Wellington City,KAIWHARAWHARA ROAD,100,W, ,OLD PORIRUA ROAD,201251175,23/03/12,Fri,1530,EA,CW1C4,129A 330A ,M,E,D,B ,F , ,N,L,50,0,0,0,,,1749567,5431089,-41.25778283,174.7853459
Wellington City,KAIWHARAWHARA ROAD,, ,I,PICKERING ST,201212845,18/10/12,Thu,830,LB,SS1V,303B 314B ,,R,D,B ,FS,T,N,C,50,0,1,0,,40,1749901,5430845,-41.25991779,174.7893909
Wellington City,KARORI ROAD,, ,I,BEAUCHAMP ST,201212562,13/09/12,Thu,748,NA,CE1E,712B 713B ,,R,D,B ,F ,T,G,P,50,0,0,1,23,,1745452,5428164,-41.28486965,174.7369462
Wellington City,KARORI ROAD,10,E, ,CAMPBELL ST,201253491,30/08/12,Thu,900,FD,CE144,330A 645A 902 ,,R,D,B ,F ,T,N,C,50,0,0,0,,,1745628,5428227,-41.2842707,174.7390319
Wellington City,KARORI ROAD,, ,I,CHAMBERLAIN ROAD,201211125,25/01/12,Wed,754,FD,4E14C,181A 331A 352A ,,R,D,B ,F ,T,G,C,50,0,0,2,,,1745349,5428127,-41.28522133,174.7357255
Wellington City,KARORI ROAD,, ,I,EAGLE ST,201212639,8/09/12,Sat,2155,EA,CW1C,103A 129A ,M,R,D,DO,FS,T,N,P,50,0,0,1,,,1745266,5428096,-41.28551539,174.7347422
Wellington City,KARORI ROAD,20,W, ,LANCASTER ST,201211819,14/05/12,Mon,930,CB,CW1T,130A 412A 800 901 ,M,R,W,O ,HS, ,N,C,50,0,1,1,,,1746246,5428445,-41.28219621,174.7463562
Wellington City,KARORI ROAD,40,E, ,NOTTINGHAM ST,201212085,8/06/12,Fri,1142,GE,SE1C,112A 160A 371B 923 ,,E,D,B ,F ,D,N,C,50,0,0,1,,53,1746553,5428513,-41.28152831,174.7500042
Wellington City,KARORI ROAD,25,W, ,RICHMOND AVENUE,201212044,8/06/12,Fri,1258,GD,MW1C,181A 331A 358A 929 ,,R,D,O ,F ,D,N,C,50,0,0,1,,,1744827,5427969,-41.28673772,174.7295322
Wellington City,KATE SHEPPARD PLACE,, ,I,MULGRAVE ST,201212045,7/03/12,Wed,1645,NA,SE1E,711B ,,R,D,O ,F ,T,G,N,50,0,0,2,55,41,1749063,5428876,-41.27780062,174.7798737
Wellington City,KAURI ST,, ,I,KEDAH ST,201251734,10/05/12,Thu,1706,HA,CE2C,302B 335B ,,R,W,TO,L ,X,G,C,50,0,0,0,,,1751598,5423782,-41.32319136,174.8113973
Wellington City,KELBURN PARADE,100,N, ,GLASGOW ST,201211020,14/01/12,Sat,840,CA,PS1,130A 402A ,K,R,D,B ,F , ,N,C,50,0,0,1,,,1748042,5427698,-41.28859454,174.7679745
Wellington City,KELBURN PARADE,, ,I,SALAMANCA ROAD,201211127,21/01/12,Sat,1100,JA,SN1X,302B 375B ,,S,D,B ,F ,T,G,C,50,0,0,1,,36,1748148,5427897,-41.28678341,174.7691914
Wellington City,KELBURN PARADE,, ,I,SALAMANCA ROAD,201254417,14/11/12,Wed,720,DA,CN1,135A 402A 801 ,K,M,W,B ,F ,T,G,C,50,0,0,0,,,1748148,5427897,-41.28678341,174.7691914
Wellington City,KEMP ST,100,W, ,TROY ST,201254794,19/12/12,Wed,2324,DA,CE1,129A 402A 929 ,F,R,D,DO,F ,D,N,C,50,0,0,0,,,1750770,5424373,-41.31802567,174.8013619
Wellington City,KENMORE ST,, ,I,HOROKIWI ROAD EAST,201251165,23/03/12,Fri,1515,KA,CW2C,302B 375B 403B ,,R,W,O ,L ,T,G,C,50,0,0,0,,,1752948,5434871,-41.22309964,174.8247371