TLA NAME,CRASH ROAD,CRASH DIST,CRASH DIRN,INTSN,SIDE ROAD,CRASH ID,CRASH DATE,CRASH DOW,CRASH TIME,MVMT,VEHICLES,CAUSES,OBJECTS STRUCK,ROAD CURVE,ROAD WET,LIGHT,WTHRa,JUNC TYPE,TRAF CTRL,ROAD MARK,SPD LIM,CRASH FATAL CNT,CRASH SEV CNT,CRASH MIN CNT,PERS AGE1,PERS AGE2,EASTING,NORTHING,latitude,longitude
Wellington City,KENT TERRACE,, ,I,ELIZABETH ST,201253619,8/10/12,Mon,1943,HA,CW2X,322B 334B 350B 801 ,,R,W,DO,L ,X,T,C,50,0,0,0,,,1749292,5426881,-41.29572014,174.7830959
Wellington City,KENT TERRACE,, ,I,HOME ST,201213093,5/12/12,Wed,1623,GB,SS1C,158A 333A 372B ,,R,D,O ,F ,T,N,C,50,0,0,1,,29,1749271,5426835,-41.29613818,174.7828565
Wellington City,KENYA ST,40,N, ,NGAIO GORGE ROAD,201253010,23/08/12,Thu,905,BA,CS1C,125A 120B 818 ,,R,D,B ,F , ,N,C,50,0,0,0,,,1748404,5431357,-41.25558429,174.7714046
Wellington City,KHANDALLAH ROAD,120,W, ,COCKAYNE ROAD,201213083,29/10/12,Mon,1722,BF,CE1V,123A 501A ,,E,D,B ,F , ,N,C,50,0,0,1,,,1749633,5432215,-41.24763272,174.7858572
Wellington City,LAMBTON QUAY,10,N, ,BOWEN ST,201212443,10/08/12,Fri,1315,MC,BN1C,372B ,,R,W,O ,L ,M,N,R,30,0,0,1,,,1748827,5428693,-41.27949178,174.7771018
Wellington City,LAMBTON QUAY,, ,I,BOWEN ST,201211682,23/04/12,Mon,1645,HA,SS2C,322B 334B ,,R,D,O ,F ,X,T,R,50,0,1,0,,45,1748819,5428688,-41.27953827,174.7770076
Wellington City,LAMBTON QUAY,20,N, ,WARING TAYLOR ST,201253608,1/10/12,Mon,831,ED,BS1V,129A 385A ,Q,R,D,B ,F ,T,N,C,30,0,0,0,,,1748733,5428454,-41.28166092,174.7760383
Wellington City,LAMBTON QUAY,, ,I,WARING TAYLOR ST,201253443,10/09/12,Mon,800,AA,BS1V,372A 381A ,,R,D,O ,F ,T,G,R,30,0,0,0,,,1748735,5428434,-41.28184062,174.776067
Wellington City,LAMBTON QUAY,, ,I,WHITMORE ST,201212307,19/07/12,Thu,800,NC,CW1E,307A 376A ,,S,D,O ,F ,X,T,X,50,0,0,1,29,,1748819,5428688,-41.27953827,174.7770076
Wellington City,LAMBTON QUAY,100,N, ,WILLIS ST,201251176,24/03/12,Sat,200,FA,CN1X,112A 181A 331A ,,R,W,DO,F , ,N,N,30,0,0,0,,,1748708,5428017,-41.28560004,174.7758466
Wellington City,LEADLEY LANE,, ,A,DAVIDSON CRESCENT,201212724,11/10/12,Thu,838,JO,SE1C,201A 206A 378B ,,M,D,B ,F ,T,N,N,50,0,0,1,,10,1753236,5441411,-41.16416328,174.8265334
Wellington City,LIARDET ST,150,S, ,SHORT ST,201211812,15/05/12,Tue,1825,EC,MS1,137A 911 ,W,R,W,DO,L , ,N,N,50,0,1,0,,,1748168,5424873,-41.3140062,174.7701664
Wellington City,LINDEN AVENUE,, ,I,BEAUCHAMP ST,201253323,18/09/12,Tue,905,FB,CW1C,181A 302A ,,R,D,B ,F ,T,G,C,50,0,0,0,,,1753686,5442175,-41.15719953,174.8317031
Wellington City,LINK ROAD,30,N, ,GLANMIRE ROAD,201254314,10/11/12,Sat,2226,EA,CN1C,101A 129A 359A 444B ,M,R,D,DO,F , ,N,N,50,0,0,0,,,1752827,5434280,-41.22844346,174.823442
Wellington City,LUDLAM ST,, ,I,INGLIS ST,201254740,30/11/12,Fri,1245,HA,CS2X,302B 375B ,T,R,D,B ,F ,X,G,C,50,0,0,0,,,1753333,5423629,-41.32424078,174.8321568
Wellington City,LUPIN TERRACE,, ,I,SPICER PLACE,201211004,3/01/12,Tue,1620,JA,CS1K,713B ,,R,D,B ,F ,T,N,C,50,0,0,1,11,,1753997,5441209,-41.16583778,174.8356506
Wellington City,LUXFORD ST,, ,I,ADELAIDE ROAD,201252634,2/08/12,Thu,905,LB,CW1X,110A 375A ,IS,M,W,O ,F ,T,T,R,50,0,0,0,,,1748584,5424215,-41.31985392,174.7752949
Wellington City,LUXFORD ST,, ,I,COWAN PLACE,201251733,18/05/12,Fri,1519,FD,CW1CC,112A 181A 331A 112B 181B 404B ,,R,D,O ,F ,T,N,C,50,0,0,0,,,1748701,5424209,-41.31988638,174.7766936
Wellington City,LUXFORD ST,40,W, ,RINTOUL ST,201211878,12/05/12,Sat,2035,MC,PW1C,372B 375B 378B 831 ,,S,D,DO,F , ,N,C,50,0,0,1,,,1748760,5424204,-41.31992051,174.7773995
Wellington City,MACDONALD CRESCENT,80,S, ,DIXON ST,201254580,13/12/12,Thu,,EA,VN1C,386A ,M,M,D,B ,F , ,N,C,50,0,0,0,,,1748402,5427427,-41.29096839,174.7723378
Wellington City,MADRAS ST,, ,I,DELHI CRESCENT,201212632,28/08/12,Tue,900,JA,SS1C,302B 375B ,,E,D,B ,F ,T,G,C,50,0,0,1,,50,1750453,5432855,-41.24171835,174.7954814
Wellington City,MAIN ROAD,50,N, ,CAMBRIDGE ST,201252896,9/08/12,Thu,915,QD,VE1,428A ,H,R,D,O ,F , ,N,N,50,0,0,0,,,1753082,5440656,-41.17098994,174.8248873
Wellington City,MAIN ROAD,, ,I,CAMBRIDGE ST,201212048,13/06/12,Wed,1758,HA,CS1M,112A 302A 375A ,,R,D,DO,F ,R,G,R,50,0,0,1,,,1753072,5440589,-41.17159505,174.8247849
Wellington City,MAIN ROAD,100,S, ,ESSEX ST,201212256,17/07/12,Tue,1915,MC,SS1C,372B 381B ,,R,D,DO,F , ,N,R,50,0,0,1,,55,1753086,5440703,-41.17056602,174.8249232
Wellington City,MAIN ROAD,, ,I,GEE ST,201213050,12/12/12,Wed,410,JA,CS1C,103A 103B 302B ,,R,D,DO,F ,T,G,P,50,0,0,1,,,1753693,5442629,-41.15311067,174.8316726
Wellington City,MAIN ROAD,, ,I,LINDEN AVENUE,201250849,22/03/12,Thu,2120,JA,CS1C,302B 402B 862 ,,M,W,DO,M ,R,G,R,50,0,0,0,,,1753500,5442233,-41.15671256,174.8294728
Wellington City,MAIN ROAD,100,N, ,LYNDHURST ROAD,201252085,8/06/12,Fri,1830,FA,CN1C,181A 331A ,M,R,D,DO,F , ,N,P,50,0,0,0,,,1753086,5440706,-41.17053901,174.8249225
Wellington City,MAIN ROAD,100,S, ,LYNDHURST ROAD,201250474,24/02/12,Fri,820,MD,CN1C,350A 387A 371B 378B 929 ,,R,D,O ,F ,D,N,C,50,0,0,0,,,1753064,5440489,-41.1724969,174.8247146
Wellington City,MAIN ROAD,, ,I,LYNDHURST ROAD,201211854,22/05/12,Tue,735,HA,CE1S,112A 302A 645A ,,R,D,B ,F ,R,G,C,50,0,1,0,,66,1753072,5440589,-41.17159505,174.8247849
Wellington City,MAIN ROAD,200,N, ,MCLELLAN ST,201211738,27/04/12,Fri,1340,EA,SS1C,129A 501A 903 ,M,R,D,O ,FS, ,N,C,50,0,1,0,,28,1753366,5441860,-41.16009618,174.8279698
Wellington City,MAIN ROAD,, ,I,MCLELLAN ST,201254276,1/12/12,Sat,755,GD,CN1C,129A 331A ,,R,W,O ,L ,T,G,R,50,0,0,0,,,1753332,5441667,-41.16184026,174.8276131
Wellington City,MAIN ROAD,200,S, ,REDWOOD AVENUE N,201213228,15/12/12,Sat,1219,DA,CS1C,130A 350A ,M,E,D,B ,F , ,N,C,50,0,0,1,,,1753083,5439766,-41.17900276,174.8251217
Wellington City,MAIN ROAD,220,N, ,REDWOOD AVENUE S,201253207,21/08/12,Tue,1513,JA,CS1T,308B 353B 928 ,,E,D,O ,F ,D,N,P,50,0,0,0,,,1753009,5439580,-41.18069136,174.8242863
Wellington City,MAIN ROAD,40,N, ,SUNRISE BOULEVARD,201254367,23/11/12,Fri,1710,FD,CS1CC,331A 358A ,,R,D,B ,F , ,N,C,50,0,0,0,,,1753096,5439206,-41.18404219,174.8254166
Wellington City,MAIN ROAD,80,N, ,SUNRISE BOULEVARD,201252356,7/07/12,Sat,900,FD,CS1C,110A 181A ,,R,W,B ,F , ,N,P,50,0,0,0,,,1753070,5439236,-41.183777,174.8250993
Wellington City,MAIN ROAD,110,N, ,SUNRISE BOULEVARD,201212390,26/07/12,Thu,1545,EA,CN1T,129A 363A ,Q,R,D,B ,F , ,N,C,50,0,0,2,,,1753051,5439260,-41.18356451,174.8248669
Wellington City,MAJORIBANKS ST,, ,I,AUSTIN ST,201213120,10/11/12,Sat,1557,LB,SW1C,303B 375B ,,R,D,B ,F ,T,G,C,50,0,0,1,,30,1749772,5426888,-41.29556819,174.7888245
Wellington City,MAJORIBANKS ST,, ,I,HAWKER ST,201212434,3/08/12,Fri,500,DB,ME1,103A 131A 194A ,,M,D,DO,F ,T,G,C,50,0,0,1,,,1749647,5426946,-41.29506918,174.787318
Wellington City,MAJORIBANKS ST,, ,I,KENT TERRACE,201212037,11/06/12,Mon,805,NB,CW1E,711B 712B ,,R,D,B ,F ,X,T,C,50,0,1,0,53,,1749376,5427069,-41.29401196,174.7840526
Wellington City,MAJORIBANKS ST,, ,I,KENT TERRACE,201212176,27/05/12,Sun,130,NB,CW1E,370A 105B 713B 732B ,,R,W,DO,F ,X,T,N,50,0,1,0,21,,1749376,5427069,-41.29401196,174.7840526
Wellington City,MAKARA ROAD,200,S, ,ESTUARY ST,201253844,23/09/12,Sun,1756,BB,CS1C,123A 351A 818 ,,E,D,B ,F , ,N,C,50,0,0,0,,,1743639,5435139,-41.22239272,174.7136627
Wellington City,MAKARA ROAD,800,N, ,OPAU ROAD,201253165,28/08/12,Tue,404,DB,CS1,103A 129A 423A ,F,E,W,DN,F , ,N,N,50,0,0,0,,,1743577,5433865,-41.23387463,174.7132228
Wellington City,MAKARA ROAD,1500,N, ,TAKARAU GORGE ROAD,201213264,1/02/12,Wed,30,DB,CS1C,103A 111A 431A 431B 818 ,CF,M,D,TN,F , ,N,C,50,0,1,3,,,1743723,5434252,-41.23036422,174.7148731
Wellington City,MAKARA ROAD,, ,I,TAKARAU GORGE ROAD,201211929,28/04/12,Sat,1600,DB,VS2,101A 131A 402A ,F,E,D,O ,F ,T,S,C,50,0,0,1,,,1744017,5433193,-41.23984696,174.7186293
Wellington City,MANNERS ST,25,N, ,CUBA ST,201211685,24/04/12,Tue,1707,NA,BN1E,711B ,,R,D,O ,F , ,N,L,30,0,1,0,21,,1748765,5427406,-41.29109064,174.7766762
Wellington City,MANNERS ST,20,S, ,CUBA ST,201211378,2/03/12,Fri,1335,PB,BN1E,353A 370A ,,R,D,O ,F , ,N,C,30,0,0,1,23,,1748798,5427375,-41.29136367,174.7770777
Wellington City,MANNERS ST,20,W, ,CUBA ST,201211192,3/02/12,Fri,1750,NA,BW1E,711B 732B ,,R,D,O ,F ,X,T,C,30,0,0,1,15,,1748769,5427402,-41.29112592,174.7767249
Wellington City,MANNERS ST,, ,I,OPERA HOUSE LANE,201211709,1/05/12,Tue,1630,NA,BS1E,105B 713B ,,R,D,B ,F ,T,N,L,30,0,1,0,17,,1748840,5427340,-41.29167105,174.7775876
Wellington City,MANNERS ST,50,W, ,VICTORIA ST,201212702,3/10/12,Wed,1025,NB,BW1E,711B 712B ,,R,D,B ,F , ,N,L,30,0,0,1,68,,1748659,5427530,-41.28999374,174.7753806
Wellington City,MARINE PARADE,350,S, ,AWA ROAD,201213006,28/10/12,Sun,19,NA,CW1E,103A 105B 711B 712B 901 ,,E,W,DO,H , ,N,C,50,0,1,0,,,1752963,5424645,-41.31516386,174.8274822
Wellington City,MARINE PARADE,, ,I,AWA ROAD,201212697,21/09/12,Fri,1521,GE,MW1,157A 160A ,IS,E,D,B ,F ,T,N,R,50,0,0,1,,,1753130,5424915,-41.31270132,174.8294085
Wellington City,MARK AVENUE,120,N, ,TERRANCE GROVE,201210037,3/07/12,Tue,1,EA,SN1C,129A 330A ,M,R,D,DO,F , , ,C,50,1,0,0,,65,1752265,5436275,-41.21058773,174.8162427
Wellington City,MARTIN SQUARE N,, ,I,TARANAKI ST N,201253162,9/07/12,Mon,1650,JA,MS2C,151A 157A 308B 377B ,,R,D,TF,F ,M,N,C,50,0,0,0,,,1748730,5426774,-41.29678727,174.7764128
Wellington City,MAUPUIA ROAD,, ,I,MIRAMAR AVENUE,201253293,5/09/12,Wed,720,JA,CE2C,375B 382B ,,E,D,B ,F ,T,N,C,50,0,0,0,,,1751725,5424711,-41.31480348,174.8126822
Wellington City,MCKINLEY CRESCENT,80,N, ,TAFT ST,201251870,14/04/12,Sat,1223,CB,CS1CC,112A 129A 130A 197A 129B 832 ,M,R,D,O ,F , ,N,C,50,0,0,0,,,1747696,5425544,-41.30805144,174.764367
Wellington City,MCLELLAN ST,, ,I,DUNCAN ST,201253861,24/10/12,Wed,,FO,4E1C,330A 371A ,,M,D,B ,F ,R,G,R,50,0,0,0,,,1753645,5441567,-41.16268136,174.8313671
Wellington City,MCLINTOCK ST,30,N, ,COMBER PLACE,201211200,29/01/12,Sun,1308,MC,SS1X,143B 372B 810 ,,R,D,B ,F , ,N,N,50,0,1,0,,33,1750205,5435119,-41.22138062,174.7919664
Wellington City,MEIN ST,60,E, ,RIDDIFORD ST,201253122,31/08/12,Fri,1626,EE,XW1C,374B 381B 818 ,Q,R,D,B ,F , ,N,C,40,0,0,0,,,1748976,5425209,-41.31083223,174.7797328
Wellington City,MEIN ST,, ,I,RIDDIFORD ST,201252472,20/07/12,Fri,1920,HA,CN1C,322A 375A ,,R,D,DO,F ,X,T,C,50,0,0,0,,,1748917,5425201,-41.31091515,174.7790303
Wellington City,MIDDLETON ROAD,100,N, ,BASSETT ROAD,201251976,7/06/12,Thu,822,EA,4N1B,129A 130A ,M,E,D,B ,F , ,N,C,50,0,0,0,,,1751836,5435903,-41.21401758,174.8112203
Wellington City,MIDDLETON ROAD,, ,I,HALSWATER DRIVE,201254626,7/12/12,Fri,2330,DB,CN1,103A 111A 402A ,IS,E,D,DO,F ,T,S,R,50,0,0,0,,,1751917,5436593,-41.20779004,174.8120146
Wellington City,MIDDLETON ROAD,, ,I,HALSWATER DRIVE,201212452,18/08/12,Sat,952,JA,SN1C,301B 375B ,,R,D,O ,F ,T,S,R,50,0,0,1,,34,1751917,5436593,-41.20779004,174.8120146
Wellington City,MIDDLETON ROAD,300,S, ,RICHMOND HILL,201212097,1/07/12,Sun,1415,FA,CN14,111A 181A 378A ,,E,W,B ,F , ,N,C,70,0,0,1,,,1753007,5437978,-41.19511514,174.824663
Wellington City,MIDDLETON ROAD,150,S, ,ROWELLS ROAD,201212924,3/11/12,Sat,1324,DA,VS1,111A 135A 801 901 903 ,FZ,S,W,O ,HS, ,N,C,70,0,0,1,,,1752343,5437004,-41.2040096,174.816991
Wellington City,MIDDLETON ROAD,130,S, ,WILLOWBANK ROAD,201213052,3/11/12,Sat,2210,DA,CS1,102A 111A 131A ,F,M,W,DN,L , ,N,L,50,0,1,1,,,1753385,5438485,-41.19047895,174.8290415
Wellington City,MILNE TERRACE,200,N, ,OKU ST,201254904,8/11/12,Thu,530,QD,CN1,428A ,F,R,D,DO,F , ,N,N,50,0,0,0,,,1747927,5421681,-41.34278938,174.7680655
Wellington City,MIRAMAR AVENUE,40,W, ,HOBART ST,201253614,5/10/12,Fri,2105,MB,XE1C,375B ,,R,D,DO,F , ,N,C,50,0,0,0,,,1752002,5424549,-41.31620985,174.8160305
Wellington City,MIRAMAR AVENUE,, ,I,HOBART ST,201251180,31/03/12,Sat,1243,HA,CS1C,302A 375A 402A 197B ,,M,D,B ,F ,R,G,R,50,0,0,0,,,1752048,5424521,-41.31645327,174.8165868
Wellington City,MIRAMAR AVENUE,, ,I,SHELLY BAY ROAD,201213000,26/11/12,Mon,1045,JA,VE1M,330B 375B 402B ,,R,D,B ,F ,T,N,C,50,0,0,1,,,1751636,5424734,-41.31461314,174.8116137
Wellington City,MIRAMAR AVENUE,, ,I,TAUHINU ROAD,201212254,25/06/12,Mon,2006,HA,VS2C,302A 375A 103B ,,R,D,DO,F ,R,G,R,50,0,1,1,,,1751783,5424677,-41.31509868,174.8133833
Wellington City,MIRAMAR NORTH ROAD,130,N, ,PARK ROAD,201213287,10/08/12,Fri,1630,PD,4W1E,722B 927 ,,R,D,B ,F , ,N,C,50,0,0,1,12,,1752364,5425316,-41.30923609,174.8201612
Wellington City,MIRAMAR NORTH ROAD,450,N, ,PARK ROAD,201254311,16/11/12,Fri,500,DA,CN1C,111A 517A 929 ,FMP,E,D,DO,F , ,N,N,50,0,0,0,,,1752366,5425632,-41.3063907,174.8201059
Wellington City,MITCHELL ST,500,S, ,VIRGINIA GROVE,201254705,7/12/12,Fri,2010,DB,CN1C,110A 131A ,MT,E,W,O ,F , ,N,C,50,0,0,0,,,1747230,5424615,-41.31650087,174.7590276
Wellington City,MOA POINT ROAD,50,E, ,COCHRANE ST,201211123,3/02/12,Fri,1112,GD,CE1C,181A 197A 331A ,,R,D,B ,F , ,N,C,50,0,0,1,,,1750983,5423203,-41.32851963,174.8041962
Wellington City,MOA POINT ROAD,300,S, ,STEWART DUFF DRIVE,201254976,19/10/12,Fri,1520,DB,CN1,111A 514A ,S,E,D,B ,F , ,N,C,30,0,0,0,,,1751563,5422113,-41.3382243,174.8113956
Wellington City,MOA POINT ROAD,620,S, ,STEWART DUFF DRIVE,201254316,26/09/12,Wed,2131,DA,CS1,111A 131A 801 ,C,E,W,DO,L , ,N,L,50,0,0,0,,,1751492,5421802,-41.34103764,174.810625
Wellington City,MOLESWORTH ST,25,N, ,HAWKESTONE ST,201212322,9/08/12,Thu,830,NB,CN1,370A 711B ,,R,W,O ,H , ,N,C,50,0,0,1,14,,1748902,5429216,-41.27476914,174.7778691
Wellington City,MONORGAN ROAD,200,S, ,BROADWAY,201251871,2/06/12,Sat,1126,MO,CN1C,131A 402A 423A 930 ,FMX,R,D,O ,F ,D,N,C,50,0,0,0,,,1752149,5423354,-41.32694094,174.818085
Wellington City,MONORGAN ROAD,40,N, ,WALDEN ST,201254009,22/10/12,Mon,1738,DB,CS1,137A 196A ,T,M,D,O ,L , ,N,C,50,0,0,0,,,1752176,5422995,-41.33016799,174.8184974
Wellington City,MOOREFIELD ROAD,50,N, ,HAUMIA ST,201211985,5/06/12,Tue,1821,BE,CN1C,112A 133A 433A 800 901 ,,R,W,DO,H , ,N,C,50,0,0,1,,,1750919,5434259,-41.22899072,174.8006929
Wellington City,MOOREFIELD ROAD,, ,I,HAUMIA ST,201254624,20/12/12,Thu,1800,HA,CS1C,302A 375A ,,R,D,B ,F ,R,G,C,50,0,0,0,,,1750892,5434218,-41.2293649,174.8003811
Wellington City,MOOREFIELD ROAD,, ,I,JOHNSONVILLE ON NBD,201212432,29/07/12,Sun,1145,KA,CN1C,302B 375B ,C,M,D,B ,F ,R,G,R,50,0,0,1,,,1751503,5435082,-41.22147177,174.8074535
Wellington City,MOOREFIELD ROAD,, ,I,JOHNSONVILLE ROAD,201252810,8/08/12,Wed,1301,HA,CS1C,302A 350A ,S,M,W,O ,F ,R,G,N,50,0,0,0,,,1751503,5435082,-41.22147177,174.8074535
Wellington City,MOOREFIELD ROAD,, ,I,JOHNSONVILLE ROAD,201211550,6/04/12,Fri,1730,HA,CN1C,302A 375A 302 ,,M,D,O ,F ,R,G,R,50,0,0,1,,,1751503,5435082,-41.22147177,174.8074535
Wellington City,MOOREFIELD ROAD,, ,I,JOHNSONVILLE ROAD,201251184,31/03/12,Sat,1910,KB,CN1C,112B 302B 330B ,P,R,D,TF,F ,R,G,C,50,0,0,0,,,1751503,5435082,-41.22147177,174.8074535
Wellington City,MOOREFIELD ROAD,50,N, ,WANAKA ST,201213273,27/10/12,Sat,1435,GA,CS1S,181A 370A 925 ,,R,D,B ,F ,D,N,N,50,0,0,1,,56,1751304,5434934,-41.22284151,174.8051172
Wellington City,MORGAN ST,40,N, ,IRONSIDE ROAD,201253911,20/09/12,Thu,1745,QD,CE1,330A 611A ,FJ,R,D,O ,F , ,N,C,50,0,0,0,,,1751382,5435277,-41.21973875,174.8059623
Wellington City,MORGAN ST,70,N, ,IRONSIDE ROAD,201252977,16/08/12,Thu,950,MO,CS1C,131A 386A ,FM,R,W,B ,F , ,N,N,50,0,0,0,,,1751387,5435307,-41.21946771,174.8060145
Wellington City,MORGAN ST,, ,I,IRONSIDE ROAD,201251732,19/05/12,Sat,1111,BO,VW2C,124A 357A 512A ,,M,D,B ,F ,T,G,C,50,0,0,0,,,1751376,5435238,-41.22009101,174.8059004
Wellington City,MORTIMER TERRACE,300,W, ,DURHAM CRESCENT,201254312,16/11/12,Fri,1517,EA,CN1C,111A 137A 197A ,M,M,D,B ,F , ,N,N,50,0,0,0,,,1747579,5426601,-41.29855616,174.7627136
Wellington City,MOUNT ALBERT ROAD,140,S, ,LAVAUD ST,201252795,10/06/12,Sun,1544,DB,CN1,111A 402A 403A ,F,S,D,B ,F , ,N,C,50,0,0,0,,,1748977,5423623,-41.32511141,174.7801334
Wellington City,MOUNT ALBERT ROAD,40,W, ,VOLGA ST,201253481,2/09/12,Sun,1309,BC,ME1C,121A 402A ,,M,D,B ,F , ,N,C,50,0,0,0,,,1748936,5423267,-41.32832419,174.7797309
Wellington City,MOXHAM AVENUE,15,S, ,TAURIMA ST,201250057,5/01/12,Thu,1219,GC,BN1C,333A 387A 144B 174B 381B 925 ,,R,D,B ,FS,D,N,C,50,0,0,0,,,1750172,5425860,-41.3047493,174.7938534
Wellington City,MOXHAM AVENUE,20,S, ,WAITOA ROAD,201253147,3/07/12,Tue,940,BA,CN1B,129A 353A 386A 818 ,,R,D,O ,F ,X,G,X,50,0,0,0,,,1750195,5425917,-41.30423183,174.7941139
Wellington City,MULGRAVE ST,, ,I,AITKEN ST,201251179,28/03/12,Wed,910,AC,TS1C,177A 372A 671A 818 ,,R,D,B ,F ,T,T,C,50,0,0,0,,,1749064,5428963,-41.27701713,174.7798644
Wellington City,MULGRAVE ST,60,S, ,PIPITEA ST,201251737,1/05/12,Tue,13,DB,CS1,131A 412A ,TX,E,D,DO,F , ,N,C,50,0,0,0,,,1749071,5429071,-41.27604347,174.7799215
Wellington City,MULGRAVE ST,, ,I,THORNDON QUAY,201250357,1/02/12,Wed,1855,JA,CN2C,322A 334A ,P,M,W,O ,L ,T,T,L,50,0,0,0,,,1749084,5428833,-41.27818389,174.7801349
Wellington City,MURPHY ST,, ,I,LITTLE PIPITEA ST,201212198,3/06/12,Sun,200,NB,XS1E,713B 732B ,,R,D,DO,F ,T,N,C,50,0,1,0,36,,1749038,5429184,-41.27503217,174.7795
Wellington City,MURPHY ST,, ,I,TURNBULL ST,201250125,18/01/12,Wed,830,AC,CN1C,177A 330A ,,R,D,B ,F ,T,N,P,50,0,0,0,,,1748996,5429283,-41.27414858,174.7789746
Wellington City,NASSAU AVENUE,50,E, ,JAMAICA DRIVE,201253885,13/10/12,Sat,815,EA,CW1C,386A ,M,M,W,O ,F , ,N,N,50,0,0,0,,,1754017,5438856,-41.18701881,174.8364807
Wellington City,NEWLANDS OFF NBD,60,E, ,NEWLANDS ON NBD,201253611,27/09/12,Thu,2333,MG,CE14,512B 514B 517B ,,R,D,DO,F , ,N,R,80,0,0,0,,,1751591,5433916,-41.23195324,174.8087922
Wellington City,NEWLANDS OFF SBD,130,W, ,NEWLANDS ROAD,201212521,22/08/12,Wed,1712,DB,TS1,103A 111A 135A 804 ,,S,D,O ,F , ,N,N,50,0,0,1,,,1751726,5433981,-41.23134271,174.8103861
Wellington City,NEWLANDS OFF SBD,250,N, ,SH 1N,201250502,22/02/12,Wed,2100,DA,CN1,111A 131A 403A ,P,M,W,DO,L , ,N,N,80,0,0,0,,,1751716,5434060,-41.23063332,174.8102472
Wellington City,NEWLANDS ON NBD,50,S, ,SH 1N,201252742,22/07/12,Sun,150,DA,4N1,103A 111A ,G,S,D,DO,F , ,N,N,100,0,0,0,,,1751532,5433824,-41.23279261,174.8081114
Wellington City,NEWLANDS ROAD,150,W, ,BRACKEN ROAD,201253574,28/09/12,Fri,1434,EA,VW1C,197A 386A ,M,R,D,B ,F , ,N,C,50,0,0,0,,,1752720,5434782,-41.223944,174.8220405
Wellington City,NEWLANDS ROAD,, ,I,BRACKEN ROAD,201254901,23/12/12,Sun,1545,AO,CE1C,357A 512A ,,R,D,B ,F ,R,G,R,50,0,0,0,,,1752863,5434827,-41.22351185,174.8237345
Wellington City,NEWLANDS ROAD,50,N, ,HURRING PLACE,201250506,25/01/12,Wed,1459,FA,CS1X,181A 331A 358A 402A ,,R,D,B ,FS, ,N,C,50,0,0,0,,,1751992,5433990,-41.23121174,174.8135563
Wellington City,NEWLANDS ROAD,, ,I,STELLA GROVE,201254509,15/12/12,Sat,1538,MC,CN1C,330B 372B ,,R,D,B ,F ,T,N,C,50,0,0,0,,,1752495,5434542,-41.22614724,174.8194173
Wellington City,NEWLANDS ROAD,400,N, ,WESTLEIGH WAY,201252678,24/07/12,Tue,500,EA,CN1C,103A 129A 801 ,M,E,W,DO,L , ,N,C,50,0,0,0,,,1752819,5434812,-41.22365521,174.8232135
Wellington City,NEWTOWN AVENUE,30,E, ,RIDDIFORD ST,201253291,28/08/12,Tue,1915,QD,4W1X,612A ,Q,R,D,DO,F , ,N,C,50,0,0,0,,,1749021,5424830,-41.31423621,174.780363
Wellington City,NEWTOWN AVENUE,70,W, ,RIDDIFORD ST,201254581,14/12/12,Fri,1920,JA,4E1X,308B 377B 927 ,,R,D,TF,F ,D,N,C,50,0,0,0,,,1749060,5424838,-41.31415697,174.7808268
Wellington City,NGAIO GORGE ROAD,110,E, ,PERTH ST,201212472,19/06/12,Tue,1047,DA,MS1,129A 424A 810 ,,M,D,O ,F , ,N,L,50,0,0,1,,,1748566,5431256,-41.25646388,174.773362
Wellington City,NGATOTO ST,10,S, ,KHANDALLAH ROAD,201253562,18/09/12,Tue,1000,CC,CN1C,129A ,,R,D,O ,F ,T,N,C,50,0,0,0,,,1749298,5432350,-41.24647919,174.7818278
Wellington City,NGAURANGA ON NBD,, ,A,NGAURANGA ON NBD OBR,201250867,24/03/12,Sat,545,DA,CS1,111A 131A ,J,M,D,DO,L , ,N,C,100,0,0,0,,,1751977,5432148,-41.24779872,174.813836
Wellington City,NGAURANGA ON NBD,300,S, ,SH 2,201250603,12/03/12,Mon,1700,GF,CS1C,357A 184B 357B ,K,M,D,B ,F , ,N,C,100,0,0,0,,,1752045,5432163,-41.24765088,174.8146434
Wellington City,NGAURANGA ON NBD,340,S, ,SH 2,201250890,1/03/12,Thu,622,AC,CS1C,111A 131A 159A 801 ,G,M,W,O ,F , ,N,C,100,0,0,0,,,1752017,5432134,-41.24791724,174.8143166
Wellington City,NORMANBY ST,70,E, ,RIDDIFORD ST,201253289,21/07/12,Sat,2012,EA,CW144C,129A ,M,R,D,DN,F , ,N, ,50,0,0,0,,,1749074,5424772,-41.31474861,174.7810102
Wellington City,NORTH TERRACE,20,W, ,UPLAND ROAD,201211374,9/02/12,Thu,1340,NB,XW1E,330A 386A 732B 818 ,,R,D,O ,F ,T,N,N,50,0,1,0,21,,1747927,5428009,-41.28581554,174.7665262
Wellington City,NORTHLAND ROAD,, ,I,HARBOUR VIEW ROAD,201211811,21/04/12,Sat,1830,ND,4N1E,103A 711B 724B 862 ,,E,D,DO,F ,T,N,C,50,0,0,1,75,,1747357,5428653,-41.28012149,174.7595666