TLA NAME,CRASH ROAD,CRASH DIST,CRASH DIRN,INTSN,SIDE ROAD,CRASH ID,CRASH DATE,CRASH DOW,CRASH TIME,MVMT,VEHICLES,CAUSES,OBJECTS STRUCK,ROAD CURVE,ROAD WET,LIGHT,WTHRa,JUNC TYPE,TRAF CTRL,ROAD MARK,SPD LIM,CRASH FATAL CNT,CRASH SEV CNT,CRASH MIN CNT,PERS AGE1,PERS AGE2,EASTING,NORTHING,latitude,longitude
Wellington City,NORTHLAND ROAD,, ,I,RANDWICK ROAD,201212202,10/06/12,Sun,457,DB,CN1CCM,103A 131A ,,S,D,DO,F ,Y,S,C,50,0,0,1,,,1747242,5428324,-41.28310464,174.7582736
Wellington City,OHARIU VALLEY ROAD,900,N, ,CORTINA AVENUE,201211533,1/04/12,Sun,930,GE,SS1V,817,,E,D,B ,F , ,N,N,100,0,1,0,,47,1750257,5436063,-41.21287168,174.7923543
Wellington City,OHARIU VALLEY ROAD,2080,N, ,CORTINA AVENUE,201253299,11/09/12,Tue,1515,BC,CW14,111A 121A 403A ,,S,D,O ,F , ,N,C,100,0,0,0,,,1749403,5436117,-41.21254357,174.7821588
Wellington City,OHIRO ROAD,580,S, ,ARO ST,201253610,28/09/12,Fri,2212,DB,CS1,111A 137A 503A ,C,E,D,DO,F , ,N,C,50,0,0,0,,,1747825,5426444,-41.29992469,174.7656887
Wellington City,OHIRO ROAD,, ,I,BROOKLYN ROAD,201212199,20/06/12,Wed,700,JA,SN1C,302B 375B 801 ,,M,W,DO,L ,T,G,P,50,0,1,1,,25,1747693,5426137,-41.30271293,174.7641873
Wellington City,OHIRO ROAD,, ,I,BROOKLYN ROAD,201213169,30/10/12,Tue,1359,JA,SN24,302B 377B ,,E,D,B ,F ,T,G,C,50,0,1,0,,49,1747693,5426137,-41.30271293,174.7641873
Wellington City,OHIRO ROAD,5,S, ,MAARAMA CRESCENT,201250033,8/01/12,Sun,23,DB,CW1C,103A 111A 131A 357A ,,S,D,DO,F ,T,G,C,50,0,0,0,,,1748035,5426702,-41.2975633,174.7681331
Wellington City,OHIRO ROAD,, ,I,MCKINLEY CRESCENT,201212105,23/05/12,Wed,1743,LB,SS1V,303B 375B 402B ,,R,D,DO,F ,T,G,C,50,0,1,0,,58,1747596,5425718,-41.30650314,174.7631308
Wellington City,OHIRO ROAD,50,N, ,TANERA CRESCENT,201212212,15/07/12,Sun,1520,BB,CS1C,111A 123A ,,M,W,O ,L , ,N,C,50,0,0,2,,,1747820,5426375,-41.30054684,174.7656458
Wellington City,OHIRO ROAD,50,N, ,TANERA CRESCENT S,201253420,10/09/12,Mon,2310,DB,CN1,111A ,H,E,D,DO,F , ,N,C,50,0,0,0,,,1747695,5426142,-41.30266754,174.7642099
Wellington City,OHIRO ROAD,100,S, ,TANERA CRESCENT S,201250662,4/03/12,Sun,1930,EA,CN1C,353A 386A ,M,R,D,TO,F , ,N,C,50,0,0,0,,,1747640,5426005,-41.30391109,174.7635865
Wellington City,ONEPU ROAD,15,S, ,COCKBURN ST,201250054,1/01/12,Sun,1930,EA,CN1C,129A ,M,R,D,TO,F , ,N,C,50,0,0,0,,,1750262,5423951,-41.32191988,174.7953996
Wellington City,ONSLOW ROAD,100,S, ,BENARES ST,201254410,13/10/12,Sat,1030,FA,CN1V,331A 193B 929 ,,M,D,B ,F ,D,N,C,50,0,0,0,,,1751146,5432065,-41.24870178,174.8039433
Wellington City,ONSLOW ROAD,50,W, ,BENARES ST,201211481,22/03/12,Thu,1535,NB,TE1E,191A ,,M,D,O ,F , ,N,C,50,0,1,0,8,,1751089,5432135,-41.2480822,174.803246
Wellington City,ORANGI KAUPAPA ROAD,300,N, ,GARDEN ROAD,201253628,3/09/12,Mon,839,DB,TS1C,110A 129A 818 ,M,M,W,O ,F , ,N,N,50,0,0,0,,,1747596,5428586,-41.28068108,174.7624354
Wellington City,ORIENTAL PARADE,10,N, ,CABLE ST,201250869,10/03/12,Sat,120,DB,CN1,103A ,FK,M,D,DO,F ,Y,G,R,20,0,0,0,,,1749495,5427232,-41.29252237,174.7854332
Wellington City,ORIENTAL PARADE,5,N, ,CARLTON GORE ROAD,201253280,11/09/12,Tue,1430,MC,CN1T,372B 386B ,,R,D,O ,F ,M,N,L,50,0,0,0,,,1750712,5427705,-41.28803749,174.799844
Wellington City,ORIENTAL PARADE,10,S, ,CARLTON GORE ROAD,201213148,26/10/12,Fri,2210,CA,CN1,102A 505A 512A ,IS,R,D,DO,F ,T,G,R,40,0,0,1,,,1750700,5427696,-41.28812076,174.799703
Wellington City,ORIENTAL PARADE,260,S, ,CARLTON GORE ROAD,201251293,8/03/12,Thu,1632,MO,4N1C,330A 386A ,M,E,D,B ,F , ,N,C,50,0,0,0,,,1750495,5427561,-41.28937445,174.7972893
Wellington City,ORIENTAL PARADE,, ,I,CARLTON GORE ROAD,201212696,31/08/12,Fri,945,NA,CW1E,713B 719B ,,R,D,B ,F ,Y,G,C,50,0,1,0,51,,1750709,5427702,-41.28806506,174.7998089
Wellington City,ORIENTAL PARADE,, ,A,FREYBERG POOL CPK ENT,201211466,25/01/12,Wed,1840,LB,SE1C,303B 314B 927 ,,R,D,B ,F ,D,N,X,50,0,0,1,,38,1749955,5427422,-41.29072641,174.7908776
Wellington City,ORIENTAL PARADE,50,N, ,GRASS ST,201211477,16/03/12,Fri,1730,GB,SN1C,371B 671B ,,E,D,B ,F , ,N,C,40,0,1,0,,57,1750445,5427441,-41.29046417,174.7967221
Wellington City,ORIENTAL PARADE,170,E, ,HERD ST,201212344,29/07/12,Sun,1420,MC,SE1C,372B ,,R,D,B ,F , ,N,L,30,0,0,1,,55,1749760,5427327,-41.29161793,174.7885732
Wellington City,ORIENTAL PARADE,270,E, ,HERD ST,201254058,26/10/12,Fri,1449,MC,VE14,372B ,,R,D,B ,F , ,N,C,40,0,0,0,,,1749850,5427366,-41.2912501,174.789638
Wellington City,ORIENTAL PARADE,350,E, ,HERD ST,201251438,20/04/12,Fri,1315,FD,CE1C,331A 352A ,,R,D,B ,F , ,N,R,40,0,0,0,,,1749920,5427404,-41.29089497,174.7904643
Wellington City,OSWALD CRESCENT,50,E, ,BRACKEN ROAD,201211206,19/02/12,Sun,1515,NA,CE1E,712B 713B 727B ,,E,D,B ,F , ,N,C,50,0,1,0,4,,1752881,5435024,-41.2217348,174.8238998
Wellington City,OTAKI ST,150,S, ,ATHENS ST,201250358,1/02/12,Wed,2020,DB,CE1C,111A 131A ,M,M,D,DN,L , ,N,N,50,0,0,0,,,1752551,5424271,-41.31860908,174.8226562
Wellington City,OTTAWA ROAD,, ,I,COLWAY ST,201254455,22/10/12,Mon,1147,QD,TW1C,130A ,C,R,D,B ,F ,T,N,C,50,0,0,0,,,1748730,5432255,-41.24743921,174.7750752
Wellington City,PALLISER ROAD,, ,I,ROSENEATH TERRACE,201254950,2/03/12,Fri,1235,EA,XN1C,129A ,M,E,D,B ,F ,T,N,C,50,0,0,0,,,1750573,5427142,-41.29313231,174.798324
Wellington City,PARA ST,5,N, ,ATHENS ST,201212869,27/10/12,Sat,1034,NA,CS1E,711B ,,R,D,O ,F ,T,N,P,50,0,0,1,11,,1752318,5424520,-41.31641132,174.8198113
Wellington City,PARK ROAD,30,N, ,MIRAMAR AVENUE,201212556,4/09/12,Tue,1648,NB,CN1E,306A 355A ,,R,D,B ,F ,X,G,R,50,0,0,1,8,,1752033,5424565,-41.31605995,174.8163967
Wellington City,PARK ROAD,, ,I,REX ST,201252611,6/07/12,Fri,1243,HA,CN1C,302B 375B ,,R,D,B ,F ,X,G,C,50,0,0,0,,,1752278,5424964,-41.31242146,174.8192225
Wellington City,PARK ROAD,, ,I,ROTHERHAM TERRACE,201251182,31/03/12,Sat,1125,LB,4N1C,303B 352B 402B ,,R,D,B ,F ,X,G,C,50,0,0,0,,,1752344,5425065,-41.31149967,174.8199853
Wellington City,PEMBROKE ROAD,220,N, ,ALBEMARLE ROAD,201213084,9/12/12,Sun,610,DB,MS1C,103A 332A ,M,M,D,O ,F , ,N,C,50,0,0,1,,,1747393,5428941,-41.2775219,174.7599266
Wellington City,PEMBROKE ROAD,250,E, ,MONMOUTH WAY,201252177,23/06/12,Sat,1030,DA,CN1,111A 135A 402A 801 ,T,M,W,O ,L , ,N,C,50,0,0,0,,,1747727,5429897,-41.2688535,174.7636811
Wellington City,PIPITEA ST,, ,I,MOLESWORTH ST,201251667,10/05/12,Thu,934,JO,4W1B,330B 386B ,,R,D,O ,F ,T,G,N,50,0,0,0,,,1748898,5429139,-41.27546315,174.7778402
Wellington City,QUEENS DRIVE,40,S, ,COUTTS ST,201252190,5/07/12,Thu,656,MA,CN1C4,143B 373B ,,R,W,DO,M , ,N,C,50,0,0,0,,,1750135,5424143,-41.3202149,174.7938355
Wellington City,QUEENS DRIVE,100,S, ,LYALL PARADE,201251630,9/05/12,Wed,1730,EA,CN1C,103A 129A 130A 901 ,M,E,W,DF,H , ,N,C,50,0,0,0,,,1749891,5422816,-41.33220769,174.7912488
Wellington City,QUEENS DRIVE,, ,I,LYALL PARADE,201251627,29/03/12,Thu,1525,KA,CN1C,302A 440A ,,M,D,O ,F ,R,G,C,50,0,0,0,,,1749936,5422920,-41.33126298,174.7917606
Wellington City,QUEENS DRIVE,200,N, ,SLIP N,201213038,11/12/12,Tue,823,GA,SN1V,929,,E,D,O ,F ,D,N,C,50,0,0,1,,39,1749902,5422408,-41.33587899,174.7914808
Wellington City,QUEENS DRIVE,130,S, ,TORU ST,201254101,20/10/12,Sat,40,CB,CN1,103A 402A 430A ,P,R,D,DO,FS, ,N,R,50,0,0,0,,,1749944,5423146,-41.32922674,174.7918004
Wellington City,RAINE ST,20,N, ,KARORI ROAD,201254882,12/12/12,Wed,1323,MG,MS1V,181A 331A 371B ,,R,D,B ,FS,T,G,C,50,0,0,0,,,1745584,5428233,-41.28422461,174.7385053
Wellington City,RANGOON ST,, ,I,BURMA ROAD,201213243,31/10/12,Wed,1200,PO,CN1K,370A 701B 722B ,,M,D,B ,F ,T,S,R,50,0,1,0,16,,1750525,5433136,-41.23917499,174.796271
Wellington City,RAROA CRESCENT,, ,I,CHAYTOR ST,201213121,10/12/12,Mon,1012,JA,SS14,209A 302B 387B ,,E,D,B ,F ,T,G,L,50,0,1,0,,39,1746887,5428152,-41.28471791,174.7540777
Wellington City,RAROA CRESCENT,, ,I,NORTHLAND TUNNEL ROAD,201254148,12/11/12,Mon,1143,GB,CN1X,158A 333A 175B 818 ,,S,D,O ,F ,X,S,C,50,0,0,0,,,1746949,5428030,-41.28580506,174.7548472
Wellington City,RAUKAWA ST,, ,I,NUKU ST,201253290,16/08/12,Thu,1310,DB,VN1,103A 111A ,F,M,D,B ,F ,T,G,C,50,0,0,0,,,1752070,5422944,-41.33064715,174.8172441
Wellington City,REEF ST,40,E, ,THE PARADE,201254499,30/10/12,Tue,1940,MO,CS14,371A ,M,R,D,DO,F , ,N,C,50,0,0,0,,,1748145,5421648,-41.34304644,174.770678
Wellington City,RICHMOND AVENUE,30,W, ,BURROWS AVENUE,201250199,21/01/12,Sat,1500,QD,CE1C,612A ,M,R,D,B ,F , ,N,N,50,0,0,0,,,1744964,5427668,-41.28942324,174.7312392
Wellington City,RICHMOND AVENUE,20,S, ,KARORI ROAD,201254951,15/11/12,Thu,1300,EA,XS1V,129A ,M,R,D,B ,F , ,N,N,50,0,0,0,,,1744855,5427952,-41.28688576,174.7298705
Wellington City,RICHMOND AVENUE,, ,I,KARORI ROAD,201253843,5/10/12,Fri,1240,MG,CN1C,371A 404A ,,R,D,O ,F ,T,S,C,50,0,0,0,,,1744852,5427972,-41.28670622,174.7298299
Wellington City,RIDDIFORD ST,, ,I,ADELAIDE ROAD,201253137,31/08/12,Fri,458,FA,4N1C,181A 331A ,,E,D,DO,F ,X,T,C,50,0,0,0,,,1748832,5425608,-41.30726645,174.7779157
Wellington City,RIDDIFORD ST,20,N, ,CONSTABLE ST,201254652,22/12/12,Sat,1117,LB,CN1V,303B 353B 387B 927 ,,R,D,B ,F ,D,N,C,40,0,0,0,,,1748975,5424903,-41.31358746,174.7797959
Wellington City,RIDDIFORD ST,10,N, ,DONALD MCLEAN ST,201253305,15/09/12,Sat,1545,JA,CN1C,308B 375B 922 ,,M,D,B ,F ,D,N,C,50,0,0,0,,,1749019,5424689,-41.31550605,174.7803737
Wellington City,RIDDIFORD ST,, ,A,EMERGENCY DRIVE,201254632,28/11/12,Wed,1850,KC,CS1C,315B 377B 402B 930 ,,R,D,B ,F ,D,N,C,50,0,0,0,,,1748896,5425301,-41.31001869,174.778755
Wellington City,RIDDIFORD ST,, ,I,GORDON ST,201253303,15/09/12,Sat,2122,FD,CN1C,181A 331A 351A ,,R,D,O ,F ,T,G,P,40,0,0,0,,,1749029,5424646,-41.31589135,174.7805037
Wellington City,RIDDIFORD ST,, ,I,GORDON ST,201254792,7/12/12,Fri,1300,LB,CN1C,303B 377B 830 ,,R,D,B ,F ,T,G,C,50,0,0,0,,,1749029,5424646,-41.31589135,174.7805037
Wellington City,RIDDIFORD ST,25,N, ,GREEN ST,201254979,23/11/12,Fri,1045,FA,TN1C,181A ,,R,D,B ,F , ,N,C,50,0,0,0,,,1748940,5425065,-41.31213537,174.7793382
Wellington City,RIDDIFORD ST,, ,I,HALL ST,201250232,27/01/12,Fri,1947,HA,4N1CC,101A 112A 322A ,P,R,D,B ,F ,X,T,C,40,0,0,0,,,1748917,5425201,-41.31091515,174.7790303
Wellington City,RIDDIFORD ST,10,N, ,HOSPITAL MAIN DRIVE,201254380,14/11/12,Wed,1620,FD,VS1C,181A 330A ,,R,D,B ,F ,T,T,C,50,0,0,0,,,1748851,5425514,-41.30810927,174.7781656
Wellington City,RIDDIFORD ST,50,S, ,HOSPITAL MAIN DRIVE,201252867,3/08/12,Fri,1400,MC,CS1C,372B 375B ,,R,D,B ,F , ,N,C,50,0,0,0,,,1748863,5425455,-41.30863825,174.7783233
Wellington City,RIDDIFORD ST,, ,A,HOSPITAL MAIN DRIVE,201252978,16/08/12,Thu,2000,KB,CN1C,322A 351A 930 ,,R,W,DO,F ,D,T,C,50,0,0,0,,,1748853,5425504,-41.30819893,174.7781919
Wellington City,RIDDIFORD ST,200,N, ,MEIN ST,201251633,9/05/12,Wed,1545,FD,CS1CC4,112A 181A 331A 801 ,,R,W,O ,L , ,N,C,50,0,0,0,,,1748876,5425397,-41.30915805,174.7784927
Wellington City,RIDDIFORD ST,200,N, ,MEIN ST,201250359,7/02/12,Tue,2025,FD,CN1CC,331A 351A ,,R,D,DO,F , ,N,C,50,0,0,0,,,1748876,5425397,-41.30915805,174.7784927
Wellington City,RIDDIFORD ST,, ,I,MEIN ST,201211981,25/04/12,Wed,841,GC,CW2S,370A 387A ,,R,D,B ,F ,X,T,C,50,0,0,1,,36,1748917,5425201,-41.31091515,174.7790303
Wellington City,RIDDIFORD ST,10,S, ,NEWTOWN AVENUE,201253632,25/09/12,Tue,1815,EE,CS1C,374B ,Q,R,D,TF,F ,T,G,R,40,0,0,0,,,1748994,5424814,-41.31438525,174.7800445
Wellington City,RIDDIFORD ST,, ,I,NEWTOWN AVENUE,201254450,3/11/12,Sat,1635,FB,CW2C,331A 353A 191B ,,R,D,O ,F ,T,G,C,50,0,0,0,,,1748992,5424824,-41.31429558,174.7800182
Wellington City,RIDDIFORD ST,, ,I,WILSON ST,201252594,28/07/12,Sat,1240,FA,CS1C,181A 191B ,,R,D,B ,F ,T,N,P,50,0,0,0,,,1748961,5424969,-41.31299582,174.7796125
Wellington City,RINTOUL ST,280,N, ,WARIPORI ST,201254764,24/11/12,Sat,2242,CB,CS1,112A 130A 351A 818 ,X,R,D,DO,F , ,N,C,50,0,0,0,,,1748823,5424606,-41.31628952,174.7780534
Wellington City,RINTOUL ST,, ,I,WARIPORI ST,201212433,15/08/12,Wed,2015,LB,CS1C,103B 303B 503B ,,R,D,DO,F ,X,T,C,50,0,0,2,,,1748808,5424326,-41.31881324,174.7779428
Wellington City,RONGOTAI ROAD,5,W, ,MAHORA ST,201212436,16/06/12,Sat,1208,NB,CW1E,306A 376A 645A 901 ,,R,W,O ,H ,T,G,X,50,0,0,1,29,,1750440,5424344,-41.31834839,174.7974282
Wellington City,RONGOTAI ROAD,, ,I,ONEPU ROAD,201252975,14/08/12,Tue,730,MG,CW1B,371B ,Q,R,D,O ,F ,X,T,C,50,0,0,0,,,1750346,5424365,-41.31817685,174.7963004
Wellington City,RONGOTAI ROAD,, ,I,ONEPU ROAD,201212359,14/08/12,Tue,709,NE,TW1E,334A 376A ,,M,D,B ,F ,X,T,C,50,0,0,1,28,,1750346,5424365,-41.31817685,174.7963004
Wellington City,RONGOTAI ROAD,, ,I,SALEK ST,201250668,13/02/12,Mon,1740,HA,CW1C,301A 351A ,,R,D,B ,F ,X,S,R,50,0,0,0,,,1750801,5424246,-41.31916329,174.8017636
Wellington City,ROSS ST,, ,I,COUTTS ST,201252447,25/06/12,Mon,1209,HA,CS1C,302A 375A ,,R,D,B ,F ,X,G,C,50,0,0,0,,,1750477,5424093,-41.32060132,174.7979322
Wellington City,ROTHERHAM TERRACE,80,E, ,TAUHINU ROAD,201252660,30/06/12,Sat,1130,EA,CE1V,129A 350A ,M,R,D,B ,F , ,N,C,50,0,0,0,,,1752205,5425146,-41.31079665,174.8183052
Wellington City,RUSKIN ROAD,70,N, ,SALFORD ST E,201252570,8/07/12,Sun,30,DA,CS1,111A 135A 517A 801 ,ET,M,W,DO,FS, ,N,C,50,0,0,0,,,1752307,5434236,-41.22893768,174.8172517
Wellington City,SALAMANCA ROAD,50,S, ,KELBURN PARADE,201254331,12/11/12,Mon,1009,EA,4S1CC,129A 358A 404A ,MM,R,D,B ,F , ,N,C,50,0,0,0,,,1748162,5427853,-41.28717699,174.7693692
Wellington City,SEATOUN HEIGHTS ROAD,110,W, ,TIO TIO ROAD,201254422,26/11/12,Mon,1000,QD,VS1,330A 428A ,F,M,D,B ,F , ,N,C,50,0,0,0,,,1752827,5423757,-41.32318444,174.8260814
Wellington City,SEATOUN TUNNEL,50,N, ,BROADWAY,201211046,20/01/12,Fri,1520,BA,CN1C,128A 507A 197B ,,R,D,B ,F , ,N,C,50,0,0,1,,,1752978,5423684,-41.32381304,174.8279032
Wellington City,SEDDON TERRACE,30,E, ,COROMANDEL ST,201250367,21/01/12,Sat,1954,EA,CW1CC,103A 129A 130A ,M,R,D,TF,F , ,N,N,50,0,0,0,,,1749544,5425106,-41.31165448,174.7865406
Wellington City,SEVERN ST,100,S, ,MOSELLE ST,201253281,17/09/12,Mon,2020,MO,CS1,371A 423A 500A 929 ,H,R,W,DO,F ,D,N,C,50,0,0,0,,,1747870,5421870,-41.3410982,174.7673385
Wellington City,SH 1N CALABAR ROAD,, ,I,STUART DUFF DRIVE,201252850,12/08/12,Sun,700,DA,CN2,110A 139A 352A ,,M,W,O ,H ,R,G,C,50,0,0,0,,,1751436,5423510,-41.32567068,174.8095303
Wellington City,SHELLY BAY ROAD,15,N, ,MIRAMAR AVENUE,201253696,20/10/12,Sat,1300,FD,CS1C,181A ,,R,D,B ,F ,T,G,C,50,0,0,0,,,1751641,5424748,-41.31448616,174.8116699
Wellington City,SIGNALLERS GROVE,70,E, ,PARATU WAY,201252187,1/07/12,Sun,717,DA,CS1,103A 131A 514A 929 ,H,R,W,DO,F ,D,N,N,50,0,0,0,,,1753077,5423138,-41.32870995,174.829223
Wellington City,SLIP,60,W, ,ORIENTAL TERRACE,201254672,31/12/12,Mon,1437,MO,CN1V,371A 423A 507A ,MS,E,D,B ,F , ,N,P,40,0,0,0,,,1750075,5427346,-41.29138836,174.7923288
Wellington City,SOUTH KARORI ROAD,, ,I,HAZLEWOOD AVENUE N,201253183,30/08/12,Thu,757,KB,CN1C,302B 375B ,,E,D,B ,F ,T,G,C,50,0,0,0,,,1744201,5427293,-41.29293628,174.7222198
Wellington City,STEWART DUFF DRIVE,900,N, ,MOA POINT ROAD,201252739,7/08/12,Tue,1820,CC,CS1C,129A 350A ,MP,R,W,DN,L , ,N,R,50,0,0,0,,,1751722,5423097,-41.32933523,174.8130492
Wellington City,STONEFIELD PLACE,, ,I,CORTINA AVENUE,201252429,29/06/12,Fri,1247,DA,CS1C,131A 423A 929 ,FM,R,D,O ,F ,D,N,N,50,0,0,0,,,1750553,5435314,-41.21956028,174.796068
Wellington City,STOUT ST,20,W, ,WHITMORE ST,201253271,13/07/12,Fri,1930,EA,CW1C,129A ,M,R,D,DO,F , ,N,C,50,0,0,0,,,1748864,5428574,-41.28055637,174.7775725
Wellington City,STOUT ST,20,W, ,WHITMORE ST,201254222,20/10/12,Sat,1509,GE,CE1C,157A 160A 926 ,,R,D,B ,F ,D,N,C,50,0,0,0,,,1748864,5428574,-41.28055637,174.7775725
Wellington City,STRATHMORE AVENUE,30,N, ,KINGHORNE ST,201254005,25/10/12,Thu,1650,EE,BS1C,374B ,Q,R,D,O ,F , ,N,C,50,0,0,0,,,1752352,5423321,-41.32719971,174.8205178
Wellington City,SUNHAVEN DRIVE,, ,I,SOMES CRESCENT,201252078,10/06/12,Sun,1529,BF,CS2C,111A 131A 402A ,,E,D,B ,F ,T,G,C,50,0,0,0,,,1753565,5434506,-41.22626898,174.8321863
Wellington City,SURREY ST,, ,I,MAIN ROAD,201254472,5/12/12,Wed,1010,KB,VN24,302B ,,R,D,O ,F ,T,G,C,50,0,0,0,,,1753126,5441034,-41.16757834,174.8253171
Wellington City,TAKAPU ROAD,200,S, ,BING LUCAS DRIVE,201254754,19/09/12,Wed,1435,GD,CN1C,331A 402A 927 ,,R,D,B ,F ,D,N,P,70,0,0,0,,,1753769,5439359,-41.18253724,174.8333987
Wellington City,TAKAPU ROAD,, ,I,JAMAICA DRIVE,201212476,10/08/12,Fri,1017,LB,VS1T,303B 377B 830 ,,R,D,O ,F ,T,G,C,70,0,1,0,,,1753962,5439552,-41.18076296,174.8356502
Wellington City,TAKAPU ROAD,, ,I,TAWA OFF NBD,201254151,16/11/12,Fri,1755,FB,CW1C,331A ,,E,D,O ,F ,R,G,R,50,0,0,0,,,1753573,5439036,-41.18548249,174.831144
Wellington City,TAKAPU ROAD,, ,I,TAWA OFF SBD,201252414,20/05/12,Sun,,HA,CS14,301A 330A 412A ,,E,D,B ,F ,X,S,C,100,0,0,0,,,1753701,5439145,-41.18447686,174.8326421
Wellington City,TAKAPU ROAD,2850,E, ,WOODBURN DRIVE,201253518,28/09/12,Fri,1700,BD,VS1C,121A 378A 818 ,,S,D,O ,F , ,N,N,50,0,0,0,,,1755855,5441466,-41.16316892,174.8577216
Wellington City,TAKARAU GORGE ROAD,460,E, ,MAKARA ROAD,201212243,29/07/12,Sun,1630,DA,MS1,111A 134A 402A 818 ,,M,D,B ,F , ,N,N,50,0,0,1,,,1744402,5433375,-41.23813962,174.7231787
Wellington City,TAKARAU GORGE ROAD,6400,E, ,MAKARA ROAD,201213064,24/11/12,Sat,1720,FA,MN1M,137A 181A 402A 191B 402B 818 ,FF,R,D,B ,F , ,N,N,60,0,1,1,,,1747717,5435784,-41.21585121,174.762137
Wellington City,TANERA CRESCENT,30,N, ,OHIRO ROAD N,201250063,6/01/12,Fri,1935,DB,CN1C,101A 110A 402A ,M,M,D,B ,F ,Y,N,N,50,0,0,0,,,1747761,5426363,-41.30066569,174.7649443
Wellington City,TARANAKI ST,30,S, ,COURTENAY PLACE,201254520,17/11/12,Sat,1150,AA,CN1C,372A ,,R,D,O ,F , ,N,C,50,0,0,0,,,1748936,5427220,-41.29273375,174.778763
Wellington City,TARANAKI ST,5,S, ,DIXON ST,201253645,2/10/12,Tue,900,MO,CN1C,386A ,Q,R,D,B ,F ,X,T,C,50,0,0,0,,,1748947,5427243,-41.29252464,174.7788887
Wellington City,TARANAKI ST,, ,I,DIXON ST,201212709,12/09/12,Wed,842,NA,CN1E,703B 711B ,,R,W,O ,H ,M,T,C,50,0,0,1,,,1748949,5427247,-41.29248826,174.7789116
Wellington City,TARANAKI ST,, ,I,DIXON ST,201253417,19/09/12,Wed,1925,FE,CN1C,101A 181A ,,R,D,DO,F ,M,T,C,30,0,0,0,,,1748949,5427247,-41.29248826,174.7789116
Wellington City,TARANAKI ST,, ,I,DIXON ST,201253439,19/09/12,Wed,1543,GF,4N1C,176A 404A ,,M,D,B ,F ,M,T,C,30,0,0,0,,,1748949,5427247,-41.29248826,174.7789116
Wellington City,TARANAKI ST,10,S, ,HILL LANE,201212357,15/05/12,Tue,1725,NA,BN1E,306A 330A 376A ,,R,W,DO,H ,T,N,X,50,0,1,0,16,,1748569,5426401,-41.30017521,174.7745818
Wellington City,TARANAKI ST,30,S, ,HILL LANE,201253011,20/08/12,Mon,2040,AB,CS1C,137A 151A 153A ,,R,D,DO,F , ,N,C,50,0,0,0,,,1748560,5426382,-41.30034793,174.774479
Wellington City,TARANAKI ST,, ,I,INGLEWOOD PLACE,201253121,5/09/12,Wed,704,JA,CN2C,309B 377B ,,R,D,B ,F ,T,N,C,30,0,0,0,,,1748909,5427160,-41.29327894,174.7784554
Wellington City,TARANAKI ST,20,N, ,MARTIN SQUARE N,201254461,2/11/12,Fri,908,EE,CS1C,330B 374B ,Q,R,D,O ,F , ,N,P,50,0,0,0,,,1748738,5426792,-41.29662373,174.7765039
Wellington City,TARANAKI ST,20,S, ,MARTIN SQUARE N,201254466,9/11/12,Fri,1230,JA,CS1C,308B 922 ,,R,D,B ,F ,D,N,C,50,0,0,0,,,1748721,5426756,-41.29695099,174.7763098
Wellington City,TARANAKI ST,, ,I,MARTIN SQUARE S,201252434,9/07/12,Mon,1626,LB,CS1C,303B 375B ,,R,D,B ,F ,T,N,C,50,0,0,0,,,1748702,5426713,-41.29734164,174.7760934
Wellington City,TARANAKI ST,200,S, ,WEBB ST,201251442,29/04/12,Sun,1929,BE,CS1C,103A 130A 404A ,,R,W,DO,L , ,N,C,50,0,0,0,,,1748573,5426409,-41.30010244,174.7746276
Wellington City,TASMAN ST,, ,I,CARRINGTON ST,201212203,12/07/12,Thu,818,JA,CN1C,303B 375B ,,R,D,B ,F ,T,N,C,50,0,0,1,,,1748697,5425716,-41.30631898,174.7762774
Wellington City,TAUHINU ROAD,250,E, ,MAUPUIA ROAD,201254563,7/12/12,Fri,1845,MD,CN1C,371B 929 ,Q,E,D,O ,F ,D,N,N,50,0,0,0,,,1752304,5425361,-41.30884228,174.8194335
Wellington City,TAUHINU ROAD,5,N, ,MIRAMAR AVENUE,201254100,23/10/12,Tue,818,GC,CS1S,174B ,,R,W,O ,F ,R,G,R,50,0,0,0,,,1751785,5424682,-41.31505329,174.813406
Wellington City,TAWA OFF NBD,, ,I,TAKAPU ROAD,201212597,9/09/12,Sun,2116,DA,CN1,135A 402A 801 806 ,P,S,W,DO,L ,R,G,C,50,0,0,1,,,1753585,5439024,-41.18558826,174.83129
Wellington City,TAWA OFF NBD,, ,I,TAKAPU ROAD,201211054,18/01/12,Wed,804,FB,VN1C,181A 331A 387A ,,E,D,B ,F ,R,G,C,50,0,0,1,,,1753600,5439017,-41.18564844,174.8314705
Wellington City,TENNYSON ST,50,E, ,TORY ST,201254086,8/11/12,Thu,1045,MO,CN1C,371A ,M,R,D,B ,F , ,N,N,50,0,0,0,,,1749120,5426979,-41.2948696,174.7810186
Wellington City,TENNYSON ST,50,W, ,TORY ST,201253839,14/10/12,Sun,848,MB,XW1C,352B 375B ,,R,W,O ,L , ,N,C,50,0,0,0,,,1749120,5426979,-41.2948696,174.7810186