TLA NAME,CRASH ROAD,CRASH DIST,CRASH DIRN,INTSN,SIDE ROAD,CRASH ID,CRASH DATE,CRASH DOW,CRASH TIME,MVMT,VEHICLES,CAUSES,OBJECTS STRUCK,ROAD CURVE,ROAD WET,LIGHT,WTHRa,JUNC TYPE,TRAF CTRL,ROAD MARK,SPD LIM,CRASH FATAL CNT,CRASH SEV CNT,CRASH MIN CNT,PERS AGE1,PERS AGE2,EASTING,NORTHING,latitude,longitude
Wellington City,TERRACE OFF SBD,, ,I,THE TERRACE,201254111,13/10/12,Sat,2025,FC,CE1C,331A 378A 801 ,,M,W,DO,L ,T,T,N,80,0,0,0,,,1748577,5428164,-41.28430065,174.774247
Wellington City,THE CRESCENT,60,N, ,GRAFTON ROAD,201212698,15/08/12,Wed,1334,MA,SN1V,359B 373B ,,R,W,O ,F , ,N,N,50,0,0,1,,49,1750737,5427327,-41.29143608,174.800236
Wellington City,THE ESPLANADE,200,S, ,DERWENT ST,201213007,8/11/12,Thu,1940,DB,PE1,131A 402A 811 ,K,M,D,B ,F , ,N,C,50,0,0,2,,,1747958,5421157,-41.34750147,174.7685635
Wellington City,THE ESPLANADE,400,E, ,SEVERN ST,201251286,8/04/12,Sun,1730,GE,MW1C,111A 160A 333A 144B 330B 929 ,,E,D,B ,F ,D,N,C,50,0,0,0,,,1747736,5421085,-41.34819046,174.7659287
Wellington City,THE PARADE,, ,I,HUMBER ST,201211683,1/05/12,Tue,1620,JA,CS1C,302B 363B 902 ,,R,D,B ,F ,X,G,C,50,0,0,1,,,1748199,5421925,-41.34054257,174.7712555
Wellington City,THE TERRACE,30,N, ,AURORA TERRACE,201255025,24/07/12,Tue,1820,EE,4W1C,129A 374B ,Q,R,D,O ,F ,T,N,C,50,0,0,0,,,1748661,5428535,-41.2809449,174.7751591
Wellington City,THE TERRACE,30,N, ,BOLTON ST,201250361,15/02/12,Wed,845,MB,XW1C,372B 404B ,,R,W,O ,F , ,N,C,50,0,0,0,,,1748693,5428722,-41.27925536,174.7754954
Wellington City,THE TERRACE,20,N, ,CHURCH ST,201254968,21/09/12,Fri,2135,EA,CS1C,103A 129A ,M,R,D,DO,F , ,N,C,50,0,0,0,,,1748433,5427807,-41.28754137,174.7726153
Wellington City,THE TERRACE,, ,I,CHURCH ST,201254579,25/11/12,Sun,1635,KA,XN1C,308B 927 ,,E,D,B ,F ,D,N,C,50,0,0,0,,,1748425,5427789,-41.2877049,174.7725241
Wellington City,THE TERRACE,30,N, ,DALMUIR LANE,201212908,1/11/12,Thu,825,NB,SN1E,711B ,,R,D,B ,F , ,N,C,50,0,0,2,29,,1748626,5428334,-41.28276104,174.7747904
Wellington City,THE TERRACE,, ,I,DALMUIR LANE,201252430,18/06/12,Mon,1702,KB,MS14C,197A 316B 375B 800 ,,R,W,DO,F ,T,G,C,50,0,0,0,,,1748620,5428304,-41.28303225,174.7747261
Wellington City,THE TERRACE,80,N, ,EVERTON TERRACE,201254578,8/11/12,Thu,800,EE,CS1C,386A 374B ,Q,R,D,B ,F , ,N,C,50,0,0,0,,,1748557,5428104,-41.28484453,174.774023
Wellington City,THE TERRACE,, ,I,GHUZNEE ST,201212201,29/06/12,Fri,1220,JA,SS1C,112A 302A ,,R,D,B ,F ,T,G,C,50,0,1,0,,35,1748255,5427358,-41.29161664,174.7705998
Wellington City,THE TERRACE,, ,I,MACDONALD CRESCENT,201211922,28/05/12,Mon,750,JA,MS1C,301B 375B 377B ,,R,D,B ,F ,T,S,C,50,0,0,1,,,1748304,5427470,-41.29059925,174.7711575
Wellington City,THE TERRACE,20,S, ,SALAMANCA ROAD,201212705,11/10/12,Thu,1220,NA,4N1E,712B 731B ,,R,D,B ,F , ,N,C,50,0,0,1,60,,1748375,5427652,-41.28894757,174.7719607
Wellington City,THE TERRACE,, ,I,SALAMANCA ROAD,201253418,20/09/12,Thu,900,FE,CN1C,181A ,,E,D,O ,F ,T,T,C,50,0,0,0,,,1748381,5427671,-41.2887754,174.7720277
Wellington City,THE TERRACE,20,N, ,TERRACE OFF SBD,201253622,19/09/12,Wed,1630,MG,CN1C,371B ,,R,D,O ,F , ,N,R,50,0,0,0,,,1748583,5428182,-41.28413748,174.7743143
Wellington City,THORNDON QUAY,250,N, ,DAVIS ST,201253822,26/10/12,Fri,1259,MF,VW1V,371B ,,R,D,B ,F , ,N,C,50,0,0,0,,,1749284,5429470,-41.27241176,174.7823658
Wellington City,THORNDON QUAY,310,N, ,DAVIS ST,201253903,12/10/12,Fri,1014,MF,CS1T,371B 671B ,,R,D,O ,F , ,N,C,50,0,0,0,,,1749263,5429526,-41.27191144,174.7821015
Wellington City,THORNDON QUAY,100,S, ,DAVIS ST,201212690,29/09/12,Sat,1508,EE,SN1C,110A 129A 330A 374B ,M,E,D,B ,F , ,N,C,50,0,1,0,,42,1749361,5429149,-41.27528762,174.7833634
Wellington City,THORNDON QUAY,40,S, ,MOORE ST,201212284,13/06/12,Wed,1755,EE,SE1C,374B ,Q,E,D,DO,F , ,N,C,50,0,0,1,,,1749189,5429033,-41.27636381,174.7813391
Wellington City,THORNDON QUAY,50,S, ,TINAKORI ROAD,201253348,23/09/12,Sun,1354,AO,4N1C,129A 150A ,,R,D,B ,F , ,N,C,50,0,0,0,,,1749195,5429959,-41.26802551,174.781184
Wellington City,THORNDON QUAY,100,S, ,TINAKORI ROAD,201212631,21/08/12,Tue,800,NA,SS1,377A ,,R,W,O ,L , ,N,C,50,0,0,1,,46,1749182,5429911,-41.26846008,174.7810406
Wellington City,TINAKORI ROAD,, ,I,BOWEN ST,201211128,25/01/12,Wed,2255,LB,PS1C,303B 382B ,,R,D,DO,F ,T,T,C,100,0,0,1,,,1748168,5428780,-41.27882965,174.7692153
Wellington City,TINAKORI ROAD,40,S, ,COTTLEVILLE TERRACE,201211896,6/06/12,Wed,1730,FD,VN1CC,181A 331A 501A ,,R,W,DO,L , ,N,C,50,0,0,1,,,1749131,5429823,-41.2692618,174.7804536
Wellington City,TINAKORI ROAD,60,N, ,HILL ST,201254051,19/10/12,Fri,850,EA,CS14C,129A 386A ,M,R,W,O ,F , ,N,C,50,0,0,0,,,1748410,5429044,-41.2764083,174.7720393
Wellington City,TINAKORI ROAD,, ,I,HILL ST,201251738,29/05/12,Tue,810,JA,MS1C,302B 363B 402B 902 ,,R,W,B ,L ,T,G,C,50,0,0,0,,,1748369,5429000,-41.27681198,174.7715607
Wellington City,TINAKORI ROAD,40,N, ,HOBSON ST,201253487,8/08/12,Wed,1015,EA,CN1C,386A ,M,R,D,B ,F , ,N,C,50,0,0,0,,,1749056,5429741,-41.27001392,174.7795786
Wellington City,TINAKORI ROAD,, ,I,PARK ST,201254621,31/12/12,Mon,705,HA,CS1V,322A 410A ,,R,D,B ,F ,X,T,C,50,0,0,0,,,1748884,5429555,-41.27172029,174.7775715
Wellington City,TINAKORI ROAD,, ,I,THORNDON QUAY,201251741,29/05/12,Tue,735,FB,VE1M,330A 427A ,,R,D,O ,F ,T,G,C,50,0,0,0,,,1749211,5430006,-41.26759939,174.7813634
Wellington City,TINAKORI ROAD,, ,I,THORNDON QUAY,201213206,13/09/12,Thu,1619,FB,CE1P,181A 353A 402A ,,R,D,B ,F ,T,G,C,50,0,0,1,,,1749211,5430006,-41.26759939,174.7813634
Wellington City,TODMAN ST,200,S, ,MITCHELL ST,201252612,14/07/12,Sat,2330,DA,CW1V,103A 111A 134A ,M,S,W,DO,L , ,N,C,50,0,0,0,,,1747320,5425693,-41.30677867,174.7598413
Wellington City,TORY ST,, ,I,COLLEGE ST,201250503,22/02/12,Wed,1010,KB,XN14,303B 330B ,,R,D,O ,F ,T,N,C,50,0,0,0,,,1749015,5426869,-41.29587937,174.779792
Wellington City,TORY ST,, ,I,FORRESTERS LANE,201254443,2/09/12,Sun,2150,EA,CS1C,101A 129A 402A ,M,R,D,DO,F ,T,N,C,50,0,0,0,,,1749114,5427091,-41.29386233,174.7809195
Wellington City,TORY ST,, ,I,HOLLAND ST,201213119,26/10/12,Fri,1415,DB,SN1C,122A 132A 818 ,,R,D,O ,F ,T,N,N,50,0,0,1,,32,1749090,5427034,-41.29437996,174.7806469
Wellington City,TORY ST,, ,I,WAKEFIELD ST,201212768,11/10/12,Thu,1726,LB,SN1C,303B 375B ,,R,D,B ,F ,X,T,C,50,0,0,1,,18,1749204,5427279,-41.29215306,174.7819478
Wellington City,TOWNSEND ROAD,300,N, ,ATHENS ST,201254737,15/11/12,Thu,2210,DA,4S1C,103A ,M,E,W,DO,F , ,N,C,50,0,0,0,,,1752586,5424634,-41.3153343,174.8229831
Wellington City,TRENT ST,50,E, ,THE PARADE,201254634,28/11/12,Wed,1235,MO,CS1C,371A 371B 929 ,,R,D,B ,F ,D,N,C,50,0,0,0,,,1748197,5421759,-41.3420375,174.7712721
Wellington City,UPLAND ROAD,50,S, ,BOUNDARY ROAD,201251729,25/05/12,Fri,1556,CC,CN14,130A 197A 363A 818 902 ,M,R,D,B ,F , ,N,C,30,0,0,0,,,1747458,5427839,-41.28743193,174.7609692
Wellington City,UPLAND ROAD,50,N, ,GLASGOW ST,201253083,20/08/12,Mon,1344,FA,VS14,181A 331A 387A ,,E,D,O ,F , ,N,C,50,0,0,0,,,1747903,5427905,-41.2867563,174.766265
Wellington City,UPLAND ROAD,, ,I,KOWHAI ROAD,201212040,10/06/12,Sun,1304,NA,CN1E,363A 376A 902 ,,R,D,B ,F ,T,G,X,30,0,0,1,23,,1747471,5427813,-41.28766365,174.7611306
Wellington City,UPOKO ROAD,150,N, ,MAREWA ROAD,201252450,11/07/12,Wed,2035,QO,CS1CC,420A ,M,R,D,DO,F , ,N,N,50,0,0,0,,,1750259,5426466,-41.29927708,174.7947425
Wellington City,UPPER HARBOUR MOTORWAY,120,E, ,HARRIS ST,201212395,25/06/12,Mon,1220,MO,CW1,385A 507A ,H,R,D,O ,F , ,N,N,50,0,1,1,,,1748861,5427726,-41.28819185,174.777744
Wellington City,VICTORIA ST,, ,I,BOND ST,201252971,1/08/12,Wed,1723,BB,XS1C,171A 372A 801 ,,S,W,O ,L ,X,G,C,30,0,0,0,,,1748711,5427594,-41.28940795,174.7759857
Wellington City,VICTORIA ST,, ,I,HARRIS ST,201211838,29/03/12,Thu,1948,NG,4N1E,306A 330A 371A ,,R,D,O ,F ,T,T,C,50,0,1,0,70,,1748762,5427786,-41.28766989,174.7765476
Wellington City,VICTORIA ST,20,N, ,MERCER ST,201254676,5/12/12,Wed,1223,FD,4S14X,181A 331A 801 ,,R,W,O ,L , ,N,C,50,0,0,0,,,1748730,5427713,-41.28833304,174.7761834
Wellington City,VICTORIA ST,50,N, ,SH 1N VIVIAN,201211377,6/03/12,Tue,1733,NA,CS1E,713B 731B ,,R,D,B ,F , ,N,L,50,0,0,1,19,,1748468,5427116,-41.29375633,174.7732015
Wellington City,VICTORY AVENUE,, ,I,SUNSHINE AVENUE,201252548,6/07/12,Fri,1736,JA,CS1C,102A 108A 112A 302B 382B ,,R,D,DO,F ,Y,G,C,50,0,0,0,,,1744691,5428466,-41.28228727,174.7277907
Wellington City,VICTORY CRESCENT,150,N, ,HAMPTON HILL ROAD,201250322,4/02/12,Sat,1050,DA,CS1CV,103A 111A 131A ,M,E,W,O ,L , ,N,N,50,0,0,0,,,1753045,5441255,-41.16560389,174.8242968
Wellington City,WADESTOWN ROAD,20,N, ,SEFTON ST,201253001,24/08/12,Fri,310,EA,CN1C,110A 386A ,M,E,D,DO,F , ,N,L,50,0,0,0,,,1748942,5430253,-41.26542517,174.7780931
Wellington City,WAITOA ROAD,, ,I,ARCUS WAY,201212083,28/06/12,Thu,1820,GE,SW1C,112A 130A 160A 817 818 ,,R,D,DO,F ,X,N,C,50,0,0,1,,29,1750281,5425901,-41.30435987,174.7951447
Wellington City,WAITOA ROAD,30,W, ,WAIPAPA ROAD,201253004,25/08/12,Sat,1355,GC,CE1V,174B 386B ,,R,D,B ,F , ,N,C,50,0,0,0,,,1750307,5425889,-41.30446307,174.7954581
Wellington City,WAKEFIELD ST,20,E, ,CAMBRIDGE TERRACE,201212257,22/06/12,Fri,734,AO,SW14,204A 534A ,,M,D,TF,F , ,N,N,50,0,1,0,,64,1749413,5427169,-41.29310477,174.7844697
Wellington City,WAKEFIELD ST,30,W, ,CAMBRIDGE TERRACE,201211480,29/02/12,Wed,1625,AA,CN1S,176A 330A ,,R,D,O ,F , ,N,C,50,0,0,1,,30,1749370,5427194,-41.29288764,174.7839503
Wellington City,WAKEFIELD ST,30,S, ,TARANAKI ST,201211871,21/04/12,Sat,1657,NB,CN1E,713B 714B 726B ,,R,D,O ,F , ,N,C,50,0,0,1,6,,1749037,5427373,-41.29133758,174.7799312
Wellington City,WAKEFIELD ST,20,W, ,TARANAKI ST,201253302,13/09/12,Thu,900,FD,CW1C,331A 351A ,,R,D,B ,F ,M,T,C,50,0,0,0,,,1748997,5427403,-41.29107487,174.7794464
Wellington City,WAKEFIELD ST,, ,I,TARANAKI ST,201253081,20/08/12,Mon,1050,ND,CW1E,307A 376A ,,R,W,B ,F ,M,T,C,50,0,0,0,,,1749013,5427391,-41.29117995,174.7796403
Wellington City,WAKEFIELD ST,, ,I,TARANAKI ST,201211679,22/04/12,Sun,210,NA,CN1E,105B 713B ,,R,D,DO,F ,M,T,N,50,0,0,1,21,,1749013,5427391,-41.29117995,174.7796403
Wellington City,WAKEFIELD ST,, ,I,TORY ST,201212099,10/07/12,Tue,1856,HA,CW1C,322A 353A ,,E,D,DO,F ,X,T,C,50,0,0,1,,,1749204,5427279,-41.29215306,174.7819478
Wellington City,WAKEFIELD ST,, ,I,TORY ST,201254726,8/12/12,Sat,2314,HA,CW1V,322A 351A ,,R,D,DO,F ,X,T,C,50,0,0,0,,,1749204,5427279,-41.29215306,174.7819478
Wellington City,WALLACE ST,70,S, ,CARRINGTON ST,201254635,15/12/12,Sat,1040,BE,CN1V4,103A 125A 137B 197B ,J,R,D,B ,F , ,N,C,50,0,0,0,,,1748599,5425651,-41.30692226,174.7751231
Wellington City,WALLACE ST,40,N, ,FINLAY TERRACE,201251975,6/06/12,Wed,2230,FC,CN1C,181A 331A 402A 801 ,,R,W,TO,F , ,N,X,50,0,0,0,,,1748583,5426029,-41.30352191,174.7748398
Wellington City,WALLACE ST,, ,I,HARGREAVES ST,201254255,1/11/12,Thu,1420,KA,CN1C,309B ,,R,D,B ,F ,T,G,N,50,0,0,0,,,1748581,5426046,-41.30336922,174.7748117
Wellington City,WALLACE ST,80,W, ,JOHN ST,201254633,28/11/12,Wed,1415,FC,CS1C,110A 331A 378A ,,M,D,B ,F , ,N,X,50,0,0,0,,,1748621,5425593,-41.3074404,174.7754
Wellington City,WALLACE ST,10,S, ,ROLLESTON ST,201252976,16/08/12,Thu,829,FA,CN1C,331A 351A ,,R,D,B ,M ,T,N,P,50,0,0,0,,,1748560,5426128,-41.3026348,174.774541
Wellington City,WALLACE ST,40,S, ,ROLLESTON ST,201253886,28/10/12,Sun,1050,FA,CN1V,181A 359A ,,R,W,B ,F , ,N,C,50,0,0,0,,,1748569,5426100,-41.30288524,174.7746553
Wellington City,WALLACE ST,, ,I,ROLLESTON ST,201250231,1/02/12,Wed,1715,FD,CN1C,331A 354A ,,R,D,O ,F ,T,G,C,50,0,0,0,,,1748557,5426138,-41.30254532,174.7745027
Wellington City,WALLACE ST,, ,I,TASMAN ST,201254459,18/10/12,Thu,1010,JA,CE1C,314A 173B 205B ,,R,D,B ,FS,T,G,L,50,0,0,0,,,1748696,5425620,-41.30718349,174.7762889
Wellington City,WARING TAYLOR ST,50,W, ,FEATHERSTON ST,201254313,20/11/12,Tue,1330,MF,CW1X,371B ,,R,D,B ,F , ,N,N,50,0,0,0,,,1748813,5428399,-41.28214137,174.7770065
Wellington City,WARIPORI ST,20,E, ,RINTOUL ST,201252185,7/07/12,Sat,1310,EA,TW1C,129A 386A 403A ,M,R,D,O ,F ,X,T,L,50,0,0,0,,,1748828,5424325,-41.31881855,174.7781819
Wellington City,WARIPORI ST,100,W, ,RINTOUL ST,201253641,10/10/12,Wed,500,EA,TW1C,129A 386A ,M,R,W,DO,L , ,N,N,50,0,0,0,,,1748708,5424331,-41.31878667,174.7767474
Wellington City,WARIPORI ST,70,W, ,RUSSELL TERRACE,201211367,20/02/12,Mon,1220,BA,CW1T,125A ,M,R,D,B ,F , ,N,C,50,0,0,1,,,1748953,5424318,-41.3188585,174.7796764
Wellington City,WARIPORI ST,, ,I,RUSSELL TERRACE,201254462,1/11/12,Thu,1540,BC,CS2V,103A 124A 402A 517A ,,R,D,B ,F ,T,S,C,50,0,0,0,,,1749023,5424313,-41.31889059,174.7805136
Wellington City,WATERLOO QUAY,70,S, ,AOTEA QUAY,201255001,9/11/12,Fri,845,FD,CS1C,181A 386A ,,R,D,B ,F , ,N,C,70,0,0,0,,,1749635,5429280,-41.27405746,174.7866013
Wellington City,WATERLOO QUAY,60,N, ,BUNNY ST,201253338,31/08/12,Fri,843,FD,CN1CCC,331A 351A ,,R,D,B ,F , ,N,C,50,0,0,0,,,1749140,5428651,-41.27981218,174.7808478
Wellington City,WATERLOO QUAY,150,N, ,BUNNY ST,201251629,12/04/12,Thu,2025,EC,CN1,371A 378A 927 ,X,M,D,DO,F ,D,N,N,50,0,0,0,,,1749195,5428722,-41.27916277,174.7814869
Wellington City,WATERLOO QUAY,200,N, ,BUNNY ST,201211924,24/05/12,Thu,1825,NA,CS1E,712B 713B ,,R,D,DO,F , ,N,R,50,0,0,1,36,,1749226,5428761,-41.27880591,174.7818473
Wellington City,WATERLOO QUAY,, ,I,BUNNY ST,201211534,23/03/12,Fri,1610,HA,CS1S,322A 322B ,,R,D,O ,F ,T,T,N,50,0,0,1,,54,1749102,5428604,-41.28024236,174.7804058
Wellington City,WATERLOO QUAY,90,N, ,CORNWELL ST,201254295,5/11/12,Mon,2131,FD,CN1C,110A 181A ,,R,W,DO,F , ,N,C,50,0,0,0,,,1749636,5429280,-41.27405727,174.7866132
Wellington City,WATERLOO QUAY,10,S, ,CORNWELL ST,201253859,7/08/12,Tue,1810,MO,MN1C,386A 101B 514B ,,R,W,O ,F ,T,N,R,50,0,0,0,,,1749573,5429202,-41.27477121,174.7858805
Wellington City,WATERLOO QUAY,5,N, ,HINEMOA ST,201212765,10/10/12,Wed,1538,AC,TN1C,372A 671A ,,R,D,B ,FS,X,T,C,50,0,0,1,,,1749412,5428998,-41.27663771,174.7840091
Wellington City,WATERLOO QUAY,50,S, ,HINEMOA ST,201254985,12/12/12,Wed,2125,FD,CN1C,181A ,,R,D,DO,F , ,N,R,50,0,0,0,,,1749378,5428955,-41.27703115,174.7836139
Wellington City,WATERLOO QUAY,280,S, ,HINEMOA ST,201251178,30/03/12,Fri,1650,FD,CN1CC,331A 351A 357A ,,R,D,B ,F , ,N,R,50,0,0,0,,,1749236,5428774,-41.27868702,174.7819635
Wellington City,WATERLOO QUAY,, ,A,PLATFORM 9 ENTRY,201212534,31/08/12,Fri,845,NB,CS1E,711B 712B ,,R,D,O ,F , ,N,C,50,0,0,1,31,,1749189,5428714,-41.27923591,174.7814172
Wellington City,WATERLOO QUAY,, ,A,PLATFORM 9 EXIT,201253060,21/08/12,Tue,1636,JA,CN1C,308B 375B 926 ,,R,D,O ,F ,D,N,P,50,0,0,0,,,1749397,5428980,-41.27680255,174.7838345
Wellington City,WATERLOO QUAY,, ,I,WHITMORE ST,201254597,11/12/12,Tue,1320,HA,VN1C,322A 334A 926 ,,R,D,B ,F ,X,T,C,50,0,0,0,,,1748982,5428438,-41.28175908,174.7790141
Wellington City,WAVERTON TERRACE,, ,I,ERLESTOKE CRESCENT,201251441,15/04/12,Sun,232,DB,CS2,101A 131A 402A ,FHJ,M,D,DO,F ,T,N,C,50,0,0,0,,,1750842,5437288,-41.20173363,174.799027
Wellington City,WEBB ST,, ,I,HOPPER ST,201212704,8/10/12,Mon,1600,AD,CE1S,158A 370A ,,R,D,B ,F ,T,G,C,50,0,0,1,,34,1748566,5426632,-41.29809596,174.7744896
Wellington City,WEBB ST,, ,I,HOPPER ST,201251730,21/05/12,Mon,936,NB,VE1EC,130A 195A ,M,R,D,B ,F ,T,G,C,50,0,0,0,,,1748566,5426632,-41.29809596,174.7744896
Wellington City,WEBB ST,, ,I,TARANAKI ST,201253419,23/09/12,Sun,315,JA,4N1C,322A 334A ,,E,D,DO,F ,T,T,C,50,0,0,0,,,1748654,5426592,-41.2984399,174.77555
Wellington City,WEBB ST,, ,I,TARANAKI ST,201211876,2/05/12,Wed,2217,NF,VS2E,711B 718B ,,M,D,DO,F ,T,T,C,50,0,1,0,18,,1748654,5426592,-41.2984399,174.77555
Wellington City,WEBB ST,20,E, ,THOMPSON ST,201250505,16/01/12,Mon,1216,EA,VE1TCV,130A 330A 358A ,M,R,D,B ,F , ,N,C,50,0,0,0,,,1748374,5426718,-41.29735699,174.7721764
Wellington City,WESTCHESTER DRIVE,230,S, ,ABILENE CRESCENT,201211532,29/03/12,Thu,1920,HA,SN1C,112A 204A 330A 929 ,,R,D,TF,F ,D,N,N,50,0,1,0,,12,1750946,5436516,-41.20866493,174.8004574
Wellington City,WESTCHESTER DRIVE,200,E, ,AMESBURY DRIVE,201212101,27/05/12,Sun,1343,EA,CW1C,129A 410A ,M,R,D,O ,F , ,N,C,50,0,0,4,,,1751565,5437223,-41.20218385,174.807662
Wellington City,WESTCHESTER DRIVE,10,W, ,MELKSHAM DRIVE,201253484,29/09/12,Sat,1926,EA,CW1CC,103A 129A ,MM,R,D,DO,F ,T,N,C,50,0,0,0,,,1751584,5437231,-41.20210827,174.8078865
Wellington City,WHAREKAURI ST,50,N, ,AHURIRI ST,201254583,10/10/12,Wed,1705,MO,CN1C,371A 929 ,,E,D,O ,F ,D,N,N,50,0,0,0,,,1751861,5422293,-41.33654763,174.8149104
Wellington City,WHITEHEAD ROAD,100,W, ,CURTIS ST,201253609,30/09/12,Sun,2055,DB,CE1,111A 133A 423A ,EF,M,D,DO,F , ,N,C,50,0,0,0,,,1746813,5428672,-41.28004951,174.7530691
Wellington City,WHITMORE ST,, ,I,FEATHERSTON ST,201254458,10/11/12,Sat,1729,HA,CW1C,322A 351A ,,R,D,O ,F ,X,T,R,50,0,0,0,,,1748924,5428522,-41.28101349,174.7783013
Wellington City,WHITMORE ST,15,N, ,STOUT ST,201212692,9/08/12,Thu,1840,MB,MN14,375B 403B ,,R,W,DO,L ,M,T,C,50,0,0,1,,,1748873,5428598,-41.28033863,174.7776741
Wellington City,WHITMORE ST,20,N, ,STOUT ST,201254523,12/12/12,Wed,700,AC,CN1C,386A ,,R,D,B ,F ,X,S,C,50,0,0,0,,,1748871,5428602,-41.28030298,174.7776492
Wellington City,WHITMORE ST,20,N, ,STOUT ST,201254971,6/12/12,Thu,2130,MC,MN1X,372B ,,R,D,DO,F , ,N,C,50,0,0,0,,,1748871,5428602,-41.28030298,174.7776492
Wellington City,WIGAN ST,90,N, ,ABEL SMITH ST,201254980,3/11/12,Sat,2245,EA,CE1C,386A ,M,R,W,DO,F , ,N,N,50,0,0,0,,,1748638,5426858,-41.29604793,174.775294
Wellington City,WILLESTON ST,50,W, ,JERVOIS QUAY,201254630,28/11/12,Wed,2128,EA,CW1CC,103A 129A ,M,R,D,DO,F , ,N,C,50,0,0,0,,,1748853,5427871,-41.28688782,174.777613
Wellington City,WILLESTON ST,, ,I,JERVOIS QUAY,201254986,30/12/12,Sun,945,LB,CN1C,303B ,,R,D,B ,F ,T,T,C,50,0,0,0,,,1748899,5427851,-41.28705941,174.778167
Wellington City,WILLESTON ST,5,E, ,VICTORIA ST,201254315,22/11/12,Thu,1712,MG,XE1C,386B ,Q,R,D,B ,F ,T,N,C,50,0,0,0,,,1748813,5427888,-41.28674214,174.7771314
Wellington City,WILLIS ST,10,S, ,ARO ST,201211366,7/03/12,Wed,345,CC,VN1CC,130A 412A ,M,R,D,DO,F ,X,N,C,50,0,0,1,,,1748249,5426830,-41.29637157,174.7706568
Wellington City,WILLIS ST,, ,I,ARO ST,201212036,6/06/12,Wed,1320,NB,CN1E,112A 306A 402A ,,R,W,O ,L ,T,G,X,50,0,0,1,22,,1748250,5426840,-41.29628135,174.7706663
Wellington City,WILLIS ST,, ,I,ARO ST,201252547,7/07/12,Sat,2324,MG,XN1C,103B 371B 801 927 ,,R,W,DO,L ,T,G,C,50,0,0,0,,,1748250,5426840,-41.29628135,174.7706663
Wellington City,WILLIS ST,, ,I,BOND ST,201211535,26/03/12,Mon,1400,JA,BS1S,302B 330B ,,R,D,B ,F ,T,N,L,30,0,1,0,,67,1748634,5427684,-41.28861182,174.7750446
Wellington City,WILLIS ST,, ,I,CHEWS LANE,201212041,7/06/12,Thu,2025,PA,BN1E,330A 386A 817 818 ,,R,D,DO,F ,T,N,L,30,0,0,1,70,,1748693,5427817,-41.28740349,174.7757164
Wellington City,WILLIS ST,40,S, ,ELLERS AVENUE,201250858,14/03/12,Wed,1630,EE,BS1V,129A 374B ,Q,R,D,O ,F , ,N,C,50,0,0,0,,,1748556,5427518,-41.29012075,174.774154
Wellington City,WILLIS ST,, ,I,LAMBTON QUAY,201254987,30/12/12,Sun,1045,FE,MN1X,181A ,,R,D,B ,F ,X,T,C,30,0,0,0,,,1748740,5427923,-41.28644047,174.7762515
Wellington City,WILLIS ST,80,S, ,MANNERS ST,201212239,3/04/12,Tue,2116,PF,XN1X,374B ,,R,D,DO,FS, ,N,C,50,0,1,0,,,1748570,5427550,-41.28983006,174.7743133
Wellington City,WILLIS ST,80,N, ,MERCER ST,201254449,4/11/12,Sun,1630,MO,CS1X,330B 371B ,,R,D,B ,F , ,N,L,30,0,0,0,,,1748685,5427800,-41.28755802,174.775625
Wellington City,WILLIS ST,10,S, ,MERCER ST,201212285,19/07/12,Thu,1303,NA,BS1E,370A 711B 718B 818 ,,R,D,O ,F ,T,T,C,50,0,1,0,54,,1748649,5427718,-41.28830294,174.7752153
Wellington City,WILLIS ST,25,S, ,MERCER ST,201211379,24/02/12,Fri,1720,NA,CN1E,711B 712B ,,R,D,B ,F ,T,N,C,50,0,1,0,57,,1748643,5427704,-41.28843009,174.7751471
Wellington City,WILTON ROAD,90,W, ,WARWICK ST,201212280,30/07/12,Mon,1748,AD,4E1S,150A 197A ,,M,D,DO,F , ,N,C,50,0,1,0,,54,1747311,5430037,-41.26766896,174.758683
Wellington City,WILTON ROAD,, ,I,WORCESTER ST,201251181,30/03/12,Fri,730,DA,CN1,111A 131A 412A ,K,E,D,O ,F ,T,G,C,50,0,0,0,,,1747047,5429343,-41.27396554,174.7557001
Wellington City,WOODMAN DRIVE,, ,I,WILMSHURST PLACE,201252027,13/06/12,Wed,1257,MC,4S1C,330B 372B ,,E,D,B ,F ,T,N,C,50,0,0,0,,,1754453,5441358,-41.16440955,174.8410459
Wellington City,Z BP SERVICE STATION,, ,A,SERVICE STN NTH,201252546,15/07/12,Sun,936,CB,CN1,103A 133A 351A 801 901 922 ,G,R,W,O ,H ,D,N,R,100,0,0,0,,,1754182,5433919,-41.23143653,174.8396923
Wellington City,Z CPK BRACKEN ROAD,25,S, ,OSWALD CRESCENT,201211681,17/03/12,Sat,2230,MO,CS1EE,103A 130A 357A ,FH,R,D,DO,F , ,N,C,50,0,0,2,33,,1752820,5435026,-41.22172831,174.8231719