TLA NAME,CRASH ROAD,CRASH DIST,CRASH DIRN,INTSN,SIDE ROAD,CRASH ID,CRASH DATE,CRASH DOW,CRASH TIME,MVMT,VEHICLES,CAUSES,OBJECTS STRUCK,ROAD CURVE,ROAD WET,LIGHT,WTHRa,JUNC TYPE,TRAF CTRL,ROAD MARK,SPD LIM,CRASH FATAL CNT,CRASH SEV CNT,CRASH MIN CNT,PERS AGE1,PERS AGE2,EASTING,NORTHING,latitude,longitude
Wellington City,Z CPK COUNTDOWN,80,N, ,BRODERICK ROAD,201212501,3/08/12,Fri,2010,MO,CS1E,110A 376A 724B 925 ,,M,W,DO,H ,D,N,N,50,0,0,1,55,,1751495,5434836,-41.22368811,174.8074191
Wellington City,Z CPK HILL STREET,25,W, ,ECCLESTON HILL,201254982,20/11/12,Tue,1245,MO,CW1C,110A 925 ,,R,W,O ,F , ,N,N,50,0,0,0,,,1748784,5429014,-41.27660959,174.7765102
Wellington City,Z CPK N/W RIDDIFORD ST,30,S, ,NEWTOWN AVENUE,201254129,15/11/12,Thu,1600,MO,CE1C,386A ,M,R,W,B ,F , ,N,N,50,0,0,0,,,1748996,5424811,-41.31441189,174.7800692
Wellington City,Z CPK N/W WAKEFIELD ST,20,W, ,CAMBRIDGE TERRACE,201212558,30/07/12,Mon,1457,NA,XW1E,110A 376A 926 ,,M,W,O ,F ,D,N,N,5,0,0,1,20,,1749376,5427202,-41.29281451,174.78402
Wellington City,Z CPK REST HOME,100,E, ,ONEPU ROAD,201213133,28/10/12,Sun,1718,MO,CN1E,371A 730B ,,R,D,O ,F , ,N,N,50,0,0,1,72,,1750373,5424108,-41.32048567,174.7966865
Wellington City,Z DVWY HUTT ROAD,30,N, ,WESTMINSTER ST,201253631,28/09/12,Fri,930,MO,CS1C,371A 371B 927 ,,R,D,B ,F ,D,N,C,50,0,0,0,,,1750021,5430905,-41.25935532,174.7908079
Wellington City,Z DWY NW MOLESWORTH ST,80,N, ,HAWKESTONE ST,201211874,12/04/12,Thu,1905,PC,CW1E,311A 353A 925 ,,R,D,DO,F ,D,N,C,50,0,1,0,29,,1748905,5429236,-41.27458852,174.7779001
Wellington City,Z FCT SHELL& MCDONALDS,40,N, ,TARANAKI ST,201212795,15/09/12,Sat,1348,MO,CW1E,371A 414A 922 ,,R,D,B ,F , ,N,N,50,0,0,1,55,,1749018,5427397,-41.29112501,174.7796986
Wellington City,1N/1050/6.214,3400,N, ,TAWA ON NBD,201252949,21/07/12,Sat,630,CB,CN1,130A 414A ,ST,R,D,O ,F , ,N,N,100,0,0,0,,,1754364,5442512,-41.15403665,174.839695
Wellington City,1N/1050/6.588,2200,S, ,MUNGAVIN OBR,201252033,1/05/12,Tue,711,FD,CS1VCC,181A 331A 181C 331C 181D 331D ,,R,W,TN,F , ,N,C,100,0,0,0,,,1754237,5442163,-41.15720298,174.8382699
Wellington City,1N/1050/6.788,2400,S, ,MUNGAVIN OBR,201252030,1/05/12,Tue,711,FA,CS1C,181A 331A 800 ,,R,W,TN,F , ,N,C,100,0,0,0,,,1754149,5441984,-41.15883131,174.8372667
Wellington City,1N/1050/6.813,, ,A,COLLINS OBR,201212035,17/06/12,Sun,1156,CB,CS1,130A 357A 402A ,C,R,D,O ,F , ,N,C,100,0,0,1,,,1754139,5441960,-41.15904929,174.8371536
Wellington City,1N/1050/7.544,2070,N, ,TAWA ON NBD,201253736,17/10/12,Wed,1529,CC,CN1,135A 341A 903 ,D,R,D,O ,FS, ,N,C,100,0,0,0,,,1753838,5441293,-41.16511168,174.8337352
Wellington City,1N/1050/7.589,160,S, ,PED SUBWAY,201252895,2/08/12,Thu,811,FD,CS1C,331A 352A ,,R,D,O ,F , ,N,C,100,0,0,0,,,1753834,5441247,-41.1655266,174.8336991
Wellington City,1N/1050/8.614,1000,N, ,TAWA ON NBD,201212149,18/06/12,Mon,1649,FD,CN1CCC,131A 181A ,,R,W,DN,L , ,N,C,100,0,0,4,,,1753549,5440268,-41.17439492,174.830549
Wellington City,1N/1050/9.581,50,N, ,TAWA OFF SBD,201252295,28/06/12,Thu,738,AA,4N1C,181A 386A ,,E,D,O ,F , ,N,C,100,0,0,0,,,1753499,5439353,-41.18264246,174.8301825
Wellington City,1N/1050/9.614,, ,I,TAWA ON NBD,201211146,1/02/12,Wed,650,AD,CN1,103A 108A 130A 150A ,P,E,D,TF,F ,T,G,C,100,0,0,1,,,1753501,5439327,-41.18287616,174.8302129
Wellington City,1N/1050/9.681,50,S, ,TAWA OFF SBD,201250916,24/03/12,Sat,1457,AA,4S1C,352A 372A 333B 352B 402B ,,E,D,B ,F , ,N,C,100,0,0,0,,,1753561,5439275,-41.18333297,174.830941
Wellington City,1N/1050/9.761,200,N, ,TAKAPU RD UPASS NBD,201250759,24/02/12,Fri,1644,AA,CN1C,177A 330A 372A ,G,E,D,B ,F , ,N,C,100,0,0,0,,,1753593,5439213,-41.18388511,174.8313379
Wellington City,1N/1060/0.183,170,S, ,TAKAPU RD UPASS NBD,201250660,7/03/12,Wed,1325,CB,CN1,130A 504A ,G,R,D,B ,F , ,N,C,100,0,0,0,,,1753642,5438863,-41.18702699,174.8320097
Wellington City,1N/1060/0.247,560,S, ,TAWA OFF SBD,201212901,3/11/12,Sat,1506,DB,CN1,111A 136A 632A 801 ,CG,M,W,O ,F , ,N,C,100,0,0,1,,,1753639,5438801,-41.18758576,174.8319895
Wellington City,1N/1060/0.814,800,S, ,TAKAPU RD UPASS SBD,201212868,29/10/12,Mon,1859,CC,CS1,103A 137A 407A ,G,R,D,B ,F , ,N,C,100,0,0,1,,,1753509,5438251,-41.19256224,174.8305781
Wellington City,1N/1060/0.919,600,S, ,TAWA OFF NBD,201252967,12/08/12,Sun,2015,DA,CN1,111A 135A 801 ,C,M,W,DN,L , ,N,C,100,0,0,0,,,1753455,5438153,-41.1934548,174.8299591
Wellington City,1N/1060/1.11,1290,N, ,WESTCHESTER DRIVE OBR SBD,201250763,19/03/12,Mon,1510,DA,CS1,131A 330A 407A 801 ,FGT,E,W,O ,L , ,N,C,100,0,0,0,,,1753343,5438018,-41.19469146,174.828658
Wellington City,1N/1060/1.275,760,N, ,CHURTON PARK OFF SBD,201252357,5/07/12,Thu,720,FD,CS1C,181A 331A ,,R,W,O ,F , ,N,N,100,0,0,0,,,1753203,5437929,-41.19551925,174.8270115
Wellington City,1N/1060/1.625,410,N, ,CHURTON PARK OFF SBD,201210023,30/03/12,Fri,2041,BF,VN1C,101A 205A 532A 106B ,,E,D,DN,F , , ,C,100,2,0,1,,,1752998,5437650,-41.19806994,174.8246378
Wellington City,1N/1060/2.085,50,S, ,CHURTON PARK OFF SBD,201211304,29/02/12,Wed,807,AC,4S1M,330A 372A ,,R,D,B ,F , ,N,N,100,0,0,1,,,1752853,5437216,-41.20200477,174.8230178
Wellington City,1N/1060/2.085,50,S, ,CHURTON PARK OFF SBD,201212093,28/06/12,Thu,729,FD,TS14C,181A 427A ,,R,D,O ,F , ,N,C,100,0,0,1,,,1752853,5437216,-41.20200477,174.8230178
Wellington City,1N/1060/2.373,25,N, ,WESTCHESTER DRIVE OBR NBD,201211567,7/04/12,Sat,818,CC,CN1,130A 195A 330A ,GW,R,D,B ,F , ,N,C,100,0,0,1,,,1752688,5436972,-41.20423272,174.8211118
Wellington City,1N/1060/2.535,500,S, ,CHURTON PARK OFF SBD,201251632,15/05/12,Tue,707,FA,CS1C,130A 181A 331A ,,R,W,O ,L , ,N,C,100,0,0,0,,,1752580,5436871,-41.20516242,174.8198495
Wellington City,1N/1060/2.849,, ,I,CHURTON PARK ON SBD,201250056,21/01/12,Sat,1940,DB,CS2,129A 353A 402A ,P,M,D,B ,F ,Y,N,C,100,0,0,0,,,1752380,5436635,-41.20732488,174.817524
Wellington City,1N/1060/2.889,40,S, ,CHURTON PARK ON SBD,201212046,5/06/12,Tue,755,AC,CS1M,177A 330A 197B ,,R,D,O ,F , ,N,N,50,0,0,1,,,1752363,5436599,-41.2076522,174.8173303
Wellington City,1N/1060/2.899,50,S, ,CHURTON PARK ON SBD,201254730,29/11/12,Thu,800,FD,CS1C,331A 411A 191B ,,R,D,O ,F , ,N,C,100,0,0,0,,,1752358,5436590,-41.20773418,174.817273
Wellington City,1N/1060/2.9,500,S, ,WESTCHESTER DRIVE OBR SBD,201254823,21/11/12,Wed,740,FD,CS1V,112A 181A 331A ,,R,D,B ,F , ,N,C,100,0,0,0,,,1752358,5436590,-41.20773418,174.817273
Wellington City,1N/1060/3.23,1000,N, ,JOHNSONVILLE OFF SBD,201213165,19/12/12,Wed,1400,FD,CS1CC,111A 181A 191C ,,E,D,B ,F , ,N,C,100,0,0,3,,,1752220,5436290,-41.21046115,174.8157024
Wellington City,1N/1060/3.649,800,S, ,CHURTON PARK ON SBD,201253426,17/09/12,Mon,850,AC,CS1M,372A 381A ,,R,W,O ,H , ,N,C,100,0,0,0,,,1752046,5435908,-41.21393314,174.813723
Wellington City,1N/1060/4.03,200,N, ,JOHNSONVILLE OFF SBD,201253000,22/08/12,Wed,804,CA,CS1MC,129A 358A 132B 151B ,,R,D,O ,F , ,N,C,100,0,0,0,,,1751881,5435565,-41.21705228,174.8118409
Wellington City,1N/1060/4.056,500,N, ,HELSTON OBR,201254098,31/10/12,Wed,838,FD,VS1CCV,181A 351A ,,R,D,B ,F , ,N,C,100,0,0,0,,,1751869,5435542,-41.21726161,174.8117035
Wellington City,1N/1060/4.13,100,N, ,JOHNSONVILLE ON NBD,201254505,7/11/12,Wed,1718,FD,CN1CCC,181A 330A ,,E,D,B ,F , ,N,N,80,0,0,0,,,1751820,5435476,-41.21786503,174.8111357
Wellington City,1N/1060/4.33,100,S, ,JOHNSONVILLE OFF SBD,201251290,11/04/12,Wed,1653,CA,CS1,130A 330A ,G,R,D,O ,F , ,N,C,100,0,0,0,,,1751748,5435296,-41.21949914,174.8103218
Wellington City,1N/1060/4.33,100,S, ,JOHNSONVILLE ON NBD,201252471,20/07/12,Fri,1640,CB,CN1,110A 130A ,KT,R,D,TO,F , ,N,N,100,0,0,0,,,1751735,5435295,-41.21951058,174.8101671
Wellington City,1N/1060/4.499,50,N, ,HELSTON OBR,201254103,8/11/12,Thu,2035,FD,CN14,112A 132A 181A ,,R,D,DN,F , ,N,C,100,0,0,0,,,1751663,5435142,-41.2209016,174.8093465
Wellington City,1N/1060/4.596,40,S, ,HELSTON OBR,201252366,2/07/12,Mon,2129,AF,TS1C,150A 671A 810 ,,E,D,DO,F , ,N,R,100,0,0,0,,,1751643,5435052,-41.22171565,174.8091304
Wellington City,1N/1060/4.616,60,S, ,HELSTON OBR,201252754,30/07/12,Mon,1420,DB,CS1,136A 631A ,G,E,W,O ,L , ,N,C,100,0,0,0,,,1751640,5435033,-41.22188728,174.8090993
Wellington City,1N/1060/4.636,80,S, ,HELSTON OBR,201213049,23/11/12,Fri,2237,DB,CS1C,111A 431A ,,E,D,DO,F , ,N,C,100,0,1,0,,,1751637,5435013,-41.22206791,174.8090685
Wellington City,1N/1060/4.939,300,N, ,JVILLE OBR,201211568,28/02/12,Tue,2000,FA,MN1C,137A 372A 402A ,,E,D,TN,F , ,N,C,80,0,0,1,,,1751607,5434709,-41.22481056,174.8087862
Wellington City,1N/1060/4.939,300,N, ,JVILLE OBR,201254411,5/11/12,Mon,2155,FD,CN1CCC,112A 331A ,,R,W,DO,F , ,N,C,80,0,0,0,,,1751607,5434709,-41.22481056,174.8087862
Wellington City,1N/1060/5.029,210,N, ,JVILLE OBR,201211474,29/03/12,Thu,1650,FD,CN1CC,181A 331A ,,R,D,B ,F , ,N,R,80,0,0,1,,,1751579,5434624,-41.22558109,174.8084734
Wellington City,1N/1060/5.295,100,N, ,NEWLANDS OFF SBD,201250891,11/02/12,Sat,105,DB,CS1,111A 135A 412A 801 ,C,M,W,DO,L , ,N,C,100,0,0,0,,,1751559,5434367,-41.22789871,174.8082987
Wellington City,1N/1060/5.345,50,N, ,NEWLANDS OFF SBD,201252670,5/07/12,Thu,229,DA,CS1,103A 111A 402A 801 ,P,E,W,DO,F , ,N,C,80,0,0,0,,,1751580,5434322,-41.22829993,174.8085603
Wellington City,1N/1060/5.345,50,N, ,NEWLANDS OFF SBD,201211641,16/03/12,Fri,932,FD,VS1CC4,181A 330A 111B 181B ,,E,D,O ,F , ,N,C,80,0,0,2,,,1751580,5434322,-41.22829993,174.8085603
Wellington City,1N/1060/5.355,40,N, ,NEWLANDS OFF SBD,201212522,1/09/12,Sat,345,CB,CS1,130A ,P,R,D,TO,F , ,N,C,80,0,2,0,,,1751585,5434314,-41.22837102,174.8086219
Wellington City,1N/1060/5.395,, ,I,NEWLANDS OFF SBD,201212205,25/05/12,Fri,1753,CA,CS1,130A 504A ,G,R,D,DO,F ,T,N,C,80,0,0,1,,,1751604,5434279,-41.22868258,174.8088572
Wellington City,1N/1060/5.415,20,S, ,NEWLANDS OFF SBD,201211497,7/02/12,Tue,1215,DA,CS1,111A 135A 505A 801 901 ,G,M,W,O ,HS, ,N,C,80,0,0,1,,,1751615,5434262,-41.22883357,174.8089926
Wellington City,1N/1060/5.825,50,S, ,NEWLANDS OBR NBD,201211984,5/06/12,Tue,1820,FD,CN14C,112A 181A 331A 402A 800 ,,R,W,DO,L , ,N,R,80,0,0,1,,,1751618,5433891,-41.23217326,174.8091204
Wellington City,1N/1060/5.977,90,S, ,NEWLANDS ON NBD,201254003,22/10/12,Mon,2244,MC,CN1C,103B 372B ,,R,D,DO,F , ,N,C,80,0,0,0,,,1751520,5433774,-41.23324502,174.8079807
Wellington City,1N/1060/6.2,200,S, ,NEWLANDS ON SBD,201252869,9/08/12,Thu,1547,CC,CS1,801,G,R,W,O ,F , ,N,C,80,0,0,0,,,1751396,5433605,-41.23478981,174.8065437
Wellington City,1N/1060/6.202,40,N, ,NEWLANDS OFF NBD,201211489,30/03/12,Fri,1802,FA,CN1C,181A 331A 352A ,,R,D,B ,F , ,N,R,80,0,0,1,,,1751376,5433601,-41.23482957,174.8063061
Wellington City,1N/1060/6.476,140,N, ,STOCK ROUTE,201254116,7/11/12,Wed,1324,FD,CN1CC,181A 331A ,,E,D,B ,F , ,N,C,80,0,0,0,,,1751280,5433351,-41.23709838,174.8052231
Wellington City,1N/1060/6.666,50,S, ,STOCK ROUTE,201254546,23/12/12,Sun,1245,FA,CN1C,181A 136B 652B ,,E,D,B ,F , ,N,C,80,0,0,0,,,1751339,5433174,-41.23868094,174.8059707
Wellington City,1N/1060/6.716,100,S, ,ABATTOIRS,201250297,10/02/12,Fri,1604,FF,4W1C,181A 195A 331A 191B 195B 914 ,W,E,D,B ,F , ,N,C,80,0,0,0,,,1751373,5433137,-41.2390077,174.8063854
Wellington City,1N/1060/6.716,100,S, ,STOCK ROUTE,201251972,18/06/12,Mon,1330,FA,CN1T,111A 331A 386A ,,E,D,O ,L , ,N,C,80,0,0,0,,,1751373,5433137,-41.2390077,174.8063854
Wellington City,1N/1060/6.91,910,S, ,NEWLANDS ON SBD,201251739,2/06/12,Sat,750,FD,CS1C,181A 331A 904 ,,R,W,O ,M , ,N,C,100,0,0,0,,,1751538,5433020,-41.24003019,174.8083825
Wellington City,1N/1060/6.98,980,S, ,NEWLANDS ON SBD,201251974,2/06/12,Sat,455,CA,TS1,130A 631A ,G,R,D,DO,F , ,N,C,80,0,0,0,,,1751584,5432966,-41.24050775,174.8089446
Wellington City,1N/1060/7.016,200,N, ,TYERS ROAD,201252080,19/06/12,Tue,1750,FD,CN1C,181A 197A 331A ,,E,W,DN,L , ,N,C,80,0,0,0,,,1751590,5432934,-41.24079474,174.8090241
Wellington City,1N/1060/7.126,90,N, ,TYERS ROAD,201254739,18/12/12,Tue,1305,CB,TN1,129A 350A ,C,R,W,O ,L , ,N,C,80,0,0,0,,,1751658,5432848,-41.24155627,174.8098566
Wellington City,1N/1060/7.161,200,N, ,GLOVER ST,201250511,1/03/12,Thu,800,FA,VS1C,130A 181A 331A 191B 801 901 ,,R,W,O ,H , ,N,C,80,0,0,0,,,1751682,5432823,-41.24177686,174.8101491
Wellington City,1N/1060/7.176,40,N, ,TYERS ROAD,201252972,11/08/12,Sat,1548,AA,CN1C,197A 151B ,,E,D,O ,F , ,N,C,80,0,0,0,,,1751695,5432814,-41.24185545,174.8103064
Wellington City,1N/1060/7.296,80,E, ,TYERS ROAD,201251868,21/05/12,Mon,1329,AC,TW1C,372A 671A ,,E,D,B ,F , ,N,C,80,0,0,0,,,1751802,5432760,-41.24232155,174.8115961
Wellington City,1N/1060/7.628,320,S, ,NIMT OBR,201252228,16/06/12,Sat,1325,DA,CS1,111A 131A 402A ,G,M,W,O ,F , ,N,N,100,0,0,0,,,1752036,5432531,-41.24433935,174.8144444
Wellington City,1N/1060/7.861,500,S, ,CENTENNIAL NBD,201253635,27/09/12,Thu,1035,AC,CN1C,159A ,,R,D,O ,F , ,N,C,100,0,0,0,,,1752036,5432302,-41.24640111,174.8145014
Wellington City,1N/1068/0.2,440,S, ,NGAURANGA ON NBD OBR,201251628,14/05/12,Mon,1312,AA,CN1C,330A 372A ,,R,W,O ,F , ,N,C,100,0,0,0,,,1751613,5431898,-41.2501179,174.8095559
Wellington City,1N/1068/0.26,500,S, ,NGAURANGA ON NBD OBR,201254258,9/11/12,Fri,2359,MG,CN1C,357B 512B ,,R,D,DO,F , ,N,R,100,0,0,0,,,1751563,5431863,-41.25044239,174.8089681
Wellington City,1N/1068/0.26,500,S, ,NGAURANGA ON NBD OBR,201254589,9/12/12,Sun,2033,CA,4N1B,137A 331A 359A ,G,R,D,TO,F , ,N,C,100,0,0,0,,,1751563,5431863,-41.25044239,174.8089681
Wellington City,1N/1068/0.56,800,S, ,NGAURANGA ON NBD OBR,201252449,11/07/12,Wed,1740,FD,VN1C4,181A 331A 352A ,,E,D,DO,F , ,N,C,100,0,0,0,,,1751338,5431667,-41.2522492,174.8063325
Wellington City,1N/1068/1.009,1500,N, ,AOTEA ON NBD,201252189,29/06/12,Fri,2100,AC,CN1C,159A 372A ,G,R,D,DO,F , ,N,C,100,0,0,0,,,1750986,5431395,-41.25476395,174.8022004
Wellington City,1N/1068/1.049,1460,N, ,AOTEA ON NBD,201250663,27/02/12,Mon,1700,QG,CE1CCC,330A 682A 191B 181C 191C 331C 181D +,,R,D,B ,F , ,N,R,100,0,0,0,,,1750950,5431379,-41.25491473,174.8017749
Wellington City,1N/1068/1.234,1600,N, ,AOTEA OFF SBD,201253921,19/10/12,Fri,1258,AC,CS1C,159A 386A ,G,R,D,O ,F , ,N,R,100,0,0,0,,,1750786,5431307,-41.25559358,174.7998361
Wellington City,1N/1068/1.279,1230,N, ,AOTEA ON NBD,201251285,13/04/12,Fri,1456,BE,CN1T,130A 337A 501A ,,R,D,B ,F , ,N,R,100,0,0,0,,,1750733,5431303,-41.25563948,174.7992047
Wellington City,1N/1068/1.379,1130,N, ,AOTEA ON NBD,201254448,3/11/12,Sat,1552,FA,CN1CV,130A 181A 331A 191B 136C 402C 800 ,G,E,W,O ,LS, ,N,C,100,0,0,0,,,1750644,5431258,-41.25606123,174.798154
Wellington City,1N/1068/1.519,990,N, ,AOTEA ON NBD,201254454,1/11/12,Thu,2027,CC,CN1,130A 358A ,G,R,D,DO,FS, ,N,C,100,0,0,0,,,1750520,5431192,-41.25667855,174.7966909
Wellington City,1N/1068/1.96,2200,S, ,NGAURANGA ON NBD OBR,201254452,25/11/12,Sun,1425,CB,CN1C,130A 402A 412A ,,R,D,B ,F , ,N,R,100,0,0,0,,,1750177,5430920,-41.25919129,174.7926655
Wellington City,1N/1068/2.084,750,N, ,AOTEA OFF SBD,201253126,28/08/12,Tue,728,FB,XS1C,181A 331A 191B 423B ,,R,W,O ,F , ,N,C,100,0,0,0,,,1750112,5430809,-41.26020275,174.7919173
Wellington City,1N/1068/2.309,200,N, ,AOTEA ON NBD,201253841,5/10/12,Fri,1240,FD,VN1C,110A 181A 190B ,,E,D,O ,FS, ,N,R,100,0,0,0,,,1749952,5430655,-41.26161898,174.7900461
Wellington City,1N/1068/2.315,650,N, ,AOTEA OBR,201250758,21/03/12,Wed,705,FA,CS1C,181A 331A ,,R,W,DO,L , ,N,C,80,0,0,0,,,1749957,5430642,-41.2617351,174.790109
Wellington City,1N/1068/2.389,120,N, ,AOTEA ON NBD,201250863,14/03/12,Wed,1749,FD,CN1C,331A 350A ,,E,D,O ,FS, ,N,C,100,0,0,0,,,1749884,5430614,-41.26200073,174.7892449
Wellington City,1N/1068/2.479,30,N, ,AOTEA ON NBD,201250234,25/01/12,Wed,1814,FD,4N1C,181A 331A ,,E,D,B ,F , ,N,C,100,0,0,0,,,1749807,5430566,-41.26244718,174.7883379
Wellington City,1N/1068/2.509,, ,I,AOTEA ON NBD,201252451,16/07/12,Mon,735,FD,CN1CCC,181A 331A 181B 331B 901 ,,R,W,O ,H ,T,N,N,70,0,0,0,,,1749782,5430550,-41.26259587,174.7880435
Wellington City,1N/1068/2.634,200,N, ,AOTEA OFF SBD,201212628,24/09/12,Mon,713,FD,MS1VVC,112A 181A 112B 181B ,,R,D,B ,F , ,N,R,100,0,0,1,,,1749711,5430443,-41.26357239,174.7872226
Wellington City,1N/1068/2.634,200,N, ,AOTEA OFF SBD,201212342,24/07/12,Tue,858,FD,TS1VC,110A 181A 331A 801 ,,R,W,O ,L , ,N,C,100,0,0,1,,,1749711,5430443,-41.26357239,174.7872226
Wellington City,1N/1068/2.709,200,S, ,AOTEA ON NBD,201251439,2/05/12,Wed,1835,AA,4N1C,177A 330A ,G,R,W,DO,L , ,N,C,100,0,0,0,,,1749657,5430394,-41.26402357,174.7865903
Wellington City,1N/1068/2.809,300,S, ,AOTEA ON NBD,201250914,8/03/12,Thu,2150,FD,CN1V,181A 339A 414A 191B 339B ,,R,D,DO,F , ,N,C,100,0,0,0,,,1749598,5430314,-41.26475477,174.7859059
Wellington City,1N/1068/2.854,20,S, ,AOTEA OFF SBD,201251226,8/04/12,Sun,1015,AC,CS1C,178A 381A 137B ,G,E,D,B ,F , ,N,C,100,0,0,0,,,1749579,5430267,-41.26518145,174.7856907
Wellington City,1N/1068/3.064,230,S, ,AOTEA OFF SBD,201252034,29/05/12,Tue,930,CB,CS1,135A 905 ,G,R,I,O ,SF, ,N,C,100,0,0,0,,,1749442,5430109,-41.26662934,174.7840947
Wellington City,1N/1068/3.146,500,N, ,HOBSON ST OBR NBD,201252671,19/07/12,Thu,1748,FA,4N1C4,181A 331A 191B 191C ,G,R,D,DO,F , ,N,N,100,0,0,0,,,1749380,5430057,-41.26710899,174.7833676
Wellington City,1N/1068/3.334,500,S, ,AOTEA OFF SBD,201212288,24/07/12,Tue,1845,QG,VS1CVC,682A 137B 198B 901 903 ,D,R,W,DO,HS, ,N,C,100,0,0,2,,,1749278,5429894,-41.2685954,174.7821904
Wellington City,1N/1068/3.334,500,S, ,AOTEA OFF SBD,201251635,9/05/12,Wed,1718,FF,CS1C,112A 181A 331A 801 ,G,R,W,DO,L , ,N,C,100,0,0,0,,,1749278,5429894,-41.2685954,174.7821904
Wellington City,1N/1068/3.45,250,N, ,MAY ON NBD,201211365,13/01/12,Fri,1721,CC,CN1V,130A 501A ,G,R,D,B ,F , ,N,C,100,0,0,1,,,1749200,5429812,-41.26934809,174.7812797
Wellington City,1N/1068/3.546,100,N, ,HOBSON ST OBR NBD,201251872,29/05/12,Tue,920,DB,VN1,135A 802 803 823 ,G,E,I,O ,HF, ,N,C,100,0,0,0,,,1749140,5429737,-41.27003443,174.780582
Wellington City,1N/1068/3.65,50,N, ,MAY ON NBD,201251169,12/03/12,Mon,1724,DB,CN1V,130A 181A 402A ,,E,D,B ,F , ,N,R,100,0,0,0,,,1749060,5429671,-41.27064343,174.7796435
Wellington City,1N/1068/3.65,50,N, ,MAY ON NBD,201252753,30/07/12,Mon,1834,FA,CN1C,111A 181A 191B 801 ,,E,W,O ,F , ,N,C,100,0,0,0,,,1749060,5429671,-41.27064343,174.7796435
Wellington City,1N/1068/3.85,200,S, ,HOBSON ST OBR SBD,201212426,15/07/12,Sun,730,CB,CS1,103A 129A 801 ,GP,R,W,DO,L , ,N,C,100,0,0,1,,,1748920,5429529,-41.27194774,174.7780075
Wellington City,1N/1068/3.942,, ,I,HAWKESTONE OFF SBD,201251185,14/01/12,Sat,213,CB,CS1,103A 131A ,JP,R,D,DO,F ,T,N,C,100,0,0,0,,,1748857,5429461,-41.27257159,174.7772722
Wellington City,1N/1068/3.942,, ,I,HAWKESTONE OFF SBD,201251186,14/01/12,Sat,214,EC,CS1,341A 830 ,X,R,D,DO,F ,T,N,C,100,0,0,0,,,1748857,5429461,-41.27257159,174.7772722
Wellington City,1N/1068/4.497,50,N, ,HAWKESTONE ON SBD,201254242,2/11/12,Fri,1417,CA,4S1,668A ,,R,D,O ,F , ,N,N,100,0,0,0,,,1748530,5429022,-41.27658431,174.7734768
Wellington City,1N/1068/4.651,200,N, ,TINAKORI OFF NBD,201252550,30/05/12,Wed,1727,FD,CN14CC,112A 331A 353A ,,R,D,O ,F , ,N,C,100,0,0,0,,,1748504,5428882,-41.27784958,174.7732007
Wellington City,1N/1068/4.717,170,S, ,HAWKESTONE ON SBD,201251637,22/03/12,Thu,1812,FD,4S1C,110A 181A 331A ,,E,D,O ,FS, ,N,C,100,0,0,0,,,1748525,5428802,-41.278566,174.7734708
Wellington City,1N/1068/4.851,, ,I,TINAKORI OFF NBD,201252142,27/05/12,Sun,1840,AC,CN1C,177A 355A 402A ,G,E,D,DO,F ,Y,N,C,100,0,0,0,,,1748513,5428682,-41.27964862,174.7733568
Wellington City,1N/1068/5.233,60,S, ,CLIFTON ON NBD,201213280,21/12/12,Fri,810,FD,CS1CC,110A 181A 331A ,,R,D,B ,F , ,N,C,80,0,1,0,,,1748536,5428302,-41.28306571,174.773724
Wellington City,1N/1068/5.456,250,N, ,NORTH PORTAL SBD,201213275,20/12/12,Thu,950,FD,CS1XC,331A ,,R,D,B ,F , ,N,N,60,0,1,0,,,1748462,5428081,-41.28506909,174.7728946
Wellington City,1N/1068/5.474,, ,A,EVERTON OBR,201211124,19/01/12,Thu,1715,FA,CS1C,181A 331A ,,R,D,O ,FS, ,N,C,60,0,0,1,,,1748455,5428065,-41.28521443,174.772815
Wellington City,1N/1068/5.486,220,N, ,NORTH PORTAL SBD,201211215,2/02/12,Thu,1842,FD,CS14C,181A 331A 353A ,,R,D,B ,F , ,N,N,60,0,0,1,,,1748450,5428054,-41.28531439,174.772758
Wellington City,1N/1068/5.506,200,N, ,NORTH PORTAL SBD,201251973,26/05/12,Sat,1540,FD,VS1CC,181A 331A 427A 197B ,,R,D,B ,F , ,N,C,80,0,0,0,,,1748442,5428036,-41.28547792,174.7726669
Wellington City,1N/1068/5.506,200,N, ,NORTH PORTAL SBD,201212094,7/07/12,Sat,1315,FD,CS1CCC,112A 181A 112D 181D ,,R,D,B ,F , ,N,N,60,0,0,2,,,1748442,5428036,-41.28547792,174.7726669
Wellington City,1N/1068/5.516,190,N, ,NORTH PORTAL SBD,201254851,21/12/12,Fri,806,FD,CS1C,112A 181A 331A ,,R,D,B ,F , ,N,C,70,0,0,0,,,1748438,5428026,-41.28556869,174.7726216