TLA NAME,CRASH ROAD,CRASH DIST,CRASH DIRN,INTSN,SIDE ROAD,CRASH ID,CRASH DATE,CRASH DOW,CRASH TIME,MVMT,VEHICLES,CAUSES,OBJECTS STRUCK,ROAD CURVE,ROAD WET,LIGHT,WTHRa,JUNC TYPE,TRAF CTRL,ROAD MARK,SPD LIM,CRASH FATAL CNT,CRASH SEV CNT,CRASH MIN CNT,PERS AGE1,PERS AGE2,EASTING,NORTHING,latitude,longitude
Wellington City,1N/1068/5.526,180,N, ,NORTH PORTAL SBD,201253482,9/09/12,Sun,1243,FD,CS1C,110A 181A ,,R,D,B ,F , ,N,R,70,0,0,0,,,1748434,5428017,-41.28565046,174.772576
Wellington City,1N/1068/5.606,100,N, ,NORTH PORTAL SBD,201212831,27/10/12,Sat,1515,CA,MS1,132A 331A 352A 402A ,,R,D,O ,F , ,N,C,80,0,0,1,,,1748403,5427944,-41.28631341,174.7722238
Wellington City,1N/1068/5.616,100,N, ,NORTH PORTAL NBD,201252825,9/08/12,Thu,1758,FD,4N1X,112A 132A ,,R,D,DO,F , ,N,C,100,0,0,0,,,1748394,5427947,-41.28628805,174.7721156
Wellington City,1N/1068/5.666,40,N, ,NORTH PORTAL SBD,201252229,30/06/12,Sat,1400,FD,CS1C,331A 610A ,,R,W,O ,F , ,N,R,80,0,0,0,,,1748378,5427889,-41.2868132,174.7719388
Wellington City,1N/1068/5.711,, ,A,NORTH PORTAL NBD,201253904,28/10/12,Sun,1246,FD,CS1V,181A 132B 402B ,,R,D,O ,F , ,N,C,80,0,0,0,,,1748363,5427857,-41.28710406,174.7717675
Wellington City,1N/1068/5.97,200,N, ,SOUTH PORTAL,201254415,3/11/12,Sat,1429,FD,CS1C,112A 331A 901 ,,R,W,O ,H , ,N,L,70,0,0,0,,,1748346,5427589,-41.28952012,174.7716299
Wellington City,1N/1068/6.07,100,N, ,SOUTH PORTAL,201254451,7/11/12,Wed,1700,FD,CS1CCC,181A 331A 402A ,,R,D,B ,F , ,N,C,100,0,0,0,,,1748347,5427489,-41.29042028,174.7716662
Wellington City,1N/1068/6.12,50,N, ,SOUTH PORTAL,201252672,21/07/12,Sat,1305,FA,CS14,181A 331A 191B ,,R,D,B ,F , ,N,C,70,0,0,0,,,1748350,5427439,-41.2908699,174.7717142
Wellington City,1N/1075/0.001,, ,A,SOUTH PORTAL,201250658,1/03/12,Thu,1830,FD,CS1CCC,112A 181A 331A 181C ,,R,W,O ,L , ,N,C,50,0,0,0,,,1748353,5427390,-41.29131052,174.7717619
Wellington City,1N/1075/0.001,, ,A,SOUTH PORTAL,201254094,15/11/12,Thu,1,AO,CS1C,386A ,,R,D,DO,F , ,N,C,70,0,0,0,,,1748353,5427390,-41.29131052,174.7717619
Wellington City,1N/1075/0.001,, ,A,SOUTH PORTAL,201251736,24/05/12,Thu,721,AA,TN1VC,177A 372A 671A 197B 402B 197C 402C +,K,E,D,O ,F , ,N,L,80,0,0,0,,,1748353,5427390,-41.29131052,174.7717619
Wellington City,1N/1075/0.001,, ,A,SOUTH PORTAL,201254057,27/10/12,Sat,1125,AC,VN1C,159A 372A 137B 197B ,G,R,D,B ,F , ,N,C,70,0,0,0,,,1748353,5427390,-41.29131052,174.7717619
Wellington City,1N/1075/0.07,230,N, ,WILLIS ST,201251164,6/03/12,Tue,1734,FD,CS1CC,102A 181A 331A 632A 181B ,,R,D,O ,F , ,N,C,60,0,0,0,,,1748357,5427320,-41.29194003,174.7718267
Wellington City,1N/1075/0.16,140,N, ,WILLIS ST,201254674,6/12/12,Thu,1105,AC,CS1T,102A 372A ,,E,D,B ,F , ,N,C,80,0,0,0,,,1748346,5427231,-41.29274336,174.7717171
Wellington City,1N/1075/0.454,, ,I,WILLIS ST,201250870,27/01/12,Fri,1016,KB,CN1C,322A 334A ,,R,W,B ,FS,X,T,C,50,0,0,0,,,1748300,5426947,-41.2953088,174.7712372
Wellington City,1N/1075/0.454,, ,I,WILLIS ST,201212038,15/06/12,Fri,2328,NA,CN1E,306A 322A 376A 901 ,,R,W,DO,H ,X,T,C,50,0,0,1,19,,1748300,5426947,-41.2953088,174.7712372
Wellington City,1N/1075/0.454,, ,I,WILLIS ST,201254491,30/10/12,Tue,1035,AC,CN1TC,197B ,,E,D,B ,F ,X,T,C,50,0,0,0,,,1748300,5426947,-41.2953088,174.7712372
Wellington City,WILLIS ST,, ,I,KARO DRIVE,201254460,24/10/12,Wed,1605,GB,CN1C,173A 330A 402A ,,E,D,O ,F ,M,T,C,50,0,0,0,,,1748300,5426947,-41.2953088,174.7712372
Wellington City,1N/1075/0.547,, ,I,VICTORIA ST,201211711,12/04/12,Thu,719,HA,4N1C,322A 402A 823 901 ,,R,W,O ,H ,X,T,C,50,0,0,2,,,1748338,5426862,-41.29606711,174.7717115
Wellington City,1N/1075/0.547,, ,I,VICTORIA ST,201211478,13/03/12,Tue,2032,HA,CN1C,322A 330A ,,R,D,DO,F ,X,T,C,50,0,0,3,,,1748338,5426862,-41.29606711,174.7717115
Wellington City,1N/1075/0.547,, ,I,VICTORIA ST,201250045,20/01/12,Fri,2027,FE,CN1C,135A 331A 402A 199B ,,R,D,TF,F ,X,T,C,50,0,0,0,,,1748338,5426862,-41.29606711,174.7717115
Wellington City,1N/1075/0.547,, ,I,VICTORIA ST,201253572,28/09/12,Fri,1305,HA,CN1X,322A 334A ,,E,D,B ,F ,X,T,C,50,0,0,0,,,1748338,5426862,-41.29606711,174.7717115
Wellington City,1N/1075/0.547,, ,I,VICTORIA ST,201253923,26/05/12,Sat,600,KB,VN1T,103A 113A 322A ,,R,D,DO,F ,X,T,C,50,0,0,0,,,1748338,5426862,-41.29606711,174.7717115
Wellington City,1N/1075/0.547,, ,I,VICTORIA ST,201252143,22/06/12,Fri,2040,HA,XN1C,322B 330B ,,E,D,DO,F ,X,T,C,50,0,0,0,,,1748338,5426862,-41.29606711,174.7717115
Wellington City,1N/1075/0.547,, ,I,VICTORIA ST,201252178,25/06/12,Mon,1556,HA,4N1C,322A 350A ,,R,W,O ,L ,X,T,C,50,0,0,0,,,1748338,5426862,-41.29606711,174.7717115
Wellington City,VICTORIA ST,, ,I,KARO DRIVE,201213094,16/11/12,Fri,1728,KB,SN2CC,324A 191B 379B 181C 903 ,,R,D,B ,FS,X,T,C,50,0,0,1,,35,1748338,5426862,-41.29606711,174.7717115
Wellington City,VICTORIA ST,, ,I,KARO DRIVE,201213279,18/11/12,Sun,1907,HA,CW2C,323A 351A ,,E,D,B ,F ,X,T,R,50,0,0,2,,,1748338,5426862,-41.29606711,174.7717115
Wellington City,CUBA ST,, ,I,VIVIAN ST,201254414,11/10/12,Thu,1655,FA,CN1C,331A 353A ,,R,D,B ,F ,X,T,C,50,0,0,0,,,1748607,5427000,-41.29477515,174.7748892
Wellington City,1N/1075/0.742,20,W, ,TARANAKI ST,201250866,20/03/12,Tue,1115,AA,CE1T,372A 402A ,,R,D,O ,F , ,N,C,50,0,0,0,,,1748774,5426925,-41.29541964,174.7769012
Wellington City,1N/1075/0.749,, ,I,CUBA ST,201253164,15/08/12,Wed,505,GC,XW1V,137A 171B 372B 411B 801 ,S,R,W,DO,L ,X,T,C,50,0,0,0,,,1748488,5426734,-41.29719197,174.7735335
Wellington City,1N/1075/0.762,, ,I,TARANAKI ST,201251631,26/03/12,Mon,2004,FD,CE1CC,181A 331A ,,R,D,DO,F ,X,T,C,50,0,0,0,,,1748792,5426917,-41.29548835,174.777118
Wellington City,1N/1075/0.762,, ,I,TARANAKI ST,201251626,17/05/12,Thu,412,HA,VE1C,322B 412B ,,R,D,DO,F ,X,T,R,50,0,0,0,,,1748792,5426917,-41.29548835,174.777118
Wellington City,1N/1075/0.762,, ,I,TARANAKI ST,201251396,8/04/12,Sun,736,HA,CN2C,322A 330A ,,R,D,B ,F ,X,T,C,50,0,0,0,,,1748792,5426917,-41.29548835,174.777118
Wellington City,1N/1075/0.762,, ,I,TARANAKI ST,201212694,23/08/12,Thu,600,HA,CN1C,323A 334A 350A ,,R,D,DO,F ,X,T,C,50,0,0,2,,,1748792,5426917,-41.29548835,174.777118
Wellington City,TARANAKI ST,, ,I,VIVIAN ST,201213204,26/11/12,Mon,530,HA,CE2C,322B 334B ,,R,D,O ,F ,X,T,C,50,0,0,3,,,1748792,5426917,-41.29548835,174.777118
Wellington City,TARANAKI ST,, ,I,VIVIAN ST,201213090,3/11/12,Sat,2200,GF,CS1X,172A 372A ,,S,W,DO,L ,X,T,N,50,0,0,1,,,1748792,5426917,-41.29548835,174.777118
Wellington City,TARANAKI ST,, ,I,VIVIAN ST,201254629,1/12/12,Sat,1005,JC,4N14,324B 375B ,,R,D,B ,F ,X,T,C,50,0,0,0,,,1748792,5426917,-41.29548835,174.777118
Wellington City,1N/1075/0.792,30,E, ,TARANAKI ST,201252566,27/07/12,Fri,1740,AC,CE1C,386A 402A ,,R,D,DO,F ,X,T,C,50,0,0,0,,,1748819,5426905,-41.29559141,174.7774433
Wellington City,1N/1075/0.812,50,E, ,TARANAKI ST,201254738,12/12/12,Wed,940,GE,CE1C,144B 193B 381B 926 ,,R,D,B ,F ,D,N,C,50,0,0,0,,,1748838,5426897,-41.29565994,174.7776721
Wellington City,1N/1075/0.949,10,W, ,TARANAKI ST,201211875,18/05/12,Fri,1625,AO,CW1M,129B 157B 177B ,,R,D,TN,F ,X,T,C,50,0,0,1,,,1748669,5426651,-41.29790593,174.7757146
Wellington City,1N/1075/0.959,, ,I,TARANAKI ST,201253918,28/10/12,Sun,58,AA,CW1C,171A 372A ,,R,W,DO,L ,X,T,C,50,0,0,0,,,1748679,5426647,-41.2979401,174.775835
Wellington City,TARANAKI ST,, ,I,BUCKLE ST,201253440,16/09/12,Sun,715,HA,XW24,322B 352B ,,R,W,B ,F ,X,T,C,50,0,0,0,,,1748679,5426647,-41.2979401,174.775835
Wellington City,TARANAKI ST,, ,I,BUCKLE ST,201252981,18/08/12,Sat,2348,HA,4N1C,322A 334A 358A ,,R,D,DO,F ,X,T,P,50,0,0,0,,,1748679,5426647,-41.2979401,174.775835
Wellington City,TARANAKI ST,, ,I,BUCKLE ST,201212251,16/06/12,Sat,945,HA,CW2C,322B 334B 801 ,JS,R,W,O ,L ,X,T,C,50,0,0,2,,,1748679,5426647,-41.2979401,174.775835
Wellington City,TARANAKI ST,, ,I,1N/1075/0.959,201254416,12/11/12,Mon,2300,HA,CW2C,102A 322A 358A ,,R,D,DO,F ,X,T,C,50,0,0,0,,,1748679,5426647,-41.2979401,174.775835
Wellington City,1N/1075/0.965,20,W, ,TORY ST,201251394,8/04/12,Sun,420,EA,CE1CC,386A ,M,R,D,DO,F , ,N,C,50,0,0,0,,,1748978,5426833,-41.29621033,174.7793591
Wellington City,1N/1075/0.985,, ,I,TORY ST,201254974,7/12/12,Fri,1330,MA,VE1C,324A 373B ,,R,D,B ,F ,X,T,C,50,0,0,0,,,1748996,5426825,-41.29627903,174.7795759
Wellington City,TORY ST,, ,I,VIVIAN ST,201254145,13/11/12,Tue,720,LB,CS1C,303B 402B ,,R,W,O ,L ,X,T,C,50,0,0,0,,,1748996,5426825,-41.29627903,174.7795759
Wellington City,1N/1075/1.035,50,E, ,TORY ST,201212973,22/11/12,Thu,1750,EA,PE1V,158A 374B ,PQ,R,D,B ,F , ,N,C,50,0,0,1,,,1749042,5426805,-41.29645061,174.78013
Wellington City,1N/1075/1.18,, ,I,TASMAN ST,201251325,27/04/12,Fri,1240,FE,4W1C,181A 331A ,,E,D,B ,F ,X,T,C,50,0,0,0,,,1748879,5426552,-41.29875856,174.7782459
Wellington City,CAMBRIDGE TERRACE,, ,I,1N/1075/1.206,201254059,15/10/12,Mon,1504,FE,CN1X,181A 191B ,,R,D,B ,F ,X,T,C,50,0,0,0,,,1749197,5426734,-41.29706121,174.7819978
Wellington City,CAMBRIDGE TERRACE,, ,I,VIVIAN ST,201252979,18/08/12,Sat,655,HA,CE2C,322B 334B ,,R,W,O ,L ,X,T,C,50,0,0,0,,,1749197,5426734,-41.29706121,174.7819978
Wellington City,KENT TERRACE,, ,I,VIVIAN ST,201212830,28/10/12,Sun,2020,KB,CS1C,322A 334A 351A ,,R,D,DO,F ,X,T,R,50,0,0,3,,,1749220,5426723,-41.29715599,174.7822751
Wellington City,1N/1075/1.284,20,N, ,SUSSEX ST,201213081,27/12/12,Thu,725,DB,MN1,111A 135A 402A 806 ,,M,W,O ,L , ,N,C,50,0,0,1,,,1748971,5426507,-41.29914673,174.7793553
Wellington City,1N/1075/1.324,20,S, ,BUCKLE ST,201252141,18/06/12,Mon,820,FD,CN1CX,331A 353A 402A ,,R,D,O ,F , ,N,C,50,0,0,0,,,1748967,5426469,-41.2994896,174.7793169
Wellington City,1N/1075/1.354,50,S, ,BUCKLE ST,201252435,9/07/12,Mon,1746,MO,CN1C,386A 404A ,,R,D,DO,F , ,N,C,50,0,0,0,,,1748954,5426442,-41.29973509,174.7791683
Wellington City,1N/1075/1.415,120,N, ,ELLICE ST,201251910,31/05/12,Thu,1810,FD,CS1C,181A 331A 402A ,,R,D,DO,F , ,N,R,50,0,0,0,,,1749146,5426556,-41.29867324,174.7814326
Wellington City,1N/1075/1.451,40,N, ,RUGBY ST,201254627,19/10/12,Fri,152,DA,CN1CC,110A 133A 801 ,,M,W,DO,L , ,N,C,50,0,0,0,,,1748917,5426353,-41.30054323,174.7787483
Wellington City,1N/1075/1.491,, ,I,RUGBY ST,201213123,15/11/12,Thu,2340,DA,CW1T,101A 111A 135A 801 ,M,S,W,DO,F ,T,N,C,50,0,0,1,,,1748932,5426317,-41.30086458,174.7789362
Wellington City,1N/1075/1.519,80,S, ,BASIN TURN,201212858,21/10/12,Sun,157,DB,VS1,103A 135A 801 901 ,T,M,W,DN,H , ,N,C,50,0,0,1,,,1749109,5426460,-41.29954441,174.7810144
Wellington City,1N/1075/1.535,, ,I,ELLICE ST,201250510,21/02/12,Tue,2230,DB,CS1,111A 131A 613A 901 ,K,M,W,DO,H ,T,G,C,50,0,0,0,,,1749115,5426446,-41.29966935,174.7810894
Wellington City,1N/1075/1.535,, ,I,ELLICE ST,201255005,26/02/12,Sun,815,GF,VS1C,111A 132A ,,M,W,O ,F ,R,T,R,50,0,0,0,,,1749115,5426446,-41.29966935,174.7810894
Wellington City,1N/1075/1.571,, ,I,ADELAIDE ROAD,201254419,28/11/12,Wed,150,KA,CW1X,322A 330A 402A ,,E,D,DO,F ,T,T,C,50,0,0,0,,,1749005,5426284,-41.30114822,174.7798158
Wellington City,1N/1075/1.571,, ,I,ADELAIDE ROAD,201254099,30/10/12,Tue,1527,MA,4W1C,373B ,,R,D,B ,F ,T,T,C,50,0,0,0,,,1749005,5426284,-41.30114822,174.7798158
Wellington City,1N/1075/1.571,, ,I,ADELAIDE ROAD,201252079,7/06/12,Thu,1545,GF,BW1C,129A 330A ,,S,D,B ,F ,T,T,R,50,0,0,0,,,1749005,5426284,-41.30114822,174.7798158
Wellington City,1N/1075/1.571,, ,I,ADELAIDE ROAD,201254062,26/10/12,Fri,1335,DB,CN1,110A 133A 427A ,,M,D,B ,F ,T,T,C,50,0,0,0,,,1749005,5426284,-41.30114822,174.7798158
Wellington City,1N/1075/1.576,, ,I,DUFFERIN ST,201253445,26/09/12,Wed,1628,KA,CE1C,302B 375B 377B ,,R,D,O ,F ,T,G,N,50,0,0,0,,,1749153,5426429,-41.29981538,174.7815473
Wellington City,1N/1075/1.649,, ,I,SLIP,201253149,3/07/12,Tue,1650,AA,CW1CB,143A 372A 191B 181C ,,R,D,B ,F ,Y,N,C,50,0,0,0,,,1749077,5426253,-41.30141402,174.780683
Wellington City,1N/1076/0.01,20,E, ,DUFFERIN ST,201251740,2/06/12,Sat,746,DB,CS1,131A 632A 801 ,C,M,W,TF,L , ,N,L,50,0,0,0,,,1749175,5426332,-41.30068464,174.7818337
Wellington City,1N/1076/0.277,20,W, ,WEST PORTAL,201250665,17/03/12,Sat,1143,FD,CE1C,331A 350A ,,R,D,B ,F , ,N,C,50,0,0,0,,,1749404,5426199,-41.30183973,174.7846004
Wellington City,1N/1076/0.297,, ,A,WEST PORTAL,201252969,24/03/12,Sat,2351,MC,CW1V,372B ,,R,W,DO,F , ,N,C,50,0,0,0,,,1749422,5426191,-41.30190842,174.7848173
Wellington City,1N/1076/0.497,400,W, ,EAST PORTAL,201251137,11/04/12,Wed,1630,FD,CW1C,331A ,,R,W,B ,L , ,N,L,50,0,0,0,,,1749602,5426104,-41.30265837,174.7869877
Wellington City,1N/1076/0.497,200,E, ,WEST PORTAL,201252900,15/08/12,Wed,1803,FD,CW1XCC,110A 181A 191B ,,R,D,DO,F , ,N,C,50,0,0,0,,,1749602,5426104,-41.30265837,174.7869877
Wellington City,1N/1076/0.687,300,W, ,TAURIMA ST,201213142,25/11/12,Sun,1421,FD,CW1CCC,112A 331A 423A ,,R,D,O ,F , ,N,L,50,0,0,3,,,1749773,5426022,-41.30336492,174.7890496
Wellington City,1N/1076/0.987,, ,I,TAURIMA ST,201212514,31/07/12,Tue,1919,JA,PS1C,375B 402B 404B ,,M,W,DO,F ,T,G,R,50,0,1,0,,,1750042,5425890,-41.30450339,174.7922938
Wellington City,1N/1076/1.279,200,N, ,GOA ST,201253059,11/08/12,Sat,1100,FD,CS1CC,110A 181A ,,R,D,B ,F , ,N,C,70,0,0,0,,,1750032,5425615,-41.30698116,174.7922422
Wellington City,1N/1076/1.805,30,N, ,WELLINGTON ROAD,201253082,21/08/12,Tue,835,FD,CS1C,181A 331A 801 ,,E,W,O ,H , ,N,C,50,0,0,0,,,1749871,5425114,-41.31152177,174.7904433
Wellington City,1N/1076/1.835,, ,I,RUAHINE ST,201212520,31/08/12,Fri,2025,JA,4N1C,302B 386B ,,M,D,DO,F ,T,G,R,50,0,0,1,,,1749873,5425084,-41.31179149,174.7904746
Wellington City,1N/1076/1.835,, ,I,WELLINGTON ROAD,201211987,6/04/12,Fri,2013,JA,MW1C,302B 375B ,,S,D,DO,F ,T,G,R,50,0,1,0,,,1749873,5425084,-41.31179149,174.7904746
Wellington City,WELLINGTON ROAD,, ,I,RUAHINE ST,201213205,12/10/12,Fri,1400,FB,XE1C,331A 387A ,,S,D,B ,F ,T,G,R,50,0,0,1,,,1749873,5425084,-41.31179149,174.7904746
Wellington City,1N/1076/1.989,10,W, ,WALMER ST,201254464,30/11/12,Fri,1440,FA,CE1C,181A 331A ,,E,D,B ,F ,T,N,C,50,0,0,0,,,1750019,5425063,-41.31195342,174.7922232
Wellington City,1N/1076/1.994,5,W, ,WALMER ST,201254573,7/12/12,Fri,736,FD,VW1C,181A 331A 358A 191B ,,R,D,B ,F ,T,N,L,50,0,0,0,,,1750024,5425063,-41.31195249,174.7922829
Wellington City,1N/1076/1.999,, ,I,WALMER ST,201250666,10/02/12,Fri,1420,FD,XW1CCV,331A 402A 423A ,,R,D,B ,F ,T,N,C,50,0,0,0,,,1750029,5425063,-41.31195157,174.7923426
Wellington City,1N/1076/2.074,20,W, ,HAMILTON ROAD,201250171,3/01/12,Tue,1220,AO,CW1V,150A 386A ,,R,D,B ,F ,R,T,C,50,0,0,0,,,1750103,5425051,-41.31204584,174.7932292
Wellington City,1N/1076/2.094,, ,I,KILBIRNIE CRESCENT,201212235,14/07/12,Sat,1640,LB,CW1CC,303B 375B 402B ,I,R,W,O ,H ,X,T,R,50,0,0,1,,,1750123,5425048,-41.31206913,174.7934687
Wellington City,1N/1076/2.144,50,E, ,KILBIRNIE CRESCENT,201254418,23/11/12,Fri,1845,FA,CW1C,331A ,,R,D,B ,F , ,N,C,50,0,0,0,,,1750171,5425038,-41.31215022,174.7940444
Wellington City,EVANS BAY PARADE,, ,I,1N/1076/2.278,201212358,21/05/12,Mon,854,NF,CN1E,376A 386A ,,R,D,B ,F ,X,T,C,50,0,1,0,16,,1750302,5425012,-41.31235991,174.7956151
Wellington City,EVANS BAY PARADE,, ,I,COBHAM DRIVE,201212088,31/05/12,Thu,856,FB,CS1P,331A 353A 387A ,,M,D,B ,F ,X,G,R,50,0,0,1,,,1750300,5425000,-41.31246832,174.7955942
Wellington City,1N/1076/2.28,, ,I,EVANS BAY PARADE,201212425,16/08/12,Thu,1905,LB,CN2C,324A 303B 375B ,,R,W,DO,H ,M,T,C,50,0,1,1,,,1750300,5425000,-41.31246832,174.7955942
Wellington City,1N/1076/2.38,100,E, ,EVANS BAY PARADE,201252808,9/08/12,Thu,1532,AA,BW1B,386A ,,E,W,O ,L , ,N,C,50,0,0,0,,,1750396,5424976,-41.31266651,174.7967464
Wellington City,1N/1076/2.52,240,E, ,EVANS BAY PARADE,201212360,14/08/12,Tue,820,FD,CW1CC,181A 331A ,,R,D,B ,F , ,N,C,70,0,0,1,,,1750502,5424886,-41.31345704,174.7980345
Wellington City,1N/1076/3.008,100,W, ,TROY ST,201252813,27/07/12,Fri,610,CC,VE1,410A 500A ,,R,D,DO,F , ,N,C,70,0,0,0,,,1750860,5424562,-41.31630722,174.8023898
Wellington City,1N/1076/3.104,, ,I,TROY ST,201212450,26/07/12,Thu,1800,AC,CN1M,372A 386A ,,M,W,DO,F ,R,G,R,70,0,0,1,,,1750891,5424466,-41.31716574,174.8027838
Wellington City,1N/1076/3.141,, ,I,TROY ST,201211126,4/01/12,Wed,705,DA,MS1,135A 806 ,,M,D,B ,F ,R,G,C,70,0,0,1,,,1750947,5424489,-41.31694818,174.8034469
Wellington City,1N/1076/3.141,, ,I,TROY ST,201251289,18/04/12,Wed,255,DA,CW1,103A 131A 402A ,P,E,D,DO,F ,R,G,C,70,0,0,0,,,1750947,5424489,-41.31694818,174.8034469
Wellington City,1N/1076/3.141,, ,I,TROY ST,201212871,16/11/12,Fri,901,CA,PW1,135A 402A 807 811 ,,E,W,O ,L ,R,G,R,70,0,1,0,,,1750947,5424489,-41.31694818,174.8034469
Wellington City,TROY ST,, ,I,COBHAM DRIVE,201253488,13/09/12,Thu,1500,KA,CW1X,302A ,,M,D,B ,F ,R,G,C,50,0,0,0,,,1750900,5424419,-41.31758721,174.802903
Wellington City,1N/1076/3.485,100,W, ,CALABAR ROAD,201254192,23/11/12,Fri,1622,FB,CE1C,101A 181A ,,E,D,B ,F , ,N,C,70,0,0,0,,,1751299,5424506,-41.31672917,174.8076462
Wellington City,1N/1076/3.585,, ,I,CALABAR ROAD,201253828,14/10/12,Sun,1813,FB,CE1C,103A 331A ,,M,D,B ,F ,R,G,C,70,0,0,0,,,1751392,5424522,-41.31656767,174.8087528
Wellington City,COBHAM DRIVE,, ,I,CALABAR DRIVE,201211566,8/04/12,Sun,955,DA,CS1,111A 131A ,P,M,D,B ,F ,R,N,C,70,0,0,1,,,1751419,5424533,-41.31646356,174.8090725
Wellington City,COBHAM DRIVE,, ,I,CALABAR ROAD,201211199,20/01/12,Fri,5,DB,CE1,111A 131A 433A ,X,E,D,DO,FS,R,G,R,70,0,2,0,,,1751419,5424533,-41.31646356,174.8090725
Wellington City,COBHAM DRIVE,, ,I,CALABAR ROAD,201250636,20/02/12,Mon,1200,AA,CE1X,177A 330A 386A ,,E,D,B ,F ,R,G,R,70,0,0,0,,,1751419,5424533,-41.31646356,174.8090725
Wellington City,COBHAM DRIVE,, ,I,CALABAR ROAD,201251977,11/06/12,Mon,900,AA,CE1C,137A 363A 902 ,,M,D,B ,F ,R,G,R,70,0,0,0,,,1751419,5424533,-41.31646356,174.8090725
Wellington City,1N/1076/3.771,50,W, ,CALABAR ROAD,201251490,4/04/12,Wed,1030,DA,VW1,111A 131A 402A 632A ,F,M,W,O ,F , ,N,C,50,0,0,0,,,1751453,5424410,-41.31756458,174.8095091
Wellington City,1N/1076/4.122,, ,I,CALEDONIA ST,201250376,4/02/12,Sat,1720,JA,CS1C,303B 375B 404B ,,R,D,B ,F ,T,G,C,70,0,0,0,,,1751424,5424061,-41.32071215,174.8092497
Wellington City,BROADWAY,, ,I,STEWART DUFF DRIVE,201213009,6/11/12,Tue,2210,JA,CS2C,302B 375B ,,M,D,DO,F ,R,G,R,50,0,0,1,,,1751436,5423510,-41.32567068,174.8095303
Wellington City,2/962/13.027,330,W, ,HOROKIWI ROAD,201211010,16/01/12,Mon,830,FD,MW1V,181A 197A 331A ,,R,D,B ,F , ,N,C,100,0,1,1,,,1754897,5434350,-41.22741956,174.8481101
Wellington City,2/962/13.097,400,S, ,HOROKIWI ROAD,201251838,5/06/12,Tue,719,FA,TS1C,129A 386A 443B ,,R,D,O ,F , ,N,C,100,0,0,0,,,1754830,5434329,-41.22762145,174.8473164
Wellington City,2/962/13.267,3100,N, ,NGAURANGA ON NBD,201253079,24/08/12,Fri,800,FD,TS14,181A 331A 191B ,,R,W,B ,FF, ,N,C,100,0,0,0,,,1754673,5434266,-41.22821869,174.8454601
Wellington City,2/962/13.376,1200,W, ,PETONE OFF NBD,201252191,10/07/12,Tue,1745,FD,CN1CC,181A 331A 191B 191C ,,R,D,DO,F , ,N,C,100,0,0,0,,,1754564,5434245,-41.22842858,174.8441655
Wellington City,2/962/13.467,770,W, ,HOROKIWI ROAD,201211324,5/03/12,Mon,855,AG,MW1T,177A ,,E,D,O ,F , ,N,C,100,0,0,2,,,1754485,5434200,-41.22884882,174.8432348
Wellington City,2/962/13.621,250,N, ,SERVICE STN NTH,201250932,12/03/12,Mon,1752,AO,TS1,158A 178A 386A ,G,E,D,B ,F , ,N,R,100,0,0,0,,,1754378,5434090,-41.2298596,174.8419866
Wellington City,2/962/13.697,1000,S, ,HOROKIWI ROAD,201252433,16/07/12,Mon,1730,FD,CN1CV,181A 331A 402A 800 ,,R,W,DO,F , ,N,R,100,0,0,0,,,1754335,5434028,-41.230426,174.8414894
Wellington City,2/962/13.697,1000,S, ,HOROKIWI ROAD,201253485,1/10/12,Mon,815,FA,TS1V,110A 181A ,,R,D,B ,F , ,N,C,100,0,0,0,,,1754335,5434028,-41.230426,174.8414894
Wellington City,2/962/13.857,1680,W, ,PETONE ON SBD,201251221,30/03/12,Fri,215,DB,CE1,131A 412A 631A ,G,E,D,DO,F , ,N,R,100,0,0,0,,,1754219,5433915,-41.23146549,174.8401346
Wellington City,2/962/14.231,, ,A,SERVICE STN STH,201212630,18/03/12,Sun,1222,CB,CN1,130A 501A ,C,R,D,B ,F , ,N,C,100,0,5,0,,,1753902,5433730,-41.23319146,174.8364006
Wellington City,2/962/14.367,2000,N, ,NGAURANGA ON NBD,201252938,8/08/12,Wed,1808,FD,CS1CCC,181A 330A 191D ,,R,W,DO,F , ,N,C,100,0,0,0,,,1753816,5433618,-41.23421618,174.8354032
Wellington City,2/962/14.697,2000,W, ,HOROKIWI ROAD,201251798,7/06/12,Thu,744,FD,VW1CC,110A 181A ,,R,W,O ,L , ,N,C,100,0,0,0,,,1753562,5433413,-41.23611011,174.8324254
Wellington City,2/962/14.73,2000,N, ,NGAURANGA ON NBD OBR,201254453,13/10/12,Sat,120,CB,BS1,130A 197A ,G,R,D,DN,L , ,N,R,100,0,0,0,,,1753536,5433394,-41.23628611,174.83212
Wellington City,2/962/14.738,110,S, ,WEIGH PIT,201252077,13/06/12,Wed,1648,FD,VN1C4,112A 181A 331A ,,R,D,TO,FF, ,N,C,100,0,0,0,,,1753529,5433389,-41.23633245,174.8320378