TLA NAME,CRASH ROAD,CRASH DIST,CRASH DIRN,INTSN,SIDE ROAD,CRASH ID,CRASH DATE,CRASH DOW,CRASH TIME,MVMT,VEHICLES,CAUSES,OBJECTS STRUCK,ROAD CURVE,ROAD WET,LIGHT,WTHRa,JUNC TYPE,TRAF CTRL,ROAD MARK,SPD LIM,CRASH FATAL CNT,CRASH SEV CNT,CRASH MIN CNT,PERS AGE1,PERS AGE2,EASTING,NORTHING,latitude,longitude
Wellington City,2/962/14.741,1000,N, ,HUTT ON NBD,201212440,2/08/12,Thu,518,EA,TS1T,125A 352A ,Q,R,W,DO,L , ,N,C,100,0,0,1,,,1753526,5433387,-41.23635103,174.8320025
Wellington City,2/962/14.947,2250,S, ,HOROKIWI ROAD,201212066,8/06/12,Fri,1735,FD,CN1CCC,181A 331A 181C ,,R,D,DO,F , ,N,C,100,0,0,5,,,1753360,5433265,-41.23748092,174.8300533
Wellington City,2/962/15.191,550,N, ,HUTT ON NBD,201212435,2/08/12,Thu,512,DA,CN1,103A 129A ,P,E,D,DO,F , ,N,N,100,0,1,0,,,1753166,5433117,-41.23885017,174.8277765
Wellington City,2/962/15.231,1000,S, ,SERVICE STN STH,201252544,18/06/12,Mon,1338,AC,CN1C,159A 191A 801 ,,E,W,O ,F , ,N,C,100,0,0,0,,,1753137,5433091,-41.23908975,174.8274372
Wellington City,2/962/15.441,300,N, ,HUTT ON NBD,201252759,23/07/12,Mon,1800,FD,CN1C,181A 331A ,,R,W,DO,L , ,N,C,100,0,0,0,,,1752975,5432956,-41.24033585,174.8255387
Wellington City,2/962/15.641,100,N, ,HUTT ON NBD,201251292,20/04/12,Fri,1350,FA,CN1CC,112A 181A 331A 337A ,,R,D,B ,F , ,N,C,100,0,0,0,,,1752811,5432842,-41.24139323,174.8236111
Wellington City,2/962/15.721,20,N, ,HUTT ON NBD,201250355,23/01/12,Mon,1135,AA,CN1C,177A 184A 330A ,G,R,D,B ,F , ,N,C,100,0,0,0,,,1752746,5432796,-41.24181966,174.8228473
Wellington City,HUTT ON NBD,, ,I,2/962/15.741,201251025,22/03/12,Thu,1630,FA,TN2C,184B 330B ,,E,W,O ,F ,Y,N,C,100,0,0,0,,,1752729,5432784,-41.24193091,174.8226475
Wellington City,HUTT ON NBD,, ,I,2/962/15.741,201253538,3/08/12,Fri,1600,FA,4N1V,158A 386A ,,E,D,O ,F ,Y,N,N,100,0,0,0,,,1752729,5432784,-41.24193091,174.8226475
Wellington City,2/962/15.741,, ,I,HUTT ON NBD,201253136,30/08/12,Thu,2350,CB,CN1,103A 402A ,,R,D,DO,F ,M,N,N,100,0,0,0,,,1752729,5432784,-41.24193091,174.8226475
Wellington City,2/962/16.367,, ,I,NGAURANGA ON NBD,201253061,20/08/12,Mon,1226,AA,CN1C,372A ,GP,R,D,B ,F ,T,N,C,100,0,0,0,,,1752244,5432387,-41.24559669,174.8169614
Wellington City,2/962/16.517,150,S, ,NGAURANGA ON NBD,201251869,3/06/12,Sun,1650,MO,4S1V,668A ,D,R,D,O ,F , ,N,C,100,0,0,0,,,1752136,5432284,-41.24654436,174.8156988
Wellington City,2/962/16.53,200,N, ,NGAURANGA ON NBD OBR,201250757,12/03/12,Mon,1719,FD,CS1CC,181A 197A 331A ,,R,D,B ,F , ,N,R,100,0,0,0,,,1752121,5432286,-41.24652918,174.8155194
Wellington City,ABEL SMITH ST,30,E, ,KELVIN GROVE,201352225,31/05/13,Fri,1757,LB,MW1C,303B 375B 929 ,,R,D,DO,F ,D,N,C,50,0,0,0,,,1748630,5426796,-41.29660761,174.7752136
Wellington City,ACCESS ROAD,250,N, ,STEWART DUFF DRIVE S,201351370,5/05/13,Sun,1912,MO,XN1,130A 501A 930 ,G,E,D,DO,F , ,N,R,20,0,0,0,,,1751640,5422994,-41.33027799,174.8120955
Wellington City,ADELAIDE ROAD,5,N, ,ALFRED ST,201351077,23/04/13,Tue,1655,AA,CS1C,372A ,,R,D,O ,F ,T,N,C,50,0,0,0,,,1748990,5426224,-41.30169119,174.7796514
Wellington City,ADELAIDE ROAD,10,S, ,ALFRED ST,201311215,18/02/13,Mon,750,EE,SN1C,374B 525B ,Q,R,D,B ,F ,T,T,C,50,0,0,1,,42,1748986,5426209,-41.30182698,174.7796074
Wellington City,ADELAIDE ROAD,25,S, ,ALFRED ST,201311418,12/03/13,Tue,1230,LB,SN1C,303B 375B 924 ,,R,D,B ,F ,D,N,P,50,0,0,1,,45,1748982,5426195,-41.30195377,174.779563
Wellington City,ADELAIDE ROAD,30,S, ,ALFRED ST,201352340,16/05/13,Thu,1230,MO,CS1C,371A ,M,R,D,B ,F , ,N,C,50,0,0,0,,,1748981,5426190,-41.30199897,174.7795523
Wellington City,ADELAIDE ROAD,20,N, ,BOYD TERRACE,201352772,4/08/13,Sun,225,CA,CN1CC,104A 130A ,M,R,D,DO,F , ,N,C,50,0,0,0,,,1748620,5424766,-41.31488641,174.7755901
Wellington City,ADELAIDE ROAD,, ,I,BRITOMART ST,201352249,30/05/13,Thu,1930,LB,CN1M,303B 375B ,,R,D,DO,F ,X,T,C,50,0,0,0,,,1748579,5424122,-41.32069216,174.7752579
Wellington City,ADELAIDE ROAD,20,S, ,BROWN ST,201351774,28/05/13,Tue,1135,EA,TN1C,386A 922 ,M,R,D,O ,LS,D,N,C,50,0,0,0,,,1748955,5426087,-41.30293112,174.7792671
Wellington City,ADELAIDE ROAD,20,S, ,BROWN ST,201353712,20/09/13,Fri,1635,JA,CS1C,308B 377B 830 922 ,,R,D,O ,F ,D,G,P,50,0,0,0,,,1748955,5426087,-41.30293112,174.7792671
Wellington City,ADELAIDE ROAD,20,N, ,CHILKA ST,201311698,23/04/13,Tue,1730,AF,BS1S,150A 370A 386A ,,R,D,O ,F , ,N,C,50,0,0,1,,38,1748568,5423975,-41.32201769,174.7751624
Wellington City,ADELAIDE ROAD,50,S, ,COLOMBO ST,201353536,2/09/13,Mon,1536,MO,CS1CC,386A ,M,R,D,B ,F , ,N,C,50,0,0,0,,,1748686,5425025,-41.31254236,174.776315
Wellington City,ADELAIDE ROAD,60,S, ,COLOMBO ST,201350319,20/01/13,Sun,2150,EA,CS1C,129A 386A 402A ,M,R,D,DO,F , ,N,C,50,0,0,0,,,1748684,5425015,-41.31263277,174.7762935
Wellington City,ADELAIDE ROAD,150,S, ,DAWSON ST,201311390,8/03/13,Fri,1340,PE,TS1E,129A 370A 720B ,,R,D,B ,F , ,N, ,50,0,0,1,38,,1748553,5423700,-41.32449639,174.7750505
Wellington City,ADELAIDE ROAD,50,N, ,DOUGLAS ST,201312687,18/10/13,Fri,1620,LB,PN1C,314B 377B 922 ,,R,D,O ,F ,D,N,C,50,0,0,1,,,1748986,5426211,-41.30180897,174.7796069
Wellington City,ADELAIDE ROAD,200,N, ,DOVER ST,201312281,14/05/13,Tue,1240,FD,VS1PC,331A 350A 817 ,,R,D,O ,F , ,N,P,50,0,0,1,,,1748521,5423488,-41.326411,174.7747201
Wellington City,ADELAIDE ROAD,, ,I,DRUMMOND ST,201311399,14/02/13,Thu,1730,JA,SS1C,301B 314B ,,E,D,B ,F ,X,S,C,50,0,0,1,,26,1748893,5425844,-41.30513039,174.7785863
Wellington City,ADELAIDE ROAD,20,N, ,GIRTON TERRACE,201350146,3/02/13,Sun,355,MG,XN1C,129A 351A 371B ,,R,D,DO,F , ,N,C,50,0,0,0,,,1748978,5426182,-41.30207155,174.7795184
Wellington City,ADELAIDE ROAD,10,S, ,GIRTON TERRACE,201359333,26/07/13,Fri,1422,JA,CN1V,308B 314B 922 ,,R,D,B ,F ,D,N,C,50,0,0,0,,,1748971,5426153,-41.30233394,174.779442
Wellington City,ADELAIDE ROAD,60,N, ,HALL ST,201351245,26/03/13,Tue,1055,EA,TN1V,386A ,M,R,D,B ,F , ,N,C,50,0,0,0,,,1748755,5425304,-41.31001769,174.7770707
Wellington City,ADELAIDE ROAD,220,N, ,HALL ST,201354102,17/08/13,Sat,1500,MO,4N1C,371A ,M,R,D,O ,F , ,N,C,50,0,0,0,,,1748794,5425459,-41.30861497,174.7774984
Wellington City,ADELAIDE ROAD,40,N, ,JOHN ST,201311543,6/04/13,Sat,1213,LB,MN1C,303B 314B 927 ,,R,W,B ,F ,D,N,C,50,0,0,1,,,1748842,5425646,-41.30692248,174.7780258
Wellington City,ADELAIDE ROAD,500,N, ,JOHN ST,201353155,12/08/13,Mon,1715,MA,CS1B,377B 386B ,,R,W,O ,L , ,N,C,50,0,0,0,,,1748956,5426092,-41.30288592,174.7792778
Wellington City,ADELAIDE ROAD,150,S, ,JOHN ST,201356714,3/12/13,Tue,1100,KA,CN1CC,308B 375B 926 ,,R,D,B ,F ,D,N,C,50,0,0,0,,,1748795,5425462,-41.30858778,174.7775096
Wellington City,ADELAIDE ROAD,, ,I,KING ST,201312574,1/08/13,Thu,1746,JA,MN1C,302B 377B 830 ,,R,D,DO,F ,T,G,C,50,0,1,0,,,1748937,5426020,-41.30353767,174.7790686
Wellington City,ADELAIDE ROAD,110,S, ,LAVAUD ST,201359305,10/12/13,Tue,852,EA,VS1CC,410A 500A ,M,R,D,B ,F , ,N,L,50,0,0,0,,,1748552,5423677,-41.32470365,174.7750442
Wellington City,ADELAIDE ROAD,5,N, ,LUXFORD ST,201312571,29/08/13,Thu,830,NA,CS1E,711B 719B ,,R,W,O ,F ,X,T,C,50,0,0,1,31,,1748585,5424220,-41.31980872,174.7753056
Wellington City,ADELAIDE ROAD,30,N, ,LUXFORD ST,201355811,9/11/13,Sat,1110,MC,CN1C,372B ,,R,D,B ,F , ,N,C,50,0,0,0,,,1748586,5424245,-41.31958345,174.7753114
Wellington City,ADELAIDE ROAD,, ,I,LUXFORD ST,201354185,12/10/13,Sat,1120,FE,CS1C,181A ,,R,D,B ,F ,T,T,C,50,0,0,0,,,1748584,5424215,-41.31985392,174.7752949
Wellington City,ADELAIDE ROAD,30,N, ,NIKAU ST,201354172,18/07/13,Thu,2255,CC,CS1V,129A 351A 402A ,M,R,D,DO,F , ,N,C,50,0,0,0,,,1748784,5425418,-41.30898595,174.7773891
Wellington City,ADELAIDE ROAD,, ,I,OXFORD ST,201351698,18/05/13,Sat,1213,BC,CS1CC,111A 122A 355A ,M,R,D,B ,F ,T,G,C,50,0,0,0,,,1748946,5426053,-41.3032389,174.779168
Wellington City,ADELAIDE ROAD,60,S, ,RIDDIFORD ST,201353469,7/09/13,Sat,1219,JA,VN1C,308B 314B 926 ,,R,D,O ,F ,D,N,L,50,0,0,0,,,1748817,5425550,-41.30779142,174.7777508
Wellington City,ADELAIDE ROAD,25,S, ,RUGBY ST,201312751,23/10/13,Wed,725,KA,SN1V,129B 308B 922 ,,R,D,O ,F ,D,N,P,50,0,0,1,,11,1748999,5426260,-41.30136541,174.7797501
Wellington City,ADELAIDE ROAD,50,S, ,RUGBY ST,201355806,24/10/13,Thu,1645,NA,CN1E,713B 725B ,,R,W,B ,F , ,N,P,50,0,0,0,,,1748993,5426236,-41.3015826,174.7796843
Wellington City,ADELAIDE ROAD,80,S, ,RUGBY ST,201311211,16/02/13,Sat,1414,LB,PN1C,303B 353B 924 ,,R,D,B ,F ,D,N,C,50,0,0,1,,,1748985,5426207,-41.30184517,174.7795959
Wellington City,ADELAIDE ROAD,, ,I,STOKE ST,201311712,30/04/13,Tue,800,KB,SN1P,316B 375B ,,R,D,B ,F ,T,N,C,50,0,0,2,,37,1748646,5424867,-41.31397228,174.7758759
Wellington City,ADELAIDE ROAD,10,N, ,TORQUAY TERRACE,201312285,16/07/13,Tue,1720,NB,CS1E,105B 711B ,,E,D,TO,F ,T,N,L,50,0,0,1,51,,1748614,5424724,-41.31526566,174.7755287
Wellington City,ADELAIDE ROAD,20,S, ,TORQUAY TERRACE,201351941,5/06/13,Wed,1956,FA,CS1CC,181A 402A 423A 929 ,,R,W,DO,F ,D,N,L,50,0,0,0,,,1748612,5424695,-41.31552713,174.7755119
Wellington City,ADELAIDE ROAD N,10,N, ,STOKE ST,201353528,20/08/13,Tue,1735,FA,BS1S,150A 181A ,,E,D,B ,F ,T,N,C,50,0,0,0,,,1748652,5424893,-41.31373708,174.7759412
Wellington City,AHURIRI ST,15,E, ,KEKERENGA ST,201353811,24/07/13,Wed,2225,CB,CE1V,103A 112A ,FM,R,D,DO,F ,T,N,C,50,0,0,0,,,1752007,5422312,-41.33634904,174.8166497
Wellington City,AHURIRI ST,100,N, ,KEKERENGA ST,201358263,14/12/13,Sat,824,CC,CN1C,103A 125A ,M,R,D,B ,F , ,N,C,50,0,0,0,,,1752088,5422336,-41.33611769,174.8176113
Wellington City,AKAROA DRIVE,100,N, ,KAIKOURA ST S,201350343,16/02/13,Sat,2115,EE,CN1C,525A ,Q,R,D,DO,F , ,N,C,50,0,0,0,,,1752221,5425592,-41.3067782,174.8183847
Wellington City,ALEXANDRA ROAD,, ,I,ALEXANDRA LOOKOUT ROAD,201326177,2/11/13,Sat,1305,FB,CS1C,102A 181A 387A ,,E,D,BF,F ,T,N,C,50,0,0,2,,,1750139,5426638,-41.29775084,174.7932674
Wellington City,ALLEN ST,, ,I,COURTENAY PLACE,201353534,4/08/13,Sun,1134,BC,CE1C,122A ,,R,D,B ,F ,T,N,N,50,0,0,0,,,1749209,5427107,-41.29370072,174.7820497
Wellington City,ALLEN ST,40,N, ,WAKEFIELD ST,201358517,7/12/13,Sat,345,MO,CE1C,371A ,M,R,D,DO,F , ,N,N,50,0,0,0,,,1749255,5427211,-41.29275586,174.7825733
Wellington City,ANNE ST,270,E, ,UPPER WATT ST,201350384,14/02/13,Thu,1639,MO,CN1,423A 507A 929 ,EFH,M,D,B ,F ,D,N,N,50,0,0,0,,,1749292,5430717,-41.26118297,174.7821559
Wellington City,AOTEA ON NBD,, ,I,AOTEA QUAY,201350742,2/04/13,Tue,920,GF,4N1C,171A 381A ,B,M,D,O ,F ,T,N,P,70,0,0,0,,,1749546,5430121,-41.26650206,174.7853328
Wellington City,AOTEA ON NBD,20,N, ,AOTEA QUAY OFF SBD,201350190,1/02/13,Fri,2237,MC,CS1C,372B 671B ,,R,D,DO,F , ,N,C,70,0,0,0,,,1749542,5430140,-41.26633173,174.7852804
Wellington City,AOTEA QUAY,10,N, ,AOTEA OFF SBD,201350626,14/03/13,Thu,1750,FB,VE1V,331A 353A 928 ,,R,D,B ,F ,D,N,P,70,0,0,0,,,1749559,5430086,-41.26681477,174.7854965
Wellington City,AOTEA QUAY,20,S, ,AOTEA OFF SBD,201351048,19/02/13,Tue,915,MC,CS1C,372B ,,R,D,B ,F , ,N,L,70,0,0,0,,,1749565,5430056,-41.26708376,174.7855754
Wellington City,AOTEA QUAY,300,S, ,AOTEA OFF SBD,201324048,8/11/13,Fri,830,CB,CS1,350A 410A ,P,R,W,O ,F , ,N,C,70,0,0,1,,,1749618,5429781,-41.26954989,174.7862754
Wellington City,AOTEA QUAY,, ,I,AOTEA OFF SBD,201354182,1/10/13,Tue,700,MC,CS1C,202B 404B ,,R,D,B ,F ,T,N,L,70,0,0,0,,,1749561,5430076,-41.26690443,174.7855228
Wellington City,AOTEA QUAY,, ,I,AOTEA OFF SBD,201355577,22/11/13,Fri,1329,MC,CS1V,372B ,,R,D,B ,F ,T,N,R,70,0,0,0,,,1749561,5430076,-41.26690443,174.7855228
Wellington City,AOTEA QUAY,, ,I,AOTEA OFF SBD,201325412,26/11/13,Tue,608,JA,XS1C,372B 801 ,,R,W,O ,L ,T,N,C,70,0,0,1,,,1749561,5430076,-41.26690443,174.7855228
Wellington City,AOTEA QUAY,, ,A,RLY YARD ENT S,201350393,9/02/13,Sat,2140,MB,CS1V,372B ,,R,D,DO,F , ,N,C,70,0,0,0,,,1749638,5429674,-41.27050956,174.7865403
Wellington City,AOTEA QUAY,25,S, ,SLIP ROAD,201352230,9/04/13,Tue,1910,DB,CN1,130A 622A ,FP,E,D,DO,F , ,N,N,70,0,0,0,,,1749538,5430160,-41.2661524,174.7852277
Wellington City,AOTEA QUAY,, ,I,SLIP ROAD,201351022,1/03/13,Fri,1640,LB,CN1C,303B 375B ,,E,D,B ,F ,T,G,R,70,0,0,0,,,1749532,5430184,-41.26593743,174.7851503
Wellington City,ARGENTINE AVENUE,200,S, ,CHELSEA ST,201353834,6/10/13,Sun,1345,GD,4S1C,181A 350A 929 ,,R,D,B ,F ,D,N,C,50,0,0,0,,,1752194,5424160,-41.31967588,174.8184207
Wellington City,ARIKI ROAD,100,N, ,HEPARA ST,201311700,26/04/13,Fri,1620,CB,CN1,130A 423A ,CK,R,D,O ,F , ,N,N,50,0,0,1,,,1750623,5426615,-41.29786773,174.7990513
Wellington City,ARLINGTON ST,50,W, ,TORRENS TERRACE,201351739,2/04/13,Tue,1818,CC,PE1C,112A 125A ,M,R,D,B ,F , ,N,C,50,0,0,0,,,1748378,5426504,-41.29928299,174.7722763
Wellington City,ARO ST,20,W, ,BOSTON TERRACE,201351354,10/05/13,Fri,1710,FD,4E1CC,181A 330A ,,R,D,B ,F , ,N,C,30,0,0,0,,,1748062,5426925,-41.29555057,174.7684012
Wellington City,ARO ST,40,W, ,BOSTON TERRACE,201358674,31/12/13,Tue,1843,FC,CE1CC,181A 423A 181B ,,E,D,B ,F , , ,C,50,0,0,0,,,1748044,5426932,-41.29549085,174.7681846
Wellington City,ARO ST,, ,I,BOSTON TERRACE,201352339,16/05/13,Thu,610,FC,CW1C,331A 378A ,,R,D,TF,F ,T,N,C,50,0,0,0,,,1748080,5426917,-41.29561929,174.7686181
Wellington City,ARO ST,, ,I,HOLLOWAY ROAD,201352345,26/06/13,Wed,1839,GD,CS1C,331A 378A ,,M,D,DO,F ,T,N,C,50,0,0,0,,,1747452,5427169,-41.29346538,174.7610598
Wellington City,ASHTON FITCHETT DRIVE,160,W, ,KAREPA ST,201312794,6/11/13,Wed,1810,BF,CW1C,121A 410A ,,E,W,TF,F , ,N,C,50,0,0,1,,,1747045,5426016,-41.3039207,174.7564797
Wellington City,AURORA TERRACE,10,E, ,CLIFTON TERRACE,201345584,22/11/13,Fri,1040,MO,4W1C,371A 929 ,,R,D,B ,F ,D,N, ,50,0,0,0,,,1748495,5428481,-41.28146163,174.773191
Wellington City,AURORA TERRACE,10,E, ,CLIFTON TERRACE,201355845,22/11/13,Fri,1040,MO,4W1C,929,,R,D,B ,F ,D,N,N,50,0,0,0,,,1748495,5428481,-41.28146163,174.773191
Wellington City,AURORA TERRACE,40,W, ,THE TERRACE,201351715,7/05/13,Tue,900,EA,CE1C,386A ,M,R,W,O ,F , ,N,C,50,0,0,0,,,1748616,5428512,-41.28116026,174.7746276
Wellington City,AURORA TERRACE,50,W, ,THE TERRACE,201312470,12/08/13,Mon,845,QD,CE1EE,330A 611A ,,R,W,O ,F , ,N,C,50,0,0,2,,,1748606,5428514,-41.2811441,174.7745078
Wellington City,AURORA TERRACE,50,W, ,THE TERRACE,201354352,13/11/13,Wed,1415,MD,CW1V,308B 371B 926 ,,R,D,B ,F ,D,N,C,50,0,0,0,,,1748606,5428514,-41.2811441,174.7745078
Wellington City,AURORA TERRACE,50,E, ,WESLEY ROAD,201355813,17/10/13,Thu,,MO,CW1C,386A ,M,R,D,DN,F , ,N,N,50,0,0,0,,,1748426,5428441,-41.28183446,174.7723772
Wellington City,AUSTIN ST,10,S, ,ELLICE ST,201351598,17/05/13,Fri,1236,EA,CS1,136A 622A ,M,R,D,B ,F ,X,S,C,50,0,0,0,,,1749490,5426268,-41.30120257,174.7856102
Wellington City,AWA ROAD,80,N, ,MARINE PARADE,201351635,28/03/13,Thu,41,DB,CN1,111A 402A ,C,M,D,DO,F , ,N,C,50,0,0,0,,,1753123,5424994,-41.3119914,174.829305
Wellington City,AWA ROAD,, ,I,PARA ST,201312284,4/07/13,Thu,1740,FB,CW1C,181A ,,R,D,DO,F ,T,G,C,50,0,0,1,,,1752560,5424884,-41.31308843,174.8226099
Wellington City,BALLANCE ST,5,S, ,LAMBTON QUAY,201351136,11/03/13,Mon,2030,EA,CN1M,386A ,M,E,D,TO,F ,T,N,C,50,0,0,0,,,1748756,5428638,-41.28000005,174.7762678
Wellington City,BARNETT ST,90,N, ,CABLE ST,201350867,14/03/13,Thu,912,MO,TE1V,179A 371A ,M,R,D,B ,F , ,N,C,50,0,0,0,,,1749305,5427430,-41.29077487,174.7831165
Wellington City,BATHGATE ST,10,N, ,MORPETH ST,201351553,3/05/13,Fri,2203,QD,CS1,611A ,J,R,D,DO,F ,T,N,N,50,0,0,0,,,1750343,5435251,-41.22016654,174.7935795
Wellington City,BAY ROAD,, ,I,KILBIRNIE CRESCENT,201350824,7/04/13,Sun,1620,DB,CN1,111A 402A 427A 801 ,T,R,W,O ,L ,X,T,R,50,0,0,0,,,1750265,5424487,-41.31709355,174.795303
Wellington City,BAY ROAD,, ,I,RONGOTAI ROAD,201351374,2/05/13,Thu,1100,GF,VN1C,129A ,,R,D,B ,F ,X,T,C,50,0,0,0,,,1750240,5424398,-41.3178995,174.7950264
Wellington City,BAY ROAD,, ,I,RONGOTAI ROAD,201351157,28/01/13,Mon,1330,AO,BS1C,179A ,,R,D,B ,F ,X,T,C,50,0,0,0,,,1750240,5424398,-41.3178995,174.7950264
Wellington City,BEACON HILL ROAD,20,N, ,TANNADYCE ST,201311640,31/03/13,Sun,1911,CC,CN1CC,103A 129A ,MM,R,D,TF,F , ,N,C,50,0,0,1,,,1752982,5423405,-41.32632415,174.8280212
Wellington City,BEAZLEY AVENUE,, ,I,BRACKEN ROAD,201352220,9/06/13,Sun,842,DA,CW1,103A 111A ,F,M,W,O ,L ,T,G,C,50,0,0,0,,,1752683,5435474,-41.21772068,174.8214263
Wellington City,BEAZLEY AVENUE,20,S, ,CATHERINE CRESCENT E,201354236,5/11/13,Tue,720,EA,CN1C,129A 363A ,M,E,D,B ,F , ,N,C,50,0,0,0,,,1752561,5435785,-41.21494365,174.819894
Wellington City,BEAZLEY AVENUE,, ,I,LYNDA AVENUE,201354013,12/10/13,Sat,1900,JA,CS1C,302B 801 ,,M,W,O ,L ,T,G,C,50,0,0,0,,,1752168,5435741,-41.21541378,174.8152191
Wellington City,BIDWILL ST,, ,I,BROOKLYN ROAD,201350332,10/02/13,Sun,1203,FB,CW1C,331A 387A ,,M,D,B ,F ,T,G,C,50,0,0,0,,,1748117,5426077,-41.30317542,174.7692642
Wellington City,BIDWILL ST,70,W, ,WALLACE ST,201354351,11/11/13,Mon,2135,EA,CW1C,386A ,M,R,D,DO,F , ,N,N,50,0,0,0,,,1748454,5426205,-41.30196104,174.7732566
Wellington City,BIRDWOOD ST,230,N, ,CHAYTOR ST,201354313,2/07/13,Tue,1840,FF,MS1C,181A ,,M,D,DN,F , ,N,C,50,0,0,0,,,1746826,5428062,-41.28553932,174.7533713
Wellington City,BIRDWOOD ST,130,W, ,CHAYTOR ST,201359302,15/12/13,Sun,644,DA,CN1,103A 410A ,,E,D,B ,F , ,N,C,50,0,0,0,,,1746831,5427964,-41.28642076,174.7534546
Wellington City,BIRDWOOD ST,, ,I,CHAYTOR ST,201352486,12/07/13,Fri,1840,FE,CE1C,330A 387A ,,R,W,DO,L ,T,T,C,50,0,0,0,,,1746934,5427929,-41.28671715,174.7546926
Wellington City,BLACK ROCK ROAD,, ,I,NEWLANDS ROAD,201354012,8/10/13,Tue,1300,LB,CS1C,303B 334B 404B ,F,R,D,O ,F ,T,G,P,50,0,0,0,,,1752420,5434295,-41.2283852,174.8185845
Wellington City,BLAIR ST,, ,I,COURTENAY PLACE,201351282,22/02/13,Fri,2330,MG,BE1X,371B ,,R,D,DO,F ,T,N,C,50,0,0,0,,,1749282,5427092,-41.29382227,174.7829248
Wellington City,BLYTHE ST,20,W, ,RINTOUL ST,201352283,14/06/13,Fri,2115,CC,CW1CC,102A 112A ,M,R,D,DO,F , ,N,N,50,0,0,0,,,1748763,5423895,-41.32270201,174.7775109
Wellington City,BOMBAY ST,50,N, ,COLWAY ST,201351264,29/04/13,Mon,1139,EA,BN1C,386A ,M,R,D,O ,F , ,N,R,50,0,0,0,,,1749178,5431967,-41.24994967,174.7804899
Wellington City,BOULCOTT ST,, ,I,WILLIS ST,201325746,23/10/13,Wed,1917,GE,4S1S,372B ,,R,D,O ,F ,X,T,C,50,0,0,1,,36,1748603,5427623,-41.28916673,174.7746894
Wellington City,BOULD ST,60,S, ,TAKATIMU WAY,201353367,16/08/13,Fri,30,MO,CW1,517A 929 ,FX,R,D,DO,F ,D,N,N,50,0,0,0,,,1751270,5434691,-41.2250357,174.8047719
Wellington City,BOWEN ST,25,N, ,LAMBTON QUAY,201311448,18/03/13,Mon,846,AO,BS1P,129A 370A 651B ,,E,W,O ,L ,X,T,C,50,0,0,1,,,1748816,5428712,-41.27932274,174.7769659
Wellington City,BOWEN ST,, ,I,MUSEUM ST,201312317,16/06/13,Sun,1656,NB,CE1E,307A 376A ,,R,W,DO,L ,X,T,R,50,0,0,1,50,,1748718,5428772,-41.27880058,174.7757816
Wellington City,BOWEN ST,15,E, ,THE TERRACE,201312570,18/09/13,Wed,1203,LB,SE1C,303B 375B ,,R,D,B ,F ,T,T,C,50,0,0,1,,26,1748716,5428773,-41.27879195,174.7757575
Wellington City,BOWEN ST,80,E, ,THE TERRACE,201351898,5/06/13,Wed,1818,AO,CW1C,129A 129B ,,M,W,DO,L , ,N,L,50,0,0,0,,,1748780,5428761,-41.2788882,174.7765243
Wellington City,BOWEN ST,40,W, ,THE TERRACE,201312372,9/07/13,Tue,755,EE,SS1T,378A 374B 446B 831 ,Q,E,D,O ,F , ,N,C,50,0,1,0,,44,1748663,5428786,-41.27868466,174.7751217
Wellington City,BOWEN ST,, ,I,THE TERRACE,201311871,31/05/13,Fri,1238,FE,SE1C,334A 350A ,,R,D,B ,F ,T,T,R,50,0,0,1,,32,1748701,5428774,-41.27878571,174.7755782
Wellington City,BOWEN ST,, ,I,THE TERRACE,201311214,7/02/13,Thu,1317,EE,SW1C,158A 525A ,Q,R,D,B ,F ,T,T,C,50,0,0,1,,36,1748701,5428774,-41.27878571,174.7755782
Wellington City,BOWEN ST,, ,I,THE TERRACE,201353474,29/08/13,Thu,2010,FE,CW1C,322A 334A ,,R,D,DO,F ,T,T,C,50,0,0,0,,,1748701,5428774,-41.27878571,174.7755782
Wellington City,BOX HILL,20,S, ,CLARK ST,201351923,13/06/13,Thu,1922,EA,CN1,120A 358A ,M,R,D,DO,F , ,N,C,50,0,0,0,,,1750036,5432508,-41.24492003,174.7905927
Wellington City,BRACKEN ROAD,, ,I,MCMILLAN COURT,201353202,15/08/13,Thu,1324,JA,TN1C,301B 427B ,,R,D,B ,F ,T,S,C,50,0,0,0,,,1752852,5434890,-41.22294672,174.8235875
Wellington City,BRACKEN ROAD,, ,I,NEWLANDS ROAD,201356201,7/11/13,Thu,650,HA,CS1C,302A 375A ,,R,W,OF,M ,R,G,N,50,0,0,0,,,1752868,5434842,-41.22337586,174.8237903
Wellington City,BRIGHTON ST,10,S, ,LIFFEY ST,201312054,1/05/13,Wed,1216,QD,TN1,428A ,CM,E,D,B ,F ,T,N,N,50,0,0,1,,,1748380,5421915,-41.3405993,174.7734202
Wellington City,BRITOMART ST,, ,I,ADELAIDE ROAD,201312744,23/09/13,Mon,835,NF,CS1E,307A 376A ,,R,D,O ,F ,X,T,C,50,0,0,1,,,1748579,5424122,-41.32069216,174.7752579