TLA NAME,CRASH ROAD,CRASH DIST,CRASH DIRN,INTSN,SIDE ROAD,CRASH ID,CRASH DATE,CRASH DOW,CRASH TIME,MVMT,VEHICLES,CAUSES,OBJECTS STRUCK,ROAD CURVE,ROAD WET,LIGHT,WTHRa,JUNC TYPE,TRAF CTRL,ROAD MARK,SPD LIM,CRASH FATAL CNT,CRASH SEV CNT,CRASH MIN CNT,PERS AGE1,PERS AGE2,EASTING,NORTHING,latitude,longitude
Wellington City,BRITOMART ST,70,E, ,STANLEY ST,201350299,4/02/13,Mon,1450,FC,CE1C,181A 350A 402A ,,R,W,O ,L , ,N,C,50,0,0,0,,,1748432,5424131,-41.3206382,174.7735001
Wellington City,BROADWAY,10,E, ,CRAWFORD GREEN E,201353278,16/08/13,Fri,2210,CB,CW1,103A 410A ,MP,R,W,DO,F ,T,G,P,50,0,0,0,,,1752025,5423552,-41.3251817,174.8165545
Wellington City,BROADWAY,10,W, ,CRAWFORD GREEN W,201353726,13/09/13,Fri,1210,EA,CE1C,386A 410A ,M,R,D,B ,F ,T,N,R,50,0,0,0,,,1751885,5423548,-41.3252441,174.8148834
Wellington City,BROADWAY,20,W, ,HOBART ST,201354014,9/10/13,Wed,1340,FA,CW1C,181A 901 903 ,,R,W,O ,HS,T,G,P,50,0,0,0,,,1751612,5423541,-41.3253585,174.8116246
Wellington City,BROADWAY,40,W, ,KAURI ST,201353438,26/08/13,Mon,1900,FD,CE1C,181A ,,R,D,DO,F , ,N,C,50,0,0,0,,,1751483,5423533,-41.32545478,174.8100859
Wellington City,BROADWAY,, ,I,MONORGAN ROAD,201352065,23/06/13,Sun,1335,JA,VW1C,301B 382B ,,R,D,B ,F ,X,S,C,50,0,0,0,,,1752143,5423554,-41.32514144,174.8179633
Wellington City,BROADWAY,, ,I,SLIP,201355579,12/11/13,Tue,859,KB,XN14,302A 375A ,,M,D,B ,F ,R,G,C,50,0,0,0,,,1751477,5423533,-41.3254559,174.8100143
Wellington City,BROADWAY,, ,I,STEWART DUFF DRIVE,201311457,15/03/13,Fri,1830,FB,CW1CC,331A 350A 402A ,,R,D,B ,F ,R,G,R,50,0,0,1,,,1751464,5423521,-41.32556638,174.809862
Wellington City,BROADWAY,80,E, ,TIO TIO ROAD,201350599,16/02/13,Sat,1927,QD,CW1C,611A ,,R,D,B ,F , ,N,C,50,0,0,0,,,1752648,5423667,-41.32402863,174.8239662
Wellington City,BROADWAY,80,E, ,WAYSIDE WEST,201351387,20/04/13,Sat,1100,JA,CE1C,112A 929 ,,R,W,O ,F ,D,N,C,50,0,0,0,,,1751809,5423545,-41.32528542,174.8139765
Wellington City,BRODERICK ROAD,, ,I,DOCTOR TAYLOR TERRACE,201352138,12/06/13,Wed,1245,FD,VW1CC,331A 353A ,,R,D,B ,F ,T,N,C,50,0,0,0,,,1751135,5434773,-41.22432264,174.8031417
Wellington City,BRODERICK ROAD,, ,I,MOOREFIELD ROAD,201351218,16/03/13,Sat,44,FE,4W1M,181A ,,R,D,DO,F ,X,T,C,50,0,0,0,,,1751177,5434767,-41.22436882,174.8036441
Wellington City,BROOKLYN ROAD,40,S, ,BIDWILL ST,201353244,10/08/13,Sat,1518,DA,CS1,361A 410A ,,M,D,O ,F , ,N,C,50,0,0,0,,,1748085,5426052,-41.30340638,174.7688882
Wellington City,BROOKLYN ROAD,70,S, ,BIDWILL ST,201351640,25/04/13,Thu,38,DA,CW1,135A 330A 806 901 ,P,M,W,DO,H , ,N,R,50,0,0,0,,,1748056,5426054,-41.30339369,174.7685415
Wellington City,BROOKLYN ROAD,70,S, ,BIDWILL ST,201312750,10/10/13,Thu,1337,DA,CW1,131A 817 ,P,M,D,B ,F , ,N,R,50,0,0,1,,,1748056,5426054,-41.30339369,174.7685415
Wellington City,BROOKLYN ROAD,70,W, ,BIDWILL ST,201351768,16/04/13,Tue,1325,BB,4S1C,123A 801 ,,M,W,O ,F , ,N,C,50,0,0,0,,,1748056,5426054,-41.30339369,174.7685415
Wellington City,BROOKLYN ROAD,120,W, ,BIDWILL ST,201354034,9/10/13,Wed,1635,BF,CW1V,501A ,,M,W,O ,L , ,N,L,50,0,0,0,,,1748020,5426088,-41.30309418,174.7681034
Wellington City,BROOKLYN ROAD,150,W, ,BIDWILL ST,201354187,13/10/13,Sun,1120,BE,TS1C,103A 125A ,C,R,D,B ,F , ,N,L,50,0,0,0,,,1748013,5426117,-41.30283436,174.7680128
Wellington City,BROOKLYN ROAD,50,W, ,NAIRN ST N,201358261,27/12/13,Fri,125,DB,CS1C,121A 134A ,M,M,W,DN,H , ,N,P,50,0,0,0,,,1748156,5426725,-41.29733401,174.7695721
Wellington City,BROOKLYN ROAD,150,N, ,NAIRN ST S,201312005,2/07/13,Tue,1119,EA,TS1T,129A 350A 500A ,EM,R,D,O ,F , ,N,P,50,0,0,1,,,1748067,5426414,-41.30015043,174.7685852
Wellington City,BROOKLYN ROAD,300,N, ,NAIRN ST S,201311257,8/02/13,Fri,840,EA,CN1CC,103A 129A 410A ,M,R,D,B ,F , ,N,C,50,0,0,1,,,1748072,5426561,-41.298826,174.7686092
Wellington City,BROOKLYN ROAD,80,S, ,NAIRN ST S,201350625,1/03/13,Fri,1542,AC,CS1CC,151A 192A 357A 357B ,M,M,D,B ,F , ,N,P,50,0,0,0,,,1748149,5426206,-41.3020081,174.7696149
Wellington City,BROOKLYN ROAD,20,E, ,WASHINGTON AVENUE,201353540,13/08/13,Tue,1715,FO,CW1C,330A 652A ,,E,D,TO,F ,T,G,C,50,0,0,0,,,1747892,5426146,-41.30259545,174.766561
Wellington City,BROOKLYN ROAD S,50,N, ,NAIRN ST,201353412,7/09/13,Sat,1230,AC,CS1C,372A 382A ,,E,D,O ,F , ,N,P,50,0,0,0,,,1748124,5426334,-41.30086024,174.7692852
Wellington City,BUCKLE ST,30,W, ,CAMBRIDGE TERRACE,201354178,16/09/13,Mon,2230,BA,CW1C,170A 201A ,,R,D,DO,F , ,N,C,50,0,0,0,,,1749023,5426487,-41.2993172,174.779981
Wellington City,BUNNY ST,30,E, ,FEATHERSTON ST,201312671,9/07/13,Tue,1915,NA,PW1E,377A ,,R,W,DO,L , ,N,R,50,0,0,2,55,,1749022,5428667,-41.27968991,174.7794355
Wellington City,BUNNY ST,, ,I,FEATHERSTON ST,201351150,6/03/13,Wed,1430,GF,SW1X,158B 381B ,,M,D,B ,F ,X,T,C,50,0,0,0,,,1748999,5428685,-41.27953209,174.7791566
Wellington City,BURMA ROAD,130,N, ,JOHN SIMS DRIVE,201311782,16/05/13,Thu,1522,EA,CN1B,181A 350A ,M,R,D,O ,F , ,N,C,50,0,0,1,,,1750694,5433620,-41.23478586,174.7981673
Wellington City,BURMA ROAD,, ,I,JOHN SIMS DRIVE,201312588,11/09/13,Wed,1900,KA,SN1V,302B 375B ,,R,W,DO,H ,T,G,C,50,0,0,1,,51,1750687,5433490,-41.23595761,174.7981159
Wellington City,CABLE ST,20,E, ,CHAFFERS ST,201324058,23/11/13,Sat,2053,GE,CE1B,157A 160A 927 ,,R,D,DO,F ,D,N,C,50,0,0,1,,,1749371,5427299,-41.2919421,174.7839365
Wellington City,CABLE ST,70,E, ,CHAFFERS ST,201311212,23/01/13,Wed,1713,AA,CE1P,372A 381A ,,R,D,B ,F , ,N,C,50,0,1,0,,,1749417,5427278,-41.29212266,174.7844907
Wellington City,CABLE ST,10,W, ,CHAFFERS ST,201351229,14/01/13,Mon,1710,AC,CE1C,372A ,,R,W,O ,F ,T,T,C,50,0,0,0,,,1749344,5427312,-41.29183005,174.783611
Wellington City,CABLE ST,, ,I,CHAFFERS ST,201352214,22/06/13,Sat,2240,KB,CE1CC,323A 334A 356A ,M,R,D,DO,F ,T,T,C,50,0,0,0,,,1749353,5427308,-41.2918644,174.7837194
Wellington City,CABLE ST,, ,I,CHAFFERS ST,201352132,4/04/13,Thu,945,KB,4E1C,323B 334B ,,R,D,O ,F ,T,T,C,50,0,0,0,,,1749353,5427308,-41.2918644,174.7837194
Wellington City,CABLE ST,10,E, ,TARANAKI ST,201350147,1/02/13,Fri,2007,GC,CS1C,103A 111A 160A 922 ,I,R,D,B ,F ,D,N,R,50,0,0,0,,,1749059,5427467,-41.2904872,174.7801708
Wellington City,CABLE ST,40,E, ,TARANAKI ST,201324917,20/11/13,Wed,1806,FD,CE1CM,331A 353A ,,R,D,B ,F , ,N,C,50,0,0,1,,,1749082,5427448,-41.29065402,174.7804501
Wellington City,CABLE ST,50,E, ,TARANAKI ST,201350735,2/03/13,Sat,1528,AA,CE1C,372A ,,R,D,B ,F , ,N,C,50,0,0,0,,,1749090,5427442,-41.29070656,174.780547
Wellington City,CABLE ST,, ,I,TARANAKI ST,201355694,31/12/13,Tue,,GC,VS1C,171B ,,R,D,B ,F ,X,T,C,50,0,0,0,,,1749051,5427473,-41.29043466,174.7800739
Wellington City,CABLE ST,, ,I,TARANAKI ST,201351216,28/03/13,Thu,715,MG,CE1C,371B ,,R,D,B ,F ,X,T,C,50,0,0,0,,,1749051,5427473,-41.29043466,174.7800739
Wellington City,CABLE ST,, ,I,TORY ST,201359095,25/09/13,Wed,1520,AA,CE1V,372A ,,R,W,OF,L ,T,T,C,50,0,0,0,,,1749241,5427357,-41.29144395,174.7823704
Wellington City,CALEDONIA ST,, ,I,KAURI ST,201353481,5/09/13,Thu,1320,HA,CN1C,301B 375B ,,R,W,O ,L ,X,S,C,50,0,0,0,,,1751663,5423987,-41.32133348,174.8121225
Wellington City,CAMBRIDGE ST,100,E, ,MAIN ROAD,201351275,8/02/13,Fri,450,MO,CN1C,371A ,M,R,D,DO,F , ,N,C,50,0,0,0,,,1753162,5440661,-41.17092981,174.8258393
Wellington City,CAMBRIDGE ST,, ,I,MAIN ROAD,201353072,23/07/13,Tue,1500,HA,VW1C,302A ,,E,D,B ,F ,R,G,C,50,0,0,0,,,1753083,5440600,-41.17149394,174.8249132
Wellington City,CAMBRIDGE TERRACE,100,N, ,ALPHA ST,201326012,15/10/13,Tue,747,AA,XN1M,372A ,,R,W,OF,H , ,N,C,50,0,0,1,,,1749340,5427052,-41.29417168,174.783627
Wellington City,CAMBRIDGE TERRACE,10,S, ,COURTENAY PLACE,201312709,14/09/13,Sat,1648,FE,VN1CC,423A ,,R,D,B ,F ,X,T,R,50,0,0,1,,,1749347,5427068,-41.29402633,174.7837066
Wellington City,CAMBRIDGE TERRACE,, ,I,COURTENAY PLACE,201326180,9/10/13,Wed,1715,NA,CN1E,322A ,,R,W,OF,F ,X,T,R,50,0,0,1,26,,1749351,5427078,-41.29393556,174.7837519
Wellington City,CAMBRIDGE TERRACE,15,S, ,VIVIAN ST,201350608,27/02/13,Wed,1440,FE,CN1C,330A 427A ,,R,D,B ,F ,X,T,C,50,0,0,0,,,1749191,5426720,-41.29718837,174.7819296
Wellington City,CAMBRIDGE TERRACE,, ,I,WAKEFIELD ST,201357244,18/11/13,Mon,815,AO,VN1S,158A ,,E,D,O ,F ,T,N,C,50,0,0,0,,,1749394,5427177,-41.29303626,174.784241
Wellington City,CAMPBELL ST,, ,I,FIRTH TERRACE,201312287,16/04/13,Tue,830,CA,MN1,197A ,,R,D,O ,F ,T,G,C,50,0,0,1,,,1745777,5427787,-41.2882054,174.7409157
Wellington City,CARLTON GORE ROAD,70,E, ,ORIENTAL PARADE,201350320,9/02/13,Sat,1831,BC,CW1B,111A 132A ,,M,D,B ,F , ,N,L,50,0,0,0,,,1750762,5427745,-41.28766802,174.8004309
Wellington City,CENTENNIAL SLIP ROAD,, ,I,HUTT ON NBD,201312113,18/05/13,Sat,1500,FA,CS1C,181A 331A ,,R,D,B ,F ,T,N,R,100,0,0,1,,,1751997,5432223,-41.24711971,174.8140559
Wellington City,CHAFFERS ST,5,S, ,CABLE ST,201311980,16/06/13,Sun,958,MB,CS1CCC,133B 372B ,M,R,W,O ,F ,T,T,C,50,0,0,2,,,1749351,5427303,-41.29190979,174.7836967
Wellington City,CHAFFERS ST,, ,I,WAKEFIELD ST,201353196,8/08/13,Thu,2219,DA,VW2C,111A 135A 801 ,M,M,W,DO,F ,T,S,C,50,0,0,0,,,1749319,5427226,-41.29260897,174.7833336
Wellington City,CHAYTOR ST,, ,I,BIRDWOOD ST,201353239,27/07/13,Sat,32,DA,CN1,103A 129A ,I,M,D,DO,F ,T,T,R,50,0,0,0,,,1746934,5427929,-41.28671715,174.7546926
Wellington City,CHAYTOR ST,, ,I,CURTIS ST,201311913,13/06/13,Thu,1255,DB,ME1,135A 138A 810 ,,R,D,O ,F ,T,G,P,50,0,0,1,,,1746843,5428162,-41.28463587,174.7535501
Wellington City,CHAYTOR ST,, ,I,CURTIS ST,201351938,26/05/13,Sun,1010,DA,TW1C,386A ,Q,R,D,B ,F ,T,G,C,50,0,0,0,,,1746843,5428162,-41.28463587,174.7535501
Wellington City,CHAYTOR ST,, ,I,CURTIS ST,201357248,16/12/13,Mon,752,LB,SE1C,303B ,,E,D,B ,F ,T,G,C,50,0,0,0,,,1746843,5428162,-41.28463587,174.7535501
Wellington City,CHAYTOR ST,120,E, ,OLD KARORI ROAD,201358966,24/12/13,Tue,2034,DA,CS1,103A 110A 131A ,F,M,W,O ,L , ,N,C,50,0,0,0,,,1746741,5428511,-41.28151217,174.7522486
Wellington City,CHAYTOR ST,130,E, ,OLD KARORI ROAD,201357717,27/12/13,Fri,2027,DA,CS1,110A 131A 402A ,G,M,W,O ,F , ,N,C,50,0,0,0,,,1746749,5428506,-41.28155574,174.7523452
Wellington City,CHAYTOR ST,, ,I,RAROA CRESCENT,201351790,2/06/13,Sun,1401,JA,CE1C,302B 378B ,,E,D,O ,F ,T,G,C,50,0,0,0,,,1746887,5428152,-41.28471791,174.7540777
Wellington City,CHAYTOR ST,, ,I,RAROA CRESCENT,201324300,30/11/13,Sat,1127,JA,SE1C,302B 382B ,,E,W,O ,L ,T,G,C,50,0,0,1,,17,1746887,5428152,-41.28471791,174.7540777
Wellington City,CHESTER ROAD,10,N, ,WILFRED ST,201352219,2/06/13,Sun,2138,DB,CN1,111A 402A 517A ,,S,D,DO,F ,T,G,N,50,0,0,0,,,1752649,5441090,-41.1671641,174.8196199
Wellington City,CHILDERS TERRACE,10,N, ,RONGOTAI ROAD E,201351775,29/05/13,Wed,2200,BA,VN1C,129A 386A ,,R,D,DO,  ,M,G,C,50,0,0,0,,,1750124,5424438,-41.31756097,174.7936313
Wellington City,CHILDERS TERRACE,, ,I,RONGOTAI ROAD W,201353865,30/09/13,Mon,1150,LB,4S1C,301B 375B ,,E,W,O ,L ,X,S,P,50,0,0,0,,,1750109,5424432,-41.31761778,174.7934536
Wellington City,CHURCHILL DRIVE,100,E, ,BLACKBRIDGE ROAD,201311843,30/04/13,Tue,2120,DB,CN1,111A 135A 402A 801 901 ,C,M,W,DO,HS, ,N,N,50,0,0,1,,,1747731,5430661,-41.26197406,174.7635437
Wellington City,CHURCHILL DRIVE,120,S, ,CHARTWELL DRIVE,201352209,22/06/13,Sat,715,CA,CS1,135A 801 901 903 ,,R,W,O ,HS, ,N,C,50,0,0,0,,,1747984,5431015,-41.25874051,174.7664766
Wellington City,CHURCHILL DRIVE,20,E, ,SILVERSTREAM ROAD,201350823,6/04/13,Sat,2258,FA,CE1C,181A 331A 422B ,,E,D,DO,F ,R,G,R,50,0,0,0,,,1747978,5431496,-41.2544109,174.7662883
Wellington City,CHURCHILL DRIVE,170,S, ,SILVERSTREAM ROAD,201324985,22/11/13,Fri,1153,MO,CN1C4B,130A 357A 423A 922 ,M,R,D,B ,F ,D,N,C,50,0,1,0,,,1747893,5431332,-41.25590304,174.765314
Wellington City,CHURCHILL DRIVE,20,S, ,WILTON BUSH ROAD,201325742,12/12/13,Thu,1412,DB,VN1,111A 131A 801 ,JP,M,W,O ,L , , ,P,50,0,0,1,,,1747709,5430534,-41.26312153,174.763312
Wellington City,CHURCHILL DRIVE,80,S, ,WILTON BUSH ROAD,201350161,29/01/13,Tue,1405,MO,CS1,423A 507A 930 ,H,S,D,B ,F ,D,N, ,50,0,0,0,,,1747698,5430479,-41.26361874,174.763194
Wellington City,CHURCHILL DRIVE,200,N, ,WILTON ROAD,201355500,17/11/13,Sun,1109,CB,CS1,129A 354A ,C,R,W,O ,F , ,N,C,50,0,0,0,,,1747576,5430269,-41.26553178,174.7617891
Wellington City,CHURCHILL DRIVE,, ,I,WILTON ROAD,201358676,24/12/13,Tue,740,LB,CS1T,303B ,,S,W,O ,H ,T,G,R,50,0,0,0,,,1747592,5430100,-41.26705045,174.762021
Wellington City,CHURTON DRIVE,50,S, ,GODDARD GROVE,201355699,3/11/13,Sun,44,DA,CW1,103A 131A 358A ,K,E,D,DO,F , , ,C,50,0,0,0,,,1751759,5435986,-41.21328474,174.8102817
Wellington City,CHURTON PARK OFF NBD,200,N, ,SH 1N,201350170,2/01/13,Wed,1916,EC,CN1,135A 330A 341A 903 ,PX,R,D,O ,FS, ,N,N,100,0,0,0,,,1752442,5436795,-41.20587267,174.8182233
Wellington City,CLEVELAND ST,20,E, ,HARRISON ST,201357249,27/12/13,Fri,1934,GD,4E1C,331A 927 ,,R,W,TF,F ,D, ,C,50,0,0,0,,,1747800,5425882,-41.30498922,174.7655267
Wellington City,COBHAM DRIVE,, ,I,SH 1N CALABAR ROAD,201352544,26/06/13,Wed,700,FB,CW1C,181A 331A 801 ,,E,W,TO,L ,R,G,C,50,0,0,0,,,1751447,5424535,-41.3164403,174.8094063
Wellington City,COBHAM DRIVE,, ,I,SH 1N CALABAR ROAD,201352604,23/05/13,Thu,1300,MG,CE1C,371B ,,R,D,B ,F ,R,G,R,50,0,0,0,,,1751444,5424531,-41.31647687,174.8093715
Wellington City,COLLINS AVENUE,40,W, ,COATES ST,201351063,25/01/13,Fri,108,DB,CE1,103A 111A ,P,M,D,DO,F , ,N,C,50,0,0,0,,,1753901,5442068,-41.15812213,174.8342912
Wellington City,CONNAUGHT TERRACE,140,E, ,WASHINGTON AVENUE,201351717,15/05/13,Wed,1019,BB,TE1C,123A 386A 818 ,Q,E,D,B ,F , ,N,N,50,0,0,0,,,1747925,5425359,-41.30967513,174.7671464
Wellington City,CONSTABLE ST,30,W, ,ALEXANDRA ROAD,201311816,18/04/13,Thu,2224,MC,MW1C,372B ,,R,D,DO,F , ,N,C,50,0,0,1,,,1749649,5424991,-41.31267039,174.7878227
Wellington City,CONSTABLE ST,70,E, ,DANIELL ST,201352247,29/06/13,Sat,1252,MO,CW1C,386A ,M,R,D,B ,F , ,N,C,50,0,0,0,,,1749261,5424943,-41.31317445,174.7832013
Wellington City,CONSTABLE ST,80,E, ,DANIELL ST,201352246,29/06/13,Sat,1252,MO,CW1C,371A ,M,R,D,B ,F , ,N,C,50,0,0,0,,,1749271,5424945,-41.31315459,174.7833202
Wellington City,CONSTABLE ST,100,E, ,DANIELL ST,201350380,2/02/13,Sat,2337,EA,CE1C,103A 130A ,M,R,D,DN,F , ,N,C,50,0,0,0,,,1749290,5424949,-41.31311506,174.7835461
Wellington City,CONSTABLE ST,15,W, ,DANIELL ST,201354058,10/10/13,Thu,1425,FF,VW14,181A ,,R,D,B ,F , ,N,C,50,0,0,0,,,1749178,5424925,-41.31335186,174.7822146
Wellington City,CONSTABLE ST,20,E, ,HIROPI ST,201353896,3/10/13,Thu,1640,MA,CW1C,373B ,,R,D,B ,F , ,N,C,50,0,0,0,,,1749464,5424986,-41.31274971,174.7856148
Wellington City,CONSTABLE ST,, ,I,OWEN ST,201355696,25/11/13,Mon,1555,KB,CE1C,322A 350A ,,R,D,B ,F ,X,T,C,50,0,0,0,,,1749364,5424965,-41.31295731,174.7844258
Wellington City,CONSTABLE ST,, ,I,RIDDIFORD ST,201351862,8/06/13,Sat,2200,MG,CW1C,350B 371B ,,R,D,DO,F ,T,T,C,50,0,0,0,,,1748979,5424883,-41.31376678,174.7798485
Wellington City,CORTINA AVENUE,, ,I,BRODERICK ROAD,201351634,6/04/13,Sat,2119,DB,CS1C,111A 122A 402A ,M,E,W,DO,F ,T,S,C,50,0,0,0,,,1750748,5434809,-41.22407071,174.7985179
Wellington City,CORTINA AVENUE,5,N, ,STONEFIELD PLACE,201355825,8/11/13,Fri,1300,DB,CN1,410A 423A ,T,E,D,B ,F ,T,N,C,50,0,0,0,,,1750551,5435318,-41.21952463,174.7960432
Wellington City,COURTENAY PLACE,20,W, ,ALLEN ST,201351865,7/06/13,Fri,917,AA,BE1C,372A ,,R,D,O ,F ,T,T,C,50,0,0,0,,,1749191,5427115,-41.29363202,174.7818328
Wellington City,COURTENAY PLACE,30,W, ,ALLEN ST,201352107,25/05/13,Sat,1230,MB,XE1X,372B ,,R,D,B ,F , ,N,C,50,0,0,0,,,1749182,5427119,-41.29359767,174.7817244
Wellington City,COURTENAY PLACE,, ,I,ALLEN ST,201355698,22/11/13,Fri,845,GF,SW1V,333A 387A 671B ,,R,D,B ,F ,T,N,R,50,0,0,0,,,1749209,5427107,-41.29370072,174.7820497
Wellington City,COURTENAY PLACE,, ,I,ALLEN ST,201354188,20/10/13,Sun,447,EA,CW1X,103A 129A ,M,R,D,DO,F ,T,N,R,50,0,0,0,,,1749209,5427107,-41.29370072,174.7820497
Wellington City,COURTENAY PLACE,, ,I,ALLEN ST,201352954,27/07/13,Sat,530,MG,CE1C,371B 402B ,,R,D,DO,F ,T,N,C,50,0,0,0,,,1749209,5427107,-41.29370072,174.7820497
Wellington City,COURTENAY PLACE,, ,I,ALLEN ST,201353967,20/10/13,Sun,1804,GD,PE1C,181A ,,R,D,O ,F ,T,N,R,50,0,0,0,,,1749209,5427107,-41.29370072,174.7820497
Wellington City,COURTENAY PLACE,, ,I,ALLEN ST,201355804,28/10/13,Mon,1743,MA,CE1C,373B ,,R,D,B ,F ,T,N,C,50,0,0,0,,,1749209,5427107,-41.29370072,174.7820497
Wellington City,COURTENAY PLACE,20,W, ,BLAIR ST,201351552,13/05/13,Mon,950,CC,CE1,129A 350A ,P,R,D,O ,F , ,N,R,30,0,0,0,,,1749262,5427096,-41.29378996,174.7826851
Wellington City,COURTENAY PLACE,10,W, ,CAMBRIDGE TERRACE,201353623,27/06/13,Thu,2140,MO,XE1C,386A 371B ,,E,D,DO,F ,T,N,R,30,0,0,0,,,1749341,5427080,-41.2939194,174.7836321
Wellington City,COURTENAY PLACE,40,W, ,CAMBRIDGE TERRACE,201357713,24/12/13,Tue,1510,AC,CW1B,372A ,,R,D,B ,F , ,N,R,50,0,0,0,,,1749326,5427055,-41.29414726,174.7834591
Wellington City,COURTENAY PLACE,50,W, ,CAMBRIDGE TERRACE,201311583,3/03/13,Sun,405,PO,CE1E,719B 720B ,,R,D,DO,F , ,N,N,50,0,0,1,,,1749302,5427088,-41.29385459,174.7831645
Wellington City,COURTENAY PLACE,, ,I,CAMBRIDGE TERRACE,201352603,17/06/13,Mon,1810,KA,CW1C,322A ,,R,D,B ,F ,X,T,C,50,0,0,0,,,1749351,5427078,-41.29393556,174.7837519
Wellington City,COURTENAY PLACE,10,E, ,COURTENAY SLIP,201350639,10/03/13,Sun,1100,EA,CW1C,386A ,M,R,D,B ,F ,T,N,R,50,0,0,0,,,1749046,5427178,-41.29309159,174.7800864
Wellington City,COURTENAY PLACE,100,E, ,TARANAKI ST,201350732,5/03/13,Tue,1729,AO,BW1V,150A 381A ,,R,D,B ,F , ,N,R,30,0,0,0,,,1749029,5427188,-41.2930047,174.779881
Wellington City,COURTENAY PLACE,, ,I,TARANAKI ST,201352007,31/05/13,Fri,1410,GA,VW1C,181A ,,R,D,B ,F ,X,T,R,50,0,0,0,,,1748949,5427247,-41.29248826,174.7789116
Wellington City,COURTENAY PLACE,10,E, ,TORY ST,201355580,10/11/13,Sun,300,MA,VW1C,373B ,,R,D,DO,F ,X,T,R,50,0,0,0,,,1749145,5427135,-41.29346045,174.7812788
Wellington City,COURTENAY PLACE,20,W, ,TORY ST,201311256,14/02/13,Thu,1720,QA,BE1E,330A 373A 520B ,,R,D,B ,F , ,N,R,50,0,0,1,,,1749118,5427147,-41.2933574,174.7809535
Wellington City,COURTENAY PLACE,20,W, ,TORY ST,201355807,22/10/13,Tue,1625,EA,BE1C,386A ,M,R,D,O ,F , ,N,C,50,0,0,0,,,1749118,5427147,-41.2933574,174.7809535
Wellington City,COURTENAY PLACE,, ,I,TORY ST,201354031,15/10/13,Tue,1225,LB,CE1C,303B ,,R,W,O ,F ,X,T,C,50,0,0,0,,,1749136,5427139,-41.2934261,174.7811704
Wellington City,COURTENAY PLACE,, ,I,TORY ST,201355819,10/11/13,Sun,115,FE,CE1X,181A 330A ,,R,D,DO,F ,X,T,R,30,0,0,0,,,1749136,5427139,-41.2934261,174.7811704
Wellington City,COUTTS ST,5,E, ,ONEPU ROAD,201353626,20/09/13,Fri,1345,MO,CE1C,371A 386A ,M,R,D,O ,F ,X,G,C,50,0,0,0,,,1750290,5424146,-41.32015902,174.7956858
Wellington City,COUTTS ST,, ,I,SALEK ST,201311966,20/05/13,Mon,730,KA,SE1C,309B 375B ,,R,D,O ,F ,T,N,P,50,0,0,1,,33,1750737,5424021,-41.32120099,174.8010551
Wellington City,COUTTS ST,, ,I,YULE ST,201354198,26/10/13,Sat,1820,JA,CW1C,302B 375B ,,R,D,O ,F ,X,G,C,50,0,0,0,,,1750565,5424069,-41.32080097,174.7989891
Wellington City,CRAWFORD ROAD,20,E, ,DUNCAN TERRACE,201350001,12/01/13,Sat,1127,EA,CW1CC,129A 354A ,MM,M,D,B ,F , ,N,P,50,0,0,0,,,1749961,5424634,-41.31582664,174.7916364
Wellington City,CRAWFORD ROAD,260,S, ,DUNCAN TERRACE,201351949,9/06/13,Sun,37,EA,CS1,101A 111A 132A ,M,M,D,DO,F , ,N,P,50,0,0,0,,,1750105,5424470,-41.3172764,174.7933965
Wellington City,CRAWFORD ROAD,, ,I,DUNCAN TERRACE,201357715,24/12/13,Tue,1430,JA,CW1C,302B 375B ,,M,D,O ,F ,T,G,C,50,0,0,0,,,1749941,5424631,-41.31585737,174.7913983
Wellington City,CRAWFORD ROAD,, ,I,DUNCAN TERRACE,201358060,19/12/13,Thu,1640,KB,CE1C,302B 375B ,,E,W,OF,F ,T,G,C,50,0,0,0,,,1749941,5424631,-41.31585737,174.7913983
Wellington City,CRAWFORD ROAD,, ,I,NAUGHTON TERRACE,201353066,10/08/13,Sat,2128,DA,CS1,101A 111A 131A 402A ,F,M,W,DO,F ,T,N,N,50,0,0,0,,,1750021,5424611,-41.31602256,174.7923586
Wellington City,CRAWFORD ROAD,, ,I,WELLINGTON ROAD,201352243,25/06/13,Tue,1200,KA,SS1C,302B 375B ,,E,D,B ,F ,R,G,C,50,0,0,0,,,1749773,5424942,-41.31308854,174.7893155
Wellington City,CRAWFORD ROAD,, ,I,WELLINGTON ROAD,201311993,27/05/13,Mon,1738,JA,SS1V,302B 353B ,,E,W,DO,L ,R,G,R,50,0,0,1,,28,1749773,5424942,-41.31308854,174.7893155
Wellington City,CRIEFF ST,110,N, ,GLENMORE ST,201352336,30/04/13,Tue,,EA,VN1C,129A ,M,M,D,B ,F , ,N,C,50,0,0,0,,,1747345,5428180,-41.28438236,174.7595378
Wellington City,CROFTON ROAD N,30,N, ,ABBOTT ST,201352341,6/05/13,Mon,945,MA,CS1V,373B 801 901 ,,R,W,O ,H , ,N,C,50,0,0,0,,,1748573,5431816,-41.25142062,174.7733091
Wellington City,CUBA ST,, ,I,DIXON ST,201324050,5/11/13,Tue,1500,ND,VS1E,334A ,,R,D,O ,F ,X,T,X,50,0,0,1,,,1748757,5427333,-41.29174937,174.7765985