TLA NAME,CRASH ROAD,CRASH DIST,CRASH DIRN,INTSN,SIDE ROAD,CRASH ID,CRASH DATE,CRASH DOW,CRASH TIME,MVMT,VEHICLES,CAUSES,OBJECTS STRUCK,ROAD CURVE,ROAD WET,LIGHT,WTHRa,JUNC TYPE,TRAF CTRL,ROAD MARK,SPD LIM,CRASH FATAL CNT,CRASH SEV CNT,CRASH MIN CNT,PERS AGE1,PERS AGE2,EASTING,NORTHING,latitude,longitude
Wellington City,CUBA ST,15,N, ,GARRETT ST,201353459,19/08/13,Mon,1945,CB,CN1C,112A 357A ,FM,R,D,DO,F , ,N,N,50,0,0,0,,,1748661,5427122,-41.29366678,174.7755041
Wellington City,CUBA ST,20,S, ,GARRETT ST,201351511,11/05/13,Sat,1713,MO,CN1C,371B 386B 926 ,,R,D,TO,F ,D,N,N,50,0,0,0,,,1748647,5427090,-41.29395747,174.7753448
Wellington City,CUBA ST,10,S, ,GHUZNEE ST,201353869,8/10/13,Tue,445,FD,CN1V,181A ,,R,W,TN,F ,T,N,C,50,0,0,0,,,1748677,5427157,-41.29334872,174.7756865
Wellington City,CUBA ST,40,N, ,MANNERS ST,201350478,7/02/13,Thu,1448,QD,VN1C,330A 611A ,,R,D,B ,F , ,N,N,30,0,0,0,,,1748798,5427425,-41.2909135,174.7770655
Wellington City,CUBA ST,, ,I,WAKEFIELD ST,201353757,1/09/13,Sun,529,MG,CN1T,671B ,,R,D,DO,F ,T,T,C,50,0,0,0,,,1748841,5427528,-41.28997822,174.7775536
Wellington City,CUNLIFFE ST,30,W, ,ATAMIRA CLOSE,201352403,30/06/13,Sun,756,CC,CE1C,129A ,M,R,W,DO,F , ,N,C,50,0,0,0,,,1751156,5435987,-41.21338856,174.8030918
Wellington City,CURTIS ST,60,N, ,CHAYTOR ST,201311391,8/03/13,Fri,1108,DA,MN1,139A 402A ,,E,D,B ,F , ,N,C,50,0,0,1,,,1746842,5428222,-41.28409584,174.7535237
Wellington City,CUSTOMHOUSE QUAY,20,S, ,GREY ST,201351159,24/01/13,Thu,650,MD,CS1T,386A 371B ,,R,D,B ,F , ,N,C,50,0,0,0,,,1748804,5428070,-41.28510517,174.7769795
Wellington City,CUSTOMHOUSE QUAY,, ,I,HUNTER ST,201353830,21/09/13,Sat,635,HA,CE2C,323B 334B ,,R,W,O ,F ,X,T,C,50,0,0,0,,,1748781,5428015,-41.2856046,174.7767184
Wellington City,CUSTOMHOUSE QUAY,, ,I,HUNTER ST,201352642,1/07/13,Mon,1531,HA,CS1S,322A 355A ,,R,D,B ,F ,X,T,N,50,0,0,0,,,1748781,5428015,-41.2856046,174.7767184
Wellington City,CUSTOMHOUSE QUAY,, ,I,JOHNSTON ST,201324062,7/11/13,Thu,2126,HA,CE1S,322B 334B ,,R,D,DO,F ,T,T,N,50,0,1,0,,29,1748906,5428278,-41.28321365,174.7781461
Wellington City,CUSTOMHOUSE QUAY,10,N, ,WARING TAYLOR ST,201350601,16/03/13,Sat,1308,FE,CS1C,331A 351A ,,R,D,B ,F ,X,T,C,50,0,0,0,,,1748938,5428351,-41.28255049,174.7785102
Wellington City,CUSTOMHOUSE QUAY,10,S, ,WARING TAYLOR ST,201312746,28/09/13,Sat,1044,CB,CN1,102A 362A 410A ,P,R,D,B ,F ,T,T,R,50,0,0,1,,,1748930,5428333,-41.28271403,174.7784192
Wellington City,CUSTOMHOUSE QUAY,20,S, ,WARING TAYLOR ST,201350631,24/02/13,Sun,1320,EA,CS1CC,129A 412A ,M,R,D,B ,F , ,N,C,50,0,0,0,,,1748926,5428324,-41.2827958,174.7783736
Wellington City,CUSTOMHOUSE QUAY,10,S, ,WHITMORE ST,201350159,15/01/13,Tue,1646,FB,CN1X,331A 358A ,,R,D,O ,F ,T,N,C,50,0,0,0,,,1748976,5428430,-41.28183221,174.7789445
Wellington City,CUSTOMHOUSE QUAY,20,S, ,WHITMORE ST,201353769,8/09/13,Sun,2004,KA,CN1CC,308B 381B 922 ,,R,D,O ,F ,D,T,C,50,0,0,0,,,1748970,5428421,-41.28191435,174.7788751
Wellington City,CUSTOMHOUSE QUAY,50,S, ,WHITMORE ST,201357114,4/11/13,Mon,1330,CC,CS1,134A 350A ,I,R,D,B ,F , ,N,R,50,0,0,0,,,1748956,5428395,-41.28215102,174.7787143
Wellington City,CUSTOMHOUSE QUAY,, ,I,WHITMORE ST,201324056,27/09/13,Fri,1737,NC,SN1E,112A 711B 716B ,,R,D,O ,F ,X,T,C,50,0,0,2,47,25,1748982,5428438,-41.28175908,174.7790141
Wellington City,CUSTOMHOUSE QUAY,, ,I,WILLESTON ST,201353768,9/09/13,Mon,1812,GF,XW2C,381A ,,E,D,DO,F ,X,T,C,30,0,0,0,,,1748740,5427923,-41.28644047,174.7762515
Wellington City,DANIELL ST,, ,I,DONALD MCLEAN ST,201324979,30/12/13,Mon,1328,DB,CE2C,131A 402A ,M,M,D,B ,F ,T,N,C,50,0,1,0,,,1749235,5424723,-41.31516,174.7829448
Wellington City,DANIELL ST,, ,I,LAWRENCE ST,201350630,24/02/13,Sun,1800,JA,CN1C,302B 375B ,,R,D,B ,F ,T,G,C,50,0,0,0,,,1749278,5424519,-41.31698873,174.7835084
Wellington City,DANIELL ST,20,N, ,PRINCESS ST,201312670,13/10/13,Sun,1806,QD,CN1CE,428A ,M,R,D,B ,F , ,N,C,50,0,0,2,37,,1749268,5424562,-41.31660344,174.7833784
Wellington City,DARLINGTON ROAD,10,N, ,CAMPERDOWN ROAD,201357775,2/12/13,Mon,,EA,CN1C,386A ,M,R,D,B ,F ,T,N,N,50,0,0,0,,,1752850,5425579,-41.30677632,174.8258981
Wellington City,DARWIN ST,100,W, ,EAGLE ST,201357649,21/12/13,Sat,1600,NB,CW1E,712B 713B ,,E,D,BF,F , ,N,N,50,0,0,0,,,1745140,5428231,-41.28432255,174.733206
Wellington City,DERWENT ST,, ,I,MOSELLE ST,201350856,14/03/13,Thu,220,DC,4.00E+01,103A 112A ,IKP,R,D,DO,F ,T,G,R,50,0,0,0,,,1748059,5421889,-41.34089243,174.7695918
Wellington City,DEVON ST,200,N, ,ARO ST,201358558,28/08/13,Wed,300,EA,CN1C,129A ,M,R, ,DO,  , ,N,C,50,0,0,0,,,1747937,5427149,-41.29355671,174.7668545
Wellington City,DEVON ST,, ,I,ARO ST,201354180,23/09/13,Mon,210,DA,CS1,111A 131A ,X,M,D,DO,F ,T,S,C,70,0,0,0,,,1747909,5426953,-41.29532652,174.7665679
Wellington City,DEVON ST,170,N, ,ESSEX ST,201311942,21/05/13,Tue,1430,BB,SS1C,801 818 ,,S,W,O ,F , ,N,N,50,0,0,1,,,1747946,5427169,-41.29337499,174.7669571
Wellington City,DEVON ST,40,E, ,FAIRLIE TERRACE,201352202,21/06/13,Fri,938,BB,CS1C,123A 197B ,,S,W,O ,LS, ,N,C,50,0,0,0,,,1747888,5427142,-41.29362871,174.7662713
Wellington City,DEVONSHIRE ROAD,, ,I,HOBART ST,201353551,14/09/13,Sat,1621,HA,4N2C,301A 375A ,,E,D,B ,F ,X,S,C,50,0,0,0,,,1751760,5423957,-41.32158532,174.8132884
Wellington City,DIXON ST,10,W, ,CUBA ST,201355809,26/10/13,Sat,1000,EA,CW1M,386A ,M,R,D,B ,F ,X,G,C,50,0,0,0,,,1748748,5427337,-41.29171501,174.7764901
Wellington City,DIXON ST,25,W, ,CUBA ST,201311781,18/05/13,Sat,1,NA,CW1E,713B ,,R,W,DO,L , ,N,C,30,0,0,1,17,,1748734,5427343,-41.29166357,174.7763215
Wellington City,DIXON ST,, ,I,CUBA ST,201312146,23/07/13,Tue,1650,NA,CW1E,370A ,,R,D,B ,F ,X,T,C,50,0,0,1,18,,1748757,5427333,-41.29174937,174.7765985
Wellington City,DIXON ST,10,W, ,EVA ST,201351152,2/02/13,Sat,420,NB,XE1E,105B 711B ,,E,D,DO,F ,T,N,N,50,0,0,0,,,1748820,5427305,-41.29198985,174.7773575
Wellington City,DOCTOR TAYLOR TERRACE,, ,I,BRODERICK ROAD,201353755,7/09/13,Sat,1540,DB,CS1,130A 423A ,CK,R,D,O ,F ,T,N,C,50,0,0,0,,,1751135,5434773,-41.22432264,174.8031417
Wellington City,DONALD ST,50,N, ,COOPER ST,201354234,30/09/13,Mon,1238,JA,CN1CC,308B 375B 930 ,,R,W,O ,F ,D,N,N,50,0,0,0,,,1745885,5428238,-41.28412526,174.7420969
Wellington City,DRANSFIELD ST,, ,I,LIARDET ST,201350328,13/02/13,Wed,1604,DB,CW1,111A 122A ,FI,M,D,B ,F ,X,G,R,50,0,0,0,,,1748188,5425021,-41.31267002,174.7703692
Wellington City,DUNCAN ST,, ,A,TAWA COLL ENT,201311153,8/02/13,Fri,2136,CC,VS1,125A 405A ,FIK,R,D,DO,F , ,N,R,50,0,0,1,,,1753539,5441316,-41.16496128,174.8301671
Wellington City,DUNCAN TERRACE,70,S, ,NAUGHTON TERRACE,201311049,20/01/13,Sun,1839,DB,PN1C,111A 131A ,,M,D,O ,F , ,N,N,50,0,0,1,,,1749924,5424443,-41.31755315,174.7912416
Wellington City,DUNDAS ST,, ,I,INGLIS ST,201311272,30/01/13,Wed,1632,HA,CS24,302B 375B ,,R,D,B ,F ,X,G,R,50,0,0,2,,,1753373,5423765,-41.32300874,174.8326002
Wellington City,DURHAM ST,50,S, ,ARO ST,201311699,26/02/13,Tue,1830,EE,SN1C,330B 374B ,Q,E,D,DO,F , ,N,C,50,0,1,0,,49,1747674,5426952,-41.29537856,174.7637626
Wellington City,EARP ST,, ,I,IRONSIDE ROAD,201351059,16/04/13,Tue,2322,JA,CW1C,302B 335B 801 ,,R,W,DO,F ,T,G,C,50,0,0,0,,,1751231,5435261,-41.21991104,174.8041657
Wellington City,EBOR ST,100,W, ,TORY ST,201353697,12/09/13,Thu,1257,BB,CE1C,111A 123A ,,M,D,B ,F , ,N,C,50,0,0,0,,,1748957,5426984,-41.29485468,174.7790714
Wellington City,EDEN ST,30,S, ,DANUBE ST,201353758,25/08/13,Sun,310,CC,CN1C,104A 125A ,M,R,D,DO,F , ,N,C,50,0,0,0,,,1748339,5423112,-41.32982979,174.7726381
Wellington City,ELLICE ST,20,E, ,HANIA ST,201357719,21/11/13,Thu,1000,AA,CE1V,372A ,,M,D,O ,F , ,N,C,50,0,0,0,,,1749188,5426414,-41.29994396,174.7819688
Wellington City,ERLESTOKE CRESCENT,200,S, ,WAVERTON TERRACE,201352663,18/07/13,Thu,1637,QD,CS1,611A ,H,R,D,B ,F , ,N,C,50,0,0,0,,,1750885,5437104,-41.20338226,174.799585
Wellington City,ESSEX ST,80,W, ,DEVON ST,201350871,25/03/13,Mon,2217,MO,VN1,371A 386A ,P,R,D,DO,F , ,N,N,50,0,0,0,,,1747834,5427014,-41.29479105,174.7656577
Wellington City,ESSEX ST,15,W, ,MAIN ROAD,201353778,14/08/13,Wed,2015,MF,CE1C,371B ,,R,D,DO,F ,T,N,C,50,0,0,0,,,1753081,5440803,-41.16966663,174.8248387
Wellington City,EUSTON ROAD,50,W, ,EDGEWARE ROAD,201351889,21/03/13,Thu,1820,QD,CW1C,611A ,,M,D,B ,F , ,N,C,50,0,0,0,,,1747903,5430013,-41.26777689,174.7657532
Wellington City,EVANS BAY PARADE,100,S, ,BELVEDERE ROAD,201326188,12/12/13,Thu,1923,PO,SS1EXS,357A 512A ,,R,D,BF,F , ,N,C,50,0,0,4,55,23,1750491,5425444,-41.30843524,174.7977651
Wellington City,EVANS BAY PARADE,100,S, ,BELVEDERE ROAD,201355512,15/11/13,Fri,1445,JA,CS14,308B 375B 930 ,F,M,D,B ,F ,D,N,C,50,0,0,0,,,1750491,5425444,-41.30843524,174.7977651
Wellington City,EVANS BAY PARADE,130,S, ,BELVEDERE ROAD,201352948,2/08/13,Fri,825,DB,CS14,123A 353A ,M,E,D,O ,F , ,N,C,50,0,0,0,,,1750472,5425421,-41.30864586,174.7975439
Wellington City,EVANS BAY PARADE,70,S, ,KEMP ST,201353913,3/10/13,Thu,1322,DA,CS1,353A 839 930 ,IS,R,D,O ,F ,D,N,R,50,0,0,0,,,1750274,5424599,-41.3160835,174.7953828
Wellington City,EVANS BAY PARADE,260,N, ,MAIDA VALE ROAD,201353433,14/07/13,Sun,106,DB,CN1,111A 131A ,K,M,W,DO,F , ,N,L,50,0,0,0,,,1751036,5427333,-41.29132617,174.8038037
Wellington City,EVANS BAY PARADE,260,N, ,MAIDA VALE ROAD,201350300,6/02/13,Wed,2315,DB,CN1,131A 386A ,C,M,D,TO,F , ,N,C,50,0,0,0,,,1751036,5427333,-41.29132617,174.8038037
Wellington City,EVANS BAY PARADE,100,S, ,ORIENTAL PARADE,201359324,5/12/13,Thu,1728,MA,CN1C,373B ,,R,D,O ,F , ,N,C,50,0,0,0,,,1751064,5427857,-41.2866032,174.804008
Wellington City,EVANS BAY PARADE,350,S, ,ORIENTAL PARADE,201351200,27/01/13,Sun,1600,GD,MS1C,160A 333A 929 ,,R,D,B ,F ,D,N,C,50,0,0,0,,,1751041,5427610,-41.28883132,174.8037947
Wellington City,EVANS BAY PARADE,110,S, ,PAHIA ST,201311537,15/03/13,Fri,1315,EE,SN1C,129A 386A 374B ,Q,R,D,B ,F , ,N,C,50,0,0,1,,35,1751054,5426919,-41.29505017,174.8041213
Wellington City,EVANS BAY PARADE,20,N, ,RATA ROAD,201352522,23/07/13,Tue,1000,GA,TS1C,181A 333A 920 ,,R,D,O ,F ,D,N,C,50,0,0,0,,,1750713,5425803,-41.30516162,174.8003269
Wellington City,EVANS BAY PARADE,120,S, ,RATA ROAD,201311321,29/01/13,Tue,1814,MA,SN1C,353B 373B 402B ,,E,D,B ,F , ,N,C,50,0,0,1,,38,1750607,5425723,-41.30590167,174.7990811
Wellington City,EVANS BAY PARADE,, ,I,RONGOTAI ROAD,201355695,11/11/13,Mon,2352,LB,BS1C,303B 330B ,,E,D,DO,F ,X,T,R,50,0,0,0,,,1750348,5424376,-41.31807744,174.7963216
Wellington City,EVANS BAY PARADE,, ,I,RONGOTAI ROAD E,201312642,14/09/13,Sat,1841,LB,PS1V,102B 303B 375B ,,R,D,DO,F ,X,T,R,50,0,0,1,,,1750392,5424368,-41.31814127,174.796849
Wellington City,FALKIRK AVENUE,, ,I,LUDLAM ST,201350036,25/01/13,Fri,922,HA,TN1C,321A 351A 375A ,,R,D,B ,F ,X,S,R,50,0,0,0,,,1753215,5423661,-41.32397511,174.8307394
Wellington City,FARNHAM ST,90,S, ,HAVELOCK ST,201352201,22/06/13,Sat,1800,DA,CS1C,111A 131A ,M,M,W,DO,L , ,N,C,50,0,0,0,,,1747814,5424365,-41.31864491,174.7660626
Wellington City,FARNHAM ST,80,S, ,PRISCILLA CRESCENT,201350602,3/03/13,Sun,1330,EA,CS1C,110A 517A ,M,E,D,B ,F , ,N,C,50,0,0,0,,,1747976,5424140,-41.32064098,174.768052
Wellington City,FARNHAM ST,150,S, ,PRISCILLA CRESCENT,201353827,30/09/13,Mon,,EA,CN1C,386A ,M,R,W,DN,F , ,N,C,50,0,0,0,,,1747922,5424101,-41.32100202,174.7674166
Wellington City,FEATHERSTON ST,60,S, ,BUNNY ST,201354168,27/10/13,Sun,1135,MO,4S1C,371A 386A ,M,R,D,B ,F , ,N,C,50,0,0,0,,,1748977,5428629,-41.28004034,174.7789077
Wellington City,FEATHERSTON ST,, ,I,BUNNY ST,201311398,14/02/13,Thu,815,LB,SS1C,110A 322A ,,R,D,O ,F ,X,T,C,50,0,0,1,,22,1748999,5428685,-41.27953209,174.7791566
Wellington City,FEATHERSTON ST,15,N, ,JOHNSTON ST,201325408,9/12/13,Mon,915,NA,SS1E,711B 712B ,,R,D,O ,F , , ,C,50,0,0,2,,49,1748834,5428326,-41.28279476,174.777275
Wellington City,FEATHERSTON ST,20,N, ,WHITMORE ST,201356711,3/12/13,Tue,1430,AC,CS1C,372A ,,R,D,B ,F , ,N,C,50,0,0,0,,,1748933,5428539,-41.28085877,174.7784046
Wellington City,FEATHERSTON ST,50,N, ,WHITMORE ST,201351049,29/04/13,Mon,1253,KA,CS14,308B 314B 377B 927 ,,R,D,B ,F ,D,N,C,50,0,0,0,,,1748946,5428566,-41.28061328,174.7785532
Wellington City,FEATHERSTON ST,, ,I,WHITMORE ST,201359328,23/10/13,Wed,745,MC,CS1C,505B ,,R,D,B ,F ,M,T,C,50,0,0,0,,,1748924,5428522,-41.28101349,174.7783013
Wellington City,FERRY TERMINAL ACCESS ROA,20,E, ,AOTEA ON NBD,201311089,22/01/13,Tue,1134,DA,TN1,111A 615A ,B,M,D,B ,F ,T,N,N,50,0,0,1,,,1749516,5430261,-41.26524713,174.7849405
Wellington City,FINDLAY ST,, ,I,LINDEN AVENUE,201353924,1/10/13,Tue,1400,BB,CW1C,122A 403A 129B ,,R,D,B ,F ,X,G,C,50,0,0,0,,,1753686,5442175,-41.15719953,174.8317031
Wellington City,FLERS ST,40,N, ,CHISENHALL ST,201359322,23/11/13,Sat,145,DB,CN1,103A 131A ,P,E,D,DO,F , ,N,N,50,0,0,0,,,1746455,5428435,-41.28224837,174.7488532
Wellington City,FRANKMOORE AVENUE,, ,I,MOOREFIELD ROAD,201351390,21/04/13,Sun,1540,FB,CE1C,614A ,,R,W,O ,F ,T,G,C,50,0,0,0,,,1751375,5435002,-41.222216,174.805947
Wellington City,FRASER AVENUE,15,S, ,HAUMIA ST,201353822,12/07/13,Fri,1530,FA,VS1C,181A 331A 191B 355B ,,E,W,O ,L , ,N,C,50,0,0,0,,,1751170,5434012,-41.2311677,174.8037475
Wellington City,FRASER AVENUE,130,S, ,HAUMIA ST,201354177,17/09/13,Tue,530,EA,4S1V,103A ,M,E,D,DO,F , ,N,C,50,0,0,0,,,1751132,5433907,-41.23212016,174.8033202
Wellington City,FRASER AVENUE,110,N, ,POLLEN ST,201350012,26/01/13,Sat,1750,BB,CS1CC,103A 123A ,M,M,D,B ,F , ,N,C,50,0,0,0,,,1751447,5434331,-41.22824381,174.8069719
Wellington City,FREYBERG ST,, ,I,WHA ST,201312083,10/07/13,Wed,1725,NA,CS1E,713B 724B ,,R,W,DO,L ,X,S,P,50,0,0,1,44,,1750095,5423527,-41.32576838,174.7935099
Wellington City,FROBISHER ST,, ,I,DART CRESCENT,201352546,4/07/13,Thu,945,KC,CS1C,315B 363B ,,R,D,B ,F ,T,N,C,50,0,0,0,,,1747486,5421797,-41.34182582,174.7627688
Wellington City,GANGES ROAD,20,S, ,DEKKA ST,201350166,31/01/13,Thu,1337,MA,PS1C,373B ,,S,D,B ,F , ,N,C,50,0,0,0,,,1750112,5432247,-41.24725582,174.7915635
Wellington City,GEORGE BOLT ST,20,W, ,COCHRANE ST,201311508,7/04/13,Sun,1020,MO,CE1E,330A 386A ,,R,D,O ,F , ,N,N,30,0,0,1,52,,1750930,5423405,-41.3267109,174.803513
Wellington City,GHUZNEE ST,20,E, ,CUBA ST,201312273,23/07/13,Tue,1715,NA,CW1E,713B ,,R,D,TO,F , ,N,C,50,0,1,0,17,,1748699,5427157,-41.29334466,174.7759492
Wellington City,GHUZNEE ST,30,W, ,CUBA ST,201311641,20/04/13,Sat,1235,NA,VE1E,711B 720B ,,R,W,O ,F , ,N,C,50,0,0,1,30,,1748654,5427178,-41.29316388,174.7754068
Wellington City,GHUZNEE ST,, ,I,CUBA ST,201352520,21/07/13,Sun,140,FB,CE1C,103A 331A ,,R,D,DO,F ,X,T,C,50,0,0,0,,,1748681,5427166,-41.29326695,174.7757321
Wellington City,GHUZNEE ST,10,E, ,LEEDS ST,201355593,6/10/13,Sun,1339,EE,CW1C,374B ,M,R,D,B ,F ,X,T,C,50,0,0,0,,,1748764,5427129,-41.29358478,174.776732
Wellington City,GHUZNEE ST,, ,I,MARION ST,201324331,22/11/13,Fri,1343,NB,CW1E,711B ,,R,D,B ,F ,X,G,C,50,0,1,0,,,1748769,5427126,-41.29361087,174.7767924
Wellington City,GHUZNEE ST,10,E, ,THE TERRACE,201356717,21/11/13,Thu,2050,QD,CN1C,330A 611A ,M,R,D,TO,F ,T,N,C,50,0,0,0,,,1748264,5427354,-41.291651,174.7707083
Wellington City,GHUZNEE ST,50,E, ,VICTORIA ST,201312220,4/08/13,Sun,35,NB,CW1E,377A 839 ,,R,D,DO,F , ,N,C,50,0,1,0,,,1748578,5427212,-41.29287175,174.7744913
Wellington City,GHUZNEE ST,, ,I,VICTORIA ST,201311648,7/04/13,Sun,510,HA,CS1X,322A 350A ,,R,D,TF,F ,X,T,C,50,0,0,1,,,1748533,5427232,-41.29269997,174.7739492
Wellington City,GHUZNEE ST,, ,I,WILLIS ST,201350618,14/03/13,Thu,1710,LB,CW1C,303B 361B 404B ,,M,D,B ,F ,X,T,C,50,0,0,0,,,1748446,5427272,-41.29235583,174.7729009
Wellington City,GHUZNEE ST,, ,I,WILLIS ST,201311632,8/04/13,Mon,2238,HA,CE1V,322A 352A ,,R,D,DO,F ,X,T,P,50,0,0,1,,,1748446,5427272,-41.29235583,174.7729009
Wellington City,GILMER TERRACE,, ,I,BOULCOTT ST,201357250,24/12/13,Tue,1300,QF,VE2C,682A 801 ,,R,W,O ,L ,T,T,C,50,0,0,0,,,1748567,5427960,-41.28613919,174.7741774
Wellington City,GLADYS SCOTT PLACE,10,W, ,BING LUCAS DRIVE,201353067,31/07/13,Wed,1250,BF,VE1C,137A 350A ,,M,D,O ,F ,T,N,N,50,0,0,0,,,1753711,5439871,-41.17793854,174.832579
Wellington City,GLASGOW ST,30,N, ,KELBURN PARADE,201352771,26/07/13,Fri,1630,MC,CN1C,372B ,,M,D,B ,F , ,N,C,50,0,0,0,,,1747988,5427634,-41.28918067,174.7673455
Wellington City,GLENMORE ST,100,S, ,KELBURN VIADUCT,201311577,17/04/13,Wed,1733,AA,CN1M,372A 150B ,,R,W,O ,F , ,N,C,50,0,0,1,,,1747137,5427777,-41.28804872,174.7571524
Wellington City,GLENMORE ST,, ,I,KELBURN VIADUCT,201350060,16/01/13,Wed,935,AC,VE1S,372A 381A ,,M,D,B ,F ,R,G,C,50,0,0,0,,,1747168,5427873,-41.28717873,174.7574993
Wellington City,GLENMORE ST,20,W, ,KILMISTER AVENUE,201351699,18/05/13,Sat,1255,GD,CS1C,331A 353A 377A 929 ,,R,D,B ,F ,D,N,C,50,0,0,0,,,1748009,5428610,-41.28038941,174.7673589
Wellington City,GLENMORE ST,50,S, ,NORTHLAND ROAD S,201326406,19/10/13,Sat,1442,FC,4S1C,181A 331A 350A ,,R,D,B ,F , , ,X,50,0,0,1,,,1747101,5427865,-41.28726296,174.7567014
Wellington City,GLENMORE ST,25,W, ,NORTHLAND ROAD S,201350193,9/02/13,Sat,1018,FC,CW1C,110A 181A 350A ,,M,D,B ,F , ,N,X,50,0,0,0,,,1747117,5427884,-41.28708898,174.7568878
Wellington City,GLENMORE ST,15,N, ,ORANGI KAUPAPA ROAD,201312439,14/08/13,Wed,1747,FD,CS1C,181A 423A ,,R,D,TF,F ,T,N,C,50,0,0,1,,,1747590,5428296,-41.2832932,174.7624341
Wellington City,GLENMORE ST,15,N, ,ORANGI KAUPAPA ROAD,201312584,14/08/13,Wed,1740,FC,PW1C,181A ,,R,D,DO,F ,T,G,C,50,0,0,1,,,1747590,5428296,-41.2832932,174.7624341
Wellington City,GLENMORE ST,50,S, ,TINAKORI ROAD,201311727,22/04/13,Mon,1810,FC,CN1C,103A 112A 331A 801 ,,R,W,DO,L , ,N,C,50,0,0,4,,,1748014,5428615,-41.28034347,174.7674174
Wellington City,GLENWOOD GROVE,50,E, ,WOODRIDGE DRIVE,201350951,18/02/13,Mon,800,DA,CW1,130A 423A 929 ,FH,R,D,B ,F ,D,N,C,50,0,0,0,,,1753570,5435166,-41.22032587,174.83208
Wellington City,GLOVER ST,200,N, ,CENTENNIAL SBD,201351817,27/03/13,Wed,950,QD,VS1,428A ,M,R,D,B ,F , ,N,N,50,0,0,0,,,1751953,5432943,-41.24064558,174.8133517
Wellington City,GOTHIC ST,, ,I,BRODERICK ROAD,201353453,11/09/13,Wed,745,MG,MN1B,371B ,,R,W,O ,L ,T,G,C,50,0,0,0,,,1751331,5434743,-41.22455611,174.8054865
Wellington City,GRAFTON ROAD N,120,S, ,THE CRESCENT,201324039,29/10/13,Tue,1330,DA,CS1,131A 195A ,H,E,D,B ,F , ,N,C,50,0,0,1,,,1750842,5427427,-41.29051614,174.8014646
Wellington City,GRENADA DRIVE,, ,I,CHURTON PARK OFF SBD,201351689,22/05/13,Wed,738,LB,CS1C,301A 375A ,,R,W,O ,L ,X,S,C,50,0,0,0,,,1752716,5436926,-41.2046416,174.8214571
Wellington City,GRENADA DRIVE,, ,I,CHURTON PARK ON SBD,201312279,19/07/13,Fri,1750,LB,CW1C,303B 387B ,,E,D,TN,F ,X,S,R,50,0,0,1,,,1752716,5436926,-41.2046416,174.8214571
Wellington City,GREYFRIARS CRESCENT,100,S, ,ST BENETS PLACE,201351702,25/05/13,Sat,822,DB,CE1,131A 354A 363A ,T,M,D,B ,F , ,N,N,50,0,0,0,,,1752347,5439345,-41.18293189,174.8164558
Wellington City,GRIFFITHS GROVE,80,N, ,GLANMIRE ROAD,201350322,9/02/13,Sat,1734,EA,VS1C,129A 385A 403A ,M,R,D,B ,F , ,N,C,50,0,0,0,,,1752950,5434276,-41.22845623,174.8249099
Wellington City,GROVE ROAD,60,S, ,UPLAND ROAD,201351628,9/05/13,Thu,,CB,CN1C,125A ,M,R,D,B ,F , ,N,N,50,0,0,0,,,1747761,5427628,-41.28927627,174.7646372
Wellington City,GUADELOUPE CRESCENT,40,N, ,DOMINICA CRESCENT,201353744,22/09/13,Sun,150,CB,VN1C,103A 129A ,MPT,R,W,DO,L , ,N,C,50,0,0,0,,,1752617,5436504,-41.20845968,174.8203822
Wellington City,HALIFAX ST,140,E, ,QUEBEC ST,201350162,29/01/13,Tue,1800,QD,CE1C,611A ,M,E,D,B ,F , ,N,C,50,0,0,0,,,1747726,5423757,-41.32413513,174.7651594
Wellington City,HALL ST,25,W, ,HALL AVENUE,201353622,21/09/13,Sat,1022,EE,CE1C,330B 374B ,M,R,W,O ,F , ,N,C,50,0,0,0,,,1748816,5425226,-41.31070871,174.7778181
Wellington City,HALSWATER DRIVE,15,W, ,DORMAR PLACE,201350483,26/02/13,Tue,1830,MO,CN1,101A 386A 929 ,P,M,D,B ,F ,D,N,C,50,0,0,0,,,1751831,5436659,-41.20721195,174.810973
Wellington City,HALSWATER DRIVE,, ,I,MIDDLETON ROAD,201350110,17/01/13,Thu,2305,DA,CE1,111A 334A 410A 801 ,P,E,W,DO,L ,T,S,C,50,0,0,0,,,1751917,5436593,-41.20779004,174.8120146
Wellington City,HANSON ST,10,N, ,JOHN ST,201311084,11/01/13,Fri,1630,NB,CS1E,129A 370A ,,R,D,B ,F ,X,T,C,50,0,0,1,12,,1748739,5425639,-41.3070045,174.7767977
Wellington City,HANSON ST,, ,I,JOHN ST,201351255,21/03/13,Thu,2000,FE,CS1S,181A 191B ,,M,D,DO,F ,X,T,C,50,0,0,0,,,1748734,5425630,-41.30708645,174.7767402
Wellington City,HAPPY VALLEY ROAD,150,N, ,LANDFILL ROAD,201354045,17/10/13,Thu,1250,EC,VS1,820,P,E,D,B ,F , ,N,C,70,0,0,0,,,1747033,5423046,-41.33066328,174.7570546
Wellington City,HAPPY VALLEY ROAD,30,S, ,LANDFILL ROAD,201353473,25/08/13,Sun,1434,EA,CN1C,129A 350A ,M,E,D,B ,F , ,N,C,70,0,0,0,,,1747067,5422896,-41.3320076,174.757497