TLA NAME,CRASH ROAD,CRASH DIST,CRASH DIRN,INTSN,SIDE ROAD,CRASH ID,CRASH DATE,CRASH DOW,CRASH TIME,MVMT,VEHICLES,CAUSES,OBJECTS STRUCK,ROAD CURVE,ROAD WET,LIGHT,WTHRa,JUNC TYPE,TRAF CTRL,ROAD MARK,SPD LIM,CRASH FATAL CNT,CRASH SEV CNT,CRASH MIN CNT,PERS AGE1,PERS AGE2,EASTING,NORTHING,latitude,longitude
Wellington City,HAPUA ST,90,N, ,WAITOA ROAD,201352344,30/06/13,Sun,50,EA,CN1,103A 129A 426A ,M,R,D,DO,F , ,N,N,50,0,0,0,,,1750044,5426225,-41.30148689,174.7922351
Wellington City,HARRIS ST,50,E, ,VICTORIA ST,201351718,28/04/13,Sun,1855,MG,CE14,352B 371B 930 ,,R,D,DO,F ,D,N,C,50,0,0,0,,,1748808,5427765,-41.28785048,174.7771018
Wellington City,HAUMIA ST,30,E, ,BANNISTER AVENUE,201351789,2/06/13,Sun,1044,BA,CS1C,129A 386A 818 ,,R,D,O ,F , ,N,C,50,0,0,0,,,1750777,5434353,-41.22817088,174.7989762
Wellington City,HAUMIA ST,, ,I,BURMA ROAD,201352232,10/06/13,Mon,1420,LB,VW1M,302A 375A 503A ,,M,D,B ,F ,R,G,C,50,0,0,0,,,1750893,5434205,-41.22948176,174.8003962
Wellington City,HAWKESTONE ST,15,W, ,MOLESWORTH ST,201353711,23/09/13,Mon,1532,MO,BE1C,371A 386A ,,R,D,B ,F , ,N,C,50,0,0,0,,,1748886,5429192,-41.27498818,174.7776841
Wellington City,HAWKESTONE ST,15,W, ,MOLESWORTH ST,201363711,23/09/13,Mon,1532,MO,BE1C,371A 386A ,,R,D,B ,F , ,N,C,50,0,0,0,,,1748886,5429192,-41.27498818,174.7776841
Wellington City,HECTOR ST,20,S, ,GORE ST,201353713,21/09/13,Sat,2325,EA,CS1C,112A 129A ,M,R,D,DO,F , ,N,C,50,0,0,0,,,1753536,5423469,-41.32564264,174.8346216
Wellington City,HELSTON ROAD,, ,I,ARTHUR CARMAN ST,201350869,31/03/13,Sun,2215,DA,CE1,101A ,P,R,D,DO,F ,T,N,C,50,0,0,0,,,1751689,5435074,-41.22150895,174.8096734
Wellington City,HELSTON ROAD,15,E, ,PETHERICK CRESCENT S,201325737,17/12/13,Tue,1917,EA,CE1CC,129A 423A ,MM,R,D,O ,F , , ,C,50,0,0,1,,,1751756,5435061,-41.22161344,174.8104756
Wellington City,HELSTON ROAD,25,W, ,STEWART DRIVE,201353068,30/06/13,Sun,1257,EA,CW1C,112A 357A 386A ,M,R,D,B ,F , ,N,C,50,0,0,0,,,1751788,5435054,-41.22167046,174.8108589
Wellington City,HEPARA ST,20,N, ,ARIKI ROAD,201353575,15/09/13,Sun,1545,MO,CN14,423A ,M,R,D,B ,F , ,N,C,50,0,0,0,,,1750540,5426590,-41.2981083,174.7980666
Wellington City,HIGHBURY ROAD,80,S, ,HIGHBURY CRESCENT,201324046,15/11/13,Fri,1900,BB,CS1M,137B ,K,S,D,TF,F , ,N,N,50,0,0,1,,,1746799,5427078,-41.29440373,174.7532863
Wellington City,HILL ST,40,W, ,MOLESWORTH ST,201354042,7/10/13,Mon,1650,MG,CE1X,371B ,,R,D,B ,F , ,N,C,50,0,0,0,,,1748849,5428975,-41.27694875,174.7772955
Wellington City,HINDIPUR TERRACE,60,S, ,NALANDA CRESCENT,201324348,30/11/13,Sat,415,DB,MS1C,103A 121A ,M,M,D,TN,F , ,N,N,50,0,0,1,,,1750335,5433616,-41.23488868,174.7938865
Wellington City,HINEMOA ST E,, ,I,SLIP,201353765,2/08/13,Fri,1630,FE,CE1C,181A 330A ,,R,D,O ,F ,T,T,C,50,0,0,0,,,1749417,5428989,-41.27671782,174.784071
Wellington City,HOBART ST,25,N, ,BROADWAY,201311844,25/05/13,Sat,1246,GC,CN1S,370A 671A 174B 370B ,,M,D,B ,F ,T,N,P,50,0,0,1,,12,1751639,5423565,-41.32513735,174.8119411
Wellington City,HOME ST,, ,I,KENT TERRACE,201351955,20/05/13,Mon,1644,BC,XS2C,122A 129B ,,R,D,O ,F ,T,N,N,50,0,0,0,,,1749271,5426835,-41.29613818,174.7828565
Wellington City,HOMEWOOD CRESCENT,90,N, ,WAIKARE ST,201353786,8/08/13,Thu,1003,DB,CN1,111A 132A ,KP,S,W,O ,F , ,N,C,50,0,0,0,,,1746208,5428994,-41.27726011,174.7457709
Wellington City,HOPPER ST,60,S, ,ARLINGTON ST,201311701,25/04/13,Thu,1700,GB,SN1C,150A 158B 818 929 ,,R,D,O ,F ,D,N,C,50,0,0,1,,20,1748467,5426412,-41.30009494,174.7733613
Wellington City,HORNSEY ROAD,80,N, ,AUCKLAND TERRACE,201351551,16/05/13,Thu,2120,EA,TW1C,386A ,FM,M,D,DO,F , ,N,C,50,0,0,0,,,1749620,5423616,-41.32505537,174.7878148
Wellington City,HORNSEY ROAD,, ,I,HOUGHTON BAY ROAD,201353236,6/08/13,Tue,1005,BB,BS1V,111A 124A 378A 818 ,,M,D,B ,F ,T,G,L,50,0,0,0,,,1749542,5422847,-41.33199341,174.7870724
Wellington City,HOROKIWI ROAD,900,W, ,SH 2,201312291,30/07/13,Tue,1016,DB,MS1,135A 804 ,,S,W,B ,F , ,N,C,50,0,1,0,,,1754916,5434901,-41.22245517,174.8481969
Wellington City,HOROKIWI ROAD WEST,50,E, ,COLCHESTER CRESCENT,201324922,13/12/13,Fri,2010,GB,CE1V,333A 387A 929 ,,R,D,O ,F ,D,N,C,50,0,0,1,,,1753442,5435023,-41.22163762,174.8305896
Wellington City,HOROKIWI ROAD WEST,50,W, ,PINKERTON GROVE,201353762,15/08/13,Thu,1210,CB,CW1C,133A 514A 662A ,KM,R,D,B ,F , ,N,C,50,0,0,0,,,1753077,5434890,-41.22290419,174.8262706
Wellington City,HOUGHTON BAY ROAD,, ,I,HORNSEY ROAD,201352156,20/06/13,Thu,1115,JA,CS1C,302B 375B 840 ,,S,W,O ,F ,T,G,C,50,0,0,0,,,1749542,5422847,-41.33199341,174.7870724
Wellington City,HUNGERFORD ROAD,20,E, ,HOUGHTON BAY ROAD,201356499,1/11/13,Fri,1640,AB,CW1VC,153A 197A ,M,R,D,OF,L , ,N,N,50,0,0,0,,,1749510,5422084,-41.33886888,174.786878
Wellington City,HUNGERFORD ROAD,20,N, ,WAITAHA WAY,201311704,8/05/13,Wed,1745,FA,XN1C,181A 386A ,,M,D,DO,F , ,N,C,50,0,0,1,,,1749919,5422107,-41.33858582,174.7917582
Wellington City,HUTCHISON ROAD,, ,I,WALKWAY,201352197,3/03/13,Sun,2319,DA,CN1,101A ,F,S,D,DO,F ,T,N,C,50,0,0,0,,,1748388,5425270,-41.3103914,174.7726967
Wellington City,HUTCHISON ROAD,50,E, ,WALLACE ST,201350148,1/02/13,Fri,1319,DA,CE1,103A 111A 929 ,P,M,D,B ,F ,D,N,N,50,0,0,0,,,1748547,5425597,-41.30741802,174.7745154
Wellington City,HUTCHISON ROAD,50,S, ,WESTLAND ROAD,201311787,15/03/13,Fri,2148,BC,CS1C,103A 111A 121A ,,M,D,DO,F , ,N,C,50,0,1,1,,,1748462,5425570,-41.30767676,174.7735071
Wellington City,HUTT ON NBD,20,S, ,HUTT ROAD S,201351960,4/06/13,Tue,1722,AA,VN1T,352A 372A 817 ,,E,W,DO,HS,M,N,N,100,0,0,0,,,1751955,5432204,-41.24729867,174.8135596
Wellington City,HUTT ON NBD,100,S, ,SH 2,201311670,17/04/13,Wed,1801,PF,SN1B,158A 173B ,,R,W,DO,L , ,N,C,100,0,0,1,,39,1752646,5432729,-41.24244177,174.8216713
Wellington City,HUTT ROAD,100,N, ,AOTEA QUAY,201312749,8/10/13,Tue,1815,FA,CN1S,112A 181A ,C,R,W,O ,F , ,N,C,70,0,0,1,,29,1749664,5430552,-41.26259973,174.786635
Wellington City,HUTT ROAD,, ,I,JARDEN MILE,201351893,5/06/13,Wed,1815,FE,CN1C,181A 191B ,,R,W,DO,L ,M,T,R,80,0,0,0,,,1751926,5432204,-41.24730412,174.8132136
Wellington City,HUTT ROAD,, ,I,JARDEN MILE,201351089,22/02/13,Fri,1400,FE,TN1C,331A ,,E,D,O ,F ,M,T,R,50,0,0,0,,,1751926,5432204,-41.24730412,174.8132136
Wellington City,HUTT ROAD,70,N, ,KAIWHARAWHARA ROAD,201351954,17/05/13,Fri,1356,AA,VN1C,381A ,,R,W,O ,F , ,N,C,60,0,0,0,,,1749975,5430868,-41.25969698,174.7902682
Wellington City,HUTT ROAD,200,S, ,ONSLOW ROAD,201350396,1/03/13,Fri,1730,CB,CS1,129A 354A ,G,R,D,B ,F , ,N,C,80,0,0,0,,,1750658,5431354,-41.25519429,174.7982973
Wellington City,HUTT ROAD,100,W, ,ONSLOW ROAD,201326006,7/10/13,Mon,725,JA,SW1C,204A 375B 922 ,,R,D,DO,F ,D,N,C,50,0,0,1,,48,1750752,5431388,-41.25487065,174.7994104
Wellington City,HUTT ROAD,, ,I,ONSLOW ROAD,201350301,10/02/13,Sun,300,CA,CE1,103A 410A ,,R,D,DO,F ,T,T,R,60,0,0,0,,,1750842,5431430,-41.25447572,174.8004738
Wellington City,HUTT ROAD,, ,I,ONSLOW ROAD,201352060,13/06/13,Thu,2035,JA,CE1C,322A 334A ,,R,D,DO,F ,T,T,C,60,0,0,0,,,1750842,5431430,-41.25447572,174.8004738
Wellington City,HUTT ROAD,50,W, ,RANGIORA AVENUE,201350645,12/03/13,Tue,653,JA,CS1C,314B 375B 926 ,,R,D,B ,F ,D,N,C,60,0,0,0,,,1750460,5431279,-41.25590643,174.7959536
Wellington City,HUTT ROAD,130,W, ,RANGIORA AVENUE,201312105,3/07/13,Wed,630,EE,SW1C,374B ,Q,R,D,TO,F , ,N,C,60,0,0,1,,,1750392,5431236,-41.25630623,174.7951529
Wellington City,HUTT ROAD,5,N, ,SCHOOL ROAD,201324337,7/12/13,Sat,955,MC,4S1C,372B 386B 927 ,,R,W,O ,L ,D,S,R,50,0,0,1,,,1749897,5430778,-41.26052176,174.7893597
Wellington City,HUTT ROAD,100,N, ,WESTMINSTER ST,201324055,19/11/13,Tue,755,CC,CN1,129A 350A ,KP,R,D,B ,F , ,N,C,50,0,0,1,,,1750065,5430961,-41.25884296,174.7913191
Wellington City,HUTT ROAD,, ,I,WESTMINSTER ST,201312592,16/09/13,Mon,740,LB,SS1C,303B 377B ,,R,D,B ,F ,T,N,C,60,0,0,1,,27,1749994,5430890,-41.25949538,174.7904895
Wellington City,INGLIS ST,80,N, ,PINNACLE ST,201354355,31/10/13,Thu,720,DB,CS1CC,121A ,M,M,W,DO,F , ,N,C,50,0,0,0,,,1753242,5423313,-41.32710306,174.8311496
Wellington City,IRA ST,40,S, ,DEVONSHIRE ROAD,201353835,4/10/13,Fri,2330,EA,VN1C,129A ,M,R,D,DO,F , ,N,C,50,0,0,0,,,1752331,5423926,-41.32175676,174.8201154
Wellington City,IZARD ROAD,80,S, ,CASHMERE AVENUE,201354169,21/10/13,Mon,1705,EA,CE1C,359A 501A ,MT,R,D,B ,F , ,N,N,50,0,0,0,,,1750433,5432339,-41.24636784,174.7953701
Wellington City,JAMAICA DRIVE,120,N, ,CARIBBEAN DRIVE,201357107,7/12/13,Sat,950,EA,TS1CC,350A 504A ,M,E,W,O ,L , ,N,P,50,0,0,0,,,1754196,5439163,-41.18422075,174.8385367
Wellington City,JERVOIS QUAY,30,N, ,CABLE ST,201353672,1/10/13,Tue,1850,FD,CS1C,331A 362A ,,R,D,B ,F , ,N,C,50,0,0,0,,,1748934,5427589,-41.28941185,174.7786489
Wellington City,JERVOIS QUAY,10,S, ,CABLE ST,201324038,9/06/13,Sun,40,NA,CS1E,129A ,,R,D,DN,F ,T,N,C,50,0,0,1,,,1748941,5427550,-41.2897617,174.778742
Wellington City,JERVOIS QUAY,5,N, ,CUSTOMHOUSE QUAY,201352004,12/06/13,Wed,535,KA,4N1C,386B ,,E,D,DO,F ,T,T,C,50,0,0,0,,,1748868,5428186,-41.28404897,174.7777151
Wellington City,JERVOIS QUAY,10,S, ,HARRIS ST,201350069,14/01/13,Mon,843,FD,CS1C,110A 331A 358A ,,R,W,O ,H ,T,N,C,50,0,0,0,,,1748918,5427707,-41.2883524,174.778429
Wellington City,JERVOIS QUAY,20,S, ,HARRIS ST,201352222,7/06/13,Fri,850,FD,CN1C,331A 350A ,,R,D,B ,F , ,N,R,50,0,0,0,,,1748919,5427697,-41.28844225,174.7784434
Wellington City,JERVOIS QUAY,, ,I,HARRIS ST,201350171,15/01/13,Tue,1518,FE,BS1V,181A 331A ,,R,W,O ,L ,T,T,P,50,0,0,0,,,1748916,5427717,-41.28826273,174.7784027
Wellington City,JERVOIS QUAY,, ,I,HARRIS ST,201351924,13/06/13,Thu,910,GA,TN1C,181A 350A ,,R,D,O ,F ,T,T,R,50,0,0,0,,,1748916,5427717,-41.28826273,174.7784027
Wellington City,JERVOIS QUAY,, ,I,HUNTER ST,201354029,16/10/13,Wed,1834,HA,VS1C,322A 322B 927 ,,R,D,B ,F ,D,T,R,50,0,0,0,,,1748881,5427984,-41.28586527,174.7779196
Wellington City,JERVOIS QUAY,, ,I,HUNTER ST,201350609,8/03/13,Fri,154,DB,VE2,386A 403A 410A ,H,R,D,DO,F ,T,T,R,50,0,0,0,,,1748881,5427984,-41.28586527,174.7779196
Wellington City,JERVOIS QUAY,, ,A,QUEENS WHARF,201350606,8/03/13,Fri,2245,MO,XN1C,374A 525A ,,R,D,DO,F , ,N,N,50,0,0,0,,,1748866,5428081,-41.2849947,174.7777169
Wellington City,JERVOIS QUAY,, ,I,WILLESTON ST,201350017,1/01/13,Tue,2040,LB,CN1C,404A 322B 355B ,,R,D,TO,F ,T,T,R,50,0,0,0,,,1748899,5427851,-41.28705941,174.778167
Wellington City,JOHN SIMS DRIVE,200,S, ,RAJKOT TERRACE N,201351722,19/05/13,Sun,45,DA,CS1,111A 135A 358A 801 830 ,JP,M,W,DO,F , ,N,C,50,0,0,0,,,1750622,5433708,-41.23400697,174.7972868
Wellington City,JOHN ST,30,W, ,ADELAIDE ROAD,201358254,6/12/13,Fri,2230,AA,XE1X,372A ,,R,D,DO,F , ,N,C,50,0,0,0,,,1748803,5425615,-41.30720878,174.7775677
Wellington City,JOHN ST,, ,I,ADELAIDE ROAD,201353203,14/08/13,Wed,1524,GF,CE1C,171B ,,M,D,B ,F ,X,T,C,50,0,0,0,,,1748832,5425608,-41.30726645,174.7779157
Wellington City,JOHN ST,, ,I,HANSON ST,201355591,26/11/13,Tue,1454,GO,CW1P,179A 386A ,,R,W,O ,F ,X,T,C,50,0,0,0,,,1748734,5425630,-41.30708645,174.7767402
Wellington City,JOHN ST,, ,I,HANSON ST,201352623,24/07/13,Wed,1006,GF,CE1C,171A ,,E,D,B ,F ,X,T,C,50,0,0,0,,,1748734,5425630,-41.30708645,174.7767402
Wellington City,JOHN ST,, ,I,TASMAN ST,201311467,7/03/13,Thu,1742,LB,SE1C,158A 303B 377B ,,R,D,B ,F ,T,G,P,50,0,0,1,,50,1748696,5425620,-41.30718349,174.7762889
Wellington City,JOHNSONVILLE OFF SBD,, ,I,MOOREFIELD ROAD,201357727,8/12/13,Sun,1805,DA,TW1,131A 386A ,S,M,D,O ,F ,R,G,R,50,0,0,0,,,1751518,5435068,-41.22159501,174.8076358
Wellington City,JOHNSONVILLE ROAD,40,S, ,BRODERICK ROAD,201354055,14/09/13,Sat,1515,AC,CN1C,372A ,,R,D,B ,F , ,N,C,50,0,0,0,,,1751476,5434679,-41.2251052,174.8072315
Wellington City,JOHNSONVILLE ROAD,20,N, ,BURGESS ROAD,201353436,27/08/13,Tue,1925,AC,CS1M,372A 382A ,,M,D,DO,F ,R,G,C,50,0,0,0,,,1751498,5435030,-41.22194088,174.8074068
Wellington City,JOHNSONVILLE ROAD,10,N, ,CORLETT ST,201357148,18/12/13,Wed,1617,MO,CN1C,371A 930 ,,R,D,B ,F ,D,N,C,50,0,0,0,,,1751472,5434514,-41.22659151,174.8072247
Wellington City,JOHNSONVILLE ROAD,, ,I,CORLETT ST,201352394,5/07/13,Fri,816,KB,CN1C,350A 375A 382A 308B 377B 923 ,,R,D,O ,F ,D,S,C,50,0,0,0,,,1751476,5434504,-41.22668079,174.8072749
Wellington City,JOHNSONVILLE ROAD,, ,I,CORLETT ST,201354062,12/10/13,Sat,2122,KA,CN1C,301B ,,E,D,DO,F ,X,S,C,50,0,0,0,,,1751476,5434504,-41.22668079,174.8072749
Wellington City,JOHNSONVILLE ROAD,10,N, ,DISRAELI ST,201312398,17/08/13,Sat,1620,FD,CN1CCC,331A 358A ,,R,D,O ,F ,T,T,R,50,0,0,2,,,1751475,5434674,-41.2251504,174.8072208
Wellington City,JOHNSONVILLE ROAD,20,S, ,DISRAELI ST,201353631,12/09/13,Thu,1605,LB,CN1C,303B 927 ,,R,D,B ,F ,D,N,C,50,0,0,0,,,1751471,5434644,-41.22542125,174.8071805
Wellington City,JOHNSONVILLE ROAD,70,S, ,DISRAELI ST,201351078,20/04/13,Sat,1330,GA,VS1CC,181A 331A 927 ,,R,W,O ,F ,D,N,L,50,0,0,0,,,1751464,5434595,-41.22586373,174.8071092
Wellington City,JOHNSONVILLE ROAD,, ,I,DISRAELI ST,201312785,20/10/13,Sun,1420,LB,ES1C,303B 351B ,,M,D,B ,F ,T,N,P,50,0,0,1,,,1751474,5434664,-41.22524062,174.8072113
Wellington City,JOHNSONVILLE ROAD,80,S, ,MOOREFIELD ROAD,201351961,11/06/13,Tue,1247,MG,4S1C,371A 386A ,,R,D,B ,F , ,N,C,50,0,0,0,,,1751487,5434971,-41.22247414,174.8072902
Wellington City,JOHNSONVILLE ROAD,50,S, ,NORMAN LANE,201326179,7/11/13,Thu,818,JA,XS1C,308B 377B 927 ,,E,W,OF,L ,D,N,P,50,0,0,1,,,1751486,5434883,-41.22326663,174.8073001
Wellington City,JOHNSTON ST,50,E, ,LAMBTON QUAY,201355846,15/11/13,Fri,320,MG,CE1C,371B ,,R,D,DO,F , ,N,C,50,0,0,0,,,1748759,5428344,-41.28264651,174.7763755
Wellington City,JOHNSTON ST,, ,I,LAMBTON QUAY,201351110,2/05/13,Thu,1354,DA,VN2,403A 423A ,JS,M,D,O ,F ,T,N,R,50,0,0,0,,,1748714,5428365,-41.28246573,174.7758332
Wellington City,KAINUI ROAD,20,S, ,TE ANAU ROAD,201358457,21/11/13,Thu,,EA,CN1C,129A ,M,R,D,BF,F , ,N,N,50,0,0,0,,,1750912,5426315,-41.30051473,174.8025759
Wellington City,KAIWHARAWHARA ROAD,, ,I,CAMERON ST,201355814,26/11/13,Tue,810,LB,CS1C,303B 375B ,,R,W,O ,L ,T,G,C,50,0,0,0,,,1749806,5430941,-41.25907108,174.7882338
Wellington City,KAIWHARAWHARA ROAD,550,N, ,HUTT ROAD,201350064,15/01/13,Tue,1100,BF,CN1C,110A 134A ,,M,W,O ,H , ,N,P,50,0,0,0,,,1749491,5431099,-41.25770686,174.7844367
Wellington City,KAIWHARAWHARA ROAD,170,E, ,NGAIO GORGE ROAD,201353205,17/08/13,Sat,1448,DB,4S1,111A 134A ,C,S,W,B ,F , ,N,C,50,0,0,0,,,1749186,5431098,-41.25777222,174.7807979
Wellington City,KAIWHARAWHARA ROAD,200,E, ,NGAIO GORGE ROAD,201358255,27/12/13,Fri,2222,DA,CE1,110A 131A ,V,S,W,DO,H , ,N,P,50,0,0,0,,,1749204,5431075,-41.25797598,174.7810183
Wellington City,KAIWHARAWHARA ROAD,220,E, ,NGAIO GORGE ROAD,201311588,17/04/13,Wed,1609,BC,CS1C,111A 121A ,,M,W,O ,F , ,N,N,50,0,0,1,,,1749215,5431059,-41.25811801,174.7811535
Wellington City,KAIWHARAWHARA ROAD,20,S, ,OLD PORIRUA ROAD,201311631,12/03/13,Tue,1750,LB,SN1C,303B 375B 927 ,,R,D,TF,F ,D,N,C,50,0,0,1,,41,1749680,5431063,-41.257996,174.7867005
Wellington City,KAIWHARAWHARA ROAD,150,W, ,OLD PORIRUA ROAD,201350388,24/01/13,Thu,1753,BF,CE1C,110A 131A 402A ,,M,W,O ,F , ,N,C,50,0,0,0,,,1749518,5431092,-41.25776489,174.7847605
Wellington City,KAREPA ST,140,S, ,ASHTON FITCHETT DRIVE,201351271,3/04/13,Wed,820,BB,BN1C,123A 818 ,,S,D,O ,F , ,N,C,50,0,0,0,,,1747117,5425827,-41.30560924,174.757385
Wellington City,KARORI ROAD,5,E, ,DONALD ST,201352490,9/07/13,Tue,1534,FD,CW1C,181A 330A ,,R,D,B ,F ,T,T,P,50,0,0,0,,,1745864,5428311,-41.28347179,174.7418288
Wellington City,KARORI ROAD,5,E, ,DONALD ST,201312707,19/09/13,Thu,2235,CC,PW1,103A 129A ,IS,R,W,DO,L ,T,T,R,50,0,1,0,,,1745864,5428311,-41.28347179,174.7418288
Wellington City,KARORI ROAD,50,W, ,EAGLE ST,201312414,31/07/13,Wed,1510,BO,BW1S,130B 198B 408B ,,R,D,B ,F , ,N,C,50,0,0,1,,9,1745219,5428079,-41.2856769,174.7341852
Wellington City,KARORI ROAD,, ,I,FLERS ST,201351356,17/04/13,Wed,1800,FD,CW1C,181A 402A ,,R,W,TO,L ,T,S,C,50,0,0,0,,,1746434,5428492,-41.28173897,174.7485888
Wellington City,KARORI ROAD,80,E, ,HATTON ST,201353823,22/07/13,Mon,1730,FD,CW1CC,331A 410A ,,R,D,DO,F , ,N,C,50,0,0,0,,,1746188,5428425,-41.28238679,174.7456687
Wellington City,KARORI ROAD,70,W, ,HATTON ST,201353230,8/08/13,Thu,1001,MG,CW1C,414B 505B 512B ,,R,D,O ,F , ,N,C,50,0,0,0,,,1746046,5428376,-41.28285366,174.7439856
Wellington City,KARORI ROAD,20,E, ,PARKVALE ROAD,201350598,21/02/13,Thu,1246,JA,CW1C,308B 423B 922 ,,R,D,B ,F ,D,N,C,50,0,0,0,,,1745525,5428190,-41.2846224,174.7378113
Wellington City,KARORI ROAD,, ,I,RAINE ST,201312559,28/09/13,Sat,1510,GE,SW14,157A 160A ,,M,D,B ,F ,T,G,L,50,0,0,1,,36,1745590,5428214,-41.2843946,174.7385814
Wellington City,KARORI ROAD,15,E, ,READING ST,201311814,27/02/13,Wed,1651,FD,CW1CC,181A 330A ,,R,D,B ,F , ,N,C,50,0,0,1,,,1745750,5428271,-41.28385252,174.7404776
Wellington City,KARORI ROAD,, ,I,STANDEN ST,201352009,27/05/13,Mon,1016,LB,CE1C,303B 375B ,,R,D,B ,F ,T,G,C,50,0,0,0,,,1746606,5428554,-41.28114954,174.7506269
Wellington City,KATE SHEPPARD PLACE,30,E, ,MOLESWORTH ST,201325957,25/11/13,Mon,810,EE,SE1X,374B ,Q,R,D,BF,F , ,N,C,30,0,0,1,,46,1748915,5428883,-41.2777649,174.7781057
Wellington City,KELBURN PARADE,40,S, ,SALAMANCA ROAD,201351738,20/05/13,Mon,1033,MC,CN1C,372B ,,R,W,O ,L , ,N,C,50,0,0,0,,,1748121,5427873,-41.28700444,174.7688749
Wellington City,KELBURN VIADUCT,, ,I,GLENMORE ST,201350078,17/01/13,Thu,2150,KA,CE1CC,302B 387B ,S,E,W,DF,L ,R,G,R,50,0,0,0,,,1747173,5427869,-41.28721383,174.7575599
Wellington City,KEMP ST,40,N, ,TACY ST,201353912,2/10/13,Wed,2025,BA,BN1C,129A 386A 820 ,,R,D,DO,F , ,N,C,50,0,0,0,,,1750413,5424488,-41.31705695,174.7970701
Wellington City,KENMORE ST,50,N, ,LINK ROAD,201353161,17/08/13,Sat,1125,FA,CS1C,181A 331A ,,R,D,B ,F , ,N,C,50,0,0,0,,,1753151,5434585,-41.22563619,174.8272295
Wellington City,KENT TERRACE,, ,I,COURTENAY PLACE,201311431,22/03/13,Fri,1205,NF,CE1E,307A 353A 376A ,,M,D,B ,F ,M,T,C,50,0,0,1,89,,1749376,5427069,-41.29401196,174.7840526
Wellington City,KENT TERRACE,, ,I,MAJORIBANKS ST,201352620,18/07/13,Thu,2200,GF,TS1V,172A 313B 387B ,,R,D,DO,F ,X,T,R,50,0,0,0,,,1749376,5427069,-41.29401196,174.7840526
Wellington City,KENT TERRACE,20,N, ,PIRIE ST,201350939,19/03/13,Tue,2005,GB,BS1C,370A 671A 176B 924 ,,R,D,DO,F ,D,N,C,50,0,0,0,,,1749229,5426741,-41.29699227,174.7823781
Wellington City,KENT TERRACE,10,N, ,VIVIAN ST,201354040,19/10/13,Sat,1415,AG,CW14,386A 691A ,,R,D,B ,F ,X,T,R,50,0,0,0,,,1749225,5426732,-41.29707404,174.7823326
Wellington City,KHANDALLAH ROAD,, ,I,COCKAYNE ROAD,201350063,17/01/13,Thu,1829,DA,CS1,110A 131A ,F,M,W,O ,H ,T,S,L,50,0,0,0,,,1749732,5432188,-41.24785749,174.7870448
Wellington City,KILBIRNIE CRESCENT,, ,I,CHILDERS TERRACE,201324333,26/11/13,Tue,1112,LB,SN1C,303B 375B ,,R,W,O ,L ,X,G,C,50,0,0,1,,16,1750163,5424590,-41.3161852,174.7940595
Wellington City,KILBIRNIE CRESCENT,50,S, ,HENRY ST,201312022,8/07/13,Mon,1811,EE,SN1C,330B 374B ,Q,R,D,DO,F , ,N,C,50,0,0,1,,37,1750078,5424897,-41.313437,174.7929686
Wellington City,KING ST,60,W, ,ADELAIDE ROAD,201354321,6/03/13,Wed,655,DA,CS1C,111A ,M,S,D,DO,F , ,N,N,50,0,0,0,,,1748879,5426033,-41.30343133,174.7783729
Wellington City,LAMBTON QUAY,40,S, ,BALLANCE ST,201352602,4/07/13,Thu,1020,MO,CN1X,386A ,,R,D,B ,F , ,N,C,50,0,0,0,,,1748728,5428612,-41.2802393,174.77594
Wellington City,LAMBTON QUAY,, ,I,BOWEN ST,201352022,28/05/13,Tue,1900,ND,VS1E,711B ,,R,D,O ,F ,X,T,C,50,0,0,0,,,1748819,5428688,-41.27953827,174.7770076
Wellington City,LAMBTON QUAY,, ,I,BOWEN ST,201351113,11/04/13,Thu,1625,AO,CN1C,150A ,,R,D,B ,F ,X,T,R,50,0,0,0,,,1748819,5428688,-41.27953827,174.7770076
Wellington City,LAMBTON QUAY,, ,I,BRANDON ST,201354231,19/10/13,Sat,1558,FE,CN1C,181A 330A ,,R,D,B ,F ,T,T,P,50,0,0,0,,,1748688,5428300,-41.28305574,174.7755388
Wellington City,LAMBTON QUAY,20,S, ,GREY ST,201311252,19/02/13,Tue,842,EE,SS1C,374B 525B ,Q,R,D,B ,F ,X,T,C,30,0,0,1,,37,1748678,5428131,-41.28457917,174.7754606
Wellington City,LAMBTON QUAY,20,N, ,HARRIS ST,201353943,23/09/13,Mon,805,AC,CS1C,372A ,,R,D,O ,F ,T,T,C,50,0,0,0,,,1748734,5427942,-41.28627051,174.7761752
Wellington City,LAMBTON QUAY,, ,I,JOHNSTON ST,201311757,3/04/13,Wed,1656,AD,BS1C,157A ,,R,D,O ,F ,T,N,R,30,0,0,1,,,1748714,5428365,-41.28246573,174.7758332
Wellington City,LAMBTON QUAY,20,N, ,PANAMA ST,201312050,27/06/13,Thu,1735,NB,SN1E,715B 719B 724B 901 ,,R,W,DO,H , ,N,R,30,0,1,1,70,40,1748680,5428247,-41.2835344,174.7754562
Wellington City,LAMBTON QUAY,10,S, ,PLIMMERS STEPS,201352410,11/07/13,Thu,2230,MO,VN1C,371A ,M,R,W,DO,H ,T,N,N,30,0,0,0,,,1748716,5427991,-41.28583265,174.7759484