TLA NAME,CRASH ROAD,CRASH DIST,CRASH DIRN,INTSN,SIDE ROAD,CRASH ID,CRASH DATE,CRASH DOW,CRASH TIME,MVMT,VEHICLES,CAUSES,OBJECTS STRUCK,ROAD CURVE,ROAD WET,LIGHT,WTHRa,JUNC TYPE,TRAF CTRL,ROAD MARK,SPD LIM,CRASH FATAL CNT,CRASH SEV CNT,CRASH MIN CNT,PERS AGE1,PERS AGE2,EASTING,NORTHING,latitude,longitude
Wellington City,LAMBTON QUAY,15,S, ,WOODWARD ST,201311419,28/02/13,Thu,1200,MA,SN1X,373B ,,E,D,B ,F ,T,T,R,30,0,0,1,,31,1748723,5428390,-41.28223899,174.7759345
Wellington City,LENNEL ROAD,10,W, ,SEFTON ST,201311771,1/05/13,Wed,1822,FC,SS1C,113A 136A 378A 610A ,,M,D,DO,F ,X,S,L,50,0,0,1,,23,1748980,5430400,-41.26409465,174.7785106
Wellington City,LINDUM TERRACE,40,W, ,MAIDA VALE ROAD,201351549,16/05/13,Thu,1754,MO,CS1C,371A 386A ,M,R,D,DO,F , ,N,N,50,0,0,0,,,1750806,5427669,-41.28834406,174.8009749
Wellington City,LORNE ST,, ,I,TORY ST,201326004,14/10/13,Mon,1855,JA,CS1C,101B 302B 377B 839 ,,R,W,TO,L ,T,G,C,50,0,0,2,,,1749048,5426943,-41.29520703,174.7801678
Wellington City,LYALL PARADE,20,N, ,QUEENS DRIVE,201352495,12/07/13,Fri,1440,MC,CN1C,372A ,,R,W,O ,HS, ,N,X,50,0,0,0,,,1749958,5422930,-41.33116885,174.7920209
Wellington City,LYNDA AVENUE,100,W, ,BEAZLEY AVENUE,201353538,12/09/13,Thu,1308,MO,CE1V,357A 371A 512A 357B 929 ,,E,D,B ,F ,D,N,N,50,0,0,0,,,1752086,5435780,-41.21507806,174.8142317
Wellington City,MACDONALD CRESCENT,, ,I,THE TERRACE,201312033,20/06/13,Thu,1120,DB,PS2,135A 806 901 ,,M,W,O ,H ,T,S,C,50,0,0,1,,,1748304,5427470,-41.29059925,174.7711575
Wellington City,MAHORA ST,50,S, ,RONGOTAI ROAD,201353231,28/07/13,Sun,1820,EA,CS1C,129A ,M,R,D,TF,F , ,N,C,50,0,0,0,,,1750431,5424295,-41.31879123,174.7973329
Wellington City,MAHORA ST N,, ,I,RONGOTAI ROAD,201353747,19/09/13,Thu,1132,GB,VN1C,158A 387A 142B ,,R,D,B ,F ,X,G,C,50,0,0,0,,,1750448,5424354,-41.31825687,174.7975213
Wellington City,MAIDA VALE ROAD,, ,I,CARLTON GORE ROAD,201352224,1/06/13,Sat,218,DB,CS1C,111A 131A ,M,M,D,DO,F ,T,N,C,50,0,0,0,,,1750845,5427671,-41.28831876,174.80144
Wellington City,MAIN ROAD,, ,I,CAMBRIDGE ST,201351895,23/05/13,Thu,900,LB,CS1C,302A 375A ,,R,W,O ,F ,R,G,P,50,0,0,0,,,1753072,5440589,-41.17159505,174.8247849
Wellington City,MAIN ROAD,, ,I,ESSEX ST,201311675,30/04/13,Tue,1308,NA,CN1E,370A 713B 717B ,,R,D,B ,F ,T,G,X,50,0,0,1,11,,1753096,5440803,-41.16966379,174.8250174
Wellington City,MAIN ROAD,, ,I,LINCOLN AVENUE,201351942,23/05/13,Thu,755,JA,CN1C,302B 375B ,T,R,W,O ,L ,T,G,C,50,0,0,0,,,1753102,5440936,-41.16846521,174.8250556
Wellington City,MAIN ROAD,, ,I,LINDEN AVENUE,201311887,29/03/13,Fri,1050,JA,SS1C,302B 353B 375B ,,E,D,O ,F ,R,G,R,50,0,0,1,,57,1753500,5442233,-41.15671256,174.8294728
Wellington City,MAIN ROAD,, ,I,LINDEN AVENUE,201353428,11/07/13,Thu,,KB,CN1C,302A 375A ,,E,W,DO,L ,R,G,C,50,0,0,0,,,1753498,5442235,-41.15669493,174.8294485
Wellington City,MAIN ROAD,, ,I,LINDEN AVENUE,201311565,5/04/13,Fri,940,JA,SS1C,302B 375B ,,R,D,B ,F ,R,G,P,50,0,0,1,,53,1753500,5442233,-41.15671256,174.8294728
Wellington City,MAIN ROAD,, ,I,LYNDHURST ROAD,201352133,9/06/13,Sun,1830,LB,4S1C,302A 375A ,,E,D,DO,F ,R,G,R,50,0,0,0,,,1753072,5440589,-41.17159505,174.8247849
Wellington City,MAIN ROAD,5,S, ,MCLELLAN ST,201359310,22/11/13,Fri,1505,FC,CS1C,181A 353A ,,R,D,B ,F ,T,N,X,50,0,0,0,,,1753333,5441662,-41.16188509,174.8276262
Wellington City,MAIN ROAD,20,N, ,OXFORD ST,201351684,8/05/13,Wed,957,MD,CN1C,308B 371B 839 922 ,,R,D,O ,F ,D,N,C,50,0,0,0,,,1753050,5440386,-41.17342689,174.8245735
Wellington City,MAIN ROAD,, ,I,OXFORD ST,201353160,8/08/13,Thu,830,JA,VS1C,302B 375B ,,E,D,O ,F ,T,G,C,50,0,0,0,,,1753047,5440366,-41.17360753,174.8245427
Wellington City,MAIN ROAD,, ,I,OXFORD ST,201350644,11/03/13,Mon,1425,DA,CN1,353A 386A ,S,R,D,B ,F ,T,G,R,50,0,0,0,,,1753047,5440366,-41.17360753,174.8245427
Wellington City,MAIN ROAD,120,S, ,REDWOOD AVENUE N,201350945,28/03/13,Thu,1500,EA,CN1CC,330A 350A 407A ,M,R,D,O ,F , ,N,C,50,0,0,0,,,1753096,5439845,-41.17828904,174.8252569
Wellington City,MAIN ROAD,, ,I,REDWOOD AVENUE N,201352280,14/06/13,Fri,1605,MC,TS1C,103B 372B ,,R,D,B ,F ,T,G,C,50,0,0,0,,,1753115,5439963,-41.17722305,174.8254538
Wellington City,MAIN ROAD,150,N, ,REDWOOD AVENUE S,201351080,2/02/13,Sat,1045,EA,VN1C,129A ,M,R,D,B ,F , ,N,C,50,0,0,0,,,1752994,5439512,-41.18130643,174.8241246
Wellington City,MAIN ROAD,50,S, ,REDWOOD AVENUE S,201311276,14/02/13,Thu,1955,MO,CN1,130A 351A ,H,R,D,B ,F , ,N,C,50,0,0,1,,,1752963,5439275,-41.18344608,174.8238144
Wellington City,MAIN ROAD,60,S, ,REDWOOD AVENUE S,201352003,4/06/13,Tue,1600,MO,CN1T,371A 386A ,M,R,W,O ,F , ,N,C,50,0,0,0,,,1753006,5439315,-41.18307783,174.8243168
Wellington City,MAIN ROAD,, ,I,REDWOOD AVENUE S,201311310,1/02/13,Fri,2055,QB,VN1,102A 522A ,,E,D,DO,F ,R,G,C,50,0,0,1,,,1752976,5439365,-41.18263332,174.8239468
Wellington City,MAIN ROAD,10,N, ,SUNRISE BOULEVARD,201355511,11/11/13,Mon,1735,EA,CN1C,386A ,M,R,D,B ,F ,X,G,C,50,0,0,0,,,1753117,5439184,-41.1842363,174.8256724
Wellington City,MAIN ROAD,, ,I,TAWA ST,201351165,15/01/13,Tue,1030,HA,CS1C,302A 375A ,,M,W,O ,F ,R,G,R,50,0,0,0,,,1753091,5440146,-41.17557996,174.825122
Wellington City,MAIN ROAD,, ,I,WILLOWBANK ROAD,201350727,23/03/13,Sat,1610,LB,CW1S,302A 375A ,,E,D,B ,F ,X,G,R,50,0,0,0,,,1753316,5439020,-41.18567522,174.8280851
Wellington City,MAIRANGI ROAD,100,S, ,LYTTON ST,201351053,24/03/13,Sun,145,EA,CW1C,137A 197A 378A 442B 818 830 ,M,M,D,DO,F , ,N,C,50,0,0,0,,,1748263,5430467,-41.2636233,174.7699388
Wellington City,MAIRANGI ROAD,20,E, ,ROSE ST,201353054,12/08/13,Mon,630,QD,CE1C,611A ,M,E,W,DO,F , ,N,C,50,0,0,0,,,1748190,5430575,-41.26266431,174.7690414
Wellington City,MAJORIBANKS ST,30,E, ,BROUGHAM ST,201352767,14/07/13,Sun,1005,MD,CW1C,191A 377A 371B 839 ,,R,W,O ,F , ,N,C,50,0,0,0,,,1749604,5426965,-41.29490608,174.7868
Wellington City,MAKARA ROAD,1500,W, ,KHOURI AVENUE,201353753,12/09/13,Thu,1652,DA,CN1,111A 134A ,V,M,D,B ,F , ,N,C,50,0,0,0,,,1743399,5428656,-41.28080704,174.7123245
Wellington City,MAKARA ROAD,2500,N, ,SOUTH MAKARA ROAD,201352665,19/07/13,Fri,1804,DB,CN1,121A 131A ,C,E,D,DN,F , ,N,C,60,0,0,0,,,1743651,5431828,-41.25220226,174.7145849
Wellington City,MAKARA ROAD,600,S, ,TAKARAU GORGE ROAD,201358858,5/12/13,Thu,1755,DA,CS1,111A 131A ,F,S,D,B ,F , , ,C,60,0,0,0,,,1743800,5432678,-41.24452254,174.7161622
Wellington City,MANNERS ST,20,E, ,CUBA ST,201351796,20/05/13,Mon,1020,QD,VN1,428A ,H,E,D,O ,F , ,N,N,30,0,0,0,,,1748798,5427375,-41.29136367,174.7770777
Wellington City,MANNERS ST,, ,I,CUBA ST,201350386,2/02/13,Sat,1445,GO,BW1C,129A 179A ,,R,D,B ,F ,T,T,C,50,0,0,0,,,1748783,5427388,-41.29124939,174.7768955
Wellington City,MANNERS ST,25,W, ,OPERA HOUSE LANE,201350805,15/03/13,Fri,700,GC,BE1S,174B 312B 386B ,,R,D,B ,F , ,N,C,30,0,0,0,,,1748821,5427356,-41.29153049,174.7773569
Wellington City,MANSFIELD ST,, ,I,RHODES ST,201324923,16/12/13,Mon,1822,HA,XN1M,302A 375A ,,M,D,B ,F ,R,G,C,40,0,1,0,,,1749049,5424545,-41.316797,174.7807673
Wellington City,MANTELL ST,, ,I,GORE ST,201352223,1/06/13,Sat,2356,DB,CN1,111A 131A ,FT,S,D,DO,F ,T,N,C,50,0,0,0,,,1753657,5423456,-41.32573663,174.83607
Wellington City,MARINE PARADE,100,S, ,AWA ROAD,201311815,24/02/13,Sun,914,MC,SN1C,372B ,,R,D,B ,F , ,N,C,50,0,0,1,,34,1753042,5424870,-41.31312316,174.828369
Wellington City,MARINE PARADE,130,N, ,FERRY ST,201350680,18/02/13,Mon,1500,EA,CN1T,129A ,M,R,D,B ,F , ,N,C,50,0,0,0,,,1753050,5424299,-41.31826244,174.8286082
Wellington City,MARINE PARADE,, ,I,INGLIS ST,201358258,18/12/13,Wed,2030,DA,CE14,103A 111A ,FMT,E,D,TF,F ,T,N,C,50,0,0,0,,,1753428,5423960,-41.32124267,174.8332078
Wellington City,MARK AVENUE,, ,I,ARIMA PLACE,201352324,8/07/13,Mon,302,EA,CN1C,386A ,M,R,D,DO,F ,T,N,C,50,0,0,0,,,1752927,5436789,-41.20583523,174.8240067
Wellington City,MARK AVENUE,5,N, ,TANIA WAY,201350721,26/03/13,Tue,1832,EA,CN1T,101A 363A 902 ,M,M,D,B ,F ,T,N,P,50,0,0,0,,,1752261,5436081,-41.21233514,174.8162433
Wellington City,MARK AVENUE,150,S, ,TERRANCE GROVE,201352058,22/05/13,Wed,2119,DB,CN1,129A 136A 652A 801 ,M,M,W,DO,F , ,N,C,50,0,0,0,,,1752326,5436072,-41.21240394,174.8170205
Wellington City,MARK AVENUE,, ,I,TRINIDAD CRESCENT,201351550,16/05/13,Thu,1830,JA,CN1C,309B 335B ,,E,D,DN,F ,X,N,P,50,0,0,0,,,1752860,5436730,-41.20637908,174.8232227
Wellington City,MASSEY ROAD,460,N, ,FORT BALLANCE ROAD,201350079,11/01/13,Fri,640,DA,CS1,103A 332A 363A ,E,S,D,B ,F , ,N,C,40,0,0,0,,,1753510,5427527,-41.28911288,174.8332871
Wellington City,MASSEY ROAD,800,N, ,FORT BALLANCE ROAD,201354324,29/10/13,Tue,1850,DB,CN1,501A ,C,E,D,B ,F , ,N,C,50,0,0,0,,,1753188,5427600,-41.28851681,174.8294251
Wellington City,MASSEY ROAD,, ,I,FORT BALLANCE ROAD,201350741,16/03/13,Sat,2220,BB,CN1C,103A 123A 404A ,,E,D,DN,F ,T,N,C,40,0,0,0,,,1753449,5427104,-41.29293281,174.8326656
Wellington City,MASSEY ROAD,500,N, ,SHELLY BAY ROAD,201311576,28/03/13,Thu,1405,DA,CS1,101A 111A 134A ,X,E,D,B ,F , ,N,C,40,0,0,1,,,1752732,5427706,-41.28764887,174.8239555
Wellington City,MAULDETH TERRACE,140,E, ,AMESBURY DRIVE,201355844,14/11/13,Thu,1700,MC,CW1C,372B ,,E,D,O ,F , ,N,C,50,0,0,0,,,1751298,5437783,-41.19719185,174.8043405
Wellington City,MCCOLL ST,, ,I,SHORT ST,201352198,24/02/13,Sun,949,DA,CN1,111A 197A ,ST,M,D,B ,F ,T,N,C,50,0,0,0,,,1748118,5424950,-41.31332212,174.7695506
Wellington City,MCKINLEY CRESCENT,40,N, ,TAFT ST,201351533,12/05/13,Sun,1440,MC,CS1C,112A 378A 372B 378B 832 ,,R,D,B ,F , ,N,C,50,0,0,0,,,1747696,5425504,-41.30841158,174.7643767
Wellington City,MCLELLAN ST,, ,I,DUNCAN ST,201350468,9/02/13,Sat,1240,CA,CE1,129A 427A ,IS,R,D,B ,F ,R,G,R,50,0,0,0,,,1753645,5441567,-41.16268136,174.8313671
Wellington City,MEIN ST,5,W, ,DANIELL ST,201353771,15/08/13,Thu,706,AO,CW1C,197A 407A ,M,R,D,O ,F ,T,N,C,40,0,0,0,,,1749125,5425237,-41.31055261,174.7815052
Wellington City,MELROSE ROAD,, ,I,SOUTHGATE ROAD,201350065,5/01/13,Sat,1445,JA,VS1C,303B 377B 830 ,,E,D,B ,F ,T,S,C,50,0,0,0,,,1749030,5422251,-41.33745423,174.7811029
Wellington City,MELROSE ROAD,, ,I,SOUTHGATE ROAD,201353533,14/09/13,Sat,1510,JA,CS1C,301B 375B ,,S,D,B ,F ,T,S,C,50,0,0,0,,,1749030,5422251,-41.33745423,174.7811029
Wellington City,MELROSE ROAD,150,W, ,WITHAM ST,201312783,21/09/13,Sat,2351,DB,CW1,101A 111A ,,M,W,DN,F , ,N,C,50,0,0,1,,,1748941,5422432,-41.33584107,174.7799954
Wellington City,MERCER ST,10,W, ,VICTORIA ST,201352347,14/05/13,Tue,1610,MG,CE1C,371B ,,R,D,O ,F ,T,G,N,50,0,0,0,,,1748715,5427698,-41.28847085,174.776008
Wellington City,MERCER ST,20,W, ,VICTORIA ST,201353522,3/09/13,Tue,1648,EA,TE1X,386A ,M,R,D,B ,F , ,N,N,50,0,0,0,,,1748706,5427702,-41.28843649,174.7758996
Wellington City,MERSEY ST,10,W, ,TIBER ST,201359326,5/11/13,Tue,1500,EE,CE1C,374A ,Q,R,D,B ,F ,T,N,C,50,0,0,0,,,1748535,5422218,-41.33784272,174.7751978
Wellington City,MIDDLETON ROAD,1030,N, ,BURDENDALE GROVE,201352038,12/06/13,Wed,800,FD,CS1C,181A 331A ,,R,D,B ,F , ,N,C,50,0,0,0,,,1751910,5436619,-41.20755726,174.8119247
Wellington City,MIDDLETON ROAD,100,S, ,CHURTON DRIVE,201312443,30/08/13,Fri,1020,BC,CN1V,111A 121A ,C,E,W,O ,F , ,N,C,50,0,0,1,,,1751827,5435862,-41.2143884,174.8111232
Wellington City,MIDDLETON ROAD,, ,I,GLENSIDE ROAD,201311191,16/02/13,Sat,1357,BC,CS1C,122A ,,E,D,B ,F ,T,N,C,50,0,0,1,,,1751898,5436823,-41.20572282,174.811731
Wellington City,MIDDLETON ROAD,1000,N, ,ROWELLS ROAD,201355805,31/10/13,Thu,545,EC,VN1,110A 341A 901 903 ,T,M,W,DO,HS, ,N,C,50,0,0,0,,,1752961,5437920,-41.19564602,174.8241292
Wellington City,MIDDLETON ROAD,30,N, ,SILVERBIRCH GROVE,201353703,14/09/13,Sat,1315,FD,CN1C,181A 331A ,,M,D,B ,F , ,N,C,50,0,0,0,,,1751821,5435835,-41.21463262,174.8110584
Wellington City,MIDDLETON ROAD,, ,I,WESTCHESTER DRIVE EAST,201351725,21/04/13,Sun,1335,KA,VW1C,302B 387B ,,E,W,O ,F ,T,G,C,50,0,0,0,,,1752251,5437033,-41.20376581,174.815887
Wellington City,MIDDLETON ROAD,20,S, ,WINGFIELD PLACE,201353552,30/08/13,Fri,1316,CC,CS1,129A 350A ,K,R,D,B ,F , ,N,C,50,0,0,0,,,1751879,5436223,-41.21112842,174.8116535
Wellington City,MILLS ROAD,50,N, ,VERONICA ST,201352491,10/07/13,Wed,2130,BA,VN14,125A 129A ,,R,W,DO,L , ,N,C,50,0,0,0,,,1747819,5425103,-41.31199944,174.7659429
Wellington City,MIRAMAR AVENUE,, ,I,HOBART ST,201312748,8/10/13,Tue,805,HA,CN2P,113B 375B ,,E,D,O ,F ,R,G,C,50,0,0,2,,,1752041,5424518,-41.31648159,174.816504
Wellington City,MIRAMAR AVENUE,70,W, ,STONE ST,201354179,22/09/13,Sun,1510,MO,CW1,133A 423A 925 ,H,R,D,B ,F ,D,N,N,50,0,0,0,,,1751889,5424615,-41.31563692,174.8146646
Wellington City,MIRAMAR AVENUE,80,W, ,STONE ST,201352606,21/07/13,Sun,1855,AD,4E1C,129A 150A ,,R,D,DO,F , ,N,P,50,0,0,0,,,1751880,5424620,-41.3155936,174.8145559
Wellington City,MIRAMAR AVENUE,, ,I,STONE ST,201355521,6/11/13,Wed,1822,JA,CW1V,302B 375B ,,R,W,O ,L ,T,G,C,50,0,0,0,,,1751949,5424579,-41.31594974,174.8153901
Wellington City,MIRAMAR AVENUE,, ,I,TAUHINU ROAD,201312786,31/10/13,Thu,1000,EA,PE1C,302B ,M,R,D,B ,F ,R,G,R,50,0,0,1,,,1751783,5424677,-41.31509868,174.8133833
Wellington City,MITCHELL ST,10,S, ,KAREPA ST,201351030,14/04/13,Sun,1145,MO,CN1C,371A ,C,R,D,B ,F ,T,N,C,50,0,0,0,,,1747182,5425612,-41.30753314,174.7582131
Wellington City,MOLESWORTH ST,5,N, ,AITKEN ST,201352203,10/06/13,Mon,1710,EA,BS1C,386A ,M,R,D,TF,F ,X,T,N,50,0,0,0,,,1748889,5428977,-41.27692337,174.7777724
Wellington City,MOLESWORTH ST,40,N, ,MAY ON NBD,201351347,12/04/13,Fri,2040,FC,CN1CC,101A 181A 371A ,,R,D,DO,F , ,N,C,50,0,0,0,,,1748910,5429382,-41.27327309,174.777924
Wellington City,MOLESWORTH ST,30,N, ,MAY ST,201353158,5/06/13,Wed,1715,MO,CS1C,371A 930 ,,R,W,O ,F ,D,N,C,50,0,0,0,,,1748910,5429372,-41.27336313,174.7779265
Wellington City,MONAGHAN AVENUE,15,S, ,PAPARATA ST,201350932,8/02/13,Fri,1000,MO,CS1,371A 423A 929 ,FJ,M,D,B ,F ,D,N,N,50,0,0,0,,,1745427,5427465,-41.2911677,174.7368147
Wellington City,MONTGOMERY AVENUE,, ,I,CATHIE PLACE,201351064,15/04/13,Mon,1207,EA,BW1C,110A 129A 423A ,M,M,D,B ,F ,R,G,C,50,0,0,0,,,1744739,5428939,-41.27801992,174.7282513
Wellington City,MOOREFIELD ROAD,30,S, ,BRODERICK ROAD,201352204,9/05/13,Thu,1730,MO,CW1C,386A ,M,R,D,O ,F , ,N,C,50,0,0,0,,,1751167,5434738,-41.22463179,174.803532
Wellington City,MOOREFIELD ROAD,90,S, ,BRODERICK ROAD,201351425,28/04/13,Sun,1030,MO,4W1C,386A 925 ,M,R,D,O ,F ,D,N,N,50,0,0,0,,,1751144,5434684,-41.22512227,174.8032711
Wellington City,MOOREFIELD ROAD,5,N, ,HAUMIA ST,201353037,30/07/13,Tue,840,FB,CS1C,331A 363A 645A ,,R,W,B ,F ,R,G,R,50,0,0,0,,,1750894,5434222,-41.22932851,174.8004039
Wellington City,MOOREFIELD ROAD,5,S, ,HELSTON ROAD,201350646,15/03/13,Fri,1723,CB,CS1,137A 407A ,P,R,D,O ,F ,R,G,C,50,0,0,0,,,1751519,5435169,-41.22068548,174.8076227
Wellington City,MOOREFIELD ROAD,, ,I,JOHNSONVILLE ON NBD,201352523,18/07/13,Thu,755,KA,CN1C,302B ,,R,D,O ,F ,R,G,C,50,0,0,0,,,1751503,5435082,-41.22147177,174.8074535
Wellington City,MOOREFIELD ROAD,, ,I,JOHNSONVILLE ON NBD,201354032,19/10/13,Sat,1725,KA,CE1C,302B ,,E,D,B ,F ,R,G,C,50,0,0,0,,,1751503,5435082,-41.22147177,174.8074535
Wellington City,MOOREFIELD ROAD,, ,I,JOHNSONVILLE ROAD,201350109,29/01/13,Tue,957,HA,VS1C,302A 353A 402A ,,E,D,B ,F ,R,G,R,50,0,0,0,,,1751503,5435082,-41.22147177,174.8074535
Wellington City,MOOREFIELD ROAD,, ,I,JOHNSONVILLE ROAD,201351594,4/05/13,Sat,1227,HA,CS1C,302A 375A ,,E,D,B ,F ,R,G,C,50,0,0,0,,,1751503,5435082,-41.22147177,174.8074535
Wellington City,MOOREFIELD ROAD,, ,I,JOHNSONVILLE ROAD,201352937,17/07/13,Wed,1220,HA,CS1C,302A ,,R,D,B ,F ,R,G,C,50,0,0,0,,,1751503,5435082,-41.22147177,174.8074535
Wellington City,MOOREFIELD ROAD,50,N, ,WANAKA ST,201351444,4/05/13,Sat,1022,EA,CN1,129A 363A ,M,R,D,B ,F , ,N,P,50,0,0,0,,,1751304,5434934,-41.22284151,174.8051172
Wellington City,MORGAN ST,, ,I,OHARIU ROAD,201354308,13/10/13,Sun,1200,MG,CN1C,371B ,,R,D,B ,F ,T,N,C,50,0,0,0,,,1751403,5435415,-41.21849235,174.8061785
Wellington City,MORNINGTON ROAD,30,N, ,CLARENCE ST,201351027,3/04/13,Wed,800,EA,CS1C,129A ,M,E,D,B ,F , ,N,C,50,0,0,0,,,1747648,5425290,-41.31034711,174.7638555
Wellington City,MOSELLE ST,, ,I,SEVERN ST,201354082,16/06/13,Sun,1620,DB,TW1,110A 131A ,H,E,W,TO,F ,T,N,C,50,0,0,0,,,1747954,5421924,-41.3405966,174.7683289
Wellington City,MOUNT ALBERT ROAD,130,S, ,LAVAUD ST,201351959,17/04/13,Wed,815,KB,VN1C,308B 930 ,,E,W,O ,F ,D,N,C,50,0,0,0,,,1748979,5423633,-41.32502101,174.7801548
Wellington City,MOUNT ALBERT ROAD,90,N, ,VOLGA ST,201312035,11/05/13,Sat,1730,BD,CS1P,121A 137B 197B ,K,M,W,O ,L , ,N,C,50,0,0,1,,,1748889,5423263,-41.32836889,174.7791706
Wellington City,MOUNT PLEASANT ROAD,30,E, ,KOROMIKO ROAD,201326298,4/11/13,Mon,1040,BD,VW1P,129A 129B ,,M,D,OF,F , ,N,N,50,0,0,1,,,1747024,5426923,-41.29575833,174.7560098
Wellington City,MOXHAM AVENUE,25,N, ,GOA ST,201358925,22/12/13,Sun,1500,FO,4N1C,330A 428A ,,R,D,B ,F , ,N,C,50,0,0,0,,,1750053,5425428,-41.30866088,174.7925391
Wellington City,MOXHAM AVENUE,, ,I,GOA ST,201353829,26/09/13,Thu,1900,HA,CE1B,129B ,,R,D,DO,F ,X,S,C,50,0,0,0,,,1750046,5425404,-41.30887827,174.7924615
Wellington City,MOXHAM AVENUE,, ,I,TAPIRI ST,201350845,21/03/13,Thu,1713,GE,VS1C,160A 387A ,,R,D,B ,F ,X,S,C,50,0,0,0,,,1750133,5425719,-41.30602603,174.7934225
Wellington City,MURCHISON ST,, ,I,FROBISHER ST,201351242,2/02/13,Sat,1700,GD,CE1C,181A ,,R,D,B ,F ,T,N,C,50,0,0,0,,,1747684,5422349,-41.33681967,174.765
Wellington City,MURPHY ST,50,S, ,PIPITEA ST,201353547,12/09/13,Thu,854,FD,CS1C,331A 353A ,,R,D,B ,F , ,N,C,50,0,0,0,,,1749042,5429174,-41.27512147,174.7795502
Wellington City,MYRTLE CRESCENT,100,S, ,DOUGLAS ST,201354230,29/10/13,Tue,1942,BA,CN1C,125A ,,R,D,TO,F , ,N,N,50,0,0,0,,,1748842,5426138,-41.3024928,174.7779055
Wellington City,NAIRN ST S,140,S, ,BROOKLYN ROAD,201354316,4/11/13,Mon,930,EA,CN1C,129A ,M,R,D,B ,F , ,N,N,50,0,0,0,,,1748219,5426393,-41.30031159,174.7704051
Wellington City,NEVAY ROAD,40,S, ,CAMPERDOWN ROAD,201312736,22/10/13,Tue,1415,QD,TN1E,380A 686A 721B ,,R,D,B ,F , ,N,N,50,0,1,0,47,,1753125,5425589,-41.30663414,174.8291791
Wellington City,NEWCOMBE CRESCENT,30,E, ,READING ST,201350689,14/03/13,Thu,1545,MG,CE1C,371B ,,R,D,B ,F , ,N,C,50,0,0,0,,,1745726,5428395,-41.2827404,174.7401615
Wellington City,NEWLANDS ROAD,, ,I,BLACK ROCK ROAD,201351706,28/05/13,Tue,1015,KB,CN1C,302B ,,R,D,O ,F ,T,G,C,50,0,0,0,,,1752420,5434295,-41.2283852,174.8185845
Wellington City,NEWLANDS ROAD,150,W, ,BRACKEN ROAD,201357238,21/11/13,Thu,1453,EA,CE14,129A 353A 402A ,M,R,D,B ,F , , ,C,50,0,0,0,,,1752720,5434782,-41.223944,174.8220405
Wellington City,NEWLANDS ROAD,200,W, ,BRACKEN ROAD,201312302,17/07/13,Wed,1855,NA,CW1E,351A ,,R,D,DO,F , ,N,C,50,0,0,1,19,,1752675,5434762,-41.22413256,174.8215089
Wellington City,NEWLANDS ROAD,, ,I,BRACKEN ROAD,201350688,1/02/13,Fri,1515,FB,4E1C,331A 350A ,,R,D,B ,F ,R,G,R,50,0,0,0,,,1752859,5434825,-41.22353061,174.8236873
Wellington City,NEWLANDS ROAD,100,E, ,HURRING PLACE,201350620,16/02/13,Sat,805,EA,CW1C,129A 358A ,M,R,D,O ,F , ,N,C,50,0,0,0,,,1752035,5434016,-41.23096958,174.8140626
Wellington City,NEWLANDS ROAD,15,E, ,NEWLANDS ON SBD,201353076,13/07/13,Sat,1739,EA,CE1C,353A 370A ,M,R,W,DO,F , ,N,C,50,0,0,0,,,1751868,5433974,-41.23137909,174.8120814
Wellington City,NEWLANDS ROAD,100,S, ,STELLA GROVE,201353051,10/08/13,Sat,1700,EA,CS1C,386A ,M,E,D,O ,F , ,N,C,50,0,0,0,,,1752467,5434446,-41.22701684,174.8191074
Wellington City,NEWLANDS ROAD,, ,I,STELLA GROVE,201351155,7/03/13,Thu,1515,FA,CN1C,181A 191B ,,R,D,B ,F ,T,N,C,50,0,0,0,,,1752495,5434542,-41.22614724,174.8194173
Wellington City,NEWLANDS ROAD,, ,I,WAKELY ROAD,201352521,20/07/13,Sat,707,BF,CS1C,135A 197B 801 ,,E,W,O ,F ,T,N,C,50,0,0,0,,,1752367,5434126,-41.22991674,174.8179947
Wellington City,NEWPORT TERRACE,30,N, ,EXETER ST,201324307,1/12/13,Sun,1443,DB,CN1,103A 137A 197A ,C,E,D,B ,F , ,N,N,50,0,0,1,,,1752896,5424412,-41.3172743,174.8267407
Wellington City,NGAIO GORGE ROAD,140,W, ,KAIWHARAWHARA ROAD,201353502,13/07/13,Sat,616,DA,CE1,111A 410A ,CK,M,W,DO,F , ,N,L,50,0,0,0,,,1748967,5431271,-41.25625502,174.7781427
Wellington City,NGAIO GORGE ROAD,210,E, ,PERTH ST,201350920,17/04/13,Wed,1611,DB,CS1,110A 131A ,,M,W,O ,F , ,N,P,50,0,0,0,,,1748584,5431163,-41.2572979,174.7735994
Wellington City,NGAURANGA ON NBD,90,S, ,HUTT OFF SBD,201326013,5/10/13,Sat,1115,AO,TS1S,183A ,,S,D,OF,F , ,N,R,100,0,0,1,,42,1752023,5432138,-41.2478801,174.8143872
Wellington City,NICHOLSON ROAD,, ,I,DEKKA ST,201352392,19/06/13,Wed,1357,HA,CW2C,302B 375B ,,R,W,O ,F ,X,G,R,50,0,0,0,,,1749962,5432190,-41.24779685,174.7897881