TLA NAME,CRASH ROAD,CRASH DIST,CRASH DIRN,INTSN,SIDE ROAD,CRASH ID,CRASH DATE,CRASH DOW,CRASH TIME,MVMT,VEHICLES,CAUSES,OBJECTS STRUCK,ROAD CURVE,ROAD WET,LIGHT,WTHRa,JUNC TYPE,TRAF CTRL,ROAD MARK,SPD LIM,CRASH FATAL CNT,CRASH SEV CNT,CRASH MIN CNT,PERS AGE1,PERS AGE2,EASTING,NORTHING,latitude,longitude
Wellington City,NONAME,, ,I,TAKAPU ROAD,201351205,19/04/13,Fri,200,DB,CN1,111A 517A ,SV,E,W,DO,F ,R,G,L,50,0,0,0,,,1753454,5439029,-41.18556806,174.8297275
Wellington City,NORTHLAND ROAD,, ,I,NORTHLAND TUNNEL ROAD,201312727,29/06/13,Sat,2230,DA,CS1,103A 134A ,F,E,W,DO,M ,T,G,C,50,0,0,1,,,1747066,5428226,-41.28401906,174.7561965
Wellington City,NORTHLAND ROAD S,80,E, ,WOBURN ROAD,201354331,29/10/13,Tue,1436,DA,CW1,111A ,,S,D,B ,F , ,N,C,50,0,0,0,,,1747325,5428498,-41.28152288,174.7592222
Wellington City,OHARIU ROAD,20,W, ,BRAEMAR TERRACE,201350149,2/02/13,Sat,120,CB,CW1,129A ,C,R,D,DO,F ,T,N,C,50,0,0,0,,,1751256,5435383,-41.21880795,174.8044336
Wellington City,OHARIU VALLEY ROAD,1560,N, ,CORTINA AVENUE,201310002,5/01/13,Sat,921,BF,SS14,111A 132A 134A ,,S,D,B ,F , ,N,C,80,1,0,0,,56,1749812,5436183,-41.21187374,174.7870192
Wellington City,OHIRO ROAD,, ,I,ARO ST,201311423,18/02/13,Mon,640,BB,CE1P,124A ,,R,D,O ,F ,T,G,C,50,0,0,1,,,1748163,5426879,-41.29594619,174.7696182
Wellington City,OHIRO ROAD,, ,I,ARO ST,201352342,18/05/13,Sat,1000,EA,4N1C,129A ,M,R,D,B ,F ,T,G,C,50,0,0,0,,,1748163,5426879,-41.29594619,174.7696182
Wellington City,OHIRO ROAD,, ,I,REUBEN AVENUE,201324053,27/10/13,Sun,1520,MC,SS1C,372B ,,E,D,B ,F ,T,N,C,50,0,0,1,,52,1747557,5425603,-41.30754567,174.762693
Wellington City,OHIRO ROAD,, ,I,TODMAN ST,201326007,13/10/13,Sun,1530,LB,CN1C,103B 303B 375B ,,M,D,BF,F ,X,T,C,30,0,0,2,,,1747614,5425845,-41.3053564,174.7633149
Wellington City,OHIRO ROAD,, ,I,TODMAN ST,201312134,11/07/13,Thu,953,LB,CN1C,303B 375B ,,R,D,O ,F ,X,T,R,50,0,0,1,,,1747614,5425845,-41.3053564,174.7633149
Wellington City,ONEPU ROAD,, ,I,APU CRESCENT S,201354307,14/10/13,Mon,900,DA,CW2C,350A ,M,R,D,O ,F ,T,N,C,50,0,0,0,,,1750247,5423338,-41.32744169,174.795372
Wellington City,ONEPU ROAD,80,N, ,COUTTS ST,201350635,24/02/13,Sun,1529,FD,CN1CX,103A 110A ,,R,D,B ,F , ,N,P,50,0,0,0,,,1750307,5424225,-41.31944459,174.7958693
Wellington City,ONEPU ROAD,, ,I,COUTTS ST,201358677,22/11/13,Fri,2133,GF,TE2C,142A 386A ,,E,D,DO,F ,X,T,P,50,0,0,0,,,1750285,5424148,-41.32014194,174.7956256
Wellington City,ONEPU ROAD,, ,I,COUTTS ST,201352768,3/07/13,Wed,1245,FE,4N1C,181A 331A ,,R,D,O ,F ,X,T,C,50,0,0,0,,,1750285,5424148,-41.32014194,174.7956256
Wellington City,ONEPU ROAD,10,S, ,RONGOTAI ROAD,201312315,5/07/13,Fri,1215,MO,CW1P,181A 330A 926 ,,R,D,B ,F ,D,N,C,50,0,0,1,,,1750344,5424355,-41.31826726,174.796279
Wellington City,ONEPU ROAD,15,S, ,RONGOTAI ROAD,201354183,2/10/13,Wed,1735,FD,CN1CV,181A 410A ,,R,D,TF,F ,X,T,R,50,0,0,0,,,1750342,5424350,-41.31831265,174.7962564
Wellington City,ONEPU ROAD,, ,I,RONGOTAI ROAD,201312362,22/08/13,Thu,1126,LB,CS1C,303B 375B ,,R,W,O ,F ,X,T,R,50,0,0,1,,,1750346,5424365,-41.31817685,174.7963004
Wellington City,ONEPU ROAD,, ,I,RONGOTAI ROAD,201352143,18/06/13,Tue,1450,LB,CS1C,303B 375B ,,R,W,O ,L ,X,T,R,50,0,0,0,,,1750346,5424365,-41.31817685,174.7963004
Wellington City,ONEPU ROAD,, ,I,RONGOTAI ROAD,201352233,9/06/13,Sun,1444,AC,4N1C,372A ,,R,D,B ,F ,X,T,R,50,0,0,0,,,1750346,5424365,-41.31817685,174.7963004
Wellington City,ONEPU ROAD,10,S, ,WHA ST,201355808,20/10/13,Sun,1500,EA,CN1C,386A ,M,R,D,B ,F ,X,G,C,50,0,0,0,,,1750249,5423512,-41.32587475,174.7953529
Wellington City,ONSLOW ROAD,380,N, ,HUTT ROAD,201350610,15/03/13,Fri,1830,DA,CS1,111A 402A ,F,S,D,TF,F , ,N,C,50,0,0,0,,,1751039,5431602,-41.25289035,174.8027815
Wellington City,ONSLOW ROAD,, ,I,LOHIA ST,201311992,9/06/13,Sun,1509,JA,4N1C,302B 375B ,,S,D,B ,F ,T,G,C,50,0,0,1,,,1751069,5431974,-41.24953548,174.8030473
Wellington City,ORIENTAL PARADE,50,E, ,BARING ST,201353216,20/02/13,Wed,1656,MB,VW14,330A 330B 372B ,,R,D,B ,F , ,N,C,40,0,0,0,,,1750338,5427377,-41.29106032,174.7954607
Wellington City,ORIENTAL PARADE,5,N, ,CARLTON GORE ROAD,201311453,27/02/13,Wed,825,MB,SS1C,110B 372B ,,E,D,B ,F ,T,N,C,50,0,0,1,,36,1750712,5427705,-41.28803749,174.799844
Wellington City,ORIENTAL PARADE,280,W, ,CARLTON GORE ROAD,201350081,21/01/13,Mon,1429,CB,CE1C,129A 358A ,M,R,D,B ,F , ,N,N,40,0,0,0,,,1750489,5427542,-41.28954663,174.7972224
Wellington City,ORIENTAL PARADE,25,N, ,GRASS ST,201352267,17/06/13,Mon,1430,LB,CS14,303B 375B 929 ,,E,D,O ,F ,D,N,C,50,0,0,0,,,1750432,5427420,-41.29065567,174.7965721
Wellington City,ORIENTAL PARADE,50,E, ,HERD ST,201312459,16/08/13,Fri,630,LB,EE1C,303B 927 ,,R,D,DO,F ,D,N,P,40,0,0,1,,,1749640,5427318,-41.29172122,174.787143
Wellington City,ORIENTAL PARADE,250,E, ,HERD ST,201311090,5/01/13,Sat,1127,MF,SE1C,372B 381B ,,R,D,B ,F , ,N,X,50,0,0,1,,51,1749833,5427356,-41.29134329,174.7894375
Wellington City,ORIENTAL PARADE,300,E, ,HERD ST,201312458,8/06/13,Sat,820,AO,VW1S,128A ,,R,D,B ,F , ,N,X,30,0,0,1,,52,1749876,5427380,-41.29111922,174.7899449
Wellington City,ORIENTAL PARADE,60,W, ,ORIENTAL TERRACE,201351054,31/03/13,Sun,1331,GC,CW1C,160A 333A 174B 312B ,,R,D,B ,F , ,N,C,40,0,0,0,,,1750115,5427360,-41.29125488,174.7928029
Wellington City,ORIENTAL PARADE,, ,I,SLIP ROAD,201311544,8/04/13,Mon,1717,GB,SE1C,926,,E,D,B ,F ,D,N,C,40,0,0,1,,43,1750224,5427352,-41.29130663,174.794106
Wellington City,OTTAWA ROAD,50,S, ,AWARUA ST,201311574,1/03/13,Fri,448,CB,CS1,103A 410A 631A ,KS,R,D,DO,F , ,N,C,50,0,0,1,,,1748687,5432183,-41.24809537,174.7745797
Wellington City,OTTAWA ROAD,, ,I,AWARUA ST,201350186,30/01/13,Wed,758,KB,CS1C,302B 350B 375B ,,E,D,B ,F ,R,G,R,50,0,0,0,,,1748699,5432229,-41.247679,174.7747117
Wellington City,OWEN ST,15,S, ,SOMERSET AVENUE,201352099,12/06/13,Wed,,EA,TS1C,386A ,M,R,D,B ,F , ,N,C,50,0,0,0,,,1749333,5425112,-41.31163955,174.7840196
Wellington City,OWHIRO BAY PARADE,80,W, ,SEVERN ST,201311644,22/04/13,Mon,222,DB,4S1,111A 514A ,,M,W,DO,F , ,N,R,50,0,1,0,,,1747281,5421171,-41.34749947,174.7604715
Wellington City,PALLISER ROAD,200,S, ,BAYVIEW TERRACE,201324099,28/11/13,Thu,1315,BB,BS1C,123A 129A ,,M,W,O ,F , ,N,C,50,0,0,1,,,1750155,5427002,-41.29447064,174.7933686
Wellington City,PALLISER ROAD,210,S, ,BAYVIEW TERRACE,201312288,18/07/13,Thu,2130,DA,CW1,103A 111A 131A ,EF,M,D,DO,F , ,N,C,50,0,0,1,,,1750163,5426997,-41.29451417,174.7934654
Wellington City,PANAMA ST,15,W, ,FEATHERSTON ST,201353235,6/08/13,Tue,1200,MA,CE1C,371B ,,R,D,B ,F ,X,T,N,30,0,0,0,,,1748757,5428191,-41.28402441,174.7763889
Wellington City,PANAMA ST,40,W, ,FEATHERSTON ST,201353480,5/09/13,Thu,1009,FA,CE1C,181A 191B ,,R,D,B ,F , ,N,N,50,0,0,0,,,1748734,5428202,-41.28392961,174.7761117
Wellington City,PARK ROAD,20,S, ,BRUSSELS ST,201311796,16/05/13,Thu,834,MB,SS1C,303B 353B 363B ,,R,D,B ,F , ,N,C,50,0,0,1,,42,1752202,5424839,-41.3135612,174.8183462
Wellington City,PARK ROAD,, ,I,BYRON ST,201311658,24/04/13,Wed,1020,NA,CN1E,306A 350A ,,R,D,B ,F ,T,N,X,50,0,0,1,3,,1752146,5424749,-41.31438205,174.8177001
Wellington City,PARK ROAD,, ,I,MIRAMAR NORTH ROAD,201350533,19/03/13,Tue,745,KA,SN1X,302B 375B ,,R,W,O ,F ,R,G,C,50,0,0,0,,,1752434,5425208,-41.31019521,174.8210241
Wellington City,PEMBROKE ROAD,50,N, ,HEREFORD ST,201354317,26/10/13,Sat,2347,DA,CN1CC,111A 402A ,MM,E,D,DO,F , ,N,C,50,0,0,0,,,1747452,5429669,-41.27095655,174.7604546
Wellington City,PERCY DYETT DRIVE,320,N, ,SUNSHINE AVENUE,201350167,4/02/13,Mon,2010,EO,CE1,135A 330A 810 ,CKX,R,W,DO,L , ,N,C,50,0,0,0,,,1744583,5428427,-41.28265776,174.7265109
Wellington City,PHILLIP ST,90,S, ,FRANKMOORE AVENUE,201352278,24/06/13,Mon,1245,EA,CN1C,386A ,M,R,D,O ,F , ,N,C,50,0,0,0,,,1751023,5434982,-41.22246184,174.8017545
Wellington City,PIPITEA ST,80,W, ,MULGRAVE ST,201352335,13/04/13,Sat,1220,EA,CW1C,129A ,M,R,D,B ,F , ,N,C,50,0,0,0,,,1748982,5429134,-41.27549267,174.7788439
Wellington City,PIPITEA ST,60,W, ,MURPHY ST,201351261,25/02/13,Mon,830,AG,ME14,177A ,,R,D,B ,F , ,N,C,50,0,0,0,,,1749002,5429132,-41.27550699,174.7790831
Wellington City,PIRIE ST,, ,I,AUSTIN ST,201351360,10/05/13,Fri,2010,HA,BW1C,301B 377B 830 ,,R,D,DO,FS,X,S,C,50,0,0,0,,,1749617,5426545,-41.2986851,174.7870584
Wellington City,PIRIE ST,10,W, ,HATAITAI BUS TUNNEL,201353154,18/08/13,Sun,1503,EA,BE1C,386A ,M,R,D,O ,F ,T,N,C,50,0,0,0,,,1749706,5426506,-41.29901972,174.7881305
Wellington City,QUEBEC ST,30,S, ,BAFFIN GROVE,201350160,4/01/13,Fri,1645,NA,CN1E,191A 712B 713B ,,R,D,B ,F , ,N,C,50,0,0,0,,,1747607,5424102,-41.32105074,174.7636543
Wellington City,QUEENS DRIVE,20,S, ,CRUICKSHANK ST,201350155,22/01/13,Tue,700,EA,CN1C,129A 363A ,M,R,D,B ,F , ,N,C,50,0,0,0,,,1750112,5424071,-41.32086742,174.7935786
Wellington City,QUEENS DRIVE,, ,I,RUA ST,201350539,19/02/13,Tue,2117,CC,CS1,101A 112A ,S,R,D,DO,F ,X,G,C,50,0,0,0,,,1749940,5423059,-41.33001077,174.7917741
Wellington City,QUEENS DRIVE,200,N, ,SLIP,201353245,29/08/13,Thu,1350,FA,CS1C,181A 191B ,,R,W,O ,F , ,N,C,50,0,0,0,,,1749902,5422408,-41.33587899,174.7914808
Wellington City,QUEENS DRIVE,50,S, ,SUTHERLAND ROAD,201324920,8/12/13,Sun,640,CB,CS14C,129A 410A ,M,R,W,B ,LS, ,N,C,50,0,0,1,,,1749856,5422662,-41.33360071,174.7908687
Wellington City,QUEENS DRIVE,, ,I,TORU ST,201357711,19/12/13,Thu,1329,KA,CS14,104A 302B ,,R,D,B ,F ,T,G,C,50,0,0,0,,,1749948,5423276,-41.32805557,174.7918161
Wellington City,RAINE ST,, ,I,KARORI ROAD,201353475,17/02/13,Sun,1725,CB,TS1,330A 385A ,P,R,D,B ,F ,T,G,C,50,0,0,0,,,1745590,5428214,-41.2843946,174.7385814
Wellington City,RAKAU ROAD,90,S, ,MAREWA ROAD,201351890,1/06/13,Sat,1150,BB,CN1C,123A ,,M,W,B ,F , ,N,N,50,0,0,0,,,1750146,5426239,-41.30134187,174.7934494
Wellington City,RANUI CRESCENT,, ,I,CASHMERE AVENUE N,201353911,16/09/13,Mon,922,DB,CN2C,129A 501A ,M,R,D,B ,F ,X,G,R,50,0,0,0,,,1750581,5432290,-41.24678145,174.7971476
Wellington City,RAROA CRESCENT,100,N, ,CLUNY AVENUE,201312745,29/09/13,Sun,2230,DA,PS1,134A 135A 804 ,,E,D,DO,F , ,N,C,50,0,0,2,,,1746962,5427919,-41.28680209,174.7550292
Wellington City,RAROA CRESCENT,30,N, ,NORTHLAND TUNNEL ROAD,201354190,24/10/13,Thu,2143,EC,VS1,135A 903 ,DT,E,W,DO,FS, ,N,C,50,0,0,0,,,1746942,5428059,-41.28554523,174.7547567
Wellington City,RAROA ROAD,40,S, ,THULE ST,201355589,4/10/13,Fri,1421,DB,CN1V,103A 109A ,M,M,D,O ,F , ,N,C,50,0,0,0,,,1747311,5427265,-41.29262679,174.7593533
Wellington City,RAWSON ST,10,E, ,BEAUCHAMP ST,201352573,15/07/13,Mon,745,EA,CE1C,386A ,M,R,W,O ,F ,T,G,N,50,0,0,0,,,1753583,5441875,-41.15992006,174.8305512
Wellington City,RESOLUTION ST,20,E, ,YULE ST,201354030,19/10/13,Sat,1140,CB,CE1C,129A ,M,R,D,B ,F ,T,N,N,50,0,0,0,,,1750443,5423637,-41.32471316,174.797639
Wellington City,RICHMOND AVENUE,, ,I,KARORI ROAD,201350653,13/03/13,Wed,1325,DC,CN1,113A 402A 634A ,F,R,D,B ,F ,T,S,C,50,0,0,0,,,1744852,5427972,-41.28670622,174.7298299
Wellington City,RIDDIFORD ST,20,N, ,CONSTABLE ST,201353336,4/09/13,Wed,1215,MA,CN1C,386A 371B ,,R,W,O ,LS,X,T,C,40,0,0,0,,,1748975,5424903,-41.31358746,174.7797959
Wellington City,RIDDIFORD ST,, ,I,CONSTABLE ST,201352870,5/08/13,Mon,1805,MG,CS14,371B 801 ,,R,W,DO,L ,T,T,C,40,0,0,0,,,1748979,5424883,-41.31376678,174.7798485
Wellington City,RIDDIFORD ST,50,N, ,DONALD MCLEAN ST,201353365,30/08/13,Fri,1600,MC,CS1C,330B 372B ,,R,D,O ,F , ,N,P,40,0,0,0,,,1749011,5424729,-41.31514739,174.7802684
Wellington City,RIDDIFORD ST,20,N, ,GORDON ST,201353237,3/07/13,Wed,1828,KB,CS1C,308B 922 ,,R,D,DO,F ,D,N,P,40,0,0,0,,,1749024,5424666,-41.31571221,174.7804391
Wellington City,RIDDIFORD ST,15,S, ,GORDON ST,201311393,12/03/13,Tue,1844,LB,SN1C,102B 303B 404B 922 ,,R,D,B ,F ,D,N,C,50,0,0,1,,27,1749031,5424632,-41.31601703,174.780531
Wellington City,RIDDIFORD ST,, ,I,GORDON ST,201353750,13/09/13,Fri,1603,LB,CN1C,375B ,,R,D,O ,F ,T,G,P,40,0,0,0,,,1749029,5424646,-41.31589135,174.7805037
Wellington City,RIDDIFORD ST,25,N, ,GREEN ST,201352297,7/06/13,Fri,1220,FB,CN1C,331A 363A 902 ,,R,D,B ,F , ,N,R,40,0,0,0,,,1748940,5425065,-41.31213537,174.7793382
Wellington City,RIDDIFORD ST,50,N, ,GREEN ST,201353831,5/09/13,Thu,1837,EA,CN1C,129A ,M,R,D,DO,F , ,N,C,50,0,0,0,,,1748935,5425089,-41.31192021,174.7792726
Wellington City,RIDDIFORD ST,20,S, ,GREEN ST,201312084,7/07/13,Sun,1222,EE,SN1C,374B ,Q,R,D,B ,F , ,N,C,50,0,0,1,,33,1748949,5425021,-41.31252986,174.7794565
Wellington City,RIDDIFORD ST,100,S, ,HOWELL AVENUE,201353828,27/09/13,Fri,1530,EA,VN1C,386A ,M,R,D,O ,F , ,N,C,50,0,0,0,,,1748857,5425487,-41.30835125,174.7782438
Wellington City,RIDDIFORD ST,110,S, ,HOWELL AVENUE,201311779,13/04/13,Sat,1035,CB,CN1,358A 423A ,HX,R,D,O ,F , ,N,L,40,0,0,1,,,1748859,5425477,-41.30844092,174.7782702
Wellington City,RIDDIFORD ST,15,N, ,MEIN ST,201352664,17/07/13,Wed,1125,FD,CS1C,331A 354A ,,R,D,B ,F ,T,T,C,40,0,0,0,,,1748914,5425216,-41.31078066,174.7789908
Wellington City,RIDDIFORD ST,20,N, ,MEIN ST,201350674,1/03/13,Fri,1630,FA,CS1C,181A ,,R,D,B ,F , ,N,C,50,0,0,0,,,1748913,5425221,-41.31073582,174.7789776
Wellington City,RIDDIFORD ST,, ,I,MEIN ST,201311271,5/02/13,Tue,923,HA,CN1C,324A 375A ,HP,R,W,O ,L ,X,T,C,50,0,0,1,,,1748917,5425201,-41.31091515,174.7790303
Wellington City,RIDDIFORD ST,, ,I,MEIN ST,201352442,12/07/13,Fri,1625,HA,CN1C,322A 801 ,,R,W,TN,F ,X,T,C,50,0,0,0,,,1748917,5425201,-41.31091515,174.7790303
Wellington City,RIDDIFORD ST,15,S, ,NEWTOWN AVENUE,201351714,11/05/13,Sat,1126,MO,CN1C,386A ,M,R,D,O ,F , ,N,C,50,0,0,0,,,1748995,5424809,-41.31443008,174.7800577
Wellington City,RIDDIFORD ST,10,N, ,NORMANBY ST,201357150,17/12/13,Tue,1200,MO,4N1P,371A ,M,R,D,B ,F ,T,N,C,40,0,0,0,,,1749003,5424767,-41.31480674,174.7801635
Wellington City,RIDDIFORD ST,20,N, ,NORMANBY ST,201350381,19/02/13,Tue,1120,MG,CS1C,330B 371B ,,R,D,B ,F , ,N,R,50,0,0,0,,,1749001,5424777,-41.31471708,174.7801372
Wellington City,RIDDIFORD ST,50,N, ,RINTOUL ST,201354336,10/11/13,Sun,1257,FD,CS1C,331A ,,R,D,B ,F , ,N,P,40,0,0,0,,,1748921,5425172,-41.31117551,174.7790851
Wellington City,RIDDIFORD ST,50,N, ,RINTOUL ST,201350031,6/01/13,Sun,1105,MA,CS1C,386A 504A 371B 404B ,,R,D,B ,F , ,N,C,40,0,0,0,,,1748921,5425172,-41.31117551,174.7790851
Wellington City,RIDDIFORD ST,10,S, ,RINTOUL ST,201353167,12/08/13,Mon,815,FD,TN1C,181A ,,M,W,O ,F ,T,T,C,50,0,0,0,,,1748930,5425112,-41.31171406,174.7792073
Wellington City,RIDDIFORD ST,, ,I,RINTOUL ST,201353246,29/08/13,Thu,635,FE,CS1C,181A 334A ,,R,W,DO,F ,T,T,C,50,0,0,0,,,1748928,5425122,-41.31162439,174.779181
Wellington City,RINTOUL ST,40,N, ,BRIXHAM WAY,201350151,13/01/13,Sun,1032,EA,VS1CC,102A 129A 410A ,MM,R,D,O ,F , ,N,C,50,0,0,0,,,1748832,5424736,-41.31511742,174.7781291
Wellington City,RINTOUL ST,, ,I,COLOMBO ST,201312326,2/08/13,Fri,1320,LB,SN1C,303B 375B ,,R,D,B ,F ,T,N,C,50,0,0,2,,30,1748905,5425029,-41.31246595,174.7789291
Wellington City,RINTOUL ST,, ,I,MILLWARD ST,201351723,23/05/13,Thu,550,EA,CS1,129A 350A 801 ,M,R,W,DO,F ,T,N,C,50,0,0,0,,,1748866,5424867,-41.3139317,174.778503
Wellington City,RINTOUL ST,80,S, ,STOKE ST,201311330,14/02/13,Thu,700,EA,VS1CCC,129A 358A ,M,E,D,B ,F , ,N,C,50,0,0,1,,,1748833,5424738,-41.31509923,174.7781406
Wellington City,ROLLESTON ST,70,W, ,WALLACE ST,201353419,3/09/13,Tue,720,EA,CE1C,386A ,M,R,D,DO,F , ,N,C,50,0,0,0,,,1748491,5426116,-41.30275554,174.7737201
Wellington City,RONGOTAI ROAD,20,E, ,BAY ROAD,201311190,22/01/13,Tue,1305,PC,CN1E,371A 377A 839 926 ,,R,D,B ,F ,D,N,C,50,0,0,1,81,,1750260,5424393,-41.31794079,174.7952665
Wellington City,RONGOTAI ROAD,, ,I,BAY ROAD,201352955,31/07/13,Wed,1235,GB,CW1V,372B ,,R,D,B ,F ,X,T,C,50,0,0,0,,,1750240,5424398,-41.3178995,174.7950264
Wellington City,RONGOTAI ROAD,, ,I,CRAWFORD ROAD,201352384,9/07/13,Tue,1845,LA,4W1C,129A 386A ,,E,W,DO,F ,T,G,C,50,0,0,0,,,1750109,5424432,-41.31761778,174.7934536
Wellington City,RONGOTAI ROAD,, ,I,MAHORA ST,201354213,20/10/13,Sun,957,AA,CW1C,129A 158A ,,R,D,B ,F ,T,G,N,50,0,0,0,,,1750445,5424343,-41.31835646,174.7974882
Wellington City,RONGOTAI ROAD,, ,I,ONEPU ROAD,201351981,19/06/13,Wed,1330,FE,CW1C,181A ,,R,W,O ,F ,X,T,C,50,0,0,0,,,1750346,5424365,-41.31817685,174.7963004
Wellington City,RONGOTAI ROAD,, ,I,TACY ST,201353055,18/07/13,Thu,1445,MG,CE1C,371B ,,R,D,B ,F ,T,N,C,50,0,0,0,,,1750410,5424365,-41.31816492,174.7970647
Wellington City,RONGOTAI ROAD,, ,I,TE WHITI ST,201351148,18/03/13,Mon,858,GA,CW1C,181A ,,R,W,O ,F ,T,N,R,50,0,0,0,,,1750711,5424268,-41.31898204,174.8006834
Wellington City,ROTHERHAM TERRACE,, ,I,TAUHINU ROAD,201354296,29/10/13,Tue,1400,BB,CN1C,124A 402A ,,E,D,B ,F ,T,N,C,50,0,0,0,,,1752136,5425187,-41.31044054,174.8174711
Wellington City,ROXBURGH ST,10,S, ,MCFARLANE ST,201357718,28/11/13,Thu,1800,EE,CS1V,374B ,Q,M,W,TF,F ,T,N,N,50,0,0,0,,,1749682,5427178,-41.2929739,174.7876788
Wellington City,RUSSELL TERRACE,, ,I,HERALD ST,201312221,27/07/13,Sat,1420,JA,MN1C,301B 377B 839 ,,R,D,B ,F ,T,S,N,50,0,0,1,,,1749008,5424098,-41.32082908,174.7803872
Wellington City,SALAMANCA ROAD,, ,A,KELBURN PARADE,201352157,14/06/13,Fri,1405,MD,CN1V,371B 929 ,,R,D,B ,F ,D,N,C,50,0,0,0,,,1748152,5427895,-41.28680068,174.7692396
Wellington City,SALFORD ST,80,E, ,RUSKIN ROAD S,201351632,24/04/13,Wed,1428,DA,CW1,131A 355A ,C,E,D,B ,F , ,N,C,50,0,0,0,,,1752327,5434192,-41.22933006,174.8175012
Wellington City,SATARA CRESCENT,20,S, ,RAMPHAL TERRACE,201350624,22/02/13,Fri,1121,EA,CS1C,129A 386A 402A ,M,E,D,O ,F , ,N,C,50,0,0,0,,,1748990,5432729,-41.24312367,174.7780611
Wellington City,SEFTON ST,20,S, ,LENNEL ROAD,201351160,11/02/13,Mon,1030,AD,TN1C,129A 150A ,,R,D,O ,F , ,N,C,50,0,0,0,,,1748981,5430375,-41.26431956,174.7785287
Wellington City,SEVERN ST,30,S, ,MOSELLE ST,201324977,19/12/13,Thu,1705,BO,CN1C,130A 351A ,M,R,D,O ,F , ,N,N,50,0,2,0,,,1747929,5421908,-41.34074524,174.7680341
Wellington City,SEVERN ST,60,N, ,ROBERTSON ST,201311575,25/02/13,Mon,1055,EA,4N1C,129A 130A ,CM,R,D,B ,F , ,N,L,50,0,0,1,,,1747554,5421619,-41.34341598,174.7636244
Wellington City,SHELLY BAY ROAD,200,N, ,COBHAM DRIVE,201353848,19/08/13,Mon,1500,CC,CS1C,129A 133A 357B 444B ,M,R,D,B ,F , ,N,C,50,0,0,0,,,1751702,5424923,-41.31289912,174.8123547
Wellington City,SHELLY BAY ROAD,300,N, ,MIRAMAR AVENUE,201352210,15/06/13,Sat,700,QG,VN1S,682A 341B ,,R,D,DN,F , ,N,C,50,0,0,0,,,1751715,5425021,-41.31201436,174.8124855
Wellington City,SHIRLEY ST,200,S, ,VERA ST,201351573,16/05/13,Thu,1325,EA,CS1C,386A ,M,R,D,O ,F , ,N,C,50,0,0,0,,,1746213,5427840,-41.28764937,174.7461076
Wellington City,SIDLAW ST,15,S, ,MONORGAN ROAD,201351051,5/04/13,Fri,805,BC,4N1C,121A 403A ,,M,D,B ,F ,T,G,C,50,0,0,0,,,1752384,5422869,-41.33126309,174.8210134
Wellington City,SIGNALLERS GROVE,, ,I,BEACON HILL ROAD,201353633,17/09/13,Tue,1015,BA,CE1C,137A ,,R,D,B ,L ,T,N,C,50,0,0,0,,,1752966,5423198,-41.32819084,174.8278822
Wellington City,SILVERSTREAM ROAD,, ,I,THATCHER CRESCENT,201311968,19/04/13,Fri,1558,NA,CN1E,350A 363A 376A 902 ,,R,D,B ,F ,T,G,C,50,0,1,1,81,,1747946,5431507,-41.25431772,174.7659039
Wellington City,SLIP,50,N, ,HINEMOA ST,201311834,6/05/13,Mon,1647,AA,CN1M,351A 372A 377A 177B 801 901 ,,R,W,O ,HS, ,N,P,50,0,0,1,,,1749448,5429028,-41.27636095,174.7844314
Wellington City,SLIP,, ,I,HINEMOA ST,201350983,25/04/13,Thu,1733,FE,CS1C,103A 112A 130A ,,R,D,TO,F ,X,T,R,50,0,0,0,,,1749417,5428989,-41.27671782,174.784071
Wellington City,SLIP,, ,I,HINEMOA ST,201324008,14/11/13,Thu,1433,JA,CN1C,322A 334A ,,R,D,B ,F ,X,T,R,50,0,0,2,,,1749417,5428989,-41.27671782,174.784071
Wellington City,SOUTH MAKARA ROAD,1000,W, ,MAKARA ROAD,201312589,8/09/13,Sun,1430,BF,4N1C,111A 131A ,F,E,D,B ,F , ,N,C,50,0,0,1,,,1742309,5429298,-41.2752194,174.6991644
Wellington City,STEWART DRIVE,30,W, ,FITZPATRICK ST,201350597,15/03/13,Fri,1854,EA,VS1C,103A 130A ,JM,R,D,O ,F , ,N,C,50,0,0,0,,,1752267,5435113,-41.22104927,174.816556
Wellington City,STEWART DRIVE,, ,I,HELSTON ROAD,201350663,22/03/13,Fri,1050,JA,CW2V,302B 352B ,,M,D,B ,F ,T,G,L,50,0,0,0,,,1751812,5435049,-41.22171097,174.8111464
Wellington City,STEWART DRIVE,, ,I,HELSTON ROAD,201325407,2/12/13,Mon,845,FA,CN1X,181A 331A ,,E,D,B ,F ,T,G,R,50,0,0,1,,,1751812,5435049,-41.22171097,174.8111464
Wellington City,STEWART DRIVE,50,E, ,PADNELL CRESCENT,201351094,28/03/13,Thu,900,FC,CW1C,112A 331A ,,R,D,O ,F , ,N,X,50,0,0,0,,,1752407,5435034,-41.22173418,174.8182451
Wellington City,STEWART DRIVE,20,E, ,QUIGLEY ST,201353169,3/08/13,Sat,1700,EA,CW1C,386A ,M,R,D,TF,F , ,N,C,50,0,0,0,,,1752393,5435041,-41.22167379,174.8180765