TLA NAME,CRASH ROAD,CRASH DIST,CRASH DIRN,INTSN,SIDE ROAD,CRASH ID,CRASH DATE,CRASH DOW,CRASH TIME,MVMT,VEHICLES,CAUSES,OBJECTS STRUCK,ROAD CURVE,ROAD WET,LIGHT,WTHRa,JUNC TYPE,TRAF CTRL,ROAD MARK,SPD LIM,CRASH FATAL CNT,CRASH SEV CNT,CRASH MIN CNT,PERS AGE1,PERS AGE2,EASTING,NORTHING,latitude,longitude
Wellington City,STEWART DUFF DRIVE,800,N, ,MOA POINT ROAD,201354269,5/10/13,Sat,700,MO,CN1X,308A 309B 930 ,,R,W,O ,F ,D,N,C,20,0,0,0,,,1751715,5422997,-41.33023687,174.8129906
Wellington City,STEWART DUFF DRIVE,800,N, ,MOA POINT ROAD,201354268,26/09/13,Thu,1045,EE,XN1X,129A 374B 926 ,Q,R,D,B ,F ,D,N,C,20,0,0,0,,,1751715,5422997,-41.33023687,174.8129906
Wellington City,STONE ST,120,S, ,MIRAMAR AVENUE,201352307,4/06/13,Tue,2150,CC,CN1CC,129A 650A ,M,R,W,DO,HS, ,N,C,50,0,0,0,,,1751888,5424476,-41.31688856,174.8146874
Wellington City,STONE ST,150,S, ,MIRAMAR AVENUE,201351345,24/04/13,Wed,1830,EA,CN1C,386A ,M,R,D,DO,F , ,N,C,50,0,0,0,,,1751873,5424450,-41.31712547,174.8145147
Wellington City,STRATHAVON ROAD,50,W, ,ELLESMERE AVENUE,201354174,12/08/13,Mon,1150,MO,CW1V,371A 386A 929 ,,R,D,O ,F ,D,N,N,50,0,0,0,,,1751898,5423853,-41.32249567,174.8149625
Wellington City,STRATHMORE AVENUE,, ,I,SIDLAW ST,201353082,16/08/13,Fri,830,JA,CN1C,302B 375B ,,E,D,B ,F ,T,G,C,50,0,0,0,,,1752405,5422870,-41.33125012,174.821264
Wellington City,SUNRISE BOULEVARD,40,W, ,MAIN ROAD,201353389,25/08/13,Sun,,MO,CE1C,371A ,M,R,D,B ,F , ,N,C,50,0,0,0,,,1753083,5439176,-41.18431475,174.8252692
Wellington City,SUNSHINE AVENUE,80,W, ,MARSHALL ST,201311396,11/03/13,Mon,1355,CC,CW1C,130A 504A ,M,R,D,O ,F , ,N,C,50,0,0,1,,,1744533,5428239,-41.28435941,174.7259587
Wellington City,SUNSHINE AVENUE,280,N, ,RANELAGH ST,201351532,11/05/13,Sat,2329,DA,CN1C,103A 123A ,M,E,D,DO,F , ,N,C,50,0,0,0,,,1744762,5428280,-41.28394923,174.7286824
Wellington City,SUTHERLAND ROAD,5,S, ,CARLTON ST,201358519,21/11/13,Thu,2324,DB,CN1,101A 111A ,F,M,D,DO,F ,T,N,C,50,0,0,0,,,1749862,5423337,-41.32752236,174.7907739
Wellington City,SUTHERLAND ROAD,25,S, ,RODRIGO ROAD,201353238,12/07/13,Fri,957,DB,CN1,129A 414A 801 ,C,M,W,O ,L , ,N,C,50,0,0,0,,,1749729,5423877,-41.32268527,174.7890523
Wellington City,TACY ST,40,S, ,KEMP ST,201351581,8/05/13,Wed,1430,AD,TS1C,129A ,,E,D,B ,F , ,N,C,50,0,0,0,,,1750430,5424424,-41.31762999,174.797289
Wellington City,TACY ST,, ,I,KEMP ST,201324052,1/11/13,Fri,1300,HA,VS1C,302A 375A ,,M,D,O ,F ,X,G,C,50,0,0,1,,,1750442,5424462,-41.31728563,174.7974229
Wellington City,TAKAPU ROAD,, ,I,JAMAICA DRIVE,201324308,29/11/13,Fri,1434,LB,CS1C,303B 375B ,C,R,D,B ,F ,T,G,P,70,0,0,1,,,1753962,5439552,-41.18076296,174.8356502
Wellington City,TAKAPU ROAD,, ,I,TAWA OFF NBD,201311772,28/04/13,Sun,1600,FA,4N2C,331A 387A ,,M,D,B ,F ,R,G,C,50,0,0,1,,,1753598,5439022,-41.1856038,174.8314454
Wellington City,TAKAPU ROAD,, ,I,TAWA OFF NBD,201351911,7/06/13,Fri,1450,FB,CN2C,331A 353A 191B ,,M,D,B ,F ,R,G,C,50,0,0,0,,,1753600,5439017,-41.18564844,174.8314705
Wellington City,TAKAPU ROAD,250,N, ,TAWA OFF SBD,201310020,6/05/13,Mon,1510,DB,CS14,111A 135A 801 901 ,Q,E,W,O ,H , ,N,C,70,1,0,2,,,1753778,5439383,-41.18231946,174.8334999
Wellington City,TAKAPU ROAD,, ,I,TAWA OFF SBD,201352512,13/07/13,Sat,1020,KA,VS2CC,301B 377B ,I,R,D,O ,F ,X,S,R,100,0,0,0,,,1753701,5439145,-41.18447686,174.8326421
Wellington City,TAKAPU ROAD,, ,I,TAWA OFF SBD,201351593,19/05/13,Sun,1010,DA,CS1,111A 402A ,C,S,D,O ,F ,X,S,P,50,0,0,0,,,1753701,5439145,-41.18447686,174.8326421
Wellington City,TAKAPU ROAD,, ,I,WILLOWBANK ROAD,201312001,23/06/13,Sun,1815,LB,CE1C,302A 375A 851 ,,E,D,DO,F ,R,G,C,50,0,0,1,,,1753316,5439020,-41.18567522,174.8280851
Wellington City,TAKAPU ROAD,, ,I,WILLOWBANK ROAD,201351388,18/04/13,Thu,735,FB,CW1C,330A 350A ,,E,W,O ,F ,R,G,N,50,0,0,0,,,1753316,5439020,-41.18567522,174.8280851
Wellington City,TARANAKI ST,, ,I,CABLE ST,201351227,22/01/13,Tue,910,MG,CN1T,371B 386B ,,E,D,B ,F ,X,T,P,50,0,0,0,,,1749051,5427473,-41.29043466,174.7800739
Wellington City,TARANAKI ST,, ,I,CABLE ST,201351228,25/01/13,Fri,1740,AC,VN1C,124A 176A ,,E,D,B ,F ,X,T,C,50,0,0,0,,,1749051,5427473,-41.29043466,174.7800739
Wellington City,TARANAKI ST,5,N, ,COURTENAY PLACE,201353199,20/08/13,Tue,1530,MA,CS14,373B 402B ,,R,D,B ,F ,X,T,N,30,0,0,0,,,1748951,5427252,-41.29244287,174.7789342
Wellington City,TARANAKI ST,50,S, ,COURTENAY PLACE,201353766,12/08/13,Mon,1836,MC,MS1V,372B ,,R,D,DO,F , ,N,L,30,0,0,0,,,1748928,5427202,-41.29289729,174.7786719
Wellington City,TARANAKI ST,, ,I,COURTENAY PLACE,201351376,28/04/13,Sun,200,FE,CN1C,181A ,,R,D,DO,F ,X,T,C,50,0,0,0,,,1748949,5427247,-41.29248826,174.7789116
Wellington City,TARANAKI ST,, ,I,COURTENAY PLACE,201352545,25/06/13,Tue,830,CA,MN1,132A ,,R,D,B ,F ,X,T,C,50,0,0,0,,,1748949,5427247,-41.29248826,174.7789116
Wellington City,TARANAKI ST,, ,I,COURTENAY PLACE,201350152,16/01/13,Wed,558,HA,CE1C,322B 404B ,,R,D,O ,F ,X,T,C,50,0,0,0,,,1748949,5427247,-41.29248826,174.7789116
Wellington City,TARANAKI ST,15,S, ,FREDERICK ST,201350825,19/03/13,Tue,1100,MC,CN1V,160A 313A 372B 801 ,,R,W,O ,F , ,N,C,50,0,0,0,,,1748759,5426843,-41.29616069,174.7767422
Wellington City,TARANAKI ST,50,S, ,GHUZNEE ST,201312669,17/10/13,Thu,1110,FD,CS1C,110A ,,R,D,B ,F , ,N,P,50,0,0,1,,,1748845,5427034,-41.29442518,174.7777222
Wellington City,TARANAKI ST,100,S, ,GHUZNEE ST,201354054,15/09/13,Sun,800,AC,CS1C,141A 927 ,,R,D,O ,F ,D,N,C,50,0,0,0,,,1748824,5426989,-41.2948342,174.7774825
Wellington City,TARANAKI ST,60,N, ,HANKEY ST,201353760,21/08/13,Wed,1000,MO,CS1V,358A 386A 402A ,,R,D,B ,F , ,N,C,50,0,0,0,,,1748531,5426318,-41.30092949,174.7741484
Wellington City,TARANAKI ST,80,N, ,HANKEY ST,201311241,22/01/13,Tue,2035,MB,CS1CC,204B 375B ,M,R,D,TO,F , ,N,C,50,0,1,4,,,1748539,5426336,-41.30076595,174.7742395
Wellington City,TARANAKI ST,100,N, ,HANKEY ST,201351071,4/05/13,Sat,1722,FD,CN1C,181A 350A ,,R,D,TO,F , ,N,C,50,0,0,0,,,1748547,5426354,-41.30060242,174.7743306
Wellington City,TARANAKI ST,50,N, ,HILL LANE,201311500,23/03/13,Sat,1644,FC,CN1C,181A 191B ,,R,D,O ,F , ,N,X,50,0,0,1,,,1748593,5426456,-41.2996756,174.7748549
Wellington City,TARANAKI ST,, ,I,INGLEWOOD PLACE,201357146,12/12/13,Thu,1130,MB,CN1C,372B ,,R,D,O ,F ,T,N,C,30,0,0,0,,,1748909,5427160,-41.29327894,174.7784554
Wellington City,TARANAKI ST,10,N, ,MARTIN SQUARE S,201353775,19/09/13,Thu,1247,JA,XS1C,308B 387B 922 ,,R,D,B ,F ,D,N,C,50,0,0,0,,,1748706,5426722,-41.29725987,174.776139
Wellington City,TARANAKI ST,, ,A,TARANAKI/MARTIN SQS,201311912,23/05/13,Thu,1700,KB,CS1M,308B 375B 922 ,,R,D,DO,F ,D,N,P,50,0,0,1,,,1748703,5426714,-41.29733245,174.7761051
Wellington City,TARANAKI ST,, ,A,TARANAKI/MARTIN SQS,201350946,15/04/13,Mon,1530,JA,CS1C,200A 308B 375B 922 ,,R,D,B ,F ,D,N,P,50,0,0,0,,,1748703,5426714,-41.29733245,174.7761051
Wellington City,TARANAKI ST,5,N, ,WEBB ST,201325406,20/11/13,Wed,1940,FD,CN1C,112A 331A 352A ,,R,D,O ,F ,T,T,C,50,0,0,4,,,1748656,5426597,-41.29839451,174.7755726
Wellington City,TARANAKI ST,20,N, ,WEBB ST,201312585,11/07/13,Thu,1600,PO,VN1E,371A ,,R,D,O ,F , ,N,C,50,0,0,1,,,1748662,5426610,-41.29827636,174.7756411
Wellington City,TARANAKI ST,5,S, ,WEBB ST,201353669,9/09/13,Mon,2102,MC,CS1C,330B 372B ,,R,D,DO,F ,T,N,C,50,0,0,0,,,1748652,5426588,-41.29847628,174.7755271
Wellington City,TARANAKI ST,20,S, ,WEBB ST,201324108,4/06/13,Tue,1815,NB,CN1E,112A 306A ,,R,W,DO,L , , ,C,50,0,0,1,22,,1748646,5426574,-41.29860343,174.7754588
Wellington City,TARANAKI ST,100,S, ,WEBB ST,201353218,20/03/13,Wed,2048,FD,CS1CC,101A 181A ,,R,D,DO,F , ,N,C,50,0,0,0,,,1748613,5426501,-41.29926676,174.7750827
Wellington City,TARANAKI ST,, ,I,WEBB ST,201353751,14/09/13,Sat,340,CA,CN1,103A 357A 359A ,P,R,D,DO,F ,T,T,C,50,0,0,0,,,1748654,5426592,-41.2984399,174.77555
Wellington City,TARANAKI ST,, ,I,WEBB ST,201311395,12/03/13,Tue,625,LB,PN1C,303B 375B 930 ,,R,D,DO,F ,D,T,R,50,0,0,1,,,1748654,5426592,-41.2984399,174.77555
Wellington City,TARIKAKA ST,, ,I,NGATA ST,201352226,2/06/13,Sun,2011,DA,4N1,330A 359A ,J,M,D,DO,F ,T,N,C,50,0,0,0,,,1749079,5432169,-41.24814923,174.7792595
Wellington City,TASMAN ST,, ,I,RUGBY ST,201311265,25/02/13,Mon,1010,MC,SN1C,534A 372B 378B ,,R,D,B ,F ,T,N,C,50,0,0,1,,16,1748834,5426361,-41.30048651,174.7777554
Wellington City,TAUHINU ROAD,, ,I,MIRAMAR AVENUE,201353577,13/09/13,Fri,840,GA,CE1C,181A ,,R,D,B ,F ,R,G,C,50,0,0,0,,,1751783,5424677,-41.31509868,174.8133833
Wellington City,TAUHINU ROAD,15,S, ,ROTHERHAM TERRACE,201353616,24/08/13,Sat,1826,EA,CS1C,386A ,M,R,D,DO,F , ,N,C,50,0,0,0,,,1752131,5425173,-41.31056752,174.8174149
Wellington City,TAURIMA ST,100,E, ,SH 1N,201312702,8/10/13,Tue,1613,FD,CE1C,331A 358A ,,R,W,O ,L , ,N,C,50,0,0,1,,,1750142,5425885,-41.3045298,174.793489
Wellington City,TAWA OFF NBD,5,S, ,TAKAPU ROAD,201352911,10/04/13,Wed,1000,FB,CN1C,331A ,,S,D,B ,F ,R,G,C,50,0,0,0,,,1753600,5439017,-41.18564844,174.8314705
Wellington City,TAWA OFF NBD,, ,I,TAKAPU ROAD,201350613,21/02/13,Thu,1149,FB,CN1V,331A 353A 387A ,,E,D,B ,F ,R,G,C,50,0,0,0,,,1753600,5439017,-41.18564844,174.8314705
Wellington City,TAWA OFF NBD,, ,I,TAKAPU ROAD,201325225,13/12/13,Fri,1544,FB,4N1C,181A ,,E,D,OF,F ,R,G,C,50,0,0,1,,,1753600,5439017,-41.18564844,174.8314705
Wellington City,TAWA OFF SBD,, ,I,TAKAPU ROAD,201354220,27/10/13,Sun,1247,HA,CE1C,301A 387A ,,E,D,B ,F ,X,S,N,50,0,0,0,,,1753701,5439145,-41.18447686,174.8326421
Wellington City,TE ANAU ROAD,50,S, ,TE ANAU AVENUE,201359323,2/12/13,Mon,1420,EA,TS1C,112A 386A 402A ,M,R,D,B ,F , ,N,C,50,0,0,0,,,1750904,5426593,-41.29801331,174.8024115
Wellington City,THAMES ST,70,E, ,CLYDE ST,201357241,27/11/13,Wed,1510,MO,CW1C,427A ,M,R,D,B ,F , , ,C,50,0,0,0,,,1748572,5422495,-41.33534197,174.7755721
Wellington City,THANE ROAD,15,N, ,ROBIESON ST,201353204,25/08/13,Sun,30,EA,VS1C,386A ,FM,E,D,DN,F , ,N,C,50,0,0,0,,,1750629,5426995,-41.29444535,174.7990289
Wellington City,THANE ROAD,, ,I,ROSENEATH TERRACE,201352305,21/06/13,Fri,338,DA,CN1,111A 131A ,GS,M,W,DO,L ,T,G,C,50,0,0,0,,,1750648,5427144,-41.29310031,174.7992188
Wellington City,THE CRESCENT N,120,W, ,GRAFTON ROAD,201312743,31/08/13,Sat,930,MD,SN1C,191B 371B 929 ,,E,D,B ,F ,D,N,N,50,0,0,1,,14,1750758,5427563,-41.28930737,174.8004282
Wellington City,THE ESPLANADE,230,S, ,DERWENT ST,201352141,26/03/13,Tue,1740,DB,PE1,110A 131A 330A ,,M,D,DN,F , ,N,C,50,0,0,0,,,1747938,5421138,-41.34767621,174.7683292
Wellington City,THE ESPLANADE,150,S, ,HOUGHTON BAY ROAD,201353217,17/08/13,Sat,1348,BC,BW14,121A ,,M,D,O ,F , ,N,C,50,0,0,0,,,1749492,5421689,-41.34242853,174.7867602
Wellington City,THE ESPLANADE,80,S, ,REEF ST,201354224,6/10/13,Sun,1548,EA,CN1CC,129A 500A ,M,R,D,O ,F , ,N,C,50,0,0,0,,,1748235,5421559,-41.34383119,174.7717749
Wellington City,THE PARADE,20,N, ,DERWENT ST,201357243,30/12/13,Mon,1410,EA,CN1C,129A ,M,R,D,B ,F , , ,C,50,0,0,0,,,1748080,5421578,-41.34368863,174.7699185
Wellington City,THE PARADE,50,N, ,MEDWAY ST,201353687,19/09/13,Thu,1745,LO,CN1C,371A 372B 929 ,,R,D,TO,F ,D,N,P,50,0,0,0,,,1748392,5422603,-41.33440276,174.7733955
Wellington City,THE PARADE,100,S, ,MEDWAY ST,201353201,16/08/13,Fri,1220,MB,CN1C,330B 372B ,,R,D,B ,F , ,N,C,30,0,0,0,,,1748373,5422454,-41.33574776,174.7732049
Wellington City,THE PARADE,100,S, ,MEDWAY ST,201311946,24/04/13,Wed,1250,CB,CS1,104A 410A ,,R,D,B ,F , ,N,C,50,0,0,1,,,1748373,5422454,-41.33574776,174.7732049
Wellington City,THE PARADE,20,N, ,MERSEY ST,201312442,14/08/13,Wed,1623,EA,CN1CCC,112A 386A ,M,R,D,O ,F ,X,S,P,50,0,0,1,,,1748325,5422312,-41.33703508,174.7726662
Wellington City,THE PARADE,20,S, ,MERSEY ST,201311697,24/03/13,Sun,1300,QB,BS1E,370A 520B ,,R,D,O ,F , ,N,C,50,0,0,1,34,,1748312,5422274,-41.3373796,174.7725202
Wellington City,THE TERRACE,5,S, ,ACCESS ROAD,201311311,11/02/13,Mon,1640,JA,CN1C,308B 375B 929 ,,R,D,O ,F ,D,N,C,50,0,0,1,,,1748475,5427900,-41.28669633,174.7730939
Wellington City,THE TERRACE,90,N, ,AURORA TERRACE,201354315,12/11/13,Tue,1020,MO,CS1C,371B 386B ,M,R,D,B ,F , ,N,C,50,0,0,0,,,1748671,5428594,-41.28041186,174.7752641
Wellington City,THE TERRACE,100,N, ,AURORA TERRACE,201353040,13/07/13,Sat,1330,EA,CS1C,129A ,M,R,W,O ,L , ,N,C,50,0,0,0,,,1748673,5428604,-41.28032145,174.7752855
Wellington City,THE TERRACE,10,N, ,BOLTON ST,201353660,24/09/13,Tue,1120,GB,MS1V,157A 158A 926 ,,R,D,O ,F ,D,N,C,50,0,0,0,,,1748689,5428702,-41.27943617,174.7754526
Wellington City,THE TERRACE,, ,I,DIXON ST,201324335,10/12/13,Tue,1800,NB,CS1E,711B 732B ,,R,D,O ,F ,T,N,C,50,0,0,1,19,,1748329,5427525,-41.29009946,174.7714425
Wellington City,THE TERRACE,20,N, ,EVERTON TERRACE,201312560,27/09/13,Fri,1515,NA,CS1E,711B ,,R,D,B ,F ,T,N,C,50,0,0,1,14,,1748537,5428047,-41.28536141,174.7737981
Wellington City,THE TERRACE,20,S, ,EVERTON TERRACE,201353748,20/09/13,Fri,855,JA,CN1C,308B 377B 839 929 ,,R,D,B ,F ,D,N,C,50,0,0,0,,,1748523,5428010,-41.28569712,174.77364
Wellington City,THE TERRACE,100,S, ,EVERTON TERRACE,201353756,31/08/13,Sat,2355,JA,MN1C,308B 375B 929 ,,R,D,DO,F ,D,N,C,50,0,0,0,,,1748491,5427937,-41.28636025,174.7732759
Wellington City,THE TERRACE,110,S, ,EVERTON TERRACE,201311306,4/03/13,Mon,1239,EA,CS14C,129A 501A ,M,R,D,B ,F , ,N,C,50,0,0,2,,,1748487,5427928,-41.28644202,174.7732303
Wellington City,THE TERRACE,, ,I,EVERTON TERRACE,201358251,9/12/13,Mon,1230,FE,CS1C,181A ,,R,W,B ,L ,T,T,C,50,0,0,0,,,1748531,5428029,-41.28552458,174.7737309
Wellington City,THE TERRACE,, ,I,EVERTON TERRACE,201351024,12/04/13,Fri,900,MG,CN1V,371B ,,R,D,O ,F ,T,T,C,50,0,0,0,,,1748531,5428029,-41.28552458,174.7737309
Wellington City,THE TERRACE,50,N, ,MACDONALD CRESCENT,201311189,3/02/13,Sun,540,EA,CN1CC,103A 386A ,M,R,D,DO,F , ,N,L,50,0,0,1,,,1748324,5427516,-41.29018141,174.771385
Wellington City,THE TERRACE,, ,I,MACDONALD CRESCENT,201351142,14/01/13,Mon,804,JA,CS1C,301B 375B ,,R,W,O ,F ,T,S,C,50,0,0,0,,,1748304,5427470,-41.29059925,174.7711575
Wellington City,THE TERRACE,, ,I,SALAMANCA ROAD,201352146,20/06/13,Thu,2234,MC,XN1C,372B ,,R,W,DO,HS,T,T,C,50,0,0,0,,,1748381,5427671,-41.2887754,174.7720277
Wellington City,THOMPSON ST,5,S, ,WEBB ST,201357648,20/12/13,Fri,1310,EE,VN1C,374B ,M,R,D,BF,F ,T,N,C,50,0,0,0,,,1748354,5426722,-41.29732465,174.7719367
Wellington City,THOMPSON ST,100,S, ,WEBB ST,201350617,21/03/13,Thu,1355,BA,CN1C,125A 386A 125B 386B 818 ,,R,D,B ,F , ,N,N,50,0,0,0,,,1748317,5426634,-41.29812376,174.7715164
Wellington City,THORNDON QUAY,100,N, ,DAVIS ST,201355587,22/11/13,Fri,1555,EE,CN1T,374B ,M,R,D,B ,F , ,N,L,50,0,0,0,,,1749346,5429334,-41.27362476,174.7831391
Wellington City,THORNDON QUAY,240,N, ,DAVIS ST,201311466,4/03/13,Mon,808,GB,SS1C,333A 352B 372B ,,R,D,O ,F , ,N,C,50,0,0,1,,50,1749288,5429461,-41.27249205,174.7824158
Wellington City,THORNDON QUAY,250,N, ,DAVIS ST,201351445,18/04/13,Thu,1427,GC,TN1C,181A 387A 131B 191B 387B 927 ,,R,D,O ,F ,D,N,L,50,0,0,0,,,1749284,5429470,-41.27241176,174.7823658
Wellington City,THORNDON QUAY,300,N, ,DAVIS ST,201311397,4/03/13,Mon,820,GB,SS1C,150A 387A 926 ,,R,D,B ,F ,D,N,C,50,0,0,1,,37,1749266,5429517,-41.27199192,174.7821395
Wellington City,THORNDON QUAY,100,N, ,MOORE ST,201351355,8/05/13,Wed,847,MC,MS1C,372B ,,E,D,B ,F , ,N,P,50,0,0,0,,,1749310,5429101,-41.27572922,174.7827665
Wellington City,THORNDON QUAY,10,S, ,MOORE ST,201351540,15/05/13,Wed,1950,FC,CS1C,112A 331A 350A ,,R,D,DO,F ,T,N,C,50,0,0,0,,,1749212,5429053,-41.27617949,174.7816087
Wellington City,THORNDON QUAY,60,S, ,MOORE ST,201350482,5/02/13,Tue,739,EA,BS1C,330A 370A ,M,R,W,O ,H , ,N,C,50,0,0,0,,,1749174,5429020,-41.27648363,174.7811633
Wellington City,THORNDON QUAY,30,N, ,SLIP ROAD,201311845,26/05/13,Sun,1128,MG,PS1C,371B 386B ,,R,D,B ,F , ,N,C,50,0,0,1,,,1749119,5428901,-41.27756519,174.780536
Wellington City,THORNDON QUAY,80,N, ,SLIP ROAD,201354184,9/10/13,Wed,830,JA,BS1C,308B 375B 927 ,,R,W,O ,F ,D,N,C,50,0,0,0,,,1749138,5428947,-41.27714753,174.7807515
Wellington City,THORNDON QUAY,, ,I,SLIP ROAD,201351688,14/05/13,Tue,729,BB,BS14,124A 818 ,,M,D,B ,F ,M,G,C,50,0,0,0,,,1749107,5428873,-41.27781951,174.7803996
Wellington City,THORNDON QUAY,200,S, ,TINAKORI ROAD,201326295,2/10/13,Wed,1710,NA,CS1E,161A ,,R,D,BF,F , ,N,X,50,0,0,1,56,,1749172,5429812,-41.26935327,174.7809455
Wellington City,THORNDON QUAY,, ,I,TINAKORI ROAD,201358544,6/11/13,Wed,850,GF,TE2C,671A ,,E,D,OF,F ,T,G,R,50,0,0,0,,,1749211,5430006,-41.26759939,174.7813634
Wellington City,TINAKORI ROAD,, ,I,HARRIETT ST,201353934,28/09/13,Sat,1019,LB,CS1C,322A 323B ,,R,D,B ,F ,X,T,C,50,0,0,0,,,1748452,5429090,-41.27598642,174.7725294
Wellington City,TINAKORI ROAD,, ,I,HARRIETT ST,201354175,7/08/13,Wed,2250,LB,CS1C,303B 375B ,,R,W,DO,F ,X,T,C,50,0,0,0,,,1748452,5429090,-41.27598642,174.7725294
Wellington City,TINAKORI ROAD,, ,I,HAWKESTONE ST,201312572,15/09/13,Sun,1845,FC,CN1C,181A 353A ,,R,D,DO,F ,T,G,C,50,0,0,1,,,1748578,5429226,-41.27473877,174.774
Wellington City,TINAKORI ROAD,, ,I,HAWKESTONE ST,201350185,1/02/13,Fri,1630,LB,CS1C,303B 353B ,,R,D,B ,F ,T,G,R,50,0,0,0,,,1748578,5429226,-41.27473877,174.774
Wellington City,TINAKORI ROAD,30,N, ,HOBSON ST,201324059,20/11/13,Wed,1159,NA,CN1E,712B 719B ,,R,D,B ,F , ,N,C,50,0,0,1,61,,1749049,5429734,-41.27007824,174.7794968
Wellington City,TINAKORI ROAD,, ,I,PARK ST,201350154,14/01/13,Mon,1707,DA,CS1X,103A 111A 135A 801 ,Q,R,W,O ,F ,X,T,C,50,0,0,0,,,1748884,5429555,-41.27172029,174.7775715
Wellington City,TINAKORI ROAD,, ,I,PARK ST,201350024,2/01/13,Wed,1320,LB,CS1C,303B 375B ,,R,D,B ,F ,X,T,C,50,0,0,0,,,1748884,5429555,-41.27172029,174.7775715
Wellington City,TINAKORI ROAD,5,E, ,ST MARY ST,201353856,16/08/13,Fri,840,EO,TN1,330A 385A ,H,R,D,O ,F ,T,N,N,50,0,0,0,,,1748145,5428753,-41.27907697,174.7689474
Wellington City,TINAKORI ROAD,60,S, ,ST MARY ST,201350471,26/02/13,Tue,1437,FA,CS1V,181A 331A 191B ,,R,D,B ,F , ,N,C,50,0,0,0,,,1748100,5428706,-41.27950839,174.7684217
Wellington City,TINAKORI ROAD,, ,I,THORNDON QUAY,201352337,14/05/13,Tue,834,GF,TN1C,172A ,,E,D,O ,F ,T,G,L,50,0,0,0,,,1749211,5430006,-41.26759939,174.7813634
Wellington City,TINAKORI ROAD,, ,I,THORNDON QUAY,201353630,21/01/13,Mon,1140,GF,TN1C,142A 179A ,,E,W,O ,F ,T,G,C,50,0,0,0,,,1749211,5430006,-41.26759939,174.7813634
Wellington City,TINAKORI ROAD,80,S, ,UPTON TERRACE,201352385,26/06/13,Wed,2316,MO,TS1C,371A ,M,R,D,DO,F , ,N,C,50,0,0,0,,,1748236,5428856,-41.27813291,174.7700084
Wellington City,TIRANGI ROAD,50,N, ,GEORGE BOLT ST,201311996,30/04/13,Tue,2315,CB,PN14,129A 350A ,M,R,D,DO,FS, ,N,P,50,0,0,1,,,1750839,5423490,-41.32596266,174.802405
Wellington City,TODMAN ST,180,E, ,MITCHELL ST,201353208,22/08/13,Thu,1120,DB,VS1C,111A 121A 134A ,M,S,D,O ,F , ,N,C,50,0,0,0,,,1747317,5425703,-41.30668918,174.7598031
Wellington City,TODMAN ST,210,E, ,MITCHELL ST,201355847,24/11/13,Sun,607,EA,CW1C,386A ,M,M,D,DO,F , ,N,C,50,0,0,0,,,1747330,5425691,-41.30679485,174.7599612
Wellington City,TODMAN ST,20,S, ,MITCHELL ST,201355578,15/11/13,Fri,1700,EA,CS1C,129A 386A ,M,E,D,O ,F , ,N,C,50,0,0,0,,,1747312,5425828,-41.30556466,174.7597131
Wellington City,TORY ST,5,S, ,COLLEGE ST,201312274,2/08/13,Fri,1030,NA,CS1E,711B 732B ,,R,D,O ,F ,T,N,C,50,0,1,0,58,,1749013,5426864,-41.29592476,174.7797693
Wellington City,TORY ST,, ,I,COLLEGE ST,201350337,12/02/13,Tue,2050,GA,PS1C,181A 191B ,,R,D,TO,F ,T,N,C,50,0,0,0,,,1749015,5426869,-41.29587937,174.779792
Wellington City,TORY ST,50,N, ,COURTENAY PLACE,201351062,19/04/13,Fri,1520,EE,CS1C,374B ,Q,R,D,O ,F , ,N,N,50,0,0,0,,,1749158,5427184,-41.29301688,174.781422
Wellington City,TORY ST,150,S, ,COURTENAY PLACE,201351028,9/03/13,Sat,1625,GA,VN1C,181A 331A 926 ,,R,D,O ,F ,D,N,C,50,0,0,0,,,1749076,5427001,-41.29467966,174.7804879
Wellington City,TORY ST,300,S, ,COURTENAY PLACE,201354319,1 /00/2013,Fri,,EA,TN14,129A ,M,R,D,B ,F , ,N,C,50,0,0,0,,,1749013,5426865,-41.29591576,174.7797691
Wellington City,TORY ST,100,N, ,EBOR ST,201311728,1/05/13,Wed,1240,NA,CN1E,377A 713B 732B ,,R,D,B ,F , ,N,C,50,0,0,1,10,,1749090,5427034,-41.29437996,174.7806469
Wellington City,TORY ST,, ,I,FREDERICK ST,201351577,12/05/13,Sun,1655,MA,CS1C,353B 373B ,,R,D,TF,F ,T,N,C,50,0,0,0,,,1748968,5426763,-41.29684241,174.7792568
Wellington City,TORY ST,5,S, ,HOLLAND ST,201311649,23/04/13,Tue,1840,NA,XN1E,711B 726B ,,R,D,DO,F ,T,N,C,50,0,0,1,6,,1749088,5427029,-41.29442534,174.7806243
Wellington City,TORY ST,5,N, ,JESSIE ST,201312003,28/05/13,Tue,1025,NA,CS1E,377A 711B ,,R,D,O ,F ,T,N,C,50,0,0,1,28,,1749022,5426884,-41.29574303,174.7798719
Wellington City,TORY ST,10,N, ,JESSIE ST,201357182,18/12/13,Wed,1326,EA,TN1CC,386A ,M,R,D,O ,F ,T,N,C,50,0,0,0,,,1749024,5426889,-41.29569764,174.7798945