TLA NAME,CRASH ROAD,CRASH DIST,CRASH DIRN,INTSN,SIDE ROAD,CRASH ID,CRASH DATE,CRASH DOW,CRASH TIME,MVMT,VEHICLES,CAUSES,OBJECTS STRUCK,ROAD CURVE,ROAD WET,LIGHT,WTHRa,JUNC TYPE,TRAF CTRL,ROAD MARK,SPD LIM,CRASH FATAL CNT,CRASH SEV CNT,CRASH MIN CNT,PERS AGE1,PERS AGE2,EASTING,NORTHING,latitude,longitude
Wellington City,TORY ST,40,N, ,TENNYSON ST,201353933,28/09/13,Sat,1437,EE,VS1C,374B ,Q,R,D,O ,F , ,N,C,50,0,0,0,,,1749092,5427040,-41.29432557,174.7806693
Wellington City,TORY ST,15,S, ,TENNYSON ST,201350013,9/01/13,Wed,1605,GD,CS1C,181A 331A 926 ,,R,D,B ,F ,D,N,C,50,0,0,0,,,1749070,5426989,-41.29478881,174.7804192
Wellington City,TORY ST,, ,I,TENNYSON ST,201354008,4/10/13,Fri,1028,MA,CS14,201B 302B 372B ,,R,D,B ,F ,T,G,C,50,0,0,0,,,1749076,5427003,-41.29466165,174.7804874
Wellington City,TORY ST,20,S, ,VIVIAN ST,201311528,28/03/13,Thu,1325,FE,CS1C,132A 181A ,,R,D,B ,F ,X,T,C,50,0,0,1,,,1748988,5426807,-41.29644257,174.7794848
Wellington City,TORY ST,20,S, ,WAKEFIELD ST,201351099,4/02/13,Mon,1615,MA,VS1T,373B ,,R,W,O ,F , ,N,X,50,0,0,0,,,1749195,5427261,-41.29231678,174.7818448
Wellington City,TORY ST,, ,I,WAKEFIELD ST,201355853,29/11/13,Fri,1545,GA,CN1C,181A ,,E,D,B ,F ,X,T,C,50,0,0,0,,,1749204,5427279,-41.29215306,174.7819478
Wellington City,TOTARA ROAD,90,W, ,NEVAY ROAD,201350748,14/03/13,Thu,1536,BD,CS1V,120A 120B ,,E,D,B ,F , ,N,C,50,0,0,0,,,1753062,5425949,-41.30340496,174.8283363
Wellington City,TREBANN ST,50,W, ,BRACKEN ROAD,201354059,16/10/13,Wed,1830,EA,4.00E+14,129A ,M,E,D,DO,F , ,N,C,50,0,0,0,,,1752742,5435176,-41.22039254,174.8222043
Wellington City,TRENT ST,100,W, ,BRIGHTON ST,201312606,28/03/13,Thu,2222,PA,CE1E,358A 512A ,,R,D,DO,F , ,N,N,50,0,0,1,44,,1748310,5421722,-41.34234984,174.7726311
Wellington City,TRENT ST,, ,I,BRIGHTON ST,201312740,21/10/13,Mon,1810,JA,4N1CC,302B 353B ,,M,D,TF,F ,T,G,C,50,0,0,1,,,1748406,5421692,-41.34260227,174.7737853
Wellington City,TROY ST,, ,I,KEMP ST,201311394,27/02/13,Wed,2105,AA,VN1V,330A 372A ,,M,D,DO,F ,T,N,C,50,0,0,3,,,1750866,5424346,-41.31825081,174.8025151
Wellington City,TROY ST,, ,I,SH 1N,201350028,7/01/13,Mon,1548,FB,4N1C,331A 353A ,,E,D,B ,F ,R,G,R,50,0,0,0,,,1750900,5424414,-41.31763222,174.8029042
Wellington City,UPLAND ROAD,30,W, ,BOUNDARY ROAD,201355816,3/11/13,Sun,845,BA,BS14,129A 818 ,,R,D,B ,F , ,N,C,50,0,0,0,,,1747419,5427908,-41.28681781,174.7604869
Wellington City,UPLAND ROAD,90,W, ,BOUNDARY ROAD,201351675,14/02/13,Thu,830,EA,BW1C,129A 386A 818 ,M,R,D,B ,F , ,N,C,50,0,0,0,,,1747381,5427954,-41.28641058,174.7600222
Wellington City,UPLAND ROAD,, ,I,GLASGOW ST,201353576,18/09/13,Wed,1900,LB,CS1C,303B ,,M,D,DO,F ,R,G,C,50,0,0,0,,,1747877,5427849,-41.28726526,174.7659682
Wellington City,UPLAND ROAD,40,N, ,NORTH TERRACE,201352669,29/06/13,Sat,2330,DC,CN1,101A 110A 517A ,HI,E,D,DF,F , ,N,R,50,0,0,0,,,1747967,5428034,-41.28558312,174.7669976
Wellington City,UPLAND ROAD,, ,I,PLUNKET ST,201351627,19/05/13,Sun,820,KB,CS1C,302B 375B ,,R,W,O ,L ,T,G,C,30,0,0,0,,,1747520,5427696,-41.28870811,174.7617439
Wellington City,UPLAND ROAD,, ,I,PLUNKET ST,201354011,13/08/13,Tue,1916,KB,CS1C,302B 382B ,,R,D,DO,H ,T,G,C,30,0,0,0,,,1747520,5427696,-41.28870811,174.7617439
Wellington City,VICTORIA ST,30,N, ,ABEL SMITH ST,201312556,13/09/13,Fri,1718,FD,CS1CCC,130A 414A ,,R,D,O ,F ,X,T,C,50,0,0,1,,,1748377,5426944,-41.29532166,174.7721571
Wellington City,VICTORIA ST,, ,I,ABEL SMITH ST,201312741,14/10/13,Mon,1100,NA,CS1E,306A 359A ,,R,W,O ,HS,X,T,C,50,0,0,1,,,1748365,5426917,-41.29556695,174.7720204
Wellington City,VICTORIA ST,, ,I,ABEL SMITH ST,201356708,29/10/13,Tue,1418,FE,CS1C,181A 410A ,,R,D,B ,F ,X,T,C,50,0,0,0,,,1748365,5426917,-41.29556695,174.7720204
Wellington City,VICTORIA ST,, ,I,ABEL SMITH ST,201350878,19/03/13,Tue,1532,FE,CS1C,331A 358A 507A ,,R,W,O ,F ,X,T,C,50,0,0,0,,,1748365,5426917,-41.29556695,174.7720204
Wellington City,VICTORIA ST,, ,I,ABEL SMITH ST,201351648,30/04/13,Tue,1919,FE,CS1C,181A 334A 801 ,,R,W,DO,L ,X,T,C,50,0,0,0,,,1748365,5426917,-41.29556695,174.7720204
Wellington City,VICTORIA ST,30,S, ,BOND ST,201351076,17/04/13,Wed,1429,MG,CS1C,353B 371B ,,R,W,O ,F ,T,G,C,30,0,0,0,,,1748700,5427566,-41.28966207,174.7758612
Wellington City,VICTORIA ST,10,N, ,EDWARD ST,201354250,17/07/13,Wed,1856,EA,CN1X,386A ,Q,R,D,DO,F ,T,N,C,50,0,0,0,,,1748674,5427433,-41.29086432,174.7755833
Wellington City,VICTORIA ST,10,S, ,GHUZNEE ST,201351146,11/01/13,Fri,1630,FD,VN1C,386A ,,R,D,O ,F ,X,T,C,50,0,0,0,,,1748528,5427224,-41.29277292,174.7738915
Wellington City,VICTORIA ST,30,S, ,GHUZNEE ST,201352543,5/07/13,Fri,1817,EE,BS1V,374B ,M,R,D,DO,F ,X,T,C,50,0,0,0,,,1748518,5427206,-41.29293682,174.7737765
Wellington City,VICTORIA ST,5,N, ,HARRIS ST,201354066,30/10/13,Wed,1535,MO,CS1C,371A 386A ,,R,D,B ,F ,X,T,N,50,0,0,0,,,1748764,5427790,-41.28763351,174.7765705
Wellington City,VICTORIA ST,25,S, ,HUNTER ST,201350826,8/03/13,Fri,1255,AC,TS1C,158A 372A 817 ,,R,D,B ,F , ,N,C,50,0,0,0,,,1748840,5427961,-41.28607991,174.7774358
Wellington City,VICTORIA ST,40,S, ,HUNTER ST,201353749,14/09/13,Sat,1812,CB,CS1CC,129A 351A ,M,R,D,TO,F , ,N,C,50,0,0,0,,,1748834,5427948,-41.28619806,174.7773674
Wellington City,VICTORIA ST,30,S, ,MANING LANE,201350664,18/02/13,Mon,1500,MO,4S1C,371A 386A ,,R,D,B ,F , ,N,C,50,0,0,0,,,1748772,5427807,-41.28747897,174.7766618
Wellington City,VICTORIA ST,, ,I,MERCER ST,201352326,10/07/13,Wed,910,NB,CN1E,711B 725B ,,E,W,O ,F ,T,T,N,50,0,0,0,,,1748724,5427694,-41.28850521,174.7761164
Wellington City,VICTORIA ST,, ,I,WAKEFIELD ST,201356736,30/07/13,Tue,1800,GB,SS1C,142B 192B ,,E,D,DO,F ,T,T,C,50,0,0,0,,,1748725,5427666,-41.28875712,174.7761352
Wellington City,VICTORIA ST,, ,I,WAKEFIELD ST,201353470,1/08/13,Thu,1800,GB,SS1C,142B 172B ,,R,D,DO,F ,T,T,C,50,0,0,0,,,1748725,5427666,-41.28875712,174.7761352
Wellington City,VICTORIA ST,, ,I,WAKEFIELD ST,201324061,18/11/13,Mon,1828,GB,SS1C,142B 192B ,,R,D,O ,F ,T,T,C,50,0,0,1,,,1748725,5427666,-41.28875712,174.7761352
Wellington City,VICTORIA ST S,50,S, ,SLIP,201355803,26/10/13,Sat,1500,MO,CS1C,386A ,M,R,D,B ,F , ,N,C,50,0,0,0,,,1748489,5427127,-41.29365343,174.7734496
Wellington City,VICTORY CRESCENT,, ,I,DAVIDSON CRESCENT,201352439,12/06/13,Wed,1400,JA,CS1C,302B 382B ,,E,W,B ,F ,T,G,R,50,0,0,0,,,1752987,5441591,-41.16258969,174.8235219
Wellington City,VICTORY CRESCENT,, ,I,DAVIDSON CRESCENT,201358200,22/12/13,Sun,1600,LB,CS1C,303B 375B ,,M,D,B ,F ,T,G,C,50,0,0,0,,,1752987,5441591,-41.16258969,174.8235219
Wellington City,VOLGA ST,20,N, ,AVON ST,201312436,28/08/13,Wed,1720,BC,CN1M,111A 121A 377A 132B 839 ,,M,D,O ,F , ,N,N,50,0,0,1,,,1748792,5422613,-41.33423899,174.7781711
Wellington City,VOLGA ST,90,N, ,CARLISLE ST,201311035,3/01/13,Thu,412,DA,CS1,103A 111A ,CK,M,D,DO,F , ,N,N,50,0,0,1,,,1748751,5422534,-41.33495782,174.7777007
Wellington City,VOLGA ST,, ,I,CARLISLE ST,201353156,11/08/13,Sun,320,DA,XS1,137A 195A ,ET,M,W,DN,L ,T,N,C,50,0,0,0,,,1748740,5422459,-41.3356351,174.7775877
Wellington City,WAIKOWHAI ST,340,N, ,CROFTON ROAD,201351767,25/04/13,Thu,220,DA,CS1,101A 111A 135A 801 901 ,C,E,W,DN,H , ,N,C,50,0,0,0,,,1748360,5431652,-41.25293633,174.7708079
Wellington City,WAITOA ROAD,100,W, ,HATAITAI ROAD,201350828,3/04/13,Wed,1724,MB,CS1CCC,303B 375B ,M,R,W,O ,F , ,N,C,50,0,0,0,,,1750126,5425991,-41.30357842,174.7932718
Wellington City,WAKEFIELD ST,25,E, ,BLAIR ST,201352946,1/07/13,Mon,650,FE,MW1M,353A ,,R,D,TN,F ,X,T,C,50,0,0,0,,,1749357,5427203,-41.29280902,174.7837929
Wellington City,WAKEFIELD ST,5,W, ,BLAIR ST,201351829,14/04/13,Sun,530,EA,CW1C,386A 517A ,M,R,D,DO,F ,T,N,C,50,0,0,0,,,1749332,5427219,-41.29266959,174.7834905
Wellington City,WAKEFIELD ST,20,W, ,CUBA ST,201350880,19/03/13,Tue,2036,MO,VW1C,371A 386A 642A ,M,R,D,DO,L , ,N,C,50,0,0,0,,,1748827,5427542,-41.28985475,174.7773831
Wellington City,WAKEFIELD ST,5,E, ,OPERA HOUSE LANE,201350382,17/01/13,Thu,2050,MO,CN1,103A 926 ,P,E,D,DO,F ,D,N,N,10,0,0,0,,,1748906,5427476,-41.29043441,174.7783423
Wellington City,WAKEFIELD ST,20,S, ,PRINGLE AVENUE,201350861,20/03/13,Wed,1016,EO,TS1,386A ,B,R,D,B ,F ,T,T,C,50,0,0,0,,,1748899,5427481,-41.29039068,174.7782575
Wellington City,WAKEFIELD ST,10,E, ,TARANAKI ST,201357242,4/12/13,Wed,1015,CO,VN1C,130B 423B 922 ,C,R,D,O ,F ,D, ,C,50,0,0,0,,,1749021,5427385,-41.2912325,174.7797373
Wellington City,WAKEFIELD ST,30,N, ,TARANAKI ST,201357246,11/11/13,Mon,1730,FD,CS1C,331A ,,R,D,B ,F , , ,C,50,0,0,0,,,1748989,5427409,-41.29102232,174.7793494
Wellington City,WAKEFIELD ST,20,E, ,TORY ST,201311251,14/02/13,Thu,1023,JA,CE1C,407B 423B 926 ,,R,D,B ,F ,D, ,N,50,0,0,2,,,1749222,5427271,-41.29222176,174.7821647
Wellington City,WAKEFIELD ST,30,E, ,TORY ST,201350062,16/01/13,Wed,1200,AC,VW1P,159A 179A ,,R,D,B ,F , ,N,C,50,0,0,0,,,1749231,5427267,-41.29225611,174.7822731
Wellington City,WAKEFIELD ST,60,W, ,TORY ST,201326173,11/10/13,Fri,2025,AA,CW1CV,372A ,M,R,W,DO,H , ,N,C,50,0,0,1,,,1749149,5427302,-41.29195614,174.7812856
Wellington City,WALLACE ST,20,N, ,BIDWILL ST,201350685,28/01/13,Mon,1700,FO,CN1C,330A ,,R,D,B ,F , ,N,C,50,0,0,0,,,1748513,5426246,-41.30158105,174.773951
Wellington City,WALLACE ST,20,S, ,BIDWILL ST,201357647,23/12/13,Mon,1430,FE,CW1CC,181A ,,R,D,BF,F , ,T,N,50,0,0,0,,,1748528,5426209,-41.30191141,174.7741392
Wellington City,WALLACE ST,, ,I,BIDWILL ST,201312610,25/09/13,Wed,700,KA,TN1C,323A 334A ,,R,W,O ,H ,T,T,C,50,0,0,1,,,1748521,5426228,-41.30174164,174.7740509
Wellington City,WALLACE ST,60,N, ,CARRINGTON ST,201351639,27/05/13,Mon,830,FD,VS1CC,181A 410A ,,R,D,B ,F , ,N,L,50,0,0,0,,,1748599,5425781,-41.30575181,174.7750914
Wellington City,WALLACE ST,60,S, ,CARRINGTON ST,201350583,13/02/13,Wed,940,CB,CS1,137A 181A 197A ,FX,R,D,B ,F , ,N,C,50,0,0,0,,,1748599,5425661,-41.30683222,174.7751207
Wellington City,WALLACE ST,5,N, ,HARGREAVES ST,201350593,10/03/13,Sun,1150,LO,SW1C,204A 378B 929 ,,R,D,B ,F ,D,N,C,50,0,0,0,,,1748580,5426051,-41.30332438,174.7747986
Wellington City,WALLACE ST,10,N, ,HARGREAVES ST,201312737,19/10/13,Sat,1223,GA,MS1C,181A ,,R,D,B ,F ,T,N,P,50,0,0,1,,,1748579,5426056,-41.30327955,174.7747854
Wellington City,WALLACE ST,10,N, ,HARGREAVES ST,201353864,3/10/13,Thu,1805,FC,MN1C,181A 402A ,,R,D,O ,F ,T,N,C,50,0,0,0,,,1748579,5426056,-41.30327955,174.7747854
Wellington City,WALLACE ST,20,S, ,HOWARD ST,201350988,26/04/13,Fri,1843,FA,CS14,101A 112A 181A ,,R,D,DO,F ,T,N,L,50,0,0,0,,,1748599,5425848,-41.30514858,174.775075
Wellington City,WALLACE ST,20,S, ,HOWARD ST,201352205,10/06/13,Mon,810,KA,CS1C,308B 929 ,,R,D,O ,F ,D,N,C,50,0,0,0,,,1748599,5425848,-41.30514858,174.775075
Wellington City,WALLACE ST,60,S, ,HOWARD ST,201353705,6/08/13,Tue,1930,EA,CS1C,386A ,M,R,D,DO,F , ,N,C,50,0,0,0,,,1748599,5425808,-41.30550872,174.7750848
Wellington City,WALLACE ST,, ,I,HUTCHISON ROAD,201351217,5/03/13,Tue,2240,EC,CW1,341A ,X,R,D,DO,F ,T,G,P,50,0,0,0,,,1748668,5425605,-41.3073237,174.7759582
Wellington City,WALLACE ST,50,S, ,ROLLESTON ST,201352208,20/06/13,Thu,1550,FD,CS1C,331A 350A ,,R,W,O ,H , ,N,C,50,0,0,0,,,1748573,5426090,-41.30297454,174.7747055
Wellington City,WALLACE ST,25,E, ,WALLACE ST SLIP,201311948,26/05/13,Sun,200,AF,VE1S,129A 150A ,,M,D,DO,F , ,N,C,50,0,0,1,,26,1748618,5425592,-41.30744996,174.7753644
Wellington City,WARIPORI ST,, ,I,RUSSELL TERRACE,201352213,30/06/13,Sun,2145,DC,CE1,103A 112A ,,R,D,DF,F ,T,S,P,50,0,0,0,,,1749023,5424313,-41.31889059,174.7805136
Wellington City,WARRINGTON GROVE,, ,I,HOROKIWI ROAD WEST,201351350,12/05/13,Sun,1016,DC,VS1C,103A 111A ,FJK,E,D,B ,F ,T,N,L,50,0,0,0,,,1752992,5434890,-41.22292026,174.825257
Wellington City,WASHINGTON AVENUE,, ,I,CLEVELAND ST,201351633,20/04/13,Sat,1630,MG,CN1C,371B ,,E,D,O ,L ,T,S,C,50,0,0,0,,,1747900,5425860,-41.30516897,174.7667261
Wellington City,WASHINGTON AVENUE,5,S, ,CONNAUGHT TERRACE,201352002,25/05/13,Sat,1500,EA,CS1C,386A ,M,M,D,O ,F ,T,N,C,50,0,0,0,,,1747792,5425376,-41.30954644,174.7655541
Wellington City,WATERLOO QUAY,, ,I,BUNNY ST,201311634,6/03/13,Wed,1903,JA,CN1S,322A 334A 352A ,,R,D,O ,F ,T,T,C,50,0,0,1,,36,1749102,5428604,-41.28024236,174.7804058
Wellington City,WATERLOO QUAY,, ,I,BUNNY ST,201351721,11/05/13,Sat,2155,FE,CS1V,113A 205A 514A 517A ,,R,D,DO,F ,T,T,R,50,0,0,0,,,1749102,5428604,-41.28024236,174.7804058
Wellington City,WATERLOO QUAY,100,N, ,CORNWELL ST N,201350392,20/02/13,Wed,1812,CB,CN1,137A 613A ,,R,D,B ,F , ,N,P,50,0,0,0,,,1749642,5429288,-41.27398414,174.7866828
Wellington City,WATERLOO QUAY,, ,I,HINEMOA ST,201311792,10/05/13,Fri,1830,CB,MN1,133A 422A 806 ,CK,R,W,DO,L ,T,T,R,50,0,0,1,,,1749409,5428994,-41.27667428,174.7839743
Wellington City,WATERLOO QUAY,200,N, ,HINEMOA ST W,201312787,23/10/13,Wed,240,EO,CN1T,103A 331A 103 ,Q,R,D,DO,F , , ,R,50,0,1,0,,,1749533,5429151,-41.27523779,174.7854156
Wellington City,WATERLOO QUAY,, ,A,RLY XING STH,201351802,31/05/13,Fri,1410,FE,CN1C,331A ,,R,D,B ,F ,T,T,C,50,0,0,0,,,1749445,5429039,-41.27626246,174.7843929
Wellington City,WATERLOO QUAY,40,N, ,SLIP,201354227,30/10/13,Wed,1710,FD,CN1C,331A 350A ,,R,D,O ,F , ,N,R,50,0,0,0,,,1749136,5428647,-41.27984893,174.7808011
Wellington City,WATERLOO QUAY,60,N, ,WHITMORE ST,201354322,25/10/13,Fri,558,EA,CN1CCC,103A ,KMM,R,W,DO,F , ,N,R,50,0,0,0,,,1749017,5428486,-41.28132045,174.7794201
Wellington City,WATERLOO QUAY,, ,I,WHITMORE ST,201351145,9/01/13,Wed,755,AC,SS14,124B 175B ,,R,D,O ,F ,X,T,R,50,0,0,0,,,1748982,5428438,-41.28175908,174.7790141
Wellington City,WATERLOO QUAY,, ,I,WHITMORE ST,201350751,4/04/13,Thu,2214,HA,CS1C,322A 353A ,,R,D,DO,F ,X,T,R,50,0,0,0,,,1748982,5428438,-41.28175908,174.7790141
Wellington City,WEBB ST,, ,I,CUBA ST,201352234,12/06/13,Wed,1843,AD,CE1C,150A 386A ,,R,D,TO,F ,T,G,C,50,0,0,0,,,1748463,5426678,-41.29770076,174.7732487
Wellington City,WEBB ST,15,E, ,WILLIS ST,201357245,29/11/13,Fri,2230,FA,CW1C,331A ,,R,W,DO,LS, , ,C,50,0,0,0,,,1748242,5426778,-41.29684104,174.7705859
Wellington City,WEBB ST,, ,I,WILLIS ST,201351891,3/06/13,Mon,1721,GF,4W1B,179B 381B 818 ,,E,D,DO,F ,T,T,C,50,0,0,0,,,1748229,5426784,-41.2967894,174.7704292
Wellington City,WEBB ST,, ,I,WILLIS ST,201352134,26/06/13,Wed,1320,GF,CW1T,381A 179B 386 ,,S,D,B ,F ,T,T,C,50,0,0,0,,,1748229,5426784,-41.2967894,174.7704292
Wellington City,WELLINGTON ROAD,, ,I,CRAWFORD ROAD,201352951,21/06/13,Fri,651,FB,CE1C,331A ,,M,W,DO,F ,R,G,C,50,0,0,0,,,1749788,5424943,-41.31307675,174.7894943
Wellington City,WELLINGTON ROAD,, ,I,CRAWFORD ROAD,201350868,20/03/13,Wed,1525,BB,CE1C,124A 423A ,,E,D,B ,F ,R,G,C,50,0,0,0,,,1749784,5424941,-41.3130955,174.7894471
Wellington City,WESTCHESTER DRIVE,, ,I,AMESBURY DRIVE,201311998,22/04/13,Mon,1700,LB,ME1C,303B 375B ,,R,D,O ,F ,T,G,C,50,0,1,0,,,1751379,5437150,-41.2028759,174.8054627
Wellington City,WESTCHESTER DRIVE EAST,100,N, ,CHURTON PARK OFF NBD,201312114,23/06/13,Sun,2235,DA,VE1,103A 111A ,,M,W,DO,F , ,N,L,50,0,0,2,,,1752526,5436983,-41.20416422,174.8191778
Wellington City,WESTCHESTER DRIVE EAST,, ,I,CHURTON PARK OFF NBD,201352487,13/07/13,Sat,1234,DB,CN1,111A 131A ,P,M,W,O ,F ,X,G,C,50,0,0,0,,,1752620,5436975,-41.20421853,174.8203004
Wellington City,WEXFORD ROAD,20,E, ,CALABAR ROAD,201350455,8/02/13,Fri,1310,BC,CE1V,123A 358A 818 ,,S,D,B ,F ,T,N,N,50,0,0,0,,,1751459,5424246,-41.31903998,174.8096216
Wellington City,WHITMORE ST,20,S, ,BOWEN ST,201352245,4/07/13,Thu,1430,AC,CN1P,372A ,,R,D,O ,F ,X,T,C,30,0,0,0,,,1748830,5428670,-41.2796983,174.7771432
Wellington City,WHITMORE ST,25,N, ,CUSTOMHOUSE QUAY,201354171,25/09/13,Wed,847,MA,CS1C,373B 386B ,,R,W,O ,F ,X,T,P,50,0,0,0,,,1748968,5428458,-41.28158159,174.7788422
Wellington City,WHITMORE ST,, ,I,FEATHERSTON ST,201312438,19/08/13,Mon,1720,LB,SN1C,303B 375B ,,R,D,TO,F ,X,T,R,50,0,0,1,,32,1748924,5428522,-41.28101349,174.7783013
Wellington City,WHITMORE ST,, ,I,FEATHERSTON ST,201326299,15/11/13,Fri,1705,LB,PN1C,303B 375B ,,R,D,OF,F ,X,T,P,50,0,0,1,,,1748924,5428522,-41.28101349,174.7783013
Wellington City,WHITMORE ST,, ,I,FEATHERSTON ST,201352231,12/06/13,Wed,1540,FE,CS14,181A ,,M,D,O ,F ,X,T,C,50,0,0,0,,,1748924,5428522,-41.28101349,174.7783013
Wellington City,WHITMORE ST,, ,I,FEATHERSTON ST,201324007,9/08/13,Fri,1800,LB,MN1C,303B 375B ,,R,D,DO,F ,X,T,R,50,0,1,0,,,1748924,5428522,-41.28101349,174.7783013
Wellington City,WHITMORE ST,40,S, ,LAMBTON QUAY,201351061,15/04/13,Mon,935,EE,CN1X,374B ,Q,R,D,B ,F , ,N,C,50,0,0,0,,,1748840,5428653,-41.27984952,174.7772667
Wellington City,WHITMORE ST,, ,I,STOUT ST,201312695,17/10/13,Thu,1254,LB,PS14,303B 375B ,,R,D,B ,F ,X,T,R,50,0,0,1,,,1748881,5428585,-41.2804542,174.7777727
Wellington City,WILBERFORCE ST,10,N, ,MADISON PLACE,201325927,1/11/13,Fri,1529,NB,CS1E,712B 713B ,,R,D,OF,F ,T,N,C,50,0,0,1,13,,1752505,5423824,-41.32264219,174.822219
Wellington City,WILLESTON ST,, ,I,LAMBTON QUAY,201354065,1/11/13,Fri,1310,FE,CW1C,181A 331A ,,R,D,B ,F ,X,T,C,50,0,0,0,,,1748740,5427923,-41.28644047,174.7762515
Wellington City,WILLESTON ST,15,E, ,VICTORIA ST,201353206,15/08/13,Thu,1600,EE,VW1V,374B 525B ,Q,R,D,O ,F , ,N,C,50,0,0,0,,,1748822,5427884,-41.28677649,174.7772398
Wellington City,WILLIS ST,, ,I,ABEL SMITH ST,201358973,20/12/13,Fri,1830,AC,4N1C,124A ,,M,D,TO,F ,X,T,C,50,0,0,0,,,1748300,5426947,-41.2953088,174.7712372
Wellington City,WILLIS ST,50,S, ,BOULCOTT ST,201354035,18/10/13,Fri,1520,EA,TN1CC,129A 386A 818 ,M,R,D,B ,F , ,N,C,50,0,0,0,,,1748583,5427578,-41.28957557,174.7744616
Wellington City,WILLIS ST,, ,I,BOULCOTT ST,201312053,28/06/13,Fri,1630,NA,4N1E,713B 718B ,,R,W,O ,L ,X,T,L,30,0,0,1,17,,1748603,5427623,-41.28916673,174.7746894
Wellington City,WILLIS ST,, ,I,BOULCOTT ST,201355817,5/11/13,Tue,1115,FO,CN1T,330A 371A ,,R,D,B ,F ,X,T,C,50,0,0,0,,,1748603,5427623,-41.28916673,174.7746894
Wellington City,WILLIS ST,50,N, ,CHEWS LANE,201353461,16/09/13,Mon,1715,MA,BN1C,373B 386B ,Q,R,D,O ,F , ,N,C,50,0,0,0,,,1748713,5427863,-41.28698565,174.7759439
Wellington City,WILLIS ST,40,N, ,DIXON ST,201311914,13/06/13,Thu,1914,PO,KN1C,705A 719A ,,R,D,DO,F , ,N,C,50,0,1,0,,,1748536,5427475,-41.29051158,174.7739257
Wellington City,WILLIS ST,5,S, ,DIXON ST,201357108,9/12/13,Mon,2116,FD,CN14,181A 504A ,,R,D,DO,F ,T,T,C,50,0,0,0,,,1748518,5427434,-41.29088403,174.7737209
Wellington City,WILLIS ST,10,S, ,DIXON ST,201311309,3/02/13,Sun,1605,EE,CS1C,129A 374B ,Q,R,D,B ,F ,X,T,C,50,0,0,1,,,1748516,5427429,-41.29092941,174.7736982
Wellington City,WILLIS ST,50,N, ,GHUZNEE ST,201350068,4/01/13,Fri,826,QD,VS1,611A ,H,R,D,O ,F , ,N,C,50,0,0,0,,,1748466,5427317,-41.291947,174.7731286
Wellington City,WILLIS ST,50,S, ,GHUZNEE ST,201352304,5/07/13,Fri,924,EA,TN1C,386A ,M,R,D,B ,F , ,N,C,50,0,0,0,,,1748425,5427226,-41.29277385,174.7726614
Wellington City,WILLIS ST,, ,I,GHUZNEE ST,201354199,8/10/13,Tue,1100,FE,CN14,181A ,,R,D,O ,M ,X,T,C,50,0,0,0,,,1748446,5427272,-41.29235583,174.7729009
Wellington City,WILLIS ST,20,S, ,MANNERS ST,201350632,17/02/13,Sun,1701,FD,CN1CC,181A 402A ,,R,D,B ,F , ,N,C,30,0,0,0,,,1748595,5427605,-41.28933027,174.7745983
Wellington City,WILLIS ST,, ,I,PALMER ST,201353056,12/08/13,Mon,854,AC,4N1C,372A 181B ,,R,W,O ,L ,T,N,C,50,0,0,0,,,1748277,5426898,-41.29575419,174.7709745
Wellington City,WILLIS ST,, ,I,PALMER ST,201351141,11/04/13,Thu,945,GA,CN1V,181A ,,R,D,O ,F ,T,N,C,50,0,0,0,,,1748277,5426898,-41.29575419,174.7709745
Wellington City,WILLIS ST,20,S, ,VIVIAN ST,201351274,17/02/13,Sun,1000,EA,CN1C,129A ,M,R,D,O ,F , ,N,N,50,0,0,0,,,1748363,5427088,-41.29402773,174.7719549
Wellington City,WILLIS ST,, ,I,WEBB ST,201350870,28/03/13,Thu,1927,KB,CN1X,322A 334A ,,R,D,DO,F ,T,T,C,50,0,0,0,,,1748229,5426784,-41.2967894,174.7704292
Wellington City,WILLIS ST,10,S, ,WILLESTON ST,201326005,25/09/13,Wed,1450,NA,BS1E,713B ,,R,W,OF,H ,X,T,C,30,0,1,0,18,,1748736,5427914,-41.28652224,174.7762059
Wellington City,WILTON ROAD,50,N, ,ALBEMARLE ROAD,201355812,19/11/13,Tue,635,FC,CN1C,181A 331A ,,R,D,TF,F , ,N,C,50,0,0,0,,,1747088,5429164,-41.27556971,174.7562326
Wellington City,WILTON ROAD,170,S, ,CHURCHILL DRIVE,201352514,16/07/13,Tue,1020,EA,CN1,129A 363A 378A 801 811 ,M,E,W,B ,F , ,N,C,50,0,0,0,,,1747483,5429987,-41.26808776,174.7607476
Wellington City,YULE ST,, ,I,COUTTS ST,201353550,11/09/13,Wed,849,HA,CS1C,110A 302A 375A ,,R,W,O ,L ,X,G,C,50,0,0,0,,,1750565,5424069,-41.32080097,174.7989891
Wellington City,Z CPK C/DOWN MOOREFIELD R,90,S, ,BRODERICK ROAD,201351490,7/04/13,Sun,1530,MO,VN1C,386A ,,M,W,O ,L , ,N,N,50,0,0,0,,,1751109,5434708,-41.22491272,174.8028478