TLA NAME,CRASH ROAD,CRASH DIST,CRASH DIRN,INTSN,SIDE ROAD,CRASH ID,CRASH DATE,CRASH DOW,CRASH TIME,MVMT,VEHICLES,CAUSES,OBJECTS STRUCK,ROAD CURVE,ROAD WET,LIGHT,WTHRa,JUNC TYPE,TRAF CTRL,ROAD MARK,SPD LIM,CRASH FATAL CNT,CRASH SEV CNT,CRASH MIN CNT,PERS AGE1,PERS AGE2,EASTING,NORTHING,latitude,longitude
Wellington City,Z CPK KFC KILBIRNIE,20,W, ,EVANS BAY PARADE,201351352,27/04/13,Sat,1655,MO,4S1C,423A 500A 924 ,P,R,D,B ,F ,D,N,N,50,0,0,0,,,1750236,5424606,-41.31602755,174.7949273
Wellington City,Z CPK NEW WORLD,20,N, ,MIRAMAR AVENUE,201326297,20/10/13,Sun,1445,MO,CW1,407A 423A ,C,R,D,BF,F , ,N,N,10,0,0,1,,,1751908,5424660,-41.3152282,174.8148802
Wellington City,Z CPK NGAIO TOWN HALL,100,S, ,CROFTON ROAD,201311651,23/03/13,Sat,1521,MO,CN1,108A 410A 506A ,,R,D,B ,F , ,N,N,50,0,0,1,,,1748547,5431836,-41.25124533,174.7729941
Wellington City,Z DWAY 39 ONSLOW ROAD,400,S, ,LOHIA ST,201311086,13/01/13,Sun,1117,MO,VW1E,611A 730B ,CKT,R,D,B ,F , ,N,N,50,0,0,1,21,,1751123,5431899,-41.25020064,174.8037101
Wellington City,Z DWY WAREHOUSE FELTEX ST,30,S, ,VICTORIA ST,201312417,16/06/13,Sun,1221,MO,CN1,423A 427A 930 ,P,E,W,O ,F ,D,N,N,50,0,0,1,,,1748571,5427357,-41.29156754,174.7743723
Wellington City,Z ONSLOW COLLEGE CPK,340,S, ,HAUMIA ST,201350866,18/03/13,Mon,1500,MO,CS1,130A 427A 930 ,P,E,W,O ,F ,D,N,N,50,0,0,0,,,1750702,5434170,-41.22983248,174.798127
Wellington City,1N/1050/7.631,2000,N, ,TAWA OFF SBD,201354233,8/10/13,Tue,1800,AA,CS1CC,372A 191B 181C ,G,E,W,O ,LS, ,N,C,100,0,0,0,,,1753818,5441209,-41.16587176,174.833518
Wellington City,1N/1050/8.114,1500,N, ,TAWA ON NBD,201325743,16/12/13,Mon,1640,DA,CN1,410A ,C,E,D,O ,F , , ,R,100,0,0,1,,,1753644,5440759,-41.16995627,174.8315578
Wellington City,1N/1050/8.131,1500,N, ,TAWA OFF SBD,201353430,19/04/13,Fri,1845,EA,CS1C,129A ,M,R,D,DO,F , ,N,C,100,0,0,0,,,1753654,5440738,-41.17014344,174.8316822
Wellington City,1N/1050/9.514,100,N, ,TAWA ON NBD,201350103,24/01/13,Thu,1426,AA,CN1V,372A 381A 137B 197B ,,R,D,O ,F , ,N,R,100,0,0,0,,,1753440,5439406,-41.18217645,174.8294661
Wellington City,1N/1050/9.614,, ,I,TAWA ON NBD,201312528,17/09/13,Tue,1830,FB,CN1M,181A 335A ,,E,D,TO,F ,T,G,C,50,0,0,1,,,1753501,5439327,-41.18287616,174.8302129
Wellington City,1N/1050/9.661,30,S, ,TAWA OFF SBD,201351943,14/05/13,Tue,728,AA,CS1M,143A 372A ,,R,D,B ,F , ,N,C,100,0,0,0,,,1753549,5439290,-41.18320019,174.8307942
Wellington City,1N/1050/9.831,200,S, ,TAWA OFF SBD,201355555,10/11/13,Sun,805,CB,CN1,103A 112A ,C,R,D,O ,F , ,N,R,100,0,0,0,,,1753647,5439152,-41.18442408,174.8319968
Wellington City,1N/1060/0.013,, ,A,TAKAPU RD UPASS NBD,201352177,23/06/13,Sun,1856,AC,CN1C,372A 386A ,,R,D,DN,F , , ,C,100,0,0,0,,,1753666,5439031,-41.18550988,174.8322536
Wellington City,1N/1060/0.014,, ,A,TAKAPU RD UPASS SBD,201350142,4/02/13,Mon,2010,DA,CS1C,135A 377A 137B 197B 801 ,,M,W,DO,L , ,N,C,100,0,0,0,,,1753678,5439030,-41.18551661,174.8323968
Wellington City,1N/1060/0.093,80,S, ,TAKAPU RD UPASS NBD,201312644,9/10/13,Wed,1628,DB,CN1,129A ,G,E,W,O ,LS, ,N,R,100,0,0,1,,,1753660,5438952,-41.18622228,174.8322019
Wellington City,1N/1060/0.137,450,S, ,TAWA OFF SBD,201351058,31/03/13,Sun,731,DB,CN1CC,102A 136A 532A 631A 191B 196B 378C +,C,E,D,O ,F , ,N,N,100,0,0,0,,,1753665,5438908,-41.18661748,174.8322725
Wellington City,1N/1060/0.215,50,N, ,TAWA ON SBD,201350385,4/02/13,Mon,2008,AO,CS14,110A 130A 901 ,G,M,W,TO,H , ,N,N,100,0,0,0,,,1753647,5438832,-41.18730514,174.8320771
Wellington City,1N/1060/0.265,, ,I,TAWA ON SBD,201351003,17/04/13,Wed,910,DB,4S1,110A 131A ,G,M,W,O ,L ,M,N,C,100,0,0,0,,,1753635,5438783,-41.18774858,174.8319464
Wellington City,1N/1060/0.319,, ,I,TAWA OFF NBD,201312609,3/08/13,Sat,112,DB,CN1,103A 110A ,V,E,D,DO,F ,T,N,N,100,0,0,1,,,1753602,5438733,-41.18820501,174.8315656
Wellington City,1N/1060/0.419,100,S, ,TAWA OFF NBD,201351906,18/05/13,Sat,125,DB,CN1,111A 135A 801 ,G,E,W,DO,F , ,N,C,100,0,0,0,,,1753574,5438637,-41.18907464,174.831256
Wellington City,1N/1060/0.565,300,S, ,TAWA ON SBD,201350659,4/02/13,Mon,1920,CA,CS1C,135A 801 901 ,,R,W,O ,H , ,N,C,100,0,0,0,,,1753551,5438496,-41.19034846,174.8310172
Wellington City,1N/1060/1.605,430,N, ,CHURTON PARK OFF SBD,201324332,29/11/13,Fri,1752,DB,CS1,134A 359A ,,E,D,B ,F , ,N,C,100,0,0,1,,,1753004,5437669,-41.19789774,174.8247045
Wellington City,1N/1060/1.849,1000,N, ,CHURTON PARK ON SBD,201351222,4/02/13,Mon,800,EC,CS1,135A 801 823 901 ,IL,E,W,DN,H , ,N,R,100,0,0,0,,,1752945,5437432,-41.20004268,174.8240605
Wellington City,1N/1060/2.155,120,S, ,CHURTON PARK OFF SBD,201354189,14/10/13,Mon,1711,FA,CS1C,402A 110B 341B 402B ,D,E,W,O ,HS, ,N,C,100,0,0,0,,,1752823,5437153,-41.20257765,174.8226759
Wellington City,1N/1060/2.2,200,N, ,WESTCHESTER DRIVE OBR SBD,201356707,18/11/13,Mon,1319,CB,CS1,631A ,C,R,D,O ,F , ,N,C,100,0,0,0,,,1752803,5437112,-41.20295056,174.8224478
Wellington City,1N/1060/2.39,10,N, ,WESTCHESTER DRIVE OBR SBD,201354225,26/10/13,Sat,1324,EC,CS1C,181A 191B ,D,E,D,O ,F ,X,G,C,100,0,0,0,,,1752695,5436958,-41.20435745,174.8211987
Wellington City,1N/1060/2.819,30,N, ,CHURTON PARK ON SBD,201352489,11/07/13,Thu,658,FD,VS144V,112A 330A ,,R,W,TO,L , ,N,C,100,0,0,0,,,1752393,5436662,-41.20707934,174.8176723
Wellington City,1N/1060/2.869,, ,I,CHURTON PARK OFF NBD,201353482,29/08/13,Thu,932,DA,CN1,110A 150A 402A ,T,E,W,O ,F ,T,N,R,100,0,0,0,,,1752353,5436619,-41.20747402,174.8172061
Wellington City,1N/1060/2.869,, ,I,CHURTON PARK OFF NBD,201312596,21/08/13,Wed,1618,AC,VN1C,137B ,C,E,D,O ,F ,T,N,C,100,0,0,1,,,1752353,5436619,-41.20747402,174.8172061
Wellington City,1N/1060/3.049,200,S, ,CHURTON PARK ON SBD,201351442,3/05/13,Fri,1730,FD,CS1CC,112A 181A 352A 112B 181B 352B 191C 801+,,R,W,DO,L , ,N,C,100,0,0,0,,,1752295,5436454,-41.20897049,174.8165558
Wellington City,1N/1060/3.049,200,S, ,CHURTON PARK ON SBD,201351443,3/05/13,Fri,1730,FA,CS1C,112A 181A 352A 801 ,,R,W,DO,L , ,N,C,100,0,0,0,,,1752295,5436454,-41.20897049,174.8165558
Wellington City,1N/1060/3.049,200,S, ,CHURTON PARK ON SBD,201351349,3/05/13,Fri,1730,FA,CS1C,181A 330A ,,R,W,DO,F , ,N,C,100,0,0,0,,,1752295,5436454,-41.20897049,174.8165558
Wellington City,1N/1060/3.119,270,S, ,CHURTON PARK ON SBD,201311790,3/05/13,Fri,1755,FD,CS1CC,181A 330A ,,E,W,DN,L , ,N,N,100,0,0,3,,,1752265,5436391,-41.20954334,174.8162138
Wellington City,1N/1060/3.23,1000,N, ,JOHNSONVILLE ON NBD,201350158,15/01/13,Tue,1445,FD,VN1CC,181A 331A 801 817 ,,R,W,O ,L , ,N,C,100,0,0,0,,,1752207,5436289,-41.2104726,174.8155477
Wellington City,1N/1060/3.349,500,S, ,CHURTON PARK ON SBD,201354015,14/10/13,Mon,1300,CC,VS1,135A 903 ,,R,W,O ,FS, ,N,C,100,0,0,0,,,1752174,5436180,-41.21146017,174.8151814
Wellington City,1N/1060/3.646,910,N, ,HELSTON OBR,201353690,13/08/13,Tue,1405,CC,CS1,402A 410A ,G,R,D,B ,F , ,N,C,100,0,0,0,,,1752047,5435911,-41.21390594,174.8137341
Wellington City,1N/1060/3.73,500,N, ,JOHNSONVILLE OFF SBD,201312271,29/07/13,Mon,1545,MO,MN1T,371B ,Q,R,D,B ,F , ,N,N,80,0,1,0,,,1752011,5435836,-41.21458796,174.8133236
Wellington City,1N/1060/4.13,100,N, ,JOHNSONVILLE ON NBD,201353371,26/07/13,Fri,1057,FD,4N14,181A 363A 902 ,,R,D,B ,F , ,N,R,100,0,0,0,,,1751820,5435476,-41.21786503,174.8111357
Wellington City,1N/1060/4.13,100,N, ,JOHNSONVILLE ON NBD,201353579,1/10/13,Tue,1714,FD,CN1C,110A 181A ,,R,D,B ,F , ,N,C,100,0,0,0,,,1751820,5435476,-41.21786503,174.8111357
Wellington City,1N/1060/4.13,100,N, ,JOHNSONVILLE ON NBD,201351343,3/05/13,Fri,1657,CA,4N1,351A 402A ,G,R,W,O ,L , ,N,C,100,0,0,0,,,1751820,5435476,-41.21786503,174.8111357
Wellington City,1N/1060/4.23,, ,I,JOHNSONVILLE OFF SBD,201354176,14/09/13,Sat,235,DB,CS1,103A ,G,E,D,DO,F ,T,N,C,100,0,0,0,,,1751794,5435385,-41.21868921,174.8108482
Wellington City,1N/1060/4.33,100,S, ,JOHNSONVILLE ON NBD,201359309,26/11/13,Tue,1709,CB,VN1,137A 197A ,G,R,D,O ,F , ,N,C,100,0,0,0,,,1751735,5435295,-41.21951058,174.8101671
Wellington City,1N/1060/4.399,150,N, ,HELSTON OBR,201353225,21/08/13,Wed,1311,AA,CN1C,372A 671A ,,R,D,B ,F , ,N,C,100,0,0,0,,,1751705,5435232,-41.22008342,174.809825
Wellington City,1N/1060/4.73,500,S, ,JOHNSONVILLE ON NBD,201351701,23/05/13,Thu,1309,CB,TN1V,132A 181A ,C,R,W,B ,F , ,N,C,100,0,0,0,,,1751624,5434917,-41.22293467,174.8089373
Wellington City,1N/1060/5.099,550,S, ,HELSTON OBR,201350938,14/03/13,Thu,1341,AC,TN1C,372A 671A ,G,R,D,B ,F , ,N,R,80,0,0,0,,,1751556,5434557,-41.22618863,174.8082157
Wellington City,1N/1060/5.204,50,N, ,JVILLE OBR,201351263,1/03/13,Fri,745,FA,CS1T,181A 191B 357B ,,R,D,O ,F , ,N,C,100,0,0,0,,,1751545,5434457,-41.22709103,174.8081094
Wellington City,1N/1060/5.342,50,N, ,JOHNSONVILLE OFF NBD,201355584,4/10/13,Fri,1710,FD,CN1C,181A 350A ,,R,D,B ,F , ,N,N,50,0,0,0,,,1751571,5434323,-41.22829261,174.8084527
Wellington City,1N/1060/5.392,, ,I,JOHNSONVILLE OFF NBD,201352987,5/08/13,Mon,2000,AD,CN1X,130A 159A ,,E,W,DO,L ,T,N,R,100,0,0,0,,,1751594,5434278,-41.22869345,174.8087381
Wellington City,1N/1060/5.395,, ,I,NEWLANDS OFF SBD,201351539,14/04/13,Sun,1355,AC,CS1T,372A ,,E,D,O ,F ,T,N,C,80,0,0,0,,,1751604,5434279,-41.22868258,174.8088572
Wellington City,1N/1060/5.442,50,S, ,JOHNSONVILLE OFF NBD,201352988,13/08/13,Tue,1750,FD,CN1V,331A 614A ,,R,W,TF,L , ,N,N,80,0,0,0,,,1751618,5434235,-41.2290761,174.809035
Wellington City,1N/1060/5.445,50,S, ,NEWLANDS OFF SBD,201353207,22/08/13,Thu,815,FD,CS1CCC,181A 191B ,,R,W,O ,F , ,N,C,80,0,0,0,,,1751630,5434236,-41.22906485,174.8091779
Wellington City,1N/1060/5.539,300,S, ,JVILLE OBR,201353781,3/09/13,Tue,320,DB,CN1,410A ,G,M,D,DO,F , ,N,N,80,0,0,0,,,1751666,5434151,-41.22982339,174.8096283
Wellington City,1N/1060/5.661,1700,N, ,GLOVER ST,201351724,23/05/13,Thu,717,FD,CS1C,181A 331A 191B 801 ,,M,W,O ,L , ,N,C,80,0,0,0,,,1751691,5434033,-41.2308811,174.8099558
Wellington City,1N/1060/5.887,, ,I,NEWLANDS ON NBD,201353763,17/08/13,Sat,840,DB,CS2,101A 110A 517A ,G,E,W,O ,L ,T,N,C,80,0,0,0,,,1751578,5433843,-41.23261292,174.8086553
Wellington City,1N/1060/5.92,80,N, ,NEWLANDS ON SBD,201352488,12/07/13,Fri,1423,FA,4S1C,181A ,,R,W,O ,L , ,N,C,80,0,0,0,,,1751578,5433818,-41.23283801,174.8086615
Wellington City,1N/1060/5.97,30,N, ,NEWLANDS ON SBD,201350629,25/02/13,Mon,1752,FD,CN1CC,181A 330A ,,R,D,B ,F , ,N,C,80,0,0,0,,,1751546,5433780,-41.23318613,174.8082893
Wellington City,1N/1060/5.987,100,S, ,NEWLANDS ON NBD,201353806,20/07/13,Sat,1220,AO,CN1C,150A 372A 512A ,,E,D,B ,F , ,N,C,100,0,0,0,,,1751514,5433766,-41.23331817,174.8079111
Wellington City,1N/1060/6,, ,I,NEWLANDS ON SBD,201353050,24/07/13,Wed,715,FD,VS1CC,181A 352A 181B 352B ,,R,W,TO,F ,T,N,C,80,0,0,0,,,1751527,5433757,-41.23339677,174.8080684
Wellington City,1N/1060/6,, ,I,NEWLANDS ON SBD,201353716,25/09/13,Wed,849,AA,CS1CC,159A 372A 132B ,,R,W,O ,F ,T,N,R,60,0,0,0,,,1751527,5433757,-41.23339677,174.8080684
Wellington City,1N/1060/6.08,80,S, ,NEWLANDS ON SBD,201311430,1/03/13,Fri,1257,AA,MS1C,353A 372A 151B ,,R,D,B ,F , ,N,R,80,0,0,1,,,1751474,5433697,-41.2339469,174.8074512
Wellington City,1N/1060/6.192,50,N, ,NEWLANDS OFF NBD,201353693,1/10/13,Tue,1710,FD,CN1V,181A 402A ,,R,D,B ,F , ,N,C,80,0,0,0,,,1751382,5433609,-41.23475642,174.8063757
Wellington City,1N/1060/6.23,230,S, ,NEWLANDS ON SBD,201311541,14/03/13,Thu,658,FD,CS1C,110A 181A ,,R,D,O ,F , ,N,C,80,0,0,2,,,1751377,5433582,-41.23500045,174.8063228
Wellington City,1N/1060/6.232,10,N, ,NEWLANDS OFF NBD,201326176,1/11/13,Fri,1813,FD,VN1CC,181A ,,R,W,TO,H ,Y,N,C,80,0,0,3,,,1751357,5433578,-41.2350402,174.8060852
Wellington City,1N/1060/6.342,100,S, ,NEWLANDS OFF NBD,201351239,10/02/13,Sun,1515,AC,CN1C,372A ,,R,D,B ,F , ,N,C,80,0,0,0,,,1751304,5433482,-41.23591444,174.8054769
Wellington City,1N/1060/6.395,1000,S, ,NEWLANDS OFF SBD,201325741,14/10/13,Mon,1440,DA,VS1T,131A ,G,E,W,O ,LS, , ,L,80,0,1,0,,,1751304,5433436,-41.2363286,174.8054883
Wellington City,1N/1060/6.442,200,S, ,NEWLANDS OFF NBD,201351958,24/05/13,Fri,1245,FA,TN1C,181A 331A 136B 651B ,,E,D,B ,F , ,N,C,80,0,0,0,,,1751283,5433385,-41.2367917,174.8052505
Wellington City,1N/1060/6.466,150,N, ,STOCK ROUTE,201353080,29/07/13,Mon,1355,AC,CN1T,372A ,,E,D,B ,F , ,N,R,80,0,0,0,,,1751280,5433361,-41.23700834,174.8052206
Wellington City,1N/1060/6.474,800,N, ,CENTENNIAL SBD,201351534,19/04/13,Fri,945,AA,CS1C,191A 357A 331B ,,M,D,B ,F , ,N,C,80,0,0,0,,,1751293,5433358,-41.23703292,174.8053764
Wellington City,1N/1060/6.5,500,S, ,NEWLANDS ON SBD,201359306,3/12/13,Tue,640,FD,CS14,181A 330A ,,R,D,O ,F , ,N,R,80,0,0,0,,,1751296,5433332,-41.23726645,174.8054187
Wellington City,1N/1060/6.6,600,S, ,NEWLANDS ON SBD,201353073,27/07/13,Sat,1229,DB,VS1,130A 631A ,,E,D,B ,F , ,N,C,80,0,0,0,,,1751321,5433236,-41.2381261,174.8057406
Wellington City,1N/1060/6.7,700,S, ,NEWLANDS ON SBD,201353324,15/07/13,Mon,45,CB,CS1,110A 130A ,PS,R,I,DO,HS, ,N,C,80,0,0,0,,,1751378,5433155,-41.2388447,174.8064406
Wellington City,1N/1060/6.774,500,N, ,CENTENNIAL SBD,201312441,24/08/13,Sat,2350,CB,CS1,351A 402A ,CG,R,D,DO,F , ,N,C,80,0,0,1,,,1751434,5433106,-41.23927538,174.8071207
Wellington City,1N/1060/7.004,270,N, ,CENTENNIAL SBD,201352250,17/06/13,Mon,815,FD,CS1C,181A 331A 191B ,,E,W,O ,L , ,N,C,60,0,0,0,,,1751599,5432947,-41.24067601,174.8091282
Wellington City,1N/1060/7.016,200,N, ,TYERS ROAD,201311278,29/01/13,Tue,527,CA,CN1,112A 132A 407A ,M,R,D,DO,F , ,N,C,80,0,1,1,,,1751590,5432934,-41.24079474,174.8090241
Wellington City,1N/1060/7.066,150,N, ,TYERS ROAD,201352605,25/07/13,Thu,1650,FD,CN1C,110A 181A ,,E,D,B ,F , ,N,C,80,0,0,0,,,1751620,5432894,-41.24114925,174.8093919
Wellington City,1N/1060/7.074,200,N, ,CENTENNIAL SBD,201359002,11/12/13,Wed,1512,DB,VS1,132A 181A ,K,E,D,BF,F , ,N,C,100,0,0,0,,,1751642,5432892,-41.24116313,174.8096548
Wellington City,1N/1060/7.074,200,N, ,CENTENNIAL SBD,201311643,16/04/13,Tue,1142,FD,CS1C,181A 350A ,,E,W,O ,F , ,N,C,100,0,0,1,,,1751642,5432892,-41.24116313,174.8096548
Wellington City,1N/1060/7.094,180,N, ,CENTENNIAL SBD,201350247,29/01/13,Tue,901,FA,MS1C,181A 191B ,,E,D,B ,F , ,N,R,80,0,0,0,,,1751654,5432877,-41.24129593,174.8098017
Wellington City,1N/1060/7.124,150,N, ,CENTENNIAL SBD,201352282,27/06/13,Thu,1700,CC,VS1,668A ,,R,W,O ,L , ,N,C,100,0,0,0,,,1751675,5432855,-41.24149006,174.8100576
Wellington City,1N/1060/7.144,130,N, ,CENTENNIAL SBD,201353759,26/08/13,Mon,18,DB,CS1,131A 357A ,G,E,D,DO,F , ,N,C,80,0,0,0,,,1751689,5432841,-41.24161348,174.8102281
Wellington City,1N/1060/7.174,100,N, ,CENTENNIAL SBD,201357192,29/11/13,Fri,810,FD,4S14,331A 358 ,,E,D,O ,F , ,N,C,60,0,0,0,,,1751714,5432824,-41.24176185,174.8105305
Wellington City,1N/1060/7.216,, ,I,TYERS ROAD,201311978,27/06/13,Thu,1715,FD,4N1CC,110A 132A ,,E,W,DO,L ,T,N,C,80,0,0,1,,,1751729,5432793,-41.24203814,174.8107172
Wellington City,1N/1060/7.221,5,S, ,TYERS ROAD,201311630,6/04/13,Sat,638,CB,CN1,103A 410A ,,R,D,DO,F ,T,G,R,80,0,0,1,,,1751734,5432791,-41.24205521,174.8107773
Wellington City,1N/1060/7.274,, ,I,CENTENNIAL SBD,201355581,25/10/13,Fri,215,AC,4S1C,372A ,,M,W,DO,LS,T,N,C,100,0,0,0,,,1751801,5432776,-41.24217768,174.8115802
Wellington City,1N/1060/7.311,50,N, ,CENTENNIAL NBD,201355590,19/11/13,Tue,1226,AC,CN1C4,150A 372A ,,R,D,B ,F , ,N,R,100,0,0,0,,,1751815,5432754,-41.24237313,174.8117527
Wellington City,1N/1060/7.341,20,N, ,CENTENNIAL NBD,201351713,17/05/13,Fri,745,AA,CN1C,143A 197A ,,E,D,O ,F , ,N,N,80,0,0,0,,,1751842,5432741,-41.2424851,174.812078
Wellington City,1N/1060/7.361,, ,I,CENTENNIAL NBD,201353007,1/07/13,Mon,1809,DB,TN1C,197A ,G,E,D,DO,L ,T,N,C,60,0,0,0,,,1751860,5432733,-41.24255375,174.8122947
Wellington City,1N/1060/7.391,30,S, ,CENTENNIAL NBD,201353764,18/08/13,Sun,120,FA,CN1C,132A 181A 191B 351B ,,R,W,DO,F ,T,N,C,100,0,0,0,,,1751886,5432718,-41.24268392,174.8126085
Wellington City,1N/1060/7.624,350,S, ,CENTENNIAL SBD,201350150,27/01/13,Sun,1830,AC,4S1C,372A 381A ,,E,D,B ,F , ,N,C,100,0,0,0,,,1752035,5432534,-41.24431253,174.8144317
Wellington City,1N/1060/7.766,250,N, ,NGAURANGA ON NBD OBR,201353385,29/07/13,Mon,1453,BA,TN1C,137A 137B ,G,R,D,B ,F , ,N,R,80,0,0,0,,,1752050,5432395,-41.24556117,174.8146453
Wellington City,1N/1060/8.166,90,N, ,SH 2,201311951,21/05/13,Tue,1744,AC,VN1M,353A 372A 381A 132B 197B ,,R,W,DO,F , ,N,C,100,0,0,1,,,1751843,5432073,-41.24849915,174.8122561
Wellington City,1N/1060/8.256,, ,I,SH 2,201352272,21/06/13,Fri,1846,FD,CN1CC,110A 386A ,,R,W,DO,LS,T,N,C,50,0,0,0,,,1751775,5432014,-41.24904311,174.8114596
Wellington City,1N/1060/8.297,, ,I,SH 2,201350318,17/02/13,Sun,1139,EC,CS1V,341A 682B ,X,R,D,B ,F ,T,N,N,100,0,0,0,,,1751791,5431996,-41.24920217,174.811655
Wellington City,1N/1068/0.02,20,S, ,SH 2,201352032,31/05/13,Fri,1744,FA,CN1C,181A 331A ,,R,D,O ,F , ,N,N,80,0,0,0,,,1751759,5432002,-41.24915416,174.8112717
Wellington City,1N/1068/0.1,100,S, ,SH 2,201350331,12/02/13,Tue,1630,FA,CN1C,112A 331A 353A 801 ,,R,W,O ,F , ,N,C,100,0,0,0,,,1751695,5431955,-41.24958932,174.8105199
Wellington City,1N/1068/0.6,600,S, ,SH 2,201352227,27/05/13,Mon,1213,AC,TS1C,372A ,,R,D,B ,F , ,N,C,100,0,0,0,,,1751322,5431626,-41.25262134,174.8061518
Wellington City,1N/1068/0.754,1000,S, ,NGAURANGA ON NBD OBR,201358675,12/12/13,Thu,1607,AF,CS1,129A 407A ,G,E,D,B ,F , , ,C,100,0,0,0,,,1751213,5431517,-41.2536231,174.8048784
Wellington City,1N/1068/0.834,2000,N, ,AOTEA OFF SBD,201350325,18/02/13,Mon,1424,AC,TS1C,372A 158B 402B ,G,E,D,B ,F , ,N,C,100,0,0,0,,,1751148,5431470,-41.25405842,174.8041146
Wellington City,1N/1068/1.509,1000,N, ,AOTEA ON NBD,201359319,7/12/13,Sat,430,CB,CS1,137A 410A ,G,R,D,DO,F , ,N,C,100,0,0,0,,,1750529,5431196,-41.25664086,174.7967973
Wellington City,1N/1068/1.509,1000,N, ,AOTEA ON NBD,201352211,16/06/13,Sun,217,CA,CN1,130A 650A ,G,R,D,DO,F , ,N,C,100,0,0,0,,,1750529,5431196,-41.25664086,174.7967973
Wellington City,1N/1068/2,2000,S, ,SH 2,201358520,12/12/13,Thu,1705,CB,CN1V,410A ,,R,D,OF,F , ,N,C,80,0,0,0,,,1750152,5430889,-41.25947504,174.7923749
Wellington City,1N/1068/2.204,630,N, ,AOTEA OFF SBD,201353035,15/07/13,Mon,1500,FD,CS1C,181A ,,R,W,O ,F , ,N,C,100,0,0,0,,,1750040,5430713,-41.26108045,174.7910819
Wellington City,1N/1068/2.209,300,N, ,AOTEA ON NBD,201352950,18/06/13,Tue,2310,DB,CN1,407A ,G,E,W,DO,F , , ,C,100,0,0,0,,,1750027,5430721,-41.26101083,174.7909248
Wellington City,1N/1068/2.234,600,N, ,AOTEA OFF SBD,201352596,18/07/13,Thu,709,FD,CS1C,181A ,,E,D,B ,F , ,N,C,100,0,0,0,,,1750020,5430690,-41.26129124,174.7908489
Wellington City,1N/1068/2.234,600,N, ,AOTEA OFF SBD,201353090,14/07/13,Sun,300,DO,CS1,103A 357A 506A ,G,E,D,DO,F , ,N,N,100,0,0,0,,,1750020,5430690,-41.26129124,174.7908489
Wellington City,1N/1068/2.234,600,N, ,AOTEA OFF SBD,201311088,18/01/13,Fri,444,DB,VS1,111A 135A 801 ,G,E,W,DO,L , ,N,C,100,0,0,1,,,1750020,5430690,-41.26129124,174.7908489
Wellington City,1N/1068/2.309,200,N, ,AOTEA ON NBD,201311710,2/05/13,Thu,1822,FD,CN1CC,181A 353A 191B ,,E,W,DO,L , ,N,N,80,0,0,1,,,1749952,5430655,-41.26161898,174.7900461
Wellington City,1N/1068/2.309,200,N, ,AOTEA ON NBD,201352332,5/07/13,Fri,1826,FD,CS1C,181A 132B 181B ,,R,D,DO,F , ,N,C,100,0,0,0,,,1749952,5430655,-41.26161898,174.7900461
Wellington City,1N/1068/2.334,500,N, ,AOTEA OFF SBD,201312668,11/10/13,Fri,1652,AA,CS14,135A 402A 823 ,GG,R,W,O ,H , ,N,C,100,0,0,1,,,1749940,5430631,-41.26183729,174.7899089
Wellington City,1N/1068/2.434,400,N, ,AOTEA OFF SBD,201311052,1/01/13,Tue,20,DA,CS1,103A 107A 129A ,G,E,D,DO,F , ,N,C,100,0,0,1,,,1749855,5430579,-41.26232123,174.7889074
Wellington City,1N/1068/2.609,100,S, ,AOTEA ON NBD,201358903,27/12/13,Fri,2315,CC,VN1,110A 402A ,G,R,W,DO,L , ,N,N,100,0,0,0,,,1749717,5430474,-41.26329218,174.7872866
Wellington City,1N/1068/2.734,100,N, ,AOTEA QUAY,201359341,12/11/13,Tue,1353,JA,VS1C,112A 308B 926 ,,R,D,O ,F ,D,N,C,20,0,0,0,,,1749651,5430363,-41.26430378,174.7865263
Wellington City,1N/1068/2.914,80,S, ,AOTEA OFF SBD,201351778,18/05/13,Sat,844,AC,CS1C,132A 150A 372A ,,R,W,O ,L , ,N,C,100,0,0,0,,,1749540,5430222,-41.26559382,174.7852364
Wellington City,1N/1068/2.944,110,S, ,AOTEA OFF SBD,201350872,14/04/13,Sun,1236,QG,4N1C,682A ,D,R,D,B ,F , ,N,C,100,0,0,0,,,1749520,5430199,-41.2658046,174.7850034
Wellington City,1N/1068/2.964,, ,A,AOTEA OBR,201353821,28/09/13,Sat,1100,FD,CN1CC,181A ,,R,D,B ,F , ,N,C,100,0,0,0,,,1749499,5430194,-41.2658535,174.784754
Wellington City,1N/1068/2.965,, ,A,AOTEA OBR,201311392,14/03/13,Thu,645,FD,CS1CC,110A 181A ,,R,D,B ,F ,T,N,N,100,0,0,2,,,1749507,5430184,-41.26594206,174.7848519