TLA NAME,CRASH ROAD,CRASH DIST,CRASH DIRN,INTSN,SIDE ROAD,CRASH ID,CRASH DATE,CRASH DOW,CRASH TIME,MVMT,VEHICLES,CAUSES,OBJECTS STRUCK,ROAD CURVE,ROAD WET,LIGHT,WTHRa,JUNC TYPE,TRAF CTRL,ROAD MARK,SPD LIM,CRASH FATAL CNT,CRASH SEV CNT,CRASH MIN CNT,PERS AGE1,PERS AGE2,EASTING,NORTHING,latitude,longitude
Wellington City,1N/1068/2.965,, ,I,AOTEA OBR,201352273,16/06/13,Sun,2256,CC,CS1,110A 632A ,G,R,W,DO,H ,T,N,R,100,0,0,0,,,1749507,5430184,-41.26594206,174.7848519
Wellington City,1N/1068/3.164,200,S, ,AOTEA OBR,201353529,16/08/13,Fri,1830,AC,VN1CCV,132A 372A ,,R,D,DO,F , ,N,C,100,0,0,0,,,1749368,5430043,-41.26723725,174.7832278
Wellington City,1N/1068/3.345,380,S, ,AOTEA OBR,201353804,30/09/13,Mon,300,CB,XS1,110A 135A 901 ,G,R,W,DO,H , ,N,C,100,0,0,0,,,1749272,5429886,-41.26866854,174.7821207
Wellington City,1N/1068/3.364,400,S, ,AOTEA OBR,201353200,15/08/13,Thu,1130,AA,4N1T,372A 386A ,,R,D,B ,F , ,N,C,80,0,0,0,,,1749251,5429881,-41.26871744,174.7818714
Wellington City,1N/1068/3.4,300,N, ,MAY ON NBD,201356780,20/12/13,Fri,910,FA,CN1C,181A ,,R,D,B ,F , ,N,C,80,0,0,0,,,1749230,5429852,-41.26898242,174.7816279
Wellington City,1N/1068/3.623,, ,I,MURPHY OFF SBD,201352067,20/06/13,Thu,809,FD,CS1CC,112A 181A 331A 801 ,,R,W,O ,L ,T,N,C,100,0,0,0,,,1749091,5429676,-41.27059269,174.7800122
Wellington City,1N/1068/3.626,20,N, ,HOBSON ST OBR NBD,201311857,4/05/13,Sat,1413,CB,CN1,129A 354A 402A ,GP,R,D,B ,F , ,N,R,100,0,1,1,,,1749080,5429685,-41.27051369,174.7798787
Wellington City,1N/1068/3.643,20,S, ,MURPHY OFF SBD,201352064,20/06/13,Thu,910,FA,CS1C,112A 331A 352A 801 ,,R,W,O ,L , ,N,C,100,0,0,0,,,1749075,5429664,-41.27070368,174.7798242
Wellington City,1N/1068/3.673,50,S, ,MURPHY OFF SBD,201325747,30/12/13,Mon,1800,FA,BS1M,181A ,,E,W,O ,F , , ,R,100,0,0,1,,,1749051,5429646,-41.27087017,174.7795422
Wellington City,1N/1068/3.723,100,S, ,MURPHY OFF SBD,201311683,10/01/13,Thu,2126,AO,CS1X,101A 112A 150A ,,R,D,DO,FS, ,N,C,100,0,0,1,,,1749012,5429615,-41.27115648,174.7790844
Wellington City,1N/1068/3.792,150,N, ,HAWKESTONE OFF SBD,201350156,1/01/13,Tue,340,DB,CS1,103A 111A 431A ,G,E,D,DO,F , ,N,C,100,0,0,0,,,1748959,5429571,-41.2715624,174.7784626
Wellington City,1N/1068/3.834,1000,S, ,AOTEA OFF SBD,201359311,20/11/13,Wed,1000,FA,4S1X,181A 191B ,,R,D,B ,F , ,N,C,100,0,0,0,,,1748930,5429540,-41.27184686,174.7781241
Wellington City,1N/1068/3.942,, ,I,HAWKESTONE OFF SBD,201353065,2/07/13,Tue,2009,AC,CS1C,132A 372A 112B 150B ,G,R,D,DO,F ,T,N,C,100,0,0,0,,,1748857,5429461,-41.27257159,174.7772722
Wellington City,1N/1068/4.015,160,S, ,MOLESWORTH OBR,201353008,3/07/13,Wed,1755,FD,CN1CC,181A 181C ,,R,D,DO,F , ,N,C,80,0,0,0,,,1748797,5429419,-41.27296079,174.7765665
Wellington City,1N/1068/4.244,40,N, ,HAWKESTONE OBR,201353457,27/07/13,Sat,310,CB,CN1,103A 112A 692A ,IP,R,D,DO,F , ,N,R,100,0,0,0,,,1748641,5429251,-41.2745021,174.7747457
Wellington City,1N/1068/4.343,200,S, ,TINAKORI ON NBD,201350378,23/01/13,Wed,1135,CA,CN1T,129A 351A 402A ,,R,D,B ,F , ,N,R,100,0,0,0,,,1748579,5429175,-41.27519777,174.7740243
Wellington City,1N/1068/4.667,50,N, ,TERRACE OFF SBD,201350487,28/02/13,Thu,2330,CC,CS1,125A 412A ,G,R,D,DO,F , ,N,C,100,0,0,0,,,1748523,5428852,-41.27811619,174.7734347
Wellington City,1N/1068/4.716,1000,N, ,NORTH PORTAL NBD,201311994,23/05/13,Thu,2200,FD,VN1C,181A 191B ,,R,W,DO,L , ,N,N,80,0,0,1,,,1748508,5428817,-41.27843407,174.7732642
Wellington City,1N/1068/4.751,100,N, ,TINAKORI OFF NBD,201358518,12/12/13,Thu,950,DB,CN1,330A 350A ,G,E,D,BF,F , ,N,C,100,0,0,0,,,1748509,5428782,-41.27874901,174.7732847
Wellington City,1N/1068/4.891,40,S, ,TINAKORI OFF NBD,201350726,27/03/13,Wed,2209,AC,CN1T,372A 402A ,C,E,D,DO,F , ,N,C,100,0,0,0,,,1748515,5428642,-41.28000839,174.7733905
Wellington City,1N/1068/5.006,700,N, ,NORTH PORTAL SBD,201356709,30/11/13,Sat,1214,FD,CS1C,181A 330A ,,R,W,O ,F , ,N,C,100,0,0,0,,,1748538,5428514,-41.28115661,174.7736962
Wellington City,1N/1068/5.173,, ,I,CLIFTON ON NBD,201352492,27/06/13,Thu,1742,FA,CN1C,181A 330A ,,R,W,DO,H ,T,N,R,100,0,0,0,,,1748541,5428361,-41.28253359,174.7737693
Wellington City,1N/1068/5.206,500,N, ,NORTH PORTAL SBD,201353074,13/08/13,Tue,805,FD,CS1C,181A 402A ,,R,D,B ,F , ,N,C,80,0,0,0,,,1748547,5428315,-41.28294664,174.7738521
Wellington City,1N/1068/5.306,400,N, ,NORTH PORTAL SBD,201357111,29/11/13,Fri,1726,CB,CS1,137A 191A ,C,R,D,B ,F , ,N,L,80,0,0,0,,,1748521,5428219,-41.28381576,174.7735652
Wellington City,1N/1068/5.416,300,N, ,NORTH PORTAL NBD,201350486,27/02/13,Wed,1025,FD,TS1CC,111A 181A ,,R,D,B ,F , ,N,C,70,0,0,0,,,1748474,5428130,-41.28462571,174.7730259
Wellington City,1N/1068/5.444,30,N, ,EVERTON OBR,201324060,15/11/13,Fri,852,AC,CS1TT,372A ,,E,D,B ,F , ,N,C,100,0,0,1,,,1748467,5428093,-41.28496013,174.7729514
Wellington City,1N/1068/5.456,250,N, ,NORTH PORTAL SBD,201350627,15/03/13,Fri,900,FD,VS1C,331A 359A ,,R,D,O ,F , ,N,N,60,0,0,0,,,1748462,5428081,-41.28506909,174.7728946
Wellington City,1N/1068/5.516,200,N, ,NORTH PORTAL NBD,201353078,7/08/13,Wed,1725,FD,CS1CC,350A 351A ,,R,D,O ,F , ,N,R,80,0,0,0,,,1748435,5428038,-41.2854612,174.7725828
Wellington City,1N/1068/5.606,100,N, ,NORTH PORTAL SBD,201311967,22/06/13,Sat,1449,FD,CS1CC,331A 359A ,,R,W,O ,H , ,N,N,70,0,0,1,,,1748403,5427944,-41.28631341,174.7722238
Wellington City,1N/1068/5.606,100,N, ,NORTH PORTAL SBD,201350527,1/03/13,Fri,1824,FD,CS1CC,331A 350A ,,R,D,B ,F , ,N,C,60,0,0,0,,,1748403,5427944,-41.28631341,174.7722238
Wellington City,1N/1068/5.606,100,N, ,NORTH PORTAL SBD,201350485,27/02/13,Wed,1258,FD,CS1CCC,112A 181A ,,R,D,B ,F , ,N,C,80,0,0,0,,,1748403,5427944,-41.28631341,174.7722238
Wellington City,1N/1068/5.616,100,N, ,NORTH PORTAL NBD,201350484,1/03/13,Fri,1730,FD,CN1C,112A 181A 191B ,,R,D,B ,F , ,N,C,70,0,0,0,,,1748394,5427947,-41.28628805,174.7721156
Wellington City,1N/1068/5.616,100,N, ,NORTH PORTAL NBD,201311001,14/01/13,Mon,829,FD,CS1CC,331A 350A ,,R,W,O ,H , ,N,R,80,0,0,1,,,1748394,5427947,-41.28628805,174.7721156
Wellington City,1N/1068/5.656,50,N, ,NORTH PORTAL SBD,201352008,24/05/13,Fri,1300,FA,VS1C,512A ,,R,D,B ,F , ,N,C,100,0,0,0,,,1748383,5427898,-41.28673125,174.7719962
Wellington City,1N/1068/5.676,30,N, ,NORTH PORTAL SBD,201351729,28/05/13,Tue,1721,FD,CS1CCC,331A 356A ,,R,W,DO,L , ,N,R,80,0,0,0,,,1748374,5427880,-41.28689496,174.7718932
Wellington City,1N/1068/5.701,5,N, ,NORTH PORTAL SBD,201351137,27/02/13,Wed,1025,AC,CS14,372A ,,E,D,B ,F , ,N,C,50,0,0,0,,,1748364,5427857,-41.28710388,174.7717794
Wellington City,1N/1068/5.711,, ,A,NORTH PORTAL SBD,201353714,21/09/13,Sat,1108,FD,CS1C,181A 191B ,,R,W,O ,L , ,N,L,70,0,0,0,,,1748364,5427857,-41.28710388,174.7717794
Wellington City,1N/1068/5.77,400,N, ,SOUTH PORTAL,201353209,24/08/13,Sat,1323,FD,CS1C,181A 330A ,,R,D,B ,F , ,N,C,80,0,0,0,,,1748352,5427789,-41.28771832,174.7716528
Wellington City,1N/1068/6.048,350,N, ,VIVIAN ST,201354215,13/10/13,Sun,1455,FD,CS1CCC,331A ,,R,D,B ,F , ,N,L,70,0,0,0,,,1748346,5427511,-41.29022239,174.7716489
Wellington City,1N/1068/6.07,100,N, ,SOUTH PORTAL,201312545,21/09/13,Sat,1110,FD,CS1CCC,181A 330A ,,R,W,O ,H , ,N,C,60,0,0,1,,,1748347,5427489,-41.29042028,174.7716662
Wellington City,1N/1075/0.001,, ,A,SOUTH PORTAL,201350733,24/03/13,Sun,1251,FD,CS1C,110A 427A ,,R,D,B ,F , ,N,C,70,0,0,0,,,1748353,5427390,-41.29131052,174.7717619
Wellington City,1N/1075/0.001,, ,A,SOUTH PORTAL,201353745,25/09/13,Wed,1716,FD,CS1CC,110A 181A ,,R,W,DO,F , ,N,C,60,0,0,0,,,1748353,5427390,-41.29131052,174.7717619
Wellington City,1N/1075/0.001,, ,A,SOUTH PORTAL,201311587,14/04/13,Sun,1445,FD,CS1CCC,110A 181A 353A ,,R,D,O ,F , ,N,L,50,0,0,2,,,1748353,5427390,-41.29131052,174.7717619
Wellington City,1N/1075/0.02,20,S, ,SOUTH PORTAL,201350661,3/03/13,Sun,1137,FA,CN1CC,181A 181B 191C 403C 423C ,,E,D,B ,F , ,N,N,50,0,0,0,,,1748355,5427369,-41.29149923,174.7717909
Wellington City,1N/1075/0.29,10,N, ,WILLIS ST,201354318,23/10/13,Wed,1932,DA,CS1,103A 111A ,G,M,D,B ,F ,X,T,C,50,0,0,0,,,1748364,5427113,-41.29380246,174.7719607
Wellington City,1N/1075/0.3,, ,I,WILLIS ST,201312283,9/05/13,Thu,1345,FB,4E1C,181A ,,E,D,B ,F ,X,T,C,50,0,0,1,,,1748371,5427107,-41.29385519,174.7720458
Wellington City,1N/1075/0.3,, ,I,WILLIS ST,201353530,1/09/13,Sun,2030,HA,4E1C,322B 334B ,,R,W,DO,L ,X,T,C,50,0,0,0,,,1748371,5427107,-41.29385519,174.7720458
Wellington City,1N/1075/0.38,, ,I,VICTORIA ST,201352212,12/06/13,Wed,2232,HA,XS2C,323B 334B ,,R,D,DO,F ,X,T,C,50,0,0,0,,,1748444,5427073,-41.29414789,174.7729255
Wellington City,1N/1075/0.38,, ,I,VICTORIA ST,201353330,20/08/13,Tue,1730,AO,CE1C,122A 386A ,,R,D,B ,F ,X,T,C,50,0,0,0,,,1748444,5427073,-41.29414789,174.7729255
Wellington City,SLIP,, ,I,1N/1075/0.397,201312573,29/07/13,Mon,1230,FB,4S1P,181A 331A ,,R,D,B ,F ,T,G,N,50,0,1,0,,,1748459,5427065,-41.29421716,174.7731065
Wellington City,1N/1075/0.4,20,E, ,VICTORIA ST,201351535,15/05/13,Wed,1630,AC,CE1C,173A 372A 402A ,,R,D,B ,F ,T,T,C,50,0,0,0,,,1748462,5427064,-41.29422561,174.7731426
Wellington City,WILLIS ST,, ,I,KARO DRIVE,201353549,13/09/13,Fri,1725,AC,CN1S,372A 386A 671A ,,R,D,O ,F ,M,T,N,50,0,0,0,,,1748300,5426947,-41.2953088,174.7712372
Wellington City,1N/1075/0.477,, ,I,BUTE ST,201353752,8/09/13,Sun,1131,MC,CE1C,302B 405B ,,R,D,B ,F ,T,G,C,50,0,0,0,,,1748532,5427033,-41.29449184,174.7739858
Wellington City,1N/1075/0.547,, ,I,VICTORIA ST,201311255,12/02/13,Tue,2355,HA,CW1CC,323A 334A 351A ,PP,E,D,DO,F ,X,T,C,50,0,0,1,,,1748338,5426862,-41.29606711,174.7717115
Wellington City,1N/1075/0.547,, ,I,VICTORIA ST,201350508,30/01/13,Wed,1655,KB,CS1M,322A 507A ,,R,D,B ,F ,X,T,C,50,0,0,0,,,1748338,5426862,-41.29606711,174.7717115
Wellington City,VICTORIA ST,, ,I,KARO DRIVE,201353676,9/09/13,Mon,1852,MG,CS1V,372B 386B ,,R,D,DO,F ,X,T,C,50,0,0,0,,,1748338,5426862,-41.29606711,174.7717115
Wellington City,VICTORIA ST,, ,I,KARO DRIVE,201311737,5/05/13,Sun,947,HA,CN2C,322B 375B ,,R,D,B ,F ,X,T,N,50,0,0,2,,,1748338,5426862,-41.29606711,174.7717115
Wellington City,1N/1075/0.549,10,W, ,CUBA ST N,201356735,4/12/13,Wed,1925,EA,CW1X,386A ,M,R,D,O ,F ,X,T,C,50,0,0,0,,,1748598,5427004,-41.29474079,174.7747808
Wellington City,1N/1075/0.559,, ,I,CUBA ST,201312699,17/10/13,Thu,1624,FD,VS1CCV,331A 350A ,,R,D,O ,F ,X,T,C,50,0,0,1,,,1748607,5427000,-41.29477515,174.7748892
Wellington City,1N/1075/0.559,, ,I,CUBA ST,201311459,9/03/13,Sat,1828,FE,4E1C4,331A 351A ,,R,D,O ,F ,X,T,C,50,0,0,2,,,1748607,5427000,-41.29477515,174.7748892
Wellington City,1N/1075/0.559,, ,I,CUBA ST,201351638,27/05/13,Mon,852,GO,CE1C,173A 840 ,,R,D,B ,F ,X,T,C,50,0,0,0,,,1748607,5427000,-41.29477515,174.7748892
Wellington City,1N/1075/0.564,5,E, ,CUBA ST,201350605,4/03/13,Mon,1749,EE,ME1C,374B 525B ,Q,R,D,B ,F ,T,T,C,50,0,0,0,,,1748612,5426998,-41.29479223,174.7749494
Wellington City,1N/1075/0.659,5,E, ,MARION ST,201353783,17/08/13,Sat,1710,FD,CE14C,331A 358A ,,R,D,O ,F ,T,N,C,50,0,0,0,,,1748699,5426960,-41.29511834,174.7759973
Wellington City,1N/1075/0.716,30,E, ,KNIGGES AVENUE,201350067,16/01/13,Wed,722,GC,4.00E+14,174B 381B 926 ,,R,D,B ,F ,D,N,C,50,0,0,0,,,1748750,5426936,-41.29532503,174.776612
Wellington City,1N/1075/0.749,, ,I,CUBA ST S,201353782,31/08/13,Sat,247,DA,CW1,103A 111A 201A ,S,R,D,DO,F ,X,T,C,50,0,0,0,,,1748488,5426734,-41.29719197,174.7735335
Wellington City,1N/1075/0.749,, ,I,CUBA ST,201311100,17/01/13,Thu,1207,NF,CE1E,170A 307A ,,R,D,O ,F ,X,T,C,50,0,0,1,38,,1748488,5426734,-41.29719197,174.7735335
Wellington City,1N/1075/0.752,10,W, ,TARANAKI ST,201351700,24/05/13,Fri,1455,FE,CE1C,181A 387A ,,R,D,B ,F ,T,T,C,50,0,0,0,,,1748783,5426921,-41.29545399,174.7770096
Wellington City,1N/1075/0.762,, ,I,TARANAKI ST,201352005,16/06/13,Sun,620,NC,CW1E,376A ,,R,W,DO,H ,X,T,R,50,0,0,0,,,1748792,5426917,-41.29548835,174.777118
Wellington City,1N/1075/0.762,, ,I,TARANAKI ST,201311154,17/01/13,Thu,1415,FE,CE1C,181A 387A ,,R,D,B ,F ,X,T,C,50,0,0,1,,,1748792,5426917,-41.29548835,174.777118
Wellington City,TARANAKI ST,, ,I,VIVIAN ST,201357239,24/11/13,Sun,150,FE,CS1C,103A 331A ,,R,D,DO,F ,X,T,R,50,0,0,0,,,1748792,5426917,-41.29548835,174.777118
Wellington City,1N/1075/0.782,20,E, ,TARANAKI ST,201353410,20/07/13,Sat,1250,FE,MW1C,181A ,,R,W,O ,F ,X,T,C,50,0,0,0,,,1748810,5426909,-41.29555706,174.7773349
Wellington City,1N/1075/0.802,40,E, ,TARANAKI ST,201350961,20/03/13,Wed,2228,EA,CE1C,129A 386A ,M,R,D,DO,F , ,N,C,50,0,0,0,,,1748828,5426901,-41.29562577,174.7775517
Wellington City,1N/1075/0.862,100,E, ,TARANAKI ST,201351116,30/04/13,Tue,645,MO,CW1C,371A 927 ,,R,D,DO,F ,D,N,C,50,0,0,0,,,1748883,5426876,-41.29584071,174.7782144
Wellington City,1N/1075/0.955,30,W, ,TORY ST,201352872,30/07/13,Tue,830,FE,CE1CC,331A 350A ,,R,D,B ,F ,X,T,C,50,0,0,0,,,1748969,5426837,-41.29617597,174.7792507
Wellington City,1N/1075/0.959,, ,I,TARANAKI ST S,201324051,2/11/13,Sat,1500,NB,CN1E,377A 713B 830 ,,R,D,B ,F ,X,T,R,50,0,1,0,39,,1748679,5426647,-41.2979401,174.775835
Wellington City,1N/1075/0.959,, ,I,TARANAKI ST,201350321,9/02/13,Sat,1640,FE,CW1CC,331A 358A ,,R,D,B ,F ,X,T,C,50,0,0,0,,,1748679,5426647,-41.2979401,174.775835
Wellington City,1N/1075/0.959,, ,I,TARANAKI ST,201353044,8/08/13,Thu,1349,FE,CW1C,331A ,,R,W,O ,L ,X,T,N,50,0,0,0,,,1748679,5426647,-41.2979401,174.775835
Wellington City,TARANAKI ST S,, ,I,1N/1075/0.959,201312726,14/10/13,Mon,2045,NF,CE1E,307A 322A ,,R,W,DO,LS,X,T,C,50,0,0,1,31,,1748679,5426647,-41.2979401,174.775835
Wellington City,1N/1075/0.985,, ,I,TORY ST,201352598,30/06/13,Sun,1045,GE,CE1C,144B 193B ,,R,D,B ,F ,X,T,C,50,0,0,0,,,1748996,5426825,-41.29627903,174.7795759
Wellington City,TORY ST,, ,I,VIVIAN ST,201312219,12/07/13,Fri,1738,ND,CE2E,307A ,,R,D,O ,F ,X,T,C,50,0,0,1,,,1748996,5426825,-41.29627903,174.7795759
Wellington City,1N/1075/1.08,100,W, ,TORY ST S,201354156,15/10/13,Tue,1950,AA,CE1C,372A ,,R,D,DO,F , ,N,C,50,0,0,0,,,1748789,5426595,-41.29838801,174.7771609
Wellington City,1N/1075/1.12,60,W, ,TORY ST,201311312,6/02/13,Wed,1621,FD,4W1CCC,110A 181A ,,R,D,B ,F , ,N,C,50,0,0,5,,,1748825,5426578,-41.29853443,174.7775949
Wellington City,1N/1075/1.13,50,W, ,TORY ST,201350522,18/02/13,Mon,1105,CC,CW1,130A 500A ,FP,R,D,B ,F , ,N,C,50,0,0,0,,,1748834,5426574,-41.29856878,174.7777033
Wellington City,1N/1075/1.196,10,W, ,CAMBRIDGE TERRACE,201352136,14/06/13,Fri,1507,FE,CE1C,181A 357A 357B ,,R,D,O ,F ,T,T,C,50,0,0,0,,,1749188,5426738,-41.29702686,174.7818894
Wellington City,CAMBRIDGE TERRACE,, ,I,VIVIAN ST,201312397,18/08/13,Sun,1944,HA,XE2C,322B 334B ,,R,W,DO,F ,X,T,C,50,0,0,1,,,1749197,5426734,-41.29706121,174.7819978
Wellington City,1N/1075/1.206,, ,I,CAMBRIDGE TERRACE,201351060,11/04/13,Thu,953,AD,CE1C4,158A 514A ,S,R,D,B ,F ,X,T,C,50,0,0,0,,,1749197,5426734,-41.29706121,174.7819978
Wellington City,1N/1075/1.211,5,E, ,CAMBRIDGE TERRACE,201312327,12/08/13,Mon,1930,NB,CE1E,713B 714B 719B ,,R,D,DO,F ,T,N,R,50,0,0,1,27,,1749201,5426732,-41.29707848,174.7820461
Wellington City,KENT TERRACE,, ,I,PIRIE ST,201354028,20/10/13,Sun,330,FE,CS1C,103A ,,R,D,DO,F ,X,T,R,50,0,0,0,,,1749220,5426723,-41.29715599,174.7822751
Wellington City,KENT TERRACE,, ,I,1N/1075/1.232,201351212,28/02/13,Thu,1400,AF,CE2M,129A 150A 197B ,,E,D,B ,F ,X,T,C,50,0,0,0,,,1749220,5426723,-41.29715599,174.7822751
Wellington City,KENT TERRACE,, ,I,VIVIAN ST,201351922,7/06/13,Fri,1853,FE,CS1C,331A 353A ,,R,D,DO,F ,X,T,N,50,0,0,0,,,1749220,5426723,-41.29715599,174.7822751
Wellington City,1N/1075/1.232,, ,I,PIRIE ST,201350877,13/01/13,Sun,240,DA,CE1,104A 131A ,P,M,D,DO,F ,X,T,R,50,0,0,0,,,1749220,5426723,-41.29715599,174.7822751
Wellington City,1N/1075/1.333,5,S, ,FIFESHIRE AVENUE,201312314,12/08/13,Mon,804,FD,CS1CC,181A 427A ,,R,W,O ,H ,T,N,C,50,0,0,1,,,1749179,5426631,-41.29799189,174.7818082
Wellington City,1N/1075/1.338,10,S, ,FIFESHIRE AVENUE,201351962,31/05/13,Fri,1310,FE,CS1CCC,181A 331A 181B 181C ,,R,D,B ,F ,T,T,C,50,0,0,0,,,1749177,5426626,-41.29803727,174.7817855
Wellington City,1N/1075/1.344,40,S, ,BUCKLE ST,201353525,10/09/13,Tue,745,AO,BN1C,158A 372A ,,M,D,O ,F , ,N,N,50,0,0,0,,,1748958,5426451,-41.29965332,174.7792138
Wellington City,1N/1075/1.378,50,S, ,FIFESHIRE AVENUE,201311087,19/01/13,Sat,708,NA,CS1E,387A ,,R,D,O ,F , ,N,C,50,0,0,1,18,,1749161,5426590,-41.29836435,174.7816033
Wellington City,1N/1075/1.411,80,N, ,RUGBY ST,201350456,26/02/13,Tue,1239,EE,TN1C,374B ,Q,R,D,B ,F , ,N,N,50,0,0,0,,,1748929,5426391,-41.30019888,174.7788823
Wellington City,1N/1075/1.425,10,N, ,SLIP ROAD,201350169,4/02/13,Mon,1305,AO,4N14,133A 632A ,,M,W,B ,F ,T,N,C,50,0,0,0,,,1748923,5426378,-41.30031703,174.7788138
Wellington City,1N/1075/1.472,30,N, ,BELFAST ST,201324047,10/11/13,Sun,130,NA,CN1E,713B ,,M,D,DO,F , ,N,C,50,0,0,1,20,,1748921,5426333,-41.30072256,174.778801
Wellington City,1N/1075/1.491,, ,I,SUSSEX ST,201352221,9/06/13,Sun,142,DA,CN1,101A 111A ,K,E,D,DO,F ,T,N,C,70,0,0,0,,,1748932,5426317,-41.30086458,174.7789362
Wellington City,1N/1075/1.515,20,N, ,BUCKLE ST,201350942,13/04/13,Sat,2221,DB,CS1CC,131A 134A ,MM,M,W,DO,L ,R,T,N,50,0,0,0,,,1749108,5426464,-41.29950858,174.7810015
Wellington City,1N/1075/1.561,10,W, ,ADELAIDE ROAD,201352938,25/06/13,Tue,1130,AC,CW1C,355A 372A 402A ,,R,D,B ,L ,T,T,C,50,0,0,0,,,1748996,5426288,-41.30111386,174.7797074
Wellington City,1N/1075/1.561,10,W, ,ADELAIDE ROAD,201353472,2/09/13,Mon,1016,FE,VW1C,181A 352A ,,R,D,O ,F ,T,T,C,50,0,0,0,,,1748996,5426288,-41.30111386,174.7797074
Wellington City,ADELAIDE ROAD,, ,I,RUGBY ST,201350882,9/04/13,Tue,2210,FE,VN1C,101A 181A ,,R,D,DO,F ,T,T,C,50,0,0,0,,,1749005,5426284,-41.30114822,174.7798158
Wellington City,1N/1075/1.571,, ,I,ADELAIDE ROAD,201353634,18/09/13,Wed,910,AA,CW1M,372A ,,R,D,B ,F ,T,T,C,50,0,0,0,,,1749005,5426284,-41.30114822,174.7798158
Wellington City,1N/1075/1.571,, ,I,ADELAIDE ROAD,201324023,14/10/13,Mon,820,NA,CW1E,322A 610A ,,R,W,O ,HS,T,T,C,50,0,1,0,,,1749005,5426284,-41.30114822,174.7798158
Wellington City,1N/1075/1.571,, ,I,ADELAIDE ROAD,201353118,25/07/13,Thu,1600,KA,4W1P,322A ,,M,D,TF,F ,T,T,C,50,0,0,0,,,1749005,5426284,-41.30114822,174.7798158
Wellington City,1N/1075/1.571,, ,I,ADELAIDE ROAD,201311254,2/02/13,Sat,1453,NA,VW1S,323A 334A ,,R,D,B ,F ,T,T,C,50,0,1,0,,57,1749005,5426284,-41.30114822,174.7798158
Wellington City,1N/1075/1.576,, ,I,ELLICE ST N,201351057,15/04/13,Mon,938,KA,4S1CX,136A 302A 653A ,,M,D,B ,F ,T,G,C,50,0,0,0,,,1749153,5426429,-41.29981538,174.7815473
Wellington City,1N/1075/1.601,30,E, ,ADELAIDE ROAD,201351361,19/04/13,Fri,1904,AC,CW1V,372A ,,R,D,B ,F , ,N,C,50,0,0,0,,,1749033,5426272,-41.30125109,174.7801531
Wellington City,1N/1075/1.604,, ,I,ELLICE ST S,201350157,20/01/13,Sun,419,DB,CN1,103A 111A 801 ,,M,W,DO,L ,T,G,C,50,0,0,0,,,1749169,5426406,-41.3000195,174.7817439
Wellington City,1N/1075/1.674,, ,I,PATERSON ST,201350383,13/01/13,Sun,433,DB,CS1,101A 131A ,GP,M,W,DO,L ,T,T,R,50,0,0,0,,,1749157,5426341,-41.30060694,174.7816166
Wellington City,1N/1075/1.679,, ,I,RUGBY ST,201351214,21/01/13,Mon,930,AC,CS1C,372A ,,M,D,B ,F ,T,N,C,50,0,0,0,,,1749106,5426254,-41.30139966,174.781029
Wellington City,1N/1076/0,10,E, ,SH 1N DUFFERIN,201325411,26/11/13,Tue,1715,DB,MS1,135A 801 ,,E,W,O ,L ,T,T,R,50,0,0,1,,,1749166,5426337,-41.30064129,174.781725
Wellington City,1N/1076/0.03,30,E, ,SLIP,201353276,27/08/13,Tue,1646,FD,CW1C,103A 181A 191B ,,R,D,B ,F , ,N,C,50,0,0,0,,,1749193,5426324,-41.30075334,174.7820506
Wellington City,1N/1076/0.05,50,E, ,SLIP,201350604,3/03/13,Sun,1229,FA,CW1C,331A 351A ,,R,D,O ,F , ,N,C,50,0,0,0,,,1749211,5426315,-41.30083105,174.7822677
Wellington City,1N/1076/0.09,90,E, ,SLIP,201311412,21/02/13,Thu,1430,FD,MW1X,331A 353A ,,E,D,B ,F , ,N,C,50,0,0,1,,,1749240,5426288,-41.30106878,174.7826205
Wellington City,1N/1076/0.1,100,E, ,SLIP,201324381,23/12/13,Mon,1830,FD,CW1C,181A 427A ,,E,D,B ,F , ,N,C,50,0,0,1,,,1749247,5426281,-41.3011305,174.7827058
Wellington City,1N/1076/0.15,150,E, ,SLIP,201352269,29/06/13,Sat,1121,LB,CW1C,303B 375B 930 ,,E,D,B ,F ,D,N,C,50,0,0,0,,,1749290,5426255,-41.30135664,174.7832256
Wellington City,1N/1076/0.18,180,E, ,SLIP,201353532,11/09/13,Wed,1543,FD,CW1VV,181A 330A 191B ,,R,D,B ,F , ,N,C,50,0,0,0,,,1749317,5426242,-41.30146869,174.7835511
Wellington City,1N/1076/0.19,190,E, ,SLIP,201311516,11/04/13,Thu,850,NB,CW1E,711B 714B ,,E,D,O ,F , ,N,L,50,0,1,0,25,,1749326,5426238,-41.30150304,174.7836596
Wellington City,1N/1076/0.19,30,E, ,ACCESS ROAD,201350338,5/02/13,Tue,1615,FD,CW1C,331A 351A 402A ,,E,D,B ,F , ,N,C,50,0,0,0,,,1749326,5426238,-41.30150304,174.7836596