TLA NAME,CRASH ROAD,CRASH DIST,CRASH DIRN,INTSN,SIDE ROAD,CRASH ID,CRASH DATE,CRASH DOW,CRASH TIME,MVMT,VEHICLES,CAUSES,OBJECTS STRUCK,ROAD CURVE,ROAD WET,LIGHT,WTHRa,JUNC TYPE,TRAF CTRL,ROAD MARK,SPD LIM,CRASH FATAL CNT,CRASH SEV CNT,CRASH MIN CNT,PERS AGE1,PERS AGE2,EASTING,NORTHING,latitude,longitude
Wellington City,1N/1076/0.22,60,E, ,ACCESS ROAD,201324303,28/11/13,Thu,1900,FD,CW14C,181A ,,R,W,TF,F , ,N,C,50,0,0,1,,,1749353,5426224,-41.30162409,174.7839854
Wellington City,1N/1076/0.517,220,E, ,WEST PORTAL,201311952,15/06/13,Sat,1323,FD,CE1CC,331A 358A 191B ,,R,D,O ,F , ,N,L,50,0,0,2,,,1749620,5426096,-41.30272706,174.7872046
Wellington City,1N/1076/0.837,60,W, ,EAST PORTAL,201352061,5/06/13,Wed,1724,FD,CW1VC,112A 181A 331A 112B 181B 331B 801 ,,R,W,DO,L , ,N,L,50,0,0,0,,,1749909,5425957,-41.30392488,174.7906893
Wellington City,1N/1076/0.897,, ,A,EAST PORTAL,201326402,26/07/13,Fri,1615,FD,4W1CC,181A 331A 359A ,,E,D,TF,F , , ,C,50,0,0,1,,,1749963,5425932,-41.30413993,174.7913402
Wellington City,1N/1076/0.897,, ,A,EAST PORTAL,201352248,1/07/13,Mon,1620,FD,VN1C,181A 191B ,,E,W,B ,F ,T,N,C,50,0,0,0,,,1749963,5425932,-41.30413993,174.7913402
Wellington City,1N/1076/0.987,, ,I,RUAHINE ST,201311995,23/05/13,Thu,328,JA,CS1C,110B 302B ,,E,W,DO,F ,T,G,C,50,0,0,1,,,1750042,5425890,-41.30450339,174.7922938
Wellington City,1N/1076/1.012,25,S, ,TAURIMA ST,201358458,6/12/13,Fri,950,FA,CS1X,181A ,,R,D,BF,F , ,N,C,70,0,0,0,,,1750058,5425870,-41.30468048,174.7924898
Wellington City,1N/1076/1.479,, ,I,GOA ST,201350603,16/03/13,Sat,1652,HA,CN1C,302B 314B ,,R,D,B ,F ,X,G,C,70,0,0,0,,,1749971,5425424,-41.30871214,174.791561
Wellington City,1N/1076/1.479,, ,I,GOA ST,201312423,31/08/13,Sat,1215,FD,CS1CCC,181A 331A 181B 181C ,,R,D,O ,F ,X,G,C,70,0,0,2,,,1749971,5425424,-41.30871214,174.791561
Wellington City,1N/1076/1.479,, ,I,GOA ST,201352242,30/06/13,Sun,615,AD,CS14,125A 150A ,,R,D,DO,F ,X,G,C,70,0,0,0,,,1749971,5425424,-41.30871214,174.791561
Wellington City,1N/1076/1.635,200,N, ,WELLINGTON ROAD,201325926,15/11/13,Fri,2340,FD,CS1C,181A ,,R,D,DO,F , ,N,P,70,0,0,1,,,1749925,5425275,-41.31006219,174.7910484
Wellington City,1N/1076/1.685,150,N, ,WELLINGTON ROAD,201350607,8/03/13,Fri,1608,FD,MS14,331A 353A ,,R,D,B ,F , ,N,L,70,0,0,0,,,1749910,5425227,-41.31049714,174.7908812
Wellington City,1N/1076/1.825,10,N, ,WELLINGTON ROAD,201351401,30/04/13,Tue,910,FD,CS1CCC,181A 331A 181B 181C ,,R,D,B ,F ,T,N,L,50,0,0,0,,,1749871,5425094,-41.31170183,174.7904482
Wellington City,1N/1076/1.835,, ,I,WELLINGTON ROAD,201358262,27/12/13,Fri,1940,DA,CN1,111A 134A ,C,M,W,O ,F ,T,G,R,50,0,0,0,,,1749873,5425084,-41.31179149,174.7904746
Wellington City,1N/1076/1.835,, ,I,WELLINGTON ROAD,201353632,15/09/13,Sun,750,JC,CS1C,302B ,,M,D,B ,F ,T,G,C,50,0,0,0,,,1749873,5425084,-41.31179149,174.7904746
Wellington City,1N/1076/1.835,, ,I,RUAHINE ST,201351237,1/02/13,Fri,1600,GA,CS1C,181A ,,E,D,B ,F ,T,N,C,50,0,0,0,,,1749873,5425084,-41.31179149,174.7904746
Wellington City,1N/1076/2.074,20,W, ,HAMILTON ROAD,201355520,11/11/13,Mon,850,AC,CE1C,372A 386A ,,R,D,B ,F ,X,T,C,50,0,0,0,,,1750103,5425051,-41.31204584,174.7932292
Wellington City,KILBIRNIE CRESCENT,, ,I,WELLINGTON ROAD,201353785,29/08/13,Thu,1833,LB,CN1C,303B 351B 375B ,,R,W,DO,F ,X,T,C,50,0,0,0,,,1750123,5425048,-41.31206913,174.7934687
Wellington City,KILBIRNIE CRESCENT,, ,I,WELLINGTON ROAD,201350074,5/01/13,Sat,2010,FE,CN14,331A 353A ,,M,D,B ,F ,X,T,C,50,0,0,0,,,1750123,5425048,-41.31206913,174.7934687
Wellington City,1N/1076/2.094,, ,I,HAMILTON ROAD,201351394,6/05/13,Mon,2200,HA,4E1C,322B 334B ,,R,W,DO,F ,X,T,P,50,0,0,0,,,1750123,5425048,-41.31206913,174.7934687
Wellington City,1N/1076/2.094,, ,I,KILBIRNIE CRESCENT,201353914,3/10/13,Thu,1420,CB,XW1C,375B 402B ,,R,D,O ,F ,X,T,R,50,0,0,0,,,1750123,5425048,-41.31206913,174.7934687
Wellington City,1N/1076/2.094,, ,I,KILBIRNIE CRESCENT,201352833,28/07/13,Sun,1720,AA,CE1C,386A ,,E,D,TF,F ,X,T,L,50,0,0,0,,,1750123,5425048,-41.31206913,174.7934687
Wellington City,1N/1076/2.094,, ,I,KILBIRNIE CRESCENT,201311813,26/05/13,Sun,921,LB,CW1C,303B 353B 375B ,,R,D,B ,F ,X,T,R,50,0,0,1,,,1750123,5425048,-41.31206913,174.7934687
Wellington City,1N/1076/2.094,, ,I,KILBIRNIE CRESCENT,201351565,30/04/13,Tue,1920,LB,CW1C,303B 375B 404B ,,R,W,O ,F ,X,T,N,50,0,0,0,,,1750123,5425048,-41.31206913,174.7934687
Wellington City,1N/1076/2.114,20,E, ,HAMILTON ROAD,201351828,5/06/13,Wed,826,AD,CW1V,112A 129A ,,R,D,O ,F , ,N,C,50,0,0,0,,,1750143,5425047,-41.31207441,174.7937078
Wellington City,1N/1076/2.134,40,E, ,KILBIRNIE CRESCENT,201357127,14/11/13,Thu,1615,AO,VW1C,129A 357A 357B ,,R,D,B ,F , ,N,R,50,0,0,0,,,1750162,5425041,-41.31212489,174.7939362
Wellington City,1N/1076/2.268,10,W, ,EVANS BAY PARADE,201354010,17/09/13,Tue,1530,FE,CE1C,330A 350A ,,R,D,B ,F ,X,T,C,50,0,0,0,,,1750292,5425013,-41.31235277,174.7954954
Wellington City,EVANS BAY PARADE,, ,I,COBHAM DRIVE,201355697,23/11/13,Sat,800,FB,CS1C,331A 353A ,,E,D,B ,F ,X,T,R,50,0,0,0,,,1750302,5425012,-41.31235991,174.7956151
Wellington City,1N/1076/2.278,, ,I,EVANS BAY PARADE,201353774,20/09/13,Fri,1258,FE,CE1C,181A 387A ,,R,D,B ,F ,X,T,R,50,0,0,0,,,1750302,5425012,-41.31235991,174.7956151
Wellington City,1N/1076/2.278,, ,I,EVANS BAY PARADE,201353761,22/08/13,Thu,2035,LB,VE1C,303B 375B ,,R,D,DO,F ,M,T,R,50,0,0,0,,,1750302,5425012,-41.31235991,174.7956151
Wellington City,EVANS BAY PARADE,, ,I,COBHAM DRIVE,201351395,3/05/13,Fri,1700,GA,XN1C,181A ,,E,D,O ,F ,X,G,C,50,0,0,0,,,1750300,5425000,-41.31246832,174.7955942
Wellington City,EVANS BAY PARADE,, ,I,COBHAM DRIVE S,201350153,14/01/13,Mon,1003,FB,TS1C,113A 135A 387A 801 ,,M,W,O ,L ,T,G,R,50,0,0,0,,,1750300,5425000,-41.31246832,174.7955942
Wellington City,EVANS BAY PARADE S,, ,I,COBHAM DRIVE,201352229,9/05/13,Thu,1434,LB,MN1C,303B 375B ,,R,D,B ,F ,X,T,C,50,0,0,0,,,1750300,5425000,-41.31246832,174.7955942
Wellington City,1N/1076/2.28,, ,I,WELLINGTON ROAD E,201312277,12/07/13,Fri,2335,DA,4W1,111A 131A ,CK,M,W,DO,L ,T,G,R,50,0,0,1,,,1750300,5425000,-41.31246832,174.7955942
Wellington City,1N/1076/2.48,200,E, ,EVANS BAY PARADE,201354353,6/11/13,Wed,1655,FD,4W1C,181A 359A ,,R,W,O ,L , ,N,R,70,0,0,0,,,1750473,5424914,-41.31321036,174.7976812
Wellington City,1N/1076/2.498,220,E, ,EVANS BAY PARADE,201326296,17/11/13,Sun,320,CC,CE1,103A 351A 524A ,F,R,W,DO,F , ,N,R,70,0,0,2,,,1750491,5424915,-41.31319799,174.7978959
Wellington City,1N/1076/3.104,, ,I,TROY ST,201350827,3/04/13,Wed,2055,KA,CN2X,302B 375B ,,E,D,DO,F ,R,G,N,70,0,0,0,,,1750891,5424466,-41.31716574,174.8027838
Wellington City,1N/1076/3.108,, ,I,TROY ST,201354350,12/11/13,Tue,1400,FB,CW1X,150A 302A 375A ,,E,D,B ,F ,R,G,C,70,0,0,0,,,1750927,5424495,-41.31689791,174.8032065
Wellington City,1N/1076/3.108,, ,I,TROY ST,201354235,23/10/13,Wed,2044,FB,CW1X,181A ,,E,W,DO,F ,R,G,C,70,0,0,0,,,1750927,5424495,-41.31689791,174.8032065
Wellington City,1N/1076/3.141,, ,I,TROY ST,201351147,18/02/13,Mon,1115,KA,CS1C,302B 375B ,,E,D,B ,F ,R,G,C,50,0,0,0,,,1750961,5424480,-41.31702659,174.8036163
Wellington City,1N/1076/3.154,, ,I,TROY ST,201354061,12/10/13,Sat,1915,FA,CE1C,150A 181A ,,E,W,O ,L ,R,G,C,70,0,0,0,,,1750900,5424419,-41.31758721,174.802903
Wellington City,1N/1076/3.238,, ,I,TROY ST,201353767,28/08/13,Wed,1330,FB,CS1S,181A ,,M,D,O ,F ,R,G,R,70,0,0,0,,,1750975,5424435,-41.31742912,174.8037947
Wellington City,1N/1076/3.291,150,E, ,TROY ST,201311450,22/03/13,Fri,2045,CB,CE1,130A 410A ,PX,R,D,DO,F , ,N,C,70,0,0,1,,,1751109,5424466,-41.31712492,174.8053872
Wellington City,1N/1076/3.57,15,W, ,CALABAR ROAD,201311026,11/01/13,Fri,1742,FD,CE1CCC,181A 352A ,,E,D,B ,F ,R,G,R,50,0,0,2,,,1751382,5424520,-41.31658755,174.8086339
Wellington City,1N/1076/3.585,, ,I,CALABAR ROAD,201312008,1/07/13,Mon,728,FB,VS1M,181A 350A ,,E,D,TF,F ,R,G,C,70,0,0,1,,,1751392,5424522,-41.31656767,174.8087528
Wellington City,1N/1076/3.585,, ,I,CALABAR ROAD,201353182,17/07/13,Wed,1815,LB,CS1B,302B 375B ,,E,D,DO,F ,R,G,N,70,0,0,0,,,1751397,5424522,-41.31656673,174.8088125
Wellington City,1N/1076/3.585,, ,I,CALABAR ROAD,201311647,19/04/13,Fri,1628,KB,CS1M,302A 377A ,,M,D,O ,F ,R,G,C,70,0,0,1,,,1751397,5424522,-41.31656673,174.8088125
Wellington City,1N/1076/3.721,, ,I,COBHAM DRIVE,201352100,20/06/13,Thu,1945,FB,CN1C,110A 181A ,,E,W,DO,F ,R,G,C,70,0,0,0,,,1751452,5424455,-41.31715962,174.809486
Wellington City,1N/1076/3.74,, ,I,COBHAM DRIVE,201350634,28/02/13,Thu,645,FA,CN1C,181A 386A ,,R,D,B ,F ,R,G,C,70,0,0,0,,,1751451,5424460,-41.31711479,174.8094728
Wellington City,1N/1076/3.91,230,N, ,CALEDONIA ST,201312686,20/10/13,Sun,1503,FD,CN1V,110A 351A ,,R,D,B ,F , ,N,C,50,0,0,2,,,1751443,5424290,-41.31864684,174.8094196
Wellington City,1N/1076/3.933,, ,I,WEXFORD ROAD,201352404,30/06/13,Sun,1659,GB,CS1C,142B 176B ,,R,D,TO,F ,T,S,R,70,0,0,0,,,1751440,5424249,-41.31901654,174.809394
Wellington City,1N/1076/3.951,, ,I,WEXFORD ROAD,201354186,14/10/13,Mon,840,FD,XN1CV,331A 358A ,,R,W,O ,F ,T,S,R,70,0,0,0,,,1751440,5424249,-41.31901654,174.809394
Wellington City,1N/1076/4.541,200,S, ,KEDAH ST,201352672,27/07/13,Sat,1415,AC,TN1C,372A 386A 150B ,,E,D,B ,F , ,N,C,70,0,0,0,,,1751391,5423644,-41.3244727,174.8089595
Wellington City,2/962/13.297,600,W, ,HOROKIWI ROAD,201359307,25/11/13,Mon,1514,CB,CN1,631A ,G,R,D,O ,F , ,N,R,100,0,0,0,,,1754639,5434268,-41.22820718,174.8450541
Wellington City,2/962/13.297,600,W, ,HOROKIWI ROAD,201350342,14/02/13,Thu,1745,QG,TN1CC,682A 341B 341C ,DD,R,D,B ,F , ,N,C,80,0,0,0,,,1754639,5434268,-41.22820718,174.8450541
Wellington City,2/962/13.371,500,N, ,SERVICE STN NTH,201352513,15/07/13,Mon,1545,AA,CN1C,372A 137B 191B 801 ,G,R,W,O ,LS, ,N,C,100,0,0,0,,,1754569,5434246,-41.22841863,174.8442249
Wellington City,2/962/13.497,800,S, ,HOROKIWI ROAD,201354165,22/10/13,Tue,1033,AA,VS1C,150A 372A 386A ,,R,D,O ,F , ,N,C,100,0,0,0,,,1754462,5434181,-41.22902427,174.8429653
Wellington City,2/962/13.497,800,S, ,HOROKIWI ROAD,201353241,20/08/13,Tue,938,FD,CS14CC,132A 181A ,,R,D,B ,F , ,N,C,100,0,0,0,,,1754462,5434181,-41.22902427,174.8429653
Wellington City,2/962/13.571,300,N, ,SERVICE STN NTH,201353332,8/08/13,Thu,217,DB,CN1,121A 136A 632A 801 ,G,E,W,DO,F , ,N,C,100,0,0,0,,,1754409,5434130,-41.22949355,174.8423462
Wellington City,2/962/13.687,990,S, ,HOROKIWI ROAD,201352493,5/07/13,Fri,35,DB,CN1,111A ,,E,D,DO,F , ,N,C,100,0,0,0,,,1754340,5434036,-41.23035302,174.841547
Wellington City,2/962/13.697,1000,W, ,HOROKIWI ROAD,201358938,23/12/13,Mon,1149,DB,CE1,102A 650A ,,M,D,O ,F , ,N,R,100,0,0,0,,,1754335,5434028,-41.230426,174.8414894
Wellington City,2/962/13.761,110,N, ,SERVICE STN NTH,201353311,24/08/13,Sat,253,DA,CS1,111A 131A ,G,E,D,DO,F , ,N,C,100,0,0,0,,,1754292,5433981,-41.23085736,174.8409885
Wellington City,2/962/13.871,, ,A,SERVICE STN NTH,201351935,2/06/13,Sun,2052,DB,CN1,133A 922 ,G,E,W,DO,F ,D,N,C,100,0,0,0,,,1754201,5433919,-41.23143291,174.8399189
Wellington City,2/962/14.027,1850,S, ,PETONE ON SBD,201354328,22/10/13,Tue,1929,QG,CW1,136A 687A ,G,M,D,TF,F , ,N,C,100,0,0,0,,,1754062,5433850,-41.23208061,174.8382786
Wellington City,2/962/14.197,1500,S, ,HOROKIWI ROAD,201351321,25/04/13,Thu,1205,AA,4N1V,372A 137B 197B ,G,R,W,O ,F , ,N,R,100,0,0,0,,,1753925,5433755,-41.232962,174.8366686
Wellington City,2/962/14.241,1500,N, ,HUTT ON NBD,201354354,8/11/13,Fri,1635,FD,CN1C,181A 358A ,,R,D,B ,F , ,N,C,100,0,0,0,,,1753895,5433722,-41.23326482,174.8363192
Wellington City,2/962/14.381,150,S, ,SERVICE STN STH,201350099,16/01/13,Wed,1340,QG,VS1C,668A ,D,R,D,B ,F , ,N,C,100,0,0,0,,,1753801,5433619,-41.23421003,174.835224
Wellington City,2/962/14.667,1700,N, ,NGAURANGA ON NBD,201351111,8/02/13,Fri,640,CB,TS1,129A 410A ,G,R,D,B ,F , ,N,C,100,0,0,0,,,1753591,5433421,-41.23603258,174.8327692
Wellington City,2/962/14.685,1580,N, ,RAILYARD ENTRY,201354327,6/11/13,Wed,1059,FD,CS1C,110A 352A ,,E,W,O ,F , ,N,R,100,0,0,0,,,1753576,5433410,-41.23613446,174.8325931
Wellington City,2/962/14.697,2000,S, ,HOROKIWI ROAD,201353715,26/09/13,Thu,502,FD,PN1C,181A 191B ,,R,D,O ,F , ,N,R,100,0,0,0,,,1753562,5433413,-41.23611011,174.8324254
Wellington City,2/962/14.697,2000,S, ,HOROKIWI ROAD,201311333,21/02/13,Thu,1640,FA,CN1V,331A 353A ,,R,D,B ,F , ,N,R,100,0,0,1,,,1753562,5433413,-41.23611011,174.8324254
Wellington City,2/962/14.741,1000,N, ,HUTT ON NBD,201350394,19/02/13,Tue,1623,FD,CN1XV,331A 358A ,,R,D,B ,F , ,N,C,100,0,0,0,,,1753526,5433387,-41.23635103,174.8320025
Wellington City,2/962/14.877,2700,S, ,PETONE ON SBD,201352144,22/06/13,Sat,1440,CC,CS1,132A 137A ,G,R,W,O ,HS, ,N,C,100,0,0,0,,,1753422,5433297,-41.23718106,174.8307847
Wellington City,2/962/14.931,700,S, ,SERVICE STN STH,201351716,17/05/13,Fri,1720,FD,CS1C,181A 331A ,,R,W,TO,L , ,N,C,100,0,0,0,,,1753373,5433275,-41.23738842,174.8302058
Wellington City,2/962/15.177,3000,S, ,PETONE ON SBD,201311705,3/05/13,Fri,826,CA,MS1,110A 130A ,,R,W,O ,L , ,N,R,100,0,0,1,,,1753183,5433116,-41.23885595,174.8279796
Wellington City,2/962/15.231,1000,S, ,SERVICE STN STH,201350758,29/03/13,Fri,103,CB,CS1,103A 129A 351A 524A ,G,R,D,DO,F , ,N,C,100,0,0,0,,,1753137,5433091,-41.23908975,174.8274372
Wellington City,2/962/15.367,1000,N, ,NGAURANGA ON NBD,201350943,11/04/13,Thu,2020,AC,CS1C,372A 671A 134B ,G,R,W,DO,L , ,N,C,100,0,0,0,,,1753039,5432992,-41.23999962,174.8262931
Wellington City,2/962/15.567,800,N, ,NGAURANGA ON NBD,201350947,12/04/13,Fri,1710,FD,CN14V,181A 330A ,,R,D,B ,F , ,N,N,100,0,0,0,,,1752877,5432874,-41.24109265,174.8243904
Wellington City,2/962/15.567,800,N, ,NGAURANGA ON NBD,201352391,21/06/13,Fri,1710,FD,CN1CC,181A 191B 191C ,,R,W,TO,F , ,N,C,100,0,0,0,,,1752877,5432874,-41.24109265,174.8243904
Wellington City,2/962/15.681,60,S, ,HUTT ON NBD,201351056,9/04/13,Tue,1717,FD,CN1C,181A 331A 191B ,,R,D,TF,F , ,N,C,80,0,0,0,,,1752778,5432819,-41.24160654,174.8232233
Wellington City,2/962/15.697,3000,S, ,HOROKIWI ROAD,201354052,16/10/13,Wed,1008,FD,CN1C,181A ,,R,D,B ,F , ,N,C,100,0,0,0,,,1752766,5432810,-41.24168984,174.8230824
Wellington City,2/962/15.867,500,N, ,NGAURANGA ON NBD,201354226,1/11/13,Fri,1119,CC,CN1,150A 386A ,G,R,D,B ,F , ,N,C,80,0,0,0,,,1752633,5432700,-41.24270532,174.8215234
Wellington City,2/962/15.917,450,S, ,NGAURANGA ON NBD,201312000,13/06/13,Thu,1100,QG,4S1C,682A 137B ,,R,W,O ,L , ,N,C,100,0,0,1,,,1752593,5432669,-41.24299197,174.8210541
Wellington City,2/962/16.067,300,N, ,NGAURANGA ON NBD,201324302,28/11/13,Thu,1617,FD,VN1CC,181A 353A ,,R,W,TO,H , ,N,C,100,0,0,1,,,1752472,5432581,-41.24380708,174.8196327
Wellington City,2/962/16.117,250,N, ,NGAURANGA ON NBD,201353408,15/07/13,Mon,1839,FD,CN1C,181A 330A ,,R,D,DO,F , ,N,C,100,0,0,0,,,1752431,5432553,-41.24406691,174.8191507
Wellington City,2/962/16.117,250,N, ,NGAURANGA ON NBD,201354228,24/10/13,Thu,1634,FD,CN1VC,181A 191B 191C ,,R,W,O ,H , ,N,R,80,0,0,0,,,1752431,5432553,-41.24406691,174.8191507
Wellington City,2/962/16.167,200,N, ,NGAURANGA ON NBD,201351358,13/04/13,Sat,1320,FD,CS1CV,181A 350A ,,R,W,O ,F , ,N,C,100,0,0,0,,,1752391,5432522,-41.24435355,174.8186813
Wellington City,2/962/16.17,560,N, ,NGAURANGA ON NBD OBR,201312282,12/06/13,Wed,1710,FD,CN1C,181A ,,E,D,TO,F , ,N,C,100,0,0,1,,,1752384,5432532,-41.24426484,174.8185953
Wellington City,2/962/16.177,4000,S, ,PETONE ON SBD,201312739,16/10/13,Wed,820,AC,MS1V,137A 372A 370B ,G,R,D,B ,F , ,N,C,100,0,0,1,,,1752384,5432516,-41.24440889,174.8185993
Wellington City,2/962/16.267,100,E, ,NGAURANGA ON NBD,201350479,1/03/13,Fri,1623,FD,CN1C,110A 181A ,,R,D,B ,F , ,N,N,100,0,0,0,,,1752316,5432457,-41.2449529,174.8178028
Wellington City,2/962/16.367,, ,I,NGAURANGA ON NBD,201354181,26/09/13,Thu,1145,CB,CN1,357A 410A ,G,R,D,B ,F ,T,N,C,100,0,0,0,,,1752244,5432387,-41.24559669,174.8169614
Wellington City,2/962/16.57,400,N, ,SH 1N,201350662,20/03/13,Wed,2145,AA,CN1C,353A 372A 402A ,,R,D,DO,F , ,N,C,100,0,0,0,,,1752091,5432259,-41.24677791,174.8151682
Wellington City,2/962/16.58,390,S, ,HUTT ROAD,201350105,7/01/13,Mon,1725,AA,CS1C,372A 381A ,,M,D,B ,F , ,N,C,80,0,0,0,,,1752083,5432253,-41.24683344,174.8150743
Wellington City,2/962/16.58,150,N, ,NGAURANGA ON NBD OBR,201355582,18/11/13,Mon,1656,FD,CN1CC,181A 357A 357B ,,R,D,B ,F , ,N,R,100,0,0,0,,,1752083,5432253,-41.24683344,174.8150743
Wellington City,2/962/16.817,150,N, ,SH 1N,201350085,14/01/13,Mon,848,FA,CS1T,112A 181A 801 ,,R,W,O ,H , ,N,N,100,0,0,0,,,1751906,5432091,-41.24832525,174.8130032
Wellington City,2/962/16.917,50,N, ,SH 1N,201352042,13/02/13,Wed,900,FD,CS1CC,181A 331A ,,R,D,B ,F , ,N,C,100,0,0,0,,,1751828,5432029,-41.24889811,174.8120881
Wellington City,SH 1N,, ,I,2/962/16.97,201351562,16/05/13,Thu,1643,AC,TN2C,353A 372A ,,R,D,O ,F ,T,N,C,100,0,0,0,,,1751775,5432014,-41.24904311,174.8114596
Wellington City,ABEL SMITH ST,, ,I,KELVIN GROVE,201443337,9/09/14,Tue,1525,MC,4W1C,372B ,,R,D,B ,F ,T,N,C,70,0,0,0,,,1748603,5426808,-41.29650455,174.7748883
Wellington City,ADELAIDE ROAD,, ,I,ALFRED ST,201412339,10/04/14,Thu,1100,MC,SN1C,372B ,,R,D,O ,F ,T,G,P,50,0,0,1,,34,1748989,5426219,-41.30173639,174.7796407
Wellington City,ADELAIDE ROAD,, ,I,BRITOMART ST,201433491,23/03/14,Sun,2201,LB,CN1C,303B 375B ,,R,D,DO,F ,X,T,P,50,0,0,0,,,1748579,5424122,-41.32069216,174.7752579
Wellington City,ADELAIDE ROAD,20,N, ,BROOMHEDGE ST,201446074,18/10/14,Sat,1430,EA,CN1C,129A 330A ,M,R,D,B ,F , , ,C,50,0,0,0,,,1748920,5425953,-41.30414404,174.778882
Wellington City,ADELAIDE ROAD,, ,I,BROWN ST,201435987,8/04/14,Tue,1545,FD,4S1C,181A ,,R,W,OF,L ,T,G,C,50,0,0,0,,,1748960,5426106,-41.30275913,174.7793221
Wellington City,ADELAIDE ROAD,20,S, ,DRUMMOND ST,201449753,17/11/14,Mon,1105,CC,CN1V,125A 350A ,M,R,D,O ,S ,T,S,P,50,0,0,0,,,1748888,5425825,-41.30530238,174.7785313
Wellington City,ADELAIDE ROAD,, ,I,DRUMMOND ST,201415066,19/08/14,Tue,1732,LB,PN1C,303B ,,R,D,TF,F ,T,G,P,50,0,0,1,,,1748893,5425844,-41.30513039,174.7785863
Wellington City,ADELAIDE ROAD,, ,I,DRUMMOND ST,201411905,28/02/14,Fri,827,GB,MN1C,101B 372B ,,R,D,BF,F ,T,G,C,50,0,0,1,,,1748893,5425844,-41.30513039,174.7785863
Wellington City,ADELAIDE ROAD,, ,I,DRUMMOND ST,201443334,3/09/14,Wed,1215,AD,CN1V,129A 150A ,,R,D,B ,F ,T,G,P,50,0,0,0,,,1748893,5425844,-41.30513039,174.7785863
Wellington City,ADELAIDE ROAD,90,S, ,DUPPA ST,201417508,30/10/14,Thu,838,NA,TS1E,712B 713B 727B ,,R,D,BF,F , ,N,L,50,0,1,0,6,,1748556,5423741,-41.32412669,174.7750763
Wellington City,ADELAIDE ROAD,50,N, ,HALL ST,201451072,2/12/14,Tue,155,CB,CS1CC,101A 129A ,M,R,D,DO,F , ,N,C,50,0,0,0,,,1748753,5425295,-41.31009909,174.777049
Wellington City,ADELAIDE ROAD,10,S, ,HALL ST,201416511,4/09/14,Thu,30,AO,CS1S,183A 434A ,,R,D,DO,F ,X,T,C,50,0,0,1,,19,1748739,5425236,-41.31063287,174.7768962
Wellington City,ADELAIDE ROAD,20,S, ,HOSPITAL ROAD,201414026,9/07/14,Wed,1245,NF,XS1E,370A 714B 930 ,,R,D,B ,F ,D,N,C,50,0,0,1,57,,1748857,5425705,-41.30638851,174.7781905
Wellington City,ADELAIDE ROAD,20,S, ,HOSPITAL ROAD,201441193,11/07/14,Fri,1210,KA,CN1C,387B 927 ,,R,D,BF,F ,D,N,P,50,0,0,0,,,1748857,5425705,-41.30638851,174.7781905
Wellington City,ADELAIDE ROAD,, ,I,JOHN ST,201410681,24/02/14,Mon,1135,FE,VN1C,420A 610A ,,R,D,B ,F ,X,T,C,50,0,0,1,,,1748832,5425608,-41.30726645,174.7779157
Wellington City,ADELAIDE ROAD,, ,I,JOHN ST,201438896,15/07/14,Tue,1600,FE,CN14,181A ,,R,D,BF,F ,X,T,C,50,0,0,0,,,1748832,5425608,-41.30726645,174.7779157
Wellington City,ADELAIDE ROAD,, ,I,KING ST,201413503,8/07/14,Tue,1248,FD,CN1CCC,181A 359A 181B 181C ,,R,D,B ,F ,T,G,C,50,0,0,1,,,1748937,5426020,-41.30353767,174.7790686
Wellington City,ADELAIDE ROAD,, ,I,KING ST,201417692,19/12/14,Fri,1256,JA,CN1V,302B 375B ,,R,D,B ,F ,T,G,C,50,0,0,1,,,1748937,5426020,-41.30353767,174.7790686
Wellington City,ADELAIDE ROAD,, ,I,KING ST,201410418,30/01/14,Thu,1556,LB,MN1V,303B 314B ,,R,D,B ,F ,T,G,C,50,0,0,1,,,1748937,5426020,-41.30353767,174.7790686
Wellington City,ADELAIDE ROAD,, ,I,KING ST,201414533,24/06/14,Tue,830,LB,MN1V,314B 377B ,,R,D,B ,F ,T,G,P,50,0,0,2,,,1748937,5426020,-41.30353767,174.7790686
Wellington City,ADELAIDE ROAD,5,N, ,OXFORD ST,201450895,8/12/14,Mon,758,FD,CS14,181A 922 ,,R,W,BF,F ,D,N,P,50,0,0,0,,,1748947,5426057,-41.3032027,174.7791789
Wellington City,ADELAIDE ROAD,20,N, ,OXFORD ST,201412725,10/04/14,Thu,1638,JA,SS1C,308B 375B 839 922 ,,R,W,OF,L ,D,N,P,50,0,0,1,,45,1748951,5426072,-41.30306691,174.779223
Wellington City,ADELAIDE ROAD,, ,I,OXFORD ST,201440018,8/07/14,Tue,2228,KB,CN1C,302B ,,R,D,DO,F ,T,G,P,50,0,0,0,,,1748946,5426053,-41.3032389,174.779168