TLA NAME,CRASH ROAD,CRASH DIST,CRASH DIRN,INTSN,SIDE ROAD,CRASH ID,CRASH DATE,CRASH DOW,CRASH TIME,MVMT,VEHICLES,CAUSES,OBJECTS STRUCK,ROAD CURVE,ROAD WET,LIGHT,WTHRa,JUNC TYPE,TRAF CTRL,ROAD MARK,SPD LIM,CRASH FATAL CNT,CRASH SEV CNT,CRASH MIN CNT,PERS AGE1,PERS AGE2,EASTING,NORTHING,latitude,longitude
Wellington City,ADELAIDE ROAD,100,S, ,RIDDIFORD ST,201430708,3/02/14,Mon,1930,EA,CN1C,129A ,Q,R,D,BF,F , ,N,C,50,0,0,0,,,1748807,5425511,-41.3081444,174.7776409
Wellington City,ADELAIDE ROAD,40,S, ,SH 1N,201414242,13/08/14,Wed,822,AA,CN1S,353A 372A ,,R,D,B ,F , ,N,C,50,0,0,1,,23,1748995,5426246,-41.30149219,174.7797057
Wellington City,ADELAIDE ROAD,100,S, ,SH 1N,201413135,15/05/14,Thu,1036,GB,SN1C,158A 175B 372B 924 ,,R,D,B ,F ,D, ,P,50,0,0,1,,24,1748980,5426188,-41.30201716,174.7795409
Wellington City,AITKEN ST,15,E, ,GUTHRIE ST,201435620,22/04/14,Tue,1718,ME,CE1C,387A 372B ,,R,D,O ,F , , ,N,50,0,0,0,,,1749007,5428966,-41.27700064,174.7791834
Wellington City,AKAROA DRIVE,30,N, ,RANGITANE ST,201445609,12/10/14,Sun,500,DA,CN1C,101A 111A 131A ,,M,D,TO,F , , ,C,50,0,0,0,,,1752147,5425486,-41.3077465,174.8175276
Wellington City,ALEXANDRA ROAD,50,N, ,CONSTABLE ST,201451078,26/12/14,Fri,120,DA,CS1,101A 129A ,X,M,D,DO,F , ,N,C,50,0,0,0,,,1749720,5425015,-41.31244114,174.7886646
Wellington City,ALEXANDRA ROAD,90,E, ,HEPARA ST,201440173,13/07/14,Sun,330,EA,BS1C,386A ,M,S,W,DN,F , ,N,C,50,0,0,0,,,1750536,5426788,-41.29632639,174.7979699
Wellington City,ALLEN ST,5,N, ,COURTENAY PLACE,201430348,11/01/14,Sat,300,MO,4N1X,103A 386A ,M,R,D,DO,F ,T,N,N,30,0,0,0,,,1749211,5427111,-41.29366434,174.7820726
Wellington City,ALLEN ST,60,S, ,WAKEFIELD ST,201449972,10/08/14,Sun,28,MF,CN1C,372B ,,R,D,DO,F , , ,N,50,0,0,0,,,1749247,5427193,-41.2929194,174.7824822
Wellington City,ALLINGTON ROAD,50,E, ,THURLEIGH GROVE,201432201,17/02/14,Mon,1627,CC,CW1,501A ,C,R,D,B ,F , , ,C,50,0,0,0,,,1744161,5427693,-41.28934194,174.7216476
Wellington City,AOTEA QUAY,370,S, ,AOTEA ON NBD,201440034,9/06/14,Mon,1625,FD,CN1CC,331A ,,R,W,OF,H , ,N,C,50,0,0,0,,,1749622,5429760,-41.26973822,174.7863283
Wellington City,AOTEA QUAY,, ,I,AOTEA ON NBD,201435076,4/05/14,Sun,1120,AA,CN1C,372A 381A ,,R,D,B ,F ,T,N,C,70,0,0,0,,,1749546,5430121,-41.26650206,174.7853328
Wellington City,AOTEA QUAY,, ,A,RLY YARD ENT S,201446786,25/10/14,Sat,,EA,CN1T,386A ,M,R,D,B ,F , ,N,N,70,0,0,0,,,1749638,5429674,-41.27050956,174.7865403
Wellington City,APU CRESCENT,50,E, ,ONEPU ROAD S,201447631,21/11/14,Fri,2335,MO,CW1C,386A ,M,R,D,DO,F , ,N,C,50,0,0,0,,,1750297,5423338,-41.32743237,174.7959692
Wellington City,ARLINGTON ST,40,W, ,TORRENS TERRACE,201435149,12/02/14,Wed,1600,MO,CS1V,101A 371A 926 ,,E,D,B ,F ,D,N,N,50,0,0,0,,,1748388,5426506,-41.29926315,174.7723952
Wellington City,ARO ST,, ,I,ADAMS TERRACE,201411954,26/03/14,Wed,1648,LB,4E1S,303B 375B ,,M,D,BF,F ,T,N,C,50,0,0,1,,24,1747600,5427050,-41.29450975,174.7628555
Wellington City,ARO ST,20,W, ,BOSTON TERRACE,201439191,11/06/14,Wed,435,CB,CW1,131A 514A ,P,R,W,DO,F , ,N,C,50,0,0,0,,,1748062,5426925,-41.29555057,174.7684012
Wellington City,ARO ST,50,E, ,DURHAM ST,201447891,24/09/14,Wed,1835,CB,4W1CCC,195A ,M,R,D,DO,F , ,N,C,50,0,0,0,,,1747699,5426974,-41.29517591,174.7640558
Wellington City,ARO ST,10,W, ,DURHAM ST,201437548,9/06/14,Mon,830,GE,CE1C,160A ,,R,D,O ,F ,T,G,C,50,0,0,0,,,1747653,5427007,-41.29488721,174.7634986
Wellington City,ARO ST,10,W, ,WILLIS ST,201439189,17/06/14,Tue,435,MG,PE1C,371B 514B 517B ,,R,W,DO,F ,T,G,R,50,0,0,0,,,1748241,5426844,-41.29624699,174.7705579
Wellington City,ARTHUR CARMAN ST,, ,I,BURGESS ROAD,201446337,30/08/14,Sat,1600,DA,CW2CC,111A 131A ,M,M,D,BF,F ,T,G,C,50,0,0,0,,,1751671,5434985,-41.22231363,174.8094809
Wellington City,AUSTIN ST,, ,I,AUSTIN TERRACE,201438202,26/05/14,Mon,818,MO,BN1,129A 371A 385A ,C,R,D,BF,F ,T,S,C,50,0,0,0,,,1749459,5426198,-41.30183855,174.7852573
Wellington City,AVON ST,50,E, ,THE PARADE,201447649,25/11/14,Tue,800,QD,4E1C,428A ,M,R,D,OF,M , ,N,C,50,0,0,0,,,1748453,5422708,-41.33344617,174.7740985
Wellington City,AWARUA ST,300,N, ,KHANDALLAH ROAD,201413154,6/05/14,Tue,1620,BA,CN14,363A 370A 386A 818 902 ,,R,D,B ,F , , ,N,50,0,0,1,,,1748584,5432454,-41.24567435,174.773285
Wellington City,BALLANCE ST,200,N, ,FEATHERSTON ST,201435160,8/04/14,Tue,2230,EA,CN1C,386A ,M,R,D,DO,F , ,N,C,50,0,0,0,,,1748776,5428609,-41.28025747,174.7765136
Wellington City,BALLANCE ST,, ,I,FEATHERSTON ST,201431313,5/03/14,Wed,840,LB,CE1C,302A 353A ,,E,D,OF,L ,X,G,C,50,0,0,0,,,1748888,5428443,-41.2817314,174.777891
Wellington City,BANK ROAD,100,N, ,GARDEN ROAD,201415148,11/08/14,Mon,951,MO,XS1V,130A 423A 929 ,FX,E,D,O ,F ,D, ,N,50,0,1,0,,,1747762,5428615,-41.28038962,174.7644097
Wellington City,BARNETT ST,60,N, ,CABLE ST,201449233,9/12/14,Tue,1327,MG,CN1C,371B ,,R,D,B ,F , , ,N,50,0,0,0,,,1749293,5427402,-41.29102918,174.7829801
Wellington City,BASSETT ROAD,, ,I,MIDDLETON ROAD,201446362,24/10/14,Fri,845,HA,CE1C,302A 375A ,,M,D,ON,F ,R,G,R,50,0,0,0,,,1751519,5435189,-41.22050541,174.8076178
Wellington City,BAY ROAD,5,N, ,COUTTS ST,201433111,30/01/14,Thu,1227,MO,TS1C,386B 902 927 ,,R,D,B ,F ,D,N,C,50,0,0,0,,,1750179,5424180,-41.31987358,174.7943518
Wellington City,BAY ROAD,20,N, ,COUTTS ST,201435583,30/04/14,Wed,1130,AO,4N1C,150A 386A ,,R,D,B ,F , , ,C,50,0,0,0,,,1750182,5424194,-41.31974698,174.7943842
Wellington City,BAY ROAD,100,N, ,COUTTS ST,201443945,21/08/14,Thu,1649,MO,VS1,402A 420A ,H,R,W,BF,LS, ,N,C,50,0,0,0,,,1750204,5424271,-41.31904962,174.7946279
Wellington City,BAY ROAD,25,N, ,RONGOTAI ROAD,201444945,3/10/14,Fri,1105,LB,CS1T,303B 927 ,,R,D,O ,F ,D,N,C,30,0,0,0,,,1750247,5424422,-41.31768211,174.7951041
Wellington City,BAY ROAD,20,S, ,RONGOTAI ROAD,201444683,26/09/14,Fri,1515,AO,CN1C,381A ,,R,D,B ,F , ,N,C,50,0,0,0,,,1750235,5424379,-41.31807149,174.7949714
Wellington City,BAY ROAD,40,S, ,RONGOTAI ROAD,201430909,26/02/14,Wed,1620,EA,CS14,129A ,M,R,D,BF,F , ,N,C,50,0,0,0,,,1750229,5424359,-41.31825268,174.7949047
Wellington City,BAY ROAD,, ,I,RONGOTAI ROAD,201447632,26/11/14,Wed,1305,GD,BS1C,179A ,Q,R,D,BF,F ,X,T,C,50,0,0,0,,,1750240,5424398,-41.3178995,174.7950264
Wellington City,BEACON HILL ROAD,, ,I,TANNADYCE ST,201434995,19/04/14,Sat,2340,BF,CN1C,111A 131A ,,E,W,DN,L ,T,N,N,50,0,0,0,,,1752979,5423386,-41.32649578,174.8279901
Wellington City,BEAUCHAMP ST,, ,I,KARORI ROAD,201434402,26/03/14,Wed,1630,MO,CN1C,350B 371B ,,M,D,O ,F ,T,G,P,50,0,0,0,,,1745452,5428164,-41.28486965,174.7369462
Wellington City,BEAZLEY AVENUE,, ,I,PAULINE WAY,201410680,24/02/14,Mon,750,EA,CE1T,330A 370A ,M,R,D,B ,F ,T,N,C,50,0,0,1,,,1752605,5435778,-41.21499838,174.8204204
Wellington City,BIDWILL ST,100,W, ,WALLACE ST,201450791,30/12/14,Tue,1335,EA,CW1C,129A 385A ,M,R,D,BF,F , ,N,C,50,0,0,0,,,1748426,5426196,-41.30204723,174.7729245
Wellington City,BOLTON ST,, ,I,MOWBRAY ST,201410509,23/01/14,Thu,1740,LB,SN1C,303B 375B ,,R,D,BF,F ,T,N,C,50,0,0,1,,47,1748621,5428691,-41.27954772,174.7746436
Wellington City,BOLTON ST,10,W, ,THE TERRACE,201439218,24/06/14,Tue,1030,MO,CE1P,371A ,M,E,W,O ,L ,T,N,C,50,0,0,0,,,1748678,5428694,-41.27951022,174.7753232
Wellington City,BOLTON ST,15,W, ,THE TERRACE,201437157,28/05/14,Wed,802,AO,TE1C,125A 129A ,,R, , F,  , ,N,N,50,0,0,0,,,1748673,5428695,-41.27950214,174.7752633
Wellington City,BOND ST,, ,I,VICTORIA ST,201437154,30/05/14,Fri,2000,JC,CW1C,302A 375A ,,R,D,DO,F ,T,G,N,50,0,0,0,,,1748711,5427594,-41.28940795,174.7759857
Wellington City,BOWEN ST,25,W, ,BALLANTRAE PLACE,201417794,17/12/14,Wed,1159,MB,CW1C,372B ,,E,D,B ,F ,T,N,R,50,0,0,1,,,1748449,5428856,-41.27809378,174.7725506
Wellington City,BOWEN ST,, ,I,LAMBTON QUAY,201435159,9/04/14,Wed,850,MC,4N1C,372B ,,R,D,B ,F ,X,T,C,50,0,0,0,,,1748819,5428688,-41.27953827,174.7770076
Wellington City,BOWEN ST,90,E, ,MUSEUM ST,201444156,21/08/14,Thu,2010,MB,CE1C,303A 375A ,,S,W,DO,S , ,N,C,50,0,0,0,,,1748806,5428753,-41.27895544,174.7768365
Wellington City,BOWEN ST,, ,I,THE TERRACE,201417833,27/11/14,Thu,816,LB,SE1T,303B 375B ,,S,D,B ,F ,T,T,C,50,0,0,1,,31,1748701,5428774,-41.27878571,174.7755782
Wellington City,BOWEN ST,, ,I,THE TERRACE,201431463,7/02/14,Fri,2208,JA,CW1X,322A 334A ,,R,D,DO,F ,T,T,R,50,0,0,0,,,1748701,5428774,-41.27878571,174.7755782
Wellington City,BOWEN ST,50,W, ,TINAKORI OFF NBD,201415397,5/09/14,Fri,1425,NF,XE1E,711B ,,E,D,B ,F , ,N,C,50,0,0,1,43,,1748430,5428839,-41.27825034,174.772328
Wellington City,BOX HILL,, ,I,BARODA ST,201414589,10/07/14,Thu,1428,GD,CS14C,331A 387A ,,R,D,B ,F ,T,G,C,50,0,0,1,,,1750191,5432817,-41.24210919,174.7923656
Wellington City,BOX HILL,, ,I,CLARK ST,201437692,7/06/14,Sat,1915,KA,CN1C,145A 370A 302B 387B ,,E,D,DO,F ,T,G,C,50,0,0,0,,,1750048,5432525,-41.24476474,174.7907316
Wellington City,BOX HILL,, ,I,CLARK ST,201414999,5/04/14,Sat,1150,FC,CS14,181A ,,R,D,BF,F ,T,G,C,50,0,0,1,,,1750048,5432525,-41.24476474,174.7907316
Wellington City,BOX HILL,20,S, ,WOODMANCOTE ROAD,201410115,13/01/14,Mon,1327,NB,CS1E,719B ,,R,D,B ,F , , ,C,50,0,0,1,20,,1750106,5432636,-41.24375459,174.7913962
Wellington City,BOX HILL,20,S, ,WOODMANCOTE ROAD,201442109,26/08/14,Tue,830,NA,CS1E,712B 713B ,,R,W,O ,F , , ,C,50,0,0,0,,,1750106,5432636,-41.24375459,174.7913962
Wellington City,BRACKEN ROAD,100,N, ,OSWALD CRESCENT,201436832,16/05/14,Fri,1529,GD,CN1C,333A 363A 370A 902 929 ,,E,D,B ,F ,D, ,C,50,0,0,0,,,1752781,5435096,-41.22110544,174.8226894
Wellington City,BRANDON ST,30,W, ,CUSTOMHOUSE QUAY,201441433,18/07/14,Fri,1110,FA,XW1C,181A ,,R,W,O ,F , ,N,N,50,0,0,0,,,1748849,5428226,-41.28369234,174.7774785
Wellington City,BRANDON ST,, ,I,LAMBTON QUAY,201446987,4/11/14,Tue,930,AO,CW1C,385A ,,R,D,BF,F ,T,T,C,50,0,0,0,,,1748688,5428300,-41.28305574,174.7755388
Wellington City,BREAKER BAY ROAD,340,S, ,PASS OF BRANDA,201413109,11/05/14,Sun,1504,MC,MS1C,372B 402B ,,E,D,B ,F , , ,C,50,0,1,0,,,1753146,5422830,-41.33146981,174.8301248
Wellington City,BRITOMART ST,30,E, ,ADELAIDE ROAD,201446749,10/10/14,Fri,2341,EA,CE1C,386A ,M,R,D,DO,F , ,N,C,50,0,0,0,,,1748549,5424124,-41.32067968,174.7748991
Wellington City,BRITOMART ST,60,W, ,ADELAIDE ROAD,201441439,14/07/14,Mon,759,EA,CE1CC,129A 197A ,CM,R,W,O ,L , ,N,C,50,0,0,0,,,1748519,5424126,-41.3206672,174.7745403
Wellington City,BRITOMART ST,, ,I,ADELAIDE ROAD,201417733,4/12/14,Thu,1445,NF,CE1E,307A 376A ,,M,D,O ,L ,X,T,C,50,0,0,1,63,,1748579,5424122,-41.32069216,174.7752579
Wellington City,BROADWAY,80,E, ,CAVENDISH SQUARE,201441337,27/07/14,Sun,1452,DA,CS1C,131A 358A ,MP,M,D,B ,F , , ,P,50,0,0,0,,,1752871,5423610,-41.32449956,174.8266439
Wellington City,BROADWAY,, ,I,CRAWFORD GREEN W,201433870,11/04/14,Fri,1308,JA,CE1C,302B ,,R,W,O ,L ,T,G,C,50,0,0,0,,,1751895,5423548,-41.32524222,174.8150028
Wellington City,BROADWAY,20,W, ,GLAMIS AVENUE,201444154,2/09/14,Tue,930,EA,4W1C,129A ,M,R,D,BF,F , ,N,N,50,0,0,0,,,1752412,5423630,-41.32440639,174.821157
Wellington City,BROADWAY,50,W, ,IRA ST,201415291,3/08/14,Sun,1100,EA,CE1CC,101A 129A 410A ,M,R,D,OF,F , ,N,C,30,0,0,1,,,1752283,5423592,-41.32477289,174.8196258
Wellington City,BROADWAY,, ,I,SLIP,201447407,7/10/14,Tue,1635,JO,CW1C,308A 924 ,,R,D,B ,F ,D,G,N,10,0,0,0,,,1751477,5423533,-41.3254559,174.8100143
Wellington City,BROADWAY,, ,I,STRATHMORE AVENUE,201430710,30/01/14,Thu,1945,HA,CW1C,302A 375A ,,R,D,DO,F ,R,G,R,30,0,0,0,,,1752348,5423615,-41.32455353,174.8203964
Wellington City,BROADWAY,, ,I,STRATHMORE AVENUE,201416889,19/11/14,Wed,1011,HA,CW1S,302A 375A ,,E,D,B ,F ,R,G,P,30,0,0,1,,37,1752348,5423615,-41.32455353,174.8203964
Wellington City,BROADWAY,40,W, ,THE QUADRANT,201418813,18/04/14,Fri,2343,CC,CW1CC,104A 112A ,MMP,R,W,DO,L , ,N,P,50,0,0,1,,,1752103,5423554,-41.32514898,174.8174855
Wellington City,BROADWAY,20,W, ,WAYSIDE WEST,201436929,23/03/14,Sun,122,CC,CE1C,103A 130A ,M,R,D,DO,F , , ,C,50,0,0,0,,,1751709,5423542,-41.32533125,174.8127829
Wellington City,BRODERICK ROAD,10,W, ,JOHNSONVILLE ROAD,201446224,12/08/14,Tue,1200,FE,CE1C,353A 387A ,,R, , F,  ,T,T,C,50,0,0,0,,,1751473,5434720,-41.22473662,174.8071855
Wellington City,BRODERICK ROAD,15,W, ,JOHNSONVILLE ROAD,201435372,3/04/14,Thu,1740,FD,CW1M,181A 902 ,,R,D,B ,F , , ,C,50,0,0,0,,,1751468,5434721,-41.22472855,174.8071256
Wellington City,BRODERICK ROAD,60,W, ,JOHNSONVILLE ROAD,201414165,9/06/14,Mon,1730,NB,CE1E,306A ,,R,W,DO,H , ,N,X,50,0,0,1,8,,1751423,5434728,-41.22467395,174.8065873
Wellington City,BROOKLYN ROAD,15,N, ,BIDWILL ST,201447919,9/11/14,Sun,1000,FA,CN14,181A 434A ,,E,D,B ,F , , ,C,50,0,0,0,,,1748122,5426091,-41.30304845,174.7693205
Wellington City,BROOKLYN ROAD,200,S, ,BIDWILL ST,201440808,19/07/14,Sat,1150,BF,CS1C,111A 131A 801 ,,M,W,O ,L , , ,C,50,0,0,0,,,1747983,5426151,-41.30253375,174.7676463
Wellington City,BROOKLYN ROAD,40,S, ,NAIRN ST N,201445477,25/09/14,Thu,1551,MC,CN1C,372B 831 ,,M,D,O ,F , , ,C,50,0,0,0,,,1748166,5426727,-41.29731417,174.769691
Wellington City,BROOKLYN ROAD,400,S, ,NAIRN ST N,201416937,18/07/14,Fri,1928,MC,MS1X,372B ,,M,D,DO,F , ,N,P,50,0,1,0,,,1748069,5426409,-41.30019508,174.7686103
Wellington City,BROOKLYN ROAD,80,N, ,NAIRN ST S,201412145,7/04/14,Mon,835,MC,MN1C,372B ,,E,W,O ,L , , ,L,50,0,0,1,,,1748110,5426359,-41.30063773,174.769112
Wellington City,BROOKLYN ROAD,30,E, ,OHIRO ROAD,201437025,17/05/14,Sat,1620,FD,CE1C,110A 181A ,,M,D,B ,F , , ,C,50,0,0,0,,,1747723,5426136,-41.30271644,174.7645457
Wellington City,BROOKLYN ROAD,, ,I,OHIRO ROAD,201415719,11/08/14,Mon,825,JA,SE1C,302B 377B ,,M,W,OF,F ,T,G,C,50,0,0,1,,29,1747693,5426137,-41.30271293,174.7641873
Wellington City,BROOKLYN ROAD,, ,I,OHIRO ROAD,201416198,11/08/14,Mon,1840,JC,MN2C,302B 375B ,,M,D,DO,F ,T,G,C,50,0,1,0,,,1747693,5426137,-41.30271293,174.7641873
Wellington City,BROOKLYN ROAD,, ,I,OHIRO ROAD,201412266,12/05/14,Mon,1555,DA,BW1,330A 386A ,P,M,D,O ,F ,T,G,P,50,0,0,1,,,1747693,5426137,-41.30271293,174.7641873
Wellington City,BROOKLYN ROAD,, ,I,OHIRO ROAD,201433432,15/03/14,Sat,2155,DA,CN1,132A 402A 901 ,P,M,W,DO,HS,T,G,C,50,0,0,0,,,1747693,5426137,-41.30271293,174.7641873
Wellington City,BROOKLYN ROAD,300,S, ,WILLIS ST,201448091,20/11/14,Thu,630,EA,CS1CCC,410A ,MM,R,D,B ,F , , ,C,50,0,0,0,,,1748066,5426506,-41.29932229,174.7685509
Wellington City,BROOKLYN ROAD,, ,I,WILLIS ST,201431310,20/02/14,Thu,1723,FE,PW24,181A ,,R,D,BF,F ,T,T,C,50,0,0,0,,,1748205,5426734,-41.29724399,174.7701549
Wellington City,BROOKLYN TERRACE,, ,I,OHIRO ROAD,201433253,24/02/14,Mon,830,LB,XS1C,302A 375A ,,M,D,BF,F ,Y,G,C,50,0,0,0,,,1747687,5426126,-41.30281306,174.7641183
Wellington City,BRUSSELS ST,15,E, ,PARK ROAD,201435607,6/05/14,Tue,950,AC,CN1C,372A ,,R,D,B ,F ,X,G,C,50,0,0,0,,,1752226,5424849,-41.31346664,174.8186303
Wellington City,BUCKINGHAM ST,50,N, ,TAVISTOCK ROAD,201447405,2/10/14,Thu,1930,MO,4S1CC,371A 386A ,M,M,D,DO,F , ,N,N,50,0,0,0,,,1749865,5423608,-41.3250819,174.7907429
Wellington City,BUCKLE ST,25,E, ,SH 1N,201413763,4/06/14,Wed,908,MC,CE1S,372B ,,S,D,BF,F , ,N,C,50,0,0,1,,12,1749092,5426456,-41.29958356,174.7808124
Wellington City,BUCKLE ST,100,E, ,SUSSEX ST,201445964,18/10/14,Sat,1439,FD,CW1C,181A 331A ,,R,D,B ,F , , ,C,50,0,0,0,,,1749068,5426467,-41.29948896,174.7805232
Wellington City,BUCKLEY ROAD,200,S, ,ORCHY CRESCENT,201433405,29/03/14,Sat,1900,EA,CN1C,129A ,M,R,D,DO,F , ,N,C,50,0,0,0,,,1748794,5421499,-41.34426836,174.778468
Wellington City,BUCKLEY ROAD,100,S, ,SOUTHGATE ROAD,201431490,6/03/14,Thu,2330,EA,CS1V,129A ,M,R,D,DO,F , ,N,C,50,0,0,0,,,1749226,5422785,-41.33261018,174.7833131
Wellington City,BUCKLEY ROAD,420,S, ,SOUTHGATE ROAD,201437653,9/05/14,Fri,400,EA,CS1C,101A 129A ,M,M,D,DO,F , , ,C,50,0,0,0,,,1749307,5422496,-41.33519714,174.7843517
Wellington City,BUNNY ST,20,E, ,FEATHERSTON ST,201448284,19/12/14,Fri,1940,MO,CE1C,371A ,M,R,D,O ,F ,T,T,R,50,0,0,0,,,1749014,5428673,-41.27963736,174.7793386
Wellington City,BUNNY ST,15,W, ,WATERLOO QUAY,201410288,12/02/14,Wed,1457,PC,VE1E,371A 926 ,,R,D,B ,F ,D,N,C,50,0,0,1,39,,1749091,5428613,-41.28016336,174.7802723
Wellington City,BUNNY ST,150,W, ,WATERLOO QUAY,201448334,17/12/14,Wed,1518,FD,CE1C,181A 330A ,,R,D,B ,F , ,N,R,50,0,0,0,,,1748988,5428700,-41.27939907,174.7790217
Wellington City,BUNNY ST,, ,I,WATERLOO QUAY,201433966,13/04/14,Sun,20,FE,CE1C,112A 181A ,,R,D,DO,F ,T,T,C,50,0,0,0,,,1749102,5428604,-41.28024236,174.7804058
Wellington City,BURMA ROAD,300,S, ,HAUMIA ST,201432335,5/02/14,Wed,1635,FC,CN1CC,181A 331A 181B ,,R,D,O ,F , , ,P,50,0,0,0,,,1750712,5433968,-41.23164931,174.7982961
Wellington City,BURMA ROAD,, ,I,HAUMIA ST,201413016,16/05/14,Fri,1518,DA,CS14,111A 131A 507A ,MP,M,D,BF,F ,R,G,R,50,0,0,1,,,1750877,5434210,-41.22943972,174.8002041
Wellington City,BURMA ROAD,, ,I,JOHN SIMS DRIVE,201435918,4/04/14,Fri,1350,KB,CN1V,302B 375B ,,R,D,BF,F ,T,G,C,50,0,0,0,,,1750687,5433490,-41.23595761,174.7981159
Wellington City,CABLE ST,10,W, ,CHAFFERS ST,201433743,9/04/14,Wed,945,AA,CE1X,372A ,,R,W,O ,M ,T,T,C,50,0,0,0,,,1749344,5427312,-41.29183005,174.783611
Wellington City,CABLE ST,50,W, ,ORIENTAL PARADE,201415724,31/08/14,Sun,1526,FD,SE1C,181A 331A 353A ,,R,D,BF,F , ,N,X,50,0,0,1,,43,1749452,5427261,-41.29226924,174.7849127
Wellington City,CABLE ST,100,W, ,TORY ST,201436071,10/05/14,Sat,1750,AC,TW1C,372A 671A ,,R,D,DO,F , ,N,C,50,0,0,0,,,1749150,5427398,-41.29109163,174.781274
Wellington City,CABLE ST,, ,I,TORY ST,201430746,3/01/14,Fri,1330,FE,CE1X,181A ,,R,W,OF,H ,T,T,C,50,0,0,0,,,1749241,5427357,-41.29144395,174.7823704
Wellington City,CALEDONIA ST,20,E, ,MIRO ST,201432089,14/02/14,Fri,2250,CA,CE1,101A 130A ,IT,R,D,DO,F , ,N,R,50,0,0,0,,,1751583,5424012,-41.32112344,174.8111608
Wellington City,CAMBRIAN ST,, ,I,CUNLIFFE ST,201439827,7/06/14,Sat,2103,CC,CN1C,358A 645A 801 ,M,R,W,DO,L ,T,G,C,50,0,0,0,,,1751346,5436173,-41.21167842,174.8053112
Wellington City,CAMBRIDGE TERRACE,40,N, ,BARKER ST,201449241,10/11/14,Mon,1700,AC,CN1C,353A 372A ,,R,D,TF,F , , ,C,50,0,0,0,,,1749145,5426619,-41.29810621,174.7814052
Wellington City,CAMBRIDGE TERRACE,100,N, ,BUCKLE ST,201448088,27/11/14,Thu,930,EA,XN1T,129A ,M,R,D,O ,FS, , ,C,50,0,0,0,,,1749112,5426544,-41.29878757,174.7810296
Wellington City,CAMBRIDGE TERRACE,10,N, ,SH 1N,201417750,27/11/14,Thu,845,AA,CN1P,372A 381A ,,R,D,O ,F ,X,T,C,50,0,0,1,,,1749201,5426743,-41.29697944,174.7820434
Wellington City,CAMBRIDGE TERRACE,30,S, ,SH 1N,201414959,26/06/14,Thu,2126,AA,CN1P,197A 372A ,,R,W,DO,H , ,N,R,50,0,0,1,,,1749184,5426706,-41.29731571,174.7818495
Wellington City,CAMBRIDGE TERRACE,100,S, ,SH 1N,201430286,15/01/14,Wed,2200,MO,CN1C,371A ,M,R,D,DO,F , , ,C,50,0,0,0,,,1749156,5426642,-41.2978971,174.7815309
Wellington City,CARLTON GORE ROAD,10,N, ,MAIDA VALE ROAD,201435085,1/04/14,Tue,,MO,CN1C,386A ,M,R,W,B ,F ,T,N,C,50,0,0,0,,,1750844,5427681,-41.28822892,174.8014256
Wellington City,CARLTON GORE ROAD,, ,I,MAIDA VALE ROAD,201411071,22/02/14,Sat,1435,BF,MS1C,131A 402A 903 ,,M,D,B ,FS,T,N,C,50,0,0,1,,,1750845,5427671,-41.28831876,174.80144
Wellington City,CARLTON GORE ROAD,70,E, ,ORIENTAL PARADE,201442136,22/08/14,Fri,1036,DB,CW1C,129A 358A ,M,M,D,O ,F , , ,L,50,0,0,0,,,1750762,5427745,-41.28766802,174.8004309
Wellington City,CARLTON ST,110,S, ,SUTHERLAND ROAD,201417965,9/12/14,Tue,1138,MB,VS1M,303B ,,R,D,O ,F , , ,N,50,0,0,1,,,1749774,5423279,-41.3280609,174.7897371
Wellington City,CASHMERE AVENUE,50,N, ,IZARD ROAD,201413376,4/06/14,Wed,1215,EA,CS1C,129A ,M,R,D,B ,F , , ,L,50,0,0,1,,,1750455,5432431,-41.24553543,174.7956098
Wellington City,CASHMERE AVENUE,50,W, ,RAUMATI TERRACE,201445289,3/09/14,Wed,1640,EA,CW1CC,129A 363A 902 ,M,E,D,B ,F , , ,C,50,0,0,0,,,1750733,5432127,-41.24822068,174.7990011
Wellington City,CECIL ROAD,100,N, ,WADE ST,201415290,14/08/14,Thu,1420,EA,CS14,129A ,M,S,W,OF,H , ,N,C,50,0,0,1,,,1748459,5430497,-41.26331721,174.7722702
Wellington City,CENTENNIAL NBD,60,N, ,JARDEN MILE,201417140,3/10/14,Fri,2206,DB,CN1,111A 131A 402A ,CK,M,D,DO,F , , ,R,80,0,1,0,,,1751940,5432262,-41.24677929,174.8133662
Wellington City,CENTENNIAL SBD,, ,I,GLOVER ST,201413313,8/05/14,Thu,837,LB,SE14,377A 377B ,,R,D,B ,F ,T,S,P,100,0,0,1,,47,1751931,5432729,-41.24257643,174.8131426
Wellington City,CENTENNIAL SBD,20,N, ,JARDEN MILE,201449240,5/12/14,Fri,1420,FD,CS1C,386A ,,R,D,B ,F , , ,P,80,0,0,0,,,1751942,5432217,-41.24718407,174.8134013
Wellington City,CENTENNIAL SLIP ROAD,80,N, ,JARDEN MILE,201417666,7/12/14,Sun,1556,DB,CS1,131A 330A ,G,E,W,O ,L , ,N,C,80,0,0,1,,,1751954,5432278,-41.24663261,174.8135292