TLA NAME,CRASH ROAD,CRASH DIST,CRASH DIRN,INTSN,SIDE ROAD,CRASH ID,CRASH DATE,CRASH DOW,CRASH TIME,MVMT,VEHICLES,CAUSES,OBJECTS STRUCK,ROAD CURVE,ROAD WET,LIGHT,WTHRa,JUNC TYPE,TRAF CTRL,ROAD MARK,SPD LIM,CRASH FATAL CNT,CRASH SEV CNT,CRASH MIN CNT,PERS AGE1,PERS AGE2,EASTING,NORTHING,latitude,longitude
Wellington City,CHAYTOR ST,20,N, ,BIRDWOOD ST,201447414,14/10/14,Tue,2108,FD,CN1C,181A 331A 191B ,,R,D,DO,F , ,N,C,50,0,0,0,,,1746934,5427949,-41.28653708,174.7546877
Wellington City,CHAYTOR ST,, ,I,CURTIS ST,201416972,30/10/14,Thu,755,GA,SE1C,181A ,,R,D,BF,F ,T,G,P,50,0,0,1,,,1746843,5428162,-41.28463587,174.7535501
Wellington City,CHAYTOR ST,, ,I,RAROA CRESCENT,201416804,4/11/14,Tue,843,LB,SE1C,303B 387B ,,E,D,B ,F ,T,G,P,50,0,0,1,,47,1746887,5428152,-41.28471791,174.7540777
Wellington City,CHAYTOR ST,, ,I,WAIAPU ROAD,201440329,10/07/14,Thu,2353,DA,CW1,111A 131A ,KT,M,D,DO,F ,T,S,C,50,0,0,0,,,1746942,5427876,-41.28719288,174.7548008
Wellington City,CHESTERTON ST,50,S, ,BURGESS ROAD,201448610,23/10/14,Thu,2130,CC,CS1C,130A ,M,R,D,DO,F , , ,N,50,0,0,0,,,1751870,5434894,-41.22309561,174.8118765
Wellington City,CHESTERTON ST,200,S, ,BURGESS ROAD,201440324,20/07/14,Sun,530,EA,CS1C,103A 129A 801 ,M,R,W,DO,L , , ,N,50,0,0,0,,,1751841,5434747,-41.22442455,174.8115672
Wellington City,CHESTERTON ST,, ,I,BURGESS ROAD,201451070,28/12/14,Sun,357,BC,CE24,129A ,M,S,D,DO,F ,T,S,C,50,0,0,0,,,1751880,5434943,-41.22265257,174.8119836
Wellington City,CHILKA ST,20,W, ,BURWAH ST,201436398,18/04/14,Fri,1250,LB,CE1C,303B 375B 925 ,,R,D,BF,F ,D,N,C,50,0,0,0,,,1748478,5423962,-41.32215131,174.7740907
Wellington City,CHURCHILL DRIVE,310,N, ,BLACKBRIDGE ROAD,201416886,29/10/14,Wed,2335,BC,CN1C,111A 121A ,,M,D,DO,F , ,N,C,50,0,1,0,,,1747873,5430809,-41.26061556,174.7652022
Wellington City,CHURCHILL DRIVE,, ,I,BLACKBRIDGE ROAD,201434895,16/04/14,Wed,1645,DB,CS1,129A 131A ,K,E,W,OF,H ,T,G,R,50,0,0,0,,,1747702,5430570,-41.26279868,174.7632197
Wellington City,CHURTON DRIVE,20,S, ,HALSWATER DRIVE,201430752,30/01/14,Thu,1830,CC,CN1,137A ,Z,R,D,BF,F , ,N,N,50,0,0,0,,,1751588,5436648,-41.20735652,174.8080787
Wellington City,CLEVELAND ST,, ,I,WASHINGTON AVENUE,201413887,22/05/14,Thu,1530,BB,CS2P,124A ,,E,D,O ,F ,T,S,C,50,0,0,1,,,1747900,5425860,-41.30516897,174.7667261
Wellington City,CLIFTON TERRACE,20,N, ,BOULCOTT ST,201443191,18/08/14,Mon,1700,MO,VS1C,308A 929 ,,R,D,B ,F ,D,N,C,50,0,0,0,,,1748438,5428095,-41.28494745,174.7726047
Wellington City,CLIFTON TERRACE,100,S, ,SAN SEBASTIAN ROAD,201448336,20/12/14,Sat,1115,QD,VN1,330A 611A ,F,R,D,O ,F , ,N,C,50,0,0,0,,,1748490,5428320,-41.28291211,174.7731706
Wellington City,CLYDE ST,10,S, ,MERSEY ST,201445327,24/08/14,Sun,1120,FO,CN1C,129A 130A 358A ,M,R,D,O ,F ,X,S,C,50,0,0,0,,,1748430,5422244,-41.33762798,174.7739371
Wellington City,COBHAM DRIVE,100,N, ,SH 1N,201448771,25/11/14,Tue,832,FD,CS1CC,331A 358A 181B ,,R,D,O ,M , , ,R,70,0,0,0,,,1751507,5424609,-41.31576279,174.8101044
Wellington City,COBHAM DRIVE,40,N, ,SH 1N CALABAR,201432086,18/02/14,Tue,1540,FD,CS1C,423A ,,R,D,B ,F , , ,R,70,0,0,0,,,1751471,5424561,-41.31620171,174.8096865
Wellington City,COCHRANE ST,90,N, ,MOA POINT ROAD,201437057,31/05/14,Sat,2325,CA,CN1,103A 402A 433A ,CH,R,D,DO,F , , ,C,50,0,0,0,,,1750943,5423309,-41.32757278,174.8036921
Wellington City,COCKAYNE ROAD,20,E, ,QUETTA ST,201445875,21/10/14,Tue,1100,MA,CE1T,373B 817 ,,E,D,B ,F , ,P,C,50,0,0,0,,,1748921,5431730,-41.25213089,174.7774818
Wellington City,COCKAYNE ROAD,150,S, ,QUETTA ST,201413134,24/05/14,Sat,1230,EA,CS1C,129A 378A 831 901 ,M,M,W,O ,H , , ,C,50,0,0,1,,,1748886,5431586,-41.25343384,174.7770994
Wellington City,COLLINS AVENUE,40,E, ,FINDLAY ST,201437971,9/06/14,Mon,1424,MB,CW1C,372B 380B ,,R,W,O ,L , ,N,C,50,0,0,0,,,1753722,5442156,-41.15736378,174.8321367
Wellington City,COLOMBO ST,60,W, ,RINTOUL ST,201444912,27/09/14,Sat,2209,BA,CE1C,112A 125A 137B ,,R,W,DO,L , ,N,N,50,0,0,0,,,1748847,5425044,-41.31234161,174.7782328
Wellington City,CONSTABLE ST,15,W, ,COROMANDEL ST,201432337,8/02/14,Sat,1353,MD,4W1C,308B 371B 929 ,,R,W,O ,L ,D,N,C,50,0,0,0,,,1749522,5424996,-41.31264893,174.7863049
Wellington City,CONSTABLE ST,, ,I,DANIELL ST,201410287,13/02/14,Thu,1925,LB,SE1C,303B 375B ,,M,D,B ,F ,X,T,C,40,0,0,1,,24,1749193,5424928,-41.31332208,174.7823929
Wellington City,CONSTABLE ST,, ,I,HIROPI ST,201435183,3/04/14,Thu,1415,ND,CE1E,194A 711B ,P,R,D,B ,F ,T,N,C,50,0,0,0,,,1749445,5424982,-41.31278925,174.7853889
Wellington City,COROMANDEL ST,25,S, ,CONSTABLE ST,201438501,8/06/14,Sun,1741,QD,CS1CC,929,HMS,R,D,DO,F ,D, ,N,50,0,0,0,,,1749542,5424972,-41.3128613,174.7865497
Wellington City,COTSWOLD CRESCENT,15,W, ,SALFORD ST E,201444579,31/08/14,Sun,1910,EA,CW1T,101A 130A ,M,R,D,DO,F ,T,N,N,50,0,0,0,,,1752180,5434367,-41.22778214,174.8157045
Wellington City,COTSWOLD CRESCENT,15,W, ,SALFORD ST E,201418814,31/08/14,Sun,1910,EA,CW1T,129A ,M,R,D,DO,F , ,N,C,50,0,0,1,,,1752180,5434367,-41.22778214,174.8157045
Wellington City,COURTENAY PLACE,, ,I,ALLEN ST,201440019,13/07/14,Sun,55,AC,XE1X,372A ,,R,W,DO,L ,T,T,C,50,0,0,0,,,1749209,5427107,-41.29370072,174.7820497
Wellington City,COURTENAY PLACE,30,W, ,CAMBRIDGE TERRACE,201435087,29/04/14,Tue,1700,CB,VE1X,112A 129A ,,R,W,TO,F , ,N,C,50,0,0,0,,,1749322,5427084,-41.2938869,174.7834043
Wellington City,COURTENAY PLACE,50,W, ,CAMBRIDGE TERRACE,201433739,6/04/14,Sun,1215,MO,CW1C,371B ,,R,D,O ,F , , ,P,30,0,0,0,,,1749320,5427052,-41.29417538,174.7833882
Wellington City,COURTENAY PLACE,, ,I,CAMBRIDGE TERRACE,201415983,22/08/14,Fri,1946,DA,VS2XC,197A 323A 334A 801 ,,R,W,TO,L ,X,T,R,50,0,0,1,,,1749351,5427078,-41.29393556,174.7837519
Wellington City,COURTENAY PLACE,10,E, ,TARANAKI ST,201441310,3/08/14,Sun,1612,AA,BW1C,330A 372A ,,R,D,O ,F ,X,T,R,30,0,0,0,,,1748957,5427242,-41.2925318,174.7790083
Wellington City,COURTENAY PLACE,30,E, ,TARANAKI ST,201430861,7/02/14,Fri,1618,EA,CW14,129A ,M,R,D,BF,F , ,N,C,50,0,0,0,,,1748973,5427230,-41.29263689,174.7792022
Wellington City,COURTENAY PLACE,50,E, ,TARANAKI ST,201411908,30/03/14,Sun,205,NB,CE1E,713B ,,R,D,DO,F , ,N,R,50,0,1,0,18,,1748989,5427218,-41.29274198,174.7793962
Wellington City,COURTENAY PLACE,100,E, ,TARANAKI ST,201411066,6/03/14,Thu,2120,NB,SE1E,105B 713B ,,R,D,DO,F , , ,R,50,0,0,2,20,,1749029,5427188,-41.2930047,174.779881
Wellington City,COURTENAY PLACE,, ,I,TARANAKI ST,201437053,1/06/14,Sun,1930,FE,CW1C,331A 350A ,,R,D,TF,F ,X,T,N,50,0,0,0,,,1748949,5427247,-41.29248826,174.7789116
Wellington City,COURTENAY PLACE,10,E, ,TORY ST,201446293,2/11/14,Sun,325,MG,CE1C,109B 512B 514B ,,M,D,DO,F ,X,T,R,50,0,0,0,,,1749145,5427135,-41.29346045,174.7812788
Wellington City,COURTENAY PLACE,15,W, ,TORY ST,201446352,3/11/14,Mon,825,EE,BW1C,374B ,Q,R, , F,  ,X,T,C,50,0,0,0,,,1749122,5427145,-41.29337467,174.7810018
Wellington City,COURTENAY PLACE,25,W, ,TORY ST,201444175,30/07/14,Wed,1628,MO,XE1C,371A ,M,R,W,OF,L , ,N,R,50,0,0,0,,,1749113,5427149,-41.29334032,174.7808933
Wellington City,COURTENAY PLACE,50,W, ,TORY ST,201435148,11/02/14,Tue,1630,MO,CE1C,371A 926 ,M,R,D,B ,F ,D,N,N,50,0,0,0,,,1749090,5427159,-41.29325453,174.7806163
Wellington City,COURTENAY PLACE,, ,I,TORY ST,201434627,11/04/14,Fri,1730,FC,VW1X,181A ,,R,W,OF,L ,X,T,R,50,0,0,0,,,1749136,5427139,-41.2934261,174.7811704
Wellington City,COUTTS ST,20,E, ,BAY ROAD,201442252,6/08/14,Wed,1520,MA,CW1T,371B 927 ,,R,D,O ,F ,D,N,P,50,0,0,0,,,1750197,5424170,-41.31996026,174.7945692
Wellington City,COUTTS ST,50,E, ,BAY ROAD,201435084,26/04/14,Sat,730,MO,TE1V,371A 386A 927 ,,R,D,O ,F ,D,N,C,50,0,0,0,,,1750226,5424163,-41.32001788,174.7949173
Wellington City,COUTTS ST,50,W, ,ONEPU ROAD,201431409,15/02/14,Sat,1516,MO,TE1C,385A ,M,R,D,BF,F , ,N,P,50,0,0,0,,,1750237,5424160,-41.32004284,174.7950494
Wellington City,COUTTS ST,, ,I,YULE ST,201440327,27/06/14,Fri,1020,KB,CE1C,302B 382B ,,R,D,B ,F ,X,G,C,50,0,0,0,,,1750565,5424069,-41.32080097,174.7989891
Wellington City,CRAWFORD GREEN,60,N, ,BROADWAY W,201439427,30/06/14,Mon,,EA,CN1C,386A ,M,R,D,B ,F , ,N,C,50,0,0,0,,,1751893,5423608,-41.3247024,174.814964
Wellington City,CRAWFORD ROAD,, ,I,CRAWFORD ROAD W,201443017,3/09/14,Wed,1130,JA,VS2C,302A 375A ,,E,D,B ,F ,R,G,C,50,0,0,0,,,1749773,5424942,-41.31308854,174.7893155
Wellington City,CRAWFORD ROAD,, ,I,CRAWFORD ROAD W,201415534,10/08/14,Sun,1105,MO,CS2S,370A 204B 330B 505B ,,E,D,B ,F ,R,G,R,50,0,1,0,,39,1749773,5424942,-41.31308854,174.7893155
Wellington City,CRAWFORD ROAD,160,S, ,WELLINGTON ROAD,201440294,13/07/14,Sun,0,MO,4S1C,103A 352A 371A 514A ,M,M,D,DO,F , , ,L,50,0,0,0,,,1749874,5424824,-41.31413218,174.7905506
Wellington City,CRAWFORD ROAD,, ,I,WELLINGTON ROAD,201431619,21/01/14,Tue,1138,KA,MS1C,302B 901 ,,E,W,O ,H ,R,G,R,50,0,0,0,,,1749773,5424942,-41.31308854,174.7893155
Wellington City,CRAWFORD ST,, ,I,WELLINGTON ROAD,201418815,29/10/14,Wed,1745,JA,SS1C,302B 375B ,,R,D,OF,F ,R,G,R,50,0,0,1,,34,1749773,5424942,-41.31308854,174.7893155
Wellington City,CRESSWELL PLACE,40,W, ,SHERIDAN TERRACE,201446967,8/06/14,Sun,315,DA,CE1,111A 131A ,EF,M,D,DO,F , ,N,N,50,0,0,0,,,1751688,5434433,-41.22728031,174.8098207
Wellington City,CROYDON ST,170,S, ,VERSAILLES ST,201442865,24/08/14,Sun,2000,MO,CN1C,385A ,M,M,D,DN,F , ,N,C,50,0,0,0,,,1746210,5427243,-41.29302505,174.7462151
Wellington City,CUBA ST,50,N, ,ABEL SMITH ST,201443192,1/09/14,Mon,920,EE,CN1C,129A ,M,R,D,B ,F , , ,C,30,0,0,0,,,1748555,5426884,-41.29582912,174.7742968
Wellington City,CUBA ST,20,S, ,ABEL SMITH ST,201445881,6/09/14,Sat,1800,EA,CN14,129A ,M,R,D,O ,F , , ,C,50,0,0,0,,,1748526,5426820,-41.29641068,174.7739662
Wellington City,CUBA ST,, ,I,ABEL SMITH ST,201439345,3/07/14,Thu,1515,BA,CS1X,125A 839 ,,R,D,BF,F ,M,S,C,50,0,0,0,,,1748534,5426838,-41.29624714,174.7740573
Wellington City,CUBA ST,30,S, ,GARRETT ST,201434923,3/03/14,Mon,1137,QD,CN1C,428A ,M,R,D,BF,F , ,N,N,50,0,0,0,,,1748643,5427080,-41.29404824,174.7752995
Wellington City,CUBA ST,20,N, ,SH 1N,201430702,25/01/14,Sat,2145,MO,CS1C,371A 385A ,M,R,D,DO,F , ,N,C,50,0,0,0,,,1748615,5427018,-41.29461161,174.7749803
Wellington City,CUBA ST,20,N, ,SH 1N,201430853,1/01/14,Wed,10,EA,CN1C,129A ,M,R,D,DO,F , ,N,C,50,0,0,0,,,1748615,5427018,-41.29461161,174.7749803
Wellington City,CUBA ST,200,S, ,VIVIAN ST,201430774,25/01/14,Sat,1743,QD,CN1C,428A ,M,R,D,BF,F , ,N,P,50,0,0,0,,,1748525,5426818,-41.29642887,174.7739547
Wellington City,CURTIS ST,, ,I,ALBEMARLE ROAD,201446001,18/10/14,Sat,1425,KB,CN1C,302A 375A ,,R,D,B ,F ,R,G,R,50,0,0,0,,,1747088,5429114,-41.27601989,174.7562447
Wellington City,CURTIS ST,20,N, ,CHAYTOR ST,201442250,31/07/14,Thu,1825,EA,TS1C,129A ,M,R,D,DO,F ,T,G,C,50,0,0,0,,,1746843,5428182,-41.2844558,174.7535453
Wellington City,CURTIS ST,20,N, ,CHAYTOR ST,201435185,1/04/14,Tue,1600,EA,CN1C,129A ,M,R,D,B ,F , ,N,C,50,0,0,0,,,1746843,5428182,-41.2844558,174.7535453
Wellington City,CUSTOMHOUSE QUAY,, ,I,BRANDON ST,201436921,16/05/14,Fri,1335,AO,CN1V,129A ,,R,D,B ,F ,T,T,R,50,0,0,0,,,1748876,5428214,-41.2837954,174.7778037
Wellington City,CUSTOMHOUSE QUAY,40,S, ,GREY ST,201447857,30/10/14,Thu,1120,MO,CN1X,371A ,,R,D,BF,F , ,N,C,50,0,0,0,,,1748796,5428051,-41.28527771,174.7768887
Wellington City,CUSTOMHOUSE QUAY,, ,I,JERVOIS QUAY,201439219,21/06/14,Sat,1028,FB,CE1M,181A ,,R,D,O ,F ,T,G,C,50,0,0,0,,,1748869,5428191,-41.28400377,174.7777258
Wellington City,CUSTOMHOUSE QUAY,, ,I,JOHNSTON ST,201444908,24/09/14,Wed,2205,FE,CN1V,181A 331A ,,R,D,DO,F ,X,T,N,50,0,0,0,,,1748906,5428278,-41.28321365,174.7781461
Wellington City,CUSTOMHOUSE QUAY,, ,I,WHITMORE ST,201437654,29/05/14,Thu,750,FE,TN1C,181A 801 ,,R,W,O ,L ,T,T,R,50,0,0,0,,,1748982,5428438,-41.28175908,174.7790141
Wellington City,CUSTOMHOUSE QUAY,, ,I,WILLESTON ST,201433863,11/04/14,Fri,2208,MF,XW2C,129A 129B ,,M,W,DO,F ,X,T,C,30,0,0,0,,,1748740,5427923,-41.28644047,174.7762515
Wellington City,DANIELL ST,100,S, ,CONSTABLE ST,201415451,15/08/14,Fri,1530,NB,CS1,191A 710B 727B ,,R,D,O ,F , , ,C,50,0,0,1,8,,1749213,5424830,-41.31420071,174.7826558
Wellington City,DANIELL ST,130,S, ,MEIN ST,201432793,8/03/14,Sat,1232,MA,CN1C,386A 371B ,,R,D,B ,F , , ,N,50,0,0,0,,,1749156,5425110,-41.3116903,174.7819065
Wellington City,DANIELL ST,, ,I,NEWTOWN AVENUE,201443194,26/08/14,Tue,1645,KB,CS1C,302B ,,R,D,O ,F ,T,G,N,50,0,0,0,,,1749205,5424869,-41.31385106,174.7825507
Wellington City,DANIELL ST,10,N, ,RHODES ST,201450790,27/11/14,Thu,1208,EA,VS14C,129A 350A ,MM,R,D,OF,F ,T,N,C,50,0,0,0,,,1749258,5424608,-41.31619113,174.7832477
Wellington City,DARLINGTON ROAD,15,S, ,CAMPERDOWN ROAD,201430714,24/01/14,Fri,2300,EA,CN1C,129A ,M,R,D,DO,F , ,N,C,50,0,0,0,,,1752845,5425555,-41.30699335,174.8258445
Wellington City,DAVIS ST,30,W, ,THORNDON QUAY,201436073,13/05/14,Tue,,EA,CE1C,129A ,M,R,W,DO,L , ,N,N,50,0,0,0,,,1749361,5429230,-41.27455835,174.7833436
Wellington City,DEVON ST,150,N, ,ARO ST,201439452,6/07/14,Sun,1630,AE,CS1C,129A ,M,R,D,DO,F , ,N,C,50,0,0,0,,,1747932,5427100,-41.2939988,174.7668067
Wellington City,DEVON ST,130,N, ,ESSEX ST,201435089,1/05/14,Thu,2014,EA,VN1C,386A ,M,E,D,TF,F , ,N,N,50,0,0,0,,,1747935,5427133,-41.29370113,174.7668345
Wellington City,DIXON ST,70,W, ,CUBA ST,201447286,1/11/14,Sat,2049,MO,CW1C,330A 330B ,,R,D,DO,F , , ,N,50,0,0,0,,,1748693,5427362,-41.29150006,174.7758275
Wellington City,DIXON ST,5,W, ,EVA ST,201437840,6/06/14,Fri,1245,MG,CW1V,371B ,,R,D,O ,F ,X,G,C,50,0,0,0,,,1748825,5427303,-41.29200694,174.7774176
Wellington City,DIXON ST,, ,I,MACDONALD CRESCENT,201430513,20/01/14,Mon,755,QD,OE1,611A ,K,M,D,B ,F ,T,N,C,50,0,0,0,,,1748454,5427469,-41.29058068,174.7729483
Wellington City,DIXON ST,80,W, ,TARANAKI ST,201412747,6/05/14,Tue,1230,NB,CW1E,712B 713B ,,R,D,BF,F , ,N,N,50,0,0,1,18,,1748876,5427280,-41.29220461,174.7780321
Wellington City,DIXON ST,, ,I,THE TERRACE,201447650,25/11/14,Tue,1039,EA,VW1C,129A 353A ,M,M,D,OF,M ,T,G,C,50,0,0,0,,,1748329,5427525,-41.29009946,174.7714425
Wellington City,DIXON ST,60,W, ,VICTORIA ST,201433490,18/03/14,Tue,1811,AA,CW1V,372A ,,R,D,OF,F , ,N,C,50,0,0,0,,,1748588,5427409,-41.29109623,174.7745626
Wellington City,DIXON ST,25,E, ,WILLIS ST,201450934,5/11/14,Wed,1301,EE,CW1C,374B ,M,R,D,O ,F , , ,C,50,0,0,0,,,1748543,5427429,-41.29092445,174.7740205
Wellington City,DIXON ST,50,E, ,WILLIS ST,201436099,16/04/14,Wed,1010,MA,TW1C,371B ,,E,D,OF,F , ,N,C,50,0,0,0,,,1748566,5427419,-41.29101025,174.7742975
Wellington City,DIXON ST,10,W, ,WILLIS ST,201431312,14/02/14,Fri,1740,FE,CE14,181A ,,R, , F,  ,X,T,C,50,0,0,0,,,1748511,5427443,-41.29080429,174.7736351
Wellington City,DIXON ST,25,W, ,WILLIS ST,201430716,7/02/14,Fri,1100,MO,VW1C,371A ,M,R,D,BF,F , ,N,C,50,0,0,0,,,1748497,5427449,-41.29075284,174.7734665
Wellington City,DONALD ST,, ,I,COOPER ST,201415653,19/09/14,Fri,1652,NA,CN1E,713B 714B ,,R,D,B ,F ,T,N,C,50,0,1,0,12,,1745902,5428190,-41.28455436,174.7423113
Wellington City,DOVER ST,10,E, ,THE PARADE,201448236,1/12/14,Mon,850,KA,CW1C,308B 375B 929 ,,M,W,O ,F ,D,N,C,50,0,0,0,,,1748487,5423293,-41.32817293,174.7743617
Wellington City,DUNCAN TERRACE,110,W, ,KILBIRNIE CRESCENT,201451073,8/12/14,Mon,200,DA,CE1C,103A 131A 517A ,M,M,D,DO,F , ,N,C,50,0,0,0,,,1749964,5424705,-41.31518685,174.7916547
Wellington City,DUNCAN TERRACE,150,N, ,RODRIGO ROAD,201448768,3/12/14,Wed,37,DB,CS1,111A 131A 517A ,C,M,D,DO,F , , ,N,50,0,0,0,,,1749825,5424142,-41.32028156,174.7901335
Wellington City,DUTHIE ST,, ,I,BRAITHWAITE ST,201434067,21/03/14,Fri,1509,DA,CN1T,111A 134A ,M,S,D,B ,F ,T,N,C,50,0,0,0,,,1746220,5428162,-41.28474894,174.7461138
Wellington City,DUTHIE ST,, ,I,GIPPS ST,201436266,16/05/14,Fri,1528,JC,CE24,101A 302A 404A ,,R,D,B ,F ,T,G,C,50,0,0,0,,,1746328,5427880,-41.28726839,174.7474707
Wellington City,EARP ST,, ,I,FRANKMOORE AVENUE,201414736,6/07/14,Sun,1504,BO,CW2S,124A 370A ,,R,D,O ,F ,T,G,C,50,0,0,1,,43,1751139,5435050,-41.22182795,174.8031209
Wellington City,ENDEAVOUR ST,, ,I,QUEENS DRIVE,201418310,9/12/14,Tue,300,DB,CS1C,103A 129A ,HM,M,D,DO,F ,T,N,N,50,0,0,1,,,1750075,5423930,-41.32214377,174.7931715
Wellington City,EVANS BAY PARADE,230,N, ,BALAENA BAY,201412127,26/04/14,Sat,1430,AC,CS1S,128A 129A 370A ,,R,D,B ,F , , ,C,50,0,0,1,,25,1751027,5427387,-41.29084168,174.8036829
Wellington City,EVANS BAY PARADE,130,N, ,BELVEDERE ROAD,201450788,19/12/14,Fri,1411,EA,CN1C,129A 350A ,M,M,D,ON,F , ,N,C,50,0,0,0,,,1750602,5425639,-41.30665889,174.7990422
Wellington City,EVANS BAY PARADE,210,S, ,BELVEDERE ROAD,201448239,3/12/14,Wed,730,EA,VN1C,386A ,M,E,D,B ,F , ,N,C,80,0,0,0,,,1750493,5425345,-41.3093262,174.7978134
Wellington City,EVANS BAY PARADE,20,N, ,MAIDA VALE ROAD,201411548,10/03/14,Mon,1747,EA,SS14,129A 350A ,M,R,D,BF,F , ,N,C,50,0,0,1,,49,1750953,5427167,-41.29283625,174.8028541
Wellington City,EVANS BAY PARADE,100,N, ,MAIDA VALE ROAD,201448592,21/09/14,Sun,415,DB,CS1,131A 402A ,H,M,W,DO,L , ,N,C,50,0,0,0,,,1750923,5427237,-41.29221163,174.8024786
Wellington City,EVANS BAY PARADE,500,N, ,MAIDA VALE ROAD,201415265,8/07/14,Tue,826,EA,SN1C,374B ,Q,E,D,BF,F , ,N,C,50,0,0,1,,69,1751006,5427553,-41.28935106,174.803391
Wellington City,EVANS BAY PARADE,80,W, ,RATA ROAD,201410442,26/01/14,Sun,1139,MC,SW1C,372B ,,R,D,O ,F , , ,C,50,0,0,1,,54,1750637,5425747,-41.30567999,174.7994333
Wellington City,EVANS BAY PARADE,100,N, ,SH 1N,201445328,27/08/14,Wed,1730,GD,4N1C,181A 331A 930 ,,E,D,OO,F ,D,N,C,50,0,0,0,,,1750353,5425095,-41.31160313,174.7962036
Wellington City,EVANS BAY PARADE,5,S, ,SH 1N,201431500,13/01/14,Mon,1350,FE,CN1C,331A ,,M,D,BF,F ,X,T,C,50,0,0,0,,,1750299,5424995,-41.31251353,174.7955835
Wellington City,FAIRLIE TERRACE,, ,I,ADAMS TERRACE,201442251,31/07/14,Thu,2020,BF,CS1C,129A 131A ,,E,D,DO,F ,T,N,N,50,0,0,0,,,1747896,5427251,-41.29264587,174.7663403
Wellington City,FARNHAM ST,40,S, ,BRITOMART ST,201435749,28/03/14,Fri,2350,CB,4S1,103A 130A 862 ,X,R,D,DO,F , , ,L,50,0,0,0,,,1748098,5424280,-41.3193581,174.7694749
Wellington City,FEATHERSTON ST,, ,I,BRANDON ST,201410744,7/03/14,Fri,930,FE,VS1C,351A 387A ,,R,D,B ,F ,X,T,C,50,0,0,1,,,1748800,5428249,-41.28349429,174.776888
Wellington City,FEATHERSTON ST,, ,I,BRANDON ST,201413813,9/06/14,Mon,1805,NF,CS1E,307A 350A 376A 645A 801 ,,R,W,DO,L ,X,T,C,50,0,0,1,35,,1748800,5428249,-41.28349429,174.776888
Wellington City,FEATHERSTON ST,30,S, ,BUNNY ST,201436403,6/05/14,Tue,1910,MO,XS1X,371A ,Q,R,D,TO,F , ,N,N,50,0,0,0,,,1748990,5428656,-41.27979485,174.7790563
Wellington City,FEATHERSTON ST,, ,I,BUNNY ST,201441606,15/07/14,Tue,1028,FE,VS1C,181A 501A ,,R,D,O ,F ,X,T,R,50,0,0,0,,,1748999,5428685,-41.27953209,174.7791566
Wellington City,FEATHERSTON ST,10,N, ,WARING TAYLOR ST,201431492,9/03/14,Sun,1459,MG,CS1C,371B ,,R,D,BF,F ,X,T,C,50,0,0,0,,,1748862,5428387,-41.28224038,174.7775943
Wellington City,FEATHERSTON ST,, ,I,WARING TAYLOR ST,201441308,5/08/14,Tue,1615,MO,CS14,330A 387A ,,R,D,O ,F ,X,T,C,50,0,0,0,,,1748858,5428378,-41.28232215,174.7775488
Wellington City,FEATHERSTON ST,, ,I,WARING TAYLOR ST,201447745,28/07/14,Mon,1653,HA,CW2C,322B 334B ,,R,D,B ,F ,X,T,C,50,0,0,0,,,1748858,5428378,-41.28232215,174.7775488
Wellington City,FEATHERSTON ST,30,N, ,WHITMORE ST,201446984,24/10/14,Fri,1730,MO,XW1X,371A ,M,R,D,BF,F , ,N,C,50,0,0,0,,,1748937,5428548,-41.280777,174.7784501
Wellington City,FEATHERSTON ST,, ,I,WHITMORE ST,201434926,25/03/14,Tue,2045,LB,CW2C,303B ,,M,W,DO,H ,X,T,C,50,0,0,0,,,1748924,5428522,-41.28101349,174.7783013
Wellington City,FINDLAY ST,15,N, ,LINDEN AVENUE,201412018,2/04/14,Wed,1707,FA,CN1S,112A 181A ,,R,D,B ,F ,X,G,P,50,0,1,0,,30,1753691,5442189,-41.15707254,174.8317591
Wellington City,FINDLAY ST,15,N, ,LINDEN AVENUE,201431903,5/02/14,Wed,2130,EA,CS1C,129A ,M,R, ,DO,  , ,N,N,50,0,0,0,,,1753691,5442189,-41.15707254,174.8317591
Wellington City,FITZHERBERT TERRACE,, ,I,HOBSON ST,201437695,1/06/14,Sun,1511,NA,CN1E,191A 378A 713B 726B ,,R,D,B ,F ,T,N,N,50,0,0,0,,,1749101,5429583,-41.27142816,174.7801543
Wellington City,FLORENCE ST,15,S, ,GORDON ST,201448854,4/12/14,Thu,1328,JA,CS1CC,308B 377B 839 929 ,M,R,D,O ,F ,D, ,C,50,0,0,0,,,1748926,5424627,-41.31608144,174.7792783
Wellington City,FORTUNATUS ST,, ,I,MANA ST,201412995,30/05/14,Fri,1555,DB,MS1C,132A 407A 818 ,,S,D,O ,F ,T,N,C,50,0,1,0,,,1747889,5425116,-41.31186957,174.7667756
Wellington City,FRANKMOORE AVENUE,, ,I,DOCTOR TAYLOR TERRACE,201448287,23/12/14,Tue,843,FB,4W1C,181A 357A ,,R,D,B ,F ,T,G,C,50,0,0,0,,,1751194,5435039,-41.22191671,174.8037795