TLA NAME,CRASH ROAD,CRASH DIST,CRASH DIRN,INTSN,SIDE ROAD,CRASH ID,CRASH DATE,CRASH DOW,CRASH TIME,MVMT,VEHICLES,CAUSES,OBJECTS STRUCK,ROAD CURVE,ROAD WET,LIGHT,WTHRa,JUNC TYPE,TRAF CTRL,ROAD MARK,SPD LIM,CRASH FATAL CNT,CRASH SEV CNT,CRASH MIN CNT,PERS AGE1,PERS AGE2,EASTING,NORTHING,latitude,longitude
Wellington City,FRASER AVENUE,110,S, ,HAUMIA ST,201450792,29/12/14,Mon,2010,DB,CS1,613A ,P,E,D,BF,F , ,N,C,50,0,0,0,,,1751140,5433925,-41.2319566,174.8034112
Wellington City,FRASER AVENUE,60,W, ,POLLEN ST,201450787,29/12/14,Mon,1225,EA,CW1C,129A 353A ,M,R,D,BF,F , ,N,C,50,0,0,0,,,1751311,5434233,-41.22915159,174.8053743
Wellington City,FREYBERG ST,, ,I,WHA ST,201430107,5/01/14,Sun,2025,HA,CW2C,101A 321A ,,R,D,TN,F ,X,S,C,50,0,0,0,,,1750095,5423527,-41.32576838,174.7935099
Wellington City,GHUZNEE ST,, ,I,BULLER ST,201417148,2/10/14,Thu,1820,NA,CE1E,711B ,,R,D,TO,F ,T,N,C,50,0,0,1,20,,1748330,5427324,-41.29190898,174.7715034
Wellington City,GHUZNEE ST,5,E, ,CUBA ST,201435088,1/05/14,Thu,1930,FA,CE1C,181A ,,R,D,DO,F ,X,G,C,50,0,0,0,,,1748686,5427164,-41.29328403,174.7757923
Wellington City,GHUZNEE ST,15,E, ,CUBA ST,201436581,9/05/14,Fri,1431,EE,CW1V,374B ,M,R,D,O ,F , , ,P,50,0,0,0,,,1748695,5427159,-41.29332739,174.7759009
Wellington City,GHUZNEE ST,20,E, ,CUBA ST,201451079,27/12/14,Sat,113,MD,CE1C,308B 927 ,,R,D,DO,F ,D,N,C,50,0,0,0,,,1748699,5427157,-41.29334466,174.7759492
Wellington City,GHUZNEE ST,50,E, ,CUBA ST,201416888,9/11/14,Sun,150,NA,CE1E,105B 713B ,,R,D,DO,F , ,N,N,50,0,0,1,22,,1748727,5427145,-41.29344755,174.7762864
Wellington City,GHUZNEE ST,, ,I,EGMONT ST,201433404,12/03/14,Wed,800,FF,4E1C,181A 387A ,,R,D,BF,F ,T,N,N,50,0,0,0,,,1748799,5427110,-41.2937494,174.7771544
Wellington City,GHUZNEE ST,100,W, ,TARANAKI ST,201415065,19/08/14,Tue,1601,NA,CW1E,711B ,,R,D,O ,F , , ,R,50,0,0,1,39,,1748776,5427122,-41.29364559,174.7768769
Wellington City,GHUZNEE ST,, ,I,THE TERRACE,201437156,29/05/14,Thu,1130,JA,CS1C,302A 375A ,,E,W,OF,L ,T,G,C,50,0,0,0,,,1748255,5427358,-41.29161664,174.7705998
Wellington City,GHUZNEE ST,, ,I,VICTORIA ST,201443193,31/08/14,Sun,1044,FE,CE1C,181A 423A ,,R,D,B ,F ,X,T,C,50,0,0,0,,,1748533,5427232,-41.29269997,174.7739492
Wellington City,GLANMIRE ROAD,150,N, ,LINK ROAD,201450877,20/11/14,Thu,1826,BB,BS1V,129A ,,M,D,OF,F , ,N,C,50,0,0,0,,,1752780,5434404,-41.22733593,174.8228505
Wellington City,GLANMIRE ROAD,, ,I,ROBERT ST,201438298,12/06/14,Thu,45,DB,CE1,131A ,CS,M,W,DO,F ,T,N,N,50,0,0,0,,,1752658,5434397,-41.22742198,174.8213974
Wellington City,GLENMORE ST,80,N, ,CRIEFF ST,201444595,8/08/14,Fri,1725,MC,CN1C,372B ,,R,W,TF,F , , ,C,50,0,0,0,,,1747425,5428154,-41.28460185,174.760499
Wellington City,GLENMORE ST,100,N, ,GARDEN ROAD,201430534,28/01/14,Tue,1325,MO,BS1C,386A ,M,R,D,B ,F , , ,C,50,0,0,0,,,1747766,5428459,-41.28179344,174.7644953
Wellington City,GLENMORE ST,200,N, ,GARDEN ROAD,201436584,5/05/14,Mon,1449,AO,CS1CCC,129A 410A 801 903 ,,R,W,O ,LS, , ,C,50,0,0,0,,,1747852,5428510,-41.28131852,174.7655093
Wellington City,GLENMORE ST,190,S, ,KELBURN VIADUCT,201449760,31/12/14,Wed,949,DA,CS1,111A 131A ,C,S,W,O ,F , ,N,C,50,0,0,0,,,1747159,5427711,-41.28863894,174.757431
Wellington City,GLENMORE ST,50,S, ,NORTHLAND ROAD S,201432448,3/03/14,Mon,820,FD,CS1C,181A 331A ,,R,D,B ,F , , ,C,50,0,0,0,,,1747101,5427865,-41.28726296,174.7567014
Wellington City,GOTHIC ST,70,N, ,BRODERICK ROAD,201415394,24/08/14,Sun,855,MO,CN1,410A 427A 926 ,H,R,D,O ,F ,D,N,R,30,0,0,1,,,1751346,5434812,-41.22393207,174.8056482
Wellington City,GRANT ROAD,50,S, ,NEWMAN TERRACE,201447415,6/11/14,Thu,1355,EA,CE1C,386A 818 ,M,R,D,B ,F , ,N,C,50,0,0,0,,,1748956,5429834,-41.26919505,174.7783625
Wellington City,GREY ST,10,E, ,FEATHERSTON ST,201440577,25/07/14,Fri,1345,MO,XE1C,386A ,M,R,D,B ,F ,X,G,N,50,0,0,0,,,1748750,5428116,-41.28470096,174.7763237
Wellington City,GROVE ROAD,, ,I,UPLAND ROAD,201411906,18/03/14,Tue,728,FB,CW1S,181A ,,M,D,TO,F ,T,N,N,50,0,0,1,,30,1747792,5427679,-41.28881142,174.7649949
Wellington City,HALIFAX ST,50,N, ,BRETON GROVE,201445963,11/10/14,Sat,12,DB,CN1C,103A 111A 131A ,HKM,M,D,DO,F , , ,N,50,0,0,0,,,1747829,5423897,-41.32285577,174.7663555
Wellington City,HALIFAX ST,200,S, ,BRETON GROVE,201436474,13/04/14,Sun,55,DB,CN1CC,131A ,M,M,D,DO,F , ,N,C,50,0,0,0,,,1747797,5423759,-41.32410412,174.7660069
Wellington City,HALL ST,, ,I,ADELAIDE ROAD,201445476,22/09/14,Mon,1730,HA,CW1V,322B 330B ,,R,W,O ,L ,X,T,C,50,0,0,0,,,1748741,5425246,-41.31054247,174.7769177
Wellington City,HALSWATER DRIVE,60,N, ,CAESARS PLACE,201410167,21/01/14,Tue,805,DB,PS1,135A 400A 807 901 ,,S,W,O ,H , , ,C,50,0,1,0,,,1751843,5436641,-41.20737176,174.8111205
Wellington City,HALSWATER DRIVE,40,W, ,LAKEWOOD AVENUE,201440993,24/03/14,Mon,812,EA,CE1V,129A 363A 902 ,M,E,D,BF,F , ,N,C,50,0,0,0,,,1751369,5436669,-41.20720842,174.8054626
Wellington City,HANSON ST,40,S, ,DRUMMOND ST,201411067,5/03/14,Wed,1115,BA,MS1C,197A 197B 801 818 ,,R,W,O ,L , , ,N,50,0,0,1,,,1748789,5425828,-41.30529363,174.7773485
Wellington City,HANSON ST,100,N, ,JOHN ST,201451074,9/12/14,Tue,38,EA,CS1CC,129A ,M,R,D,DF,F , ,N,C,50,0,0,0,,,1748763,5425725,-41.30622578,174.7770632
Wellington City,HAPPY VALLEY ROAD,210,S, ,MURCHISON ST,201414710,10/07/14,Thu,46,EA,CN1T,103A 129A 630A ,M,R,D,DO,F , , ,C,50,0,1,1,,,1747096,5422514,-41.33544163,174.7579359
Wellington City,HAPPY VALLEY ROAD,300,S, ,MURCHISON ST,201441331,6/07/14,Sun,1010,CC,CS1CC,130A 402A 412A ,MS,R,D,B ,F , , ,C,50,0,0,0,,,1747133,5422434,-41.33615516,174.7583973
Wellington City,HAPPY VALLEY ROAD,200,S, ,OHIRO ROAD,201431697,6/02/14,Thu,345,CC,TN1,197A ,V,R,D,DO,F , , ,C,70,0,0,0,,,1747177,5423618,-41.32548702,174.7586361
Wellington City,HAPUA ST,, ,A,RAKAU ROAD,201413415,29/05/14,Thu,430,DC,CN1,103A 111A 131A 801 ,C,S,W,DO,L , , ,C,50,0,1,0,,,1750136,5426431,-41.29961509,174.7932827
Wellington City,HATAITAI BUS TUNNEL,140,N, ,EAST PORTAL,201444808,7/10/14,Tue,1440,FD,4N1C,181A ,,R,D,BF,F , ,N,C,50,0,0,0,,,1749916,5426276,-41.30105151,174.7906943
Wellington City,HATAITAI ROAD,25,N, ,ARAWA ROAD,201441811,2/08/14,Sat,1900,MO,VS1C,371A 901 ,M,E,W,DO,H , , ,C,50,0,0,0,,,1750789,5426648,-41.29753962,174.8010249
Wellington City,HAUMIA ST,, ,I,BURMA ROAD,201434928,25/03/14,Tue,853,HA,CN2C,302A 375A ,,S,D,BF,F ,R,G,N,50,0,0,0,,,1750880,5434203,-41.22950219,174.8002416
Wellington City,HAWKER ST,15,W, ,ROXBURGH ST,201430768,15/01/14,Wed,1011,MO,XW1V,333A 387A ,,R,D,BF,F , ,N,C,50,0,0,0,,,1749721,5427100,-41.29366893,174.7881635
Wellington City,HAZLEWOOD AVENUE N,50,E, ,SOUTH KARORI ROAD,201439677,13/07/14,Sun,445,EA,CE1C,129A 410A ,M,M,D,DO,F , , ,C,50,0,0,0,,,1744251,5427287,-41.29298137,174.7228182
Wellington City,HEATON TERRACE,60,E, ,WASHINGTON AVENUE,201433415,19/03/14,Wed,1145,BB,CE1C,123A 818 ,,E,D,BF,F , ,N,N,50,0,0,0,,,1747964,5425928,-41.304545,174.7674737
Wellington City,HELSTON ROAD,, ,I,MOOREFIELD ROAD,201442358,28/08/14,Thu,740,GO,TW1C,179A ,,E,D,B ,F ,R,G,C,50,0,0,0,,,1751535,5435177,-41.22061046,174.8078115
Wellington City,HERALD ST,15,W, ,RUSSELL TERRACE,201439492,14/07/14,Mon,2050,MA,CE1C,373B ,,M,D,DO,F ,T,N,N,30,0,0,0,,,1748993,5424099,-41.32082285,174.7802078
Wellington City,HILL ST,50,E, ,GUILDFORD TERRACE,201434894,17/04/14,Thu,845,MO,CE1C,385A ,M,R,W,OF,H , ,N,C,50,0,0,0,,,1748729,5428982,-41.27690783,174.7758616
Wellington City,HILL ST,100,E, ,GUILDFORD TERRACE,201411953,28/03/14,Fri,1532,NA,CE1E,712B 713B 727B ,,R,D,BF,F , ,N,C,50,0,0,1,4,,1748779,5428979,-41.27692563,174.7764591
Wellington City,HOBART ST,70,N, ,CALEDONIA ST,201441444,29/06/14,Sun,1256,MC,4N1C,372B 402B ,,R,D,B ,F , ,N,C,50,0,0,0,,,1751780,5424024,-41.32097834,174.8135105
Wellington City,HOBSON ST,40,S, ,FITZHERBERT TERRACE,201447289,22/10/14,Wed,827,EE,CS1X,374B ,M,R,D,B ,F , , ,C,50,0,0,0,,,1749118,5429547,-41.27174915,174.780366
Wellington City,HOPPER ST,50,S, ,WEBB ST,201447646,9/11/14,Sun,1807,CB,CN1CC,129A 358A ,M,R,D,BF,F , ,N,N,50,0,0,0,,,1748545,5426586,-41.29851399,174.7742501
Wellington City,HORNSEY ROAD,, ,I,HOUGHTON BAY ROAD,201435029,15/04/14,Tue,1030,MC,VN14,372B ,,M,D,B ,F ,T,N,C,50,0,0,0,,,1749542,5422847,-41.33199341,174.7870724
Wellington City,HOROKIWI ROAD WEST,, ,I,KENMORE ST,201436397,17/01/14,Fri,2119,DA,CN2,111A 131A ,F,S,D,DO,F ,T,G,C,50,0,0,0,,,1752948,5434871,-41.22309964,174.8247371
Wellington City,HOUGHTON BAY ROAD,15,N, ,VIEW ROAD,201430910,7/02/14,Fri,945,BA,VN14,125A ,,R,D,BF,F , ,N,C,50,0,0,0,,,1749646,5422757,-41.33278441,174.7883368
Wellington City,HUNTER ST,, ,I,FEATHERSTON ST,201431410,20/02/14,Thu,1331,KA,BE14,300B 404B ,,M,D,BF,F ,M,T,N,50,0,0,0,,,1748708,5428049,-41.28531193,174.7758388
Wellington City,HUNTER ST,, ,I,FEATHERSTON ST,201435533,26/04/14,Sat,1853,AA,VS2B,209A 370A ,,E,D,TO,F ,M,T,C,50,0,0,0,,,1748708,5428049,-41.28531193,174.7758388
Wellington City,HUTT ON NBD,150,N, ,JARDEN MILE,201447296,6/11/14,Thu,1734,AO,CE1T,386A ,,E,D,B ,F , , ,C,80,0,0,0,,,1752067,5432269,-41.24669239,174.8148795
Wellington City,HUTT ROAD,5,S, ,HUTT OFF SBD,201416893,10/11/14,Mon,1649,FB,CS1C,181A 387A ,,R,D,B ,F ,T,G,R,80,0,0,1,,,1751911,5432171,-41.24760404,174.8130429
Wellington City,HUTT ROAD,30,N, ,JARDEN MILE,201417601,19/07/14,Sat,1812,BF,CN1C,103A 111A ,IP,E,D,DO,F ,X,T,R,80,0,3,1,,,1751905,5432182,-41.24750614,174.8129686
Wellington City,HUTT ROAD,100,S, ,JARDEN MILE,201442957,13/08/14,Wed,1115,MO,CS1C,357A 386A 209B 357B ,M,R,D,B ,F , , ,R,80,0,0,0,,,1751865,5432128,-41.24799983,174.8125049
Wellington City,HUTT ROAD,500,N, ,KAIWHARAWHARA ROAD,201412994,4/06/14,Wed,755,AA,SS1CV,130A 150A 440C ,,R,D,B ,F , , ,P,60,0,1,1,,29,1750295,5431154,-41.25706256,174.7940158
Wellington City,HUTT ROAD,, ,I,KAIWHARAWHARA ROAD,201445616,7/10/14,Tue,830,FE,TS14,181A 331A ,,M,D,B ,F ,X,T,N,60,0,0,0,,,1749930,5430814,-41.26019152,174.7897445
Wellington City,HUTT ROAD,, ,I,ONSLOW ROAD,201447429,19/07/14,Sat,1806,FE,CN1C,101A 112A ,,R,D,DO,F ,T,T,R,60,0,0,0,,,1750842,5431430,-41.25447572,174.8004738
Wellington City,HUTT ROAD,300,N, ,SCHOOL ROAD,201446759,29/09/14,Mon,946,AO,TN1T,150A 381A 381B ,,R,D,B ,F , ,N,P,60,0,0,0,,,1750099,5430993,-41.25854853,174.7917169
Wellington City,HUTT ROAD,200,S, ,SCHOOL ROAD,201414097,28/06/14,Sat,200,CC,CN1,101A 112A 386A ,HP,R,D,DO,L , ,N,P,60,0,0,1,,,1749753,5430633,-41.26185396,174.7876771
Wellington City,HUTT ROAD,200,S, ,SCHOOL ROAD,201430284,15/01/14,Wed,1843,FA,CN1C,181A 410A ,,R,D,O ,F , , ,R,50,0,0,0,,,1749753,5430633,-41.26185396,174.7876771
Wellington City,HUTT ROAD,, ,I,SCHOOL ROAD,201445877,21/10/14,Tue,1725,LB,VN1C,303B ,,R,D,B ,F ,T,G,L,60,0,0,0,,,1749893,5430775,-41.26054951,174.7893127
Wellington City,HUTT ROAD,1200,N, ,TINAKORI ROAD,201444814,22/07/14,Tue,634,CC,CN1,410A ,FP,R,D,DO,F , ,N,C,50,0,0,0,,,1750004,5430900,-41.25940349,174.7906063
Wellington City,HUTT ROAD,, ,I,WESTMINSTER ST,201410284,11/02/14,Tue,859,GB,SS1V,142B 192B 927 ,,R,D,O ,F ,D,N,C,50,0,0,1,,35,1749994,5430890,-41.25949538,174.7904895
Wellington City,INGLIS ST,, ,I,DUNDAS ST,201417310,25/10/14,Sat,1101,HA,SN1C,112B 302B 330B ,,R,D,B ,F ,X,G,R,50,0,0,1,,28,1753373,5423765,-41.32300874,174.8326002
Wellington City,INGLIS ST,, ,I,DUNDAS ST,201435862,16/04/14,Wed,730,HA,CE2V,302A 375A ,,R,W,OF,L ,X,G,C,50,0,0,0,,,1753373,5423765,-41.32300874,174.8326002
Wellington City,IRA ST,100,N, ,DEVONSHIRE ROAD,201439600,18/05/14,Sun,450,EA,CN1C,129A 358A ,M,R,D,DO,F , , ,C,50,0,0,0,,,1752350,5424065,-41.32050173,174.8203075
Wellington City,IRA ST,30,N, ,THE QUADRANT,201416515,12/09/14,Fri,2305,EA,CN1C,101A 129A ,M,R,W,DO,L , ,N,C,50,0,0,1,,,1752308,5423771,-41.3231566,174.8198795
Wellington City,IRONSIDE ROAD,5,W, ,ROTOITI ST,201446702,4/11/14,Tue,730,MO,CE1C,371A 386A ,M,R,D,B ,F ,T,N,C,50,0,0,0,,,1751311,5435248,-41.22001313,174.8051229
Wellington City,JAMAICA DRIVE,20,N, ,NASSAU AVENUE,201443181,17/07/14,Thu,600,CA,VN1C,129A 130A 361A ,,R,W,DO,L , , ,N,50,0,0,0,,,1753995,5438905,-41.18658183,174.8362062
Wellington City,JEFFERSON ST,70,N, ,CLEVELAND ST,201432082,20/02/14,Thu,1859,MO,VN1C,386A ,M,R,D,B ,F , , ,N,50,0,0,0,,,1747797,5425952,-41.30435953,174.7654739
Wellington City,JERVOIS QUAY,, ,I,CUSTOMHOUSE QUAY,201415663,19/09/14,Fri,2230,NC,XW1E,376A ,,R,W,DO,L ,T,G,C,50,0,0,1,34,,1748869,5428191,-41.28400377,174.7777258
Wellington City,JERVOIS QUAY,20,S, ,HARRIS ST,201451076,18/12/14,Thu,1555,FD,CS1CC,331A 358A ,,R,W,OF,L , ,N,C,50,0,0,0,,,1748919,5427697,-41.28844225,174.7784434
Wellington City,JERVOIS QUAY,, ,I,HARRIS ST,201432333,7/02/14,Fri,1319,KB,CS1C,322B ,,R,W,O ,L ,T,T,C,50,0,0,0,,,1748916,5427717,-41.28826273,174.7784027
Wellington City,JERVOIS QUAY,, ,I,HARRIS ST,201434351,16/04/14,Wed,1710,FE,CS14,181A ,,R,W,DO,M ,T,T,C,50,0,0,0,,,1748916,5427717,-41.28826273,174.7784027
Wellington City,JERVOIS QUAY,, ,I,HARRIS ST,201441605,7/07/14,Mon,1407,KB,CS1C,322A 334A ,,R,D,O ,F ,T,T,R,50,0,0,0,,,1748916,5427717,-41.28826273,174.7784027
Wellington City,JERVOIS QUAY,, ,I,HUNTER ST,201416960,27/10/14,Mon,10,MO,CN1,136A 613A 926 ,P,E,W,DO,L ,D,T,C,50,0,0,1,,,1748881,5427984,-41.28586527,174.7779196
Wellington City,JERVOIS QUAY,180,W, ,WAKEFIELD ST,201445603,10/10/14,Fri,1633,MO,CS1C,353A 420A ,,R,D,B ,F , , ,C,50,0,0,0,,,1748940,5427555,-41.28971686,174.7787288
Wellington City,JERVOIS QUAY,15,N, ,WILLESTON ST,201430769,24/01/14,Fri,1328,FE,CS1C,181A ,,R,D,BF,F ,T,T,R,50,0,0,0,,,1748897,5427866,-41.28692473,174.7781395
Wellington City,JERVOIS QUAY,20,S, ,WILLESTON ST,201431902,1/02/14,Sat,,QD,CN1C,428A ,,R, , F,F , ,N,R,50,0,0,0,,,1748902,5427831,-41.28723892,174.7782077
Wellington City,JERVOIS QUAY,, ,I,WILLESTON ST,201438176,16/05/14,Fri,1410,FD,CN1V,181A 387A ,,R,D,BF,F ,T,T,R,50,0,0,0,,,1748899,5427851,-41.28705941,174.778167
Wellington City,JESSIE ST,10,W, ,TARANAKI ST,201442396,31/08/14,Sun,1730,CB,CW1P,129A ,M,R,D,DO,F ,T,N,C,50,0,0,0,,,1748825,5426966,-41.2950411,174.7775
Wellington City,JOHN ST,20,W, ,ADELAIDE ROAD,201411769,28/02/14,Fri,1933,NA,CW1E,376A ,,R,D,O ,FS, , ,C,50,0,0,1,61,,1748812,5425613,-41.30722512,174.7776757
Wellington City,JOHN ST,, ,I,HANSON ST,201443229,11/07/14,Fri,1205,BO,CE1C,109A 129A 386A ,,E,D,O ,F ,X,S,C,50,0,0,0,,,1748734,5425630,-41.30708645,174.7767402
Wellington City,JOHN ST,, ,I,RIDDIFORD ST,201436288,10/05/14,Sat,1900,GF,CE1C,386A ,,R,D,DO,F ,X,T,C,50,0,0,0,,,1748832,5425608,-41.30726645,174.7779157
Wellington City,JOHN ST,20,W, ,TASMAN ST,201410120,11/01/14,Sat,1718,DB,PE1,131A 402A ,,S,D,O ,F , , ,C,50,0,0,1,,,1748715,5425625,-41.30713497,174.7765146
Wellington City,JOHNSONVILLE ON SBD,100,N, ,NEWLANDS OFF SBD,201448126,9/11/14,Sun,1512,FD,CS1C,181A ,,R,D,B ,F , , ,N,50,0,0,0,,,1751687,5434160,-41.22973842,174.8098765
Wellington City,JOHNSONVILLE ROAD,, ,I,CORLETT ST,201414898,23/07/14,Wed,2259,LB,PN1C,303B 922 ,,E,D,DO,F ,D,N,C,50,0,0,1,,,1751476,5434504,-41.22668079,174.8072749
Wellington City,JOHNSONVILLE ROAD,10,S, ,DISRAELI ST,201441887,15/08/14,Fri,1229,JA,CN1C,370A 314B 377B 927 ,,R,D,O ,F ,D, ,P,50,0,0,0,,,1751472,5434654,-41.22533103,174.80719
Wellington City,JOHNSONVILLE ROAD,20,S, ,DISRAELI ST,201443184,26/08/14,Tue,1253,GA,4S1C,181A 927 ,,R,D,B ,F ,D,N,C,50,0,0,0,,,1751471,5434644,-41.22542125,174.8071805
Wellington City,JOHNSONVILLE ROAD,50,S, ,DISRAELI ST,201440031,27/06/14,Fri,1730,AA,CN1C,372A ,,R,D,DO,F , ,N,P,50,0,0,0,,,1751467,5434615,-41.2256831,174.80714
Wellington City,JOHNSONVILLE ROAD,5,N, ,HAWEA ST,201414712,28/06/14,Sat,1420,AA,CN1M,372A ,,R,D,B ,F ,T,T,C,50,0,0,1,,,1751486,5434861,-41.22346471,174.8073056
Wellington City,JOHNSONVILLE ROAD,15,S, ,MOOREFIELD ROAD,201437839,11/06/14,Wed,245,MC,VN14,372B ,,R,D,DO,F ,T,N,C,80,0,0,0,,,1751498,5435035,-41.22189587,174.8074055
Wellington City,JOHNSONVILLE ROAD,30,S, ,MOOREFIELD ROAD,201433182,29/03/14,Sat,1325,MA,CN1B,373B 671B ,,R,D,O ,F , , ,C,50,0,0,0,,,1751497,5435020,-41.22203111,174.8073973
Wellington City,JOHNSONVILLE ROAD,, ,I,MOOREFIELD ROAD,201413741,5/06/14,Thu,1640,HA,CN1S,302A ,,R,D,OF,FS,M,G,N,50,0,0,1,,51,1751500,5435050,-41.22176044,174.8074257
Wellington City,JOHNSONVILLE ROAD,, ,I,MOOREFIELD ROAD,201415651,18/09/14,Thu,1829,HA,CE1S,302A 375A ,,R,D,B ,L ,M,G,C,50,0,0,1,,30,1751500,5435050,-41.22176044,174.8074257
Wellington City,JOHNSTON ST,, ,I,CUSTOMHOUSE QUAY,201433967,10/04/14,Thu,600,MG,CW1C,371B ,,R,D,B ,F ,X,T,C,50,0,0,0,,,1748906,5428278,-41.28321365,174.7781461
Wellington City,JOHNSTON ST,20,E, ,LAMBTON QUAY,201446351,25/10/14,Sat,1400,MO,CW1C,371A 385A ,M,R, , F,  , ,N,N,50,0,0,0,,,1748732,5428357,-41.28253444,174.77605
Wellington City,KAIKOURA ST,, ,I,COBAR CLOSE,201412515,21/04/14,Mon,1645,DC,PN2,130A 400A 420A ,F,M,D,O ,F ,T,N,C,50,0,0,1,,,1752120,5425745,-41.30541976,174.8171405
Wellington City,KAIWHARAWHARA ROAD,50,N, ,CAMERON ST,201418701,27/12/14,Sat,1029,CC,CN1C,410A ,M,R,D,B ,F , , ,C,50,0,0,2,,,1749771,5430976,-41.25876244,174.7878076
Wellington City,KAIWHARAWHARA ROAD,150,W, ,OLD PORIRUA ROAD,201414963,30/06/14,Mon,640,DA,PE1,129A 903 ,,E,W,TO,FS, ,N,C,50,0,0,1,,,1749518,5431092,-41.25776489,174.7847605
Wellington City,KAIWHARAWHARA ROAD,, ,I,OLD PORIRUA ROAD,201418842,22/10/14,Wed,800,LB,MS1C,303B 377B ,,E,D,BF,F ,T,G,C,50,0,1,0,,,1749664,5431074,-41.25789993,174.7865069
Wellington City,KARORI ROAD,30,W, ,BEAUCHAMP ST,201444592,25/09/14,Thu,1503,EA,CW1C,129A 130A ,M,R,D,O ,F , , ,P,50,0,0,0,,,1745424,5428154,-41.28496473,174.7366143
Wellington City,KARORI ROAD,20,W, ,BURROWS AVENUE,201437697,7/06/14,Sat,1528,EA,CW1CC,330A 359A 402A ,M,E,D,O ,F , , ,C,50,0,0,0,,,1744925,5427983,-41.28659408,174.7306987
Wellington City,KARORI ROAD,50,W, ,BURROWS AVENUE,201439835,21/06/14,Sat,1344,CB,CW1C,501A ,M,R,D,O ,F , , ,R,50,0,0,0,,,1744896,5427979,-41.2866353,174.7303535
Wellington City,KARORI ROAD,30,E, ,DONALD ST,201441676,4/08/14,Mon,751,CA,CE1S,129A 386A 817 ,,R,D,B ,F , , ,C,50,0,0,0,,,1745887,5428319,-41.28339561,174.7421014
Wellington City,KARORI ROAD,, ,I,DONALD ST,201417507,1/11/14,Sat,800,LB,SW14,303B 375B ,,R,D,BF,FS,T,T,C,50,0,1,0,,29,1745859,5428309,-41.2834907,174.7417696
Wellington City,KARORI ROAD,200,W, ,EAGLE ST,201415601,4/09/14,Thu,1430,FD,MW1CC,181A 191B ,,R,D,B ,F , ,N,P,50,0,0,1,,,1745078,5428028,-41.28616144,174.7325143
Wellington City,KARORI ROAD,15,E, ,FANCOURT ST,201400134,2/06/14,Mon,734,NA,CE1E,306A 645A ,,R,D,TF,F , , ,X,50,1,0,0,71,,1745981,5428353,-41.2830725,174.7432152
Wellington City,KARORI ROAD,, ,I,FLERS ST,201439530,7/06/14,Sat,600,EA,CE1CC,101A 129A ,M,R,D,DO,F ,T,N,P,50,0,0,0,,,1746434,5428492,-41.28173897,174.7485888
Wellington City,KARORI ROAD,80,E, ,HATTON ST,201444352,10/09/14,Wed,1150,MA,XW1C,129A 370B ,,R,D,O ,F , , ,C,50,0,0,0,,,1746188,5428425,-41.28238679,174.7456687
Wellington City,KARORI ROAD,, ,I,HATTON ST,201435056,13/04/14,Sun,1600,JA,CE1C,302B 375B ,,R,W,B ,F ,T,G,C,50,0,0,0,,,1746112,5428399,-41.28263464,174.7447678
Wellington City,KARORI ROAD,, ,I,MORLEY ST,201413017,1/05/14,Thu,637,LB,PE1C,303B 377B ,,R,D,DO,F ,T,G,P,50,0,1,0,,,1745047,5428017,-41.28626605,174.7321469
Wellington City,KARORI ROAD,20,E, ,NOTTINGHAM ST,201413892,6/06/14,Fri,1811,FC,ME1C,110A 181A 331A ,,E,D,DO,F , , ,X,50,0,0,1,,,1746534,5428506,-41.28159478,174.7497791
Wellington City,KARORI ROAD,50,E, ,NOTTINGHAM ST,201414359,26/06/14,Thu,2304,NA,XW1E,306A 376A 724B 801 ,,E,W,DO,L , , ,X,50,0,0,1,21,,1746562,5428516,-41.28149966,174.7501109
Wellington City,KARORI ROAD,, ,I,STANDEN ST,201443639,22/08/14,Fri,1203,GD,XS1C,181A 331A ,,R,D,O ,F ,T,G,C,50,0,0,0,,,1746606,5428554,-41.28114954,174.7506269
Wellington City,KATE SHEPPARD PLACE,, ,I,MOLESWORTH ST,201410815,21/02/14,Fri,2120,NF,CN2E,124A 370A ,,R,D,DO,F ,T,N,C,50,0,0,1,42,,1748885,5428885,-41.27775242,174.7777471
Wellington City,KELBURN PARADE,200,S, ,SALAMANCA ROAD,201436927,26/04/14,Sat,1035,CC,CS1,130A ,S,R,D,B ,F , , ,P,50,0,0,0,,,1748055,5427727,-41.28833106,174.7681226
Wellington City,KELBURN PARADE,60,W, ,SALAMANCA ROAD,201442043,1/08/14,Fri,1215,MA,CS1C,373B 377B 839 ,,R,W,OF,L , ,N,P,50,0,0,0,,,1748112,5427855,-41.28716816,174.7687719
Wellington City,KELBURN PARADE,150,W, ,SALAMANCA ROAD,201446918,5/05/14,Mon,1150,QD,VS1,428A ,S,R,D,OF,F , ,N,C,50,0,0,0,,,1748075,5427773,-41.28791323,174.7683502
Wellington City,KELBURN PARADE,, ,I,SALAMANCA ROAD,201430075,14/02/14,Fri,710,JA,CE1C,302B 375B ,,E,D,BF,  ,Y,G,N,50,0,0,0,,,1748148,5427897,-41.28678341,174.7691914
Wellington City,KENMORE ST,50,E, ,BARCLAY ST,201437155,1/06/14,Sun,530,DA,CW1C,131A ,M,M,W,DO,F , ,N,N,50,0,0,0,,,1753271,5434329,-41.22791831,174.8287247