TLA NAME,CRASH ROAD,CRASH DIST,CRASH DIRN,INTSN,SIDE ROAD,CRASH ID,CRASH DATE,CRASH DOW,CRASH TIME,MVMT,VEHICLES,CAUSES,OBJECTS STRUCK,ROAD CURVE,ROAD WET,LIGHT,WTHRa,JUNC TYPE,TRAF CTRL,ROAD MARK,SPD LIM,CRASH FATAL CNT,CRASH SEV CNT,CRASH MIN CNT,PERS AGE1,PERS AGE2,EASTING,NORTHING,latitude,longitude
Wellington City,KENMORE ST,180,S, ,HOROKIWI ROAD WEST,201433866,10/04/14,Thu,1257,EA,CN1C,129A ,M,E,W,O ,M , , ,N,50,0,0,0,,,1753024,5434708,-41.22455281,174.8256842
Wellington City,KENMORE ST,, ,I,HOROKIWI ROAD WEST,201411172,28/03/14,Fri,2030,ND,CN2E,370A 724B 862 ,,R,D,DO,F ,T,G,C,50,0,0,1,16,,1752948,5434871,-41.22309964,174.8247371
Wellington City,KENMORE ST,70,S, ,LINK ROAD,201433867,14/03/14,Fri,800,EA,CS1C,410A ,M,E,D,TF,F , , ,N,50,0,0,0,,,1753237,5434502,-41.22636718,174.8282758
Wellington City,KENT TERRACE,20,S, ,HOME ST,201434451,6/04/14,Sun,30,CB,CS1,103A 130A 904 ,KP,R,W,DO,M , , ,R,50,0,0,0,,,1749263,5426817,-41.29630172,174.7827654
Wellington City,KENT TERRACE,, ,I,HOME ST,201431311,19/02/14,Wed,1900,FA,4N1X,181A ,,R,D,BF,F ,T,N,R,50,0,0,0,,,1749271,5426835,-41.29613818,174.7828565
Wellington City,KENT TERRACE,30,S, ,MAJORIBANKS ST,201414343,13/06/14,Fri,1015,NG,CS1E,371A 714B 730B ,,R,D,B ,F , , ,P,50,0,0,1,18,,1749364,5427042,-41.29425727,174.783916
Wellington City,KENWYN TERRACE,100,N, ,STOKE ST,201433864,9/04/14,Wed,1540,MF,CS1C,386B ,,R,W,O ,F , , ,N,50,0,0,0,,,1748808,5424930,-41.31337519,174.777795
Wellington City,KHANDALLAH ROAD,40,W, ,COCKAYNE ROAD,201417687,23/12/14,Tue,655,DA,PW1,111A 131A ,,M,D,B ,F , ,N,C,50,0,0,1,,,1749699,5432170,-41.24802566,174.7866555
Wellington City,KILBIRNIE CRESCENT,10,S, ,CHILDERS TERRACE,201443335,28/08/14,Thu,1518,MO,CW1,330A 423A 501A 926 ,F,R,D,B ,F ,D,N,C,50,0,0,0,,,1750169,5424582,-41.31625611,174.7941331
Wellington City,KILBIRNIE CRESCENT,25,N, ,DUNCAN TERRACE,201435105,6/03/14,Thu,1035,MA,VN1C,373B ,,E,D,O ,F , ,N,N,50,0,0,0,,,1750066,5424759,-41.31468169,174.7928594
Wellington City,KILBIRNIE CRESCENT,15,S, ,DUNCAN TERRACE,201443829,13/06/14,Fri,1153,EA,TN1B,613A ,Q,E,D,BF,F , ,N,R,50,0,0,0,,,1750077,5424722,-41.31501277,174.7929999
Wellington City,KINGSFORD SMITH ST,150,N, ,LYALL PARADE,201433741,25/03/14,Tue,1035,CA,CS1C,927,CM,R,D,B ,F ,D,N,C,50,0,0,0,,,1750688,5423405,-41.32675617,174.8006226
Wellington City,KINGSFORD SMITH ST,120,N, ,MCGREGOR ST,201444382,12/09/14,Fri,1210,MO,CS1C,387A 330B 371B 671B ,,R,D,O ,F , , ,C,50,0,0,0,,,1750718,5423496,-41.32593126,174.8009584
Wellington City,KINGSFORD SMITH ST,100,W, ,TIRANGI ROAD,201446248,29/08/14,Fri,1414,DA,CN1C,111A 431A 517A ,M,M,D,OF,F , ,N,C,50,0,0,0,,,1750780,5423625,-41.32475825,174.8016669
Wellington City,KNOLL ST,50,N, ,BEACH ST,201418816,20/11/14,Thu,1927,QO,OE1OTC,422A 532A 428C ,QHM,R,D,BF,F , ,N,C,50,0,0,2,,,1747949,5421424,-41.34509922,174.7683909
Wellington City,KONINI ROAD,250,S, ,WAITOA ROAD,201430713,9/02/14,Sun,2345,EA,4S1C,129A ,M,E,W,DO,L , ,N,N,50,0,0,0,,,1750248,5426094,-41.30262837,174.794703
Wellington City,LAMBTON QUAY,50,S, ,BALLANCE ST,201412195,1/05/14,Thu,2205,NB,XS1E,178A ,,E,W,DO,F , , ,C,30,0,1,0,59,,1748725,5428603,-41.28032088,174.7759064
Wellington City,LAMBTON QUAY,, ,I,BOWEN ST,201439045,26/06/14,Thu,1320,FE,CE1C,181A ,,R, , F,  ,X,T,C,50,0,0,0,,,1748819,5428688,-41.27953827,174.7770076
Wellington City,LAMBTON QUAY,, ,I,BRANDON ST,201414531,9/06/14,Mon,1721,FE,BN1B,423A 901 ,,R,W,DO,H ,T,T,R,50,0,0,2,,,1748688,5428300,-41.28305574,174.7755388
Wellington City,LAMBTON QUAY,25,N, ,FEATHERSTON ST,201442471,29/07/14,Tue,930,EO,TS1,129A 682A ,S,E,D,BF,F , ,N,L,50,0,0,0,,,1748694,5428059,-41.28522447,174.7756692
Wellington City,LAMBTON QUAY,20,N, ,PANAMA ST,201430704,27/01/14,Mon,850,AO,BS1C,381A 671A ,,R,D,ON,F , ,N,C,50,0,0,0,,,1748680,5428247,-41.2835344,174.7754562
Wellington City,LAMBTON QUAY,20,S, ,PLIMMERS STEPS,201410740,12/03/14,Wed,1940,PC,CN1E,357A 371A 926 ,,R,D,DO,F ,D,N,N,30,0,0,1,54,,1748720,5427982,-41.28591295,174.7759984
Wellington City,LAMBTON QUAY,30,N, ,STOUT ST,201433643,27/03/14,Thu,945,MA,XS1B,350B 373B ,,R,D,O ,F , , ,C,30,0,0,0,,,1748726,5428518,-41.28108599,174.7759391
Wellington City,LAMBTON QUAY,15,S, ,WHITMORE ST,201436854,15/04/14,Tue,1459,MO,BS1X,129A 350A ,Q,R,D,B ,F , , ,R,50,0,0,0,,,1748807,5428679,-41.27962151,174.7768665
Wellington City,LANDFILL ROAD,270,W, ,HAPPY VALLEY ROAD,201439105,18/05/14,Sun,1045,MO,CE1C,386A 926 ,M,R,W,O ,F ,D,N,N,10,0,0,0,,,1746797,5422920,-41.33184073,174.7542661
Wellington City,LIARDET ST,, ,I,DRANSFIELD ST,201443187,4/09/14,Thu,830,JA,VS1C,302B ,,R,D,B ,F ,T,G,C,50,0,0,0,,,1748188,5425021,-41.31267002,174.7703692
Wellington City,LINCOLN AVENUE,, ,I,ROY ST,201436423,21/04/14,Mon,2030,EA,CE14,129A ,M,R,D,DO,F ,T,G,C,50,0,0,0,,,1752871,5440876,-41.169049,174.8223183
Wellington City,LINDEN AVENUE,80,E, ,MAIN ROAD,201447293,12/11/14,Wed,2117,CA,CE1V,504A ,M,R,W,DO,L , , ,N,50,0,0,0,,,1753577,5442208,-41.15692307,174.8303963
Wellington City,LIPMAN ST,15,S, ,MAJORIBANKS ST,201433407,29/03/14,Sat,1330,EA,CN1C,129A ,M,R,D,BF,F , ,N,C,50,0,0,0,,,1749463,5427013,-41.29450004,174.7851049
Wellington City,LORNE ST,15,W, ,CAMBRIDGE TERRACE,201414379,5/07/14,Sat,1331,NA,MW1E,712B ,,R,D,B ,F , , ,C,50,0,1,0,62,,1749236,5426858,-41.29593758,174.782433
Wellington City,LUCKNOW TERRACE,20,S, ,SWANSEA ST,201436580,23/05/14,Fri,1623,MO,CS1C,386A 929 ,M,R,D,O ,F ,D, ,C,50,0,0,0,,,1749519,5432171,-41.24804997,174.784508
Wellington City,LYALL PARADE,, ,I,FREYBERG ST,201439426,20/06/14,Fri,1550,KA,VE1C,302B ,,R,D,B ,F ,T,G,C,50,0,0,0,,,1750081,5423053,-41.33003855,174.7934597
Wellington City,LYALL PARADE,, ,I,ONEPU ROAD,201411800,16/02/14,Sun,904,JA,SE1C,302B 375B ,,M,D,BF,F ,R,G,R,50,0,0,1,,40,1750238,5423152,-41.32911798,174.7953105
Wellington City,LYTTON ST,50,S, ,WADESTOWN ROAD,201433865,9/04/14,Wed,2152,DA,CN1,131A 801 ,,S,W,DN,L , , ,N,50,0,0,0,,,1748243,5430643,-41.26204235,174.7696573
Wellington City,MACDONALD CRESCENT,, ,I,DIXON ST,201412344,9/04/14,Wed,24,DB,CW1,108A 111A 131A 801 ,H,M,W,DO,L ,T,N,C,50,0,0,1,,,1748454,5427469,-41.29058068,174.7729483
Wellington City,MAHORA ST,80,N, ,COUTTS ST,201437055,23/05/14,Fri,1106,AA,VS1C,153A 197A ,,R,D,O ,F , , ,C,50,0,0,0,,,1750403,5424199,-41.31966077,174.7970222
Wellington City,MAHORA ST,100,S, ,RONGOTAI ROAD,201440036,24/06/14,Tue,945,EA,CN1CC,129A 350A ,M,R,D,BF,F , ,N,C,50,0,0,0,,,1750417,5424247,-41.319226,174.7971775
Wellington City,MAIN ROAD,200,N, ,AKAROA DRIVE,201442047,23/05/14,Fri,100,DA,CN1,111A 131A ,F,M,D,DN,F , ,N,C,50,0,0,0,,,1752666,5426452,-41.29895137,174.8234822
Wellington City,MAIN ROAD,, ,I,BOSCOBEL LANE N,201434480,26/03/14,Wed,700,KB,XN1V,301B 375B 403B 671B ,,R,D,B ,F ,T,S,C,50,0,0,0,,,1753151,5439148,-41.18455399,174.8260866
Wellington City,MAIN ROAD,, ,I,ELENA PLACE,201431284,10/01/14,Fri,1522,JA,CN1C,302B 375B ,,R,D,BF,F ,T,G,C,50,0,0,0,,,1753063,5440481,-41.17256912,174.8247046
Wellington City,MAIN ROAD,15,S, ,LINCOLN AVENUE,201439836,1/05/14,Thu,1820,MC,CN1C,372B 671B 801 ,,R,W,DO,L , , ,R,50,0,0,0,,,1753101,5440921,-41.16860045,174.8250475
Wellington City,MAIN ROAD,, ,I,LINDEN AVENUE,201436399,10/04/14,Thu,1930,LB,CS1C,302A 375A ,,R,W,TO,L ,R,G,R,50,0,0,0,,,1753498,5442235,-41.15669493,174.8294485
Wellington City,MAIN ROAD,, ,I,MCLELLAN ST,201410289,6/02/14,Thu,1738,DA,PN1,129A 131A 402A ,K,R,D,B ,F ,T,G,C,50,0,0,1,,,1753332,5441667,-41.16184026,174.8276131
Wellington City,MAIN ROAD,20,S, ,OXFORD ST,201442994,25/08/14,Mon,1400,EA,CN1V,129A 363A 902 ,M,R,D,B ,F , , ,P,50,0,0,0,,,1753044,5440347,-41.17377916,174.8245117
Wellington City,MAIN ROAD,20,N, ,REDWOOD AVENUE N,201415428,22/07/14,Tue,1830,GD,CN1C,331A 358A 427A 927 ,,R,D,DO,F ,D,N,P,50,0,0,1,,,1753118,5439983,-41.17704241,174.8254845
Wellington City,MAIN ROAD,80,S, ,REDWOOD AVENUE N,201450941,7/12/14,Sun,1325,EA,CN1CC,129A 353A 801 ,M,R,W,O ,L , , ,C,50,0,0,0,,,1753102,5439884,-41.17793677,174.8253186
Wellington City,MAIN ROAD,50,N, ,REDWOOD AVENUE S,201439469,4/06/14,Wed,1740,FD,CN1CC,181A 330A ,,R,D,TO,F , ,N,P,80,0,0,0,,,1752977,5439413,-41.18220097,174.8239467
Wellington City,MAIN ROAD,, ,I,SURREY ST,201442978,30/08/14,Sat,1145,JA,CS1C,302B 375B ,,R,D,B ,F ,T,G,C,50,0,0,0,,,1753126,5441034,-41.16757834,174.8253171
Wellington City,MAIN ROAD,, ,I,WILLOWBANK ROAD,201437602,4/06/14,Wed,800,KA,CS2C,111B 302B 330B ,,R,D,B ,F ,R,G,C,50,0,0,0,,,1753316,5439020,-41.18567522,174.8280851
Wellington City,MAIRANGI ROAD,25,S, ,LYTTON ST,201443406,9/09/14,Tue,1832,DA,CN1CC,111A 357A ,M,E,D,DO,F , ,N,N,50,0,0,0,,,1748267,5430542,-41.26294731,174.7699682
Wellington City,MAJORIBANKS ST,10,E, ,ROXBURGH ST,201436577,15/05/14,Thu,1800,MO,CE1C,371A ,M,R,W,DO,F ,T,G,C,50,0,0,0,,,1749455,5427033,-41.29432146,174.7850045
Wellington City,MAKARA ROAD,1000,N, ,ALLINGTON ROAD,201448295,15/12/14,Mon,1823,BF,TS1C,123A 150A ,,M,D,B ,F , ,N,C,50,0,0,0,,,1743862,5428410,-41.2829396,174.7179089
Wellington City,MAKARA ROAD,30,N, ,BERRYMEAD WAY,201431122,26/02/14,Wed,1136,MA,CS1T,150A 378B ,,R,D,B ,F , ,N,C,50,0,0,0,,,1744213,5427809,-41.28828822,174.7222409
Wellington City,MAKARA ROAD,400,W, ,KHOURI AVENUE,201439533,18/06/14,Wed,1420,BF,CE14,111A 131A ,,S,D,O ,F , , ,C,50,0,0,0,,,1743967,5428241,-41.28444252,174.7192022
Wellington City,MAKARA ROAD,1340,S, ,SOUTH MAKARA ROAD,201448231,28/11/14,Fri,1612,EO,TN1,129A 330A ,P,M,D,O ,F , ,N,C,50,0,0,0,,,1743137,5429036,-41.27743208,174.7091081
Wellington City,MANA ST,70,S, ,FORTUNATUS ST,201446752,22/10/14,Wed,1718,MD,CN1C,387A 371B ,,R,D,B ,F , ,N,C,50,0,0,0,,,1747885,5425046,-41.31250054,174.7667449
Wellington City,MANLEY TERRACE,90,S, ,COLOMBO ST,201417314,18/09/14,Thu,1145,MO,TS1C,130A 423A ,FHM,R,D,B ,F , , ,N,50,0,0,1,,,1748743,5424968,-41.31304505,174.7770095
Wellington City,MANNERS ST,10,W, ,CUBA ST,201411070,24/02/14,Mon,1430,NA,BW1E,711B ,,R,D,B ,F ,X,T,N,50,0,1,0,49,,1748776,5427395,-41.29118766,174.7768102
Wellington City,MANNERS ST,, ,I,TARANAKI ST,201417661,5/12/14,Fri,2110,LB,XW1S,140A ,,R,D,DO,F ,M,T,C,30,0,0,1,,27,1748949,5427247,-41.29248826,174.7789116
Wellington City,MANNERS ST,30,N, ,VICTORIA ST,201412412,29/01/14,Wed,1715,NB,BN1E,712B 714B 732B ,,R,D,B ,F , , ,L,30,0,0,1,54,,1748670,5427513,-41.29014478,174.775516
Wellington City,MANSFIELD ST,, ,I,RHODES ST,201417688,23/12/14,Tue,1250,LB,CN1M,302A 375A ,,R,D,B ,F ,R,G,C,50,0,1,0,,,1749049,5424545,-41.316797,174.7807673
Wellington City,MARK AVENUE,130,W, ,GUADELOUPE CRESCENT W,201436264,28/03/14,Fri,1615,CB,VW1V,129A 197A ,,R,D,O ,F , , ,C,50,0,0,0,,,1752457,5436545,-41.20812069,174.8184645
Wellington City,MARK AVENUE,50,E, ,TANIA WAY,201434618,25/03/14,Tue,,EA,CW1T,129A ,M,R,D,BF,F , ,N,C,50,0,0,0,,,1752312,5436070,-41.21242458,174.8168541
Wellington City,MASSEY ROAD,750,N, ,FORT BALLANCE ROAD,201413950,17/05/14,Sat,124,DB,CN1,103A 111A 131A ,X,M,W,DN,F , ,N,C,50,0,0,1,,,1753228,5427569,-41.28878832,174.8299104
Wellington City,MASSEY ROAD,50,N, ,KARAKA BAY ROAD,201412116,19/02/14,Wed,1210,BB,SS1M,205A 330A 370B 831 ,,S,D,B ,F , , ,C,40,0,0,2,,,1753418,5426602,-41.29745829,174.832422
Wellington City,MASSEY ROAD,360,N, ,KARAKA BAY ROAD,201438108,25/02/14,Tue,1826,DA,CS1,111A 131A ,X,M,D,BN,F , ,N,C,50,0,0,0,,,1753670,5426675,-41.29675312,174.835412
Wellington City,MAUPUIA ROAD,120,N, ,ARANUI ST,201441313,2/08/14,Sat,1425,EA,CN1C,129A 331A 801 ,M,M,W,O ,L , , ,C,50,0,0,0,,,1751846,5425105,-41.31123344,174.8140288
Wellington City,MCLELLAN ST,, ,I,BEAUCHAMP ST,201437973,8/05/14,Thu,1635,NA,CW1E,711B ,,R,D,B ,F ,T,N,P,50,0,0,0,,,1753488,5441618,-41.16225192,174.8294839
Wellington City,MEDWAY ST,15,W, ,THE PARADE,201448339,24/12/14,Wed,1709,MG,CW1CC,371B ,M,E,D,B ,F ,T,S,C,50,0,0,0,,,1748372,5422555,-41.33483861,174.7731683
Wellington City,MEIN ST,15,E, ,DANIELL ST,201444155,2/09/14,Tue,1210,EA,TE1C,129A ,M,R, ,BF,  , ,N,N,50,0,0,0,,,1749145,5425241,-41.31051289,174.781743
Wellington City,MEIN ST,10,W, ,DANIELL ST,201446758,6/11/14,Thu,910,KB,CW1C,308B 375B 930 ,,R,W,O ,F ,D,N,N,50,0,0,0,,,1749120,5425236,-41.31056253,174.7814457
Wellington City,MEIN ST,20,W, ,DANIELL ST,201449719,25/11/14,Tue,1742,EA,VN1C,197A 386A ,M,R,D,O ,F , ,N,N,50,0,0,0,,,1749110,5425234,-41.31058239,174.7813268
Wellington City,MEIN ST,, ,I,DANIELL ST,201445321,9/09/14,Tue,1655,KA,CW1C,302B 375B ,,R,D,O ,F ,T,G,C,50,0,0,0,,,1749130,5425238,-41.31054268,174.7815646
Wellington City,MEIN ST,150,E, ,RIDDIFORD ST,201446336,8/09/14,Mon,1445,MA,CW1B,373B ,,R,D,BF,F , ,N,C,50,0,0,0,,,1749064,5425225,-41.31067192,174.7807797
Wellington City,MEIN ST,200,E, ,RIDDIFORD ST,201440020,13/07/14,Sun,1020,BA,CW1V,129A ,,R,W,OF,F , ,N,C,50,0,0,0,,,1749113,5425234,-41.31058183,174.7813626
Wellington City,MELBOURNE ROAD,100,S, ,DEE ST,201446285,8/10/14,Wed,1132,NB,CS1E,370A 818 ,,E,D,OF,FS, ,N,N,50,0,0,0,,,1748646,5423066,-41.33018739,174.7763163
Wellington City,MELROSE ROAD,80,N, ,ALBERT ST,201441851,24/07/14,Thu,2133,EA,CN1C,101A 129A 358A ,M,E,D,DO,F , , ,C,50,0,0,0,,,1748799,5422264,-41.33737987,174.7783403
Wellington City,MELROSE ROAD,20,E, ,MELBOURNE ROAD,201443408,4/09/14,Thu,930,EE,VE1C,129A 350A ,M,E,D,B ,F , ,N,C,50,0,0,0,,,1748644,5422177,-41.33819176,174.7765099
Wellington City,MERSEY ST,10,W, ,MELBOURNE ROAD,201448332,20/12/14,Sat,2235,EA,CE1C,103A 129A ,M,E,W,DO,L ,X,G,C,50,0,0,0,,,1748616,5422187,-41.33810689,174.776173
Wellington City,MIDDLETON ROAD,40,S, ,BURDENDALE GROVE,201448282,15/12/14,Mon,1200,CC,CN1,130A 410A ,T,R,D,B ,F , ,N,C,50,0,0,0,,,1751716,5435600,-41.21676811,174.8098648
Wellington City,MIDDLETON ROAD,5,S, ,CHURTON DRIVE,201449751,20/12/14,Sat,1841,GB,CS1C,175B 929 ,,R,W,O ,F ,D,N,C,50,0,0,0,,,1751848,5435955,-41.21354715,174.8113505
Wellington City,MIDDLETON ROAD,200,S, ,HALSWATER DRIVE,201439598,8/07/14,Tue,726,DA,CN1,131A 802 ,,E,I,TF,FF, , ,C,50,0,0,0,,,1751932,5436395,-41.20956989,174.8122427
Wellington City,MIDDLETON ROAD,680,N, ,ROWELLS ROAD,201413196,9/05/14,Fri,2240,DA,CS1,111A 131A ,C,E,D,DN,F , , ,C,70,0,1,1,,,1752756,5437679,-41.19785452,174.8217459
Wellington City,MIDDLETON ROAD,800,N, ,ROWELLS ROAD,201441467,18/07/14,Fri,1416,DA,CS1,111A 402A ,G,E,W,O ,F , ,N,C,70,0,0,0,,,1752829,5437774,-41.19698543,174.8225923
Wellington City,MILLS ROAD,90,S, ,GOWRIE ST,201415201,17/07/14,Thu,1835,NB,MN1E,711B 732B ,,R,W,DO,L , ,N,C,50,0,1,1,29,,1747820,5425112,-41.31191823,174.7659526
Wellington City,MILLS ROAD,15,N, ,MORNINGTON ROAD,201450849,5/12/14,Fri,15,EA,CN1C,129A 410A ,M,R,D,DO,F , ,N,C,50,0,0,0,,,1747761,5424701,-41.31562946,174.765348
Wellington City,MIRAMAR AVENUE,, ,I,MAUPUIA ROAD,201414216,4/07/14,Fri,1858,JA,SE14,534A 302B 375B ,,R,D,DO,F ,T,G,C,50,0,0,1,,50,1751725,5424711,-41.31480348,174.8126822
Wellington City,MIRAMAR AVENUE,20,W, ,PARA ST,201445906,30/05/14,Fri,1645,MA,CE1C,373B ,,R,D,O ,F ,X,G,C,50,0,0,0,,,1752240,5424410,-41.3174164,174.8189074
Wellington City,MIRAMAR AVENUE,15,W, ,PARK ROAD,201430047,1/01/14,Wed,1530,FA,CE1C,112A 331A ,,R,W,OF,L ,R,G,C,50,0,0,0,,,1752023,5424536,-41.31632293,174.8162845
Wellington City,MIRAMAR AVENUE,30,E, ,STONE ST,201433112,26/03/14,Wed,1340,EA,4.00E+14,357A 386A ,M,R,D,B ,F , , ,C,50,0,0,0,,,1751975,5424564,-41.31607989,174.8157043
Wellington City,MIRAMAR AVENUE,200,W, ,STONE ST,201439528,23/05/14,Fri,1705,JB,CE1C,308A 308B 927 ,,R,D,DO,F ,D,N,C,50,0,0,0,,,1751777,5424681,-41.31506379,174.8133107
Wellington City,MIRAMAR AVENUE,30,E, ,TAUHINU ROAD,201433115,27/03/14,Thu,1100,KB,4W1C,308B 922 ,,R,D,O ,M ,D,N,C,50,0,0,0,,,1751808,5424662,-41.31522902,174.8136856
Wellington City,MIRAMAR AVENUE,30,E, ,TAUHINU ROAD,201436289,9/05/14,Fri,1345,KA,CE1T,308B 922 ,,R,D,B ,F ,D,N,C,50,0,0,0,,,1751808,5424662,-41.31522902,174.8136856
Wellington City,MIRAMAR AVENUE,120,E, ,TAUHINU ROAD,201434458,17/04/14,Thu,1350,BO,XW1C,120B 370B 801 925 ,,M,W,O ,L ,D, ,P,50,0,0,0,,,1751886,5424616,-41.31562848,174.8146285
Wellington City,MIRAMAR AVENUE,, ,I,TAUHINU ROAD,201442108,8/08/14,Fri,1415,JA,4E1T,302B ,,R,W,O ,H ,R,G,R,50,0,0,0,,,1751783,5424677,-41.31509868,174.8133833
Wellington City,MIRAMAR AVENUE,, ,I,TAUHINU ROAD,201430863,19/02/14,Wed,1430,AO,MS1C,381A ,,R,D,BF,F ,R,G,R,50,0,0,0,,,1751783,5424677,-41.31509868,174.8133833
Wellington City,MIRAMAR AVENUE,, ,I,TAUHINU ROAD,201417732,21/10/14,Tue,1120,HA,CS1S,302A 375A ,,R,D,B ,F ,R,G,C,50,0,0,1,,67,1751783,5424677,-41.31509868,174.8133833
Wellington City,MITCHELL ST,40,N, ,KAREPA ST,201444813,9/09/14,Tue,633,DA,CN1C,129A ,M,E,D,TN,F , ,N,C,50,0,0,0,,,1747190,5425661,-41.30709051,174.7582968
Wellington City,MOA POINT ROAD,500,E, ,STEWART DUFF DRIVE,201447030,27/10/14,Mon,1820,DB,CN1,103A ,X,M,D,BN,F , ,N,C,50,0,0,0,,,1751516,5421920,-41.33997075,174.8108823
Wellington City,MOLESWORTH ST,, ,I,HILL ST,201430098,1/02/14,Sat,1450,FE,4N1C,181A ,,R,D,BF,F ,X,T,C,50,0,0,0,,,1748889,5428972,-41.27696838,174.7777736
Wellington City,MOLESWORTH ST,100,S, ,KATE SHEPPARD PLACE,201446073,10/10/14,Fri,955,MO,VN1C,386A ,M,E,D,B ,F , , ,C,50,0,0,0,,,1748925,5428794,-41.27856436,174.7782468
Wellington City,MOLESWORTH ST,30,S, ,MAY ST,201411318,14/08/14,Thu,1700,FD,CN1C,331A 353A ,,R,D,DO,F , ,N,C,50,0,0,1,,,1748907,5429312,-41.27390389,174.7779054
Wellington City,MONRO ST,, ,I,BURNHAM ST,201415548,7/09/14,Sun,1218,HA,CW2S,302B 375B 410B ,,R,D,B ,F ,X,G,C,50,0,1,0,,51,1753404,5423442,-41.32591085,174.8330519
Wellington City,MONTREAL GROVE,, ,I,QUEBEC ST,201449749,31/12/14,Wed,1740,BC,CN14,122A 351A 400A ,,R,W,O ,F ,T,N,C,50,0,0,0,,,1747571,5423888,-41.32298407,174.7632764
Wellington City,MOOREFIELD ROAD,, ,I,BRODERICK ROAD,201414641,9/07/14,Wed,1625,FB,CN1C,181A ,,R,D,O ,F ,X,T,C,50,0,0,1,,,1751177,5434767,-41.22436882,174.8036441
Wellington City,MOOREFIELD ROAD,15,N, ,HAUMIA ST,201411075,7/02/14,Fri,1745,NB,4N1E,306A 507A ,,R,D,TO,F , , ,X,50,0,0,1,30,,1750900,5434230,-41.22925537,174.8004735
Wellington City,MOOREFIELD ROAD,, ,I,JOHNSONVILLE ROAD,201443824,15/08/14,Fri,1830,LB,CS1C,302A 375A ,,M,W,DO,L ,M,G,N,50,0,0,0,,,1751503,5435082,-41.22147177,174.8074535
Wellington City,MOOREFIELD ROAD,, ,I,WANAKA ST,201448767,8/12/14,Mon,1030,MO,TE2C,817,,M,D,B ,F ,T,G,C,50,0,0,0,,,1751266,5434901,-41.22314573,174.8046722
Wellington City,MORGAN ST,25,N, ,IRONSIDE ROAD,201414344,13/06/14,Fri,1510,NA,CN1E,712B 713B 726B ,,R,D,O ,F , , ,C,50,0,0,1,2,,1751380,5435262,-41.21987418,174.8059422
Wellington City,MOUNT ALBERT ROAD,150,S, ,LAVAUD ST,201450899,17/10/14,Fri,709,MO,CS1,433A ,ET,M,D,OF,L , ,N,C,50,0,0,0,,,1748969,5423617,-41.32516691,174.7800393
Wellington City,MOUNT ALBERT ROAD,120,S, ,VOLGA ST,201439354,28/06/14,Sat,715,DA,CN1,103A 137A 831 ,F,M,W,BF,F , ,N,C,50,0,0,0,,,1749038,5423157,-41.32929571,174.7809762
Wellington City,MOUNT ALBERT ROAD,80,W, ,VOLGA ST,201417870,8/11/14,Sat,500,DB,CS1,111A 131A 412A ,P,S,D,TO,F , , ,L,50,0,0,1,,,1748896,5423261,-41.3283856,174.7792547
Wellington City,MOUNT ALBERT ROAD,90,W, ,VOLGA ST,201440296,17/06/14,Tue,920,BD,XS1C,129A 129B ,,M,W,O ,F , , ,L,50,0,0,0,,,1748889,5423263,-41.32836889,174.7791706
Wellington City,MOXHAM AVENUE,, ,I,GOA ST,201415982,2/09/14,Tue,40,HA,CE24,321B 335B ,,R,D,DO,F ,T,S,C,50,0,0,2,,,1750046,5425404,-41.30887827,174.7924615
Wellington City,MOXHAM AVENUE,10,N, ,TAURIMA ST,201413144,8/04/14,Tue,715,NB,BN1E,306A 713B 717B 901 ,,R,W,O ,H ,T,G,X,30,0,0,1,29,,1750180,5425884,-41.30453173,174.793943
Wellington City,MULGRAVE ST,, ,I,AITKEN ST,201431961,1/03/14,Sat,241,DA,CE2,111A 131A 514A ,F,R,D,DO,F ,T,T,N,50,0,0,0,,,1749064,5428963,-41.27701713,174.7798644
Wellington City,MULGRAVE ST,, ,I,AITKEN ST,201440990,15/07/14,Tue,1705,JC,CS1S,324A ,,R,D,BF,F ,T,T,C,50,0,0,0,,,1749064,5428963,-41.27701713,174.7798644
Wellington City,MULGRAVE ST,, ,I,LAMBTON QUAY,201414238,18/07/14,Fri,1710,ND,BS1,711B 718B ,,R,D,O ,L ,M,T,C,50,0,0,1,61,,1749069,5428858,-41.27796157,174.7799498
Wellington City,MURPHY OFF SBD,20,W, ,MURPHY ST,201439599,1/07/14,Tue,914,FD,CE1CC,181A 181B ,,R,W,O ,F , , ,N,100,0,0,0,,,1748930,5429465,-41.27252212,174.7781424
Wellington City,MURPHY ST,10,N, ,BROOK ST,201449762,28/11/14,Fri,1620,MA,CN1C,373B ,,R,D,B ,F ,T,N,C,50,0,0,0,,,1749038,5429184,-41.27503217,174.7795
Wellington City,MURPHY ST,120,N, ,LITTLE PIPITEA ST,201415877,3/09/14,Wed,1240,PC,CS1E,308A 927 ,,R,D,B ,F ,D,S,R,50,0,0,1,52,,1748992,5429295,-41.27404127,174.7789239