TLA NAME,CRASH ROAD,CRASH DIST,CRASH DIRN,INTSN,SIDE ROAD,CRASH ID,CRASH DATE,CRASH DOW,CRASH TIME,MVMT,VEHICLES,CAUSES,OBJECTS STRUCK,ROAD CURVE,ROAD WET,LIGHT,WTHRa,JUNC TYPE,TRAF CTRL,ROAD MARK,SPD LIM,CRASH FATAL CNT,CRASH SEV CNT,CRASH MIN CNT,PERS AGE1,PERS AGE2,EASTING,NORTHING,latitude,longitude
Wellington City,MURPHY ST,, ,I,LITTLE PIPITEA ST,201446750,21/10/14,Tue,756,AA,CS1C,372A ,,R,D,O ,F ,X,G,C,50,0,0,0,,,1749038,5429184,-41.27503217,174.7795
Wellington City,MURPHY ST,, ,I,MURPHY OFF SBD,201447419,17/11/14,Mon,1926,DB,CS1,110A 131A ,K,M,D,O ,L ,T,N,N,50,0,0,0,,,1748931,5429445,-41.272702,174.7781593
Wellington City,NEWLANDS OFF NBD,210,S, ,NEWLANDS ON NBD,201447011,28/10/14,Tue,2153,DA,CS1,111A 131A 414A ,G,M,D,DO,L , ,N,N,80,0,0,0,,,1751458,5433728,-41.23367079,174.8072526
Wellington City,NEWLANDS OFF NBD,140,W, ,NEWLANDS ROAD,201416959,18/10/14,Sat,211,CB,CW1,103A 129A ,GI,R,D,DO,F , ,N,R,50,0,0,1,,,1751643,5433928,-41.23183545,174.8094094
Wellington City,NEWLANDS OFF SBD,150,W, ,NEWLANDS ROAD,201432796,4/03/14,Tue,1851,DB,CS1,131A 500A 901 ,X,E,W,TO,H , , ,R,80,0,0,0,,,1751718,5433999,-41.23118215,174.8102863
Wellington City,NEWLANDS ON NBD,30,S, ,SH 1N,201436267,20/05/14,Tue,1347,DB,CS1,131A 501A ,G,S,D,B ,F , , ,N,70,0,0,0,,,1751552,5433828,-41.23275284,174.8083489
Wellington City,NEWLANDS ROAD,20,N, ,BLACK ROCK ROAD,201438299,22/06/14,Sun,155,CB,CS1C,410A ,M,R,D,DO,F , ,N,P,50,0,0,0,,,1752428,5434314,-41.22821263,174.8186752
Wellington City,NEWLANDS ROAD,100,N, ,BLACK ROCK ROAD,201416895,15/10/14,Wed,1424,PC,CN1E,308A 375A 929 ,,R,D,B ,F ,D,N,C,50,0,0,1,49,,1752456,5434388,-41.2275411,174.8189907
Wellington City,NEWLANDS ROAD,20,W, ,BRACKEN ROAD,201448291,15/12/14,Mon,2020,MA,CW1C,373B ,,R,D,O ,F , ,N,C,50,0,0,0,,,1752844,5434821,-41.22356946,174.8235094
Wellington City,NEWLANDS ROAD,70,W, ,BRACKEN ROAD,201442482,3/08/14,Sun,1825,ME,CE1C,371B ,,R,W,DO,L , ,N,C,50,0,0,0,,,1752797,5434805,-41.22372239,174.8229529
Wellington City,NEWLANDS ROAD,170,W, ,BRACKEN ROAD,201439832,3/07/14,Thu,1535,EA,CE1CCC,129A 386A ,M,R,D,B ,F , , ,C,50,0,0,0,,,1752701,5434776,-41.22400161,174.8218154
Wellington City,NEWLANDS ROAD,200,W, ,BRACKEN ROAD,201448128,21/11/14,Fri,1428,EA,CE1C,129A ,M,E,D,B ,FS, , ,C,50,0,0,0,,,1752675,5434762,-41.22413256,174.8215089
Wellington City,NEWLANDS ROAD,, ,I,BRACKEN ROAD,201430099,4/02/14,Tue,1810,HA,CS2C,302A ,,E,D,BF,F ,R,G,R,50,0,0,0,,,1752868,5434842,-41.22337586,174.8237903
Wellington City,NEWLANDS ROAD,30,E, ,HURRING PLACE,201436089,15/05/14,Thu,715,AC,TE1S,372A 671A ,,E, , F,  , ,N,N,80,0,0,0,,,1751974,5433980,-41.23130516,174.8133441
Wellington City,NEWLANDS ROAD,60,E, ,HURRING PLACE,201434616,4/04/14,Fri,1615,EA,CN1C,129A ,M,E, , F,  , ,N,C,50,0,0,0,,,1752000,5433995,-41.23116522,174.8136504
Wellington City,NEWLANDS ROAD,, ,I,SALFORD ST,201434871,20/03/14,Thu,842,KB,CS1C,301B 353B ,,R,D,BF,F ,T,S,P,50,0,0,0,,,1752393,5434215,-41.22911055,174.8182825
Wellington City,NEWLANDS ROAD,5,N, ,STELLA GROVE,201416516,10/09/14,Wed,720,BE,CN1C,410A 414A ,,R,D,BF,F ,T,N,C,50,0,0,1,,,1752496,5434547,-41.22610204,174.819428
Wellington City,NEWLANDS ROAD,, ,I,WAKELY ROAD,201447288,28/09/14,Sun,745,DA,CS1,111A 131A ,CT,M,W,O ,L ,T,G,C,50,0,0,0,,,1752367,5434126,-41.22991674,174.8179947
Wellington City,NEWLANDS ROAD,, ,I,WESTLEIGH WAY,201414956,29/06/14,Sun,1901,QD,CS1,428A ,C,E,W,DO,L ,T,N,C,50,0,0,1,,,1752509,5434590,-41.22571244,174.8195723
Wellington City,NGAIO GORGE ROAD,, ,I,KAIWHARAWHARA ROAD,201440017,9/07/14,Wed,1415,DA,CN2C,122A 131A ,,M,D,BF,F ,T,G,R,50,0,0,0,,,1749073,5431191,-41.25695575,174.7794269
Wellington City,NGAIO GORGE ROAD,130,E, ,PERTH ST,201438543,25/05/14,Sun,1645,DA,MS1,131A 903 ,,S,D,O ,FS, , ,C,50,0,0,0,,,1748565,5431236,-41.25664414,174.773355
Wellington City,NORMAN LANE,40,W, ,CHAPMAN LANE,201435075,3/05/14,Sat,750,MO,CE14,371A 930 ,M,R,D,B ,F , ,N,C,50,0,0,0,,,1751568,5434915,-41.22296317,174.80827
Wellington City,NORTHLAND ROAD,10,E, ,GARDEN ROAD W,201441334,10/07/14,Thu,2025,MO,CW1C,197A 103B 371B 929 ,,E,D,DO,F ,D, ,C,50,0,0,0,,,1747195,5428304,-41.28329328,174.7577174
Wellington City,NORTHLAND ROAD,, ,I,GARDEN ROAD W,201415452,10/08/14,Sun,1605,GB,CW1M,175A 330A 372A 387B ,,S,D,O ,F ,T,G,C,50,0,1,0,,,1747185,5428305,-41.2832861,174.7575978
Wellington City,NORTHLAND ROAD,, ,I,GARDEN ROAD W,201410877,26/02/14,Wed,753,LB,SW1C,303B 363B 902 ,I,R,D,B ,F ,T,G,R,50,0,1,0,,36,1747185,5428305,-41.2832861,174.7575978
Wellington City,OHARIU ROAD,60,N, ,CLIFFORD ROAD,201439465,30/06/14,Mon,1105,CC,VN1,134A 197A 358A ,C,R,W,O ,H , ,N,C,50,0,0,0,,,1751109,5435527,-41.21753892,174.8026452
Wellington City,OHARIU ROAD,20,S, ,CLIFFORD ROAD,201415516,16/08/14,Sat,1306,EA,MN1C,129A 191A 402A ,M,E,D,O ,F , , ,C,50,0,1,0,,,1751115,5435448,-41.21824907,174.8027363
Wellington City,OHARIU VALLEY ROAD,300,N, ,CORTINA AVENUE,201415014,13/07/14,Sun,1352,DA,PS1,131A 420A 648A ,P,S,W,O ,L , , ,C,50,0,0,1,,,1750575,5436087,-41.21259651,174.7961399
Wellington City,OHARIU VALLEY ROAD,1200,N, ,RIFLE RANGE ROAD,201412151,2/04/14,Wed,1134,AD,MS1,131A 812 ,,M,D,O ,F , , ,C,50,0,1,0,,,1749172,5437476,-41.20035033,174.7790731
Wellington City,OHARIU VALLEY ROAD,800,W, ,RIFLE RANGE ROAD,201439186,15/06/14,Sun,1120,DA,CN1,137A 195A ,C,E,D,O ,F , ,N,C,80,0,0,0,,,1748947,5437146,-41.20336293,174.7764712
Wellington City,OHARIU VALLEY ROAD,, ,I,TAKARAU GORGE ROAD,201432795,27/02/14,Thu,751,CB,VE1,103A 197A 205A ,S,R,D,B ,F ,X,G,C,50,0,0,0,,,1748719,5436459,-41.2095903,174.7739203
Wellington City,OHIRO ROAD,, ,I,BROOKLYN ROAD,201413137,10/05/14,Sat,1523,LB,CS1S,302A ,,E,D,B ,F ,T,G,C,50,0,1,0,,22,1747693,5426137,-41.30271293,174.7641873
Wellington City,OHIRO ROAD,20,S, ,CLEVELAND ST,201448609,1/12/14,Mon,841,QO,TS1CC,330A 663A 801 ,M,R,W,O ,L , , ,C,50,0,0,0,,,1747615,5425825,-41.30553629,174.7633317
Wellington City,OHIRO ROAD,80,S, ,MAARAMA CRESCENT,201439834,18/06/14,Wed,1647,CA,VN1CCV,136A 669A ,M,R,D,TF,F , , ,C,50,0,0,0,,,1748000,5426636,-41.29816395,174.7677313
Wellington City,OHIRO ROAD,100,N, ,STOCK ST,201449234,28/11/14,Fri,2015,EA,CS1CC,129A 130A 804 ,MM,E,W,DO,L , , ,C,50,0,0,0,,,1747437,5424947,-41.3134739,174.7614192
Wellington City,OHIRO ROAD,5,N, ,TAFT ST,201432900,28/02/14,Fri,2150,EA,CN1C,129A 380A 443B 801 ,M,E,W,DO,L ,T, ,C,50,0,0,0,,,1747551,5425483,-41.30862719,174.7626505
Wellington City,OHIRO ROAD,, ,I,TANERA CRESCENT N,201430703,26/01/14,Sun,1700,MO,CN1C,371A ,M,E,W,OF,H ,Y,N,C,50,0,0,0,,,1747783,5426342,-41.30085074,174.765212
Wellington City,OHIRO ROAD,, ,I,TODMAN ST,201440633,8/07/14,Tue,1800,LB,CN14,303B ,,E,D,DO,F ,X,T,C,50,0,0,0,,,1747614,5425845,-41.3053564,174.7633149
Wellington City,OHIRO ROAD,, ,I,TODMAN ST,201445648,15/10/14,Wed,1500,LB,CN1C,303B ,,R,D,B ,F ,X,T,C,50,0,0,0,,,1747614,5425845,-41.3053564,174.7633149
Wellington City,OLD BUCKLE ST,20,E, ,TARANAKI ST,201436075,17/05/14,Sat,1300,FD,CW1C,129A ,,R, , F,  , ,N,C,50,0,0,0,,,1748697,5426638,-41.29801782,174.7760521
Wellington City,OLD BUCKLE ST,, ,I,TARANAKI ST,201430528,31/01/14,Fri,1609,CB,VW1,501A 817 ,G,R,D,B ,F ,X,T,C,50,0,0,0,,,1748679,5426647,-41.2979401,174.775835
Wellington City,OLD BUCKLE ST,, ,I,TARANAKI ST,201439905,19/06/14,Thu,1600,AA,CN1C,372A ,,R,D,BN,F ,X,T,N,50,0,0,0,,,1748679,5426647,-41.2979401,174.775835
Wellington City,OLD BUCKLE ST,200,W, ,TASMAN ST,201435864,8/04/14,Tue,1300,CA,CW1V,130A ,G,R,W,OF,H , ,N,R,100,0,0,0,,,1748698,5426638,-41.29801763,174.776064
Wellington City,OLD BUCKLE ST,10,E, ,TORY ST,201442636,3/05/14,Sat,1457,FE,CW1CC,331A 351A ,,R,D,BF,F ,X,T,C,50,0,0,0,,,1748888,5426548,-41.29879291,174.7783544
Wellington City,OLD BUCKLE ST,15,W, ,TORY ST,201446252,25/09/14,Thu,1238,FD,CW1CC,181A ,,R,D,BF,F , ,N,R,50,0,0,0,,,1748866,5426559,-41.29869793,174.778089
Wellington City,OLD PORIRUA ROAD,250,E, ,CAPTAIN EDWARD DANIELL DR,201448261,5/12/14,Fri,1545,BB,CS1C,120A 120B 831 ,,S,D,B ,F , ,N,N,50,0,0,0,,,1749109,5431323,-41.25576065,174.7798242
Wellington City,ONEPU ROAD,15,N, ,APU CRESCENT N,201448675,5/12/14,Fri,1710,MA,TS1C,373B ,,R,D,B ,F ,T,G,P,50,0,0,0,,,1750249,5423466,-41.3262889,174.7953643
Wellington City,ONEPU ROAD,20,S, ,APU CRESCENT N,201436097,23/04/14,Wed,435,EA,CS1C,103A 129A ,M,R,D,DO,F , ,N,P,50,0,0,0,,,1750248,5423431,-41.3266042,174.795361
Wellington City,ONEPU ROAD,70,S, ,COUTTS ST,201446284,7/10/14,Tue,1038,GB,VS1C,387A 141B 929 ,,R,D,BF,F ,D,N,C,50,0,0,0,,,1750270,5424079,-41.32076596,174.7954635
Wellington City,ONEPU ROAD,10,N, ,LYALL PARADE,201414925,9/06/14,Mon,1534,AA,SN1C,372A ,,R,W,OF,H ,R,G,C,50,0,0,1,,59,1750242,5423170,-41.32895518,174.7953538
Wellington City,ONEPU ROAD,, ,I,LYALL PARADE,201430796,16/02/14,Sun,1200,HA,SE2C,327A 817 ,,E,D,BF,F ,R,G,R,50,0,0,0,,,1750250,5423153,-41.32910674,174.7954536
Wellington City,ONEPU ROAD,20,S, ,RONGOTAI ROAD,201440549,26/07/14,Sat,1330,MO,VS1C,353A 371A 386A 927 ,,R,D,O ,F ,D, ,C,50,0,0,0,,,1750341,5424345,-41.31835785,174.7962457
Wellington City,ONEPU ROAD,120,S, ,RONGOTAI ROAD,201437545,24/05/14,Sat,1445,EA,CS1C,129A ,M,R,D,B ,F , , ,C,50,0,0,0,,,1750314,5424249,-41.3192272,174.795947
Wellington City,ONSLOW ROAD,80,N, ,HOMEBUSH ROAD,201410196,19/01/14,Sun,2216,DB,4S1,101A 129A 131A ,C,E,D,DO,F , , ,C,50,0,0,1,,,1751181,5431888,-41.25028884,174.8044047
Wellington City,ONSLOW ROAD,50,S, ,LOHIA ST,201416529,1/10/14,Wed,1630,AO,CN1S,183A 386A ,,E,D,BF,F , ,N,C,50,0,0,1,,50,1751106,5431941,-41.24982568,174.8034969
Wellington City,ORANGI KAUPAPA ROAD,30,E, ,GARDEN ROAD,201443410,13/09/14,Sat,4,MG,CE1X,330A 330B 371B ,,R,W,DO,L , ,N,C,50,0,0,0,,,1747534,5428399,-41.28237607,174.7617407
Wellington City,ORIENTAL PARADE,10,N, ,CABLE ST,201450624,12/02/14,Wed,1737,JO,CN1S,308A 204B 359B 929 ,,R,D,B ,F ,D,N,R,50,0,0,0,,,1749495,5427232,-41.29252237,174.7854332
Wellington City,ORIENTAL PARADE,, ,I,CABLE ST,201446359,26/09/14,Fri,1252,KB,TS1C,322B 423B ,,R,D,OF,F ,M,T,R,50,0,0,0,,,1749487,5427226,-41.29257788,174.7853391
Wellington City,ORIENTAL PARADE,80,S, ,CARLTON GORE ROAD,201417595,12/11/14,Wed,759,EE,SS1C,374B ,Q,R,D,BF,F , ,N,C,50,0,0,1,,39,1750640,5427661,-41.28844708,174.7989954
Wellington City,ORIENTAL PARADE,15,E, ,FREYBERG POOL CPK ENT,201434139,8/04/14,Tue,1919,MC,CE1C,372B 901 903 ,,R,W,DO,HS, ,N,C,50,0,0,0,,,1749958,5427424,-41.29070785,174.7909129
Wellington City,ORIENTAL PARADE,60,N, ,GRASS ST,201445610,7/09/14,Sun,1649,MO,CS1,130A ,F,R,D,B ,F , , ,C,40,0,0,0,,,1750450,5427450,-41.29038221,174.7967796
Wellington City,ORIENTAL PARADE,230,W, ,HAY ST,201433401,17/03/14,Mon,1740,MO,CW1C,385A ,M,R,D,OF,F , ,N,C,50,0,0,0,,,1750051,5427396,-41.29094266,174.79203
Wellington City,ORIENTAL PARADE,50,E, ,HERD ST,201411551,25/02/14,Tue,859,MC,SW1C,372B ,,E,D,BF,F , ,N,P,50,0,0,1,,30,1749640,5427318,-41.29172122,174.787143
Wellington City,ORIENTAL PARADE,100,E, ,HERD ST,201417866,26/11/14,Wed,1804,MF,SE1V,330B ,,R,D,B ,F , , ,X,40,0,1,0,,33,1749690,5427321,-41.29168493,174.7877391
Wellington City,ORIENTAL PARADE,180,E, ,HERD ST,201434454,11/04/14,Fri,2320,EA,CW1C,102A 358A ,M,R,D,DO,F , , ,P,40,0,0,0,,,1749770,5427328,-41.29160707,174.7886924
Wellington City,ORIENTAL PARADE,200,E, ,HERD ST,201415878,17/09/14,Wed,1114,JA,ME1CC,301B 927 ,,R,D,B ,F ,D,S,P,40,0,0,1,,,1749789,5427330,-41.29158554,174.7889187
Wellington City,ORIENTAL PARADE,, ,I,HERD ST,201413156,12/04/14,Sat,814,GC,BN1S,174B 372B 929 ,,M,D,O ,F ,D,G,P,50,0,0,1,,27,1749590,5427314,-41.2917665,174.7865471
Wellington City,ORIENTAL PARADE,30,W, ,ORIENTAL TERRACE,201438109,8/05/14,Thu,1447,FD,CE14V,101A 181A ,,R,D,BF,F , ,N,C,50,0,0,0,,,1750144,5427353,-41.29131251,174.7931508
Wellington City,ORIENTAL PARADE,, ,I,ORIENTAL TERRACE,201449650,21/12/14,Sun,1300,GE,SE1C,157A 160A ,,R,D,B ,F ,T,G,C,50,0,0,0,,,1750174,5427350,-41.29133394,174.7935096
Wellington City,ORIENTAL PARADE,60,E, ,ORIENTAL TERRACE E,201415399,1/09/14,Mon,1310,FD,CE1C,331A 350A ,,R,D,B ,F , ,N,C,40,0,0,1,,,1750233,5427354,-41.29128695,174.7942129
Wellington City,ORIENTAL PARADE,, ,I,ORIENTAL TERRACE N,201412265,9/04/14,Wed,915,LB,SW1CX,303B 375B ,,E,W,O ,L ,T,G,C,40,0,0,1,,,1750174,5427350,-41.29133394,174.7935096
Wellington City,OTTAWA ROAD,20,S, ,AWARUA ST,201411909,20/03/14,Thu,1450,AO,TS1S,129A 183A ,,E,D,BF,F , ,N,C,50,0,0,1,,39,1748688,5432213,-41.24782508,174.7745844
Wellington City,OTTAWA ROAD,, ,I,AWARUA ST,201411786,31/03/14,Mon,812,FB,SS14,181A ,IP,R,D,B ,F ,R,G,R,50,0,0,1,,42,1748696,5432225,-41.24771557,174.7746769
Wellington City,OWEN ST,5,S, ,BALMORAL TERRACE,201433782,4/04/14,Fri,2009,MO,4S1C,351A 371A ,M,R,D,DO,F ,T,N,C,50,0,0,0,,,1749432,5424641,-41.3158618,174.7853174
Wellington City,OWEN ST,20,N, ,CONSTABLE ST,201430908,27/02/14,Thu,835,FE,CS14,181A ,,R,D,BF,F , ,T,C,50,0,0,0,,,1749360,5424984,-41.31278698,174.7843734
Wellington City,OWEN ST,, ,I,HARPER ST,201413311,3/05/14,Sat,1230,GE,MS1C,160A ,,E,D,O ,F ,T,G,C,50,0,0,1,,,1749400,5424797,-41.3144632,174.784897
Wellington City,OWEN ST,40,N, ,LAWRENCE ST,201446286,15/10/14,Wed,1521,JA,CN1C,308B 382B 929 ,,R,D,BF,F ,D,N,C,50,0,0,0,,,1749441,5424596,-41.31626528,174.785436
Wellington City,OWHIRO BAY PARADE,30,W, ,SEVERN ST,201410417,2/02/14,Sun,1640,DB,CE1,103A 131A ,K,M,D,B ,F ,T,N,C,50,0,0,1,,,1747313,5421147,-41.3477097,174.7608597
Wellington City,PALLISER ROAD,120,N, ,ROSENEATH TERRACE,201410738,25/03/14,Tue,845,FA,SW1X,111A 181A 371B ,,M,D,B ,F , ,N,C,50,0,0,1,,37,1750653,5427229,-41.29233409,174.7992575
Wellington City,PANAMA ST,25,E, ,LAMBTON QUAY,201436928,22/04/14,Tue,2120,MO,4E1C,371A ,M,R,D,DO,F , , ,N,50,0,0,0,,,1748702,5428217,-41.28380045,174.7757261
Wellington City,PARK ROAD,50,N, ,BRUSSELS ST,201415950,31/07/14,Thu,220,EA,CS1V,101A 129A 130A ,M,R,D,DO,F , , ,C,50,0,0,1,,,1752239,5424899,-41.31301403,174.818773
Wellington City,PARK ROAD,25,S, ,WHANGANUI ST,201434459,17/04/14,Thu,1515,MA,VS1C,373B 801 ,,R,W,O ,L , , ,C,50,0,0,0,,,1752531,5425501,-41.30753894,174.8221089
Wellington City,PIPITEA ST,, ,I,MULGRAVE ST,201411005,19/02/14,Wed,1621,LB,MW1C,534A 303B 375B ,,R,D,B ,F ,X,T,C,50,0,0,1,,,1749061,5429129,-41.27552312,174.779788
Wellington City,PIPITEA ST,25,W, ,MURPHY ST,201439188,17/06/14,Tue,1015,MO,TN1,386A ,P,M,D,B ,F , ,N,N,50,0,0,0,,,1749036,5429130,-41.27551873,174.7794894
Wellington City,PIRIE ST,80,E, ,AUSTIN ST,201438175,25/05/14,Sun,236,BA,CW1CC,129A 351A ,MM,R,D,DO,F , ,N,C,50,0,0,0,,,1749690,5426513,-41.29895967,174.7879378
Wellington City,PIRIE ST,, ,I,AUSTIN ST,201433179,18/03/14,Tue,900,HA,CS2CV,301A ,M,E,W,O ,L ,X,S,C,50,0,0,0,,,1749617,5426545,-41.2986851,174.7870584
Wellington City,PIRIE ST,, ,I,AUSTIN ST,201443452,12/09/14,Fri,913,HA,VS2B,301A 377A 838 ,,R,D,B ,F ,X,S,C,50,0,0,0,,,1749617,5426545,-41.2986851,174.7870584
Wellington City,PIRIE ST,50,W, ,BROUGHAM ST,201431136,26/02/14,Wed,1225,MO,OE1C,386A ,M,R,D,B ,F , ,N,N,50,0,0,0,,,1749375,5426654,-41.29774856,174.7841425
Wellington City,PIRIE ST,, ,I,HANIA ST,201431501,15/01/14,Wed,1220,GD,CE1C,181A ,,R,D,BF,F ,T,N,L,50,0,0,0,,,1749289,5426692,-41.29742234,174.7831065
Wellington City,PRISCILLA CRESCENT,300,N, ,HALIFAX ST,201442673,26/08/14,Tue,957,BF,CS1B,132A 407A ,,M,W,OF,F , ,N,L,50,0,0,0,,,1748029,5424164,-41.32041517,174.7686791
Wellington City,QUEENS DRIVE,, ,I,COUTTS ST,201441192,21/07/14,Mon,1803,EO,TN1,129A ,P,M,D,DO,F ,Y,N,C,50,0,0,0,,,1750145,5424182,-41.31986191,174.7939453
Wellington City,QUEENS DRIVE,50,S, ,WHA ST,201446292,30/10/14,Thu,1922,CB,CS1C,103A 136A 631A ,M,R,D,ON,F , ,N,C,50,0,0,0,,,1749982,5423483,-41.32618556,174.7921711
Wellington City,RAJKOT TERRACE,, ,I,ORISSA CRESCENT,201432902,10/03/14,Mon,1435,JA,CW1C,303B 375B 402B ,,M,D,B ,F ,T,N,L,50,0,0,0,,,1750563,5433343,-41.2373042,174.7966732
Wellington City,RAKAU ROAD,200,S, ,MAREWA ROAD,201430749,7/02/14,Fri,1950,EA,CN1C,129A ,M,E,D,BF,F , ,N,C,50,0,0,0,,,1750243,5426236,-41.30135083,174.7946083
Wellington City,RANUI CRESCENT,200,E, ,INDUS ST,201438816,21/07/14,Mon,1520,MO,CN1C,371A ,M,R, , F,  , ,N,N,50,0,0,0,,,1750822,5432340,-41.24628636,174.8000102
Wellington City,RAROA CRESCENT,60,N, ,MOANA ROAD,201413888,7/04/14,Mon,1346,DA,VN1,131A 410A 901 903 ,EFG,M,W,O ,HS, , ,C,50,0,0,1,,,1746962,5427905,-41.28692814,174.7550326
Wellington City,RAROA CRESCENT,5,S, ,MOANA ROAD,201410741,24/03/14,Mon,845,EA,SS1C,129A 350A ,M,E,D,B ,F ,T,N,C,50,0,0,1,,15,1747006,5427857,-41.2873523,174.7555694
Wellington City,RAROA ROAD,, ,I,PLUNKET ST,201433868,13/03/14,Thu,1009,FB,CN1M,181A ,,M,D,O ,F ,R,G,R,50,0,0,0,,,1747240,5427632,-41.28933545,174.758417
Wellington City,RAUKAWA ST,40,S, ,TAIAROA ST,201449236,29/11/14,Sat,533,EA,CN1C,101A 129A ,M,R,D,B ,F , , ,R,50,0,0,0,,,1751993,5422797,-41.33198514,174.8163611
Wellington City,RED ROCKS WALKWAY,4000,W, ,OWHIRO BAY PARADE,201417665,6/12/14,Sat,1345,DA,4.00E+01,138A 330A ,,E,D,B ,F , ,N,N,50,0,0,1,,,1746437,5421068,-41.34858068,174.7504125
Wellington City,REDWOOD AVENUE,10,S, ,LANE CRESCENT,201433133,1/04/14,Tue,810,MD,SS1M,308B 929 ,,R,D,B ,F ,D,N,N,50,0,0,0,,,1752829,5439784,-41.17888864,174.8220904
Wellington City,RIDDIFORD ST,20,S, ,ADELAIDE ROAD,201436022,6/04/14,Sun,2033,FE,CN1CC,103A 181A ,,R,D,DO,F , ,T,C,50,0,0,0,,,1748836,5425588,-41.30744578,174.7779684
Wellington City,RIDDIFORD ST,100,S, ,ADELAIDE ROAD,201447013,29/10/14,Wed,1827,FE,CN1C,181A ,,R,D,OF,F , ,T,P,50,0,0,0,,,1748852,5425510,-41.3081451,174.7781785
Wellington City,RIDDIFORD ST,100,S, ,CHURCH AVENUE,201439063,19/06/14,Thu,727,MC,CN1C,372B ,,R,D,DO,F , ,N,C,50,0,0,0,,,1748919,5425183,-41.31107684,174.7790586
Wellington City,RIDDIFORD ST,30,N, ,CONSTABLE ST,201413945,13/06/14,Fri,2350,CB,4N1,103A 130A ,P,R,D,DO,F , ,N,C,50,0,0,1,,,1748973,5424912,-41.31350679,174.7797698
Wellington City,RIDDIFORD ST,5,S, ,CONSTABLE ST,201447920,7/11/14,Fri,1145,FE,CN1C,181A ,,R,D,O ,F ,T,T,C,50,0,0,0,,,1748980,5424878,-41.31381162,174.7798617
Wellington City,RIDDIFORD ST,, ,I,CONSTABLE ST,201414534,11/07/14,Fri,607,LB,PS1C,303B 375B ,,R,D,TO,F ,T,T,C,50,0,0,1,,,1748979,5424883,-41.31376678,174.7798485
Wellington City,RIDDIFORD ST,, ,I,CONSTABLE ST,201413949,9/06/14,Mon,738,NB,CS1E,711B 718B ,,R,W,O ,F ,T,T,C,50,0,0,1,59,,1748979,5424883,-41.31376678,174.7798485
Wellington City,RIDDIFORD ST,20,N, ,EMMETT ST,201430711,30/01/14,Thu,1030,EA,CS1C,129A ,M,R,D,BF,F , ,N,C,50,0,0,0,,,1748929,5425118,-41.31166022,174.7791939
Wellington City,RIDDIFORD ST,, ,I,EMMETT ST,201433400,1/03/14,Sat,,FE,CS1S,181A ,,R,D,BF,F ,T,T,C,50,0,0,0,,,1748933,5425098,-41.31183955,174.7792466
Wellington City,RIDDIFORD ST,30,N, ,GORDON ST,201413852,11/06/14,Wed,1309,JA,CN1C,308B 375B 402B 801 922 ,,R,W,O ,L ,D, ,P,40,0,0,1,,,1749022,5424676,-41.31562254,174.7804127
Wellington City,RIDDIFORD ST,15,N, ,GREEN ST,201433862,15/04/14,Tue,1438,MA,VS1C,373B ,,R,D,O ,F , , ,C,50,0,0,0,,,1748942,5425055,-41.31222503,174.7793646
Wellington City,RIDDIFORD ST,10,S, ,GREEN ST,201445876,23/10/14,Thu,1228,MC,CN1C,372B ,,R,D,O ,F ,T,G,C,40,0,0,0,,,1748947,5425031,-41.31244019,174.7794301
Wellington City,RIDDIFORD ST,40,S, ,GREEN ST,201440291,26/06/14,Thu,1920,AA,TN1V,357A 372A 901 ,,R,W,DO,H , , ,P,50,0,0,0,,,1748953,5425001,-41.31270919,174.7795091
Wellington City,RIDDIFORD ST,200,N, ,HALL ST,201416954,8/09/14,Mon,844,NA,SN1E,306A ,,R,D,BF,F , ,T,X,50,0,0,1,74,,1748876,5425397,-41.30915805,174.7784927
Wellington City,RIDDIFORD ST,, ,I,HALL ST,201417434,30/09/14,Tue,1700,FE,CN1C,181A ,,R,D,BF,F ,X,T,C,50,0,0,1,,,1748917,5425201,-41.31091515,174.7790303
Wellington City,RIDDIFORD ST,15,S, ,JOHN ST,201434867,18/03/14,Tue,1155,FD,CN14C,181A ,,E,D,BF,F , ,N,C,50,0,0,0,,,1748835,5425593,-41.30740095,174.7779552
Wellington City,RIDDIFORD ST,, ,I,JOHN ST,201441604,18/07/14,Fri,2047,FE,CN1V,181A ,,R,D,DO,F ,X,T,C,50,0,0,0,,,1748832,5425608,-41.30726645,174.7779157
Wellington City,RIDDIFORD ST,100,N, ,MEIN ST,201447889,7/10/14,Tue,1335,MA,CS1C,373B ,,R,D,BF,F , ,N,P,50,0,0,0,,,1748896,5425299,-41.3100367,174.7787555
Wellington City,RIDDIFORD ST,100,N, ,MEIN ST,201441332,5/07/14,Sat,1100,LB,CS1C,303B 370B 930 ,,R,D,B ,F ,D, ,P,50,0,0,0,,,1748896,5425299,-41.3100367,174.7787555
Wellington City,RIDDIFORD ST,, ,I,MEIN ST,201415444,3/09/14,Wed,1840,GB,SN14,142B 330B 372B 927 ,,R,D,DO,F ,D,N,C,50,0,0,1,,,1748917,5425201,-41.31091515,174.7790303
Wellington City,RIDDIFORD ST,20,S, ,NEWTOWN AVENUE,201441338,22/07/14,Tue,1612,MA,4S1C,373B ,,R,D,O ,F , , ,C,50,0,0,0,,,1748996,5424804,-41.31447491,174.7800709