TLA NAME,CRASH ROAD,CRASH DIST,CRASH DIRN,INTSN,SIDE ROAD,CRASH ID,CRASH DATE,CRASH DOW,CRASH TIME,MVMT,VEHICLES,CAUSES,OBJECTS STRUCK,ROAD CURVE,ROAD WET,LIGHT,WTHRa,JUNC TYPE,TRAF CTRL,ROAD MARK,SPD LIM,CRASH FATAL CNT,CRASH SEV CNT,CRASH MIN CNT,PERS AGE1,PERS AGE2,EASTING,NORTHING,latitude,longitude
Wellington City,RIDDIFORD ST,, ,I,NORMANBY ST,201417313,2/11/14,Sun,1548,EA,CN1C,129A 130A ,M,R,D,O ,F ,T,G,R,40,0,0,1,,,1749005,5424757,-41.31489641,174.7801899
Wellington City,RIDDIFORD ST,10,N, ,RHODES ST,201446251,2/09/14,Tue,1830,JA,C,308B 375B 925 ,,R,D,DO,F ,D,N,N,50,0,0,0,,,1749041,5424567,-41.3166004,174.7806663
Wellington City,RIDDIFORD ST,, ,I,RHODES ST,201410076,10/01/14,Fri,230,DA,CS1,103A 111A 130A 812 ,SX,R,D,DO,F ,R,G,R,50,0,1,2,,,1749047,5424556,-41.31669833,174.7807407
Wellington City,RIDDIFORD ST,20,N, ,RINTOUL ST,201447406,29/08/14,Fri,1515,AA,CS1C,372A 381A ,,R,D,B ,F , ,N,C,40,0,0,0,,,1748925,5425142,-41.31144488,174.7791403
Wellington City,RIDDIFORD ST,10,S, ,RINTOUL ST,201431317,1/03/14,Sat,1245,AC,CN1V,372A ,,R,D,BF,F ,Y,T,C,50,0,0,0,,,1748930,5425112,-41.31171406,174.7792073
Wellington City,RINTOUL ST,90,S, ,COLOMBO ST,201439453,3/07/14,Thu,,EA,CS1C,386A ,M,R,D,B ,F , ,N,C,50,0,0,0,,,1748884,5424941,-41.31326213,174.7786999
Wellington City,RINTOUL ST,15,N, ,LUXFORD ST,201411776,5/04/14,Sat,800,MA,CS1C,373B ,,R,D,B ,F , , ,P,50,0,0,1,,,1748801,5424215,-41.31981391,174.7778864
Wellington City,RINTOUL ST,, ,I,LUXFORD ST,201443332,5/09/14,Fri,1550,BB,CS1C,124A ,,M,D,O ,L ,T,S,C,50,0,0,0,,,1748800,5424200,-41.31994915,174.7778781
Wellington City,RINTOUL ST,10,S, ,RIDDIFORD ST,201433492,24/03/14,Mon,1445,FF,CE1C,132A 427A ,,R,D,BF,F ,Y,T,C,50,0,0,0,,,1748926,5425113,-41.31170579,174.7791593
Wellington City,RONGOTAI ROAD,20,E, ,BAY ROAD,201431960,3/03/14,Mon,1724,MA,BE1C,373B ,,R,W,OF,L , ,N,P,50,0,0,0,,,1750260,5424393,-41.31794079,174.7952665
Wellington City,RONGOTAI ROAD,, ,I,BAY ROAD,201433792,9/04/14,Wed,1132,FE,BE1X,331A ,,R,D,O ,F ,X,T,C,50,0,0,0,,,1750240,5424398,-41.3178995,174.7950264
Wellington City,RONGOTAI ROAD,, ,I,MAHORA ST,201444812,5/10/14,Sun,102,DA,CE1,111A 131A ,,M,D,DO,F ,T,G,R,50,0,0,0,,,1750448,5424354,-41.31825687,174.7975213
Wellington City,RONGOTAI ROAD,, ,I,MAHORA ST,201436587,15/05/14,Thu,1550,JA,CW1C,302B 335B 901 ,,R,W,O ,H ,T,G,R,50,0,0,0,,,1750445,5424343,-41.31835646,174.7974882
Wellington City,RONGOTAI ROAD,15,W, ,TROY ST,201430862,14/02/14,Fri,1530,FC,CE1C,181A ,,R,D,BF,F , ,N,X,50,0,0,0,,,1750786,5424262,-41.31902204,174.8015805
Wellington City,ROSENEATH TERRACE,, ,I,THANE ROAD,201448770,26/11/14,Wed,1524,BF,CN2C,131A 205A 197B ,,M,D,B ,F ,T,N,C,50,0,0,0,,,1750648,5427144,-41.29310031,174.7992188
Wellington City,ROSS ST,30,S, ,COUTTS ST,201430709,3/01/14,Fri,1400,MO,CS1C,385A 927 ,M,R,D,OF,F ,D,N,C,50,0,0,0,,,1750468,5424065,-41.32085509,174.7978316
Wellington City,ROSS ST,110,S, ,RONGOTAI ROAD,201441729,11/08/14,Mon,1757,GB,CS14,112A 158A 142B 175B 402B 901 929 ,,R,W,DO,H ,D,N,C,50,0,0,0,,,1750511,5424210,-41.31954159,174.7983093
Wellington City,ROTHERHAM TERRACE,40,W, ,PARA ST,201447862,1/02/14,Sat,1930,EA,BW1X,129A 671A ,Q,R,D,BF,F , ,N,P,50,0,0,0,,,1752566,5424934,-41.31263713,174.822669
Wellington City,ROXBURGH ST,70,N, ,HOOD ST,201444805,29/09/14,Mon,1750,EA,CS1C,129A ,Q,M,D,BF,F , ,N,C,50,0,0,0,,,1749628,5427247,-41.29236268,174.7870172
Wellington City,ROXBURGH ST,, ,I,MCFARLANE ST,201431316,28/02/14,Fri,2150,EA,CN1C,129A ,M,R,W,DO,L ,T,N,P,50,0,0,0,,,1749676,5427186,-41.29290299,174.7876052
Wellington City,ROY ST,5,E, ,MANSFIELD ST,201437841,27/05/14,Tue,700,MO,CN1C,371A ,M,R,D,DO,F ,T,N, ,50,0,0,0,,,1749113,5424279,-41.31918006,174.7815968
Wellington City,SALAMANCA ROAD,20,N, ,CLERMONT TERRACE,201435187,18/02/14,Tue,1820,MA,XN1V,373B ,,M,D,O ,F , ,N,C,50,0,0,0,,,1748304,5428410,-41.28213598,174.7709286
Wellington City,SALAMANCA ROAD,100,S, ,GLADSTONE TERRACE,201434455,15/04/14,Tue,1730,MA,CS1C,371B ,,R,D,O ,F , , ,C,50,0,0,0,,,1748163,5428084,-41.285097,174.7693249
Wellington City,SALAMANCA ROAD,50,N, ,KELBURN PARADE,201444811,7/10/14,Tue,1830,EA,CS1C,129A ,M,R,D,BF,F , ,N,C,50,0,0,0,,,1748139,5427947,-41.28633488,174.7690718
Wellington City,SALFORD ST,, ,I,COTSWOLD CRESCENT E,201447217,15/11/14,Sat,2100,EA,CS1C,129A ,M,R,D,DO,F ,T,N,C,50,0,0,0,,,1752195,5434371,-41.2277433,174.8158823
Wellington City,SALFORD ST,, ,I,COTSWOLD CRESCENT E,201430856,8/01/14,Wed,1810,EA,4S1CC,110A 197A 818 ,M,M,D,ON,F ,T,N,C,50,0,0,0,,,1752195,5434371,-41.2277433,174.8158823
Wellington City,SANDYBROW,100,S, ,WAVERTON TERRACE,201439252,25/06/14,Wed,2215,EA,CS1C,129A ,M,R,W,DO,L , , ,N,50,0,0,0,,,1750926,5437175,-41.20273537,174.8000563
Wellington City,SEATOUN HEIGHTS ROAD,100,S, ,AWA ROAD,201414930,16/06/14,Mon,1515,MO,CN1,421A 929 ,H,M,D,OF,F ,D,N,C,50,0,1,0,,,1752887,5424900,-41.31288246,174.8265106
Wellington City,SERVICE LANE,40,E, ,SPICER PLACE,201412372,17/01/14,Fri,1600,CA,PW1C,402A 420A 517A ,X,R,D,B ,F , , ,C,50,0,1,0,,,1754089,5441125,-41.16657658,174.8367679
Wellington City,SEVERN ST,200,S, ,MOSELLE ST,201439831,30/06/14,Mon,1740,EA,CE1C,129A 801 ,M,R,W,DO,L , , ,C,50,0,0,0,,,1747786,5421816,-41.34159979,174.7663481
Wellington City,SH 1N,, ,I,TROY ST,201411550,8/03/14,Sat,1412,DB,VN1,103A 131A ,GS,M,D,BF,F ,R,G,R,70,0,1,0,,,1750907,5424485,-41.31699168,174.8029702
Wellington City,SHORT ST,, ,I,LIARDET ST,201410961,10/01/14,Fri,1610,GD,MS1C,137A 331A ,,R,D,BF,F ,T,G,P,50,0,0,1,,,1748188,5425021,-41.31267002,174.7703692
Wellington City,SIDLAW ST,110,E, ,KASTOS WAY,201417731,16/11/14,Sun,1812,DB,PW1,131A 402A ,,E,D,B ,F , ,N,C,50,0,0,1,,,1752577,5422846,-41.33143366,174.8233244
Wellington City,SILVERSTREAM ROAD,280,E, ,SPENCER ST W,201413375,29/05/14,Thu,1940,EA,CW1C,129A 503A ,M,R,D,DO,F , , ,N,50,0,0,1,,,1747669,5431574,-41.25376514,174.7625828
Wellington City,SIMLA CRESCENT,, ,I,KHANDALLAH ROAD,201414711,30/06/14,Mon,620,JA,SE2C,302B 375B ,,R,D,DO,F ,X,G,C,50,0,0,1,,45,1749451,5432318,-41.24673903,174.7836608
Wellington City,SLIP,50,N, ,HINEMOA ST,201431464,8/02/14,Sat,1747,AA,VS1C,372A 200B ,,R,W,OF,L , ,N,P,50,0,0,0,,,1749448,5429028,-41.27636095,174.7844314
Wellington City,SLIP,, ,I,HINEMOA ST,201437059,14/05/14,Wed,907,LB,CS1C,303B ,,R,D,O ,F ,X,T,R,50,0,0,0,,,1749417,5428989,-41.27671782,174.784071
Wellington City,SPRINGFIELD TERRACE,, ,I,KELBURN PARADE,201441309,31/07/14,Thu,1430,EA,VS1C,371A ,M,R,D,O ,F ,T,N,C,50,0,0,0,,,1747835,5427364,-41.29163965,174.7655846
Wellington City,STAFFORD ST,15,N, ,PORT ST,201430705,30/01/14,Thu,2100,EA,CS1C,129A ,M,R,D,DO,F , ,N,C,50,0,0,0,,,1749794,5426959,-41.29492487,174.7890697
Wellington City,STEWART DRIVE,, ,I,BRACKEN ROAD,201443413,4/09/14,Thu,930,FB,VN1C,351A 387A ,,R,D,B ,F ,T,G,R,50,0,0,0,,,1752836,5434948,-41.22242755,174.8233822
Wellington City,STEWART DRIVE,10,E, ,FITZPATRICK ST,201444684,3/10/14,Fri,945,MB,CW1C,372B ,,R,D,B ,F ,T,N,C,50,0,0,0,,,1752301,5435091,-41.22124094,174.8169669
Wellington City,STEWART DRIVE,100,S, ,TED GILBERD PLACE,201411119,26/03/14,Wed,1132,MC,ME1C,387A 372B ,,E,D,B ,F , , ,C,50,0,0,1,,,1752110,5435005,-41.22205116,174.8147108
Wellington City,STOKE ST,, ,I,TREVOR TERRACE,201451071,24/12/14,Wed,1744,MD,CW1C,341B 929 ,,R,D,BF,F ,D,N,C,50,0,0,0,,,1748711,5424851,-41.31410435,174.776656
Wellington City,STOUT ST,, ,I,WHITMORE ST,201441736,5/08/14,Tue,1533,HA,VN1C,322A 334A ,,R,D,B ,F ,X,T,R,50,0,0,0,,,1748881,5428585,-41.2804542,174.7777727
Wellington City,STRATHMORE AVENUE,, ,I,BROADWAY,201415647,4/09/14,Thu,826,NA,CN1E,353A 711B ,,E,D,O ,F ,R,G,R,30,0,0,1,13,,1752343,5423606,-41.32463551,174.8203389
Wellington City,SUTHERLAND CRESCENT,300,S, ,MANCHESTER ST,201438499,12/06/14,Thu,1028,EA,VW1C,129A 517A ,M,E,D,O ,F , , ,N,50,0,0,0,,,1749527,5423772,-41.3236681,174.7866657
Wellington City,SUTHERLAND ROAD,, ,I,RODRIGO ROAD,201433180,3/03/14,Mon,1344,FD,CE1C,331A ,,E,D,B ,F ,T,G,C,50,0,0,0,,,1749709,5423892,-41.32255393,174.7888098
Wellington City,SUTHERLAND ROAD,, ,I,RUA ST,201433499,9/03/14,Sun,300,DA,4W2CB,103A 131A ,,R,D,DO,F ,X,G,R,50,0,0,0,,,1749808,5422953,-41.33098966,174.7902236
Wellington City,TAKAPU ROAD,, ,I,TAWA OFF SBD,201446636,24/09/14,Wed,2030,HA,CS1C,302A ,,R,D,DO,F ,X,G,C,50,0,0,0,,,1753701,5439145,-41.18447686,174.8326421
Wellington City,TARANAKI ST,, ,I,ABEL SMITH ST,201416197,11/08/14,Mon,1642,DC,TE2EEC,130A 514A 517A ,KM,R,D,TF,F ,T,N,C,50,0,0,2,19,,1748721,5426755,-41.29695999,174.77631
Wellington City,TARANAKI ST,25,N, ,CABLE ST,201437849,24/04/14,Thu,1600,EO,TS1,330A 350A ,S,R,D,B ,F , ,N,C,50,0,0,0,,,1749062,5427495,-41.29023455,174.7801998
Wellington City,TARANAKI ST,15,S, ,CABLE ST,201441315,4/08/14,Mon,1620,EA,CN1V,112A 129A 330A ,M,R,D,O ,F , , ,C,50,0,0,0,,,1749045,5427459,-41.29056181,174.7800057
Wellington City,TARANAKI ST,20,S, ,COURTENAY PLACE,201416613,6/10/14,Mon,1510,NA,CN1E,713B 714B 801 ,,R,W,O ,L , , ,C,50,0,0,1,21,,1748940,5427229,-41.29265198,174.7788085
Wellington City,TARANAKI ST,5,N, ,GHUZNEE ST,201416966,9/10/14,Thu,730,AA,SS1C,372A ,,R,D,BF,F ,M,T,R,50,0,0,1,,39,1748868,5427084,-41.29397076,174.7779845
Wellington City,TARANAKI ST,, ,I,GHUZNEE ST,201435015,20/03/14,Thu,915,JO,CE1C,377A 313B 830 ,,R,D,B ,F ,T,N,C,50,0,0,0,,,1748866,5427080,-41.29400714,174.7779616
Wellington City,TARANAKI ST,, ,I,HAINING ST,201443330,9/09/14,Tue,1735,KA,CS1C,303B 363B 902 ,,E,D,B ,F ,T,N,C,50,0,0,0,,,1748749,5426818,-41.29638762,174.7766289
Wellington City,TARANAKI ST,20,N, ,HANKEY ST,201415981,2/09/14,Tue,2226,MC,SN1C,372B ,,M,D,DO,F , , ,R,50,0,0,1,,19,1748514,5426282,-41.30125674,174.7739542
Wellington City,TARANAKI ST,130,N, ,HANKEY ST,201443638,2/09/14,Tue,1410,KA,VN1C,308B 330B 927 ,,R,D,O ,F ,D,N,C,50,0,0,0,,,1748560,5426382,-41.30034793,174.774479
Wellington City,TARANAKI ST,200,N, ,HANKEY ST,201413457,25/06/14,Wed,1305,NB,VS1E,713B 732B ,,R,W,O ,L , , ,X,50,0,0,1,24,,1748588,5426446,-41.29976655,174.7747976
Wellington City,TARANAKI ST,, ,I,OLD BUCKLE ST,201435616,30/04/14,Wed,2300,FE,CS1V,331A 350A ,,R,D,DO,F ,X,T,C,50,0,0,0,,,1748679,5426647,-41.2979401,174.775835
Wellington City,TARANAKI ST,20,S, ,SH 1N,201444170,17/07/14,Thu,1515,FF,CS1C,387A ,,R,W,OF,L , ,N,C,50,0,0,0,,,1748670,5426629,-41.29810382,174.7757319
Wellington City,TARANAKI ST,200,S, ,WEBB ST,201411801,3/03/14,Mon,915,NA,CN1E,306A ,,R,D,BF,F , ,N,C,50,0,1,0,30,,1748573,5426409,-41.30010244,174.7746276
Wellington City,TARANAKI ST,, ,I,WIGAN ST,201436586,16/05/14,Fri,1756,GE,CS1C,160A 410A ,,R,D,DO,F ,T,N,P,50,0,0,0,,,1748745,5426809,-41.29646938,174.7765833
Wellington City,TASMAN ST,10,S, ,RUGBY ST,201439197,21/05/14,Wed,358,MO,CS1,514A 930 ,F,E,D,DO,F ,D,N,N,70,0,0,0,,,1748832,5426351,-41.30057691,174.777734
Wellington City,TASMAN ST,, ,I,WALLACE ST,201431314,28/02/14,Fri,1800,JA,ME2C,302B 377B ,,R,D,OF,F ,T,G,P,50,0,0,0,,,1748696,5425620,-41.30718349,174.7762889
Wellington City,TASMAN ST,80,S, ,YALE ROAD,201446968,13/07/14,Sun,,CB,CS1C,103A 130A ,M,R,D,DO,FS, ,N,C,50,0,0,0,,,1748699,5425822,-41.30536425,174.7762754
Wellington City,TAURIMA ST,, ,I,MOXHAM AVENUE,201445322,9/09/14,Tue,1730,GA,CE1V,181A 331A ,,R,D,B ,F ,T,G,C,30,0,0,0,,,1750176,5425875,-41.30461351,174.7938974
Wellington City,TAURIMA ST,15,E, ,SH 1N,201448279,15/12/14,Mon,1718,FD,TW1CC,331A 358A ,,R,D,B ,F ,T,N,C,50,0,0,0,,,1750057,5425890,-41.3045006,174.7924729
Wellington City,TAVISTOCK ROAD,140,E, ,SUTHERLAND ROAD,201445500,11/10/14,Sat,1215,MO,4.00E+14,371A ,M,E,D,B ,F , , ,N,50,0,0,0,,,1749852,5423556,-41.32555249,174.7906004
Wellington City,TAWA OFF SBD,, ,I,TAKAPU ROAD,201437693,30/05/14,Fri,1220,FB,VS1T,111A 181A 331A ,,E,D,O ,F ,X,G,C,50,0,0,0,,,1753701,5439145,-41.18447686,174.8326421
Wellington City,TAWA OFF SBD,, ,I,TAKAPU ROAD,201447297,11/11/14,Tue,1424,LB,VE1C,303B ,,R,D,B ,FS,X,G,C,50,0,0,0,,,1753701,5439145,-41.18447686,174.8326421
Wellington City,TAYLOR TERRACE,80,S, ,MORGAN PLACE,201447292,17/08/14,Sun,212,CA,CS1CC4,103A 130A ,MM,R,D,DF,F , , ,C,50,0,0,0,,,1753345,5439959,-41.17721558,174.8281955
Wellington City,TED GILBERD PLACE,50,N, ,STEWART DRIVE,201446751,19/09/14,Fri,842,BC,CS1V,121A 131A ,,M,D,B ,F , ,N,C,50,0,0,0,,,1752135,5435114,-41.22106509,174.8149818
Wellington City,TENNYSON ST,20,E, ,TORY ST,201440021,13/07/14,Sun,1330,MO,CW1C,385A ,M,R,D,BF,F , ,N,C,50,0,0,0,,,1749094,5426993,-41.29474836,174.7807047
Wellington City,THAMES ST,20,E, ,CLYDE ST,201441813,7/08/14,Thu,830,MO,CE1C,371A ,M,R,D,O ,F , , ,N,50,0,0,0,,,1748522,5422499,-41.33531517,174.7749738
Wellington City,THE ESPLANADE,400,E, ,BRIGHTON ST,201439569,26/06/14,Thu,2300,BF,CE1V,101A 111A 198A ,,E,W,DO,L , , ,C,50,0,0,0,,,1748710,5421418,-41.34501314,174.7774842
Wellington City,THE PARADE,, ,I,AVON ST,201433740,22/03/14,Sat,1855,MA,XS1B,373B ,,R,D,O ,F ,T,G,C,50,0,0,0,,,1748403,5422714,-41.33340136,174.7734998
Wellington City,THE PARADE,30,S, ,DEE ST,201440033,26/06/14,Thu,1745,MA,CS1C,372B ,,E,W,DO,H , ,N,R,50,0,0,0,,,1748448,5423155,-41.32942258,174.7739296
Wellington City,THE PARADE,, ,I,HUMBER ST,201438198,14/05/14,Wed,900,HA,CS1C,302B 377B ,,R,W,OF,L ,X,G,C,50,0,0,0,,,1748199,5421925,-41.34054257,174.7712555
Wellington City,THE PARADE,15,S, ,MEDWAY ST,201445618,3/10/14,Fri,1006,GD,CS1C,181A 331A 926 ,,R,W,B ,F ,D,N,C,30,0,0,0,,,1748385,5422538,-41.33498927,174.7733278
Wellington City,THE PARADE,, ,I,REEF ST,201447888,16/10/14,Thu,15,DB,CS14,111A 131A 514A ,M,R,D,DO,F ,Y,N,C,50,0,0,0,,,1748107,5421660,-41.34294539,174.770221
Wellington City,THE RIDGEWAY,, ,I,FARNHAM ST,201447421,16/11/14,Sun,2250,DB,CS1,103A 111A ,FHT,R,D,TO,F ,T,N,C,50,0,0,0,,,1747651,5424445,-41.31795449,174.7640965
Wellington City,THE TERRACE,10,N, ,AURORA TERRACE,201441330,18/06/14,Wed,1200,MO,CS1C,386A ,M,R,D,O ,F ,T,G,C,50,0,0,0,,,1748657,5428516,-41.2811167,174.775116
Wellington City,THE TERRACE,, ,I,DALMUIR LANE,201416262,1/10/14,Wed,1755,JA,SN14,302B ,,R,D,B ,F ,T,G,C,50,0,0,1,,28,1748620,5428304,-41.28303225,174.7747261
Wellington City,THE TERRACE,10,N, ,DIXON ST,201442395,30/08/14,Sat,1045,EA,TS1C,386A ,M,E,D,B ,F ,T,N,C,50,0,0,0,,,1748332,5427534,-41.29001788,174.7714762
Wellington City,THE TERRACE,10,S, ,DIXON ST,201415450,15/08/14,Fri,2025,NA,CS1E,194A 719B ,,E,W,DO,L ,T,N,C,50,0,0,1,23,,1748324,5427516,-41.29018141,174.771385
Wellington City,THE TERRACE,15,N, ,EVERTON TERRACE,201445299,2/10/14,Thu,1027,MA,VN1CV,191A 373B 181C ,,R,D,O ,F , , ,R,50,0,0,0,,,1748536,5428043,-41.28539761,174.7737872
Wellington City,THE TERRACE,150,N, ,EVERTON TERRACE,201440816,31/07/14,Thu,707,KB,VN1C,308B 927 ,,R,D,TF,F ,D,N,N,50,0,0,0,,,1748579,5428170,-41.28424626,174.7742695
Wellington City,THE TERRACE,, ,I,EVERTON TERRACE,201447409,6/11/14,Thu,1620,FE,CN1C,181A ,,R,D,O ,F ,T,T,R,50,0,0,0,,,1748531,5428029,-41.28552458,174.7737309
Wellington City,THE TERRACE,, ,I,MACDONALD CRESCENT,201443603,29/08/14,Fri,1515,KB,CN1V,301B ,,R,D,B ,F ,T,S,C,50,0,0,0,,,1748304,5427470,-41.29059925,174.7711575
Wellington City,THE TERRACE,5,S, ,MOUNT ST,201441438,12/06/14,Thu,1205,MB,CS1C,372B ,,R,D,O ,F ,T,T,C,50,0,0,0,,,1748368,5427634,-41.28911092,174.7718815
Wellington City,THE TERRACE,50,N, ,SALAMANCA ROAD,201430701,5/02/14,Wed,1640,EA,TS1C,129A ,M,R, , F,  , ,N,C,50,0,0,0,,,1748397,5427718,-41.2883493,174.7722072
Wellington City,THE TERRACE,130,N, ,SALAMANCA ROAD,201412737,1/04/14,Tue,820,NA,CN1E,711B 712B ,,R,D,BF,F , ,N,C,50,0,1,0,21,,1748427,5427792,-41.28767753,174.7725473
Wellington City,THE TERRACE,150,N, ,SALAMANCA ROAD,201446757,28/10/14,Tue,1828,MA,BN1CC,110B 373B ,M,R,D,O ,F , ,N,C,50,0,0,0,,,1748435,5427810,-41.28751399,174.7726384
Wellington City,THE TERRACE,15,S, ,SALAMANCA ROAD,201446983,18/10/14,Sat,2330,EA,TS1C,129A ,M,R,D,DO,F , ,N,C,50,0,0,0,,,1748376,5427656,-41.28891137,174.7719717
Wellington City,THE TERRACE,25,S, ,SALAMANCA ROAD,201415142,11/08/14,Mon,1515,MC,PS14,197A 372B 378B 832 901 ,,R,W,O ,H , , ,C,50,0,0,1,,,1748373,5427647,-41.28899296,174.771938
Wellington City,THE TERRACE,20,N, ,SHELL LANE,201450892,27/11/14,Thu,1411,AA,CN1V,372A ,,R,D,BF,F , ,N,C,50,0,0,0,,,1748632,5428374,-41.2823998,174.7748523
Wellington City,THE TERRACE,20,S, ,TERRACE OFF SBD,201411699,21/03/14,Fri,703,FD,CS1C4,331A 352A ,,R,D,TO,F , ,N,R,50,0,0,1,,,1748571,5428145,-41.28447282,174.7741801
Wellington City,THORNDON QUAY,200,N, ,DAVIS ST,201431493,5/03/14,Wed,1038,AA,BS1C,372A ,,R,D,OF,FS, ,N,R,50,0,0,0,,,1749305,5429425,-41.27281303,174.7826275
Wellington City,THORNDON QUAY,300,N, ,DAVIS ST,201410880,20/02/14,Thu,1620,GB,SN1C,197A 355B 386B 927 ,,R,D,B ,F ,D, ,L,50,0,0,1,,51,1749266,5429517,-41.27199192,174.7821395
Wellington City,THORNDON QUAY,300,N, ,DAVIS ST,201435863,11/04/14,Fri,1014,AC,VS1M,372A ,,R,W,OF,F , ,N,C,50,0,0,0,,,1749266,5429517,-41.27199192,174.7821395
Wellington City,THORNDON QUAY,500,N, ,DAVIS ST,201418719,22/12/14,Mon,1500,GB,VS1P,175B 372B 927 ,,R,D,B ,F ,D, ,C,60,0,0,1,,,1749199,5429705,-41.27031165,174.7812939
Wellington City,THORNDON QUAY,100,S, ,DAVIS ST,201449017,19/07/14,Sat,1115,FC,CS1C,181A 387A 191B ,,R,D,OF,F , ,N,X,50,0,0,0,,,1749361,5429149,-41.27528762,174.7833634
Wellington City,THORNDON QUAY,, ,I,FEATHERSTON ST,201412746,29/04/14,Tue,1014,JA,CN1X,322A ,,R,W,OF,L ,T,T,R,50,0,0,1,,,1749084,5428833,-41.27818389,174.7801349
Wellington City,THORNDON QUAY,50,N, ,MOORE ST,201412128,26/04/14,Sat,1053,ME,SS1C,330B 372B ,,E,D,B ,F , , ,P,50,0,0,1,,33,1749265,5429080,-41.27592661,174.7822346
Wellington City,THORNDON QUAY,30,W, ,MOORE ST,201435814,3/04/14,Thu,810,FD,CW14,181A ,,E,D,BF,F , ,N,X,50,0,0,0,,,1749197,5429039,-41.27630831,174.7814331
Wellington City,THORNDON QUAY,50,N, ,MULGRAVE ST,201432901,6/03/14,Thu,921,ME,BS1C,372B ,,E,D,O ,F , , ,C,50,0,0,0,,,1749109,5428877,-41.27778312,174.7804225
Wellington City,THORNDON QUAY,100,N, ,MULGRAVE ST,201438112,12/05/14,Mon,1130,JA,CS14,308B 375B 927 ,,S,D,BF,F ,D,N,R,50,0,0,0,,,1749128,5428923,-41.27736546,174.780638
Wellington City,THORNDON QUAY,380,N, ,MULGRAVE ST,201432083,20/02/14,Thu,1607,MO,BN1,371A ,P,R,D,B ,F , , ,P,50,0,0,0,,,1749320,5429108,-41.27566435,174.7828842
Wellington City,THORNDON QUAY,, ,I,MULGRAVE ST,201438174,2/05/14,Fri,825,KA,CN1B,302B 377B ,,R,D,BF,F ,T,G,P,50,0,0,0,,,1749084,5428833,-41.27818389,174.7801349
Wellington City,THORNDON QUAY,60,S, ,TINAKORI ROAD,201410286,5/02/14,Wed,1349,AC,VS1M,353A 381A ,,M,D,O ,F , ,N,L,50,0,0,1,,,1749192,5429950,-41.26810709,174.7811504
Wellington City,THORNDON QUAY,100,S, ,TINAKORI ROAD,201440949,1/08/14,Fri,1619,MC,BS1V,372B ,,R,D,BF,F , ,N,C,50,0,0,0,,,1749182,5429911,-41.26846008,174.7810406
Wellington City,THORNDON QUAY,280,S, ,TINAKORI ROAD,201412474,7/03/14,Fri,834,LB,SS1C,314B 377B 927 ,,R,D,B ,F ,D, ,C,50,0,0,1,,49,1749189,5429734,-41.2700524,174.7811675
Wellington City,TINAKORI ROAD,30,N, ,MOLESWORTH ST,201433406,24/03/14,Mon,845,AO,CS1S,381A 671A ,,R,D,BF,F , ,N,C,50,0,0,0,,,1748904,5429577,-41.27151852,174.7778048
Wellington City,TINAKORI ROAD,110,N, ,PATANGA CRESCENT,201447008,26/10/14,Sun,1505,FD,CN1C,181A ,,R,D,BF,F , , ,P,50,0,0,0,,,1748124,5428731,-41.2792789,174.7687021
Wellington City,TINAKORI ROAD,, ,I,ST MARY ST,201444639,8/09/14,Mon,750,LB,CN1C,303B 375B ,,R,D,B ,F ,T,N,C,50,0,0,0,,,1748142,5428750,-41.27910453,174.7689123
Wellington City,TINAKORI ROAD,, ,I,THORNDON QUAY,201446355,17/10/14,Fri,1650,FB,CE1C,181A ,,E,D,OF,F ,T,G,R,50,0,0,0,,,1749211,5430006,-41.26759939,174.7813634
Wellington City,TINAKORI ROAD,, ,I,THORNDON QUAY,201436395,24/03/14,Mon,1145,GF,TE1C,179A 158B 387B ,,R,D,OF,F ,T,G,R,50,0,0,0,,,1749211,5430006,-41.26759939,174.7813634
Wellington City,TIO TIO ROAD,50,N, ,BROADWAY,201434799,17/03/14,Mon,514,EA,CS1C,103A ,M,E,W,DO,L , ,N,C,50,0,0,0,,,1752587,5423720,-41.32356301,174.8232244
Wellington City,TIRANGI ROAD,150,N, ,LONSDALE CRESCENT,201441603,4/08/14,Mon,,EA,CN1C,129A 517A ,M,R,D,TN,F , , ,N,50,0,0,0,,,1751009,5424014,-41.32121313,174.8043053
Wellington City,TODMAN ST,5,E, ,CHARLOTTE AVENUE,201443451,24/09/14,Wed,1108,QD,TE14CC,428A 611A ,M,R,D,B ,F ,T,N,C,50,0,0,0,,,1747530,5425786,-41.30590297,174.7623262
Wellington City,TORY ST,70,N, ,COURTENAY PLACE,201435086,28/04/14,Mon,915,EA,SN1T,386A ,M,R,D,B ,F , ,N,C,50,0,0,0,,,1749166,5427202,-41.29285334,174.7815131
Wellington City,TORY ST,5,S, ,COURTENAY PLACE,201436578,9/05/14,Fri,2355,AO,CN1C,129A 381A ,,R,D,DO,F ,X,T,C,50,0,0,0,,,1749134,5427134,-41.29347149,174.7811477