TLA NAME,CRASH ROAD,CRASH DIST,CRASH DIRN,INTSN,SIDE ROAD,CRASH ID,CRASH DATE,CRASH DOW,CRASH TIME,MVMT,VEHICLES,CAUSES,OBJECTS STRUCK,ROAD CURVE,ROAD WET,LIGHT,WTHRa,JUNC TYPE,TRAF CTRL,ROAD MARK,SPD LIM,CRASH FATAL CNT,CRASH SEV CNT,CRASH MIN CNT,PERS AGE1,PERS AGE2,EASTING,NORTHING,latitude,longitude
Wellington City,TORY ST,20,S, ,COURTENAY PLACE,201417147,4/10/14,Sat,1440,NG,CN1E,371A ,,R,D,B ,F ,X,T,C,50,0,0,1,62,,1749128,5427120,-41.29359864,174.7810795
Wellington City,TORY ST,, ,I,COURTENAY PLACE,201432452,25/01/14,Sat,845,FE,CS1C,181A 191B ,,R,D,O ,F ,X,T,C,50,0,0,0,,,1749136,5427139,-41.2934261,174.7811704
Wellington City,TORY ST,20,N, ,EBOR ST,201438510,11/05/14,Sun,1930,MO,VS1V,371A ,M,R,D,DO,F , , ,C,50,0,0,0,,,1749057,5426961,-41.2950433,174.7802709
Wellington City,TORY ST,, ,I,FREDERICK ST,201447641,21/11/14,Fri,1840,JA,CN1C,375B ,,R,D,BF,F ,T,N,C,50,0,0,0,,,1748968,5426763,-41.29684241,174.7792568
Wellington City,TORY ST,5,S, ,HAINING ST,201443336,7/09/14,Sun,1156,EA,4N1C,371A 386A ,M,R,D,B ,F ,T,N,C,50,0,0,0,,,1748949,5426721,-41.29722406,174.7790403
Wellington City,TORY ST,, ,I,HOLLAND ST,201440950,12/07/14,Sat,2005,MG,CN14,371B ,,R,D,DO,F ,T,N,C,50,0,0,0,,,1749090,5427034,-41.29437996,174.7806469
Wellington City,TORY ST,15,S, ,LORNE ST,201446353,11/10/14,Sat,1445,AA,4S1C,353A 381A ,,R,D,BF,F , ,N,C,50,0,0,0,,,1749042,5426930,-41.29532518,174.7800994
Wellington City,TORY ST,10,N, ,WAKEFIELD ST,201431799,15/02/14,Sat,2030,MF,CS1C,371B ,,R,D,TF,F ,X,T,C,50,0,0,0,,,1749208,5427288,-41.29207129,174.7819934
Wellington City,TORY ST,20,S, ,WAKEFIELD ST,201448855,25/11/14,Tue,2220,EE,XS1C,374B ,M,R,D,DO,F , , ,C,50,0,0,0,,,1749195,5427261,-41.29231678,174.7818448
Wellington City,TOWNSEND ROAD,240,S, ,AWA ROAD,201433783,4/04/14,Fri,1838,DA,CN1V,131A ,M,M,W,B ,F , , ,N,50,0,0,0,,,1752549,5424769,-41.31412587,174.8225074
Wellington City,TREASURE GROVE,100,S, ,KAINUI ROAD,201430878,11/01/14,Sat,1350,MO,CS1,133A 423A 929 ,FH,M,D,BF,F ,D,N,N,50,0,0,0,,,1750926,5426141,-41.30207869,174.8027862
Wellington City,TRENT ST,120,S, ,THE PARADE,201416141,21/09/14,Sun,1323,NA,CE1K,191A 713B 929 ,,R,D,B ,F ,D, ,N,50,0,0,1,6,,1748263,5421737,-41.34222344,174.772066
Wellington City,TROY ST,20,S, ,KEMP ST,201434452,7/04/14,Mon,1620,AC,CN1C,159A 357A 357B ,K,E,D,O ,F , , ,C,50,0,0,0,,,1750855,5424329,-41.31840592,174.8023879
Wellington City,TRUSCOTT AVENUE,80,S, ,BRODERICK ROAD,201433186,28/03/14,Fri,848,MD,CS1E,371A 929 ,,E,D,B ,F , , ,C,50,0,0,0,,,1750542,5434709,-41.22500941,174.7960859
Wellington City,TRUSCOTT AVENUE,, ,I,ELLIOTT ST,201437753,4/06/14,Wed,815,EA,CE1C,122A 363A 386A 446B 902 ,M,R,D,B ,F ,T,G,C,50,0,0,0,,,1750343,5434443,-41.22744134,174.7937783
Wellington City,TUKANAE ST,30,N, ,AHURIRI ST,201441812,9/08/14,Sat,1600,MC,CN1C,205A 372B ,,R,D,B ,F , , ,N,50,0,0,0,,,1752251,5422554,-41.33412422,174.8195037
Wellington City,TULLY ST,50,W, ,KILBIRNIE CRESCENT,201442394,28/08/14,Thu,,EA,CE1C,386A ,M,R,D,B ,F , ,N,C,50,0,0,0,,,1750078,5424630,-41.31584089,174.7930345
Wellington City,TYERS ROAD,15,W, ,SH 1N,201434617,7/04/14,Mon,755,EA,CE14,129A ,M,R, , F,  , ,N,N,50,0,0,0,,,1751718,5432783,-41.24213024,174.8105884
Wellington City,UPLAND ROAD,15,S, ,GLEN ROAD,201430775,7/02/14,Fri,835,FC,CN1CC,181A ,,R,D,BF,F , ,N,X,50,0,0,0,,,1747828,5427740,-41.28825561,174.7654098
Wellington City,UPLAND ROAD,80,N, ,PLUNKET ST,201434994,22/04/14,Tue,2002,EA,CS1C,103A 129A ,M,R,D,DO,F , ,N,C,50,0,0,0,,,1747489,5427770,-41.28804751,174.7613559
Wellington City,UPLAND ROAD,, ,I,PLUNKET ST,201442137,29/07/14,Tue,1808,KA,CN1V,302B ,,R,W,DO,F ,X,G,C,50,0,0,0,,,1747520,5427696,-41.28870811,174.7617439
Wellington City,VICTORIA ST,, ,I,BOND ST,201445962,1/10/14,Wed,2300,GE,CS1C,171B 372B ,,R,D,DO,F ,T,G,C,50,0,0,0,,,1748711,5427594,-41.28940795,174.7759857
Wellington City,VICTORIA ST,, ,I,BOND ST,201439209,5/06/14,Thu,936,MG,CE2C,371B ,,R,D,O ,F ,T,G,C,50,0,0,0,,,1748711,5427594,-41.28940795,174.7759857
Wellington City,VICTORIA ST,90,N, ,GHUZNEE ST,201434350,19/04/14,Sat,1215,MO,CN14,371B 927 ,,R,D,O ,F ,D,N,C,50,0,0,0,,,1748583,5427307,-41.29201551,174.7745278
Wellington City,VICTORIA ST,, ,I,GHUZNEE ST,201440813,25/07/14,Fri,1115,FE,VS1C,181A ,,R,D,B ,F ,X,T,C,50,0,0,0,,,1748533,5427232,-41.29269997,174.7739492
Wellington City,VICTORIA ST,80,S, ,HARRIS ST,201446358,22/10/14,Wed,1700,MO,CS1C,385A ,M,R,D,BF,F , ,N,N,50,0,0,0,,,1748730,5427712,-41.28834204,174.7761837
Wellington City,VICTORIA ST,15,N, ,WAKEFIELD ST,201431285,27/01/14,Mon,1000,FF,CN1S,357A 512A ,,M,D,OF,F , ,N,N,50,0,0,0,,,1748724,5427681,-41.28862225,174.7761196
Wellington City,VICTORY AVENUE,, ,I,MONTGOMERY AVENUE,201441314,19/07/14,Sat,1647,DA,CS24,130A 195A ,M,M,D,O ,F ,T,G,C,50,0,0,0,,,1744898,5428314,-41.28361871,174.7302977
Wellington City,VIEW ROAD,100,E, ,HOUGHTON BAY ROAD,201448288,13/12/14,Sat,1203,MO,CN1,133A 423A 929 ,CH,R,W,O ,F ,D,N,N,50,0,0,0,,,1749690,5422652,-41.33372158,174.7888883
Wellington City,WADESTOWN ROAD,80,E, ,BLACKBRIDGE ROAD,201410285,11/02/14,Tue,1328,CB,CW1,129A 358A ,C,R,D,B ,F , ,N,C,50,0,0,1,,,1748158,5430692,-41.26161677,174.7686312
Wellington City,WADESTOWN ROAD,25,W, ,LESLIE ST,201445615,22/09/14,Mon,959,BO,BE1C,129A 197A 386A 197B 903 ,,M,W,O ,LS, , ,L,50,0,0,0,,,1748482,5430715,-41.26135022,174.7724915
Wellington City,WADESTOWN ROAD,70,S, ,ORCHARD ST,201442864,8/09/14,Mon,1945,EA,CS1C,386A ,M,R,D,B ,F , ,N,C,50,0,0,0,,,1748894,5430192,-41.26598323,174.7775352
Wellington City,WADESTOWN ROAD,20,W, ,PITT ST N,201439104,11/06/14,Wed,1750,AC,BE14,381A ,,M,D,DO,F , ,N,N,50,0,0,0,,,1748729,5430677,-41.26164693,174.775448
Wellington City,WAITOA ROAD,50,E, ,WAIPAPA ROAD,201446354,23/10/14,Thu,810,BO,CW1C,120A 120B ,,E,D,BF,F , ,N,N,50,0,0,0,,,1750380,5425856,-41.30474657,174.7963378
Wellington City,WAITOA ROAD,, ,I,WAIPAPA ROAD,201442042,31/07/14,Thu,625,EC,CW1,129A 350A ,P,R,D,DO,F ,T,G,C,50,0,0,0,,,1750334,5425877,-41.30456608,174.7957834
Wellington City,WAKEFIELD ST,, ,I,ALLEN ST,201448856,8/12/14,Mon,1010,GA,VW1C,181A 197A 402A ,,R,D,B ,F ,T,N,C,50,0,0,0,,,1749272,5427248,-41.29241959,174.7827672
Wellington City,WAKEFIELD ST,, ,I,CAMBRIDGE TERRACE,201444809,6/10/14,Mon,1400,AO,XW1C,184A ,,E,D,BF,F ,T,N,C,50,0,0,0,,,1749394,5427177,-41.29303626,174.784241
Wellington City,WAKEFIELD ST,, ,I,CHAFFERS ST,201435614,27/04/14,Sun,40,BB,BN1M,129A 386A ,,E,D,DO,F ,T,S,C,50,0,0,0,,,1749319,5427226,-41.29260897,174.7833336
Wellington City,WAKEFIELD ST,60,N, ,CUBA ST,201447890,28/09/14,Sun,655,BA,CN1C,125A 359A ,,R,W,DO,L , ,N,C,50,0,0,0,,,1748800,5427571,-41.28959863,174.7770537
Wellington City,WAKEFIELD ST,, ,I,JERVOIS QUAY,201447916,18/11/14,Tue,1550,GF,BE1C,671A ,,E,D,O ,F ,M,T,C,50,0,0,0,,,1749013,5427391,-41.29117995,174.7796403
Wellington City,WAKEFIELD ST,10,E, ,TARANAKI ST,201418311,1/01/14,Wed,0,NA,CW1E,711B 714B 724B ,,R,D,DO,F ,X,T,X,50,0,0,1,35,,1749021,5427385,-41.2912325,174.7797373
Wellington City,WAKEFIELD ST,10,W, ,TORY ST,201439491,12/07/14,Sat,1810,AO,CW1C,150A 381A ,,R,W,DO,F ,X,G,C,50,0,0,0,,,1749195,5427283,-41.29211871,174.7818394
Wellington City,WAKEFIELD ST,20,W, ,TORY ST,201443604,30/08/14,Sat,1610,NA,CW1E,711B ,,R,D,B ,F , , ,C,50,0,0,0,,,1749186,5427287,-41.29208436,174.781731
Wellington City,WAKEFIELD ST,50,W, ,TORY ST,201432219,8/02/14,Sat,2245,AC,CW14,372A 671A 801 ,,R,W,DO,L , , ,C,50,0,0,0,,,1749158,5427298,-41.29199049,174.781394
Wellington City,WAKEFIELD ST,, ,I,VICTORIA ST,201415855,1/08/14,Fri,2010,DB,VN1,103A 131A 901 ,P,M,W,DO,H ,T,N,R,50,0,0,2,,,1748725,5427666,-41.28875712,174.7761352
Wellington City,WALLACE ST,40,S, ,BIDWILL ST,201437547,7/06/14,Sat,2245,JA,CS1C,303B 930 ,,R,W,DO,L ,D,N,C,50,0,0,0,,,1748536,5426190,-41.30208101,174.7742393
Wellington City,WALLACE ST,60,S, ,BIDWILL ST,201448338,20/12/14,Sat,1100,MG,CS14,352B 371B ,,R,D,O ,F , ,N,P,50,0,0,0,,,1748543,5426172,-41.30224178,174.7743273
Wellington City,WALLACE ST,, ,I,BIDWILL ST,201445605,30/09/14,Tue,1510,QD,CE2T,611A ,,R,D,B ,F ,T,T,C,50,0,0,0,,,1748521,5426228,-41.30174164,174.7740509
Wellington City,WALLACE ST,40,N, ,HOWARD ST,201414029,2/07/14,Wed,1800,NA,CN1E,306A 376A ,,R,D,DO,F , ,N,X,50,0,0,1,14,,1748599,5425908,-41.30460837,174.7750604
Wellington City,WALLACE ST,20,S, ,HOWARD ST,201450496,16/12/14,Tue,1945,MO,CS1C,386A 929 ,M,R,D,BF,F , ,N,C,50,0,0,0,,,1748599,5425848,-41.30514858,174.775075
Wellington City,WALLACE ST,60,S, ,ROLLESTON ST,201443828,29/05/14,Thu,2015,NA,CS1E,711B ,,E,D,DO,F , ,N,P,50,0,0,0,,,1748576,5426081,-41.30305502,174.7747435
Wellington City,WALLACE ST,60,S, ,ROLLESTON ST,201415249,1/08/14,Fri,2005,NA,CS1E,711B ,,E,W,DO,HS, ,N,X,50,0,0,1,19,,1748576,5426081,-41.30305502,174.7747435
Wellington City,WALLACE ST,70,S, ,ROLLESTON ST,201415535,19/08/14,Tue,933,FC,MN1C,331A 358A ,,R,D,B ,F , , ,X,50,0,1,0,,,1748577,5426071,-41.30314487,174.7747579
Wellington City,WALLACE ST,, ,I,TARANAKI ST,201439106,30/05/14,Fri,1758,GF,TN1C,381A ,,R,D,B ,F ,T,N,C,50,0,0,0,,,1748506,5426264,-41.30142027,174.7738631
Wellington City,WARING TAYLOR ST,50,W, ,FEATHERSTON ST,201446350,22/10/14,Wed,1745,KB,CW1C,308B 375B 926 ,,R,D,BF,F ,D,N,N,50,0,0,0,,,1748813,5428399,-41.28214137,174.7770065
Wellington City,WARING TAYLOR ST,, ,I,LAMBTON QUAY,201445323,27/09/14,Sat,900,GA,CW1C,181A 331A ,,R,D,B ,F ,T,G,C,50,0,0,0,,,1748735,5428434,-41.28184062,174.776067
Wellington City,WARIPORI ST,60,E, ,ADELAIDE ROAD,201436400,4/04/14,Fri,2240,MO,CE1C,101A 371A ,M,R,D,DO,F , ,N,C,50,0,0,0,,,1748651,5424335,-41.31876117,174.7760657
Wellington City,WARWICK ST,300,S, ,WILTON ROAD,201433254,18/02/14,Tue,300,DA,CE14C,103A 120A ,MM,M,D,DO,F , ,N,C,50,0,0,0,,,1747565,5429861,-41.26920723,174.7617566
Wellington City,WASHINGTON AVENUE,20,N, ,HEATON TERRACE,201438498,23/05/14,Fri,255,EA,VS1C,101A 108A 129A ,M,R,D,DO,F , , ,C,50,0,0,0,,,1747907,5425946,-41.30439339,174.7667887
Wellington City,WATERLOO QUAY,190,N, ,BUNNY ST,201416615,9/10/14,Thu,1654,BE,CS14,501A ,,R,D,B ,F , , ,R,50,0,0,1,,,1749220,5428753,-41.27887905,174.7817777
Wellington City,WATERLOO QUAY,20,S, ,BUNNY ST,201418319,11/12/14,Thu,950,MC,VN1C,372B ,,R,D,OF,F , ,N,C,50,0,0,1,,,1749091,5428588,-41.28038844,174.7802784
Wellington City,WATERLOO QUAY,, ,I,BUNNY ST,201415600,13/08/14,Wed,1717,EE,SN1C,525B ,M,R,D,TO,F ,T,T,C,50,0,0,1,,45,1749102,5428604,-41.28024236,174.7804058
Wellington City,WATERLOO QUAY,, ,I,BUNNY ST,201444807,22/09/14,Mon,1540,AA,CN1C,372A ,,R,D,OF,F ,T,T,C,50,0,0,0,,,1749102,5428604,-41.28024236,174.7804058
Wellington City,WATERLOO QUAY,, ,I,BUNNY ST,201451024,30/12/14,Tue,1450,AC,CS1C,372A ,,R,D,BF,F ,X,T,C,50,0,0,0,,,1749102,5428604,-41.28024236,174.7804058
Wellington City,WATERLOO QUAY,, ,I,HINEMOA ST,201434760,26/04/14,Sat,2156,FE,CN1CC,331A 358A ,,R,D,DO,F ,X,T,C,50,0,0,0,,,1749409,5428994,-41.27667428,174.7839743
Wellington City,WATERLOO QUAY,, ,A,PLATFORM 9 ENTRY,201443453,18/09/14,Thu,1124,MO,TN1B,179A 386A ,M,M,D,B ,F , ,N,N,50,0,0,0,,,1749189,5428714,-41.27923591,174.7814172
Wellington City,WATERLOO QUAY,15,N, ,WHITMORE ST,201413157,24/03/14,Mon,1255,FA,TN1S,181A 331A ,,R,D,B ,F , , ,C,50,0,0,1,,25,1748991,5428450,-41.28164937,174.7791186
Wellington City,WATERLOO QUAY,100,N, ,WHITMORE ST,201446975,14/08/14,Thu,1537,MA,4N1C,373B ,,R,D,OF,F , ,N,C,50,0,0,0,,,1749041,5428519,-41.28101891,174.7796985
Wellington City,WATERLOO QUAY,, ,I,WHITMORE ST,201413356,23/05/14,Fri,1303,NA,VS1E,718B ,,R,D,B ,F ,X,T,R,50,0,1,0,41,,1748982,5428438,-41.28175908,174.7790141
Wellington City,WEBB ST,5,W, ,HOPPER ST,201446754,16/10/14,Thu,1430,MD,CE1T,150A 371B ,,R,D,B ,F ,T,N,C,50,0,0,0,,,1748561,5426634,-41.29807888,174.7744294
Wellington City,WEBB ST,10,W, ,TARANAKI ST,201433402,13/03/14,Thu,755,FE,CE1C,181A ,,R,D,BF,F ,T,T,C,50,0,0,0,,,1748645,5426596,-41.29840554,174.7754415
Wellington City,WEBB ST,, ,I,TARANAKI ST,201436020,8/02/14,Sat,1730,FE,CE1C,103A 331A ,,R,W,OF,H ,T,T,C,50,0,0,0,,,1748654,5426592,-41.2984399,174.77555
Wellington City,WEBB ST,, ,I,WILLIS ST,201446986,3/11/14,Mon,1715,GF,TE1C,671A ,,R,D,BF,F ,T,T,C,50,0,0,0,,,1748229,5426784,-41.2967894,174.7704292
Wellington City,WELLINGTON ROAD,, ,I,CRAWFORD ROAD,201437694,7/06/14,Sat,1150,JA,CS24,191A 302B 375B ,,M,D,O ,F ,R,G,R,50,0,0,0,,,1749773,5424942,-41.31308854,174.7893155
Wellington City,WENTWORTH ST,70,W, ,THE RIDGEWAY,201415455,20/08/14,Wed,1155,CC,VS1C,130A 504A ,HM,R,W,O ,L , , ,C,50,0,0,1,,,1747590,5424426,-41.31813673,174.7633727
Wellington City,WESTCHESTER DRIVE,, ,I,CHURTON PARK OFF NBD,201411643,11/03/14,Tue,1200,KB,CE1T,302B 375B ,,M,D,BF,F ,X,G,R,50,0,0,1,,,1752620,5436975,-41.20421853,174.8203004
Wellington City,WESTCHESTER DRIVE,50,N, ,WAVERTON TERRACE,201416060,26/09/14,Fri,1551,EA,MN1C,129A 356A ,M,E,D,B ,F , ,N,N,50,0,0,1,,,1751263,5436897,-41.20517545,174.8041425
Wellington City,WESTCHESTER DRIVE EAST,, ,I,MIDDLETON ROAD,201445873,13/10/14,Mon,1216,HA,CN2C,302A ,,R,D,B ,F ,R,G,R,50,0,0,0,,,1752251,5437033,-41.20376581,174.815887
Wellington City,WILLIS ST,, ,I,ABEL SMITH ST,201450060,24/12/14,Wed,1810,FE,VN1C,181A ,,E,D,B ,F ,M,T,P,50,0,0,0,,,1748300,5426947,-41.2953088,174.7712372
Wellington City,WILLIS ST,, ,I,ABEL SMITH ST,201436576,2/05/14,Fri,1545,AA,VN1C,173A ,,E,D,B ,F ,M,T,C,50,0,0,0,,,1748300,5426947,-41.2953088,174.7712372
Wellington City,WILLIS ST,, ,I,ABEL SMITH ST,201434628,10/04/14,Thu,1200,AA,VW1C,372A ,,E,W,ON,H ,M,T,C,50,0,0,0,,,1748300,5426947,-41.2953088,174.7712372
Wellington City,WILLIS ST,15,N, ,ARO ST,201435913,10/04/14,Thu,2310,BA,CS1C,201A ,,R,W,DO,L , ,N,N,50,0,0,0,,,1748257,5426854,-41.29615402,174.7707465
Wellington City,WILLIS ST,15,N, ,ARO ST,201433403,7/03/14,Fri,1400,FF,CN1C,387A ,,R,D,BF,F , ,N,C,50,0,0,0,,,1748257,5426854,-41.29615402,174.7707465
Wellington City,WILLIS ST,5,S, ,ARO ST,201435161,7/04/14,Mon,1335,FA,CS1T,181A ,,R,W,O ,F ,X,G,C,50,0,0,0,,,1748250,5426835,-41.29632637,174.7706675
Wellington City,WILLIS ST,, ,I,ARO ST,201434756,21/04/14,Mon,2137,FC,CN1C,331A 359A ,,R,D,DO,F ,T,G,X,50,0,0,0,,,1748250,5426840,-41.29628135,174.7706663
Wellington City,WILLIS ST,, ,I,ARO ST,201444815,11/10/14,Sat,1245,KA,TN1C,302B 387B ,,R,D,BF,F ,T,G,P,50,0,0,0,,,1748250,5426840,-41.29628135,174.7706663
Wellington City,WILLIS ST,30,N, ,BOULCOTT ST,201441311,31/07/14,Thu,931,PF,VN1E,720B 818 ,,R,D,B ,F , , ,N,50,0,0,0,,,1748617,5427650,-41.28892106,174.7748499
Wellington City,WILLIS ST,20,S, ,BOULCOTT ST,201412743,2/05/14,Fri,2214,NB,CS1E,711B 712B 714B ,,M,D,DO,F ,X,G,C,50,0,0,1,26,,1748595,5427605,-41.28933027,174.7745983
Wellington City,WILLIS ST,30,S, ,BOULCOTT ST,201415721,1/08/14,Fri,1908,NB,PS1E4,713B ,M,R,W,DO,L ,X,T,C,50,0,0,2,14,,1748591,5427596,-41.28941204,174.7745527
Wellington City,WILLIS ST,50,S, ,BOULCOTT ST,201415443,22/08/14,Fri,925,NB,CN1E,377A ,,E,D,O ,F , , ,C,50,0,0,1,40,,1748583,5427578,-41.28957557,174.7744616
Wellington City,WILLIS ST,, ,I,BROOKLYN ROAD,201433408,31/03/14,Mon,1730,AA,CS1M,372A 671A ,,R,D,BF,F ,T,T,C,50,0,0,0,,,1748205,5426734,-41.29724399,174.7701549
Wellington City,WILLIS ST,, ,I,BROOKLYN ROAD,201400201,20/09/14,Sat,1135,DB,SE1,131A 410A ,CK,M,W,O ,H ,T,T,C,50,1,0,0,,28,1748205,5426734,-41.29724399,174.7701549
Wellington City,WILLIS ST,, ,I,CHEWS LANE,201415396,11/09/14,Thu,900,NA,VS1E,711B ,,R,D,B ,F ,T,T,C,30,0,0,1,51,,1748693,5427817,-41.28740349,174.7757164
Wellington City,WILLIS ST,5,N, ,DIXON ST,201443405,4/09/14,Thu,1055,MO,TN1X,201A 371A 386A 201B ,,R,D,B ,F ,X,T,C,30,0,0,0,,,1748522,5427443,-41.29080226,174.7737664
Wellington City,WILLIS ST,50,S, ,DIXON ST,201447918,15/11/14,Sat,2000,GE,XN1C,160A 927 ,,R,D,TO,F ,D, ,C,50,0,0,0,,,1748500,5427393,-41.29125648,174.773516
Wellington City,WILLIS ST,50,S, ,DIXON ST,201417482,8/10/14,Wed,712,MC,MN1V,372B 375B ,,R,W,OF,F , ,N,C,50,0,1,0,,,1748500,5427393,-41.29125648,174.773516
Wellington City,WILLIS ST,, ,I,DIXON ST,201411549,26/02/14,Wed,2111,EA,VN1C,331A 377A ,Q,R,D,DO,F ,X,T,C,50,0,0,2,,,1748520,5427439,-41.29083864,174.7737435
Wellington City,WILLIS ST,, ,I,ELLERS AVENUE,201439216,25/06/14,Wed,2234,JA,CS1C,303B ,,R,W,DO,F ,T,N,C,30,0,0,0,,,1748572,5427554,-41.28979368,174.7743362
Wellington City,WILLIS ST,15,S, ,FLAGSTAFF LANE,201441333,6/06/14,Fri,1105,MB,CS14,357B 512B 929 ,,R,D,O ,F ,D, ,C,50,0,0,0,,,1748568,5427546,-41.28986644,174.7742904
Wellington City,WILLIS ST,80,N, ,GHUZNEE ST,201431128,10/02/14,Mon,1609,MB,CS1C,372B ,,R,D,O ,F , ,N,C,50,0,0,0,,,1748478,5427345,-41.2916927,174.7732651
Wellington City,WILLIS ST,, ,I,GHUZNEE ST,201432203,15/02/14,Sat,2021,DB,CS1,193A 336A ,I,R,D,TF,F ,X,T,R,50,0,0,0,,,1748446,5427272,-41.29235583,174.7729009
Wellington City,WILLIS ST,50,S, ,LAMBTON QUAY,201443199,27/08/14,Wed,1145,AC,VN1B,184A ,,R,D,B ,F , , ,L,30,0,0,0,,,1748720,5427877,-41.28685831,174.776024
Wellington City,WILLIS ST,, ,I,LAMBTON QUAY,201430707,29/01/14,Wed,1800,FE,CN1V,181A 387A ,,E,D,BF,F ,X,T,C,50,0,0,0,,,1748740,5427923,-41.28644047,174.7762515
Wellington City,WILLIS ST,30,S, ,MERCER ST,201415144,11/08/14,Mon,850,NA,CN1E,712B 713B ,,R,D,O ,F , , ,L,30,0,0,1,39,,1748641,5427700,-41.28846647,174.7751242
Wellington City,WILLIS ST,40,N, ,SH 1N,201434759,20/04/14,Sun,1000,MO,CN1C,371A ,,R,D,OF,F , ,N,C,50,0,0,0,,,1748388,5427143,-41.29352794,174.7722399
Wellington City,WILLIS ST,50,S, ,SH 1N,201442040,8/06/14,Sun,520,EA,CN14,103A 129A ,M,R,D,DO,F , ,N,C,50,0,0,0,,,1748278,5426902,-41.29571799,174.7709855
Wellington City,WILLIS ST,25,S, ,WEBB ST,201415258,6/08/14,Wed,1850,NB,4N1E,711B 712B ,,M,D,DO,F , ,N,C,50,0,0,1,69,,1748218,5426761,-41.2969985,174.7703035
Wellington City,WILLIS ST,, ,I,WEBB ST,201433493,13/03/14,Thu,150,MO,CS1,357A 371A ,S,R,D,DO,F ,T,T,C,50,0,0,0,,,1748229,5426784,-41.2967894,174.7704292
Wellington City,WILLIS ST,, ,I,WEBB ST,201451077,22/12/14,Mon,1400,GF,TW2C,129B ,,M,D,BF,F ,T,T,C,50,0,0,0,,,1748229,5426784,-41.2967894,174.7704292
Wellington City,WILLIS ST,, ,I,WEBB ST,201449969,22/12/14,Mon,1400,GF,TW2C,129A 129B ,,M,D,B ,F ,T,T,C,50,0,0,0,,,1748229,5426784,-41.2967894,174.7704292
Wellington City,WILLIS ST,20,S, ,WILLESTON ST,201450282,17/11/14,Mon,1245,NA,BN1E,711B ,,R,D,OF,F , ,N,C,50,0,0,0,,,1748732,5427904,-41.28661301,174.7761606
Wellington City,WILSON ST,10,E, ,RIDDIFORD ST,201432520,18/02/14,Tue,1627,EE,CE1C,374B ,Q,R,D,O ,F ,T,N,N,50,0,0,0,,,1748970,5424971,-41.31297615,174.7797195
Wellington City,WOODMANCOTE ROAD,70,W, ,BOX HILL,201447448,25/11/14,Tue,1045,MO,CW1C,371A 929 ,M,R,D,B ,F ,D,N,C,50,0,0,0,,,1750064,5432704,-41.24315015,174.7908785
Wellington City,WOODWARD ST,15,W, ,LAMBTON QUAY,201412387,25/02/14,Tue,330,NA,VE1E,350A 710B ,,R,D,DN,F , , ,N,50,0,0,1,30,,1748714,5428407,-41.28208758,174.775823
Wellington City,Z BP SERVICE STATION,20,E, ,TARANAKI ST,201410122,10/01/14,Fri,1015,MO,CW1,130A 420A ,C,E,D,B ,F , , ,N,20,0,0,1,,,1749056,5427450,-41.29064081,174.7801392
Wellington City,Z CPK MCDONALDS RESTAURAN,15,S, ,NEWTOWN AVENUE,201417312,14/10/14,Tue,1847,NA,CW1E,191A 713B ,,R,D,TO,F , , ,N,30,0,0,1,25,,1749091,5424829,-41.31423227,174.7811992
Wellington City,Z CPK MIRAMAR NORTH SCHOO,40,W, ,WEKA ST,201418403,6/12/14,Sat,1018,PO,CN1K,370A 720B ,,R,D,B ,F , , ,N,10,0,0,1,8,,1752707,5425911,-41.30381434,174.8241074
Wellington City,Z CPK ROSINA FELL LANE,, ,A,DALMUIR LANE,201416199,4/10/14,Sat,1256,QD,CE1,130A 421A 423A ,JP,E,D,O ,F ,T,G,N,50,0,0,2,,,1748572,5428316,-41.28293304,174.7741503
Wellington City,Z MASSEY UNIVERSITY,200,S, ,BUCKLE ST,201413155,9/05/14,Fri,1220,JA,CS1S,370A 377A 201B 370B 378B 839 ,,R,D,O ,F ,T,N,N,50,0,0,1,,18,1748705,5426505,-41.2992138,174.7761801
Wellington City,1N/1050/6.388,2000,S, ,MUNGAVIN OBR,201411809,10/02/14,Mon,640,FD,CS14CC,181A ,,R,W,OF,H , ,N,C,100,0,0,3,,,1754326,5442342,-41.15557445,174.8392851
Wellington City,1N/1050/6.392,2000,S, ,MUNGAVIN OBR,201432426,3/02/14,Mon,1947,CB,CN1,130A ,JT,R,D,B ,F , , ,C,100,0,0,0,,,1754312,5442342,-41.15557711,174.8391183
Wellington City,1N/1050/6.817,10,S, ,COLLINS OBR,201416896,17/11/14,Mon,1450,FD,VN1CC,112A 350A 350B 350C ,,R,W,O ,LS,T,N,C,100,0,0,1,,,1754125,5441961,-41.15904295,174.8369865
Wellington City,1N/1050/7.013,200,S, ,COLLINS OBR,201433790,8/04/14,Tue,843,FD,4S14C,181A 181B ,,R,W,O ,HS, , ,C,100,0,0,0,,,1754061,5441776,-41.16072073,174.8362706
Wellington City,1N/1050/7.814,1800,N, ,TAWA ON NBD,201448331,18/12/14,Thu,1240,FA,CN1C,181A 191B 817 ,,R,W,O ,H , ,N,C,100,0,0,0,,,1753732,5441044,-41.16737363,174.8325348