TLA NAME,CRASH ROAD,CRASH DIST,CRASH DIRN,INTSN,SIDE ROAD,CRASH ID,CRASH DATE,CRASH DOW,CRASH TIME,MVMT,VEHICLES,CAUSES,OBJECTS STRUCK,ROAD CURVE,ROAD WET,LIGHT,WTHRa,JUNC TYPE,TRAF CTRL,ROAD MARK,SPD LIM,CRASH FATAL CNT,CRASH SEV CNT,CRASH MIN CNT,PERS AGE1,PERS AGE2,EASTING,NORTHING,latitude,longitude
Wellington City,1N/1050/8.314,1300,N, ,TAWA ON NBD,201450789,18/12/14,Thu,1320,CB,VN1,191A 197A ,C,R,W,OF,H , ,N,C,100,0,0,0,,,1753606,5440562,-41.17173713,174.8311544
Wellington City,1N/1050/8.414,1200,N, ,TAWA ON NBD,201447430,12/11/14,Wed,2230,AF,CN1T,150A 381A 137B ,,R,W,DN,F , ,N,N,100,0,0,0,,,1753587,5440464,-41.17262306,174.8309526
Wellington City,1N/1050/8.461,1500,N, ,TAKAPU RD UPASS NBD,201432945,26/02/14,Wed,1835,AC,TN1C,381A 671A ,G,R,D,O ,F , , ,C,100,0,0,0,,,1753578,5440419,-41.17302992,174.8308566
Wellington City,1N/1050/8.931,700,N, ,TAWA OFF SBD,201413285,12/06/14,Thu,2335,BA,CN1C,103A 110A 514A ,,R,D,DN,F , ,N,C,100,0,1,0,,,1753496,5439954,-41.17723201,174.8299961
Wellington City,1N/1050/9.381,250,N, ,TAWA OFF SBD,201439464,20/06/14,Fri,715,FO,CS1C,110A 181A ,,R,D,TN,F , ,N,C,100,0,0,0,,,1753398,5439523,-41.18113101,174.8289363
Wellington City,1N/1050/9.604,10,N, ,TAWA ON NBD,201444629,20/09/14,Sat,1843,DB,CN1,134A 402A ,G,M,W,DO,F ,T,N,P,100,0,0,0,,,1753494,5439335,-41.18280546,174.8301275
Wellington City,1N/1050/9.614,, ,I,TAWA ON NBD,201446701,27/10/14,Mon,1800,FA,CN1C,181A ,,E,D,B ,F ,T,N,P,80,0,0,0,,,1753501,5439327,-41.18287616,174.8302129
Wellington City,1N/1050/9.748,200,S, ,TAKAPU ROAD,201418022,19/11/14,Wed,120,FD,CN1C,181A 817 ,,R,D,DO,FS, ,N,C,100,0,0,3,,,1753585,5439223,-41.1837966,174.83124
Wellington City,1N/1050/9.914,300,S, ,TAWA ON NBD,201414923,27/05/14,Tue,1156,CC,4N1,129A 504A ,CG,R,D,BF,F , ,N,C,100,0,0,1,,,1753660,5439077,-41.18509686,174.8321705
Wellington City,1N/1060/0.087,400,S, ,TAWA OFF SBD,201434927,20/03/14,Thu,1952,FD,CS1C,181A ,,E,W,DO,F , ,N,R,100,0,0,0,,,1753674,5438957,-41.18617461,174.8323675
Wellington City,1N/1060/0.319,, ,I,TAWA OFF NBD,201433645,9/03/14,Sun,2009,DB,CN14,102A 111A 131A 402A 514A 517A 198B +,DG,E,D,DO,F ,T,N,C,100,0,0,0,,,1753602,5438733,-41.18820501,174.8315656
Wellington City,1N/1060/0.814,800,S, ,TAKAPU RD UPASS SBD,201448590,29/09/14,Mon,400,DB,CN1,102A 131A 410A 631A ,G,E,D,DN,F , ,N,C,100,0,0,0,,,1753509,5438251,-41.19256224,174.8305781
Wellington City,1N/1060/0.869,550,S, ,TAWA OFF NBD,201448157,17/11/14,Mon,1502,AC,VN1C,372A ,,E,W,O ,L , , ,R,100,0,0,0,,,1753476,5438199,-41.19303667,174.8301978
Wellington City,1N/1060/0.919,600,S, ,TAWA OFF NBD,201413737,22/05/14,Thu,838,AA,CN1C,129A 358A ,CS,M,W,BF,F , ,N,C,100,0,1,0,,,1753455,5438153,-41.1934548,174.8299591
Wellington City,1N/1060/1.219,900,S, ,TAWA OFF NBD,201434931,25/03/14,Tue,1754,DA,CN1,410A ,C,E,D,BF,F , ,N,C,100,0,0,0,,,1753226,5437966,-41.19518178,174.8272764
Wellington City,1N/1060/1.265,1000,S, ,TAWA ON SBD,201413948,1/06/14,Sun,649,DB,CN1,103A 410A ,GT,E,W,DN,F , ,N,R,100,0,0,1,,,1753211,5437935,-41.19546372,174.8271054
Wellington City,1N/1060/1.819,1500,S, ,TAWA OFF NBD,201439848,10/06/14,Tue,1205,QG,CN1,130A 615A 687A 801 ,,R,W,O ,L , , ,C,100,0,0,0,,,1752937,5437462,-41.19977409,174.8239576
Wellington City,1N/1060/2.035,, ,I,CHURTON PARK OFF SBD,201445325,25/09/14,Thu,735,KA,VS1C,112A 184A ,,R,D,B ,F ,T,N,C,50,0,0,0,,,1752875,5437261,-41.20159547,174.8232688
Wellington City,1N/1060/2.115,80,S, ,CHURTON PARK OFF SBD,201448158,28/11/14,Fri,1421,CB,CS1,410A ,P,R,W,O ,L , , ,R,100,0,0,0,,,1752840,5437189,-41.20225032,174.8228696
Wellington City,1N/1060/2.235,200,S, ,CHURTON PARK OFF SBD,201417689,26/12/14,Fri,1313,DA,CS1,134A 350A ,G,E,D,B ,F , ,N,C,100,0,0,1,,,1752788,5437081,-41.20323249,174.8222767
Wellington City,1N/1060/2.298,100,N, ,WESTCHESTER DRIVE OBR NBD,201417600,25/10/14,Sat,1733,AA,MN1,103A 110A 134A 150A ,G,E,D,O ,F , ,N,C,100,0,1,0,,,1752739,5437027,-41.20372792,174.821706
Wellington City,1N/1060/2.41,10,S, ,WESTCHESTER DRIVE OBR SBD,201417309,4/11/14,Tue,813,FD,TS1CV,112A 130A 331A ,,R,D,B ,F , , ,C,100,0,0,1,,,1752681,5436944,-41.20448614,174.8210353
Wellington City,1N/1060/2.669,200,N, ,CHURTON PARK OFF NBD,201414735,14/06/14,Sat,1620,CB,CN1,130A 330A ,T,R,D,O ,F , , ,C,100,0,0,1,,,1752456,5436789,-41.20592406,174.8183917
Wellington City,1N/1060/2.869,, ,I,CHURTON PARK OFF NBD,201446844,11/11/14,Tue,1730,KB,CW14,301B ,,M,D,B ,F ,M,S,C,50,0,0,0,,,1752353,5436619,-41.20747402,174.8172061
Wellington City,1N/1060/2.949,100,S, ,CHURTON PARK ON SBD,201448780,28/11/14,Fri,1427,FD,CN1C,181A ,,R,D,B ,F , , ,C,100,0,0,0,,,1752337,5436545,-41.20814328,174.8170338
Wellington City,1N/1060/3.43,800,N, ,JOHNSONVILLE ON NBD,201417805,19/11/14,Wed,2013,CB,CN1,358A 363A 407A 902 ,X,R,D,B ,F , , ,C,100,0,0,1,,,1752124,5436107,-41.21212681,174.8146034
Wellington City,1N/1060/3.549,700,S, ,CHURTON PARK ON SBD,201438107,11/04/14,Fri,1300,CC,CS1C,129A ,GC,R,W,OF,H , ,N,C,100,0,0,0,,,1752089,5435998,-41.21311476,174.8142132
Wellington City,1N/1060/3.93,300,N, ,JOHNSONVILLE ON NBD,201434924,2/04/14,Wed,1705,FD,CN14,181A ,,R,D,BF,F , ,N,R,100,0,0,0,,,1751907,5435656,-41.21622809,174.8121283
Wellington City,1N/1060/4.03,200,N, ,JOHNSONVILLE ON NBD,201413663,18/05/14,Sun,445,CB,CN1,410A ,C,R,W,DO,F , , ,C,100,0,1,0,,,1751864,5435566,-41.21704647,174.8116379
Wellington City,1N/1060/4.13,100,N, ,JOHNSONVILLE ON NBD,201448341,21/12/14,Sun,1540,FA,CN1C,181A 330A 191B ,,R,D,O ,F , ,N,C,100,0,0,0,,,1751820,5435476,-41.21786503,174.8111357
Wellington City,1N/1060/4.18,50,N, ,JOHNSONVILLE ON NBD,201412013,10/04/14,Thu,618,CB,CN1,129A 134A ,G,R,W,DN,L , ,N,N,80,0,0,1,,,1751799,5435431,-41.21827412,174.8108964
Wellington City,1N/1060/4.22,10,N, ,JOHNSONVILLE ON NBD,201447295,6/11/14,Thu,1030,AA,CN1C,372A ,,R,W,O ,L ,T,N,R,100,0,0,0,,,1751781,5435395,-41.21860162,174.8106907
Wellington City,1N/1060/4.23,, ,I,JOHNSONVILLE ON NBD,201431905,18/02/14,Tue,720,AA,CN1C,372A ,,R, ,BF,  ,Y,N,N,10,0,0,0,,,1751777,5435386,-41.2186834,174.8106453
Wellington City,1N/1060/4.499,50,N, ,HELSTON OBR,201449750,21/12/14,Sun,1543,AA,TN1C,372A 381A ,,R,D,B ,F , ,N,C,100,0,0,0,,,1751663,5435142,-41.2209016,174.8093465
Wellington City,1N/1060/4.589,40,S, ,HELSTON OBR,201447428,29/10/14,Wed,751,AC,TN1C,372A 671A ,,E,D,O ,F , ,N,R,100,0,0,0,,,1751635,5435056,-41.22168114,174.809034
Wellington City,1N/1060/5.095,300,N, ,NEWLANDS OFF SBD,201446247,26/09/14,Fri,1236,EA,4S1T,331A 387A ,Q,E,D,BF,F , ,N,R,80,0,0,0,,,1751568,5434563,-41.22613236,174.8083574
Wellington City,1N/1060/5.292,100,N, ,JOHNSONVILLE OFF NBD,201437657,3/06/14,Tue,1733,FA,4N1CC,110A 331A 191B ,,R,D,DO,F , , ,R,80,0,0,0,,,1751550,5434368,-41.22789139,174.8081911
Wellington City,1N/1060/5.392,, ,I,JOHNSONVILLE OFF NBD,201417742,12/10/14,Sun,1327,AA,CN1T,372A 386A ,,R,D,B ,F ,T,N,C,80,0,2,0,,,1751594,5434278,-41.22869345,174.8087381
Wellington City,1N/1060/5.407,15,S, ,JOHNSONVILLE OFF NBD,201445297,12/10/14,Sun,1327,FD,CN1CC,331A 191B 191C ,,R,D,B ,F , , ,C,80,0,0,0,,,1751601,5434265,-41.22880919,174.8088249
Wellington City,1N/1060/5.495,100,S, ,NEWLANDS OFF SBD,201416894,6/11/14,Thu,1850,AF,SS1,129A 407A ,,R,D,O ,F , ,N,C,80,0,1,0,,44,1751655,5434193,-41.22944731,174.8094867
Wellington City,1N/1060/5.887,, ,I,NEWLANDS ON NBD,201444638,20/09/14,Sat,1422,AC,CN1C,372A 386A ,,R,W,O ,F ,T,N,C,80,0,0,0,,,1751578,5433843,-41.23261292,174.8086553
Wellington City,1N/1060/5.9,100,E, ,NEWLANDS ON SBD,201436836,15/05/14,Thu,1255,AC,TS1C,184A 372A 671A 184B 801 ,,R,W,O ,L , , ,C,80,0,0,0,,,1751591,5433834,-41.23269152,174.8088126
Wellington City,1N/1060/5.937,50,S, ,NEWLANDS ON NBD,201418167,1/12/14,Mon,1630,FA,VN1V,181A 331A ,,R,D,O ,F , , ,C,80,0,0,1,,,1751546,5433804,-41.23297005,174.8082833
Wellington City,1N/1060/6,, ,I,NEWLANDS ON SBD,201443561,14/08/14,Thu,754,AC,TS1C,372A ,,R,D,BF,F ,Y,N,R,80,0,0,0,,,1751527,5433757,-41.23339677,174.8080684
Wellington City,1N/1060/6.242,, ,I,NEWLANDS OFF NBD,201439194,14/06/14,Sat,2320,BA,CS1C,101A 201A ,,R,D,DO,F ,T,N,N,80,0,0,0,,,1751350,5433570,-41.23511354,174.8060037
Wellington City,1N/1060/6.448,860,N, ,NIMT OBR,201440992,14/03/14,Fri,1215,QG,VS1,131A 682A ,G,M,D,BF,F , ,N,R,80,0,0,0,,,1751297,5433383,-41.23680709,174.8054179
Wellington City,1N/1060/6.459,50,N, ,KIWI POINT QUARRY ENT,201448167,17/10/14,Fri,1856,FD,VN1T,112A 181A 331A ,,R,W,TF,F , , ,C,80,0,0,0,,,1751281,5433368,-41.23694513,174.8052308
Wellington City,1N/1060/7.008,300,W, ,NIMT OBR,201438212,5/06/14,Thu,735,FD,CS1C,181A ,,R,D,OF,F , ,N,C,100,0,0,0,,,1751601,5432944,-41.24070264,174.8091528
Wellington City,1N/1060/7.104,170,W, ,CENTENNIAL SBD,201447420,17/11/14,Mon,1710,FD,4S1C,110A 181A ,,E,W,O ,F , ,N,C,80,0,0,0,,,1751661,5432869,-41.24136664,174.8098872
Wellington City,1N/1060/7.176,40,N, ,TYERS ROAD,201416892,5/11/14,Wed,700,DA,TN1,101A 110A 134A ,G,E,W,O ,L , ,N,C,80,0,0,1,,,1751695,5432814,-41.24185545,174.8103064
Wellington City,1N/1060/7.184,90,W, ,CENTENNIAL SBD,201438297,9/06/14,Mon,709,FD,CE1C,181A ,,E,W,OO,L , ,N,C,80,0,0,0,,,1751722,5432818,-41.24181437,174.8106275
Wellington City,1N/1060/7.211,150,N, ,CENTENNIAL NBD,201442483,1/08/14,Fri,1005,EB,VN1C,331A 377A ,Q,R,D,OF,F , ,N,C,80,0,0,0,,,1751724,5432796,-41.24201207,174.8106568
Wellington City,1N/1060/7.266,50,E, ,TYERS ROAD,201442046,15/07/14,Tue,1240,AA,CW1C,372A ,,E,D,BF,F , ,N,C,80,0,0,0,,,1751774,5432772,-41.24221877,174.8112592
Wellington City,1N/1060/7.274,, ,I,CENTENNIAL SBD,201447455,26/11/14,Wed,1800,FA,VN1C,181A 191B ,,R,D,B ,F ,T,N,C,80,0,0,0,,,1751801,5432776,-41.24217768,174.8115802
Wellington City,1N/1060/7.294,20,S, ,CENTENNIAL SBD,201443407,13/08/14,Wed,1215,MO,VW1C,330A 386A 927 ,,E,D,B ,F ,D,N,N,70,0,0,0,,,1751819,5432767,-41.24225533,174.8117972
Wellington City,1N/1060/7.316,100,S, ,TYERS ROAD,201414099,1/07/14,Tue,1342,FD,CN1V,132A 614A ,,E,D,O ,F , ,N,P,80,0,0,2,,,1751820,5432751,-41.2423992,174.8118131
Wellington City,1N/1060/7.401,40,E, ,GLOVER SLIP ROAD,201412269,24/04/14,Thu,830,EA,SS1VC,129A 150A ,M,E,D,B ,F , ,N,N,50,0,0,1,,40,1751895,5432713,-41.24272724,174.8127171
Wellington City,1N/1060/7.588,280,S, ,NIMT OBR,201445613,6/10/14,Mon,2156,DA,CS1,102A 111A 131A ,G,M,W,DO,L , , ,C,100,0,0,0,,,1752022,5432568,-41.24400886,174.8142682
Wellington City,1N/1060/7.616,400,N, ,NGAURANGA ON NBD OBR,201438497,10/06/14,Tue,1340,DB,CN1,131A 407A 801 ,G,E,W,O ,L , , ,C,100,0,0,0,,,1752018,5432541,-41.2442527,174.8142272
Wellington City,1N/1060/8,2000,S, ,NEWLANDS ON SBD,201439187,22/05/14,Thu,15,DA,CS1,103A 402A ,,E,D,DO,F , ,N,R,80,0,0,0,,,1752024,5432173,-41.2475648,174.8143904
Wellington City,1N/1060/8.262,3000,N, ,AOTEA OBR,201413583,5/08/14,Tue,755,AC,CS1MC,372A ,,R,D,B ,F , , ,C,100,0,0,1,,,1751822,5432011,-41.2490613,174.812021
Wellington City,1N/1068/0.04,40,S, ,SH 2,201416733,9/10/14,Thu,525,PE,CS1EEC,129A ,M,R,D,DO,F , , ,C,100,0,1,1,27,,1751757,5431973,-41.24941563,174.8112551
Wellington City,1N/1068/0.1,100,S, ,SH 2,201434610,25/02/14,Tue,306,CB,CN1,103A 410A ,G,R,D,DN,F , ,N,C,100,0,0,0,,,1751695,5431955,-41.24958932,174.8105199
Wellington City,1N/1068/0.509,2000,N, ,AOTEA ON NBD,201414862,19/03/14,Wed,1720,AC,4N1M,372A ,,R,D,OF,F , ,N,C,100,0,1,0,,,1751372,5431706,-41.25189171,174.8067284
Wellington City,1N/1068/0.6,600,S, ,SH 2,201444593,21/09/14,Sun,1800,AC,TN1C,372A ,G,R,D,O ,F , , ,C,100,0,0,0,,,1751312,5431637,-41.25252417,174.8060298
Wellington City,1N/1068/0.754,1000,S, ,NGAURANGA ON NBD OBR,201410057,17/02/14,Mon,946,AC,TS1C,372A 671A ,G,E,D,B ,F , , ,R,100,0,0,1,,,1751213,5431517,-41.2536231,174.8048784
Wellington City,1N/1068/0.754,1000,S, ,NGAURANGA ON NBD OBR,201439346,10/06/14,Tue,615,DB,CS1,137A 197A ,G,E,W,DO,L , ,N,N,100,0,0,0,,,1751213,5431517,-41.2536231,174.8048784
Wellington City,1N/1068/1.165,1800,N, ,AOTEA OBR,201434758,3/02/14,Mon,910,FD,VW1C,331A 358A ,,R,D,BF,F , ,N,R,100,0,0,0,,,1750852,5431329,-41.25538319,174.8006181
Wellington City,1N/1068/1.509,1000,N, ,AOTEA ON NBD,201439192,12/06/14,Thu,1810,FD,CN14,112A 331A ,,R,D,DN,F , ,N,C,80,0,0,0,,,1750529,5431196,-41.25664086,174.7967973
Wellington City,1N/1068/1.834,1000,N, ,AOTEA OFF SBD,201444381,23/09/14,Tue,345,CA,CS1,103A 112A 130A ,G,R,D,DO,F , , ,C,100,0,0,0,,,1750275,5430998,-41.25847081,174.7938156
Wellington City,1N/1068/1.909,600,N, ,AOTEA ON NBD,201447647,21/11/14,Fri,1536,CC,TN1,903,G,R,D,OF,FS, ,N,R,100,0,0,0,,,1750211,5430958,-41.25884284,174.7930619
Wellington City,1N/1068/1.964,1000,N, ,AOTEA OBR,201434456,16/04/14,Wed,824,FA,CN1C,181A 800 901 ,,E,W,O ,H , , ,C,100,0,0,0,,,1750174,5430917,-41.25921886,174.7926305
Wellington City,1N/1068/2.009,500,N, ,AOTEA ON NBD,201435090,1/05/14,Thu,558,FD,4N14,181A ,,R,D,DO,F , ,N,N,100,0,0,0,,,1750146,5430882,-41.25953918,174.792305
Wellington City,1N/1068/2.084,750,N, ,AOTEA OFF SBD,201441466,17/07/14,Thu,2027,CB,CS1,110A 403A 404A ,G,R,W,DO,F , ,N,C,100,0,0,0,,,1750112,5430809,-41.26020275,174.7919173
Wellington City,1N/1068/2.109,400,N, ,AOTEA ON NBD,201450617,16/09/14,Tue,1555,AC,TN1C,372A 381A ,,R,D,B ,F , ,N,C,80,0,0,0,,,1750087,5430801,-41.26027942,174.791621
Wellington City,1N/1068/2.234,600,N, ,AOTEA OFF SBD,201443251,30/07/14,Wed,2107,DA,CS1,111A 131A ,G,E,W,DO,F , , ,C,100,0,0,0,,,1750020,5430690,-41.26129124,174.7908489
Wellington City,1N/1068/2.239,270,N, ,AOTEA ON NBD,201434934,26/01/14,Sun,1634,CC,CN1,112A 901 ,G,R,W,OF,H , ,N,C,100,0,0,0,,,1750006,5430699,-41.26121281,174.7906796
Wellington City,1N/1068/2.259,250,N, ,AOTEA ON NBD,201412744,20/04/14,Sun,934,DA,MN1,129A ,I,E,D,BF,FS, ,N,R,100,0,0,1,,,1749992,5430685,-41.26134145,174.790516
Wellington City,1N/1068/2.309,200,N, ,AOTEA ON NBD,201448853,10/12/14,Wed,747,DB,CN1,130A 191A 901 ,G,E,W,O ,H , , ,R,100,0,0,0,,,1749952,5430655,-41.26161898,174.7900461
Wellington City,1N/1068/2.334,500,N, ,AOTEA OFF SBD,201447648,26/11/14,Wed,955,FD,CS1C4,331A 352A ,,R,D,BF,F , ,N,C,100,0,0,0,,,1749940,5430631,-41.26183729,174.7899089
Wellington City,1N/1068/2.409,100,N, ,AOTEA ON NBD,201443825,11/08/14,Mon,1750,FD,CN1CC,181A ,,R,W,TO,L , ,N,C,100,0,0,0,,,1749867,5430603,-41.26210293,174.7890447
Wellington City,1N/1068/2.434,400,N, ,AOTEA OFF SBD,201450537,26/11/14,Wed,954,AA,LS1C,330A 372A ,G,E,D,B ,F , , ,R,100,0,0,0,,,1749855,5430579,-41.26232123,174.7889074
Wellington City,1N/1068/2.465,500,N, ,AOTEA OBR,201412345,29/03/14,Sat,852,DB,CS1,111A 131A 402A 903 ,G,M,D,O ,FS, , ,C,100,0,0,1,,,1749829,5430563,-41.26247011,174.7886011
Wellington City,1N/1068/2.634,200,N, ,AOTEA OFF SBD,201430350,13/01/14,Mon,737,FD,VS1CV,110A 181A 350A ,,E,D,B ,F , ,N,C,60,0,0,0,,,1749711,5430443,-41.26357239,174.7872226
Wellington City,1N/1068/2.634,200,N, ,AOTEA OFF SBD,201445320,16/09/14,Tue,1050,FA,CS1C,181A ,,E,D,O ,F , , ,N,100,0,0,0,,,1749711,5430443,-41.26357239,174.7872226
Wellington City,1N/1068/2.634,200,N, ,AOTEA OFF SBD,201448129,26/11/14,Wed,955,FD,TS1CCC,181A 181B 181C ,,E,D,B ,F , , ,R,100,0,0,0,,,1749711,5430443,-41.26357239,174.7872226
Wellington City,1N/1068/2.634,200,N, ,AOTEA QUAY,201442481,4/08/14,Mon,1740,AA,CN1M,372A ,,E,W,DO,L , ,N,C,100,0,0,0,,,1749711,5430443,-41.26357239,174.7872226
Wellington City,1N/1068/2.734,100,N, ,AOTEA OFF SBD,201440991,27/06/14,Fri,845,FD,CS1CC,181A ,,R,D,BF,F , ,N,R,100,0,0,0,,,1749651,5430363,-41.26430378,174.7865263
Wellington City,1N/1068/2.764,200,N, ,AOTEA OBR,201440295,24/06/14,Tue,1805,FD,CN1CCC,181A 191B 191C 191D ,,E,W,DO,F , , ,R,100,0,0,0,,,1749625,5430349,-41.26443465,174.7862195
Wellington City,1N/1068/2.814,20,N, ,AOTEA QUAY,201436290,15/05/14,Thu,1700,AC,CS1C,372A ,,R,W,DO,H , , ,C,100,0,0,0,,,1749605,5430298,-41.26489752,174.7859934
Wellington City,AOTEA OFF SBD,, ,I,1N/1068/2.834,201450888,14/12/14,Sun,1700,DB,CS2,129A ,G,M,D,BF,F ,Y,N,N,70,0,0,0,,,1749592,5430282,-41.26504399,174.7858422
Wellington City,1N/1068/3.034,200,S, ,AOTEA OFF SBD,201436269,21/05/14,Wed,1042,MO,TS1CCC,682A ,,R,D,B ,F , , ,R,100,0,0,0,,,1749461,5430131,-41.26642775,174.784316
Wellington City,1N/1068/3.109,600,S, ,AOTEA ON NBD,201414590,22/06/14,Sun,1728,FD,CN1CCC,197A 331A 197B 387B 370C 191D ,,R,D,DO,F , , ,C,100,0,0,1,,,1749403,5430085,-41.26685264,174.7836352
Wellington City,1N/1068/3.304,560,N, ,MOLESWORTH OBR,201438387,16/06/14,Mon,810,FA,CS1C,331A 353A 380A ,,R,D,O ,F , , ,C,100,0,0,0,,,1749296,5429918,-41.26837599,174.7823993
Wellington City,1N/1068/3.7,, ,I,MAY ON NBD,201433869,11/04/14,Fri,1446,FO,CN2C,184A ,,R,W,O ,L ,T,G,R,100,0,0,0,,,1749021,5429640,-41.27092973,174.7791856
Wellington City,1N/1068/3.7,, ,I,MAY ON NBD,201433644,12/03/14,Wed,1610,FA,CN1C,181A 331A 353A ,,R,D,B ,F ,T,G,C,100,0,0,0,,,1749021,5429640,-41.27092973,174.7791856
Wellington City,1N/1068/3.73,30,S, ,MAY ON NBD,201434453,7/04/14,Mon,1855,FD,4N1CCC,110A 331A 801 ,,R,W,O ,L , , ,R,100,0,0,0,,,1748997,5429622,-41.27109622,174.7789036
Wellington City,1N/1068/4.244,40,N, ,HAWKESTONE OBR,201413889,11/06/14,Wed,736,FD,CN1C,331A 801 ,,R,W,TO,L , , ,C,100,0,0,2,,,1748641,5429251,-41.2745021,174.7747457
Wellington City,1N/1068/4.49,50,N, ,HILL ST OBR,201442675,9/05/14,Fri,1610,DA,CN1,131A 358A ,T,E,D,OF,F , ,N,R,80,0,0,0,,,1748521,5429042,-41.2764059,174.7733646
Wellington City,1N/1068/4.577,30,S, ,HAWKESTONE ON SBD,201440297,14/07/14,Mon,650,AA,CS1C,372A 410A 801 ,,E,W,DO,L , , ,R,100,0,0,0,,,1748520,5428942,-41.27730643,174.773377
Wellington City,1N/1068/4.649,110,S, ,HILL ST OBR,201436252,17/04/14,Thu,1703,FD,CS1C,181A ,,R,W,O ,F , , ,C,100,0,0,0,,,1748504,5428884,-41.27783157,174.7732002
Wellington City,1N/1068/4.873,300,N, ,CLIFTON ON NBD,201431137,19/02/14,Wed,2228,CA,CN1,406A 410A ,,R,D,DO,F , ,N,C,100,0,0,0,,,1748514,5428660,-41.27984651,174.7733741
Wellington City,1N/1068/4.891,40,S, ,BOLTON ST,201430290,14/01/14,Tue,1412,CB,VN1,129A 130A ,C,R,D,B ,F , , ,C,100,0,0,0,,,1748515,5428642,-41.28000839,174.7733905
Wellington City,1N/1068/4.917,200,S, ,TERRACE OFF SBD,201440947,29/07/14,Tue,1745,AC,CS1C,372A ,G,R,W,OF,L , ,N,C,100,0,0,0,,,1748529,5428602,-41.28036596,174.7735673
Wellington City,1N/1068/5.173,, ,I,CLIFTON TERRACE,201415344,21/08/14,Thu,2030,JA,MN1C,302B 375B ,,R,W,DO,L ,T,G,C,50,0,0,1,,,1748541,5428361,-41.28253359,174.7737693
Wellington City,1N/1068/5.237,200,S, ,AURORA TERRACE OBR,201448676,2/06/14,Mon,45,DB,CN1,130A 501A ,G,E,D,DO,F , , ,C,100,0,0,0,,,1748535,5428298,-41.28310191,174.773713
Wellington City,1N/1068/5.406,300,N, ,NORTH PORTAL SBD,201431743,11/02/14,Tue,1618,AO,CS1C,184A 372A 184B 372B ,,E,D,B ,F , , ,C,80,0,0,0,,,1748482,5428127,-41.28465125,174.7731221
Wellington City,1N/1068/5.417,700,S, ,TERRACE OFF SBD,201432451,5/02/14,Wed,1533,FD,CS1XC,110A 331A 350A ,,R,D,O ,F , , ,R,100,0,0,0,,,1748477,5428116,-41.28475121,174.7730651
Wellington City,1N/1068/5.506,200,N, ,NORTH PORTAL SBD,201447416,9/11/14,Sun,950,FD,CS1CC,181A 330A ,,R,D,B ,F , ,N,N,80,0,0,0,,,1748442,5428036,-41.28547792,174.7726669
Wellington City,1N/1068/5.568,50,S, ,BOULCOTT OBR,201439536,19/06/14,Thu,1753,FD,4S1C,181A 358A ,,R,D,DO,F , , ,R,80,0,0,0,,,1748417,5427978,-41.28600472,174.7723826
Wellington City,1N/1068/5.606,100,N, ,NORTH PORTAL SBD,201441732,9/08/14,Sat,1440,FD,4S1CC4,181A 331A ,,R,W,O ,L , , ,N,100,0,0,0,,,1748403,5427944,-41.28631341,174.7722238
Wellington City,1N/1068/5.626,80,N, ,NORTH PORTAL SBD,201442475,3/08/14,Sun,1630,FD,CS1VC,331A 358A ,,R,W,OF,L , ,N,N,80,0,0,0,,,1748395,5427925,-41.28648595,174.7721329
Wellington City,1N/1068/5.666,50,N, ,NORTH PORTAL NBD,201447417,5/11/14,Wed,1831,FD,CS1CCC,181A 330A ,,R,W,O ,L , ,N,R,60,0,0,0,,,1748376,5427900,-41.28671453,174.7719122
Wellington City,1N/1068/5.691,15,N, ,NORTH PORTAL SBD,201448857,25/11/14,Tue,1524,FD,TS1CCV,181A 402A 191B 181D 331D 801 ,,R,W,O ,L , , ,C,70,0,0,0,,,1748368,5427866,-41.28702211,174.771825
Wellington City,1N/1068/5.861,150,S, ,NORTH PORTAL NBD,201435104,4/03/14,Tue,615,AC,TN1C,150A 372A ,,R,D,DO,F , ,N,C,70,0,0,0,,,1748348,5427708,-41.28844834,174.7716248
Wellington City,1N/1068/5.998,400,N, ,VIVIAN ST,201434869,17/03/14,Mon,1745,FD,CS1O,181A ,,R,D,OF,F , ,N,L,70,0,0,0,,,1748346,5427561,-41.28977222,174.7716367
Wellington City,1N/1068/6.07,100,N, ,SOUTH PORTAL,201412264,17/05/14,Sat,1413,FD,CS1MC,181A 181B 191C ,,R,D,O ,F , ,N,R,80,0,0,1,,,1748347,5427489,-41.29042028,174.7716662
Wellington City,1N/1068/6.17,300,N, ,WILLIS ST,201436268,17/05/14,Sat,1413,FD,CS1C,181A ,,E,D,B ,F , , ,C,80,0,0,0,,,1748354,5427389,-41.29131934,174.7717741