TLA NAME,CRASH ROAD,CRASH DIST,CRASH DIRN,INTSN,SIDE ROAD,CRASH ID,CRASH DATE,CRASH DOW,CRASH TIME,MVMT,VEHICLES,CAUSES,OBJECTS STRUCK,ROAD CURVE,ROAD WET,LIGHT,WTHRa,JUNC TYPE,TRAF CTRL,ROAD MARK,SPD LIM,CRASH FATAL CNT,CRASH SEV CNT,CRASH MIN CNT,PERS AGE1,PERS AGE2,EASTING,NORTHING,latitude,longitude
Wellington City,1N/1075/0.001,, ,A,SOUTH PORTAL,201445046,18/10/14,Sat,1145,FD,CS1C,181A ,,R,D,B ,F , ,N,C,80,0,0,0,,,1748353,5427390,-41.29131052,174.7717619
Wellington City,1N/1075/0.001,, ,A,SOUTH PORTAL,201448237,30/11/14,Sun,1430,AC,CN1T,372A ,,R,D,B ,F , ,N,C,70,0,0,0,,,1748353,5427390,-41.29131052,174.7717619
Wellington City,1N/1075/0.05,50,S, ,SOUTH PORTAL,201444695,1/09/14,Mon,2320,BA,CS1T,112A 125A 514A ,,R,D,DO,F , ,N,C,70,0,0,0,,,1748356,5427339,-41.29176915,174.7718102
Wellington City,1N/1075/0.3,, ,I,WILLIS ST,201440328,11/05/14,Sun,520,DB,CS1,102A 131A 358A ,GP,M,W,DO,F ,X,T,C,50,0,0,0,,,1748371,5427107,-41.29385519,174.7720458
Wellington City,1N/1075/0.3,, ,I,WILLIS ST,201414950,14/06/14,Sat,2100,HA,CE1C,322B ,,E,D,DO,F ,X,T,C,50,0,0,2,,,1748371,5427107,-41.29385519,174.7720458
Wellington City,WILLIS ST,, ,I,1N/1075/0.3,201410119,24/01/14,Fri,1112,HA,VE2CC,322A 334A ,,R,D,B ,F ,X,T,R,50,0,0,3,,,1748371,5427107,-41.29385519,174.7720458
Wellington City,WILLIS ST,, ,I,1N/1075/0.3,201430314,18/01/14,Sat,2058,HA,CE2C,322B 334B 356B ,,R,D,TF,F ,X,T,C,50,0,0,0,,,1748371,5427107,-41.29385519,174.7720458
Wellington City,VICTORIA ST,, ,I,1N/1075/0.38,201442041,18/07/14,Fri,1100,HA,CS14C,322B ,,R,D,BF,F ,X,T,C,50,0,0,0,,,1748444,5427073,-41.29414789,174.7729255
Wellington City,VICTORIA ST,, ,I,VIVIAN ST W,201430316,4/01/14,Sat,836,HA,XS1C,322B 334B ,,R,D,O ,F ,X,T,C,50,0,0,0,,,1748444,5427073,-41.29414789,174.7729255
Wellington City,1N/1075/0.454,, ,I,WILLIS ST,201442476,9/07/14,Wed,1903,CA,TN1C,666A 682A ,,R,W,DO,L ,X,T,C,50,0,0,0,,,1748300,5426947,-41.2953088,174.7712372
Wellington City,1N/1075/0.454,, ,I,WILLIS ST,201437056,1/06/14,Sun,1540,FE,CN1C,331A ,,E,D,O ,F ,X,T,C,50,0,0,0,,,1748300,5426947,-41.2953088,174.7712372
Wellington City,1N/1075/0.454,, ,I,WILLIS ST,201449971,1/12/14,Mon,530,HA,CN2C,322A 410A ,,R,D,O ,F ,X,T,C,50,0,0,0,,,1748300,5426947,-41.2953088,174.7712372
Wellington City,1N/1075/0.5,200,N, ,WILLIS ST,201434870,3/03/14,Mon,1819,FD,CS1CV,181A ,,R,W,OF,L , ,N,R,70,0,0,0,,,1748553,5427024,-41.29456901,174.7742387
Wellington City,1N/1075/0.547,, ,I,VICTORIA ST,201443427,9/09/14,Tue,1930,KB,CN1C,382B ,,M,D,TF,F ,X,T,R,50,0,0,0,,,1748338,5426862,-41.29606711,174.7717115
Wellington City,1N/1075/0.611,, ,I,DUNLOP TERRACE,201411068,5/02/14,Wed,1048,GD,ME1P,333A 352A ,,R,D,O ,F ,T,G,C,50,0,0,1,,,1748655,5426979,-41.29495538,174.7754674
Wellington City,1N/1075/0.622,60,W, ,CUBA ST,201414705,11/07/14,Fri,2105,FA,MW1C,102A 110A 380A ,,E,D,DO,F , , ,C,50,0,1,0,,,1748381,5426801,-41.29660841,174.7722397
Wellington City,1N/1075/0.634,20,W, ,MARION ST,201448257,27/11/14,Thu,1141,EA,CE1CCV,101A 129A 386A ,M,R,D,B ,F , ,N,N,50,0,0,0,,,1748676,5426970,-41.29503254,174.7757203
Wellington City,1N/1075/0.696,10,E, ,KNIGGES AVENUE,201412346,18/04/14,Fri,1610,FA,ME1C,181A ,,R,D,B ,F ,T,G,C,50,0,0,1,,,1748732,5426945,-41.29524731,174.7763949
Wellington City,1N/1075/0.713,30,W, ,CUBA ST,201446931,6/08/14,Wed,2010,AA,CW1C,112A 381A ,,R,D,DO,F , ,N,N,50,0,0,0,,,1748464,5426755,-41.29700731,174.7732418
Wellington City,1N/1075/0.728,500,S, ,VIVIAN ST,201448772,24/11/14,Mon,810,FD,CS1C,181A ,,R,D,B ,F , , ,N,60,0,0,0,,,1748762,5426931,-41.29536783,174.7767565
Wellington City,1N/1075/0.749,, ,I,CUBA ST,201415048,24/08/14,Sun,2041,NA,4W1E,713B 718B ,,R,D,DO,F ,X,T,C,50,0,0,1,18,,1748488,5426734,-41.29719197,174.7735335
Wellington City,1N/1075/0.762,, ,I,TARANAKI ST N,201400177,31/08/14,Sun,139,NB,CE1E,105B 711B ,,R,D,DO,F ,X,T,C,50,1,0,0,24,,1748792,5426917,-41.29548835,174.777118
Wellington City,1N/1075/0.762,, ,I,TARANAKI ST,201412521,30/03/14,Sun,912,NB,CE1E,306A 324A 402A ,,R,D,O ,F ,X,T,X,50,0,0,1,2,,1748792,5426917,-41.29548835,174.777118
Wellington City,TARANAKI ST,, ,I,1N/1075/0.762,201440812,24/07/14,Thu,1240,AA,VS14,372A ,,R,D,B ,F ,X,T,R,50,0,0,0,,,1748792,5426917,-41.29548835,174.777118
Wellington City,TARANAKI ST,, ,I,VIVIAN ST,201415722,27/08/14,Wed,1613,NA,CN1E,712B 713B ,,R,D,BF,F ,X,T,R,50,0,0,1,18,,1748792,5426917,-41.29548835,174.777118
Wellington City,1N/1075/0.862,100,E, ,TARANAKI ST,201431309,24/02/14,Mon,745,FA,CE1C,181A ,,R,D,OF,F , ,N,C,50,0,0,0,,,1748883,5426876,-41.29584071,174.7782144
Wellington City,1N/1075/0.935,50,W, ,TORY ST,201441468,6/08/14,Wed,917,FD,CW1C,181A 330A ,,R,D,O ,F , ,N,C,50,0,0,0,,,1748950,5426846,-41.29609845,174.7790216
Wellington City,1N/1075/0.985,, ,I,TORY ST,201448254,10/12/14,Wed,924,GF,TE1C,179A 386A 671A ,H,R,D,B ,F ,X,T,C,50,0,0,0,,,1748996,5426825,-41.29627903,174.7795759
Wellington City,1N/1075/0.985,, ,I,TORY ST,201442075,28/07/14,Mon,845,FE,CE1C,181A ,,R,D,BF,F ,X,T,C,50,0,0,0,,,1748996,5426825,-41.29627903,174.7795759
Wellington City,TORY ST,, ,I,1N/1075/0.985,201414961,7/05/14,Wed,1959,NB,CN1E,711B 718B 732B ,,R,W,DO,L ,X,T,C,50,0,0,1,24,,1748996,5426825,-41.29627903,174.7795759
Wellington City,1N/1075/1.085,100,E, ,TORY ST,201432202,12/02/14,Wed,1108,AA,CW1X,184A ,,E,D,O ,F , , ,C,50,0,0,0,,,1749087,5426785,-41.29662236,174.7806721
Wellington City,1N/1075/1.135,150,E, ,TORY ST,201417743,30/12/14,Tue,1820,QD,TE1C,428A 611A ,M,R,D,B ,F , ,N,C,50,0,0,1,,,1749133,5426764,-41.29680294,174.7812264
Wellington City,1N/1075/1.206,, ,I,CAMBRIDGE TERRACE,201416614,13/10/14,Mon,401,HA,CE1C,322A 334A ,,R,D,DO,F ,X,T,R,50,0,0,1,,,1749197,5426734,-41.29706121,174.7819978
Wellington City,1N/1075/1.206,, ,I,CAMBRIDGE TERRACE,201447914,16/11/14,Sun,1105,FE,CE1C,181A ,,R,D,B ,F ,T,T,C,50,0,0,0,,,1749197,5426734,-41.29706121,174.7819978
Wellington City,1N/1075/1.206,, ,I,CAMBRIDGE TERRACE,201444637,26/03/14,Wed,1130,HA,CE1C,132A 322B ,,R,D,B ,F ,X,T,C,50,0,0,0,,,1749197,5426734,-41.29706121,174.7819978
Wellington City,1N/1075/1.242,10,S, ,PIRIE ST,201448130,8/11/14,Sat,1100,AC,CS1BC,372A ,,R,D,B ,F ,X,T,R,50,0,0,0,,,1749216,5426713,-41.29724677,174.7822298
Wellington City,1N/1075/1.319,15,S, ,BUCKLE ST N,201435603,2/05/14,Fri,1135,AC,CN1V,381A ,,R,D,B ,F , , ,C,50,0,0,0,,,1748969,5426474,-41.29944421,174.7793395
Wellington City,1N/1075/1.319,15,S, ,SH 1N BUCKLE,201436579,14/05/14,Wed,1755,FD,VN14,181A 801 ,,R,W,TO,L , , ,C,50,0,0,0,,,1748969,5426474,-41.29944421,174.7793395
Wellington City,1N/1075/1.332,100,S, ,PIRIE ST,201448748,12/10/14,Sun,2355,AC,CS1S,357A 512A 357B 510B ,,R,D,DO,F , , ,C,50,0,0,0,,,1749179,5426631,-41.29799189,174.7818082
Wellington City,1N/1075/1.435,100,N, ,ELLICE ST,201437546,5/06/14,Thu,1623,AA,CN1B,372A ,,R,D,O ,F , , ,C,50,0,0,0,,,1749137,5426538,-41.29883697,174.7813296
Wellington City,1N/1075/1.451,40,N, ,RUGBY ST,201446364,12/08/14,Tue,2109,DA,CN1,111A 131A ,F,M,W,DO,L , ,N,R,50,0,0,0,,,1748917,5426353,-41.30054323,174.7787483
Wellington City,1N/1075/1.474,, ,I,SLIP ROAD,201448280,18/12/14,Thu,605,DA,CN1,111A 330A ,P,M,W,O ,F ,T,N,C,50,0,0,0,,,1748919,5426369,-41.3003988,174.7787683
Wellington City,1N/1075/1.481,10,N, ,RUGBY ST,201431465,8/02/14,Sat,1937,DA,CN1C,131A ,M,M,W,DO,L ,T,G,C,50,0,0,0,,,1748926,5426325,-41.30079366,174.7788626
Wellington City,1N/1075/1.485,50,N, ,BUCKLE ST,201411788,9/04/14,Wed,925,CA,MS1,130A 191A 801 ,,R,W,O ,L , , ,C,50,0,0,1,,,1749117,5426492,-41.29925482,174.7811021
Wellington City,1N/1075/1.491,, ,I,SH 1N,201441312,2/08/14,Sat,,DA,CW2C,131A 801 ,M,S,W,O ,L ,T,N,C,50,0,0,0,,,1748932,5426317,-41.30086458,174.7789362
Wellington City,1N/1075/1.505,25,N, ,RUGBY ST,201451000,7/12/14,Sun,1546,DA,CN1C,111A 131A ,M,M,W,OF,L ,T,T,C,50,0,0,0,,,1748919,5426338,-41.30067791,174.7787759
Wellington City,1N/1075/1.515,15,N, ,RUGBY ST,201448155,28/11/14,Fri,2115,DA,VN1,131A 403A ,F,E,W,DO,L , , ,N,50,0,0,0,,,1748923,5426329,-41.3007582,174.7788258
Wellington City,1N/1075/1.571,, ,I,ADELAIDE ROAD,201436163,14/05/14,Wed,815,DB,MN1,131A 801 ,,S,W,O ,L ,T,T,C,50,0,0,0,,,1749005,5426284,-41.30114822,174.7798158
Wellington City,1N/1075/1.571,, ,I,ADELAIDE ROAD,201414532,2/07/14,Wed,1810,GF,CW1S,129A ,,E,D,DO,F ,T,T,C,50,0,0,1,,19,1749005,5426284,-41.30114822,174.7798158
Wellington City,1N/1075/1.591,20,E, ,ADELAIDE ROAD,201440166,11/07/14,Fri,2215,FD,XW1C,181A 330A ,,R,W,DO,L ,T,T,C,80,0,0,0,,,1749024,5426276,-41.30121674,174.7800446
Wellington City,1N/1075/1.601,30,E, ,ADELAIDE ROAD,201433447,19/03/14,Wed,1953,FE,XW1CX,181A ,,R,D,DO,F ,T,T,C,50,0,0,0,,,1749033,5426272,-41.30125109,174.7801531
Wellington City,1N/1075/1.601,30,S, ,ADELAIDE ROAD,201431906,18/02/14,Tue,,AA,4E1C,381A ,,M,D,BF,F , ,N,C,50,0,0,0,,,1749033,5426272,-41.30125109,174.7801531
Wellington City,1N/1075/1.604,, ,I,ELLICE ST S,201448281,16/12/14,Tue,1835,AC,CS1C,372A ,,M,D,B ,F ,T,N,C,60,0,0,0,,,1749169,5426406,-41.3000195,174.7817439
Wellington City,1N/1075/1.624,10,N, ,PATERSON ST EAST,201444909,21/09/14,Sun,1935,AA,CS1C,372A ,,E,D,TO,F ,M,T,C,50,0,0,0,,,1749173,5426387,-41.30018983,174.7817964
Wellington City,SLIP,, ,I,RUGBY ST,201413456,25/06/14,Wed,1805,KA,SW1C,302B ,,R,W,DO,H ,T,G,C,50,0,0,1,,27,1749077,5426253,-41.30141402,174.780683
Wellington City,1N/1075/1.654,50,S, ,ELLICE ST,201431286,7/02/14,Fri,1519,AC,CS1C,372A ,,E,W,OF,L , ,N,C,50,0,0,0,,,1749165,5426359,-41.3004434,174.7817077
Wellington City,1N/1075/1.664,30,S, ,DUFFERIN ST,201447917,20/11/14,Thu,1820,FD,CS1C,331A ,,M,D,B ,F ,T,N,C,50,0,0,0,,,1749171,5426348,-41.30054133,174.781782
Wellington City,PATERSON ST EAST,, ,I,1N/1075/1.688,201450842,28/12/14,Sun,2139,DB,CE1C,111A 131A ,,M,W,DO,L ,T,T,C,50,0,0,0,,,1749183,5426328,-41.30071918,174.7819302
Wellington City,1N/1075/1.76,150,E, ,ADELAIDE ROAD,201446985,25/10/14,Sat,1630,AA,CE1C,372A ,,E,D,OF,F , ,N,N,50,0,0,0,,,1749133,5426285,-41.30111557,174.7813438
Wellington City,1N/1076/0,, ,I,PATERSON ST,201441436,24/05/14,Sat,1531,BC,CE1C,111A 122A ,,R,D,O ,F ,T,T,C,50,0,0,0,,,1749183,5426328,-41.30071918,174.7819302
Wellington City,1N/1076/0,, ,I,PATERSON ST,201417144,15/10/14,Wed,1745,AO,BS1S,129A ,,R,D,B ,F ,T,T,P,50,0,0,1,,53,1749183,5426328,-41.30071918,174.7819302
Wellington City,1N/1076/0,, ,I,SH 1N DUFFERIN,201450889,10/12/14,Wed,711,BF,CS1C,111A 131A ,,M,W,OF,L ,T,T,L,50,0,0,0,,,1749183,5426328,-41.30071918,174.7819302
Wellington City,1N/1076/0.02,20,E, ,SLIP,201433114,26/03/14,Wed,810,AO,CE1C,184A ,,E,D,O ,F , , ,C,50,0,0,0,,,1749184,5426328,-41.30071899,174.7819422
Wellington City,1N/1076/0.04,40,E, ,DUFFERIN ST,201443198,6/09/14,Sat,1046,BF,4E1C,111A 131A ,,S,W,O ,L , , ,L,50,0,0,0,,,1749217,5426307,-41.30090196,174.7823413
Wellington City,1N/1076/0.117,150,E, ,DUFFERIN ST,201448127,19/11/14,Wed,1208,FA,VW1C,181A ,,R,D,B ,F , , ,L,50,0,0,0,,,1749278,5426261,-41.30130484,174.7830809
Wellington City,1N/1076/0.15,150,E, ,SH 1N DUFFERIN,201450890,12/12/14,Fri,1600,FD,CW1C,504A ,,R,D,OF,F , ,N,N,50,0,0,0,,,1749308,5426247,-41.30142534,174.7834425
Wellington City,1N/1076/0.177,100,W, ,WEST PORTAL,201447861,25/10/14,Sat,1609,FD,CW1CCC,181A ,,R,D,DO,F , ,N,L,50,0,0,0,,,1749332,5426235,-41.30152894,174.783732
Wellington City,1N/1076/0.197,80,W, ,WEST PORTAL,201449235,6/12/14,Sat,1610,FA,VE1V,181A 353A ,,R,D,O ,F , , ,L,50,0,0,0,,,1749350,5426226,-41.30160663,174.7839491
Wellington City,1N/1076/0.277,, ,A,WEST PORTAL,201441435,14/07/14,Mon,1700,FD,VW1CCC,331A 352A ,,R,W,O ,F , ,N,N,50,0,0,0,,,1749422,5426191,-41.30190842,174.7848173
Wellington City,1N/1076/0.497,200,E, ,WEST PORTAL,201434457,17/04/14,Thu,815,FD,CE1C,331A 801 ,,R,W,O ,L , , ,L,50,0,0,0,,,1749602,5426104,-41.30265837,174.7869877
Wellington City,1N/1076/0.767,200,W, ,TAURIMA ST,201439466,27/06/14,Fri,1513,FD,CW1C4C,181A 330A 191D ,,R,D,O ,F , ,N,L,50,0,0,0,,,1749864,5425979,-41.30373517,174.7901466
Wellington City,1N/1076/0.902,25,E, ,EAST PORTAL,201448238,4/12/14,Thu,1730,FA,4E1M,181A 357A ,,R,D,B ,F , ,N,C,80,0,0,0,,,1749985,5425920,-41.30424388,174.7916059
Wellington City,1N/1076/0.967,, ,I,TAURIMA ST,201414706,27/06/14,Fri,710,JA,PE1C,302B 375B ,,M,W,DO,F ,T,G,P,50,0,1,0,,,1750042,5425890,-41.30450339,174.7922938
Wellington City,1N/1076/0.967,, ,I,TAURIMA ST,201444380,18/09/14,Thu,1935,FA,CE2X,181A 331A 402A 191B 197B 901 ,,E,W,DO,H ,T,G,C,50,0,0,0,,,1750042,5425890,-41.30450339,174.7922938
Wellington City,TAURIMA ST,, ,I,1N/1076/0.967,201448670,1/12/14,Mon,1600,FB,CW1C,181A 331A ,,E,D,O ,F ,T,G,C,50,0,0,0,,,1750042,5425890,-41.30450339,174.7922938
Wellington City,1N/1076/1.017,30,W, ,TAURIMA ST,201433466,14/02/14,Fri,1524,FD,XE1XC,181A ,,R,D,BF,F , ,N,L,50,0,0,0,,,1750061,5425866,-41.30471593,174.7925266
Wellington City,1N/1076/1.259,200,N, ,GOA ST,201444910,26/09/14,Fri,1630,FD,CN1C,330A 353A ,,R,D,O ,F , ,N,C,70,0,0,0,,,1750032,5425615,-41.30698116,174.7922422
Wellington City,1N/1076/1.279,200,N, ,GOA ST,201430218,20/01/14,Mon,1240,FD,CN14,181A ,,R,D,O ,F , , ,C,50,0,0,0,,,1750032,5425615,-41.30698116,174.7922422
Wellington City,1N/1076/1.484,5,S, ,GOA ST,201410758,27/03/14,Thu,1730,AA,CN1M,143A 372A ,,R,D,O ,F ,T,N,C,70,0,0,1,,,1749970,5425420,-41.30874834,174.79155
Wellington City,1N/1076/1.494,15,S, ,GOA ST,201436687,13/05/14,Tue,1750,FD,CN1C4,181A 350A ,,R,W,DO,L , ,N,C,70,0,0,0,,,1749967,5425410,-41.30883894,174.7915167
Wellington City,1N/1076/1.665,150,N, ,WELLINGTON ROAD,201446673,3/11/14,Mon,1337,CB,CN1,130A 197A 423A ,P,R,D,B ,F , , ,C,70,0,0,0,,,1749910,5425227,-41.31049714,174.7908812
Wellington City,1N/1076/1.735,80,N, ,WELLINGTON ROAD,201443189,4/09/14,Thu,1425,FD,CN1X,181A ,,R,D,B ,F , , ,C,50,0,0,0,,,1749888,5425161,-41.31109545,174.7906347
Wellington City,1N/1076/1.815,, ,I,RUAHINE ST,201444682,29/09/14,Mon,1730,KA,CN1C,302B ,,E,D,B ,F ,T,G,C,80,0,0,0,,,1749873,5425084,-41.31179149,174.7904746
Wellington City,1N/1076/1.815,, ,I,WELLINGTON ROAD,201416616,4/10/14,Sat,1145,FB,CW1C,331A ,,M,D,O ,F ,T,G,P,50,0,0,1,,,1749873,5425084,-41.31179149,174.7904746
Wellington City,1N/1076/1.815,, ,I,WELLINGTON ROAD,201442015,12/07/14,Sat,1425,FB,CN2C,181A ,,E,W,OF,L ,T,G,R,50,0,0,0,,,1749873,5425084,-41.31179149,174.7904746
Wellington City,1N/1076/1.815,, ,I,WELLINGTON ROAD,201439193,14/06/14,Sat,2100,JA,CN14,302B 375B ,,M,D,DO,F ,R,G,C,50,0,0,0,,,1749873,5425084,-41.31179149,174.7904746
Wellington City,WELLINGTON ROAD,, ,I,RUAHINE ST,201445473,29/09/14,Mon,1710,JC,CS2C,302B 330B ,,E,D,O ,F ,T,G,C,50,0,0,0,,,1749873,5425084,-41.31179149,174.7904746
Wellington City,1N/1076/1.835,, ,I,SH 1N RUAHINE,201411073,1/03/14,Sat,830,LB,CN1C,303B 382B ,,M,D,O ,F ,T,G,R,50,0,0,1,,,1749873,5425084,-41.31179149,174.7904746
Wellington City,WELLINGTON ROAD,, ,I,RUAHINE ST,201433113,27/03/14,Thu,1430,FA,CE1C,181A ,,E,D,B ,F ,T,G,R,60,0,0,0,,,1749873,5425084,-41.31179149,174.7904746
Wellington City,1N/1076/1.891,, ,I,MOXHAM AVENUE,201449204,22/11/14,Sat,500,JA,CE14,103B 302B ,,R,D,DO,F ,T,G,P,50,0,0,0,,,1749941,5425068,-41.31192291,174.7912905
Wellington City,1N/1076/1.979,, ,I,WALMER ST,201442247,13/08/14,Wed,1902,FD,CW1CC,181A 181B ,,R,D,DO,F ,T,N,L,50,0,0,0,,,1750029,5425063,-41.31195157,174.7923426
Wellington City,1N/1076/1.989,10,E, ,WALMER ST,201437698,7/06/14,Sat,1230,AA,CE1C,184A 353A 387A 184B 387B ,,R,D,O ,F ,T,N,L,50,0,0,0,,,1750039,5425061,-41.31196771,174.7924625
Wellington City,1N/1076/2.064,30,W, ,KILBIRNIE CRESCENT,201411069,22/02/14,Sat,809,MD,ME14,308B 375B 929 ,,R,D,B ,F ,D, ,L,50,0,0,1,,,1750093,5425052,-41.3120387,174.7931095
Wellington City,WELLINGTON ROAD,, ,I,KILBIRNIE CRESCENT,201445614,24/09/14,Wed,854,LB,BN2CS,191A 197A 191B 353B 210C 309C ,,R,D,B ,F ,X,T,R,50,0,0,0,,,1750123,5425048,-41.31206913,174.7934687
Wellington City,KILBIRNIE CRESCENT,, ,I,WELLINGTON ROAD,201413145,8/02/14,Sat,1449,LB,CW1C,171B 303B 801 ,,R,W,O ,L ,X,T,C,50,0,0,1,,,1750123,5425048,-41.31206913,174.7934687
Wellington City,1N/1076/2.208,50,W, ,EVANS BAY PARADE,201440801,1/07/14,Tue,855,FD,CE1M,181A ,,R,D,O ,F , , ,R,50,0,0,0,,,1750252,5425019,-41.3123062,174.7950163
Wellington City,EVANS BAY PARADE S,, ,I,COBHAM DRIVE,201448260,5/12/14,Fri,1750,HA,CN1C,423A 427A ,,R,D,B ,F ,X,T,C,50,0,0,0,,,1750300,5425000,-41.31246832,174.7955942
Wellington City,EVANS BAY PARADE S,, ,I,1N/1076/2.26,201437842,7/06/14,Sat,1920,GA,CN1P,181A ,,R,D,B ,F ,X,G, ,50,0,0,0,,,1750300,5425000,-41.31246832,174.7955942
Wellington City,1N/1076/2.26,, ,I,EVANS BAY PARADE,201444806,21/09/14,Sun,850,MO,TN2C,129A ,Q,R,D,BF,F ,X,T,C,50,0,0,0,,,1750300,5425000,-41.31246832,174.7955942
Wellington City,EVANS BAY PARADE,, ,I,1N/1076/2.28,201411074,9/02/14,Sun,2215,LB,4N1M,303B 375B ,,R,D,DO,F ,X,T,R,50,0,0,1,,,1750300,5425000,-41.31246832,174.7955942
Wellington City,1N/1076/2.28,, ,I,EVANS BAY PARADE,201435941,7/04/14,Mon,830,GD,CW1C,333A ,,R,W,OF,L ,X,T,C,50,0,0,0,,,1750300,5425000,-41.31246832,174.7955942
Wellington City,1N/1076/2.458,200,E, ,EVANS BAY PARADE,201413946,17/04/14,Thu,1930,CB,CE1,133A 402A ,FP,R,D,DO,L , ,N,N,70,0,0,1,,,1750477,5424928,-41.31308356,174.7977255
Wellington City,1N/1076/3.084,, ,I,TROY ST,201440118,20/06/14,Fri,1513,FB,CN1C,181A 330A ,,E,D,B ,F ,R,G,C,70,0,0,0,,,1750892,5424471,-41.31712053,174.8027945
Wellington City,1N/1076/3.084,, ,I,TROY ST,201414380,10/06/14,Tue,940,DB,VN2,110A 131A 801 ,K,E,W,O ,L ,R,G,R,70,0,1,0,,,1750889,5424441,-41.31739119,174.8027662
Wellington City,1N/1076/3.088,, ,I,TROY ST,201445329,20/09/14,Sat,100,LB,CS14,302A 903 ,,M,D,DO,FS,R,G,R,70,0,0,0,,,1750931,5424492,-41.31692417,174.8032551
Wellington City,1N/1076/3.088,, ,I,TROY ST,201442977,7/09/14,Sun,1200,FB,CW1C,331A ,,R,D,O ,F ,R,G,R,70,0,0,0,,,1750927,5424495,-41.31689791,174.8032065
Wellington City,1N/1076/3.103,5,N, ,TROY ST,201431503,20/01/14,Mon,1650,FB,CS1C,331A ,,E,D,OF,  ,R,N,N,50,0,0,0,,,1750927,5424495,-41.31689791,174.8032065
Wellington City,1N/1076/3.108,, ,I,TROY ST,201430770,19/01/14,Sun,215,FB,CW1C,181A ,,E,D,DO,F ,R,G,R,70,0,0,0,,,1750927,5424495,-41.31689791,174.8032065
Wellington City,1N/1076/3.122,, ,I,TROY ST,201447418,20/11/14,Thu,1553,FB,CE1C,181A 331A ,,E,D,B ,F ,R,G,C,70,0,0,0,,,1750966,5424479,-41.31703466,174.8036763
Wellington City,1N/1076/3.122,, ,I,TROY ST,201417660,4/12/14,Thu,2000,DA,ME1,110A 402A ,,E,W,O ,L ,R,G,R,70,0,0,1,,,1750947,5424489,-41.31694818,174.8034469
Wellington City,1N/1076/3.141,, ,I,TROY ST,201410134,14/01/14,Tue,1602,AA,CE1M,177A 404A 671A ,,R,D,O ,F ,R,G,R,70,0,0,1,,,1750947,5424489,-41.31694818,174.8034469
Wellington City,1N/1076/3.585,, ,I,CALABAR ROAD,201412949,1/06/14,Sun,1611,GF,CE1M,129B 131B 387B ,,M,D,B ,F ,R,G,R,50,0,0,1,,,1751397,5424522,-41.31656673,174.8088125
Wellington City,1N/1076/3.702,, ,I,COBHAM DRIVE,201440167,12/07/14,Sat,1400,FB,CN1C,181A ,,E,W,O ,L ,R,G,C,70,0,0,0,,,1751452,5424455,-41.31715962,174.809486
Wellington City,1N/1076/3.702,, ,I,COBHAM DRIVE,201438113,25/03/14,Tue,1340,FB,CE1C,181A 387A ,,E,D,BF,F ,R,G,R,70,0,0,0,,,1751452,5424455,-41.31715962,174.809486
Wellington City,CALABAR ROAD,, ,I,1N/1076/3.72,201445608,6/10/14,Mon,1815,AA,4N1X,357A 372A ,,M,W,O ,L ,R,G,C,70,0,0,0,,,1751427,5424454,-41.31717332,174.8091877
Wellington City,1N/1076/3.752,50,S, ,COBHAM DRIVE,201450894,12/12/14,Fri,1533,FD,CN1C,181A ,,R,W,OF,L , ,N,C,70,0,0,0,,,1751453,5424410,-41.31756458,174.8095091
Wellington City,1N/1076/4.12,, ,I,CALEDONIA ST,201440943,22/07/14,Tue,1307,KB,CN1C,302B 353B ,,R,D,OF,L ,T,G,R,70,0,0,0,,,1751424,5424061,-41.32071215,174.8092497
Wellington City,1N/1076/4.12,, ,I,CALEDONIA ST,201414525,10/07/14,Thu,740,FB,CN1CB,181A 191B 122C ,,R,D,B ,F ,T,G,C,70,0,0,1,,,1751424,5424061,-41.32071215,174.8092497
Wellington City,1N/1076/4.122,, ,I,CALEDONIA ST,201430288,3/01/14,Fri,955,JA,CS14,302B ,,R,D,O ,F ,T,G,R,70,0,0,0,,,1751424,5424061,-41.32071215,174.8092497
Wellington City,1N/1076/4.14,, ,I,CALEDONIA ST,201433309,4/04/14,Fri,1408,KB,CN1C,302B 375B ,,R,D,BF,F ,T,G,C,70,0,0,0,,,1751424,5424061,-41.32071215,174.8092497
Wellington City,2/962/12.936,1000,W, ,PETONE OBR SBD,201437428,15/04/14,Tue,818,FA,CW1CC,331A 427A ,,E,D,B ,F , , ,R,100,0,0,0,,,1754989,5434366,-41.22725789,174.8492031
Wellington City,2/962/12.995,3270,N, ,RAILYARD ENTRY,201415880,23/08/14,Sat,710,CA,CS1,103A 130A 402A ,G,R,W,O ,L , , ,C,100,0,0,2,,,1754932,5434348,-41.22743087,174.848528
Wellington City,2/962/12.997,300,S, ,HOROKIWI ROAD,201415384,28/08/14,Thu,840,FD,CS1CC,181A 330A ,,R,D,B ,F , ,N,C,100,0,0,2,,,1754925,5434359,-41.22733317,174.8484417